Time,Car_Surge,Ship_Surge,Total_Surge,Car_Sway,Ship_Sway,Total_Sway,Total_Heave
0.000,2.8036,0.0724,2.8760,0.0733,0.0000,0.0733,0.0628
0.010,2.8065,0.0724,2.8789,0.0748,0.0000,0.0748,0.0628
0.014,2.8077,0.0915,2.8993,0.0753,0.0000,0.0753,0.3811
0.018,2.8089,0.0915,2.9004,0.0758,0.0000,0.0758,0.3811
0.022,2.8101,0.0915,2.9016,0.0764,0.0000,0.0764,0.3811
0.026,2.8111,0.0915,2.9026,0.0769,0.0000,0.0769,0.3811
0.029,2.8120,0.0915,2.9035,0.0773,0.0000,0.0773,0.3811
0.033,2.8129,0.0915,2.9045,0.0779,0.0000,0.0779,0.3811
0.038,2.8141,0.1118,2.9258,0.0785,0.0000,0.0785,0.7056
0.042,2.8151,0.1118,2.9269,0.0792,0.0000,0.0792,0.7056
0.046,2.8159,0.1118,2.9277,0.0797,0.0000,0.0797,0.7056
0.049,2.8167,0.1118,2.9285,0.0801,0.0000,0.0801,0.7056
0.053,2.8175,0.1118,2.9293,0.0805,0.0000,0.0805,0.7056
0.056,2.8184,0.1340,2.9524,0.0811,0.0000,0.0811,1.0528
0.061,2.8193,0.1340,2.9533,0.0815,0.0000,0.0815,1.0528
0.064,2.8200,0.1340,2.9540,0.0817,0.0000,0.0817,1.0528
0.068,2.8207,0.1340,2.9547,0.0821,0.0000,0.0821,1.0528
0.072,2.8216,0.1340,2.9556,0.0825,0.0000,0.0825,1.0528
0.077,2.8225,0.1588,2.9813,0.0829,0.0000,0.0829,1.4304
0.082,2.8235,0.1588,2.9823,0.0835,0.0000,0.0835,1.4304
0.087,2.8245,0.1588,2.9832,0.0840,0.0000,0.0840,1.4304
0.091,2.8252,0.1588,2.9839,0.0842,0.0000,0.0842,1.4304
0.095,2.8259,0.1865,3.0124,0.0848,0.0000,0.0848,1.8448
0.100,2.8267,0.1865,3.0132,0.0851,0.0000,0.0851,1.8448
0.104,2.8273,0.1865,3.0138,0.0853,0.0000,0.0853,1.8448
0.108,2.8280,0.1865,3.0145,0.0857,0.0000,0.0857,1.8448
0.111,2.8285,0.1865,3.0150,0.0859,0.0000,0.0859,1.8448
0.115,2.8291,0.2143,3.0434,0.0862,0.0000,0.0862,2.2556
0.119,2.8297,0.2143,3.0440,0.0863,0.0000,0.0863,2.2556
0.123,2.8304,0.2143,3.0447,0.0865,0.0000,0.0865,2.2556
0.127,2.8309,0.2143,3.0452,0.0868,0.0000,0.0868,2.2556
0.131,2.8314,0.2143,3.0457,0.0870,0.0000,0.0870,2.2556
0.135,2.8319,0.2406,3.0725,0.0871,0.0000,0.0871,2.6432
0.139,2.8325,0.2406,3.0731,0.0874,0.0000,0.0874,2.6432
0.144,2.8332,0.2406,3.0738,0.0876,0.0000,0.0876,2.6432
0.149,2.8338,0.2406,3.0744,0.0879,0.0000,0.0879,2.6432
0.153,2.8342,0.2406,3.0748,0.0882,0.0000,0.0882,2.6432
0.156,2.8347,0.2650,3.0997,0.0884,0.0000,0.0884,3.0046
0.161,2.8352,0.2650,3.1002,0.0887,0.0000,0.0887,3.0046
0.164,2.8356,0.2650,3.1006,0.0890,0.0000,0.0890,3.0046
0.168,2.8360,0.2650,3.1010,0.0893,0.0000,0.0893,3.0046
0.172,2.8364,0.2650,3.1014,0.0896,0.0000,0.0896,3.0046
0.175,2.8368,0.2917,3.1285,0.0893,0.0000,0.0893,3.3957
0.180,2.8373,0.2917,3.1289,0.0897,0.0000,0.0897,3.3957
0.183,2.8376,0.2917,3.1293,0.0901,0.0000,0.0901,3.3957
0.188,2.8381,0.2917,3.1297,0.0905,0.0000,0.0905,3.3957
0.194,2.8386,0.2917,3.1303,0.0911,0.0000,0.0911,3.3957
0.198,2.8390,0.3191,3.1581,0.0916,0.0000,0.0916,3.7996
0.202,2.8394,0.3191,3.1585,0.0921,0.0000,0.0921,3.7996
0.207,2.8398,0.3191,3.1589,0.0927,0.0000,0.0927,3.7996
0.213,2.8403,0.3191,3.1594,0.0922,0.0000,0.0922,3.7996
0.216,2.8406,0.3433,3.1840,0.0920,0.0000,0.0920,4.1722
0.221,2.8410,0.3433,3.1844,0.0917,0.0000,0.0917,4.1722
0.224,2.8413,0.3433,3.1846,0.0923,0.0000,0.0923,4.1722
0.228,2.8416,0.3433,3.1849,0.0928,0.0000,0.0928,4.1722
0.231,2.8418,0.3433,3.1852,0.0926,0.0000,0.0926,4.1722
0.235,2.8421,0.3633,3.2055,0.0924,0.0000,0.0924,4.5016
0.240,2.8425,0.3633,3.2058,0.0933,0.0000,0.0933,4.5016
0.245,2.8428,0.3633,3.2061,0.0941,0.0000,0.0941,4.5016
0.249,2.8431,0.3633,3.2065,0.0949,0.0000,0.0949,4.5016
0.253,2.8434,0.3633,3.2067,0.0947,0.0000,0.0947,4.5016
0.259,2.8438,0.3477,3.1915,0.0945,0.0000,0.0945,4.4141
0.263,2.8440,0.3477,3.1918,0.0944,0.0000,0.0944,4.4141
0.268,2.8443,0.3477,3.1920,0.0943,0.0000,0.0943,4.4141
0.273,2.8446,0.3477,3.1923,0.0943,0.0000,0.0943,4.4141
0.276,2.8448,0.3323,3.1771,0.0943,0.0000,0.0943,4.3275
0.281,2.8451,0.3323,3.1774,0.0942,0.0000,0.0942,4.3275
0.285,2.8453,0.3323,3.1776,0.0943,0.0000,0.0943,4.3275
0.290,2.8456,0.3323,3.1779,0.0943,0.0000,0.0943,4.3275
0.297,2.8459,0.2808,3.1267,0.0944,0.0000,0.0944,3.7542
0.303,2.8462,0.2808,3.1270,0.0946,0.0000,0.0946,3.7542
0.307,2.8464,0.2808,3.1272,0.0947,0.0000,0.0947,3.7542
0.311,2.8466,0.2808,3.1274,0.0948,0.0000,0.0948,3.7542
0.315,2.8468,0.2669,3.1137,0.0950,0.0000,0.0950,3.6677
0.320,2.8470,0.2669,3.1139,0.0952,0.0000,0.0952,3.6677
0.324,2.8472,0.2669,3.1141,0.0953,0.0000,0.0953,3.6677
0.327,2.8473,0.2669,3.1142,0.0955,0.0000,0.0955,3.6677
0.331,2.8475,0.2669,3.1144,0.0930,0.0000,0.0930,3.6677
0.336,2.8477,0.2242,3.0718,0.0934,0.0000,0.0934,3.1338
0.344,2.8480,0.2242,3.0721,0.0940,0.0000,0.0940,3.1338
0.350,2.8482,0.2242,3.0724,0.0945,0.0000,0.0945,3.1338
0.355,2.8484,0.2115,3.0599,0.0958,0.0000,0.0958,3.0411
0.359,2.8485,0.2115,3.0600,0.0961,0.0000,0.0961,3.0411
0.364,2.8487,0.2115,3.0602,0.0965,0.0000,0.0965,3.0411
0.367,2.8488,0.2115,3.0603,0.0969,0.0000,0.0969,3.0411
0.372,2.8490,0.2115,3.0605,0.0974,0.0000,0.0974,3.0411
0.376,2.8491,0.1775,3.0266,0.0977,0.0000,0.0977,2.5449
0.381,2.8492,0.1775,3.0268,0.0983,0.0000,0.0983,2.5449
0.385,2.8494,0.1775,3.0269,0.0987,0.0000,0.0987,2.5449
0.389,2.8495,0.1775,3.0270,0.0992,0.0000,0.0992,2.5449
0.393,2.8496,0.1775,3.0271,0.0996,0.0000,0.0996,2.5449
0.398,2.8497,0.1764,3.0262,0.1002,0.0000,0.1002,2.6557
0.403,2.8499,0.1764,3.0263,0.1008,0.0000,0.1008,2.6557
0.407,2.8500,0.1764,3.0264,0.1013,0.0000,0.1013,2.6557
0.411,2.8501,0.1764,3.0265,0.1018,0.0000,0.1018,2.6557
0.415,2.8502,0.1583,3.0085,0.1024,0.0000,0.1024,2.3960
0.421,2.8503,0.1583,3.0087,0.1031,0.0000,0.1031,2.3960
0.425,2.8504,0.1583,3.0088,0.1009,0.0000,0.1009,2.3960
0.429,2.8505,0.1583,3.0089,0.0983,0.0000,0.0983,2.3960
0.433,2.8506,0.1583,3.0089,0.0990,0.0000,0.0990,2.3960
0.437,2.8507,0.1421,2.9928,0.0998,0.0000,0.0998,2.1502
0.443,2.8508,0.1421,2.9929,0.0995,0.0000,0.0995,2.1502
0.448,2.8509,0.1421,2.9930,0.0993,0.0000,0.0993,2.1502
0.454,2.8510,0.1364,2.9874,0.0959,0.0000,0.0959,2.1460
0.459,2.8511,0.1364,2.9875,0.0931,0.0000,0.0931,2.1460
0.463,2.8512,0.1364,2.9876,0.0931,0.0000,0.0931,2.1460
0.467,2.8513,0.1364,2.9876,0.0932,0.0000,0.0932,2.1460
0.471,2.8514,0.1364,2.9877,0.0909,0.0000,0.0909,2.1460
0.476,2.8514,0.1228,2.9743,0.0911,0.0000,0.0911,1.9410
0.480,2.8515,0.1228,2.9743,0.0913,0.0000,0.0913,1.9410
0.484,2.8516,0.1228,2.9744,0.0890,0.0000,0.0890,1.9410
0.488,2.8516,0.1228,2.9745,0.0867,0.0000,0.0867,1.9410
0.493,2.8517,0.1228,2.9745,0.0844,0.0000,0.0844,1.9410
0.496,2.8518,0.1180,2.9698,0.0827,0.0127,0.0954,1.9397
0.501,2.8518,0.1180,2.9698,0.0832,0.0127,0.0959,1.9397
0.505,2.8519,0.1180,2.9699,0.0812,0.0127,0.0940,1.9397
0.509,2.8519,0.1180,2.9700,0.0818,0.0127,0.0945,1.9397
0.512,2.8520,0.1180,2.9700,0.0801,0.0127,0.0928,1.9397
0.517,2.8520,0.1042,2.9562,0.0782,0.0124,0.0906,1.7275
0.521,2.8521,0.1042,2.9563,0.0789,0.0124,0.0914,1.7275
0.525,2.8522,0.1042,2.9563,0.0795,0.0124,0.0919,1.7275
0.528,2.8522,0.1042,2.9564,0.0801,0.0124,0.0925,1.7275
0.531,2.8522,0.1042,2.9564,0.0785,0.0124,0.0909,1.7275
0.535,2.8523,0.0903,2.9426,0.0791,0.0117,0.0908,1.5176
0.540,2.8523,0.0903,2.9427,0.0770,0.0117,0.0887,1.5176
0.543,2.8524,0.0903,2.9427,0.0755,0.0117,0.0872,1.5176
0.546,2.8524,0.0903,2.9427,0.0740,0.0117,0.0857,1.5176
0.549,2.8524,0.0903,2.9428,0.0725,0.0117,0.0842,1.5176
0.553,2.8525,0.0903,2.9428,0.0709,0.0117,0.0826,1.5176
0.564,2.8526,0.0857,2.9383,0.0736,0.0282,0.1017,1.4940
0.572,2.8527,0.0857,2.9384,0.0699,0.0282,0.0980,1.4940
0.576,2.8527,0.0724,2.9252,0.0711,0.0281,0.0992,1.3100
0.581,2.8528,0.0724,2.9252,0.0723,0.0281,0.1004,1.3100
0.585,2.8528,0.0724,2.9252,0.0705,0.0281,0.0987,1.3100
0.589,2.8528,0.0724,2.9253,0.0717,0.0281,0.0998,1.3100
0.592,2.8529,0.0724,2.9253,0.0726,0.0281,0.1008,1.3100
0.596,2.8529,0.0600,2.9129,0.0711,0.0290,0.1001,1.1394
0.602,2.8529,0.0600,2.9130,0.0685,0.0290,0.0975,1.1394
0.607,2.8530,0.0600,2.9130,0.0665,0.0290,0.0955,1.1394
0.610,2.8530,0.0600,2.9130,0.0676,0.0290,0.0966,1.1394
0.614,2.8530,0.0491,2.9021,0.0662,0.0317,0.0978,0.9889
0.619,2.8531,0.0491,2.9021,0.0642,0.0317,0.0959,0.9889
0.623,2.8531,0.0491,2.9022,0.0627,0.0317,0.0943,0.9889
0.626,2.8531,0.0491,2.9022,0.0640,0.0317,0.0957,0.9889
0.630,2.8531,0.0491,2.9022,0.0625,0.0317,0.0941,0.9889
0.635,2.8532,0.0592,2.9123,0.0643,0.0739,0.1382,1.1972
0.639,2.8532,0.0592,2.9124,0.0626,0.0739,0.1365,1.1972
0.643,2.8532,0.0592,2.9124,0.0611,0.0739,0.1350,1.1972
0.648,2.8532,0.0592,2.9124,0.0595,0.0739,0.1334,1.1972
0.652,2.8533,0.0592,2.9124,0.0581,0.0739,0.1320,1.1972
0.656,2.8533,0.0480,2.9013,0.0565,0.0730,0.1296,1.0376
0.660,2.8533,0.0480,2.9013,0.0585,0.0730,0.1315,1.0376
0.664,2.8533,0.0480,2.9014,0.0572,0.0730,0.1302,1.0376
0.668,2.8534,0.0480,2.9014,0.0559,0.0730,0.1290,1.0376
0.671,2.8534,0.0480,2.9014,0.0547,0.0730,0.1278,1.0376
0.675,2.8534,0.0378,2.8912,0.0536,0.0721,0.1257,0.8808
0.679,2.8534,0.0378,2.8912,0.0521,0.0721,0.1242,0.8808
0.683,2.8534,0.0378,2.8912,0.0510,0.0721,0.1231,0.8808
0.687,2.8535,0.0378,2.8913,0.0498,0.0721,0.1219,0.8808
0.691,2.8535,0.0378,2.8913,0.0519,0.0721,0.1240,0.8808
0.695,2.8535,0.0373,2.8908,0.0506,0.0872,0.1378,0.8964
0.700,2.8535,0.0373,2.8908,0.0492,0.0872,0.1364,0.8964
0.704,2.8535,0.0373,2.8908,0.0513,0.0872,0.1385,0.8964
0.707,2.8535,0.0373,2.8908,0.0502,0.0872,0.1374,0.8964
0.711,2.8536,0.0373,2.8909,0.0491,0.0872,0.1363,0.8964
0.714,2.8536,0.0283,2.8819,0.0480,0.0842,0.1323,0.7290
0.719,2.8536,0.0283,2.8819,0.0468,0.0842,0.1310,0.7290
0.723,2.8536,0.0283,2.8819,0.0457,0.0842,0.1299,0.7290
0.726,2.8536,0.0283,2.8819,0.0447,0.0842,0.1289,0.7290
0.730,2.8536,0.0283,2.8820,0.0436,0.0842,0.1279,0.7290
0.734,2.8537,0.0205,2.8742,0.0426,0.0813,0.1238,0.5608
0.739,2.8537,0.0205,2.8742,0.0414,0.0813,0.1227,0.5608
0.742,2.8537,0.0205,2.8742,0.0405,0.0813,0.1218,0.5608
0.746,2.8537,0.0205,2.8742,0.0396,0.0813,0.1209,0.5608
0.752,2.8537,0.0205,2.8742,0.0436,0.0813,0.1249,0.5608
0.758,2.8537,0.0139,2.8676,0.0422,0.0784,0.1206,0.3916
0.762,2.8537,0.0139,2.8676,0.0410,0.0784,0.1194,0.3916
0.766,2.8538,0.0139,2.8676,0.0400,0.0784,0.1185,0.3916
0.770,2.8538,0.0139,2.8676,0.0391,0.0784,0.1175,0.3916
0.774,2.8538,0.0133,2.8671,0.0382,0.0835,0.1218,0.3684
0.779,2.8538,0.0133,2.8671,0.0371,0.0835,0.1206,0.3684
0.783,2.8538,0.0133,2.8671,0.0362,0.0835,0.1197,0.3684
0.788,2.8538,0.0133,2.8672,0.0350,0.0835,0.1185,0.3684
0.792,2.8538,0.0133,2.8672,0.0342,0.0835,0.1177,0.3684
0.796,2.8538,0.0130,2.8668,0.0334,0.0869,0.1203,0.3404
0.801,2.8538,0.0130,2.8669,0.0323,0.0869,0.1193,0.3404
0.806,2.8539,0.0130,2.8669,0.0314,0.0869,0.1184,0.3404
0.810,2.8539,0.0130,2.8669,0.0306,0.0869,0.1176,0.3404
0.815,2.8539,0.0128,2.8667,0.0298,0.0888,0.1186,0.3030
0.819,2.8539,0.0128,2.8667,0.0336,0.0888,0.1224,0.3030
0.824,2.8539,0.0128,2.8667,0.0328,0.0888,0.1216,0.3030
0.828,2.8539,0.0128,2.8667,0.0320,0.0888,0.1208,0.3030
0.832,2.8539,0.0128,2.8667,0.0312,0.0888,0.1200,0.3030
0.836,2.8539,0.0105,2.8644,0.0304,0.0863,0.1167,0.1342
0.841,2.8539,0.0105,2.8644,0.0295,0.0863,0.1157,0.1342
0.846,2.8539,0.0105,2.8644,0.0286,0.0863,0.1149,0.1342
0.850,2.8539,0.0105,2.8644,0.0279,0.0863,0.1142,0.1342
0.855,2.8540,0.0130,2.8669,0.0271,0.0903,0.1174,0.2391
0.859,2.8540,0.0130,2.8669,0.0264,0.0903,0.1167,0.2391
0.863,2.8540,0.0130,2.8670,0.0257,0.0903,0.1160,0.2391
0.869,2.8540,0.0130,2.8670,0.0249,0.0903,0.1152,0.2391
0.872,2.8540,0.0130,2.8670,0.0244,0.0903,0.1147,0.2391
0.877,2.8540,0.0116,2.8656,0.0237,0.0878,0.1116,0.0762
0.881,2.8540,0.0116,2.8656,0.0231,0.0878,0.1109,0.0762
0.885,2.8540,0.0116,2.8656,0.0226,0.0878,0.1104,0.0762
0.889,2.8540,0.0116,2.8656,0.0220,0.0878,0.1098,0.0762
0.893,2.8540,0.0116,2.8656,0.0215,0.0878,0.1093,0.0762
0.899,2.8540,0.0121,2.8661,0.0207,0.0883,0.1090,0.0518
0.908,2.8540,0.0121,2.8661,0.0196,0.0883,0.1079,0.0518
0.913,2.8540,0.0121,2.8661,0.0190,0.0883,0.1072,0.0518
0.917,2.8540,0.0124,2.8664,0.0185,0.0885,0.1070,0.0239
0.923,2.8540,0.0124,2.8664,0.0179,0.0885,0.1064,0.0239
0.927,2.8541,0.0124,2.8664,0.0174,0.0885,0.1059,0.0239
0.931,2.8541,0.0124,2.8665,0.0170,0.0885,0.1055,0.0239
0.936,2.8541,0.0119,2.8660,0.0165,0.0879,0.1044,-0.0400
0.941,2.8541,0.0119,2.8660,0.0161,0.0879,0.1039,-0.0400
0.945,2.8541,0.0119,2.8660,0.0157,0.0879,0.1035,-0.0400
0.948,2.8541,0.0119,2.8660,0.0153,0.0879,0.1032,-0.0400
0.954,2.8541,0.0141,2.8682,0.0148,0.0915,0.1062,0.0717
0.960,2.8541,0.0141,2.8682,0.0143,0.0915,0.1058,0.0717
0.964,2.8541,0.0141,2.8682,0.0140,0.0915,0.1054,0.0717
0.968,2.8541,0.0141,2.8682,0.0136,0.0915,0.1051,0.0717
0.972,2.8541,0.0141,2.8682,0.0132,0.0915,0.1047,0.0717
0.977,2.8541,0.0159,2.8700,0.0129,0.0953,0.1082,0.1665
0.981,2.8541,0.0159,2.8701,0.0125,0.0953,0.1079,0.1665
0.986,2.8541,0.0159,2.8701,0.0066,0.0953,0.1020,0.1665
0.990,2.8541,0.0159,2.8701,0.0065,0.0953,0.1018,0.1665
0.994,2.8541,0.0135,2.8676,0.0063,0.0914,0.0977,-0.0011
1.000,2.8541,0.0135,2.8676,0.0061,0.0914,0.0975,-0.0011
1.004,2.8541,0.0135,2.8676,0.0059,0.0914,0.0973,-0.0011
1.009,2.8541,0.0135,2.8676,0.0058,0.0914,0.0972,-0.0011
1.013,2.8541,0.0135,2.8676,0.0056,0.0914,0.0970,-0.0011
1.017,2.8541,0.0133,2.8674,0.0055,0.0923,0.0978,-0.0399
1.023,2.8541,0.0133,2.8674,0.0053,0.0923,0.0976,-0.0399
1.027,2.8541,0.0133,2.8674,0.0004,0.0923,0.0927,-0.0399
1.030,2.8541,0.0133,2.8674,0.0004,0.0923,0.0927,-0.0399
1.034,2.8541,0.0132,2.8673,0.0004,0.0933,0.0937,-0.0857
1.040,2.8541,0.0132,2.8673,0.0004,0.0933,0.0937,-0.0857
1.044,2.8541,0.0132,2.8673,0.0004,0.0933,0.0937,-0.0857
1.048,2.8541,0.0132,2.8673,0.0004,0.0933,0.0936,-0.0857
1.052,2.8542,0.0132,2.8673,0.0004,0.0933,0.0936,-0.0857
1.058,2.8542,0.0133,2.8675,0.0003,0.0941,0.0944,-0.1397
1.065,2.8542,0.0133,2.8675,0.0003,0.0941,0.0944,-0.1397
1.069,2.8542,0.0133,2.8675,0.0003,0.0941,0.0944,-0.1397
1.075,2.8542,0.0143,2.8685,-0.0081,0.1012,0.0930,-0.0894
1.082,2.8542,0.0143,2.8685,-0.0078,0.1012,0.0934,-0.0894
1.087,2.8542,0.0143,2.8685,-0.0076,0.1012,0.0936,-0.0894
1.092,2.8542,0.0143,2.8685,-0.0137,0.1012,0.0875,-0.0894
1.098,2.8542,0.0151,2.8692,-0.0132,0.0940,0.0808,-0.2740
1.106,2.8542,0.0151,2.8692,-0.0126,0.0940,0.0814,-0.2740
1.113,2.8542,0.0151,2.8692,-0.0121,0.0940,0.0820,-0.2740
1.120,2.8542,0.0160,2.8702,-0.0215,0.1023,0.0808,-0.2421
1.125,2.8355,0.0160,2.8515,-0.0208,0.1023,0.0815,-0.2421
1.133,2.7058,0.0160,2.7218,-0.0199,0.1023,0.0824,-0.2421
1.139,2.5930,0.0178,2.6108,-0.0191,0.1007,0.0816,-0.3424
1.146,2.4820,0.0178,2.4998,-0.0184,0.1007,0.0823,-0.3424
1.152,2.3786,0.0178,2.3964,-0.0177,0.1007,0.0831,-0.3424
1.158,2.2926,0.0201,2.3128,-0.0171,0.0994,0.0823,-0.4410
1.165,2.1802,0.0201,2.2003,-0.0163,0.0994,0.0831,-0.4410
1.173,2.0765,0.0201,2.0966,-0.0156,0.0994,0.0838,-0.4410
1.179,1.9870,0.0219,2.0088,-0.0150,0.1056,0.0907,-0.4672
1.186,1.9027,0.0219,1.9246,-0.0144,0.1056,0.0912,-0.4672
1.192,1.8286,0.0219,1.8505,-0.0139,0.1056,0.0917,-0.4672
1.198,1.7510,0.0244,1.7755,-0.0134,0.1085,0.0951,-0.5275
1.206,1.6581,0.0244,1.6825,-0.0127,0.1085,0.0958,-0.5275
1.214,1.5667,0.0303,1.5970,-0.0121,0.0951,0.0830,-0.7258
1.223,1.4700,0.0303,1.5003,-0.0115,0.0951,0.0837,-0.7258
1.229,1.4118,0.0303,1.4421,-0.0111,0.0951,0.0840,-0.7258
1.234,1.3570,0.0314,1.3884,-0.0107,0.1073,0.0966,-0.7173
1.242,1.2857,0.0314,1.3172,-0.0209,0.1073,0.0864,-0.7173
1.246,1.2476,0.0314,1.2790,-0.0204,0.1073,0.0869,-0.7173
1.250,1.2102,0.0314,1.2417,-0.0199,0.1073,0.0874,-0.7173
1.255,1.1649,0.0327,1.1977,-0.0193,0.1190,0.0997,-0.7139
1.262,1.1091,0.0327,1.1418,-0.0280,0.1190,0.0910,-0.7139
1.268,1.0540,0.0327,1.0867,-0.0269,0.1190,0.0921,-0.7139
1.275,1.0020,0.0341,1.0361,-0.0258,0.1301,0.1043,-0.7147
1.281,0.9588,0.0341,0.9929,-0.0249,0.1301,0.1052,-0.7147
1.286,0.9198,0.0341,0.9540,-0.0241,0.1301,0.1060,-0.7147
1.291,0.8837,0.0341,0.9178,-0.0306,0.1301,0.0995,-0.7147
1.296,0.8512,0.0356,0.8868,-0.0365,0.1407,0.1042,-0.7191
1.301,0.8118,0.0356,0.8474,-0.0435,0.1407,0.0971,-0.7191
1.307,0.7779,0.0356,0.8135,-0.0422,0.1407,0.0985,-0.7191
1.311,0.7506,0.0356,0.7862,-0.0411,0.1407,0.0996,-0.7191
1.315,0.7263,0.0364,0.7627,-0.0401,0.1535,0.1134,-0.7061
1.321,0.6905,0.0364,0.7269,-0.0471,0.1535,0.1064,-0.7061
1.325,0.6624,0.0364,0.6988,-0.0458,0.1535,0.1078,-0.7061
1.331,0.6325,0.0364,0.6689,-0.0518,0.1535,0.1018,-0.7061
1.335,0.6069,0.0371,0.6440,-0.0569,0.1662,0.1093,-0.6930
1.340,0.5778,0.0371,0.6149,-0.0626,0.1662,0.1036,-0.6930
1.345,0.5528,0.0371,0.5899,-0.0609,0.1662,0.1053,-0.6930
1.350,0.5292,0.0371,0.5663,-0.0592,0.1662,0.1070,-0.6930
1.356,0.4979,0.0379,0.5358,-0.0570,0.1779,0.1209,-0.6844
1.363,0.4626,0.0379,0.5005,-0.0546,0.1779,0.1233,-0.6844
1.371,0.4274,0.0379,0.4653,-0.0521,0.1779,0.1257,-0.6844
1.375,0.4072,0.0399,0.4471,-0.0570,0.1848,0.1278,-0.7060
1.381,0.3814,0.0399,0.4213,-0.0551,0.1848,0.1298,-0.7060
1.385,0.3620,0.0399,0.4019,-0.0536,0.1848,0.1313,-0.7060
1.389,0.3461,0.0399,0.3860,-0.0577,0.1848,0.1271,-0.7060
1.395,0.3235,0.0420,0.3655,-0.0635,0.1907,0.1272,-0.7328
1.399,0.3044,0.0420,0.3464,-0.0617,0.1907,0.1290,-0.7328
1.404,0.2838,0.0420,0.3258,-0.0598,0.1907,0.1310,-0.7328
1.409,0.2659,0.0420,0.3079,-0.0647,0.1907,0.1260,-0.7328
1.413,0.2515,0.0420,0.2935,-0.0686,0.1907,0.1221,-0.7328
1.418,0.2320,0.0440,0.2761,-0.0739,0.1962,0.1223,-0.7608
1.423,0.2153,0.0440,0.2593,-0.0784,0.1962,0.1178,-0.7608
1.428,0.1970,0.0440,0.2410,-0.0759,0.1962,0.1203,-0.7608
1.433,0.1816,0.0440,0.2257,-0.0802,0.1962,0.1160,-0.7608
1.437,0.1674,0.0460,0.2134,-0.0841,0.2012,0.1172,-0.7894
1.441,0.1517,0.0460,0.1976,-0.0884,0.2012,0.1129,-0.7894
1.450,0.1224,0.0460,0.1684,-0.0962,0.2012,0.1050,-0.7894
1.456,0.1062,0.0477,0.1540,-0.1005,0.2059,0.1055,-0.8179
1.460,0.0921,0.0477,0.1399,-0.0977,0.2059,0.1082,-0.8179
1.464,0.0823,0.0477,0.1300,-0.1004,0.2059,0.1055,-0.8179
1.467,0.0708,0.0477,0.1185,-0.1057,0.2059,0.1002,-0.8179
1.471,0.0606,0.0477,0.1083,-0.1084,0.2059,0.0975,-0.8179
1.475,0.0476,0.0493,0.0970,-0.1118,0.2103,0.0986,-0.8458
1.479,0.0371,0.0493,0.0864,-0.1145,0.2103,0.0958,-0.8458
1.483,0.0267,0.0493,0.0760,-0.1171,0.2103,0.0932,-0.8458
1.487,0.0165,0.0493,0.0659,-0.1197,0.2103,0.0906,-0.8458
1.491,0.0050,0.0493,0.0544,-0.1226,0.2103,0.0878,-0.8458
1.494,-0.0035,0.0507,0.0472,-0.1247,0.2145,0.0898,-0.8726
1.498,-0.0153,0.0507,0.0355,-0.1301,0.2145,0.0844,-0.8726
1.502,-0.0243,0.0507,0.0264,-0.1342,0.2145,0.0803,-0.8726
1.506,-0.0349,0.0507,0.0159,-0.1366,0.2145,0.0779,-0.8726
1.512,-0.0512,0.0507,-0.0005,-0.1402,0.2145,0.0743,-0.8726
1.518,-0.0650,0.0519,-0.0131,-0.1464,0.2184,0.0720,-0.8981
1.523,-0.0765,0.0519,-0.0246,-0.1488,0.2184,0.0696,-0.8981
1.526,-0.0852,0.0519,-0.0333,-0.1527,0.2184,0.0657,-0.8981
1.530,-0.0934,0.0519,-0.0415,-0.1543,0.2184,0.0641,-0.8981
1.533,-0.1023,0.0519,-0.0504,-0.1560,0.2184,0.0624,-0.8981
1.539,-0.1146,0.0528,-0.0618,-0.1583,0.2220,0.0637,-0.9223
1.543,-0.1245,0.0528,-0.0717,-0.1601,0.2220,0.0619,-0.9223
1.547,-0.1332,0.0528,-0.0804,-0.1639,0.2220,0.0581,-0.9223
1.550,-0.1421,0.0528,-0.0893,-0.1654,0.2220,0.0566,-0.9223
1.555,-0.1522,0.0551,-0.0970,-0.1671,0.2207,0.0536,-0.9806
1.559,-0.1620,0.0551,-0.1069,-0.1687,0.2207,0.0520,-0.9806
1.563,-0.1706,0.0551,-0.1155,-0.1723,0.2207,0.0484,-0.9806
1.567,-0.1799,0.0551,-0.1247,-0.1738,0.2207,0.0470,-0.9806
1.572,-0.1902,0.0551,-0.1350,-0.1753,0.2207,0.0454,-0.9806
1.576,-0.1988,0.0590,-0.1398,-0.1788,0.2140,0.0352,-1.0805
1.581,-0.2090,0.0590,-0.1500,-0.1828,0.2140,0.0312,-1.0805
1.586,-0.2212,0.0590,-0.1622,-0.1844,0.2140,0.0296,-1.0805
1.612,-0.2798,0.0624,-0.2173,-0.2057,0.2078,0.0020,-1.1771
1.715,-0.5025,0.0698,-0.4327,-0.3506,0.1910,-0.1596,-1.5692
1.724,-0.5099,0.0698,-0.4401,-0.3553,0.1910,-0.1643,-1.5692
1.729,-0.5162,0.0698,-0.4464,-0.3580,0.1910,-0.1670,-1.5692
1.734,-0.5226,0.0692,-0.4534,-0.3602,0.1910,-0.1693,-1.6012
1.741,-0.5355,0.0692,-0.4664,-0.3638,0.1910,-0.1728,-1.6012
1.745,-0.5434,0.0692,-0.4742,-0.3656,0.1910,-0.1746,-1.6012
1.749,-0.5514,0.0692,-0.4823,-0.3695,0.1910,-0.1786,-1.6012
1.754,-0.5608,0.0692,-0.4916,-0.3736,0.1910,-0.1827,-1.6012
1.758,-0.5705,0.0686,-0.5019,-0.3751,0.1902,-0.1849,-1.6362
1.762,-0.5819,0.0686,-0.5133,-0.3793,0.1902,-0.1890,-1.6362
1.766,-0.5923,0.0686,-0.5237,-0.3828,0.1902,-0.1925,-1.6362
1.770,-0.6039,0.0686,-0.5353,-0.3840,0.1902,-0.1938,-1.6362
1.774,-0.6159,0.0676,-0.5483,-0.3875,0.1900,-0.1975,-1.6619
1.779,-0.6303,0.0676,-0.5627,-0.3914,0.1900,-0.2013,-1.6619
1.782,-0.6428,0.0676,-0.5753,-0.3923,0.1900,-0.2022,-1.6619
1.788,-0.6602,0.0676,-0.5926,-0.3934,0.1900,-0.2033,-1.6619
1.792,-0.6742,0.0676,-0.6067,-0.3965,0.1900,-0.2064,-1.6619
1.795,-0.6881,0.0662,-0.6219,-0.3994,0.1904,-0.2090,-1.6770
1.800,-0.7050,0.0662,-0.6388,-0.4026,0.1904,-0.2122,-1.6770
1.804,-0.7210,0.0662,-0.6549,-0.4032,0.1904,-0.2128,-1.6770
1.808,-0.7368,0.0662,-0.6706,-0.4059,0.1904,-0.2155,-1.6770
1.811,-0.7520,0.0662,-0.6859,-0.4084,0.1904,-0.2180,-1.6770
1.815,-0.7682,0.0644,-0.7038,-0.4108,0.1912,-0.2196,-1.6812
1.820,-0.7884,0.0644,-0.7240,-0.4158,0.1912,-0.2246,-1.6812
1.824,-0.8066,0.0644,-0.7422,-0.4182,0.1912,-0.2270,-1.6812
1.827,-0.8239,0.0644,-0.7595,-0.4221,0.1912,-0.2308,-1.6812
1.831,-0.8424,0.0644,-0.7780,-0.4241,0.1912,-0.2329,-1.6812
1.835,-0.8620,0.0623,-0.7997,-0.4280,0.1925,-0.2355,-1.6745
1.840,-0.8855,0.0623,-0.8233,-0.4324,0.1925,-0.2399,-1.6745
1.844,-0.9049,0.0623,-0.8426,-0.4358,0.1925,-0.2433,-1.6745
1.847,-0.9262,0.0623,-0.8639,-0.4393,0.1925,-0.2468,-1.6745
1.851,-0.9473,0.0623,-0.8850,-0.4426,0.1925,-0.2501,-1.6745
1.855,-0.9695,0.0599,-0.9096,-0.4474,0.1941,-0.2533,-1.6567
1.860,-0.9959,0.0599,-0.9361,-0.4509,0.1941,-0.2568,-1.6567
1.864,-1.0195,0.0599,-0.9596,-0.4554,0.1941,-0.2613,-1.6567
1.868,-1.0448,0.0599,-0.9849,-0.4599,0.1941,-0.2658,-1.6567
1.874,-1.0842,0.0572,-1.0270,-0.4664,0.1960,-0.2704,-1.6280
1.879,-1.1225,0.0572,-1.0653,-0.4721,0.1960,-0.2761,-1.6280
1.883,-1.1489,0.0572,-1.0917,-0.4758,0.1960,-0.2798,-1.6280
1.887,-1.1788,0.0572,-1.1216,-0.4796,0.1960,-0.2836,-1.6280
1.892,-1.2102,0.0572,-1.1530,-0.4833,0.1960,-0.2873,-1.6280
1.896,-1.2404,0.0543,-1.1861,-0.4880,0.1982,-0.2899,-1.5887
1.900,-1.2768,0.0543,-1.2225,-0.4917,0.1982,-0.2935,-1.5887
1.905,-1.3153,0.0543,-1.2610,-0.4952,0.1982,-0.2970,-1.5887
1.909,-1.3516,0.0543,-1.2973,-0.4997,0.1982,-0.3015,-1.5887
1.913,-1.3872,0.0543,-1.3329,-0.5038,0.1982,-0.3056,-1.5887
1.917,-1.4222,0.0513,-1.3709,-0.5074,0.2005,-0.3069,-1.5386
1.922,-1.4700,0.0513,-1.4187,-0.5151,0.2005,-0.3146,-1.5386
1.926,-1.5111,0.0513,-1.4599,-0.5201,0.2005,-0.3196,-1.5386
1.930,-1.5519,0.0513,-1.5006,-0.5263,0.2005,-0.3258,-1.5386
1.934,-1.5879,0.0484,-1.5395,-0.5305,0.2021,-0.3285,-1.4936
1.940,-1.6355,0.0484,-1.5870,-0.5375,0.2021,-0.3354,-1.4936
1.945,-1.6775,0.0484,-1.6291,-0.5434,0.2021,-0.3414,-1.4936
1.949,-1.7102,0.0484,-1.6617,-0.5485,0.2021,-0.3465,-1.4936
1.953,-1.7490,0.0484,-1.7006,-0.5544,0.2021,-0.3524,-1.4936
1.958,-1.7812,0.0462,-1.7351,-0.5581,0.2022,-0.3560,-1.4643
1.963,-1.8202,0.0462,-1.7740,-0.5638,0.2022,-0.3616,-1.4643
1.967,-1.8491,0.0462,-1.8030,-0.5679,0.2022,-0.3657,-1.4643
1.972,-1.8867,0.0462,-1.8405,-0.5731,0.2022,-0.3709,-1.4643
1.977,-1.9218,0.0437,-1.8781,-0.5790,0.2025,-0.3765,-1.4257
1.981,-1.9525,0.0437,-1.9088,-0.5851,0.2025,-0.3826,-1.4257
1.989,-2.0040,0.0437,-1.9603,-0.5958,0.2025,-0.3933,-1.4257
1.996,-2.0479,0.0410,-2.0068,-0.6068,0.2033,-0.4036,-1.3753
2.003,-2.0921,0.0410,-2.0511,-0.6176,0.2033,-0.4143,-1.3753
2.007,-2.1153,0.0410,-2.0743,-0.6238,0.2033,-0.4206,-1.3753
2.012,-2.1428,0.0410,-2.1018,-0.6316,0.2033,-0.4283,-1.3753
2.016,-2.1646,0.0381,-2.1264,-0.6376,0.2043,-0.4333,-1.3137
2.022,-2.1960,0.0381,-2.1578,-0.6471,0.2043,-0.4428,-1.3137
2.028,-2.2283,0.0381,-2.1902,-0.6571,0.2043,-0.4528,-1.3137
2.035,-2.2636,0.0350,-2.2285,-0.6683,0.2057,-0.4626,-1.2420
2.041,-2.2902,0.0350,-2.2551,-0.6764,0.2057,-0.4707,-1.2420
2.045,-2.3110,0.0350,-2.2760,-0.6830,0.2057,-0.4774,-1.2420
2.051,-2.3365,0.0350,-2.3015,-0.6922,0.2057,-0.4865,-1.2420
2.056,-2.3577,0.0326,-2.3251,-0.7007,0.2054,-0.4953,-1.1912
2.061,-2.3797,0.0326,-2.3471,-0.7109,0.2054,-0.5055,-1.1912
2.076,-2.4388,0.0300,-2.4088,-0.7432,0.2053,-0.5379,-1.1347
2.082,-2.4611,0.0300,-2.4311,-0.7558,0.2053,-0.5505,-1.1347
2.087,-2.4783,0.0300,-2.4483,-0.7658,0.2053,-0.5605,-1.1347
2.091,-2.4944,0.0300,-2.4644,-0.7756,0.2053,-0.5703,-1.1347
2.095,-2.5075,0.0272,-2.4803,-0.7839,0.2056,-0.5783,-1.0672
2.100,-2.5241,0.0272,-2.4969,-0.7940,0.2056,-0.5885,-1.0672
2.104,-2.5369,0.0272,-2.5097,-0.8022,0.2056,-0.5966,-1.0672
2.109,-2.5514,0.0272,-2.5242,-0.8122,0.2056,-0.6066,-1.0672
2.113,-2.5634,0.0272,-2.5362,-0.8203,0.2056,-0.6148,-1.0672
2.117,-2.5763,0.0241,-2.5522,-0.8293,0.2062,-0.6232,-0.9890
2.122,-2.5898,0.0241,-2.5657,-0.8397,0.2062,-0.6335,-0.9890
2.126,-2.6028,0.0241,-2.5787,-0.8506,0.2062,-0.6444,-0.9890
2.131,-2.6161,0.0241,-2.5920,-0.8633,0.2062,-0.6571,-0.9890
2.136,-2.6286,0.0207,-2.6078,-0.8762,0.2071,-0.6691,-0.9010
2.142,-2.6436,0.0207,-2.6228,-0.8931,0.2071,-0.6859,-0.9010
2.146,-2.6532,0.0207,-2.6324,-0.9046,0.2071,-0.6974,-0.9010
2.150,-2.6637,0.0207,-2.6430,-0.9176,0.2071,-0.7105,-0.9010
2.155,-2.6751,0.0172,-2.6579,-0.9325,0.2084,-0.7241,-0.8038
2.159,-2.6858,0.0172,-2.6686,-0.9467,0.2084,-0.7383,-0.8038
2.164,-2.6954,0.0172,-2.6782,-0.9600,0.2084,-0.7517,-0.8038
2.167,-2.7036,0.0172,-2.6864,-0.9718,0.2084,-0.7635,-0.8038
2.172,-2.7139,0.0172,-2.6967,-0.9870,0.2084,-0.7786,-0.8038
2.177,-2.7245,0.0135,-2.7110,-1.0033,0.2099,-0.7934,-0.6984
2.184,-2.7371,0.0135,-2.7236,-1.0237,0.2099,-0.8138,-0.6984
2.189,-2.7479,0.0135,-2.7345,-1.0428,0.2099,-0.8329,-0.6984
2.194,-2.7560,0.0000,-2.7560,-1.0587,0.2117,-0.8470,-0.5850
2.199,-2.7653,0.0000,-2.7653,-1.0789,0.2117,-0.8672,-0.5850
2.204,-2.7741,0.0000,-2.7741,-1.1000,0.2117,-0.8883,-0.5850
2.208,-2.7810,0.0000,-2.7810,-1.1179,0.2117,-0.9062,-0.5850
2.212,-2.7884,0.0000,-2.7884,-1.1387,0.2117,-0.9271,-0.5850
2.216,-2.7945,0.0000,-2.7945,-1.1566,0.2137,-0.9429,-0.4643
2.221,-2.8031,0.0000,-2.8031,-1.1832,0.2137,-0.9695,-0.4643
2.225,-2.8091,0.0000,-2.8091,-1.2024,0.2137,-0.9887,-0.4643
2.230,-2.8157,0.0000,-2.8157,-1.2244,0.2137,-1.0107,-0.4643
2.234,-2.8211,0.0000,-2.8211,-1.2431,0.2137,-1.0294,-0.4643
2.238,-2.8280,0.0000,-2.8280,-1.2678,0.2160,-1.0519,-0.3374
2.243,-2.8348,0.0000,-2.8348,-1.2936,0.2160,-1.0776,-0.3374
2.247,-2.8399,0.0000,-2.8399,-1.3136,0.2160,-1.0976,-0.3374
2.252,-2.8457,0.0000,-2.8457,-1.3380,0.2160,-1.1220,-0.3374
2.256,-2.8510,0.0000,-2.8510,-1.3623,0.2184,-1.1439,-0.2054
2.261,-2.8571,0.0000,-2.8571,-1.3942,0.2184,-1.1758,-0.2054
2.264,-2.8617,0.0000,-2.8617,-1.4200,0.2184,-1.2016,-0.2054
2.269,-2.8674,0.0000,-2.8674,-1.4563,0.2184,-1.2379,-0.2054
2.273,-2.8721,0.0000,-2.8721,-1.4883,0.2184,-1.2699,-0.2054
2.278,-2.8771,0.0000,-2.8771,-1.5247,0.2210,-1.3037,-0.0692
2.282,-2.8819,0.0000,-2.8819,-1.5627,0.2210,-1.3417,-0.0692
2.288,-2.8881,0.0000,-2.8881,-1.6151,0.2210,-1.3941,-0.0692
2.293,-2.8931,0.0000,-2.8931,-1.6590,0.2210,-1.4379,-0.0692
2.297,-2.8968,0.0000,-2.8968,-1.6934,0.2238,-1.4696,0.0705
2.302,-2.9018,0.0000,-2.9018,-1.7420,0.2238,-1.5182,0.0705
2.306,-2.9056,0.0000,-2.9056,-1.7810,0.2238,-1.5573,0.0705
2.310,-2.9096,0.0000,-2.9096,-1.8273,0.2238,-1.6035,0.0705
2.314,-2.9131,0.0000,-2.9131,-1.8712,0.2251,-1.6461,0.1825
2.320,-2.9177,0.0000,-2.9177,-1.9386,0.2251,-1.7135,0.1825
2.324,-2.9213,0.0000,-2.9213,-1.9955,0.2251,-1.7704,0.1825
2.330,-2.9260,0.0000,-2.9260,-2.0838,0.2251,-1.8586,0.1825
2.336,-2.9308,0.0000,-2.9308,-2.1836,0.2264,-1.9573,0.2914
2.341,-2.9352,0.0000,-2.9352,-2.2875,0.2264,-2.0612,0.2914
2.346,-2.9383,0.0000,-2.9383,-2.3658,0.2264,-2.1395,0.2914
2.350,-2.9417,0.0000,-2.9417,-2.4573,0.2264,-2.2310,0.2914
2.354,-2.9445,0.0000,-2.9445,-2.5363,0.2277,-2.3087,0.4033
2.359,-2.9480,0.0000,-2.9480,-2.6177,0.2277,-2.3900,0.4033
2.363,-2.9505,0.0000,-2.9505,-2.6574,0.2277,-2.4297,0.4033
2.369,-2.9540,0.0000,-2.9540,-2.6755,0.2277,-2.4478,0.4033
2.373,-2.9569,0.0000,-2.9569,-2.6639,0.2277,-2.4362,0.4033
2.378,-2.9600,0.0000,-2.9600,-2.6171,0.2291,-2.3880,0.5174
2.389,-2.9664,0.0000,-2.9664,-2.3819,0.2291,-2.1528,0.5174
2.395,-2.9693,0.0000,-2.9693,-2.2798,0.2304,-2.0494,0.6327
2.401,-2.9725,0.0000,-2.9725,-2.1781,0.2304,-1.9477,0.6327
2.406,-2.9751,0.0000,-2.9751,-2.1059,0.2304,-1.8755,0.6327
2.410,-2.9772,0.0000,-2.9772,-2.0514,0.2304,-1.8209,0.6327
2.414,-2.9794,0.0000,-2.9794,-2.0051,0.2317,-1.7734,0.7478
2.419,-2.9815,0.0000,-2.9815,-1.9697,0.2317,-1.7380,0.7478
2.423,-2.9836,0.0000,-2.9836,-1.9445,0.2317,-1.7128,0.7478
2.427,-2.9854,0.0000,-2.9854,-1.9323,0.2317,-1.7006,0.7478
2.432,-2.9873,0.0000,-2.9873,-1.9319,0.2317,-1.7002,0.7478
2.437,-2.9894,0.0000,-2.9894,-1.9478,0.2305,-1.7173,0.8136
2.441,-2.9914,0.0000,-2.9914,-1.9804,0.2305,-1.7499,0.8136
2.446,-2.9931,0.0000,-2.9931,-2.0251,0.2305,-1.7946,0.8136
2.450,-2.9946,0.0000,-2.9946,-2.0761,0.2305,-1.8456,0.8136
2.454,-2.9963,0.0000,-2.9963,-2.1562,0.2288,-1.9273,0.8710
2.459,-2.9982,0.0000,-2.9982,-2.2701,0.2288,-2.0412,0.8710
2.464,-2.9997,0.0000,-2.9997,-2.3887,0.2288,-2.1599,0.8710
2.467,-3.0011,0.0000,-3.0011,-2.5115,0.2288,-2.2826,0.8710
2.472,-3.0028,0.0000,-3.0028,-2.6921,0.2288,-2.4632,0.8710
2.477,-3.0043,0.0000,-3.0043,-2.8895,0.2271,-2.6623,0.9294
2.483,-3.0062,0.0000,-3.0062,-3.1799,0.2271,-2.9528,0.9294
2.489,-3.0081,0.0000,-3.0081,-3.5285,0.2271,-3.3014,0.9294
2.493,-3.0095,0.0000,-3.0095,-3.8069,0.2271,-3.5798,0.9294
2.497,-3.0106,0.0000,-3.0106,-4.0555,0.2253,-3.8303,0.9877
2.502,-3.0119,0.0000,-3.0119,-4.3951,0.2253,-4.1699,0.9877
2.506,-3.0131,0.0000,-3.0131,-4.7016,0.2253,-4.4764,0.9877
2.510,-3.0141,0.0000,-3.0141,-4.9936,0.2253,-4.7683,0.9877
2.514,-3.0151,0.0000,-3.0151,-5.2872,0.2253,-5.0619,0.9877
2.517,-3.0160,0.0000,-3.0160,-5.6035,0.2232,-5.3803,1.0450
2.522,-3.0172,0.0000,-3.0172,-5.9944,0.2232,-5.7711,1.0450
2.526,-3.0181,0.0000,-3.0181,-6.3049,0.2232,-6.0816,1.0450
2.529,-3.0190,0.0000,-3.0190,-6.6136,0.2232,-6.3904,1.0450
2.533,-3.0200,0.0000,-3.0200,-6.9506,0.2232,-6.7274,1.0450
2.538,-3.0210,0.0000,-3.0210,-7.3002,0.2209,-7.0792,1.1002
2.542,-3.0220,0.0000,-3.0220,-7.6523,0.2209,-7.4314,1.1002
2.546,-3.0227,0.0000,-3.0227,-7.9200,0.2209,-7.6991,1.1002
2.550,-3.0236,0.0000,-3.0236,-8.1919,0.2209,-7.9710,1.1002
2.554,-3.0244,0.0000,-3.0244,-8.4566,0.2183,-8.2383,1.1529
2.558,-3.0253,0.0000,-3.0253,-8.7187,0.2183,-8.5003,1.1529
2.562,-3.0260,0.0000,-3.0260,-8.9187,0.2183,-8.7003,1.1529
2.565,-3.0267,0.0000,-3.0267,-9.1068,0.2183,-8.8885,1.1529
2.569,-3.0274,0.0000,-3.0274,-9.2757,0.2183,-9.0573,1.1529
2.573,-3.0281,0.0000,-3.0281,-9.4354,0.2183,-9.2170,1.1529
2.577,-3.0288,0.0000,-3.0288,-9.5642,0.2155,-9.3488,1.2020
2.581,-3.0296,0.0000,-3.0296,-9.6881,0.2155,-9.4727,1.2020
2.585,-3.0302,0.0000,-3.0302,-9.7713,0.2155,-9.5558,1.2020
2.589,-3.0309,0.0000,-3.0309,-9.8393,0.2155,-9.6239,1.2020
2.593,-3.0315,0.0000,-3.0315,-9.8861,0.2155,-9.6706,1.2020
2.597,-3.0321,0.0000,-3.0321,-9.9173,0.2123,-9.7050,1.2471
2.601,-3.0328,0.0000,-3.0328,-9.9278,0.2123,-9.7156,1.2471
2.605,-3.0334,0.0000,-3.0334,-9.9217,0.2123,-9.7095,1.2471
2.609,-3.0339,0.0000,-3.0339,-9.9037,0.2123,-9.6915,1.2471
2.612,-3.0345,0.0000,-3.0345,-9.8736,0.2123,-9.6613,1.2471
2.616,-3.0350,0.0000,-3.0350,-9.8356,0.2088,-9.6268,1.2877
2.620,-3.0356,0.0000,-3.0356,-9.7800,0.2088,-9.5712,1.2877
2.625,-3.0362,0.0000,-3.0362,-9.7160,0.2088,-9.5072,1.2877
2.629,-3.0367,0.0000,-3.0367,-9.6489,0.2088,-9.4402,1.2877
2.634,-3.0374,0.0000,-3.0374,-9.5611,0.2050,-9.3561,1.3234
2.641,-3.0383,0.0000,-3.0383,-9.4304,0.2050,-9.2255,1.3234
2.646,-3.0389,0.0000,-3.0389,-9.3488,0.2050,-9.1439,1.3234
2.650,-3.0393,0.0000,-3.0393,-9.2820,0.2050,-9.0770,1.3234
2.654,-3.0398,0.0000,-3.0398,-9.2094,0.2010,-9.0085,1.3543
2.659,-3.0403,0.0000,-3.0403,-9.1227,0.2010,-8.9217,1.3543
2.663,-3.0408,0.0000,-3.0408,-9.0543,0.2010,-8.8533,1.3543
2.667,-3.0412,0.0000,-3.0412,-8.9905,0.2010,-8.7895,1.3543
2.671,-3.0416,0.0000,-3.0416,-8.9250,0.2010,-8.7240,1.3543
2.675,-3.0420,0.0000,-3.0420,-8.8591,0.1967,-8.6624,1.3797
2.679,-3.0424,0.0000,-3.0424,-8.7893,0.1967,-8.5926,1.3797
2.683,-3.0428,0.0000,-3.0428,-8.7256,0.1967,-8.5289,1.3797
2.688,-3.0432,0.0000,-3.0432,-8.6580,0.1967,-8.4613,1.3797
2.692,-3.0435,0.0000,-3.0435,-8.5909,0.1967,-8.3942,1.3797
2.695,-3.0439,0.0000,-3.0439,-8.5339,0.1918,-8.3421,1.3855
2.700,-3.0442,0.0000,-3.0442,-8.4676,0.1918,-8.2758,1.3855
2.704,-3.0446,0.0000,-3.0446,-8.4048,0.1918,-8.2130,1.3855
2.708,-3.0449,0.0000,-3.0449,-8.3326,0.1918,-8.1408,1.3855
2.712,-2.9856,0.0000,-2.9856,-8.2791,0.1918,-8.0873,1.3855
2.716,-2.9246,0.0000,-2.9246,-8.2259,0.1866,-8.0394,1.3829
2.720,-2.8550,0.0000,-2.8550,-8.1659,0.1866,-7.9793,1.3829
2.724,-2.7953,0.0000,-2.7953,-8.1149,0.1866,-7.9283,1.3829
2.727,-2.7389,0.0000,-2.7389,-8.0673,0.1866,-7.8807,1.3829
2.731,-2.6839,0.0000,-2.6839,-8.0213,0.1866,-7.8347,1.3829
2.735,-2.6283,0.0000,-2.6283,-7.9753,0.1812,-7.7941,1.3753
2.740,-2.5574,0.0000,-2.5574,-7.9176,0.1812,-7.7363,1.3753
2.743,-2.5056,0.0000,-2.5056,-7.8758,0.1812,-7.6946,1.3753
2.747,-2.4544,0.0000,-2.4544,-7.8351,0.1812,-7.6539,1.3753
2.751,-2.4033,0.0000,-2.4033,-7.7950,0.1812,-7.6137,1.3753
2.755,-2.3503,0.0000,-2.3503,-7.7539,0.1758,-7.5781,1.3628
2.759,-2.2927,0.0000,-2.2927,-7.7100,0.1758,-7.5343,1.3628
2.763,-2.2444,0.0000,-2.2444,-7.6737,0.1758,-7.4979,1.3628
2.767,-2.1985,0.0000,-2.1985,-7.6396,0.1758,-7.4638,1.3628
2.770,-2.1501,0.0000,-2.1501,-7.6043,0.1758,-7.4286,1.3628
2.774,-2.1047,0.0000,-2.1047,-7.5718,0.1702,-7.4015,1.3456
2.779,-2.0537,0.0000,-2.0537,-7.5358,0.1702,-7.3655,1.3456
2.783,-2.0065,0.0000,-2.0065,-7.5031,0.1702,-7.3329,1.3456
2.788,-1.9433,0.0000,-1.9433,-7.4606,0.1702,-7.2903,1.3456
2.793,-1.8876,0.0000,-1.8876,-7.4239,0.1702,-7.2537,1.3456
2.797,-1.8470,0.0000,-1.8470,-7.3977,0.1638,-7.2339,1.2968
2.802,-1.8019,0.0000,-1.8019,-7.3694,0.1638,-7.2056,1.2968
2.806,-1.7627,0.0000,-1.7627,-7.3452,0.1638,-7.1814,1.2968
2.810,-1.7234,0.0000,-1.7234,-7.3216,0.1638,-7.1578,1.2968
2.813,-1.6867,0.0000,-1.6867,-7.3000,0.1638,-7.1362,1.2968
2.817,-1.6515,0.0000,-1.6515,-7.2799,0.1568,-7.1230,1.2244
2.821,-1.6110,0.0000,-1.6110,-7.2573,0.1568,-7.1004,1.2244
2.826,-1.5701,0.0000,-1.5701,-7.2352,0.1568,-7.0783,1.2244
2.830,-1.5359,0.0000,-1.5359,-7.2172,0.1568,-7.0604,1.2244
2.834,-1.4984,0.0000,-1.4984,-7.1982,0.1499,-7.0483,1.1479
2.839,-1.4551,0.0000,-1.4551,-7.1771,0.1499,-7.0272,1.1479
2.843,-1.4227,0.0000,-1.4227,-7.1618,0.1499,-7.0119,1.1479
2.847,-1.3926,0.0000,-1.3926,-7.1482,0.1499,-6.9983,1.1479
2.851,-1.3587,0.0000,-1.3587,-7.1334,0.1499,-6.9835,1.1479
2.856,-1.3224,0.0000,-1.3224,-7.1182,0.1430,-6.9752,1.0706
2.861,-1.2881,0.0000,-1.2881,-7.1046,0.1430,-6.9616,1.0706
2.865,-1.2551,0.0000,-1.2551,-7.0923,0.1430,-6.9492,1.0706
2.870,-1.2260,0.0000,-1.2260,-7.0819,0.1430,-6.9388,1.0706
2.874,-1.1950,0.0000,-1.1950,-7.0714,0.1363,-6.9351,0.9927
2.879,-1.1646,0.0000,-1.1646,-7.0619,0.1363,-6.9256,0.9927
2.883,-1.1363,0.0000,-1.1363,-7.0536,0.1363,-6.9172,0.9927
2.887,-1.1099,0.0000,-1.1099,-7.0463,0.1363,-6.9100,0.9927
2.892,-1.0798,0.0000,-1.0798,-7.0387,0.1363,-6.9024,0.9927
2.896,-1.0563,0.0000,-1.0563,-7.0333,0.1297,-6.9036,0.9141
2.901,-1.0268,0.0000,-1.0268,-7.0272,0.1297,-6.8975,0.9141
2.906,-0.9980,0.0000,-0.9980,-7.0219,0.1297,-6.8922,0.9141
2.909,-0.9762,0.0000,-0.9762,-7.0184,0.1297,-6.8886,0.9141
2.914,-0.9529,0.0000,-0.9529,-7.0151,0.1233,-6.8918,0.8352
2.918,-0.9294,0.0000,-0.9294,-7.0123,0.1233,-6.8890,0.8352
2.923,-0.9047,0.0000,-0.9047,-7.0100,0.1233,-6.8867,0.8352
2.927,-0.8854,0.0000,-0.8854,-7.0086,0.1233,-6.8853,0.8352
2.931,-0.8633,0.0000,-0.8633,-7.0075,0.1233,-6.8843,0.8352
2.935,-0.8441,0.0000,-0.8441,-7.0070,0.1169,-6.8900,0.7561
2.942,-0.8117,0.0000,-0.8117,-7.0073,0.1169,-6.8903,0.7561
2.947,-0.7862,0.0000,-0.7862,-7.0083,0.1169,-6.8913,0.7561
2.951,-0.7696,0.0000,-0.7696,-7.0092,0.1169,-6.8923,0.7561
2.956,-0.7484,0.0000,-0.7484,-7.0111,0.1108,-6.9003,0.6773
2.961,-0.7259,0.0000,-0.7259,-7.0137,0.1108,-6.9029,0.6773
2.965,-0.7085,0.0000,-0.7085,-7.0161,0.1108,-6.9053,0.6773
2.971,-0.6877,0.0000,-0.6877,-7.0196,0.1108,-6.9088,0.6773
2.974,-0.6724,0.0000,-0.6724,-7.0225,0.1048,-6.9176,0.5990
2.979,-0.6536,0.0000,-0.6536,-7.0266,0.1048,-6.9217,0.5990
2.983,-0.6394,0.0000,-0.6394,-7.0299,0.1048,-6.9251,0.5990
2.988,-0.6222,0.0000,-0.6222,-7.0345,0.1048,-6.9296,0.5990
2.993,-0.6059,0.0000,-0.6059,-7.0392,0.1048,-6.9343,0.5990
2.997,-0.5910,0.0000,-0.5910,-7.0438,0.0990,-6.9448,0.5215
3.002,-0.5727,0.0000,-0.5727,-7.0501,0.0990,-6.9510,0.5215
3.006,-0.5599,0.0000,-0.5599,-7.0547,0.0990,-6.9556,0.5215
3.011,-0.5462,0.0000,-0.5462,-7.0600,0.0990,-6.9609,0.5215
3.014,-0.5345,0.0000,-0.5345,-7.0647,0.0934,-6.9713,0.4448
3.020,-0.5179,0.0000,-0.5179,-7.0718,0.0934,-6.9784,0.4448
3.025,-0.5038,0.0000,-0.5038,-7.0782,0.0934,-6.9848,0.4448
3.028,-0.4930,0.0000,-0.4930,-7.0833,0.0934,-6.9899,0.4448
3.033,-0.4799,0.0000,-0.4799,-7.0889,0.0934,-6.9954,0.4448
3.037,-0.4691,0.0000,-0.4691,-7.0902,0.0880,-7.0022,0.3694
3.043,-0.4537,0.0000,-0.4537,-7.0848,0.0880,-6.9968,0.3694
3.047,-0.4433,0.0000,-0.4433,-7.0774,0.0880,-6.9894,0.3694
3.051,-0.4323,0.0000,-0.4323,-7.0649,0.0880,-6.9768,0.3694
3.055,-0.4226,0.0000,-0.4226,-7.0498,0.0828,-6.9670,0.2897
3.060,-0.4105,0.0000,-0.4105,-7.0240,0.0828,-6.9412,0.2897
3.065,-0.3997,0.0000,-0.3997,-6.9943,0.0828,-6.9115,0.2897
3.069,-0.3908,0.0000,-0.3908,-6.9652,0.0828,-6.8825,0.2897
3.073,-0.3800,0.0000,-0.3800,-6.9226,0.0828,-6.8399,0.2897
3.078,-0.3706,0.0000,-0.3706,-6.8796,0.0777,-6.8019,0.1956
3.083,-0.3593,0.0000,-0.3593,-6.8190,0.0777,-6.7413,0.1956
3.088,-0.3497,0.0000,-0.3497,-6.7644,0.0777,-6.6867,0.1956
3.094,-0.3374,0.0000,-0.3374,-6.6901,0.0728,-6.6173,0.1027
3.100,-0.3253,0.0000,-0.3253,-6.6115,0.0728,-6.5387,0.1027
3.105,-0.3165,0.0000,-0.3165,-6.5515,0.0728,-6.4787,0.1027
3.109,-0.3093,0.0000,-0.3093,-6.5009,0.0728,-6.4282,0.1027
3.113,-0.3012,0.0000,-0.3012,-6.4419,0.0728,-6.3691,0.1027
3.117,-0.2946,0.0000,-0.2946,-6.3917,0.0681,-6.3236,0.0133
3.123,-0.2856,0.0000,-0.2856,-6.3218,0.0681,-6.2537,0.0133
3.127,-0.2791,0.0000,-0.2791,-6.2688,0.0681,-6.2007,0.0133
3.131,-0.2718,0.0000,-0.2718,-6.2086,0.0681,-6.1405,0.0133
3.135,-0.2660,0.0000,-0.2660,-6.1591,0.0636,-6.0955,-0.0722
3.140,-0.2579,0.0000,-0.2579,-6.0881,0.0636,-6.0245,-0.0722
3.144,-0.2522,0.0000,-0.2522,-6.0371,0.0636,-5.9734,-0.0722
3.148,-0.2458,0.0000,-0.2458,-5.9782,0.0636,-5.9146,-0.0722
3.152,-0.2403,0.0000,-0.2403,-5.9267,0.0636,-5.8630,-0.0722
3.158,-0.2332,0.0000,-0.2332,-5.8582,0.0593,-5.7988,-0.1535
3.163,-0.2256,0.0000,-0.2256,-5.7838,0.0593,-5.7245,-0.1535
3.167,-0.2207,0.0000,-0.2207,-5.7342,0.0593,-5.6748,-0.1535
3.172,-0.2147,0.0000,-0.2147,-5.6728,0.0593,-5.6135,-0.1535
3.176,-0.2099,0.0000,-0.2099,-5.6228,0.0552,-5.5676,-0.2363
3.180,-0.2041,0.0000,-0.2041,-5.5606,0.0552,-5.5054,-0.2363
3.184,-0.1996,0.0000,-0.1996,-5.5123,0.0552,-5.4571,-0.2363
3.189,-0.1942,0.0000,-0.1942,-5.4537,0.0552,-5.3985,-0.2363
3.193,-0.1896,0.0000,-0.1896,-5.4018,0.0552,-5.3466,-0.2363
3.198,-0.1846,0.0000,-0.1846,-5.3452,0.0512,-5.2940,-0.3138
3.203,-0.1789,0.0000,-0.1789,-5.2802,0.0512,-5.2290,-0.3138
3.207,-0.1747,0.0000,-0.1747,-5.2314,0.0512,-5.1802,-0.3138
3.211,-0.1704,0.0000,-0.1704,-5.1797,0.0512,-5.1286,-0.3138
3.215,-0.1667,0.0000,-0.1667,-5.1353,0.0473,-5.0880,-0.3856
3.221,-0.1611,0.0000,-0.1611,-5.0677,0.0473,-5.0204,-0.3856
3.225,-0.1575,0.0000,-0.1575,-5.0240,0.0473,-4.9766,-0.3856
3.229,-0.1536,0.0000,-0.1536,-4.9756,0.0473,-4.9283,-0.3856
3.233,-0.1502,0.0000,-0.1502,-4.9320,0.0473,-4.8847,-0.3856
3.238,-0.1458,0.0000,-0.1458,-4.8763,0.0436,-4.8328,-0.4517
3.244,-0.1403,0.0000,-0.1403,-4.8058,0.0436,-4.7622,-0.4517
3.249,-0.1363,0.0000,-0.1363,-4.7532,0.0436,-4.7096,-0.4517
3.254,-0.1327,0.0000,-0.1327,-4.7062,0.0399,-4.6663,-0.5119
3.259,-0.1289,0.0000,-0.1289,-4.6545,0.0399,-4.6145,-0.5119
3.263,-0.1260,0.0000,-0.1260,-4.6160,0.0399,-4.5761,-0.5119
3.267,-0.1227,0.0000,-0.1227,-4.5706,0.0399,-4.5307,-0.5119
3.271,-0.1198,0.0000,-0.1198,-4.5321,0.0399,-4.4921,-0.5119
3.276,-0.1168,0.0000,-0.1168,-4.4902,0.0364,-4.4538,-0.5661
3.281,-0.1136,0.0000,-0.1136,-4.4456,0.0364,-4.4093,-0.5661
3.284,-0.1111,0.0000,-0.1111,-4.4106,0.0364,-4.3743,-0.5661
3.296,-0.1037,0.0000,-0.1037,-4.3063,0.0329,-4.2734,-0.6145
3.303,-0.0992,0.0000,-0.0992,-4.2406,0.0329,-4.2078,-0.6145
3.308,-0.0963,0.0000,-0.0963,-4.1998,0.0329,-4.1669,-0.6145
3.312,-0.0941,0.0000,-0.0941,-4.1670,0.0329,-4.1342,-0.6145
3.316,-0.0920,0.0000,-0.0920,-4.1364,0.0294,-4.1069,-0.6568
3.321,-0.0894,0.0000,-0.0894,-4.0992,0.0294,-4.0698,-0.6568
3.326,-0.0869,0.0000,-0.0869,-4.0616,0.0294,-4.0322,-0.6568
3.330,-0.0849,0.0000,-0.0849,-4.0326,0.0294,-4.0031,-0.6568
3.334,-0.0831,0.0000,-0.0831,-4.0060,0.0294,-3.9766,-0.6568
3.337,-0.0813,0.0000,-0.0813,-3.9782,0.0260,-3.9522,-0.6926
3.343,-0.0788,0.0000,-0.0788,-3.9418,0.0260,-3.9157,-0.6926
3.346,-0.0771,0.0000,-0.0771,-3.9160,0.0260,-3.8900,-0.6926
3.350,-0.0755,0.0000,-0.0755,-3.8917,0.0260,-3.8656,-0.6926
3.354,-0.0738,0.0000,-0.0738,-3.8667,0.0223,-3.8444,-0.6944
3.358,-0.0719,0.0000,-0.0719,-3.8380,0.0223,-3.8157,-0.6944
3.362,-0.0703,0.0000,-0.0703,-3.8147,0.0223,-3.7924,-0.6944
3.366,-0.0688,0.0000,-0.0688,-3.7921,0.0223,-3.7698,-0.6944
3.370,-0.0672,0.0000,-0.0672,-3.7686,0.0223,-3.7463,-0.6944
3.374,-0.0657,0.0000,-0.0657,-3.7450,0.0181,-3.7269,-0.6587
3.379,-0.0637,0.0000,-0.0637,-3.7158,0.0181,-3.6977,-0.6587
3.382,-0.0623,0.0000,-0.0623,-3.6952,0.0181,-3.6771,-0.6587
3.387,-0.0606,0.0000,-0.0606,-3.6696,0.0181,-3.6515,-0.6587
3.392,-0.0591,0.0000,-0.0591,-3.6463,0.0181,-3.6283,-0.6587
3.397,-0.0573,0.0000,-0.0573,-3.6205,0.0138,-3.6068,-0.6150
3.403,-0.0551,0.0000,-0.0551,-3.5882,0.0138,-3.5744,-0.6150
3.407,-0.0538,0.0000,-0.0538,-3.5687,0.0138,-3.5549,-0.6150
3.412,-0.0524,0.0000,-0.0524,-3.5488,0.0138,-3.5350,-0.6150
3.417,-0.0507,0.0000,-0.0507,-3.5242,0.0000,-3.5242,-0.5705
3.424,-0.0488,0.0000,-0.0488,-3.4969,0.0000,-3.4969,-0.5705
3.429,-0.0474,0.0000,-0.0474,-3.4770,0.0000,-3.4770,-0.5705
3.433,-0.0462,0.0000,-0.0462,-3.4600,0.0000,-3.4600,-0.5705
3.439,-0.0448,0.0000,-0.0448,-3.4398,0.0000,-3.4398,-0.5495
3.443,-0.0436,0.0000,-0.0436,-3.4241,0.0000,-3.4241,-0.5495
3.447,-0.0426,0.0000,-0.0426,-3.4109,0.0000,-3.4109,-0.5495
3.451,-0.0417,0.0000,-0.0417,-3.3982,0.0000,-3.3982,-0.5495
3.455,-0.0406,0.0000,-0.0406,-3.3838,0.0000,-3.3838,-0.5315
3.460,-0.0396,0.0000,-0.0396,-3.3708,0.0000,-3.3708,-0.5315
3.463,-0.0387,0.0000,-0.0387,-3.3596,0.0000,-3.3596,-0.5315
3.468,-0.0377,0.0000,-0.0377,-3.3479,0.0000,-3.3479,-0.5315
3.472,-0.0367,0.0000,-0.0367,-3.3355,0.0000,-3.3355,-0.5315
3.477,-0.0357,0.0000,-0.0357,-3.3242,0.0000,-3.3242,-0.5111
3.481,-0.0348,0.0000,-0.0348,-3.3131,0.0000,-3.3131,-0.5111
3.485,-0.0340,0.0000,-0.0340,-3.3043,0.0000,-3.3043,-0.5111
3.489,-0.0332,0.0000,-0.0332,-3.2961,0.0000,-3.2961,-0.5111
3.494,-0.0324,0.0000,-0.0324,-3.2873,0.0000,-3.2873,-0.5111
3.497,-0.0316,0.0000,-0.0316,-3.2802,0.0000,-3.2802,-0.4885
3.502,-0.0307,0.0000,-0.0307,-3.2713,0.0000,-3.2713,-0.4885
3.506,-0.0300,0.0000,-0.0300,-3.2650,0.0000,-3.2650,-0.4885
3.511,-0.0293,0.0000,-0.0293,-3.2587,0.0000,-3.2587,-0.4885
3.514,-0.0286,0.0000,-0.0286,-3.2535,0.0000,-3.2535,-0.4637
3.519,-0.0278,0.0000,-0.0278,-3.2473,0.0000,-3.2473,-0.4637
3.523,-0.0271,0.0000,-0.0271,-3.2429,0.0000,-3.2429,-0.4637
3.528,-0.0264,0.0000,-0.0264,-3.2382,0.0000,-3.2382,-0.4637
3.533,-0.0257,0.0000,-0.0257,-3.2343,0.0000,-3.2343,-0.4637
3.537,-0.0251,0.0000,-0.0251,-3.2314,0.0000,-3.2314,-0.4365
3.542,-0.0243,0.0000,-0.0243,-3.2284,0.0000,-3.2284,-0.4365
3.547,-0.0235,0.0000,-0.0235,-3.2262,0.0000,-3.2262,-0.4365
3.553,-0.0227,0.0000,-0.0227,-3.2247,0.0000,-3.2247,-0.4365
3.558,-0.0221,0.0000,-0.0221,-3.2242,0.0000,-3.2242,-0.3739
3.562,-0.0215,0.0000,-0.0215,-3.2244,0.0000,-3.2244,-0.3739
3.567,-0.0210,0.0000,-0.0210,-3.2251,0.0000,-3.2251,-0.3739
3.571,-0.0204,0.0000,-0.0204,-3.2264,0.0000,-3.2264,-0.3739
3.575,-0.0199,0.0000,-0.0199,-3.2282,0.0000,-3.2282,-0.3018
3.581,-0.0193,0.0000,-0.0193,-3.2313,0.0000,-3.2313,-0.3018
3.585,-0.0188,0.0000,-0.0188,-3.2341,0.0000,-3.2341,-0.3018
3.590,-0.0183,0.0000,-0.0183,-3.2382,0.0000,-3.2382,-0.3018
3.594,-0.0179,0.0000,-0.0179,-3.2422,0.0000,-3.2422,-0.2312
3.598,-0.0174,0.0000,-0.0174,-3.2471,0.0000,-3.2471,-0.2312
3.602,-0.0170,0.0000,-0.0170,-3.2518,0.0000,-3.2518,-0.2312
3.607,-0.0165,0.0000,-0.0165,-3.2586,0.0000,-3.2586,-0.2312
3.611,-0.0161,0.0000,-0.0161,-3.2644,0.0000,-3.2644,-0.2312
3.615,-0.0158,0.0000,-0.0158,-3.2705,0.0000,-3.2705,-0.1386
3.619,-0.0154,0.0000,-0.0154,-3.2777,0.0000,-3.2777,-0.1386
3.623,-0.0151,0.0000,-0.0151,-3.2850,0.0000,-3.2850,-0.1386
3.626,-0.0147,0.0000,-0.0147,-3.2922,0.0000,-3.2922,-0.1386
3.630,-0.0144,0.0000,-0.0144,-3.3013,0.0000,-3.3013,-0.1386
3.634,-0.0140,0.0000,-0.0140,-3.3100,0.0000,-3.3100,-0.0444
3.639,-0.0137,0.0000,-0.0137,-3.3212,0.0000,-3.3212,-0.0444
3.643,-0.0134,0.0000,-0.0134,-3.3307,0.0000,-3.3307,-0.0444
3.647,-0.0130,0.0000,-0.0130,-3.3427,0.0000,-3.3427,-0.0444
3.651,-0.0127,0.0000,-0.0127,-3.3533,0.0000,-3.3533,-0.0444
3.655,-0.0124,0.0000,-0.0124,-3.3651,0.0000,-3.3651,0.0460
3.659,-0.0121,0.0000,-0.0121,-3.3792,0.0000,-3.3792,0.0460
3.663,-0.0118,0.0000,-0.0118,-3.3916,0.0000,-3.3916,0.0460
3.667,-0.0116,0.0000,-0.0116,-3.4039,0.0000,-3.4039,0.0460
3.671,-0.0113,0.0000,-0.0113,-3.4187,0.0000,-3.4187,0.0460
3.675,-0.0110,0.0000,-0.0110,-3.4329,0.0000,-3.4329,0.1324
3.679,-0.0107,0.0000,-0.0107,-3.4495,0.0000,-3.4495,0.1324
3.683,-0.0105,0.0000,-0.0105,-3.4641,0.0000,-3.4641,0.1324
3.687,-0.0103,0.0000,-0.0103,-3.4800,0.0000,-3.4800,0.1324
3.691,-0.0100,0.0000,-0.0100,-3.4966,0.0000,-3.4966,0.1324
3.695,-0.0098,0.0000,-0.0098,-3.5135,0.0000,-3.5135,0.2145
3.700,-0.0095,0.0000,-0.0095,-3.5403,0.0000,-3.5403,0.2145
3.706,-0.0092,0.0000,-0.0092,-3.5658,0.0000,-3.5658,0.2145
3.709,-0.0090,0.0000,-0.0090,-3.5842,0.0000,-3.5842,0.2145
3.713,-0.0088,0.0000,-0.0088,-3.6025,0.0000,-3.6025,0.2145
3.717,-0.0086,0.0000,-0.0086,-3.6270,0.0000,-3.6270,0.2916
3.722,-0.0083,0.0000,-0.0083,-3.6531,0.0000,-3.6531,0.2916
3.726,-0.0081,0.0000,-0.0081,-3.6746,0.0000,-3.6746,0.2916
3.730,-0.0080,0.0000,-0.0080,-3.6961,0.0000,-3.6961,0.2916
3.734,-0.0078,0.0000,-0.0078,-3.7210,0.0000,-3.7210,0.3915
3.739,-0.0075,0.0000,-0.0075,-3.7552,0.0000,-3.7552,0.3915
3.743,-0.0074,0.0000,-0.0074,-3.7803,0.0000,-3.7803,0.3915
3.747,-0.0072,0.0000,-0.0072,-3.8078,0.0000,-3.8078,0.3915
3.751,-0.0070,0.0000,-0.0070,-3.8334,0.0000,-3.8334,0.3915
3.754,-0.0069,0.0000,-0.0069,-3.8609,0.0000,-3.8609,0.4914
3.759,-0.0067,0.0000,-0.0067,-3.8928,0.0000,-3.8928,0.4914
3.763,-0.0065,0.0000,-0.0065,-3.9217,0.0000,-3.9217,0.4914
3.767,-0.0064,0.0000,-0.0064,-3.9518,0.0000,-3.9518,0.4914
3.771,-0.0062,0.0000,-0.0062,-3.9873,0.0000,-3.9873,0.4914
3.775,-0.0061,0.0000,-0.0061,-4.0179,0.0000,-4.0179,0.5832
3.780,-0.0059,0.0000,-0.0059,-4.0600,0.0000,-4.0600,0.5832
3.783,-0.0058,0.0000,-0.0058,-4.0922,0.0000,-4.0922,0.5832
3.787,-0.0056,0.0000,-0.0056,-4.1296,0.0000,-4.1296,0.5832
3.791,-0.0055,0.0000,-0.0055,-4.1659,0.0000,-4.1659,0.5832
3.796,-0.0054,0.0000,-0.0054,-4.2071,0.0000,-4.2071,0.7256
3.800,-0.0052,0.0000,-0.0052,-4.2496,0.0000,-4.2496,0.7256
3.804,-0.0051,0.0000,-0.0051,-4.2914,0.0000,-4.2914,0.7256
3.808,-0.0050,0.0000,-0.0050,-4.3302,0.0000,-4.3302,0.7256
3.812,-0.0049,0.0000,-0.0049,-4.3709,0.0000,-4.3709,0.7256
3.815,-0.0048,0.0000,-0.0048,-4.4107,0.0000,-4.4107,0.8289
3.820,-0.0046,0.0000,-0.0046,-4.4679,0.0000,-4.4679,0.8289
3.824,-0.0045,0.0000,-0.0045,-4.5136,0.0000,-4.5136,0.8289
3.829,-0.0044,0.0000,-0.0044,-4.5667,0.0000,-4.5667,0.8289
3.833,-0.0043,0.0000,-0.0043,-4.6151,0.0000,-4.6151,0.8289
3.837,-0.0042,0.0000,-0.0042,-4.6676,0.0000,-4.6676,0.9126
3.843,-0.0040,0.0000,-0.0040,-4.7473,0.0000,-4.7473,0.9126
3.847,-0.0040,0.0000,-0.0040,-4.8027,0.0000,-4.8027,0.9126
3.853,-0.0038,0.0000,-0.0038,-4.8826,0.0000,-4.8826,0.9126
3.859,-0.0037,0.0000,-0.0037,-4.9784,0.0000,-4.9784,0.9854
3.864,-0.0036,0.0000,-0.0036,-5.0532,0.0000,-5.0532,0.9854
3.868,-0.0035,0.0000,-0.0035,-5.1174,0.0000,-5.1174,0.9854
3.872,-0.0034,0.0000,-0.0034,-5.1860,0.0000,-5.1860,0.9854
3.877,-0.0033,0.0000,-0.0033,-5.2637,0.0000,-5.2637,1.0475
3.883,-0.0032,0.0000,-0.0032,-5.3642,0.0000,-5.3642,1.0475
3.887,-0.0031,0.0000,-0.0031,-5.4401,0.0000,-5.4401,1.0475
3.892,-0.0030,0.0000,-0.0030,-5.5206,0.0000,-5.5206,1.0475
3.896,-0.0029,0.0000,-0.0029,-5.5892,0.0000,-5.5892,1.0988
3.901,-0.0029,0.0000,-0.0029,-5.6727,0.0000,-5.6727,1.0988
3.906,-0.0028,0.0000,-0.0028,-5.7498,0.0000,-5.7498,1.0988
3.911,-0.0027,0.0000,-0.0027,-5.8281,0.0000,-5.8281,1.0988
3.915,-0.0026,0.0000,-0.0026,-5.8926,0.0000,-5.8926,1.0547
3.920,-0.0026,0.0000,-0.0026,-5.9525,0.0000,-5.9525,1.0547
3.924,-0.0025,0.0000,-0.0025,-6.0108,0.0000,-6.0108,1.0547
3.929,-0.0024,0.0000,-0.0024,-6.0595,0.0000,-6.0595,1.0547
3.933,-0.0024,0.0000,-0.0024,-6.1074,0.0000,-6.1074,1.0547
3.938,-0.0023,0.0000,-0.0023,-6.1553,0.0000,-6.1553,0.9957
3.943,-0.0022,0.0000,-0.0022,-6.1938,0.0000,-6.1938,0.9957
3.947,-0.0022,0.0000,-0.0022,-6.2287,0.0000,-6.2287,0.9957
3.951,-0.0021,0.0000,-0.0021,-6.2578,0.0000,-6.2578,0.9957
3.955,-0.0021,0.0000,-0.0021,-6.2883,0.0000,-6.2883,0.9304
3.960,-0.0020,0.0000,-0.0020,-6.3147,0.0000,-6.3147,0.9304
3.964,-0.0020,0.0000,-0.0020,-6.3393,0.0000,-6.3393,0.9304
3.969,-0.0019,0.0000,-0.0019,-6.3604,0.0000,-6.3604,0.9304
3.973,-0.0019,0.0000,-0.0019,-6.3802,0.0000,-6.3802,0.9304
3.977,-0.0018,0.0000,-0.0018,-6.3942,0.0000,-6.3942,0.9090
3.982,-0.0018,0.0000,-0.0018,-6.4103,0.0000,-6.4103,0.9090
3.986,-0.0017,0.0000,-0.0017,-6.4202,0.0000,-6.4202,0.9090
3.991,-0.0017,0.0000,-0.0017,-6.4296,0.0000,-6.4296,0.9090
3.995,-0.0016,0.0000,-0.0016,-6.4359,0.0000,-6.4359,0.8923
4.000,-0.0016,0.0000,-0.0016,-6.4420,0.0000,-6.4420,0.8923
4.006,-0.0015,0.0000,-0.0015,-6.4449,0.0000,-6.4449,0.8923
4.011,-0.0015,0.0000,-0.0015,-6.4449,0.0000,-6.4449,0.8923
4.016,-0.0014,0.0000,-0.0014,-6.4430,0.0000,-6.4430,0.8650
4.021,-0.0014,0.0000,-0.0014,-6.4392,0.0000,-6.4392,0.8650
4.025,-0.0014,0.0000,-0.0014,-6.4350,0.0000,-6.4350,0.8650
4.030,-0.0013,0.0000,-0.0013,-6.4274,0.0000,-6.4274,0.8650
4.034,-0.0013,0.0000,-0.0013,-6.4201,0.0000,-6.4201,0.8273
4.039,-0.0012,0.0000,-0.0012,-6.4086,0.0000,-6.4086,0.8273
4.043,-0.0012,0.0000,-0.0012,-6.3992,0.0000,-6.3992,0.8273
4.047,-0.0012,0.0000,-0.0012,-6.3876,0.0000,-6.3876,0.8273
4.051,-0.0012,0.0000,-0.0012,-6.3771,0.0000,-6.3771,0.8273
4.056,-0.0011,0.0000,-0.0011,-6.3627,0.0000,-6.3627,0.7800
4.060,-0.0011,0.0000,-0.0011,-6.3473,0.0000,-6.3473,0.7800
4.064,-0.0011,0.0000,-0.0011,-6.3341,0.0000,-6.3341,0.7800
4.068,-0.0010,0.0000,-0.0010,-6.3205,0.0000,-6.3205,0.7800
4.072,-0.0010,0.0000,-0.0010,-6.3015,0.0000,-6.3015,0.7800
4.077,-0.0010,0.0000,-0.0010,-6.2815,0.0000,-6.2815,0.7234
4.081,-0.0010,0.0000,-0.0010,-6.2628,0.0000,-6.2628,0.7234
4.086,-0.0009,0.0000,-0.0009,-6.2424,0.0000,-6.2424,0.7234
4.090,-0.0009,0.0000,-0.0009,-6.2235,0.0000,-6.2235,0.7234
4.095,-0.0009,0.0000,-0.0009,-6.2020,-0.0147,-6.2168,0.7420
4.099,-0.0009,0.0000,-0.0009,-6.1803,-0.0147,-6.1950,0.7420
4.104,-0.0008,0.0000,-0.0008,-6.1538,-0.0147,-6.1685,0.7420
4.109,-0.0008,0.0000,-0.0008,-6.1283,-0.0147,-6.1430,0.7420
4.113,-0.0008,0.0000,-0.0008,-6.1080,-0.0147,-6.1227,0.7420
4.117,-0.0008,0.0000,-0.0008,-6.0847,-0.0221,-6.1068,0.6576
4.122,-0.0008,0.0000,-0.0008,-6.0587,-0.0221,-6.0808,0.6576
4.126,-0.0007,0.0000,-0.0007,-6.0335,-0.0221,-6.0556,0.6576
4.130,-0.0007,0.0000,-0.0007,-6.0121,-0.0221,-6.0342,0.6576
4.134,-0.0007,0.0000,-0.0007,-5.9869,-0.0225,-6.0093,0.4884
4.139,-0.0007,0.0000,-0.0007,-5.9590,-0.0225,-5.9815,0.4884
4.144,-0.0007,0.0000,-0.0007,-5.9328,-0.0225,-5.9553,0.4884
4.148,-0.0006,0.0000,-0.0006,-5.9103,-0.0225,-5.9328,0.4884
4.153,-0.0006,0.0000,-0.0006,-5.8793,-0.0225,-5.9018,0.4884
4.159,-0.0006,0.0000,-0.0006,-5.8431,-0.0370,-5.8801,0.4845
4.165,-0.0006,0.0000,-0.0006,-5.8063,-0.0370,-5.8433,0.4845
4.169,-0.0006,0.0000,-0.0006,-5.7796,-0.0370,-5.8166,0.4845
4.174,-0.0005,0.0000,-0.0005,-5.7504,-0.0503,-5.8008,0.4691
4.178,-0.0005,0.0000,-0.0005,-5.7237,-0.0503,-5.7740,0.4691
4.183,-0.0005,0.0000,-0.0005,-5.6969,-0.0503,-5.7473,0.4691
4.187,-0.0005,0.0000,-0.0005,-5.6693,-0.0503,-5.7197,0.4691
4.192,-0.0005,0.0000,-0.0005,-5.6384,-0.0503,-5.6887,0.4691
4.197,-0.0005,0.0000,-0.0005,-5.6106,-0.0553,-5.6659,0.3699
4.201,-0.0005,0.0000,-0.0005,-5.5826,-0.0553,-5.6379,0.3699
4.206,-0.0005,0.0000,-0.0005,-5.5544,-0.0553,-5.6097,0.3699
4.210,-0.0004,0.0000,-0.0004,-5.5311,-0.0553,-5.5864,0.3699
4.214,-0.0004,0.0000,-0.0004,-5.5045,-0.0539,-5.5585,0.2087
4.219,-0.0004,0.0000,-0.0004,-5.4762,-0.0539,-5.5302,0.2087
4.223,-0.0004,0.0000,-0.0004,-5.4490,-0.0539,-5.5029,0.2087
4.227,-0.0004,0.0000,-0.0004,-5.4265,-0.0539,-5.4804,0.2087
4.232,-0.0004,0.0000,-0.0004,-5.3984,-0.0539,-5.4524,0.2087
4.237,-0.0004,0.0000,-0.0004,-5.3696,-0.0522,-5.4219,0.0475
4.241,-0.0004,0.0000,-0.0004,-5.3433,-0.0522,-5.3955,0.0475
4.245,-0.0004,0.0000,-0.0004,-5.3227,-0.0522,-5.3749,0.0475
4.250,-0.0003,0.0000,-0.0003,-5.2952,-0.0522,-5.3474,0.0475
4.255,-0.0003,0.0000,-0.0003,-5.2672,-0.0563,-5.3235,-0.0529
4.259,-0.0003,0.0000,-0.0003,-5.2421,-0.0563,-5.2984,-0.0529
4.264,-0.0003,0.0000,-0.0003,-5.2149,-0.0563,-5.2712,-0.0529
4.268,-0.0003,0.0000,-0.0003,-5.1926,-0.0563,-5.2490,-0.0529
4.273,-0.0003,0.0000,-0.0003,-5.1672,-0.0563,-5.2235,-0.0529
4.277,-0.0003,0.0000,-0.0003,-5.1453,-0.0651,-5.2105,-0.1007
4.283,-0.0003,0.0000,-0.0003,-5.1129,-0.0651,-5.1780,-0.1007
4.287,-0.0003,0.0000,-0.0003,-5.0880,-0.0651,-5.1532,-0.1007
4.291,-0.0003,0.0000,-0.0003,-5.0671,-0.0651,-5.1323,-0.1007
4.296,-0.0003,0.0000,-0.0003,-5.0449,-0.0696,-5.1146,-0.1860
4.300,-0.0003,0.0000,-0.0003,-5.0230,-0.0696,-5.0926,-0.1860
4.305,-0.0002,0.0000,-0.0002,-4.9983,-0.0696,-5.0679,-0.1860
4.311,-0.0002,0.0000,-0.0002,-4.9695,-0.0696,-5.0391,-0.1860
4.316,-0.0002,0.0000,-0.0002,-4.9439,-0.0734,-5.0173,-0.2738
4.321,-0.0002,0.0000,-0.0002,-4.9202,-0.0734,-4.9936,-0.2738
4.325,-0.0002,0.0000,-0.0002,-4.9025,-0.0734,-4.9759,-0.2738
4.330,-0.0002,0.0000,-0.0002,-4.8819,-0.0734,-4.9553,-0.2738
4.334,-0.0002,0.0000,-0.0002,-4.8620,-0.0770,-4.9391,-0.3582
4.339,-0.0002,0.0000,-0.0002,-4.8422,-0.0770,-4.9192,-0.3582
4.344,-0.0002,0.0000,-0.0002,-4.8234,-0.0770,-4.9004,-0.3582
4.347,-0.0002,0.0000,-0.0002,-4.8073,-0.0770,-4.8843,-0.3582
4.352,-0.0002,0.0000,-0.0002,-4.7901,-0.0770,-4.8671,-0.3582
4.356,-0.0002,0.0000,-0.0002,-4.7742,-0.0805,-4.8547,-0.4391
4.361,-0.0002,0.0000,-0.0002,-4.7552,-0.0805,-4.8357,-0.4391
4.365,-0.0002,0.0000,-0.0002,-4.7409,-0.0805,-4.8214,-0.4391
4.369,-0.0002,0.0000,-0.0002,-4.7254,-0.0805,-4.8059,-0.4391
4.373,-0.0002,0.0000,-0.0002,-4.7112,-0.0805,-4.7917,-0.4391
4.378,-0.0002,0.0000,-0.0002,-4.6938,-0.0839,-4.7778,-0.5163
4.383,-0.0002,0.0000,-0.0002,-4.6782,-0.0839,-4.7621,-0.5163
4.387,-0.0002,0.0000,-0.0002,-4.6658,-0.0839,-4.7497,-0.5163
4.391,-0.0001,0.0000,-0.0001,-4.6520,-0.0839,-4.7359,-0.5163
4.395,-0.0001,0.0000,-0.0001,-4.6402,-0.0872,-4.7275,-0.5890
4.407,-0.0001,0.0000,-0.0001,-4.6066,-0.0872,-4.6939,-0.5890
4.412,-0.0001,0.0000,-0.0001,-4.5930,-0.0872,-4.6802,-0.5890
4.418,-0.0001,0.0000,-0.0001,-4.5805,-0.0906,-4.6710,-0.6570
4.423,-0.0001,0.0000,-0.0001,-4.5689,-0.0906,-4.6595,-0.6570
4.427,-0.0001,0.0000,-0.0001,-4.5608,-0.0906,-4.6514,-0.6570
4.431,-0.0001,0.0000,-0.0001,-4.5528,-0.0906,-4.6433,-0.6570
4.435,-0.0001,0.0000,-0.0001,-4.5450,-0.0938,-4.6388,-0.7199
4.442,-0.0001,0.0000,-0.0001,-4.5328,-0.0938,-4.6266,-0.7199
4.447,-0.0001,0.0000,-0.0001,-4.5264,-0.0938,-4.6202,-0.7199
4.451,-0.0001,0.0000,-0.0001,-4.5210,-0.0938,-4.6148,-0.7199
4.456,-0.0001,0.0000,-0.0001,-4.5150,-0.0971,-4.6121,-0.7778
4.463,-0.0001,0.0000,-0.0001,-4.5084,-0.0971,-4.6055,-0.7778
4.469,-0.0001,0.0000,-0.0001,-4.5039,-0.0971,-4.6010,-0.7778
4.474,-0.0001,0.0000,-0.0001,-4.5012,-0.1002,-4.6015,-0.8317
4.479,-0.0001,0.0000,-0.0001,-4.4994,-0.1002,-4.5997,-0.8317
4.483,-0.0001,0.0000,-0.0001,-4.4986,-0.1002,-4.5988,-0.8317
4.488,-0.0001,0.0000,-0.0001,-4.4985,-0.1002,-4.5988,-0.8317
4.493,-0.0001,0.0000,-0.0001,-4.4994,-0.1002,-4.5996,-0.8317
4.499,-0.0001,0.0000,-0.0001,-4.5021,-0.1032,-4.6052,-0.8827
4.504,-0.0001,0.0000,-0.0001,-4.5059,-0.1032,-4.6091,-0.8827
4.508,-0.0001,0.0000,-0.0001,-4.5095,-0.1032,-4.6127,-0.8827
4.514,-0.0001,0.0000,-0.0001,-4.5152,-0.1061,-4.6213,-0.9279
4.519,-0.0001,0.0000,-0.0001,-4.5234,-0.1061,-4.6295,-0.9279
4.524,-0.0001,0.0000,-0.0001,-4.5304,-0.1061,-4.6365,-0.9279
4.529,-0.0001,0.0000,-0.0001,-4.5392,-0.1061,-4.6453,-0.9279
4.533,-0.0001,0.0000,-0.0001,-4.5491,-0.1061,-4.6552,-0.9279
4.539,-0.0001,0.0000,-0.0001,-4.5628,-0.1082,-4.6711,-0.9776
4.546,-0.0001,0.0000,-0.0001,-4.5806,-0.1082,-4.6888,-0.9776
4.550,-0.0001,0.0000,-0.0001,-4.5933,-0.1082,-4.7016,-0.9776
4.555,-0.0001,0.0000,-0.0001,-4.6119,-0.1077,-4.7197,-1.0577
4.561,-0.0001,0.0000,-0.0001,-4.6337,-0.1077,-4.7415,-1.0577
4.565,-0.0001,0.0000,-0.0001,-4.6505,-0.1077,-4.7582,-1.0577
4.570,0.0000,0.0000,0.0000,-4.6717,-0.1077,-4.7794,-1.0577
4.574,0.0000,0.0106,0.0105,-4.6914,-0.1053,-4.7967,-1.1609
4.580,0.0000,0.0106,0.0105,-4.7264,-0.1053,-4.8317,-1.1609
4.585,0.0000,0.0106,0.0105,-4.7643,-0.1053,-4.8696,-1.1609
4.589,0.0000,0.0106,0.0105,-4.8040,-0.1053,-4.9093,-1.1609
4.594,0.0000,0.0199,0.0198,-4.8572,-0.1034,-4.9607,-1.2549
4.599,0.0000,0.0199,0.0198,-4.9120,-0.1034,-5.0154,-1.2549
4.604,0.0000,0.0199,0.0198,-4.9752,-0.1034,-5.0786,-1.2549
4.609,0.0000,0.0199,0.0198,-5.0440,-0.1034,-5.1474,-1.2549
4.614,0.0000,0.0277,0.0277,-5.1272,-0.1022,-5.2294,-1.3368
4.620,0.0000,0.0277,0.0277,-5.2234,-0.1022,-5.3255,-1.3368
4.625,0.0000,0.0277,0.0277,-5.2962,-0.1022,-5.3984,-1.3368
4.629,0.0000,0.0277,0.0277,-5.3619,-0.1022,-5.4641,-1.3368
4.633,0.0000,0.0277,0.0277,-5.4253,-0.1022,-5.5275,-1.3368
4.637,0.0000,0.0343,0.0342,-5.4836,-0.1015,-5.5851,-1.4068
4.642,0.0000,0.0343,0.0342,-5.5547,-0.1015,-5.6562,-1.4068
4.645,0.0000,0.0343,0.0342,-5.6077,-0.1015,-5.7092,-1.4068
4.650,0.0000,0.0343,0.0342,-5.6661,-0.1015,-5.7676,-1.4068
4.653,0.0000,0.0343,0.0342,-5.7157,-0.1015,-5.8172,-1.4068
4.658,0.0000,0.0433,0.0433,-5.7734,-0.0981,-5.8715,-1.5178
4.662,0.0000,0.0433,0.0433,-5.8287,-0.0981,-5.9268,-1.5178
4.666,0.0000,0.0433,0.0433,-5.8790,-0.0981,-5.9771,-1.5178
4.671,0.0000,0.0433,0.0433,-5.9276,-0.0981,-6.0257,-1.5178
4.675,0.0000,0.0492,0.0492,-5.9771,-0.0970,-6.0741,-1.5912
4.679,0.0000,0.0492,0.0492,-6.0237,-0.0970,-6.1207,-1.5912
4.684,0.0000,0.0492,0.0492,-6.0698,-0.0970,-6.1667,-1.5912
4.688,0.0000,0.0492,0.0492,-6.1178,-0.0970,-6.2148,-1.5912
4.695,0.0000,0.0536,0.0536,-6.1801,-0.0966,-6.2766,-1.6497
4.701,0.0000,0.0536,0.0536,-6.2345,-0.0966,-6.3311,-1.6497
4.706,0.0000,0.0536,0.0536,-6.2770,-0.0966,-6.3736,-1.6497
4.710,0.0000,0.0536,0.0536,-6.3088,-0.0966,-6.4054,-1.6497
4.714,0.0000,0.0587,0.0586,-6.3407,-0.0952,-6.4359,-1.7224
4.721,0.0000,0.0587,0.0586,-6.3908,-0.0952,-6.4860,-1.7224
4.725,0.0000,0.0587,0.0586,-6.4160,-0.0952,-6.5112,-1.7224
4.729,0.0000,0.0587,0.0586,-6.4417,-0.0952,-6.5369,-1.7224
4.733,0.0000,0.0587,0.0586,-6.4653,-0.0952,-6.5605,-1.7224
4.738,0.0000,0.0613,0.0613,-6.4922,-0.0954,-6.5877,-1.7651
4.743,0.0000,0.0613,0.0613,-6.5145,-0.0954,-6.6099,-1.7651
4.747,0.0000,0.0613,0.0613,-6.5348,-0.0954,-6.6303,-1.7651
4.751,0.0000,0.0613,0.0613,-6.5520,-0.0954,-6.6474,-1.7651
4.755,0.0000,0.0627,0.0627,-6.5696,-0.0963,-6.6659,-1.7937
4.760,0.0000,0.0627,0.0627,-6.5865,-0.0963,-6.6828,-1.7937
4.766,0.0000,0.0627,0.0627,-6.6052,-0.0963,-6.7015,-1.7937
4.771,0.0000,0.0627,0.0627,-6.6213,-0.0963,-6.7176,-1.7937
4.775,0.0000,0.0630,0.0630,-6.6306,-0.0977,-6.7284,-1.8084
4.780,0.0000,0.0630,0.0630,-6.6412,-0.0977,-6.7389,-1.8084
4.784,0.0000,0.0630,0.0630,-6.6485,-0.0977,-6.7462,-1.8084
4.789,0.0000,0.0630,0.0630,-6.6546,-0.0977,-6.7523,-1.8084
4.793,0.0000,0.0630,0.0630,-6.6590,-0.0977,-6.7567,-1.8084
4.797,0.0000,0.0623,0.0623,-6.6622,-0.0998,-6.7620,-1.8092
4.801,0.0000,0.0623,0.0623,-6.6645,-0.0998,-6.7642,-1.8092
4.806,0.0000,0.0623,0.0623,-6.6651,-0.0998,-6.7649,-1.8092
4.810,0.0000,0.0623,0.0623,-6.6644,-0.0998,-6.7642,-1.8092
4.814,0.0000,0.0607,0.0607,-6.6628,-0.1023,-6.7652,-1.7962
4.819,0.0000,0.0607,0.0607,-6.6592,-0.1023,-6.7616,-1.7962
4.823,0.0000,0.0607,0.0607,-6.6552,-0.1023,-6.7575,-1.7962
4.827,0.0000,0.0607,0.0607,-6.6496,-0.1023,-6.7519,-1.7962
4.831,0.0000,0.0607,0.0607,-6.6436,-0.1023,-6.7459,-1.7962
4.835,0.0000,0.0583,0.0583,-6.6360,-0.1055,-6.7415,-1.7693
4.839,0.0000,0.0583,0.0583,-6.6262,-0.1055,-6.7317,-1.7693
4.844,0.0000,0.0583,0.0583,-6.6148,-0.1055,-6.7203,-1.7693
4.848,0.0000,0.0583,0.0583,-6.6041,-0.1055,-6.7096,-1.7693
4.852,0.0000,0.0583,0.0583,-6.5915,-0.1055,-6.6970,-1.7693
4.856,0.0000,0.0535,0.0535,-6.5782,-0.1106,-6.6889,-1.7004
4.862,0.0000,0.0535,0.0535,-6.5590,-0.1106,-6.6697,-1.7004
4.867,0.0000,0.0535,0.0535,-6.5406,-0.1106,-6.6512,-1.7004
4.871,0.0000,0.0535,0.0535,-6.5230,-0.1106,-6.6336,-1.7004
4.876,0.0000,0.0479,0.0479,-6.5029,-0.1165,-6.6194,-1.6138
4.881,0.0000,0.0479,0.0479,-6.4808,-0.1165,-6.5974,-1.6138
4.885,0.0000,0.0479,0.0479,-6.4607,-0.1165,-6.5772,-1.6138
4.889,0.0000,0.0479,0.0479,-6.4399,-0.1165,-6.5565,-1.6138
4.893,0.0000,0.0479,0.0479,-6.4179,-0.1165,-6.5344,-1.6138
4.897,0.0000,0.0421,0.0421,-6.3981,-0.1228,-6.5209,-1.5164
4.902,0.0000,0.0421,0.0421,-6.3708,-0.1228,-6.4937,-1.5164
4.906,0.0000,0.0421,0.0421,-6.3466,-0.1228,-6.4695,-1.5164
4.910,0.0000,0.0421,0.0421,-6.3182,-0.1228,-6.4411,-1.5164
4.916,0.0000,0.0383,0.0383,-6.2802,-0.1271,-6.4072,-1.4527
4.923,0.0000,0.0383,0.0383,-6.2369,-0.1271,-6.3640,-1.4527
4.929,0.0000,0.0383,0.0383,-6.1942,-0.1271,-6.3212,-1.4527
4.934,0.0000,0.0363,0.0363,-6.1580,-0.1296,-6.2876,-1.4186
4.940,0.0000,0.0363,0.0363,-6.1127,-0.1296,-6.2423,-1.4186
4.944,0.0000,0.0363,0.0363,-6.0816,-0.1296,-6.2112,-1.4186
4.949,0.0000,0.0363,0.0363,-6.0469,-0.1296,-6.1765,-1.4186
4.953,0.0000,0.0363,0.0363,-6.0171,-0.1296,-6.1467,-1.4186
4.957,0.0000,0.0338,0.0338,-5.9818,-0.1326,-6.1144,-1.3741
4.961,0.0000,0.0338,0.0338,-5.9466,-0.1326,-6.0792,-1.3741
4.966,0.0000,0.0338,0.0338,-5.9094,-0.1326,-6.0420,-1.3741
4.971,0.0000,0.0338,0.0338,-5.8694,-0.1326,-6.0020,-1.3741
4.974,0.0000,0.0308,0.0308,-5.8366,-0.1362,-5.9728,-1.3152
4.980,0.0000,0.0308,0.0308,-5.7921,-0.1362,-5.9284,-1.3152
4.983,0.0000,0.0308,0.0308,-5.7585,-0.1362,-5.8948,-1.3152
4.988,0.0000,0.0308,0.0308,-5.7176,-0.1362,-5.8539,-1.3152
4.992,0.0000,0.0308,0.0308,-5.6835,-0.1362,-5.8197,-1.3152
4.997,0.0000,0.0272,0.0272,-5.6377,-0.1405,-5.7782,-1.2430
5.001,0.0000,0.0272,0.0272,-5.5919,-0.1405,-5.7324,-1.2430
5.006,0.0000,0.0272,0.0272,-5.5462,-0.1405,-5.6867,-1.2430
5.011,0.0000,0.0272,0.0272,-5.4987,-0.1405,-5.6391,-1.2430
5.015,0.0000,0.0232,0.0232,-5.4597,-0.1453,-5.6051,-1.1577
5.020,0.0000,0.0232,0.0232,-5.4097,-0.1453,-5.5551,-1.1577
5.024,0.0000,0.0232,0.0232,-5.3719,-0.1453,-5.5173,-1.1577
5.029,0.0000,0.0232,0.0232,-5.3246,-0.1453,-5.4699,-1.1577
5.033,0.0000,0.0232,0.0232,-5.2854,-0.1453,-5.4308,-1.1577
5.037,0.0000,0.0209,0.0209,-5.2389,-0.1484,-5.3873,-1.1068
5.043,0.0000,0.0209,0.0209,-5.1850,-0.1484,-5.3335,-1.1068
5.048,0.0000,0.0209,0.0209,-5.1435,-0.1484,-5.2919,-1.1068
5.053,0.0000,0.0209,0.0209,-5.1152,-0.1484,-5.2637,-1.1068
5.058,0.0000,0.0174,0.0174,-5.0900,-0.1532,-5.2432,-1.0263
5.064,0.0000,0.0174,0.0174,-5.0747,-0.1532,-5.2279,-1.0263
5.069,0.0000,0.0174,0.0174,-5.0689,-0.1532,-5.2221,-1.0263
5.075,0.0000,0.0133,0.0133,-5.0737,-0.1591,-5.2328,-0.9285
5.080,0.0000,0.0133,0.0133,-5.0843,-0.1591,-5.2433,-0.9285
5.084,0.0000,0.0133,0.0133,-5.0992,-0.1591,-5.2583,-0.9285
5.089,0.0000,0.0133,0.0133,-5.1227,-0.1591,-5.2818,-0.9285
5.094,0.0000,0.0000,0.0000,-5.1489,-0.1661,-5.3150,-0.8115
5.099,0.0000,0.0000,0.0000,-5.1713,-0.1661,-5.3374,-0.8115
5.103,0.0000,0.0000,0.0000,-5.1891,-0.1661,-5.3553,-0.8115
5.107,0.0000,0.0000,0.0000,-5.2082,-0.1661,-5.3743,-0.8115
5.111,0.0000,0.0000,0.0000,-5.2231,-0.1661,-5.3892,-0.8115
5.115,0.0000,0.0000,0.0000,-5.2367,-0.1739,-5.4106,-0.6827
5.120,0.0000,0.0000,0.0000,-5.2537,-0.1739,-5.4276,-0.6827
5.124,0.0000,0.0000,0.0000,-5.2667,-0.1739,-5.4406,-0.6827
5.128,0.0000,0.0000,0.0000,-5.2776,-0.1739,-5.4515,-0.6827
5.132,0.0000,0.0000,0.0000,-5.2873,-0.1739,-5.4612,-0.6827
5.136,0.0000,0.0000,0.0000,-5.2979,-0.1824,-5.4802,-0.5444
5.142,0.0000,0.0000,0.0000,-5.3088,-0.1824,-5.4912,-0.5444
5.146,0.0000,0.0000,0.0000,-5.3161,-0.1824,-5.4984,-0.5444
5.150,0.0000,0.0000,0.0000,-5.3219,-0.1824,-5.5043,-0.5444
5.154,0.0000,0.0000,0.0000,-5.3267,-0.1914,-5.5181,-0.3983
5.159,0.0000,0.0000,0.0000,-5.3311,-0.1914,-5.5225,-0.3983
5.162,0.0000,0.0000,0.0000,-5.3337,-0.1914,-5.5251,-0.3983
5.168,0.0000,0.0000,0.0000,-5.3358,-0.1914,-5.5272,-0.3983
5.175,0.0000,0.0000,0.0000,-5.3354,-0.2009,-5.5363,-0.2455
5.179,0.0000,0.0000,0.0000,-5.3340,-0.2009,-5.5349,-0.2455
5.184,0.0000,0.0000,0.0000,-5.3314,-0.2009,-5.5323,-0.2455
5.189,0.0000,0.0000,0.0000,-5.3274,-0.2009,-5.5284,-0.2455
5.193,0.0000,0.0000,0.0000,-5.3233,-0.2009,-5.5242,-0.2455
5.197,0.0000,0.0000,0.0000,-5.3177,-0.2108,-5.5285,-0.0874
5.202,0.0000,0.0000,0.0000,-5.3105,-0.2108,-5.5213,-0.0874
5.207,0.0000,0.0000,0.0000,-5.3013,-0.2108,-5.5121,-0.0874
5.211,0.0000,0.0000,0.0000,-5.2926,-0.2108,-5.5034,-0.0874
5.216,0.0000,0.0000,0.0000,-5.2799,-0.2211,-5.5010,0.0755
5.223,0.0000,0.0000,0.0000,-5.2605,-0.2211,-5.4816,0.0755
5.229,0.0000,0.0000,0.0000,-5.2438,-0.2211,-5.4649,0.0755
5.233,0.0000,0.0000,0.0000,-5.2318,-0.2211,-5.4528,0.0755
5.237,0.0000,0.0000,0.0000,-5.2171,-0.2346,-5.4517,0.2909
5.243,0.0000,0.0000,0.0000,-5.1957,-0.2346,-5.4304,0.2909
5.247,0.0000,0.0000,0.0000,-5.1794,-0.2346,-5.4140,0.2909
5.251,0.0000,0.0000,0.0000,-5.1643,-0.2346,-5.3990,0.2909
5.255,0.0000,0.0000,0.0000,-5.1465,-0.2491,-5.3956,0.5206
5.260,0.0000,0.0000,0.0000,-5.1246,-0.2491,-5.3737,0.5206
5.264,0.0000,0.0000,0.0000,-5.1076,-0.2491,-5.3566,0.5206
5.268,0.0000,0.0000,0.0000,-5.0880,-0.2491,-5.3371,0.5206
5.273,0.0000,0.0000,0.0000,-5.0676,-0.2491,-5.3166,0.5206
5.277,0.0000,0.0000,0.0000,-5.0449,-0.2638,-5.3087,0.7593
5.281,0.0000,0.0000,0.0000,-5.0222,-0.2638,-5.2860,0.7593
5.286,0.0000,0.0000,0.0000,-4.9994,-0.2638,-5.2632,0.7593
5.290,0.0000,0.0000,0.0000,-4.9763,-0.2638,-5.2401,0.7593
5.294,0.0000,0.0000,0.0000,-4.9521,-0.2780,-5.2301,0.9956
5.298,0.0000,0.0000,0.0000,-4.9268,-0.2780,-5.2049,0.9956
5.303,0.0000,0.0000,0.0000,-4.8992,-0.2780,-5.1772,0.9956
5.307,0.0000,0.0000,0.0000,-4.8750,-0.2780,-5.1530,0.9956
5.311,0.0000,0.0000,0.0000,-4.8486,-0.2780,-5.1266,0.9956
5.315,0.0000,0.0000,0.0000,-4.8257,-0.2911,-5.1168,1.2222
5.320,0.0000,0.0000,0.0000,-4.7918,-0.2911,-5.0829,1.2222
5.325,0.0000,0.0000,0.0000,-4.7621,-0.2911,-5.0532,1.2222
5.328,0.0000,0.0000,0.0000,-4.7374,-0.2911,-5.0286,1.2222
5.332,0.0000,0.0000,0.0000,-4.7117,-0.2911,-5.0028,1.2222
5.336,0.0000,0.0000,0.0000,-4.6838,-0.3030,-4.9868,1.4386
5.340,0.0000,0.0000,0.0000,-4.6531,-0.3030,-4.9561,1.4386
5.344,0.0000,0.0000,0.0000,-4.6268,-0.3030,-4.9298,1.4386
5.348,0.0000,0.0000,0.0000,-4.6007,-0.3030,-4.9037,1.4386
5.351,0.0000,0.0000,0.0000,-4.5731,-0.3030,-4.8761,1.4386
5.355,0.0000,0.0000,0.0000,-4.5444,-0.3136,-4.8580,1.6441
5.359,0.0000,0.0000,0.0000,-4.5129,-0.3136,-4.8265,1.6441
5.363,0.0000,0.0000,0.0000,-4.4858,-0.3136,-4.7994,1.6441
5.367,0.0000,0.0000,0.0000,-4.4543,-0.3136,-4.7680,1.6441
5.373,0.0000,0.0000,0.0000,-4.4093,-0.3136,-4.7229,1.6441
5.378,0.0000,0.0000,0.0000,-4.3670,-0.3228,-4.6898,1.8375
5.384,0.0000,0.0000,0.0000,-4.3243,-0.3228,-4.6471,1.8375
5.388,0.0000,0.0000,0.0000,-4.2889,-0.3228,-4.6117,1.8375
5.392,0.0000,0.0000,0.0000,-4.2590,-0.3228,-4.5818,1.8375
5.396,0.0000,0.0000,0.0000,-4.2285,-0.3306,-4.5591,2.0179
5.400,0.0000,0.0000,0.0000,-4.1945,-0.3306,-4.5251,2.0179
5.404,0.0000,0.0000,0.0000,-4.1625,-0.3306,-4.4930,2.0179
5.407,0.0000,0.0000,0.0000,-4.1309,-0.3306,-4.4614,2.0179
5.411,0.0000,0.0000,0.0000,-4.1005,-0.3306,-4.4310,2.0179
5.415,0.0000,0.0000,0.0000,-4.0683,-0.3344,-4.4027,2.1474
5.419,0.0000,0.0000,0.0000,-4.0313,-0.3344,-4.3658,2.1474
5.423,0.0000,0.0000,0.0000,-3.9989,-0.3344,-4.3333,2.1474
5.427,0.0000,0.0000,0.0000,-3.9680,-0.3344,-4.3024,2.1474
5.430,0.0000,0.0000,0.0000,-3.9372,-0.3344,-4.2716,2.1474
5.434,0.0000,0.0000,0.0000,-3.9063,-0.3366,-4.2428,2.2592
5.438,0.0000,0.0000,0.0000,-3.8692,-0.3366,-4.2057,2.2592
5.442,0.0000,0.0000,0.0000,-3.8377,-0.3366,-4.1743,2.2592
5.446,0.0000,0.0000,0.0000,-3.8072,-0.3366,-4.1438,2.2592
5.449,0.0000,0.0000,0.0000,-3.7748,-0.3366,-4.1114,2.2592
5.453,0.0000,0.0000,0.0000,-3.7393,-0.3366,-4.0759,2.2592
5.457,0.0000,0.0000,0.0000,-3.7066,-0.3372,-4.0438,2.3563
5.461,0.0000,0.0000,0.0000,-3.6692,-0.3372,-4.0064,2.3563
5.465,0.0000,0.0000,0.0000,-3.6378,-0.3372,-3.9749,2.3563
5.469,0.0000,0.0000,0.0000,-3.6057,-0.3372,-3.9428,2.3563
5.473,0.0000,0.0000,0.0000,-3.5704,-0.3372,-3.9076,2.3563
5.477,0.0000,0.0000,0.0000,-3.5364,-0.3389,-3.8754,2.4829
5.481,0.0000,0.0000,0.0000,-3.4997,-0.3389,-3.8386,2.4829
5.485,0.0000,0.0000,0.0000,-3.4666,-0.3389,-3.8055,2.4829
5.489,0.0000,0.0000,0.0000,-3.4310,-0.3389,-3.7699,2.4829
5.493,0.0000,0.0000,0.0000,-3.3973,-0.3389,-3.7363,2.4829
5.496,0.0000,0.0000,0.0000,-3.3658,-0.3396,-3.7054,2.6040
5.501,0.0000,0.0000,0.0000,-3.3282,-0.3396,-3.6678,2.6040
5.505,0.0000,0.0000,0.0000,-3.2918,-0.3396,-3.6314,2.6040
5.509,0.0000,0.0000,0.0000,-3.2572,-0.3396,-3.5968,2.6040
5.512,0.0000,0.0000,0.0000,-3.2250,-0.3396,-3.5646,2.6040
5.516,0.0000,0.0000,0.0000,-3.1921,-0.3385,-3.5306,2.7050
5.521,0.0000,0.0000,0.0000,-3.1493,-0.3385,-3.4877,2.7050
5.527,0.0000,0.0000,0.0000,-3.0997,-0.3385,-3.4381,2.7050
5.532,0.0000,0.0000,0.0000,-3.0504,-0.3385,-3.3889,2.7050
5.537,0.0000,0.0000,0.0000,-3.0092,-0.3356,-3.3448,2.7853
5.543,0.0000,0.0000,0.0000,-2.9611,-0.3356,-3.2967,2.7853
5.546,0.0000,0.0000,0.0000,-2.9276,-0.3356,-3.2632,2.7853
5.551,0.0000,0.0000,0.0000,-2.8912,-0.3356,-3.2268,2.7853
5.556,0.0000,0.0000,0.0000,-2.8466,-0.3113,-3.1579,2.4547
5.561,0.0000,0.0000,0.0000,-2.8038,-0.3113,-3.1151,2.4547
5.565,0.0000,0.0000,0.0000,-2.7720,-0.3113,-3.0833,2.4547
5.569,0.0000,0.0000,0.0000,-2.7332,-0.3113,-3.0446,2.4547
5.573,0.0000,0.0000,0.0000,-2.7001,-0.3113,-3.0114,2.4547
5.577,0.0000,0.0000,0.0000,-2.6680,-0.2952,-2.9633,2.2760
5.581,0.0000,0.0000,0.0000,-2.6332,-0.2952,-2.9284,2.2760
5.586,0.0000,0.0000,0.0000,-2.5964,-0.2952,-2.8917,2.2760
5.590,0.0000,0.0000,0.0000,-2.5700,-0.2952,-2.8652,2.2760
5.593,0.0000,0.0000,0.0000,-2.5500,-0.2952,-2.8452,2.2760
5.597,0.0000,0.0000,0.0000,-2.5335,-0.2798,-2.8133,2.1018
5.602,0.0000,0.0000,0.0000,-2.5211,-0.2798,-2.8009,2.1018
5.606,0.0000,0.0000,0.0000,-2.5154,-0.2798,-2.7952,2.1018
5.609,0.0000,0.0000,0.0000,-2.5142,-0.2798,-2.7940,2.1018
5.613,0.0000,0.0000,0.0000,-2.5171,-0.2798,-2.7969,2.1018
5.617,0.0000,0.0000,0.0000,-2.5238,-0.2717,-2.7955,2.0925
5.621,0.0000,0.0000,0.0000,-2.5366,-0.2717,-2.8082,2.0925
5.625,0.0000,0.0000,0.0000,-2.5513,-0.2717,-2.8230,2.0925
5.629,0.0000,0.0000,0.0000,-2.5701,-0.2717,-2.8418,2.0925
5.632,0.0000,0.0000,0.0000,-2.5913,-0.2717,-2.8630,2.0925
5.636,0.0000,0.0000,0.0000,-2.6153,-0.2639,-2.8792,2.0773
5.641,0.0000,0.0000,0.0000,-2.6416,-0.2639,-2.9055,2.0773
5.645,0.0000,0.0000,0.0000,-2.6611,-0.2639,-2.9250,2.0773
5.648,0.0000,0.0000,0.0000,-2.6786,-0.2639,-2.9425,2.0773
5.652,0.0000,0.0000,0.0000,-2.6945,-0.2639,-2.9584,2.0773
5.656,0.0000,0.0000,0.0000,-2.7095,-0.2451,-2.9547,1.7852
5.660,0.0000,0.0000,0.0000,-2.7238,-0.2451,-2.9689,1.7852
5.664,0.0000,0.0000,0.0000,-2.7346,-0.2451,-2.9797,1.7852
5.668,0.0000,0.0000,0.0000,-2.7439,-0.2451,-2.9890,1.7852
5.678,0.0000,0.0000,0.0000,-2.7616,-0.2395,-3.0011,1.8234
5.687,0.0000,0.0000,0.0000,-2.7685,-0.2395,-3.0081,1.8234
5.693,0.0000,0.0000,0.0000,-2.7706,-0.2395,-3.0101,1.8234
5.696,0.0000,0.0000,0.0000,-2.7708,-0.2287,-2.9995,1.7182
5.701,0.0000,0.0000,0.0000,-2.7699,-0.2287,-2.9986,1.7182
5.704,0.0000,0.0000,0.0000,-2.7681,-0.2287,-2.9968,1.7182
5.708,0.0000,0.0000,0.0000,-2.7653,-0.2287,-2.9941,1.7182
5.712,0.0000,0.0000,0.0000,-2.7618,-0.2287,-2.9906,1.7182
5.716,0.0000,0.0000,0.0000,-2.7576,-0.2182,-2.9759,1.6137
5.720,0.0000,0.0000,0.0000,-2.7511,-0.2182,-2.9693,1.6137
5.725,0.0000,0.0000,0.0000,-2.7438,-0.2182,-2.9620,1.6137
5.728,0.0000,0.0000,0.0000,-2.7368,-0.2182,-2.9550,1.6137
5.732,0.0000,0.0000,0.0000,-2.7295,-0.2182,-2.9477,1.6137
5.736,0.0000,0.0000,0.0000,-2.7212,-0.2080,-2.9292,1.5072
5.741,0.0000,0.0000,0.0000,-2.7100,-0.2080,-2.9181,1.5072
5.744,0.0000,0.0000,0.0000,-2.7002,-0.2080,-2.9083,1.5072
5.748,0.0000,0.0000,0.0000,-2.6904,-0.2080,-2.8985,1.5072
5.752,0.0000,0.0000,0.0000,-2.6801,-0.2080,-2.8881,1.5072
5.756,0.0000,0.0000,0.0000,-2.6681,-0.1942,-2.8623,1.2622
5.760,0.0000,0.0000,0.0000,-2.6550,-0.1942,-2.8492,1.2622
5.764,0.0001,0.0000,0.0001,-2.6434,-0.1942,-2.8376,1.2622
5.767,0.0004,0.0000,0.0004,-2.6313,-0.1942,-2.8255,1.2622
5.776,0.0037,0.0000,0.0037,-2.6011,-0.1853,-2.7863,1.1556
5.783,0.0103,0.0000,0.0103,-2.5746,-0.1853,-2.7598,1.1556
5.788,0.0196,0.0000,0.0196,-2.5527,-0.1853,-2.7380,1.1556
5.793,0.0295,0.0000,0.0295,-2.5360,-0.1853,-2.7213,1.1556
5.796,0.0401,0.0000,0.0401,-2.5217,-0.1754,-2.6970,1.0032
5.800,0.0554,0.0000,0.0554,-2.5046,-0.1754,-2.6800,1.0032
5.805,0.0736,0.0000,0.0736,-2.4876,-0.1754,-2.6630,1.0032
5.808,0.0922,0.0000,0.0922,-2.4727,-0.1754,-2.6481,1.0032
5.812,0.1129,0.0000,0.1129,-2.4580,-0.1754,-2.6334,1.0032
5.816,0.1366,0.0000,0.1366,-2.4429,-0.1709,-2.6138,0.9881
5.820,0.1691,0.0000,0.1691,-2.4244,-0.1709,-2.5952,0.9881
5.824,0.2003,0.0000,0.2003,-2.4084,-0.1709,-2.5793,0.9881
5.828,0.2354,0.0000,0.2354,-2.3923,-0.1709,-2.5632,0.9881
5.834,0.2933,0.0000,0.2933,-2.3683,-0.1636,-2.5319,0.8812
5.840,0.3647,0.0000,0.3647,-2.3423,-0.1636,-2.5058,0.8812
5.845,0.4140,0.0000,0.4140,-2.3261,-0.1636,-2.4897,0.8812
5.849,0.4698,0.0000,0.4698,-2.3092,-0.1636,-2.4727,0.8812
5.853,0.5302,0.0000,0.5302,-2.2922,-0.1636,-2.4558,0.8812
5.857,0.5839,0.0000,0.5839,-2.2774,-0.1569,-2.4344,0.7784
5.861,0.6421,0.0000,0.6421,-2.2613,-0.1569,-2.4182,0.7784
6.061,2.8542,0.0000,2.8542,-0.8883,-0.1264,-1.0146,0.1401
6.118,2.8542,0.0000,2.8542,-0.7839,-0.1225,-0.9065,-0.0030
6.165,2.8542,0.0000,2.8542,-0.6318,-0.1207,-0.7524,-0.0634
6.180,2.8542,0.0000,2.8542,-0.5816,-0.1231,-0.7047,-0.0012
6.185,2.8542,0.0000,2.8542,-0.5642,-0.1231,-0.6873,-0.0012
6.191,2.8542,0.0000,2.8542,-0.5468,-0.1231,-0.6700,-0.0012
6.195,2.8542,0.0000,2.8542,-0.5287,-0.1193,-0.6480,-0.0853
6.202,2.8542,0.0000,2.8542,-0.5056,-0.1193,-0.6249,-0.0853
6.207,2.8542,0.0000,2.8542,-0.4848,-0.1193,-0.6041,-0.0853
6.212,2.8371,0.0000,2.8371,-0.4638,-0.1193,-0.5831,-0.0853
6.216,2.8303,0.0000,2.8303,-0.4451,-0.1195,-0.5646,-0.0576
6.222,2.8311,0.0000,2.8311,-0.4191,-0.1195,-0.5386,-0.0576
6.227,2.8318,0.0000,2.8318,-0.3963,-0.1195,-0.5158,-0.0576
6.231,2.8324,0.0000,2.8324,-0.3753,-0.1195,-0.4948,-0.0576
6.236,2.8330,0.0000,2.8330,-0.3494,-0.1153,-0.4647,-0.1482
6.243,2.8340,0.0000,2.8340,-0.3075,-0.1153,-0.4228,-0.1482
6.250,2.8347,0.0000,2.8347,-0.2711,-0.1153,-0.3864,-0.1482
6.256,2.8354,0.0000,2.8354,-0.2327,-0.1112,-0.3439,-0.2372
6.262,2.8361,0.0000,2.8361,-0.1938,-0.1112,-0.3051,-0.2372
6.267,2.8366,0.0000,2.8366,-0.1609,-0.1112,-0.2721,-0.2372
6.273,2.8373,0.0000,2.8373,-0.1137,-0.1112,-0.2249,-0.2372
6.295,2.6658,0.0000,2.6658,0.0896,-0.1093,-0.0198,-0.1842
6.308,2.4112,0.0000,2.4112,0.2219,-0.1093,0.1126,-0.1842
6.318,2.2000,0.0000,2.2000,0.3172,-0.1076,0.2096,-0.1693
6.325,2.0300,0.0000,2.0300,0.3903,-0.1076,0.2827,-0.1693
6.334,1.8120,0.0000,1.8120,0.4836,-0.1056,0.3780,-0.1608
6.344,1.5430,0.0000,1.5430,0.6009,-0.1056,0.4953,-0.1608
6.351,1.3476,0.0000,1.3476,0.6813,-0.1056,0.5756,-0.1608
6.358,1.1855,0.0000,1.1855,0.6645,-0.1030,0.5615,-0.1775
6.363,1.0415,0.0000,1.0415,0.5839,-0.1030,0.4810,-0.1775
6.369,0.9060,0.0000,0.9060,0.4476,-0.1030,0.3447,-0.1775
6.375,0.7464,0.0000,0.7464,0.2010,-0.0993,0.1017,-0.2535
6.383,0.5786,0.0000,0.5786,-0.1569,-0.0993,-0.2562,-0.2535
6.397,0.2609,0.0000,0.2609,-0.7672,-0.0966,-0.8638,-0.2781
6.403,0.1441,0.0000,0.1441,-0.9804,-0.0966,-1.0770,-0.2781
6.409,0.0322,0.0000,0.0322,-1.1736,-0.0966,-1.2702,-0.2781
6.414,-0.0682,0.0000,-0.0682,-1.3375,-0.0941,-1.4316,-0.2981
6.422,-0.2025,0.0000,-0.2025,-1.5393,-0.0941,-1.6334,-0.2981
6.427,-0.2853,0.0000,-0.2853,-1.6562,-0.0941,-1.7503,-0.2981
6.440,-0.5064,0.0000,-0.5064,-1.9142,-0.0917,-2.0059,-0.3199
6.448,-0.6221,0.0000,-0.6221,-2.0321,-0.0917,-2.1237,-0.3199
6.453,-0.7073,0.0000,-0.7073,-2.1088,-0.0917,-2.2005,-0.3199
6.458,-0.7682,0.0000,-0.7682,-2.1581,-0.0893,-2.2474,-0.3448
6.463,-0.8382,0.0000,-0.8382,-2.2073,-0.0893,-2.2966,-0.3448
6.467,-0.9005,0.0000,-0.9005,-2.2448,-0.0893,-2.3341,-0.3448
6.474,-0.9812,0.0000,-0.9812,-2.2823,-0.0871,-2.3694,-0.3717
6.479,-1.0492,0.0000,-1.0492,-2.3057,-0.0871,-2.3927,-0.3717
6.485,-1.1187,0.0000,-1.1187,-2.3204,-0.0871,-2.4075,-0.3717
6.490,-1.1768,0.0000,-1.1768,-2.3261,-0.0871,-2.4131,-0.3717
6.502,-1.3097,0.0000,-1.3097,-2.3024,-0.0849,-2.3874,-0.4006
6.507,-1.3685,0.0000,-1.3685,-2.2840,-0.0849,-2.3689,-0.4006
6.512,-1.4199,0.0000,-1.4199,-2.2614,-0.0849,-2.3464,-0.4006
6.517,-1.4622,0.0000,-1.4622,-2.2383,-0.0829,-2.3212,-0.4309
6.522,-1.5137,0.0000,-1.5137,-2.2030,-0.0829,-2.2859,-0.4309
6.530,-1.5855,0.0000,-1.5855,-2.1394,-0.0829,-2.2224,-0.4309
6.542,-1.6892,0.0000,-1.6892,-2.0166,-0.0806,-2.0973,-0.4859
6.554,-1.7925,0.0000,-1.7925,-1.8594,-0.0785,-1.9378,-0.5426
6.566,-1.8842,0.0000,-1.8842,-1.6901,-0.0785,-1.7686,-0.5426
6.578,-1.9695,0.0000,-1.9695,-1.5034,-0.0765,-1.5799,-0.5975
6.593,-2.0625,0.0000,-2.0625,-1.2624,-0.0765,-1.3389,-0.5975
6.606,-2.1453,0.0000,-2.1453,-1.0145,-0.0748,-1.0894,-0.6498
6.618,-2.2060,0.0000,-2.2060,-0.8132,-0.0731,-0.8863,-0.7106
6.623,-2.2329,0.0000,-2.2329,-0.7195,-0.0731,-0.7926,-0.7106
6.627,-2.2544,0.0000,-2.2544,-0.6420,-0.0731,-0.7151,-0.7106
6.631,-2.2747,0.0000,-2.2747,-0.5660,-0.0731,-0.6391,-0.7106
6.635,-2.2943,0.0000,-2.2943,-0.4906,-0.0716,-0.5622,-0.7686
6.641,-2.3180,0.0000,-2.3180,-0.3951,-0.0716,-0.4667,-0.7686
6.645,-2.3365,0.0000,-2.3365,-0.3184,-0.0716,-0.3901,-0.7686
6.649,-2.3543,0.0000,-2.3543,-0.2423,-0.0716,-0.3139,-0.7686
6.653,-2.3724,0.0000,-2.3724,-0.1627,-0.0716,-0.2343,-0.7686
6.658,-2.3903,0.0000,-2.3903,-0.0814,-0.0704,-0.1519,-0.8217
6.662,-2.4090,0.0000,-2.4090,0.0062,-0.0704,-0.0643,-0.8217
6.666,-2.3958,0.0000,-2.3958,0.0842,-0.0704,0.0137,-0.8217
6.671,-2.3743,0.0000,-2.3743,0.1705,-0.0704,0.1001,-0.8217
6.675,-2.3539,0.0000,-2.3539,0.2513,-0.0696,0.1817,-0.8698
6.680,-2.3300,0.0000,-2.3300,0.3444,-0.0696,0.2748,-0.8698
6.685,-2.3052,0.0000,-2.3052,0.4395,-0.0696,0.3699,-0.8698
6.690,-2.2817,0.0000,-2.2817,0.5288,-0.0696,0.4592,-0.8698
6.694,-2.2602,0.0000,-2.2602,0.6095,-0.0690,0.5405,-0.9129
6.699,-2.2336,0.0000,-2.2336,0.7082,-0.0690,0.6392,-0.9129
6.710,-2.1726,0.0000,-2.1726,0.9362,-0.0690,0.8672,-0.9129
6.715,-2.1477,0.0000,-2.1477,1.0259,-0.0685,0.9573,-0.9571
6.720,-2.1192,0.0000,-2.1192,1.1282,-0.0685,1.0596,-0.9571
6.724,-2.0955,0.0000,-2.0955,1.2129,-0.0685,1.1444,-0.9571
6.728,-2.0718,0.0000,-2.0718,1.2968,-0.0685,1.2283,-0.9571
6.741,-2.0020,0.0000,-2.0020,1.5487,-0.0683,1.4804,-1.0005
6.747,-1.9672,0.0000,-1.9672,1.6713,-0.0683,1.6030,-1.0005
6.751,-1.9423,0.0000,-1.9423,1.7585,-0.0683,1.6902,-1.0005
6.756,-1.9178,0.0000,-1.9178,1.8442,-0.0683,1.7759,-1.0381
6.760,-1.8905,0.0000,-1.8905,1.9395,-0.0683,1.8712,-1.0381
6.765,-1.8657,0.0000,-1.8657,2.0261,-0.0683,1.9577,-1.0381
6.769,-1.8401,0.0000,-1.8401,2.1155,-0.0683,2.0472,-1.0381
6.774,-1.8158,0.0000,-1.8158,2.2004,-0.0681,2.1323,-1.0868
6.779,-1.7869,0.0000,-1.7869,2.3020,-0.0681,2.2339,-1.0868
6.783,-1.7631,0.0000,-1.7631,2.3851,-0.0681,2.3170,-1.0868
6.788,-1.7376,0.0000,-1.7376,2.4748,-0.0681,2.4067,-1.0868
6.792,-1.7124,0.0000,-1.7124,2.5631,-0.0681,2.4950,-1.0868
6.796,-1.6886,0.0000,-1.6886,2.6472,-0.0682,2.5790,-1.1299
6.801,-1.6624,0.0000,-1.6624,2.7396,-0.0682,2.6714,-1.1299
6.806,-1.6365,0.0000,-1.6365,2.8313,-0.0682,2.7631,-1.1299
6.817,-1.5735,0.0000,-1.5735,3.0596,-0.0687,2.9909,-1.1657
6.822,-1.5456,0.0000,-1.5456,3.1594,-0.0687,3.0907,-1.1657
6.827,-1.5222,0.0000,-1.5222,3.2434,-0.0687,3.1747,-1.1657
6.831,-1.5002,0.0000,-1.5002,3.3226,-0.0687,3.2540,-1.1657
6.835,-1.4781,0.0000,-1.4781,3.4023,-0.0696,3.3327,-1.1940
6.840,-1.4525,0.0000,-1.4525,3.4953,-0.0696,3.4257,-1.1940
6.844,-1.4305,0.0000,-1.4305,3.5753,-0.0696,3.5058,-1.1940
6.848,-1.4097,0.0000,-1.4097,3.6514,-0.0696,3.5819,-1.1940
6.852,-1.3887,0.0000,-1.3887,3.7284,-0.0696,3.6589,-1.1940
6.857,-1.3661,0.0000,-1.3661,3.8116,-0.0708,3.7408,-1.2150
6.862,-1.3429,0.0000,-1.3429,3.8972,-0.0708,3.8264,-1.2150
6.866,-1.3226,0.0000,-1.3226,3.9722,-0.0708,3.9014,-1.2150
6.870,-1.3011,0.0000,-1.3011,4.0523,-0.0708,3.9814,-1.2150
6.875,-1.2790,0.0000,-1.2790,4.1347,-0.0724,4.0623,-1.2288
6.880,-1.2546,0.0000,-1.2546,4.2266,-0.0724,4.1542,-1.2288
6.892,-1.1950,0.0000,-1.1950,4.4553,-0.0724,4.3829,-1.2288
6.897,-1.1694,0.0000,-1.1694,4.5526,-0.0744,4.4782,-1.2353
6.902,-1.1475,0.0000,-1.1475,4.6358,-0.0744,4.5614,-1.2353
6.907,-1.1274,0.0000,-1.1274,4.7128,-0.0744,4.6383,-1.2353
6.911,-1.1084,0.0000,-1.1084,4.7857,-0.0744,4.7113,-1.2353
6.915,-1.0890,0.0000,-1.0890,4.8601,-0.0764,4.7836,-1.2422
6.927,-1.0369,0.0000,-1.0369,5.0635,-0.0764,4.9870,-1.2422
6.932,-1.0187,0.0000,-1.0187,5.1335,-0.0764,5.0571,-1.2422
6.936,-1.0006,0.0000,-1.0006,5.2038,-0.0787,5.1250,-1.2426
6.941,-0.9813,0.0000,-0.9813,5.2660,-0.0787,5.1873,-1.2426
6.945,-0.9647,0.0000,-0.9647,5.3101,-0.0787,5.2313,-1.2426
6.949,-0.9481,0.0000,-0.9481,5.3440,-0.0787,5.2652,-1.2426
6.954,-0.9309,0.0000,-0.9309,5.3685,-0.0787,5.2898,-1.2426
6.958,-0.9146,0.0000,-0.9146,5.3818,-0.0809,5.3009,-1.2466
6.962,-0.8966,0.0000,-0.8966,5.3841,-0.0809,5.3032,-1.2466
6.967,-0.8804,0.0000,-0.8804,5.3757,-0.0809,5.2948,-1.2466
6.971,-0.8641,0.0000,-0.8641,5.3566,-0.0809,5.2758,-1.2466
6.975,-0.8489,0.0000,-0.8489,5.3292,-0.0828,5.2464,-1.2545
6.981,-0.8304,0.0000,-0.8304,5.2812,-0.0828,5.1984,-1.2545
6.985,-0.8146,0.0000,-0.8146,5.2293,-0.0828,5.1465,-1.2545
6.989,-0.7990,0.0000,-0.7990,5.1777,-0.0828,5.0948,-1.2545
6.994,-0.7835,0.0000,-0.7835,5.1266,-0.0850,5.0416,-1.2547
6.999,-0.7673,0.0000,-0.7673,5.0734,-0.0850,4.9884,-1.2547
7.003,-0.7529,0.0000,-0.7529,5.0264,-0.0850,4.9413,-1.2547
7.007,-0.7388,0.0000,-0.7388,4.9808,-0.0850,4.8958,-1.2547
7.012,-0.7253,0.0000,-0.7253,4.9370,-0.0850,4.8520,-1.2547
7.016,-0.7120,0.0000,-0.7120,4.8942,-0.0876,4.8066,-1.2457
7.021,-0.6968,0.0000,-0.6968,4.8458,-0.0876,4.7582,-1.2457
7.032,-0.6615,0.0000,-0.6615,4.7336,-0.0876,4.6460,-1.2457
7.046,-0.6207,0.0000,-0.6207,4.6061,-0.0904,4.5157,-1.2279
7.052,-0.6039,0.0000,-0.6039,4.5546,-0.0904,4.4642,-1.2279
7.056,-0.5917,0.0000,-0.5917,4.5174,-0.0934,4.4240,-1.2012
7.061,-0.5778,0.0000,-0.5778,4.4751,-0.0934,4.3817,-1.2012
7.066,-0.5668,0.0000,-0.5668,4.4421,-0.0934,4.3486,-1.2012
7.070,-0.5556,0.0000,-0.5556,4.4088,-0.0934,4.3153,-1.2012
7.075,-0.5442,0.0000,-0.5442,4.3750,-0.0966,4.2783,-1.1657
7.079,-0.5322,0.0000,-0.5322,4.3395,-0.0966,4.2429,-1.1657
7.084,-0.5219,0.0000,-0.5219,4.3095,-0.0966,4.2129,-1.1657
7.088,-0.5114,0.0000,-0.5114,4.2791,-0.0966,4.1825,-1.1657
7.092,-0.5014,0.0000,-0.5014,4.2503,-0.0966,4.1537,-1.1657
7.096,-0.4918,0.0000,-0.4918,4.2231,-0.0993,4.1238,-1.1362
7.101,-0.4813,0.0000,-0.4813,4.1932,-0.0993,4.0939,-1.1362
7.105,-0.4714,0.0000,-0.4714,4.1655,-0.0993,4.0662,-1.1362
7.110,-0.4622,0.0000,-0.4622,4.1398,-0.0993,4.0405,-1.1362
7.114,-0.4533,0.0000,-0.4533,4.1154,-0.1020,4.0134,-1.0997
7.118,-0.4430,0.0000,-0.4430,4.0873,-0.1020,3.9853,-1.0997
7.123,-0.4326,0.0000,-0.4326,4.0593,-0.1020,3.9573,-1.0997
7.135,-0.4094,0.0000,-0.4094,3.9977,-0.1046,3.8931,-1.0542
7.140,-0.3993,0.0000,-0.3993,3.9717,-0.1046,3.8670,-1.0542
7.144,-0.3915,0.0000,-0.3915,3.9515,-0.1046,3.8469,-1.0542
7.148,-0.3838,0.0000,-0.3838,3.9321,-0.1046,3.8274,-1.0542
7.153,-0.3754,0.0000,-0.3754,3.9110,-0.1046,3.8064,-1.0542
7.157,-0.3676,0.0000,-0.3676,3.8919,-0.1068,3.7851,-1.0106
7.162,-0.3594,0.0000,-0.3594,3.8718,-0.1068,3.7650,-1.0106
7.166,-0.3518,0.0000,-0.3518,3.8536,-0.1068,3.7469,-1.0106
7.171,-0.3444,0.0000,-0.3444,3.8362,-0.1068,3.7294,-1.0106
7.175,-0.3375,0.0000,-0.3375,3.8201,-0.1087,3.7114,-0.9604
7.180,-0.3297,0.0000,-0.3297,3.8024,-0.1087,3.6937,-0.9604
7.184,-0.3226,0.0000,-0.3226,3.7865,-0.1087,3.6778,-0.9604
7.203,-0.2917,0.0000,-0.2917,3.7222,-0.1104,3.6118,-0.9014
7.211,-0.2808,0.0000,-0.2808,3.7007,-0.1104,3.5902,-0.9014
7.216,-0.2743,0.0000,-0.2743,3.6882,-0.1119,3.5763,-0.8345
7.221,-0.2677,0.0000,-0.2677,3.6760,-0.1119,3.5641,-0.8345
7.225,-0.2617,0.0000,-0.2617,3.6651,-0.1119,3.5532,-0.8345
7.237,-0.2469,0.0000,-0.2469,3.6407,-0.1130,3.5277,-0.7598
7.241,-0.2409,0.0000,-0.2409,3.6311,-0.1130,3.5181,-0.7598
7.246,-0.2357,0.0000,-0.2357,3.6233,-0.1130,3.5103,-0.7598
7.250,-0.2309,0.0000,-0.2309,3.6162,-0.1130,3.5032,-0.7598
7.254,-0.2258,0.0000,-0.2258,3.6092,-0.1136,3.4955,-0.6778
7.259,-0.2202,0.0000,-0.2202,3.6019,-0.1136,3.4883,-0.6778
7.264,-0.2156,0.0000,-0.2156,3.5961,-0.1136,3.4825,-0.6778
7.268,-0.2110,0.0000,-0.2110,3.5908,-0.1136,3.4771,-0.6778
7.272,-0.2063,0.0000,-0.2063,3.5857,-0.1136,3.4720,-0.6778
7.277,-0.2017,0.0000,-0.2017,3.5811,-0.1132,3.4679,-0.6075
7.281,-0.1968,0.0000,-0.1968,3.5767,-0.1132,3.4635,-0.6075
7.286,-0.1925,0.0000,-0.1925,3.5732,-0.1132,3.4600,-0.6075
7.291,-0.1876,0.0000,-0.1876,3.5697,-0.1132,3.4565,-0.6075
7.296,-0.1830,0.0000,-0.1830,3.5669,-0.1120,3.4549,-0.5420
7.301,-0.1782,0.0000,-0.1782,3.5646,-0.1120,3.4526,-0.5420
7.305,-0.1742,0.0000,-0.1742,3.5631,-0.1120,3.4511,-0.5420
7.310,-0.1701,0.0000,-0.1701,3.5620,-0.1120,3.4500,-0.5420
7.314,-0.1664,0.0000,-0.1664,3.5614,-0.1101,3.4513,-0.4709
7.319,-0.1625,0.0000,-0.1625,3.5613,-0.1101,3.4511,-0.4709
7.323,-0.1586,0.0000,-0.1586,3.5616,-0.1101,3.4515,-0.4709
7.328,-0.1549,0.0000,-0.1549,3.5624,-0.1101,3.4523,-0.4709
7.339,-0.1459,0.0000,-0.1459,3.5675,-0.1075,3.4600,-0.4010
7.352,-0.1363,0.0000,-0.1363,3.5771,-0.1075,3.4696,-0.4010
7.358,-0.1322,0.0000,-0.1322,3.5820,-0.1042,3.4778,-0.3261
7.362,-0.1290,0.0000,-0.1290,3.5865,-0.1042,3.4823,-0.3261
7.367,-0.1262,0.0000,-0.1262,3.5908,-0.1042,3.4866,-0.3261
7.371,-0.1231,0.0000,-0.1231,3.5962,-0.1042,3.4920,-0.3261
7.376,-0.1203,0.0000,-0.1203,3.6018,-0.1002,3.5016,-0.2457
7.381,-0.1172,0.0000,-0.1172,3.6084,-0.1002,3.5083,-0.2457
7.386,-0.1143,0.0000,-0.1143,3.6154,-0.1002,3.5153,-0.2457
7.390,-0.1115,0.0000,-0.1115,3.6226,-0.1002,3.5225,-0.2457
7.394,-0.1091,0.0000,-0.1091,3.6295,-0.0953,3.5341,-0.1598
7.399,-0.1064,0.0000,-0.1064,3.6378,-0.0953,3.5425,-0.1598
7.404,-0.1039,0.0000,-0.1039,3.6462,-0.0953,3.5508,-0.1598
7.408,-0.1016,0.0000,-0.1016,3.6544,-0.0953,3.5591,-0.1598
7.412,-0.0994,0.0000,-0.0994,3.6628,-0.0953,3.5674,-0.1598
7.416,-0.0972,0.0000,-0.0972,3.6718,-0.0897,3.5821,-0.0693
7.421,-0.0947,0.0000,-0.0947,3.6828,-0.0897,3.5931,-0.0693
7.425,-0.0926,0.0000,-0.0926,3.6925,-0.0897,3.6028,-0.0693
7.430,-0.0904,0.0000,-0.0904,3.7032,-0.0897,3.6135,-0.0693
7.441,-0.0849,0.0000,-0.0849,3.7356,-0.0832,3.6524,0.0247
7.446,-0.0826,0.0000,-0.0826,3.7495,-0.0832,3.6663,0.0247
7.450,-0.0808,0.0000,-0.0808,3.7614,-0.0832,3.6782,0.0247
7.455,-0.0789,0.0000,-0.0789,3.7748,-0.0760,3.6988,0.1213
7.460,-0.0769,0.0000,-0.0769,3.7893,-0.0760,3.7133,0.1213
7.464,-0.0752,0.0000,-0.0752,3.8028,-0.0760,3.7267,0.1213
7.468,-0.0734,0.0000,-0.0734,3.8169,-0.0760,3.7409,0.1213
7.473,-0.0717,0.0000,-0.0717,3.8319,-0.0760,3.7559,0.1213
7.477,-0.0701,0.0000,-0.0701,3.8468,-0.0684,3.7784,0.1643
7.483,-0.0680,0.0000,-0.0680,3.8665,-0.0684,3.7981,0.1643
7.487,-0.0664,0.0000,-0.0664,3.8833,-0.0684,3.8149,0.1643
7.491,-0.0648,0.0000,-0.0648,3.9001,-0.0684,3.8317,0.1643
7.504,-0.0605,0.0000,-0.0605,3.9527,-0.0604,3.8923,0.2034
7.510,-0.0585,0.0000,-0.0585,3.9787,-0.0604,3.9183,0.2034
7.514,-0.0572,0.0000,-0.0572,3.9970,-0.0519,3.9451,0.2457
7.519,-0.0557,0.0000,-0.0557,4.0187,-0.0519,3.9667,0.2457
7.524,-0.0544,0.0000,-0.0544,4.0387,-0.0519,3.9867,0.2457
7.528,-0.0531,0.0000,-0.0531,4.0582,-0.0519,4.0063,0.2457
7.532,-0.0519,0.0000,-0.0519,4.0776,-0.0519,4.0257,0.2457
7.536,-0.0507,0.0000,-0.0507,4.0983,-0.0433,4.0550,0.2776
7.541,-0.0493,0.0000,-0.0493,4.1242,-0.0433,4.0809,0.2776
7.552,-0.0464,0.0000,-0.0464,4.1837,-0.0433,4.1404,0.2776
7.557,-0.0452,0.0000,-0.0452,4.2093,-0.0344,4.1749,0.3103
7.562,-0.0440,0.0000,-0.0440,4.2363,-0.0344,4.2019,0.3103
7.566,-0.0430,0.0000,-0.0430,4.2595,-0.0344,4.2251,0.3103
7.571,-0.0418,0.0000,-0.0418,4.2881,-0.0344,4.2538,0.3103
7.576,-0.0408,0.0000,-0.0408,4.3135,-0.0250,4.2884,0.3469
7.581,-0.0397,0.0000,-0.0397,4.3428,-0.0250,4.3177,0.3469
7.585,-0.0388,0.0000,-0.0388,4.3679,-0.0250,4.3428,0.3469
7.589,-0.0379,0.0000,-0.0379,4.3952,-0.0250,4.3701,0.3469
7.593,-0.0370,0.0000,-0.0370,4.4219,-0.0250,4.3969,0.3469
7.598,-0.0362,0.0000,-0.0362,4.4485,-0.0154,4.4331,0.3869
7.603,-0.0352,0.0000,-0.0352,4.4811,-0.0154,4.4657,0.3869
7.607,-0.0344,0.0000,-0.0344,4.5101,-0.0154,4.4946,0.3869
7.611,-0.0336,0.0000,-0.0336,4.5382,-0.0154,4.5227,0.3869
7.615,-0.0328,0.0000,-0.0328,4.5671,0.0000,4.5671,0.4298
7.621,-0.0318,0.0000,-0.0318,4.6064,0.0000,4.6064,0.4298
7.625,-0.0310,0.0000,-0.0310,4.6395,0.0000,4.6395,0.4298
7.630,-0.0302,0.0000,-0.0302,4.6733,0.0000,4.6733,0.4298
7.635,-0.0294,0.0000,-0.0294,4.7097,0.0000,4.7097,0.4754
7.640,-0.0286,0.0000,-0.0286,4.7507,0.0000,4.7507,0.4754
7.645,-0.0278,0.0000,-0.0278,4.7905,0.0000,4.7905,0.4754
7.659,-0.0256,0.0000,-0.0256,4.9118,0.0000,4.9118,0.4501
7.666,-0.0247,0.0000,-0.0247,4.9674,0.0000,4.9674,0.4501
7.671,-0.0240,0.0000,-0.0240,5.0091,0.0000,5.0091,0.4501
7.675,-0.0234,0.0000,-0.0234,5.0491,0.0000,5.0491,0.4219
7.681,-0.0227,0.0000,-0.0227,5.0954,0.0000,5.0954,0.4219
7.685,-0.0222,0.0000,-0.0222,5.1353,0.0000,5.1353,0.4219
7.690,-0.0216,0.0000,-0.0216,5.1806,0.0000,5.1806,0.4219
7.695,-0.0210,0.0000,-0.0210,5.2239,0.0000,5.2239,0.3999
7.700,-0.0204,0.0000,-0.0204,5.2732,0.0000,5.2732,0.3999
7.706,-0.0198,0.0000,-0.0198,5.3266,0.0000,5.3266,0.3999
7.710,-0.0193,0.0000,-0.0193,5.3725,0.0000,5.3725,0.3999
7.715,-0.0188,0.0000,-0.0188,5.4115,0.0000,5.4115,0.3540
7.720,-0.0182,0.0000,-0.0182,5.4457,0.0000,5.4457,0.3540
7.725,-0.0177,0.0000,-0.0177,5.4673,0.0000,5.4673,0.3540
7.730,-0.0173,0.0000,-0.0173,5.4796,0.0000,5.4796,0.3540
7.734,-0.0168,0.0000,-0.0168,5.4841,0.0000,5.4841,0.3101
7.740,-0.0163,0.0000,-0.0163,5.4778,0.0000,5.4778,0.3101
7.745,-0.0159,0.0000,-0.0159,5.4645,0.0000,5.4645,0.3101
7.749,-0.0155,0.0000,-0.0155,5.4453,0.0000,5.4453,0.3101
7.754,-0.0150,0.0000,-0.0150,5.4145,0.0000,5.4145,0.2736
7.767,-0.0140,0.0000,-0.0140,5.3137,0.0000,5.3137,0.2736
7.772,-0.0135,0.0000,-0.0135,5.2751,0.0000,5.2751,0.2736
7.776,-0.0132,0.0000,-0.0132,5.2479,0.0101,5.2580,0.2444
7.781,-0.0129,0.0000,-0.0129,5.2198,0.0101,5.2299,0.2444
7.786,-0.0126,0.0000,-0.0126,5.1964,0.0101,5.2065,0.2444
7.790,-0.0122,0.0000,-0.0122,5.1732,0.0101,5.1833,0.2444
7.794,-0.0119,0.0000,-0.0119,5.1549,0.0202,5.1751,0.2221
7.799,-0.0116,0.0000,-0.0116,5.1355,0.0202,5.1558,0.2221
7.812,-0.0108,0.0000,-0.0108,5.1008,0.0202,5.1210,0.2221
7.818,-0.0104,0.0000,-0.0104,5.0885,0.0304,5.1189,0.2062
7.823,-0.0101,0.0000,-0.0101,5.0796,0.0304,5.1100,0.2062
7.827,-0.0099,0.0000,-0.0099,5.0742,0.0304,5.1046,0.2062
7.831,-0.0097,0.0000,-0.0097,5.0702,0.0304,5.1006,0.2062
7.836,-0.0094,0.0000,-0.0094,5.0673,0.0406,5.1078,0.1966
7.841,-0.0092,0.0000,-0.0092,5.0659,0.0406,5.1065,0.1966
7.845,-0.0089,0.0000,-0.0089,5.0660,0.0406,5.1065,0.1966
7.849,-0.0087,0.0000,-0.0087,5.0672,0.0406,5.1077,0.1966
7.853,-0.0085,0.0000,-0.0085,5.0695,0.0406,5.1101,0.1966
7.858,-0.0083,0.0000,-0.0083,5.0729,0.0469,5.1198,0.1244
7.863,-0.0081,0.0000,-0.0081,5.0785,0.0469,5.1254,0.1244
7.874,-0.0076,0.0000,-0.0076,5.0971,0.0531,5.1502,0.0551
7.879,-0.0074,0.0000,-0.0074,5.1061,0.0531,5.1591,0.0551
7.883,-0.0072,0.0000,-0.0072,5.1146,0.0531,5.1676,0.0551
7.887,-0.0070,0.0000,-0.0070,5.1239,0.0531,5.1770,0.0551
7.891,-0.0068,0.0000,-0.0068,5.1336,0.0531,5.1867,0.0551
7.896,-0.0067,0.0000,-0.0067,5.1439,0.0579,5.2019,-0.0297
7.901,-0.0065,0.0000,-0.0065,5.1564,0.0579,5.2144,-0.0297
7.905,-0.0063,0.0000,-0.0063,5.1678,0.0579,5.2258,-0.0297
7.909,-0.0062,0.0000,-0.0062,5.1790,0.0579,5.2370,-0.0297
7.913,-0.0060,0.0000,-0.0060,5.1914,0.0579,5.2494,-0.0297
7.918,-0.0059,0.0000,-0.0059,5.2033,0.0613,5.2646,-0.1338
7.922,-0.0057,0.0000,-0.0057,5.2176,0.0613,5.2789,-0.1338
7.927,-0.0056,0.0000,-0.0056,5.2302,0.0613,5.2915,-0.1338
7.931,-0.0054,0.0000,-0.0054,5.2439,0.0613,5.3052,-0.1338
7.936,-0.0053,0.0000,-0.0053,5.2577,0.0649,5.3226,-0.2275
7.941,-0.0052,0.0000,-0.0052,5.2732,0.0649,5.3382,-0.2275
7.945,-0.0050,0.0000,-0.0050,5.2857,0.0649,5.3507,-0.2275
7.949,-0.0049,0.0000,-0.0049,5.2977,0.0649,5.3626,-0.2275
7.954,-0.0048,0.0000,-0.0048,5.3106,0.0691,5.3797,-0.3072
7.967,-0.0044,0.0000,-0.0044,5.3486,0.0691,5.4177,-0.3072
7.980,-0.0041,0.0000,-0.0041,5.3839,0.0738,5.4577,-0.3734
7.986,-0.0039,0.0000,-0.0039,5.3977,0.0738,5.4714,-0.3734
7.992,-0.0038,0.0000,-0.0038,5.4091,0.0738,5.4829,-0.3734
7.996,-0.0037,0.0000,-0.0037,5.4187,0.0788,5.4976,-0.4269
8.002,-0.0036,0.0000,-0.0036,5.4286,0.0788,5.5075,-0.4269
8.007,-0.0035,0.0000,-0.0035,5.4367,0.0788,5.5156,-0.4269
8.011,-0.0034,0.0000,-0.0034,5.4431,0.0788,5.5220,-0.4269
8.015,-0.0033,0.0000,-0.0033,5.4487,0.0844,5.5330,-0.4680
8.020,-0.0032,0.0000,-0.0032,5.4547,0.0844,5.5390,-0.4680
8.024,-0.0032,0.0000,-0.0032,5.4590,0.0844,5.5434,-0.4680
8.028,-0.0031,0.0000,-0.0031,5.4625,0.0844,5.5469,-0.4680
8.033,-0.0030,0.0000,-0.0030,5.4652,0.0844,5.5496,-0.4680
8.037,-0.0029,0.0000,-0.0029,5.4674,0.0876,5.5550,-0.5379
8.042,-0.0028,0.0000,-0.0028,5.4686,0.0876,5.5562,-0.5379
8.047,-0.0028,0.0000,-0.0028,5.4688,0.0876,5.5564,-0.5379
8.051,-0.0027,0.0000,-0.0027,5.4682,0.0876,5.5558,-0.5379
8.055,-0.0026,0.0000,-0.0026,5.4666,0.0911,5.5577,-0.5985
8.060,-0.0026,0.0000,-0.0026,5.4639,0.0911,5.5550,-0.5985
8.064,-0.0025,0.0000,-0.0025,5.4607,0.0911,5.5518,-0.5985
8.069,-0.0024,0.0000,-0.0024,5.4562,0.0911,5.5472,-0.5985
8.081,-0.0023,0.0000,-0.0023,5.4373,0.0898,5.5271,-0.7289
8.086,-0.0022,0.0000,-0.0022,5.4275,0.0898,5.5173,-0.7289
8.090,-0.0022,0.0000,-0.0022,5.4187,0.0898,5.5085,-0.7289
8.095,-0.0021,0.0000,-0.0021,5.4094,0.0903,5.4996,-0.8269
8.100,-0.0020,0.0000,-0.0020,5.3976,0.0903,5.4878,-0.8269
8.104,-0.0020,0.0000,-0.0020,5.3857,0.0903,5.4759,-0.8269
8.123,-0.0018,0.0000,-0.0018,5.3124,0.0915,5.4039,-0.9078
8.131,-0.0017,0.0000,-0.0017,5.2836,0.0915,5.3751,-0.9078
8.135,-0.0016,0.0000,-0.0016,5.2662,0.0935,5.3597,-0.9719
8.140,-0.0016,0.0000,-0.0016,5.2453,0.0935,5.3387,-0.9719
8.144,-0.0016,0.0000,-0.0016,5.2268,0.0935,5.3203,-0.9719
8.149,-0.0015,0.0000,-0.0015,5.2071,0.0935,5.3005,-0.9719
8.153,-0.0015,0.0000,-0.0015,5.1869,0.0935,5.2804,-0.9719
8.157,-0.0014,0.0000,-0.0014,5.1654,0.0959,5.2613,-1.0198
8.162,-0.0014,0.0000,-0.0014,5.1400,0.0959,5.2359,-1.0198
8.166,-0.0014,0.0000,-0.0014,5.1180,0.0959,5.2139,-1.0198
8.171,-0.0013,0.0000,-0.0013,5.0912,0.0959,5.1871,-1.0198
8.183,-0.0012,0.0000,-0.0012,5.0224,0.0989,5.1213,-1.0513
8.188,-0.0012,0.0000,-0.0012,4.9902,0.0989,5.0891,-1.0513
8.192,-0.0012,0.0000,-0.0012,4.9637,0.0989,5.0626,-1.0513
8.197,-0.0011,0.0000,-0.0011,4.9374,0.1022,5.0396,-1.0669
8.201,-0.0011,0.0000,-0.0011,4.9070,0.1022,5.0092,-1.0669
8.206,-0.0011,0.0000,-0.0011,4.8780,0.1022,4.9802,-1.0669
8.210,-0.0011,0.0000,-0.0011,4.8501,0.1022,4.9523,-1.0669
8.214,-0.0010,0.0000,-0.0010,4.8224,0.1059,4.9283,-1.0671
8.219,-0.0010,0.0000,-0.0010,4.7885,0.1059,4.8944,-1.0671
8.223,-0.0010,0.0000,-0.0010,4.7569,0.1059,4.8628,-1.0671
8.228,-0.0010,0.0000,-0.0010,4.7271,0.1059,4.8329,-1.0671
8.232,-0.0009,0.0000,-0.0009,4.6980,0.1059,4.8038,-1.0671
8.236,-0.0009,0.0000,-0.0009,4.6666,0.1097,4.7763,-1.0525
8.241,-0.0009,0.0000,-0.0009,4.6301,0.1097,4.7397,-1.0525
8.245,-0.0009,0.0000,-0.0009,4.5986,0.1097,4.7082,-1.0525
8.249,-0.0008,0.0000,-0.0008,4.5667,0.1097,4.6763,-1.0525
8.254,-0.0008,0.0000,-0.0008,4.5304,0.1135,4.6439,-1.0235
8.267,-0.0008,0.0000,-0.0008,4.4272,0.1135,4.5407,-1.0235
8.273,-0.0007,0.0000,-0.0007,4.3791,0.1135,4.4926,-1.0235
8.277,-0.0007,0.0000,-0.0007,4.3436,0.1134,4.4570,-1.0610
8.289,-0.0007,0.0000,-0.0007,4.2430,0.1134,4.3564,-1.0610
8.294,-0.0006,0.0000,-0.0006,4.2057,0.1144,4.3201,-1.0688
8.298,-0.0006,0.0000,-0.0006,4.1667,0.1144,4.2811,-1.0688
8.303,-0.0006,0.0000,-0.0006,4.1303,0.1144,4.2446,-1.0688
8.307,-0.0006,0.0000,-0.0006,4.0953,0.1144,4.2096,-1.0688
8.311,-0.0006,0.0000,-0.0006,4.0619,0.1144,4.1762,-1.0688
8.316,-0.0006,0.0000,-0.0006,4.0208,0.1155,4.1363,-1.0606
8.322,-0.0005,0.0000,-0.0005,3.9722,0.1155,4.0877,-1.0606
8.327,-0.0005,0.0000,-0.0005,3.9352,0.1155,4.0507,-1.0606
8.331,-0.0005,0.0000,-0.0005,3.8997,0.1155,4.0152,-1.0606
8.335,-0.0005,0.0000,-0.0005,3.8643,0.1167,3.9811,-1.0368
8.340,-0.0005,0.0000,-0.0005,3.8228,0.1167,3.9395,-1.0368
8.344,-0.0005,0.0000,-0.0005,3.7889,0.1167,3.9056,-1.0368
8.349,-0.0005,0.0000,-0.0005,3.7526,0.1167,3.8693,-1.0368
8.353,-0.0005,0.0000,-0.0005,3.7157,0.1167,3.8325,-1.0368
8.357,-0.0004,0.0000,-0.0004,3.6803,0.1180,3.7984,-0.9980
8.362,-0.0004,0.0000,-0.0004,3.6414,0.1180,3.7594,-0.9980
8.366,-0.0004,0.0000,-0.0004,3.6053,0.1180,3.7233,-0.9980
8.371,-0.0004,0.0000,-0.0004,3.5690,0.1180,3.6870,-0.9980
8.375,-0.0004,0.0000,-0.0004,3.5346,0.1192,3.6539,-0.9441
8.380,-0.0004,0.0000,-0.0004,3.4910,0.1192,3.6103,-0.9441
8.392,-0.0004,0.0000,-0.0004,3.3959,0.1192,3.5151,-0.9441
8.396,-0.0003,0.0000,-0.0003,3.3583,0.1203,3.4787,-0.8760
8.401,-0.0003,0.0000,-0.0003,3.3181,0.1203,3.4385,-0.8760
8.406,-0.0003,0.0000,-0.0003,3.2813,0.1203,3.4017,-0.8760
8.418,-0.0003,0.0000,-0.0003,3.1837,0.1212,3.3049,-0.7946
8.424,-0.0003,0.0000,-0.0003,3.1354,0.1212,3.2566,-0.7946
8.428,-0.0003,0.0000,-0.0003,3.1006,0.1212,3.2218,-0.7946
8.432,-0.0003,0.0000,-0.0003,3.0681,0.1212,3.1893,-0.7946
8.437,-0.0003,0.0000,-0.0003,3.0344,0.1219,3.1562,-0.6998
8.442,-0.0003,0.0000,-0.0003,2.9938,0.1219,3.1157,-0.6998
8.447,-0.0003,0.0000,-0.0003,2.9535,0.1219,3.0754,-0.6998
8.452,-0.0002,0.0000,-0.0002,2.9189,0.1219,3.0408,-0.6998
8.456,-0.0002,0.0000,-0.0002,2.8860,0.1209,3.0069,-0.6341
8.461,-0.0002,0.0000,-0.0002,2.8492,0.1209,2.9701,-0.6341
8.465,-0.0002,0.0000,-0.0002,2.8179,0.1209,2.9388,-0.6341
8.470,-0.0002,0.0000,-0.0002,2.7862,0.1209,2.9071,-0.6341
8.474,-0.0002,0.0000,-0.0002,2.7535,0.1195,2.8729,-0.5606
8.479,-0.0002,0.0000,-0.0002,2.7191,0.1195,2.8386,-0.5606
8.483,-0.0002,0.0000,-0.0002,2.6877,0.1195,2.8072,-0.5606
8.494,-0.0002,0.0000,-0.0002,2.6043,0.1176,2.7218,-0.4750
8.500,-0.0002,0.0000,-0.0002,2.5679,0.1176,2.6855,-0.4750
8.504,-0.0002,0.0000,-0.0002,2.5378,0.1176,2.6553,-0.4750
8.509,-0.0002,0.0000,-0.0002,2.5043,0.1176,2.6219,-0.4750
8.513,-0.0002,0.0000,-0.0002,2.4757,0.1176,2.5933,-0.4750
8.517,-0.0002,0.0000,-0.0002,2.4476,0.1152,2.5628,-0.3778
8.522,-0.0002,0.0000,-0.0002,2.4132,0.1152,2.5283,-0.3778
8.526,-0.0002,0.0000,-0.0002,2.3853,0.1152,2.5004,-0.3778
8.531,-0.0002,0.0000,-0.0002,2.3625,0.1152,2.4776,-0.3778
8.535,-0.0002,0.0000,-0.0002,2.3454,0.1121,2.4575,-0.2698
8.540,-0.0001,0.0000,-0.0001,2.3325,0.1121,2.4447,-0.2698
8.544,-0.0001,0.0000,-0.0001,2.3276,0.1121,2.4398,-0.2698
8.548,-0.0001,0.0000,-0.0001,2.3281,0.1121,2.4402,-0.2698
8.553,-0.0001,0.0000,-0.0001,2.3351,0.1121,2.4473,-0.2698
8.558,-0.0001,0.0000,-0.0001,2.3478,0.1084,2.4563,-0.1519
8.570,-0.0001,0.0000,-0.0001,2.4252,0.1084,2.5336,-0.1519
8.576,-0.0001,0.0000,-0.0001,2.4640,0.1040,2.5679,-0.0256
8.580,-0.0001,0.0000,-0.0001,2.4983,0.1040,2.6023,-0.0256
8.585,-0.0001,0.0000,-0.0001,2.5298,0.1040,2.6338,-0.0256
8.589,-0.0001,0.0000,-0.0001,2.5568,0.1040,2.6608,-0.0256
8.594,-0.0001,0.0000,-0.0001,2.5823,0.0988,2.6811,0.1083
8.606,-0.0001,0.0000,-0.0001,2.6396,0.0988,2.7384,0.1083
8.610,-0.0001,0.0000,-0.0001,2.6573,0.0988,2.7561,0.1083
8.615,-0.0001,0.0000,-0.0001,2.6730,0.0929,2.7659,0.2485
8.620,-0.0001,0.0000,-0.0001,2.6895,0.0929,2.7824,0.2485
8.624,-0.0001,0.0000,-0.0001,2.7021,0.0929,2.7950,0.2485
8.628,-0.0001,0.0000,-0.0001,2.7127,0.0929,2.8056,0.2485
8.633,-0.0001,0.0000,-0.0001,2.7229,0.0929,2.8158,0.2485
8.637,-0.0001,0.0000,-0.0001,2.7314,0.0863,2.8177,0.3939
8.642,-0.0001,0.0000,-0.0001,2.7391,0.0863,2.8254,0.3939
8.646,-0.0001,0.0000,-0.0001,2.7440,0.0863,2.8303,0.3939
8.650,-0.0001,0.0000,-0.0001,2.7470,0.0863,2.8333,0.3939
8.654,-0.0001,0.0000,-0.0001,2.7483,0.0791,2.8274,0.5435
8.659,-0.0001,0.0000,-0.0001,2.7476,0.0791,2.8266,0.5435
8.664,-0.0001,0.0000,-0.0001,2.7452,0.0791,2.8242,0.5435
8.668,-0.0001,0.0000,-0.0001,2.7412,0.0791,2.8203,0.5435
8.672,-0.0001,0.0000,-0.0001,2.7356,0.0791,2.8147,0.5435
8.677,-0.0001,0.0000,-0.0001,2.7288,0.0713,2.8001,0.6959
8.681,-0.0001,0.0000,-0.0001,2.7193,0.0713,2.7906,0.6959
8.686,-0.0001,0.0000,-0.0001,2.7098,0.0713,2.7811,0.6959
8.690,-0.0001,0.0000,-0.0001,2.6988,0.0713,2.7701,0.6959
8.695,-0.0001,0.0000,-0.0001,2.6859,0.0631,2.7490,0.8500
8.700,-0.0001,0.0000,-0.0001,2.6694,0.0631,2.7324,0.8500
8.712,-0.0001,0.0000,-0.0001,2.6336,0.0631,2.6966,0.8500
8.725,0.0000,0.0000,0.0000,2.5911,0.0545,2.6456,1.0042
8.731,0.0000,0.0000,0.0000,2.5714,0.0545,2.6259,1.0042
8.735,0.0000,0.0000,0.0000,2.5576,0.0458,2.6034,1.1575
8.740,0.0000,0.0000,0.0000,2.5393,0.0458,2.5851,1.1575
8.744,0.0000,0.0000,0.0000,2.5251,0.0458,2.5709,1.1575
8.749,0.0000,0.0000,0.0000,2.5110,0.0458,2.5567,1.1575
8.753,0.0000,0.0000,0.0000,2.4960,0.0458,2.5417,1.1575
8.758,0.0000,0.0000,0.0000,2.4802,0.0369,2.5171,1.3083
8.762,0.0000,0.0000,0.0000,2.4630,0.0369,2.4999,1.3083
8.767,0.0000,0.0000,0.0000,2.4482,0.0369,2.4851,1.3083
8.771,0.0000,0.0000,0.0000,2.4317,0.0369,2.4687,1.3083
8.775,0.0000,0.0000,0.0000,2.4164,0.0282,2.4445,1.4553
8.781,0.0000,0.0000,0.0000,2.3973,0.0282,2.4254,1.4553
8.785,0.0000,0.0000,0.0000,2.3812,0.0282,2.4094,1.4553
8.789,0.0000,0.0000,0.0000,2.3630,0.0282,2.3911,1.4553
8.793,0.0000,0.0000,0.0000,2.3459,0.0282,2.3741,1.4553
8.798,0.0000,0.0000,0.0000,2.3289,0.0196,2.3485,1.5974
8.803,0.0000,0.0000,0.0000,2.3059,0.0196,2.3255,1.5974
8.814,0.0000,0.0000,0.0000,2.2544,0.0113,2.2657,1.7333
8.819,0.0000,0.0000,0.0000,2.2312,0.0113,2.2425,1.7333
8.824,0.0000,0.0000,0.0000,2.2114,0.0113,2.2227,1.7333
8.828,0.0000,0.0000,0.0000,2.1919,0.0113,2.2032,1.7333
8.832,0.0000,0.0000,0.0000,2.1735,0.0113,2.1849,1.7333
8.836,0.0000,0.0000,0.0000,2.1538,0.0000,2.1538,1.8617
8.842,0.0000,0.0000,0.0000,2.1305,0.0000,2.1305,1.8617
8.846,0.0000,0.0000,0.0000,2.1119,0.0000,2.1119,1.8617
8.850,0.0000,0.0000,0.0000,2.0940,0.0000,2.0940,1.8617
8.854,0.0000,0.0000,0.0000,2.0758,0.0000,2.0758,1.9817
8.859,0.0000,0.0000,0.0000,2.0557,0.0000,2.0557,1.9817
8.863,0.0000,0.0000,0.0000,2.0374,0.0000,2.0374,1.9817
8.876,0.0000,0.0000,0.0000,1.9851,0.0000,1.9851,2.0920
8.882,0.0000,0.0000,0.0000,1.9609,0.0000,1.9609,2.0920
8.886,0.0000,0.0000,0.0000,1.9432,0.0000,1.9432,2.0920
8.891,0.0000,0.0000,0.0000,1.9253,0.0000,1.9253,2.0920
8.895,0.0000,0.0000,0.0000,1.9080,0.0000,1.9080,2.1914
8.900,0.0000,0.0000,0.0000,1.8877,0.0000,1.8877,2.1914
8.905,0.0000,0.0000,0.0000,1.8701,0.0000,1.8701,2.1914
8.909,0.0001,0.0000,0.0001,1.8524,0.0000,1.8524,2.1914
8.914,0.0004,0.0000,0.0004,1.8346,0.0000,1.8346,2.2791
8.927,0.0037,0.0000,0.0037,1.7864,0.0000,1.7864,2.2791
8.939,0.0118,0.0000,0.0118,1.7394,0.0000,1.7394,2.3545
8.951,0.0265,0.0000,0.0265,1.6936,0.0000,1.6936,2.3545
8.956,0.0349,0.0000,0.0349,1.6750,0.0000,1.6750,2.4165
8.960,0.0448,0.0000,0.0448,1.6570,0.0000,1.6570,2.4165
8.965,0.0547,0.0000,0.0547,1.6412,0.0000,1.6412,2.4165
8.969,0.0659,0.0000,0.0659,1.6255,0.0000,1.6255,2.4165
8.974,0.0792,0.0000,0.0792,1.6089,0.0000,1.6089,2.4165
8.978,0.0924,0.0000,0.0924,1.5942,0.0000,1.5942,2.4648
8.982,0.1086,0.0000,0.1086,1.5779,0.0000,1.5779,2.4648
8.987,0.1254,0.0000,0.1254,1.5627,0.0000,1.5627,2.4648
8.991,0.1436,0.0000,0.1436,1.5477,0.0000,1.5477,2.4648
8.995,0.1613,0.0000,0.1613,1.5343,0.0000,1.5343,2.4994
9.000,0.1832,0.0000,0.1832,1.5189,0.0000,1.5189,2.4994
9.005,0.2078,0.0000,0.2078,1.5031,0.0000,1.5031,2.4994
9.009,0.2317,0.0000,0.2317,1.4888,0.0000,1.4888,2.4994
9.014,0.2553,0.0000,0.2553,1.4757,0.0000,1.4757,2.4089
9.026,0.3314,0.0000,0.3314,1.4377,0.0000,1.4377,2.4089
9.046,0.4654,0.0000,0.4654,1.3823,0.0000,1.3823,2.2008
9.052,0.5093,0.0000,0.5093,1.3666,0.0000,1.3666,2.2008
9.057,0.5415,0.0000,0.5415,1.3557,0.0000,1.3557,1.9951
9.062,0.5753,0.0000,0.5753,1.3448,0.0000,1.3448,1.9951
9.066,0.6061,0.0000,0.6061,1.3354,0.0000,1.3354,1.9951
9.071,0.6434,0.0000,0.6434,1.3246,0.0000,1.3246,1.9951
9.075,0.6774,0.0000,0.6774,1.3151,0.0000,1.3151,2.0120
9.080,0.7141,0.0000,0.7141,1.3053,0.0000,1.3053,2.0120
9.084,0.7502,0.0000,0.7502,1.2960,0.0000,1.2960,2.0120
9.089,0.7865,0.0000,0.7865,1.2868,0.0000,1.2868,2.0120
9.093,0.8213,0.0000,0.8213,1.2782,0.0000,1.2782,2.0120
9.098,0.8562,0.0000,0.8562,1.2697,0.0000,1.2697,1.5818
9.103,0.8979,0.0000,0.8979,1.2596,0.0000,1.2596,1.5818
9.107,0.9344,0.0000,0.9344,1.2511,0.0000,1.2511,1.5818
9.111,0.9708,0.0000,0.9708,1.2426,0.0000,1.2426,1.5818
9.116,1.0114,0.0000,1.0114,1.2333,0.0000,1.2333,1.6030
9.121,1.0541,0.0000,1.0541,1.2237,0.0000,1.2237,1.6030
9.126,1.0905,0.0000,1.0905,1.2155,0.0000,1.2155,1.6030
9.130,1.1265,0.0000,1.1265,1.2077,0.0000,1.2077,1.6030
9.134,1.1654,0.0000,1.1654,1.1996,0.0000,1.1996,1.4200
9.146,1.2679,0.0000,1.2679,1.1796,0.0000,1.1796,1.4200
9.151,1.3038,0.0000,1.3038,1.1729,0.0000,1.1729,1.4200
9.155,1.3401,0.0000,1.3401,1.1663,0.0000,1.1663,1.4310
9.160,1.3790,0.0000,1.3790,1.1596,0.0000,1.1596,1.4310
9.164,1.4155,0.0000,1.4155,1.1534,0.0000,1.1534,1.4310
9.176,1.5153,0.0000,1.5153,1.1378,0.0000,1.1378,1.2539
9.182,1.5631,0.0000,1.5631,1.1306,0.0000,1.1306,1.2539
9.186,1.5956,0.0000,1.5956,1.1258,0.0000,1.1258,1.2539
9.191,1.6284,0.0000,1.6284,1.1212,0.0000,1.1212,1.2539
9.195,1.6600,0.0000,1.6600,1.1167,0.0000,1.1167,1.0841
9.200,1.6936,0.0000,1.6936,1.1120,0.0000,1.1120,1.0841
9.204,1.7239,0.0000,1.7239,1.1079,0.0000,1.1079,1.0841
9.209,1.7562,0.0000,1.7562,1.1035,0.0000,1.1035,1.0841
9.213,1.7846,0.0000,1.7846,1.0997,0.0000,1.0997,1.0841
9.217,1.8115,0.0000,1.8115,1.0962,0.0000,1.0962,0.9202
9.222,1.8421,0.0000,1.8421,1.0923,0.0000,1.0923,0.9202
9.227,1.8684,0.0000,1.8684,1.0891,0.0000,1.0891,0.9202
9.231,1.8926,0.0000,1.8926,1.0860,0.0000,1.0860,0.9202
9.235,1.9168,0.0000,1.9168,1.0829,0.0000,1.0829,0.9269
9.240,1.9475,0.0000,1.9475,1.0788,0.0000,1.0788,0.9269
9.251,2.0076,0.0000,2.0076,1.0698,0.0000,1.0698,0.9269
9.256,2.0313,0.0000,2.0313,1.0662,0.0000,1.0662,0.8441
9.261,2.0554,0.0000,2.0554,1.0622,0.0000,1.0622,0.8441
9.265,2.0753,0.0000,2.0753,1.0588,0.0000,1.0588,0.8441
9.270,2.0969,0.0000,2.0969,1.0550,0.0000,1.0550,0.8441
9.274,2.1172,0.0000,2.1172,1.0514,0.0000,1.0514,0.7593
9.279,2.1382,0.0000,2.1382,1.0477,0.0000,1.0477,0.7593
9.283,2.1560,0.0000,2.1560,1.0447,0.0000,1.0447,0.7593
9.288,2.1758,0.0000,2.1758,1.0412,0.0000,1.0412,0.7593
9.292,2.1934,0.0000,2.1934,1.0382,0.0000,1.0382,0.7593
9.296,2.2100,0.0000,2.2100,1.0354,0.0000,1.0354,0.6720
9.301,2.2288,0.0000,2.2288,1.0323,0.0000,1.0323,0.6720
9.306,2.2454,0.0000,2.2454,1.0297,0.0000,1.0297,0.6720
9.310,2.2605,0.0000,2.2605,1.0273,0.0000,1.0273,0.6720
9.314,2.2748,0.0000,2.2748,1.0251,0.0000,1.0251,0.6627
9.319,2.2936,0.0000,2.2936,1.0222,0.0000,1.0222,0.6627
9.331,2.3343,0.0000,2.3343,1.0160,0.0000,1.0160,0.6627
9.337,2.3517,0.0000,2.3517,1.0135,0.0000,1.0135,0.6464
9.342,2.3674,0.0000,2.3674,1.0114,0.0000,1.0114,0.6464
9.354,2.4024,0.0000,2.4024,1.0066,0.0000,1.0066,0.5425
9.359,2.4162,0.0000,2.4162,1.0047,0.0000,1.0047,0.5425
9.363,2.4278,0.0000,2.4278,1.0031,0.0000,1.0031,0.5425
9.368,2.4392,0.0000,2.4392,1.0016,0.0000,1.0016,0.5425
9.373,2.4507,0.0000,2.4507,0.9999,0.0000,0.9999,0.5425
9.379,2.4673,0.0000,2.4673,0.9974,0.0000,0.9974,0.5192
9.391,2.4944,0.0000,2.4944,0.9918,0.0000,0.9918,0.5192
9.402,2.5190,0.0000,2.5190,0.9856,0.0000,0.9856,0.3449
9.414,2.5431,0.0000,2.5431,0.9794,0.0000,0.9794,0.3217
9.426,2.5648,0.0000,2.5648,0.9740,0.0000,0.9740,0.3217
9.437,2.5835,0.0000,2.5835,0.9693,0.0000,0.9693,0.2937
9.448,2.6024,0.0000,2.6024,0.9644,0.0000,0.9644,0.2937
9.461,2.6206,0.0000,2.6206,0.9598,0.0000,0.9598,0.2611
9.472,2.6364,0.0000,2.6364,0.9559,0.0000,0.9559,0.2611
9.483,2.6513,0.0000,2.6513,0.9522,0.0000,0.9522,0.1623
9.490,2.6591,0.0000,2.6591,0.9502,0.0000,0.9502,0.1623
9.494,2.6640,0.0000,2.6640,0.9490,0.0000,0.9490,0.1259
9.499,2.6698,0.0000,2.6698,0.9474,0.0000,0.9474,0.1259
9.504,2.6754,0.0000,2.6754,0.9458,0.0000,0.9458,0.1259
9.508,2.6802,0.0000,2.6802,0.9445,0.0000,0.9445,0.1259
9.513,2.6846,0.0000,2.6846,0.9428,0.0000,0.9428,0.1259
9.517,2.6890,0.0000,2.6890,0.9412,0.0000,0.9412,0.0859
9.522,2.6940,0.0000,2.6940,0.9388,0.0000,0.9388,0.0859
9.526,2.6980,0.0000,2.6980,0.9369,0.0000,0.9369,0.0859
9.530,2.7020,0.0000,2.7020,0.9347,0.0000,0.9347,0.0859
9.535,2.7061,0.0000,2.7061,0.9324,0.0000,0.9324,0.0428
9.541,2.7111,0.0000,2.7111,0.9299,0.0000,0.9299,0.0428
9.545,2.7152,0.0000,2.7152,0.9278,0.0000,0.9278,0.0428
9.550,2.7194,0.0000,2.7194,0.9255,0.0000,0.9255,0.0428
9.556,2.7238,0.0000,2.7238,0.9229,0.0000,0.9229,-0.0027
9.568,2.7334,0.0000,2.7334,0.9175,0.0000,0.9175,-0.0027
9.573,2.7370,0.0000,2.7370,0.9154,0.0000,0.9154,-0.0027
9.577,2.7399,0.0000,2.7399,0.9138,0.0000,0.9138,-0.0506
9.582,2.7432,0.0000,2.7432,0.9120,0.0000,0.9120,-0.0506
9.586,2.7460,0.0000,2.7460,0.9103,0.0000,0.9103,-0.0506
9.590,2.7488,0.0000,2.7488,0.9084,0.0000,0.9084,-0.0506
9.595,2.7515,0.0000,2.7515,0.9066,0.0000,0.9066,-0.0999
9.600,2.7545,0.0000,2.7545,0.9049,0.0000,0.9049,-0.0999
9.604,2.7571,0.0000,2.7571,0.9032,0.0000,0.9032,-0.0999
9.608,2.7596,0.0000,2.7596,0.9018,0.0000,0.9018,-0.0999
9.613,2.7620,0.0000,2.7620,0.9001,0.0000,0.9001,-0.0999
9.617,2.7644,0.0000,2.7644,0.8985,0.0000,0.8985,-0.1502
9.622,2.7673,0.0000,2.7673,0.8965,0.0000,0.8965,-0.1502
9.634,2.7733,0.0000,2.7733,0.8912,0.0000,0.8912,-0.2010
9.640,2.7764,0.0000,2.7764,0.8876,0.0000,0.8876,-0.2010
9.644,2.7784,0.0000,2.7784,0.8852,0.0000,0.8852,-0.2010
9.649,2.7803,0.0000,2.7803,0.8829,0.0000,0.8829,-0.2010
9.653,2.7822,0.0000,2.7822,0.8808,0.0000,0.8808,-0.2010
9.657,2.7842,0.0000,2.7842,0.8784,0.0000,0.8784,-0.2521
9.669,2.7889,0.0000,2.7889,0.8735,0.0000,0.8735,-0.2521
9.673,2.7906,0.0000,2.7906,0.8707,0.0000,0.8707,-0.2521
9.677,2.7923,0.0000,2.7923,0.8683,0.0000,0.8683,-0.3033
9.682,2.7941,0.0000,2.7941,0.8659,0.0000,0.8659,-0.3033
9.686,2.7956,0.0000,2.7956,0.8639,0.0000,0.8639,-0.3033
9.691,2.7972,0.0000,2.7972,0.8616,0.0000,0.8616,-0.3033
9.695,2.7987,0.0000,2.7987,0.8593,0.0000,0.8593,-0.3539
9.700,2.7861,0.0000,2.7861,0.8569,0.0000,0.8569,-0.3539
9.704,2.7715,0.0000,2.7715,0.8549,0.0000,0.8549,-0.3539
9.709,2.7567,0.0000,2.7567,0.8530,0.0000,0.8530,-0.3539
9.713,2.7432,0.0000,2.7432,0.8507,0.0000,0.8507,-0.3539
9.717,2.7297,0.0000,2.7297,0.8492,0.0000,0.8492,-0.4034
9.722,2.7132,0.0000,2.7132,0.8467,0.0000,0.8467,-0.4034
9.726,2.6995,0.0000,2.6995,0.8444,0.0000,0.8444,-0.4034
9.730,2.6863,0.0000,2.6863,0.8424,0.0000,0.8424,-0.4034
9.734,2.6729,0.0000,2.6729,0.8396,0.0000,0.8396,-0.4517
9.739,2.6564,0.0000,2.6564,0.8374,0.0000,0.8374,-0.4517
9.743,2.6431,0.0000,2.6431,0.8349,0.0000,0.8349,-0.4517
9.747,2.6299,0.0000,2.6299,0.8318,0.0000,0.8318,-0.4517
9.751,2.6169,0.0000,2.6169,0.8297,0.0000,0.8297,-0.4517
9.756,2.6026,0.0000,2.6026,0.8266,0.0000,0.8266,-0.4989
9.761,2.5865,0.0000,2.5865,0.8223,0.0000,0.8223,-0.4989
9.771,2.5518,0.0000,2.5518,0.8138,0.0000,0.8138,-0.4989
9.776,2.5375,0.0000,2.5375,0.8115,0.0000,0.8115,-0.5443
9.789,2.4963,0.0000,2.4963,0.8003,0.0000,0.8003,-0.5443
9.794,2.4792,0.0000,2.4792,0.7959,0.0000,0.7959,-0.5878
9.799,2.4638,0.0000,2.4638,0.7934,0.0000,0.7934,-0.5878
9.803,2.4504,0.0000,2.4504,0.7912,0.0000,0.7912,-0.5878
9.807,2.4371,0.0000,2.4371,0.7883,0.0000,0.7883,-0.5878
9.812,2.4244,0.0000,2.4244,0.7855,0.0000,0.7855,-0.5878
9.816,2.4104,0.0000,2.4104,0.7827,0.0000,0.7827,-0.6286
9.822,2.3932,0.0000,2.3932,0.7794,0.0000,0.7794,-0.6286
9.826,2.3802,0.0000,2.3802,0.7760,0.0000,0.7760,-0.6286
9.830,2.3674,0.0000,2.3674,0.7727,0.0000,0.7727,-0.6286
9.834,2.3546,0.0000,2.3546,0.7696,0.0000,0.7696,-0.6673
9.839,2.3399,0.0000,2.3399,0.7662,0.0000,0.7662,-0.6673
9.843,2.3276,0.0000,2.3276,0.7635,0.0000,0.7635,-0.6673
9.848,2.3145,0.0000,2.3145,0.7607,0.0000,0.7607,-0.6673
9.852,2.3020,0.0000,2.3020,0.7581,0.0000,0.7581,-0.6673
9.856,2.2891,0.0000,2.2891,0.7556,0.0000,0.7556,-0.7031
9.861,2.2750,0.0000,2.2750,0.7517,0.0000,0.7517,-0.7031
9.866,2.2619,0.0000,2.2619,0.7483,0.0000,0.7483,-0.7031
9.870,2.2490,0.0000,2.2490,0.7450,0.0000,0.7450,-0.7031
9.875,2.2351,0.0000,2.2351,0.7401,0.0000,0.7401,-0.7357
9.886,2.2013,0.0000,2.2013,0.7293,0.0000,0.7293,-0.7357
9.891,2.1885,0.0000,2.1885,0.7253,0.0000,0.7253,-0.7357
9.895,2.1757,0.0000,2.1757,0.7216,0.0000,0.7216,-0.7645
9.900,2.1621,0.0000,2.1621,0.7178,0.0000,0.7178,-0.7645
9.904,2.1496,0.0000,2.1496,0.7144,0.0000,0.7144,-0.7645
9.909,2.1374,0.0000,2.1374,0.7097,0.0000,0.7097,-0.7645
9.913,2.1255,0.0000,2.1255,0.7067,0.0000,0.7067,-0.7645
9.917,2.1141,0.0000,2.1141,0.7026,0.0000,0.7026,-0.7895
9.922,2.1004,0.0000,2.1004,0.6995,0.0000,0.6995,-0.7895
9.927,2.0876,0.0000,2.0876,0.6951,0.0000,0.6951,-0.7895
9.938,2.0553,0.0000,2.0553,0.6849,0.0000,0.6849,-0.8103
9.944,2.0395,0.0000,2.0395,0.6802,0.0000,0.6802,-0.8103
9.948,2.0283,0.0000,2.0283,0.6770,0.0000,0.6770,-0.8103
9.952,2.0173,0.0000,2.0173,0.6739,0.0000,0.6739,-0.8103
9.957,2.0054,0.0000,2.0054,0.6707,0.0000,0.6707,-0.8267
9.961,1.9929,0.0000,1.9929,0.6656,0.0000,0.6656,-0.8267
9.966,1.9822,0.0000,1.9822,0.6614,0.0000,0.6614,-0.8267
9.970,1.9708,0.0000,1.9708,0.6570,0.0000,0.6570,-0.8267
9.981,1.9404,0.0000,1.9404,0.6460,0.0000,0.6460,-0.8388
9.994,1.9069,0.0000,1.9069,0.6350,0.0000,0.6350,-0.8466
9.999,1.8945,0.0000,1.8945,0.6289,0.0000,0.6289,-0.8466
10.004,1.8832,0.0000,1.8832,0.6255,0.0000,0.6255,-0.8466
10.008,1.8724,0.0000,1.8724,0.6204,0.0000,0.6204,-0.8466
10.012,1.8623,0.0000,1.8623,0.6176,0.0000,0.6176,-0.8466
10.016,1.8520,0.0000,1.8520,0.6149,0.0000,0.6149,-0.8501
10.021,1.8405,0.0000,1.8405,0.6097,0.0000,0.6097,-0.8501
10.025,1.8304,0.0000,1.8304,0.6052,0.0000,0.6052,-0.8501
10.029,1.8205,0.0000,1.8205,0.6030,0.0000,0.6030,-0.8501
10.034,1.8103,0.0000,1.8103,0.5987,0.0000,0.5987,-0.8501
10.038,1.8000,0.0000,1.8000,0.5919,0.0000,0.5919,-0.8500
10.043,1.7885,0.0000,1.7885,0.5873,0.0000,0.5873,-0.8500
10.047,1.7781,0.0000,1.7781,0.5834,0.0000,0.5834,-0.8500
10.052,1.7678,0.0000,1.7678,0.5796,0.0000,0.5796,-0.8500
10.056,1.7576,0.0000,1.7576,0.5732,0.0000,0.5732,-0.8457
10.061,1.7467,0.0000,1.7467,0.5666,0.0000,0.5666,-0.8457
10.066,1.7363,0.0000,1.7363,0.5632,0.0000,0.5632,-0.8457
10.070,1.7257,0.0000,1.7257,0.5570,0.0000,0.5570,-0.8457
10.075,1.7151,0.0000,1.7151,0.5538,0.0000,0.5538,-0.8370
10.080,1.7035,0.0000,1.7035,0.5473,0.0000,0.5473,-0.8370
10.092,1.6765,0.0000,1.6765,0.5403,0.0000,0.5403,-0.8370
10.105,1.6498,0.0000,1.6498,0.5265,0.0000,0.5265,-0.8241
10.110,1.6392,0.0000,1.6392,0.5213,0.0000,0.5213,-0.8241
10.114,1.6304,0.0000,1.6304,0.5170,0.0000,0.5170,-0.8069
10.119,1.6203,0.0000,1.6203,0.5104,0.0000,0.5104,-0.8069
10.123,1.6107,0.0000,1.6107,0.5042,0.0000,0.5042,-0.8069
10.128,1.6018,0.0000,1.6018,0.5003,0.0000,0.5003,-0.8069
10.132,1.5933,0.0000,1.5933,0.4967,0.0000,0.4967,-0.8069
10.136,1.5847,0.0000,1.5847,0.4931,0.0000,0.4931,-0.7851
10.142,1.5744,0.0000,1.5744,0.4889,0.0000,0.4889,-0.7851
10.146,1.5658,0.0000,1.5658,0.4836,0.0000,0.4836,-0.7851
10.150,1.5579,0.0000,1.5579,0.4790,0.0000,0.4790,-0.7851
10.155,1.5496,0.0000,1.5496,0.4742,0.0000,0.4742,-0.7588
10.159,1.5405,0.0000,1.5405,0.4691,0.0000,0.4691,-0.7588
10.163,1.5327,0.0000,1.5327,0.4648,0.0000,0.4648,-0.7588
10.168,1.5250,0.0000,1.5250,0.4622,0.0000,0.4622,-0.7588
10.172,1.5166,0.0000,1.5166,0.4578,0.0000,0.4578,-0.7588
10.176,1.5090,0.0000,1.5090,0.4537,0.0000,0.4537,-0.7280
10.181,1.5007,0.0000,1.5007,0.4495,0.0000,0.4495,-0.7280
10.185,1.4933,0.0000,1.4933,0.4457,0.0000,0.4457,-0.7280
10.190,1.4855,0.0000,1.4855,0.4339,0.0000,0.4339,-0.7280
10.194,1.4783,0.0000,1.4783,0.4306,0.0000,0.4306,-0.6929
10.199,1.4698,0.0000,1.4698,0.4268,0.0000,0.4268,-0.6929
10.209,1.4512,0.0000,1.4512,0.4189,0.0000,0.4189,-0.6929
10.214,1.4440,0.0000,1.4440,0.4159,0.0000,0.4159,-0.6538
10.218,1.4363,0.0000,1.4363,0.4128,0.0000,0.4128,-0.6538
10.223,1.4289,0.0000,1.4289,0.4099,0.0000,0.4099,-0.6538
10.227,1.4223,0.0000,1.4223,0.4073,0.0000,0.4073,-0.6538
10.231,1.4155,0.0000,1.4155,0.3969,0.0000,0.3969,-0.6538
10.243,1.3966,0.0000,1.3966,0.3907,0.0000,0.3907,-0.6113
10.249,1.3876,0.0000,1.3876,0.3878,0.0000,0.3878,-0.6113
10.253,1.3809,0.0000,1.3809,0.3775,0.0000,0.3775,-0.6113
10.258,1.3745,0.0000,1.3745,0.3758,0.0000,0.3758,-0.5650
10.262,1.3677,0.0000,1.3677,0.3740,0.0000,0.3740,-0.5650
10.267,1.3615,0.0000,1.3615,0.3643,0.0000,0.3643,-0.5650
10.271,1.3553,0.0000,1.3553,0.3546,0.0000,0.3546,-0.5650
10.275,1.3495,0.0000,1.3495,0.3457,0.0000,0.3457,-0.5155
10.280,1.3429,0.0000,1.3429,0.3358,0.0000,0.3358,-0.5155
10.284,1.3370,0.0000,1.3370,0.3352,0.0000,0.3352,-0.5155
10.289,1.3310,0.0000,1.3310,0.3263,0.0000,0.3263,-0.5155
10.293,1.3251,0.0000,1.3251,0.3180,0.0000,0.3180,-0.5155
10.298,1.3188,0.0000,1.3188,0.3179,0.0000,0.3179,-0.4636
10.302,1.3117,0.0000,1.3117,0.3179,0.0000,0.3179,-0.4636
10.307,1.3047,0.0000,1.3047,0.3090,0.0000,0.3090,-0.4636
10.318,1.2874,0.0000,1.2874,0.3096,0.0000,0.3096,-0.4093
10.323,1.2787,0.0000,1.2787,0.3002,0.0000,0.3002,-0.4093
10.327,1.2707,0.0000,1.2707,0.3008,0.0000,0.3008,-0.4093
10.332,1.2625,0.0000,1.2625,0.2928,0.0000,0.2928,-0.4093
10.336,1.2542,0.0000,1.2542,0.2853,0.0000,0.2853,-0.3531
10.341,1.2443,0.0000,1.2443,0.2864,0.0000,0.2864,-0.3531
10.345,1.2352,0.0000,1.2352,0.2790,0.0000,0.2790,-0.3531
10.349,1.2262,0.0000,1.2262,0.2722,0.0000,0.2722,-0.3531
10.353,1.2165,0.0000,1.2165,0.2653,0.0000,0.2653,-0.3531
10.358,1.2064,0.0000,1.2064,0.2585,0.0000,0.2585,-0.2958
10.362,1.1944,0.0000,1.1944,0.2511,0.0000,0.2511,-0.2958
10.366,1.1840,0.0000,1.1840,0.2450,0.0000,0.2450,-0.2958
10.371,1.1726,0.0000,1.1726,0.2387,0.0000,0.2387,-0.2958
10.376,1.1595,0.0000,1.1595,0.2319,0.0000,0.2319,-0.2376
10.382,1.1407,0.0000,1.1407,0.2229,0.0000,0.2229,-0.2376
10.394,1.1024,0.0000,1.1024,0.2065,0.0000,0.2065,-0.1792
10.400,1.0831,0.0000,1.0831,0.1991,0.0000,0.1991,-0.1792
10.405,1.0678,0.0000,1.0678,0.2026,0.0000,0.2026,-0.1792
10.410,1.0518,0.0000,1.0518,0.1969,0.0000,0.1969,-0.1792
10.414,1.0369,0.0000,1.0369,0.1919,0.0000,0.1919,-0.1204
10.419,1.0192,0.0000,1.0192,0.1862,0.0000,0.1862,-0.1204
10.430,0.9729,0.0000,0.9729,0.1738,0.0000,0.1738,-0.1204
10.434,0.9467,0.0000,0.9467,0.1691,0.0000,0.1691,-0.0620
10.440,0.9168,0.0000,0.9168,0.1638,0.0000,0.1638,-0.0620
10.444,0.8928,0.0000,0.8928,0.1596,0.0000,0.1596,-0.0620
10.448,0.8706,0.0000,0.8706,0.1557,0.0000,0.1557,-0.0620
10.452,0.8488,0.0000,0.8488,0.1519,0.0000,0.1519,-0.0620
10.457,0.8245,0.0000,0.8245,0.1386,0.0000,0.1386,-0.0039
10.461,0.8004,0.0000,0.8004,0.1348,0.0000,0.1348,-0.0039
10.465,0.7793,0.0000,0.7793,0.1314,0.0000,0.1314,-0.0039
10.470,0.7556,0.0000,0.7556,0.1277,0.0000,0.1277,-0.0039
10.474,0.7338,0.0000,0.7338,0.1157,0.0000,0.1157,0.0533
10.479,0.7109,0.0000,0.7109,0.1125,0.0000,0.1125,0.0533
10.483,0.6910,0.0000,0.6910,0.1097,0.0000,0.1097,0.0533
10.488,0.6700,0.0000,0.6700,0.1068,0.0000,0.1068,0.0533
10.492,0.6497,0.0000,0.6497,0.1041,0.0000,0.1041,0.0533
10.496,0.6304,0.0000,0.6304,0.1015,0.0000,0.1015,0.1098
10.501,0.6079,0.0000,0.6079,0.0986,0.0000,0.0986,0.1098
10.505,0.5869,0.0000,0.5869,0.0959,0.0000,0.0959,0.1098
10.510,0.5676,0.0000,0.5676,0.0852,0.0000,0.0852,0.1098
10.514,0.5492,0.0000,0.5492,0.0831,0.0000,0.0831,0.1098
10.518,0.5304,0.0000,0.5304,0.0810,0.0000,0.0810,0.1653
10.523,0.5066,0.0000,0.5066,0.0785,0.0000,0.0785,0.1653
10.534,0.4566,0.0000,0.4566,0.0732,0.0000,0.0732,0.2367
10.547,0.3971,0.0000,0.3971,0.0674,0.0000,0.0674,0.2367
10.554,0.3686,0.0000,0.3686,0.0518,0.0000,0.0518,0.3099
10.560,0.3448,0.0000,0.3448,0.0501,0.0000,0.0501,0.3099
10.564,0.3254,0.0000,0.3254,0.0487,0.0000,0.0487,0.3099
10.569,0.3061,0.0000,0.3061,0.0385,0.0000,0.0385,0.3099
10.573,0.2878,0.0000,0.2878,0.0290,0.0000,0.0290,0.3099
10.577,0.2705,0.0000,0.2705,0.0202,0.0000,0.0202,0.3973
10.582,0.2501,0.0000,0.2501,0.0197,0.0000,0.0197,0.3973
10.586,0.2320,0.0000,0.2320,0.0107,0.0000,0.0107,0.3973
10.591,0.2138,0.0000,0.2138,0.0020,0.0000,0.0020,0.3973
10.595,0.1958,0.0000,0.1958,0.0019,0.0000,0.0019,0.4844
10.600,0.1743,0.0000,0.1743,-0.0082,0.0000,-0.0082,0.4844
10.604,0.1562,0.0000,0.1562,-0.0165,0.0000,-0.0165,0.4844
10.609,0.1389,0.0000,0.1389,-0.0242,0.0000,-0.0242,0.4844
10.613,0.1206,0.0000,0.1206,-0.0321,0.0000,-0.0321,0.4844
10.617,0.1038,0.0000,0.1038,-0.0314,0.0000,-0.0314,0.5659
10.622,0.0836,0.0000,0.0836,-0.0399,0.0000,-0.0399,0.5659
10.627,0.0645,0.0000,0.0645,-0.0498,0.0000,-0.0498,0.5659
10.637,0.0193,0.0000,0.0193,-0.0466,0.0000,-0.0466,0.6413
10.643,-0.0017,0.0000,-0.0017,-0.0551,0.0000,-0.0551,0.6413
10.647,-0.0190,0.0000,-0.0190,-0.0620,0.0000,-0.0620,0.6413
10.651,-0.0356,0.0000,-0.0356,-0.0701,0.0000,-0.0701,0.6413
10.655,-0.0528,0.0000,-0.0528,-0.0784,0.0000,-0.0784,0.7104
10.661,-0.0746,0.0000,-0.0746,-0.0886,0.0000,-0.0886,0.7104
10.665,-0.0912,0.0000,-0.0912,-0.0943,0.0000,-0.0943,0.7104
10.669,-0.1081,0.0000,-0.1081,-0.1000,0.0000,-0.1000,0.7104
10.674,-0.1261,0.0000,-0.1261,-0.1059,0.0000,-0.1059,0.7729
10.678,-0.1453,0.0000,-0.1453,-0.1121,0.0000,-0.1121,0.7729
10.683,-0.1615,0.0000,-0.1615,-0.1188,0.0000,-0.1188,0.7729
10.687,-0.1788,0.0000,-0.1788,-0.1240,0.0000,-0.1240,0.7729
10.699,-0.2272,0.0000,-0.2272,-0.1430,0.0000,-0.1430,0.8284
10.705,-0.2524,0.0000,-0.2524,-0.1524,0.0000,-0.1524,0.8284
10.710,-0.2698,0.0000,-0.2698,-0.1587,0.0000,-0.1587,0.8284
10.714,-0.2858,0.0000,-0.2858,-0.1643,0.0000,-0.1643,0.8771
10.719,-0.3049,0.0000,-0.3049,-0.1687,0.0000,-0.1687,0.8771
10.723,-0.3222,0.0000,-0.3222,-0.1745,0.0000,-0.1745,0.8771
10.728,-0.3380,0.0000,-0.3380,-0.1779,0.0000,-0.1779,0.8771
10.732,-0.3537,0.0000,-0.3537,-0.1829,0.0000,-0.1829,0.8771
10.736,-0.3715,0.0000,-0.3715,-0.1884,0.0000,-0.1884,0.9185
10.748,-0.4156,0.0000,-0.4156,-0.2088,0.0000,-0.2088,0.9185
10.752,-0.4328,0.0000,-0.4328,-0.2134,0.0000,-0.2134,0.9185
10.757,-0.4498,0.0000,-0.4498,-0.2178,0.0000,-0.2178,0.9528
10.761,-0.4680,0.0000,-0.4680,-0.2256,0.0000,-0.2256,0.9528
10.766,-0.4846,0.0000,-0.4846,-0.2324,0.0000,-0.2324,0.9528
10.771,-0.5028,0.0000,-0.5028,-0.2396,0.0000,-0.2396,0.9528
10.775,-0.5200,0.0000,-0.5200,-0.2463,0.0000,-0.2463,0.9797
10.781,-0.5426,0.0000,-0.5426,-0.2547,0.0000,-0.2547,0.9797
10.786,-0.5612,0.0000,-0.5612,-0.2599,0.0000,-0.2599,0.9797
10.791,-0.5797,0.0000,-0.5797,-0.2664,0.0000,-0.2664,0.9797
10.796,-0.5984,0.0000,-0.5984,-0.2727,0.0000,-0.2727,0.9989
10.801,-0.6187,0.0000,-0.6187,-0.2821,0.0000,-0.2821,0.9989
10.806,-0.6372,0.0000,-0.6372,-0.2903,0.0000,-0.2903,0.9989
10.811,-0.6552,0.0000,-0.6552,-0.2956,0.0000,-0.2956,0.9989
10.815,-0.6725,0.0000,-0.6725,-0.3029,0.0000,-0.3029,1.0104
10.821,-0.6932,0.0000,-0.6932,-0.3113,0.0000,-0.3113,1.0104
10.826,-0.7112,0.0000,-0.7112,-0.3183,0.0000,-0.3183,1.0104
10.830,-0.7290,0.0000,-0.7290,-0.3249,0.0000,-0.3249,1.0104
10.835,-0.7465,0.0000,-0.7465,-0.3333,0.0000,-0.3333,1.0419
10.841,-0.7692,0.0000,-0.7692,-0.3411,0.0000,-0.3411,1.0419
10.854,-0.8222,0.0000,-0.8222,-0.3640,0.0000,-0.3640,1.0707
10.861,-0.8476,0.0000,-0.8476,-0.3742,0.0000,-0.3742,1.0707
10.866,-0.8646,0.0000,-0.8646,-0.3807,0.0000,-0.3807,1.0707
10.870,-0.8825,0.0000,-0.8825,-0.3873,0.0000,-0.3873,1.0707
10.875,-0.9009,0.0000,-0.9009,-0.3938,0.0000,-0.3938,1.0897
10.881,-0.9221,0.0000,-0.9221,-0.4010,0.0000,-0.4010,1.0897
10.885,-0.9402,0.0000,-0.9402,-0.4068,0.0000,-0.4068,1.0897
10.891,-0.9609,0.0000,-0.9609,-0.4132,0.0000,-0.4132,1.0897
10.895,-0.9791,0.0000,-0.9791,-0.4203,0.0000,-0.4203,1.0986
10.900,-0.9987,0.0000,-0.9987,-0.4277,0.0000,-0.4277,1.0986
10.905,-1.0182,0.0000,-1.0182,-0.4346,0.0000,-0.4346,1.0986
10.910,-1.0370,0.0000,-1.0370,-0.4410,0.0000,-0.4410,1.0986
10.915,-1.0558,0.0000,-1.0558,-0.4488,0.0000,-0.4488,1.0568
10.920,-1.0767,0.0000,-1.0767,-0.4570,0.0000,-0.4570,1.0568
10.924,-1.0947,0.0000,-1.0947,-0.4637,0.0000,-0.4637,1.0568
10.928,-1.1121,0.0000,-1.1121,-0.4699,0.0000,-0.4699,1.0568
10.933,-1.1298,0.0000,-1.1298,-0.4773,0.0000,-0.4773,1.0568
10.937,-1.1497,0.0000,-1.1497,-0.4838,0.0000,-0.4838,0.9811
10.942,-1.1700,0.0000,-1.1700,-0.4916,0.0000,-0.4916,0.9811
10.947,-1.1897,0.0000,-1.1897,-0.4988,0.0000,-0.4988,0.9811
10.958,-1.2366,0.0000,-1.2366,-0.5162,0.0000,-0.5162,0.9147
10.963,-1.2577,0.0000,-1.2577,-0.5221,0.0000,-0.5221,0.9147
10.967,-1.2764,0.0000,-1.2764,-0.5283,0.0000,-0.5283,0.9147
10.971,-1.2960,0.0000,-1.2960,-0.5345,0.0000,-0.5345,0.9147
10.976,-1.3145,0.0000,-1.3145,-0.5411,0.0000,-0.5411,0.8403
10.980,-1.3358,0.0000,-1.3358,-0.5484,0.0000,-0.5484,0.8403
10.985,-1.3551,0.0000,-1.3551,-0.5547,0.0000,-0.5547,0.8403
10.989,-1.3757,0.0000,-1.3757,-0.5611,0.0000,-0.5611,0.8403
10.994,-1.3964,0.0000,-1.3964,-0.5672,0.0000,-0.5672,0.8403
11.005,-1.4521,0.0000,-1.4521,-0.5862,0.0000,-0.5862,0.9324
11.011,-1.4809,0.0000,-1.4809,-0.5959,0.0000,-0.5959,0.9324
11.015,-1.5020,0.0000,-1.5020,-0.6026,0.0000,-0.6026,0.8799
11.021,-1.5274,0.0000,-1.5274,-0.6101,0.0000,-0.6101,0.8799
11.025,-1.5485,0.0000,-1.5485,-0.6165,0.0000,-0.6165,0.8799
11.029,-1.5700,0.0000,-1.5700,-0.6226,0.0000,-0.6226,0.8799
11.033,-1.5913,0.0000,-1.5913,-0.6289,0.0000,-0.6289,0.8799
11.038,-1.6143,0.0000,-1.6143,-0.6357,0.0000,-0.6357,0.8303
11.042,-1.6393,0.0000,-1.6393,-0.6427,0.0000,-0.6427,0.8303
11.047,-1.6623,0.0000,-1.6623,-0.6492,0.0000,-0.6492,0.8303
11.051,-1.6858,0.0000,-1.6858,-0.6554,0.0000,-0.6554,0.8303
11.056,-1.7108,0.0000,-1.7108,-0.6621,0.0000,-0.6621,0.7658
11.076,-1.8281,0.0000,-1.8281,-0.6919,0.0000,-0.6919,0.7857
11.082,-1.8654,0.0000,-1.8654,-0.7008,0.0000,-0.7008,0.7857
11.087,-1.8945,0.0000,-1.8945,-0.7070,0.0000,-0.7070,0.7857
11.092,-1.9219,0.0000,-1.9219,-0.7134,0.0000,-0.7134,0.7857
11.096,-1.9482,0.0000,-1.9482,-0.7189,0.0000,-0.7189,0.7890
11.100,-1.9774,0.0000,-1.9774,-0.7255,0.0000,-0.7255,0.7890
11.105,-2.0061,0.0000,-2.0061,-0.7318,0.0000,-0.7318,0.7890
11.109,-2.0326,0.0000,-2.0326,-0.7378,0.0000,-0.7378,0.7890
11.113,-2.0575,0.0000,-2.0575,-0.7435,0.0000,-0.7435,0.7890
11.117,-2.0819,0.0000,-2.0819,-0.7497,0.0000,-0.7497,0.7767
11.122,-2.1115,0.0000,-2.1115,-0.7573,0.0000,-0.7573,0.7767
11.127,-2.1359,0.0000,-2.1359,-0.7637,0.0000,-0.7637,0.7767
11.131,-2.1598,0.0000,-2.1598,-0.7698,0.0000,-0.7698,0.7767
11.136,-2.1845,0.0000,-2.1845,-0.7766,0.0000,-0.7766,0.7502
11.141,-2.2112,0.0000,-2.2112,-0.7837,0.0000,-0.7837,0.7502
11.145,-2.2332,0.0000,-2.2332,-0.7897,0.0000,-0.7897,0.7502
11.157,-2.2936,-0.0101,-2.3037,-0.8072,0.0000,-0.8072,0.6281
11.170,-2.3528,-0.0101,-2.3629,-0.8244,0.0000,-0.8244,0.6281
11.174,-2.3712,-0.0193,-2.3905,-0.8299,0.0000,-0.8299,0.5193
11.179,-2.3911,-0.0193,-2.4104,-0.8358,0.0000,-0.8358,0.5193
11.184,-2.4081,-0.0193,-2.4274,-0.8407,0.0000,-0.8407,0.5193
11.188,-2.4252,-0.0193,-2.4444,-0.8460,0.0000,-0.8460,0.5193
11.192,-2.4410,-0.0193,-2.4603,-0.8510,0.0000,-0.8510,0.5193
11.196,-2.4566,-0.0276,-2.4841,-0.8557,0.0000,-0.8557,0.4204
11.201,-2.4740,-0.0276,-2.5015,-0.8615,0.0000,-0.8615,0.4204
11.205,-2.4889,-0.0276,-2.5165,-0.8670,0.0000,-0.8670,0.4204
11.210,-2.5032,-0.0276,-2.5308,-0.8721,0.0000,-0.8721,0.4204
11.214,-2.5175,-0.0351,-2.5526,-0.8779,0.0000,-0.8779,0.3284
11.219,-2.5333,-0.0351,-2.5684,-0.8844,0.0000,-0.8844,0.3284
11.223,-2.5471,-0.0351,-2.5822,-0.8904,0.0000,-0.8904,0.3284
11.227,-2.5599,-0.0351,-2.5950,-0.8963,0.0000,-0.8963,0.3284
11.232,-2.5735,-0.0351,-2.6086,-0.9027,0.0000,-0.9027,0.3284
11.236,-2.5860,-0.0243,-2.6103,-0.9085,0.0000,-0.9085,0.4302
11.241,-2.5997,-0.0243,-2.6240,-0.9149,0.0000,-0.9149,0.4302
11.245,-2.6114,-0.0243,-2.6356,-0.9208,0.0000,-0.9208,0.4302
11.249,-2.6226,-0.0243,-2.6469,-0.9264,0.0000,-0.9264,0.4302
11.254,-2.6336,-0.0243,-2.6579,-0.9319,0.0000,-0.9319,0.4302
11.258,-2.6441,-0.0126,-2.6567,-0.9369,0.0000,-0.9369,0.5439
11.263,-2.6567,-0.0126,-2.6693,-0.9433,0.0000,-0.9433,0.5439
11.274,-2.6828,-0.0189,-2.7017,-0.9569,0.0000,-0.9569,0.4717
11.278,-2.6938,-0.0189,-2.7127,-0.9628,0.0000,-0.9628,0.4717
11.283,-2.7029,-0.0189,-2.7218,-0.9676,0.0000,-0.9676,0.4717
11.287,-2.7118,-0.0189,-2.7307,-0.9722,0.0000,-0.9722,0.4717
11.291,-2.7211,-0.0189,-2.7400,-0.9774,0.0000,-0.9774,0.4717
11.296,-2.7301,-0.0250,-2.7550,-0.9824,0.0000,-0.9824,0.3983
11.308,-2.7534,-0.0250,-2.7784,-0.9959,0.0000,-0.9959,0.3983
11.314,-2.7644,-0.0308,-2.7953,-1.0029,0.0000,-1.0029,0.3221
11.318,-2.7729,-0.0308,-2.8038,-1.0087,0.0000,-1.0087,0.3221
11.323,-2.7803,-0.0308,-2.8112,-1.0143,0.0000,-1.0143,0.3221
11.327,-2.7879,-0.0308,-2.8188,-1.0204,0.0000,-1.0204,0.3221
11.332,-2.7947,-0.0308,-2.8255,-1.0259,0.0000,-1.0259,0.3221
11.336,-2.8012,-0.0135,-2.8147,-1.0317,0.0000,-1.0317,0.5029
11.341,-2.8101,-0.0135,-2.8237,-1.0400,0.0000,-1.0400,0.5029
11.346,-2.8171,-0.0135,-2.8306,-1.0464,0.0000,-1.0464,0.5029
11.351,-2.8236,-0.0135,-2.8372,-1.0525,0.0000,-1.0525,0.5029
11.356,-2.8305,0.0000,-2.8305,-1.0588,0.0000,-1.0588,0.6603
11.361,-2.8376,0.0000,-2.8376,-1.0654,0.0000,-1.0654,0.6603
11.365,-2.8437,0.0000,-2.8437,-1.0712,0.0000,-1.0712,0.6603
11.370,-2.8503,0.0000,-2.8503,-1.0776,0.0000,-1.0776,0.6603
11.376,-2.8570,0.0000,-2.8570,-1.0840,0.0000,-1.0840,0.6942
11.389,-2.8734,0.0000,-2.8734,-1.1006,0.0000,-1.1006,0.6942
11.395,-2.8798,-0.0287,-2.9084,-1.1072,0.0000,-1.1072,0.3487
11.401,-2.8863,-0.0287,-2.9150,-1.1139,0.0000,-1.1139,0.3487
11.407,-2.8924,-0.0287,-2.9210,-1.1200,0.0000,-1.1200,0.3487
11.412,-2.8974,-0.0287,-2.9261,-1.1252,0.0000,-1.1252,0.3487
11.418,-2.9025,-0.0214,-2.9239,-1.1307,0.0000,-1.1307,0.4182
11.424,-2.9085,-0.0214,-2.9299,-1.1376,0.0000,-1.1376,0.4182
11.429,-2.9131,-0.0214,-2.9345,-1.1436,0.0000,-1.1436,0.4182
11.434,-2.9175,0.0000,-2.9175,-1.1498,0.0000,-1.1498,0.6401
11.440,-2.9223,0.0000,-2.9223,-1.1572,0.0000,-1.1572,0.6401
11.444,-2.9258,0.0000,-2.9258,-1.1632,0.0000,-1.1632,0.6401
11.449,-2.9295,0.0000,-2.9295,-1.1697,0.0000,-1.1697,0.6401
11.462,-2.9395,0.0000,-2.9395,-1.1884,0.0000,-1.1884,0.5967
11.469,-2.9445,0.0000,-2.9445,-1.1980,0.0000,-1.1980,0.5967
11.474,-2.9482,0.0000,-2.9482,-1.2051,0.0000,-1.2051,0.5456
11.480,-2.9521,0.0000,-2.9521,-1.2124,0.0000,-1.2124,0.5456
11.485,-2.9555,0.0000,-2.9555,-1.2191,0.0000,-1.2191,0.5456
11.498,-2.9632,0.0000,-2.9632,-1.2342,0.0000,-1.2342,0.4851
11.505,-2.9673,0.0000,-2.9673,-1.2420,0.0000,-1.2420,0.4851
11.511,-2.9703,0.0000,-2.9703,-1.2482,0.0000,-1.2482,0.4851
11.516,-2.9733,0.0000,-2.9733,-1.2541,0.0000,-1.2541,0.4146
11.522,-2.9763,0.0000,-2.9763,-1.2601,0.0000,-1.2601,0.4146
11.527,-2.9789,0.0000,-2.9789,-1.2652,0.0000,-1.2652,0.4146
11.532,-2.9813,0.0000,-2.9813,-1.2699,0.0000,-1.2699,0.4146
11.538,-2.9837,0.0000,-2.9837,-1.2751,0.0000,-1.2751,0.4627
11.544,-2.9866,0.0000,-2.9866,-1.2824,0.0000,-1.2824,0.4627
11.550,-2.9891,0.0000,-2.9891,-1.2893,0.0000,-1.2893,0.4627
11.555,-2.9911,-0.0196,-3.0107,-1.2952,0.0000,-1.2952,0.1276
11.560,-2.9931,-0.0196,-3.0127,-1.3019,0.0000,-1.3019,0.1276
11.565,-2.9949,-0.0196,-3.0145,-1.3083,0.0000,-1.3083,0.1276
11.569,-2.9966,-0.0196,-3.0161,-1.3147,0.0000,-1.3147,0.1276
11.574,-2.9983,0.0000,-2.9983,-1.3215,0.0000,-1.3215,0.2899
11.579,-3.0002,0.0000,-3.0002,-1.3291,0.0000,-1.3291,0.2899
11.583,-3.0018,0.0000,-3.0018,-1.3355,0.0000,-1.3355,0.2899
11.588,-3.0034,0.0000,-3.0034,-1.3418,0.0000,-1.3418,0.2899
11.593,-3.0049,0.0000,-3.0049,-1.3478,0.0000,-1.3478,0.2899
11.598,-3.0064,0.0000,-3.0064,-1.3539,0.0000,-1.3539,0.2229
11.610,-3.0102,0.0000,-3.0102,-1.3691,0.0000,-1.3691,0.2229
11.623,-3.0141,0.0000,-3.0141,-1.3846,0.0000,-1.3846,0.1597
11.630,-3.0158,0.0000,-3.0158,-1.3911,0.0000,-1.3911,0.1597
11.634,-3.0169,0.0000,-3.0169,-1.3955,0.0000,-1.3955,0.0976
11.639,-3.0182,0.0000,-3.0182,-1.4004,0.0000,-1.4004,0.0976
11.644,-3.0192,0.0000,-3.0192,-1.4043,0.0000,-1.4043,0.0976
11.648,-3.0202,0.0000,-3.0202,-1.4079,0.0000,-1.4079,0.0976
11.652,-3.0211,0.0000,-3.0211,-1.4116,0.0000,-1.4116,0.0976
11.656,-3.0221,0.0000,-3.0221,-1.4153,0.0000,-1.4153,0.2573
11.661,-3.0231,0.0000,-3.0231,-1.4198,0.0000,-1.4198,0.2573
11.665,-3.0240,0.0000,-3.0240,-1.4239,0.0000,-1.4239,0.2573
11.670,-3.0250,0.0000,-3.0250,-1.4293,0.0000,-1.4293,0.2573
11.674,-3.0259,0.0000,-3.0259,-1.4342,0.0000,-1.4342,0.0881
11.679,-3.0268,0.0000,-3.0268,-1.4400,0.0000,-1.4400,0.0881
11.684,-3.0276,0.0000,-3.0276,-1.4459,0.0000,-1.4459,0.0881
11.689,-3.0286,0.0000,-3.0286,-1.4530,0.0000,-1.4530,0.0881
11.693,-3.0294,0.0000,-3.0294,-1.4594,0.0000,-1.4594,0.0881
11.698,-3.0301,0.0000,-3.0301,-1.4662,0.0000,-1.4662,0.1833
11.704,-3.0312,0.0000,-3.0312,-1.4749,0.0000,-1.4749,0.1833
11.716,-3.0330,0.0000,-3.0330,-1.4911,0.0000,-1.4911,0.1630
11.722,-3.0340,0.0000,-3.0340,-1.4987,0.0000,-1.4987,0.1630
11.726,-3.0347,0.0000,-3.0347,-1.5046,0.0000,-1.5046,0.1630
11.732,-3.0354,0.0000,-3.0354,-1.5106,0.0000,-1.5106,0.1630
11.737,-3.0361,0.0000,-3.0361,-1.5163,0.0000,-1.5163,0.1334
11.743,-3.0369,0.0000,-3.0369,-1.5225,0.0000,-1.5225,0.1334
11.748,-3.0375,0.0000,-3.0375,-1.5275,0.0000,-1.5275,0.1334
11.753,-3.0382,0.0000,-3.0382,-1.5322,0.0000,-1.5322,0.1334
11.759,-3.0388,0.0000,-3.0388,-1.5370,0.0000,-1.5370,0.0935
11.765,-2.9902,0.0000,-2.9902,-1.5428,0.0000,-1.5428,0.0935
11.779,-2.7806,0.0000,-2.7806,-1.5589,0.0000,-1.5589,0.0366
11.788,-2.6593,0.0000,-2.6593,-1.5712,0.0000,-1.5712,0.0366
11.793,-2.5869,0.0000,-2.5869,-1.5801,0.0000,-1.5801,0.0366
11.799,-2.5168,0.0000,-2.5168,-1.5903,0.0000,-1.5903,-0.0324
11.805,-2.4349,0.0000,-2.4349,-1.6045,0.0000,-1.6045,-0.0324
11.818,-2.2786,0.0197,-2.2589,-1.6411,-0.0130,-1.6541,0.2295
11.825,-2.2032,0.0197,-2.1835,-1.6612,-0.0130,-1.6742,0.2295
11.830,-2.1421,0.0197,-2.1225,-1.6793,-0.0130,-1.6923,0.2295
11.836,-2.0813,0.0203,-2.0610,-1.6984,-0.0186,-1.7170,0.2602
11.842,-2.0144,0.0203,-1.9941,-1.7207,-0.0186,-1.7393,0.2602
11.848,-1.9605,0.0203,-1.9401,-1.7396,-0.0186,-1.7582,0.2602
11.853,-1.9080,0.0203,-1.8877,-1.7588,-0.0186,-1.7774,0.2602
11.858,-1.8623,0.0208,-1.8415,-1.7763,-0.0242,-1.8005,0.2879
11.863,-1.8128,0.0208,-1.7920,-1.7963,-0.0242,-1.8205,0.2879
11.868,-1.7698,0.0208,-1.7490,-1.8143,-0.0242,-1.8385,0.2879
11.872,-1.7275,0.0208,-1.7067,-1.8329,-0.0242,-1.8571,0.2879
11.877,-1.6869,0.0208,-1.6660,-1.8515,-0.0296,-1.8811,0.3094
11.882,-1.6416,0.0208,-1.6207,-1.8733,-0.0296,-1.9029,0.3094
11.887,-1.6036,0.0208,-1.5827,-1.8923,-0.0296,-1.9220,0.3094
11.891,-1.5656,0.0208,-1.5447,-1.9122,-0.0296,-1.9419,0.3094
11.896,-1.5305,0.0202,-1.5102,-1.9314,-0.0347,-1.9661,0.3218
11.901,-1.4879,0.0202,-1.4676,-1.9559,-0.0347,-1.9906,0.3218
11.906,-1.4498,0.0202,-1.4296,-1.9720,-0.0347,-2.0067,0.3218
11.917,-1.3656,0.0189,-1.3466,-1.9693,-0.0392,-2.0085,0.3222
11.930,-1.2784,0.0189,-1.2595,-1.9200,-0.0392,-1.9593,0.3222
11.935,-1.2430,0.0169,-1.2261,-1.8913,-0.0432,-1.9344,0.3093
11.940,-1.2088,0.0169,-1.1919,-1.8548,-0.0432,-1.8980,0.3093
11.945,-1.1808,0.0169,-1.1639,-1.8187,-0.0432,-1.8618,0.3093
11.949,-1.1540,0.0169,-1.1371,-1.7782,-0.0432,-1.8213,0.3093
11.954,-1.1278,0.0143,-1.1135,-1.7360,-0.0464,-1.7823,0.2821
11.959,-1.0966,0.0143,-1.0823,-1.6864,-0.0464,-1.7328,0.2821
11.963,-1.0723,0.0143,-1.0579,-1.6481,-0.0464,-1.6945,0.2821
11.967,-1.0491,0.0143,-1.0348,-1.6119,-0.0464,-1.6583,0.2821
11.972,-1.0256,0.0143,-1.0113,-1.5759,-0.0464,-1.6222,0.2821
11.976,-1.0030,0.0113,-0.9916,-1.5415,-0.0489,-1.5904,0.2398
11.981,-0.9776,0.0113,-0.9663,-1.5036,-0.0489,-1.5524,0.2398
11.985,-0.9572,0.0113,-0.9459,-1.4735,-0.0489,-1.5223,0.2398
11.989,-0.9356,0.0113,-0.9243,-1.4420,-0.0489,-1.4909,0.2398
11.994,-0.9141,0.0000,-0.9141,-1.4111,-0.0505,-1.4617,0.1821
11.998,-0.8908,0.0000,-0.8908,-1.3784,-0.0505,-1.4289,0.1821
12.003,-0.8707,0.0000,-0.8707,-1.3504,-0.0505,-1.4010,0.1821
12.007,-0.8493,0.0000,-0.8493,-1.3212,-0.0505,-1.3718,0.1821
12.018,-0.8016,0.0000,-0.8016,-1.2588,-0.0461,-1.3049,-0.0108
12.023,-0.7802,0.0000,-0.7802,-1.2313,-0.0461,-1.2774,-0.0108
12.027,-0.7625,0.0000,-0.7625,-1.2091,-0.0461,-1.2551,-0.0108
12.032,-0.7460,0.0000,-0.7460,-1.1886,-0.0461,-1.2346,-0.0108
12.036,-0.7282,0.0000,-0.7282,-1.1672,-0.0468,-1.2139,-0.0872
12.041,-0.7081,0.0000,-0.7081,-1.1436,-0.0468,-1.1904,-0.0872
12.046,-0.6913,0.0000,-0.6913,-1.1245,-0.0468,-1.1713,-0.0872
12.050,-0.6764,0.0000,-0.6764,-1.1078,-0.0468,-1.1546,-0.0872
12.054,-0.6604,0.0000,-0.6604,-1.0905,-0.0468,-1.1373,-0.1768
12.059,-0.6436,0.0000,-0.6436,-1.0727,-0.0468,-1.1195,-0.1768
12.063,-0.6294,0.0000,-0.6294,-1.0583,-0.0468,-1.1051,-0.1768
12.068,-0.6148,0.0000,-0.6148,-1.0438,-0.0468,-1.0906,-0.1768
12.080,-0.5757,0.0000,-0.5757,-1.0087,-0.0519,-1.0605,-0.1368
12.085,-0.5577,0.0000,-0.5577,-0.9934,-0.0519,-1.0453,-0.1368
12.090,-0.5445,0.0000,-0.5445,-0.9826,-0.0519,-1.0345,-0.1368
12.094,-0.5321,0.0000,-0.5321,-0.9731,-0.0529,-1.0260,-0.1887
12.099,-0.5184,0.0000,-0.5184,-0.9631,-0.0529,-1.0160,-0.1887
12.104,-0.5046,0.0000,-0.5046,-0.9536,-0.0529,-1.0066,-0.1887
12.108,-0.4928,0.0000,-0.4928,-0.9460,-0.0529,-0.9989,-0.1887
12.113,-0.4816,0.0000,-0.4816,-0.9393,-0.0529,-0.9922,-0.1887
12.117,-0.4699,0.0000,-0.4699,-0.9329,-0.0540,-0.9869,-0.2333
12.128,-0.4415,0.0000,-0.4415,-0.9209,-0.0540,-0.9749,-0.2333
12.134,-0.4288,0.0000,-0.4288,-0.9163,-0.0556,-0.9719,-0.2546
12.139,-0.4173,0.0000,-0.4173,-0.9129,-0.0556,-0.9685,-0.2546
12.143,-0.4076,0.0000,-0.4076,-0.9105,-0.0556,-0.9662,-0.2546
12.147,-0.3986,0.0000,-0.3986,-0.9089,-0.0556,-0.9645,-0.2546
12.151,-0.3898,0.0000,-0.3898,-0.9077,-0.0556,-0.9633,-0.2546
12.156,-0.3804,0.0000,-0.3804,-0.9071,-0.0571,-0.9642,-0.2699
12.160,-0.3706,0.0000,-0.3706,-0.9071,-0.0571,-0.9643,-0.2699
12.165,-0.3624,0.0000,-0.3624,-0.9077,-0.0571,-0.9649,-0.2699
12.169,-0.3544,0.0000,-0.3544,-0.9088,-0.0571,-0.9660,-0.2699
12.173,-0.3460,0.0000,-0.3460,-0.9106,-0.0571,-0.9677,-0.2699
12.178,-0.3370,0.0000,-0.3370,-0.9132,-0.0583,-0.9715,-0.2875
12.183,-0.3285,0.0000,-0.3285,-0.9163,-0.0583,-0.9746,-0.2875
12.187,-0.3208,0.0000,-0.3208,-0.9197,-0.0583,-0.9780,-0.2875
12.191,-0.3128,0.0000,-0.3128,-0.9239,-0.0583,-0.9822,-0.2875
12.196,-0.3055,0.0000,-0.3055,-0.9285,-0.0651,-0.9936,-0.0878
12.200,-0.2978,0.0000,-0.2978,-0.9341,-0.0651,-0.9992,-0.0878
12.205,-0.2905,0.0000,-0.2905,-0.9401,-0.0651,-1.0052,-0.0878
12.209,-0.2837,0.0000,-0.2837,-0.9463,-0.0651,-1.0115,-0.0878
12.213,-0.2772,0.0000,-0.2772,-0.9529,-0.0651,-1.0180,-0.0878
12.218,-0.2704,0.0000,-0.2704,-0.9605,-0.0704,-1.0309,0.0863
12.231,-0.2507,0.0000,-0.2507,-0.9891,-0.0704,-1.0595,0.0863
12.238,-0.2415,0.0000,-0.2415,-1.0042,-0.0694,-1.0737,0.0256
12.243,-0.2345,0.0000,-0.2345,-1.0169,-0.0694,-1.0863,0.0256
12.247,-0.2293,0.0000,-0.2293,-1.0270,-0.0694,-1.0965,0.0256
12.251,-0.2241,0.0000,-0.2241,-1.0377,-0.0694,-1.1072,0.0256
12.259,-0.2149,0.0000,-0.2149,-1.0588,-0.0683,-1.1270,-0.0398
12.268,-0.2037,0.0000,-0.2037,-1.0884,-0.0683,-1.1566,-0.0398
12.275,-0.1966,0.0000,-0.1966,-1.1088,-0.0669,-1.1757,-0.1109
12.280,-0.1905,0.0000,-0.1905,-1.1281,-0.0669,-1.1950,-0.1109
12.285,-0.1857,0.0000,-0.1857,-1.1440,-0.0669,-1.2109,-0.1109
12.290,-0.1810,0.0000,-0.1810,-1.1605,-0.0669,-1.2274,-0.1109
12.294,-0.1768,0.0000,-0.1768,-1.1760,-0.0676,-1.2436,-0.0807
12.299,-0.1719,0.0000,-0.1719,-1.1951,-0.0676,-1.2627,-0.0807
12.304,-0.1673,0.0000,-0.1673,-1.2142,-0.0676,-1.2819,-0.0807
12.308,-0.1635,0.0000,-0.1635,-1.2313,-0.0676,-1.2989,-0.0807
12.312,-0.1598,0.0000,-0.1598,-1.2483,-0.0676,-1.3159,-0.0807
12.316,-0.1559,0.0000,-0.1559,-1.2672,-0.0682,-1.3354,-0.0628
12.321,-0.1514,0.0000,-0.1514,-1.2904,-0.0682,-1.3586,-0.0628
12.326,-0.1472,0.0000,-0.1472,-1.3134,-0.0682,-1.3816,-0.0628
12.338,-0.1381,0.0000,-0.1381,-1.3697,-0.0667,-1.4364,-0.1413
12.343,-0.1343,0.0000,-0.1343,-1.3943,-0.0667,-1.4610,-0.1413
12.347,-0.1307,0.0000,-0.1307,-1.4195,-0.0667,-1.4862,-0.1413
12.352,-0.1276,0.0000,-0.1276,-1.4417,-0.0667,-1.5084,-0.1413
12.356,-0.1245,0.0000,-0.1245,-1.4650,-0.0702,-1.5353,-0.0120
12.361,-0.1212,0.0000,-0.1212,-1.4910,-0.0702,-1.5613,-0.0120
12.365,-0.1184,0.0000,-0.1184,-1.5140,-0.0702,-1.5842,-0.0120
12.369,-0.1155,0.0000,-0.1155,-1.5384,-0.0702,-1.6087,-0.0120
12.381,-0.1080,0.0000,-0.1080,-1.6119,-0.0685,-1.6804,-0.1002
12.387,-0.1043,0.0000,-0.1043,-1.6492,-0.0685,-1.7178,-0.1002
12.392,-0.1017,0.0000,-0.1017,-1.6769,-0.0685,-1.7454,-0.1002
12.396,-0.0992,0.0000,-0.0992,-1.7051,-0.0694,-1.7744,-0.0805
12.401,-0.0965,0.0000,-0.0965,-1.7361,-0.0694,-1.8055,-0.0805
12.405,-0.0942,0.0000,-0.0942,-1.7649,-0.0694,-1.8343,-0.0805
12.410,-0.0919,0.0000,-0.0919,-1.7943,-0.0694,-1.8636,-0.0805
12.414,-0.0897,0.0000,-0.0897,-1.8233,-0.0698,-1.8931,-0.0674
12.418,-0.0874,0.0000,-0.0874,-1.8557,-0.0698,-1.9254,-0.0674
12.423,-0.0852,0.0000,-0.0852,-1.8870,-0.0698,-1.9567,-0.0674
12.427,-0.0832,0.0000,-0.0832,-1.9166,-0.0698,-1.9863,-0.0674
12.431,-0.0812,0.0000,-0.0812,-1.9479,-0.0698,-2.0176,-0.0674
12.442,-0.0762,0.0000,-0.0762,-2.0342,-0.0678,-2.1021,-0.1566
12.447,-0.0741,0.0000,-0.0741,-2.0712,-0.0678,-2.1391,-0.1566
12.451,-0.0724,0.0000,-0.0724,-2.1026,-0.0678,-2.1704,-0.1566
12.456,-0.0704,0.0000,-0.0704,-2.1423,-0.0660,-2.2083,-0.2435
12.462,-0.0683,0.0000,-0.0683,-2.1846,-0.0660,-2.2506,-0.2435
12.466,-0.0667,0.0000,-0.0667,-2.2185,-0.0660,-2.2844,-0.2435
12.471,-0.0647,0.0000,-0.0647,-2.2617,-0.0660,-2.3277,-0.2435
12.475,-0.0631,0.0000,-0.0631,-2.2973,-0.0655,-2.3629,-0.2374
12.480,-0.0615,0.0000,-0.0615,-2.3357,-0.0655,-2.4012,-0.2374
12.484,-0.0600,0.0000,-0.0600,-2.3736,-0.0655,-2.4392,-0.2374
12.490,-0.0582,0.0000,-0.0582,-2.4182,-0.0655,-2.4837,-0.2374
12.494,-0.0568,0.0000,-0.0568,-2.4570,-0.0646,-2.5216,-0.2396
12.499,-0.0552,0.0000,-0.0552,-2.4989,-0.0646,-2.5634,-0.2396
12.503,-0.0539,0.0000,-0.0539,-2.5380,-0.0646,-2.6025,-0.2396
12.507,-0.0526,0.0000,-0.0526,-2.5770,-0.0646,-2.6415,-0.2396
12.512,-0.0514,0.0000,-0.0514,-2.6139,-0.0646,-2.6785,-0.2396
12.516,-0.0501,0.0000,-0.0501,-2.6542,-0.0631,-2.7173,-0.2454
12.521,-0.0486,0.0000,-0.0486,-2.7013,-0.0631,-2.7644,-0.2454
12.533,-0.0454,0.0000,-0.0454,-2.8176,-0.0631,-2.8806,-0.2454
12.545,-0.0422,0.0000,-0.0422,-2.9418,-0.0610,-3.0027,-0.2586
12.552,-0.0407,0.0000,-0.0407,-3.0060,-0.0610,-3.0670,-0.2586
12.557,-0.0395,0.0000,-0.0395,-3.0544,-0.0582,-3.1126,-0.2297
12.561,-0.0384,0.0000,-0.0384,-3.1021,-0.0582,-3.1604,-0.2297
12.566,-0.0375,0.0000,-0.0375,-3.1443,-0.0582,-3.2025,-0.2297
12.570,-0.0365,0.0000,-0.0365,-3.1885,-0.0582,-3.2468,-0.2297
12.574,-0.0357,0.0000,-0.0357,-3.2304,-0.0544,-3.2848,-0.1806
12.579,-0.0347,0.0000,-0.0347,-3.2774,-0.0544,-3.3318,-0.1806
12.583,-0.0339,0.0000,-0.0339,-3.3188,-0.0544,-3.3732,-0.1806
12.587,-0.0331,0.0000,-0.0331,-3.3611,-0.0544,-3.4155,-0.1806
12.592,-0.0323,0.0000,-0.0323,-3.4045,-0.0544,-3.4589,-0.1806
12.596,-0.0315,0.0000,-0.0315,-3.4473,-0.0497,-3.4970,-0.1407
12.601,-0.0307,0.0000,-0.0307,-3.4938,-0.0497,-3.5435,-0.1407
12.605,-0.0299,0.0000,-0.0299,-3.5375,-0.0497,-3.5872,-0.1407
12.609,-0.0292,0.0000,-0.0292,-3.5816,-0.0497,-3.6313,-0.1407
12.614,-0.0285,0.0000,-0.0285,-3.6248,-0.0497,-3.6745,-0.1407
12.618,-0.0278,0.0000,-0.0278,-3.6655,-0.0463,-3.7119,-0.2009
12.623,-0.0270,0.0000,-0.0270,-3.7166,-0.0463,-3.7629,-0.2009
12.627,-0.0264,0.0000,-0.0264,-3.7600,-0.0463,-3.8063,-0.2009
12.631,-0.0257,0.0000,-0.0257,-3.8014,-0.0463,-3.8478,-0.2009
12.635,-0.0251,0.0000,-0.0251,-3.8461,-0.0382,-3.8843,-0.0975
12.647,-0.0234,0.0000,-0.0234,-3.9645,-0.0382,-4.0028,-0.0975
12.651,-0.0229,0.0000,-0.0229,-4.0078,-0.0382,-4.0460,-0.0975
12.656,-0.0223,0.0000,-0.0223,-4.0525,-0.0355,-4.0880,-0.1841
12.661,-0.0217,0.0000,-0.0217,-4.0989,-0.0355,-4.1344,-0.1841
12.665,-0.0211,0.0000,-0.0211,-4.1391,-0.0355,-4.1746,-0.1841
12.669,-0.0207,0.0000,-0.0207,-4.1784,-0.0355,-4.2139,-0.1841
12.673,-0.0201,0.0000,-0.0201,-4.2233,-0.0355,-4.2588,-0.1841
12.685,-0.0188,0.0000,-0.0188,-4.3319,-0.0265,-4.3584,-0.1003
12.691,-0.0181,0.0000,-0.0181,-4.3923,-0.0265,-4.4188,-0.1003
12.696,-0.0176,0.0000,-0.0176,-4.4322,-0.0210,-4.4532,-0.1112
12.701,-0.0171,0.0000,-0.0171,-4.4779,-0.0210,-4.4989,-0.1112
12.705,-0.0167,0.0000,-0.0167,-4.5198,-0.0210,-4.5408,-0.1112
12.710,-0.0163,0.0000,-0.0163,-4.5558,-0.0210,-4.5768,-0.1112
12.714,-0.0159,0.0000,-0.0159,-4.5908,-0.0191,-4.6099,-0.2078
12.719,-0.0154,0.0000,-0.0154,-4.6312,-0.0191,-4.6503,-0.2078
12.723,-0.0150,0.0000,-0.0150,-4.6670,-0.0191,-4.6861,-0.2078
12.727,-0.0147,0.0000,-0.0147,-4.6999,-0.0191,-4.7190,-0.2078
12.731,-0.0143,0.0000,-0.0143,-4.7333,-0.0191,-4.7524,-0.2078
12.735,-0.0140,0.0000,-0.0140,-4.7659,-0.0137,-4.7795,-0.2007
12.740,-0.0136,0.0000,-0.0136,-4.8027,-0.0137,-4.8163,-0.2007
12.745,-0.0133,0.0000,-0.0133,-4.8349,-0.0137,-4.8486,-0.2007
12.749,-0.0129,0.0000,-0.0129,-4.8686,-0.0137,-4.8822,-0.2007
12.760,-0.0121,0.0000,-0.0121,-4.9437,0.0000,-4.9437,-0.1890
12.765,-0.0118,0.0000,-0.0118,-4.9757,0.0000,-4.9757,-0.1890
12.769,-0.0115,0.0000,-0.0115,-5.0027,0.0000,-5.0027,-0.1890
12.774,-0.0112,0.0000,-0.0112,-5.0293,0.0000,-5.0293,-0.0999
12.778,-0.0109,0.0000,-0.0109,-5.0577,0.0000,-5.0577,-0.0999
12.783,-0.0106,0.0000,-0.0106,-5.0821,0.0000,-5.0821,-0.0999
12.787,-0.0103,0.0000,-0.0103,-5.1060,0.0000,-5.1060,-0.0999
12.791,-0.0101,0.0000,-0.0101,-5.1284,0.0000,-5.1284,-0.0999
12.796,-0.0098,0.0000,-0.0098,-5.1498,0.0000,-5.1498,-0.1018
12.800,-0.0096,0.0000,-0.0096,-5.1713,0.0000,-5.1713,-0.1018
12.805,-0.0093,0.0000,-0.0093,-5.1911,0.0000,-5.1911,-0.1018
12.809,-0.0091,0.0000,-0.0091,-5.2091,0.0000,-5.2091,-0.1018
12.813,-0.0089,0.0000,-0.0089,-5.2270,0.0000,-5.2270,-0.1018
12.817,-0.0087,0.0000,-0.0087,-5.2426,0.0000,-5.2426,-0.1298
12.822,-0.0084,0.0000,-0.0084,-5.2599,0.0000,-5.2599,-0.1298
12.826,-0.0082,0.0000,-0.0082,-5.2751,0.0000,-5.2751,-0.1298
12.839,-0.0076,0.0000,-0.0076,-5.3110,0.0000,-5.3110,-0.1667
12.846,-0.0073,0.0000,-0.0073,-5.3277,0.0000,-5.3277,-0.1667
12.851,-0.0071,0.0000,-0.0071,-5.3381,0.0000,-5.3381,-0.1667
12.863,-0.0066,0.0000,-0.0066,-5.3489,0.0000,-5.3489,-0.2077
12.869,-0.0064,0.0000,-0.0064,-5.3481,0.0000,-5.3481,-0.2077
12.874,-0.0062,0.0000,-0.0062,-5.3439,0.0000,-5.3439,-0.2533
12.878,-0.0060,0.0000,-0.0060,-5.3365,0.0000,-5.3365,-0.2533
12.883,-0.0059,0.0000,-0.0059,-5.3272,0.0000,-5.3272,-0.2533
12.888,-0.0057,0.0000,-0.0057,-5.3141,0.0000,-5.3141,-0.2533
12.892,-0.0056,0.0000,-0.0056,-5.2990,0.0000,-5.2990,-0.2533
12.896,-0.0054,0.0000,-0.0054,-5.2846,0.0000,-5.2846,-0.2256
12.901,-0.0053,0.0000,-0.0053,-5.2659,0.0000,-5.2659,-0.2256
12.906,-0.0051,0.0000,-0.0051,-5.2455,0.0000,-5.2455,-0.2256
12.910,-0.0050,0.0000,-0.0050,-5.2249,0.0000,-5.2249,-0.2256
12.915,-0.0049,0.0000,-0.0049,-5.2048,0.0000,-5.2048,-0.2762
12.921,-0.0047,0.0000,-0.0047,-5.1851,0.0000,-5.1851,-0.2762
12.925,-0.0046,0.0000,-0.0046,-5.1711,0.0000,-5.1711,-0.2762
12.929,-0.0045,0.0000,-0.0045,-5.1586,0.0000,-5.1586,-0.2762
12.933,-0.0044,0.0000,-0.0044,-5.1476,0.0000,-5.1476,-0.2762
12.938,-0.0042,0.0000,-0.0042,-5.1363,0.0000,-5.1363,-0.2361
12.943,-0.0041,0.0000,-0.0041,-5.1262,0.0000,-5.1262,-0.2361
12.947,-0.0040,0.0000,-0.0040,-5.1185,0.0000,-5.1185,-0.2361
12.951,-0.0039,0.0000,-0.0039,-5.1119,0.0000,-5.1119,-0.2361
12.956,-0.0038,0.0000,-0.0038,-5.1054,0.0000,-5.1054,-0.1926
12.967,-0.0036,0.0000,-0.0036,-5.0966,0.0000,-5.0966,-0.1926
12.972,-0.0035,0.0000,-0.0035,-5.0940,0.0000,-5.0940,-0.1926
12.976,-0.0034,0.0000,-0.0034,-5.0927,0.0000,-5.0927,-0.1567
12.981,-0.0033,0.0000,-0.0033,-5.0921,0.0000,-5.0921,-0.1567
12.992,-0.0031,0.0000,-0.0031,-5.0964,0.0000,-5.0964,-0.1567
12.997,-0.0030,0.0000,-0.0030,-5.0994,0.0000,-5.0994,-0.1969
13.002,-0.0029,0.0000,-0.0029,-5.1030,0.0000,-5.1030,-0.1969
13.007,-0.0028,0.0000,-0.0028,-5.1069,0.0000,-5.1069,-0.1969
13.011,-0.0028,0.0000,-0.0028,-5.1111,0.0000,-5.1111,-0.1969
13.015,-0.0027,0.0000,-0.0027,-5.1159,0.0000,-5.1159,-0.2390
13.020,-0.0026,0.0000,-0.0026,-5.1221,0.0000,-5.1221,-0.2390
13.024,-0.0025,0.0000,-0.0025,-5.1280,0.0000,-5.1280,-0.2390
13.028,-0.0025,0.0000,-0.0025,-5.1343,0.0000,-5.1343,-0.2390
13.033,-0.0024,0.0000,-0.0024,-5.1409,0.0000,-5.1409,-0.2390
13.037,-0.0024,0.0000,-0.0024,-5.1480,0.0000,-5.1480,-0.2832
13.041,-0.0023,0.0000,-0.0023,-5.1564,0.0000,-5.1564,-0.2832
13.046,-0.0022,0.0000,-0.0022,-5.1643,0.0000,-5.1643,-0.2832
13.050,-0.0022,0.0000,-0.0022,-5.1724,0.0000,-5.1724,-0.2832
13.054,-0.0021,0.0000,-0.0021,-5.1807,0.0000,-5.1807,-0.2681
13.059,-0.0021,0.0000,-0.0021,-5.1902,0.0000,-5.1902,-0.2681
13.063,-0.0020,0.0000,-0.0020,-5.1990,0.0000,-5.1990,-0.2681
13.068,-0.0020,0.0000,-0.0020,-5.2089,0.0000,-5.2089,-0.2681
13.079,-0.0018,0.0000,-0.0018,-5.2348,0.0000,-5.2348,-0.2547
13.084,-0.0018,0.0000,-0.0018,-5.2459,0.0000,-5.2459,-0.2547
13.089,-0.0017,0.0000,-0.0017,-5.2555,0.0000,-5.2555,-0.2547
13.093,-0.0017,0.0000,-0.0017,-5.2651,0.0000,-5.2651,-0.2547
13.097,-0.0017,0.0000,-0.0017,-5.2743,0.0000,-5.2743,-0.2472
13.101,-0.0016,0.0000,-0.0016,-5.2843,0.0000,-5.2843,-0.2472
13.106,-0.0016,0.0000,-0.0016,-5.2940,0.0000,-5.2940,-0.2472
13.110,-0.0015,0.0000,-0.0015,-5.3037,0.0000,-5.3037,-0.2472
13.114,-0.0015,0.0000,-0.0015,-5.3125,0.0000,-5.3125,-0.3051
13.119,-0.0014,0.0000,-0.0014,-5.3224,0.0000,-5.3224,-0.3051
13.124,-0.0014,0.0000,-0.0014,-5.3316,0.0000,-5.3316,-0.3051
13.128,-0.0014,0.0000,-0.0014,-5.3402,0.0000,-5.3402,-0.3051
13.132,-0.0013,0.0000,-0.0013,-5.3486,0.0000,-5.3486,-0.3051
13.144,-0.0013,0.0000,-0.0013,-5.3714,0.0000,-5.3714,-0.2907
13.150,-0.0012,0.0000,-0.0012,-5.3832,0.0000,-5.3832,-0.2907
13.155,-0.0012,0.0000,-0.0012,-5.3918,0.0000,-5.3918,-0.2801
13.160,-0.0011,0.0000,-0.0011,-5.3994,0.0000,-5.3994,-0.2801
13.164,-0.0011,0.0000,-0.0011,-5.4057,0.0000,-5.4057,-0.2801
13.169,-0.0011,0.0000,-0.0011,-5.4121,0.0000,-5.4121,-0.2801
13.180,-0.0010,0.0000,-0.0010,-5.4259,0.0000,-5.4259,-0.2931
13.186,-0.0010,0.0000,-0.0010,-5.4322,0.0000,-5.4322,-0.2931
13.191,-0.0009,0.0000,-0.0009,-5.4375,0.0000,-5.4375,-0.2931
13.196,-0.0009,0.0000,-0.0009,-5.4414,0.0000,-5.4414,-0.3698
13.201,-0.0009,0.0000,-0.0009,-5.4452,0.0000,-5.4452,-0.3698
13.206,-0.0009,0.0000,-0.0009,-5.4481,0.0000,-5.4481,-0.3698
13.210,-0.0008,0.0000,-0.0008,-5.4502,0.0000,-5.4502,-0.3698
13.214,-0.0008,0.0000,-0.0008,-5.4518,0.0000,-5.4518,-0.4498
13.219,-0.0008,0.0000,-0.0008,-5.4531,0.0000,-5.4531,-0.4498
13.223,-0.0008,0.0000,-0.0008,-5.4537,0.0000,-5.4537,-0.4498
13.227,-0.0008,0.0000,-0.0008,-5.4539,0.0000,-5.4539,-0.4498
13.232,-0.0007,0.0000,-0.0007,-5.4536,0.0000,-5.4536,-0.4498
13.237,-0.0007,0.0000,-0.0007,-5.4525,0.0000,-5.4525,-0.4890
13.242,-0.0007,0.0000,-0.0007,-5.4507,0.0000,-5.4507,-0.4890
13.246,-0.0007,0.0000,-0.0007,-5.4485,0.0000,-5.4485,-0.4890
13.257,-0.0006,0.0000,-0.0006,-5.4392,0.0000,-5.4392,-0.5255
13.269,-0.0006,0.0000,-0.0006,-5.4257,0.0000,-5.4257,-0.5255
13.281,-0.0005,0.0000,-0.0005,-5.4073,0.0000,-5.4073,-0.5554
13.294,-0.0005,0.0000,-0.0005,-5.3823,0.0000,-5.3823,-0.5848
13.307,-0.0005,0.0000,-0.0005,-5.3522,0.0000,-5.3522,-0.5848
13.313,-0.0005,0.0000,-0.0005,-5.3383,0.0000,-5.3383,-0.5848
13.317,-0.0004,0.0000,-0.0004,-5.3266,0.0000,-5.3266,-0.6180
13.325,-0.0004,0.0000,-0.0004,-5.3062,0.0000,-5.3062,-0.6180
13.330,-0.0004,0.0000,-0.0004,-5.2903,0.0000,-5.2903,-0.6180
13.335,-0.0004,0.0000,-0.0004,-5.2765,0.0000,-5.2765,-0.6445
13.340,-0.0004,0.0000,-0.0004,-5.2595,0.0000,-5.2595,-0.6445
13.345,-0.0004,0.0000,-0.0004,-5.2433,0.0000,-5.2433,-0.6445
13.350,-0.0004,0.0000,-0.0004,-5.2284,0.0000,-5.2284,-0.6445
13.354,-0.0004,0.0000,-0.0004,-5.2128,0.0000,-5.2128,-0.6690
13.360,-0.0003,0.0000,-0.0003,-5.1920,0.0000,-5.1920,-0.6690
13.364,-0.0003,0.0000,-0.0003,-5.1749,0.0000,-5.1749,-0.6690
13.369,-0.0003,0.0000,-0.0003,-5.1582,0.0000,-5.1582,-0.6690
13.374,-0.0003,0.0000,-0.0003,-5.1389,0.0000,-5.1389,-0.6926
13.378,-0.0003,0.0000,-0.0003,-5.1195,0.0000,-5.1195,-0.6926
13.383,-0.0003,0.0000,-0.0003,-5.1013,0.0000,-5.1013,-0.6926
13.387,-0.0003,0.0000,-0.0003,-5.0822,0.0000,-5.0822,-0.6926
13.393,-0.0003,0.0000,-0.0003,-5.0574,0.0000,-5.0574,-0.6926
13.405,-0.0003,0.0000,-0.0003,-4.9998,0.0000,-4.9998,-0.7151
13.410,-0.0002,0.0000,-0.0002,-4.9739,0.0000,-4.9739,-0.7151
13.415,-0.0002,0.0000,-0.0002,-4.9520,0.0000,-4.9520,-0.7362
13.419,-0.0002,0.0000,-0.0002,-4.9281,0.0000,-4.9281,-0.7362
13.424,-0.0002,0.0000,-0.0002,-4.9054,0.0000,-4.9054,-0.7362
13.428,-0.0002,0.0000,-0.0002,-4.8848,0.0000,-4.8848,-0.7362
13.432,-0.0002,0.0000,-0.0002,-4.8616,0.0000,-4.8616,-0.7362
13.437,-0.0002,0.0000,-0.0002,-4.8376,0.0000,-4.8376,-0.7560
13.442,-0.0002,0.0000,-0.0002,-4.8116,0.0000,-4.8116,-0.7560
13.446,-0.0002,0.0000,-0.0002,-4.7878,0.0000,-4.7878,-0.7560
13.467,-0.0002,0.0000,-0.0002,-4.6617,0.0000,-4.6617,-0.7759
13.477,-0.0002,0.0000,-0.0002,-4.5971,0.0000,-4.5971,-0.7940
13.483,-0.0002,0.0000,-0.0002,-4.5621,0.0000,-4.5621,-0.7940
13.489,-0.0002,0.0000,-0.0002,-4.5284,0.0000,-4.5284,-0.7940
13.494,-0.0001,0.0000,-0.0001,-4.4998,0.0000,-4.4998,-0.8098
13.499,-0.0001,0.0000,-0.0001,-4.4674,0.0000,-4.4674,-0.8098
13.511,-0.0001,0.0000,-0.0001,-4.3958,0.0000,-4.3958,-0.8098
13.516,-0.0001,0.0000,-0.0001,-4.3642,0.0000,-4.3642,-0.8182
13.522,-0.0001,0.0000,-0.0001,-4.3278,0.0000,-4.3278,-0.8182
13.526,-0.0001,0.0000,-0.0001,-4.2985,0.0000,-4.2985,-0.8182
13.531,-0.0001,0.0000,-0.0001,-4.2708,0.0000,-4.2708,-0.8182
13.535,-0.0001,0.0000,-0.0001,-4.2439,0.0000,-4.2439,-0.8232
13.540,-0.0001,0.0000,-0.0001,-4.2145,0.0000,-4.2145,-0.8232
13.544,-0.0001,0.0000,-0.0001,-4.1863,0.0000,-4.1863,-0.8232
13.548,-0.0001,0.0000,-0.0001,-4.1598,0.0000,-4.1598,-0.8232
13.553,-0.0001,0.0000,-0.0001,-4.1311,0.0000,-4.1311,-0.8232
13.558,-0.0001,0.0000,-0.0001,-4.1012,0.0000,-4.1012,-0.8431
13.563,-0.0001,0.0000,-0.0001,-4.0685,0.0000,-4.0685,-0.8431
13.567,-0.0001,0.0000,-0.0001,-4.0415,0.0000,-4.0415,-0.8431
13.572,-0.0001,0.0000,-0.0001,-4.0105,0.0000,-4.0105,-0.8431
13.577,-0.0001,0.0000,-0.0001,-3.9789,0.0000,-3.9789,-0.8802
13.581,-0.0001,0.0000,-0.0001,-3.9483,0.0000,-3.9483,-0.8802
13.586,-0.0001,0.0000,-0.0001,-3.9186,0.0000,-3.9186,-0.8802
13.591,-0.0001,0.0000,-0.0001,-3.8842,0.0000,-3.8842,-0.8802
13.596,-0.0001,0.0000,-0.0001,-3.8549,0.0000,-3.8549,-0.9141
13.602,-0.0001,0.0000,-0.0001,-3.8150,0.0000,-3.8150,-0.9141
13.616,-0.0001,0.0000,-0.0001,-3.7229,0.0000,-3.7229,-0.9425
13.622,-0.0001,0.0000,-0.0001,-3.6824,0.0000,-3.6824,-0.9425
13.627,-0.0001,0.0000,-0.0001,-3.6507,0.0000,-3.6507,-0.9425
13.632,-0.0001,0.0000,-0.0001,-3.6175,0.0000,-3.6175,-0.9425
13.636,-0.0001,0.0000,-0.0001,-3.5896,0.0000,-3.5896,-0.9715
13.642,-0.0001,0.0000,-0.0001,-3.5537,0.0000,-3.5537,-0.9715
13.647,-0.0001,0.0000,-0.0001,-3.5237,0.0000,-3.5237,-0.9715
13.651,-0.0001,0.0000,-0.0001,-3.4972,0.0000,-3.4972,-0.9715
13.656,-0.0001,0.0000,-0.0001,-3.4638,0.0000,-3.4638,-1.0000
13.661,-0.0001,0.0000,-0.0001,-3.4339,0.0000,-3.4339,-1.0000
13.665,-0.0001,0.0000,-0.0001,-3.4053,0.0000,-3.4053,-1.0000
13.671,-0.0001,0.0000,-0.0001,-3.3722,0.0000,-3.3722,-1.0000
13.675,0.0000,0.0000,0.0000,-3.3441,0.0000,-3.3441,-1.0414
13.680,0.0000,0.0000,0.0000,-3.3127,0.0000,-3.3127,-1.0414
13.685,0.0000,0.0000,0.0000,-3.2833,0.0000,-3.2833,-1.0414
13.691,0.0000,0.0000,0.0000,-3.2415,0.0000,-3.2415,-1.0414
13.696,0.0000,0.0000,0.0000,-3.2145,0.0000,-3.2145,-1.0675
13.702,0.0000,0.0000,0.0000,-3.1867,0.0000,-3.1867,-1.0675
13.707,0.0000,0.0000,0.0000,-3.1674,0.0000,-3.1674,-1.0675
13.718,0.0000,0.0000,0.0000,-3.1519,0.0000,-3.1519,-1.0843
13.723,0.0000,0.0000,0.0000,-3.1506,0.0000,-3.1506,-1.0843
13.728,0.0000,0.0000,0.0000,-3.1528,0.0000,-3.1528,-1.0843
13.733,0.0000,0.0000,0.0000,-3.1597,0.0000,-3.1597,-1.0843
13.738,0.0000,0.0000,0.0000,-3.1711,0.0000,-3.1711,-1.0934
13.742,0.0000,0.0000,0.0000,-3.1855,0.0000,-3.1855,-1.0934
13.747,0.0000,0.0000,0.0000,-3.2027,0.0000,-3.2027,-1.0934
13.752,0.0000,0.0000,0.0000,-3.2172,0.0000,-3.2172,-1.0934
13.764,0.0000,0.0000,0.0000,-3.2416,0.0000,-3.2416,-1.0946
13.771,0.0000,0.0000,0.0000,-3.2507,0.0000,-3.2507,-1.0946
13.775,0.0000,0.0000,0.0000,-3.2553,0.0000,-3.2553,-1.0885
13.780,0.0000,0.0000,0.0000,-3.2579,0.0000,-3.2579,-1.0885
13.785,0.0000,0.0000,0.0000,-3.2581,0.0000,-3.2581,-1.0885
13.790,0.0000,0.0000,0.0000,-3.2557,0.0000,-3.2557,-1.0885
13.794,0.0000,0.0000,0.0000,-3.2515,0.0000,-3.2515,-1.0754
13.799,0.0000,0.0000,0.0000,-3.2448,0.0000,-3.2448,-1.0754
13.804,0.0000,0.0000,0.0000,-3.2362,0.0000,-3.2362,-1.0754
13.809,0.0000,0.0000,0.0000,-3.2253,0.0000,-3.2253,-1.0754
13.814,0.0000,0.0000,0.0000,-3.2144,0.0000,-3.2144,-1.0603
13.819,0.0000,0.0000,0.0000,-3.1991,0.0000,-3.1991,-1.0603
13.831,0.0000,0.0000,0.0000,-3.1589,0.0000,-3.1589,-1.0603
13.836,0.0000,0.0000,0.0000,-3.1387,0.0000,-3.1387,-1.0520
13.842,0.0000,0.0000,0.0000,-3.1168,0.0000,-3.1168,-1.0520
13.847,0.0000,0.0000,0.0000,-3.1010,0.0000,-3.1010,-1.0520
13.851,0.0000,0.0000,0.0000,-3.0836,0.0000,-3.0836,-1.0520
13.856,0.0000,0.0000,0.0000,-3.0659,0.0000,-3.0659,-1.0373
13.861,0.0000,0.0000,0.0000,-3.0448,0.0000,-3.0448,-1.0373
13.866,0.0000,0.0000,0.0000,-3.0232,0.0000,-3.0232,-1.0373
13.871,0.0000,0.0000,0.0000,-3.0019,0.0000,-3.0019,-1.0373
13.877,0.0000,0.0000,0.0000,-2.9790,0.0000,-2.9790,-1.0177
13.881,0.0000,0.0000,0.0000,-2.9565,0.0000,-2.9565,-1.0177
13.886,0.0000,0.0000,0.0000,-2.9360,0.0000,-2.9360,-1.0177
13.891,0.0000,0.0000,0.0000,-2.9119,0.0000,-2.9119,-1.0177
13.895,0.0000,0.0000,0.0000,-2.8904,0.0000,-2.8904,-0.9909
13.900,0.0000,0.0000,0.0000,-2.8640,0.0000,-2.8640,-0.9909
13.905,0.0000,0.0000,0.0000,-2.8382,0.0000,-2.8382,-0.9909
13.918,0.0000,0.0000,0.0000,-2.7709,0.0101,-2.7607,-0.9566
13.927,0.0000,0.0000,0.0000,-2.7196,0.0101,-2.7095,-0.9566
13.933,0.0000,0.0000,0.0000,-2.6878,0.0101,-2.6777,-0.9566
13.947,0.0000,0.0000,0.0000,-2.6180,0.0193,-2.5987,-0.9237
13.953,0.0000,0.0000,0.0000,-2.5870,0.0193,-2.5677,-0.9237
13.958,0.0000,0.0000,0.0000,-2.5626,0.0275,-2.5351,-0.8949
13.963,0.0000,0.0000,0.0000,-2.5334,0.0275,-2.5059,-0.8949
13.968,0.0000,0.0000,0.0000,-2.5084,0.0275,-2.4809,-0.8949
13.973,0.0000,0.0000,0.0000,-2.4831,0.0275,-2.4557,-0.8949
13.979,0.0000,0.0000,0.0000,-2.4575,0.0352,-2.4223,-0.8596
13.984,0.0000,0.0000,0.0000,-2.4304,0.0352,-2.3953,-0.8596
13.989,0.0000,0.0000,0.0000,-2.4023,0.0352,-2.3671,-0.8596
13.994,0.0000,0.0000,0.0000,-2.3792,0.0420,-2.3372,-0.8264
14.000,0.0000,0.0000,0.0000,-2.3500,0.0420,-2.3079,-0.8264
14.005,0.0000,0.0000,0.0000,-2.3216,0.0420,-2.2796,-0.8264
14.010,0.0000,0.0000,0.0000,-2.2974,0.0420,-2.2554,-0.8264
14.015,0.0000,0.0000,0.0000,-2.2735,0.0480,-2.2256,-0.7975
14.021,0.0000,0.0000,0.0000,-2.2429,0.0480,-2.1949,-0.7975
14.025,0.0000,0.0000,0.0000,-2.2208,0.0480,-2.1729,-0.7975
14.030,0.0000,0.0000,0.0000,-2.1981,0.0480,-2.1502,-0.7975
14.036,0.0000,0.0000,0.0000,-2.1715,0.0527,-2.1187,-0.7797
14.049,0.0000,0.0000,0.0000,-2.1091,0.0527,-2.0564,-0.7797
14.054,0.0000,0.0000,0.0000,-2.0849,0.0559,-2.0290,-0.7856
14.060,0.0000,0.0000,0.0000,-2.0580,0.0559,-2.0022,-0.7856
14.074,0.0000,0.0000,0.0000,-1.9962,0.0587,-1.9375,-0.7849
14.080,0.0000,0.0000,0.0000,-1.9672,0.0587,-1.9085,-0.7849
14.085,0.0000,0.0000,0.0000,-1.9474,0.0587,-1.8887,-0.7849
14.090,0.0000,0.0000,0.0000,-1.9274,0.0587,-1.8687,-0.7849
14.094,0.0000,0.0000,0.0000,-1.9086,0.0615,-1.8472,-0.7739
14.099,0.0000,0.0000,0.0000,-1.8872,0.0615,-1.8257,-0.7739
14.104,0.0000,0.0000,0.0000,-1.8681,0.0615,-1.8067,-0.7739
14.108,0.0000,0.0000,0.0000,-1.8487,0.0615,-1.7872,-0.7739
14.113,0.0000,0.0000,0.0000,-1.8310,0.0615,-1.7696,-0.7739
14.117,0.0000,0.0000,0.0000,-1.8125,0.0641,-1.7484,-0.7531
14.123,0.0000,0.0000,0.0000,-1.7894,0.0641,-1.7253,-0.7531
14.127,0.0000,0.0000,0.0000,-1.7725,0.0641,-1.7084,-0.7531
14.132,0.0000,0.0000,0.0000,-1.7555,0.0641,-1.6915,-0.7531
14.138,0.0000,0.0000,0.0000,-1.7334,0.0665,-1.6669,-0.7231
14.150,0.0000,0.0000,0.0000,-1.6862,0.0665,-1.6197,-0.7231
14.157,0.0000,0.0000,0.0000,-1.6625,0.0688,-1.5937,-0.6842
14.163,0.0000,0.0000,0.0000,-1.6398,0.0688,-1.5710,-0.6842
14.168,0.0000,0.0000,0.0000,-1.6220,0.0688,-1.5532,-0.6842
14.174,0.0000,0.0000,0.0000,-1.6025,0.0709,-1.5316,-0.6367
14.179,0.0000,0.0000,0.0000,-1.5865,0.0709,-1.5156,-0.6367
14.183,0.0000,0.0000,0.0000,-1.5721,0.0709,-1.5012,-0.6367
14.188,0.0001,0.0000,0.0001,-1.5554,0.0709,-1.4845,-0.6367
14.193,0.0003,0.0000,0.0003,-1.5396,0.0709,-1.4686,-0.6367
14.197,0.0008,0.0000,0.0008,-1.5265,0.0725,-1.4539,-0.5920
14.202,0.0020,0.0000,0.0020,-1.5086,0.0725,-1.4361,-0.5920
14.207,0.0036,0.0000,0.0036,-1.4931,0.0725,-1.4206,-0.5920
14.212,0.0058,0.0000,0.0058,-1.4786,0.0725,-1.4061,-0.5920
14.224,0.0151,0.0000,0.0151,-1.4381,0.0740,-1.3641,-0.5409
14.231,0.0221,0.0000,0.0221,-1.4180,0.0740,-1.3441,-0.5409
14.236,0.0286,0.0000,0.0286,-1.4029,0.0752,-1.3277,-0.4821
14.241,0.0360,0.0000,0.0360,-1.3886,0.0752,-1.3134,-0.4821
14.246,0.0438,0.0000,0.0438,-1.3755,0.0752,-1.3003,-0.4821
14.251,0.0533,0.0000,0.0533,-1.3617,0.0752,-1.2864,-0.4821
14.262,0.0790,0.0000,0.0790,-1.3305,0.0759,-1.2546,-0.4350
14.267,0.0914,0.0000,0.0914,-1.3179,0.0759,-1.2420,-0.4350
14.272,0.1042,0.0000,0.1042,-1.3060,0.0759,-1.2301,-0.4350
14.277,0.1178,0.0000,0.1178,-1.2945,0.0762,-1.2183,-0.3834
14.282,0.1328,0.0000,0.1328,-1.2829,0.0762,-1.2066,-0.3834
14.286,0.1479,0.0000,0.1479,-1.2720,0.0762,-1.1957,-0.3834
14.291,0.1637,0.0000,0.1637,-1.2612,0.0762,-1.1850,-0.3834
14.295,0.1801,0.0000,0.1801,-1.2508,0.0764,-1.1743,-0.3258
14.301,0.1995,0.0000,0.1995,-1.2391,0.0764,-1.1626,-0.3258
14.305,0.2178,0.0000,0.2178,-1.2287,0.0764,-1.1523,-0.3258
14.310,0.2360,0.0000,0.2360,-1.2189,0.0764,-1.1424,-0.3258
14.314,0.2537,0.0000,0.2537,-1.2098,0.0764,-1.1334,-0.2655
14.319,0.2754,0.0000,0.2754,-1.1990,0.0764,-1.1227,-0.2655
14.324,0.2995,0.0000,0.2995,-1.1877,0.0764,-1.1113,-0.2655
14.329,0.3206,0.0000,0.3206,-1.1782,0.0764,-1.1019,-0.2655
14.334,0.3450,0.0000,0.3450,-1.1677,0.0760,-1.0916,-0.1995
14.341,0.3777,0.0000,0.3777,-1.1544,0.0760,-1.0784,-0.1995
14.346,0.3995,0.0000,0.3995,-1.1460,0.0760,-1.0700,-0.1995
14.350,0.4214,0.0000,0.4214,-1.1380,0.0760,-1.0620,-0.1995
14.355,0.4476,0.0000,0.4476,-1.1288,0.0755,-1.0533,-0.1276
14.367,0.5114,0.0000,0.5114,-1.1080,0.0755,-1.0325,-0.1276
14.380,0.5799,0.0000,0.5799,-1.0878,0.0747,-1.0131,-0.0506
14.387,0.6174,0.0000,0.6174,-1.0775,0.0747,-1.0028,-0.0506
14.392,0.6419,0.0000,0.6419,-1.0711,0.0747,-0.9964,-0.0506
14.396,0.6662,0.0000,0.6662,-1.0651,0.0737,-0.9914,0.0365
14.401,0.6937,0.0000,0.6937,-1.0584,0.0737,-0.9847,0.0365
14.406,0.7201,0.0000,0.7201,-1.0521,0.0737,-0.9784,0.0365
14.411,0.7424,0.0000,0.7424,-1.0469,0.0737,-0.9731,0.0365
14.415,0.7654,0.0000,0.7654,-1.0416,0.0719,-0.9697,0.0898
14.421,0.7956,0.0000,0.7956,-1.0348,0.0719,-0.9629,0.0898
14.425,0.8199,0.0000,0.8199,-1.0294,0.0719,-0.9574,0.0898
14.430,0.8442,0.0000,0.8442,-1.0241,0.0719,-0.9522,0.0898
14.435,0.8706,0.0000,0.8706,-1.0185,0.0696,-0.9488,0.1204
14.441,0.9002,0.0000,0.9002,-1.0123,0.0696,-0.9426,0.1204
14.445,0.9229,0.0000,0.9229,-1.0076,0.0696,-0.9379,0.1204
14.449,0.9447,0.0000,0.9447,-1.0032,0.0696,-0.9335,0.1204
14.454,0.9680,0.0000,0.9680,-0.9986,0.0672,-0.9314,0.1540
14.459,0.9959,0.0000,0.9959,-0.9933,0.0672,-0.9261,0.1540
14.471,1.0520,0.0000,1.0520,-0.9834,0.0672,-0.9161,0.1540
14.475,1.0734,0.0000,1.0734,-0.9798,0.0647,-0.9150,0.1939
14.480,1.0986,0.0000,1.0986,-0.9756,0.0647,-0.9109,0.1939
14.485,1.1221,0.0000,1.1221,-0.9719,0.0647,-0.9072,0.1939
14.492,1.1506,0.0000,1.1506,-0.9676,0.0647,-0.9029,0.1939
14.497,1.1760,0.0000,1.1760,-0.9639,0.0622,-0.9017,0.2386
14.503,1.2029,0.0000,1.2029,-0.9601,0.0622,-0.8979,0.2386
14.509,1.2271,0.0000,1.2271,-0.9569,0.0622,-0.8947,0.2386
14.515,1.2513,0.0000,1.2513,-0.9537,0.0596,-0.8941,0.2880
14.521,1.2778,0.0000,1.2778,-0.9502,0.0596,-0.8906,0.2880
14.534,1.3270,0.0000,1.3270,-0.9438,0.0570,-0.8868,0.3414
14.540,1.3505,0.0000,1.3505,-0.9408,0.0570,-0.8838,0.3414
14.545,1.3678,0.0000,1.3678,-0.9385,0.0570,-0.8815,0.3414
14.549,1.3831,0.0000,1.3831,-0.9365,0.0570,-0.8795,0.3414
14.554,1.3993,0.0000,1.3993,-0.9343,0.0544,-0.8799,0.3979
14.560,1.4196,0.0000,1.4196,-0.9318,0.0544,-0.8774,0.3979
14.572,1.4573,0.0000,1.4573,-0.9275,0.0544,-0.8732,0.3979
14.576,1.4711,0.0000,1.4711,-0.9260,0.0519,-0.8742,0.4683
14.581,1.4849,0.0000,1.4849,-0.9246,0.0519,-0.8727,0.4683
14.586,1.4979,0.0000,1.4979,-0.9233,0.0519,-0.8714,0.4683
14.591,1.5105,0.0000,1.5105,-0.9222,0.0519,-0.8703,0.4683
14.595,1.5213,0.0000,1.5213,-0.9211,0.0494,-0.8717,0.5423
14.600,1.5335,0.0000,1.5335,-0.9202,0.0494,-0.8707,0.5423
14.604,1.5451,0.0000,1.5451,-0.9193,0.0494,-0.8699,0.5423
14.609,1.5556,0.0000,1.5556,-0.9186,0.0494,-0.8691,0.5423
14.613,1.5649,0.0000,1.5649,-0.9180,0.0494,-0.8685,0.5423
14.618,1.5744,0.0000,1.5744,-0.9174,0.0471,-0.8703,0.6157
14.623,1.5855,0.0000,1.5855,-0.9167,0.0471,-0.8696,0.6157
14.627,1.5938,0.0000,1.5938,-0.9162,0.0471,-0.8691,0.6157
14.631,1.6019,0.0000,1.6019,-0.9156,0.0471,-0.8685,0.6157
14.636,1.6104,0.0000,1.6104,-0.9150,0.0449,-0.8701,0.6766
14.642,1.6200,0.0000,1.6200,-0.9142,0.0449,-0.8693,0.6766
14.646,1.6267,0.0000,1.6267,-0.9136,0.0449,-0.8688,0.6766
14.650,1.6333,0.0000,1.6333,-0.9131,0.0449,-0.8682,0.6766
14.655,1.6403,0.0000,1.6403,-0.9125,0.0428,-0.8697,0.7341
14.660,1.6471,0.0000,1.6471,-0.9120,0.0428,-0.8692,0.7341
14.664,1.6523,0.0000,1.6523,-0.9115,0.0428,-0.8687,0.7341
14.669,1.6580,0.0000,1.6580,-0.9111,0.0428,-0.8683,0.7341
14.690,1.6788,0.0000,1.6788,-0.9103,0.0409,-0.8694,0.7995
14.707,1.6879,0.0000,1.6879,-0.9108,0.0392,-0.8716,0.8739
14.713,1.6900,0.0000,1.6900,-0.9110,0.0392,-0.8718,0.8739
14.717,1.6912,0.0000,1.6912,-0.9112,0.0378,-0.8734,0.9472
14.722,1.6922,0.0000,1.6922,-0.9114,0.0378,-0.8736,0.9472
14.726,1.6928,0.0000,1.6928,-0.9115,0.0378,-0.8738,0.9472
14.731,1.6932,0.0000,1.6932,-0.9118,0.0378,-0.8740,0.9472
14.735,1.6932,0.0000,1.6932,-0.9119,0.0365,-0.8754,1.0156
14.740,1.6929,0.0000,1.6929,-0.9121,0.0365,-0.8756,1.0156
14.745,1.6924,0.0000,1.6924,-0.9122,0.0365,-0.8757,1.0156
14.749,1.6916,0.0000,1.6916,-0.9123,0.0365,-0.8758,1.0156
14.755,1.6902,0.0000,1.6902,-0.9124,0.0355,-0.8768,1.0918
14.760,1.6885,0.0000,1.6885,-0.9125,0.0355,-0.8770,1.0918
14.764,1.6867,0.0000,1.6867,-0.9126,0.0355,-0.8771,1.0918
14.769,1.6848,0.0000,1.6848,-0.9129,0.0355,-0.8774,1.0918
14.773,1.6826,0.0000,1.6826,-0.9130,0.0355,-0.8775,1.0918
14.777,1.6800,0.0000,1.6800,-0.9133,0.0348,-0.8785,1.1647
14.783,1.6766,0.0000,1.6766,-0.9138,0.0348,-0.8790,1.1647
14.794,1.6681,0.0000,1.6681,-0.9148,0.0340,-0.8808,1.2093
14.799,1.6640,0.0000,1.6640,-0.9152,0.0340,-0.8812,1.2093
14.803,1.6601,0.0000,1.6601,-0.9157,0.0340,-0.8817,1.2093
14.808,1.6558,0.0000,1.6558,-0.9162,0.0340,-0.8822,1.2093
14.812,1.6515,0.0000,1.6515,-0.9168,0.0340,-0.8828,1.2093
14.816,1.6469,0.0000,1.6469,-0.9173,0.0334,-0.8839,1.2488
14.822,1.6410,0.0000,1.6410,-0.9178,0.0334,-0.8844,1.2488
14.826,1.6359,0.0000,1.6359,-0.9183,0.0334,-0.8849,1.2488
14.830,1.6308,0.0000,1.6308,-0.9187,0.0334,-0.8853,1.2488
14.835,1.6247,0.0000,1.6247,-0.9192,0.0330,-0.8861,1.2833
14.842,1.6153,0.0000,1.6153,-0.9199,0.0330,-0.8868,1.2833
14.855,1.5955,0.0000,1.5955,-0.9212,0.0328,-0.8883,1.3112
14.871,1.5690,0.0000,1.5690,-0.9231,0.0328,-0.8903,1.3112
14.878,1.5579,0.0000,1.5579,-0.9237,0.0327,-0.8909,1.3325
14.884,1.5455,0.0000,1.5455,-0.9245,0.0327,-0.8918,1.3325
14.890,1.5351,0.0000,1.5351,-0.9252,0.0327,-0.8924,1.3325
14.901,1.5135,0.0000,1.5135,-0.9267,0.0328,-0.8939,1.3469
14.907,1.5011,0.0000,1.5011,-0.9275,0.0328,-0.8947,1.3469
14.912,1.4927,0.0000,1.4927,-0.9279,0.0328,-0.8951,1.3469
14.916,1.4836,0.0000,1.4836,-0.9284,0.0330,-0.8953,1.3547
14.921,1.4729,0.0000,1.4729,-0.9289,0.0330,-0.8958,1.3547
14.926,1.4636,0.0000,1.4636,-0.9294,0.0330,-0.8963,1.3547
14.930,1.4542,0.0000,1.4542,-0.9298,0.0330,-0.8968,1.3547
14.934,1.4447,0.0000,1.4447,-0.9302,0.0334,-0.8968,1.3585
14.940,1.4324,0.0000,1.4324,-0.9307,0.0334,-0.8973,1.3585
14.944,1.4221,0.0000,1.4221,-0.9312,0.0334,-0.8978,1.3585
14.949,1.4105,0.0000,1.4105,-0.9316,0.0334,-0.8982,1.3585
14.954,1.3994,0.0000,1.3994,-0.9320,0.0339,-0.8981,1.3557
14.959,1.3881,0.0000,1.3881,-0.9324,0.0339,-0.8985,1.3557
14.963,1.3775,0.0000,1.3775,-0.9329,0.0339,-0.8990,1.3557
14.967,1.3672,0.0000,1.3672,-0.9334,0.0339,-0.8995,1.3557
14.972,1.3554,0.0000,1.3554,-0.9340,0.0339,-0.9001,1.3557
14.977,1.3441,0.0000,1.3441,-0.9345,0.0344,-0.9001,1.3455
14.982,1.3314,0.0000,1.3314,-0.9351,0.0344,-0.9008,1.3455
14.986,1.3202,0.0000,1.3202,-0.9355,0.0344,-0.9012,1.3455
14.991,1.3076,0.0000,1.3076,-0.9360,0.0344,-0.9016,1.3455
14.996,1.2945,0.0000,1.2945,-0.9365,0.0351,-0.9014,1.3396
15.009,1.2578,0.0000,1.2578,-0.9373,0.0351,-0.9022,1.3396
15.014,1.2437,0.0000,1.2437,-0.9377,0.0359,-0.9018,1.3285
15.020,1.2293,0.0000,1.2293,-0.9384,0.0359,-0.9025,1.3285
15.024,1.2159,0.0000,1.2159,-0.9389,0.0359,-0.9030,1.3285
15.029,1.2034,0.0000,1.2034,-0.9393,0.0359,-0.9034,1.3285
15.033,1.1915,0.0000,1.1915,-0.9398,0.0359,-0.9039,1.3285
15.038,1.1772,0.0000,1.1772,-0.9402,0.0367,-0.9035,1.3097
15.043,1.1620,0.0000,1.1620,-0.9407,0.0367,-0.9041,1.3097
15.047,1.1494,0.0000,1.1494,-0.9412,0.0367,-0.9045,1.3097
15.052,1.1365,0.0000,1.1365,-0.9417,0.0367,-0.9050,1.3097
15.057,1.1217,0.0000,1.1217,-0.9420,0.0347,-0.9074,1.1237
15.062,1.1073,0.0000,1.1073,-0.9426,0.0347,-0.9080,1.1237
15.066,1.0947,0.0000,1.0947,-0.9430,0.0347,-0.9083,1.1237
15.070,1.0803,0.0000,1.0803,-0.9434,0.0347,-0.9087,1.1237
15.076,1.0646,0.0000,1.0646,-0.9438,0.0345,-0.9094,1.0417
15.080,1.0497,0.0000,1.0497,-0.9442,0.0345,-0.9097,1.0417
15.085,1.0363,0.0000,1.0363,-0.9445,0.0345,-0.9100,1.0417
15.089,1.0220,0.0000,1.0220,-0.9449,0.0345,-0.9104,1.0417
15.093,1.0089,0.0000,1.0089,-0.9452,0.0345,-0.9107,1.0417
15.098,0.9940,0.0000,0.9940,-0.9457,0.0358,-0.9098,1.0515
15.110,0.9550,0.0000,0.9550,-0.9469,0.0358,-0.9111,1.0515
15.114,0.9411,0.0000,0.9411,-0.9473,0.0369,-0.9104,1.0460
15.119,0.9257,0.0000,0.9257,-0.9476,0.0369,-0.9108,1.0460
15.123,0.9109,0.0000,0.9109,-0.9480,0.0369,-0.9112,1.0460
15.128,0.8961,0.0000,0.8961,-0.9484,0.0369,-0.9116,1.0460
15.132,0.8815,0.0000,0.8815,-0.9488,0.0369,-0.9120,1.0460
15.137,0.8659,0.0000,0.8659,-0.9489,0.0346,-0.9143,0.8529
15.142,0.8490,0.0000,0.8490,-0.9494,0.0346,-0.9148,0.8529
15.146,0.8340,0.0000,0.8340,-0.9499,0.0346,-0.9153,0.8529
15.158,0.7893,0.0000,0.7893,-0.9512,0.0361,-0.9151,0.8326
15.166,0.7630,0.0000,0.7630,-0.9518,0.0361,-0.9156,0.8326
15.171,0.7440,0.0000,0.7440,-0.9523,0.0361,-0.9162,0.8326
15.176,0.7287,0.0000,0.7287,-0.9526,0.0357,-0.9170,0.7214
15.181,0.7095,0.0000,0.7095,-0.9532,0.0357,-0.9175,0.7214
15.186,0.6906,0.0000,0.6906,-0.9536,0.0357,-0.9179,0.7214
15.191,0.6717,0.0000,0.6717,-0.9540,0.0357,-0.9183,0.7214
15.196,0.6550,0.0000,0.6550,-0.9543,0.0373,-0.9169,0.6988
15.201,0.6359,0.0000,0.6359,-0.9546,0.0373,-0.9173,0.6988
15.212,0.5929,0.0000,0.5929,-0.9557,0.0373,-0.9184,0.6988
15.217,0.5737,0.0000,0.5737,-0.9560,0.0370,-0.9190,0.5960
15.223,0.5520,0.0000,0.5520,-0.9564,0.0370,-0.9194,0.5960
15.228,0.5342,0.0000,0.5342,-0.9567,0.0370,-0.9198,0.5960
15.232,0.5185,0.0000,0.5185,-0.9569,0.0370,-0.9200,0.5960
15.236,0.5016,0.0000,0.5016,-0.9571,0.0383,-0.9189,0.5683
15.242,0.4806,0.0000,0.4806,-0.9574,0.0383,-0.9191,0.5683
15.246,0.4638,0.0000,0.4638,-0.9575,0.0383,-0.9192,0.5683
15.250,0.4475,0.0000,0.4475,-0.9577,0.0383,-0.9194,0.5683
15.254,0.4303,0.0000,0.4303,-0.9581,0.0376,-0.9205,0.4600
15.259,0.4097,0.0000,0.4097,-0.9585,0.0376,-0.9209,0.4600
15.264,0.3923,0.0000,0.3923,-0.9586,0.0376,-0.9210,0.4600
15.268,0.3753,0.0000,0.3753,-0.9586,0.0376,-0.9210,0.4600
15.272,0.3567,0.0000,0.3567,-0.9589,0.0376,-0.9214,0.4600
15.277,0.3385,0.0000,0.3385,-0.9591,0.0383,-0.9208,0.4267
15.282,0.3181,0.0000,0.3181,-0.9593,0.0383,-0.9211,0.4267
15.286,0.3008,0.0000,0.3008,-0.9595,0.0383,-0.9213,0.4267
15.290,0.2813,0.0000,0.2813,-0.9597,0.0383,-0.9214,0.4267
15.294,0.2639,0.0000,0.2639,-0.9598,0.0386,-0.9212,0.3892
15.300,0.2417,0.0000,0.2417,-0.9599,0.0386,-0.9213,0.3892
15.312,0.1847,0.0000,0.1847,-0.9607,0.0386,-0.9221,0.3892
15.325,0.1289,0.0000,0.1289,-0.9611,0.0385,-0.9226,0.3331
15.330,0.1066,0.0000,0.1066,-0.9612,0.0385,-0.9227,0.3331
15.334,0.0877,0.0000,0.0877,-0.9612,0.0370,-0.9242,0.2065
15.339,0.0633,0.0000,0.0633,-0.9612,0.0370,-0.9241,0.2065
15.344,0.0431,0.0000,0.0431,-0.9611,0.0370,-0.9241,0.2065
15.349,0.0212,0.0000,0.0212,-0.9612,0.0370,-0.9242,0.2065
15.353,-0.0013,0.0000,-0.0013,-0.9612,0.0370,-0.9241,0.2065
15.358,-0.0223,0.0000,-0.0223,-0.9612,0.0365,-0.9247,0.1479
15.363,-0.0462,0.0000,-0.0462,-0.9611,0.0365,-0.9247,0.1479
15.367,-0.0668,0.0000,-0.0668,-0.9610,0.0365,-0.9246,0.1479
15.372,-0.0903,0.0000,-0.0903,-0.9611,0.0365,-0.9247,0.1479
15.376,-0.1111,0.0000,-0.1111,-0.9613,0.0358,-0.9255,0.0906
15.381,-0.1351,0.0000,-0.1351,-0.9614,0.0358,-0.9256,0.0906
15.386,-0.1605,0.0000,-0.1605,-0.9613,0.0358,-0.9256,0.0906
15.391,-0.1836,0.0000,-0.1836,-0.9614,0.0358,-0.9256,0.0906
15.395,-0.2046,0.0000,-0.2046,-0.9614,0.0349,-0.9265,0.0326
15.400,-0.2299,0.0000,-0.2299,-0.9614,0.0349,-0.9265,0.0326
15.405,-0.2549,0.0000,-0.2549,-0.9613,0.0349,-0.9264,0.0326
15.409,-0.2780,0.0000,-0.2780,-0.9612,0.0349,-0.9263,0.0326
15.413,-0.2998,0.0000,-0.2998,-0.9611,0.0349,-0.9262,0.0326
15.417,-0.3221,0.0000,-0.3221,-0.9609,0.0339,-0.9270,-0.0259
15.423,-0.3511,0.0000,-0.3511,-0.9607,0.0339,-0.9268,-0.0259
15.434,-0.4158,0.0000,-0.4158,-0.9600,0.0331,-0.9269,-0.0586
15.440,-0.4488,0.0000,-0.4488,-0.9595,0.0331,-0.9264,-0.0586
15.445,-0.4777,0.0000,-0.4777,-0.9589,0.0331,-0.9258,-0.0586
15.450,-0.5041,0.0000,-0.5041,-0.9586,0.0331,-0.9255,-0.0586
15.463,-0.5825,0.0000,-0.5825,-0.9576,0.0321,-0.9255,-0.0879
15.471,-0.6300,0.0000,-0.6300,-0.9569,0.0321,-0.9248,-0.0879
15.476,-0.6586,0.0000,-0.6586,-0.9565,0.0310,-0.9255,-0.1190
15.482,-0.6952,0.0000,-0.6952,-0.9560,0.0310,-0.9249,-0.1190
15.486,-0.7224,0.0000,-0.7224,-0.9554,0.0310,-0.9244,-0.1190
15.491,-0.7505,0.0000,-0.7505,-0.9549,0.0310,-0.9239,-0.1190
15.495,-0.7789,0.0000,-0.7789,-0.9543,0.0299,-0.9245,-0.1547
15.500,-0.8093,0.0000,-0.8093,-0.9535,0.0299,-0.9236,-0.1547
15.505,-0.8385,0.0000,-0.8385,-0.9526,0.0299,-0.9227,-0.1547
15.509,-0.8663,0.0000,-0.8663,-0.9517,0.0299,-0.9219,-0.1547
15.513,-0.8941,0.0000,-0.8941,-0.9510,0.0299,-0.9211,-0.1547
15.517,-0.9220,0.0000,-0.9220,-0.9502,0.0286,-0.9216,-0.1967
15.522,-0.9574,0.0000,-0.9574,-0.9491,0.0286,-0.9204,-0.1967
15.527,-0.9897,0.0000,-0.9897,-0.9479,0.0286,-0.9193,-0.1967
15.538,-1.0719,0.0000,-1.0719,-0.9446,0.0274,-0.9172,-0.2317
15.544,-1.1109,0.0000,-1.1109,-0.9433,0.0274,-0.9159,-0.2317
15.548,-1.1432,0.0000,-1.1432,-0.9420,0.0274,-0.9146,-0.2317
15.553,-1.1794,0.0000,-1.1794,-0.9407,0.0274,-0.9133,-0.2317
15.559,-1.2282,0.0000,-1.2282,-0.9389,0.0262,-0.9128,-0.2694
15.565,-1.2700,0.0000,-1.2700,-0.9374,0.0262,-0.9113,-0.2694
15.570,-1.3108,0.0000,-1.3108,-0.9359,0.0262,-0.9097,-0.2694
15.576,-1.3611,0.0000,-1.3611,-0.9339,0.0249,-0.9090,-0.3083
15.581,-1.4007,0.0000,-1.4007,-0.9321,0.0249,-0.9072,-0.3083
15.586,-1.4353,0.0000,-1.4353,-0.9305,0.0249,-0.9056,-0.3083
15.592,-1.4818,0.0000,-1.4818,-0.9283,0.0249,-0.9034,-0.3083
15.596,-1.5179,0.0000,-1.5179,-0.9264,0.0237,-0.9027,-0.3475
15.601,-1.5572,0.0000,-1.5572,-0.9242,0.0237,-0.9006,-0.3475
15.614,-1.6504,0.0000,-1.6504,-0.9180,0.0225,-0.8955,-0.3864
15.621,-1.6955,0.0000,-1.6955,-0.9148,0.0225,-0.8923,-0.3864
15.625,-1.7262,0.0000,-1.7262,-0.9123,0.0225,-0.8898,-0.3864
15.630,-1.7557,0.0000,-1.7557,-0.9098,0.0225,-0.8873,-0.3864
15.634,-1.7835,0.0000,-1.7835,-0.9073,0.0213,-0.8860,-0.4246
15.640,-1.8167,0.0000,-1.8167,-0.9041,0.0213,-0.8828,-0.4246
15.652,-1.8821,0.0000,-1.8821,-0.8972,0.0213,-0.8759,-0.4246
15.657,-1.9060,0.0000,-1.9060,-0.8946,0.0202,-0.8744,-0.4617
15.663,-1.9308,0.0000,-1.9308,-0.8916,0.0202,-0.8714,-0.4617
15.668,-1.9503,0.0000,-1.9503,-0.8890,0.0202,-0.8688,-0.4617
15.673,-1.9710,0.0000,-1.9710,-0.8861,0.0202,-0.8659,-0.4617
15.679,-1.9891,0.0000,-1.9891,-0.8832,0.0191,-0.8641,-0.4972
15.685,-2.0067,0.0000,-2.0067,-0.8798,0.0191,-0.8607,-0.4972
15.690,-2.0212,0.0000,-2.0212,-0.8767,0.0191,-0.8575,-0.4972
15.695,-2.0334,0.0000,-2.0334,-0.8736,0.0181,-0.8555,-0.5181
15.700,-2.0436,0.0000,-2.0436,-0.8708,0.0181,-0.8527,-0.5181
15.705,-2.0522,0.0000,-2.0522,-0.8680,0.0181,-0.8499,-0.5181
15.709,-2.0592,0.0000,-2.0592,-0.8651,0.0181,-0.8470,-0.5181
15.714,-2.0648,0.0000,-2.0648,-0.8625,0.0172,-0.8453,-0.5355
15.719,-2.0697,0.0000,-2.0697,-0.8595,0.0172,-0.8423,-0.5355
15.723,-2.0731,0.0000,-2.0731,-0.8566,0.0172,-0.8395,-0.5355
15.728,-2.0754,0.0000,-2.0754,-0.8537,0.0172,-0.8366,-0.5355
15.732,-2.0765,0.0000,-2.0765,-0.8511,0.0172,-0.8339,-0.5355
15.737,-2.0766,0.0000,-2.0766,-0.8482,0.0163,-0.8319,-0.5519
15.742,-2.0754,0.0000,-2.0754,-0.8449,0.0163,-0.8286,-0.5519
15.747,-2.0729,0.0000,-2.0729,-0.8420,0.0163,-0.8256,-0.5519
15.760,-2.0614,0.0000,-2.0614,-0.8349,0.0156,-0.8193,-0.5812
15.773,-2.0431,0.0000,-2.0431,-0.8283,0.0156,-0.8127,-0.5812
15.779,-2.0325,0.0000,-2.0325,-0.8255,0.0150,-0.8105,-0.6101
15.784,-2.0229,0.0000,-2.0229,-0.8232,0.0150,-0.8082,-0.6101
15.789,-2.0118,0.0000,-2.0118,-0.8207,0.0150,-0.8057,-0.6101
15.794,-1.9985,0.0000,-1.9985,-0.8180,0.0145,-0.8035,-0.6362
15.800,-1.9859,0.0000,-1.9859,-0.8158,0.0145,-0.8013,-0.6362
15.805,-1.9725,0.0000,-1.9725,-0.8135,0.0145,-0.7989,-0.6362
15.810,-1.9576,0.0000,-1.9576,-0.8111,0.0145,-0.7966,-0.6362
15.815,-1.9435,0.0000,-1.9435,-0.8089,0.0142,-0.7947,-0.6558
15.820,-1.9276,0.0000,-1.9276,-0.8066,0.0142,-0.7924,-0.6558
15.825,-1.9128,0.0000,-1.9128,-0.8046,0.0142,-0.7904,-0.6558
15.829,-1.8993,0.0000,-1.8993,-0.8028,0.0142,-0.7886,-0.6558
15.833,-1.8844,0.0000,-1.8844,-0.8008,0.0142,-0.7867,-0.6558
15.838,-1.8668,0.0000,-1.8668,-0.7987,0.0140,-0.7847,-0.6721
15.843,-1.8487,0.0000,-1.8487,-0.7965,0.0140,-0.7825,-0.6721
15.847,-1.8335,0.0000,-1.8335,-0.7950,0.0140,-0.7810,-0.6721
15.852,-1.8179,0.0000,-1.8179,-0.7934,0.0140,-0.7795,-0.6721
15.857,-1.7986,0.0000,-1.7986,-0.7917,0.0139,-0.7778,-0.6856
15.868,-1.7533,0.0000,-1.7533,-0.7885,0.0139,-0.7746,-0.6856
15.873,-1.7350,0.0000,-1.7350,-0.7874,0.0139,-0.7735,-0.6856
15.877,-1.7182,0.0000,-1.7182,-0.7865,0.0140,-0.7725,-0.6791
15.882,-1.6986,0.0000,-1.6986,-0.7856,0.0140,-0.7716,-0.6791
15.886,-1.6813,0.0000,-1.6813,-0.7848,0.0140,-0.7708,-0.6791
15.890,-1.6629,0.0000,-1.6629,-0.7842,0.0140,-0.7701,-0.6791
15.895,-1.6449,0.0000,-1.6449,-0.7835,0.0143,-0.7692,-0.6673
15.900,-1.6231,0.0000,-1.6231,-0.7829,0.0143,-0.7686,-0.6673
15.904,-1.6036,0.0000,-1.6036,-0.7823,0.0143,-0.7680,-0.6673
15.909,-1.5852,0.0000,-1.5852,-0.7819,0.0143,-0.7675,-0.6673
15.913,-1.5651,0.0000,-1.5651,-0.7813,0.0143,-0.7670,-0.6673
15.925,-1.5137,0.0000,-1.5137,-0.7802,0.0149,-0.7653,-0.6262
15.931,-1.4872,0.0000,-1.4872,-0.7797,0.0149,-0.7648,-0.6262
15.935,-1.4688,0.0000,-1.4688,-0.7795,0.0155,-0.7640,-0.5860
15.940,-1.4475,0.0000,-1.4475,-0.7792,0.0155,-0.7637,-0.5860
15.945,-1.4290,0.0000,-1.4290,-0.7789,0.0155,-0.7634,-0.5860
15.949,-1.4110,0.0000,-1.4110,-0.7788,0.0155,-0.7633,-0.5860
15.953,-1.3906,0.0000,-1.3906,-0.7787,0.0155,-0.7632,-0.5860
15.958,-1.3716,0.0000,-1.3716,-0.7787,0.0162,-0.7625,-0.5468
15.963,-1.3499,0.0000,-1.3499,-0.7789,0.0162,-0.7627,-0.5468
15.974,-1.3032,0.0000,-1.3032,-0.7802,0.0169,-0.7633,-0.5068
15.978,-1.2828,0.0000,-1.2828,-0.7809,0.0169,-0.7640,-0.5068
15.982,-1.2656,0.0000,-1.2656,-0.7817,0.0169,-0.7647,-0.5068
15.987,-1.2479,0.0000,-1.2479,-0.7825,0.0169,-0.7656,-0.5068
15.991,-1.2297,0.0000,-1.2297,-0.7835,0.0169,-0.7666,-0.5068
15.995,-1.2129,0.0000,-1.2129,-0.7846,0.0177,-0.7670,-0.4660
16.000,-1.1932,0.0000,-1.1932,-0.7860,0.0177,-0.7684,-0.4660
16.004,-1.1749,0.0000,-1.1749,-0.7875,0.0177,-0.7698,-0.4660
16.009,-1.1577,0.0000,-1.1577,-0.7889,0.0177,-0.7712,-0.4660
16.013,-1.1412,0.0000,-1.1412,-0.7902,0.0177,-0.7725,-0.4660
16.017,-1.1247,0.0000,-1.1247,-0.7916,0.0184,-0.7732,-0.4245
16.022,-1.1047,0.0000,-1.1047,-0.7934,0.0184,-0.7750,-0.4245
16.026,-1.0880,0.0000,-1.0880,-0.7949,0.0184,-0.7765,-0.4245
16.030,-1.0722,0.0000,-1.0722,-0.7964,0.0184,-0.7780,-0.4245
16.034,-1.0554,0.0000,-1.0554,-0.7980,0.0192,-0.7789,-0.3827
16.040,-1.0342,0.0000,-1.0342,-0.8002,0.0192,-0.7811,-0.3827
16.045,-1.0165,0.0000,-1.0165,-0.8021,0.0192,-0.7829,-0.3827
16.049,-0.9991,0.0000,-0.9991,-0.8040,0.0192,-0.7848,-0.3827
16.055,-0.9765,0.0000,-0.9765,-0.8066,0.0199,-0.7866,-0.3304
16.061,-0.9553,0.0000,-0.9553,-0.8091,0.0199,-0.7892,-0.3304
16.066,-0.9379,0.0000,-0.9379,-0.8113,0.0199,-0.7914,-0.3304
16.079,-0.8899,0.0000,-0.8899,-0.8194,0.0207,-0.7987,-0.2686
16.085,-0.8681,0.0000,-0.8681,-0.8234,0.0207,-0.8027,-0.2686
16.090,-0.8510,0.0000,-0.8510,-0.8268,0.0207,-0.8062,-0.2686
16.094,-0.8370,0.0000,-0.8370,-0.8298,0.0213,-0.8085,-0.2073
16.099,-0.8204,0.0000,-0.8204,-0.8336,0.0213,-0.8123,-0.2073
16.104,-0.8045,0.0000,-0.8045,-0.8375,0.0213,-0.8162,-0.2073
16.109,-0.7902,0.0000,-0.7902,-0.8413,0.0213,-0.8200,-0.2073
16.113,-0.7759,0.0000,-0.7759,-0.8452,0.0213,-0.8239,-0.2073
16.117,-0.7631,0.0000,-0.7631,-0.8488,0.0219,-0.8269,-0.1347
16.122,-0.7471,0.0000,-0.7471,-0.8534,0.0219,-0.8315,-0.1347
16.127,-0.7342,0.0000,-0.7342,-0.8572,0.0219,-0.8354,-0.1347
16.131,-0.7206,0.0000,-0.7206,-0.8614,0.0219,-0.8395,-0.1347
16.136,-0.7072,0.0000,-0.7072,-0.8655,0.0224,-0.8432,-0.0622
16.141,-0.6920,0.0000,-0.6920,-0.8704,0.0224,-0.8480,-0.0622
16.145,-0.6797,0.0000,-0.6797,-0.8744,0.0224,-0.8521,-0.0622
16.149,-0.6678,0.0000,-0.6678,-0.8785,0.0224,-0.8561,-0.0622
16.153,-0.6557,0.0000,-0.6557,-0.8826,0.0224,-0.8603,-0.0622
16.158,-0.6436,0.0000,-0.6436,-0.8869,0.0227,-0.8642,0.0065
16.163,-0.6301,0.0000,-0.6301,-0.8918,0.0227,-0.8691,0.0065
16.167,-0.6192,0.0000,-0.6192,-0.8959,0.0227,-0.8732,0.0065
16.172,-0.6064,0.0000,-0.6064,-0.9010,0.0227,-0.8783,0.0065
16.183,-0.5778,0.0000,-0.5778,-0.9144,0.0229,-0.8914,0.0625
16.188,-0.5638,0.0000,-0.5638,-0.9214,0.0229,-0.8984,0.0625
16.192,-0.5532,0.0000,-0.5532,-0.9270,0.0229,-0.9041,0.0625
16.197,-0.5430,0.0000,-0.5430,-0.9327,0.0230,-0.9097,0.1044
16.202,-0.5312,0.0000,-0.5312,-0.9397,0.0230,-0.9167,0.1044
16.206,-0.5201,0.0000,-0.5201,-0.9467,0.0230,-0.9237,0.1044
16.211,-0.5098,0.0000,-0.5098,-0.9535,0.0230,-0.9305,0.1044
16.215,-0.5007,0.0000,-0.5007,-0.9599,0.0230,-0.9368,0.1424
16.220,-0.4890,0.0000,-0.4890,-0.9684,0.0230,-0.9453,0.1424
16.233,-0.4617,0.0000,-0.4617,-0.9899,0.0230,-0.9669,0.1424
16.240,-0.4463,0.0000,-0.4463,-1.0025,0.0230,-0.9795,0.1776
16.245,-0.4351,0.0000,-0.4351,-1.0119,0.0230,-0.9889,0.1776
16.250,-0.4271,0.0000,-0.4271,-1.0188,0.0230,-0.9958,0.1776
16.254,-0.4185,0.0000,-0.4185,-1.0264,0.0229,-1.0035,0.2049
16.259,-0.4087,0.0000,-0.4087,-1.0353,0.0229,-1.0124,0.2049
16.263,-0.4008,0.0000,-0.4008,-1.0428,0.0229,-1.0198,0.2049
16.268,-0.3925,0.0000,-0.3925,-1.0507,0.0229,-1.0278,0.2049
16.275,-0.3802,0.0000,-0.3802,-1.0638,0.0228,-1.0410,0.2288
16.288,-0.3561,0.0000,-0.3561,-1.0945,0.0228,-1.0717,0.2288
16.294,-0.3468,0.0000,-0.3468,-1.1072,0.0229,-1.0843,0.2783
16.300,-0.3371,0.0000,-0.3371,-1.1214,0.0229,-1.0985,0.2783
16.312,-0.3168,0.0000,-0.3168,-1.1560,0.0229,-1.1331,0.2783
16.321,-0.3037,0.0000,-0.3037,-1.1801,0.0231,-1.1570,0.3486
16.332,-0.2878,0.0000,-0.2878,-1.2113,0.0231,-1.1882,0.3486
16.338,-0.2798,0.0000,-0.2798,-1.2276,0.0233,-1.2043,0.4175
16.344,-0.2720,0.0000,-0.2720,-1.2440,0.0233,-1.2207,0.4175
16.348,-0.2660,0.0000,-0.2660,-1.2571,0.0233,-1.2338,0.4175
16.353,-0.2605,0.0000,-0.2605,-1.2695,0.0233,-1.2462,0.4175
16.357,-0.2548,0.0000,-0.2548,-1.2827,0.0235,-1.2592,0.4793
16.362,-0.2487,0.0000,-0.2487,-1.2977,0.0235,-1.2742,0.4793
16.366,-0.2436,0.0000,-0.2436,-1.3109,0.0235,-1.2875,0.4793
16.371,-0.2380,0.0000,-0.2380,-1.3266,0.0235,-1.3031,0.4793
16.383,-0.2240,0.0000,-0.2240,-1.3724,0.0236,-1.3487,0.5334
16.396,-0.2093,0.0000,-0.2093,-1.4289,0.0237,-1.4052,0.5792
16.401,-0.2042,0.0000,-0.2042,-1.4499,0.0237,-1.4261,0.5792
16.406,-0.1998,0.0000,-0.1998,-1.4691,0.0237,-1.4453,0.5792
16.410,-0.1954,0.0000,-0.1954,-1.4888,0.0237,-1.4650,0.5792
16.414,-0.1914,0.0000,-0.1914,-1.5074,0.0238,-1.4836,0.6170
16.419,-0.1869,0.0000,-0.1869,-1.5291,0.0238,-1.5053,0.6170
16.424,-0.1828,0.0000,-0.1828,-1.5492,0.0238,-1.5254,0.6170
16.428,-0.1788,0.0000,-0.1788,-1.5698,0.0238,-1.5460,0.6170
16.432,-0.1751,0.0000,-0.1751,-1.5895,0.0238,-1.5657,0.6170
16.437,-0.1712,0.0000,-0.1712,-1.6111,0.0236,-1.5874,0.6127
16.442,-0.1667,0.0000,-0.1667,-1.6369,0.0236,-1.6132,0.6127
16.446,-0.1631,0.0000,-0.1631,-1.6587,0.0236,-1.6350,0.6127
16.450,-0.1597,0.0000,-0.1597,-1.6803,0.0236,-1.6567,0.6127
16.455,-0.1563,0.0000,-0.1563,-1.7040,0.0234,-1.6805,0.5970
16.460,-0.1524,0.0000,-0.1524,-1.7326,0.0234,-1.7092,0.5970
16.464,-0.1493,0.0000,-0.1493,-1.7575,0.0234,-1.7340,0.5970
16.468,-0.1462,0.0000,-0.1462,-1.7832,0.0234,-1.7597,0.5970
16.472,-0.1428,0.0000,-0.1428,-1.8128,0.0234,-1.7894,0.5970
16.477,-0.1397,0.0000,-0.1397,-1.8416,0.0232,-1.8184,0.5758
16.481,-0.1364,0.0000,-0.1364,-1.8752,0.0232,-1.8520,0.5758
16.486,-0.1334,0.0000,-0.1334,-1.9073,0.0232,-1.8841,0.5758
16.491,-0.1298,0.0000,-0.1298,-1.9473,0.0232,-1.9241,0.5758
16.502,-0.1225,0.0000,-0.1225,-2.0395,0.0231,-2.0164,0.5695
16.508,-0.1187,0.0000,-0.1187,-2.0896,0.0231,-2.0666,0.5695
16.512,-0.1161,0.0000,-0.1161,-2.1244,0.0231,-2.1013,0.5695
16.516,-0.1137,0.0000,-0.1137,-2.1586,0.0229,-2.1357,0.5624
16.522,-0.1106,0.0000,-0.1106,-2.2010,0.0229,-2.1781,0.5624
16.534,-0.1035,0.0000,-0.1035,-2.2787,0.0226,-2.2561,0.5267
16.542,-0.0991,0.0000,-0.0991,-2.3184,0.0226,-2.2957,0.5267
16.547,-0.0968,0.0000,-0.0968,-2.3365,0.0226,-2.3139,0.5267
16.551,-0.0947,0.0000,-0.0947,-2.3510,0.0226,-2.3283,0.5267
16.556,-0.0923,0.0000,-0.0923,-2.3642,0.0222,-2.3421,0.4433
16.561,-0.0899,0.0000,-0.0899,-2.3746,0.0222,-2.3524,0.4433
16.565,-0.0880,0.0000,-0.0880,-2.3804,0.0222,-2.3582,0.4433
16.570,-0.0857,0.0000,-0.0857,-2.3862,0.0222,-2.3640,0.4433
16.575,-0.0836,0.0000,-0.0836,-2.3926,0.0216,-2.3710,0.3367
16.579,-0.0815,0.0000,-0.0815,-2.3999,0.0216,-2.3783,0.3367
16.584,-0.0794,0.0000,-0.0794,-2.4084,0.0216,-2.3868,0.3367
16.590,-0.0772,0.0000,-0.0772,-2.4192,0.0216,-2.3975,0.3367
16.594,-0.0754,0.0000,-0.0754,-2.4283,0.0212,-2.4071,0.2311
16.599,-0.0735,0.0000,-0.0735,-2.4394,0.0212,-2.4183,0.2311
16.604,-0.0716,0.0000,-0.0716,-2.4517,0.0212,-2.4306,0.2311
16.615,-0.0675,0.0000,-0.0675,-2.4838,0.0207,-2.4631,0.1258
16.620,-0.0657,0.0000,-0.0657,-2.4995,0.0207,-2.4787,0.1258
16.624,-0.0642,0.0000,-0.0642,-2.5133,0.0207,-2.4926,0.1258
16.628,-0.0628,0.0000,-0.0628,-2.5275,0.0207,-2.5068,0.1258
16.633,-0.0613,0.0000,-0.0613,-2.5433,0.0207,-2.5226,0.1258
16.637,-0.0599,0.0000,-0.0599,-2.5595,0.0198,-2.5397,-0.0275
16.642,-0.0583,0.0000,-0.0583,-2.5785,0.0198,-2.5587,-0.0275
16.646,-0.0570,0.0000,-0.0570,-2.5955,0.0198,-2.5757,-0.0275
16.651,-0.0557,0.0000,-0.0557,-2.6124,0.0198,-2.5926,-0.0275
16.655,-0.0544,0.0000,-0.0544,-2.6315,0.0196,-2.6119,-0.1228
16.660,-0.0530,0.0000,-0.0530,-2.6537,0.0196,-2.6341,-0.1228
16.664,-0.0518,0.0000,-0.0518,-2.6730,0.0196,-2.6534,-0.1228
16.669,-0.0506,0.0000,-0.0506,-2.6934,0.0196,-2.6738,-0.1228
16.674,-0.0492,0.0000,-0.0492,-2.7178,0.0196,-2.6982,-0.1228
16.685,-0.0462,0.0000,-0.0462,-2.7815,0.0194,-2.7620,-0.2195
16.692,-0.0445,0.0000,-0.0445,-2.8185,0.0194,-2.7991,-0.2195
16.696,-0.0435,0.0000,-0.0435,-2.8418,0.0193,-2.8225,-0.3128
16.701,-0.0424,0.0000,-0.0424,-2.8688,0.0193,-2.8495,-0.3128
16.705,-0.0414,0.0000,-0.0414,-2.8946,0.0193,-2.8753,-0.3128
16.710,-0.0403,0.0000,-0.0403,-2.9229,0.0193,-2.9037,-0.3128
16.720,-0.0380,0.0000,-0.0380,-2.9919,0.0192,-2.9728,-0.4012
16.726,-0.0369,0.0000,-0.0369,-3.0261,0.0192,-3.0069,-0.4012
16.730,-0.0361,0.0000,-0.0361,-3.0537,0.0192,-3.0345,-0.4012
16.734,-0.0353,0.0000,-0.0353,-3.0823,0.0191,-3.0632,-0.4842
16.740,-0.0342,0.0000,-0.0342,-3.1200,0.0191,-3.1009,-0.4842
16.744,-0.0334,0.0000,-0.0334,-3.1497,0.0191,-3.1305,-0.4842
16.748,-0.0327,0.0000,-0.0327,-3.1792,0.0191,-3.1601,-0.4842
16.753,-0.0319,0.0000,-0.0319,-3.2103,0.0191,-3.1911,-0.4842
16.758,-0.0310,0.0000,-0.0310,-3.2504,0.0191,-3.2313,-0.5610
16.763,-0.0301,0.0000,-0.0301,-3.2876,0.0191,-3.2685,-0.5610
16.768,-0.0294,0.0000,-0.0294,-3.3209,0.0191,-3.3018,-0.5610
16.772,-0.0286,0.0000,-0.0286,-3.3585,0.0191,-3.3394,-0.5610
16.777,-0.0279,0.0000,-0.0279,-3.3938,0.0192,-3.3746,-0.6317
16.782,-0.0271,0.0000,-0.0271,-3.4339,0.0192,-3.4147,-0.6317
16.787,-0.0264,0.0000,-0.0264,-3.4706,0.0192,-3.4514,-0.6317
16.792,-0.0257,0.0000,-0.0257,-3.5099,0.0192,-3.4907,-0.6317
16.796,-0.0251,0.0000,-0.0251,-3.5473,0.0191,-3.5282,-0.7167
16.801,-0.0244,0.0000,-0.0244,-3.5873,0.0191,-3.5682,-0.7167
16.807,-0.0237,0.0000,-0.0237,-3.6342,0.0191,-3.6151,-0.7167
16.811,-0.0231,0.0000,-0.0231,-3.6706,0.0191,-3.6515,-0.7167
16.815,-0.0226,0.0000,-0.0226,-3.7076,0.0187,-3.6888,-0.8178
16.821,-0.0218,0.0000,-0.0218,-3.7584,0.0187,-3.7397,-0.8178
16.832,-0.0205,0.0000,-0.0205,-3.8588,0.0187,-3.8401,-0.8178
16.845,-0.0191,0.0000,-0.0191,-3.9727,0.0185,-3.9542,-0.9111
16.851,-0.0184,0.0000,-0.0184,-4.0270,0.0185,-4.0085,-0.9111
16.856,-0.0179,0.0000,-0.0179,-4.0700,0.0180,-4.0521,-1.0256
16.861,-0.0175,0.0000,-0.0175,-4.1127,0.0180,-4.0948,-1.0256
16.865,-0.0170,0.0000,-0.0170,-4.1506,0.0180,-4.1326,-1.0256
16.869,-0.0166,0.0000,-0.0166,-4.1892,0.0180,-4.1713,-1.0256
16.874,-0.0162,0.0000,-0.0162,-4.2292,0.0175,-4.2117,-1.1304
16.879,-0.0158,0.0000,-0.0158,-4.2709,0.0175,-4.2534,-1.1304
16.883,-0.0154,0.0000,-0.0154,-4.3086,0.0175,-4.2911,-1.1304
16.888,-0.0150,0.0000,-0.0150,-4.3509,0.0175,-4.3334,-1.1304
16.893,-0.0146,0.0000,-0.0146,-4.3918,0.0175,-4.3743,-1.1304
16.897,-0.0142,0.0000,-0.0142,-4.4298,0.0172,-4.4126,-1.2226
16.902,-0.0139,0.0000,-0.0139,-4.4715,0.0172,-4.4543,-1.2226
16.907,-0.0135,0.0000,-0.0135,-4.5116,0.0172,-4.4943,-1.2226
16.911,-0.0132,0.0000,-0.0132,-4.5458,0.0172,-4.5286,-1.2226
16.915,-0.0129,0.0000,-0.0129,-4.5827,0.0168,-4.5658,-1.3196
16.920,-0.0125,0.0000,-0.0125,-4.6248,0.0168,-4.6079,-1.3196
16.925,-0.0122,0.0000,-0.0122,-4.6619,0.0168,-4.6451,-1.3196
16.937,-0.0114,0.0104,-0.0010,-4.7616,0.0163,-4.7453,-1.4250
16.943,-0.0110,0.0104,-0.0006,-4.8066,0.0163,-4.7902,-1.4250
16.947,-0.0107,0.0104,-0.0003,-4.8409,0.0163,-4.8246,-1.4250
16.951,-0.0105,0.0104,-0.0001,-4.8717,0.0163,-4.8553,-1.4250
16.956,-0.0102,0.0196,0.0094,-4.9049,0.0160,-4.8890,-1.5167
16.961,-0.0099,0.0196,0.0097,-4.9393,0.0160,-4.9233,-1.5167
16.965,-0.0097,0.0196,0.0099,-4.9673,0.0160,-4.9513,-1.5167
16.969,-0.0095,0.0196,0.0101,-4.9960,0.0160,-4.9800,-1.5167
16.974,-0.0092,0.0274,0.0182,-5.0262,0.0157,-5.0104,-1.5934
16.979,-0.0090,0.0274,0.0184,-5.0570,0.0157,-5.0413,-1.5934
16.983,-0.0087,0.0274,0.0187,-5.0835,0.0157,-5.0678,-1.5934
16.997,-0.0080,0.0388,0.0308,-5.1649,0.0150,-5.1499,-1.7195
17.005,-0.0077,0.0388,0.0311,-5.2020,0.0150,-5.1870,-1.7195
17.009,-0.0075,0.0388,0.0313,-5.2242,0.0150,-5.2092,-1.7195
17.013,-0.0073,0.0388,0.0315,-5.2422,0.0150,-5.2272,-1.7195
17.017,-0.0072,0.0476,0.0404,-5.2597,0.0145,-5.2452,-1.8147
17.023,-0.0070,0.0476,0.0406,-5.2800,0.0145,-5.2655,-1.8147
17.027,-0.0068,0.0476,0.0408,-5.2954,0.0145,-5.2809,-1.8147
17.031,-0.0066,0.0476,0.0410,-5.3092,0.0145,-5.2947,-1.8147
17.036,-0.0065,0.0587,0.0523,-5.3237,0.0137,-5.3099,-1.9418
17.047,-0.0060,0.0587,0.0527,-5.3524,0.0137,-5.3386,-1.9418
17.052,-0.0059,0.0587,0.0528,-5.3615,0.0137,-5.3477,-1.9418
17.057,-0.0057,0.0682,0.0625,-5.3696,0.0131,-5.3566,-2.0520
17.062,-0.0056,0.0682,0.0626,-5.3761,0.0131,-5.3630,-2.0520
17.066,-0.0054,0.0682,0.0628,-5.3807,0.0131,-5.3676,-2.0520
17.071,-0.0053,0.0682,0.0629,-5.3842,0.0131,-5.3711,-2.0520
17.076,-0.0051,0.0760,0.0709,-5.3856,0.0125,-5.3731,-2.1461
17.081,-0.0050,0.0760,0.0711,-5.3855,0.0125,-5.3730,-2.1461
17.085,-0.0049,0.0760,0.0712,-5.3838,0.0125,-5.3713,-2.1461
17.091,-0.0047,0.0760,0.0713,-5.3799,0.0125,-5.3674,-2.1461
17.095,-0.0046,0.0823,0.0777,-5.3749,0.0120,-5.3629,-2.2246
17.101,-0.0044,0.0823,0.0779,-5.3667,0.0120,-5.3547,-2.2246
17.106,-0.0043,0.0823,0.0780,-5.3570,0.0120,-5.3449,-2.2246
17.111,-0.0042,0.0823,0.0781,-5.3469,0.0120,-5.3348,-2.2246
17.123,-0.0039,0.0871,0.0832,-5.3077,0.0116,-5.2961,-2.2885
17.130,-0.0037,0.0871,0.0833,-5.2826,0.0116,-5.2710,-2.2885
17.135,-0.0036,0.0876,0.0839,-5.2624,0.0112,-5.2511,-2.3037
17.149,-0.0033,0.0876,0.0842,-5.1906,0.0112,-5.1794,-2.3037
17.163,-0.0031,0.0864,0.0833,-5.1108,0.0109,-5.1000,-2.2996
17.168,-0.0030,0.0864,0.0834,-5.0792,0.0109,-5.0683,-2.2996
17.173,-0.0029,0.0864,0.0835,-5.0451,0.0109,-5.0342,-2.2996
17.178,-0.0028,0.0836,0.0808,-5.0138,0.0105,-5.0033,-2.2768
17.184,-0.0027,0.0836,0.0809,-4.9777,0.0105,-4.9672,-2.2768
17.189,-0.0027,0.0836,0.0809,-4.9392,0.0105,-4.9287,-2.2768
17.194,-0.0026,0.0798,0.0772,-4.9034,0.0100,-4.8934,-2.2408
17.200,-0.0025,0.0798,0.0773,-4.8570,0.0100,-4.8470,-2.2408
17.205,-0.0024,0.0798,0.0773,-4.8159,0.0100,-4.8059,-2.2408
17.210,-0.0024,0.0798,0.0774,-4.7782,0.0100,-4.7682,-2.2408
17.214,-0.0023,0.0746,0.0723,-4.7433,0.0000,-4.7433,-2.1871
17.220,-0.0022,0.0746,0.0724,-4.7032,0.0000,-4.7032,-2.1871
17.226,-0.0021,0.0746,0.0725,-4.6665,0.0000,-4.6665,-2.1871
17.231,-0.0021,0.0746,0.0725,-4.6425,0.0000,-4.6425,-2.1871
17.236,-0.0020,0.0715,0.0695,-4.6191,0.0000,-4.6191,-2.1575
17.243,-0.0019,0.0715,0.0696,-4.5947,0.0000,-4.5947,-2.1575
17.247,-0.0019,0.0715,0.0696,-4.5806,0.0000,-4.5806,-2.1575
17.252,-0.0018,0.0715,0.0696,-4.5703,0.0000,-4.5703,-2.1575
17.258,-0.0018,0.0672,0.0654,-4.5611,0.0000,-4.5611,-2.1114
17.269,-0.0017,0.0672,0.0655,-4.5416,0.0000,-4.5416,-2.1114
17.275,-0.0016,0.0616,0.0600,-4.5318,0.0000,-4.5318,-2.0466
17.279,-0.0016,0.0616,0.0600,-4.5229,0.0000,-4.5229,-2.0466
17.284,-0.0015,0.0616,0.0601,-4.5148,0.0000,-4.5148,-2.0466
17.290,-0.0015,0.0616,0.0601,-4.5017,0.0000,-4.5017,-2.0466
17.302,-0.0014,0.0549,0.0535,-4.4744,0.0000,-4.4744,-1.9632
17.310,-0.0013,0.0549,0.0536,-4.4571,0.0000,-4.4571,-1.9632
17.315,-0.0013,0.0492,0.0479,-4.4472,0.0000,-4.4472,-1.8887
17.321,-0.0012,0.0492,0.0480,-4.4330,0.0000,-4.4330,-1.8887
17.327,-0.0012,0.0492,0.0480,-4.4183,0.0000,-4.4183,-1.8887
17.332,-0.0011,0.0492,0.0481,-4.4077,0.0000,-4.4077,-1.8887
17.338,-0.0011,0.0428,0.0417,-4.3939,0.0000,-4.3939,-1.8002
17.343,-0.0011,0.0428,0.0418,-4.3822,0.0000,-4.3822,-1.8002
17.348,-0.0010,0.0428,0.0418,-4.3712,0.0000,-4.3712,-1.8002
17.353,-0.0010,0.0428,0.0418,-4.3603,0.0000,-4.3603,-1.8002
17.359,-0.0010,0.0356,0.0346,-4.3472,0.0000,-4.3472,-1.6934
17.372,-0.0009,0.0356,0.0346,-4.3183,0.0000,-4.3183,-1.6934
17.376,-0.0009,0.0275,0.0267,-4.3088,0.0000,-4.3088,-1.5690
17.381,-0.0009,0.0275,0.0267,-4.2984,0.0000,-4.2984,-1.5690
17.386,-0.0008,0.0275,0.0267,-4.2888,0.0000,-4.2888,-1.5690
17.392,-0.0008,0.0275,0.0267,-4.2775,0.0000,-4.2775,-1.5690
17.397,-0.0008,0.0189,0.0181,-4.2689,0.0000,-4.2689,-1.4268
17.402,-0.0008,0.0189,0.0181,-4.2595,0.0000,-4.2595,-1.4268
17.407,-0.0007,0.0189,0.0181,-4.2500,0.0000,-4.2500,-1.4268
17.412,-0.0007,0.0189,0.0182,-4.2419,0.0000,-4.2419,-1.4268
17.416,-0.0007,0.0153,0.0146,-4.2349,0.0000,-4.2349,-1.3540
17.424,-0.0007,0.0153,0.0146,-4.2220,0.0000,-4.2220,-1.3540
17.428,-0.0007,0.0153,0.0146,-4.2151,0.0000,-4.2151,-1.3540
17.433,-0.0006,0.0153,0.0146,-4.2091,0.0000,-4.2091,-1.3540
17.438,-0.0006,0.0114,0.0108,-4.2018,0.0000,-4.2018,-1.2709
17.443,-0.0006,0.0114,0.0108,-4.1947,0.0000,-4.1947,-1.2709
17.457,-0.0005,0.0000,-0.0005,-4.1788,0.0000,-4.1788,-1.1696
17.464,-0.0005,0.0000,-0.0005,-4.1725,0.0000,-4.1725,-1.1696
17.469,-0.0005,0.0000,-0.0005,-4.1683,0.0000,-4.1683,-1.1696
17.480,-0.0005,0.0000,-0.0005,-4.1600,0.0000,-4.1600,-1.0507
17.485,-0.0005,0.0000,-0.0005,-4.1569,0.0000,-4.1569,-1.0507
17.491,-0.0004,0.0000,-0.0004,-4.1539,0.0000,-4.1539,-1.0507
17.496,-0.0004,0.0000,-0.0004,-4.1519,0.0000,-4.1519,-0.9154
17.501,-0.0004,0.0000,-0.0004,-4.1503,0.0000,-4.1503,-0.9154
17.506,-0.0004,0.0000,-0.0004,-4.1491,0.0000,-4.1491,-0.9154
17.510,-0.0004,0.0000,-0.0004,-4.1485,0.0000,-4.1485,-0.9154
17.515,-0.0004,0.0000,-0.0004,-4.1482,0.0000,-4.1482,-0.7648
17.520,-0.0004,0.0000,-0.0004,-4.1484,0.0000,-4.1484,-0.7648
17.526,-0.0004,0.0000,-0.0004,-4.1492,0.0000,-4.1492,-0.7648
17.530,-0.0004,0.0000,-0.0004,-4.1502,0.0000,-4.1502,-0.7648
17.534,-0.0003,0.0000,-0.0003,-4.1515,0.0000,-4.1515,-0.5995
17.540,-0.0003,0.0000,-0.0003,-4.1539,0.0000,-4.1539,-0.5995
17.544,-0.0003,0.0000,-0.0003,-4.1560,0.0000,-4.1560,-0.5995
17.549,-0.0003,0.0000,-0.0003,-4.1588,0.0000,-4.1588,-0.5995
17.553,-0.0003,0.0000,-0.0003,-4.1622,0.0000,-4.1622,-0.5995
17.558,-0.0003,0.0000,-0.0003,-4.1662,0.0000,-4.1662,-0.4209
17.564,-0.0003,0.0000,-0.0003,-4.1709,0.0000,-4.1709,-0.4209
17.568,-0.0003,0.0000,-0.0003,-4.1752,0.0000,-4.1752,-0.4209
17.574,-0.0003,0.0000,-0.0003,-4.1828,0.0000,-4.1828,-0.2301
17.587,-0.0002,0.0000,-0.0002,-4.2019,0.0000,-4.2019,-0.2301
17.595,-0.0002,0.0000,-0.0002,-4.2144,0.0000,-4.2144,-0.0285
17.608,-0.0002,0.0000,-0.0002,-4.2401,0.0000,-4.2401,-0.0285
17.614,-0.0002,0.0000,-0.0002,-4.2512,0.0000,-4.2512,0.1767
17.620,-0.0002,0.0000,-0.0002,-4.2639,0.0000,-4.2639,0.1767
17.626,-0.0002,0.0000,-0.0002,-4.2787,0.0000,-4.2787,0.1767
17.631,-0.0002,0.0000,-0.0002,-4.2896,0.0000,-4.2896,0.1767
17.635,-0.0002,0.0000,-0.0002,-4.3005,0.0000,-4.3005,0.3883
17.641,-0.0002,0.0000,-0.0002,-4.3160,0.0000,-4.3160,0.3883
17.646,-0.0002,0.0000,-0.0002,-4.3280,0.0000,-4.3280,0.3883
17.650,-0.0002,0.0000,-0.0002,-4.3399,0.0000,-4.3399,0.3883
17.655,-0.0002,0.0000,-0.0002,-4.3561,0.0000,-4.3561,0.6065
17.661,-0.0002,0.0000,-0.0002,-4.3734,0.0000,-4.3734,0.6065
17.665,-0.0002,0.0000,-0.0002,-4.3868,0.0000,-4.3868,0.6065
17.670,-0.0002,0.0000,-0.0002,-4.4025,0.0000,-4.4025,0.6065
17.675,-0.0001,0.0000,-0.0001,-4.4189,0.0000,-4.4189,0.8219
17.679,-0.0001,0.0000,-0.0001,-4.4361,0.0000,-4.4361,0.8219
17.684,-0.0001,0.0000,-0.0001,-4.4523,0.0000,-4.4523,0.8219
17.696,-0.0001,0.0000,-0.0001,-4.5029,0.0000,-4.5029,1.0288
17.701,-0.0001,0.0000,-0.0001,-4.5231,0.0000,-4.5231,1.0288
17.706,-0.0001,0.0000,-0.0001,-4.5437,0.0000,-4.5437,1.0288
17.710,-0.0001,0.0000,-0.0001,-4.5635,0.0000,-4.5635,1.0288
17.715,-0.0001,0.0000,-0.0001,-4.5818,0.0000,-4.5818,1.2354
17.719,-0.0001,0.0000,-0.0001,-4.6039,0.0000,-4.6039,1.2354
17.725,-0.0001,0.0000,-0.0001,-4.6309,0.0000,-4.6309,1.2354
17.729,-0.0001,0.0000,-0.0001,-4.6527,0.0000,-4.6527,1.2354
17.734,-0.0001,0.0000,-0.0001,-4.6737,0.0000,-4.6737,1.4428
17.739,-0.0001,0.0000,-0.0001,-4.7024,0.0000,-4.7024,1.4428
17.744,-0.0001,0.0000,-0.0001,-4.7258,0.0000,-4.7258,1.4428
17.748,-0.0001,0.0000,-0.0001,-4.7487,0.0000,-4.7487,1.4428
17.761,-0.0001,0.0000,-0.0001,-4.8256,0.0000,-4.8256,1.6491
17.767,-0.0001,0.0000,-0.0001,-4.8621,0.0000,-4.8621,1.6491
17.773,-0.0001,0.0000,-0.0001,-4.8987,0.0000,-4.8987,1.6491
17.777,-0.0001,0.0000,-0.0001,-4.9261,0.0000,-4.9261,1.8524
17.782,-0.0001,0.0000,-0.0001,-4.9557,0.0000,-4.9557,1.8524
17.787,-0.0001,0.0000,-0.0001,-4.9922,0.0000,-4.9922,1.8524
17.799,-0.0001,0.0000,-0.0001,-5.0801,0.0000,-5.0801,2.0000
17.805,-0.0001,0.0000,-0.0001,-5.1227,0.0000,-5.1227,2.0000
17.810,-0.0001,0.0000,-0.0001,-5.1550,0.0000,-5.1550,2.0000
17.814,-0.0001,0.0000,-0.0001,-5.1862,0.0000,-5.1862,2.1300
17.818,-0.0001,0.0000,-0.0001,-5.2224,0.0000,-5.2224,2.1300
17.824,-0.0001,0.0000,-0.0001,-5.2654,0.0000,-5.2654,2.1300
17.828,-0.0001,0.0000,-0.0001,-5.2992,0.0000,-5.2992,2.1300
17.832,-0.0001,0.0000,-0.0001,-5.3321,0.0000,-5.3321,2.1300
17.838,-0.0001,0.0000,-0.0001,-5.3769,0.0000,-5.3769,2.2554
17.843,-0.0001,0.0000,-0.0001,-5.4205,0.0000,-5.4205,2.2554
17.847,-0.0001,0.0000,-0.0001,-5.4570,0.0000,-5.4570,2.2554
17.852,0.0000,0.0000,0.0000,-5.4998,0.0000,-5.4998,2.2554
17.858,0.0000,0.0000,0.0000,-5.5507,0.0000,-5.5507,2.3745
17.863,0.0000,0.0000,0.0000,-5.5961,0.0000,-5.5961,2.3745
17.867,0.0000,0.0000,0.0000,-5.6364,0.0000,-5.6364,2.3745
17.872,0.0000,0.0000,0.0000,-5.6850,0.0000,-5.6850,2.3745
17.876,0.0000,0.0000,0.0000,-5.7280,0.0000,-5.7280,2.4861
17.881,0.0000,0.0000,0.0000,-5.7766,0.0000,-5.7766,2.4861
17.886,0.0000,0.0000,0.0000,-5.8210,0.0000,-5.8210,2.4861
17.892,0.0000,0.0000,0.0000,-5.8871,0.0000,-5.8871,2.4861
17.904,0.0000,0.0000,0.0000,-6.0223,0.0000,-6.0223,2.5887
17.917,0.0000,0.0000,0.0000,-6.1686,0.0000,-6.1686,2.6810
17.925,0.0000,0.0000,0.0000,-6.2642,0.0000,-6.2642,2.6810
17.930,0.0000,0.0000,0.0000,-6.3218,0.0000,-6.3218,2.6810
17.934,0.0000,0.0000,0.0000,-6.3782,0.0000,-6.3782,2.7618
17.940,0.0000,0.0000,0.0000,-6.4509,0.0000,-6.4509,2.7618
17.945,0.0000,0.0000,0.0000,-6.5145,0.0000,-6.5145,2.7618
17.950,0.0000,0.0000,0.0000,-6.5732,0.0000,-6.5732,2.7618
17.956,0.0000,0.0000,0.0000,-6.6529,0.0000,-6.6529,2.8301
17.962,0.0000,0.0000,0.0000,-6.7247,0.0000,-6.7247,2.8301
17.966,0.0000,0.0000,0.0000,-6.7798,0.0000,-6.7798,2.8301
17.971,0.0000,0.0000,0.0000,-6.8447,0.0000,-6.8447,2.8301
17.976,0.0000,0.0000,0.0000,-6.9073,0.0000,-6.9073,2.8849
17.981,0.0000,0.0000,0.0000,-6.9647,0.0000,-6.9647,2.8849
17.985,0.0000,0.0000,0.0000,-7.0117,0.0000,-7.0117,2.8849
17.991,0.0000,0.0000,0.0000,-7.0720,0.0000,-7.0720,2.8849
17.996,0.0000,0.0000,0.0000,-7.1156,0.0000,-7.1156,2.9257
18.009,0.0000,0.0000,0.0000,-7.2078,0.0000,-7.2078,2.9257
18.014,0.0000,0.0000,0.0000,-7.2341,0.0000,-7.2341,2.9521
18.020,0.0000,0.0000,0.0000,-7.2607,0.0000,-7.2607,2.9521
18.027,0.0000,0.0000,0.0000,-7.2786,0.0000,-7.2786,2.9521
18.032,0.0000,0.0000,0.0000,-7.2872,0.0000,-7.2872,2.9521
18.037,0.0000,0.0000,0.0000,-7.2915,0.0000,-7.2915,2.9639
18.042,0.0000,0.0000,0.0000,-7.2917,0.0000,-7.2917,2.9639
18.046,0.0000,0.0000,0.0000,-7.2894,0.0000,-7.2894,2.9639
18.050,0.0000,0.0000,0.0000,-7.2846,0.0000,-7.2846,2.9639
18.056,0.0000,0.0000,0.0000,-7.2732,0.0000,-7.2732,2.4755
18.071,0.0000,0.0000,0.0000,-7.2176,0.0000,-7.2176,2.4755
18.077,0.0000,0.0000,0.0000,-7.1887,0.0000,-7.1887,2.4888
18.082,0.0000,0.0000,0.0000,-7.1649,0.0000,-7.1649,2.4888
18.087,0.0000,0.0000,0.0000,-7.1391,0.0000,-7.1391,2.4888
18.093,0.0000,0.0000,0.0000,-7.1073,0.0000,-7.1073,2.4888
18.097,0.0000,0.0000,0.0000,-7.0798,0.0000,-7.0798,2.2683
18.102,0.0000,0.0000,0.0000,-7.0489,0.0000,-7.0489,2.2683
18.107,0.0000,0.0000,0.0000,-7.0128,0.0000,-7.0128,2.2683
18.118,0.0000,0.0000,0.0000,-6.9306,0.0000,-6.9306,2.0545
18.124,0.0000,0.0000,0.0000,-6.8839,0.0000,-6.8839,2.0545
18.129,0.0000,0.0000,0.0000,-6.8466,0.0000,-6.8466,2.0545
18.133,0.0000,0.0000,0.0000,-6.8134,0.0000,-6.8134,2.0545
18.138,0.0000,0.0000,0.0000,-6.7715,0.0000,-6.7715,1.9563
18.143,0.0000,0.0000,0.0000,-6.7263,0.0000,-6.7263,1.9563
18.148,0.0000,0.0000,0.0000,-6.6905,0.0000,-6.6905,1.9563
18.152,0.0000,0.0000,0.0000,-6.6556,0.0000,-6.6556,1.9563
18.156,0.0000,0.0000,0.0000,-6.6147,0.0000,-6.6147,1.8534
18.162,0.0000,0.0000,0.0000,-6.5667,0.0000,-6.5667,1.8534
18.173,0.0000,0.0000,0.0000,-6.4585,0.0000,-6.4585,1.8534
18.179,0.0000,0.0104,0.0104,-6.4092,0.0000,-6.4092,1.4337
18.184,0.0000,0.0104,0.0104,-6.3604,0.0000,-6.3604,1.4337
18.189,0.0000,0.0104,0.0104,-6.3150,0.0000,-6.3150,1.4337
18.193,0.0000,0.0104,0.0104,-6.2719,0.0000,-6.2719,1.4337
18.198,0.0000,0.0150,0.0150,-6.2325,0.0000,-6.2325,1.2526
18.202,0.0000,0.0150,0.0150,-6.1870,0.0000,-6.1870,1.2526
18.207,0.0000,0.0150,0.0150,-6.1440,0.0000,-6.1440,1.2526
18.219,0.0000,0.0174,0.0174,-6.0307,0.0000,-6.0307,1.1611
18.232,0.0000,0.0174,0.0174,-5.9038,0.0000,-5.9038,1.1611
18.237,0.0000,0.0196,0.0196,-5.8602,0.0000,-5.8602,1.0700
18.242,0.0000,0.0196,0.0196,-5.8150,0.0000,-5.8150,1.0700
18.246,0.0000,0.0196,0.0196,-5.7770,0.0000,-5.7770,1.0700
18.250,0.0000,0.0196,0.0196,-5.7378,0.0000,-5.7378,1.0700
18.255,0.0000,0.0216,0.0216,-5.6939,0.0000,-5.6939,0.9788
18.260,0.0000,0.0216,0.0216,-5.6502,0.0000,-5.6502,0.9788
18.264,0.0000,0.0216,0.0216,-5.6140,0.0000,-5.6140,0.9788
18.268,0.0000,0.0216,0.0216,-5.5757,0.0000,-5.5757,0.9788
18.274,0.0000,0.0235,0.0235,-5.5222,0.0000,-5.5222,0.8870
18.279,0.0000,0.0235,0.0235,-5.4802,0.0000,-5.4802,0.8870
18.284,0.0000,0.0235,0.0235,-5.4425,0.0000,-5.4425,0.8870
18.289,0.0000,0.0235,0.0235,-5.3933,0.0000,-5.3933,0.8870
18.294,0.0000,0.0252,0.0252,-5.3542,0.0000,-5.3542,0.7946
18.299,0.0000,0.0252,0.0252,-5.3124,0.0000,-5.3124,0.7946
18.304,0.0000,0.0252,0.0252,-5.2716,0.0000,-5.2716,0.7946
18.309,0.0000,0.0252,0.0252,-5.2331,0.0000,-5.2331,0.7946
18.313,0.0000,0.0252,0.0252,-5.1997,0.0000,-5.1997,0.7946
18.317,0.0000,0.0264,0.0264,-5.1636,0.0000,-5.1636,0.7133
18.323,0.0000,0.0264,0.0264,-5.1163,0.0000,-5.1163,0.7133
18.328,0.0000,0.0264,0.0264,-5.0791,0.0000,-5.0791,0.7133
18.340,0.0000,0.0274,0.0274,-4.9875,0.0000,-4.9875,0.6327
18.345,0.0000,0.0274,0.0274,-4.9484,0.0000,-4.9484,0.6327
18.349,0.0000,0.0274,0.0274,-4.9160,0.0000,-4.9160,0.6327
18.354,0.0000,0.0271,0.0271,-4.8832,0.0000,-4.8832,0.6168
18.360,0.0000,0.0271,0.0271,-4.8420,0.0000,-4.8420,0.6168
18.373,0.0000,0.0271,0.0271,-4.7504,0.0000,-4.7504,0.6168
18.378,0.0000,0.0268,0.0268,-4.7119,0.0000,-4.7119,0.5958
18.383,0.0000,0.0268,0.0268,-4.6795,0.0000,-4.6795,0.5958
18.388,0.0000,0.0268,0.0268,-4.6509,0.0000,-4.6509,0.5958
18.392,0.0000,0.0268,0.0268,-4.6225,0.0000,-4.6225,0.5958
18.397,0.0000,0.0265,0.0265,-4.5951,0.0000,-4.5951,0.5690
18.402,0.0000,0.0265,0.0265,-4.5656,0.0000,-4.5656,0.5690
18.406,0.0000,0.0265,0.0265,-4.5385,0.0000,-4.5385,0.5690
18.410,0.0000,0.0265,0.0265,-4.5138,0.0000,-4.5138,0.5690
18.415,0.0000,0.0262,0.0262,-4.4873,0.0000,-4.4873,0.5370
18.420,0.0000,0.0262,0.0262,-4.4588,0.0000,-4.4588,0.5370
18.424,0.0000,0.0262,0.0262,-4.4343,0.0000,-4.4343,0.5370
18.429,0.0000,0.0262,0.0262,-4.4083,0.0000,-4.4083,0.5370
18.434,0.0000,0.0259,0.0259,-4.3824,0.0000,-4.3824,0.4969
18.439,0.0000,0.0259,0.0259,-4.3542,0.0000,-4.3542,0.4969
18.450,0.0000,0.0259,0.0259,-4.2977,0.0000,-4.2977,0.4969
18.454,0.0000,0.0254,0.0254,-4.2761,0.0000,-4.2761,0.4521
18.459,0.0000,0.0254,0.0254,-4.2513,0.0000,-4.2513,0.4521
18.464,0.0000,0.0254,0.0254,-4.2314,0.0000,-4.2314,0.4521
18.468,0.0000,0.0254,0.0254,-4.2128,0.0000,-4.2128,0.4521
18.472,0.0000,0.0254,0.0254,-4.1927,0.0000,-4.1927,0.4521
18.477,0.0000,0.0249,0.0249,-4.1734,0.0000,-4.1734,0.4038
18.481,0.0000,0.0249,0.0249,-4.1530,0.0000,-4.1530,0.4038
18.486,0.0000,0.0249,0.0249,-4.1356,0.0000,-4.1356,0.4038
18.491,0.0000,0.0249,0.0249,-4.1154,0.0000,-4.1154,0.4038
18.495,0.0000,0.0243,0.0243,-4.0989,0.0000,-4.0989,0.3577
18.499,0.0000,0.0243,0.0243,-4.0802,0.0000,-4.0802,0.3577
18.504,0.0000,0.0243,0.0243,-4.0638,0.0000,-4.0638,0.3577
18.508,0.0000,0.0243,0.0243,-4.0474,0.0000,-4.0474,0.3577
18.513,0.0000,0.0243,0.0243,-4.0323,0.0000,-4.0323,0.3577
18.524,0.0000,0.0236,0.0236,-3.9936,0.0000,-3.9936,0.3091
18.530,0.0000,0.0236,0.0236,-3.9744,0.0000,-3.9744,0.3091
18.535,0.0000,0.0229,0.0229,-3.9597,0.0000,-3.9597,0.2577
18.540,0.0000,0.0229,0.0229,-3.9447,0.0000,-3.9447,0.2577
18.544,0.0000,0.0229,0.0229,-3.9330,0.0000,-3.9330,0.2577
18.548,0.0000,0.0229,0.0229,-3.9210,0.0000,-3.9210,0.2577
18.560,0.0000,0.0220,0.0220,-3.8913,0.0000,-3.8913,0.1884
18.566,0.0000,0.0220,0.0220,-3.8779,0.0000,-3.8779,0.1884
18.570,0.0000,0.0220,0.0220,-3.8672,0.0000,-3.8672,0.1884
18.576,0.0000,0.0210,0.0210,-3.8551,0.0000,-3.8551,0.1161
18.581,0.0000,0.0210,0.0210,-3.8449,0.0000,-3.8449,0.1161
18.586,0.0000,0.0210,0.0210,-3.8357,0.0000,-3.8357,0.1161
18.592,0.0000,0.0210,0.0210,-3.8254,0.0000,-3.8254,0.1161
18.597,0.0000,0.0199,0.0199,-3.8181,0.0000,-3.8181,0.0435
18.602,0.0000,0.0199,0.0199,-3.8098,0.0000,-3.8098,0.0435
18.608,0.0000,0.0199,0.0199,-3.8019,0.0000,-3.8019,0.0435
18.613,0.0000,0.0199,0.0199,-3.7958,0.0000,-3.7958,0.0435
18.618,0.0000,0.0188,0.0188,-3.7903,0.0000,-3.7903,-0.0291
18.625,0.0000,0.0188,0.0188,-3.7831,0.0000,-3.7831,-0.0291
18.631,0.0000,0.0188,0.0188,-3.7790,0.0000,-3.7790,-0.0291
18.635,0.0000,0.0176,0.0176,-3.7760,0.0000,-3.7760,-0.1009
18.640,0.0000,0.0176,0.0176,-3.7729,0.0000,-3.7729,-0.1009
18.645,0.0000,0.0176,0.0176,-3.7706,0.0000,-3.7706,-0.1009
18.650,0.0000,0.0176,0.0176,-3.7690,0.0000,-3.7690,-0.1009
18.655,0.0000,0.0164,0.0164,-3.7679,0.0000,-3.7679,-0.1716
18.667,0.0000,0.0164,0.0164,-3.7691,0.0000,-3.7691,-0.1716
18.680,0.0000,0.0152,0.0152,-3.7744,0.0000,-3.7744,-0.2407
18.686,0.0000,0.0152,0.0152,-3.7781,0.0000,-3.7781,-0.2407
18.690,0.0000,0.0152,0.0152,-3.7813,0.0000,-3.7813,-0.2407
18.695,0.0000,0.0140,0.0140,-3.7848,0.0000,-3.7848,-0.3107
18.700,0.0000,0.0140,0.0140,-3.7894,0.0000,-3.7894,-0.3107
18.704,0.0000,0.0140,0.0140,-3.7940,0.0000,-3.7940,-0.3107
18.708,0.0000,0.0140,0.0140,-3.7990,0.0000,-3.7990,-0.3107
18.712,0.0000,0.0140,0.0140,-3.8044,0.0000,-3.8044,-0.3107
18.717,0.0000,0.0128,0.0128,-3.8103,0.0000,-3.8103,-0.3785
18.722,0.0000,0.0128,0.0128,-3.8182,0.0000,-3.8182,-0.3785
18.726,0.0000,0.0128,0.0128,-3.8256,0.0000,-3.8256,-0.3785
18.730,0.0000,0.0128,0.0128,-3.8332,0.0000,-3.8332,-0.3785
18.734,0.0000,0.0117,0.0117,-3.8410,0.0000,-3.8410,-0.4319
18.739,0.0000,0.0117,0.0117,-3.8515,0.0000,-3.8515,-0.4319
18.743,0.0000,0.0117,0.0117,-3.8608,0.0000,-3.8608,-0.4319
18.748,0.0000,0.0117,0.0117,-3.8707,0.0000,-3.8707,-0.4319
18.752,0.0000,0.0117,0.0117,-3.8809,0.0000,-3.8809,-0.4319
18.756,0.0000,0.0107,0.0107,-3.8932,0.0000,-3.8932,-0.4807
18.768,0.0000,0.0107,0.0107,-3.9289,0.0000,-3.9289,-0.4807
18.772,0.0000,0.0107,0.0107,-3.9435,0.0000,-3.9435,-0.4807
18.777,0.0000,0.0000,0.0000,-3.9578,0.0000,-3.9578,-0.5269
18.782,0.0000,0.0000,0.0000,-3.9761,0.0000,-3.9761,-0.5269
18.786,0.0000,0.0000,0.0000,-3.9915,0.0000,-3.9915,-0.5269
18.791,0.0000,0.0000,0.0000,-4.0093,0.0000,-4.0093,-0.5269
18.795,0.0000,0.0000,0.0000,-4.0262,0.0000,-4.0262,-0.5701
18.800,0.0000,0.0000,0.0000,-4.0458,0.0000,-4.0458,-0.5701
18.804,0.0000,0.0000,0.0000,-4.0651,0.0000,-4.0651,-0.5701
18.808,0.0000,0.0000,0.0000,-4.0848,0.0000,-4.0848,-0.5701
18.813,0.0000,0.0000,0.0000,-4.1049,0.0000,-4.1049,-0.5701
18.817,0.0000,0.0000,0.0000,-4.1249,0.0000,-4.1249,-0.6171
18.822,0.0000,0.0000,0.0000,-4.1525,0.0000,-4.1525,-0.6171
18.834,0.0000,0.0000,0.0000,-4.2216,0.0000,-4.2216,-0.6628
18.841,0.0000,0.0000,0.0000,-4.2654,0.0000,-4.2654,-0.6628
18.846,0.0000,0.0000,0.0000,-4.2964,0.0000,-4.2964,-0.6628
18.850,0.0000,0.0000,0.0000,-4.3238,0.0000,-4.3238,-0.6628
18.855,0.0000,0.0000,0.0000,-4.3566,0.0000,-4.3566,-0.7048
18.861,0.0000,0.0000,0.0000,-4.3936,0.0000,-4.3936,-0.7048
18.873,0.0000,0.0000,0.0000,-4.4948,0.0000,-4.4948,-0.7048
18.878,0.0000,0.0000,0.0000,-4.5378,0.0000,-4.5378,-0.7530
18.885,0.0000,0.0000,0.0000,-4.5886,0.0000,-4.5886,-0.7530
18.890,0.0000,0.0000,0.0000,-4.6343,0.0000,-4.6343,-0.7530
18.895,0.0000,0.0000,0.0000,-4.6799,0.0000,-4.6799,-0.7973
18.900,0.0000,0.0000,0.0000,-4.7221,0.0000,-4.7221,-0.7973
18.906,0.0000,0.0000,0.0000,-4.7673,0.0000,-4.7673,-0.7973
18.911,0.0000,0.0000,0.0000,-4.8068,0.0000,-4.8068,-0.7973
18.915,0.0000,0.0000,0.0000,-4.8410,0.0000,-4.8410,-0.8369
18.920,0.0000,0.0000,0.0000,-4.8727,0.0000,-4.8727,-0.8369
18.925,0.0000,0.0000,0.0000,-4.9026,0.0000,-4.9026,-0.8369
18.930,0.0000,0.0000,0.0000,-4.9288,0.0000,-4.9288,-0.8369
18.934,0.0000,0.0000,0.0000,-4.9501,0.0000,-4.9501,-0.8702
18.939,0.0000,0.0000,0.0000,-4.9723,0.0000,-4.9723,-0.8702
18.944,0.0000,0.0000,0.0000,-4.9893,0.0000,-4.9893,-0.8702
18.948,0.0000,0.0000,0.0000,-5.0050,0.0000,-5.0050,-0.8702
18.953,0.0000,0.0000,0.0000,-5.0220,0.0000,-5.0220,-0.8702
18.958,0.0000,0.0000,0.0000,-5.0393,0.0000,-5.0393,-0.8981
18.963,0.0000,0.0000,0.0000,-5.0552,0.0000,-5.0552,-0.8981
18.967,0.0000,0.0000,0.0000,-5.0689,0.0000,-5.0689,-0.8981
18.972,0.0000,0.0000,0.0000,-5.0853,0.0000,-5.0853,-0.8981
18.985,0.0000,0.0000,0.0000,-5.1235,0.0000,-5.1235,-0.9210
18.992,0.0000,0.0000,0.0000,-5.1417,0.0000,-5.1417,-0.9210
18.996,0.0000,0.0000,0.0000,-5.1525,0.0000,-5.1525,-0.9386
19.001,0.0000,0.0000,0.0000,-5.1640,0.0000,-5.1640,-0.9386
19.005,0.0000,0.0000,0.0000,-5.1750,0.0000,-5.1750,-0.9386
19.009,0.0000,0.0000,0.0000,-5.1850,0.0000,-5.1850,-0.9386
19.013,0.0000,0.0000,0.0000,-5.1941,0.0000,-5.1941,-0.9386
19.017,0.0000,0.0000,0.0000,-5.2029,0.0000,-5.2029,-0.9511
19.023,0.0000,0.0000,0.0000,-5.2133,0.0000,-5.2133,-0.9511
19.027,0.0000,0.0000,0.0000,-5.2224,0.0000,-5.2224,-0.9511
19.032,0.0000,0.0000,0.0000,-5.2311,0.0000,-5.2311,-0.9511
19.036,0.0000,0.0000,0.0000,-5.2393,0.0000,-5.2393,-0.9582
19.041,0.0000,0.0000,0.0000,-5.2473,0.0000,-5.2473,-0.9582
19.045,0.0000,0.0000,0.0000,-5.2537,0.0000,-5.2537,-0.9582
19.049,0.0000,0.0000,0.0000,-5.2601,0.0000,-5.2601,-0.9582
19.054,0.0000,0.0000,0.0000,-5.2663,0.0000,-5.2663,-0.9625
19.058,0.0000,0.0000,0.0000,-5.2723,0.0000,-5.2723,-0.9625
19.063,0.0000,0.0000,0.0000,-5.2773,0.0000,-5.2773,-0.9625
19.067,0.0000,0.0000,0.0000,-5.2821,0.0000,-5.2821,-0.9625
19.071,0.0000,0.0000,0.0000,-5.2868,0.0000,-5.2868,-0.9625
19.076,0.0000,0.0000,0.0000,-5.2912,0.0000,-5.2912,-0.9614
19.087,0.0000,0.0000,0.0000,-5.2996,0.0000,-5.2996,-0.9614
19.091,0.0000,0.0000,0.0000,-5.3025,0.0000,-5.3025,-0.9614
19.095,0.0000,0.0000,0.0000,-5.3049,0.0000,-5.3049,-0.9549
19.100,0.0000,0.0000,0.0000,-5.3071,0.0000,-5.3071,-0.9549
19.105,0.0000,0.0000,0.0000,-5.3089,0.0000,-5.3089,-0.9549
19.109,0.0000,0.0000,0.0000,-5.3101,0.0000,-5.3101,-0.9549
19.114,0.0000,0.0000,0.0000,-5.3110,0.0000,-5.3110,-0.9549
19.118,0.0000,0.0000,0.0000,-5.3115,0.0000,-5.3115,-0.9456
19.123,0.0000,0.0000,0.0000,-5.3115,0.0000,-5.3115,-0.9456
19.135,0.0000,0.0000,0.0000,-5.3090,0.0000,-5.3090,-0.9308
19.141,0.0000,0.0000,0.0000,-5.3069,0.0000,-5.3069,-0.9308
19.145,0.0000,0.0000,0.0000,-5.3051,0.0000,-5.3051,-0.9308
19.150,0.0000,0.0000,0.0000,-5.3030,0.0000,-5.3030,-0.9308
19.155,0.0000,0.0000,0.0000,-5.2999,0.0000,-5.2999,-0.9103
19.160,0.0000,0.0000,0.0000,-5.2965,0.0000,-5.2965,-0.9103
19.164,0.0000,0.0000,0.0000,-5.2932,0.0000,-5.2932,-0.9103
19.168,0.0000,0.0000,0.0000,-5.2895,0.0000,-5.2895,-0.9103
19.174,0.0000,0.0000,0.0000,-5.2846,0.0000,-5.2846,-0.8842
19.179,0.0000,0.0000,0.0000,-5.2792,0.0000,-5.2792,-0.8842
19.183,0.0000,0.0000,0.0000,-5.2745,0.0000,-5.2745,-0.8842
19.188,0.0000,0.0000,0.0000,-5.2679,0.0000,-5.2679,-0.8842
19.199,0.0000,0.0000,0.0000,-5.2518,0.0000,-5.2518,-0.8597
19.212,0.0000,0.0000,0.0000,-5.2306,0.0000,-5.2306,-0.8597
19.218,0.0000,0.0000,0.0000,-5.2211,0.0000,-5.2211,-0.8306
19.223,0.0000,0.0000,0.0000,-5.2105,0.0000,-5.2105,-0.8306
19.228,0.0000,0.0000,0.0000,-5.2017,0.0000,-5.2017,-0.8306
19.232,0.0000,0.0000,0.0000,-5.1935,0.0000,-5.1935,-0.8306
19.237,0.0000,0.0000,0.0000,-5.1840,0.0000,-5.1840,-0.7959
19.242,0.0000,0.0000,0.0000,-5.1729,0.0000,-5.1729,-0.7959
19.247,0.0000,0.0000,0.0000,-5.1632,0.0000,-5.1632,-0.7959
19.251,0.0000,0.0000,0.0000,-5.1538,0.0000,-5.1538,-0.7959
19.256,0.0000,0.0000,0.0000,-5.1431,0.0000,-5.1431,-0.7558
19.260,0.0000,0.0000,0.0000,-5.1320,0.0000,-5.1320,-0.7558
19.264,0.0000,0.0000,0.0000,-5.1221,0.0000,-5.1221,-0.7558
19.269,0.0000,0.0000,0.0000,-5.1110,0.0000,-5.1110,-0.7558
19.273,0.0000,0.0000,0.0000,-5.0993,0.0000,-5.0993,-0.7558
19.285,0.0000,0.0000,0.0000,-5.0668,0.0000,-5.0668,-0.7106
19.291,0.0000,0.0000,0.0000,-5.0489,0.0000,-5.0489,-0.7106
19.296,0.0000,0.0000,0.0000,-5.0363,0.0000,-5.0363,-0.6757
19.307,0.0000,0.0000,0.0000,-5.0013,0.0000,-5.0013,-0.6757
19.311,0.0000,0.0000,0.0000,-4.9885,0.0000,-4.9885,-0.6757
19.316,0.0000,0.0000,0.0000,-4.9749,0.0000,-4.9749,-0.6378
19.321,0.0000,0.0000,0.0000,-4.9591,0.0000,-4.9591,-0.6378
19.325,0.0000,0.0000,0.0000,-4.9452,0.0000,-4.9452,-0.6378
19.329,0.0000,0.0000,0.0000,-4.9302,0.0000,-4.9302,-0.6378
19.334,0.0000,0.0000,0.0000,-4.9159,0.0000,-4.9159,-0.5943
19.339,0.0000,0.0000,0.0000,-4.8987,0.0000,-4.8987,-0.5943
19.343,0.0000,0.0000,0.0000,-4.8846,0.0000,-4.8846,-0.5943
19.347,0.0000,0.0000,0.0000,-4.8699,0.0000,-4.8699,-0.5943
19.351,0.0000,0.0000,0.0000,-4.8558,0.0000,-4.8558,-0.5943
19.356,0.0000,0.0000,0.0000,-4.8398,0.0000,-4.8398,-0.5454
19.361,0.0000,0.0000,0.0000,-4.8224,0.0000,-4.8224,-0.5454
19.365,0.0000,0.0000,0.0000,-4.8074,0.0000,-4.8074,-0.5454
19.369,0.0000,0.0000,0.0000,-4.7919,0.0000,-4.7919,-0.5454
19.374,0.0000,0.0000,0.0000,-4.7752,0.0000,-4.7752,-0.4912
19.379,0.0000,0.0000,0.0000,-4.7553,0.0000,-4.7553,-0.4912
19.383,0.0000,0.0000,0.0000,-4.7399,0.0000,-4.7399,-0.4912
19.387,0.0000,0.0000,0.0000,-4.7228,0.0000,-4.7228,-0.4912
19.392,0.0000,0.0000,0.0000,-4.7053,0.0000,-4.7053,-0.4912
19.396,0.0000,0.0000,0.0000,-4.6886,0.0000,-4.6886,-0.4328
19.401,0.0000,0.0000,0.0000,-4.6688,0.0000,-4.6688,-0.4328
19.413,0.0000,0.0000,0.0000,-4.6215,0.0000,-4.6215,-0.4328
19.417,0.0000,0.0000,0.0000,-4.6031,0.0000,-4.6031,-0.3702
19.423,0.0000,0.0000,0.0000,-4.5799,0.0000,-4.5799,-0.3702
19.427,0.0000,0.0000,0.0000,-4.5612,0.0000,-4.5612,-0.3702
19.439,0.0000,0.0000,0.0000,-4.5117,0.0000,-4.5117,-0.3038
19.445,0.0000,0.0000,0.0000,-4.4867,0.0000,-4.4867,-0.3038
19.449,0.0000,0.0000,0.0000,-4.4691,0.0000,-4.4691,-0.3038
19.453,0.0000,0.0000,0.0000,-4.4499,0.0000,-4.4499,-0.3038
19.458,0.0000,0.0000,0.0000,-4.4307,0.0000,-4.4307,-0.2343
19.463,0.0000,0.0000,0.0000,-4.4100,0.0000,-4.4100,-0.2343
19.467,0.0000,0.0000,0.0000,-4.3904,0.0000,-4.3904,-0.2343
19.473,0.0000,0.0000,0.0000,-4.3665,0.0000,-4.3665,-0.2343
19.477,0.0000,0.0000,0.0000,-4.3476,0.0000,-4.3476,-0.1653
19.482,0.0000,0.0000,0.0000,-4.3270,0.0000,-4.3270,-0.1653
19.486,0.0000,0.0000,0.0000,-4.3072,0.0000,-4.3072,-0.1653
19.491,0.0000,0.0000,0.0000,-4.2872,0.0000,-4.2872,-0.1653
19.495,0.0000,0.0000,0.0000,-4.2678,0.0000,-4.2678,-0.0947
19.500,0.0000,0.0000,0.0000,-4.2460,0.0000,-4.2460,-0.0947
19.505,0.0000,0.0000,0.0000,-4.2251,0.0000,-4.2251,-0.0947
19.515,0.0000,0.0000,0.0000,-4.1748,0.0000,-4.1748,-0.0225
19.520,0.0000,0.0000,0.0000,-4.1530,0.0000,-4.1530,-0.0225
19.525,0.0000,0.0000,0.0000,-4.1338,0.0000,-4.1338,-0.0225
19.529,0.0000,0.0000,0.0000,-4.1154,0.0000,-4.1154,-0.0225
19.533,0.0000,0.0000,0.0000,-4.0964,0.0000,-4.0964,-0.0225
19.537,0.0000,0.0000,0.0000,-4.0766,0.0000,-4.0766,0.0508
19.542,0.0000,0.0000,0.0000,-4.0548,0.0000,-4.0548,0.0508
19.546,0.0000,0.0000,0.0000,-4.0353,0.0000,-4.0353,0.0508
19.550,0.0000,0.0000,0.0000,-4.0164,0.0000,-4.0164,0.0508
19.556,0.0000,0.0000,0.0000,-3.9922,0.0000,-3.9922,0.1189
19.561,0.0000,0.0000,0.0000,-3.9681,0.0000,-3.9681,0.1189
19.565,0.0000,0.0000,0.0000,-3.9477,0.0000,-3.9477,0.1189
19.570,0.0000,0.0000,0.0000,-3.9263,0.0000,-3.9263,0.1189
19.575,0.0000,0.0000,0.0000,-3.9037,0.0000,-3.9037,0.1860
19.580,0.0000,0.0000,0.0000,-3.8795,0.0000,-3.8795,0.1860
19.593,0.0000,0.0000,0.0000,-3.8210,0.0000,-3.8210,0.1860
19.598,0.0000,0.0000,0.0000,-3.7966,0.0000,-3.7966,0.2531
19.603,0.0000,0.0000,0.0000,-3.7743,0.0000,-3.7743,0.2531
19.608,0.0000,0.0000,0.0000,-3.7518,0.0000,-3.7518,0.2531
19.613,0.0000,0.0000,0.0000,-3.7262,0.0000,-3.7262,0.2531
19.625,0.0000,0.0000,0.0000,-3.6695,0.0000,-3.6695,0.3201
19.631,0.0000,0.0000,0.0000,-3.6444,0.0000,-3.6444,0.3201
19.635,0.0000,0.0000,0.0000,-3.6236,0.0000,-3.6236,0.3863
19.641,0.0000,0.0000,0.0000,-3.5987,0.0000,-3.5987,0.3863
19.646,0.0000,0.0000,0.0000,-3.5774,0.0000,-3.5774,0.3863
19.650,0.0000,0.0000,0.0000,-3.5591,0.0000,-3.5591,0.3863
19.654,0.0000,0.0000,0.0000,-3.5391,0.0000,-3.5391,0.4511
19.659,0.0000,0.0000,0.0000,-3.5169,0.0000,-3.5169,0.4511
19.663,0.0000,0.0000,0.0000,-3.4989,0.0000,-3.4989,0.4511
19.667,0.0000,0.0000,0.0000,-3.4811,0.0000,-3.4811,0.4511
19.672,0.0000,0.0000,0.0000,-3.4604,0.0000,-3.4604,0.4511
19.676,0.0000,0.0000,0.0000,-3.4412,0.0000,-3.4412,0.5043
19.681,0.0000,0.0000,0.0000,-3.4203,0.0000,-3.4203,0.5043
19.685,0.0000,0.0000,0.0000,-3.4015,0.0000,-3.4015,0.5043
19.690,0.0000,0.0000,0.0000,-3.3784,0.0000,-3.3784,0.5043
19.695,0.0000,0.0000,0.0000,-3.3588,0.0000,-3.3588,0.5539
19.700,0.0000,0.0000,0.0000,-3.3374,0.0000,-3.3374,0.5539
19.704,0.0000,0.0000,0.0000,-3.3174,0.0000,-3.3174,0.5539
19.708,0.0000,0.0000,0.0000,-3.2988,0.0000,-3.2988,0.5539
19.713,0.0000,0.0000,0.0000,-3.2805,0.0000,-3.2805,0.5539
19.717,0.0000,0.0000,0.0000,-3.2623,0.0000,-3.2623,0.6013
19.722,0.0000,0.0000,0.0000,-3.2407,0.0000,-3.2407,0.6013
19.726,0.0000,0.0000,0.0000,-3.2251,0.0000,-3.2251,0.6013
19.737,0.0000,0.0000,0.0000,-3.2583,0.0000,-3.2583,0.6462
19.750,0.0000,0.0000,0.0000,-3.3805,0.0000,-3.3805,0.6462
19.756,0.0000,0.0000,0.0000,-3.4521,0.0000,-3.4521,0.6885
19.761,0.0000,0.0000,0.0000,-3.5182,0.0000,-3.5182,0.6885
19.765,0.0000,0.0000,0.0000,-3.5855,0.0000,-3.5855,0.6885
19.769,0.0000,0.0000,0.0000,-3.6584,0.0000,-3.6584,0.6885
19.774,0.0000,0.0000,0.0000,-3.7419,0.0000,-3.7419,0.7278
19.779,0.0000,0.0000,0.0000,-3.8310,0.0000,-3.8310,0.7278
19.783,0.0000,0.0000,0.0000,-3.9102,0.0000,-3.9102,0.7278
19.788,0.0000,0.0000,0.0000,-3.9806,0.0000,-3.9806,0.7278
19.792,0.0000,0.0000,0.0000,-4.0432,0.0000,-4.0432,0.7278
19.796,0.0000,0.0000,0.0000,-4.1039,0.0000,-4.1039,0.7637
19.801,0.0000,0.0000,0.0000,-4.1646,0.0000,-4.1646,0.7637
19.806,0.0000,0.0000,0.0000,-4.2182,0.0000,-4.2182,0.7637
19.810,0.0000,0.0000,0.0000,-4.2633,0.0000,-4.2633,0.7637
19.815,0.0000,0.0000,0.0000,-4.3032,0.0000,-4.3032,0.7961
19.820,0.0000,0.0000,0.0000,-4.3474,0.0000,-4.3474,0.7961
19.826,0.0000,0.0000,0.0000,-4.3869,0.0000,-4.3869,0.7961
19.830,0.0000,0.0000,0.0000,-4.4146,0.0000,-4.4146,0.7961
19.834,0.0000,0.0000,0.0000,-4.4383,0.0000,-4.4383,0.8247
19.840,0.0000,0.0000,0.0000,-4.4679,0.0000,-4.4679,0.8247
19.851,0.0000,0.0000,0.0000,-4.5043,0.0000,-4.5043,0.8247
19.856,0.0000,0.0000,0.0000,-4.5167,0.0000,-4.5167,0.8494
19.862,0.0000,0.0000,0.0000,-4.5259,0.0000,-4.5259,0.8494
19.866,0.0000,0.0000,0.0000,-4.5311,0.0000,-4.5311,0.8494
19.870,0.0000,0.0000,0.0000,-4.5338,0.0000,-4.5338,0.8494
19.875,0.0000,0.0000,0.0000,-4.5343,0.0000,-4.5343,0.8694
19.880,0.0000,0.0000,0.0000,-4.5325,0.0000,-4.5325,0.8694
19.884,0.0000,0.0000,0.0000,-4.5294,0.0000,-4.5294,0.8694
19.889,0.0000,0.0000,0.0000,-4.5232,0.0000,-4.5232,0.8694
19.901,0.0000,0.0000,0.0000,-4.4967,0.0000,-4.4967,0.8851
19.907,0.0000,0.0000,0.0000,-4.4777,0.0000,-4.4777,0.8851
19.911,0.0000,0.0000,0.0000,-4.4651,0.0000,-4.4651,0.8851
19.916,0.0000,0.0000,0.0000,-4.4511,0.0000,-4.4511,0.8958
19.921,0.0000,0.0000,0.0000,-4.4313,0.0000,-4.4313,0.8958
19.926,0.0000,0.0000,0.0000,-4.4126,0.0000,-4.4126,0.8958
19.930,0.0000,0.0000,0.0000,-4.3927,0.0000,-4.3927,0.8958
19.935,0.0000,0.0000,0.0000,-4.3718,0.0000,-4.3718,0.9237
19.940,0.0000,0.0000,0.0000,-4.3469,0.0000,-4.3469,0.9237
19.944,0.0000,0.0000,0.0000,-4.3262,0.0000,-4.3262,0.9237
19.949,0.0000,0.0000,0.0000,-4.3037,0.0000,-4.3037,0.9237
19.954,0.0000,0.0000,0.0000,-4.2773,0.0000,-4.2773,0.9237
19.965,0.0000,0.0000,0.0000,-4.2106,0.0000,-4.2106,0.9509
19.970,0.0000,0.0000,0.0000,-4.1795,0.0000,-4.1795,0.9509
19.974,0.0000,0.0000,0.0000,-4.1533,0.0000,-4.1533,0.9712
19.979,0.0000,0.0000,0.0000,-4.1222,0.0000,-4.1222,0.9712
19.983,0.0000,0.0000,0.0000,-4.0947,0.0000,-4.0947,0.9712
19.988,0.0000,0.0000,0.0000,-4.0655,0.0000,-4.0655,0.9712
19.992,0.0000,0.0000,0.0000,-4.0369,0.0000,-4.0369,0.9712
19.997,0.0000,0.0000,0.0000,-4.0083,0.0000,-4.0083,0.9849
20.002,0.0000,0.0000,0.0000,-3.9758,0.0000,-3.9758,0.9849
20.006,0.0000,0.0000,0.0000,-3.9454,0.0000,-3.9454,0.9849
20.011,0.0000,0.0000,0.0000,-3.9139,0.0000,-3.9139,0.9849
20.015,0.0000,0.0000,0.0000,-3.8810,0.0000,-3.8810,0.9917
20.020,0.0000,0.0000,0.0000,-3.8453,0.0000,-3.8453,0.9917
20.025,0.0000,0.0000,0.0000,-3.8154,0.0000,-3.8154,0.9917
20.029,0.0000,0.0000,0.0000,-3.7846,0.0000,-3.7846,0.9917
20.033,0.0000,0.0000,0.0000,-3.7547,0.0000,-3.7547,0.9917
20.038,0.0000,0.0000,0.0000,-3.7230,0.0000,-3.7230,0.9923
20.042,0.0000,0.0000,0.0000,-3.6871,0.0000,-3.6871,0.9923
20.055,0.0000,0.0000,0.0000,-3.5938,0.0000,-3.5938,0.9792
20.068,0.0000,0.0000,0.0000,-3.4958,0.0000,-3.4958,0.9792
20.072,0.0000,0.0000,0.0000,-3.4628,0.0000,-3.4628,0.9792
20.077,0.0000,0.0000,0.0000,-3.4272,0.0000,-3.4272,0.9585
20.082,0.0000,0.0000,0.0000,-3.3892,0.0000,-3.3892,0.9585
20.087,0.0000,0.0000,0.0000,-3.3570,0.0000,-3.3570,0.9585
20.091,0.0000,0.0000,0.0000,-3.3239,0.0000,-3.3239,0.9585
20.095,0.0000,0.0000,0.0000,-3.2936,0.0000,-3.2936,0.9323
20.100,0.0000,0.0000,0.0000,-3.2587,0.0000,-3.2587,0.9323
20.105,0.0000,0.0000,0.0000,-3.2229,0.0000,-3.2229,0.9323
20.110,0.0000,0.0000,0.0000,-3.1909,0.0000,-3.1909,0.9323
20.114,0.0000,0.0000,0.0000,-3.1608,0.0000,-3.1608,0.9009
20.120,0.0000,0.0000,0.0000,-3.1199,0.0000,-3.1199,0.9009
20.125,0.0000,0.0000,0.0000,-3.0849,0.0000,-3.0849,0.9009
20.129,0.0000,0.0000,0.0000,-3.0547,0.0000,-3.0547,0.9009
20.133,0.0001,0.0000,0.0001,-3.0251,0.0000,-3.0251,0.9009
20.138,0.0008,0.0000,0.0008,-2.9892,0.0000,-2.9892,0.8643
20.143,0.0027,0.0000,0.0027,-2.9541,0.0000,-2.9541,0.8643
20.147,0.0055,0.0000,0.0055,-2.9259,0.0000,-2.9259,0.8643
20.152,0.0101,0.0000,0.0101,-2.8953,0.0000,-2.8953,0.8643
20.157,0.0177,0.0000,0.0177,-2.8609,0.0000,-2.8609,0.8226
20.162,0.0276,0.0000,0.0276,-2.8284,0.0000,-2.8284,0.8226
20.166,0.0396,0.0000,0.0396,-2.7980,0.0000,-2.7980,0.8226
20.178,0.0845,0.0000,0.0845,-2.7176,0.0000,-2.7176,0.7265
20.183,0.1090,0.0000,0.1090,-2.6851,0.0000,-2.6851,0.7265
20.188,0.1362,0.0000,0.1362,-2.6546,0.0000,-2.6546,0.7265
20.192,0.1635,0.0000,0.1635,-2.6281,0.0000,-2.6281,0.7265
20.196,0.1937,0.0000,0.1937,-2.6020,0.0000,-2.6020,0.7078
20.209,0.3033,0.0000,0.3033,-2.5235,0.0000,-2.5235,0.7078
20.214,0.3572,0.0000,0.3572,-2.4918,0.0000,-2.4918,0.6115
20.219,0.4115,0.0000,0.4115,-2.4632,0.0000,-2.4632,0.6115
20.224,0.4622,0.0000,0.4622,-2.4388,0.0000,-2.4388,0.6115
20.228,0.5124,0.0000,0.5124,-2.4165,0.0000,-2.4165,0.6115
20.232,0.5684,0.0000,0.5684,-2.3935,0.0000,-2.3935,0.6115
20.237,0.6284,0.0000,0.6284,-2.3707,0.0000,-2.3707,0.5853
20.241,0.6926,0.0000,0.6926,-2.3462,0.0000,-2.3462,0.5853
20.246,0.7494,0.0000,0.7494,-2.3243,0.0000,-2.3243,0.5853
20.250,0.8033,0.0000,0.8033,-2.3035,0.0000,-2.3035,0.5853
20.254,0.8556,0.0000,0.8556,-2.2830,0.0000,-2.2830,0.5534
20.259,0.9139,0.0000,0.9139,-2.2602,0.0000,-2.2602,0.5534
20.264,0.9694,0.0000,0.9694,-2.2381,0.0000,-2.2381,0.5534
20.269,1.0235,0.0000,1.0235,-2.2164,0.0000,-2.2164,0.5534
20.274,1.0840,0.0000,1.0840,-2.1918,0.0000,-2.1918,0.5163
20.286,1.2132,0.0000,1.2132,-2.1376,0.0000,-2.1376,0.5163
20.299,1.3344,0.0000,1.3344,-2.0854,0.0000,-2.0854,0.4747
20.306,1.4012,0.0000,1.4012,-2.0560,0.0000,-2.0560,0.4747
20.311,1.4450,0.0000,1.4450,-2.0365,0.0000,-2.0365,0.4747
20.316,1.4855,0.0000,1.4855,-2.0181,0.0000,-2.0181,0.4562
20.321,1.5293,0.0000,1.5293,-1.9977,0.0000,-1.9977,0.4562
20.326,1.5659,0.0000,1.5659,-1.9805,0.0000,-1.9805,0.4562
20.330,1.6016,0.0000,1.6016,-1.9632,0.0000,-1.9632,0.4562
20.335,1.6366,0.0000,1.6366,-1.9461,0.0000,-1.9461,0.3257
20.341,1.6789,0.0000,1.6789,-1.9249,0.0000,-1.9249,0.3257
20.345,1.7122,0.0000,1.7122,-1.9078,0.0000,-1.9078,0.3257
20.350,1.7457,0.0000,1.7457,-1.8902,0.0000,-1.8902,0.3257
20.363,1.8328,0.0000,1.8328,-1.8420,0.0000,-1.8420,0.3978
20.370,1.8737,0.0000,1.8737,-1.8186,0.0000,-1.8186,0.3978
20.375,1.9028,0.0000,1.9028,-1.8014,0.0000,-1.8014,0.3382
20.388,1.9747,0.0000,1.9747,-1.7559,0.0000,-1.7559,0.3382
20.392,1.9999,0.0000,1.9999,-1.7394,0.0000,-1.7394,0.3382
20.397,2.0232,0.0000,2.0232,-1.7238,0.0000,-1.7238,0.4105
20.403,2.0530,0.0000,2.0530,-1.7031,0.0000,-1.7031,0.4105
20.408,2.0771,0.0000,2.0771,-1.6858,0.0000,-1.6858,0.4105
20.412,2.0972,0.0000,2.0972,-1.6710,0.0000,-1.6710,0.4105
20.416,2.1160,0.0000,2.1160,-1.6568,0.0000,-1.6568,0.3293
20.422,2.1415,0.0000,2.1415,-1.6368,0.0000,-1.6368,0.3293
20.426,2.1592,0.0000,2.1592,-1.6224,0.0000,-1.6224,0.3293
20.430,2.1763,0.0000,2.1763,-1.6081,0.0000,-1.6081,0.3293
20.435,2.1951,0.0000,2.1951,-1.5918,0.0000,-1.5918,0.3124
20.440,2.2147,0.0000,2.2147,-1.5743,0.0000,-1.5743,0.3124
20.444,2.2307,0.0000,2.2307,-1.5595,0.0000,-1.5595,0.3124
20.448,2.2460,0.0000,2.2460,-1.5450,0.0000,-1.5450,0.3124
20.453,2.2624,0.0000,2.2624,-1.5288,0.0000,-1.5288,0.3124
20.457,2.2782,0.0000,2.2782,-1.5128,0.0000,-1.5128,0.2862
20.462,2.2949,0.0000,2.2949,-1.4950,0.0000,-1.4950,0.2862
20.467,2.3101,0.0000,2.3101,-1.4784,0.0000,-1.4784,0.2862
20.472,2.3264,0.0000,2.3264,-1.4599,0.0000,-1.4599,0.2862
20.476,2.3399,0.0000,2.3399,-1.4440,0.0000,-1.4440,0.3219
20.481,2.3550,0.0000,2.3550,-1.4255,0.0000,-1.4255,0.3219
20.485,2.3685,0.0000,2.3685,-1.4084,0.0000,-1.4084,0.3219
20.497,2.4034,0.0000,2.4034,-1.3597,0.0000,-1.3597,0.2738
20.503,2.4179,0.0000,2.4179,-1.3383,0.0000,-1.3383,0.2738
20.515,2.4496,0.0000,2.4496,-1.2862,0.0000,-1.2862,0.2953
20.521,2.4660,0.0000,2.4660,-1.2578,0.0000,-1.2578,0.2953
20.526,2.4759,0.0000,2.4759,-1.2399,0.0000,-1.2399,0.2953
20.530,2.4864,0.0000,2.4864,-1.2201,0.0000,-1.2201,0.2953
20.534,2.4956,0.0000,2.4956,-1.2021,0.0000,-1.2021,0.3083
20.540,2.5075,0.0000,2.5075,-1.1776,0.0000,-1.1776,0.3083
20.544,2.5165,0.0000,2.5165,-1.1581,0.0000,-1.1581,0.3083
20.549,2.5252,0.0000,2.5252,-1.1385,0.0000,-1.1385,0.3083
20.553,2.5340,0.0000,2.5340,-1.1176,0.0000,-1.1176,0.3083
20.558,2.5435,0.0000,2.5435,-1.0944,0.0000,-1.0944,0.3612
20.563,2.5530,0.0000,2.5530,-1.0699,0.0000,-1.0699,0.3612
20.567,2.5605,0.0000,2.5605,-1.0502,0.0000,-1.0502,0.3612
20.572,2.5688,0.0000,2.5688,-1.0269,0.0000,-1.0269,0.3612
20.577,2.5766,0.0000,2.5766,-1.0039,0.0000,-1.0039,0.4151
20.581,2.5845,0.0000,2.5845,-0.9800,0.0000,-0.9800,0.4151
20.586,2.5914,0.0000,2.5914,-0.9575,0.0000,-0.9575,0.4151
20.590,2.5991,0.0000,2.5991,-0.9320,0.0000,-0.9320,0.4151
20.602,2.6163,0.0000,2.6163,-0.8693,0.0000,-0.8693,0.2900
20.607,2.5692,0.0000,2.5692,-0.8366,0.0000,-0.8366,0.2900
20.612,2.4220,0.0000,2.4220,-0.8122,0.0000,-0.8122,0.2900
20.616,2.2864,0.0000,2.2864,-0.7880,0.0000,-0.7880,0.3619
20.621,2.1162,0.0000,2.1162,-0.7561,0.0000,-0.7561,0.3619
20.626,1.9786,0.0000,1.9786,-0.7303,0.0000,-0.7303,0.3619
20.630,1.8521,0.0000,1.8521,-0.7053,0.0000,-0.7053,0.3619
20.635,1.7101,0.0000,1.7101,-0.6764,0.0000,-0.6764,0.4202
20.641,1.5299,0.0000,1.5299,-0.6379,0.0000,-0.6379,0.4202
20.646,1.3880,0.0000,1.3880,-0.6062,0.0000,-0.6062,0.4202
20.651,1.2587,0.0000,1.2587,-0.5763,0.0000,-0.5763,0.4202
20.656,1.1230,-0.0101,1.1129,-0.5439,0.0000,-0.5439,0.2972
20.669,0.7949,-0.0101,0.7848,-0.4581,0.0000,-0.4581,0.2972
20.676,0.6300,0.0000,0.6300,-0.4123,0.0000,-0.4123,0.3428
20.682,0.4982,0.0000,0.4982,-0.3744,0.0000,-0.3744,0.3428
20.687,0.4031,0.0000,0.4031,-0.3463,0.0000,-0.3463,0.3428
20.691,0.3151,0.0000,0.3151,-0.3196,0.0000,-0.3196,0.3428
20.695,0.2276,-0.0104,0.2173,-0.2925,0.0000,-0.2925,0.2234
20.707,-0.0049,-0.0104,-0.0153,-0.2153,0.0000,-0.2153,0.2234
20.712,-0.0940,-0.0104,-0.1044,-0.1849,0.0000,-0.1849,0.2234
20.717,-0.1811,-0.0104,-0.1915,-0.1543,0.0000,-0.1543,0.2280
20.723,-0.2910,-0.0104,-0.3015,-0.1141,0.0000,-0.1141,0.2280
20.727,-0.3623,-0.0104,-0.3727,-0.0875,0.0000,-0.0875,0.2280
20.732,-0.4343,-0.0104,-0.4447,-0.0599,0.0000,-0.0599,0.2280
20.736,-0.5060,0.0000,-0.5060,-0.0318,0.0105,-0.0213,0.3927
20.741,-0.5826,0.0000,-0.5826,-0.0011,0.0105,0.0094,0.3927
20.746,-0.6453,0.0000,-0.6453,0.0246,0.0105,0.0351,0.3927
20.750,-0.7059,0.0000,-0.7059,0.0501,0.0105,0.0605,0.3927
20.755,-0.7720,0.0124,-0.7596,0.0785,0.0200,0.0985,0.5516
20.759,-0.8388,0.0124,-0.8264,0.1079,0.0200,0.1279,0.5516
20.764,-0.8985,0.0124,-0.8861,0.1348,0.0200,0.1548,0.5516
20.768,-0.9552,0.0124,-0.9428,0.1609,0.0200,0.1809,0.5516
20.773,-1.0164,0.0124,-1.0040,0.1898,0.0200,0.2098,0.5516
20.778,-1.0714,0.0000,-1.0714,0.2163,0.0228,0.2391,0.4991
20.783,-1.1335,0.0000,-1.1335,0.2470,0.0228,0.2698,0.4991
20.787,-1.1864,0.0000,-1.1864,0.2735,0.0228,0.2963,0.4991
20.792,-1.2354,0.0000,-1.2354,0.2986,0.0228,0.3214,0.4991
20.796,-1.2832,0.0000,-1.2832,0.3236,0.0251,0.3487,0.4400
20.801,-1.3369,0.0000,-1.3369,0.3523,0.0251,0.3774,0.4400
20.806,-1.3896,0.0000,-1.3896,0.3812,0.0251,0.4063,0.4400
20.819,-1.5130,0.0196,-1.4934,0.4527,0.0354,0.4881,0.6632
20.825,-1.5738,0.0196,-1.5542,0.4888,0.0354,0.5242,0.6632
20.829,-1.6119,0.0196,-1.5923,0.5120,0.0354,0.5474,0.6632
20.834,-1.6477,0.0196,-1.6281,0.5341,0.0354,0.5695,0.6632
20.838,-1.6871,0.0365,-1.6506,0.5587,0.0444,0.6032,0.8588
20.843,-1.7295,0.0365,-1.6930,0.5858,0.0444,0.6302,0.8588
20.848,-1.7635,0.0365,-1.7270,0.6079,0.0444,0.6523,0.8588
20.852,-1.7966,0.0365,-1.7601,0.6297,0.0444,0.6741,0.8588
20.857,-1.8341,0.0149,-1.8192,0.6549,0.0413,0.6962,0.6494
20.862,-1.8705,0.0149,-1.8555,0.6799,0.0413,0.7212,0.6494
20.866,-1.8998,0.0149,-1.8849,0.7005,0.0413,0.7418,0.6494
20.870,-1.9315,0.0149,-1.9166,0.7231,0.0413,0.7644,0.6494
20.875,-1.9643,0.0000,-1.9643,0.7469,0.0430,0.7899,0.5903
20.880,-1.9955,0.0000,-1.9955,0.7700,0.0430,0.8130,0.5903
20.884,-2.0211,0.0000,-2.0211,0.7892,0.0430,0.8322,0.5903
20.889,-2.0487,0.0000,-2.0487,0.8102,0.0430,0.8532,0.5903
20.893,-2.0748,0.0000,-2.0748,0.8303,0.0430,0.8733,0.5903
20.897,-2.0987,0.0000,-2.0987,0.8490,0.0447,0.8937,0.5292
20.902,-2.1257,0.0000,-2.1257,0.8703,0.0447,0.9150,0.5292
20.906,-2.1512,0.0000,-2.1512,0.8909,0.0447,0.9356,0.5292
20.911,-2.1752,0.0000,-2.1752,0.9105,0.0447,0.9552,0.5292
20.921,-2.1432,0.0000,-2.1432,0.9612,0.0462,1.0074,0.4640
20.926,-2.1202,0.0000,-2.1202,0.9833,0.0462,1.0295,0.4640
20.931,-2.0998,0.0000,-2.0998,1.0027,0.0462,1.0489,0.4640
20.936,-2.0764,0.0000,-2.0764,1.0247,0.0475,1.0722,0.3929
20.941,-2.0506,0.0000,-2.0506,1.0487,0.0475,1.0963,0.3929
20.945,-2.0308,0.0000,-2.0308,1.0671,0.0475,1.1146,0.3929
20.949,-2.0088,0.0000,-2.0088,1.0871,0.0475,1.1347,0.3929
20.954,-1.9862,0.0000,-1.9862,1.1076,0.0538,1.1613,0.4399
20.959,-1.9594,0.0000,-1.9594,1.1318,0.0538,1.1856,0.4399
20.972,-1.8905,0.0000,-1.8905,1.1962,0.0538,1.2500,0.4399
20.978,-1.8590,-0.0272,-1.8862,1.2250,0.0437,1.2688,0.1098
20.984,-1.8298,-0.0272,-1.8570,1.2520,0.0437,1.2957,0.1098
20.989,-1.8011,-0.0272,-1.8284,1.2786,0.0437,1.3223,0.1098
20.994,-1.7766,0.0000,-1.7766,1.3015,0.0594,1.3609,0.3376
20.999,-1.7479,0.0000,-1.7479,1.3287,0.0594,1.3881,0.3376
21.004,-1.7220,0.0000,-1.7220,1.3534,0.0594,1.4128,0.3376
21.008,-1.6995,0.0000,-1.6995,1.3749,0.0594,1.4343,0.3376
21.013,-1.6729,0.0000,-1.6729,1.4006,0.0594,1.4600,0.3376
21.018,-1.6471,0.0152,-1.6319,1.4260,0.0739,1.4999,0.5380
21.030,-1.5828,0.0152,-1.5676,1.4932,0.0739,1.5672,0.5380
21.035,-1.5600,0.0000,-1.5600,1.5170,0.0682,1.5852,0.3363
21.040,-1.5330,0.0000,-1.5330,1.5458,0.0682,1.6141,0.3363
21.045,-1.5096,0.0000,-1.5096,1.5713,0.0682,1.6396,0.3363
21.049,-1.4887,0.0000,-1.4887,1.5944,0.0682,1.6627,0.3363
21.053,-1.4652,0.0000,-1.4652,1.6210,0.0682,1.6893,0.3363
21.058,-1.4425,0.0000,-1.4425,1.6473,0.0692,1.7165,0.2669
21.063,-1.4178,0.0000,-1.4178,1.6763,0.0692,1.7455,0.2669
21.067,-1.3974,0.0000,-1.3974,1.7007,0.0692,1.7699,0.2669
21.072,-1.3736,0.0000,-1.3736,1.7298,0.0692,1.7990,0.2669
21.077,-1.3503,0.0165,-1.3337,1.7591,0.0858,1.8450,0.5169
21.081,-1.3268,0.0165,-1.3103,1.7895,0.0858,1.8753,0.5169
21.086,-1.3053,0.0165,-1.2888,1.8181,0.0858,1.9039,0.5169
21.091,-1.2829,0.0165,-1.2664,1.8487,0.0858,1.9346,0.5169
21.095,-1.2624,0.0176,-1.2449,1.8775,0.0904,1.9679,0.5367
21.100,-1.2396,0.0176,-1.2220,1.9106,0.0904,2.0010,0.5367
21.105,-1.2162,0.0176,-1.1986,1.9455,0.0904,2.0360,0.5367
21.109,-1.1950,0.0176,-1.1774,1.9781,0.0904,2.0685,0.5367
21.123,-1.1348,0.0186,-1.1161,2.0791,0.0948,2.1739,0.5577
21.136,-1.0758,0.0192,-1.0566,2.1876,0.0986,2.2862,0.5720
21.142,-1.0509,0.0192,-1.0317,2.2349,0.0986,2.3334,0.5720
21.146,-1.0330,0.0192,-1.0138,2.2699,0.0986,2.3684,0.5720
21.150,-1.0152,0.0192,-0.9960,2.3059,0.0986,2.4045,0.5720
21.155,-0.9964,0.0189,-0.9775,2.3454,0.1015,2.4468,0.5745
21.160,-0.9765,0.0189,-0.9576,2.3885,0.1015,2.4899,0.5745
21.164,-0.9596,0.0189,-0.9407,2.4266,0.1015,2.5280,0.5745
21.169,-0.9414,0.0189,-0.9225,2.4688,0.1015,2.5703,0.5745
21.174,-0.9216,0.0175,-0.9041,2.5166,0.1035,2.6201,0.5630
21.179,-0.9019,0.0175,-0.8845,2.5662,0.1035,2.6696,0.5630
21.184,-0.8847,0.0175,-0.8673,2.6114,0.1035,2.7148,0.5630
21.189,-0.8665,0.0175,-0.8490,2.6612,0.1035,2.7647,0.5630
21.193,-0.8507,0.0175,-0.8332,2.7061,0.1035,2.8095,0.5630
21.198,-0.8338,0.0286,-0.8052,2.7560,0.1125,2.8685,0.7223
21.204,-0.8108,0.0286,-0.7822,2.8281,0.1125,2.9406,0.7223
21.209,-0.7935,0.0286,-0.7650,2.8843,0.1125,2.9968,0.7223
21.214,-0.7780,0.0000,-0.7780,2.9369,0.0992,3.0361,0.3705
21.219,-0.7609,0.0000,-0.7609,2.9975,0.0992,3.0967,0.3705
21.224,-0.7458,0.0000,-0.7458,3.0533,0.0992,3.1525,0.3705
21.228,-0.7319,0.0000,-0.7319,3.1068,0.0992,3.2060,0.3705
21.233,-0.7179,0.0000,-0.7179,3.1630,0.0992,3.2622,0.3705
21.244,-0.6829,0.0114,-0.6716,3.3194,0.1058,3.4252,0.5189
21.249,-0.6683,0.0114,-0.6569,3.3876,0.1058,3.4934,0.5189
21.253,-0.6554,0.0114,-0.6440,3.4501,0.1058,3.5559,0.5189
21.257,-0.6424,-0.0161,-0.6585,3.5156,0.0950,3.6106,0.1805
21.262,-0.6282,-0.0161,-0.6443,3.5908,0.0950,3.6858,0.1805
21.274,-0.5943,-0.0155,-0.6098,3.7408,0.0953,3.8361,0.1849
21.282,-0.5754,-0.0155,-0.5909,3.7913,0.0953,3.8866,0.1849
21.286,-0.5633,-0.0155,-0.5788,3.8092,0.0953,3.9045,0.1849
21.291,-0.5513,-0.0155,-0.5668,3.8125,0.0953,3.9078,0.1849
21.295,-0.5404,-0.0154,-0.5558,3.8030,0.0950,3.8980,0.1813
21.300,-0.5281,-0.0154,-0.5435,3.7757,0.0950,3.8706,0.1813
21.305,-0.5156,-0.0154,-0.5309,3.7298,0.0950,3.8248,0.1813
21.310,-0.5041,-0.0154,-0.5195,3.6722,0.0950,3.7671,0.1813
21.315,-0.4942,-0.0158,-0.5100,3.6103,0.0941,3.7043,0.1681
21.320,-0.4823,-0.0158,-0.4982,3.5228,0.0941,3.6168,0.1681
21.325,-0.4710,-0.0158,-0.4868,3.4405,0.0941,3.5346,0.1681
21.329,-0.4616,-0.0158,-0.4774,3.3742,0.0941,3.4683,0.1681
21.333,-0.4527,-0.0158,-0.4685,3.3126,0.0941,3.4067,0.1681
21.338,-0.4419,-0.0168,-0.4587,3.2394,0.0926,3.3321,0.1438
21.350,-0.4167,-0.0168,-0.4335,3.0780,0.0926,3.1707,0.1438
21.359,-0.4009,-0.0164,-0.4173,2.9815,0.0913,3.0728,0.1342
21.364,-0.3904,-0.0164,-0.4068,2.9200,0.0913,3.0113,0.1342
21.369,-0.3821,-0.0164,-0.3985,2.8720,0.0913,2.9634,0.1342
21.376,-0.3680,-0.0161,-0.3841,2.7952,0.0897,2.8849,0.1170
21.381,-0.3592,-0.0161,-0.3753,2.7486,0.0897,2.8383,0.1170
21.387,-0.3500,-0.0161,-0.3661,2.7020,0.0897,2.7917,0.1170
21.392,-0.3417,-0.0161,-0.3578,2.6616,0.0897,2.7513,0.1170
21.396,-0.3344,-0.0163,-0.3507,2.6270,0.0877,2.7147,0.0833
21.401,-0.3261,-0.0163,-0.3424,2.5896,0.0877,2.6773,0.0833
21.406,-0.3177,-0.0163,-0.3340,2.5535,0.0877,2.6412,0.0833
21.412,-0.3093,-0.0163,-0.3257,2.5195,0.0877,2.6072,0.0833
21.417,-0.3016,-0.0231,-0.3247,2.4896,0.0837,2.5733,-0.0936
21.432,-0.2791,-0.0231,-0.3021,2.4163,0.0837,2.5000,-0.0936
21.440,-0.2685,-0.0230,-0.2914,2.3858,0.0816,2.4674,-0.1510
21.445,-0.2613,-0.0230,-0.2843,2.3671,0.0816,2.4487,-0.1510
21.458,-0.2454,-0.0144,-0.2598,2.3348,0.0834,2.4182,0.0050
21.463,-0.2388,-0.0144,-0.2531,2.3232,0.0834,2.4066,0.0050
21.470,-0.2302,-0.0144,-0.2445,2.3116,0.0834,2.3950,0.0050
21.475,-0.2248,-0.0103,-0.2350,2.3057,0.0835,2.3892,0.0498
21.482,-0.2175,-0.0103,-0.2278,2.3005,0.0835,2.3840,0.0498
21.486,-0.2124,-0.0103,-0.2227,2.2982,0.0835,2.3818,0.0498
21.491,-0.2073,-0.0103,-0.2175,2.2975,0.0835,2.3810,0.0498
21.495,-0.2027,0.0000,-0.2027,2.2981,0.0831,2.3812,0.0561
21.509,-0.1890,0.0000,-0.1890,2.3118,0.0831,2.3949,0.0561
21.514,-0.1836,0.0000,-0.1836,2.3193,0.0825,2.4018,0.0491
21.522,-0.1766,0.0000,-0.1766,2.3328,0.0825,2.4153,0.0491
21.527,-0.1722,0.0000,-0.1722,2.3430,0.0825,2.4255,0.0491
21.532,-0.1678,0.0000,-0.1678,2.3547,0.0825,2.4372,0.0491
21.538,-0.1630,0.0000,-0.1630,2.3701,0.0819,2.4520,0.0370
21.544,-0.1580,0.0000,-0.1580,2.3882,0.0819,2.4701,0.0370
21.549,-0.1535,0.0000,-0.1535,2.4072,0.0819,2.4891,0.0370
21.562,-0.1430,0.0000,-0.1430,2.4635,0.0813,2.5448,0.0179
21.568,-0.1386,0.0000,-0.1386,2.4896,0.0813,2.5709,0.0179
21.582,-0.1287,0.0101,-0.1186,2.5635,0.0873,2.6509,0.2639
21.590,-0.1234,0.0101,-0.1133,2.6070,0.0873,2.6943,0.2639
21.595,-0.1200,0.0000,-0.1200,2.6372,0.0788,2.7160,-0.0630
21.601,-0.1164,0.0000,-0.1164,2.6720,0.0788,2.7507,-0.0630
21.607,-0.1128,0.0000,-0.1128,2.7103,0.0788,2.7891,-0.0630
21.612,-0.1097,0.0000,-0.1097,2.7442,0.0788,2.8230,-0.0630
21.617,-0.1071,0.0000,-0.1071,2.7753,0.0848,2.8601,0.1579
21.623,-0.1039,0.0000,-0.1039,2.8152,0.0848,2.9000,0.1579
21.627,-0.1014,0.0000,-0.1014,2.8485,0.0848,2.9333,0.1579
21.632,-0.0990,0.0000,-0.0990,2.8823,0.0848,2.9671,0.1579
21.638,-0.0957,-0.0118,-0.1075,2.9318,0.0762,3.0080,-0.1618
21.645,-0.0921,-0.0118,-0.1040,2.9887,0.0762,3.0649,-0.1618
21.652,-0.0890,-0.0118,-0.1008,3.0426,0.0762,3.1188,-0.1618
21.668,-0.0815,0.0000,-0.0815,3.1948,0.0821,3.2769,0.0379
21.674,-0.0786,-0.0125,-0.0911,3.2569,0.0736,3.3305,-0.2736
21.680,-0.0762,-0.0125,-0.0887,3.3118,0.0736,3.3855,-0.2736
21.687,-0.0733,-0.0125,-0.0858,3.3813,0.0736,3.4549,-0.2736
21.694,-0.0707,-0.0132,-0.0840,3.4472,0.0730,3.5203,-0.3162
21.701,-0.0682,-0.0132,-0.0815,3.5157,0.0730,3.5887,-0.3162
21.707,-0.0660,-0.0132,-0.0793,3.5792,0.0730,3.6522,-0.3162
21.712,-0.0642,-0.0132,-0.0774,3.6344,0.0730,3.7075,-0.3162
21.717,-0.0625,-0.0140,-0.0765,3.6874,0.0724,3.7598,-0.3613
21.723,-0.0603,-0.0140,-0.0743,3.7602,0.0724,3.8326,-0.3613
21.737,-0.0560,-0.0153,-0.0713,3.9179,0.0712,3.9892,-0.4262
21.743,-0.0541,-0.0153,-0.0694,3.9909,0.0712,4.0621,-0.4262
21.748,-0.0526,-0.0153,-0.0680,4.0505,0.0712,4.1218,-0.4262
21.753,-0.0512,-0.0153,-0.0666,4.1084,0.0712,4.1796,-0.4262
21.758,-0.0500,-0.0166,-0.0666,4.1626,0.0699,4.2325,-0.4985
21.764,-0.0484,-0.0166,-0.0649,4.2358,0.0699,4.3057,-0.4985
21.776,-0.0452,-0.0146,-0.0598,4.3931,0.0712,4.4643,-0.4869
21.781,-0.0439,-0.0146,-0.0585,4.4582,0.0712,4.5294,-0.4869
21.785,-0.0429,-0.0146,-0.0574,4.5131,0.0712,4.5843,-0.4869
21.791,-0.0417,-0.0146,-0.0563,4.5782,0.0712,4.6494,-0.4869
21.795,-0.0406,-0.0128,-0.0535,4.6360,0.0720,4.7080,-0.4849
21.800,-0.0395,-0.0128,-0.0524,4.7007,0.0720,4.7727,-0.4849
21.806,-0.0383,-0.0128,-0.0512,4.7715,0.0720,4.8435,-0.4849
21.811,-0.0373,-0.0128,-0.0502,4.8358,0.0720,4.9077,-0.4849
21.816,-0.0363,-0.0108,-0.0471,4.9020,0.0726,4.9746,-0.4756
21.821,-0.0352,-0.0108,-0.0460,4.9730,0.0726,5.0456,-0.4756
21.826,-0.0342,-0.0108,-0.0450,5.0414,0.0726,5.1140,-0.4756
21.831,-0.0333,-0.0108,-0.0441,5.1042,0.0726,5.1768,-0.4756
21.837,-0.0323,0.0000,-0.0323,5.1794,0.0750,5.2544,-0.3771
21.842,-0.0313,0.0000,-0.0313,5.2525,0.0750,5.3276,-0.3771
21.846,-0.0306,0.0000,-0.0306,5.3072,0.0750,5.3822,-0.3771
21.851,-0.0299,0.0000,-0.0299,5.3644,0.0750,5.4394,-0.3771
21.856,-0.0291,0.0000,-0.0291,5.4283,0.0745,5.5028,-0.3912
21.861,-0.0283,0.0000,-0.0283,5.4936,0.0745,5.5681,-0.3912
21.865,-0.0276,0.0000,-0.0276,5.5524,0.0745,5.6270,-0.3912
21.877,-0.0257,0.0000,-0.0257,5.7182,0.0720,5.7901,-0.4963
21.891,-0.0238,0.0000,-0.0238,5.8958,0.0720,5.9678,-0.4963
21.898,-0.0228,0.0000,-0.0228,5.9949,0.0725,6.0675,-0.4443
21.905,-0.0219,0.0000,-0.0219,6.0834,0.0725,6.1559,-0.4443
21.911,-0.0213,0.0000,-0.0213,6.1469,0.0725,6.2194,-0.4443
21.916,-0.0207,0.0000,-0.0207,6.2099,0.0712,6.2811,-0.4865
21.922,-0.0200,0.0000,-0.0200,6.2884,0.0712,6.3596,-0.4865
21.927,-0.0194,0.0000,-0.0194,6.3475,0.0712,6.4187,-0.4865
21.933,-0.0188,0.0000,-0.0188,6.4151,0.0712,6.4864,-0.4865
21.939,-0.0181,0.0000,-0.0181,6.4862,0.0689,6.5550,-0.5859
21.946,-0.0175,0.0000,-0.0175,6.5572,0.0689,6.6260,-0.5859
21.953,-0.0168,0.0000,-0.0168,6.6356,0.0689,6.7045,-0.5859
21.959,-0.0163,0.0000,-0.0163,6.6982,0.0698,6.7680,-0.4919
21.966,-0.0156,0.0000,-0.0156,6.7771,0.0698,6.8469,-0.4919
21.981,-0.0143,0.0000,-0.0143,6.9072,0.0703,6.9774,-0.4109
21.988,-0.0138,0.0000,-0.0138,6.9460,0.0703,7.0162,-0.4109
21.993,-0.0133,0.0000,-0.0133,6.9709,0.0703,7.0411,-0.4109
21.999,-0.0129,0.0000,-0.0129,6.9861,0.0703,7.0564,-0.3420
22.007,-0.0123,0.0000,-0.0123,6.9906,0.0703,7.0609,-0.3420
22.013,-0.0119,0.0000,-0.0119,6.9847,0.0703,7.0550,-0.3420
22.019,-0.0115,0.0000,-0.0115,6.9727,0.0699,7.0427,-0.2848
22.025,-0.0111,0.0000,-0.0111,6.9497,0.0699,7.0196,-0.2848
22.031,-0.0107,0.0000,-0.0107,6.9290,0.0699,6.9990,-0.2848
22.046,-0.0099,0.0000,-0.0099,6.8964,0.0692,6.9656,-0.2400
22.052,-0.0095,0.0000,-0.0095,6.8861,0.0692,6.9553,-0.2400
22.057,-0.0092,0.0000,-0.0092,6.8798,0.0673,6.9472,-0.2800
22.062,-0.0090,0.0000,-0.0090,6.8750,0.0673,6.9423,-0.2800
22.066,-0.0088,0.0000,-0.0088,6.8720,0.0673,6.9393,-0.2800
22.072,-0.0085,0.0000,-0.0085,6.8702,0.0673,6.9375,-0.2800
22.084,-0.0079,0.0000,-0.0079,6.8734,0.0659,6.9393,-0.2477
22.089,-0.0077,0.0000,-0.0077,6.8760,0.0659,6.9419,-0.2477
22.094,-0.0075,0.0000,-0.0075,6.8790,0.0639,6.9429,-0.2609
22.099,-0.0073,0.0000,-0.0073,6.8831,0.0639,6.9470,-0.2609
22.104,-0.0071,0.0000,-0.0071,6.8878,0.0639,6.9517,-0.2609
22.108,-0.0069,0.0000,-0.0069,6.8927,0.0639,6.9566,-0.2609
22.113,-0.0067,0.0000,-0.0067,6.8978,0.0639,6.9617,-0.2609
22.117,-0.0066,0.0000,-0.0066,6.9029,0.0613,6.9642,-0.3994
22.122,-0.0064,0.0000,-0.0064,6.9100,0.0613,6.9713,-0.3994
22.126,-0.0062,0.0000,-0.0062,6.9159,0.0613,6.9772,-0.3994
22.131,-0.0061,0.0000,-0.0061,6.9218,0.0613,6.9831,-0.3994
22.135,-0.0059,0.0000,-0.0059,6.9283,0.0588,6.9872,-0.5317
22.141,-0.0057,0.0000,-0.0057,6.9368,0.0588,6.9957,-0.5317
22.145,-0.0056,0.0000,-0.0056,6.9428,0.0588,7.0016,-0.5317
22.150,-0.0054,0.0000,-0.0054,6.9486,0.0588,7.0074,-0.5317
22.154,-0.0053,0.0000,-0.0053,6.9545,0.0565,7.0111,-0.5490
22.159,-0.0051,0.0000,-0.0051,6.9608,0.0565,7.0173,-0.5490
22.163,-0.0050,0.0000,-0.0050,6.9659,0.0565,7.0224,-0.5490
22.168,-0.0049,0.0000,-0.0049,6.9709,0.0565,7.0274,-0.5490
22.172,-0.0048,0.0000,-0.0048,6.9754,0.0565,7.0319,-0.5490
22.176,-0.0047,0.0000,-0.0047,6.9793,0.0542,7.0335,-0.5698
22.182,-0.0045,0.0000,-0.0045,6.9834,0.0542,7.0376,-0.5698
22.194,-0.0042,0.0000,-0.0042,6.9884,0.0518,7.0402,-0.5972
22.200,-0.0040,0.0000,-0.0040,6.9895,0.0518,7.0413,-0.5972
22.205,-0.0039,0.0000,-0.0039,6.9894,0.0518,7.0412,-0.5972
22.209,-0.0038,0.0000,-0.0038,6.9886,0.0518,7.0404,-0.5972
22.214,-0.0037,0.0000,-0.0037,6.9868,0.0494,7.0362,-0.6308
22.219,-0.0036,0.0000,-0.0036,6.9840,0.0494,7.0335,-0.6308
22.223,-0.0035,0.0000,-0.0035,6.9807,0.0494,7.0301,-0.6308
22.227,-0.0035,0.0000,-0.0035,6.9764,0.0494,7.0258,-0.6308
22.231,-0.0034,0.0000,-0.0034,6.9715,0.0494,7.0210,-0.6308
22.236,-0.0033,0.0000,-0.0033,6.9655,0.0470,7.0125,-0.6530
22.241,-0.0032,0.0000,-0.0032,6.9572,0.0470,7.0042,-0.6530
22.245,-0.0031,0.0000,-0.0031,6.9493,0.0470,6.9963,-0.6530
22.249,-0.0030,0.0000,-0.0030,6.9408,0.0470,6.9878,-0.6530
22.254,-0.0030,0.0000,-0.0030,6.9308,0.0470,6.9778,-0.6530
22.258,-0.0029,0.0000,-0.0029,6.9200,0.0446,6.9646,-0.6740
22.262,-0.0028,0.0000,-0.0028,6.9070,0.0446,6.9516,-0.6740
22.267,-0.0028,0.0000,-0.0028,6.8946,0.0446,6.9392,-0.6740
22.271,-0.0027,0.0000,-0.0027,6.8800,0.0446,6.9246,-0.6740
22.275,-0.0026,0.0000,-0.0026,6.8653,0.0423,6.9076,-0.6960
22.280,-0.0025,0.0000,-0.0025,6.8477,0.0423,6.8900,-0.6960
22.285,-0.0025,0.0000,-0.0025,6.8293,0.0423,6.8716,-0.6960
22.296,-0.0023,0.0000,-0.0023,6.7760,0.0401,6.8162,-0.7391
22.301,-0.0023,0.0000,-0.0023,6.7518,0.0401,6.7919,-0.7391
22.306,-0.0022,0.0000,-0.0022,6.7285,0.0401,6.7686,-0.7391
22.310,-0.0021,0.0000,-0.0021,6.7066,0.0401,6.7467,-0.7391
22.314,-0.0021,0.0000,-0.0021,6.6844,0.0377,6.7222,-0.7219
22.319,-0.0020,0.0000,-0.0020,6.6555,0.0377,6.6932,-0.7219
22.323,-0.0020,0.0000,-0.0020,6.6285,0.0377,6.6663,-0.7219
22.327,-0.0019,0.0000,-0.0019,6.6032,0.0377,6.6410,-0.7219
22.332,-0.0019,0.0000,-0.0019,6.5754,0.0377,6.6131,-0.7219
22.344,-0.0018,0.0000,-0.0018,6.4884,0.0353,6.5237,-0.6935
22.351,-0.0017,0.0000,-0.0017,6.4395,0.0353,6.4748,-0.6935
22.355,-0.0016,0.0000,-0.0016,6.4061,0.0331,6.4391,-0.6679
22.360,-0.0016,0.0000,-0.0016,6.3703,0.0331,6.4034,-0.6679
22.364,-0.0016,0.0000,-0.0016,6.3382,0.0331,6.3712,-0.6679
22.368,-0.0015,0.0000,-0.0015,6.3039,0.0331,6.3370,-0.6679
22.373,-0.0015,0.0000,-0.0015,6.2683,0.0331,6.3013,-0.6679
22.377,-0.0014,0.0000,-0.0014,6.2306,0.0309,6.2615,-0.6453
22.384,-0.0014,0.0000,-0.0014,6.1734,0.0309,6.2043,-0.6453
22.388,-0.0013,0.0000,-0.0013,6.1323,0.0309,6.1633,-0.6453
22.393,-0.0013,0.0000,-0.0013,6.0939,0.0309,6.1249,-0.6453
22.397,-0.0013,0.0000,-0.0013,6.0534,0.0290,6.0824,-0.6250
22.409,-0.0012,0.0000,-0.0012,5.9376,0.0290,5.9666,-0.6250
22.414,-0.0012,0.0000,-0.0012,5.8883,0.0271,5.9154,-0.6011
22.420,-0.0011,0.0000,-0.0011,5.8382,0.0271,5.8653,-0.6011
22.424,-0.0011,0.0000,-0.0011,5.7969,0.0271,5.8240,-0.6011
22.428,-0.0011,0.0000,-0.0011,5.7567,0.0271,5.7839,-0.6011
22.432,-0.0010,0.0000,-0.0010,5.7146,0.0271,5.7417,-0.6011
22.436,-0.0010,0.0000,-0.0010,5.6728,0.0254,5.6982,-0.5788
22.441,-0.0010,0.0000,-0.0010,5.6236,0.0254,5.6490,-0.5788
22.445,-0.0010,0.0000,-0.0010,5.5801,0.0254,5.6055,-0.5788
22.450,-0.0009,0.0000,-0.0009,5.5378,0.0254,5.5632,-0.5788
22.454,-0.0009,0.0000,-0.0009,5.4941,0.0239,5.5180,-0.5591
22.459,-0.0009,0.0000,-0.0009,5.4436,0.0239,5.4675,-0.5591
22.464,-0.0009,0.0000,-0.0009,5.3930,0.0239,5.4168,-0.5591
22.468,-0.0008,0.0000,-0.0008,5.3473,0.0239,5.3712,-0.5591
22.472,-0.0008,0.0000,-0.0008,5.3012,0.0239,5.3251,-0.5591
22.477,-0.0008,0.0000,-0.0008,5.2537,0.0225,5.2762,-0.5422
22.482,-0.0008,0.0000,-0.0008,5.2015,0.0225,5.2240,-0.5422
22.486,-0.0008,0.0000,-0.0008,5.1548,0.0225,5.1772,-0.5422
22.498,-0.0007,0.0000,-0.0007,5.0156,0.0212,5.0368,-0.5279
22.512,-0.0007,0.0000,-0.0007,4.8614,0.0212,4.8826,-0.5279
22.516,-0.0006,0.0000,-0.0006,4.8149,0.0201,4.8350,-0.5158
22.521,-0.0006,0.0000,-0.0006,4.7589,0.0201,4.7790,-0.5158
22.526,-0.0006,0.0000,-0.0006,4.7103,0.0201,4.7304,-0.5158
22.530,-0.0006,0.0000,-0.0006,4.6663,0.0201,4.6864,-0.5158
22.534,-0.0006,0.0000,-0.0006,4.6225,0.0192,4.6416,-0.5060
22.539,-0.0006,0.0000,-0.0006,4.5681,0.0192,4.5873,-0.5060
22.543,-0.0005,0.0000,-0.0005,4.5232,0.0192,4.5424,-0.5060
22.547,-0.0005,0.0000,-0.0005,4.4800,0.0192,4.4991,-0.5060
22.551,-0.0005,0.0000,-0.0005,4.4375,0.0192,4.4567,-0.5060
22.556,-0.0005,0.0000,-0.0005,4.3879,0.0184,4.4062,-0.4985
22.561,-0.0005,0.0000,-0.0005,4.3367,0.0184,4.3551,-0.4985
22.565,-0.0005,0.0000,-0.0005,4.2935,0.0184,4.3119,-0.4985
22.569,-0.0005,0.0000,-0.0005,4.2480,0.0184,4.2664,-0.4985
22.574,-0.0004,0.0000,-0.0004,4.2010,0.0184,4.2193,-0.4985
22.578,-0.0004,0.0000,-0.0004,4.1572,0.0177,4.1750,-0.5279
22.582,-0.0004,0.0000,-0.0004,4.1087,0.0177,4.1264,-0.5279
22.587,-0.0004,0.0000,-0.0004,4.0626,0.0177,4.0804,-0.5279
22.591,-0.0004,0.0000,-0.0004,4.0187,0.0177,4.0364,-0.5279
22.595,-0.0004,0.0000,-0.0004,3.9765,0.0172,3.9937,-0.5597
22.600,-0.0004,0.0000,-0.0004,3.9270,0.0172,3.9442,-0.5597
22.605,-0.0004,0.0000,-0.0004,3.8765,0.0172,3.8937,-0.5597
22.616,-0.0003,0.0000,-0.0003,3.7599,0.0168,3.7767,-0.5910
22.621,-0.0003,0.0000,-0.0003,3.7096,0.0168,3.7264,-0.5910
22.625,-0.0003,0.0000,-0.0003,3.6679,0.0168,3.6847,-0.5910
22.629,-0.0003,0.0000,-0.0003,3.6280,0.0168,3.6448,-0.5910
22.633,-0.0003,0.0000,-0.0003,3.5867,0.0168,3.6035,-0.5910
22.638,-0.0003,0.0000,-0.0003,3.5431,0.0165,3.5597,-0.6202
22.651,-0.0003,0.0000,-0.0003,3.4138,0.0165,3.4303,-0.6202
22.657,-0.0003,0.0000,-0.0003,3.3525,0.0164,3.3689,-0.6339
22.662,-0.0003,0.0000,-0.0003,3.3011,0.0164,3.3175,-0.6339
22.667,-0.0003,0.0000,-0.0003,3.2578,0.0164,3.2742,-0.6339
22.672,-0.0002,0.0000,-0.0002,3.2136,0.0164,3.2300,-0.6339
22.676,-0.0002,0.0000,-0.0002,3.1751,0.0164,3.1915,-0.6434
22.681,-0.0002,0.0000,-0.0002,3.1281,0.0164,3.1445,-0.6434
22.686,-0.0002,0.0000,-0.0002,3.0880,0.0164,3.1044,-0.6434
22.690,-0.0002,0.0000,-0.0002,3.0468,0.0164,3.0631,-0.6434
22.695,-0.0002,0.0000,-0.0002,3.0063,0.0167,3.0230,-0.6224
22.700,-0.0002,0.0000,-0.0002,2.9606,0.0167,2.9773,-0.6224
22.705,-0.0002,0.0000,-0.0002,2.9186,0.0167,2.9353,-0.6224
22.710,-0.0002,0.0000,-0.0002,2.8746,0.0167,2.8913,-0.6224
22.715,-0.0002,0.0000,-0.0002,2.8339,0.0172,2.8511,-0.5949
22.720,-0.0002,0.0000,-0.0002,2.7957,0.0172,2.8129,-0.5949
22.732,-0.0002,0.0000,-0.0002,2.7440,0.0172,2.7612,-0.5949
22.736,-0.0002,0.0000,-0.0002,2.7295,0.0178,2.7473,-0.5677
22.741,-0.0002,0.0000,-0.0002,2.7196,0.0178,2.7374,-0.5677
22.745,-0.0002,0.0000,-0.0002,2.7150,0.0178,2.7328,-0.5677
22.750,-0.0002,0.0000,-0.0002,2.7140,0.0178,2.7318,-0.5677
22.754,-0.0001,0.0000,-0.0001,2.7167,0.0186,2.7352,-0.5410
22.759,-0.0001,0.0000,-0.0001,2.7246,0.0186,2.7432,-0.5410
22.763,-0.0001,0.0000,-0.0001,2.7344,0.0186,2.7530,-0.5410
22.767,-0.0001,0.0000,-0.0001,2.7456,0.0186,2.7641,-0.5410
22.772,-0.0001,0.0000,-0.0001,2.7567,0.0186,2.7753,-0.5410
22.777,-0.0001,0.0000,-0.0001,2.7656,0.0194,2.7850,-0.5148
22.782,-0.0001,0.0000,-0.0001,2.7731,0.0194,2.7926,-0.5148
22.787,-0.0001,0.0000,-0.0001,2.7780,0.0194,2.7975,-0.5148
22.791,-0.0001,0.0000,-0.0001,2.7816,0.0194,2.8011,-0.5148
22.811,-0.0001,0.0000,-0.0001,2.7677,0.0203,2.7880,-0.4996
22.819,-0.0001,0.0000,-0.0001,2.7575,0.0213,2.7788,-0.4850
22.824,-0.0001,0.0000,-0.0001,2.7486,0.0213,2.7699,-0.4850
22.828,-0.0001,0.0000,-0.0001,2.7400,0.0213,2.7613,-0.4850
22.833,-0.0001,0.0000,-0.0001,2.7296,0.0213,2.7509,-0.4850
22.844,-0.0001,0.0000,-0.0001,2.6959,0.0224,2.7183,-0.4699
22.849,-0.0001,0.0000,-0.0001,2.6799,0.0224,2.7022,-0.4699
22.853,-0.0001,0.0000,-0.0001,2.6653,0.0224,2.6876,-0.4699
22.857,-0.0001,0.0000,-0.0001,2.6498,0.0236,2.6734,-0.4469
22.862,-0.0001,0.0000,-0.0001,2.6322,0.0236,2.6558,-0.4469
22.866,-0.0001,0.0000,-0.0001,2.6170,0.0236,2.6406,-0.4469
22.871,-0.0001,0.0000,-0.0001,2.6014,0.0236,2.6250,-0.4469
22.875,-0.0001,0.0000,-0.0001,2.5845,0.0249,2.6094,-0.4220
22.880,-0.0001,0.0000,-0.0001,2.5663,0.0249,2.5912,-0.4220
22.884,-0.0001,0.0000,-0.0001,2.5505,0.0249,2.5754,-0.4220
22.889,-0.0001,0.0000,-0.0001,2.5335,0.0249,2.5584,-0.4220
22.893,-0.0001,0.0000,-0.0001,2.5167,0.0249,2.5416,-0.4220
22.897,-0.0001,0.0000,-0.0001,2.5003,0.0262,2.5265,-0.3969
22.902,-0.0001,0.0000,-0.0001,2.4815,0.0262,2.5077,-0.3969
22.906,-0.0001,0.0000,-0.0001,2.4636,0.0262,2.4898,-0.3969
22.911,-0.0001,0.0000,-0.0001,2.4455,0.0262,2.4717,-0.3969
22.915,-0.0001,0.0000,-0.0001,2.4277,0.0275,2.4553,-0.3712
22.919,-0.0001,0.0000,-0.0001,2.4066,0.0275,2.4341,-0.3712
22.924,-0.0001,0.0000,-0.0001,2.3858,0.0275,2.4133,-0.3712
22.929,-0.0001,0.0000,-0.0001,2.3659,0.0275,2.3934,-0.3712
22.933,-0.0001,0.0000,-0.0001,2.3466,0.0275,2.3741,-0.3712
22.937,0.0000,0.0000,0.0000,2.3251,0.0284,2.3535,-0.3771
22.949,0.0000,0.0000,0.0000,2.2672,0.0284,2.2956,-0.3771
22.961,0.0000,0.0000,0.0000,2.2046,0.0290,2.2335,-0.4108
22.968,0.0000,0.0000,0.0000,2.1724,0.0290,2.2014,-0.4108
22.974,0.0000,0.0000,0.0000,2.1469,0.0295,2.1764,-0.4438
22.979,0.0000,0.0000,0.0000,2.1230,0.0295,2.1525,-0.4438
22.984,0.0000,0.0000,0.0000,2.1024,0.0295,2.1320,-0.4438
22.989,0.0000,0.0000,0.0000,2.0789,0.0295,2.1084,-0.4438
22.994,0.0000,0.0000,0.0000,2.0580,0.0300,2.0880,-0.4829
22.998,0.0000,0.0000,0.0000,2.0374,0.0300,2.0674,-0.4829
23.003,0.0000,0.0000,0.0000,2.0188,0.0300,2.0489,-0.4829
23.007,0.0000,0.0000,0.0000,1.9991,0.0300,2.0291,-0.4829
23.011,0.0000,0.0000,0.0000,1.9813,0.0300,2.0114,-0.4829
23.016,0.0000,0.0000,0.0000,1.9637,0.0306,1.9943,-0.5177
23.021,0.0000,0.0000,0.0000,1.9421,0.0306,1.9727,-0.5177
23.025,0.0000,0.0000,0.0000,1.9238,0.0306,1.9544,-0.5177
23.029,0.0000,0.0000,0.0000,1.9058,0.0306,1.9364,-0.5177
23.033,0.0000,0.0000,0.0000,1.8877,0.0306,1.9183,-0.5177
23.038,0.0004,0.0000,0.0004,1.8683,0.0312,1.8996,-0.5472
23.043,0.0013,0.0000,0.0013,1.8454,0.0312,1.8766,-0.5472
23.054,0.0061,0.0000,0.0061,1.7950,0.0318,1.8268,-0.5781
23.059,0.0095,0.0000,0.0095,1.7741,0.0318,1.8059,-0.5781
23.063,0.0132,0.0000,0.0132,1.7572,0.0318,1.7889,-0.5781
23.068,0.0182,0.0000,0.0182,1.7391,0.0318,1.7709,-0.5781
23.072,0.0242,0.0000,0.0242,1.7215,0.0318,1.7533,-0.5781
23.076,0.0313,0.0000,0.0313,1.7040,0.0324,1.7363,-0.6043
23.081,0.0400,0.0000,0.0400,1.6858,0.0324,1.7181,-0.6043
23.085,0.0492,0.0000,0.0492,1.6692,0.0324,1.7015,-0.6043
23.090,0.0594,0.0000,0.0594,1.6529,0.0324,1.6852,-0.6043
23.094,0.0702,0.0000,0.0702,1.6376,0.0330,1.6706,-0.6243
23.099,0.0847,0.0000,0.0847,1.6193,0.0330,1.6523,-0.6243
23.111,0.1272,0.0000,0.1272,1.5742,0.0330,1.6072,-0.6243
23.117,0.1497,0.0000,0.1497,1.5542,0.0336,1.5879,-0.6379
23.122,0.1704,0.0000,0.1704,1.5377,0.0336,1.5713,-0.6379
23.126,0.1888,0.0000,0.1888,1.5239,0.0336,1.5575,-0.6379
23.131,0.2083,0.0000,0.2083,1.5102,0.0336,1.5438,-0.6379
23.135,0.2286,0.0000,0.2286,1.4966,0.0343,1.5309,-0.6451
23.140,0.2539,0.0000,0.2539,1.4806,0.0343,1.5149,-0.6451
23.144,0.2755,0.0000,0.2755,1.4677,0.0343,1.5020,-0.6451
23.149,0.3018,0.0000,0.3018,1.4527,0.0343,1.4870,-0.6451
23.160,0.3663,0.0000,0.3663,1.4182,0.0350,1.4532,-0.6438
23.165,0.3963,0.0000,0.3963,1.4034,0.0350,1.4384,-0.6438
23.169,0.4218,0.0000,0.4218,1.3914,0.0350,1.4264,-0.6438
23.173,0.4497,0.0000,0.4497,1.3788,0.0350,1.4138,-0.6438
23.177,0.4782,0.0000,0.4782,1.3665,0.0357,1.4022,-0.6349
23.182,0.5093,0.0000,0.5093,1.3537,0.0357,1.3894,-0.6349
23.186,0.5377,0.0000,0.5377,1.3426,0.0357,1.3783,-0.6349
23.191,0.5685,0.0000,0.5685,1.3310,0.0357,1.3668,-0.6349
23.195,0.6009,0.0000,0.6009,1.3194,0.0364,1.3558,-0.6204
23.200,0.6366,0.0000,0.6366,1.3071,0.0364,1.3435,-0.6204
23.205,0.6714,0.0000,0.6714,1.2956,0.0364,1.3320,-0.6204
23.210,0.7075,0.0000,0.7075,1.2842,0.0364,1.3206,-0.6204
23.214,0.7395,0.0000,0.7395,1.2744,0.0368,1.3113,-0.6107
23.219,0.7773,0.0000,0.7773,1.2634,0.0368,1.3002,-0.6107
23.224,0.8115,0.0000,0.8115,1.2537,0.0368,1.2906,-0.6107
23.229,0.8452,0.0000,0.8452,1.2446,0.0368,1.2814,-0.6107
23.233,0.8759,0.0000,0.8759,1.2366,0.0368,1.2734,-0.6107
23.237,0.9124,0.0000,0.9124,1.2272,0.0372,1.2645,-0.5966
23.243,0.9510,0.0000,0.9510,1.2178,0.0372,1.2550,-0.5966
23.247,0.9830,0.0000,0.9830,1.2101,0.0372,1.2473,-0.5966
23.251,1.0156,0.0000,1.0156,1.2023,0.0372,1.2395,-0.5966
23.264,1.1099,0.0000,1.1099,1.1800,0.0376,1.2176,-0.5769
23.277,1.2094,0.0000,1.2094,1.1570,0.0379,1.1949,-0.5518
23.282,1.2444,0.0000,1.2444,1.1492,0.0379,1.1871,-0.5518
23.286,1.2768,0.0000,1.2768,1.1420,0.0379,1.1799,-0.5518
23.291,1.3082,0.0000,1.3082,1.1352,0.0379,1.1731,-0.5518
23.295,1.3372,0.0000,1.3372,1.1292,0.0381,1.1673,-0.5217
23.300,1.3712,0.0000,1.3712,1.1223,0.0381,1.1604,-0.5217
23.304,1.4022,0.0000,1.4022,1.1162,0.0381,1.1543,-0.5217
23.308,1.4317,0.0000,1.4317,1.1106,0.0381,1.1487,-0.5217
23.313,1.4600,0.0000,1.4600,1.1053,0.0381,1.1434,-0.5217
23.317,1.4887,0.0000,1.4887,1.1002,0.0379,1.1381,-0.5252
23.322,1.5231,0.0000,1.5231,1.0941,0.0379,1.1321,-0.5252
23.326,1.5513,0.0000,1.5513,1.0893,0.0379,1.1272,-0.5252
23.331,1.5787,0.0000,1.5787,1.0848,0.0379,1.1227,-0.5252
23.335,1.6059,0.0000,1.6059,1.0804,0.0373,1.1176,-0.5683
23.340,1.6379,0.0000,1.6379,1.0753,0.0373,1.1126,-0.5683
23.345,1.6659,0.0000,1.6659,1.0711,0.0373,1.1084,-0.5683
23.349,1.6913,0.0000,1.6913,1.0674,0.0373,1.1046,-0.5683
23.353,1.7177,0.0000,1.7177,1.0636,0.0373,1.1008,-0.5683
23.358,1.7430,0.0000,1.7430,1.0600,0.0367,1.0967,-0.6008
23.363,1.7707,0.0000,1.7707,1.0559,0.0367,1.0927,-0.6008
23.367,1.7936,0.0000,1.7936,1.0526,0.0367,1.0893,-0.6008
23.372,1.8223,0.0000,1.8223,1.0483,0.0367,1.0851,-0.6008
23.383,1.8826,0.0000,1.8826,1.0388,0.0363,1.0752,-0.6234
23.389,1.9094,0.0000,1.9094,1.0345,0.0363,1.0709,-0.6234
23.393,1.9310,0.0000,1.9310,1.0311,0.0363,1.0674,-0.6234
23.398,1.9514,0.0000,1.9514,1.0279,0.0359,1.0638,-0.6440
23.403,1.9764,0.0000,1.9764,1.0241,0.0359,1.0600,-0.6440
23.415,2.0288,0.0000,2.0288,1.0164,0.0352,1.0516,-0.6763
23.421,2.0561,0.0000,2.0561,1.0126,0.0352,1.0479,-0.6763
23.427,2.0774,0.0000,2.0774,1.0098,0.0352,1.0451,-0.6763
23.431,2.0948,0.0000,2.0948,1.0076,0.0352,1.0429,-0.6763
23.437,2.1143,0.0000,2.1143,1.0052,0.0344,1.0396,-0.7200
23.443,2.1357,0.0000,2.1357,1.0025,0.0344,1.0369,-0.7200
23.447,2.1510,0.0000,2.1510,1.0007,0.0344,1.0351,-0.7200
23.452,2.1660,0.0000,2.1660,0.9991,0.0344,1.0335,-0.7200
23.458,2.1836,0.0000,2.1836,0.9971,0.0336,1.0307,-0.7552
23.463,2.1990,0.0000,2.1990,0.9955,0.0336,1.0291,-0.7552
23.468,2.2134,0.0000,2.2134,0.9937,0.0336,1.0273,-0.7552
23.474,2.2298,0.0000,2.2298,0.9915,0.0327,1.0242,-0.7795
23.480,2.2438,0.0000,2.2438,0.9894,0.0327,1.0222,-0.7795
23.494,2.2758,0.0000,2.2758,0.9838,0.0319,1.0158,-0.7931
23.499,2.2872,0.0000,2.2872,0.9816,0.0319,1.0135,-0.7931
23.506,2.2985,0.0000,2.2985,0.9796,0.0319,1.0115,-0.7931
23.512,2.3094,0.0000,2.3094,0.9777,0.0319,1.0096,-0.7931
23.517,2.3175,0.0000,2.3175,0.9762,0.0311,1.0073,-0.7962
23.524,2.3268,0.0000,2.3268,0.9744,0.0311,1.0055,-0.7962
23.529,2.3329,0.0000,2.3329,0.9732,0.0311,1.0044,-0.7962
23.533,2.3387,0.0000,2.3387,0.9722,0.0311,1.0033,-0.7962
23.539,2.3444,0.0000,2.3444,0.9711,0.0303,1.0014,-0.7799
23.544,2.3494,0.0000,2.3494,0.9703,0.0303,1.0006,-0.7799
23.549,2.3533,0.0000,2.3533,0.9695,0.0303,0.9998,-0.7799
23.554,2.3570,0.0000,2.3570,0.9687,0.0295,0.9982,-0.7528
23.567,2.3640,0.0000,2.3640,0.9666,0.0295,0.9961,-0.7528
23.574,2.3662,0.0000,2.3662,0.9656,0.0285,0.9941,-0.7170
23.579,2.3673,0.0000,2.3673,0.9645,0.0285,0.9930,-0.7170
23.584,2.3677,0.0000,2.3677,0.9634,0.0285,0.9919,-0.7170
23.590,2.3678,0.0000,2.3678,0.9622,0.0285,0.9907,-0.7170
23.601,2.3658,0.0000,2.3658,0.9595,0.0275,0.9870,-0.6717
23.607,2.3640,0.0000,2.3640,0.9583,0.0275,0.9858,-0.6717
23.612,2.3622,0.0000,2.3622,0.9573,0.0275,0.9848,-0.6717
23.616,2.3601,0.0000,2.3601,0.9567,0.0263,0.9830,-0.6159
23.622,2.3569,0.0000,2.3569,0.9560,0.0263,0.9823,-0.6159
23.626,2.3539,0.0000,2.3539,0.9551,0.0263,0.9814,-0.6159
23.631,2.3508,0.0000,2.3508,0.9546,0.0263,0.9810,-0.6159
23.636,2.3470,0.0000,2.3470,0.9540,0.0250,0.9790,-0.5529
23.642,2.3414,0.0000,2.3414,0.9533,0.0250,0.9783,-0.5529
23.647,2.3370,0.0000,2.3370,0.9529,0.0250,0.9779,-0.5529
23.651,2.3325,0.0000,2.3325,0.9526,0.0250,0.9776,-0.5529
23.658,2.3253,0.0000,2.3253,0.9520,0.0235,0.9755,-0.4834
23.664,2.3177,0.0000,2.3177,0.9513,0.0235,0.9748,-0.4834
23.669,2.3115,0.0000,2.3115,0.9507,0.0235,0.9743,-0.4834
23.675,2.3026,0.0000,2.3026,0.9496,0.0218,0.9715,-0.4082
23.682,2.2934,0.0000,2.2934,0.9484,0.0218,0.9702,-0.4082
23.688,2.2841,0.0000,2.2841,0.9473,0.0218,0.9691,-0.4082
23.695,2.2736,0.0000,2.2736,0.9461,0.0202,0.9663,-0.3643
23.708,2.2495,0.0000,2.2495,0.9445,0.0202,0.9647,-0.3643
23.722,2.2244,0.0000,2.2244,0.9426,0.0185,0.9612,-0.3638
23.729,2.2099,0.0000,2.2099,0.9420,0.0185,0.9605,-0.3638
23.733,2.2009,0.0000,2.2009,0.9414,0.0185,0.9599,-0.3638
23.738,2.1907,0.0000,2.1907,0.9413,0.0168,0.9580,-0.3619
23.743,2.1806,0.0000,2.1806,0.9407,0.0168,0.9574,-0.3619
23.747,2.1716,0.0000,2.1716,0.9403,0.0168,0.9571,-0.3619
23.752,2.1621,0.0000,2.1621,0.9396,0.0168,0.9564,-0.3619
23.757,2.1511,0.0000,2.1511,0.9390,0.0149,0.9539,-0.3505
23.762,2.1404,0.0000,2.1404,0.9386,0.0149,0.9535,-0.3505
23.766,2.1303,0.0000,2.1303,0.9383,0.0149,0.9532,-0.3505
23.771,2.1190,0.0000,2.1190,0.9372,0.0149,0.9521,-0.3505
23.775,2.1086,0.0000,2.1086,0.9364,0.0129,0.9492,-0.3227
23.781,2.0965,0.0000,2.0965,0.9353,0.0129,0.9482,-0.3227
23.785,2.0861,0.0000,2.0861,0.9346,0.0129,0.9475,-0.3227
23.790,2.0747,0.0000,2.0747,0.9339,0.0129,0.9468,-0.3227
23.794,2.0643,0.0000,2.0643,0.9330,0.0106,0.9436,-0.3124
23.799,2.0507,0.0000,2.0507,0.9320,0.0106,0.9426,-0.3124
23.805,2.0372,0.0000,2.0372,0.9311,0.0106,0.9418,-0.3124
23.815,2.0088,0.0000,2.0088,0.9301,0.0000,0.9301,-0.3307
23.821,1.9948,0.0000,1.9948,0.9292,0.0000,0.9292,-0.3307
23.825,1.9837,0.0000,1.9837,0.9284,0.0000,0.9284,-0.3307
23.829,1.9721,0.0000,1.9721,0.9277,0.0000,0.9277,-0.3307
23.833,1.9609,0.0000,1.9609,0.9271,0.0000,0.9271,-0.3307
23.838,1.9482,0.0000,1.9482,0.9266,0.0000,0.9266,-0.3428
23.843,1.9347,0.0000,1.9347,0.9261,0.0000,0.9261,-0.3428
23.847,1.9229,0.0000,1.9229,0.9253,0.0000,0.9253,-0.3428
23.852,1.9114,0.0000,1.9114,0.9242,0.0000,0.9242,-0.3428
23.856,1.8987,0.0000,1.8987,0.9237,0.0000,0.9237,-0.3440
23.861,1.8847,0.0000,1.8847,0.9231,0.0000,0.9231,-0.3440
23.873,1.8512,0.0000,1.8512,0.9199,0.0000,0.9199,-0.3440
23.878,1.8350,0.0000,1.8350,0.9186,0.0000,0.9186,-0.3345
23.883,1.8212,0.0000,1.8212,0.9176,0.0000,0.9176,-0.3345
23.888,1.8082,0.0000,1.8082,0.9173,0.0000,0.9173,-0.3345
23.893,1.7942,0.0000,1.7942,0.9168,0.0000,0.9168,-0.3345
23.897,1.7821,0.0000,1.7821,0.9162,0.0000,0.9162,-0.3146
23.901,1.7683,0.0000,1.7683,0.9153,0.0000,0.9153,-0.3146
23.906,1.7542,0.0000,1.7542,0.9143,0.0000,0.9143,-0.3146
23.911,1.7405,0.0000,1.7405,0.9131,0.0000,0.9131,-0.3146
23.923,1.7051,0.0000,1.7051,0.9106,0.0000,0.9106,-0.3025
23.928,1.6902,0.0000,1.6902,0.9103,0.0000,0.9103,-0.3025
23.932,1.6767,0.0000,1.6767,0.9096,0.0000,0.9096,-0.3025
23.937,1.6626,0.0000,1.6626,0.9089,0.0000,0.9089,-0.2836
23.942,1.6480,0.0000,1.6480,0.9083,0.0000,0.9083,-0.2836
23.946,1.6356,0.0000,1.6356,0.9074,0.0000,0.9074,-0.2836
23.950,1.6228,0.0000,1.6228,0.9070,0.0000,0.9070,-0.2836
23.955,1.6078,0.0000,1.6078,0.9061,0.0000,0.9061,-0.2524
23.960,1.5933,0.0000,1.5933,0.9053,0.0000,0.9053,-0.2524
23.964,1.5804,0.0000,1.5804,0.9040,0.0000,0.9040,-0.2524
23.968,1.5672,0.0000,1.5672,0.9034,0.0000,0.9034,-0.2524
23.973,1.5531,0.0000,1.5531,0.9023,0.0000,0.9023,-0.2524
23.977,1.5398,0.0000,1.5398,0.9013,0.0000,0.9013,-0.2053
23.982,1.5251,0.0000,1.5251,0.9009,0.0000,0.9009,-0.2053
23.987,1.5115,0.0000,1.5115,0.9000,0.0000,0.9000,-0.2053
23.991,1.4978,0.0000,1.4978,0.8998,0.0000,0.8998,-0.2053
23.995,1.4847,0.0000,1.4847,0.8991,0.0000,0.8991,-0.1491
24.001,1.4665,0.0000,1.4665,0.8983,0.0000,0.8983,-0.1491
24.006,1.4518,0.0000,1.4518,0.8977,0.0000,0.8977,-0.1491
24.010,1.4392,0.0000,1.4392,0.8966,0.0000,0.8966,-0.1491
24.016,1.4225,0.0000,1.4225,0.8954,0.0000,0.8954,-0.0865
24.030,1.3772,0.0000,1.3772,0.8947,0.0000,0.8947,-0.0865
24.037,1.3563,0.0000,1.3563,0.8945,0.0000,0.8945,-0.0178
24.047,1.3248,0.0000,1.3248,0.8930,0.0000,0.8930,-0.0178
24.055,1.2999,0.0000,1.2999,0.8920,0.0000,0.8920,0.0566
24.064,1.2726,0.0000,1.2726,0.8900,0.0000,0.8900,0.0566
24.071,1.2508,0.0000,1.2508,0.8895,0.0000,0.8895,0.0566
24.080,1.2213,0.0000,1.2213,0.8891,0.0000,0.8891,0.1008
24.091,1.1892,0.0000,1.1892,0.8873,0.0000,0.8873,0.1008
24.096,1.1733,0.0000,1.1733,0.8865,0.0000,0.8865,0.0968
24.101,1.1583,0.0000,1.1583,0.8859,0.0000,0.8859,0.0968
24.106,1.1440,0.0000,1.1440,0.8853,0.0000,0.8853,0.0968
24.110,1.1307,0.0000,1.1307,0.8848,0.0000,0.8848,0.0968
24.114,1.1170,0.0000,1.1170,0.8844,0.0000,0.8844,0.0808
24.119,1.1016,0.0000,1.1016,0.8839,0.0000,0.8839,0.0808
24.124,1.0877,0.0000,1.0877,0.8835,0.0000,0.8835,0.0808
24.129,1.0739,0.0000,1.0739,0.8825,0.0000,0.8825,0.0808
24.140,1.0391,0.0000,1.0391,0.8820,0.0000,0.8820,0.0732
24.145,1.0240,0.0000,1.0240,0.8818,0.0000,0.8818,0.0732
24.149,1.0117,0.0000,1.0117,0.8816,0.0000,0.8816,0.0732
24.153,0.9987,0.0000,0.9987,0.8815,0.0000,0.8815,0.0732
24.158,0.9852,0.0000,0.9852,0.8814,0.0000,0.8814,0.0706
24.162,0.9714,0.0000,0.9714,0.8814,0.0000,0.8814,0.0706
24.166,0.9586,0.0000,0.9586,0.8807,0.0000,0.8807,0.0706
24.187,0.8932,0.0000,0.8932,0.8780,0.0000,0.8780,-0.0059
24.195,0.8699,0.0000,0.8699,0.8771,0.0000,0.8771,-0.0800
24.200,0.8549,0.0000,0.8549,0.8766,0.0000,0.8766,-0.0800
24.205,0.8393,0.0000,0.8393,0.8770,0.0000,0.8770,-0.0800
24.210,0.8253,0.0000,0.8253,0.8766,0.0000,0.8766,-0.0800
24.214,0.8126,0.0000,0.8126,0.8762,0.0000,0.8762,-0.1400
24.220,0.7960,0.0000,0.7960,0.8758,0.0000,0.8758,-0.1400
24.224,0.7817,0.0000,0.7817,0.8755,0.0000,0.8755,-0.1400
24.228,0.7693,0.0000,0.7693,0.8752,0.0000,0.8752,-0.1400
24.233,0.7552,0.0000,0.7552,0.8749,0.0000,0.8749,-0.1400
24.245,0.7185,0.0000,0.7185,0.8743,0.0000,0.8743,-0.1863
24.250,0.7036,0.0000,0.7036,0.8749,0.0000,0.8749,-0.1863
24.255,0.6899,0.0000,0.6899,0.8747,0.0000,0.8747,-0.2198
24.259,0.6756,0.0000,0.6756,0.8745,0.0000,0.8745,-0.2198
24.264,0.6625,0.0000,0.6625,0.8743,0.0000,0.8743,-0.2198
24.268,0.6489,0.0000,0.6489,0.8741,0.0000,0.8741,-0.2198
24.273,0.6338,0.0000,0.6338,0.8740,0.0000,0.8740,-0.2198
24.277,0.6214,0.0000,0.6214,0.8739,0.0000,0.8739,-0.2413
24.282,0.6061,0.0000,0.6061,0.8737,0.0000,0.8737,-0.2413
24.287,0.5921,0.0000,0.5921,0.8736,0.0000,0.8736,-0.2413
24.291,0.5787,0.0000,0.5787,0.8735,0.0000,0.8735,-0.2413
24.296,0.5650,0.0000,0.5650,0.8734,0.0000,0.8734,-0.2834
24.301,0.5503,0.0000,0.5503,0.8733,0.0000,0.8733,-0.2834
24.306,0.5353,0.0000,0.5353,0.8732,0.0000,0.8732,-0.2834
24.310,0.5223,0.0000,0.5223,0.8731,0.0000,0.8731,-0.2834
24.314,0.5088,0.0000,0.5088,0.8730,0.0000,0.8730,-0.3172
24.319,0.4933,0.0000,0.4933,0.8729,0.0000,0.8729,-0.3172
24.331,0.4547,0.0000,0.4547,0.8737,0.0000,0.8737,-0.3172
24.339,0.4325,0.0000,0.4325,0.8741,0.0000,0.8741,-0.3544
24.344,0.4147,0.0000,0.4147,0.8748,0.0000,0.8748,-0.3544
24.356,0.3788,0.0000,0.3788,0.8753,0.0000,0.8753,-0.3805
24.361,0.3614,0.0000,0.3614,0.8755,0.0000,0.8755,-0.3805
24.365,0.3482,0.0000,0.3482,0.8763,0.0000,0.8763,-0.3805
24.370,0.3329,0.0000,0.3329,0.8764,0.0000,0.8764,-0.3805
24.375,0.3180,0.0000,0.3180,0.8772,0.0000,0.8772,-0.3935
24.380,0.3020,0.0000,0.3020,0.8781,0.0000,0.8781,-0.3935
24.385,0.2873,0.0000,0.2873,0.8781,0.0000,0.8781,-0.3935
24.389,0.2721,0.0000,0.2721,0.8789,0.0000,0.8789,-0.3935
24.394,0.2574,0.0000,0.2574,0.8796,0.0000,0.8796,-0.3933
24.398,0.2426,0.0000,0.2426,0.8795,0.0000,0.8795,-0.3933
24.403,0.2277,0.0000,0.2277,0.8802,0.0000,0.8802,-0.3933
24.408,0.2105,0.0000,0.2105,0.8808,0.0000,0.8808,-0.3933
24.412,0.1964,0.0000,0.1964,0.8814,0.0000,0.8814,-0.3933
24.417,0.1820,0.0000,0.1820,0.8819,0.0000,0.8819,-0.3806
24.422,0.1646,0.0000,0.1646,0.8824,0.0000,0.8824,-0.3806
24.426,0.1498,0.0000,0.1498,0.8829,0.0000,0.8829,-0.3806
24.431,0.1356,0.0000,0.1356,0.8832,0.0000,0.8832,-0.3806
24.435,0.1196,0.0000,0.1196,0.8836,0.0000,0.8836,-0.3560
24.441,0.0986,0.0000,0.0986,0.8841,0.0000,0.8841,-0.3560
24.446,0.0816,0.0000,0.0816,0.8848,0.0000,0.8848,-0.3560
24.450,0.0670,0.0000,0.0670,0.8847,0.0000,0.8847,-0.3560
24.456,0.0487,0.0000,0.0487,0.8853,0.0000,0.8853,-0.3346
24.467,0.0061,0.0000,0.0061,0.8865,0.0000,0.8865,-0.3346
24.474,-0.0177,0.0000,-0.0177,0.8880,0.0000,0.8880,-0.3297
24.488,-0.0686,0.0000,-0.0686,0.8906,0.0000,0.8906,-0.3297
24.494,-0.0905,0.0000,-0.0905,0.8916,0.0000,0.8916,-0.3167
24.499,-0.1095,0.0000,-0.1095,0.8924,0.0000,0.8924,-0.3167
24.504,-0.1275,0.0000,-0.1275,0.8931,0.0000,0.8931,-0.3167
24.509,-0.1461,0.0000,-0.1461,0.8936,0.0000,0.8936,-0.3167
24.513,-0.1622,0.0000,-0.1622,0.8944,0.0000,0.8944,-0.3167
24.518,-0.1809,0.0000,-0.1809,0.8952,0.0000,0.8952,-0.2921
24.525,-0.2086,0.0000,-0.2086,0.8962,0.0000,0.8962,-0.2921
24.529,-0.2276,0.0000,-0.2276,0.8967,0.0000,0.8967,-0.2921
24.534,-0.2451,0.0000,-0.2451,0.8978,0.0000,0.8978,-0.2885
24.539,-0.2658,0.0000,-0.2658,0.8983,0.0000,0.8983,-0.2885
24.543,-0.2832,0.0000,-0.2832,0.8991,0.0000,0.8991,-0.2885
24.547,-0.3006,0.0000,-0.3006,0.9005,0.0000,0.9005,-0.2885
24.551,-0.3183,0.0000,-0.3183,0.9012,0.0000,0.9012,-0.2885
24.556,-0.3373,0.0000,-0.3373,0.9025,0.0000,0.9025,-0.3541
24.560,-0.3582,0.0000,-0.3582,0.9038,0.0000,0.9038,-0.3541
24.565,-0.3783,0.0000,-0.3783,0.9052,0.0000,0.9052,-0.3541
24.576,-0.4274,0.0000,-0.4274,0.9093,0.0000,0.9093,-0.4089
24.581,-0.4495,0.0000,-0.4495,0.9104,0.0000,0.9104,-0.4089
24.585,-0.4686,0.0000,-0.4686,0.9117,0.0000,0.9117,-0.4089
24.589,-0.4895,0.0000,-0.4895,0.9130,0.0000,0.9130,-0.4089
24.594,-0.5098,0.0000,-0.5098,0.9137,0.0000,0.9137,-0.4089
24.598,-0.5297,0.0000,-0.5297,0.9142,0.0000,0.9142,-0.4480
24.602,-0.5527,0.0000,-0.5527,0.9150,0.0000,0.9150,-0.4480
24.607,-0.5758,0.0000,-0.5758,0.9163,0.0000,0.9163,-0.4480
24.611,-0.5975,0.0000,-0.5975,0.9173,0.0000,0.9173,-0.4480
24.615,-0.6186,0.0000,-0.6186,0.9182,0.0000,0.9182,-0.4720
24.620,-0.6431,0.0000,-0.6431,0.9191,0.0000,0.9191,-0.4720
24.625,-0.6671,0.0000,-0.6671,0.9201,0.0000,0.9201,-0.4720
24.636,-0.7300,0.0000,-0.7300,0.9239,0.0000,0.9239,-0.4812
24.642,-0.7641,0.0000,-0.7641,0.9256,0.0000,0.9256,-0.4812
24.646,-0.7876,0.0000,-0.7876,0.9269,0.0000,0.9269,-0.4812
24.650,-0.8105,0.0000,-0.8105,0.9280,0.0000,0.9280,-0.4812
24.655,-0.8371,0.0000,-0.8371,0.9294,0.0000,0.9294,-0.4766
24.660,-0.8641,0.0000,-0.8641,0.9308,0.0000,0.9308,-0.4766
24.664,-0.8889,0.0000,-0.8889,0.9319,0.0000,0.9319,-0.4766
24.668,-0.9157,0.0000,-0.9157,0.9330,0.0000,0.9330,-0.4766
24.673,-0.9459,0.0000,-0.9459,0.9343,0.0000,0.9343,-0.4766
24.683,-1.0158,0.0000,-1.0158,0.9369,0.0000,0.9369,-0.4660
24.689,-1.0520,0.0000,-1.0520,0.9379,0.0000,0.9379,-0.4660
24.693,-1.0809,0.0000,-1.0809,0.9388,0.0000,0.9388,-0.4660
24.697,-1.1089,0.0000,-1.1089,0.9393,0.0000,0.9393,-0.4439
24.702,-1.1433,0.0000,-1.1433,0.9401,0.0000,0.9401,-0.4439
24.706,-1.1754,0.0000,-1.1754,0.9410,0.0000,0.9410,-0.4439
24.711,-1.2064,0.0000,-1.2064,0.9419,0.0000,0.9419,-0.4439
24.715,-1.2397,0.0000,-1.2397,0.9428,0.0000,0.9428,-0.4407
24.720,-1.2780,0.0000,-1.2780,0.9443,0.0000,0.9443,-0.4407
24.725,-1.3137,0.0000,-1.3137,0.9452,0.0000,0.9452,-0.4407
24.729,-1.3475,0.0000,-1.3475,0.9463,0.0000,0.9463,-0.4407
24.733,-1.3840,0.0000,-1.3840,0.9474,0.0000,0.9474,-0.4407
24.738,-1.4246,0.0000,-1.4246,0.9484,0.0000,0.9484,-0.4276
24.743,-1.4669,0.0000,-1.4669,0.9494,0.0000,0.9494,-0.4276
24.748,-1.5073,0.0000,-1.5073,0.9504,0.0000,0.9504,-0.4276
24.752,-1.5517,0.0000,-1.5517,0.9513,0.0000,0.9513,-0.4276
24.757,-1.5924,0.0000,-1.5924,0.9518,0.0000,0.9518,-0.4012
24.762,-1.6347,0.0000,-1.6347,0.9526,0.0000,0.9526,-0.4012
24.766,-1.6701,0.0000,-1.6701,0.9530,0.0000,0.9530,-0.4012
24.771,-1.7100,0.0000,-1.7100,0.9533,0.0000,0.9533,-0.4012
24.775,-1.7461,0.0000,-1.7461,0.9537,0.0000,0.9537,-0.3625
24.789,-1.8514,0.0000,-1.8514,0.9539,0.0000,0.9539,-0.3625
24.801,-1.9413,0.0000,-1.9413,0.9549,0.0000,0.9549,-0.3116
24.807,-1.9791,0.0000,-1.9791,0.9555,0.0000,0.9555,-0.3116
24.811,-2.0095,0.0000,-2.0095,0.9561,0.0000,0.9561,-0.3116
24.815,-2.0359,0.0000,-2.0359,0.9566,0.0000,0.9566,-0.2495
24.821,-2.0705,0.0000,-2.0705,0.9573,0.0000,0.9573,-0.2495
24.826,-2.0997,0.0000,-2.0997,0.9579,0.0000,0.9579,-0.2495
24.831,-2.1267,0.0000,-2.1267,0.9582,0.0000,0.9582,-0.2495
24.835,-2.1515,0.0000,-2.1515,0.9584,0.0000,0.9584,-0.1764
24.840,-2.1800,0.0000,-2.1800,0.9585,0.0000,0.9585,-0.1764
24.845,-2.2025,0.0000,-2.2025,0.9587,0.0000,0.9587,-0.1764
24.849,-2.2237,0.0000,-2.2237,0.9587,0.0000,0.9587,-0.1764
24.853,-2.2471,0.0000,-2.2471,0.9587,0.0000,0.9587,-0.1764
24.858,-2.2689,0.0000,-2.2689,0.9585,0.0000,0.9585,-0.0784
24.863,-2.2918,0.0000,-2.2918,0.9582,0.0000,0.9582,-0.0784
24.867,-2.3118,0.0000,-2.3118,0.9580,0.0000,0.9580,-0.0784
24.872,-2.3351,0.0000,-2.3351,0.9575,0.0000,0.9575,-0.0784
24.877,-2.3534,0.0000,-2.3534,0.9572,0.0000,0.9572,0.0318
24.881,-2.3732,0.0000,-2.3732,0.9570,0.0000,0.9570,0.0318
24.886,-2.3910,0.0000,-2.3910,0.9568,0.0000,0.9568,0.0318
24.890,-2.4092,0.0000,-2.4092,0.9569,0.0000,0.9569,0.0318
24.895,-2.4265,0.0000,-2.4265,0.9569,0.0000,0.9569,0.1488
24.906,-2.4707,0.0000,-2.4707,0.9578,0.0000,0.9578,0.1488
24.910,-2.4855,0.0000,-2.4855,0.9582,0.0000,0.9582,0.1488
24.915,-2.4995,0.0000,-2.4995,0.9585,0.0000,0.9585,0.2513
24.919,-2.5158,0.0000,-2.5158,0.9587,0.0000,0.9587,0.2513
24.924,-2.5302,0.0000,-2.5302,0.9589,0.0000,0.9589,0.2513
24.928,-2.5438,0.0000,-2.5438,0.9590,0.0000,0.9590,0.2513
24.940,-2.5806,0.0000,-2.5806,0.9590,0.0000,0.9590,0.3559
24.947,-2.6005,0.0000,-2.6005,0.9587,0.0000,0.9587,0.3559
24.952,-2.6139,0.0000,-2.6139,0.9584,0.0000,0.9584,0.3559
24.957,-2.6275,0.0000,-2.6275,0.9581,0.0000,0.9581,0.3959
24.962,-2.6405,0.0000,-2.6405,0.9577,0.0000,0.9577,0.3959
24.966,-2.6513,0.0000,-2.6513,0.9572,0.0000,0.9572,0.3959
24.971,-2.6624,0.0000,-2.6624,0.9567,0.0000,0.9567,0.3959
24.975,-2.6726,0.0000,-2.6726,0.9565,0.0000,0.9565,0.4336
24.980,-2.6848,0.0000,-2.6848,0.9564,0.0000,0.9564,0.4336
24.985,-2.6945,0.0000,-2.6945,0.9564,0.0000,0.9564,0.4336
24.990,-2.7056,0.0000,-2.7056,0.9566,0.0000,0.9566,0.4336
24.995,-2.7158,0.0000,-2.7158,0.9568,0.0000,0.9568,0.4788
25.000,-2.7259,0.0000,-2.7259,0.9573,0.0000,0.9573,0.4788
25.005,-2.7367,0.0000,-2.7367,0.9579,0.0000,0.9579,0.4788
25.016,-2.7577,0.0000,-2.7577,0.9583,0.0000,0.9583,0.5303
25.022,-2.7692,0.0000,-2.7692,0.9585,0.0000,0.9585,0.5303
25.027,-2.7773,0.0000,-2.7773,0.9586,0.0000,0.9586,0.5303
25.032,-2.7852,0.0000,-2.7852,0.9586,0.0000,0.9586,0.5303
25.036,-2.7928,0.0000,-2.7928,0.9585,0.0000,0.9585,0.5871
25.041,-2.8010,0.0000,-2.8010,0.9583,0.0000,0.9583,0.5871
25.046,-2.8082,0.0000,-2.8082,0.9580,0.0000,0.9580,0.5871
25.050,-2.8147,0.0000,-2.8147,0.9577,0.0000,0.9577,0.5871
25.055,-2.8215,0.0000,-2.8215,0.9573,0.0000,0.9573,0.6672
25.060,-2.8291,0.0000,-2.8291,0.9566,0.0000,0.9566,0.6672
25.065,-2.8349,0.0000,-2.8349,0.9561,0.0000,0.9561,0.6672
25.069,-2.8411,0.0000,-2.8411,0.9558,0.0000,0.9558,0.6672
25.074,-2.8472,0.0000,-2.8472,0.9556,0.0000,0.9556,0.7549
25.079,-2.8537,0.0000,-2.8537,0.9556,0.0000,0.9556,0.7549
25.091,-2.8685,0.0000,-2.8685,0.9563,0.0000,0.9563,0.7549
25.097,-2.8750,0.0000,-2.8750,0.9569,0.0000,0.9569,0.8369
25.102,-2.8805,0.0000,-2.8805,0.9574,0.0000,0.9574,0.8369
25.106,-2.8854,0.0000,-2.8854,0.9578,0.0000,0.9578,0.8369
25.111,-2.8897,0.0000,-2.8897,0.9582,0.0000,0.9582,0.8369
25.115,-2.8943,0.0000,-2.8943,0.9585,0.0000,0.9585,0.9178
25.129,-2.9079,0.0000,-2.9079,0.9586,0.0000,0.9586,0.9178
25.134,-2.9119,0.0000,-2.9119,0.9585,0.0000,0.9585,0.9178
25.138,-2.9158,0.0000,-2.9158,0.9584,0.0000,0.9584,0.9987
25.143,-2.9198,0.0000,-2.9198,0.9581,0.0000,0.9581,0.9987
25.147,-2.9233,0.0000,-2.9233,0.9578,0.0000,0.9578,0.9987
25.151,-2.9270,0.0000,-2.9270,0.9573,0.0000,0.9573,0.9987
25.156,-2.9308,0.0000,-2.9308,0.9568,0.0000,0.9568,1.0795
25.162,-2.9352,0.0000,-2.9352,0.9560,0.0000,0.9560,1.0795
25.167,-2.9388,0.0000,-2.9388,0.9554,0.0000,0.9554,1.0795
25.171,-2.9234,0.0000,-2.9234,0.9551,0.0000,0.9551,1.0795
25.176,-2.8748,0.0000,-2.8748,0.9550,0.0000,0.9550,1.1593
25.181,-2.8221,0.0000,-2.8221,0.9555,0.0000,0.9555,1.1593
25.185,-2.7782,0.0000,-2.7782,0.9561,0.0000,0.9561,1.1593
25.192,-2.7101,0.0000,-2.7101,0.9577,0.0000,0.9577,1.1593
25.198,-2.6509,0.0000,-2.6509,0.9597,0.0000,0.9597,1.2368
25.204,-2.5929,0.0000,-2.5929,0.9622,0.0000,0.9622,1.2368
25.209,-2.5444,0.0000,-2.5444,0.9647,0.0000,0.9647,1.2368
25.214,-2.4969,0.0000,-2.4969,0.9674,0.0000,0.9674,1.2368
25.218,-2.4568,0.0000,-2.4568,0.9697,0.0000,0.9697,1.3199
25.225,-2.3906,0.0000,-2.3906,0.9739,0.0000,0.9739,1.3199
25.238,-2.2666,0.0000,-2.2666,0.9831,0.0000,0.9831,1.4187
25.250,-2.1556,0.0000,-2.1556,0.9924,0.0000,0.9924,1.4187
25.257,-2.1015,0.0000,-2.1015,0.9973,0.0000,0.9973,1.5158
25.262,-2.0592,0.0000,-2.0592,1.0013,0.0000,1.0013,1.5158
25.266,-2.0254,0.0000,-2.0254,1.0046,0.0000,1.0046,1.5158
25.270,-1.9895,0.0000,-1.9895,1.0087,0.0000,1.0087,1.5158
25.275,-1.9532,0.0000,-1.9532,1.0133,0.0000,1.0133,1.6052
25.280,-1.9133,0.0000,-1.9133,1.0191,0.0000,1.0191,1.6052
25.284,-1.8817,0.0000,-1.8817,1.0240,0.0000,1.0240,1.6052
25.289,-1.8466,0.0000,-1.8466,1.0300,0.0000,1.0300,1.6052
25.293,-1.8118,0.0000,-1.8118,1.0366,0.0000,1.0366,1.6052
25.297,-1.7812,0.0000,-1.7812,1.0427,0.0000,1.0427,1.7010
25.302,-1.7465,0.0000,-1.7465,1.0503,0.0000,1.0503,1.7010
25.306,-1.7128,0.0000,-1.7128,1.0582,0.0000,1.0582,1.7010
25.311,-1.6833,0.0000,-1.6833,1.0657,0.0000,1.0657,1.7010
25.315,-1.6540,0.0000,-1.6540,1.0734,0.0000,1.0734,1.7916
25.319,-1.6219,0.0000,-1.6219,1.0821,0.0000,1.0821,1.7916
25.324,-1.5912,0.0000,-1.5912,1.0908,0.0000,1.0908,1.7916
25.328,-1.5618,0.0000,-1.5618,1.0994,0.0000,1.0994,1.7916
25.339,-1.4886,0.0000,-1.4886,1.1225,0.0000,1.1225,1.8485
25.344,-1.4575,0.0000,-1.4575,1.1326,0.0000,1.1326,1.8485
25.348,-1.4313,0.0000,-1.4313,1.1414,0.0000,1.1414,1.8485
25.352,-1.4054,0.0000,-1.4054,1.1504,0.0000,1.1504,1.8485
25.357,-1.3786,0.0000,-1.3786,1.1600,0.0000,1.1600,1.8896
25.361,-1.3509,0.0000,-1.3509,1.1706,0.0000,1.1706,1.8896
25.365,-1.3272,0.0000,-1.3272,1.1803,0.0000,1.1803,1.8896
25.370,-1.3015,0.0000,-1.3015,1.1917,0.0000,1.1917,1.8896
25.374,-1.2766,0.0000,-1.2766,1.2037,0.0000,1.2037,1.9210
25.379,-1.2503,0.0000,-1.2503,1.2173,0.0000,1.2173,1.9210
25.383,-1.2241,0.0000,-1.2241,1.2319,0.0000,1.2319,1.9210
25.388,-1.1968,0.0000,-1.1968,1.2483,0.0000,1.2483,1.9210
25.401,-1.1316,0.0000,-1.1316,1.2954,0.0000,1.2954,1.9428
25.407,-1.0981,0.0000,-1.0981,1.3217,0.0000,1.3217,1.9428
25.411,-1.0777,0.0000,-1.0777,1.3384,0.0000,1.3384,1.9428
25.415,-1.0576,0.0000,-1.0576,1.3552,0.0000,1.3552,1.9617
25.420,-1.0343,0.0000,-1.0343,1.3756,0.0000,1.3756,1.9617
25.424,-1.0143,0.0000,-1.0143,1.3936,0.0000,1.3936,1.9617
25.429,-0.9956,0.0000,-0.9956,1.4110,0.0000,1.4110,1.9617
25.433,-0.9767,0.0000,-0.9767,1.4292,0.0000,1.4292,1.9617
25.438,-0.9550,0.0000,-0.9550,1.4510,0.0000,1.4510,1.9783
25.449,-0.9051,0.0000,-0.9051,1.4948,0.0000,1.4948,1.9783
25.453,-0.8861,0.0000,-0.8861,1.5077,0.0000,1.5077,1.9783
25.458,-0.8685,0.0000,-0.8685,1.5161,0.0000,1.5161,1.9851
25.462,-0.8490,0.0000,-0.8490,1.5213,0.0000,1.5213,1.9851
25.467,-0.8322,0.0000,-0.8322,1.5224,0.0000,1.5224,1.9851
25.471,-0.8151,0.0000,-0.8151,1.5200,0.0000,1.5200,1.9851
25.475,-0.7988,0.0000,-0.7988,1.5144,0.0000,1.5144,1.8979
25.480,-0.7808,0.0000,-0.7808,1.5040,0.0000,1.5040,1.8979
25.485,-0.7646,0.0000,-0.7646,1.4910,0.0000,1.4910,1.8979
25.489,-0.7478,0.0000,-0.7478,1.4737,0.0000,1.4737,1.8979
25.494,-0.7303,0.0000,-0.7303,1.4517,0.0000,1.4517,1.7117
25.499,-0.7122,0.0000,-0.7122,1.4299,0.0000,1.4299,1.7117
25.504,-0.6950,0.0000,-0.6950,1.4102,0.0000,1.4102,1.7117
25.509,-0.6791,0.0000,-0.6791,1.3928,0.0000,1.3928,1.7117
25.514,-0.6649,0.0000,-0.6649,1.3779,0.0000,1.3779,1.5305
25.518,-0.6499,0.0000,-0.6499,1.3632,0.0000,1.3632,1.5305
25.524,-0.6326,0.0000,-0.6326,1.3474,0.0000,1.3474,1.5305
25.529,-0.6182,0.0000,-0.6182,1.3352,0.0000,1.3352,1.5305
25.533,-0.6053,0.0000,-0.6053,1.3250,0.0000,1.3250,1.5305
25.538,-0.5904,0.0000,-0.5904,1.3143,0.0000,1.3143,1.5475
25.543,-0.5747,0.0000,-0.5747,1.3040,0.0000,1.3040,1.5475
25.557,-0.5377,0.0000,-0.5377,1.2874,0.0000,1.2874,1.3593
25.569,-0.5049,0.0000,-0.5049,1.2791,0.0000,1.2791,1.3593
25.574,-0.4918,0.0000,-0.4918,1.2770,0.0000,1.2770,1.1737
25.579,-0.4799,0.0000,-0.4799,1.2762,0.0000,1.2762,1.1737
25.592,-0.4505,0.0000,-0.4505,1.2816,0.0000,1.2816,1.1737
25.598,-0.4371,0.0000,-0.4371,1.2856,0.0000,1.2856,1.2036
25.604,-0.4242,0.0000,-0.4242,1.2911,0.0000,1.2911,1.2036
25.608,-0.4143,0.0000,-0.4143,1.2964,0.0000,1.2964,1.2036
25.613,-0.4052,0.0000,-0.4052,1.3023,0.0000,1.3023,1.2036
25.617,-0.3962,0.0000,-0.3962,1.3092,0.0000,1.3092,1.1619
25.622,-0.3863,0.0000,-0.3863,1.3180,0.0000,1.3180,1.1619
25.626,-0.3780,0.0000,-0.3780,1.3263,0.0000,1.3263,1.1619
25.631,-0.3700,0.0000,-0.3700,1.3352,0.0000,1.3352,1.1619
25.635,-0.3618,0.0000,-0.3618,1.3454,0.0000,1.3454,1.0326
25.640,-0.3528,0.0000,-0.3528,1.3579,0.0000,1.3579,1.0326
25.644,-0.3454,0.0000,-0.3454,1.3693,0.0000,1.3693,1.0326
25.648,-0.3379,0.0000,-0.3379,1.3818,0.0000,1.3818,1.0326
25.653,-0.3305,0.0000,-0.3305,1.3952,0.0000,1.3952,1.0326
25.657,-0.3230,0.0000,-0.3230,1.4098,0.0000,1.4098,0.9084
25.663,-0.3144,0.0000,-0.3144,1.4283,0.0000,1.4283,0.9084
25.673,-0.2970,0.0000,-0.2970,1.4731,0.0000,1.4731,0.9084
25.678,-0.2904,0.0000,-0.2904,1.4912,0.0000,1.4912,0.8844
25.682,-0.2834,0.0000,-0.2834,1.5116,0.0000,1.5116,0.8844
25.687,-0.2774,0.0000,-0.2774,1.5303,0.0000,1.5303,0.8844
25.691,-0.2713,0.0000,-0.2713,1.5507,0.0000,1.5507,0.8844
25.695,-0.2652,0.0000,-0.2652,1.5719,0.0000,1.5719,0.8534
25.707,-0.2487,0.0000,-0.2487,1.6404,0.0000,1.6404,0.8534
25.713,-0.2412,0.0000,-0.2412,1.6737,0.0000,1.6737,0.8534
25.718,-0.2348,0.0000,-0.2348,1.7039,0.0000,1.7039,0.8152
25.726,-0.2250,0.0000,-0.2250,1.7549,0.0000,1.7549,0.8152
25.732,-0.2184,0.0000,-0.2184,1.7920,0.0000,1.7920,0.8152
25.737,-0.2125,0.0000,-0.2125,1.8269,0.0000,1.8269,0.6785
25.742,-0.2069,0.0000,-0.2069,1.8615,0.0000,1.8615,0.6785
25.747,-0.2024,0.0000,-0.2024,1.8912,0.0000,1.8912,0.6785
25.751,-0.1979,0.0000,-0.1979,1.9225,0.0000,1.9225,0.6785
25.756,-0.1925,0.0000,-0.1925,1.9616,0.0000,1.9616,0.6315
25.761,-0.1873,0.0000,-0.1873,2.0015,0.0000,2.0015,0.6315
25.766,-0.1831,0.0000,-0.1831,2.0350,0.0000,2.0350,0.6315
25.770,-0.1786,0.0000,-0.1786,2.0735,0.0000,2.0735,0.6315
25.782,-0.1676,0.0000,-0.1676,2.1782,0.0000,2.1782,0.5775
25.787,-0.1629,0.0000,-0.1629,2.2250,0.0000,2.2250,0.5775
25.793,-0.1584,0.0000,-0.1584,2.2721,0.0000,2.2721,0.5775
25.797,-0.1546,0.0000,-0.1546,2.3140,0.0000,2.3140,0.6189
25.802,-0.1506,0.0000,-0.1506,2.3595,0.0000,2.3595,0.6189
25.808,-0.1461,0.0000,-0.1461,2.4144,0.0000,2.4144,0.6189
25.812,-0.1427,0.0000,-0.1427,2.4567,0.0000,2.4567,0.6189
25.816,-0.1395,0.0000,-0.1395,2.4990,0.0000,2.4990,0.4730
25.823,-0.1348,0.0000,-0.1348,2.5638,0.0000,2.5638,0.4730
25.828,-0.1314,0.0000,-0.1314,2.6127,0.0000,2.6127,0.4730
25.832,-0.1284,0.0000,-0.1284,2.6575,0.0000,2.6575,0.4730
25.837,-0.1251,0.0000,-0.1251,2.7094,0.0000,2.7094,0.5056
25.843,-0.1210,0.0000,-0.1210,2.7754,0.0000,2.7754,0.5056
25.847,-0.1181,0.0000,-0.1181,2.8254,0.0000,2.8254,0.5056
25.862,-0.1088,0.0000,-0.1088,3.0037,0.0000,3.0037,0.3665
25.869,-0.1048,0.0000,-0.1048,3.0829,0.0000,3.0829,0.3665
25.874,-0.1018,0.0000,-0.1018,3.1446,0.0000,3.1446,0.3303
25.887,-0.0951,0.0000,-0.0951,3.2974,0.0000,3.2974,0.3303
25.891,-0.0928,0.0000,-0.0928,3.3500,0.0000,3.3500,0.3303
25.896,-0.0905,0.0000,-0.0905,3.4060,0.0000,3.4060,0.2923
25.901,-0.0881,0.0000,-0.0881,3.4652,0.0000,3.4652,0.2923
25.905,-0.0859,0.0000,-0.0859,3.5207,0.0000,3.5207,0.2923
25.909,-0.0840,0.0000,-0.0840,3.5725,0.0000,3.5725,0.2923
25.914,-0.0821,0.0000,-0.0821,3.6232,0.0000,3.6232,0.2923
25.918,-0.0802,0.0000,-0.0802,3.6745,0.0000,3.6745,0.2517
25.923,-0.0780,0.0000,-0.0780,3.7377,0.0000,3.7377,0.2517
25.927,-0.0761,0.0000,-0.0761,3.7909,0.0000,3.7909,0.2517
25.932,-0.0742,0.0000,-0.0742,3.8476,0.0000,3.8476,0.2517
25.937,-0.0724,0.0000,-0.0724,3.9043,0.0000,3.9043,0.2085
25.942,-0.0703,0.0000,-0.0703,3.9670,0.0000,3.9670,0.2085
25.946,-0.0687,0.0000,-0.0687,4.0204,0.0000,4.0204,0.2085
25.950,-0.0671,0.0000,-0.0671,4.0703,0.0000,4.0703,0.2085
25.955,-0.0655,0.0000,-0.0655,4.1244,0.0000,4.1244,0.1622
25.960,-0.0637,0.0000,-0.0637,4.1820,0.0000,4.1820,0.1622
25.964,-0.0622,0.0000,-0.0622,4.2331,0.0000,4.2331,0.1622
25.968,-0.0608,0.0000,-0.0608,4.2822,0.0000,4.2822,0.1622
25.973,-0.0593,0.0000,-0.0593,4.3349,0.0000,4.3349,0.1622
25.977,-0.0579,0.0000,-0.0579,4.3851,0.0000,4.3851,0.1257
25.982,-0.0563,0.0000,-0.0563,4.4433,0.0000,4.4433,0.1257
25.993,-0.0529,0.0000,-0.0529,4.5688,0.0000,4.5688,0.1257
25.998,-0.0516,0.0000,-0.0516,4.6163,0.0000,4.6163,0.1716
26.010,-0.0482,0.0000,-0.0482,4.7454,0.0000,4.7454,0.1716
26.015,-0.0467,0.0000,-0.0467,4.7995,0.0000,4.7995,0.2065
26.020,-0.0455,0.0000,-0.0455,4.8450,0.0000,4.8450,0.2065
26.025,-0.0443,0.0000,-0.0443,4.8879,0.0000,4.8879,0.2065
26.029,-0.0433,0.0000,-0.0433,4.9271,0.0000,4.9271,0.2065
26.033,-0.0423,0.0000,-0.0423,4.9630,0.0000,4.9630,0.2065
26.037,-0.0413,0.0000,-0.0413,5.0000,0.0000,5.0000,0.2381
26.043,-0.0400,0.0000,-0.0400,5.0463,0.0000,5.0463,0.2381
26.047,-0.0391,0.0000,-0.0391,5.0805,0.0000,5.0805,0.2381
26.052,-0.0382,0.0000,-0.0382,5.1123,0.0000,5.1123,0.2381
26.057,-0.0370,0.0000,-0.0370,5.1525,0.0000,5.1525,0.2642
26.062,-0.0359,0.0000,-0.0359,5.1891,0.0000,5.1891,0.2642
26.067,-0.0351,0.0000,-0.0351,5.2167,0.0000,5.2167,0.2642
26.071,-0.0341,0.0000,-0.0341,5.2456,0.0000,5.2456,0.2642
26.077,-0.0331,0.0000,-0.0331,5.2771,0.0000,5.2771,0.1218
26.082,-0.0322,0.0000,-0.0322,5.3028,0.0000,5.3028,0.1218
26.086,-0.0314,0.0000,-0.0314,5.3244,0.0000,5.3244,0.1218
26.092,-0.0304,0.0000,-0.0304,5.3511,0.0000,5.3511,0.1218
26.103,-0.0285,0.0000,-0.0285,5.3929,0.0000,5.3929,0.1483
26.109,-0.0277,0.0000,-0.0277,5.4094,0.0000,5.4094,0.1483
26.113,-0.0270,0.0000,-0.0270,5.4213,0.0000,5.4213,0.1483
26.117,-0.0263,0.0000,-0.0263,5.4315,0.0000,5.4315,0.0931
26.123,-0.0254,0.0000,-0.0254,5.4430,0.0000,5.4430,0.0931
26.128,-0.0248,0.0000,-0.0248,5.4497,0.0000,5.4497,0.0931
26.132,-0.0242,0.0000,-0.0242,5.4546,0.0000,5.4546,0.0931
26.137,-0.0236,0.0000,-0.0236,5.4579,0.0000,5.4579,0.1087
26.142,-0.0228,0.0000,-0.0228,5.4595,0.0000,5.4595,0.1087
26.147,-0.0223,0.0000,-0.0223,5.4591,0.0000,5.4591,0.1087
26.151,-0.0217,0.0000,-0.0217,5.4572,0.0000,5.4572,0.1087
26.163,-0.0203,0.0000,-0.0203,5.4403,0.0000,5.4403,0.0436
26.170,-0.0196,0.0000,-0.0196,5.4284,0.0000,5.4284,0.0436
26.174,-0.0191,0.0000,-0.0191,5.4183,0.0000,5.4183,0.0349
26.179,-0.0185,0.0000,-0.0185,5.4033,0.0000,5.4033,0.0349
26.183,-0.0181,0.0000,-0.0181,5.3870,0.0000,5.3870,0.0349
26.188,-0.0176,0.0000,-0.0176,5.3653,0.0000,5.3653,0.0349
26.192,-0.0172,0.0000,-0.0172,5.3419,0.0000,5.3419,0.0349
26.196,-0.0168,0.0000,-0.0168,5.3144,0.0000,5.3144,-0.0489
26.202,-0.0163,0.0000,-0.0163,5.2760,0.0000,5.2760,-0.0489
26.213,-0.0153,0.0000,-0.0153,5.1812,0.0000,5.1812,-0.0489
26.217,-0.0149,0.0000,-0.0149,5.1439,0.0000,5.1439,-0.0542
26.222,-0.0145,0.0000,-0.0145,5.0977,0.0000,5.0977,-0.0542
26.227,-0.0141,0.0000,-0.0141,5.0586,0.0000,5.0586,-0.0542
26.231,-0.0138,0.0000,-0.0138,5.0204,0.0000,5.0204,-0.0542
26.235,-0.0134,0.0000,-0.0134,4.9863,0.0000,4.9863,-0.0625
26.240,-0.0131,0.0000,-0.0131,4.9487,0.0000,4.9487,-0.0625
26.244,-0.0128,0.0000,-0.0128,4.9179,0.0000,4.9179,-0.0625
26.249,-0.0125,0.0000,-0.0125,4.8895,0.0000,4.8895,-0.0625
26.253,-0.0122,0.0000,-0.0122,4.8621,0.0000,4.8621,-0.0625
26.257,-0.0118,0.0000,-0.0118,4.8349,0.0000,4.8349,-0.0764
26.262,-0.0115,0.0000,-0.0115,4.8078,0.0000,4.8078,-0.0764
26.266,-0.0112,0.0000,-0.0112,4.7856,0.0000,4.7856,-0.0764
26.271,-0.0110,0.0000,-0.0110,4.7637,0.0000,4.7637,-0.0764
26.275,-0.0107,0.0000,-0.0107,4.7442,0.0000,4.7442,-0.0954
26.280,-0.0104,0.0000,-0.0104,4.7242,0.0000,4.7242,-0.0954
26.284,-0.0101,0.0000,-0.0101,4.7076,0.0000,4.7076,-0.0954
26.289,-0.0099,0.0000,-0.0099,4.6911,0.0000,4.6911,-0.0954
26.293,-0.0096,0.0000,-0.0096,4.6775,0.0000,4.6775,-0.0954
26.297,-0.0094,0.0000,-0.0094,4.6651,0.0000,4.6651,-0.1193
26.303,-0.0091,0.0000,-0.0091,4.6507,0.0000,4.6507,-0.1193
26.316,-0.0085,0.0000,-0.0085,4.6261,0.0000,4.6261,-0.1476
26.329,-0.0078,0.0000,-0.0078,4.6094,0.0000,4.6094,-0.1476
26.334,-0.0076,0.0000,-0.0076,4.6048,0.0000,4.6048,-0.1796
26.341,-0.0073,0.0000,-0.0073,4.6010,0.0000,4.6010,-0.1796
26.345,-0.0071,0.0000,-0.0071,4.5991,0.0000,4.5991,-0.1796
26.350,-0.0069,0.0000,-0.0069,4.5981,0.0000,4.5981,-0.1796
26.355,-0.0067,0.0000,-0.0067,4.5980,0.0000,4.5980,-0.2115
26.360,-0.0065,0.0000,-0.0065,4.5989,0.0000,4.5989,-0.2115
26.365,-0.0064,0.0000,-0.0064,4.6003,0.0000,4.6003,-0.2115
26.369,-0.0062,0.0000,-0.0062,4.6025,0.0000,4.6025,-0.2115
26.374,-0.0060,0.0000,-0.0060,4.6057,0.0000,4.6057,-0.2468
26.380,-0.0058,0.0000,-0.0058,4.6098,0.0000,4.6098,-0.2468
26.385,-0.0057,0.0000,-0.0057,4.6144,0.0000,4.6144,-0.2468
26.389,-0.0055,0.0000,-0.0055,4.6192,0.0000,4.6192,-0.2468
26.394,-0.0054,0.0000,-0.0054,4.6241,0.0000,4.6241,-0.2468
26.398,-0.0052,0.0000,-0.0052,4.6292,0.0000,4.6292,-0.2845
26.403,-0.0051,0.0000,-0.0051,4.6358,0.0000,4.6358,-0.2845
26.407,-0.0050,0.0000,-0.0050,4.6425,0.0000,4.6425,-0.2845
26.412,-0.0048,0.0000,-0.0048,4.6489,0.0000,4.6489,-0.2845
26.416,-0.0047,0.0000,-0.0047,4.6555,0.0000,4.6555,-0.3279
26.421,-0.0046,0.0000,-0.0046,4.6642,0.0000,4.6642,-0.3279
26.432,-0.0043,0.0000,-0.0043,4.6847,0.0000,4.6847,-0.3279
26.437,-0.0042,0.0000,-0.0042,4.6932,0.0000,4.6932,-0.3727
26.442,-0.0040,0.0000,-0.0040,4.7022,0.0000,4.7022,-0.3727
26.446,-0.0039,0.0000,-0.0039,4.7103,0.0000,4.7103,-0.3727
26.451,-0.0039,0.0000,-0.0039,4.7181,0.0000,4.7181,-0.3727
26.455,-0.0038,0.0000,-0.0038,4.7271,0.0000,4.7271,-0.4054
26.467,-0.0035,0.0000,-0.0035,4.7516,0.0000,4.7516,-0.4054
26.473,-0.0034,0.0000,-0.0034,4.7628,0.0000,4.7628,-0.4054
26.478,-0.0033,0.0000,-0.0033,4.7716,0.0000,4.7716,-0.4200
26.483,-0.0032,0.0000,-0.0032,4.7809,0.0000,4.7809,-0.4200
26.487,-0.0031,0.0000,-0.0031,4.7897,0.0000,4.7897,-0.4200
26.492,-0.0030,0.0000,-0.0030,4.7979,0.0000,4.7979,-0.4200
26.496,-0.0030,0.0000,-0.0030,4.8058,0.0000,4.8058,-0.4336
26.501,-0.0029,0.0000,-0.0029,4.8142,0.0000,4.8142,-0.4336
26.506,-0.0028,0.0000,-0.0028,4.8234,0.0000,4.8234,-0.4336
26.511,-0.0027,0.0000,-0.0027,4.8314,0.0000,4.8314,-0.4336
26.515,-0.0026,0.0000,-0.0026,4.8387,0.0000,4.8387,-0.4491
26.520,-0.0026,0.0000,-0.0026,4.8470,0.0000,4.8470,-0.4491
26.525,-0.0025,0.0000,-0.0025,4.8547,0.0000,4.8547,-0.4491
26.532,-0.0024,0.0000,-0.0024,4.8653,0.0000,4.8653,-0.4491
26.544,-0.0022,0.0000,-0.0022,4.8825,0.0000,4.8825,-0.4873
26.549,-0.0022,0.0000,-0.0022,4.8890,0.0000,4.8890,-0.4873
26.554,-0.0021,0.0000,-0.0021,4.8950,0.0000,4.8950,-0.5282
26.559,-0.0020,0.0000,-0.0020,4.9002,0.0000,4.9002,-0.5282
26.563,-0.0020,0.0000,-0.0020,4.9047,0.0000,4.9047,-0.5282
26.567,-0.0019,0.0000,-0.0019,4.9088,0.0000,4.9088,-0.5282
26.573,-0.0019,0.0000,-0.0019,4.9134,0.0000,4.9134,-0.5282
26.577,-0.0018,0.0000,-0.0018,4.9169,0.0000,4.9169,-0.5678
26.582,-0.0018,0.0000,-0.0018,4.9203,0.0000,4.9203,-0.5678
26.587,-0.0017,0.0000,-0.0017,4.9235,0.0000,4.9235,-0.5678
26.591,-0.0017,0.0000,-0.0017,4.9261,0.0000,4.9261,-0.5678
26.595,-0.0016,0.0000,-0.0016,4.9282,0.0000,4.9282,-0.6190
26.601,-0.0016,0.0000,-0.0016,4.9301,0.0000,4.9301,-0.6190
26.606,-0.0015,0.0000,-0.0015,4.9314,0.0000,4.9314,-0.6190
26.617,-0.0014,0.0000,-0.0014,4.9322,0.0000,4.9322,-0.6689
26.623,-0.0014,0.0000,-0.0014,4.9318,0.0000,4.9318,-0.6689
26.627,-0.0014,0.0000,-0.0014,4.9311,0.0000,4.9311,-0.6689
26.632,-0.0013,0.0000,-0.0013,4.9300,0.0000,4.9300,-0.6689
26.636,-0.0013,0.0000,-0.0013,4.9284,0.0000,4.9284,-0.7155
26.642,-0.0012,0.0000,-0.0012,4.9259,0.0000,4.9259,-0.7155
26.653,-0.0012,0.0000,-0.0012,4.9181,0.0000,4.9181,-0.7155
26.657,-0.0011,0.0000,-0.0011,4.9144,0.0000,4.9144,-0.7580
26.662,-0.0011,0.0000,-0.0011,4.9102,0.0000,4.9102,-0.7580
26.667,-0.0011,0.0000,-0.0011,4.9058,0.0000,4.9058,-0.7580
26.671,-0.0010,0.0000,-0.0010,4.9009,0.0000,4.9009,-0.7580
26.676,-0.0010,0.0000,-0.0010,4.8960,0.0000,4.8960,-0.7965
26.681,-0.0010,0.0000,-0.0010,4.8896,0.0000,4.8896,-0.7965
26.685,-0.0010,0.0000,-0.0010,4.8835,0.0000,4.8835,-0.7965
26.690,-0.0009,0.0000,-0.0009,4.8762,0.0000,4.8762,-0.7965
26.695,-0.0009,0.0000,-0.0009,4.8690,0.0000,4.8690,-0.8306
26.700,-0.0009,0.0000,-0.0009,4.8609,0.0000,4.8609,-0.8306
26.704,-0.0009,0.0000,-0.0009,4.8524,0.0000,4.8524,-0.8306
26.709,-0.0008,0.0000,-0.0008,4.8436,0.0000,4.8436,-0.8306
26.714,-0.0008,0.0000,-0.0008,4.8339,0.0000,4.8339,-0.8501
26.720,-0.0008,0.0000,-0.0008,4.8228,0.0000,4.8228,-0.8501
26.725,-0.0008,0.0000,-0.0008,4.8121,0.0000,4.8121,-0.8501
26.729,-0.0007,0.0000,-0.0007,4.8019,0.0000,4.8019,-0.8501
26.734,-0.0007,0.0000,-0.0007,4.7915,0.0000,4.7915,-0.8474
26.739,-0.0007,0.0000,-0.0007,4.7780,0.0000,4.7780,-0.8474
26.744,-0.0007,0.0000,-0.0007,4.7658,0.0000,4.7658,-0.8474
26.757,-0.0006,0.0000,-0.0006,4.7291,0.0000,4.7291,-0.8391
26.771,-0.0006,0.0000,-0.0006,4.6865,0.0000,4.6865,-0.8391
26.776,-0.0006,0.0000,-0.0006,4.6693,0.0000,4.6693,-0.8288
26.782,-0.0005,0.0000,-0.0005,4.6535,0.0000,4.6535,-0.8288
26.787,-0.0005,0.0000,-0.0005,4.6372,0.0000,4.6372,-0.8288
26.792,-0.0005,0.0000,-0.0005,4.6211,0.0000,4.6211,-0.8288
26.797,-0.0005,0.0000,-0.0005,4.6037,0.0000,4.6037,-0.8384
26.803,-0.0005,0.0000,-0.0005,4.5824,0.0000,4.5824,-0.8384
26.808,-0.0005,0.0000,-0.0005,4.5631,0.0000,4.5631,-0.8384
26.813,-0.0004,0.0000,-0.0004,4.5463,0.0000,4.5463,-0.8384
26.818,-0.0004,0.0000,-0.0004,4.5294,0.0000,4.5294,-0.8473
26.823,-0.0004,0.0000,-0.0004,4.5094,0.0000,4.5094,-0.8473
26.828,-0.0004,0.0000,-0.0004,4.4909,0.0000,4.4909,-0.8473
26.833,-0.0004,0.0000,-0.0004,4.4724,0.0000,4.4724,-0.8473
26.839,-0.0004,0.0000,-0.0004,4.4489,0.0000,4.4489,-0.8225
26.844,-0.0004,0.0000,-0.0004,4.4279,0.0000,4.4279,-0.8225
26.849,-0.0004,0.0000,-0.0004,4.4078,0.0000,4.4078,-0.8225
26.861,-0.0003,0.0000,-0.0003,4.3565,0.0000,4.3565,-0.7905
26.867,-0.0003,0.0000,-0.0003,4.3350,0.0000,4.3350,-0.7905
26.872,-0.0003,0.0000,-0.0003,4.3111,0.0000,4.3111,-0.7905
26.877,-0.0003,0.0000,-0.0003,4.2903,0.0000,4.2903,-0.7570
26.882,-0.0003,0.0000,-0.0003,4.2677,0.0000,4.2677,-0.7570
26.887,-0.0003,0.0000,-0.0003,4.2458,0.0000,4.2458,-0.7570
26.892,-0.0003,0.0000,-0.0003,4.2253,0.0000,4.2253,-0.7570
26.897,-0.0003,0.0000,-0.0003,4.2060,0.0000,4.2060,-0.7222
26.902,-0.0003,0.0000,-0.0003,4.1800,0.0000,4.1800,-0.7222
26.908,-0.0003,0.0000,-0.0003,4.1560,0.0000,4.1560,-0.7222
26.920,-0.0002,0.0000,-0.0002,4.0990,-0.0102,4.0887,-0.6537
26.926,-0.0002,0.0000,-0.0002,4.0697,-0.0102,4.0595,-0.6537
26.930,-0.0002,0.0000,-0.0002,4.0499,-0.0102,4.0396,-0.6537
26.935,-0.0002,0.0000,-0.0002,4.0295,-0.0205,4.0090,-0.5784
26.940,-0.0002,0.0000,-0.0002,4.0059,-0.0205,3.9853,-0.5784
26.944,-0.0002,0.0000,-0.0002,3.9860,-0.0205,3.9655,-0.5784
26.949,-0.0002,0.0000,-0.0002,3.9638,-0.0205,3.9432,-0.5784
26.953,-0.0002,0.0000,-0.0002,3.9426,-0.0205,3.9221,-0.5784
26.959,-0.0002,0.0000,-0.0002,3.9190,-0.0305,3.8885,-0.5045
26.970,-0.0002,0.0000,-0.0002,3.8621,-0.0305,3.8316,-0.5045
26.975,-0.0002,0.0000,-0.0002,3.8399,-0.0390,3.8008,-0.4538
26.979,-0.0002,0.0000,-0.0002,3.8175,-0.0390,3.7784,-0.4538
26.984,-0.0002,0.0000,-0.0002,3.7972,-0.0390,3.7582,-0.4538
26.989,-0.0002,0.0000,-0.0002,3.7726,-0.0390,3.7335,-0.4538
26.993,-0.0001,0.0000,-0.0001,3.7558,-0.0390,3.7168,-0.4538
26.997,-0.0001,0.0000,-0.0001,3.7469,-0.0471,3.6998,-0.4069
27.002,-0.0001,0.0000,-0.0001,3.7463,-0.0471,3.6992,-0.4069
27.007,-0.0001,0.0000,-0.0001,3.7550,-0.0471,3.7079,-0.4069
27.011,-0.0001,0.0000,-0.0001,3.7698,-0.0471,3.7227,-0.4069
27.015,-0.0001,0.0000,-0.0001,3.7902,-0.0549,3.7353,-0.3600
27.020,-0.0001,0.0000,-0.0001,3.8247,-0.0549,3.7698,-0.3600
27.025,-0.0001,0.0000,-0.0001,3.8600,-0.0549,3.8051,-0.3600
27.029,-0.0001,0.0000,-0.0001,3.9011,-0.0549,3.8462,-0.3600
27.033,-0.0001,0.0000,-0.0001,3.9474,-0.0549,3.8925,-0.3600
27.039,-0.0001,0.0000,-0.0001,4.0113,-0.0623,3.9490,-0.3134
27.044,-0.0001,0.0000,-0.0001,4.0827,-0.0623,4.0204,-0.3134
27.049,-0.0001,0.0000,-0.0001,4.1335,-0.0623,4.0712,-0.3134
27.054,-0.0001,0.0000,-0.0001,4.1886,-0.0694,4.1192,-0.2668
27.060,-0.0001,0.0000,-0.0001,4.2396,-0.0694,4.1702,-0.2668
27.073,-0.0001,0.0000,-0.0001,4.3319,-0.0694,4.2625,-0.2668
27.079,-0.0001,0.0000,-0.0001,4.3659,-0.0761,4.2898,-0.2206
27.085,-0.0001,0.0000,-0.0001,4.3912,-0.0761,4.3151,-0.2206
27.091,-0.0001,0.0000,-0.0001,4.4082,-0.0761,4.3321,-0.2206
27.095,-0.0001,0.0000,-0.0001,4.4182,-0.0837,4.3344,-0.1496
27.100,-0.0001,0.0000,-0.0001,4.4259,-0.0837,4.3422,-0.1496
27.114,-0.0001,0.0000,-0.0001,4.4185,-0.0931,4.3254,-0.0363
27.122,-0.0001,0.0000,-0.0001,4.4072,-0.0931,4.3141,-0.0363
27.128,-0.0001,0.0000,-0.0001,4.3959,-0.0931,4.3029,-0.0363
27.132,-0.0001,0.0000,-0.0001,4.3868,-0.0931,4.2938,-0.0363
27.137,-0.0001,0.0000,-0.0001,4.3755,-0.1022,4.2733,0.0827
27.142,-0.0001,0.0000,-0.0001,4.3617,-0.1022,4.2595,0.0827
27.146,-0.0001,0.0000,-0.0001,4.3487,-0.1022,4.2466,0.0827
27.151,-0.0001,0.0000,-0.0001,4.3349,-0.1022,4.2328,0.0827
27.155,-0.0001,0.0000,-0.0001,4.3183,-0.1104,4.2079,0.1959
27.161,-0.0001,0.0000,-0.0001,4.2958,-0.1104,4.1854,0.1959
27.173,0.0000,0.0000,0.0000,4.2380,-0.1104,4.1276,0.1959
27.177,0.0000,0.0000,0.0000,4.2152,-0.1176,4.0976,0.3016
27.182,0.0000,0.0000,0.0000,4.1883,-0.1176,4.0706,0.3016
27.187,0.0000,0.0000,0.0000,4.1636,-0.1176,4.0459,0.3016
27.191,0.0000,0.0000,0.0000,4.1369,-0.1176,4.0193,0.3016
27.196,0.0000,0.0000,0.0000,4.1114,-0.1238,3.9875,0.3992
27.200,0.0000,0.0000,0.0000,4.0800,-0.1238,3.9562,0.3992
27.205,0.0000,0.0000,0.0000,4.0480,-0.1238,3.9241,0.3992
27.210,0.0000,0.0000,0.0000,4.0179,-0.1238,3.8940,0.3992
27.222,0.0000,0.0000,0.0000,3.9311,-0.1301,3.8010,0.5140
27.228,0.0000,0.0000,0.0000,3.8903,-0.1301,3.7602,0.5140
27.233,0.0000,0.0000,0.0000,3.8620,-0.1301,3.7319,0.5140
27.237,0.0000,0.0000,0.0000,3.8306,-0.1356,3.6950,0.6252
27.242,0.0000,0.0000,0.0000,3.7970,-0.1356,3.6614,0.6252
27.247,0.0000,0.0000,0.0000,3.7678,-0.1356,3.6323,0.6252
27.251,0.0000,0.0000,0.0000,3.7403,-0.1356,3.6047,0.6252
27.256,0.0000,0.0000,0.0000,3.7071,-0.1398,3.5673,0.7258
27.261,0.0000,0.0000,0.0000,3.6727,-0.1398,3.5329,0.7258
27.265,0.0000,0.0000,0.0000,3.6434,-0.1398,3.5035,0.7258
27.269,0.0000,0.0000,0.0000,3.6093,-0.1398,3.4695,0.7258
27.275,0.0000,0.0000,0.0000,3.5719,-0.1430,3.4289,0.8153
27.286,0.0000,0.0000,0.0000,3.4813,-0.1430,3.3384,0.8153
27.291,0.0000,0.0000,0.0000,3.4480,-0.1430,3.3050,0.8153
27.295,0.0000,0.0000,0.0000,3.4161,-0.1477,3.2684,0.9649
27.300,0.0000,0.0000,0.0000,3.3798,-0.1477,3.2321,0.9649
27.305,0.0000,0.0000,0.0000,3.3446,-0.1477,3.1969,0.9649
27.309,0.0000,0.0000,0.0000,3.3131,-0.1477,3.1653,0.9649
27.314,0.0000,0.0000,0.0000,3.2823,-0.1518,3.1305,1.1197
27.319,0.0000,0.0000,0.0000,3.2469,-0.1518,3.0951,1.1197
27.323,0.0000,0.0000,0.0000,3.2136,-0.1518,3.0617,1.1197
27.328,0.0000,0.0000,0.0000,3.1827,-0.1518,3.0308,1.1197
27.332,0.0000,0.0000,0.0000,3.1506,-0.1518,2.9988,1.1197
27.337,0.0000,0.0102,0.0102,3.1158,-0.1556,2.9602,1.2896
27.342,0.0000,0.0102,0.0102,3.0830,-0.1556,2.9274,1.2896
27.346,0.0000,0.0102,0.0102,3.0539,-0.1556,2.8983,1.2896
27.351,0.0000,0.0102,0.0102,3.0235,-0.1556,2.8678,1.2896
27.356,0.0000,0.0198,0.0197,2.9897,-0.1582,2.8315,1.4472
27.362,0.0000,0.0198,0.0197,2.9524,-0.1582,2.7942,1.4472
27.374,0.0000,0.0281,0.0281,2.8635,-0.1593,2.7042,1.5816
27.382,0.0000,0.0281,0.0281,2.8140,-0.1593,2.6548,1.5816
27.387,0.0000,0.0281,0.0281,2.7786,-0.1593,2.6193,1.5816
27.398,0.0000,0.0213,0.0213,2.7011,-0.1522,2.5489,1.4484
27.405,0.0000,0.0213,0.0213,2.6588,-0.1522,2.5066,1.4484
27.411,0.0000,0.0213,0.0213,2.6197,-0.1522,2.4675,1.4484
27.417,0.0000,0.0147,0.0147,2.5856,-0.1453,2.4403,1.3174
27.423,0.0000,0.0147,0.0147,2.5480,-0.1453,2.4027,1.3174
27.428,0.0000,0.0147,0.0147,2.5168,-0.1453,2.3714,1.3174
27.432,0.0000,0.0147,0.0147,2.4905,-0.1453,2.3451,1.3174
27.438,0.0000,0.0152,0.0152,2.4592,-0.1414,2.3179,1.3079
27.443,0.0000,0.0152,0.0152,2.4291,-0.1414,2.2877,1.3079
27.448,0.0000,0.0152,0.0152,2.4025,-0.1414,2.2611,1.3079
27.452,0.0000,0.0152,0.0152,2.3775,-0.1414,2.2361,1.3079
27.457,0.0000,0.0000,0.0000,2.3511,-0.1320,2.2191,1.0515
27.462,0.0000,0.0000,0.0000,2.3229,-0.1320,2.1909,1.0515
27.467,0.0000,0.0000,0.0000,2.2985,-0.1320,2.1665,1.0515
27.472,0.0000,0.0000,0.0000,2.2674,-0.1320,2.1354,1.0515
27.477,0.0000,0.0000,0.0000,2.2433,-0.1285,2.1148,1.0792
27.482,0.0000,0.0000,0.0000,2.2173,-0.1285,2.0887,1.0792
27.486,0.0000,0.0000,0.0000,2.1928,-0.1285,2.0643,1.0792
27.492,0.0000,0.0000,0.0000,2.1649,-0.1285,2.0364,1.0792
27.503,0.0000,0.0000,0.0000,2.1049,-0.1255,1.9794,1.1378
27.509,0.0000,0.0000,0.0000,2.0737,-0.1255,1.9481,1.1378
27.514,0.0000,0.0000,0.0000,2.0489,-0.1202,1.9288,1.0591
27.527,0.0000,0.0000,0.0000,1.9841,-0.1202,1.8639,1.0591
27.532,0.0003,0.0000,0.0003,1.9569,-0.1202,1.8367,1.0591
27.537,0.0009,0.0000,0.0009,1.9360,-0.1148,1.8212,0.9756
27.542,0.0024,0.0000,0.0024,1.9131,-0.1148,1.7983,0.9756
27.546,0.0044,0.0000,0.0044,1.8941,-0.1148,1.7793,0.9756
27.550,0.0073,0.0000,0.0073,1.8746,-0.1148,1.7598,0.9756
27.556,0.0120,0.0158,0.0278,1.8512,-0.1132,1.7380,1.1930
27.561,0.0180,0.0158,0.0338,1.8291,-0.1132,1.7159,1.1930
27.566,0.0246,0.0158,0.0404,1.8097,-0.1132,1.6966,1.1930
27.570,0.0324,0.0158,0.0482,1.7909,-0.1132,1.6778,1.1930
27.575,0.0410,0.0000,0.0410,1.7733,-0.1066,1.6667,0.9865
27.579,0.0519,0.0000,0.0519,1.7540,-0.1066,1.6475,0.9865
27.584,0.0629,0.0000,0.0629,1.7371,-0.1066,1.6305,0.9865
27.588,0.0758,0.0000,0.0758,1.7193,-0.1066,1.6127,0.9865
27.592,0.0892,0.0000,0.0892,1.7027,-0.1066,1.5962,0.9865
27.597,0.1039,0.0000,0.1039,1.6864,-0.1040,1.5824,1.0969
27.602,0.1257,0.0000,0.1257,1.6644,-0.1040,1.5604,1.0969
27.614,0.1760,0.0000,0.1760,1.6205,-0.0997,1.5208,1.0574
27.619,0.1995,0.0000,0.1995,1.6028,-0.0997,1.5031,1.0574
27.623,0.2219,0.0000,0.2219,1.5871,-0.0997,1.4874,1.0574
27.627,0.2444,0.0000,0.2444,1.5726,-0.0997,1.4728,1.0574
27.631,0.2682,0.0000,0.2682,1.5581,-0.0997,1.4583,1.0574
27.635,0.2920,0.0000,0.2920,1.5445,-0.0955,1.4490,1.0106
27.640,0.3218,0.0000,0.3218,1.5286,-0.0955,1.4330,1.0106
27.645,0.3490,0.0000,0.3490,1.5150,-0.0955,1.4195,1.0106
27.649,0.3760,0.0000,0.3760,1.5022,-0.0955,1.4067,1.0106
27.653,0.4045,0.0000,0.4045,1.4894,-0.0955,1.3939,1.0106
27.657,0.4353,-0.0121,0.4233,1.4763,-0.0899,1.3864,0.8023
27.662,0.4730,-0.0121,0.4609,1.4612,-0.0899,1.3713,0.8023
27.667,0.5061,-0.0121,0.4940,1.4487,-0.0899,1.3588,0.8023
27.679,0.6015,-0.0138,0.5877,1.4153,-0.0864,1.3289,0.7462
27.685,0.6501,-0.0138,0.6363,1.3999,-0.0864,1.3135,0.7462
27.689,0.6870,-0.0138,0.6732,1.3888,-0.0864,1.3024,0.7462
27.695,0.7305,0.0000,0.7305,1.3763,-0.0846,1.2917,0.8324
27.699,0.7722,0.0000,0.7722,1.3647,-0.0846,1.2801,0.8324
27.704,0.8130,0.0000,0.8130,1.3538,-0.0846,1.2691,0.8324
27.709,0.8515,0.0000,0.8515,1.3438,-0.0846,1.2592,0.8324
27.713,0.8899,0.0000,0.8899,1.3342,-0.0846,1.2495,0.8324
27.725,0.9962,-0.0178,0.9784,1.3086,-0.0780,1.2306,0.4726
27.729,1.0394,-0.0178,1.0217,1.2987,-0.0780,1.2207,0.4726
27.734,1.0778,0.0000,1.0778,1.2902,-0.0785,1.2116,0.7820
27.739,1.1296,0.0000,1.1296,1.2791,-0.0785,1.2005,0.7820
27.745,1.1781,0.0000,1.1781,1.2691,-0.0785,1.1906,0.7820
27.749,1.2199,0.0000,1.2199,1.2609,-0.0785,1.1823,0.7820
27.754,1.2661,0.0000,1.2661,1.2521,-0.0757,1.1764,0.7644
27.760,1.3206,0.0000,1.3206,1.2423,-0.0757,1.1665,0.7644
27.765,1.3642,0.0000,1.3642,1.2347,-0.0757,1.1589,0.7644
27.769,1.4041,0.0000,1.4041,1.2277,-0.0757,1.1520,0.7644
27.774,1.4467,0.0000,1.4467,1.2204,-0.0728,1.1476,0.7293
27.779,1.4879,0.0000,1.4879,1.2133,-0.0728,1.1405,0.7293
27.783,1.5228,0.0000,1.5228,1.2074,-0.0728,1.1346,0.7293
27.788,1.5645,0.0000,1.5645,1.2004,-0.0728,1.1275,0.7293
27.793,1.5980,0.0000,1.5980,1.1948,-0.0728,1.1220,0.7293
27.797,1.6295,-0.0103,1.6192,1.1896,-0.0674,1.1223,0.3736
27.802,1.6664,-0.0103,1.6561,1.1836,-0.0674,1.1162,0.3736
27.807,1.7002,-0.0103,1.6899,1.1780,-0.0674,1.1106,0.3736
27.811,1.7281,-0.0103,1.7178,1.1733,-0.0674,1.1060,0.3736
27.815,1.7568,0.0000,1.7568,1.1685,-0.0669,1.1016,0.6226
27.822,1.8008,0.0000,1.8008,1.1607,-0.0669,1.0938,0.6226
27.835,1.8839,0.0000,1.8839,1.1456,-0.0621,1.0835,0.2731
27.843,1.9305,0.0000,1.9305,1.1369,-0.0621,1.0748,0.2731
27.848,1.9585,0.0000,1.9585,1.1318,-0.0621,1.0697,0.2731
27.853,1.9848,0.0000,1.9848,1.1269,-0.0621,1.0648,0.2731
27.858,2.0128,0.0000,2.0128,1.1218,-0.0608,1.0610,0.3677
27.863,2.0375,0.0000,2.0375,1.1173,-0.0608,1.0565,0.3677
27.868,2.0614,0.0000,2.0614,1.1129,-0.0608,1.0521,0.3677
27.873,2.0837,0.0000,2.0837,1.1088,-0.0608,1.0480,0.3677
27.877,2.1038,0.0000,2.1038,1.1052,-0.0575,1.0477,0.1879
27.882,2.1270,0.0000,2.1270,1.1009,-0.0575,1.0435,0.1879
27.887,2.1469,0.0000,2.1469,1.0973,-0.0575,1.0399,0.1879
27.891,2.1656,0.0000,2.1656,1.0940,-0.0575,1.0365,0.1879
27.896,2.1851,0.0000,2.1851,1.0904,-0.0552,1.0352,0.1559
27.901,2.2060,0.0000,2.2060,1.0865,-0.0552,1.0314,0.1559
27.905,2.2230,0.0000,2.2230,1.0833,-0.0552,1.0282,0.1559
27.910,2.2402,0.0000,2.2402,1.0799,-0.0552,1.0247,0.1559
27.914,2.2560,0.0000,2.2560,1.0766,-0.0540,1.0226,0.4207
27.919,2.2735,0.0000,2.2735,1.0730,-0.0540,1.0190,0.4207
27.924,2.2892,0.0000,2.2892,1.0696,-0.0540,1.0155,0.4207
27.929,2.3074,0.0000,2.3074,1.0654,-0.0540,1.0113,0.4207
27.940,2.3442,0.0000,2.3442,1.0563,-0.0508,1.0055,0.0836
27.946,2.3609,0.0000,2.3609,1.0522,-0.0508,1.0014,0.0836
27.950,2.3749,0.0000,2.3749,1.0487,-0.0508,0.9979,0.0836
27.956,2.3910,0.0000,2.3910,1.0444,-0.0488,0.9956,0.3269
27.961,2.4063,0.0000,2.4063,1.0404,-0.0488,0.9915,0.3269
27.966,2.4185,0.0000,2.4185,1.0372,-0.0488,0.9884,0.3269
27.972,2.4335,0.0000,2.4335,1.0331,-0.0488,0.9843,0.3269
27.984,2.4637,0.0000,2.4637,1.0245,-0.0466,0.9780,0.1367
27.990,2.4797,0.0000,2.4797,1.0200,-0.0466,0.9734,0.1367
27.995,2.4894,0.0000,2.4894,1.0171,-0.0425,0.9746,0.3481
28.000,2.4999,0.0000,2.4999,1.0139,-0.0425,0.9713,0.3481
28.004,2.5103,0.0000,2.5103,1.0105,-0.0425,0.9680,0.3481
28.009,2.5191,0.0000,2.5191,1.0075,-0.0425,0.9649,0.3481
28.013,2.5273,0.0000,2.5273,1.0044,-0.0425,0.9619,0.3481
28.017,2.5356,0.0000,2.5356,1.0014,-0.0421,0.9592,0.0153
28.022,2.5454,0.0000,2.5454,0.9975,-0.0421,0.9554,0.0153
28.026,2.5532,0.0000,2.5532,0.9944,-0.0421,0.9523,0.0153
28.030,2.5606,0.0000,2.5606,0.9913,-0.0421,0.9492,0.0153
28.035,2.5688,0.0000,2.5688,0.9878,-0.0366,0.9513,0.2092
28.047,2.5888,0.0000,2.5888,0.9786,-0.0366,0.9420,0.2092
28.051,2.5959,0.0000,2.5959,0.9751,-0.0366,0.9386,0.2092
28.056,2.6026,0.0000,2.6026,0.9718,-0.0374,0.9344,-0.1144
28.060,2.6099,0.0000,2.6099,0.9682,-0.0374,0.9308,-0.1144
28.065,2.6168,0.0000,2.6168,0.9646,-0.0374,0.9271,-0.1144
28.070,2.6232,0.0000,2.6232,0.9610,-0.0374,0.9236,-0.1144
28.074,2.6294,0.0000,2.6294,0.9576,-0.0308,0.9268,0.0630
28.079,2.6360,0.0000,2.6360,0.9539,-0.0308,0.9232,0.0630
28.083,2.6417,0.0000,2.6417,0.9504,-0.0308,0.9197,0.0630
28.088,2.6472,0.0000,2.6472,0.9471,-0.0308,0.9163,0.0630
28.092,2.6526,0.0000,2.6526,0.9436,-0.0308,0.9128,0.0630
28.096,2.6579,0.0000,2.6579,0.9400,-0.0305,0.9095,-0.1245
28.101,2.6638,0.0000,2.6638,0.9358,-0.0305,0.9053,-0.1245
28.106,2.6692,0.0000,2.6692,0.9317,-0.0305,0.9012,-0.1245
28.110,2.6740,0.0000,2.6740,0.9278,-0.0305,0.8973,-0.1245
28.115,2.6788,0.0000,2.6788,0.9239,-0.0211,0.9028,0.0851
28.120,2.6842,0.0000,2.6842,0.9190,-0.0211,0.8979,0.0851
28.125,2.6891,0.0000,2.6891,0.9145,-0.0211,0.8934,0.0851
28.137,2.7014,0.0000,2.7014,0.9020,-0.0181,0.8839,0.0324
28.150,2.7127,0.0000,2.7127,0.8896,-0.0181,0.8716,0.0324
28.154,2.7167,0.0000,2.7167,0.8851,-0.0151,0.8700,-0.0254
28.159,2.7210,0.0000,2.7210,0.8803,-0.0151,0.8652,-0.0254
28.164,2.7247,0.0000,2.7247,0.8755,-0.0151,0.8604,-0.0254
28.169,2.7281,0.0000,2.7281,0.8708,-0.0151,0.8557,-0.0254
28.173,2.7316,0.0000,2.7316,0.8662,-0.0151,0.8511,-0.0254
28.178,2.7350,0.0000,2.7350,0.8611,-0.0123,0.8488,-0.0891
28.182,2.7384,0.0000,2.7384,0.8561,-0.0123,0.8438,-0.0891
28.187,2.7413,0.0000,2.7413,0.8513,-0.0123,0.8390,-0.0891
28.191,2.7443,0.0000,2.7443,0.8466,-0.0123,0.8343,-0.0891
28.195,2.7470,0.0000,2.7470,0.8418,0.0000,0.8418,0.0703
28.200,2.7500,0.0000,2.7500,0.8363,0.0000,0.8363,0.0703
28.204,2.7527,0.0000,2.7527,0.8312,0.0000,0.8312,0.0703
28.209,2.7555,0.0000,2.7555,0.8258,0.0000,0.8258,0.0703
28.213,2.7579,0.0000,2.7579,0.8208,0.0000,0.8208,0.0703
28.217,2.7603,0.0000,2.7603,0.8157,0.0000,0.8157,-0.2439
28.222,2.7632,0.0000,2.7632,0.8096,0.0000,0.8096,-0.2439
28.226,2.7655,0.0000,2.7655,0.8041,0.0000,0.8041,-0.2439
28.231,2.7677,0.0000,2.7677,0.7989,0.0000,0.7989,-0.2439
28.235,2.7699,0.0000,2.7699,0.7932,0.0000,0.7932,-0.2414
28.240,2.7724,0.0000,2.7724,0.7868,0.0000,0.7868,-0.2414
28.244,2.7746,0.0000,2.7746,0.7809,0.0000,0.7809,-0.2414
28.255,2.7798,0.0000,2.7798,0.7652,0.0000,0.7652,-0.4279
28.260,2.7820,0.0000,2.7820,0.7589,0.0000,0.7589,-0.4279
28.264,2.7837,0.0000,2.7837,0.7534,0.0000,0.7534,-0.4279
28.268,2.7856,0.0000,2.7856,0.7478,0.0000,0.7478,-0.4279
28.273,2.7874,0.0000,2.7874,0.7412,0.0000,0.7412,-0.4279
28.277,2.7891,0.0000,2.7891,0.7346,0.0000,0.7346,-0.5066
28.289,2.7939,0.0000,2.7939,0.7153,0.0000,0.7153,-0.5066
28.295,2.7959,0.0000,2.7959,0.7069,0.0000,0.7069,-0.4237
28.299,2.7975,0.0000,2.7975,0.6985,0.0000,0.6985,-0.4237
28.304,2.7991,0.0000,2.7991,0.6907,0.0000,0.6907,-0.4237
28.308,2.8005,0.0000,2.8005,0.6836,0.0000,0.6836,-0.4237
28.313,2.8019,0.0000,2.8019,0.6760,0.0000,0.6760,-0.4237
28.317,2.8033,0.0000,2.8033,0.6685,0.0000,0.6685,-0.3542
28.322,2.8048,0.0000,2.8048,0.6602,0.0000,0.6602,-0.3542
28.326,2.8061,0.0000,2.8061,0.6526,0.0000,0.6526,-0.3542
28.331,2.8073,0.0000,2.8073,0.6455,0.0000,0.6455,-0.3542
28.335,2.8085,0.0000,2.8085,0.6386,0.0000,0.6386,-0.4584
28.340,2.8100,0.0000,2.8100,0.6292,0.0000,0.6292,-0.4584
28.344,2.8111,0.0000,2.8111,0.6218,0.0000,0.6218,-0.4584
28.349,2.8122,0.0000,2.8122,0.6138,0.0000,0.6138,-0.4584
28.354,2.8134,0.0000,2.8134,0.6025,0.0000,0.6025,-0.4584
28.365,2.8162,0.0000,2.8162,0.5767,0.0000,0.5767,-0.3970
28.370,2.8174,0.0000,2.8174,0.5657,0.0000,0.5657,-0.3970
28.375,2.8184,0.0000,2.8184,0.5565,0.0000,0.5565,-0.3465
28.380,2.8196,0.0000,2.8196,0.5437,0.0000,0.5437,-0.3465
28.384,2.8205,0.0000,2.8205,0.5354,0.0000,0.5354,-0.3465
28.389,2.8215,0.0000,2.8215,0.5245,0.0000,0.5245,-0.3465
28.394,2.8224,0.0000,2.8224,0.5150,0.0000,0.5150,-0.3770
28.399,2.8233,0.0000,2.8233,0.4995,0.0000,0.4995,-0.3770
28.404,2.8242,0.0000,2.8242,0.4902,0.0000,0.4902,-0.3770
28.408,2.8250,0.0000,2.8250,0.4765,0.0000,0.4765,-0.3770
28.412,2.8258,0.0000,2.8258,0.4644,0.0000,0.4644,-0.3770
28.417,2.8265,0.0000,2.8265,0.4569,0.0000,0.4569,-0.4408
28.422,2.8274,0.0000,2.8274,0.4479,0.0000,0.4479,-0.4408
28.426,2.8281,0.0000,2.8281,0.4357,0.0000,0.4357,-0.4408
28.431,2.8288,0.0000,2.8288,0.4234,0.0000,0.4234,-0.4408
28.444,2.8308,0.0000,2.8308,0.3770,0.0000,0.3770,-0.5095
28.450,2.8317,0.0000,2.8317,0.3558,0.0000,0.3558,-0.5095
28.456,2.8324,0.0000,2.8324,0.3447,0.0000,0.3447,-0.5109
28.467,2.8339,0.0000,2.8339,0.3217,0.0000,0.3217,-0.5109
28.472,2.8345,0.0000,2.8345,0.3065,0.0000,0.3065,-0.5109
28.476,2.8350,0.0000,2.8350,0.2935,0.0000,0.2935,-0.5168
28.481,2.8356,0.0000,2.8356,0.2793,0.0000,0.2793,-0.5168
28.485,2.8360,0.0000,2.8360,0.2673,0.0000,0.2673,-0.5168
28.490,2.8365,0.0000,2.8365,0.2545,0.0000,0.2545,-0.5168
28.494,2.8370,0.0000,2.8370,0.2431,0.0000,0.2431,-0.5272
28.499,2.8375,0.0000,2.8375,0.2276,0.0000,0.2276,-0.5272
28.504,2.8380,0.0000,2.8380,0.2133,0.0000,0.2133,-0.5272
28.508,2.7434,0.0000,2.7434,0.2009,0.0000,0.2009,-0.5272
28.513,2.6364,0.0000,2.6364,0.1860,0.0000,0.1860,-0.5272
28.517,2.5335,0.0000,2.5335,0.1720,0.0000,0.1720,-0.5415
28.522,2.4028,0.0000,2.4028,0.1546,0.0000,0.1546,-0.5415
28.526,2.2985,0.0000,2.2985,0.1411,0.0000,0.1411,-0.5415
28.531,2.1928,0.0000,2.1928,0.1266,0.0000,0.1266,-0.5415
28.536,2.0662,0.0000,2.0662,0.1098,0.0000,0.1098,-0.5593
28.541,1.9451,0.0000,1.9451,0.0909,0.0000,0.0909,-0.5593
28.545,1.8409,0.0000,1.8409,0.0751,0.0000,0.0751,-0.5593
28.549,1.7386,0.0000,1.7386,0.0600,0.0000,0.0600,-0.5593
28.554,1.6278,0.0000,1.6278,0.0433,0.0000,0.0433,-0.5806
28.559,1.5077,0.0000,1.5077,0.0258,0.0000,0.0258,-0.5806
28.563,1.3991,0.0000,1.3991,0.0104,0.0000,0.0104,-0.5806
28.575,1.1056,0.0000,1.1056,-0.0328,0.0000,-0.0328,-0.6042
28.580,0.9788,0.0000,0.9788,-0.0520,0.0000,-0.0520,-0.6042
28.585,0.8643,0.0000,0.8643,-0.0687,0.0000,-0.0687,-0.6042
28.598,0.5681,0.0333,0.6014,-0.1176,0.0000,-0.1176,-1.2518
28.604,0.4277,0.0333,0.4610,-0.1414,0.0000,-0.1414,-1.2518
28.609,0.3307,0.0333,0.3640,-0.1582,0.0000,-0.1582,-1.2518
28.613,0.2371,0.0333,0.2704,-0.1748,0.0000,-0.1748,-1.2518
28.618,0.1506,0.0396,0.1902,-0.1910,0.0000,-0.1910,-1.3475
28.623,0.0466,0.0396,0.0862,-0.2103,0.0000,-0.2103,-1.3475
28.628,-0.0420,0.0396,-0.0024,-0.2275,0.0000,-0.2275,-1.3475
28.632,-0.1225,0.0396,-0.0829,-0.2435,0.0000,-0.2435,-1.3475
28.637,-0.2073,0.0447,-0.1625,-0.2615,0.0000,-0.2615,-1.4213
28.642,-0.2929,0.0447,-0.2482,-0.2800,0.0000,-0.2800,-1.4213
28.647,-0.3664,0.0447,-0.3217,-0.2958,0.0000,-0.2958,-1.4213
28.651,-0.4337,0.0447,-0.3890,-0.3108,0.0000,-0.3108,-1.4213
28.655,-0.5060,0.0499,-0.4561,-0.3275,0.0000,-0.3275,-1.4999
28.660,-0.5834,0.0499,-0.5335,-0.3460,0.0000,-0.3460,-1.4999
28.665,-0.6511,0.0499,-0.6012,-0.3624,0.0000,-0.3624,-1.4999
28.676,-0.8161,0.0546,-0.7614,-0.4063,0.0000,-0.4063,-1.5722
28.681,-0.8818,0.0546,-0.8271,-0.4245,0.0000,-0.4245,-1.5722
28.685,-0.9347,0.0546,-0.8801,-0.4391,0.0000,-0.4391,-1.5722
28.690,-0.9928,0.0546,-0.9382,-0.4558,0.0000,-0.4558,-1.5722
28.694,-1.0449,0.0592,-0.9857,-0.4712,0.0000,-0.4712,-1.6447
28.699,-1.1016,0.0592,-1.0424,-0.4886,0.0000,-0.4886,-1.6447
28.703,-1.1511,0.0592,-1.0919,-0.5039,0.0000,-0.5039,-1.6447
28.714,-1.2770,0.0638,-1.2133,-0.5453,0.0000,-0.5453,-1.7176
28.722,-1.3675,0.0638,-1.3037,-0.5766,0.0000,-0.5766,-1.7176
28.732,-1.4612,0.0638,-1.3974,-0.6110,0.0000,-0.6110,-1.7176
28.738,-1.5178,0.0677,-1.4502,-0.6328,0.0000,-0.6328,-1.7813
28.751,-1.6460,0.0677,-1.5783,-0.6870,0.0000,-0.6870,-1.7813
28.757,-1.6935,0.0709,-1.6226,-0.7079,0.0000,-0.7079,-1.8348
28.762,-1.7329,0.0709,-1.6620,-0.7255,0.0000,-0.7255,-1.8348
28.766,-1.7664,0.0709,-1.6955,-0.7410,0.0000,-0.7410,-1.8348
28.771,-1.8008,0.0709,-1.7299,-0.7570,0.0000,-0.7570,-1.8348
28.775,-1.8346,0.0734,-1.7612,-0.7729,0.0000,-0.7729,-1.8780
28.787,-1.9221,0.0734,-1.8487,-0.8168,0.0000,-0.8168,-1.8780
28.791,-1.9525,0.0734,-1.8791,-0.8326,0.0000,-0.8326,-1.8780
28.796,-1.9805,0.0794,-1.9011,-0.8475,0.0000,-0.8475,-1.9814
28.800,-2.0119,0.0794,-1.9325,-0.8650,0.0000,-0.8650,-1.9814
28.805,-2.0392,0.0794,-1.9599,-0.8808,0.0000,-0.8808,-1.9814
28.809,-2.0654,0.0794,-1.9860,-0.8965,0.0000,-0.8965,-1.9814
28.813,-2.0902,0.0794,-2.0108,-0.9117,0.0000,-0.9117,-1.9814
28.817,-2.1143,0.0837,-2.0307,-0.9272,0.0000,-0.9272,-2.0583
28.822,-2.1420,0.0837,-2.0584,-0.9453,0.0000,-0.9453,-2.0583
28.827,-2.1657,0.0837,-2.0820,-0.9612,0.0000,-0.9612,-2.0583
28.831,-2.1885,0.0837,-2.1048,-0.9768,0.0000,-0.9768,-2.0583
28.835,-2.2102,0.0889,-2.1213,-0.9920,0.0000,-0.9920,-2.1514
28.840,-2.2356,0.0889,-2.1467,-1.0103,0.0000,-1.0103,-2.1514
28.844,-2.2568,0.0889,-2.1679,-1.0258,0.0000,-1.0258,-2.1514
28.849,-2.2775,0.0889,-2.1886,-1.0413,0.0000,-1.0413,-2.1514
28.853,-2.2972,0.0889,-2.2083,-1.0561,0.0000,-1.0561,-2.1514
28.857,-2.3174,0.0923,-2.2251,-1.0716,0.0000,-1.0716,-2.2163
28.862,-2.3390,0.0923,-2.2468,-1.0886,0.0000,-1.0886,-2.2163
28.866,-2.3571,0.0923,-2.2648,-1.1034,0.0000,-1.1034,-2.2163
28.871,-2.3751,0.0923,-2.2828,-1.1187,0.0000,-1.1187,-2.2163
28.875,-2.3929,0.0946,-2.2983,-1.1345,0.0000,-1.1345,-2.2656
28.880,-2.4138,0.0946,-2.3193,-1.1542,0.0000,-1.1542,-2.2656
28.891,-2.4562,0.0946,-2.3616,-1.1976,0.0000,-1.1976,-2.2656
28.903,-2.4999,0.0958,-2.4042,-1.2452,0.0000,-1.2452,-2.2990
28.909,-2.5204,0.0958,-2.4246,-1.2679,0.0000,-1.2679,-2.2990
28.914,-2.5341,0.0959,-2.4382,-1.2833,0.0000,-1.2833,-2.3167
28.918,-2.5487,0.0959,-2.4528,-1.3003,0.0000,-1.3003,-2.3167
28.923,-2.5621,0.0959,-2.4662,-1.3163,0.0000,-1.3163,-2.3167
28.927,-2.5753,0.0959,-2.4794,-1.3322,0.0000,-1.3322,-2.3167
28.931,-2.5871,0.0959,-2.4912,-1.3467,0.0000,-1.3467,-2.3167
28.935,-2.5988,0.0949,-2.5039,-1.3613,0.0000,-1.3613,-2.3187
28.940,-2.6125,0.0949,-2.5176,-1.3794,0.0000,-1.3794,-2.3187
28.944,-2.6237,0.0949,-2.5288,-1.3948,0.0000,-1.3948,-2.3187
28.949,-2.6345,0.0949,-2.5397,-1.4104,0.0000,-1.4104,-2.3187
28.953,-2.6450,0.0949,-2.5502,-1.4261,0.0000,-1.4261,-2.3187
28.957,-2.6568,0.0954,-2.5615,-1.4446,0.0000,-1.4446,-2.3424
28.964,-2.6719,0.0954,-2.5765,-1.4696,0.0000,-1.4696,-2.3424
28.968,-2.6823,0.0954,-2.5869,-1.4876,0.0000,-1.4876,-2.3424
28.973,-2.6933,0.0954,-2.5979,-1.5069,0.0000,-1.5069,-2.3424
28.977,-2.7027,0.0980,-2.6047,-1.5239,0.0000,-1.5239,-2.3973
28.982,-2.7129,0.0980,-2.6149,-1.5424,0.0000,-1.5424,-2.3973
28.987,-2.7227,0.0980,-2.6247,-1.5608,0.0000,-1.5608,-2.3973
28.992,-2.7321,0.0980,-2.6341,-1.5787,0.0000,-1.5787,-2.3973
29.002,-2.7533,0.0998,-2.6535,-1.6210,0.0000,-1.6210,-2.4408
29.008,-2.7632,0.0998,-2.6634,-1.6412,0.0000,-1.6412,-2.4408
29.012,-2.7708,0.0998,-2.6710,-1.6574,0.0000,-1.6574,-2.4408
29.016,-2.7781,0.1017,-2.6763,-1.6737,0.0000,-1.6737,-2.4866
29.022,-2.7870,0.1017,-2.6853,-1.6949,0.0000,-1.6949,-2.4866
29.026,-2.7941,0.1017,-2.6924,-1.7126,0.0000,-1.7126,-2.4866
29.030,-2.8008,0.1017,-2.6991,-1.7301,0.0000,-1.7301,-2.4866
29.035,-2.8080,0.1027,-2.7053,-1.7497,0.0000,-1.7497,-2.5191
29.040,-2.8158,0.1027,-2.7131,-1.7722,0.0000,-1.7722,-2.5191
29.045,-2.8222,0.1027,-2.7196,-1.7914,0.0000,-1.7914,-2.5191
29.057,-2.8404,0.1009,-2.7395,-1.8486,0.0000,-1.8486,-2.5160
29.064,-2.8489,0.1009,-2.7480,-1.8760,0.0000,-1.8760,-2.5160
29.069,-2.8552,0.1009,-2.7543,-1.8967,0.0000,-1.8967,-2.5160
29.075,-2.8630,0.1001,-2.7629,-1.9231,0.0000,-1.9231,-2.5247
29.081,-2.8698,0.1001,-2.7697,-1.9466,0.0000,-1.9466,-2.5247
29.087,-2.8761,0.1001,-2.7760,-1.9696,0.0000,-1.9696,-2.5247
29.092,-2.8818,0.1001,-2.7817,-1.9920,0.0000,-1.9920,-2.5247
29.097,-2.8866,0.0978,-2.7889,-2.0122,0.0000,-2.0122,-2.5144
29.103,-2.8929,0.0978,-2.7951,-2.0398,0.0000,-2.0398,-2.5144
29.115,-2.9048,0.0938,-2.8110,-2.1003,0.0000,-2.1003,-2.4828
29.121,-2.9107,0.0938,-2.8168,-2.1316,0.0000,-2.1316,-2.4828
29.126,-2.9152,0.0938,-2.8213,-2.1563,0.0000,-2.1563,-2.4828
29.131,-2.9195,0.0938,-2.8256,-2.1803,0.0000,-2.1803,-2.4828
29.135,-2.9230,0.0882,-2.8348,-2.2007,0.0000,-2.2007,-2.4303
29.141,-2.9274,0.0882,-2.8392,-2.2261,0.0000,-2.2261,-2.4303
29.145,-2.9308,0.0882,-2.8426,-2.2464,0.0000,-2.2464,-2.4303
29.150,-2.9342,0.0882,-2.8460,-2.2668,0.0000,-2.2668,-2.4303
29.154,-2.9376,0.0854,-2.8522,-2.2875,0.0000,-2.2875,-2.4107
29.159,-2.9413,0.0854,-2.8559,-2.3112,0.0000,-2.3112,-2.4107
29.164,-2.9444,0.0854,-2.8590,-2.3327,0.0000,-2.3327,-2.4107
29.168,-2.9475,0.0854,-2.8621,-2.3549,0.0000,-2.3549,-2.4107
29.173,-2.9509,0.0854,-2.8655,-2.3813,0.0000,-2.3813,-2.4107
29.178,-2.9538,0.0812,-2.8726,-2.4043,0.0000,-2.4043,-2.3733
29.183,-2.9569,0.0812,-2.8757,-2.4309,0.0000,-2.4309,-2.3733
29.187,-2.9597,0.0812,-2.8786,-2.4572,0.0000,-2.4572,-2.3733
29.192,-2.9626,0.0812,-2.8814,-2.4846,0.0000,-2.4846,-2.3733
29.197,-2.9653,0.0791,-2.8862,-2.5116,0.0000,-2.5116,-2.3619
29.209,-2.9722,0.0791,-2.8932,-2.5861,0.0000,-2.5861,-2.3619
29.222,-2.9788,0.0754,-2.9034,-2.6595,0.0000,-2.6595,-2.3306
29.227,-2.9812,0.0754,-2.9058,-2.6865,0.0000,-2.6865,-2.3306
29.231,-2.9831,0.0754,-2.9077,-2.7091,0.0000,-2.7091,-2.3306
29.236,-2.9851,0.0698,-2.9153,-2.7338,0.0000,-2.7338,-2.2753
29.241,-2.9874,0.0698,-2.9176,-2.7642,0.0000,-2.7642,-2.2753
29.245,-2.9892,0.0698,-2.9194,-2.7900,0.0000,-2.7900,-2.2753
29.250,-2.9910,0.0698,-2.9211,-2.8159,0.0000,-2.8159,-2.2753
29.254,-2.9928,0.0625,-2.9303,-2.8453,0.0000,-2.8453,-2.1968
29.259,-2.9947,0.0625,-2.9322,-2.8766,0.0000,-2.8766,-2.1968
29.263,-2.9963,0.0625,-2.9338,-2.9043,0.0000,-2.9043,-2.1968
29.267,-2.9978,0.0625,-2.9354,-2.9331,0.0000,-2.9331,-2.1968
29.272,-2.9995,0.0625,-2.9370,-2.9644,0.0000,-2.9644,-2.1968
29.276,-3.0011,0.0535,-2.9476,-2.9968,0.0000,-2.9968,-2.0956
29.281,-3.0027,0.0535,-2.9492,-3.0307,0.0000,-3.0307,-2.0956
29.286,-3.0042,0.0535,-2.9507,-3.0635,0.0000,-3.0635,-2.0956
29.290,-3.0057,0.0535,-2.9522,-3.0959,0.0000,-3.0959,-2.0956
29.295,-3.0071,0.0430,-2.9641,-3.1257,0.0000,-3.1257,-1.9721
29.300,-3.0086,0.0430,-2.9656,-3.1594,0.0000,-3.1594,-1.9721
29.304,-3.0100,0.0430,-2.9670,-3.1914,0.0000,-3.1914,-1.9721
29.309,-3.0113,0.0430,-2.9683,-3.2220,0.0000,-3.2220,-1.9721
29.313,-3.0027,0.0430,-2.9597,-3.2526,0.0000,-3.2526,-1.9721
29.318,-2.9275,0.0310,-2.8964,-3.2893,0.0101,-3.2792,-1.8268
29.330,-2.7400,0.0310,-2.7090,-3.4060,0.0101,-3.3959,-1.8268
29.334,-2.6712,0.0211,-2.6501,-3.4528,0.0188,-3.4340,-1.7010
29.340,-2.5940,0.0211,-2.5729,-3.5109,0.0188,-3.4921,-1.7010
29.344,-2.5341,0.0211,-2.5130,-3.5595,0.0188,-3.5408,-1.7010
29.349,-2.4674,0.0211,-2.4463,-3.6186,0.0188,-3.5999,-1.7010
29.361,-2.3031,0.0104,-2.2928,-3.7915,0.0270,-3.7644,-1.5609
29.367,-2.2250,0.0104,-2.2147,-3.8795,0.0270,-3.8524,-1.5609
29.372,-2.1679,0.0104,-2.1575,-3.9474,0.0270,-3.9204,-1.5609
29.377,-2.1172,0.0000,-2.1172,-4.0084,0.0352,-3.9733,-1.3998
29.382,-2.0577,0.0000,-2.0577,-4.0654,0.0352,-4.0302,-1.3998
29.386,-2.0085,0.0000,-2.0085,-4.1018,0.0352,-4.0666,-1.3998
29.391,-1.9585,0.0000,-1.9585,-4.1270,0.0352,-4.0918,-1.3998
29.395,-1.9128,0.0000,-1.9128,-4.1396,0.0413,-4.0983,-1.2780
29.400,-1.8598,0.0000,-1.8598,-4.1392,0.0413,-4.0980,-1.2780
29.406,-1.8045,0.0000,-1.8045,-4.1215,0.0413,-4.0802,-1.2780
29.410,-1.7603,0.0000,-1.7603,-4.0954,0.0413,-4.0541,-1.2780
29.415,-1.7179,0.0000,-1.7179,-4.0587,0.0470,-4.0117,-1.1446
29.420,-1.6696,0.0000,-1.6696,-4.0006,0.0470,-3.9537,-1.1446
29.425,-1.6242,0.0000,-1.6242,-3.9308,0.0470,-3.8838,-1.1446
29.436,-1.5235,-0.0113,-1.5349,-3.7824,0.0525,-3.7299,-0.9908
29.442,-1.4757,-0.0113,-1.4870,-3.7147,0.0525,-3.6622,-0.9908
29.446,-1.4397,-0.0113,-1.4510,-3.6653,0.0525,-3.6128,-0.9908
29.451,-1.4068,-0.0113,-1.4181,-3.6217,0.0525,-3.5692,-0.9908
29.455,-1.3712,-0.0196,-1.3907,-3.5761,0.0565,-3.5197,-0.8689
29.460,-1.3353,-0.0196,-1.3548,-3.5322,0.0565,-3.4757,-0.8689
29.464,-1.3049,-0.0196,-1.3245,-3.4965,0.0565,-3.4400,-0.8689
29.468,-1.2748,-0.0196,-1.2943,-3.4626,0.0565,-3.4062,-0.8689
29.473,-1.2416,-0.0196,-1.2612,-3.4274,0.0565,-3.3709,-0.8689
29.477,-1.2129,-0.0281,-1.2410,-3.3984,0.0601,-3.3384,-0.7347
29.482,-1.1809,-0.0281,-1.2091,-3.3684,0.0601,-3.3083,-0.7347
29.494,-1.1074,-0.0281,-1.1355,-3.3114,0.0601,-3.2513,-0.7347
29.499,-1.0733,-0.0374,-1.1107,-3.2881,0.0636,-3.2245,-0.5815
29.512,-0.9973,-0.0374,-1.0347,-3.2532,0.0636,-3.1896,-0.5815
29.518,-0.9660,-0.0471,-1.0131,-3.2424,0.0669,-3.1755,-0.4110
29.523,-0.9387,-0.0471,-0.9858,-3.2357,0.0669,-3.1688,-0.4110
29.527,-0.9166,-0.0471,-0.9636,-3.2325,0.0669,-3.1656,-0.4110
29.531,-0.8953,-0.0471,-0.9423,-3.2314,0.0669,-3.1645,-0.4110
29.537,-0.8686,-0.0568,-0.9253,-3.2333,0.0699,-3.1634,-0.2261
29.548,-0.8136,-0.0568,-0.8704,-3.2531,0.0699,-3.1831,-0.2261
29.553,-0.7925,-0.0568,-0.8493,-3.2635,0.0699,-3.1935,-0.2261
29.557,-0.7729,-0.0664,-0.8393,-3.2756,0.0727,-3.2029,-0.0271
29.562,-0.7517,-0.0664,-0.8181,-3.2917,0.0727,-3.2190,-0.0271
29.567,-0.7334,-0.0664,-0.7998,-3.3081,0.0727,-3.2354,-0.0271
29.571,-0.7145,-0.0664,-0.7808,-3.3281,0.0727,-3.2554,-0.0271
29.576,-0.6955,-0.0737,-0.7693,-3.3512,0.0745,-3.2768,0.1555
29.582,-0.6750,-0.0737,-0.7488,-3.3800,0.0745,-3.3056,0.1555
29.586,-0.6583,-0.0737,-0.7320,-3.4062,0.0745,-3.3317,0.1555
29.591,-0.6406,-0.0737,-0.7144,-3.4371,0.0745,-3.3626,0.1555
29.596,-0.6240,-0.0786,-0.7026,-3.4693,0.0751,-3.3942,0.3149
29.601,-0.6060,-0.0786,-0.6846,-3.5082,0.0751,-3.4331,0.3149
29.606,-0.5899,-0.0786,-0.6685,-3.5460,0.0751,-3.4708,0.3149
29.610,-0.5760,-0.0786,-0.6546,-3.5813,0.0751,-3.5061,0.3149
29.614,-0.5620,-0.0827,-0.6447,-3.6199,0.0755,-3.5445,0.4814
29.619,-0.5468,-0.0827,-0.6295,-3.6653,0.0755,-3.5898,0.4814
29.624,-0.5325,-0.0827,-0.6152,-3.7109,0.0755,-3.6354,0.4814
29.628,-0.5197,-0.0827,-0.6024,-3.7548,0.0755,-3.6793,0.4814
29.632,-0.5070,-0.0827,-0.5897,-3.8009,0.0755,-3.7254,0.4814
29.637,-0.4939,-0.0862,-0.5802,-3.8519,0.0755,-3.7764,0.6587
29.642,-0.4796,-0.0862,-0.5658,-3.9120,0.0755,-3.8365,0.6587
29.648,-0.4648,-0.0862,-0.5510,-3.9778,0.0755,-3.9023,0.6587
29.659,-0.4356,-0.0890,-0.5246,-4.1277,0.0753,-4.0524,0.8450
29.672,-0.4048,-0.0890,-0.4938,-4.3083,0.0753,-4.2330,0.8450
29.677,-0.3917,-0.0909,-0.4825,-4.3902,0.0750,-4.3152,1.0389
29.682,-0.3808,-0.0909,-0.4717,-4.4608,0.0750,-4.3858,1.0389
29.687,-0.3710,-0.0909,-0.4619,-4.5272,0.0750,-4.4522,1.0389
29.692,-0.3616,-0.0909,-0.4525,-4.5936,0.0750,-4.5186,1.0389
29.696,-0.3528,-0.0917,-0.4445,-4.6588,0.0745,-4.5843,1.2385
29.701,-0.3431,-0.0917,-0.4348,-4.7330,0.0745,-4.6584,1.2385
29.706,-0.3339,-0.0917,-0.4256,-4.8058,0.0745,-4.7313,1.2385
29.710,-0.3257,-0.0917,-0.4174,-4.8726,0.0745,-4.7981,1.2385
29.714,-0.3180,-0.0915,-0.4095,-4.9374,0.0740,-4.8634,1.4419
29.719,-0.3095,-0.0915,-0.4010,-5.0112,0.0740,-4.9372,1.4419
29.724,-0.3009,-0.0915,-0.3923,-5.0886,0.0740,-5.0146,1.4419
29.728,-0.2934,-0.0915,-0.3848,-5.1570,0.0740,-5.0830,1.4419
29.732,-0.2866,-0.0915,-0.3781,-5.2201,0.0740,-5.1461,1.4419
29.737,-0.2793,-0.0901,-0.3695,-5.2900,0.0734,-5.2166,1.6468
29.742,-0.2714,-0.0901,-0.3615,-5.3676,0.0734,-5.2942,1.6468
29.746,-0.2649,-0.0901,-0.3551,-5.4317,0.0734,-5.3583,1.6468
29.751,-0.2584,-0.0901,-0.3485,-5.4977,0.0734,-5.4243,1.6468
29.762,-0.2415,-0.0877,-0.3292,-5.6727,0.0729,-5.5998,1.8513
29.767,-0.2346,-0.0877,-0.3223,-5.7445,0.0729,-5.6717,1.8513
29.772,-0.2278,-0.0877,-0.3155,-5.8153,0.0729,-5.7425,1.8513
29.778,-0.2206,-0.0831,-0.3037,-5.8910,0.0718,-5.8192,2.0080
29.785,-0.2122,-0.0831,-0.2954,-5.9773,0.0718,-5.9055,2.0080
29.790,-0.2055,-0.0831,-0.2887,-6.0465,0.0718,-5.9747,2.0080
29.795,-0.1995,-0.0776,-0.2771,-6.1068,0.0708,-6.0360,2.1518
29.800,-0.1939,-0.0776,-0.2715,-6.1628,0.0708,-6.0920,2.1518
29.805,-0.1886,-0.0776,-0.2662,-6.2135,0.0708,-6.1427,2.1518
29.810,-0.1837,-0.0776,-0.2613,-6.2594,0.0708,-6.1887,2.1518
29.822,-0.1711,-0.0714,-0.2425,-6.3671,0.0699,-6.2972,2.2931
29.828,-0.1650,-0.0714,-0.2364,-6.4152,0.0699,-6.3454,2.2931
29.833,-0.1608,-0.0714,-0.2322,-6.4465,0.0699,-6.3767,2.2931
29.837,-0.1564,-0.0647,-0.2211,-6.4764,0.0691,-6.4074,2.4300
29.842,-0.1520,-0.0647,-0.2167,-6.5039,0.0691,-6.4348,2.4300
29.847,-0.1482,-0.0647,-0.2129,-6.5254,0.0691,-6.4563,2.4300
29.851,-0.1446,-0.0647,-0.2093,-6.5434,0.0691,-6.4744,2.4300
29.856,-0.1408,-0.0572,-0.1980,-6.5597,0.0680,-6.4917,2.5357
29.861,-0.1368,-0.0572,-0.1940,-6.5734,0.0680,-6.5053,2.5357
29.872,-0.1279,-0.0572,-0.1851,-6.5853,0.0680,-6.5173,2.5357
29.876,-0.1248,-0.0494,-0.1742,-6.5868,0.0669,-6.5198,2.6299
29.881,-0.1213,-0.0494,-0.1707,-6.5848,0.0669,-6.5178,2.6299
29.886,-0.1183,-0.0494,-0.1677,-6.5804,0.0669,-6.5135,2.6299
29.891,-0.1149,-0.0494,-0.1643,-6.5713,0.0669,-6.5043,2.6299
29.895,-0.1119,-0.0414,-0.1534,-6.5598,0.0657,-6.4940,2.7176
29.901,-0.1085,-0.0414,-0.1499,-6.5423,0.0657,-6.4765,2.7176
29.906,-0.1052,-0.0414,-0.1466,-6.5210,0.0657,-6.4553,2.7176
29.911,-0.1023,-0.0414,-0.1437,-6.4983,0.0657,-6.4326,2.7176
29.915,-0.0997,-0.0335,-0.1331,-6.4746,0.0645,-6.4101,2.7977
29.921,-0.0965,-0.0335,-0.1300,-6.4411,0.0645,-6.3766,2.7977
29.926,-0.0937,-0.0335,-0.1272,-6.4078,0.0645,-6.3433,2.7977
29.931,-0.0912,-0.0335,-0.1247,-6.3745,0.0645,-6.3100,2.7977
29.935,-0.0887,-0.0255,-0.1142,-6.3356,0.0630,-6.2726,2.8693
29.941,-0.0857,-0.0255,-0.1112,-6.2857,0.0630,-6.2226,2.8693
29.946,-0.0834,-0.0255,-0.1089,-6.2445,0.0630,-6.1815,2.8693
29.951,-0.0811,-0.0255,-0.1066,-6.1989,0.0630,-6.1358,2.8693
29.956,-0.0786,-0.0178,-0.0963,-6.1435,0.0614,-6.0820,2.9314
29.962,-0.0761,-0.0178,-0.0938,-6.0848,0.0614,-6.0233,2.9314
29.974,-0.0706,-0.0103,-0.0809,-5.9471,0.0597,-5.8875,2.9809
29.989,-0.0647,-0.0103,-0.0750,-5.8044,0.0597,-5.7447,2.9809
29.995,-0.0626,0.0000,-0.0626,-5.7542,0.0577,-5.6966,3.0183
30.000,-0.0606,0.0000,-0.0606,-5.7086,0.0577,-5.6510,3.0183
30.005,-0.0588,0.0000,-0.0588,-5.6660,0.0577,-5.6083,3.0183
30.010,-0.0572,0.0000,-0.0572,-5.6305,0.0577,-5.5729,3.0183
30.014,-0.0558,0.0000,-0.0558,-5.5985,0.0555,-5.5431,3.0439
30.020,-0.0539,0.0000,-0.0539,-5.5567,0.0555,-5.5012,3.0439
30.025,-0.0523,0.0000,-0.0523,-5.5182,0.0555,-5.4627,3.0439
30.030,-0.0509,0.0000,-0.0509,-5.4824,0.0555,-5.4269,3.0439
30.035,-0.0495,0.0000,-0.0495,-5.4456,0.0531,-5.3924,3.0568
30.041,-0.0479,0.0000,-0.0479,-5.3965,0.0531,-5.3433,3.0568
30.045,-0.0466,0.0000,-0.0466,-5.3585,0.0531,-5.3054,3.0568
30.050,-0.0453,0.0000,-0.0453,-5.3179,0.0531,-5.2648,3.0568
30.055,-0.0440,0.0000,-0.0440,-5.2747,0.0506,-5.2241,3.0562
30.060,-0.0427,0.0000,-0.0427,-5.2299,0.0506,-5.1793,3.0562
30.065,-0.0415,0.0000,-0.0415,-5.1876,0.0506,-5.1370,3.0562
30.070,-0.0403,0.0000,-0.0403,-5.1434,0.0506,-5.0928,3.0562
30.075,-0.0391,0.0000,-0.0391,-5.0991,0.0465,-5.0526,2.8254
30.080,-0.0379,0.0000,-0.0379,-5.0520,0.0465,-5.0055,2.8254
30.085,-0.0369,0.0000,-0.0369,-5.0118,0.0465,-4.9653,2.8254
30.090,-0.0359,0.0000,-0.0359,-4.9684,0.0465,-4.9220,2.8254
30.102,-0.0334,0.0000,-0.0334,-4.8599,0.0426,-4.8173,2.6028
30.107,-0.0325,0.0000,-0.0325,-4.8150,0.0426,-4.7724,2.6028
30.111,-0.0316,0.0000,-0.0316,-4.7772,0.0426,-4.7346,2.6028
30.116,-0.0308,0.0000,-0.0308,-4.7388,0.0390,-4.6999,2.3863
30.129,-0.0285,0.0000,-0.0285,-4.6235,0.0390,-4.5845,2.3863
30.134,-0.0276,0.0000,-0.0276,-4.5787,0.0356,-4.5431,2.1737
30.140,-0.0267,0.0000,-0.0267,-4.5317,0.0356,-4.4961,2.1737
30.144,-0.0260,0.0000,-0.0260,-4.4951,0.0356,-4.4595,2.1737
30.149,-0.0253,0.0000,-0.0253,-4.4606,0.0356,-4.4250,2.1737
30.153,-0.0246,0.0000,-0.0246,-4.4232,0.0356,-4.3877,2.1737
30.159,-0.0238,0.0000,-0.0238,-4.3793,0.0324,-4.3470,1.9636
30.164,-0.0231,0.0000,-0.0231,-4.3409,0.0324,-4.3086,1.9636
30.168,-0.0226,0.0000,-0.0226,-4.3082,0.0324,-4.2758,1.9636
30.174,-0.0219,0.0000,-0.0219,-4.2682,0.0295,-4.2386,1.8581
30.179,-0.0212,0.0000,-0.0212,-4.2327,0.0295,-4.2031,1.8581
30.183,-0.0207,0.0000,-0.0207,-4.2017,0.0295,-4.1722,1.8581
30.187,-0.0202,0.0000,-0.0202,-4.1697,0.0295,-4.1401,1.8581
30.194,-0.0194,0.0000,-0.0194,-4.1259,0.0265,-4.0994,1.7476
30.206,-0.0180,0.0000,-0.0180,-4.0380,0.0265,-4.0115,1.7476
30.211,-0.0175,0.0000,-0.0175,-4.0097,0.0265,-3.9832,1.7476
30.215,-0.0171,0.0000,-0.0171,-3.9834,0.0242,-3.9592,1.4387
30.220,-0.0166,0.0000,-0.0166,-3.9501,0.0242,-3.9259,1.4387
30.225,-0.0161,0.0000,-0.0161,-3.9205,0.0242,-3.8963,1.4387
30.229,-0.0157,0.0000,-0.0157,-3.8961,0.0242,-3.8719,1.4387
30.234,-0.0153,0.0000,-0.0153,-3.8710,0.0197,-3.8513,1.4369
30.239,-0.0148,0.0000,-0.0148,-3.8384,0.0197,-3.8188,1.4369
30.244,-0.0144,0.0000,-0.0144,-3.8151,0.0197,-3.7955,1.4369
30.248,-0.0141,0.0000,-0.0141,-3.7923,0.0197,-3.7726,1.4369
30.252,-0.0137,0.0000,-0.0137,-3.7686,0.0197,-3.7490,1.4369
30.258,-0.0133,0.0000,-0.0133,-3.7422,0.0170,-3.7252,1.2517
30.262,-0.0129,0.0000,-0.0129,-3.7177,0.0170,-3.7007,1.2517
30.267,-0.0126,0.0000,-0.0126,-3.6958,0.0170,-3.6788,1.2517
30.280,-0.0117,0.0000,-0.0117,-3.6353,0.0131,-3.6222,1.1636
30.286,-0.0112,0.0000,-0.0112,-3.6084,0.0131,-3.5952,1.1636
30.291,-0.0109,0.0000,-0.0109,-3.5861,0.0131,-3.5730,1.1636
30.295,-0.0106,0.0000,-0.0106,-3.5680,0.0000,-3.5680,1.0764
30.300,-0.0103,0.0000,-0.0103,-3.5471,0.0000,-3.5471,1.0764
30.306,-0.0100,0.0000,-0.0100,-3.5257,0.0000,-3.5257,1.0764
30.317,-0.0093,0.0000,-0.0093,-3.4861,0.0000,-3.4861,0.9894
30.323,-0.0090,0.0000,-0.0090,-3.4664,0.0000,-3.4664,0.9894
30.327,-0.0088,0.0000,-0.0088,-3.4513,0.0000,-3.4513,0.9894
30.332,-0.0086,0.0000,-0.0086,-3.4379,0.0000,-3.4379,0.9894
30.336,-0.0083,0.0000,-0.0083,-3.4243,0.0000,-3.4243,0.9021
30.342,-0.0080,0.0000,-0.0080,-3.4071,0.0000,-3.4071,0.9021
30.347,-0.0078,0.0000,-0.0078,-3.3936,0.0000,-3.3936,0.9021
30.351,-0.0076,0.0000,-0.0076,-3.3820,0.0000,-3.3820,0.9021
30.356,-0.0074,0.0000,-0.0074,-3.3692,0.0000,-3.3692,0.8142
30.361,-0.0072,0.0000,-0.0072,-3.3569,0.0000,-3.3569,0.8142
30.366,-0.0070,0.0000,-0.0070,-3.3473,0.0000,-3.3473,0.8142
30.370,-0.0068,0.0000,-0.0068,-3.3370,0.0000,-3.3370,0.8142
30.375,-0.0066,0.0000,-0.0066,-3.3269,0.0000,-3.3269,0.7249
30.380,-0.0064,0.0000,-0.0064,-3.3177,0.0000,-3.3177,0.7249
30.385,-0.0062,0.0000,-0.0062,-3.3099,0.0000,-3.3099,0.7249
30.390,-0.0061,0.0000,-0.0061,-3.3010,0.0000,-3.3010,0.7249
30.394,-0.0059,0.0000,-0.0059,-3.2943,0.0000,-3.2943,0.6339
30.399,-0.0057,0.0000,-0.0057,-3.2872,0.0000,-3.2872,0.6339
30.404,-0.0056,0.0000,-0.0056,-3.2805,0.0000,-3.2805,0.6339
30.410,-0.0054,0.0000,-0.0054,-3.2740,0.0000,-3.2740,0.6339
30.422,-0.0050,0.0000,-0.0050,-3.2629,0.0000,-3.2629,0.6125
30.435,-0.0046,0.0000,-0.0046,-3.2551,0.0000,-3.2551,0.5848
30.442,-0.0044,0.0000,-0.0044,-3.2520,0.0000,-3.2520,0.5848
30.447,-0.0043,0.0000,-0.0043,-3.2508,0.0000,-3.2508,0.5848
30.451,-0.0042,0.0000,-0.0042,-3.2500,0.0000,-3.2500,0.5848
30.456,-0.0041,0.0000,-0.0041,-3.2497,0.0000,-3.2497,0.4798
30.461,-0.0040,0.0000,-0.0040,-3.2500,0.0000,-3.2500,0.4798
30.465,-0.0039,0.0000,-0.0039,-3.2506,0.0000,-3.2506,0.4798
30.470,-0.0037,0.0000,-0.0037,-3.2520,0.0000,-3.2520,0.4798
30.474,-0.0037,0.0000,-0.0037,-3.2537,0.0000,-3.2537,0.4465
30.479,-0.0035,0.0000,-0.0035,-3.2562,0.0000,-3.2562,0.4465
30.484,-0.0035,0.0000,-0.0035,-3.2589,0.0000,-3.2589,0.4465
30.488,-0.0034,0.0000,-0.0034,-3.2625,0.0000,-3.2625,0.4465
30.493,-0.0033,0.0000,-0.0033,-3.2661,0.0000,-3.2661,0.4465
30.497,-0.0032,0.0000,-0.0032,-3.2705,0.0000,-3.2705,0.4086
30.502,-0.0031,0.0000,-0.0031,-3.2761,0.0000,-3.2761,0.4086
30.507,-0.0030,0.0000,-0.0030,-3.2814,0.0000,-3.2814,0.4086
30.511,-0.0029,0.0000,-0.0029,-3.2867,0.0000,-3.2867,0.4086
30.516,-0.0029,0.0000,-0.0029,-3.2931,0.0000,-3.2931,0.3668
30.535,-0.0025,0.0000,-0.0025,-3.3325,0.0000,-3.3325,0.3214
30.541,-0.0024,0.0000,-0.0024,-3.3460,0.0000,-3.3460,0.3214
30.546,-0.0024,0.0000,-0.0024,-3.3568,0.0000,-3.3568,0.3214
30.551,-0.0023,0.0000,-0.0023,-3.3663,0.0000,-3.3663,0.3214
30.555,-0.0022,0.0000,-0.0022,-3.3771,0.0000,-3.3771,0.2729
30.560,-0.0022,0.0000,-0.0022,-3.3896,0.0000,-3.3896,0.2729
30.564,-0.0021,0.0000,-0.0021,-3.4006,0.0000,-3.4006,0.2729
30.568,-0.0021,0.0000,-0.0021,-3.4122,0.0000,-3.4122,0.2729
30.573,-0.0020,0.0000,-0.0020,-3.4257,0.0000,-3.4257,0.2729
30.585,-0.0019,0.0000,-0.0019,-3.4648,0.0000,-3.4648,0.2224
30.591,-0.0018,0.0000,-0.0018,-3.4868,0.0000,-3.4868,0.2224
30.596,-0.0018,0.0000,-0.0018,-3.5026,0.0000,-3.5026,0.1700
30.600,-0.0017,0.0000,-0.0017,-3.5201,0.0000,-3.5201,0.1700
30.605,-0.0017,0.0000,-0.0017,-3.5376,0.0000,-3.5376,0.1700
30.609,-0.0016,0.0000,-0.0016,-3.5547,0.0000,-3.5547,0.1700
30.614,-0.0016,0.0000,-0.0016,-3.5716,0.0000,-3.5716,0.1700
30.618,-0.0015,0.0000,-0.0015,-3.5912,0.0000,-3.5912,0.1162
30.625,-0.0015,0.0000,-0.0015,-3.6219,0.0000,-3.6219,0.1162
30.636,-0.0014,0.0000,-0.0014,-3.6772,0.0000,-3.6772,0.0618
30.642,-0.0013,0.0000,-0.0013,-3.7079,0.0000,-3.7079,0.0618
30.647,-0.0013,0.0000,-0.0013,-3.7302,0.0000,-3.7302,0.0618
30.651,-0.0013,0.0000,-0.0013,-3.7523,0.0000,-3.7523,0.0618
30.656,-0.0012,0.0000,-0.0012,-3.7773,0.0000,-3.7773,0.0059
30.661,-0.0012,0.0000,-0.0012,-3.8054,0.0000,-3.8054,0.0059
30.665,-0.0012,0.0000,-0.0012,-3.8296,0.0000,-3.8296,0.0059
30.669,-0.0011,0.0000,-0.0011,-3.8565,0.0000,-3.8565,0.0059
30.675,-0.0011,0.0000,-0.0011,-3.8896,0.0000,-3.8896,-0.0506
30.680,-0.0011,0.0000,-0.0011,-3.9254,0.0000,-3.9254,-0.0506
30.685,-0.0010,0.0000,-0.0010,-3.9551,0.0000,-3.9551,-0.0506
30.690,-0.0010,0.0000,-0.0010,-3.9875,0.0000,-3.9875,-0.0506
30.695,-0.0010,0.0000,-0.0010,-4.0237,0.0000,-4.0237,-0.1076
30.700,-0.0009,0.0000,-0.0009,-4.0599,0.0000,-4.0599,-0.1076
30.705,-0.0009,0.0000,-0.0009,-4.0979,0.0000,-4.0979,-0.1076
30.709,-0.0009,0.0000,-0.0009,-4.1303,0.0000,-4.1303,-0.1076
30.714,-0.0009,0.0000,-0.0009,-4.1630,0.0000,-4.1630,-0.1646
30.719,-0.0008,0.0000,-0.0008,-4.2045,0.0000,-4.2045,-0.1646
30.724,-0.0008,0.0000,-0.0008,-4.2431,0.0000,-4.2431,-0.1646
30.736,-0.0008,0.0000,-0.0008,-4.3558,0.0000,-4.3558,-0.2211
30.749,-0.0007,0.0000,-0.0007,-4.4864,0.0000,-4.4864,-0.2211
30.755,-0.0007,0.0000,-0.0007,-4.5448,0.0000,-4.5448,-0.2769
30.761,-0.0006,0.0000,-0.0006,-4.5994,0.0000,-4.5994,-0.2769
30.766,-0.0006,0.0000,-0.0006,-4.6522,0.0000,-4.6522,-0.2769
30.770,-0.0006,0.0000,-0.0006,-4.7019,0.0000,-4.7019,-0.2769
30.775,-0.0006,0.0000,-0.0006,-4.7506,0.0000,-4.7506,-0.3321
30.780,-0.0006,0.0000,-0.0006,-4.8085,0.0000,-4.8085,-0.3321
30.785,-0.0006,0.0000,-0.0006,-4.8570,0.0000,-4.8570,-0.3321
30.789,-0.0005,0.0000,-0.0005,-4.9149,0.0000,-4.9149,-0.3321
30.794,-0.0005,0.0000,-0.0005,-4.9664,0.0000,-4.9664,-0.3859
30.799,-0.0005,0.0000,-0.0005,-5.0262,0.0000,-5.0262,-0.3859
30.803,-0.0005,0.0000,-0.0005,-5.0871,0.0000,-5.0871,-0.3859
30.808,-0.0005,0.0000,-0.0005,-5.1439,0.0000,-5.1439,-0.3859
30.812,-0.0005,0.0000,-0.0005,-5.2033,0.0000,-5.2033,-0.3859
30.817,-0.0005,0.0000,-0.0005,-5.2599,0.0000,-5.2599,-0.4377
30.822,-0.0004,0.0000,-0.0004,-5.3308,0.0000,-5.3308,-0.4377
30.826,-0.0004,0.0000,-0.0004,-5.3940,0.0000,-5.3940,-0.4377
30.830,-0.0004,0.0000,-0.0004,-5.4572,0.0000,-5.4572,-0.4377
30.835,-0.0004,0.0000,-0.0004,-5.5202,0.0000,-5.5202,-0.4875
30.840,-0.0004,0.0000,-0.0004,-5.6087,0.0000,-5.6087,-0.4875
30.845,-0.0004,0.0000,-0.0004,-5.6832,0.0000,-5.6832,-0.4875
30.856,-0.0004,0.0000,-0.0004,-5.8744,0.0000,-5.8744,-0.5354
30.861,-0.0004,0.0000,-0.0004,-5.9576,0.0000,-5.9576,-0.5354
30.865,-0.0003,0.0000,-0.0003,-6.0294,0.0000,-6.0294,-0.5354
30.869,-0.0003,0.0000,-0.0003,-6.1054,0.0000,-6.1054,-0.5354
30.874,-0.0003,0.0000,-0.0003,-6.2010,0.0000,-6.2010,-0.5805
30.887,-0.0003,0.0000,-0.0003,-6.4574,0.0000,-6.4574,-0.5805
30.892,-0.0003,0.0000,-0.0003,-6.5688,0.0000,-6.5688,-0.5805
30.896,-0.0003,0.0000,-0.0003,-6.6529,0.0000,-6.6529,-0.6227
30.901,-0.0003,0.0000,-0.0003,-6.7490,0.0000,-6.7490,-0.6227
30.906,-0.0003,0.0000,-0.0003,-6.8514,0.0000,-6.8514,-0.6227
30.910,-0.0003,0.0000,-0.0003,-6.9446,0.0000,-6.9446,-0.6227
30.914,-0.0003,0.0000,-0.0003,-7.0379,0.0000,-7.0379,-0.6618
30.919,-0.0002,0.0000,-0.0002,-7.1458,0.0000,-7.1458,-0.6618
30.923,-0.0002,0.0000,-0.0002,-7.2556,0.0000,-7.2556,-0.6618
30.928,-0.0002,0.0000,-0.0002,-7.3587,0.0000,-7.3587,-0.6618
30.932,-0.0002,0.0000,-0.0002,-7.4708,0.0000,-7.4708,-0.6618
30.937,-0.0002,0.0000,-0.0002,-7.5826,0.0000,-7.5826,-0.6971
30.942,-0.0002,0.0000,-0.0002,-7.7010,0.0000,-7.7010,-0.6971
30.946,-0.0002,0.0000,-0.0002,-7.8078,0.0000,-7.8078,-0.6971
30.951,-0.0002,0.0000,-0.0002,-7.9296,0.0000,-7.9296,-0.6971
30.957,-0.0002,0.0000,-0.0002,-8.0627,0.0000,-8.0627,-0.7285
30.968,-0.0002,0.0000,-0.0002,-8.3140,0.0000,-8.3140,-0.7285
30.973,-0.0002,0.0000,-0.0002,-8.4017,0.0000,-8.4017,-0.7285
30.977,-0.0002,0.0000,-0.0002,-8.4767,0.0000,-8.4767,-0.7558
30.982,-0.0002,0.0000,-0.0002,-8.5547,0.0000,-8.5547,-0.7558
30.987,-0.0002,0.0000,-0.0002,-8.6227,0.0000,-8.6227,-0.7558
30.991,-0.0002,0.0000,-0.0002,-8.6799,0.0000,-8.6799,-0.7558
30.995,-0.0002,0.0000,-0.0002,-8.7291,0.0000,-8.7291,-0.7787
31.000,-0.0002,0.0000,-0.0002,-8.7817,0.0000,-8.7817,-0.7787
31.005,-0.0001,0.0000,-0.0001,-8.8268,0.0000,-8.8268,-0.7787
31.009,-0.0001,0.0000,-0.0001,-8.8599,0.0000,-8.8599,-0.7787
31.014,-0.0001,0.0000,-0.0001,-8.8896,0.0000,-8.8896,-0.7787
31.019,-0.0001,0.0000,-0.0001,-8.9182,0.0000,-8.9182,-0.7972
31.024,-0.0001,0.0000,-0.0001,-8.9412,0.0000,-8.9412,-0.7972
31.029,-0.0001,0.0000,-0.0001,-8.9585,0.0000,-8.9585,-0.7972
31.042,-0.0001,0.0000,-0.0001,-8.9654,0.0000,-8.9654,-0.8110
31.049,-0.0001,0.0000,-0.0001,-8.9606,0.0000,-8.9606,-0.8110
31.054,-0.0001,0.0000,-0.0001,-8.9523,0.0000,-8.9523,-0.8204
31.060,-0.0001,0.0000,-0.0001,-8.9374,0.0000,-8.9374,-0.8204
31.065,-0.0001,0.0000,-0.0001,-8.9219,0.0000,-8.9219,-0.8204
31.076,-0.0001,0.0000,-0.0001,-8.8655,0.0000,-8.8655,-0.8251
31.081,-0.0001,0.0000,-0.0001,-8.8383,0.0000,-8.8383,-0.8251
31.085,-0.0001,0.0000,-0.0001,-8.8122,0.0000,-8.8122,-0.8251
31.090,-0.0001,0.0000,-0.0001,-8.7788,0.0000,-8.7788,-0.8251
31.094,-0.0001,0.0000,-0.0001,-8.7483,0.0000,-8.7483,-0.8253
31.099,-0.0001,0.0000,-0.0001,-8.7140,0.0000,-8.7140,-0.8253
31.103,-0.0001,0.0000,-0.0001,-8.6783,0.0000,-8.6783,-0.8253
31.108,-0.0001,0.0000,-0.0001,-8.6385,0.0000,-8.6385,-0.8253
31.112,-0.0001,0.0000,-0.0001,-8.6013,0.0000,-8.6013,-0.8253
31.117,-0.0001,0.0000,-0.0001,-8.5631,0.0000,-8.5631,-0.8209
31.122,-0.0001,0.0000,-0.0001,-8.5107,0.0000,-8.5107,-0.8209
31.127,-0.0001,0.0000,-0.0001,-8.4568,0.0000,-8.4568,-0.8209
31.132,-0.0001,0.0000,-0.0001,-8.4134,0.0000,-8.4134,-0.8209
31.137,-0.0001,0.0000,-0.0001,-8.3600,0.0000,-8.3600,-0.8125
31.142,-0.0001,0.0000,-0.0001,-8.3010,0.0000,-8.3010,-0.8125
31.146,-0.0001,0.0000,-0.0001,-8.2548,0.0000,-8.2548,-0.8125
31.151,-0.0001,0.0000,-0.0001,-8.2057,0.0000,-8.2057,-0.8125
31.155,-0.0001,0.0000,-0.0001,-8.1497,0.0000,-8.1497,-0.8003
31.160,-0.0001,0.0000,-0.0001,-8.0916,0.0000,-8.0916,-0.8003
31.165,-0.0001,0.0000,-0.0001,-8.0415,0.0000,-8.0415,-0.8003
31.170,-0.0001,0.0000,-0.0001,-7.9795,0.0000,-7.9795,-0.8003
31.182,0.0000,0.0000,0.0000,-7.8275,0.0000,-7.8275,-0.7839
31.195,0.0000,0.0000,0.0000,-7.6464,0.0000,-7.6464,-0.7638
31.201,0.0000,0.0000,0.0000,-7.5676,0.0000,-7.5676,-0.7638
31.206,0.0000,0.0000,0.0000,-7.5088,0.0000,-7.5088,-0.7638
31.210,0.0000,0.0000,0.0000,-7.4561,0.0000,-7.4561,-0.7638
31.215,0.0000,0.0000,0.0000,-7.3997,0.0000,-7.3997,-0.7399
31.220,0.0000,0.0000,0.0000,-7.3354,0.0000,-7.3354,-0.7399
31.224,0.0000,0.0000,0.0000,-7.2785,0.0000,-7.2785,-0.7399
31.228,0.0000,0.0000,0.0000,-7.2247,0.0000,-7.2247,-0.7399
31.233,0.0000,0.0000,0.0000,-7.1689,0.0000,-7.1689,-0.7399
31.237,0.0000,0.0000,0.0000,-7.1135,0.0000,-7.1135,-0.7124
31.242,0.0000,0.0000,0.0000,-7.0510,0.0000,-7.0510,-0.7124
31.246,0.0000,0.0000,0.0000,-6.9962,0.0000,-6.9962,-0.7124
31.250,0.0000,0.0000,0.0000,-6.9398,0.0000,-6.9398,-0.7124
31.255,0.0000,0.0000,0.0000,-6.8810,0.0000,-6.8810,-0.6816
31.260,0.0000,0.0000,0.0000,-6.8211,0.0000,-6.8211,-0.6816
31.264,0.0000,0.0000,0.0000,-6.7667,0.0000,-6.7667,-0.6816
31.268,0.0000,0.0000,0.0000,-6.7151,0.0000,-6.7151,-0.6816
31.273,0.0000,0.0000,0.0000,-6.6558,0.0000,-6.6558,-0.6816
31.283,0.0000,0.0000,0.0000,-6.5175,0.0000,-6.5175,-0.6473
31.289,0.0000,0.0000,0.0000,-6.4516,0.0000,-6.4516,-0.6473
31.293,0.0000,0.0000,0.0000,-6.3975,0.0000,-6.3975,-0.6473
31.297,0.0000,0.0000,0.0000,-6.3445,0.0000,-6.3445,-0.6098
31.302,0.0000,0.0000,0.0000,-6.2875,0.0000,-6.2875,-0.6098
31.307,0.0000,0.0000,0.0000,-6.2313,0.0000,-6.2313,-0.6098
31.311,0.0000,0.0000,0.0000,-6.1769,0.0000,-6.1769,-0.6098
31.315,0.0000,0.0000,0.0000,-6.1260,0.0000,-6.1260,-0.5692
31.321,0.0000,0.0000,0.0000,-6.0619,0.0000,-6.0619,-0.5692
31.325,0.0000,0.0000,0.0000,-6.0100,0.0000,-6.0100,-0.5692
31.330,0.0000,0.0000,0.0000,-5.9584,0.0000,-5.9584,-0.5692
31.334,0.0000,0.0000,0.0000,-5.9073,0.0000,-5.9073,-0.5258
31.347,0.0000,0.0000,0.0000,-5.7528,0.0000,-5.7528,-0.5258
31.354,0.0000,0.0000,0.0000,-5.6742,0.0000,-5.6742,-0.4798
31.360,0.0000,0.0000,0.0000,-5.6068,0.0000,-5.6068,-0.4798
31.365,0.0000,0.0000,0.0000,-5.5560,0.0000,-5.5560,-0.4798
31.370,0.0000,0.0000,0.0000,-5.5041,0.0000,-5.5041,-0.4798
31.375,0.0000,0.0000,0.0000,-5.4503,0.0000,-5.4503,-0.4313
31.387,0.0000,0.0000,0.0000,-5.3219,0.0000,-5.3219,-0.4313
31.393,0.0000,0.0000,0.0000,-5.2591,0.0000,-5.2591,-0.4313
31.397,0.0000,0.0000,0.0000,-5.2138,0.0000,-5.2138,-0.3808
31.403,0.0000,0.0000,0.0000,-5.1589,0.0000,-5.1589,-0.3808
31.408,0.0000,0.0000,0.0000,-5.1041,0.0000,-5.1041,-0.3808
31.413,0.0000,0.0000,0.0000,-5.0562,0.0000,-5.0562,-0.3808
31.418,0.0000,0.0000,0.0000,-5.0107,0.0000,-5.0107,-0.3285
31.423,0.0000,0.0000,0.0000,-4.9620,0.0000,-4.9620,-0.3285
31.427,0.0000,0.0000,0.0000,-4.9213,0.0000,-4.9213,-0.3285
31.431,0.0000,0.0000,0.0000,-4.8836,0.0000,-4.8836,-0.3285
31.436,0.0000,0.0000,0.0000,-4.8424,0.0000,-4.8424,-0.2747
31.441,0.0000,0.0000,0.0000,-4.7973,0.0000,-4.7973,-0.2747
31.445,0.0000,0.0000,0.0000,-4.7604,0.0000,-4.7604,-0.2747
31.450,0.0000,0.0000,0.0000,-4.7209,0.0000,-4.7209,-0.2747
31.454,0.0000,0.0000,0.0000,-4.6806,0.0000,-4.6806,-0.2194
31.459,0.0000,0.0000,0.0000,-4.6378,0.0000,-4.6378,-0.2194
31.464,0.0000,0.0000,0.0000,-4.5991,0.0000,-4.5991,-0.2194
31.470,0.0000,0.0000,0.0000,-4.5466,0.0000,-4.5466,-0.2194
31.475,0.0000,0.0000,0.0000,-4.5070,0.0000,-4.5070,-0.1630
31.480,0.0000,0.0000,0.0000,-4.4689,0.0000,-4.4689,-0.1630
31.484,0.0000,0.0000,0.0000,-4.4356,0.0000,-4.4356,-0.1630
31.489,0.0000,0.0000,0.0000,-4.3953,0.0000,-4.3953,-0.1630
31.501,0.0000,0.0000,0.0000,-4.2960,0.0000,-4.2960,-0.1063
31.508,0.0000,0.0000,0.0000,-4.2485,0.0000,-4.2485,-0.1063
31.512,0.0000,0.0000,0.0000,-4.2158,0.0000,-4.2158,-0.1063
31.517,0.0000,0.0000,0.0000,-4.1857,0.0000,-4.1857,-0.0490
31.522,0.0000,0.0000,0.0000,-4.1500,0.0000,-4.1500,-0.0490
31.526,0.0000,0.0000,0.0000,-4.1192,0.0000,-4.1192,-0.0490
31.530,0.0000,0.0000,0.0000,-4.0901,0.0000,-4.0901,-0.0490
31.535,0.0000,0.0000,0.0000,-4.0619,0.0000,-4.0619,0.0085
31.540,0.0000,0.0000,0.0000,-4.0260,0.0000,-4.0260,0.0085
31.547,0.0000,0.0000,0.0000,-3.9825,0.0000,-3.9825,0.0085
31.551,0.0000,0.0000,0.0000,-3.9564,0.0000,-3.9564,0.0085
31.555,0.0000,0.0000,0.0000,-3.9283,0.0000,-3.9283,0.0659
31.561,0.0000,0.0000,0.0000,-3.8940,0.0000,-3.8940,0.0659
31.565,0.0000,0.0000,0.0000,-3.8689,0.0000,-3.8689,0.0659
31.569,0.0000,0.0000,0.0000,-3.8429,0.0000,-3.8429,0.0659
31.574,0.0000,0.0000,0.0000,-3.8156,0.0000,-3.8156,0.1228
31.579,0.0000,0.0000,0.0000,-3.7864,0.0000,-3.7864,0.1228
31.583,0.0000,0.0000,0.0000,-3.7631,0.0000,-3.7631,0.1228
31.588,0.0000,0.0000,0.0000,-3.7374,0.0000,-3.7374,0.1228
31.592,0.0000,0.0000,0.0000,-3.7137,0.0000,-3.7137,0.1228
31.605,0.0000,0.0000,0.0000,-3.6475,0.0000,-3.6475,0.1789
31.618,0.0000,0.0000,0.0000,-3.5788,0.0000,-3.5788,0.2344
31.624,0.0000,0.0000,0.0000,-3.5507,0.0000,-3.5507,0.2344
31.628,0.0000,0.0000,0.0000,-3.5309,0.0000,-3.5309,0.2344
31.632,0.0000,0.0000,0.0000,-3.5121,0.0000,-3.5121,0.2344
31.637,0.0000,0.0000,0.0000,-3.4918,0.0000,-3.4918,0.2885
31.642,0.0000,0.0000,0.0000,-3.4698,0.0000,-3.4698,0.2885
31.654,0.0000,0.0000,0.0000,-3.4190,0.0000,-3.4190,0.3414
31.660,0.0000,0.0000,0.0000,-3.3929,0.0000,-3.3929,0.3414
31.664,0.0000,0.0000,0.0000,-3.3770,0.0000,-3.3770,0.3414
31.669,0.0000,0.0000,0.0000,-3.3604,0.0000,-3.3604,0.3414
31.673,0.0000,0.0000,0.0000,-3.3443,0.0000,-3.3443,0.3414
31.678,0.0000,0.0000,0.0000,-3.3292,0.0000,-3.3292,0.3921
31.682,0.0000,0.0000,0.0000,-3.3126,0.0000,-3.3126,0.3921
31.687,0.0000,0.0000,0.0000,-3.2968,0.0000,-3.2968,0.3921
31.691,0.0000,0.0000,0.0000,-3.2825,0.0000,-3.2825,0.3921
31.696,0.0000,0.0000,0.0000,-3.2692,0.0000,-3.2692,0.4408
31.701,0.0000,0.0000,0.0000,-3.2537,0.0000,-3.2537,0.4408
31.706,0.0000,0.0000,0.0000,-3.2377,0.0000,-3.2377,0.4408
31.717,0.0000,0.0000,0.0000,-3.2063,0.0000,-3.2063,0.4868
31.723,0.0000,0.0000,0.0000,-3.1917,0.0000,-3.1917,0.4868
31.727,0.0000,0.0000,0.0000,-3.1802,0.0000,-3.1802,0.4868
31.732,0.0000,0.0000,0.0000,-3.1675,0.0000,-3.1675,0.4868
31.737,0.0000,0.0000,0.0000,-3.1556,0.0000,-3.1556,0.5296
31.743,0.0000,0.0000,0.0000,-3.1438,0.0000,-3.1438,0.5296
31.748,0.0000,0.0000,0.0000,-3.1335,0.0000,-3.1335,0.5296
31.753,0.0000,0.0000,0.0000,-3.1239,0.0000,-3.1239,0.5296
31.758,0.0000,0.0000,0.0000,-3.1148,0.0000,-3.1148,0.5687
31.764,0.0000,0.0000,0.0000,-3.1043,0.0000,-3.1043,0.5687
31.769,0.0000,0.0000,0.0000,-3.0962,0.0000,-3.0962,0.5687
31.777,0.0000,0.0000,0.0000,-3.0857,0.0000,-3.0857,0.6035
31.784,0.0000,0.0000,0.0000,-3.0769,0.0000,-3.0769,0.6035
31.790,0.0000,0.0000,0.0000,-3.0702,0.0000,-3.0702,0.6035
31.796,0.0000,0.0000,0.0000,-3.0646,0.0000,-3.0646,0.6344
31.812,0.0000,0.0000,0.0000,-3.0565,0.0000,-3.0565,0.6344
31.826,0.0000,0.0000,0.0000,-3.0544,0.0000,-3.0544,0.6608
31.833,0.0000,0.0000,0.0000,-3.0549,0.0000,-3.0549,0.6608
31.840,0.0000,0.0000,0.0000,-3.0571,0.0000,-3.0571,0.6833
31.846,0.0000,0.0000,0.0000,-3.0603,0.0000,-3.0603,0.6833
31.851,0.0000,0.0000,0.0000,-3.0636,0.0000,-3.0636,0.6833
31.858,0.0000,0.0000,0.0000,-3.0697,0.0000,-3.0697,0.7010
31.864,0.0000,0.0000,0.0000,-3.0761,0.0000,-3.0761,0.7010
31.869,0.0000,0.0000,0.0000,-3.0829,0.0000,-3.0829,0.7010
31.876,0.0000,0.0000,0.0000,-3.0948,0.0000,-3.0948,0.7148
31.883,0.0000,0.0000,0.0000,-3.1079,0.0000,-3.1079,0.7148
31.891,0.0000,0.0000,0.0000,-3.1162,0.0000,-3.1162,0.7148
31.897,0.0000,0.0000,0.0000,-3.1188,0.0000,-3.1188,0.7241
31.905,0.0000,0.0000,0.0000,-3.1173,0.0000,-3.1173,0.7241
31.910,0.0000,0.0000,0.0000,-3.1134,0.0000,-3.1134,0.7241
31.916,0.0000,0.0000,0.0000,-3.1066,0.0000,-3.1066,0.7286
31.930,0.0000,0.0000,0.0000,-3.0792,0.0000,-3.0792,0.7286
31.934,0.0000,0.0000,0.0000,-3.0693,0.0000,-3.0693,0.7285
31.941,0.0000,0.0000,0.0000,-3.0603,0.0000,-3.0603,0.7285
31.946,0.0000,0.0000,0.0000,-3.0555,0.0000,-3.0555,0.7285
31.961,0.0000,0.0000,0.0000,-3.0655,0.0000,-3.0655,0.7237
31.967,0.0000,0.0000,0.0000,-3.0737,0.0000,-3.0737,0.7237
31.974,0.0000,0.0000,0.0000,-3.0875,0.0000,-3.0875,0.7145
31.980,0.0000,0.0000,0.0000,-3.1007,0.0000,-3.1007,0.7145
31.984,0.0000,0.0000,0.0000,-3.1135,0.0000,-3.1135,0.7145
31.990,0.0000,0.0000,0.0000,-3.1354,0.0000,-3.1354,0.7145
31.995,0.0000,0.0000,0.0000,-3.1533,0.0000,-3.1533,0.7006
32.001,0.0000,0.0000,0.0000,-3.1776,0.0000,-3.1776,0.7006
32.007,0.0000,0.0000,0.0000,-3.2078,0.0000,-3.2078,0.7006
32.012,0.0000,0.0000,0.0000,-3.2320,0.0000,-3.2320,0.7006
32.016,0.0000,0.0000,0.0000,-3.2553,0.0000,-3.2553,0.6824
32.022,0.0000,0.0000,0.0000,-3.2906,0.0000,-3.2906,0.6824
32.033,0.0000,0.0000,0.0000,-3.3651,0.0000,-3.3651,0.6824
32.039,0.0000,0.0000,0.0000,-3.4069,0.0000,-3.4069,0.6607
32.044,0.0000,0.0000,0.0000,-3.4496,0.0000,-3.4496,0.6607
32.049,0.0000,0.0000,0.0000,-3.4832,0.0000,-3.4832,0.6607
32.053,0.0000,0.0000,0.0000,-3.5188,0.0000,-3.5188,0.6607
32.058,0.0000,0.0000,0.0000,-3.5566,0.0000,-3.5566,0.6348
32.063,0.0000,0.0000,0.0000,-3.6017,0.0000,-3.6017,0.6348
32.069,0.0000,0.0000,0.0000,-3.6495,0.0000,-3.6495,0.6348
32.075,0.0000,0.0000,0.0000,-3.7079,0.0000,-3.7079,0.6054
32.081,0.0000,0.0000,0.0000,-3.7644,0.0000,-3.7644,0.6054
32.086,0.0000,0.0000,0.0000,-3.8086,0.0000,-3.8086,0.6054
32.092,0.0000,0.0000,0.0000,-3.8679,0.0000,-3.8679,0.6054
32.097,0.0000,0.0000,0.0000,-3.9172,0.0000,-3.9172,0.5721
32.112,0.0000,0.0000,0.0000,-4.0702,0.0000,-4.0702,0.5721
32.118,0.0000,0.0000,0.0000,-4.1348,0.0000,-4.1348,0.5355
32.127,0.0000,0.0000,0.0000,-4.2222,0.0000,-4.2222,0.5355
32.142,0.0000,0.0000,0.0000,-4.3780,0.0000,-4.3780,0.4960
32.148,0.0000,0.0000,0.0000,-4.4409,0.0000,-4.4409,0.4960
32.154,0.0000,0.0000,0.0000,-4.5052,0.0000,-4.5052,0.4537
32.162,0.0000,0.0000,0.0000,-4.5799,0.0000,-4.5799,0.4537
32.168,0.0000,0.0000,0.0000,-4.6322,0.0000,-4.6322,0.4537
32.174,0.0000,0.0000,0.0000,-4.6930,0.0000,-4.6930,0.4089
32.180,0.0000,0.0000,0.0000,-4.7444,0.0000,-4.7444,0.4089
32.184,0.0000,0.0000,0.0000,-4.7892,0.0000,-4.7892,0.4089
32.193,0.0000,0.0000,0.0000,-4.8610,0.0000,-4.8610,0.4089
32.199,0.0000,0.0000,0.0000,-4.9155,0.0000,-4.9155,0.3617
32.207,0.0000,0.0000,0.0000,-4.9807,0.0000,-4.9807,0.3617
32.213,0.0000,0.0000,0.0000,-5.0307,0.0000,-5.0307,0.3617
32.219,0.0000,0.0000,0.0000,-5.0710,0.0000,-5.0710,0.3131
32.227,0.0000,0.0000,0.0000,-5.1306,0.0000,-5.1306,0.3131
32.233,0.0000,0.0000,0.0000,-5.1703,0.0000,-5.1703,0.3131
32.246,0.0000,0.0000,0.0000,-5.2489,0.0000,-5.2489,0.2636
32.252,0.0000,0.0000,0.0000,-5.2802,0.0000,-5.2802,0.2636
32.266,0.0000,0.0000,0.0000,-5.3454,0.0000,-5.3454,0.2131
32.273,0.0000,0.0000,0.0000,-5.3711,0.0000,-5.3711,0.2131
32.278,0.0000,0.0000,0.0000,-5.3901,0.0000,-5.3901,0.1620
32.283,0.0000,0.0000,0.0000,-5.4062,0.0000,-5.4062,0.1620
32.289,0.0000,0.0000,0.0000,-5.4216,0.0000,-5.4216,0.1620
32.293,0.0000,0.0000,0.0000,-5.4327,0.0000,-5.4327,0.1620
32.298,0.0000,0.0000,0.0000,-5.4419,0.0000,-5.4419,0.1102
32.304,0.0000,0.0000,0.0000,-5.4521,0.0000,-5.4521,0.1102
32.311,0.0000,0.0000,0.0000,-5.4597,0.0000,-5.4597,0.1102
32.315,0.0000,0.0000,0.0000,-5.4631,0.0000,-5.4631,0.0586
32.320,0.0000,0.0000,0.0000,-5.4651,0.0000,-5.4651,0.0586
32.325,0.0000,0.0000,0.0000,-5.4655,0.0000,-5.4655,0.0586
32.330,0.0000,0.0000,0.0000,-5.4644,0.0000,-5.4644,0.0586
32.334,0.0000,0.0000,0.0000,-5.4623,0.0000,-5.4623,0.0073
32.341,0.0000,0.0000,0.0000,-5.4544,0.0000,-5.4544,0.0073
32.353,0.0000,0.0000,0.0000,-5.4325,0.0000,-5.4325,0.0073
32.360,0.0000,0.0000,0.0000,-5.4172,0.0000,-5.4172,-0.0439
32.365,0.0000,0.0000,0.0000,-5.4041,0.0000,-5.4041,-0.0439
32.369,0.0000,0.0000,0.0000,-5.3911,0.0000,-5.3911,-0.0439
32.375,0.0000,0.0000,0.0000,-5.3740,0.0000,-5.3740,-0.0945
32.380,0.0000,0.0000,0.0000,-5.3570,0.0000,-5.3570,-0.0945
32.384,0.0000,0.0000,0.0000,-5.3420,0.0000,-5.3420,-0.0945
32.389,0.0000,0.0000,0.0000,-5.3216,0.0000,-5.3216,-0.0945
32.394,0.0000,0.0000,0.0000,-5.2990,0.0000,-5.2990,-0.1447
32.399,0.0000,0.0000,0.0000,-5.2770,0.0000,-5.2770,-0.1447
32.405,0.0000,0.0000,0.0000,-5.2478,0.0000,-5.2478,-0.1447
32.418,0.0000,0.0000,0.0000,-5.1753,0.0000,-5.1753,-0.1944
32.426,0.0000,0.0000,0.0000,-5.1243,0.0000,-5.1243,-0.1944
32.431,0.0000,0.0000,0.0000,-5.0959,0.0000,-5.0959,-0.1944
32.437,0.0000,0.0000,0.0000,-5.0609,0.0000,-5.0609,-0.2429
32.443,0.0000,0.0000,0.0000,-5.0208,0.0000,-5.0208,-0.2429
32.454,0.0000,0.0000,0.0000,-4.9398,0.0000,-4.9398,-0.2904
32.459,0.0000,0.0000,0.0000,-4.9029,0.0000,-4.9029,-0.2904
32.464,0.0000,0.0000,0.0000,-4.8700,0.0000,-4.8700,-0.2904
32.469,0.0000,0.0000,0.0000,-4.8369,0.0000,-4.8369,-0.2904
32.474,0.0000,0.0000,0.0000,-4.7953,0.0000,-4.7953,-0.3359
32.479,0.0000,0.0000,0.0000,-4.7566,0.0000,-4.7566,-0.3359
32.484,0.0000,0.0000,0.0000,-4.7232,0.0000,-4.7232,-0.3359
32.489,0.0000,0.0000,0.0000,-4.6839,0.0000,-4.6839,-0.3359
32.493,0.0000,0.0000,0.0000,-4.6497,0.0000,-4.6497,-0.3359
32.497,0.0000,0.0000,0.0000,-4.6159,0.0000,-4.6159,-0.3793
32.502,0.0000,0.0000,0.0000,-4.5787,0.0000,-4.5787,-0.3793
32.507,0.0000,0.0000,0.0000,-4.5381,0.0000,-4.5381,-0.3793
32.512,0.0000,0.0000,0.0000,-4.5007,0.0000,-4.5007,-0.3793
32.516,0.0000,0.0000,0.0000,-4.4638,0.0000,-4.4638,-0.4202
32.522,0.0000,0.0000,0.0000,-4.4172,0.0000,-4.4172,-0.4202
32.526,0.0000,0.0000,0.0000,-4.3772,0.0000,-4.3772,-0.4202
32.531,0.0000,0.0000,0.0000,-4.3396,0.0000,-4.3396,-0.4202
32.535,0.0000,0.0000,0.0000,-4.3030,0.0000,-4.3030,-0.4585
32.541,0.0000,0.0000,0.0000,-4.2546,0.0000,-4.2546,-0.4585
32.546,0.0000,0.0000,0.0000,-4.2134,0.0000,-4.2134,-0.4585
32.557,0.0000,0.0000,0.0000,-4.1122,0.0000,-4.1122,-0.4941
32.570,0.0000,0.0000,0.0000,-3.9961,0.0000,-3.9961,-0.4941
32.576,0.0000,0.0000,0.0000,-3.9440,0.0000,-3.9440,-0.5266
32.580,0.0000,0.0000,0.0000,-3.9034,0.0000,-3.9034,-0.5266
32.584,0.0000,0.0000,0.0000,-3.8689,0.0000,-3.8689,-0.5266
32.589,0.0000,0.0000,0.0000,-3.8383,0.0000,-3.8383,-0.5266
32.593,0.0000,0.0000,0.0000,-3.8151,0.0000,-3.8151,-0.5266
32.597,0.0000,0.0000,0.0000,-3.8001,0.0000,-3.8001,-0.5561
32.602,0.0000,0.0000,0.0000,-3.7910,0.0000,-3.7910,-0.5561
32.607,0.0000,0.0000,0.0000,-3.7894,0.0000,-3.7894,-0.5561
32.611,0.0000,0.0000,0.0000,-3.7945,0.0000,-3.7945,-0.5561
32.615,0.0000,0.0000,0.0000,-3.8050,0.0000,-3.8050,-0.5824
32.620,0.0000,0.0000,0.0000,-3.8236,0.0000,-3.8236,-0.5824
32.624,0.0000,0.0000,0.0000,-3.8459,0.0000,-3.8459,-0.5824
32.629,0.0000,0.0000,0.0000,-3.8719,0.0000,-3.8719,-0.5824
32.633,0.0000,0.0000,0.0000,-3.9012,0.0000,-3.9012,-0.5824
32.637,0.0000,0.0000,0.0000,-3.9354,0.0000,-3.9354,-0.6053
32.643,0.0000,0.0000,0.0000,-3.9694,0.0000,-3.9694,-0.6053
32.647,0.0000,0.0000,0.0000,-3.9946,0.0000,-3.9946,-0.6053
32.658,0.0000,0.0000,0.0000,-4.0396,0.0000,-4.0396,-0.6244
32.663,0.0000,0.0000,0.0000,-4.0556,0.0000,-4.0556,-0.6244
32.667,0.0000,0.0000,0.0000,-4.0661,0.0000,-4.0661,-0.6244
32.671,0.0000,0.0000,0.0000,-4.0742,0.0000,-4.0742,-0.6244
32.676,0.0000,0.0000,0.0000,-4.0781,0.0000,-4.0781,-0.6398
32.680,0.0000,0.0000,0.0000,-4.0789,0.0000,-4.0789,-0.6398
32.684,0.0000,0.0000,0.0000,-4.0769,0.0000,-4.0769,-0.6398
32.689,0.0000,0.0000,0.0000,-4.0719,0.0000,-4.0719,-0.6398
32.693,0.0000,0.0000,0.0000,-4.0649,0.0000,-4.0649,-0.6398
32.697,0.0000,0.0000,0.0000,-4.0557,0.0000,-4.0557,-0.6513
32.702,0.0000,0.0000,0.0000,-4.0419,0.0000,-4.0419,-0.6513
32.706,0.0000,0.0000,0.0000,-4.0267,0.0000,-4.0267,-0.6513
32.711,0.0000,0.0000,0.0000,-4.0098,0.0000,-4.0098,-0.6513
32.724,0.0000,0.0000,0.0000,-3.9473,0.0000,-3.9473,-0.6584
32.730,0.0000,0.0000,0.0000,-3.9177,0.0000,-3.9177,-0.6584
32.734,0.0000,0.0000,0.0000,-3.8963,0.0000,-3.8963,-0.6503
32.740,0.0000,0.0000,0.0000,-3.8677,0.0000,-3.8677,-0.6503
32.744,0.0000,0.0000,0.0000,-3.8453,0.0000,-3.8453,-0.6503
32.749,0.0000,0.0000,0.0000,-3.8204,0.0000,-3.8204,-0.6503
32.760,0.0000,0.0000,0.0000,-3.7509,0.0000,-3.7509,-0.6165
32.765,0.0000,0.0000,0.0000,-3.7190,0.0000,-3.7190,-0.6165
32.770,0.0000,0.0000,0.0000,-3.6901,0.0000,-3.6901,-0.6165
32.782,0.0000,0.0000,0.0000,-3.5993,0.0000,-3.5993,-0.5761
32.791,0.0000,0.0000,0.0000,-3.5406,0.0000,-3.5406,-0.5761
32.795,0.0000,0.0000,0.0000,-3.5051,0.0000,-3.5051,-0.5343
32.800,0.0000,0.0000,0.0000,-3.4699,0.0000,-3.4699,-0.5343
32.805,0.0000,0.0000,0.0000,-3.4312,0.0000,-3.4312,-0.5343
32.810,0.0000,0.0000,0.0000,-3.3971,0.0000,-3.3971,-0.5343
32.814,0.0000,0.0000,0.0000,-3.3667,0.0000,-3.3667,-0.4913
32.819,0.0000,0.0000,0.0000,-3.3319,0.0000,-3.3319,-0.4913
32.824,0.0000,0.0000,0.0000,-3.2994,0.0000,-3.2994,-0.4913
32.828,0.0000,0.0000,0.0000,-3.2674,0.0000,-3.2674,-0.4913
32.832,0.0000,0.0000,0.0000,-3.2382,0.0000,-3.2382,-0.4913
32.837,0.0000,0.0000,0.0000,-3.2067,0.0000,-3.2067,-0.4474
32.842,0.0000,0.0000,0.0000,-3.1717,0.0000,-3.1717,-0.4474
32.846,0.0000,0.0000,0.0000,-3.1419,0.0000,-3.1419,-0.4474
32.850,0.0000,0.0000,0.0000,-3.1136,0.0000,-3.1136,-0.4474
32.854,0.0000,0.0000,0.0000,-3.0841,0.0000,-3.0841,-0.4028
32.859,0.0000,0.0000,0.0000,-3.0477,0.0000,-3.0477,-0.4028
32.871,0.0000,0.0000,0.0000,-2.9621,0.0000,-2.9621,-0.4028
32.883,0.0000,0.0000,0.0000,-2.8741,0.0000,-2.8741,-0.3580
32.890,0.0000,0.0000,0.0000,-2.8245,0.0000,-2.8245,-0.3580
32.894,0.0000,0.0000,0.0000,-2.7937,0.0000,-2.7937,-0.3135
32.899,0.0000,0.0000,0.0000,-2.7606,0.0000,-2.7606,-0.3135
32.904,0.0000,0.0000,0.0000,-2.7275,0.0000,-2.7275,-0.3135
32.908,0.0000,0.0000,0.0000,-2.6960,0.0000,-2.6960,-0.3135
32.912,0.0000,0.0000,0.0000,-2.6683,0.0000,-2.6683,-0.3135
32.916,0.0000,0.0000,0.0000,-2.6411,0.0000,-2.6411,-0.2507
32.921,0.0000,0.0000,0.0000,-2.6072,0.0000,-2.6072,-0.2507
32.926,0.0000,0.0000,0.0000,-2.5794,0.0000,-2.5794,-0.2507
32.930,0.0000,0.0000,0.0000,-2.5529,0.0000,-2.5529,-0.2507
32.934,0.0000,0.0000,0.0000,-2.5261,0.0000,-2.5261,-0.1859
32.939,0.0000,0.0000,0.0000,-2.4940,0.0000,-2.4940,-0.1859
32.943,0.0000,0.0000,0.0000,-2.4678,0.0000,-2.4678,-0.1859
32.947,0.0000,0.0000,0.0000,-2.4423,0.0000,-2.4423,-0.1859
32.952,0.0000,0.0000,0.0000,-2.4162,0.0000,-2.4162,-0.1859
32.956,0.0000,0.0000,0.0000,-2.3899,0.0000,-2.3899,-0.1236
32.961,0.0000,0.0000,0.0000,-2.3605,0.0000,-2.3605,-0.1236
32.972,0.0000,0.0000,0.0000,-2.2933,0.0000,-2.2933,-0.1236
32.977,0.0000,0.0000,0.0000,-2.2671,0.0000,-2.2671,-0.0638
32.981,0.0000,0.0000,0.0000,-2.2390,0.0000,-2.2390,-0.0638
32.986,0.0000,0.0000,0.0000,-2.2115,0.0000,-2.2115,-0.0638
32.991,0.0000,0.0000,0.0000,-2.1859,0.0000,-2.1859,-0.0638
32.995,0.0000,0.0000,0.0000,-2.1623,0.0000,-2.1623,-0.0063
33.000,0.0000,0.0000,0.0000,-2.1310,0.0000,-2.1310,-0.0063
33.005,0.0000,0.0000,0.0000,-2.1040,0.0000,-2.1040,-0.0063
33.010,0.0000,0.0000,0.0000,-2.0798,0.0000,-2.0798,-0.0063
33.014,0.0003,0.0000,0.0003,-2.0567,0.0000,-2.0567,0.0483
33.019,0.0009,0.0000,0.0009,-2.0314,0.0000,-2.0314,0.0483
33.023,0.0020,0.0000,0.0020,-2.0063,0.0000,-2.0063,0.0483
33.035,0.0079,0.0000,0.0079,-1.9452,0.0000,-1.9452,0.0998
33.041,0.0131,0.0000,0.0131,-1.9144,0.0000,-1.9144,0.0998
33.046,0.0179,0.0000,0.0179,-1.8931,0.0000,-1.8931,0.0998
33.050,0.0232,0.0000,0.0232,-1.8738,0.0000,-1.8738,0.0998
33.054,0.0298,0.0000,0.0298,-1.8538,0.0000,-1.8538,0.1481
33.059,0.0389,0.0000,0.0389,-1.8309,0.0000,-1.8309,0.1481
33.064,0.0489,0.0000,0.0489,-1.8096,0.0000,-1.8096,0.1481
33.068,0.0593,0.0000,0.0593,-1.7903,0.0000,-1.7903,0.1481
33.073,0.0738,0.0000,0.0738,-1.7667,0.0000,-1.7667,0.1481
33.084,0.1089,0.0000,0.1089,-1.7190,0.0000,-1.7190,0.1936
33.090,0.1278,0.0000,0.1278,-1.6972,0.0000,-1.6972,0.1936
33.095,0.1483,0.0000,0.1483,-1.6758,0.0000,-1.6758,0.2652
33.100,0.1703,0.0000,0.1703,-1.6548,0.0000,-1.6548,0.2652
33.104,0.1902,0.0000,0.1902,-1.6373,0.0000,-1.6373,0.2652
33.109,0.2117,0.0000,0.2117,-1.6196,0.0000,-1.6196,0.2652
33.113,0.2347,0.0000,0.2347,-1.6020,0.0000,-1.6020,0.2652
33.118,0.2586,0.0000,0.2586,-1.5847,0.0000,-1.5847,0.3794
33.123,0.2892,0.0000,0.2892,-1.5640,0.0000,-1.5640,0.3794
33.128,0.3163,0.0000,0.3163,-1.5468,0.0000,-1.5468,0.3794
33.132,0.3433,0.0000,0.3433,-1.5309,0.0000,-1.5309,0.3794
33.137,0.3743,0.0000,0.3743,-1.5136,0.0000,-1.5136,0.5381
33.143,0.4088,0.0000,0.4088,-1.4955,0.0000,-1.4955,0.5381
33.147,0.4392,0.0000,0.4392,-1.4804,0.0000,-1.4804,0.5381
33.152,0.4705,0.0000,0.4705,-1.4657,0.0000,-1.4657,0.5381
33.157,0.5056,0.0000,0.5056,-1.4500,0.0000,-1.4500,0.6967
33.162,0.5423,0.0000,0.5423,-1.4345,0.0000,-1.4345,0.6967
33.167,0.5765,0.0000,0.5765,-1.4208,0.0000,-1.4208,0.6967
33.172,0.6135,0.0000,0.6135,-1.4065,0.0000,-1.4065,0.6967
33.177,0.6525,0.0000,0.6525,-1.3922,0.0000,-1.3922,0.8408
33.191,0.7678,0.0000,0.7678,-1.3531,0.0000,-1.3531,0.8408
33.198,0.8158,0.0000,0.8158,-1.3379,0.0000,-1.3379,0.9697
33.203,0.8593,0.0000,0.8593,-1.3245,0.0000,-1.3245,0.9697
33.209,0.9093,0.0000,0.9093,-1.3097,0.0000,-1.3097,0.9697
33.214,0.9474,0.0000,0.9474,-1.2987,0.0000,-1.2987,1.0830
33.220,0.9935,0.0000,0.9935,-1.2858,0.0000,-1.2858,1.0830
33.226,1.0404,0.0000,1.0404,-1.2729,0.0000,-1.2729,1.0830
33.231,1.0813,0.0000,1.0813,-1.2620,0.0000,-1.2620,1.0830
33.236,1.1217,0.0000,1.1217,-1.2515,0.0000,-1.2515,1.1805
33.242,1.1749,0.0000,1.1749,-1.2381,0.0000,-1.2381,1.1805
33.247,1.2136,0.0000,1.2136,-1.2288,0.0000,-1.2288,1.1805
33.252,1.2506,0.0000,1.2506,-1.2202,0.0000,-1.2202,1.1805
33.258,1.2972,0.0000,1.2972,-1.2097,0.0000,-1.2097,1.2624
33.263,1.3404,0.0000,1.3404,-1.2003,0.0000,-1.2003,1.2624
33.268,1.3776,0.0000,1.3776,-1.1926,0.0000,-1.1926,1.2624
33.273,1.4176,0.0000,1.4176,-1.1845,0.0000,-1.1845,1.2624
33.279,1.4626,0.0000,1.4626,-1.1758,0.0000,-1.1758,1.3601
33.291,1.5587,0.0000,1.5587,-1.1581,0.0000,-1.1581,1.3601
33.296,1.5936,0.0000,1.5936,-1.1520,0.0000,-1.1520,1.2601
33.301,1.6303,0.0000,1.6303,-1.1458,0.0000,-1.1458,1.2601
33.306,1.6672,0.0000,1.6672,-1.1396,0.0000,-1.1396,1.2601
33.311,1.7019,0.0000,1.7019,-1.1338,0.0000,-1.1338,1.2601
33.315,1.7315,0.0000,1.7315,-1.1288,0.0000,-1.1288,1.1524
33.320,1.7632,0.0000,1.7632,-1.1234,0.0000,-1.1234,1.1524
33.324,1.7926,0.0000,1.7926,-1.1183,0.0000,-1.1183,1.1524
33.329,1.8209,0.0000,1.8209,-1.1134,0.0000,-1.1134,1.1524
33.340,1.8928,0.0000,1.8928,-1.1004,0.0000,-1.1004,1.0366
33.346,1.9266,0.0000,1.9266,-1.0943,0.0000,-1.0943,1.0366
33.350,1.9493,0.0000,1.9493,-1.0903,0.0000,-1.0903,1.0366
33.355,1.9737,0.0000,1.9737,-1.0861,0.0000,-1.0861,1.1363
33.360,1.9994,0.0000,1.9994,-1.0816,0.0000,-1.0816,1.1363
33.364,2.0200,0.0000,2.0200,-1.0781,0.0000,-1.0781,1.1363
33.368,2.0409,0.0000,2.0409,-1.0746,0.0000,-1.0746,1.1363
33.373,2.0640,0.0000,2.0640,-1.0708,0.0000,-1.0708,1.1363
33.377,2.0843,0.0000,2.0843,-1.0673,0.0000,-1.0673,1.2179
33.382,2.1057,0.0000,2.1057,-1.0639,0.0000,-1.0639,1.2179
33.386,2.1244,0.0000,2.1244,-1.0609,0.0000,-1.0609,1.2179
33.391,2.1457,0.0000,2.1457,-1.0576,0.0000,-1.0576,1.2179
33.402,2.1925,-0.0252,2.1673,-1.0506,0.0000,-1.0506,0.8400
33.407,2.2128,-0.0252,2.1877,-1.0477,0.0000,-1.0477,0.8400
33.411,2.2288,-0.0252,2.2036,-1.0453,0.0000,-1.0453,0.8400
33.415,2.2440,-0.0167,2.2273,-1.0428,0.0000,-1.0428,0.9190
33.420,2.2619,-0.0167,2.2451,-1.0400,0.0000,-1.0400,0.9190
33.424,2.2770,-0.0167,2.2603,-1.0376,0.0000,-1.0376,0.9190
33.428,2.2913,-0.0167,2.2745,-1.0351,0.0000,-1.0351,0.9190
33.432,2.3051,-0.0167,2.2884,-1.0327,0.0000,-1.0327,0.9190
33.437,2.3203,-0.0241,2.2962,-1.0298,0.0000,-1.0298,0.7968
33.442,2.3368,-0.0241,2.3127,-1.0268,0.0000,-1.0268,0.7968
33.447,2.3513,-0.0241,2.3272,-1.0240,0.0000,-1.0240,0.7968
33.451,2.3647,-0.0241,2.3405,-1.0216,0.0000,-1.0216,0.7968
33.456,2.3778,-0.0309,2.3469,-1.0193,0.0000,-1.0193,0.6823
33.460,2.3912,-0.0309,2.3603,-1.0168,0.0000,-1.0168,0.6823
33.464,2.4024,-0.0309,2.3715,-1.0148,0.0000,-1.0148,0.6823
33.469,2.4141,-0.0309,2.3832,-1.0128,0.0000,-1.0128,0.6823
33.473,2.4257,-0.0309,2.3947,-1.0107,0.0000,-1.0107,0.6823
33.477,2.4360,-0.0289,2.4071,-1.0090,0.0000,-1.0090,0.6767
33.482,2.4479,-0.0289,2.4189,-1.0071,0.0000,-1.0071,0.6767
33.494,2.4773,-0.0167,2.4607,-1.0024,0.0000,-1.0024,0.7994
33.506,2.5059,-0.0167,2.4892,-0.9983,0.0000,-0.9983,0.7994
33.511,2.5149,-0.0167,2.4982,-0.9968,0.0000,-0.9968,0.7994
33.515,2.5241,-0.0112,2.5129,-0.9952,0.0000,-0.9952,0.8439
33.520,2.5338,-0.0112,2.5227,-0.9935,0.0000,-0.9935,0.8439
33.524,2.5420,-0.0112,2.5308,-0.9918,0.0000,-0.9918,0.8439
33.529,2.5500,-0.0112,2.5388,-0.9900,0.0000,-0.9900,0.8439
33.533,2.5576,-0.0112,2.5464,-0.9883,0.0000,-0.9883,0.8439
33.537,2.5656,0.0000,2.5656,-0.9865,0.0000,-0.9865,1.0193
33.542,2.5738,0.0000,2.5738,-0.9847,0.0000,-0.9847,1.0193
33.546,2.5809,0.0000,2.5809,-0.9830,0.0000,-0.9830,1.0193
33.550,2.5875,0.0000,2.5875,-0.9815,0.0000,-0.9815,1.0193
33.555,2.5942,-0.0285,2.5657,-0.9802,0.0000,-0.9802,0.6535
33.559,2.6016,-0.0285,2.5731,-0.9785,0.0000,-0.9785,0.6535
33.564,2.6085,-0.0285,2.5800,-0.9769,0.0000,-0.9769,0.6535
33.568,2.6145,-0.0285,2.5860,-0.9755,0.0000,-0.9755,0.6535
33.572,2.6208,-0.0285,2.5923,-0.9742,0.0000,-0.9742,0.6535
33.577,2.6270,-0.0131,2.6140,-0.9729,0.0000,-0.9729,0.8157
33.582,2.6342,-0.0131,2.6211,-0.9712,0.0000,-0.9712,0.8157
33.586,2.6398,-0.0131,2.6268,-0.9699,0.0000,-0.9699,0.8157
33.591,2.6458,-0.0131,2.6327,-0.9687,0.0000,-0.9687,0.8157
33.595,2.6511,-0.0299,2.6212,-0.9676,0.0000,-0.9676,0.5910
33.600,2.6572,-0.0299,2.6272,-0.9663,0.0000,-0.9663,0.5910
33.612,2.6710,-0.0299,2.6410,-0.9624,0.0000,-0.9624,0.5910
33.616,2.6757,-0.0124,2.6634,-0.9610,0.0000,-0.9610,0.7776
33.622,2.6816,-0.0124,2.6692,-0.9590,0.0000,-0.9590,0.7776
33.626,2.6864,-0.0124,2.6740,-0.9575,0.0000,-0.9575,0.7776
33.631,2.6907,-0.0124,2.6783,-0.9560,0.0000,-0.9560,0.7776
33.635,2.6950,-0.0170,2.6780,-0.9547,0.0000,-0.9547,0.7026
33.648,2.7077,-0.0170,2.6907,-0.9501,0.0000,-0.9501,0.7026
33.655,2.7133,-0.0216,2.6917,-0.9484,0.0000,-0.9484,0.6246
33.660,2.7175,-0.0216,2.6959,-0.9469,0.0000,-0.9469,0.6246
33.664,2.7212,-0.0216,2.6996,-0.9456,0.0000,-0.9456,0.6246
33.668,2.7247,-0.0216,2.7031,-0.9443,0.0000,-0.9443,0.6246
33.673,2.7283,-0.0216,2.7067,-0.9429,0.0000,-0.9429,0.6246
33.677,2.7316,0.0000,2.7316,-0.9418,0.0000,-0.9418,0.8014
33.682,2.7352,0.0000,2.7352,-0.9406,0.0000,-0.9406,0.8014
33.687,2.7311,0.0000,2.7311,-0.9392,0.0000,-0.9392,0.8014
33.691,2.7239,0.0000,2.7239,-0.9378,0.0000,-0.9378,0.8014
33.695,2.7166,-0.0262,2.6904,-0.9364,0.0000,-0.9364,0.4472
33.701,2.7069,-0.0262,2.6807,-0.9345,0.0000,-0.9345,0.4472
33.712,2.6862,-0.0262,2.6601,-0.9306,0.0000,-0.9306,0.4472
33.717,2.6777,0.0000,2.6777,-0.9287,0.0000,-0.9287,0.6493
33.722,2.6680,0.0000,2.6680,-0.9268,0.0000,-0.9268,0.6493
33.726,2.6600,0.0000,2.6600,-0.9252,0.0000,-0.9252,0.6493
33.730,2.6518,0.0000,2.6518,-0.9238,0.0000,-0.9238,0.6493
33.734,2.6435,0.0000,2.6435,-0.9222,0.0000,-0.9222,0.5745
33.739,2.6336,0.0000,2.6336,-0.9203,0.0000,-0.9203,0.5745
33.743,2.6253,0.0000,2.6253,-0.9188,0.0000,-0.9188,0.5745
33.748,2.6164,0.0000,2.6164,-0.9172,0.0000,-0.9172,0.5745
33.752,2.6077,0.0000,2.6077,-0.9158,0.0000,-0.9158,0.5745
33.757,2.5984,-0.0139,2.5845,-0.9138,0.0000,-0.9138,0.3652
33.761,2.5882,-0.0139,2.5743,-0.9117,0.0000,-0.9117,0.3652
33.766,2.5791,-0.0139,2.5653,-0.9099,0.0000,-0.9099,0.3652
33.770,2.5700,-0.0139,2.5561,-0.9083,0.0000,-0.9083,0.3652
33.774,2.5604,0.0000,2.5604,-0.9065,0.0000,-0.9065,0.5330
33.780,2.5488,0.0000,2.5488,-0.9042,0.0000,-0.9042,0.5330
33.784,2.5390,0.0000,2.5390,-0.9025,0.0000,-0.9025,0.5330
33.789,2.5278,0.0000,2.5278,-0.9004,0.0000,-0.9004,0.5330
33.803,2.4951,-0.0209,2.4741,-0.8937,0.0000,-0.8937,0.1939
33.816,2.4639,-0.0101,2.4539,-0.8871,0.0000,-0.8871,0.3472
33.822,2.4512,-0.0101,2.4411,-0.8843,0.0000,-0.8843,0.3472
33.826,2.4409,-0.0101,2.4308,-0.8822,0.0000,-0.8822,0.3472
33.831,2.4307,-0.0101,2.4206,-0.8799,0.0000,-0.8799,0.3472
33.835,2.4210,-0.0213,2.3997,-0.8775,0.0000,-0.8775,0.1416
33.840,2.4080,-0.0213,2.3867,-0.8746,0.0000,-0.8746,0.1416
33.845,2.3968,-0.0213,2.3755,-0.8723,0.0000,-0.8723,0.1416
33.850,2.3862,-0.0213,2.3649,-0.8699,0.0000,-0.8699,0.1416
33.854,2.3747,-0.0231,2.3515,-0.8675,0.0000,-0.8675,0.0856
33.860,2.3615,-0.0231,2.3384,-0.8645,0.0000,-0.8645,0.0856
33.865,2.3504,-0.0231,2.3273,-0.8622,0.0000,-0.8622,0.0856
33.869,2.3403,-0.0231,2.3172,-0.8598,0.0000,-0.8598,0.0856
33.874,2.3292,-0.0225,2.3067,-0.8569,0.0000,-0.8569,0.0729
33.879,2.3174,-0.0225,2.2949,-0.8541,0.0000,-0.8541,0.0729
33.883,2.3075,-0.0225,2.2851,-0.8519,0.0000,-0.8519,0.0729
33.888,2.2960,-0.0225,2.2735,-0.8494,0.0000,-0.8494,0.0729
33.892,2.2856,-0.0225,2.2631,-0.8470,0.0000,-0.8470,0.0729
33.896,2.2755,-0.0216,2.2539,-0.8443,0.0000,-0.8443,0.0663
33.901,2.2643,-0.0216,2.2427,-0.8420,0.0000,-0.8420,0.0663
33.906,2.2525,-0.0216,2.2309,-0.8392,0.0000,-0.8392,0.0663
33.910,2.2421,-0.0216,2.2205,-0.8365,0.0000,-0.8365,0.0663
33.915,2.2314,0.0000,2.2314,-0.8338,0.0000,-0.8338,0.2869
33.927,2.2027,0.0000,2.2027,-0.8264,0.0000,-0.8264,0.2869
33.931,2.1926,0.0000,2.1926,-0.8236,0.0000,-0.8236,0.2869
33.936,2.1806,0.0000,2.1806,-0.8203,0.0000,-0.8203,0.3664
33.942,2.1665,0.0000,2.1665,-0.8168,0.0000,-0.8168,0.3664
33.954,2.1384,0.0000,2.1384,-0.8093,0.0000,-0.8093,0.3088
33.960,2.1244,0.0000,2.1244,-0.8059,0.0000,-0.8059,0.3088
33.964,2.1147,0.0000,2.1147,-0.8036,0.0000,-0.8036,0.3088
33.969,2.1042,0.0000,2.1042,-0.8008,0.0000,-0.8008,0.3088
33.980,2.0776,0.0000,2.0776,-0.7944,0.0000,-0.7944,0.2424
33.987,2.0618,0.0000,2.0618,-0.7893,0.0000,-0.7893,0.2424
33.992,2.0508,0.0000,2.0508,-0.7852,0.0000,-0.7852,0.2424
33.997,2.0411,0.0000,2.0411,-0.7823,0.0000,-0.7823,0.1665
34.002,2.0301,0.0000,2.0301,-0.7786,0.0000,-0.7786,0.1665
34.006,2.0199,0.0000,2.0199,-0.7758,0.0000,-0.7758,0.1665
34.010,2.0109,0.0000,2.0109,-0.7729,0.0000,-0.7729,0.1665
34.015,2.0012,0.0206,2.0218,-0.7700,0.0000,-0.7700,0.4225
34.020,1.9901,0.0206,2.0107,-0.7667,0.0000,-0.7667,0.4225
34.025,1.9805,0.0206,2.0011,-0.7641,0.0000,-0.7641,0.4225
34.029,1.9707,0.0206,1.9912,-0.7608,0.0000,-0.7608,0.4225
34.041,1.9467,0.0201,1.9668,-0.7519,0.0000,-0.7519,0.4349
34.046,1.9363,0.0201,1.9564,-0.7482,0.0000,-0.7482,0.4349
34.050,1.9279,0.0201,1.9480,-0.7447,0.0000,-0.7447,0.4349
34.055,1.9185,0.0194,1.9379,-0.7410,0.0000,-0.7410,0.4437
34.060,1.9089,0.0194,1.9282,-0.7372,0.0000,-0.7372,0.4437
34.064,1.9005,0.0194,1.9199,-0.7341,0.0000,-0.7341,0.4437
34.068,1.8924,0.0194,1.9118,-0.7311,0.0000,-0.7311,0.4437
34.073,1.8831,0.0194,1.9025,-0.7278,0.0000,-0.7278,0.4437
34.078,1.8742,0.0205,1.8947,-0.7240,0.0000,-0.7240,0.4725
34.083,1.8651,0.0205,1.8856,-0.7203,0.0000,-0.7203,0.4725
34.088,1.8567,0.0205,1.8773,-0.7169,0.0000,-0.7169,0.4725
34.092,1.8481,0.0205,1.8686,-0.7136,0.0000,-0.7136,0.4725
34.108,1.8203,0.0214,1.8418,-0.6984,0.0000,-0.6984,0.4982
34.115,1.8080,0.0212,1.8293,-0.6921,0.0000,-0.6921,0.5091
34.122,1.7977,0.0212,1.8189,-0.6869,0.0000,-0.6869,0.5091
34.128,1.7881,0.0212,1.8094,-0.6823,0.0000,-0.6823,0.5091
34.133,1.7804,0.0212,1.8016,-0.6786,0.0000,-0.6786,0.5091
34.144,1.7627,0.0200,1.7827,-0.6683,0.0000,-0.6683,0.5034
34.149,1.7557,0.0200,1.7757,-0.6643,0.0000,-0.6643,0.5034
34.154,1.7493,0.0179,1.7672,-0.6598,0.0000,-0.6598,0.4796
34.159,1.7427,0.0179,1.7606,-0.6551,0.0000,-0.6551,0.4796
34.163,1.7374,0.0179,1.7553,-0.6521,0.0000,-0.6521,0.4796
34.167,1.7320,0.0179,1.7499,-0.6493,0.0000,-0.6493,0.4796
34.172,1.7263,0.0179,1.7442,-0.6451,0.0000,-0.6451,0.4796
34.177,1.7214,0.0000,1.7214,-0.6406,0.0000,-0.6406,0.1416
34.181,1.7161,0.0000,1.7161,-0.6369,0.0000,-0.6369,0.1416
34.186,1.7112,0.0000,1.7112,-0.6334,0.0000,-0.6334,0.1416
34.191,1.7068,0.0000,1.7068,-0.6302,0.0000,-0.6302,0.1416
34.195,1.7030,0.0000,1.7030,-0.6265,0.0000,-0.6265,0.1039
34.199,1.6987,0.0000,1.6987,-0.6196,0.0000,-0.6196,0.1039
34.204,1.6946,0.0000,1.6946,-0.6156,0.0000,-0.6156,0.1039
34.209,1.6912,0.0000,1.6912,-0.6121,0.0000,-0.6121,0.1039
34.213,1.6882,0.0000,1.6882,-0.6078,0.0000,-0.6078,0.1039
34.217,1.6852,0.0000,1.6852,-0.6033,0.0000,-0.6033,0.0502
34.222,1.6822,0.0000,1.6822,-0.5986,0.0000,-0.5986,0.0502
34.227,1.6799,0.0000,1.6799,-0.5948,0.0000,-0.5948,0.0502
34.231,1.6779,0.0000,1.6779,-0.5911,0.0000,-0.5911,0.0502
34.235,1.6761,0.0000,1.6761,-0.5875,0.0000,-0.5875,-0.0055
34.240,1.6743,0.0000,1.6743,-0.5831,0.0000,-0.5831,-0.0055
34.251,1.6715,0.0000,1.6715,-0.5715,0.0000,-0.5715,-0.0055
34.264,1.6703,0.0000,1.6703,-0.5493,0.0000,-0.5493,-0.0460
34.271,1.6705,0.0000,1.6705,-0.5440,0.0000,-0.5440,-0.0460
34.275,1.6707,0.0000,1.6707,-0.5406,0.0000,-0.5406,-0.0809
34.280,1.6707,0.0000,1.6707,-0.5336,0.0000,-0.5336,-0.0809
34.284,1.6705,0.0000,1.6705,-0.5277,0.0000,-0.5277,-0.0809
34.288,1.6697,0.0000,1.6697,-0.5214,0.0000,-0.5214,-0.0809
34.292,1.6684,0.0000,1.6684,-0.5156,0.0000,-0.5156,-0.0809
34.296,1.6665,0.0000,1.6665,-0.5102,0.0000,-0.5102,0.0016
34.301,1.6633,0.0000,1.6633,-0.5040,0.0000,-0.5040,0.0016
34.306,1.6595,0.0000,1.6595,-0.4986,0.0000,-0.4986,0.0016
34.311,1.6541,0.0000,1.6541,-0.4928,0.0000,-0.4928,0.0016
34.315,1.6480,0.0000,1.6480,-0.4876,0.0000,-0.4876,-0.0381
34.320,1.6388,0.0000,1.6388,-0.4837,0.0000,-0.4837,-0.0381
34.325,1.6306,0.0000,1.6306,-0.4806,0.0000,-0.4806,-0.0381
34.329,1.6229,0.0000,1.6229,-0.4738,0.0000,-0.4738,-0.0381
34.333,1.6149,0.0000,1.6149,-0.4672,0.0000,-0.4672,-0.0381
34.339,1.6041,0.0000,1.6041,-0.4593,0.0000,-0.4593,-0.0794
34.344,1.5907,0.0000,1.5907,-0.4510,0.0000,-0.4510,-0.0794
34.357,1.5501,0.0000,1.5501,-0.4157,0.0000,-0.4157,-0.1244
34.362,1.5312,0.0000,1.5312,-0.4098,0.0000,-0.4098,-0.1244
34.367,1.5125,0.0000,1.5125,-0.4048,0.0000,-0.4048,-0.1244
34.372,1.4876,0.0000,1.4876,-0.3992,0.0000,-0.3992,-0.1244
34.376,1.4618,0.0000,1.4618,-0.3943,0.0000,-0.3943,0.1024
34.381,1.4315,0.0000,1.4315,-0.3830,0.0000,-0.3830,0.1024
34.385,1.3996,0.0000,1.3996,-0.3725,0.0000,-0.3725,0.1024
34.391,1.3555,0.0000,1.3555,-0.3599,0.0000,-0.3599,0.1024
34.395,1.3185,0.0000,1.3185,-0.3562,0.0000,-0.3562,0.0590
34.400,1.2731,0.0000,1.2731,-0.3458,0.0000,-0.3458,0.0590
34.406,1.2185,0.0000,1.2185,-0.3416,0.0000,-0.3416,0.0590
34.418,1.0768,0.0000,1.0768,-0.3167,0.0000,-0.3167,0.2982
34.427,0.9623,0.0000,0.9623,-0.3000,0.0000,-0.3000,0.2982
34.431,0.8970,0.0000,0.8970,-0.2916,0.0000,-0.2916,0.2982
34.436,0.8356,-0.0106,0.8250,-0.2842,0.0000,-0.2842,-0.0306
34.442,0.7436,-0.0106,0.7330,-0.2740,0.0000,-0.2740,-0.0306
34.446,0.6714,-0.0106,0.6608,-0.2666,0.0000,-0.2666,-0.0306
34.450,0.6014,-0.0106,0.5908,-0.2599,0.0000,-0.2599,-0.0306
34.455,0.5095,0.0000,0.5095,-0.2517,0.0000,-0.2517,0.0763
34.467,0.2913,0.0000,0.2913,-0.2341,0.0000,-0.2341,0.0763
34.472,0.1897,0.0000,0.1897,-0.2267,0.0000,-0.2267,0.0763
34.477,0.0999,0.0000,0.0999,-0.2124,0.0000,-0.2124,0.1792
34.482,0.0088,0.0000,0.0088,-0.2063,0.0000,-0.2063,0.1792
34.486,-0.0715,0.0000,-0.0715,-0.1933,0.0000,-0.1933,0.1792
34.491,-0.1598,0.0000,-0.1598,-0.1792,0.0000,-0.1792,0.1792
34.495,-0.2360,-0.0106,-0.2466,-0.1745,0.0000,-0.1745,-0.1418
34.500,-0.3207,-0.0106,-0.3313,-0.1608,0.0000,-0.1608,-0.1418
34.505,-0.3956,-0.0106,-0.4062,-0.1487,0.0000,-0.1487,-0.1418
34.509,-0.4665,-0.0106,-0.4771,-0.1342,0.0000,-0.1342,-0.1418
34.514,-0.5340,0.0000,-0.5340,-0.1205,0.0000,-0.1205,0.0754
34.519,-0.6061,0.0000,-0.6061,-0.1059,0.0000,-0.1059,0.0754
34.523,-0.6749,0.0000,-0.6749,-0.0953,0.0000,-0.0953,0.0754
34.527,-0.7357,0.0000,-0.7357,-0.0808,0.0000,-0.0808,0.0754
34.532,-0.7946,0.0000,-0.7946,-0.0669,0.0000,-0.0669,0.0754
34.536,-0.8532,0.0000,-0.8532,-0.0531,0.0000,-0.0531,-0.1084
34.541,-0.9223,0.0000,-0.9223,-0.0369,0.0000,-0.0369,-0.1084
34.545,-0.9756,0.0000,-0.9756,-0.0245,0.0000,-0.0245,-0.1084
34.550,-1.0271,0.0000,-1.0271,-0.0126,0.0000,-0.0126,-0.1084
34.554,-1.0806,0.0000,-1.0806,0.0016,0.0000,0.0016,-0.0309
34.559,-1.1402,0.0000,-1.1402,0.0182,0.0000,0.0182,-0.0309
34.573,-1.2993,0.0000,-1.2993,0.0708,0.0000,0.0708,-0.0309
34.584,-1.4218,0.0000,-1.4218,0.1184,0.0000,0.1184,0.0314
34.590,-1.4764,0.0000,-1.4764,0.1401,0.0000,0.1401,0.0314
34.594,-1.5162,0.0000,-1.5162,0.1568,0.0000,0.1568,-0.2801
34.599,-1.5601,0.0000,-1.5601,0.1761,0.0000,0.1761,-0.2801
34.603,-1.6006,0.0000,-1.6006,0.1952,0.0000,0.1952,-0.2801
34.608,-1.6388,0.0000,-1.6388,0.2140,0.0000,0.2140,-0.2801
34.612,-1.6739,0.0000,-1.6739,0.2326,0.0000,0.2326,-0.2801
34.616,-1.7083,0.0000,-1.7083,0.2518,0.0000,0.2518,-0.0424
34.621,-1.7488,0.0000,-1.7488,0.2771,0.0000,0.2771,-0.0424
34.625,-1.7820,0.0000,-1.7820,0.2992,0.0000,0.2992,-0.0424
34.629,-1.8136,0.0000,-1.8136,0.3207,0.0000,0.3207,-0.0424
34.634,-1.8454,0.0000,-1.8454,0.3437,0.0000,0.3437,-0.0681
34.639,-1.8867,0.0000,-1.8867,0.3753,0.0000,0.3753,-0.0681
34.644,-1.9189,0.0000,-1.9189,0.4011,0.0000,0.4011,-0.0681
34.648,-1.9482,0.0000,-1.9482,0.4264,0.0000,0.4264,-0.0681
34.653,-1.9782,0.0000,-1.9782,0.4543,0.0000,0.4543,-0.0681
34.657,-2.0079,0.0000,-2.0079,0.4847,0.0000,0.4847,0.1413
34.662,-2.0388,0.0000,-2.0388,0.5195,0.0000,0.5195,0.1413
34.667,-2.0658,0.0000,-2.0658,0.5523,0.0000,0.5523,0.1413
34.671,-2.0940,0.0000,-2.0940,0.5893,0.0000,0.5893,0.1413
34.676,-2.1184,0.0000,-2.1184,0.6236,0.0000,0.6236,-0.0356
34.681,-2.1478,0.0000,-2.1478,0.6673,0.0000,0.6673,-0.0356
34.692,-2.2104,0.0000,-2.2104,0.7804,0.0000,0.7804,-0.0356
34.698,-2.2380,0.0000,-2.2380,0.8364,0.0000,0.8364,-0.2054
34.704,-2.2675,0.0000,-2.2675,0.9050,0.0000,0.9050,-0.2054
34.708,-2.2884,0.0000,-2.2884,0.9586,0.0000,0.9586,-0.2054
34.713,-2.3097,0.0000,-2.3097,1.0194,0.0000,1.0194,-0.2054
34.725,-2.3642,0.0000,-2.3642,1.2079,0.0000,1.2079,-0.0256
34.731,-2.3918,0.0000,-2.3918,1.3226,0.0000,1.3226,-0.0256
34.736,-2.4095,0.0000,-2.4095,1.4059,0.0000,1.4059,-0.2065
34.741,-2.4288,0.0000,-2.4288,1.5109,0.0000,1.5109,-0.2065
34.745,-2.4461,0.0000,-2.4461,1.6174,0.0000,1.6174,-0.2065
34.750,-2.4615,0.0000,-2.4615,1.7243,0.0000,1.7243,-0.2065
34.754,-2.4776,0.0000,-2.4776,1.8498,0.0000,1.8498,-0.0018
34.759,-2.4942,0.0000,-2.4942,1.9823,0.0000,1.9823,-0.0018
34.763,-2.5085,0.0000,-2.5085,2.0740,0.0000,2.0740,-0.0018
34.767,-2.5223,0.0000,-2.5223,2.1378,0.0000,2.1378,-0.0018
34.772,-2.5366,0.0000,-2.5366,2.1757,0.0000,2.1757,-0.0018
34.776,-2.5506,0.0000,-2.5506,2.1823,0.0000,2.1823,-0.0438
34.781,-2.5665,0.0000,-2.5665,2.1460,0.0000,2.1460,-0.0438
34.785,-2.5786,0.0000,-2.5786,2.0931,0.0000,2.0931,-0.0438
34.790,-2.5928,0.0000,-2.5928,2.0313,0.0000,2.0313,-0.0438
34.801,-2.6233,0.0000,-2.6233,1.8979,0.0132,1.9112,0.1863
34.807,-2.6370,0.0000,-2.6370,1.8380,0.0132,1.8513,0.1863
34.811,-2.6477,0.0000,-2.6477,1.7917,0.0132,1.8049,0.1863
34.815,-2.6578,0.0000,-2.6578,1.7475,0.0104,1.7579,0.0062
34.820,-2.6706,0.0000,-2.6706,1.6913,0.0104,1.7017,0.0062
34.825,-2.6814,0.0000,-2.6814,1.6445,0.0104,1.6549,0.0062
34.829,-2.6911,0.0000,-2.6911,1.6021,0.0104,1.6125,0.0062
34.833,-2.7001,0.0000,-2.7001,1.5627,0.0104,1.5731,0.0062
34.838,-2.7097,0.0000,-2.7097,1.5207,0.0206,1.5413,0.1047
34.843,-2.7201,0.0000,-2.7201,1.4757,0.0206,1.4963,0.1047
34.847,-2.7285,0.0000,-2.7285,1.4390,0.0206,1.4596,0.1047
34.851,-2.7367,0.0000,-2.7367,1.4029,0.0206,1.4235,0.1047
34.856,-2.7453,0.0000,-2.7453,1.3653,0.0322,1.3975,0.2139
34.860,-2.7545,0.0000,-2.7545,1.3255,0.0322,1.3577,0.2139
34.865,-2.7623,0.0000,-2.7623,1.2910,0.0322,1.3233,0.2139
34.877,-2.7836,0.0000,-2.7836,1.1984,0.0362,1.2347,0.1798
34.883,-2.7936,0.0000,-2.7936,1.1548,0.0362,1.1910,0.1798
34.887,-2.8008,0.0000,-2.8008,1.1230,0.0362,1.1592,0.1798
34.892,-2.8077,0.0000,-2.8077,1.0929,0.0362,1.1291,0.1798
34.896,-2.8138,0.0000,-2.8138,1.0662,0.0319,1.0981,0.0052
34.901,-2.8213,0.0000,-2.8213,1.0336,0.0319,1.0654,0.0052
34.912,-2.8372,0.0000,-2.8372,0.9643,0.0319,0.9962,0.0052
34.916,-2.8429,0.0000,-2.8429,0.9392,0.0360,0.9752,-0.0333
34.921,-2.8493,0.0000,-2.8493,0.9114,0.0360,0.9474,-0.0333
34.926,-2.8546,0.0000,-2.8546,0.8882,0.0360,0.9241,-0.0333
34.930,-2.8597,0.0000,-2.8597,0.8662,0.0360,0.9022,-0.0333
34.934,-2.8646,0.0000,-2.8646,0.8448,0.0395,0.8842,-0.0805
34.939,-2.8705,0.0000,-2.8705,0.8187,0.0395,0.8582,-0.0805
34.943,-2.8752,0.0000,-2.8752,0.7984,0.0395,0.8379,-0.0805
34.947,-2.8797,0.0000,-2.8797,0.7788,0.0395,0.8182,-0.0805
34.951,-2.8840,0.0000,-2.8840,0.7599,0.0395,0.7994,-0.0805
34.956,-2.8887,0.0000,-2.8887,0.7396,0.0423,0.7819,-0.1368
34.961,-2.8935,0.0000,-2.8935,0.7183,0.0423,0.7606,-0.1368
34.965,-2.8976,0.0000,-2.8976,0.7005,0.0423,0.7428,-0.1368
34.969,-2.9015,0.0000,-2.9015,0.6836,0.0423,0.7259,-0.1368
34.973,-2.9057,0.0000,-2.9057,0.6652,0.0423,0.7075,-0.1368
34.978,-2.9098,0.0000,-2.9098,0.6472,0.0623,0.7095,0.0664
34.983,-2.9144,0.0000,-2.9144,0.6274,0.0623,0.6897,0.0664
34.988,-2.9188,0.0000,-2.9188,0.6081,0.0623,0.6704,0.0664
34.993,-2.9227,0.0000,-2.9227,0.5911,0.0623,0.6534,0.0664
34.997,-2.9262,0.0000,-2.9262,0.5758,0.0650,0.6408,0.0183
35.002,-2.9305,0.0000,-2.9305,0.5568,0.0650,0.6218,0.0183
35.018,-2.9422,0.0000,-2.9422,0.5061,0.0581,0.5643,-0.1664
35.031,-2.9512,0.0000,-2.9512,0.4667,0.0581,0.5248,-0.1664
35.036,-2.9550,0.0000,-2.9550,0.4502,0.0802,0.5303,0.0476
35.042,-2.9585,0.0000,-2.9585,0.4348,0.0802,0.5150,0.0476
35.047,-2.9613,0.0000,-2.9613,0.4226,0.0802,0.5027,0.0476
35.051,-2.9640,0.0000,-2.9640,0.4108,0.0802,0.4910,0.0476
35.056,-2.9667,0.0000,-2.9667,0.3989,0.0732,0.4721,-0.1287
35.062,-2.9699,0.0000,-2.9699,0.3851,0.0732,0.4583,-0.1287
35.067,-2.9723,0.0000,-2.9723,0.3745,0.0732,0.4477,-0.1287
35.071,-2.9748,0.0000,-2.9748,0.3637,0.0732,0.4369,-0.1287
35.076,-2.9771,0.0000,-2.9771,0.3534,0.0928,0.4462,0.0588
35.081,-2.9796,0.0000,-2.9796,0.3427,0.0928,0.4355,0.0588
35.086,-2.9818,0.0000,-2.9818,0.3329,0.0928,0.4257,0.0588
35.091,-2.9840,0.0000,-2.9840,0.3234,0.0928,0.4162,0.0588
35.095,-2.9860,0.0000,-2.9860,0.3147,0.0847,0.3993,-0.1280
35.100,-2.9882,0.0000,-2.9882,0.3050,0.0847,0.3897,-0.1280
35.105,-2.9902,0.0000,-2.9902,0.2964,0.0847,0.3811,-0.1280
35.110,-2.9923,0.0000,-2.9923,0.2873,0.0847,0.3720,-0.1280
35.122,-2.9969,0.0000,-2.9969,0.2674,0.0935,0.3609,-0.0703
35.128,-2.9990,0.0000,-2.9990,0.2579,0.0935,0.3514,-0.0703
35.133,-3.0008,0.0000,-3.0008,0.2501,0.0935,0.3436,-0.0703
35.137,-3.0024,0.0000,-3.0024,0.2431,0.0932,0.3364,-0.1379
35.143,-3.0041,0.0000,-3.0041,0.2356,0.0932,0.3288,-0.1379
35.147,-3.0055,0.0000,-3.0055,0.2294,0.0932,0.3226,-0.1379
35.152,-3.0072,0.0000,-3.0072,0.2224,0.0932,0.3156,-0.1379
35.157,-3.0088,0.0000,-3.0088,0.2154,0.0987,0.3140,-0.0933
35.162,-3.0102,0.0000,-3.0102,0.2090,0.0987,0.3076,-0.0933
35.167,-3.0115,0.0000,-3.0115,0.2035,0.0987,0.3021,-0.0933
35.171,-3.0128,0.0000,-3.0128,0.1977,0.0987,0.2963,-0.0933
35.183,-3.0160,0.0000,-3.0160,0.1837,0.0919,0.2756,-0.2818
35.190,-3.0176,0.0000,-3.0176,0.1766,0.0919,0.2685,-0.2818
35.194,-3.0187,0.0000,-3.0187,0.1721,0.0942,0.2663,-0.2457
35.199,-3.0199,0.0000,-3.0199,0.1670,0.0942,0.2612,-0.2457
35.203,-3.0209,0.0000,-3.0209,0.1625,0.0942,0.2568,-0.2457
35.208,-3.0219,0.0000,-3.0219,0.1582,0.0942,0.2525,-0.2457
35.212,-3.0229,0.0000,-3.0229,0.1538,0.0942,0.2480,-0.2457
35.217,-3.0238,0.0000,-3.0238,0.1499,0.0992,0.2491,-0.0727
35.222,-3.0249,0.0000,-3.0249,0.1449,0.0992,0.2441,-0.0727
35.242,-3.0288,0.0000,-3.0288,0.1277,0.0969,0.2246,-0.1315
35.248,-3.0300,0.0000,-3.0300,0.1227,0.0969,0.2196,-0.1315
35.253,-3.0308,0.0000,-3.0308,0.1190,0.0969,0.2159,-0.1315
35.258,-3.0316,0.0000,-3.0316,0.1158,0.0961,0.2120,-0.0813
35.263,-3.0323,0.0000,-3.0323,0.1125,0.0961,0.2086,-0.0813
35.267,-3.0330,0.0000,-3.0330,0.1096,0.0961,0.2058,-0.0813
35.272,-3.0337,0.0000,-3.0337,0.1065,0.0961,0.2026,-0.0813
35.276,-3.0344,0.0000,-3.0344,0.1035,0.0918,0.1952,-0.2615
35.282,-3.0351,0.0000,-3.0351,0.1002,0.0918,0.1920,-0.2615
35.286,-3.0358,0.0000,-3.0358,0.0975,0.0918,0.1892,-0.2615
35.291,-3.0364,0.0000,-3.0364,0.0946,0.0918,0.1864,-0.2615
35.295,-3.0370,0.0000,-3.0370,0.0923,0.0904,0.1827,-0.2192
35.300,-3.0376,0.0000,-3.0376,0.0896,0.0904,0.1800,-0.2192
35.305,-3.0382,0.0000,-3.0382,0.0870,0.0904,0.1775,-0.2192
35.309,-3.0387,0.0000,-3.0387,0.0847,0.0904,0.1752,-0.2192
35.313,-3.0392,0.0000,-3.0392,0.0826,0.0904,0.1730,-0.2192
35.318,-3.0397,0.0000,-3.0397,0.0804,0.0891,0.1696,-0.1886
35.323,-3.0403,0.0000,-3.0403,0.0779,0.0891,0.1670,-0.1886
35.335,-3.0416,0.0000,-3.0416,0.0721,0.0864,0.1586,-0.2740
35.348,-3.0429,0.0000,-3.0429,0.0665,0.0864,0.1529,-0.2740
35.353,-3.0433,0.0000,-3.0433,0.0646,0.0864,0.1511,-0.2740
35.358,-3.0437,0.0000,-3.0437,0.0629,0.0839,0.1468,-0.3624
35.362,-3.0441,0.0000,-3.0441,0.0611,0.0839,0.1450,-0.3624
35.366,-3.0445,0.0000,-3.0445,0.0596,0.0839,0.1435,-0.3624
35.371,-3.0448,0.0000,-3.0448,0.0579,0.0839,0.1418,-0.3624
35.376,-3.0452,0.0000,-3.0452,0.0564,0.0843,0.1406,-0.3653
35.381,-3.0456,0.0000,-3.0456,0.0547,0.0843,0.1389,-0.3653
35.386,-3.0460,0.0000,-3.0460,0.0529,0.0843,0.1371,-0.3653
35.390,-3.0463,0.0000,-3.0463,0.0515,0.0843,0.1357,-0.3653
35.395,-3.0466,0.0000,-3.0466,0.0502,0.0861,0.1363,-0.3511
35.400,-3.0469,0.0000,-3.0469,0.0487,0.0861,0.1348,-0.3511
35.404,-3.0472,0.0000,-3.0472,0.0474,0.0861,0.1335,-0.3511
35.408,-3.0475,0.0000,-3.0475,0.0461,0.0861,0.1323,-0.3511
35.413,-3.0478,0.0000,-3.0478,0.0449,0.0861,0.1311,-0.3511
35.417,-3.0481,0.0000,-3.0481,0.0438,0.0888,0.1326,-0.3412
35.422,-3.0484,0.0000,-3.0484,0.0425,0.0888,0.1314,-0.3412
35.426,-3.0486,0.0000,-3.0486,0.0414,0.0888,0.1302,-0.3412
35.431,-3.0489,0.0000,-3.0489,0.0403,0.0888,0.1291,-0.3412
35.435,-3.0491,0.0000,-3.0491,0.0393,0.0964,0.1357,-0.2593
35.440,-3.0494,0.0000,-3.0494,0.0380,0.0964,0.1344,-0.2593
35.452,-3.0500,0.0000,-3.0500,0.0355,0.0964,0.1318,-0.2593
35.456,-3.0502,0.0000,-3.0502,0.0344,0.0992,0.1337,-0.2757
35.462,-3.0505,0.0000,-3.0505,0.0333,0.0992,0.1326,-0.2757
35.466,-3.0507,0.0000,-3.0507,0.0325,0.0992,0.1317,-0.2757
35.471,-3.0509,0.0000,-3.0509,0.0315,0.0992,0.1307,-0.2757
35.476,-3.0511,0.0000,-3.0511,0.0306,0.1083,0.1388,-0.2141
35.489,-3.0516,0.0000,-3.0516,0.0282,0.1083,0.1364,-0.2141
35.495,-3.0519,0.0000,-3.0519,0.0272,0.1095,0.1367,-0.2640
35.500,-3.0521,0.0000,-3.0521,0.0263,0.1095,0.1358,-0.2640
35.505,-3.0523,0.0000,-3.0523,0.0255,0.1095,0.1350,-0.2640
35.509,-3.0524,0.0000,-3.0524,0.0249,0.1095,0.1344,-0.2640
35.514,-3.0526,0.0000,-3.0526,0.0242,0.1056,0.1298,-0.3804
35.519,-3.0527,0.0000,-3.0527,0.0235,0.1056,0.1291,-0.3804
35.524,-3.0529,0.0000,-3.0529,0.0228,0.1056,0.1284,-0.3804
35.528,-3.0530,0.0000,-3.0530,0.0222,0.1056,0.1278,-0.3804
35.533,-3.0532,0.0000,-3.0532,0.0216,0.1056,0.1272,-0.3804
35.538,-3.0533,0.0000,-3.0533,0.0209,0.1057,0.1266,-0.4526
35.543,-3.0535,0.0000,-3.0535,0.0203,0.1057,0.1259,-0.4526
35.563,-3.0540,0.0000,-3.0540,0.0178,0.1004,0.1182,-0.5861
35.574,-3.0543,0.0000,-3.0543,0.0167,0.1004,0.1171,-0.5861
35.579,-3.0544,0.0000,-3.0544,0.0161,0.1061,0.1222,-0.5967
35.589,-3.0546,0.0000,-3.0546,0.0151,0.1061,0.1212,-0.5967
35.595,-3.0548,0.0000,-3.0548,0.0146,0.1114,0.1260,-0.6103
35.600,-3.0549,0.0000,-3.0549,0.0142,0.1114,0.1256,-0.6103
35.605,-3.0550,0.0000,-3.0550,0.0138,0.1114,0.1251,-0.6103
35.610,-3.0550,0.0000,-3.0550,0.0134,0.1114,0.1248,-0.6103
35.614,-3.0551,0.0000,-3.0551,0.0131,0.1161,0.1292,-0.6274
35.622,-3.0553,0.0000,-3.0553,0.0124,0.1161,0.1286,-0.6274
35.629,-3.0554,0.0000,-3.0554,0.0119,0.1161,0.1280,-0.6274
35.642,-3.0556,0.0000,-3.0556,0.0109,0.1204,0.1313,-0.6478
35.648,-3.0557,0.0000,-3.0557,0.0105,0.1204,0.1309,-0.6478
35.654,-3.0558,0.0000,-3.0558,0.0102,0.1242,0.1344,-0.6706
35.665,-3.0559,0.0000,-3.0559,0.0095,0.1242,0.1337,-0.6706
35.670,-3.0560,0.0000,-3.0560,0.0093,0.1242,0.1334,-0.6706
35.674,-3.0560,0.0000,-3.0560,0.0090,0.1276,0.1366,-0.6955
35.679,-3.0561,0.0000,-3.0561,0.0087,0.1276,0.1363,-0.6955
35.684,-3.0562,0.0000,-3.0562,0.0085,0.1276,0.1360,-0.6955
35.688,-3.0562,0.0000,-3.0562,0.0083,0.1276,0.1358,-0.6955
35.694,-3.0563,0.0000,-3.0563,0.0080,0.1305,0.1385,-0.7221
35.700,-3.0563,0.0000,-3.0563,0.0077,0.1305,0.1382,-0.7221
35.705,-3.0564,0.0000,-3.0564,0.0075,0.1305,0.1380,-0.7221
35.709,-3.0564,0.0000,-3.0564,0.0073,0.1305,0.1378,-0.7221
35.713,-3.0565,0.0000,-3.0565,0.0071,0.1305,0.1376,-0.7221
35.718,-3.0565,0.0000,-3.0565,0.0069,0.1306,0.1375,-0.7794
35.724,-3.0566,0.0000,-3.0566,0.0066,0.1306,0.1373,-0.7794
35.728,-3.0566,0.0000,-3.0566,0.0065,0.1306,0.1371,-0.7794
35.733,-3.0567,0.0000,-3.0567,0.0063,0.1306,0.1369,-0.7794
35.738,-3.0567,0.0000,-3.0567,0.0061,0.1304,0.1365,-0.8389
35.743,-3.0568,0.0000,-3.0568,0.0059,0.1304,0.1363,-0.8389
35.747,-3.0568,0.0000,-3.0568,0.0058,0.1304,0.1361,-0.8389
35.752,-3.0568,0.0000,-3.0568,0.0056,0.1304,0.1360,-0.8389
35.757,-3.0569,0.0000,-3.0569,0.0054,0.1292,0.1347,-0.9074
35.768,-3.0569,0.0000,-3.0569,0.0051,0.1292,0.1343,-0.9074
35.773,-3.0570,0.0000,-3.0570,0.0049,0.1292,0.1342,-0.9074
35.778,-3.0570,0.0000,-3.0570,0.0048,0.1282,0.1330,-0.9732
35.784,-3.0570,0.0000,-3.0570,0.0046,0.1282,0.1328,-0.9732
35.797,-3.0571,0.0000,-3.0571,0.0043,0.1274,0.1316,-1.0347
35.803,-3.0572,0.0000,-3.0572,0.0041,0.1274,0.1315,-1.0347
35.808,-3.0572,0.0000,-3.0572,0.0040,0.1274,0.1313,-1.0347
35.813,-3.0572,0.0000,-3.0572,0.0039,0.1274,0.1312,-1.0347
35.817,-3.0572,0.0000,-3.0572,0.0038,0.1267,0.1305,-1.0918
35.822,-3.0573,0.0000,-3.0573,0.0036,0.1267,0.1304,-1.0918
35.827,-3.0573,0.0000,-3.0573,0.0035,0.1267,0.1303,-1.0918
35.831,-3.0573,0.0000,-3.0573,0.0035,0.1267,0.1302,-1.0918
35.835,-3.0573,0.0000,-3.0573,0.0034,0.1262,0.1296,-1.1443
35.840,-3.0574,0.0000,-3.0574,0.0033,0.1262,0.1295,-1.1443
35.845,-3.0574,0.0000,-3.0574,0.0032,0.1262,0.1294,-1.1443
35.849,-3.0574,0.0000,-3.0574,0.0031,0.1262,0.1293,-1.1443
35.854,-3.0574,0.0000,-3.0574,0.0030,0.1252,0.1282,-1.2014
35.859,-3.0574,0.0000,-3.0574,0.0029,0.1252,0.1281,-1.2014
35.871,-3.0575,0.0000,-3.0575,0.0027,0.1252,0.1279,-1.2014
35.875,-3.0575,0.0000,-3.0575,0.0026,0.1238,0.1264,-1.2616
35.880,-3.0575,0.0000,-3.0575,0.0026,0.1238,0.1264,-1.2616
35.885,-3.0575,0.0000,-3.0575,0.0025,0.1238,0.1263,-1.2616
35.890,-3.0576,0.0000,-3.0576,0.0024,0.1238,0.1262,-1.2616
35.895,-3.0576,0.0000,-3.0576,0.0023,0.1214,0.1237,-1.3353
35.899,-3.0576,0.0000,-3.0576,0.0023,0.1214,0.1237,-1.3353
35.904,-3.0576,0.0000,-3.0576,0.0022,0.1214,0.1236,-1.3353
35.909,-3.0576,0.0000,-3.0576,0.0021,0.1214,0.1236,-1.3353
35.913,-3.0576,0.0000,-3.0576,0.0021,0.1214,0.1235,-1.3353
35.917,-3.0576,0.0000,-3.0576,0.0020,0.1193,0.1213,-1.4028
35.922,-3.0577,0.0000,-3.0577,0.0020,0.1193,0.1212,-1.4028
35.927,-3.0577,0.0000,-3.0577,0.0019,0.1193,0.1212,-1.4028
35.931,-3.0577,0.0000,-3.0577,0.0019,0.1193,0.1211,-1.4028
35.936,-3.0577,0.0000,-3.0577,0.0018,0.1175,0.1194,-1.4609
35.949,-3.0577,0.0000,-3.0577,0.0017,0.1175,0.1192,-1.4609
35.956,-3.0577,0.0000,-3.0577,0.0016,0.1145,0.1161,-1.5398
35.963,-3.0578,0.0000,-3.0578,0.0015,0.1145,0.1161,-1.5398
35.975,-3.0578,0.0000,-3.0578,0.0014,0.1119,0.1134,-1.6094
35.982,-2.9369,0.0000,-2.9369,0.0014,0.1119,0.1133,-1.6094
35.988,-2.8292,0.0000,-2.8292,0.0013,0.1119,0.1133,-1.6094
35.993,-2.7371,0.0000,-2.7371,0.0013,0.1119,0.1132,-1.6094
35.999,-2.6519,0.0000,-2.6519,0.0012,0.1098,0.1110,-1.6672
36.005,-2.5581,0.0000,-2.5581,0.0012,0.1098,0.1110,-1.6672
36.011,-2.4660,0.0000,-2.4660,0.0011,0.1098,0.1110,-1.6672
36.017,-2.3729,0.0000,-2.3729,0.0011,0.1081,0.1092,-1.7127
36.023,-2.2897,0.0000,-2.2897,0.0011,0.1081,0.1091,-1.7127
36.028,-2.2189,0.0000,-2.2189,0.0010,0.1081,0.1091,-1.7127
36.032,-2.1612,0.0000,-2.1612,0.0010,0.1081,0.1091,-1.7127
36.037,-2.1044,0.0000,-2.1044,0.0010,0.1066,0.1076,-1.7465
36.042,-2.0371,0.0000,-2.0371,0.0009,0.1066,0.1076,-1.7465
36.046,-1.9844,0.0000,-1.9844,0.0009,0.1066,0.1076,-1.7465
36.051,-1.9318,0.0000,-1.9318,0.0009,0.1066,0.1075,-1.7465
36.056,-1.8736,0.0000,-1.8736,0.0009,0.1054,0.1063,-1.7685
36.061,-1.8169,0.0000,-1.8169,0.0008,0.1054,0.1063,-1.7685
36.065,-1.7649,0.0000,-1.7649,0.0008,0.1054,0.1062,-1.7685
36.070,-1.7175,0.0000,-1.7175,0.0008,0.1054,0.1062,-1.7685
36.075,-1.6669,0.0000,-1.6669,0.0008,0.1040,0.1048,-1.7876
36.087,-1.5488,0.0000,-1.5488,0.0007,0.1040,0.1048,-1.7876
36.098,-1.4388,0.0000,-1.4388,0.0007,0.1028,0.1034,-1.7959
36.105,-1.3823,0.0000,-1.3823,0.0006,0.1028,0.1034,-1.7959
36.109,-1.3461,0.0000,-1.3461,0.0006,0.1028,0.1034,-1.7959
36.114,-1.3108,0.0000,-1.3108,0.0006,0.1016,0.1022,-1.7917
36.119,-1.2726,0.0000,-1.2726,0.0006,0.1016,0.1022,-1.7917
36.123,-1.2370,0.0000,-1.2370,0.0006,0.1016,0.1022,-1.7917
36.127,-1.2064,0.0000,-1.2064,0.0006,0.1016,0.1021,-1.7917
36.133,-1.1676,0.0000,-1.1676,0.0005,0.1016,0.1021,-1.7917
36.138,-1.1341,0.0000,-1.1341,0.0005,0.1006,0.1012,-1.7667
36.142,-1.1015,0.0000,-1.1015,0.0005,0.1006,0.1011,-1.7667
36.147,-1.0727,0.0000,-1.0727,0.0005,0.1006,0.1011,-1.7667
36.151,-1.0451,0.0000,-1.0451,0.0005,0.1006,0.1011,-1.7667
36.155,-1.0169,0.0000,-1.0169,0.0005,0.0997,0.1001,-1.7254
36.160,-0.9874,0.0000,-0.9874,0.0005,0.0997,0.1001,-1.7254
36.165,-0.9599,0.0000,-0.9599,0.0004,0.0997,0.1001,-1.7254
36.169,-0.9350,0.0000,-0.9350,0.0004,0.0997,0.1001,-1.7254
36.174,-0.9107,0.0000,-0.9107,0.0004,0.0997,0.1001,-1.7254
36.178,-0.8849,0.0000,-0.8849,0.0004,0.0984,0.0988,-1.6738
36.191,-0.8192,0.0000,-0.8192,0.0004,0.0984,0.0988,-1.6738
36.196,-0.7946,0.0000,-0.7946,0.0004,0.0968,0.0972,-1.6122
36.201,-0.7710,0.0000,-0.7710,0.0004,0.0968,0.0972,-1.6122
36.205,-0.7495,0.0000,-0.7495,0.0003,0.0968,0.0972,-1.6122
36.210,-0.7305,0.0000,-0.7305,0.0003,0.0968,0.0971,-1.6122
36.214,-0.7116,0.0000,-0.7116,0.0003,0.0948,0.0951,-1.5408
36.219,-0.6899,0.0000,-0.6899,0.0003,0.0948,0.0951,-1.5408
36.224,-0.6706,0.0000,-0.6706,0.0003,0.0948,0.0951,-1.5408
36.228,-0.6537,0.0000,-0.6537,0.0003,0.0948,0.0951,-1.5408
36.232,-0.6378,0.0000,-0.6378,0.0003,0.0948,0.0951,-1.5408
36.237,-0.6183,0.0000,-0.6183,0.0003,0.0923,0.0926,-1.4633
36.250,-0.5694,0.0000,-0.5694,0.0003,0.0923,0.0925,-1.4633
36.256,-0.5481,0.0000,-0.5481,0.0003,0.0892,0.0895,-1.3829
36.262,-0.5306,0.0000,-0.5306,0.0002,0.0892,0.0895,-1.3829
36.266,-0.5163,0.0000,-0.5163,0.0002,0.0892,0.0894,-1.3829
36.272,-0.4988,0.0000,-0.4988,0.0002,0.0892,0.0894,-1.3829
36.276,-0.4855,0.0000,-0.4855,0.0002,0.0855,0.0857,-1.3064
36.281,-0.4715,0.0000,-0.4715,0.0002,0.0855,0.0857,-1.3064
36.286,-0.4575,0.0000,-0.4575,0.0002,0.0855,0.0857,-1.3064
36.298,-0.4256,0.0000,-0.4256,0.0002,0.0813,0.0815,-1.2220
36.304,-0.4099,0.0000,-0.4099,0.0002,0.0813,0.0815,-1.2220
36.309,-0.3969,0.0000,-0.3969,0.0002,0.0813,0.0815,-1.2220
36.314,-0.3855,0.0000,-0.3855,0.0002,0.0766,0.0767,-1.1278
36.320,-0.3709,0.0000,-0.3709,0.0002,0.0766,0.0767,-1.1278
36.326,-0.3583,0.0000,-0.3583,0.0002,0.0766,0.0767,-1.1278
36.331,-0.3474,0.0000,-0.3474,0.0002,0.0766,0.0767,-1.1278
36.335,-0.3379,0.0000,-0.3379,0.0002,0.0712,0.0714,-1.0457
36.341,-0.3272,0.0000,-0.3272,0.0002,0.0712,0.0714,-1.0457
36.345,-0.3182,0.0000,-0.3182,0.0001,0.0712,0.0714,-1.0457
36.350,-0.3095,0.0000,-0.3095,0.0001,0.0712,0.0714,-1.0457
36.355,-0.3002,0.0000,-0.3002,0.0001,0.0653,0.0654,-0.9573
36.360,-0.2910,0.0000,-0.2910,0.0001,0.0653,0.0654,-0.9573
36.366,-0.2810,0.0000,-0.2810,0.0001,0.0653,0.0654,-0.9573
36.371,-0.2725,0.0000,-0.2725,0.0001,0.0653,0.0654,-0.9573
36.376,-0.2641,0.0000,-0.2641,0.0001,0.0588,0.0589,-0.8593
36.382,-0.2548,0.0000,-0.2548,0.0001,0.0588,0.0589,-0.8593
36.386,-0.2475,0.0000,-0.2475,0.0001,0.0588,0.0589,-0.8593
36.392,-0.2396,0.0000,-0.2396,0.0001,0.0588,0.0589,-0.8593
36.405,-0.2202,0.0000,-0.2202,0.0001,0.0516,0.0517,-0.7526
36.418,-0.2030,0.0000,-0.2030,0.0001,0.0438,0.0439,-0.6377
36.424,-0.1960,0.0000,-0.1960,0.0001,0.0438,0.0439,-0.6377
36.429,-0.1900,0.0000,-0.1900,0.0001,0.0438,0.0439,-0.6377
36.435,-0.1832,0.0000,-0.1832,0.0001,0.0354,0.0355,-0.5158
36.441,-0.1763,0.0000,-0.1763,0.0001,0.0354,0.0355,-0.5158
36.446,-0.1714,0.0000,-0.1714,0.0001,0.0354,0.0355,-0.5158
36.450,-0.1669,0.0000,-0.1669,0.0001,0.0354,0.0355,-0.5158
36.457,-0.1605,0.0000,-0.1605,0.0001,0.0268,0.0269,-0.4063
36.462,-0.1554,0.0000,-0.1554,0.0001,0.0268,0.0269,-0.4063
36.467,-0.1511,0.0000,-0.1511,0.0001,0.0268,0.0269,-0.4063
36.473,-0.1458,0.0000,-0.1458,0.0001,0.0268,0.0269,-0.4063
36.478,-0.1414,0.0000,-0.1414,0.0001,0.0178,0.0178,-0.2945
36.483,-0.1371,0.0000,-0.1371,0.0001,0.0178,0.0178,-0.2945
36.488,-0.1331,0.0000,-0.1331,0.0001,0.0178,0.0178,-0.2945
36.492,-0.1292,0.0000,-0.1292,0.0001,0.0178,0.0178,-0.2945
36.497,-0.1260,0.0000,-0.1260,0.0001,0.0000,0.0001,-0.1472
36.501,-0.1223,0.0000,-0.1223,0.0001,0.0000,0.0001,-0.1472
36.507,-0.1182,0.0000,-0.1182,0.0001,0.0000,0.0001,-0.1472
36.518,-0.1106,0.0000,-0.1106,0.0001,-0.0112,-0.0111,0.0287
36.524,-0.1066,0.0000,-0.1066,0.0000,-0.0112,-0.0111,0.0287
36.528,-0.1038,0.0000,-0.1038,0.0000,-0.0112,-0.0111,0.0287
36.532,-0.1012,0.0000,-0.1012,0.0000,-0.0112,-0.0111,0.0287
36.537,-0.0983,0.0000,-0.0983,0.0000,-0.0230,-0.0230,0.2093
36.543,-0.0950,0.0000,-0.0950,0.0000,-0.0230,-0.0230,0.2093
36.555,-0.0879,0.0000,-0.0879,0.0000,-0.0353,-0.0353,0.3881
36.562,-0.0845,0.0000,-0.0845,0.0000,-0.0353,-0.0353,0.3881
36.566,-0.0823,0.0000,-0.0823,0.0000,-0.0353,-0.0353,0.3881
36.571,-0.0799,0.0000,-0.0799,0.0000,-0.0353,-0.0353,0.3881
36.576,-0.0776,0.0000,-0.0776,0.0000,-0.0480,-0.0479,0.5643
36.581,-0.0753,0.0000,-0.0753,0.0000,-0.0480,-0.0479,0.5643
36.585,-0.0734,0.0000,-0.0734,0.0000,-0.0480,-0.0479,0.5643
36.590,-0.0713,0.0000,-0.0713,0.0000,-0.0480,-0.0479,0.5643
36.594,-0.0695,0.0000,-0.0695,0.0000,-0.0608,-0.0608,0.7368
36.599,-0.0673,0.0000,-0.0673,0.0000,-0.0608,-0.0608,0.7368
36.604,-0.0655,0.0000,-0.0655,0.0000,-0.0608,-0.0608,0.7368
36.609,-0.0635,0.0000,-0.0635,0.0000,-0.0608,-0.0608,0.7368
36.628,-0.0561,0.0000,-0.0561,0.0000,-0.0742,-0.0742,0.9163
36.635,-0.0538,0.0000,-0.0538,0.0000,-0.0870,-0.0869,1.0771
36.641,-0.0519,0.0000,-0.0519,0.0000,-0.0870,-0.0869,1.0771
36.645,-0.0506,0.0000,-0.0506,0.0000,-0.0870,-0.0869,1.0771
36.649,-0.0493,0.0000,-0.0493,0.0000,-0.0870,-0.0869,1.0771
36.653,-0.0480,0.0000,-0.0480,0.0000,-0.0870,-0.0869,1.0771
36.658,-0.0468,0.0000,-0.0468,0.0000,-0.0984,-0.0984,1.2077
36.663,-0.0454,0.0000,-0.0454,0.0000,-0.0984,-0.0984,1.2077
36.667,-0.0442,0.0000,-0.0442,0.0000,-0.0984,-0.0984,1.2077
36.672,-0.0430,0.0000,-0.0430,0.0000,-0.0984,-0.0984,1.2077
36.676,-0.0419,0.0000,-0.0419,0.0000,-0.1093,-0.1093,1.3279
36.681,-0.0407,0.0000,-0.0407,0.0000,-0.1093,-0.1093,1.3279
36.685,-0.0396,0.0000,-0.0396,0.0000,-0.1093,-0.1093,1.3279
36.690,-0.0385,0.0000,-0.0385,0.0000,-0.1093,-0.1093,1.3279
36.694,-0.0375,0.0000,-0.0375,0.0000,-0.1190,-0.1190,1.4233
36.707,-0.0347,0.0000,-0.0347,0.0000,-0.1190,-0.1190,1.4233
36.712,-0.0336,0.0000,-0.0336,0.0000,-0.1190,-0.1190,1.4233
36.717,-0.0326,0.0000,-0.0326,0.0000,-0.1281,-0.1281,1.5068
36.728,-0.0304,0.0000,-0.0304,0.0000,-0.1281,-0.1281,1.5068
36.733,-0.0296,0.0000,-0.0296,0.0000,-0.1281,-0.1281,1.5068
36.739,-0.0285,0.0000,-0.0285,0.0000,-0.1368,-0.1368,1.5828
36.743,-0.0277,0.0000,-0.0277,0.0000,-0.1368,-0.1368,1.5828
36.748,-0.0270,0.0000,-0.0270,0.0000,-0.1368,-0.1368,1.5828
36.752,-0.0263,0.0000,-0.0263,0.0000,-0.1368,-0.1368,1.5828
36.757,-0.0254,0.0000,-0.0254,0.0000,-0.1449,-0.1449,1.6505
36.762,-0.0247,0.0000,-0.0247,0.0000,-0.1449,-0.1449,1.6505
36.768,-0.0239,0.0000,-0.0239,0.0000,-0.1449,-0.1449,1.6505
36.773,-0.0231,0.0000,-0.0231,0.0000,-0.1449,-0.1449,1.6505
36.777,-0.0225,0.0000,-0.0225,0.0000,-0.1525,-0.1525,1.7097
36.783,-0.0218,0.0000,-0.0218,0.0000,-0.1525,-0.1525,1.7097
36.787,-0.0212,0.0000,-0.0212,0.0000,-0.1525,-0.1525,1.7097
36.792,-0.0206,0.0000,-0.0206,0.0000,-0.1525,-0.1525,1.7097
36.797,-0.0200,0.0000,-0.0200,0.0000,-0.1595,-0.1595,1.7600
36.803,-0.0193,0.0000,-0.0193,0.0000,-0.1595,-0.1595,1.7600
36.807,-0.0187,0.0000,-0.0187,0.0000,-0.1595,-0.1595,1.7600
36.813,-0.0181,0.0000,-0.0181,0.0000,-0.1595,-0.1595,1.7600
36.818,-0.0176,0.0000,-0.0176,0.0000,-0.1644,-0.1644,1.7747
36.824,-0.0170,0.0000,-0.0170,0.0000,-0.1644,-0.1644,1.7747
36.835,-0.0158,0.0000,-0.0158,0.0000,-0.1669,-0.1669,1.7494
36.841,-0.0153,0.0000,-0.0153,0.0000,-0.1669,-0.1669,1.7494
36.846,-0.0148,0.0000,-0.0148,0.0000,-0.1669,-0.1669,1.7494
36.858,-0.0137,0.0000,-0.0137,0.0000,-0.1686,-0.1686,1.7134
36.864,-0.0132,0.0000,-0.0132,0.0000,-0.1686,-0.1686,1.7134
36.869,-0.0128,0.0000,-0.0128,0.0000,-0.1686,-0.1686,1.7134
36.874,-0.0124,0.0000,-0.0124,0.0000,-0.1682,-0.1682,1.6366
36.880,-0.0120,0.0000,-0.0120,0.0000,-0.1682,-0.1682,1.6366
36.884,-0.0117,0.0000,-0.0117,0.0000,-0.1682,-0.1682,1.6366
36.889,-0.0114,0.0000,-0.0114,0.0000,-0.1682,-0.1682,1.6366
36.893,-0.0111,0.0000,-0.0111,0.0000,-0.1682,-0.1682,1.6366
36.898,-0.0108,0.0000,-0.0108,0.0000,-0.1674,-0.1674,1.5467
36.902,-0.0105,0.0000,-0.0105,0.0000,-0.1674,-0.1674,1.5467
36.907,-0.0102,0.0000,-0.0102,0.0000,-0.1674,-0.1674,1.5467
36.911,-0.0099,0.0000,-0.0099,0.0000,-0.1674,-0.1674,1.5467
36.916,-0.0097,0.0000,-0.0097,0.0000,-0.1727,-0.1727,1.5530
36.920,-0.0094,0.0000,-0.0094,0.0000,-0.1727,-0.1727,1.5530
36.925,-0.0091,0.0000,-0.0091,0.0000,-0.1727,-0.1727,1.5530
36.929,-0.0089,0.0000,-0.0089,0.0000,-0.1727,-0.1727,1.5530
36.933,-0.0087,0.0000,-0.0087,0.0000,-0.1727,-0.1727,1.5530
36.944,-0.0081,0.0000,-0.0081,0.0000,-0.1775,-0.1775,1.5499
36.949,-0.0079,0.0000,-0.0079,0.0000,-0.1775,-0.1775,1.5499
36.953,-0.0077,0.0000,-0.0077,0.0000,-0.1775,-0.1775,1.5499
36.957,-0.0075,0.0000,-0.0075,0.0000,-0.1820,-0.1820,1.5384
36.962,-0.0073,0.0000,-0.0073,0.0000,-0.1820,-0.1820,1.5384
36.966,-0.0071,0.0000,-0.0071,0.0000,-0.1820,-0.1820,1.5384
36.970,-0.0069,0.0000,-0.0069,0.0000,-0.1820,-0.1820,1.5384
36.975,-0.0067,0.0000,-0.0067,0.0000,-0.1802,-0.1802,1.4365
36.979,-0.0066,0.0000,-0.0066,0.0000,-0.1802,-0.1802,1.4365
36.983,-0.0064,0.0000,-0.0064,0.0000,-0.1802,-0.1802,1.4365
36.988,0.0141,0.0000,0.0141,0.0000,-0.1802,-0.1802,1.4365
36.994,0.0780,0.0000,0.0780,0.0000,-0.1802,-0.1802,1.4365
36.998,0.1561,0.0000,0.1561,0.0000,-0.1724,-0.1724,1.2482
37.010,0.3543,0.0000,0.3543,0.0000,-0.1724,-0.1724,1.2482
37.016,0.4346,0.0000,0.4346,0.0000,-0.1763,-0.1762,1.2262
37.021,0.5121,0.0000,0.5121,0.0001,-0.1763,-0.1762,1.2262
37.025,0.5720,0.0000,0.5720,0.0001,-0.1763,-0.1762,1.2262
37.031,0.6490,0.0000,0.6490,0.0001,-0.1763,-0.1762,1.2262
37.036,0.7172,0.0000,0.7172,0.0001,-0.1695,-0.1693,1.0554
37.049,0.8860,0.0000,0.8860,0.0003,-0.1695,-0.1692,1.0554
37.054,0.9395,0.0000,0.9395,0.0004,-0.1631,-0.1628,0.8905
37.059,0.9945,0.0000,0.9945,0.0004,-0.1631,-0.1627,0.8905
37.063,1.0404,0.0000,1.0404,0.0005,-0.1631,-0.1626,0.8905
37.067,1.0887,0.0000,1.0887,0.0006,-0.1631,-0.1626,0.8905
37.073,1.1484,0.0000,1.1484,0.0007,-0.1631,-0.1624,0.8905
37.078,1.2002,0.0000,1.2002,0.0008,-0.1548,-0.1540,0.6972
37.083,1.2500,0.0000,1.2500,0.0009,-0.1548,-0.1539,0.6972
37.087,1.2932,0.0000,1.2932,0.0011,-0.1548,-0.1537,0.6972
37.092,1.3361,0.0000,1.3361,0.0012,-0.1548,-0.1536,0.6972
37.096,1.3747,0.0000,1.3747,0.0013,-0.1559,-0.1546,0.6338
37.101,1.4197,0.0000,1.4197,0.0015,-0.1559,-0.1544,0.6338
37.106,1.4620,0.0000,1.4620,0.0017,-0.1559,-0.1542,0.6338
37.111,1.4992,0.0000,1.4992,0.0019,-0.1559,-0.1540,0.6338
37.115,1.5375,0.0000,1.5375,0.0021,-0.1567,-0.1547,0.5687
37.121,1.5786,0.0000,1.5786,0.0023,-0.1567,-0.1544,0.5687
37.125,1.6122,0.0000,1.6122,0.0025,-0.1567,-0.1542,0.5687
37.129,1.6435,0.0000,1.6435,0.0027,-0.1567,-0.1540,0.5687
37.133,1.6735,0.0000,1.6735,0.0029,-0.1567,-0.1538,0.5687
37.138,1.7084,0.0000,1.7084,0.0032,-0.1573,-0.1541,0.5021
37.150,1.7888,0.0000,1.7888,0.0040,-0.1573,-0.1533,0.5021
37.162,1.8650,0.0000,1.8650,0.0049,-0.1576,-0.1527,0.4343
37.168,1.9017,0.0000,1.9017,0.0053,-0.1576,-0.1523,0.4343
37.173,1.9273,0.0000,1.9273,0.0057,-0.1576,-0.1519,0.4343
37.177,1.9532,0.0000,1.9532,0.0060,-0.1577,-0.1516,0.3652
37.182,1.9789,0.0000,1.9789,0.0064,-0.1577,-0.1512,0.3652
37.186,2.0009,0.0000,2.0009,0.0068,-0.1577,-0.1509,0.3652
37.191,2.0244,0.0000,2.0244,0.0072,-0.1577,-0.1505,0.3652
37.195,2.0458,0.0000,2.0458,0.0076,-0.1534,-0.1459,0.2400
37.200,2.0689,0.0000,2.0689,0.0080,-0.1534,-0.1454,0.2400
37.205,2.0919,0.0000,2.0919,0.0085,-0.1534,-0.1449,0.2400
37.211,2.1224,0.0000,2.1224,0.0092,-0.1534,-0.1442,0.2400
37.216,2.1436,0.0000,2.1436,0.0097,-0.1438,-0.1341,0.0417
37.221,2.1655,0.0000,2.1655,0.0103,-0.1438,-0.1336,0.0417
37.226,2.1836,0.0000,2.1836,0.0108,-0.1438,-0.1331,0.0417
37.230,2.2006,0.0000,2.2006,0.0112,-0.1438,-0.1326,0.0417
37.234,2.2171,0.0000,2.2171,0.0117,-0.1404,-0.1286,-0.0763
37.239,2.2370,0.0000,2.2370,0.0123,-0.1404,-0.1280,-0.0763
37.244,2.2525,0.0000,2.2525,0.0128,-0.1404,-0.1275,-0.0763
37.248,2.2683,0.0000,2.2683,0.0134,-0.1404,-0.1270,-0.0763
37.259,2.3070,0.0000,2.3070,0.0148,-0.1370,-0.1222,-0.1919
37.264,2.3225,0.0000,2.3225,0.0155,-0.1370,-0.1216,-0.1919
37.268,2.3357,0.0000,2.3357,0.0160,-0.1370,-0.1210,-0.1919
37.272,2.3497,0.0000,2.3497,0.0167,-0.1370,-0.1204,-0.1919
37.276,2.3622,0.0000,2.3622,0.0172,-0.1345,-0.1172,-0.2974
37.281,2.3758,0.0000,2.3758,0.0179,-0.1345,-0.1166,-0.2974
37.285,2.3887,0.0000,2.3887,0.0185,-0.1345,-0.1159,-0.2974
37.290,2.4014,0.0000,2.4014,0.0192,-0.1345,-0.1153,-0.2974
37.294,2.4126,0.0000,2.4126,0.0198,-0.1322,-0.1124,-0.3972
37.299,2.4248,0.0000,2.4248,0.0205,-0.1322,-0.1117,-0.3972
37.304,2.4373,0.0000,2.4373,0.0212,-0.1322,-0.1110,-0.3972
37.316,2.4678,0.0000,2.4678,0.0233,-0.1304,-0.1071,-0.4908
37.322,2.4824,0.0000,2.4824,0.0243,-0.1304,-0.1062,-0.4908
37.326,2.4917,0.0000,2.4917,0.0249,-0.1304,-0.1055,-0.4908
37.330,2.5005,0.0000,2.5005,0.0256,-0.1304,-0.1048,-0.4908
37.335,2.5103,0.0000,2.5103,0.0263,-0.1290,-0.1027,-0.5781
37.340,2.5204,0.0000,2.5204,0.0271,-0.1290,-0.1019,-0.5781
37.344,2.5285,0.0000,2.5285,0.0277,-0.1290,-0.1013,-0.5781
37.348,2.5370,0.0000,2.5370,0.0284,-0.1290,-0.1006,-0.5781
37.353,2.5457,0.0000,2.5457,0.0291,-0.1290,-0.0998,-0.5781
37.364,2.5664,0.0000,2.5664,0.0309,-0.1315,-0.1005,-0.6106
37.369,2.5752,0.0000,2.5752,0.0317,-0.1315,-0.0997,-0.6106
37.374,2.5827,0.0000,2.5827,0.0325,-0.1315,-0.0990,-0.6106
37.379,2.5909,0.0000,2.5909,0.0332,-0.1336,-0.1004,-0.6442
37.383,2.5987,0.0000,2.5987,0.0340,-0.1336,-0.0996,-0.6442
37.388,2.6056,0.0000,2.6056,0.0347,-0.1336,-0.0989,-0.6442
37.393,2.6123,0.0000,2.6123,0.0354,-0.1336,-0.0982,-0.6442
37.397,2.6188,0.0000,2.6188,0.0361,-0.1355,-0.0993,-0.6774
37.402,2.6256,0.0000,2.6256,0.0369,-0.1355,-0.0986,-0.6774
37.406,2.6319,0.0000,2.6319,0.0376,-0.1355,-0.0978,-0.6774
37.411,2.6377,0.0000,2.6377,0.0383,-0.1355,-0.0971,-0.6774
37.416,2.6442,0.0000,2.6442,0.0392,-0.1373,-0.0981,-0.7070
37.421,2.6506,0.0000,2.6506,0.0400,-0.1373,-0.0973,-0.7070
37.426,2.6567,0.0000,2.6567,0.0409,-0.1373,-0.0964,-0.7070
37.430,2.6619,0.0000,2.6619,0.0416,-0.1373,-0.0957,-0.7070
37.434,2.6667,0.0000,2.6667,0.0423,-0.1357,-0.0934,-0.7815
37.439,2.6723,0.0000,2.6723,0.0432,-0.1357,-0.0926,-0.7815
37.444,2.6769,0.0000,2.6769,0.0439,-0.1357,-0.0918,-0.7815
37.448,2.6812,0.0000,2.6812,0.0446,-0.1357,-0.0911,-0.7815
37.452,2.6860,0.0000,2.6860,0.0455,-0.1357,-0.0903,-0.7815
37.457,2.6910,0.0000,2.6910,0.0463,-0.1343,-0.0880,-0.8526
37.470,2.7034,0.0000,2.7034,0.0486,-0.1343,-0.0857,-0.8526
37.482,2.7148,0.0000,2.7148,0.0510,-0.1332,-0.0822,-0.9156
37.488,2.7192,0.0000,2.7192,0.0518,-0.1332,-0.0814,-0.9156
37.492,2.7227,0.0000,2.7227,0.0525,-0.1332,-0.0807,-0.9156
37.496,2.7262,0.0000,2.7262,0.0532,-0.1325,-0.0793,-0.9703
37.501,2.7299,0.0000,2.7299,0.0541,-0.1325,-0.0785,-0.9703
37.506,2.7336,0.0000,2.7336,0.0549,-0.1325,-0.0776,-0.9703
37.511,2.7370,0.0000,2.7370,0.0557,-0.1325,-0.0768,-0.9703
37.515,2.7401,0.0000,2.7401,0.0566,-0.1321,-0.0755,-1.0171
37.520,2.7434,0.0000,2.7434,0.0575,-0.1321,-0.0746,-1.0171
37.525,2.7467,0.0000,2.7467,0.0585,-0.1321,-0.0736,-1.0171
37.529,2.7494,0.0000,2.7494,0.0591,-0.1321,-0.0729,-1.0171
37.534,2.7521,0.0000,2.7521,0.0598,-0.1319,-0.0720,-1.0560
37.539,2.7552,0.0000,2.7552,0.0607,-0.1319,-0.0712,-1.0560
37.543,2.7577,0.0000,2.7577,0.0614,-0.1319,-0.0705,-1.0560
37.547,2.7601,0.0000,2.7601,0.0621,-0.1319,-0.0698,-1.0560
37.551,2.7625,0.0000,2.7625,0.0628,-0.1319,-0.0691,-1.0560
37.556,2.7650,0.0000,2.7650,0.0634,-0.1319,-0.0685,-1.0868
37.560,2.7675,0.0000,2.7675,0.0641,-0.1319,-0.0678,-1.0868
37.565,2.7697,0.0000,2.7697,0.0647,-0.1319,-0.0672,-1.0868
37.569,2.7717,0.0000,2.7717,0.0652,-0.1319,-0.0667,-1.0868
37.573,2.7739,0.0000,2.7739,0.0658,-0.1319,-0.0661,-1.0868
37.578,2.7761,0.0000,2.7761,0.0663,-0.1321,-0.0658,-1.1092
37.589,2.7814,0.0000,2.7814,0.0678,-0.1321,-0.0643,-1.1092
37.593,2.7833,0.0000,2.7833,0.0684,-0.1321,-0.0637,-1.1092
37.597,2.7851,0.0000,2.7851,0.0689,-0.1325,-0.0635,-1.1232
37.602,2.7871,0.0000,2.7871,0.0696,-0.1325,-0.0628,-1.1232
37.607,2.7888,0.0000,2.7888,0.0701,-0.1325,-0.0623,-1.1232
37.611,2.7905,0.0000,2.7905,0.0706,-0.1325,-0.0618,-1.1232
37.623,2.7953,0.0000,2.7953,0.0724,-0.1322,-0.0599,-1.1443
37.629,2.7974,0.0000,2.7974,0.0730,-0.1322,-0.0592,-1.1443
37.634,2.7989,0.0000,2.7989,0.0735,-0.1332,-0.0598,-1.1394
37.639,2.8005,0.0000,2.8005,0.0742,-0.1332,-0.0590,-1.1394
37.643,2.8019,0.0000,2.8019,0.0747,-0.1332,-0.0585,-1.1394
37.647,2.8032,0.0000,2.8032,0.0754,-0.1332,-0.0579,-1.1394
37.651,2.8044,0.0000,2.8044,0.0759,-0.1332,-0.0574,-1.1394
37.655,2.8057,0.0000,2.8057,0.0764,-0.1346,-0.0581,-1.1232
37.660,2.8071,0.0000,2.8071,0.0771,-0.1346,-0.0575,-1.1232
37.665,2.8083,0.0000,2.8083,0.0777,-0.1346,-0.0569,-1.1232
37.669,2.8094,0.0000,2.8094,0.0783,-0.1346,-0.0563,-1.1232
37.673,2.8106,0.0000,2.8106,0.0789,-0.1346,-0.0557,-1.1232
37.677,2.8118,0.0000,2.8118,0.0796,-0.1360,-0.0564,-1.0999
37.682,2.8130,0.0000,2.8130,0.0801,-0.1360,-0.0558,-1.0999
37.687,2.8142,0.0000,2.8142,0.0809,-0.1360,-0.0551,-1.0999
37.698,2.8168,0.0000,2.8168,0.0818,-0.1374,-0.0556,-1.0699
37.703,2.8179,0.0000,2.8179,0.0823,-0.1374,-0.0551,-1.0699
37.707,2.8188,0.0000,2.8188,0.0827,-0.1374,-0.0547,-1.0699
37.711,2.8197,0.0000,2.8197,0.0829,-0.1374,-0.0545,-1.0699
37.715,2.8205,0.0000,2.8205,0.0831,-0.1388,-0.0557,-1.0334
37.720,2.8215,0.0000,2.8215,0.0834,-0.1388,-0.0555,-1.0334
37.724,2.8224,0.0000,2.8224,0.0836,-0.1388,-0.0552,-1.0334
37.728,2.8232,0.0000,2.8232,0.0839,-0.1388,-0.0549,-1.0334
37.732,2.8239,0.0000,2.8239,0.0842,-0.1388,-0.0546,-1.0334
37.737,2.8248,0.0000,2.8248,0.0846,-0.1427,-0.0582,-0.9354
37.742,2.8257,0.0000,2.8257,0.0847,-0.1427,-0.0581,-0.9354
37.746,2.8264,0.0000,2.8264,0.0851,-0.1427,-0.0577,-0.9354
37.751,2.8271,0.0000,2.8271,0.0852,-0.1427,-0.0576,-0.9354
37.755,2.8279,0.0000,2.8279,0.0854,-0.1468,-0.0615,-0.8221
37.760,2.8286,0.0000,2.8286,0.0859,-0.1468,-0.0610,-0.8221
37.765,2.8293,0.0000,2.8293,0.0861,-0.1468,-0.0608,-0.8221
37.777,2.8311,0.0000,2.8311,0.0868,-0.1505,-0.0637,-0.7065
37.783,2.8319,0.0000,2.8319,0.0872,-0.1505,-0.0633,-0.7065
37.788,2.8327,0.0000,2.8327,0.0867,-0.1505,-0.0639,-0.7065
37.799,2.8340,0.0000,2.8340,0.0876,-0.1537,-0.0661,-0.5894
37.804,2.8347,0.0000,2.8347,0.0889,-0.1537,-0.0649,-0.5894
37.808,2.8352,0.0000,2.8352,0.0893,-0.1537,-0.0645,-0.5894
37.813,2.8357,0.0000,2.8357,0.0897,-0.1537,-0.0641,-0.5894
37.817,2.8362,0.0000,2.8362,0.0901,-0.1559,-0.0657,-0.4861
37.823,2.8368,0.0000,2.8368,0.0907,-0.1559,-0.0652,-0.4861
37.827,2.8372,0.0000,2.8372,0.0912,-0.1559,-0.0647,-0.4861
37.831,2.8377,0.0000,2.8377,0.0917,-0.1559,-0.0642,-0.4861
37.835,2.8381,0.0000,2.8381,0.0922,-0.1574,-0.0652,-0.3844
37.841,2.8386,0.0000,2.8386,0.0928,-0.1574,-0.0646,-0.3844
37.845,2.8390,0.0000,2.8390,0.0925,-0.1574,-0.0649,-0.3844
37.850,2.8394,0.0000,2.8394,0.0931,-0.1574,-0.0643,-0.3844
37.854,2.8398,0.0000,2.8398,0.0938,-0.1585,-0.0647,-0.2812
37.859,2.8403,0.0000,2.8403,0.0945,-0.1585,-0.0640,-0.2812
37.864,2.8406,0.0000,2.8406,0.0942,-0.1585,-0.0643,-0.2812
37.868,2.8410,0.0000,2.8410,0.0939,-0.1585,-0.0646,-0.2812
37.873,2.8414,0.0000,2.8414,0.0937,-0.1585,-0.0648,-0.2812
37.877,2.8417,0.0000,2.8417,0.0935,-0.1591,-0.0656,-0.1778
37.881,2.8420,0.0000,2.8420,0.0934,-0.1591,-0.0657,-0.1778
37.885,2.8423,0.0000,2.8423,0.0932,-0.1591,-0.0658,-0.1778
37.890,2.8427,0.0000,2.8427,0.0931,-0.1591,-0.0660,-0.1778
37.895,2.8430,0.0000,2.8430,0.0930,-0.1592,-0.0662,-0.0743
37.907,2.8438,0.0000,2.8438,0.0930,-0.1592,-0.0662,-0.0743
37.912,2.8441,0.0000,2.8441,0.0930,-0.1592,-0.0662,-0.0743
37.917,2.8444,0.0000,2.8444,0.0931,-0.1588,-0.0658,0.0291
37.929,2.8451,0.0000,2.8451,0.0933,-0.1588,-0.0655,0.0291
37.935,2.8454,0.0000,2.8454,0.0935,-0.1580,-0.0645,0.1315
37.940,2.8457,0.0000,2.8457,0.0943,-0.1580,-0.0637,0.1315
37.944,2.8459,0.0000,2.8459,0.0945,-0.1580,-0.0635,0.1315
37.948,2.8461,0.0000,2.8461,0.0947,-0.1580,-0.0634,0.1315
37.953,2.8463,0.0000,2.8463,0.0948,-0.1580,-0.0632,0.1315
37.957,2.8465,0.0000,2.8465,0.0951,-0.1568,-0.0617,0.2323
37.962,2.8468,0.0000,2.8468,0.0953,-0.1568,-0.0615,0.2323
37.966,2.8470,0.0000,2.8470,0.0955,-0.1568,-0.0612,0.2323
37.971,2.8472,0.0000,2.8472,0.0958,-0.1568,-0.0609,0.2323
37.975,2.8473,0.0000,2.8473,0.0961,-0.1551,-0.0590,0.3305
37.980,2.8475,0.0000,2.8475,0.0971,-0.1551,-0.0580,0.3305
37.984,2.8477,0.0000,2.8477,0.0974,-0.1551,-0.0577,0.3305
37.988,2.8479,0.0000,2.8479,0.0977,-0.1551,-0.0574,0.3305
37.992,2.8480,0.0000,2.8480,0.0981,-0.1551,-0.0570,0.3305
37.997,2.8482,0.0000,2.8482,0.0957,-0.1536,-0.0579,0.4426
38.002,2.8484,0.0000,2.8484,0.0962,-0.1536,-0.0574,0.4426
38.007,2.8485,0.0000,2.8485,0.0967,-0.1536,-0.0569,0.4426
38.027,2.8493,0.0000,2.8493,0.0994,-0.1523,-0.0528,0.5712
38.034,2.8495,0.0000,2.8495,0.0956,-0.1507,-0.0552,0.6973
38.040,2.8496,0.0000,2.8496,0.0965,-0.1507,-0.0542,0.6973
38.045,2.8498,0.0000,2.8498,0.0972,-0.1507,-0.0535,0.6973
38.049,2.8499,0.0000,2.8499,0.0979,-0.1507,-0.0528,0.6973
38.053,2.8500,0.0000,2.8500,0.0953,-0.1507,-0.0554,0.6973
38.058,2.8501,0.0000,2.8501,0.0927,-0.1488,-0.0562,0.8158
38.063,2.8502,0.0000,2.8502,0.0937,-0.1488,-0.0552,0.8158
38.067,2.8503,0.0000,2.8503,0.0945,-0.1488,-0.0543,0.8158
38.079,2.8506,0.0000,2.8506,0.0944,-0.1467,-0.0523,0.9264
38.086,2.8507,0.0000,2.8507,0.0943,-0.1467,-0.0523,0.9264
38.090,2.8508,0.0000,2.8508,0.0943,-0.1467,-0.0523,0.9264
38.094,2.8509,0.0000,2.8509,0.0943,-0.1442,-0.0499,1.0285
38.099,2.8510,0.0000,2.8510,0.0944,-0.1442,-0.0499,1.0285
38.103,2.8511,0.0000,2.8511,0.0944,-0.1442,-0.0498,1.0285
38.108,2.8512,0.0000,2.8512,0.0945,-0.1442,-0.0497,1.0285
38.112,2.8513,0.0000,2.8513,0.0946,-0.1442,-0.0497,1.0285
38.117,2.8514,0.0000,2.8514,0.0918,-0.1427,-0.0509,1.1755
38.129,2.8516,0.0000,2.8516,0.0853,-0.1427,-0.0574,1.1755
38.133,2.8516,0.0000,2.8516,0.0831,-0.1427,-0.0596,1.1755
38.138,2.8517,0.0000,2.8517,0.0837,-0.1412,-0.0575,1.3256
38.143,2.8518,0.0000,2.8518,0.0842,-0.1412,-0.0570,1.3256
38.147,2.8518,0.0000,2.8518,0.0821,-0.1412,-0.0591,1.3256
38.151,2.8519,0.0000,2.8519,0.0801,-0.1412,-0.0611,1.3256
38.156,2.8520,0.0000,2.8520,0.0778,-0.1393,-0.0615,1.4600
38.160,2.8520,0.0000,2.8520,0.0787,-0.1393,-0.0606,1.4600
38.165,2.8521,0.0000,2.8521,0.0767,-0.1393,-0.0626,1.4600
38.169,2.8521,0.0000,2.8521,0.0748,-0.1393,-0.0645,1.4600
38.173,2.8522,0.0000,2.8522,0.0758,-0.1393,-0.0635,1.4600
38.177,2.8522,0.0000,2.8522,0.0739,-0.1370,-0.0631,1.5780
38.182,2.8523,0.0000,2.8523,0.0719,-0.1370,-0.0651,1.5780
38.186,2.8523,0.0000,2.8523,0.0701,-0.1370,-0.0670,1.5780
38.191,2.8524,0.0000,2.8524,0.0681,-0.1370,-0.0689,1.5780
38.195,2.8524,0.0000,2.8524,0.0692,-0.1344,-0.0652,1.6795
38.199,2.8525,0.0000,2.8525,0.0673,-0.1344,-0.0671,1.6795
38.204,2.8525,0.0000,2.8525,0.0654,-0.1344,-0.0690,1.6795
38.208,2.8526,0.0000,2.8526,0.0637,-0.1344,-0.0707,1.6795
38.213,2.8526,0.0000,2.8526,0.0621,-0.1344,-0.0723,1.6795
38.217,2.8527,0.0000,2.8527,0.0606,-0.1316,-0.0710,1.7644
38.222,2.8527,0.0000,2.8527,0.0585,-0.1316,-0.0731,1.7644
38.235,2.8528,0.0000,2.8528,0.0540,-0.1285,-0.0744,1.8325
38.244,2.8529,0.0000,2.8529,0.0576,-0.1285,-0.0709,1.8325
38.249,2.8529,0.0000,2.8529,0.0557,-0.1285,-0.0727,1.8325
38.255,2.8530,0.0000,2.8530,0.0580,-0.1217,-0.0637,1.6772
38.260,2.8530,0.0000,2.8530,0.0562,-0.1217,-0.0655,1.6772
38.264,2.8531,0.0000,2.8531,0.0549,-0.1217,-0.0668,1.6772
38.268,2.8531,0.0000,2.8531,0.0534,-0.1217,-0.0683,1.6772
38.273,2.8531,0.0000,2.8531,0.0520,-0.1217,-0.0697,1.6772
38.277,2.8531,0.0000,2.8531,0.0507,-0.1152,-0.0645,1.5210
38.281,2.8532,0.0000,2.8532,0.0529,-0.1152,-0.0623,1.5210
38.286,2.8532,0.0000,2.8532,0.0515,-0.1152,-0.0637,1.5210
38.290,2.8532,0.0000,2.8532,0.0502,-0.1152,-0.0650,1.5210
38.295,2.8533,0.0000,2.8533,0.0489,-0.1090,-0.0601,1.3631
38.299,2.8533,0.0000,2.8533,0.0513,-0.1090,-0.0577,1.3631
38.304,2.8533,0.0000,2.8533,0.0499,-0.1090,-0.0591,1.3631
38.308,2.8533,0.0000,2.8533,0.0486,-0.1090,-0.0604,1.3631
38.313,2.8534,0.0000,2.8534,0.0473,-0.1090,-0.0617,1.3631
38.317,2.8534,0.0000,2.8534,0.0461,-0.1030,-0.0570,1.2027
38.322,2.8534,0.0000,2.8534,0.0489,-0.1030,-0.0542,1.2027
38.327,2.8534,0.0000,2.8534,0.0475,-0.1030,-0.0555,1.2027
38.338,2.8535,0.0000,2.8535,0.0443,-0.1005,-0.0562,1.2510
38.343,2.8535,0.0000,2.8535,0.0429,-0.1005,-0.0575,1.2510
38.348,2.8535,0.0000,2.8535,0.0418,-0.1005,-0.0587,1.2510
38.352,2.8535,0.0000,2.8535,0.0445,-0.1005,-0.0560,1.2510
38.357,2.8536,0.0000,2.8536,0.0432,-0.0917,-0.0484,0.8677
38.362,2.8536,0.0000,2.8536,0.0419,-0.0917,-0.0497,0.8677
38.366,2.8536,0.0000,2.8536,0.0408,-0.0917,-0.0508,0.8677
38.371,2.8536,0.0000,2.8536,0.0397,-0.0917,-0.0520,0.8677
38.375,2.8536,0.0000,2.8536,0.0386,-0.0898,-0.0512,0.9304
38.388,2.8537,0.0000,2.8537,0.0355,-0.0898,-0.0542,0.9304
38.394,2.8537,0.0000,2.8537,0.0343,-0.0879,-0.0536,0.9827
38.399,2.8537,0.0000,2.8537,0.0333,-0.0879,-0.0546,0.9827
38.404,2.8537,0.0000,2.8537,0.0323,-0.0879,-0.0555,0.9827
38.409,2.8537,0.0000,2.8537,0.0359,-0.0879,-0.0519,0.9827
38.413,2.8538,0.0000,2.8538,0.0391,-0.0879,-0.0488,0.9827
38.417,2.8538,0.0000,2.8538,0.0381,-0.0834,-0.0453,0.8509
38.423,2.8538,0.0000,2.8538,0.0368,-0.0834,-0.0466,0.8509
38.428,2.8538,0.0000,2.8538,0.0356,-0.0834,-0.0478,0.8509
38.439,2.8538,0.0000,2.8538,0.0332,-0.0793,-0.0461,0.7267
38.445,2.8538,0.0000,2.8538,0.0322,-0.0793,-0.0472,0.7267
38.449,2.8538,0.0000,2.8538,0.0313,-0.0793,-0.0480,0.7267
38.453,2.8539,0.0000,2.8539,0.0305,-0.0793,-0.0488,0.7267
38.458,2.8539,0.0000,2.8539,0.0342,-0.0755,-0.0414,0.6074
38.462,2.8539,0.0000,2.8539,0.0332,-0.0755,-0.0423,0.6074
38.466,2.8539,0.0000,2.8539,0.0324,-0.0755,-0.0431,0.6074
38.471,2.8539,0.0000,2.8539,0.0315,-0.0755,-0.0440,0.6074
38.475,2.8539,0.0000,2.8539,0.0307,-0.0721,-0.0413,0.4912
38.480,2.8539,0.0000,2.8539,0.0298,-0.0721,-0.0422,0.4912
38.484,2.8539,0.0000,2.8539,0.0291,-0.0721,-0.0430,0.4912
38.489,2.8539,0.0000,2.8539,0.0283,-0.0721,-0.0438,0.4912
38.493,2.8539,0.0000,2.8539,0.0276,-0.0721,-0.0445,0.4912
38.497,2.8539,0.0000,2.8539,0.0268,-0.0725,-0.0457,0.5894
38.505,2.8540,0.0000,2.8540,0.0256,-0.0725,-0.0469,0.5894
38.509,2.8540,0.0000,2.8540,0.0249,-0.0725,-0.0475,0.5894
38.513,2.8540,0.0000,2.8540,0.0243,-0.0725,-0.0482,0.5894
38.518,2.8540,0.0000,2.8540,0.0237,-0.0729,-0.0492,0.6723
38.524,2.8540,0.0000,2.8540,0.0228,-0.0729,-0.0501,0.6723
38.529,2.8540,0.0000,2.8540,0.0222,-0.0729,-0.0508,0.6723
38.542,2.8540,0.0000,2.8540,0.0204,-0.0734,-0.0530,0.7399
38.549,2.8540,0.0000,2.8540,0.0196,-0.0734,-0.0538,0.7399
38.554,2.8540,0.0000,2.8540,0.0190,-0.0676,-0.0487,0.4954
38.559,2.8540,0.0000,2.8540,0.0184,-0.0676,-0.0493,0.4954
38.564,2.8540,0.0000,2.8540,0.0178,-0.0676,-0.0498,0.4954
38.569,2.8540,0.0000,2.8540,0.0173,-0.0676,-0.0503,0.4954
38.574,2.8541,0.0000,2.8541,0.0168,-0.0693,-0.0525,0.5550
38.579,2.8541,0.0000,2.8541,0.0095,-0.0693,-0.0598,0.5550
38.584,2.8541,0.0000,2.8541,0.0092,-0.0693,-0.0601,0.5550
38.589,2.8541,0.0000,2.8541,0.0089,-0.0693,-0.0604,0.5550
38.594,2.8541,0.0000,2.8541,0.0087,-0.0689,-0.0602,0.5124
38.599,2.8541,0.0000,2.8541,0.0084,-0.0689,-0.0604,0.5124
38.603,2.8541,0.0000,2.8541,0.0082,-0.0689,-0.0607,0.5124
38.607,2.8541,0.0000,2.8541,0.0080,-0.0689,-0.0609,0.5124
38.612,2.8541,0.0000,2.8541,0.0078,-0.0689,-0.0611,0.5124
38.616,2.8541,0.0000,2.8541,0.0076,-0.0688,-0.0612,0.4652
38.621,2.8541,0.0000,2.8541,0.0011,-0.0688,-0.0677,0.4652
38.626,2.8541,0.0000,2.8541,0.0011,-0.0688,-0.0678,0.4652
38.630,2.8541,0.0000,2.8541,-0.0043,-0.0688,-0.0731,0.4652
38.635,2.8541,0.0000,2.8541,-0.0042,-0.0692,-0.0734,0.4132
38.646,2.8541,0.0000,2.8541,-0.0039,-0.0692,-0.0731,0.4132
38.651,2.8541,0.0000,2.8541,-0.0038,-0.0692,-0.0730,0.4132
38.655,2.8541,0.0000,2.8541,-0.0037,-0.0700,-0.0737,0.3566
38.660,2.8541,0.0000,2.8541,-0.0036,-0.0700,-0.0735,0.3566
38.665,2.8541,0.0000,2.8541,-0.0035,-0.0700,-0.0734,0.3566
38.669,2.8541,0.0000,2.8541,-0.0034,-0.0700,-0.0734,0.3566
38.674,2.8541,0.0000,2.8541,-0.0033,-0.0668,-0.0701,0.2096
38.678,2.8541,0.0000,2.8541,-0.0032,-0.0668,-0.0700,0.2096
38.683,2.8541,0.0000,2.8541,-0.0031,-0.0668,-0.0699,0.2096
38.696,2.8541,0.0000,2.8541,-0.0029,-0.0728,-0.0757,0.2334
38.702,2.8541,0.0000,2.8541,-0.0028,-0.0728,-0.0756,0.2334
38.707,2.8542,0.0000,2.8542,-0.0027,-0.0728,-0.0755,0.2334
38.711,2.8542,0.0000,2.8542,-0.0026,-0.0728,-0.0754,0.2334
38.715,2.8542,0.0000,2.8542,-0.0026,-0.0695,-0.0720,0.0867
38.720,2.8542,0.0000,2.8542,-0.0025,-0.0695,-0.0720,0.0867
38.724,2.8542,0.0000,2.8542,-0.0088,-0.0695,-0.0783,0.0867
38.729,2.8542,0.0000,2.8542,-0.0086,-0.0695,-0.0781,0.0867
38.733,2.8542,0.0000,2.8542,-0.0084,-0.0695,-0.0779,0.0867
38.738,2.8542,0.0000,2.8542,-0.0148,-0.0752,-0.0901,0.0871
38.742,2.8542,0.0000,2.8542,-0.0144,-0.0752,-0.0896,0.0871
38.747,2.8542,0.0000,2.8542,-0.0205,-0.0752,-0.0957,0.0871
38.758,2.8247,0.0000,2.8247,-0.0192,-0.0715,-0.0906,-0.0625
38.763,2.7369,0.0000,2.7369,-0.0186,-0.0715,-0.0901,-0.0625
38.767,2.6612,0.0000,2.6612,-0.0244,-0.0715,-0.0959,-0.0625
38.772,2.5832,0.0000,2.5832,-0.0238,-0.0715,-0.0953,-0.0625
38.776,2.5150,0.0000,2.5150,-0.0232,-0.0775,-0.1007,-0.0678
38.781,2.4320,0.0000,2.4320,-0.0299,-0.0775,-0.1075,-0.0678
38.785,2.3660,0.0000,2.3660,-0.0292,-0.0775,-0.1067,-0.0678
38.790,2.2993,0.0000,2.2993,-0.0348,-0.0775,-0.1123,-0.0678
38.794,2.2372,0.0000,2.2372,-0.0339,-0.0832,-0.1171,-0.0782
38.798,2.1683,0.0000,2.1683,-0.0329,-0.0832,-0.1161,-0.0782
38.803,2.1096,0.0000,2.1096,-0.0321,-0.0832,-0.1153,-0.0782
38.807,2.0492,0.0000,2.0492,-0.0313,-0.0832,-0.1145,-0.0782
38.811,1.9933,0.0000,1.9933,-0.0305,-0.0832,-0.1137,-0.0782
38.816,1.9338,0.0000,1.9338,-0.0297,-0.0885,-0.1182,-0.0931
38.821,1.8725,0.0000,1.8725,-0.0288,-0.0885,-0.1173,-0.0931
38.825,1.8185,0.0000,1.8185,-0.0281,-0.0885,-0.1166,-0.0931
38.829,1.7674,0.0000,1.7674,-0.0273,-0.0885,-0.1159,-0.0931
38.833,1.7165,0.0000,1.7165,-0.0266,-0.0885,-0.1152,-0.0931
38.846,1.5751,0.0000,1.5751,-0.0247,-0.0934,-0.1181,-0.1125
38.853,1.4970,0.0000,1.4970,-0.0341,-0.0934,-0.1275,-0.1125
38.858,1.4404,0.0000,1.4404,-0.0330,-0.1003,-0.1332,-0.1040
38.870,1.3207,0.0000,1.3207,-0.0306,-0.1003,-0.1308,-0.1040
38.876,1.2723,0.0000,1.2723,-0.0296,-0.1069,-0.1365,-0.0948
38.881,1.2216,0.0000,1.2216,-0.0286,-0.1069,-0.1355,-0.0948
38.886,1.1778,0.0000,1.1778,-0.0278,-0.1069,-0.1347,-0.0948
38.891,1.1342,0.0000,1.1342,-0.0269,-0.1069,-0.1338,-0.0948
38.896,1.0970,0.0000,1.0970,-0.0262,-0.1127,-0.1389,-0.0919
38.900,1.0614,0.0000,1.0614,-0.0255,-0.1127,-0.1383,-0.0919
38.905,1.0254,0.0000,1.0254,-0.0248,-0.1127,-0.1376,-0.0919
38.909,0.9914,0.0000,0.9914,-0.0241,-0.1127,-0.1369,-0.0919
38.913,0.9612,0.0000,0.9612,-0.0236,-0.1127,-0.1363,-0.0919
38.917,0.9315,0.0000,0.9315,-0.0288,-0.1178,-0.1466,-0.0957
38.923,0.8939,0.0000,0.8939,-0.0279,-0.1178,-0.1457,-0.0957
38.927,0.8646,0.0000,0.8646,-0.0332,-0.1178,-0.1511,-0.0957
38.931,0.8373,0.0000,0.8373,-0.0382,-0.1178,-0.1560,-0.0957
38.935,0.8102,0.0000,0.8102,-0.0373,-0.1221,-0.1594,-0.1056
38.940,0.7772,0.0000,0.7772,-0.0434,-0.1221,-0.1655,-0.1056
38.944,0.7505,0.0000,0.7505,-0.0423,-0.1221,-0.1644,-0.1056
38.948,0.7249,0.0000,0.7249,-0.0471,-0.1221,-0.1692,-0.1056
38.953,0.6998,0.0000,0.6998,-0.0460,-0.1221,-0.1681,-0.1056
38.957,0.6731,0.0000,0.6731,-0.0512,-0.1257,-0.1768,-0.1210
38.962,0.6469,0.0000,0.6469,-0.0563,-0.1257,-0.1819,-0.1210
38.966,0.6240,0.0000,0.6240,-0.0549,-0.1257,-0.1805,-0.1210
38.970,0.5982,0.0000,0.5982,-0.0600,-0.1257,-0.1857,-0.1210
38.981,0.5406,0.0000,0.5406,-0.0562,-0.1285,-0.1847,-0.1416
38.986,0.5137,0.0000,0.5137,-0.0544,-0.1285,-0.1829,-0.1416
38.998,0.4558,0.0000,0.4558,-0.0672,-0.1308,-0.1980,-0.1665
39.004,0.4261,0.0000,0.4261,-0.0737,-0.1308,-0.2045,-0.1665
39.009,0.4070,0.0000,0.4070,-0.0718,-0.1308,-0.2026,-0.1665
39.013,0.3893,0.0000,0.3893,-0.0758,-0.1308,-0.2066,-0.1665
39.017,0.3687,0.0000,0.3687,-0.0736,-0.1325,-0.2061,-0.1950
39.023,0.3469,0.0000,0.3469,-0.0787,-0.1325,-0.2111,-0.1950
39.027,0.3284,0.0000,0.3284,-0.0765,-0.1325,-0.2090,-0.1950
39.032,0.3098,0.0000,0.3098,-0.0744,-0.1325,-0.2069,-0.1950
39.036,0.2925,0.0000,0.2925,-0.0787,-0.1336,-0.2123,-0.2266
39.042,0.2706,0.0000,0.2706,-0.0840,-0.1336,-0.2176,-0.2266
39.046,0.2537,0.0000,0.2537,-0.0881,-0.1336,-0.2217,-0.2266
39.051,0.2380,0.0000,0.2380,-0.0919,-0.1336,-0.2255,-0.2266
39.055,0.2219,0.0000,0.2219,-0.0957,-0.1344,-0.2301,-0.2610
39.060,0.2043,0.0000,0.2043,-0.0929,-0.1344,-0.2272,-0.2610
39.065,0.1887,0.0000,0.1887,-0.0903,-0.1344,-0.2247,-0.2610
39.069,0.1743,0.0000,0.1743,-0.0940,-0.1344,-0.2284,-0.2610
39.074,0.1571,0.0000,0.1571,-0.0984,-0.1347,-0.2330,-0.2978
39.086,0.1175,0.0000,0.1175,-0.1082,-0.1347,-0.2429,-0.2978
39.091,0.1029,0.0000,0.1029,-0.1118,-0.1347,-0.2465,-0.2978
39.096,0.0872,0.0000,0.0872,-0.1156,-0.1346,-0.2502,-0.3362
39.102,0.0712,0.0000,0.0712,-0.1195,-0.1346,-0.2541,-0.3362
39.107,0.0567,0.0000,0.0567,-0.1229,-0.1346,-0.2575,-0.3362
39.111,0.0445,0.0000,0.0445,-0.1257,-0.1346,-0.2603,-0.3362
39.116,0.0309,0.0000,0.0309,-0.1288,-0.1328,-0.2616,-0.4001
39.121,0.0164,0.0000,0.0164,-0.1321,-0.1328,-0.2649,-0.4001
39.125,0.0042,0.0000,0.0042,-0.1348,-0.1328,-0.2676,-0.4001
39.130,-0.0071,0.0000,-0.0071,-0.1373,-0.1328,-0.2701,-0.4001
39.134,-0.0180,0.0000,-0.0180,-0.1397,-0.1307,-0.2704,-0.4663
39.140,-0.0324,0.0000,-0.0324,-0.1428,-0.1307,-0.2735,-0.4663
39.151,-0.0626,0.0000,-0.0626,-0.1490,-0.1307,-0.2798,-0.4663
39.157,-0.0775,0.0000,-0.0775,-0.1520,-0.1287,-0.2807,-0.5305
39.162,-0.0893,0.0000,-0.0893,-0.1544,-0.1287,-0.2831,-0.5305
39.167,-0.0993,0.0000,-0.0993,-0.1587,-0.1287,-0.2874,-0.5305
39.172,-0.1110,0.0000,-0.1110,-0.1637,-0.1287,-0.2924,-0.5305
39.176,-0.1218,0.0000,-0.1218,-0.1682,-0.1267,-0.2949,-0.5925
39.188,-0.1495,0.0000,-0.1495,-0.1726,-0.1267,-0.2993,-0.5925
39.193,-0.1594,0.0000,-0.1594,-0.1742,-0.1267,-0.3008,-0.5925
39.197,-0.1685,0.0000,-0.1685,-0.1755,-0.1247,-0.3003,-0.6515
39.202,-0.1798,0.0000,-0.1798,-0.1801,-0.1247,-0.3048,-0.6515
39.207,-0.1908,0.0000,-0.1908,-0.1815,-0.1247,-0.3063,-0.6515
39.211,-0.2002,0.0000,-0.2002,-0.1828,-0.1247,-0.3075,-0.6515
39.215,-0.2094,0.0000,-0.2094,-0.1863,-0.1234,-0.3097,-0.6970
39.221,-0.2206,0.0000,-0.2206,-0.1906,-0.1234,-0.3140,-0.6970
39.225,-0.2303,0.0000,-0.2303,-0.1941,-0.1234,-0.3175,-0.6970
39.230,-0.2395,0.0000,-0.2395,-0.1950,-0.1234,-0.3184,-0.6970
39.234,-0.2487,0.0000,-0.2487,-0.1958,-0.1221,-0.3180,-0.7381
39.239,-0.2603,0.0000,-0.2603,-0.1969,-0.1221,-0.3190,-0.7381
39.244,-0.2698,0.0000,-0.2698,-0.1977,-0.1221,-0.3198,-0.7381
39.248,-0.2788,0.0000,-0.2788,-0.2008,-0.1221,-0.3229,-0.7381
39.252,-0.2879,0.0000,-0.2879,-0.2038,-0.1221,-0.3260,-0.7381
39.257,-0.2974,0.0000,-0.2974,-0.2044,-0.1209,-0.3254,-0.7764
39.261,-0.3072,0.0000,-0.3072,-0.2096,-0.1209,-0.3305,-0.7764
39.266,-0.3174,0.0000,-0.3174,-0.2148,-0.1209,-0.3357,-0.7764
39.271,-0.3286,0.0000,-0.3286,-0.2203,-0.1209,-0.3412,-0.7764
39.276,-0.3377,0.0000,-0.3377,-0.2246,-0.1198,-0.3443,-0.8112
39.280,-0.3480,0.0000,-0.3480,-0.2246,-0.1198,-0.3443,-0.8112
39.285,-0.3579,0.0000,-0.3579,-0.2290,-0.1198,-0.3488,-0.8112
39.297,-0.3836,0.0000,-0.3836,-0.2286,-0.1187,-0.3474,-0.8424
39.309,-0.4111,0.0000,-0.4111,-0.2446,-0.1187,-0.3633,-0.8424
39.314,-0.4232,0.0000,-0.4232,-0.2491,-0.1178,-0.3669,-0.8700
39.319,-0.4337,0.0000,-0.4337,-0.2546,-0.1178,-0.3724,-0.8700
39.323,-0.4437,0.0000,-0.4437,-0.2580,-0.1178,-0.3758,-0.8700
39.328,-0.4535,0.0000,-0.4535,-0.2612,-0.1178,-0.3790,-0.8700
39.332,-0.4633,0.0000,-0.4633,-0.2657,-0.1178,-0.3835,-0.8700
39.336,-0.4734,0.0000,-0.4734,-0.2687,-0.1170,-0.3857,-0.8934
39.341,-0.4853,0.0000,-0.4853,-0.2720,-0.1170,-0.3890,-0.8934
39.345,-0.4961,0.0000,-0.4961,-0.2765,-0.1170,-0.3935,-0.8934
39.349,-0.5063,0.0000,-0.5063,-0.2805,-0.1170,-0.3975,-0.8934
39.354,-0.5168,0.0000,-0.5168,-0.2844,-0.1163,-0.4008,-0.9125
39.359,-0.5300,0.0000,-0.5300,-0.2891,-0.1163,-0.4055,-0.9125
39.363,-0.5410,0.0000,-0.5410,-0.2914,-0.1163,-0.4077,-0.9125
39.367,-0.5518,0.0000,-0.5518,-0.2950,-0.1163,-0.4113,-0.9125
39.372,-0.5638,0.0000,-0.5638,-0.2987,-0.1163,-0.4150,-0.9125
39.376,-0.5763,0.0000,-0.5763,-0.3051,-0.1158,-0.4209,-0.9275
39.381,-0.5895,0.0000,-0.5895,-0.3087,-0.1158,-0.4246,-0.9275
39.385,-0.6014,0.0000,-0.6014,-0.3118,-0.1158,-0.4277,-0.9275
39.390,-0.6144,0.0000,-0.6144,-0.3150,-0.1158,-0.4309,-0.9275
39.394,-0.6264,0.0000,-0.6264,-0.3179,-0.1155,-0.4334,-0.9381
39.398,-0.6411,0.0000,-0.6411,-0.3211,-0.1155,-0.4366,-0.9381
39.410,-0.6783,0.0000,-0.6783,-0.3352,-0.1155,-0.4507,-0.9381
39.414,-0.6920,0.0000,-0.6920,-0.3400,-0.1154,-0.4554,-0.9446
39.419,-0.7073,0.0000,-0.7073,-0.3450,-0.1154,-0.4604,-0.9446
39.423,-0.7225,0.0000,-0.7225,-0.3497,-0.1154,-0.4650,-0.9446
39.427,-0.7366,0.0000,-0.7366,-0.3538,-0.1154,-0.4692,-0.9446
39.432,-0.7512,0.0000,-0.7512,-0.3578,-0.1154,-0.4732,-0.9446
39.436,-0.7669,0.0000,-0.7669,-0.3618,-0.1155,-0.4773,-0.9468
39.441,-0.7869,0.0000,-0.7869,-0.3667,-0.1155,-0.4822,-0.9468
39.445,-0.8032,0.0000,-0.8032,-0.3704,-0.1155,-0.4858,-0.9468
39.450,-0.8204,0.0000,-0.8204,-0.3741,-0.1155,-0.4895,-0.9468
39.462,-0.8715,0.0000,-0.8715,-0.3893,-0.1157,-0.5050,-0.9451
39.468,-0.9013,0.0000,-0.9013,-0.3972,-0.1157,-0.5129,-0.9451
39.474,-0.9247,0.0000,-0.9247,-0.4028,-0.1157,-0.5185,-0.9451
39.478,-0.9464,0.0000,-0.9464,-0.4077,-0.1155,-0.5231,-0.9551
39.483,-0.9698,0.0000,-0.9698,-0.4135,-0.1155,-0.5290,-0.9551
39.488,-0.9943,0.0000,-0.9943,-0.4182,-0.1155,-0.5337,-0.9551
39.493,-1.0200,0.0000,-1.0200,-0.4247,-0.1155,-0.5401,-0.9551
39.498,-1.0477,0.0000,-1.0477,-0.4291,-0.1148,-0.5438,-0.9775
39.504,-1.0821,0.0000,-1.0821,-0.4364,-0.1148,-0.5512,-0.9775
39.515,-1.1531,0.0000,-1.1531,-0.4495,-0.1143,-0.5638,-0.9949
39.520,-1.1872,0.0000,-1.1872,-0.4550,-0.1143,-0.5693,-0.9949
39.525,-1.2186,0.0000,-1.2186,-0.4578,-0.1143,-0.5721,-0.9949
39.530,-1.2532,0.0000,-1.2532,-0.4625,-0.1143,-0.5768,-0.9949
39.534,-1.2880,0.0000,-1.2880,-0.4668,-0.1142,-0.5810,-1.0055
39.548,-1.3989,0.0000,-1.3989,-0.4828,-0.1142,-0.5970,-1.0055
39.554,-1.4542,0.0000,-1.4542,-0.4914,-0.1145,-0.6059,-1.0091
39.561,-1.5162,0.0000,-1.5162,-0.4999,-0.1145,-0.6144,-1.0091
39.566,-1.5642,0.0000,-1.5642,-0.5061,-0.1145,-0.6206,-1.0091
39.572,-1.6117,0.0000,-1.6117,-0.5121,-0.1145,-0.6265,-1.0091
39.577,-1.6583,0.0000,-1.6583,-0.5186,-0.1151,-0.6336,-1.0060
39.582,-1.7050,0.0000,-1.7050,-0.5249,-0.1151,-0.6399,-1.0060
39.588,-1.7522,0.0000,-1.7522,-0.5326,-0.1151,-0.6477,-1.0060
39.594,-1.7940,0.0000,-1.7940,-0.5407,-0.1151,-0.6557,-1.0060
39.599,-1.8326,0.0000,-1.8326,-0.5479,-0.1154,-0.6633,-1.0115
39.604,-1.8753,0.0000,-1.8753,-0.5557,-0.1154,-0.6711,-1.0115
39.618,-1.9691,0.0000,-1.9691,-0.5733,-0.1160,-0.6893,-1.0113
39.631,-2.0573,0.0000,-2.0573,-0.5959,-0.1160,-0.7119,-1.0113
39.636,-2.0861,0.0000,-2.0861,-0.6036,-0.1171,-0.7206,-1.0032
39.641,-2.1174,0.0000,-2.1174,-0.6122,-0.1171,-0.7293,-1.0032
39.646,-2.1412,0.0000,-2.1412,-0.6187,-0.1171,-0.7358,-1.0032
39.650,-2.1632,0.0000,-2.1632,-0.6245,-0.1171,-0.7416,-1.0032
39.654,-2.1864,0.0000,-2.1864,-0.6310,-0.1186,-0.7495,-0.9874
39.659,-2.2115,0.0000,-2.2115,-0.6386,-0.1186,-0.7572,-0.9874
39.663,-2.2324,0.0000,-2.2324,-0.6448,-0.1186,-0.7634,-0.9874
39.667,-2.2527,0.0000,-2.2527,-0.6512,-0.1186,-0.7697,-0.9874
39.671,-2.2746,0.0000,-2.2746,-0.6585,-0.1186,-0.7771,-0.9874
39.676,-2.2949,0.0000,-2.2949,-0.6652,-0.1206,-0.7858,-0.9638
39.680,-2.3158,0.0000,-2.3158,-0.6720,-0.1206,-0.7925,-0.9638
39.685,-2.3351,0.0000,-2.3351,-0.6791,-0.1206,-0.7996,-0.9638
39.689,-2.3553,0.0000,-2.3553,-0.6867,-0.1206,-0.8073,-0.9638
39.694,-2.3735,0.0000,-2.3735,-0.6947,-0.1230,-0.8176,-0.9329
39.698,-2.3926,0.0000,-2.3926,-0.7035,-0.1230,-0.8265,-0.9329
39.703,-2.4107,0.0000,-2.4107,-0.7130,-0.1230,-0.8360,-0.9329
39.708,-2.4292,0.0000,-2.4292,-0.7230,-0.1230,-0.8460,-0.9329
39.712,-2.4448,0.0000,-2.4448,-0.7313,-0.1230,-0.8543,-0.9329
39.716,-2.4602,0.0000,-2.4602,-0.7401,-0.1259,-0.8660,-0.8949
39.721,-2.4788,0.0000,-2.4788,-0.7509,-0.1259,-0.8768,-0.8949
39.732,-2.5178,0.0000,-2.5178,-0.7748,-0.1259,-0.9006,-0.8949
39.738,-2.5353,0.0000,-2.5353,-0.7861,-0.1292,-0.9153,-0.8501
39.743,-2.5518,0.0000,-2.5518,-0.7971,-0.1292,-0.9263,-0.8501
39.748,-2.5659,0.0000,-2.5659,-0.8067,-0.1292,-0.9359,-0.8501
39.752,-2.5797,0.0000,-2.5797,-0.8170,-0.1292,-0.9461,-0.8501
39.757,-2.5943,0.0000,-2.5943,-0.8287,-0.1329,-0.9616,-0.7990
39.770,-2.6308,0.0000,-2.6308,-0.8653,-0.1329,-0.9982,-0.7990
39.777,-2.6463,0.0000,-2.6463,-0.8827,-0.1370,-1.0197,-0.7419
39.782,-2.6599,0.0000,-2.6599,-0.8995,-0.1370,-1.0365,-0.7419
39.786,-2.6703,0.0000,-2.6703,-0.9126,-0.1370,-1.0496,-0.7419
39.791,-2.6808,0.0000,-2.6808,-0.9263,-0.1370,-1.0633,-0.7419
39.795,-2.6905,0.0000,-2.6905,-0.9395,-0.1415,-1.0810,-0.6795
39.800,-2.7008,0.0000,-2.7008,-0.9537,-0.1415,-1.0952,-0.6795
39.804,-2.7100,0.0000,-2.7100,-0.9668,-0.1415,-1.1082,-0.6795
39.808,-2.7190,0.0000,-2.7190,-0.9801,-0.1415,-1.1215,-0.6795
39.813,-2.7279,0.0000,-2.7279,-0.9937,-0.1415,-1.1352,-0.6795
39.817,-2.7361,0.0000,-2.7361,-1.0066,-0.1463,-1.1528,-0.6124
39.822,-2.7461,0.0000,-2.7461,-1.0233,-0.1463,-1.1696,-0.6124
39.833,-2.7664,0.0000,-2.7664,-1.0662,-0.1463,-1.2125,-0.6124
39.838,-2.7746,0.0000,-2.7746,-1.0851,-0.1514,-1.2365,-0.5414
39.843,-2.7830,0.0000,-2.7830,-1.1063,-0.1514,-1.2577,-0.5414
39.847,-2.7898,0.0000,-2.7898,-1.1252,-0.1514,-1.2765,-0.5414
39.851,-2.7965,0.0000,-2.7965,-1.1444,-0.1514,-1.2958,-0.5414
39.855,-2.8034,0.0000,-2.8034,-1.1654,-0.1562,-1.3215,-0.4757
39.860,-2.8108,0.0000,-2.8108,-1.1888,-0.1562,-1.3449,-0.4757
39.864,-2.8170,0.0000,-2.8170,-1.2091,-0.1562,-1.3652,-0.4757
39.868,-2.8230,0.0000,-2.8230,-1.2294,-0.1562,-1.3856,-0.4757
39.875,-2.8316,0.0000,-2.8316,-1.2604,-0.1607,-1.4211,-0.4135
39.880,-2.8384,0.0000,-2.8384,-1.2857,-0.1607,-1.4464,-0.4135
39.884,-2.8438,0.0000,-2.8438,-1.3070,-0.1607,-1.4677,-0.4135
39.888,-2.8495,0.0000,-2.8495,-1.3312,-0.1607,-1.4919,-0.4135
39.892,-2.8548,0.0000,-2.8548,-1.3558,-0.1607,-1.5166,-0.4135
39.897,-2.8599,0.0000,-2.8599,-1.3824,-0.1654,-1.5478,-0.3483
39.901,-2.8658,0.0000,-2.8658,-1.4162,-0.1654,-1.5817,-0.3483
39.906,-2.8709,0.0000,-2.8709,-1.4485,-0.1654,-1.6139,-0.3483
39.910,-2.8757,0.0000,-2.8757,-1.4815,-0.1654,-1.6470,-0.3483
39.923,-2.8896,0.0000,-2.8896,-1.5958,-0.1703,-1.7661,-0.2796
39.937,-2.9039,0.0000,-2.9039,-1.7320,-0.1752,-1.9072,-0.2078
39.942,-2.9090,0.0000,-2.9090,-1.7836,-0.1752,-1.9588,-0.2078
39.947,-2.9129,0.0000,-2.9129,-1.8277,-0.1752,-2.0028,-0.2078
39.951,-2.9168,0.0000,-2.9168,-1.8782,-0.1752,-2.0533,-0.2078
39.956,-2.9205,0.0000,-2.9205,-1.9315,-0.1801,-2.1115,-0.1331
39.960,-2.9244,0.0000,-2.9244,-1.9946,-0.1801,-2.1746,-0.1331
39.965,-2.9280,0.0000,-2.9280,-2.0588,-0.1801,-2.2388,-0.1331
39.970,-2.9316,0.0000,-2.9316,-2.1301,-0.1801,-2.3101,-0.1331
39.974,-2.9349,0.0000,-2.9349,-2.2026,-0.1834,-2.3860,-0.0822
39.979,-2.9384,0.0000,-2.9384,-2.2861,-0.1834,-2.4695,-0.0822
39.983,-2.9415,0.0000,-2.9415,-2.3641,-0.1834,-2.5476,-0.0822
39.987,-2.9446,0.0000,-2.9446,-2.4462,-0.1834,-2.6296,-0.0822
39.992,-2.9475,0.0000,-2.9475,-2.5307,-0.1834,-2.7141,-0.0822
39.996,-2.9504,0.0000,-2.9504,-2.5985,-0.1880,-2.7866,-0.0074
40.001,-2.9534,0.0000,-2.9534,-2.6427,-0.1880,-2.8307,-0.0074
40.005,-2.9563,0.0000,-2.9563,-2.6586,-0.1880,-2.8466,-0.0074
40.009,-2.9588,0.0000,-2.9588,-2.6513,-0.1880,-2.8394,-0.0074
40.014,-2.9614,0.0000,-2.9614,-2.6205,-0.1929,-2.8134,0.0749
40.019,-2.9642,0.0000,-2.9642,-2.5591,-0.1929,-2.7520,0.0749
40.023,-2.9667,0.0000,-2.9667,-2.4827,-0.1929,-2.6756,0.0749
40.027,-2.9691,0.0000,-2.9691,-2.3926,-0.1929,-2.5855,0.0749
40.032,-2.9715,0.0000,-2.9715,-2.3055,-0.1929,-2.4984,0.0749
40.044,-2.9779,0.0000,-2.9779,-2.1231,-0.1976,-2.3207,0.1577
40.050,-2.9808,0.0000,-2.9808,-2.0559,-0.1976,-2.2535,0.1577
40.055,-2.9831,0.0000,-2.9831,-2.0119,-0.2020,-2.2140,0.2402
40.061,-2.9858,0.0000,-2.9858,-1.9784,-0.2020,-2.1804,0.2402
40.075,-2.9919,0.0000,-2.9919,-2.0271,-0.2062,-2.2333,0.3221
40.082,-2.9947,0.0000,-2.9947,-2.0872,-0.2062,-2.2934,0.3221
40.087,-2.9964,0.0000,-2.9964,-2.1436,-0.2062,-2.3498,0.3221
40.091,-2.9981,0.0000,-2.9981,-2.2144,-0.2062,-2.4207,0.3221
40.095,-2.9995,0.0000,-2.9995,-2.2966,-0.2101,-2.5067,0.4020
40.100,-3.0012,0.0000,-3.0012,-2.4114,-0.2101,-2.6215,0.4020
40.104,-3.0027,0.0000,-3.0027,-2.5380,-0.2101,-2.7481,0.4020
40.109,-3.0042,0.0000,-3.0042,-2.7021,-0.2101,-2.9122,0.4020
40.114,-3.0058,0.0000,-3.0058,-2.9005,-0.2137,-3.1142,0.4796
40.119,-3.0074,0.0000,-3.0074,-3.1225,-0.2137,-3.3362,0.4796
40.125,-3.0091,0.0000,-3.0091,-3.4197,-0.2137,-3.6334,0.4796
40.129,-3.0103,0.0000,-3.0103,-3.6598,-0.2137,-3.8734,0.4796
40.133,-3.0115,0.0000,-3.0115,-3.9161,-0.2137,-4.1298,0.4796
40.138,-3.0129,0.0000,-3.0129,-4.2484,-0.2169,-4.4652,0.5542
40.149,-3.0159,0.0000,-3.0159,-5.1288,-0.2169,-5.3457,0.5542
40.154,-3.0172,0.0000,-3.0172,-5.5083,-0.2197,-5.7281,0.6255
40.159,-3.0184,0.0000,-3.0184,-5.9028,-0.2197,-6.1225,0.6255
40.163,-3.0193,0.0000,-3.0193,-6.2344,-0.2197,-6.4542,0.6255
40.167,-3.0203,0.0000,-3.0203,-6.5768,-0.2197,-6.7965,0.6255
40.172,-3.0214,0.0000,-3.0214,-6.9418,-0.2197,-7.1615,0.6255
40.176,-3.0223,0.0000,-3.0223,-7.2743,-0.2243,-7.4986,0.7266
40.181,-3.0233,0.0000,-3.0233,-7.6323,-0.2243,-7.8565,0.7266
40.185,-3.0242,0.0000,-3.0242,-7.9384,-0.2243,-8.1626,0.7266
40.189,-3.0251,0.0000,-3.0251,-8.2295,-0.2243,-8.4538,0.7266
40.193,-3.0259,0.0000,-3.0259,-8.4898,-0.2243,-8.7141,0.7266
40.198,-3.0267,0.0000,-3.0267,-8.7287,-0.2309,-8.9596,0.8646
40.203,-3.0277,0.0000,-3.0277,-9.0004,-0.2309,-9.2313,0.8646
40.207,-3.0285,0.0000,-3.0285,-9.1941,-0.2309,-9.4250,0.8646
40.212,-3.0293,0.0000,-3.0293,-9.3600,-0.2309,-9.5909,0.8646
40.224,-3.0314,0.0000,-3.0314,-9.6422,-0.2367,-9.8789,0.9900
40.230,-3.0324,0.0000,-3.0324,-9.7278,-0.2367,-9.9645,0.9900
40.235,-3.0332,0.0000,-3.0332,-9.7658,-0.2415,-10.0072,1.1016
40.241,-3.0340,0.0000,-3.0340,-9.7737,-0.2415,-10.0152,1.1016
40.247,-3.0349,0.0000,-3.0349,-9.7492,-0.2415,-9.9906,1.1016
40.259,-3.0365,0.0000,-3.0365,-9.5951,-0.2454,-9.8405,1.2026
40.264,-3.0372,0.0000,-3.0372,-9.5179,-0.2454,-9.7634,1.2026
40.268,-3.0378,0.0000,-3.0378,-9.4499,-0.2454,-9.6953,1.2026
40.273,-3.0383,0.0000,-3.0383,-9.3745,-0.2454,-9.6200,1.2026
40.277,-3.0388,0.0000,-3.0388,-9.3009,-0.2485,-9.5493,1.2923
40.282,-3.0394,0.0000,-3.0394,-9.2160,-0.2485,-9.4644,1.2923
40.286,-3.0399,0.0000,-3.0399,-9.1412,-0.2485,-9.3896,1.2923
40.290,-3.0403,0.0000,-3.0403,-9.0657,-0.2485,-9.3141,1.2923
40.295,-3.0408,0.0000,-3.0408,-8.9871,-0.2506,-9.2378,1.3712
40.301,-3.0414,0.0000,-3.0414,-8.8933,-0.2506,-9.1439,1.3712
40.305,-3.0418,0.0000,-3.0418,-8.8191,-0.2506,-9.0697,1.3712
40.309,-3.0423,0.0000,-3.0423,-8.7488,-0.2506,-8.9995,1.3712
40.314,-3.0427,0.0000,-3.0427,-8.6778,-0.2506,-8.9284,1.3712
40.318,-3.0431,0.0000,-3.0431,-8.6088,-0.2519,-8.8607,1.4384
40.323,-3.0435,0.0000,-3.0435,-8.5294,-0.2519,-8.7813,1.4384
40.327,-3.0439,0.0000,-3.0439,-8.4598,-0.2519,-8.7116,1.4384
40.331,-3.0442,0.0000,-3.0442,-8.3935,-0.2519,-8.6454,1.4384
40.336,-3.0446,0.0000,-3.0446,-8.3267,-0.2503,-8.5770,1.4593
40.340,-2.9811,0.0000,-2.9811,-8.2519,-0.2503,-8.5022,1.4593
40.345,-2.9110,0.0000,-2.9110,-8.1895,-0.2503,-8.4398,1.4593
40.349,-2.8438,0.0000,-2.8438,-8.1303,-0.2503,-8.3806,1.4593
40.354,-2.7712,0.0000,-2.7712,-8.0671,-0.2503,-8.3174,1.4593
40.365,-2.5977,0.0000,-2.5977,-7.9204,-0.2494,-8.1698,1.4927
40.377,-2.4200,0.0000,-2.4200,-7.7758,-0.2498,-8.0256,1.5524
40.383,-2.3396,0.0000,-2.3396,-7.7119,-0.2498,-7.9617,1.5524
40.389,-2.2649,0.0000,-2.2649,-7.6536,-0.2498,-7.9034,1.5524
40.393,-2.2085,0.0000,-2.2085,-7.6103,-0.2498,-7.8601,1.5524
40.397,-2.1586,0.0000,-2.1586,-7.5727,-0.2408,-7.8136,1.4413
40.402,-2.1009,0.0000,-2.1009,-7.5300,-0.2408,-7.7708,1.4413
40.407,-2.0486,0.0000,-2.0486,-7.4920,-0.2408,-7.7328,1.4413
40.411,-2.0024,0.0000,-2.0024,-7.4591,-0.2408,-7.6999,1.4413
40.415,-1.9564,0.0000,-1.9564,-7.4270,-0.2318,-7.6588,1.3245
40.420,-1.8989,0.0000,-1.8989,-7.3876,-0.2318,-7.6195,1.3245
40.425,-1.8525,0.0000,-1.8525,-7.3567,-0.2318,-7.5885,1.3245
40.429,-1.8088,0.0000,-1.8088,-7.3282,-0.2318,-7.5600,1.3245
40.433,-1.7674,0.0000,-1.7674,-7.3017,-0.2318,-7.5336,1.3245
40.438,-1.7212,0.0000,-1.7212,-7.2730,-0.2333,-7.5063,1.4033
40.442,-1.6751,0.0000,-1.6751,-7.2452,-0.2333,-7.4785,1.4033
40.446,-1.6366,0.0000,-1.6366,-7.2226,-0.2333,-7.4559,1.4033
40.451,-1.5964,0.0000,-1.5964,-7.1996,-0.2333,-7.4329,1.4033
40.456,-1.5537,0.0000,-1.5537,-7.1760,-0.2288,-7.4048,1.3669
40.467,-1.4542,0.0000,-1.4542,-7.1254,-0.2288,-7.3542,1.3669
40.472,-1.4175,0.0000,-1.4175,-7.1075,-0.2288,-7.3363,1.3669
40.476,-1.3842,0.0000,-1.3842,-7.0918,-0.2243,-7.3160,1.3203
40.481,-1.3469,0.0000,-1.3469,-7.0750,-0.2243,-7.2992,1.3203
40.485,-1.3123,0.0000,-1.3123,-7.0601,-0.2243,-7.2844,1.3203
40.490,-1.2797,0.0000,-1.2797,-7.0468,-0.2243,-7.2711,1.3203
40.494,-1.2501,0.0000,-1.2501,-7.0353,-0.2197,-7.2550,1.2637
40.499,-1.2154,0.0000,-1.2154,-7.0226,-0.2197,-7.2423,1.2637
40.503,-1.1857,0.0000,-1.1857,-7.0123,-0.2197,-7.2320,1.2637
40.507,-1.1567,0.0000,-1.1567,-7.0029,-0.2197,-7.2226,1.2637
40.512,-1.1291,0.0000,-1.1291,-6.9945,-0.2197,-7.2142,1.2637
40.516,-1.1012,0.0000,-1.1012,-6.9866,-0.2096,-7.1961,1.1034
40.529,-1.0240,0.0000,-1.0240,-6.9695,-0.2096,-7.1791,1.1034
40.534,-0.9926,0.0000,-0.9926,-6.9635,-0.2066,-7.1701,1.0563
40.539,-0.9653,0.0000,-0.9653,-6.9590,-0.2066,-7.1656,1.0563
40.543,-0.9412,0.0000,-0.9412,-6.9556,-0.2066,-7.1622,1.0563
40.547,-0.9193,0.0000,-0.9193,-6.9530,-0.2066,-7.1596,1.0563
40.552,-0.8980,0.0000,-0.8980,-6.9510,-0.2066,-7.1576,1.0563
40.556,-0.8758,0.0000,-0.8758,-6.9494,-0.2036,-7.1531,1.0084
40.561,-0.8520,0.0000,-0.8520,-6.9484,-0.2036,-7.1520,1.0084
40.565,-0.8303,0.0000,-0.8303,-6.9480,-0.2036,-7.1516,1.0084
40.576,-0.7789,0.0000,-0.7789,-6.9503,-0.1950,-7.1452,0.8647
40.581,-0.7576,0.0000,-0.7576,-6.9518,-0.1950,-7.1468,0.8647
40.585,-0.7399,0.0000,-0.7399,-6.9536,-0.1950,-7.1485,0.8647
40.590,-0.7215,0.0000,-0.7215,-6.9558,-0.1950,-7.1508,0.8647
40.594,-0.7046,0.0000,-0.7046,-6.9584,-0.1994,-7.1578,0.9379
40.598,-0.6860,0.0000,-0.6860,-6.9616,-0.1994,-7.1610,0.9379
40.603,-0.6693,0.0000,-0.6693,-6.9650,-0.1994,-7.1644,0.9379
40.607,-0.6516,0.0000,-0.6516,-6.9691,-0.1994,-7.1685,0.9379
40.612,-0.6364,0.0000,-0.6364,-6.9729,-0.1994,-7.1723,0.9379
40.616,-0.6219,0.0000,-0.6219,-6.9770,-0.2008,-7.1778,0.9691
40.621,-0.6043,0.0000,-0.6043,-6.9824,-0.2008,-7.1832,0.9691
40.625,-0.5896,0.0000,-0.5896,-6.9873,-0.2008,-7.1881,0.9691
40.629,-0.5757,0.0000,-0.5757,-6.9923,-0.2008,-7.1931,0.9691
40.633,-0.5624,0.0000,-0.5624,-6.9974,-0.2008,-7.1982,0.9691
40.638,-0.5480,0.0000,-0.5480,-7.0033,-0.1964,-7.1997,0.9051
40.642,-0.5329,0.0000,-0.5329,-7.0099,-0.1964,-7.2063,0.9051
40.647,-0.5206,0.0000,-0.5206,-7.0156,-0.1964,-7.2120,0.9051
40.651,-0.5069,0.0000,-0.5069,-7.0222,-0.1964,-7.2187,0.9051
40.656,-0.4940,0.0000,-0.4940,-7.0288,-0.1919,-7.2206,0.8376
40.660,-0.4806,0.0000,-0.4806,-7.0361,-0.1919,-7.2279,0.8376
40.665,-0.4693,0.0000,-0.4693,-7.0424,-0.1919,-7.2342,0.8376
40.670,-0.4561,0.0000,-0.4561,-7.0501,-0.1919,-7.2419,0.8376
40.682,-0.4229,0.0000,-0.4229,-7.0460,-0.1870,-7.2330,0.7646
40.689,-0.4075,0.0000,-0.4075,-7.0346,-0.1870,-7.2216,0.7646
40.693,-0.3979,0.0000,-0.3979,-7.0232,-0.1870,-7.2102,0.7646
40.697,-0.3888,0.0000,-0.3888,-7.0083,-0.1818,-7.1901,0.6844
40.702,-0.3781,0.0000,-0.3781,-6.9840,-0.1818,-7.1658,0.6844
40.706,-0.3685,0.0000,-0.3685,-6.9563,-0.1818,-7.1381,0.6844
40.710,-0.3598,0.0000,-0.3598,-6.9259,-0.1818,-7.1078,0.6844
40.715,-0.3507,0.0000,-0.3507,-6.8879,-0.1755,-7.0634,0.5799
40.720,-0.3405,0.0000,-0.3405,-6.8363,-0.1755,-7.0118,0.5799
40.724,-0.3323,0.0000,-0.3323,-6.7896,-0.1755,-6.9651,0.5799
40.728,-0.3243,0.0000,-0.3243,-6.7422,-0.1755,-6.9177,0.5799
40.733,-0.3163,0.0000,-0.3163,-6.6916,-0.1755,-6.8671,0.5799
40.737,-0.3085,0.0000,-0.3085,-6.6396,-0.1688,-6.8084,0.4640
40.742,-0.3000,0.0000,-0.3000,-6.5802,-0.1688,-6.7490,0.4640
40.746,-0.2926,0.0000,-0.2926,-6.5265,-0.1688,-6.6953,0.4640
40.750,-0.2856,0.0000,-0.2856,-6.4739,-0.1688,-6.6427,0.4640
40.754,-0.2788,0.0000,-0.2788,-6.4207,-0.1672,-6.5880,0.4553
40.759,-0.2715,0.0000,-0.2715,-6.3618,-0.1672,-6.5291,0.4553
40.763,-0.2647,0.0000,-0.2647,-6.3053,-0.1672,-6.4725,0.4553
40.768,-0.2584,0.0000,-0.2584,-6.2506,-0.1672,-6.4178,0.4553
40.772,-0.2515,0.0000,-0.2515,-6.1892,-0.1672,-6.3565,0.4553
40.783,-0.2360,0.0000,-0.2360,-6.0420,-0.1646,-6.2066,0.4340
40.788,-0.2292,0.0000,-0.2292,-5.9758,-0.1646,-6.1404,0.4340
40.792,-0.2235,0.0000,-0.2235,-5.9186,-0.1646,-6.0832,0.4340
40.797,-0.2179,0.0000,-0.2179,-5.8615,-0.1588,-6.0203,0.3399
40.802,-0.2118,0.0000,-0.2118,-5.7980,-0.1588,-5.9568,0.3399
40.806,-0.2065,0.0000,-0.2065,-5.7409,-0.1588,-5.8997,0.3399
40.811,-0.2010,0.0000,-0.2010,-5.6813,-0.1588,-5.8401,0.3399
40.815,-0.1961,0.0000,-0.1961,-5.6276,-0.1573,-5.7849,0.3714
40.820,-0.1906,0.0000,-0.1906,-5.5647,-0.1573,-5.7220,0.3714
40.831,-0.1778,0.0000,-0.1778,-5.4135,-0.1573,-5.5708,0.3714
40.837,-0.1719,0.0000,-0.1719,-5.3420,-0.1543,-5.4963,0.3871
40.842,-0.1668,0.0000,-0.1668,-5.2802,-0.1543,-5.4344,0.3871
40.847,-0.1628,0.0000,-0.1628,-5.2302,-0.1543,-5.3845,0.3871
40.851,-0.1589,0.0000,-0.1589,-5.1802,-0.1543,-5.3344,0.3871
40.855,-0.1547,0.0000,-0.1547,-5.1274,-0.1500,-5.2773,0.3878
40.860,-0.1505,0.0000,-0.1505,-5.0720,-0.1500,-5.2220,0.3878
40.864,-0.1469,0.0000,-0.1469,-5.0251,-0.1500,-5.1751,0.3878
40.868,-0.1434,0.0000,-0.1434,-4.9783,-0.1500,-5.1283,0.3878
40.873,-0.1396,0.0000,-0.1396,-4.9279,-0.1500,-5.0779,0.3878
40.877,-0.1363,0.0000,-0.1363,-4.8825,-0.1433,-5.0258,0.2817
40.882,-0.1321,0.0000,-0.1321,-4.8248,-0.1433,-4.9681,0.2817
40.894,-0.1235,0.0000,-0.1235,-4.7035,-0.1377,-4.8412,0.2750
40.898,-0.1201,0.0000,-0.1201,-4.6550,-0.1377,-4.7928,0.2750
40.903,-0.1168,0.0000,-0.1168,-4.6082,-0.1377,-4.7459,0.2750
40.908,-0.1139,0.0000,-0.1139,-4.5647,-0.1377,-4.7025,0.2750
40.912,-0.1112,0.0000,-0.1112,-4.5251,-0.1377,-4.6628,0.2750
40.916,-0.1084,0.0000,-0.1084,-4.4849,-0.1319,-4.6168,0.2659
40.921,-0.1052,0.0000,-0.1052,-4.4364,-0.1319,-4.5684,0.2659
40.926,-0.1025,0.0000,-0.1025,-4.3961,-0.1319,-4.5281,0.2659
40.930,-0.1000,0.0000,-0.1000,-4.3590,-0.1319,-4.4909,0.2659
40.934,-0.0975,0.0000,-0.0975,-4.3208,-0.1256,-4.4464,0.1595
40.939,-0.0946,0.0000,-0.0946,-4.2755,-0.1256,-4.4011,0.1595
40.943,-0.0923,0.0000,-0.0923,-4.2398,-0.1256,-4.3655,0.1595
40.948,-0.0900,0.0000,-0.0900,-4.2046,-0.1256,-4.3303,0.1595
40.952,-0.0878,0.0000,-0.0878,-4.1700,-0.1256,-4.2956,0.1595
40.956,-0.0855,0.0000,-0.0855,-4.1347,-0.1196,-4.2544,0.1471
40.961,-0.0830,0.0000,-0.0830,-4.0959,-0.1196,-4.2156,0.1471
40.966,-0.0808,0.0000,-0.0808,-4.0613,-0.1196,-4.1809,0.1471
40.971,-0.0787,0.0000,-0.0787,-4.0269,-0.1196,-4.1465,0.1471
40.983,-0.0732,0.0000,-0.0732,-3.9389,-0.1138,-4.0527,0.0046
40.996,-0.0676,0.0000,-0.0676,-3.8485,-0.1076,-3.9562,-0.0113
41.001,-0.0655,0.0000,-0.0655,-3.8155,-0.1076,-3.9231,-0.0113
41.006,-0.0638,0.0000,-0.0638,-3.7869,-0.1076,-3.8946,-0.0113
41.010,-0.0622,0.0000,-0.0622,-3.7613,-0.1076,-3.8689,-0.0113
41.014,-0.0607,0.0000,-0.0607,-3.7376,-0.1013,-3.8389,-0.0334
41.019,-0.0591,0.0000,-0.0591,-3.7111,-0.1013,-3.8124,-0.0334
41.023,-0.0575,0.0000,-0.0575,-3.6868,-0.1013,-3.7881,-0.0334
41.028,-0.0560,0.0000,-0.0560,-3.6625,-0.1013,-3.7638,-0.0334
41.032,-0.0546,0.0000,-0.0546,-3.6396,-0.1013,-3.7409,-0.0334
41.036,-0.0533,0.0000,-0.0533,-3.6180,-0.0948,-3.7128,-0.0607
41.042,-0.0516,0.0000,-0.0516,-3.5924,-0.0948,-3.6872,-0.0607
41.046,-0.0504,0.0000,-0.0504,-3.5729,-0.0948,-3.6677,-0.0607
41.050,-0.0492,0.0000,-0.0492,-3.5541,-0.0948,-3.6489,-0.0607
41.054,-0.0480,0.0000,-0.0480,-3.5351,-0.0882,-3.6232,-0.0934
41.059,-0.0467,0.0000,-0.0467,-3.5146,-0.0882,-3.6028,-0.0934
41.063,-0.0455,0.0000,-0.0455,-3.4971,-0.0882,-3.5853,-0.0934
41.067,-0.0444,0.0000,-0.0444,-3.4799,-0.0882,-3.5681,-0.0934
41.071,-0.0433,0.0000,-0.0433,-3.4634,-0.0882,-3.5515,-0.0934
41.076,-0.0422,0.0000,-0.0422,-3.4462,-0.0814,-3.5275,-0.1318
41.081,-0.0410,0.0000,-0.0410,-3.4291,-0.0814,-3.5104,-0.1318
41.085,-0.0400,0.0000,-0.0400,-3.4143,-0.0814,-3.4957,-0.1318
41.090,-0.0389,0.0000,-0.0389,-3.3986,-0.0814,-3.4800,-0.1318
41.101,-0.0364,0.0000,-0.0364,-3.3642,-0.0748,-3.4390,-0.1863
41.106,-0.0353,0.0000,-0.0353,-3.3494,-0.0748,-3.4242,-0.1863
41.110,-0.0344,0.0000,-0.0344,-3.3374,-0.0748,-3.4122,-0.1863
41.115,-0.0335,0.0000,-0.0335,-3.3263,-0.0664,-3.3927,-0.1948
41.119,-0.0326,0.0000,-0.0326,-3.3149,-0.0664,-3.3814,-0.1948
41.124,-0.0317,0.0000,-0.0317,-3.3042,-0.0664,-3.3706,-0.1948
41.145,-0.0279,0.0000,-0.0279,-3.2653,-0.0631,-3.3284,-0.3295
41.152,-0.0267,0.0000,-0.0267,-3.2541,-0.0631,-3.3172,-0.3295
41.157,-0.0258,0.0000,-0.0258,-3.2472,-0.0543,-3.3015,-0.3421
41.162,-0.0251,0.0000,-0.0251,-3.2417,-0.0543,-3.2960,-0.3421
41.166,-0.0245,0.0000,-0.0245,-3.2372,-0.0543,-3.2915,-0.3421
41.171,-0.0239,0.0000,-0.0239,-3.2333,-0.0543,-3.2876,-0.3421
41.175,-0.0233,0.0000,-0.0233,-3.2299,-0.0448,-3.2747,-0.3430
41.180,-0.0227,0.0000,-0.0227,-3.2268,-0.0448,-3.2717,-0.3430
41.184,-0.0221,0.0000,-0.0221,-3.2246,-0.0448,-3.2694,-0.3430
41.188,-0.0215,0.0000,-0.0215,-3.2228,-0.0448,-3.2677,-0.3430
41.193,-0.0210,0.0000,-0.0210,-3.2217,-0.0448,-3.2665,-0.3430
41.197,-0.0205,0.0000,-0.0205,-3.2210,-0.0354,-3.2565,-0.3456
41.202,-0.0199,0.0000,-0.0199,-3.2210,-0.0354,-3.2564,-0.3456
41.213,-0.0186,0.0000,-0.0186,-3.2248,-0.0354,-3.2602,-0.3456
41.217,-0.0181,0.0000,-0.0181,-3.2268,-0.0263,-3.2531,-0.3525
41.222,-0.0176,0.0000,-0.0176,-3.2299,-0.0263,-3.2562,-0.3525
41.227,-0.0171,0.0000,-0.0171,-3.2330,-0.0263,-3.2594,-0.3525
41.231,-0.0167,0.0000,-0.0167,-3.2371,-0.0263,-3.2634,-0.3525
41.236,-0.0162,0.0000,-0.0162,-3.2415,-0.0175,-3.2590,-0.3630
41.241,-0.0157,0.0000,-0.0157,-3.2474,-0.0175,-3.2649,-0.3630
41.245,-0.0153,0.0000,-0.0153,-3.2533,-0.0175,-3.2708,-0.3630
41.249,-0.0150,0.0000,-0.0150,-3.2591,-0.0175,-3.2766,-0.3630
41.253,-0.0146,0.0000,-0.0146,-3.2654,-0.0175,-3.2829,-0.3630
41.258,-0.0142,0.0000,-0.0142,-3.2726,0.0000,-3.2726,-0.3767
41.263,-0.0138,0.0000,-0.0138,-3.2813,0.0000,-3.2813,-0.3767
41.267,-0.0135,0.0000,-0.0135,-3.2895,0.0000,-3.2895,-0.3767
41.271,-0.0132,0.0000,-0.0132,-3.2984,0.0000,-3.2984,-0.3767
41.275,-0.0128,0.0000,-0.0128,-3.3087,0.0000,-3.3087,-0.3928
41.288,-0.0119,0.0000,-0.0119,-3.3446,0.0000,-3.3446,-0.3928
41.294,-0.0115,0.0000,-0.0115,-3.3614,0.0000,-3.3614,-0.4379
41.299,-0.0111,0.0000,-0.0111,-3.3755,0.0000,-3.3755,-0.4379
41.303,-0.0109,0.0000,-0.0109,-3.3893,0.0000,-3.3893,-0.4379
41.308,-0.0106,0.0000,-0.0106,-3.4046,0.0000,-3.4046,-0.4379
41.312,-0.0103,0.0000,-0.0103,-3.4204,0.0000,-3.4204,-0.4379
41.324,-0.0096,0.0000,-0.0096,-3.4687,0.0000,-3.4687,-0.4869
41.329,-0.0093,0.0000,-0.0093,-3.4913,0.0000,-3.4913,-0.4869
41.334,-0.0090,0.0000,-0.0090,-3.5090,0.0000,-3.5090,-0.5352
41.339,-0.0088,0.0000,-0.0088,-3.5331,0.0000,-3.5331,-0.5352
41.343,-0.0085,0.0000,-0.0085,-3.5531,0.0000,-3.5531,-0.5352
41.347,-0.0083,0.0000,-0.0083,-3.5732,0.0000,-3.5732,-0.5352
41.351,-0.0081,0.0000,-0.0081,-3.5939,0.0000,-3.5939,-0.5352
41.356,-0.0079,0.0212,0.0132,-3.6180,-0.0280,-3.6461,-1.0984
41.361,-0.0077,0.0212,0.0135,-3.6456,-0.0280,-3.6736,-1.0984
41.365,-0.0075,0.0212,0.0137,-3.6697,-0.0280,-3.6978,-1.0984
41.370,-0.0073,0.0212,0.0139,-3.6978,-0.0280,-3.7258,-1.0984
41.375,-0.0071,0.0256,0.0186,-3.7250,-0.0245,-3.7495,-1.1961
41.380,-0.0069,0.0256,0.0188,-3.7557,-0.0245,-3.7802,-1.1961
41.384,-0.0067,0.0256,0.0189,-3.7830,-0.0245,-3.8075,-1.1961
41.390,-0.0065,0.0256,0.0192,-3.8239,-0.0245,-3.8484,-1.1961
41.394,-0.0063,0.0299,0.0236,-3.8543,-0.0208,-3.8751,-1.2870
41.399,-0.0061,0.0299,0.0238,-3.8895,-0.0208,-3.9103,-1.2870
41.404,-0.0060,0.0299,0.0239,-3.9243,-0.0208,-3.9450,-1.2870
41.408,-0.0058,0.0299,0.0241,-3.9595,-0.0208,-3.9802,-1.2870
41.412,-0.0057,0.0299,0.0242,-3.9932,-0.0208,-4.0139,-1.2870
41.417,-0.0055,0.0332,0.0278,-4.0328,-0.0157,-4.0485,-1.3542
41.429,-0.0051,0.0332,0.0281,-4.1461,-0.0157,-4.1618,-1.3542
41.441,-0.0047,0.0363,0.0316,-4.2686,-0.0103,-4.2789,-1.4132
41.447,-0.0046,0.0363,0.0317,-4.3316,-0.0103,-4.3419,-1.4132
41.452,-0.0045,0.0363,0.0318,-4.3753,-0.0103,-4.3856,-1.4132
41.456,-0.0043,0.0390,0.0347,-4.4226,0.0000,-4.4226,-1.4640
41.461,-0.0042,0.0390,0.0348,-4.4786,0.0000,-4.4786,-1.4640
41.465,-0.0041,0.0390,0.0349,-4.5285,0.0000,-4.5285,-1.4640
41.470,-0.0040,0.0390,0.0350,-4.5820,0.0000,-4.5820,-1.4640
41.474,-0.0039,0.0439,0.0400,-4.6343,0.0000,-4.6343,-1.5612
41.479,-0.0038,0.0439,0.0401,-4.6974,0.0000,-4.6974,-1.5612
41.484,-0.0037,0.0439,0.0402,-4.7553,0.0000,-4.7553,-1.5612
41.488,-0.0036,0.0439,0.0403,-4.8142,0.0000,-4.8142,-1.5612
41.492,-0.0035,0.0439,0.0404,-4.8750,0.0000,-4.8750,-1.5612
41.496,-0.0034,0.0485,0.0451,-4.9335,0.0000,-4.9335,-1.6521
41.501,-0.0033,0.0485,0.0452,-5.0059,0.0000,-5.0059,-1.6521
41.506,-0.0032,0.0485,0.0453,-5.0730,0.0000,-5.0730,-1.6521
41.511,-0.0031,0.0485,0.0454,-5.1584,0.0000,-5.1584,-1.6521
41.516,-0.0030,0.0528,0.0498,-5.2313,0.0000,-5.2313,-1.7333
41.521,-0.0029,0.0528,0.0499,-5.3229,0.0000,-5.3229,-1.7333
41.532,-0.0027,0.0528,0.0501,-5.5191,0.0000,-5.5191,-1.7333
41.537,-0.0027,0.0564,0.0537,-5.5965,0.0000,-5.5965,-1.7999
41.542,-0.0026,0.0564,0.0538,-5.6791,0.0000,-5.6791,-1.7999
41.546,-0.0025,0.0564,0.0539,-5.7517,0.0000,-5.7517,-1.7999
41.551,-0.0025,0.0564,0.0539,-5.8185,0.0000,-5.8185,-1.7999
41.556,-0.0024,0.0594,0.0570,-5.8960,0.0000,-5.8960,-1.8555
41.562,-0.0023,0.0594,0.0571,-5.9760,0.0000,-5.9760,-1.8555
41.566,-0.0022,0.0594,0.0572,-6.0288,0.0000,-6.0288,-1.8555
41.571,-0.0022,0.0594,0.0572,-6.0800,0.0000,-6.0800,-1.8555
41.575,-0.0021,0.0618,0.0597,-6.1267,0.0000,-6.1267,-1.8989
41.580,-0.0021,0.0618,0.0597,-6.1744,0.0000,-6.1744,-1.8989
41.592,-0.0019,0.0618,0.0599,-6.2686,0.0000,-6.2686,-1.8989
41.598,-0.0019,0.0634,0.0616,-6.3041,0.0000,-6.3041,-1.9296
41.603,-0.0018,0.0634,0.0616,-6.3334,0.0000,-6.3334,-1.9296
41.607,-0.0018,0.0634,0.0617,-6.3558,0.0000,-6.3558,-1.9296
41.611,-0.0017,0.0634,0.0617,-6.3746,0.0000,-6.3746,-1.9296
41.616,-0.0017,0.0643,0.0626,-6.3916,0.0000,-6.3916,-1.9476
41.620,-0.0016,0.0643,0.0627,-6.4080,0.0000,-6.4080,-1.9476
41.625,-0.0016,0.0643,0.0627,-6.4201,0.0000,-6.4201,-1.9476
41.629,-0.0015,0.0643,0.0628,-6.4309,0.0000,-6.4309,-1.9476
41.640,-0.0014,0.0644,0.0630,-6.4445,0.0000,-6.4445,-1.9531
41.645,-0.0014,0.0644,0.0630,-6.4479,0.0000,-6.4479,-1.9531
41.649,-0.0014,0.0644,0.0631,-6.4492,0.0000,-6.4492,-1.9531
41.653,-0.0013,0.0644,0.0631,-6.4489,0.0000,-6.4489,-1.9531
41.658,-0.0013,0.0637,0.0624,-6.4469,0.0000,-6.4469,-1.9462
41.663,-0.0013,0.0637,0.0625,-6.4427,0.0000,-6.4427,-1.9462
41.667,-0.0012,0.0637,0.0625,-6.4372,0.0000,-6.4372,-1.9462
41.673,-0.0012,0.0637,0.0625,-6.4285,0.0000,-6.4285,-1.9462
41.677,-0.0011,0.0631,0.0619,-6.4199,0.0000,-6.4199,-1.9405
41.682,-0.0011,0.0631,0.0619,-6.4090,0.0000,-6.4090,-1.9405
41.686,-0.0011,0.0631,0.0620,-6.3981,0.0000,-6.3981,-1.9405
41.691,-0.0011,0.0631,0.0620,-6.3858,0.0000,-6.3858,-1.9405
41.695,-0.0010,0.0616,0.0606,-6.3723,0.0100,-6.3623,-1.9232
41.700,-0.0010,0.0616,0.0606,-6.3559,0.0100,-6.3459,-1.9232
41.704,-0.0010,0.0616,0.0607,-6.3403,0.0100,-6.3302,-1.9232
41.709,-0.0009,0.0616,0.0607,-6.3240,0.0100,-6.3140,-1.9232
41.713,-0.0009,0.0616,0.0607,-6.3069,0.0100,-6.2969,-1.9232
41.717,-0.0009,0.0640,0.0631,-6.2896,0.0158,-6.2738,-1.9632
41.722,-0.0009,0.0640,0.0631,-6.2671,0.0158,-6.2513,-1.9632
41.727,-0.0008,0.0640,0.0632,-6.2465,0.0158,-6.2307,-1.9632
41.731,-0.0008,0.0640,0.0632,-6.2252,0.0158,-6.2094,-1.9632
41.744,-0.0008,0.0693,0.0686,-6.1615,0.0183,-6.1432,-2.0472
41.757,-0.0007,0.0738,0.0731,-6.0882,0.0214,-6.0667,-2.1193
41.762,-0.0007,0.0738,0.0731,-6.0609,0.0214,-6.0395,-2.1193
41.766,-0.0007,0.0738,0.0731,-6.0377,0.0214,-6.0162,-2.1193
41.770,-0.0006,0.0738,0.0731,-6.0118,0.0214,-5.9903,-2.1193
41.775,-0.0006,0.0760,0.0753,-5.9867,0.0265,-5.9602,-2.1609
41.779,-0.0006,0.0760,0.0754,-5.9595,0.0265,-5.9330,-2.1609
41.783,-0.0006,0.0760,0.0754,-5.9363,0.0265,-5.9098,-2.1609
41.789,-0.0006,0.0760,0.0754,-5.9061,0.0265,-5.8796,-2.1609
41.793,-0.0006,0.0760,0.0754,-5.8786,0.0265,-5.8521,-2.1609
41.797,-0.0006,0.0759,0.0754,-5.8537,0.0335,-5.8203,-2.1716
41.802,-0.0005,0.0759,0.0754,-5.8242,0.0335,-5.7907,-2.1716
41.807,-0.0005,0.0759,0.0754,-5.7964,0.0335,-5.7629,-2.1716
41.811,-0.0005,0.0759,0.0754,-5.7707,0.0335,-5.7373,-2.1716
41.815,-0.0005,0.0754,0.0749,-5.7459,0.0405,-5.7054,-2.1760
41.820,-0.0005,0.0754,0.0749,-5.7141,0.0405,-5.6736,-2.1760
41.825,-0.0005,0.0754,0.0749,-5.6874,0.0405,-5.6469,-2.1760
41.829,-0.0005,0.0754,0.0749,-5.6628,0.0405,-5.6223,-2.1760
41.833,-0.0004,0.0754,0.0749,-5.6376,0.0405,-5.5971,-2.1760
41.837,-0.0004,0.0753,0.0748,-5.6109,0.0469,-5.5640,-2.1866
41.842,-0.0004,0.0753,0.0749,-5.5818,0.0469,-5.5349,-2.1866
41.846,-0.0004,0.0753,0.0749,-5.5573,0.0469,-5.5105,-2.1866
41.851,-0.0004,0.0753,0.0749,-5.5299,0.0469,-5.4830,-2.1866
41.862,-0.0004,0.0741,0.0737,-5.4621,0.0539,-5.4082,-2.1831
41.867,-0.0004,0.0741,0.0737,-5.4311,0.0539,-5.3772,-2.1831
41.871,-0.0004,0.0741,0.0737,-5.4053,0.0539,-5.3513,-2.1831
41.875,-0.0003,0.0713,0.0710,-5.3807,0.0621,-5.3185,-2.1604
41.880,-0.0003,0.0713,0.0710,-5.3534,0.0621,-5.2913,-2.1604
41.885,-0.0003,0.0713,0.0710,-5.3272,0.0621,-5.2651,-2.1604
41.897,-0.0003,0.0681,0.0678,-5.2568,0.0705,-5.1863,-2.1317
41.903,-0.0003,0.0681,0.0678,-5.2220,0.0705,-5.1515,-2.1317
41.907,-0.0003,0.0681,0.0678,-5.1974,0.0705,-5.1269,-2.1317
41.911,-0.0003,0.0681,0.0678,-5.1748,0.0705,-5.1044,-2.1317
41.916,-0.0003,0.0644,0.0641,-5.1487,0.0790,-5.0697,-2.0967
41.922,-0.0003,0.0644,0.0642,-5.1195,0.0790,-5.0405,-2.0967
41.926,-0.0003,0.0644,0.0642,-5.0957,0.0790,-5.0167,-2.0967
41.931,-0.0002,0.0644,0.0642,-5.0696,0.0790,-4.9906,-2.0967
41.936,-0.0002,0.0592,0.0589,-5.0452,0.0887,-4.9566,-2.0426
41.942,-0.0002,0.0592,0.0589,-5.0171,0.0887,-4.9284,-2.0426
41.947,-0.0002,0.0592,0.0589,-4.9905,0.0887,-4.9018,-2.0426
41.953,-0.0002,0.0592,0.0590,-4.9630,0.0887,-4.8743,-2.0426
41.958,-0.0002,0.0524,0.0521,-4.9364,0.0995,-4.8369,-1.9685
41.972,-0.0002,0.0524,0.0522,-4.8701,0.0995,-4.7706,-1.9685
41.978,-0.0002,0.0441,0.0439,-4.8452,0.1115,-4.7337,-1.8753
41.984,-0.0002,0.0441,0.0439,-4.8213,0.1115,-4.7098,-1.8753
41.989,-0.0002,0.0441,0.0439,-4.7984,0.1115,-4.6869,-1.8753
41.995,-0.0002,0.0345,0.0344,-4.7765,0.1245,-4.6520,-1.7636
42.000,-0.0002,0.0345,0.0344,-4.7549,0.1245,-4.6304,-1.7636
42.005,-0.0002,0.0345,0.0344,-4.7370,0.1245,-4.6124,-1.7636
42.010,-0.0002,0.0345,0.0344,-4.7193,0.1245,-4.5947,-1.7636
42.015,-0.0001,0.0237,0.0236,-4.7012,0.1387,-4.5625,-1.6338
42.021,-0.0001,0.0237,0.0236,-4.6809,0.1387,-4.5422,-1.6338
42.027,-0.0001,0.0237,0.0236,-4.6621,0.1387,-4.5235,-1.6338
42.033,-0.0001,0.0237,0.0236,-4.6434,0.1387,-4.5047,-1.6338
42.040,-0.0001,0.0119,0.0118,-4.6250,0.1538,-4.4712,-1.4870
42.057,-0.0001,0.0000,-0.0001,-4.5804,0.1709,-4.4095,-1.3108
42.065,-0.0001,0.0000,-0.0001,-4.5632,0.1709,-4.3923,-1.3108
42.071,-0.0001,0.0000,-0.0001,-4.5496,0.1709,-4.3788,-1.3108
42.086,-0.0001,-0.0147,-0.0148,-4.5264,0.1889,-4.3374,-1.1169
42.092,-0.0001,-0.0147,-0.0148,-4.5177,0.1889,-4.3288,-1.1169
42.097,-0.0001,-0.0285,-0.0286,-4.5118,0.2066,-4.3052,-0.9246
42.102,-0.0001,-0.0285,-0.0286,-4.5066,0.2066,-4.3000,-0.9246
42.107,-0.0001,-0.0285,-0.0286,-4.5026,0.2066,-4.2960,-0.9246
42.112,-0.0001,-0.0285,-0.0286,-4.4997,0.2066,-4.2932,-0.9246
42.116,-0.0001,-0.0344,-0.0345,-4.4976,0.2167,-4.2809,-0.8229
42.122,-0.0001,-0.0344,-0.0345,-4.4960,0.2167,-4.2793,-0.8229
42.127,-0.0001,-0.0344,-0.0345,-4.4956,0.2167,-4.2789,-0.8229
42.131,-0.0001,-0.0344,-0.0345,-4.4959,0.2167,-4.2792,-0.8229
42.137,-0.0001,-0.0400,-0.0401,-4.4978,0.2266,-4.2711,-0.7211
42.143,-0.0001,-0.0400,-0.0401,-4.5011,0.2266,-4.2745,-0.7211
42.147,-0.0001,-0.0400,-0.0401,-4.5046,0.2266,-4.2779,-0.7211
42.152,-0.0001,-0.0400,-0.0401,-4.5089,0.2266,-4.2823,-0.7211
42.157,-0.0001,-0.0467,-0.0467,-4.5154,0.2377,-4.2777,-0.6031
42.162,-0.0001,-0.0467,-0.0467,-4.5230,0.2377,-4.2853,-0.6031
42.167,-0.0001,-0.0467,-0.0467,-4.5313,0.2377,-4.2937,-0.6031
42.173,-0.0001,-0.0467,-0.0467,-4.5422,0.2377,-4.3045,-0.6031
42.184,-0.0001,-0.0542,-0.0543,-4.5723,0.2496,-4.3227,-0.4702
42.189,-0.0001,-0.0542,-0.0543,-4.5877,0.2496,-4.3382,-0.4702
42.193,0.0000,-0.0542,-0.0543,-4.6014,0.2496,-4.3518,-0.4702
42.205,0.0000,-0.0599,-0.0599,-4.6502,0.2592,-4.3909,-0.3589
42.212,0.0000,-0.0599,-0.0599,-4.6771,0.2592,-4.4179,-0.3589
42.216,0.0000,-0.0629,-0.0630,-4.6979,0.2659,-4.4320,-0.2785
42.221,0.0000,-0.0629,-0.0630,-4.7309,0.2659,-4.4649,-0.2785
42.225,0.0000,-0.0629,-0.0630,-4.7636,0.2659,-4.4977,-0.2785
42.230,0.0000,-0.0629,-0.0630,-4.7997,0.2659,-4.5337,-0.2785
42.234,0.0000,-0.0681,-0.0681,-4.8400,0.2747,-4.5653,-0.1677
42.239,0.0000,-0.0681,-0.0681,-4.8981,0.2747,-4.6234,-0.1677
42.243,0.0000,-0.0681,-0.0681,-4.9506,0.2747,-4.6759,-0.1677
42.247,0.0000,-0.0681,-0.0681,-5.0039,0.2747,-4.7292,-0.1677
42.251,0.0000,-0.0681,-0.0681,-5.0623,0.2747,-4.7876,-0.1677
42.256,0.0000,-0.0744,-0.0745,-5.1280,0.2845,-4.8435,-0.0379
42.261,0.0000,-0.0744,-0.0745,-5.2126,0.2845,-4.9280,-0.0379
42.266,0.0000,-0.0744,-0.0745,-5.2894,0.2845,-5.0049,-0.0379
42.271,0.0000,-0.0744,-0.0745,-5.3667,0.2845,-5.0822,-0.0379
42.275,0.0000,-0.0810,-0.0811,-5.4402,0.2946,-5.1456,0.1013
42.281,0.0000,-0.0810,-0.0811,-5.5238,0.2946,-5.2292,0.1013
42.293,0.0000,-0.0810,-0.0811,-5.6932,0.2946,-5.3986,0.1013
42.298,0.0000,-0.0878,-0.0879,-5.7565,0.3049,-5.4516,0.2493
42.303,0.0000,-0.0878,-0.0879,-5.8310,0.3049,-5.5261,0.2493
42.308,0.0000,-0.0878,-0.0879,-5.8907,0.3049,-5.5857,0.2493
42.313,0.0000,-0.0878,-0.0879,-5.9485,0.3049,-5.6436,0.2493
42.318,0.0000,-0.0947,-0.0948,-6.0037,0.3155,-5.6882,0.4066
42.325,0.0000,-0.0947,-0.0948,-6.0723,0.3155,-5.7568,0.4066
42.330,0.0000,-0.0947,-0.0948,-6.1269,0.3155,-5.8115,0.4066
42.336,0.0000,-0.1016,-0.1017,-6.1810,0.3262,-5.8548,0.5720
42.343,0.0000,-0.1016,-0.1017,-6.2397,0.3262,-5.9136,0.5720
42.348,0.0000,-0.1016,-0.1017,-6.2833,0.3262,-5.9572,0.5720
42.362,0.0000,-0.1083,-0.1084,-6.3914,0.3369,-6.0545,0.7438
42.370,0.0000,-0.1083,-0.1084,-6.4390,0.3369,-6.1022,0.7438
42.375,0.0000,-0.1148,-0.1148,-6.4697,0.3475,-6.1222,0.9211
42.381,0.0000,-0.1148,-0.1148,-6.5001,0.3475,-6.1526,0.9211
42.387,0.0000,-0.1148,-0.1148,-6.5303,0.3475,-6.1828,0.9211
42.400,0.0000,-0.1208,-0.1208,-6.5817,0.3579,-6.2238,1.1018
42.406,0.0000,-0.1208,-0.1208,-6.6029,0.3579,-6.2450,1.1018
42.411,0.0000,-0.1208,-0.1208,-6.6181,0.3579,-6.2602,1.1018
42.416,0.0000,-0.1262,-0.1263,-6.6307,0.3680,-6.2627,1.2841
42.422,0.0000,-0.1262,-0.1263,-6.6419,0.3680,-6.2739,1.2841
42.427,0.0000,-0.1262,-0.1263,-6.6498,0.3680,-6.2818,1.2841
42.431,0.0000,-0.1262,-0.1263,-6.6558,0.3680,-6.2878,1.2841
42.436,0.0000,-0.1325,-0.1325,-6.6608,0.3794,-6.2814,1.4892
42.443,0.0000,-0.1325,-0.1325,-6.6639,0.3794,-6.2845,1.4892
42.447,0.0000,-0.1325,-0.1325,-6.6645,0.3794,-6.2851,1.4892
42.452,0.0000,-0.1325,-0.1325,-6.6637,0.3794,-6.2843,1.4892
42.457,0.0000,-0.1381,-0.1382,-6.6606,0.3905,-6.2701,1.6979
42.463,0.0000,-0.1381,-0.1382,-6.6549,0.3905,-6.2644,1.6979
42.468,0.0000,-0.1381,-0.1382,-6.6481,0.3905,-6.2575,1.6979
42.474,0.0000,-0.1436,-0.1436,-6.6386,0.4018,-6.2368,1.9150
42.479,0.0000,-0.1436,-0.1436,-6.6275,0.4018,-6.2257,1.9150
42.484,0.0000,-0.1436,-0.1436,-6.6170,0.4018,-6.2152,1.9150
42.490,0.0000,-0.1436,-0.1436,-6.5984,0.4018,-6.1965,1.9150
42.502,0.0000,-0.1447,-0.1447,-6.5554,0.4071,-6.1483,2.0626
42.515,0.0000,-0.1444,-0.1444,-6.5018,0.4101,-6.0917,2.1890
42.521,0.0000,-0.1444,-0.1444,-6.4739,0.4101,-6.0637,2.1890
42.526,0.0000,-0.1444,-0.1444,-6.4521,0.4101,-6.0420,2.1890
42.530,0.0000,-0.1444,-0.1444,-6.4293,0.4101,-6.0192,2.1890
42.534,0.0000,-0.1437,-0.1437,-6.4077,0.4119,-5.9958,2.3083
42.540,0.0000,-0.1437,-0.1437,-6.3772,0.4119,-5.9653,2.3083
42.544,0.0000,-0.1437,-0.1437,-6.3529,0.4119,-5.9410,2.3083
42.548,0.0000,-0.1437,-0.1437,-6.3288,0.4119,-5.9169,2.3083
42.553,0.0000,-0.1437,-0.1437,-6.3028,0.4119,-5.8909,2.3083
42.557,0.0000,-0.1427,-0.1427,-6.2735,0.4122,-5.8613,2.4190
42.563,0.0000,-0.1427,-0.1427,-6.2372,0.4122,-5.8249,2.4190
42.567,0.0000,-0.1427,-0.1427,-6.2078,0.4122,-5.7956,2.4190
42.572,0.0000,-0.1427,-0.1427,-6.1755,0.4122,-5.7632,2.4190
42.576,0.0000,-0.1414,-0.1414,-6.1452,0.4111,-5.7341,2.5198
42.581,0.0000,-0.1414,-0.1414,-6.1105,0.4111,-5.6994,2.5198
42.585,0.0000,-0.1414,-0.1414,-6.0805,0.4111,-5.6694,2.5198
42.590,0.0000,-0.1414,-0.1414,-6.0460,0.4111,-5.6349,2.5198
42.594,0.0000,-0.1369,-0.1369,-6.0133,0.4047,-5.6086,2.5585
42.598,0.0000,-0.1369,-0.1369,-5.9758,0.4047,-5.5711,2.5585
42.603,0.0000,-0.1369,-0.1369,-5.9351,0.4047,-5.5304,2.5585
42.614,0.0000,-0.1290,-0.1290,-5.8406,0.3930,-5.4476,2.5246
42.619,0.0000,-0.1290,-0.1290,-5.7950,0.3930,-5.4021,2.5246
42.624,0.0000,-0.1290,-0.1290,-5.7558,0.3930,-5.3628,2.5246
42.628,0.0000,-0.1290,-0.1290,-5.7177,0.3930,-5.3247,2.5246
42.632,0.0000,-0.1290,-0.1290,-5.6806,0.3930,-5.2876,2.5246
42.637,0.0000,-0.1207,-0.1207,-5.6387,0.3802,-5.2585,2.4779
42.642,0.0000,-0.1207,-0.1207,-5.5926,0.3802,-5.2124,2.4779
42.646,0.0000,-0.1207,-0.1207,-5.5545,0.3802,-5.1743,2.4779
42.650,0.0000,-0.1207,-0.1207,-5.5120,0.3802,-5.1318,2.4779
42.655,0.0000,-0.1132,-0.1132,-5.4630,0.3676,-5.0954,2.4386
42.669,0.0000,-0.1132,-0.1132,-5.3207,0.3676,-4.9531,2.4386
42.675,0.0000,-0.1065,-0.1065,-5.2578,0.3555,-4.9024,2.4086
42.681,0.0000,-0.1065,-0.1065,-5.2049,0.3555,-4.8494,2.4086
42.686,0.0000,-0.1065,-0.1065,-5.1587,0.3555,-4.8032,2.4086
42.691,0.0000,-0.1065,-0.1065,-5.1210,0.3555,-4.7656,2.4086
42.695,0.0000,-0.0999,-0.0999,-5.0942,0.3430,-4.7512,2.3751
42.701,0.0000,-0.0999,-0.0999,-5.0722,0.3430,-4.7292,2.3751
42.706,0.0000,-0.0999,-0.0999,-5.0596,0.3430,-4.7166,2.3751
42.710,0.0000,-0.0999,-0.0999,-5.0545,0.3430,-4.7115,2.3751
42.715,0.0000,-0.0933,-0.0933,-5.0566,0.3303,-4.7263,2.3355
42.728,0.0000,-0.0933,-0.0933,-5.1084,0.3303,-4.7781,2.3355
42.732,0.0000,-0.0933,-0.0933,-5.1343,0.3303,-4.8041,2.3355
42.737,0.0000,-0.0867,-0.0867,-5.1586,0.3173,-4.8413,2.2893
42.743,0.0000,-0.0867,-0.0867,-5.1837,0.3173,-4.8664,2.2893
42.747,0.0000,-0.0867,-0.0867,-5.2037,0.3173,-4.8863,2.2893
42.752,0.0000,-0.0867,-0.0867,-5.2231,0.3173,-4.9057,2.2893
42.757,0.0000,-0.0761,-0.0761,-5.2414,0.3009,-4.9405,2.1534
42.763,0.0000,-0.0761,-0.0761,-5.2600,0.3009,-4.9591,2.1534
42.767,0.0000,-0.0761,-0.0761,-5.2739,0.3009,-4.9731,2.1534
42.773,0.0000,-0.0761,-0.0761,-5.2877,0.3009,-4.9868,2.1534
42.777,0.0000,-0.0618,-0.0618,-5.2991,0.2814,-5.0177,1.9315
42.783,0.0000,-0.0618,-0.0618,-5.3100,0.2814,-5.0286,1.9315
42.788,0.0000,-0.0618,-0.0618,-5.3186,0.2814,-5.0371,1.9315
42.793,0.0000,-0.0618,-0.0618,-5.3249,0.2814,-5.0435,1.9315
42.797,0.0000,-0.0520,-0.0520,-5.3300,0.2663,-5.0637,1.7887
42.803,0.0000,-0.0520,-0.0520,-5.3342,0.2663,-5.0679,1.7887
42.808,0.0000,-0.0520,-0.0520,-5.3363,0.2663,-5.0700,1.7887
42.820,0.0000,-0.0393,-0.0393,-5.3327,0.2488,-5.0839,1.5712
42.834,0.0000,-0.0393,-0.0393,-5.3186,0.2488,-5.0698,1.5712
42.839,0.0000,-0.0343,-0.0343,-5.3123,0.2388,-5.0734,1.5121
42.843,0.0000,-0.0343,-0.0343,-5.3046,0.2388,-5.0658,1.5121
42.848,0.0000,-0.0343,-0.0343,-5.2971,0.2388,-5.0583,1.5121
42.852,0.0000,-0.0343,-0.0343,-5.2885,0.2388,-5.0497,1.5121
42.857,0.0000,-0.0272,-0.0272,-5.2782,0.2272,-5.0510,1.4017
42.861,0.0000,-0.0272,-0.0272,-5.2659,0.2272,-5.0387,1.4017
42.866,0.0000,-0.0272,-0.0272,-5.2547,0.2272,-5.0275,1.4017
42.870,0.0000,-0.0272,-0.0272,-5.2411,0.2272,-5.0139,1.4017
42.878,0.0000,-0.0208,-0.0208,-5.2147,0.2163,-4.9985,1.2978
42.887,0.0000,-0.0208,-0.0208,-5.1829,0.2163,-4.9666,1.2978
42.895,0.0000,-0.0147,-0.0147,-5.1495,0.2057,-4.9439,1.1945
42.906,0.0000,-0.0147,-0.0147,-5.0975,0.2057,-4.8918,1.1945
42.911,0.0000,-0.0147,-0.0147,-5.0713,0.2057,-4.8657,1.1945
42.917,0.0000,0.0000,0.0000,-5.0439,0.1954,-4.8486,1.0914
42.923,0.0000,0.0000,0.0000,-5.0133,0.1954,-4.8180,1.0914
42.933,0.0000,0.0000,0.0000,-4.9515,0.1954,-4.7561,1.0914
42.938,0.0000,0.0000,0.0000,-4.9249,0.1853,-4.7397,0.9885
42.943,0.0000,0.0000,0.0000,-4.8950,0.1853,-4.7097,0.9885
42.948,0.0000,0.0000,0.0000,-4.8672,0.1853,-4.6820,0.9885
42.952,0.0000,0.0000,0.0000,-4.8419,0.1853,-4.6566,0.9885
42.957,0.0000,0.0000,0.0000,-4.8117,0.1754,-4.6364,0.8858
42.962,0.0000,0.0000,0.0000,-4.7773,0.1754,-4.6019,0.8858
42.974,0.0000,0.0000,0.0000,-4.6886,0.1659,-4.5227,0.7957
42.981,0.0000,0.0000,0.0000,-4.6445,0.1659,-4.4786,0.7957
42.985,0.0000,0.0000,0.0000,-4.6135,0.1659,-4.4475,0.7957
42.990,0.0000,0.0000,0.0000,-4.5794,0.1659,-4.4135,0.7957
42.994,0.0000,0.0116,0.0116,-4.5469,0.1541,-4.3928,0.5802
42.999,0.0000,0.0116,0.0116,-4.5102,0.1541,-4.3561,0.5802
43.004,0.0000,0.0116,0.0116,-4.4764,0.1541,-4.3222,0.5802
43.008,0.0000,0.0116,0.0116,-4.4433,0.1541,-4.2892,0.5802
43.012,0.0000,0.0116,0.0116,-4.4105,0.1541,-4.2563,0.5802
43.016,0.0000,0.0263,0.0263,-4.3789,0.1421,-4.2368,0.2996
43.022,0.0000,0.0263,0.0263,-4.3367,0.1421,-4.1946,0.2996
43.026,0.0000,0.0263,0.0263,-4.3004,0.1421,-4.1582,0.2996
43.037,0.0000,0.0351,0.0351,-4.2124,0.1324,-4.0800,0.1242
43.042,0.0000,0.0351,0.0351,-4.1698,0.1324,-4.0375,0.1242
43.046,0.0000,0.0351,0.0351,-4.1348,0.1324,-4.0024,0.1242
43.051,0.0000,0.0351,0.0351,-4.0999,0.1324,-3.9676,0.1242
43.055,0.0000,0.0419,0.0419,-4.0620,0.1234,-3.9385,-0.0185
43.060,0.0000,0.0419,0.0419,-4.0194,0.1234,-3.8960,-0.0185
43.065,0.0000,0.0419,0.0419,-3.9831,0.1234,-3.8596,-0.0185
43.069,0.0000,0.0419,0.0419,-3.9434,0.1234,-3.8200,-0.0185
43.074,0.0000,0.0480,0.0480,-3.9038,0.1150,-3.7888,-0.1528
43.079,0.0000,0.0480,0.0480,-3.8603,0.1150,-3.7453,-0.1528
43.083,0.0000,0.0480,0.0480,-3.8239,0.1150,-3.7089,-0.1528
43.088,0.0000,0.0480,0.0480,-3.7855,0.1150,-3.6705,-0.1528
43.092,0.0000,0.0480,0.0480,-3.7487,0.1150,-3.6337,-0.1528
43.096,0.0000,0.0534,0.0534,-3.7130,0.1071,-3.6060,-0.2786
43.101,0.0000,0.0534,0.0534,-3.6703,0.1071,-3.5632,-0.2786
43.106,0.0000,0.0534,0.0534,-3.6310,0.1071,-3.5239,-0.2786
43.110,0.0000,0.0534,0.0534,-3.5954,0.1071,-3.4883,-0.2786
43.114,0.0000,0.0581,0.0581,-3.5561,0.0995,-3.4565,-0.3956
43.128,0.0000,0.0581,0.0581,-3.4290,0.0995,-3.3295,-0.3956
43.140,0.0000,0.0621,0.0621,-3.3179,0.0924,-3.2255,-0.5036
43.146,0.0000,0.0621,0.0621,-3.2735,0.0924,-3.1811,-0.5036
43.150,0.0000,0.0621,0.0621,-3.2356,0.0924,-3.1431,-0.5036
43.155,0.0000,0.0655,0.0655,-3.1967,0.0857,-3.1109,-0.6031
43.159,0.0000,0.0655,0.0655,-3.1536,0.0857,-3.0679,-0.6031
43.164,0.0000,0.0655,0.0655,-3.1154,0.0857,-3.0297,-0.6031
43.169,0.0000,0.0655,0.0655,-3.0745,0.0857,-2.9888,-0.6031
43.174,0.0000,0.0655,0.0655,-3.0328,0.0857,-2.9471,-0.6031
43.178,0.0000,0.0697,0.0697,-2.9971,0.0795,-2.9176,-0.7234
43.183,0.0000,0.0697,0.0697,-2.9535,0.0795,-2.8741,-0.7234
43.187,0.0000,0.0697,0.0697,-2.9148,0.0795,-2.8354,-0.7234
43.192,0.0000,0.0697,0.0697,-2.8773,0.0795,-2.7978,-0.7234
43.196,0.0000,0.0733,0.0733,-2.8402,0.0736,-2.7666,-0.8360
43.201,0.0000,0.0733,0.0733,-2.7971,0.0736,-2.7235,-0.8360
43.206,0.0000,0.0733,0.0733,-2.7591,0.0736,-2.6855,-0.8360
43.210,0.0000,0.0733,0.0733,-2.7216,0.0736,-2.6480,-0.8360
43.215,0.0000,0.0762,0.0762,-2.6836,0.0681,-2.6155,-0.9375
43.220,0.0000,0.0762,0.0762,-2.6403,0.0681,-2.5723,-0.9375
43.225,0.0000,0.0762,0.0762,-2.6026,0.0681,-2.5345,-0.9375
43.229,0.0000,0.0762,0.0762,-2.5675,0.0681,-2.4994,-0.9375
43.234,0.0000,0.0789,0.0789,-2.5398,0.0629,-2.4768,-1.0402
43.240,0.0000,0.0789,0.0789,-2.5183,0.0629,-2.4553,-1.0402
43.252,0.0000,0.0789,0.0789,-2.5178,0.0629,-2.4548,-1.0402
43.258,0.0000,0.0810,0.0810,-2.5292,0.0581,-2.4710,-1.1324
43.263,0.0000,0.0810,0.0810,-2.5448,0.0581,-2.4866,-1.1324
43.267,0.0000,0.0810,0.0810,-2.5632,0.0581,-2.5050,-1.1324
43.280,0.0000,0.0824,0.0824,-2.6414,0.0537,-2.5877,-1.2126
43.287,0.0000,0.0824,0.0824,-2.6771,0.0537,-2.6234,-1.2126
43.292,0.0000,0.0824,0.0824,-2.6985,0.0537,-2.6448,-1.2126
43.296,0.0000,0.0831,0.0831,-2.7159,0.0496,-2.6663,-1.2811
43.301,0.0000,0.0831,0.0831,-2.7324,0.0496,-2.6828,-1.2811
43.306,0.0000,0.0831,0.0831,-2.7460,0.0496,-2.6964,-1.2811
43.311,0.0000,0.0831,0.0831,-2.7565,0.0496,-2.7069,-1.2811
43.315,0.0000,0.0832,0.0832,-2.7648,0.0459,-2.7189,-1.3374
43.320,0.0000,0.0832,0.0832,-2.7725,0.0459,-2.7266,-1.3374
43.325,0.0000,0.0832,0.0832,-2.7774,0.0459,-2.7315,-1.3374
43.329,0.0000,0.0832,0.0832,-2.7802,0.0459,-2.7344,-1.3374
43.334,0.0000,0.0832,0.0832,-2.7816,0.0459,-2.7357,-1.3374
43.339,0.0000,0.0827,0.0827,-2.7813,0.0425,-2.7388,-1.3813
43.344,0.0000,0.0827,0.0827,-2.7791,0.0425,-2.7366,-1.3813
43.355,0.0000,0.0855,0.0855,-2.7659,0.0394,-2.7266,-1.4979
43.361,0.0000,0.0855,0.0855,-2.7585,0.0394,-2.7191,-1.4979
43.365,0.0000,0.0855,0.0855,-2.7514,0.0394,-2.7120,-1.4979
43.369,0.0000,0.0855,0.0855,-2.7430,0.0394,-2.7036,-1.4979
43.374,0.0000,0.0876,0.0876,-2.7327,0.0365,-2.6962,-1.6025
43.379,0.0000,0.0876,0.0876,-2.7214,0.0365,-2.6849,-1.6025
43.384,0.0000,0.0876,0.0876,-2.7091,0.0365,-2.6726,-1.6025
43.390,0.0000,0.0876,0.0876,-2.6925,0.0365,-2.6560,-1.6025
43.395,0.0000,0.0880,0.0880,-2.6763,0.0339,-2.6425,-1.6753
43.401,0.0000,0.0880,0.0880,-2.6594,0.0339,-2.6255,-1.6753
43.406,0.0001,0.0880,0.0881,-2.6439,0.0339,-2.6101,-1.6753
43.410,0.0006,0.0880,0.0887,-2.6292,0.0339,-2.5953,-1.6753
43.414,0.0021,0.0897,0.0918,-2.6146,0.0314,-2.5832,-1.7775
43.419,0.0058,0.0897,0.0955,-2.5950,0.0314,-2.5636,-1.7775
43.431,0.0244,0.0897,0.1141,-2.5464,0.0314,-2.5150,-1.7775
43.437,0.0399,0.0906,0.1305,-2.5225,0.0291,-2.4934,-1.8674
43.443,0.0575,0.0906,0.1481,-2.5021,0.0291,-2.4730,-1.8674
43.447,0.0771,0.0906,0.1677,-2.4837,0.0291,-2.4546,-1.8674
43.452,0.0998,0.0906,0.1904,-2.4657,0.0291,-2.4366,-1.8674
43.457,0.1304,0.0902,0.2206,-2.4449,0.0270,-2.4179,-1.9293
43.469,0.2233,0.0902,0.3135,-2.3937,0.0270,-2.3666,-1.9293
43.474,0.2708,0.0885,0.3593,-2.3726,0.0251,-2.3475,-1.9609
43.479,0.3222,0.0885,0.4106,-2.3524,0.0251,-2.3273,-1.9609
43.485,0.3997,0.0885,0.4882,-2.3253,0.0251,-2.3002,-1.9609
43.491,0.4656,0.0885,0.5541,-2.3048,0.0251,-2.2797,-1.9609
43.495,0.5269,0.0861,0.6130,-2.2874,0.0233,-2.2642,-1.9753
43.500,0.5963,0.0861,0.6824,-2.2683,0.0233,-2.2450,-1.9753
43.505,0.6660,0.0861,0.7521,-2.2488,0.0233,-2.2256,-1.9753
43.510,0.7249,0.0861,0.8110,-2.2322,0.0233,-2.2089,-1.9753
43.514,0.7806,0.0832,0.8638,-2.2162,0.0215,-2.1946,-1.9729
43.519,0.8424,0.0832,0.9256,-2.1981,0.0215,-2.1766,-1.9729
43.524,0.9011,0.0832,0.9843,-2.1806,0.0215,-2.1591,-1.9729
43.528,0.9549,0.0832,1.0381,-2.1642,0.0215,-2.1427,-1.9729
43.533,1.0041,0.0832,1.0873,-2.1490,0.0215,-2.1275,-1.9729
43.537,1.0551,0.0798,1.1349,-2.1330,0.0198,-2.1132,-1.9538
43.543,1.1111,0.0798,1.1909,-2.1151,0.0198,-2.0953,-1.9538
43.547,1.1564,0.0798,1.2362,-2.1003,0.0198,-2.0805,-1.9538
43.551,1.1995,0.0798,1.2794,-2.0860,0.0198,-2.0662,-1.9538
43.556,1.2447,0.0764,1.3211,-2.0707,0.0181,-2.0526,-1.9302
43.561,1.2962,0.0764,1.3727,-2.0527,0.0181,-2.0345,-1.9302
43.575,1.4230,0.0727,1.4958,-2.0057,0.0164,-1.9893,-1.8917
43.589,1.5433,0.0727,1.6160,-1.9577,0.0164,-1.9413,-1.8917
43.595,1.5934,0.0688,1.6622,-1.9370,0.0146,-1.9224,-1.8364
43.600,1.6342,0.0688,1.7030,-1.9196,0.0146,-1.9050,-1.8364
43.605,1.6678,0.0688,1.7366,-1.9049,0.0146,-1.8904,-1.8364
43.609,1.6991,0.0688,1.7679,-1.8909,0.0146,-1.8763,-1.8364
43.614,1.7285,0.0655,1.7940,-1.8774,0.0127,-1.8647,-1.7951
43.619,1.7626,0.0655,1.8281,-1.8612,0.0127,-1.8485,-1.7951
43.623,1.7941,0.0655,1.8595,-1.8459,0.0127,-1.8331,-1.7951
43.628,1.8218,0.0655,1.8872,-1.8320,0.0127,-1.8192,-1.7951
43.632,1.8496,0.0655,1.9150,-1.8176,0.0127,-1.8048,-1.7951
43.637,1.8792,0.0620,1.9412,-1.8018,0.0108,-1.7910,-1.7403
43.643,1.9103,0.0620,1.9723,-1.7846,0.0108,-1.7739,-1.7403
43.647,1.9350,0.0620,1.9971,-1.7706,0.0108,-1.7598,-1.7403
43.651,1.9584,0.0620,2.0205,-1.7569,0.0108,-1.7461,-1.7403
43.663,2.0201,0.0584,2.0785,-1.7178,0.0000,-1.7178,-1.6684
43.669,2.0545,0.0584,2.1129,-1.6949,0.0000,-1.6949,-1.6684
43.682,2.1143,0.0548,2.1691,-1.6510,0.0000,-1.6510,-1.5797
43.687,2.1385,0.0548,2.1933,-1.6327,0.0000,-1.6327,-1.5797
43.692,2.1583,0.0548,2.2132,-1.6170,0.0000,-1.6170,-1.5797
43.696,2.1766,0.0512,2.2277,-1.6022,0.0000,-1.6022,-1.4749
43.701,2.1965,0.0512,2.2477,-1.5853,0.0000,-1.5853,-1.4749
43.706,2.2159,0.0512,2.2670,-1.5682,0.0000,-1.5682,-1.4749
43.710,2.2323,0.0512,2.2835,-1.5532,0.0000,-1.5532,-1.4749
43.715,2.2484,0.0477,2.2960,-1.5380,0.0000,-1.5380,-1.3548
43.720,2.2668,0.0477,2.3144,-1.5199,0.0000,-1.5199,-1.3548
43.725,2.2837,0.0477,2.3313,-1.5026,0.0000,-1.5026,-1.3548
43.737,2.1045,0.0443,2.1488,-1.4526,0.0000,-1.4526,-1.2227
43.743,2.0042,0.0443,2.0485,-1.4272,0.0000,-1.4272,-1.2227
43.748,1.9352,0.0443,1.9795,-1.4089,0.0000,-1.4089,-1.2227
43.752,1.8705,0.0443,1.9149,-1.3914,0.0000,-1.3914,-1.2227
43.757,1.7928,0.0412,1.8340,-1.3691,0.0000,-1.3691,-1.0768
43.762,1.7207,0.0412,1.7618,-1.3475,0.0000,-1.3475,-1.0768
43.767,1.6632,0.0412,1.7044,-1.3296,0.0000,-1.3296,-1.0768
43.772,1.5961,0.0412,1.6373,-1.3076,0.0000,-1.3076,-1.0768
43.776,1.5351,0.0383,1.5734,-1.2862,0.0000,-1.2862,-0.9178
43.789,1.3911,0.0383,1.4294,-1.2274,0.0000,-1.2274,-0.9178
43.793,1.3459,0.0383,1.3841,-1.2069,0.0000,-1.2069,-0.9178
43.797,1.3055,0.0358,1.3414,-1.1870,0.0000,-1.1870,-0.7675
43.802,1.2632,0.0358,1.2990,-1.1635,0.0000,-1.1635,-0.7675
43.808,1.2233,0.0358,1.2592,-1.1384,0.0000,-1.1384,-0.7675
43.812,1.1949,0.0358,1.2308,-1.1174,0.0000,-1.1174,-0.7675
43.816,1.1717,0.0337,1.2055,-1.0971,0.0000,-1.0971,-0.6100
43.822,1.1478,0.0337,1.1816,-1.0700,0.0000,-1.0700,-0.6100
43.826,1.1337,0.0337,1.1674,-1.0475,0.0000,-1.0475,-0.6100
43.830,1.1255,0.0337,1.1592,-1.0270,0.0000,-1.0270,-0.6100
43.835,1.1217,0.0319,1.1535,-1.0047,0.0000,-1.0047,-0.4416
43.840,1.1241,0.0319,1.1559,-0.9781,0.0000,-0.9781,-0.4416
43.844,1.1318,0.0319,1.1637,-0.9566,0.0000,-0.9566,-0.4416
43.848,1.1447,0.0319,1.1766,-0.9350,0.0000,-0.9350,-0.4416
43.853,1.1645,0.0319,1.1964,-0.9117,0.0000,-0.9117,-0.4416
43.857,1.1902,0.0303,1.2205,-0.8892,0.0000,-0.8892,-0.2640
43.862,1.2249,0.0303,1.2553,-0.8635,0.0000,-0.8635,-0.2640
43.866,1.2606,0.0303,1.2909,-0.8421,0.0000,-0.8421,-0.2640
43.871,1.3028,0.0303,1.3331,-0.8198,0.0000,-0.8198,-0.2640
43.875,1.3436,0.0291,1.3727,-0.7962,0.0000,-0.7962,-0.0783
43.888,1.4567,0.0291,1.4857,-0.7220,0.0000,-0.7220,-0.0783
43.900,1.5565,0.0281,1.5846,-0.6493,0.0000,-0.6493,0.1139
43.905,1.5996,0.0281,1.6277,-0.6161,0.0000,-0.6161,0.1139
43.909,1.6318,0.0281,1.6599,-0.5900,0.0000,-0.5900,0.1139
43.914,1.6625,0.0274,1.6899,-0.5640,0.0000,-0.5640,0.3115
43.919,1.6982,0.0274,1.7256,-0.5323,0.0000,-0.5323,0.3115
43.923,1.7287,0.0274,1.7561,-0.5040,0.0000,-0.5040,0.3115
43.927,1.7566,0.0274,1.7840,-0.4771,0.0000,-0.4771,0.3115
43.931,1.7846,0.0274,1.8120,-0.4485,0.0000,-0.4485,0.3115
43.936,1.8115,0.0269,1.8384,-0.4200,0.0000,-0.4200,0.5104
43.941,1.8429,0.0269,1.8698,-0.3846,0.0000,-0.3846,0.5104
43.945,1.8678,0.0269,1.8947,-0.3552,0.0000,-0.3552,0.5104
43.949,1.8946,0.0269,1.9215,-0.3221,0.0000,-0.3221,0.5104
43.953,1.9190,0.0269,1.9459,-0.2903,0.0000,-0.2903,0.5104
43.958,1.9441,0.0267,1.9708,-0.2556,0.0000,-0.2556,0.7111
43.963,1.9715,0.0267,1.9982,-0.2157,0.0000,-0.2157,0.7111
43.967,1.9942,0.0267,2.0209,-0.1810,0.0000,-0.1810,0.7111
43.972,2.0191,0.0267,2.0458,-0.1407,0.0000,-0.1407,0.7111
43.976,2.0401,0.0266,2.0667,-0.1049,0.0000,-0.1049,0.8990
43.982,2.0666,0.0266,2.0932,-0.0562,0.0000,-0.0562,0.8990
43.987,2.0904,0.0266,2.1170,-0.0098,0.0000,-0.0098,0.8990
43.991,2.1117,0.0266,2.1383,0.0343,0.0000,0.0343,0.8990
43.997,2.1350,0.0267,2.1616,0.0859,0.0000,0.0859,1.0833
44.009,1.9505,0.0267,1.9772,0.2270,0.0000,0.2270,1.0833
44.014,1.8503,0.0269,1.8772,0.2741,0.0000,0.2741,1.2663
44.019,1.7407,0.0269,1.7676,0.3254,0.0000,0.3254,1.2663
44.023,1.6300,0.0269,1.6568,0.3773,0.0000,0.3773,1.2663
44.028,1.5181,0.0269,1.5449,0.4297,0.0000,0.4297,1.2663
44.040,1.2183,0.0271,1.2455,0.4189,0.0000,0.4189,1.4462
44.046,1.0658,0.0271,1.0929,0.3420,0.0000,0.3420,1.4462
44.050,0.9638,0.0271,0.9909,0.2606,0.0000,0.2606,1.4462
44.055,0.8540,0.0274,0.8815,0.1386,0.0000,0.1386,1.6212
44.061,0.7235,0.0274,0.7510,-0.0583,0.0000,-0.0583,1.6212
44.065,0.6275,0.0274,0.6549,-0.2322,0.0000,-0.2322,1.6212
44.069,0.5306,0.0274,0.5580,-0.4158,0.0000,-0.4158,1.6212
44.074,0.4238,0.0278,0.4516,-0.6107,0.0000,-0.6107,1.7899
44.079,0.3186,0.0278,0.3464,-0.7951,0.0000,-0.7951,1.7899
44.083,0.2337,0.0278,0.2614,-0.9389,0.0000,-0.9389,1.7899
44.088,0.1428,0.0278,0.1706,-1.0864,0.0000,-1.0864,1.7899
44.093,0.0540,0.0278,0.0818,-1.2242,0.0000,-1.2242,1.7899
44.097,-0.0249,0.0281,0.0032,-1.3416,0.0000,-1.3416,1.9507
44.102,-0.1191,0.0281,-0.0910,-1.4740,0.0000,-1.4740,1.9507
44.113,-0.3212,0.0281,-0.2931,-1.7210,0.0000,-1.7210,1.9507
44.118,-0.3970,0.0284,-0.3686,-1.8076,0.0000,-1.8076,2.0948
44.124,-0.4904,0.0284,-0.4620,-1.9050,0.0000,-1.9050,2.0948
44.128,-0.5554,0.0284,-0.5270,-1.9679,0.0000,-1.9679,2.0948
44.133,-0.6212,0.0284,-0.5929,-2.0264,0.0000,-2.0264,2.0948
44.138,-0.6965,0.0286,-0.6680,-2.0864,0.0000,-2.0864,2.2266
44.143,-0.7690,0.0286,-0.7404,-2.1371,0.0000,-2.1371,2.2266
44.147,-0.8268,0.0286,-0.7983,-2.1730,0.0000,-2.1730,2.2266
44.151,-0.8847,0.0286,-0.8562,-2.2042,0.0000,-2.2042,2.2266
44.157,-0.9553,0.0287,-0.9267,-2.2348,0.0000,-2.2348,2.3472
44.162,-1.0170,0.0287,-0.9883,-2.2556,0.0000,-2.2556,2.3472
44.166,-1.0704,0.0287,-1.0417,-2.2689,0.0000,-2.2689,2.3472
44.171,-1.1307,0.0287,-1.1020,-2.2778,0.0000,-2.2778,2.3472
44.176,-1.1839,0.0286,-1.1553,-2.2805,0.0000,-2.2805,2.4521
44.181,-1.2458,0.0286,-1.2172,-2.2766,0.0000,-2.2766,2.4521
44.193,-1.3766,0.0286,-1.3479,-2.2356,0.0000,-2.2356,2.4521
44.199,-1.4330,0.0285,-1.4046,-2.2110,0.0000,-2.2110,2.5429
44.204,-1.4887,0.0285,-1.4603,-2.1796,0.0000,-2.1796,2.5429
44.216,-1.5952,0.0282,-1.5670,-2.0930,0.0000,-2.0930,2.6200
44.221,-1.6452,0.0282,-1.6171,-2.0458,0.0000,-2.0458,2.6200
44.226,-1.6809,0.0282,-1.6527,-2.0086,0.0000,-2.0086,2.6200
44.230,-1.7179,0.0282,-1.6898,-1.9659,0.0000,-1.9659,2.6200
44.235,-1.7527,0.0278,-1.7250,-1.9221,0.0000,-1.9221,2.6823
44.240,-1.7938,0.0278,-1.7660,-1.8655,0.0000,-1.8655,2.6823
44.244,-1.8265,0.0278,-1.7987,-1.8157,0.0000,-1.8157,2.6823
44.249,-1.8595,0.0278,-1.8317,-1.7635,0.0000,-1.7635,2.6823
44.253,-1.8910,0.0278,-1.8633,-1.7098,0.0000,-1.7098,2.6823
44.257,-1.9225,0.0273,-1.8952,-1.6529,0.0000,-1.6529,2.7292
44.262,-1.9559,0.0273,-1.9286,-1.5884,0.0000,-1.5884,2.7292
44.267,-1.9842,0.0273,-1.9570,-1.5307,0.0000,-1.5307,2.7292
44.271,-2.0144,0.0273,-1.9871,-1.4657,0.0000,-1.4657,2.7292
44.276,-2.0180,0.0267,-1.9913,-1.4046,0.0000,-1.4046,2.7602
44.280,-2.0206,0.0267,-1.9939,-1.3352,0.0000,-1.3352,2.7602
44.285,-2.0218,0.0267,-1.9951,-1.2699,0.0000,-1.2699,2.7602
44.289,-2.0218,0.0267,-1.9951,-1.2013,0.0000,-1.2013,2.7602
44.294,-2.0207,0.0261,-1.9946,-1.1339,0.0000,-1.1339,2.4138
44.298,-2.0184,0.0261,-1.9923,-1.0587,0.0000,-1.0587,2.4138
44.303,-2.0150,0.0261,-1.9889,-0.9857,0.0000,-0.9857,2.4138
44.307,-2.0106,0.0261,-1.9845,-0.9129,0.0000,-0.9129,2.4138
44.312,-2.0052,0.0261,-1.9791,-0.8377,0.0000,-0.8377,2.4138
44.324,-1.9868,0.0254,-1.9614,-0.6334,0.0000,-0.6334,2.3228
44.328,-1.9774,0.0254,-1.9519,-0.5482,0.0000,-0.5482,2.3228
44.333,-1.9683,0.0254,-1.9428,-0.4724,0.0000,-0.4724,2.3228
44.347,-1.9319,0.0253,-1.9066,-0.1980,0.0000,-0.1980,2.1103
44.354,-1.9139,0.0248,-1.8891,-0.0807,0.0000,-0.0807,2.0145
44.359,-1.8987,0.0248,-1.8740,0.0125,0.0000,0.0125,2.0145
44.363,-1.8861,0.0248,-1.8613,0.0876,0.0000,0.0876,2.0145
44.368,-1.8719,0.0248,-1.8471,0.1691,0.0000,0.1691,2.0145
44.373,-1.8560,0.0248,-1.8312,0.2581,0.0000,0.2581,2.0145
44.377,-1.8411,0.0261,-1.8150,0.3387,0.0000,0.3387,1.6994
44.382,-1.8233,0.0261,-1.7972,0.4335,0.0000,0.4335,1.6994
44.387,-1.8065,0.0261,-1.7803,0.5211,0.0000,0.5211,1.6994
44.391,-1.7894,0.0261,-1.7633,0.6077,0.0000,0.6077,1.6994
44.396,-1.7735,0.0246,-1.7489,0.6875,0.0000,0.6875,1.7145
44.401,-1.7545,0.0246,-1.7298,0.7814,0.0000,0.7814,1.7145
44.405,-1.7364,0.0246,-1.7117,0.8692,0.0000,0.8692,1.7145
44.410,-1.7193,0.0246,-1.6947,0.9510,0.0000,0.9510,1.7145
44.414,-1.7003,0.0266,-1.6737,1.0412,0.0000,1.0412,1.4149
44.427,-1.6450,0.0266,-1.6184,1.3046,0.0000,1.3046,1.4149
44.433,-1.6234,0.0266,-1.5967,1.4039,0.0000,1.4039,1.4149
44.439,-1.5960,0.0250,-1.5710,1.5283,0.0000,1.5283,1.4286
44.444,-1.5740,0.0250,-1.5490,1.6276,0.0000,1.6276,1.4286
44.449,-1.5548,0.0250,-1.5298,1.7137,0.0000,1.7137,1.4286
44.453,-1.5364,0.0250,-1.5113,1.7960,0.0000,1.7960,1.4286
44.457,-1.5169,0.0259,-1.4910,1.8829,0.0000,1.8829,1.2468
44.463,-1.4927,0.0259,-1.4668,1.9907,0.0000,1.9907,1.2468
44.467,-1.4740,0.0259,-1.4482,2.0731,0.0000,2.0731,1.2468
44.472,-1.4529,0.0259,-1.4271,2.1667,0.0000,2.1667,1.2468
44.477,-1.4331,0.0255,-1.4076,2.2545,0.0000,2.2545,1.1610
44.482,-1.4111,0.0255,-1.3856,2.3517,0.0000,2.3517,1.1610
44.486,-1.3910,0.0255,-1.3654,2.4410,0.0000,2.4410,1.1610
44.498,-1.3379,0.0252,-1.3127,2.6812,0.0000,2.6812,1.0726
44.506,-1.3032,0.0252,-1.2780,2.8365,0.0000,2.8365,1.0726
44.511,-1.2817,0.0252,-1.2565,2.9324,0.0000,2.9324,1.0726
44.516,-1.2609,0.0248,-1.2361,3.0252,0.0000,3.0252,0.9820
44.523,-1.2345,0.0248,-1.2096,3.1443,0.0000,3.1443,0.9820
44.534,-1.1861,0.0244,-1.1617,3.3656,0.0000,3.3656,0.8833
44.540,-1.1633,0.0244,-1.1388,3.4694,0.0000,3.4694,0.8833
44.544,-1.1453,0.0244,-1.1209,3.5508,0.0000,3.5508,0.8833
44.548,-1.1284,0.0244,-1.1040,3.6279,0.0000,3.6279,0.8833
44.553,-1.1107,0.0244,-1.0863,3.7087,0.0000,3.7087,0.8833
44.557,-1.0912,0.0244,-1.0668,3.7985,0.0000,3.7985,0.7014
44.562,-1.0713,0.0244,-1.0470,3.8901,0.0000,3.8901,0.7014
44.567,-1.0549,0.0244,-1.0305,3.9662,0.0000,3.9662,0.7014
44.572,-1.0339,0.0244,-1.0095,4.0637,0.0000,4.0637,0.7014
44.577,-1.0157,0.0233,-0.9923,4.1489,0.0000,4.1489,0.6834
44.582,-0.9974,0.0233,-0.9740,4.2346,0.0000,4.2346,0.6834
44.586,-0.9809,0.0233,-0.9576,4.3117,0.0000,4.3117,0.6834
44.590,-0.9643,0.0233,-0.9410,4.3901,0.0000,4.3901,0.6834
44.595,-0.9492,0.0223,-0.9269,4.4616,0.0000,4.4616,0.6590
44.599,-0.9318,0.0223,-0.9095,4.5441,0.0000,4.5441,0.6590
44.604,-0.9145,0.0223,-0.8922,4.6265,0.0000,4.6265,0.6590
44.608,-0.8991,0.0223,-0.8768,4.6997,0.0000,4.6997,0.6590
44.613,-0.8848,0.0223,-0.8625,4.7682,0.0000,4.7682,0.6590
44.617,-0.8703,0.0213,-0.8489,4.8378,0.0000,4.8378,0.6284
44.622,-0.8526,0.0213,-0.8312,4.9229,0.0000,4.9229,0.6284
44.627,-0.8357,0.0213,-0.8144,5.0039,0.0000,5.0039,0.6284
44.639,-0.7938,0.0203,-0.7735,5.1819,0.0000,5.1819,0.5196
44.653,-0.7494,0.0203,-0.7292,5.2663,0.0000,5.2663,0.5196
44.659,-0.7296,0.0192,-0.7105,5.2809,0.0000,5.2809,0.4133
44.665,-0.7129,0.0192,-0.6937,5.2764,0.0000,5.2764,0.4133
44.670,-0.6983,0.0192,-0.6792,5.2594,0.0000,5.2594,0.4133
44.675,-0.6840,0.0182,-0.6658,5.2295,0.0000,5.2295,0.3940
44.680,-0.6682,0.0182,-0.6500,5.1803,0.0000,5.1803,0.3940
44.685,-0.6542,0.0182,-0.6360,5.1242,0.0000,5.1242,0.3940
44.698,-0.6174,0.0173,-0.6001,4.9780,0.0000,4.9780,0.3723
44.706,-0.5961,0.0173,-0.5788,4.8950,0.0000,4.8950,0.3723
44.711,-0.5827,0.0173,-0.5654,4.8432,0.0000,4.8432,0.3723
44.716,-0.5717,0.0164,-0.5553,4.8010,0.0000,4.8010,0.3452
44.721,-0.5577,0.0164,-0.5413,4.7476,0.0000,4.7476,0.3452
44.726,-0.5462,0.0164,-0.5298,4.7039,0.0000,4.7039,0.3452
44.730,-0.5355,0.0164,-0.5191,4.6636,0.0000,4.6636,0.3452
44.735,-0.5249,0.0155,-0.5094,4.6235,0.0000,4.6235,0.3076
44.747,-0.4960,0.0155,-0.4805,4.5163,0.0000,4.5163,0.3076
44.751,-0.4863,0.0155,-0.4708,4.4808,0.0000,4.4808,0.3076
44.756,-0.4756,0.0145,-0.4611,4.4421,0.0000,4.4421,0.2648
44.762,-0.4646,0.0145,-0.4500,4.4022,0.0000,4.4022,0.2648
44.766,-0.4552,0.0145,-0.4407,4.3689,0.0000,4.3689,0.2648
44.771,-0.4452,0.0145,-0.4307,4.3333,0.0000,4.3333,0.2648
44.776,-0.4354,0.0135,-0.4219,4.2990,0.0000,4.2990,0.2182
44.781,-0.4248,0.0135,-0.4113,4.2619,0.0000,4.2619,0.2182
44.786,-0.4158,0.0135,-0.4022,4.2305,0.0000,4.2305,0.2182
44.791,-0.4048,0.0135,-0.3913,4.1931,0.0000,4.1931,0.2182
44.803,-0.3821,0.0126,-0.3695,4.1166,0.0000,4.1166,0.1686
44.811,-0.3694,0.0126,-0.3568,4.0746,0.0000,4.0746,0.1686
44.815,-0.3620,0.0116,-0.3504,4.0507,0.0000,4.0507,0.1163
44.820,-0.3533,0.0116,-0.3417,4.0226,0.0000,4.0226,0.1163
44.825,-0.3446,0.0116,-0.3330,3.9949,0.0000,3.9949,0.1163
44.829,-0.3377,0.0116,-0.3261,3.9731,0.0000,3.9731,0.1163
44.834,-0.3308,0.0107,-0.3201,3.9515,0.0000,3.9515,0.0620
44.840,-0.3208,0.0107,-0.3101,3.9209,0.0000,3.9209,0.0620
44.851,-0.3044,0.0107,-0.2937,3.8721,0.0000,3.8721,0.0620
44.857,-0.2963,0.0000,-0.2963,3.8484,0.0000,3.8484,0.0432
44.862,-0.2892,0.0000,-0.2892,3.8281,0.0000,3.8281,0.0432
44.866,-0.2834,0.0000,-0.2834,3.8118,0.0000,3.8118,0.0432
44.870,-0.2773,0.0000,-0.2773,3.7947,0.0000,3.7947,0.0432
44.875,-0.2706,0.0000,-0.2706,3.7766,0.0000,3.7766,0.0283
44.880,-0.2642,0.0000,-0.2642,3.7594,0.0000,3.7594,0.0283
44.884,-0.2586,0.0000,-0.2586,3.7448,0.0000,3.7448,0.0283
44.889,-0.2525,0.0000,-0.2525,3.7292,0.0000,3.7292,0.0283
44.894,-0.2473,0.0000,-0.2473,3.7161,0.0000,3.7161,0.0283
44.898,-0.2425,0.0000,-0.2425,3.7043,0.0000,3.7043,0.0096
44.902,-0.2368,0.0000,-0.2368,3.6907,0.0000,3.6907,0.0096
44.907,-0.2316,0.0000,-0.2316,3.6785,0.0000,3.6785,0.0096
44.911,-0.2270,0.0000,-0.2270,3.6680,0.0000,3.6680,0.0096
44.915,-0.2225,0.0000,-0.2225,3.6580,0.0000,3.6580,-0.0164
44.920,-0.2172,0.0000,-0.2172,3.6465,0.0000,3.6465,-0.0164
44.924,-0.2124,0.0000,-0.2124,3.6365,0.0000,3.6365,-0.0164
44.929,-0.2080,0.0000,-0.2080,3.6276,0.0000,3.6276,-0.0164
44.933,-0.2029,0.0000,-0.2029,3.6176,0.0000,3.6176,-0.0164
44.939,-0.1976,0.0000,-0.1976,3.6079,0.0000,3.6079,-0.0460
44.944,-0.1925,0.0000,-0.1925,3.5990,0.0000,3.5990,-0.0460
44.958,-0.1793,0.0000,-0.1793,3.5790,0.0000,3.5790,-0.0786
44.971,-0.1671,0.0000,-0.1671,3.5640,0.0000,3.5640,-0.0786
44.976,-0.1631,0.0000,-0.1631,3.5596,0.0000,3.5596,-0.1136
44.981,-0.1586,0.0000,-0.1586,3.5552,0.0000,3.5552,-0.1136
44.986,-0.1549,0.0000,-0.1549,3.5520,0.0000,3.5520,-0.1136
44.991,-0.1513,0.0000,-0.1513,3.5494,0.0000,3.5494,-0.1136
44.995,-0.1476,0.0000,-0.1476,3.5471,0.0000,3.5471,-0.1508
45.001,-0.1432,0.0000,-0.1432,3.5452,0.0000,3.5452,-0.1508
45.006,-0.1397,0.0000,-0.1397,3.5441,0.0000,3.5441,-0.1508
45.011,-0.1362,0.0000,-0.1362,3.5436,0.0000,3.5436,-0.1508
45.016,-0.1329,0.0000,-0.1329,3.5436,0.0000,3.5436,-0.1904
45.021,-0.1293,0.0000,-0.1293,3.5443,0.0000,3.5443,-0.1904
45.025,-0.1264,0.0000,-0.1264,3.5453,0.0000,3.5453,-0.1904
45.030,-0.1234,0.0000,-0.1234,3.5468,0.0000,3.5468,-0.1904
45.035,-0.1204,0.0000,-0.1204,3.5488,0.0000,3.5488,-0.2053
45.040,-0.1169,0.0000,-0.1169,3.5520,0.0000,3.5520,-0.2053
45.045,-0.1140,0.0000,-0.1140,3.5553,0.0000,3.5553,-0.2053
45.050,-0.1114,0.0000,-0.1114,3.5587,0.0000,3.5587,-0.2053
45.054,-0.1088,0.0000,-0.1088,3.5625,0.0000,3.5625,-0.1906
45.060,-0.1058,0.0000,-0.1058,3.5678,0.0000,3.5678,-0.1906
45.071,-0.0994,0.0000,-0.0994,3.5826,0.0000,3.5826,-0.1906
45.078,-0.0959,0.0000,-0.0959,3.5922,0.0000,3.5922,-0.1748
45.083,-0.0932,0.0000,-0.0932,3.6000,0.0000,3.6000,-0.1748
45.088,-0.0910,0.0000,-0.0910,3.6075,0.0000,3.6075,-0.1748
45.093,-0.0887,0.0000,-0.0887,3.6154,0.0000,3.6154,-0.1748
45.097,-0.0867,0.0000,-0.0867,3.6232,0.0000,3.6232,-0.1645
45.110,-0.0808,0.0000,-0.0808,3.6514,0.0000,3.6514,-0.1645
45.116,-0.0784,0.0000,-0.0784,3.6635,0.0000,3.6635,-0.1440
45.121,-0.0763,0.0000,-0.0763,3.6752,0.0000,3.6752,-0.1440
45.126,-0.0744,0.0000,-0.0744,3.6864,0.0000,3.6864,-0.1440
45.130,-0.0727,0.0000,-0.0727,3.6973,0.0000,3.6973,-0.1440
45.134,-0.0710,0.0000,-0.0710,3.7084,0.0000,3.7084,-0.1262
45.140,-0.0688,0.0000,-0.0688,3.7247,0.0000,3.7247,-0.1262
45.145,-0.0672,0.0000,-0.0672,3.7369,0.0000,3.7369,-0.1262
45.149,-0.0657,0.0000,-0.0657,3.7495,0.0000,3.7495,-0.1262
45.154,-0.0640,0.0000,-0.0640,3.7639,0.0000,3.7639,-0.1139
45.159,-0.0623,0.0000,-0.0623,3.7793,0.0000,3.7793,-0.1139
45.163,-0.0609,0.0000,-0.0609,3.7928,0.0000,3.7928,-0.1139
45.167,-0.0595,0.0000,-0.0595,3.8069,0.0000,3.8069,-0.1139
45.172,-0.0579,0.0000,-0.0579,3.8243,0.0000,3.8243,-0.1139
45.183,-0.0545,0.0000,-0.0545,3.8656,0.0000,3.8656,-0.1065
45.190,-0.0527,0.0000,-0.0527,3.8892,0.0000,3.8892,-0.1065
45.194,-0.0515,0.0000,-0.0515,3.9060,0.0000,3.9060,-0.1037
45.199,-0.0502,0.0000,-0.0502,3.9257,0.0000,3.9257,-0.1037
45.204,-0.0488,0.0000,-0.0488,3.9466,0.0000,3.9466,-0.1037
45.208,-0.0476,0.0000,-0.0476,3.9655,0.0000,3.9655,-0.1037
45.213,-0.0465,0.0000,-0.0465,3.9846,0.0000,3.9846,-0.1037
45.217,-0.0454,0.0000,-0.0454,4.0037,0.0000,4.0037,-0.1051
45.222,-0.0441,0.0000,-0.0441,4.0280,0.0000,4.0280,-0.1051
45.227,-0.0431,0.0000,-0.0431,4.0481,0.0000,4.0481,-0.1051
45.232,-0.0419,0.0000,-0.0419,4.0732,0.0000,4.0732,-0.1051
45.237,-0.0407,0.0000,-0.0407,4.0998,0.0000,4.0998,-0.0522
45.243,-0.0395,0.0000,-0.0395,4.1263,0.0000,4.1263,-0.0522
45.247,-0.0386,0.0000,-0.0386,4.1484,0.0000,4.1484,-0.0522
45.251,-0.0377,0.0000,-0.0377,4.1716,0.0000,4.1716,-0.0522
45.265,-0.0350,0.0000,-0.0350,4.2490,0.0000,4.2490,0.0086
45.272,-0.0335,0.0000,-0.0335,4.2925,0.0000,4.2925,0.0086
45.277,-0.0326,0.0000,-0.0326,4.3230,0.0000,4.3230,0.0605
45.289,-0.0304,0.0000,-0.0304,4.4025,0.0000,4.4025,0.0605
45.295,-0.0295,0.0000,-0.0295,4.4362,0.0000,4.4362,0.1411
45.300,-0.0286,0.0000,-0.0286,4.4732,0.0000,4.4732,0.1411
45.306,-0.0278,0.0000,-0.0278,4.5084,0.0000,4.5084,0.1411
45.311,-0.0271,0.0000,-0.0271,4.5408,0.0000,4.5408,0.1411
45.315,-0.0264,0.0000,-0.0264,4.5704,0.0000,4.5704,0.2198
45.320,-0.0257,0.0000,-0.0257,4.6056,0.0000,4.6056,0.2198
45.325,-0.0249,0.0000,-0.0249,4.6453,0.0000,4.6453,0.2198
45.330,-0.0244,0.0000,-0.0244,4.6761,0.0000,4.6761,0.2198
45.334,-0.0238,0.0000,-0.0238,4.7079,0.0000,4.7079,0.2878
45.339,-0.0231,0.0000,-0.0231,4.7492,0.0000,4.7492,0.2878
45.344,-0.0225,0.0000,-0.0225,4.7824,0.0000,4.7824,0.2878
45.348,-0.0220,0.0000,-0.0220,4.8188,0.0000,4.8188,0.2878
45.353,-0.0214,0.0000,-0.0214,4.8539,0.0000,4.8539,0.2878
45.358,-0.0208,0.0000,-0.0208,4.8933,0.0000,4.8933,0.3450
45.362,-0.0203,0.0000,-0.0203,4.9330,0.0000,4.9330,0.3450
45.366,-0.0198,0.0000,-0.0198,4.9668,0.0000,4.9668,0.3450
45.371,-0.0193,0.0000,-0.0193,5.0067,0.0000,5.0067,0.3450
45.375,-0.0189,0.0000,-0.0189,5.0446,0.0000,5.0446,0.3918
45.380,-0.0183,0.0000,-0.0183,5.0889,0.0000,5.0889,0.3918
45.391,-0.0172,0.0000,-0.0172,5.1941,0.0000,5.1941,0.3918
45.396,-0.0168,0.0000,-0.0168,5.2347,0.0000,5.2347,0.4283
45.401,-0.0164,0.0000,-0.0164,5.2802,0.0000,5.2802,0.4283
45.406,-0.0159,0.0000,-0.0159,5.3278,0.0000,5.3278,0.4283
45.418,-0.0149,0.0000,-0.0149,5.4204,0.0000,5.4204,0.4808
45.424,-0.0143,0.0000,-0.0143,5.4516,0.0000,5.4516,0.4808
45.428,-0.0140,0.0000,-0.0140,5.4652,0.0000,5.4652,0.4808
45.432,-0.0137,0.0000,-0.0137,5.4721,0.0000,5.4721,0.4808
45.438,-0.0133,0.0000,-0.0133,5.4701,0.0000,5.4701,0.4492
45.443,-0.0129,0.0000,-0.0129,5.4594,0.0000,5.4594,0.4492
45.447,-0.0126,0.0000,-0.0126,5.4445,0.0000,5.4445,0.4492
45.452,-0.0123,0.0000,-0.0123,5.4198,0.0000,5.4198,0.4492
45.457,-0.0119,0.0000,-0.0119,5.3860,0.0000,5.3860,0.5217
45.462,-0.0116,0.0000,-0.0116,5.3455,0.0000,5.3455,0.5217
45.466,-0.0113,0.0000,-0.0113,5.3109,0.0000,5.3109,0.5217
45.470,-0.0110,0.0000,-0.0110,5.2795,0.0000,5.2795,0.5217
45.475,-0.0108,0.0000,-0.0108,5.2504,0.0000,5.2504,0.5204
45.481,-0.0104,0.0000,-0.0104,5.2149,0.0000,5.2149,0.5204
45.485,-0.0101,0.0000,-0.0101,5.1918,0.0000,5.1918,0.5204
45.490,-0.0099,0.0000,-0.0099,5.1691,0.0000,5.1691,0.5204
45.494,-0.0096,0.0000,-0.0096,5.1491,0.0000,5.1491,0.6398
45.506,-0.0090,0.0000,-0.0090,5.1096,0.0000,5.1096,0.6398
45.511,-0.0088,0.0000,-0.0088,5.0979,0.0000,5.0979,0.6398
45.515,-0.0085,0.0000,-0.0085,5.0881,0.0000,5.0881,0.6421
45.520,-0.0083,0.0000,-0.0083,5.0792,0.0000,5.0792,0.6421
45.525,-0.0081,0.0000,-0.0081,5.0720,0.0000,5.0720,0.6421
45.529,-0.0079,0.0000,-0.0079,5.0670,0.0000,5.0670,0.6421
45.533,-0.0077,0.0000,-0.0077,5.0637,0.0000,5.0637,0.6421
45.538,-0.0075,0.0000,-0.0075,5.0617,0.0000,5.0617,0.5363
45.543,-0.0073,0.0000,-0.0073,5.0613,0.0000,5.0613,0.5363
45.547,-0.0071,0.0000,-0.0071,5.0622,0.0000,5.0622,0.5363
45.551,-0.0070,0.0000,-0.0070,5.0641,0.0000,5.0641,0.5363
45.556,-0.0068,0.0000,-0.0068,5.0677,0.0000,5.0677,0.4306
45.569,-0.0063,0.0000,-0.0063,5.0863,0.0000,5.0863,0.4306
45.575,-0.0061,0.0000,-0.0061,5.0963,0.0000,5.0963,0.3236
45.580,-0.0059,0.0000,-0.0059,5.1058,0.0000,5.1058,0.3236
45.584,-0.0058,0.0000,-0.0058,5.1144,0.0000,5.1144,0.3236
45.588,-0.0056,0.0000,-0.0056,5.1249,0.0000,5.1249,0.3236
45.593,-0.0055,0.0000,-0.0055,5.1364,0.0000,5.1364,0.3236
45.598,-0.0053,0.0000,-0.0053,5.1470,0.0000,5.1470,0.4027
45.603,-0.0052,0.0000,-0.0052,5.1609,0.0000,5.1609,0.4027
45.608,-0.0050,0.0000,-0.0050,5.1754,0.0000,5.1754,0.4027
45.619,-0.0047,0.0000,-0.0047,5.2098,0.0000,5.2098,0.2783
45.625,-0.0045,0.0000,-0.0045,5.2262,0.0000,5.2262,0.2783
45.629,-0.0044,0.0000,-0.0044,5.2389,0.0000,5.2389,0.2783
45.633,-0.0043,0.0000,-0.0043,5.2511,0.0000,5.2511,0.2783
45.638,-0.0042,0.0000,-0.0042,5.2662,0.0000,5.2662,0.3688
45.643,-0.0041,0.0000,-0.0041,5.2808,0.0000,5.2808,0.3688
45.647,-0.0040,0.0000,-0.0040,5.2929,0.0000,5.2929,0.3688
45.651,-0.0039,0.0000,-0.0039,5.3048,0.0000,5.3048,0.3688
45.656,-0.0038,0.0000,-0.0038,5.3179,0.0000,5.3179,0.3818
45.661,-0.0037,0.0000,-0.0037,5.3319,0.0000,5.3319,0.3818
45.665,-0.0036,0.0000,-0.0036,5.3434,0.0000,5.3434,0.3818
45.669,-0.0035,0.0000,-0.0035,5.3547,0.0000,5.3547,0.3818
45.674,-0.0034,0.0000,-0.0034,5.3665,0.0000,5.3665,0.5231
45.678,-0.0033,0.0000,-0.0033,5.3782,0.0000,5.3782,0.5231
45.682,-0.0033,0.0000,-0.0033,5.3881,0.0000,5.3881,0.5231
45.687,-0.0032,0.0000,-0.0032,5.3992,0.0000,5.3992,0.5231
45.692,-0.0031,0.0000,-0.0031,5.4084,0.0000,5.4084,0.5231
45.696,-0.0030,0.0000,-0.0030,5.4165,0.0000,5.4165,0.4280
45.700,-0.0029,0.0000,-0.0029,5.4256,0.0000,5.4256,0.4280
45.705,-0.0029,0.0000,-0.0029,5.4332,0.0000,5.4332,0.4280
45.709,-0.0028,0.0000,-0.0028,5.4401,0.0000,5.4401,0.4280
45.721,-0.0026,0.0000,-0.0026,5.4541,0.0000,5.4541,0.4388
45.734,-0.0024,0.0000,-0.0024,5.4625,0.0000,5.4625,0.3265
45.743,-0.0023,0.0000,-0.0023,5.4645,0.0000,5.4645,0.3265
45.751,-0.0022,0.0000,-0.0022,5.4631,0.0000,5.4631,0.3265
45.757,-0.0021,0.0000,-0.0021,5.4606,0.0000,5.4606,0.3208
45.763,-0.0020,0.0000,-0.0020,5.4568,0.0000,5.4568,0.3208
45.767,-0.0020,0.0000,-0.0020,5.4531,0.0000,5.4531,0.3208
45.771,-0.0019,0.0000,-0.0019,5.4483,0.0000,5.4483,0.3208
45.776,-0.0019,0.0000,-0.0019,5.4429,0.0000,5.4429,0.1059
45.781,-0.0018,0.0000,-0.0018,5.4348,0.0000,5.4348,0.1059
45.785,-0.0018,0.0000,-0.0018,5.4273,0.0000,5.4273,0.1059
45.790,-0.0017,0.0000,-0.0017,5.4180,0.0000,5.4180,0.1059
45.794,-0.0017,0.0000,-0.0017,5.4080,0.0000,5.4080,0.1949
45.799,-0.0016,0.0000,-0.0016,5.3964,0.0000,5.3964,0.1949
45.803,-0.0016,0.0000,-0.0016,5.3851,0.0000,5.3851,0.1949
45.808,-0.0016,0.0000,-0.0016,5.3728,0.0000,5.3728,0.1949
45.813,-0.0015,0.0000,-0.0015,5.3584,0.0000,5.3584,0.1949
45.817,-0.0015,0.0000,-0.0015,5.3435,0.0000,5.3435,0.0900
45.823,-0.0014,0.0000,-0.0014,5.3222,0.0000,5.3222,0.0900
45.835,-0.0013,0.0000,-0.0013,5.2737,0.0000,5.2737,-0.0090
45.840,-0.0013,0.0000,-0.0013,5.2488,0.0000,5.2488,-0.0090
45.845,-0.0013,0.0000,-0.0013,5.2278,0.0000,5.2278,-0.0090
45.850,-0.0012,0.0000,-0.0012,5.2057,0.0000,5.2057,-0.0090
45.855,-0.0012,0.0000,-0.0012,5.1808,0.0000,5.1808,0.0117
45.860,-0.0011,0.0000,-0.0011,5.1530,0.0000,5.1530,0.0117
45.874,-0.0011,0.0000,-0.0011,5.0763,0.0000,5.0763,0.1341
45.880,-0.0010,0.0000,-0.0010,5.0368,0.0000,5.0368,0.1341
45.885,-0.0010,0.0000,-0.0010,5.0083,0.0000,5.0083,0.1341
45.890,-0.0010,0.0000,-0.0010,4.9783,0.0000,4.9783,0.1341
45.895,-0.0009,0.0000,-0.0009,4.9490,0.0000,4.9490,0.2386
45.900,-0.0009,0.0000,-0.0009,4.9150,0.0000,4.9150,0.2386
45.905,-0.0009,0.0000,-0.0009,4.8827,0.0000,4.8827,0.2386
45.909,-0.0009,0.0000,-0.0009,4.8530,0.0000,4.8530,0.2386
45.914,-0.0008,0.0000,-0.0008,4.8202,0.0000,4.8202,0.1258
45.920,-0.0008,0.0000,-0.0008,4.7831,0.0000,4.7831,0.1258
45.925,-0.0008,0.0000,-0.0008,4.7477,0.0000,4.7477,0.1258
45.936,-0.0007,0.0000,-0.0007,4.6589,0.0000,4.6589,0.2093
45.942,-0.0007,0.0000,-0.0007,4.6194,0.0000,4.6194,0.2093
45.946,-0.0007,0.0000,-0.0007,4.5853,0.0000,4.5853,0.2093
45.951,-0.0007,0.0000,-0.0007,4.5492,0.0000,4.5492,0.2093
45.956,-0.0007,0.0000,-0.0007,4.5130,0.0000,4.5130,-0.1117
45.961,-0.0006,0.0000,-0.0006,4.4749,0.0000,4.4749,-0.1117
45.965,-0.0006,0.0000,-0.0006,4.4395,0.0000,4.4395,-0.1117
45.970,-0.0006,0.0000,-0.0006,4.4046,0.0000,4.4046,-0.1117
45.974,-0.0006,0.0000,-0.0006,4.3698,0.0000,4.3698,-0.0600
45.979,-0.0006,0.0000,-0.0006,4.3317,0.0000,4.3317,-0.0600
45.983,-0.0006,0.0000,-0.0006,4.2983,0.0000,4.2983,-0.0600
45.987,-0.0005,0.0000,-0.0005,4.2640,0.0000,4.2640,-0.0600
45.991,-0.0005,0.0000,-0.0005,4.2299,0.0000,4.2299,-0.0600
45.996,-0.0005,0.0000,-0.0005,4.1949,0.0000,4.1949,-0.1807
46.000,-0.0005,0.0000,-0.0005,4.1551,0.0000,4.1551,-0.1807
46.005,-0.0005,0.0000,-0.0005,4.1189,0.0000,4.1189,-0.1807
46.009,-0.0005,0.0000,-0.0005,4.0852,0.0000,4.0852,-0.1807
46.014,-0.0005,0.0000,-0.0005,4.0459,0.0000,4.0459,-0.1460
46.027,-0.0004,0.0000,-0.0004,3.9307,0.0000,3.9307,-0.1460
46.040,-0.0004,0.0000,-0.0004,3.8188,0.0000,3.8188,-0.1735
46.045,-0.0004,0.0000,-0.0004,3.7737,0.0000,3.7737,-0.1735
46.050,-0.0004,0.0000,-0.0004,3.7370,0.0000,3.7370,-0.1735
46.054,-0.0004,0.0000,-0.0004,3.7008,0.0000,3.7008,-0.1272
46.059,-0.0004,0.0000,-0.0004,3.6579,0.0000,3.6579,-0.1272
46.064,-0.0003,0.0000,-0.0003,3.6204,0.0000,3.6204,-0.1272
46.068,-0.0003,0.0000,-0.0003,3.5853,0.0000,3.5853,-0.1272
46.073,-0.0003,0.0000,-0.0003,3.5469,0.0000,3.5469,-0.1272
46.077,-0.0003,0.0000,-0.0003,3.5100,0.0000,3.5100,-0.1665
46.082,-0.0003,0.0000,-0.0003,3.4722,0.0000,3.4722,-0.1665
46.086,-0.0003,0.0000,-0.0003,3.4377,0.0000,3.4377,-0.1665
46.091,-0.0003,0.0000,-0.0003,3.4004,0.0000,3.4004,-0.1665
46.095,-0.0003,0.0000,-0.0003,3.3653,0.0000,3.3653,-0.1362
46.100,-0.0003,0.0000,-0.0003,3.3280,0.0000,3.3280,-0.1362
46.104,-0.0003,0.0000,-0.0003,3.2912,0.0000,3.2912,-0.1362
46.109,-0.0003,0.0000,-0.0003,3.2554,0.0000,3.2554,-0.1362
46.113,-0.0003,0.0000,-0.0003,3.2224,0.0000,3.2224,-0.1362
46.117,-0.0002,0.0000,-0.0002,3.1900,0.0000,3.1900,-0.1156
46.122,-0.0002,0.0000,-0.0002,3.1495,0.0000,3.1495,-0.1156
46.126,-0.0002,0.0000,-0.0002,3.1160,0.0000,3.1160,-0.1156
46.131,-0.0002,0.0000,-0.0002,3.0836,0.0000,3.0836,-0.1156
46.135,-0.0002,0.0000,-0.0002,3.0473,0.0000,3.0473,-0.1039
46.147,-0.0002,0.0000,-0.0002,2.9539,0.0000,2.9539,-0.1039
46.152,-0.0002,0.0000,-0.0002,2.9186,0.0000,2.9186,-0.1039
46.157,-0.0002,0.0000,-0.0002,2.8808,0.0000,2.8808,-0.1250
46.161,-0.0002,0.0000,-0.0002,2.8448,0.0000,2.8448,-0.1250
46.166,-0.0002,0.0000,-0.0002,2.8107,0.0000,2.8107,-0.1250
46.179,-0.0002,0.0000,-0.0002,2.7091,0.0000,2.7091,-0.2239
46.185,-0.0002,0.0000,-0.0002,2.6650,0.0000,2.6650,-0.2239
46.190,-0.0002,0.0000,-0.0002,2.6327,0.0000,2.6327,-0.2239
46.194,-0.0002,0.0000,-0.0002,2.6034,0.0000,2.6034,-0.3780
46.199,-0.0001,0.0000,-0.0001,2.5683,0.0000,2.5683,-0.3780
46.204,-0.0001,0.0000,-0.0001,2.5366,0.0000,2.5366,-0.3780
46.208,-0.0001,0.0000,-0.0001,2.5067,0.0000,2.5067,-0.3780
46.212,-0.0001,0.0000,-0.0001,2.4776,0.0000,2.4776,-0.3780
46.217,-0.0001,0.0000,-0.0001,2.4480,0.0000,2.4480,-0.5337
46.222,-0.0001,0.0000,-0.0001,2.4144,0.0000,2.4144,-0.5337
46.226,-0.0001,0.0000,-0.0001,2.3868,0.0000,2.3868,-0.5337
46.230,-0.0001,0.0000,-0.0001,2.3618,0.0000,2.3618,-0.5337
46.235,-0.0001,0.0000,-0.0001,2.3439,0.0000,2.3439,-0.5833
46.240,-0.0001,0.0000,-0.0001,2.3317,0.0000,2.3317,-0.5833
46.244,-0.0001,0.0000,-0.0001,2.3273,0.0000,2.3273,-0.5833
46.256,-0.0001,0.0000,-0.0001,2.3572,0.0000,2.3572,-0.6332
46.261,-0.0001,0.0000,-0.0001,2.3754,0.0000,2.3754,-0.6332
46.265,-0.0001,0.0000,-0.0001,2.3950,0.0000,2.3950,-0.6332
46.270,-0.0001,0.0000,-0.0001,2.4202,0.0000,2.4202,-0.6332
46.274,-0.0001,0.0000,-0.0001,2.4498,0.0000,2.4498,-0.6828
46.279,-0.0001,0.0000,-0.0001,2.4844,0.0000,2.4844,-0.6828
46.283,-0.0001,0.0000,-0.0001,2.5131,0.0000,2.5131,-0.6828
46.287,-0.0001,0.0000,-0.0001,2.5403,0.0000,2.5403,-0.6828
46.291,-0.0001,0.0000,-0.0001,2.5664,0.0000,2.5664,-0.6828
46.296,-0.0001,0.0000,-0.0001,2.5893,0.0000,2.5893,-0.7317
46.300,-0.0001,0.0000,-0.0001,2.6122,0.0000,2.6122,-0.7317
46.304,-0.0001,0.0000,-0.0001,2.6321,0.0000,2.6321,-0.7317
46.309,-0.0001,0.0000,-0.0001,2.6504,0.0000,2.6504,-0.7317
46.313,-0.0001,0.0000,-0.0001,2.6662,0.0000,2.6662,-0.7317
46.317,-0.0001,0.0000,-0.0001,2.6817,0.0000,2.6817,-0.7790
46.330,-0.0001,0.0000,-0.0001,2.7140,0.0000,2.7140,-0.7790
46.337,-0.0001,0.0000,-0.0001,2.7273,0.0000,2.7273,-0.8513
46.342,-0.0001,0.0000,-0.0001,2.7364,0.0000,2.7364,-0.8513
46.347,-0.0001,0.0000,-0.0001,2.7412,0.0000,2.7412,-0.8513
46.351,-0.0001,0.0000,-0.0001,2.7439,0.0000,2.7439,-0.8513
46.357,-0.0001,0.0000,-0.0001,2.7444,0.0000,2.7444,-0.9512
46.368,-0.0001,0.0000,-0.0001,2.7333,0.0000,2.7333,-0.9512
46.374,-0.0001,0.0000,-0.0001,2.7254,0.0000,2.7254,-1.0459
46.379,0.0000,0.0000,0.0000,2.7161,0.0000,2.7161,-1.0459
46.383,0.0000,0.0000,0.0000,2.7076,0.0000,2.7076,-1.0459
46.388,0.0000,0.0000,0.0000,2.6952,0.0000,2.6952,-1.0459
46.394,0.0000,0.0000,0.0000,2.6794,0.0000,2.6794,-1.1335
46.401,0.0000,0.0000,0.0000,2.6613,0.0000,2.6613,-1.1335
46.407,0.0000,0.0000,0.0000,2.6437,0.0000,2.6437,-1.1335
46.412,0.0000,0.0000,0.0000,2.6266,0.0000,2.6266,-1.1335
46.418,0.0000,0.0000,0.0000,2.6095,0.0000,2.6095,-1.2387
46.425,0.0000,0.0000,0.0000,2.5882,0.0000,2.5882,-1.2387
46.429,0.0000,0.0000,0.0000,2.5726,0.0000,2.5726,-1.2387
46.434,0.0000,0.0000,0.0000,2.5589,0.0000,2.5589,-1.2387
46.438,0.0000,0.0000,0.0000,2.5441,0.0000,2.5441,-1.3367
46.443,0.0000,0.0000,0.0000,2.5281,0.0000,2.5281,-1.3367
46.447,0.0000,0.0000,0.0000,2.5141,0.0000,2.5141,-1.3367
46.451,0.0000,0.0000,0.0000,2.4996,0.0000,2.4996,-1.3367
46.456,0.0000,0.0000,0.0000,2.4844,0.0000,2.4844,-1.4249
46.460,0.0000,0.0000,0.0000,2.4683,0.0000,2.4683,-1.4249
46.464,0.0000,0.0000,0.0000,2.4539,0.0000,2.4539,-1.4249
46.469,0.0000,0.0000,0.0000,2.4370,0.0000,2.4370,-1.4249
46.482,0.0000,0.0000,0.0000,2.3867,0.0000,2.3867,-1.5031
46.489,0.0000,0.0000,0.0000,2.3574,0.0000,2.3574,-1.5031
46.494,0.0000,0.0000,0.0000,2.3379,0.0000,2.3379,-1.5712
46.499,0.0000,0.0000,0.0000,2.3185,0.0000,2.3185,-1.5712
46.503,0.0000,0.0000,0.0000,2.2986,0.0000,2.2986,-1.5712
46.508,0.0000,0.0000,0.0000,2.2793,0.0000,2.2793,-1.5712
46.512,0.0000,0.0000,0.0000,2.2608,0.0000,2.2608,-1.5712
46.516,0.0000,0.0000,0.0000,2.2425,0.0000,2.2425,-1.6287
46.521,0.0000,0.0000,0.0000,2.2207,0.0000,2.2207,-1.6287
46.525,0.0000,0.0000,0.0000,2.2013,0.0000,2.2013,-1.6287
46.529,0.0000,0.0000,0.0000,2.1826,0.0000,2.1826,-1.6287
46.534,0.0000,0.0000,0.0000,2.1624,0.0000,2.1624,-1.7391
46.539,0.0000,0.0000,0.0000,2.1394,0.0000,2.1394,-1.7391
46.543,0.0000,0.0000,0.0000,2.1200,0.0000,2.1200,-1.7391
46.548,0.0000,0.0000,0.0000,2.0993,0.0000,2.0993,-1.7391
46.552,0.0000,0.0000,0.0000,2.0813,0.0000,2.0813,-1.7391
46.557,0.0000,0.0000,0.0000,2.0626,0.0000,2.0626,-1.8383
46.562,0.0000,0.0000,0.0000,2.0415,0.0000,2.0415,-1.8383
46.566,0.0000,0.0000,0.0000,2.0239,0.0000,2.0239,-1.8383
46.570,0.0000,0.0000,0.0000,2.0064,0.0000,2.0064,-1.8383
46.575,0.0000,0.0000,0.0000,1.9877,0.0000,1.9877,-1.9251
46.586,0.0000,0.0000,0.0000,1.9406,0.0000,1.9406,-1.9251
46.591,0.0000,0.0000,0.0000,1.9230,0.0000,1.9230,-1.9251
46.595,0.0000,0.0105,0.0105,1.9063,0.0000,1.9063,-2.0680
46.600,0.0000,0.0105,0.0105,1.8880,0.0000,1.8880,-2.0680
46.604,0.0000,0.0105,0.0105,1.8710,0.0000,1.8710,-2.0680
46.608,0.0000,0.0105,0.0105,1.8543,0.0000,1.8543,-2.0680
46.613,0.0003,0.0105,0.0108,1.8377,0.0000,1.8377,-2.0680
46.617,0.0009,0.0190,0.0199,1.8226,0.0000,1.8226,-2.1793
46.622,0.0023,0.0190,0.0212,1.8039,0.0000,1.8039,-2.1793
46.634,0.0086,0.0190,0.0276,1.7596,0.0000,1.7596,-2.1793
46.639,0.0139,0.0245,0.0384,1.7377,0.0000,1.7377,-2.2405
46.644,0.0197,0.0245,0.0442,1.7193,0.0000,1.7193,-2.2405
46.648,0.0256,0.0245,0.0501,1.7041,0.0000,1.7041,-2.2405
46.653,0.0324,0.0245,0.0569,1.6890,0.0000,1.6890,-2.2405
46.657,0.0413,0.0289,0.0702,1.6721,0.0000,1.6721,-2.2846
46.662,0.0520,0.0289,0.0810,1.6543,0.0000,1.6543,-2.2846
46.666,0.0627,0.0289,0.0916,1.6388,0.0000,1.6388,-2.2846
46.670,0.0752,0.0289,0.1041,1.6225,0.0000,1.6225,-2.2846
46.675,0.0890,0.0322,0.1212,1.6064,0.0000,1.6064,-2.3120
46.680,0.1056,0.0322,0.1377,1.5892,0.0000,1.5892,-2.3120
46.684,0.1222,0.0322,0.1544,1.5736,0.0000,1.5736,-2.3120
46.696,0.1717,0.0343,0.2060,1.5336,0.0000,1.5336,-2.3225
46.701,0.1955,0.0343,0.2298,1.5171,0.0000,1.5171,-2.3225
46.705,0.2172,0.0343,0.2515,1.5031,0.0000,1.5031,-2.3225
46.709,0.2391,0.0343,0.2734,1.4900,0.0000,1.4900,-2.3225
46.713,0.2611,0.0343,0.2955,1.4777,0.0000,1.4777,-2.3225
46.718,0.2859,0.0366,0.3225,1.4647,0.0000,1.4647,-2.3398
46.723,0.3150,0.0366,0.3516,1.4503,0.0000,1.4503,-2.3398
46.727,0.3405,0.0366,0.3771,1.4383,0.0000,1.4383,-2.3398
46.731,0.3668,0.0366,0.4034,1.4268,0.0000,1.4268,-2.3398
46.736,0.3987,0.0391,0.4378,1.4135,0.0000,1.4135,-2.3644
46.741,0.4321,0.0391,0.4712,1.4003,0.0000,1.4003,-2.3644
46.745,0.4606,0.0391,0.4997,1.3897,0.0000,1.3897,-2.3644
46.749,0.4917,0.0391,0.5308,1.3786,0.0000,1.3786,-2.3644
46.754,0.5241,0.0406,0.5647,1.3675,0.0000,1.3675,-2.3721
46.759,0.5596,0.0406,0.6002,1.3561,0.0000,1.3561,-2.3721
46.763,0.5911,0.0406,0.6316,1.3463,0.0000,1.3463,-2.3721
46.767,0.6240,0.0406,0.6645,1.3366,0.0000,1.3366,-2.3721
46.772,0.6580,0.0406,0.6986,1.3269,0.0000,1.3269,-2.3721
46.776,0.6923,0.0453,0.7376,1.3176,0.0000,1.3176,-2.4453
46.789,0.8021,0.0453,0.8473,1.2888,0.0000,1.2888,-2.4453
46.802,0.9038,0.0471,0.9509,1.2633,0.0000,1.2633,-2.4688
46.807,0.9470,0.0471,0.9942,1.2529,0.0000,1.2529,-2.4688
46.811,0.9836,0.0471,1.0307,1.2444,0.0000,1.2444,-2.4688
46.816,1.0185,0.0477,1.0662,1.2362,0.0000,1.2362,-2.4716
46.820,1.0570,0.0477,1.1047,1.2274,0.0000,1.2274,-2.4716
46.825,1.0929,0.0477,1.1407,1.2192,0.0000,1.2192,-2.4716
46.829,1.1313,0.0477,1.1791,1.2107,0.0000,1.2107,-2.4716
46.833,1.1661,0.0477,1.2138,1.2033,0.0000,1.2033,-2.4716
46.838,1.2014,0.0472,1.2486,1.1959,0.0000,1.1959,-2.4543
46.843,1.2434,0.0472,1.2906,1.1876,0.0000,1.1876,-2.4543
46.847,1.2787,0.0472,1.3259,1.1808,0.0000,1.1808,-2.4543
46.851,1.3126,0.0472,1.3597,1.1745,0.0000,1.1745,-2.4543
46.855,1.3488,0.0455,1.3943,1.1680,0.0000,1.1680,-2.4173
46.860,1.3893,0.0455,1.4349,1.1609,0.0000,1.1609,-2.4173
46.864,1.4232,0.0455,1.4687,1.1552,0.0000,1.1552,-2.4173
46.869,1.4569,0.0455,1.5025,1.1497,0.0000,1.1497,-2.4173
46.873,1.4929,0.0455,1.5384,1.1440,0.0000,1.1440,-2.4173
46.877,1.5264,0.0429,1.5693,1.1389,0.0000,1.1389,-2.3604
46.882,1.5633,0.0429,1.6062,1.1334,0.0000,1.1334,-2.3604
46.886,1.5955,0.0429,1.6384,1.1286,0.0000,1.1286,-2.3604
46.898,1.6854,0.0398,1.7253,1.1159,0.0000,1.1159,-2.2946
46.912,1.7828,0.0398,1.8226,1.1028,0.0000,1.1028,-2.2946
46.916,1.8109,0.0361,1.8470,1.0990,0.0000,1.0990,-2.2145
46.921,1.8434,0.0361,1.8795,1.0947,0.0000,1.0947,-2.2145
46.926,1.8698,0.0361,1.9059,1.0914,0.0000,1.0914,-2.2145
46.930,1.8951,0.0361,1.9312,1.0883,0.0000,1.0883,-2.2145
46.941,1.9603,0.0316,1.9919,1.0793,0.0000,1.0793,-2.1156
46.947,1.9928,0.0316,2.0244,1.0747,0.0000,1.0747,-2.1156
46.952,2.0158,0.0316,2.0474,1.0712,0.0000,1.0712,-2.1156
46.956,2.0386,0.0291,2.0677,1.0676,0.0000,1.0676,-2.0551
46.961,2.0620,0.0291,2.0911,1.0637,0.0000,1.0637,-2.0551
46.965,2.0815,0.0291,2.1106,1.0604,0.0000,1.0604,-2.0551
46.970,2.1021,0.0291,2.1312,1.0567,0.0000,1.0567,-2.0551
46.974,2.1216,0.0260,2.1476,1.0532,0.0000,1.0532,-1.9790
46.979,2.1428,0.0260,2.1688,1.0495,0.0000,1.0495,-1.9790
46.983,2.1607,0.0260,2.1868,1.0464,0.0000,1.0464,-1.9790
46.987,2.1790,0.0260,2.2050,1.0433,0.0000,1.0433,-1.9790
46.992,2.1963,0.0260,2.2223,1.0405,0.0000,1.0405,-1.9790
46.996,2.2138,0.0221,2.2359,1.0375,0.0000,1.0375,-1.8820
47.001,2.2329,0.0221,2.2550,1.0343,0.0000,1.0343,-1.8820
47.006,2.2505,0.0221,2.2726,1.0314,0.0000,1.0314,-1.8820
47.017,2.2911,0.0176,2.3087,1.0252,0.0000,1.0252,-1.7648
47.022,2.3082,0.0176,2.3258,1.0225,0.0000,1.0225,-1.7648
47.026,2.3219,0.0176,2.3394,1.0205,0.0000,1.0205,-1.7648
47.031,2.3354,0.0176,2.3529,1.0184,0.0000,1.0184,-1.7648
47.035,2.3484,0.0125,2.3609,1.0165,0.0000,1.0165,-1.6281
47.040,2.3636,0.0125,2.3761,1.0143,0.0000,1.0143,-1.6281
47.044,2.3763,0.0125,2.3888,1.0125,0.0000,1.0125,-1.6281
47.048,2.3887,0.0125,2.4012,1.0108,0.0000,1.0108,-1.6281
47.053,2.4004,0.0125,2.4129,1.0091,0.0000,1.0091,-1.6281
47.057,2.4124,0.0000,2.4124,1.0074,0.0000,1.0074,-1.4724
47.062,2.4254,0.0000,2.4254,1.0057,0.0000,1.0057,-1.4724
47.066,2.4363,0.0000,2.4363,1.0044,0.0000,1.0044,-1.4724
47.071,2.4477,0.0000,2.4477,1.0029,0.0000,1.0029,-1.4724
47.075,2.4591,0.0000,2.4591,1.0011,0.0000,1.0011,-1.2988
47.081,2.4717,0.0000,2.4717,0.9989,0.0000,0.9989,-1.2988
47.092,2.4984,0.0000,2.4984,0.9932,0.0000,0.9932,-1.2988
47.098,2.5104,0.0000,2.5104,0.9904,0.0000,0.9904,-1.1082
47.103,2.5200,0.0000,2.5200,0.9880,0.0000,0.9880,-1.1082
47.107,2.5291,0.0000,2.5291,0.9855,0.0000,0.9855,-1.1082
47.111,2.5372,0.0000,2.5372,0.9834,0.0000,0.9834,-1.1082
47.116,2.5461,0.0000,2.5461,0.9810,0.0000,0.9810,-0.9021
47.128,2.5680,0.0000,2.5680,0.9754,0.0000,0.9754,-0.9021
47.132,2.5756,0.0000,2.5756,0.9736,0.0000,0.9736,-0.9021
47.137,2.5837,0.0000,2.5837,0.9713,0.0000,0.9713,-0.6816
47.142,2.5923,0.0000,2.5923,0.9691,0.0000,0.9691,-0.6816
47.147,2.5993,0.0000,2.5993,0.9672,0.0000,0.9672,-0.6816
47.151,2.6057,0.0000,2.6057,0.9656,0.0000,0.9656,-0.6816
47.156,2.6130,0.0000,2.6130,0.9637,0.0000,0.9637,-0.5021
47.161,2.6200,0.0000,2.6200,0.9620,0.0000,0.9620,-0.5021
47.165,2.6259,0.0000,2.6259,0.9605,0.0000,0.9605,-0.5021
47.170,2.6323,0.0000,2.6323,0.9589,0.0000,0.9589,-0.5021
47.174,2.6384,0.0000,2.6384,0.9574,0.0000,0.9574,-0.3190
47.179,2.6447,0.0000,2.6447,0.9559,0.0000,0.9559,-0.3190
47.183,2.6500,0.0000,2.6500,0.9546,0.0000,0.9546,-0.3190
47.189,2.6567,0.0000,2.6567,0.9528,0.0000,0.9528,-0.3190
47.193,2.6622,0.0000,2.6622,0.9513,0.0000,0.9513,-0.3190
47.198,2.6672,0.0000,2.6672,0.9499,0.0000,0.9499,-0.1232
47.203,2.6727,0.0000,2.6727,0.9483,0.0000,0.9483,-0.1232
47.207,2.6775,0.0000,2.6775,0.9466,0.0000,0.9466,-0.1232
47.211,2.6819,0.0000,2.6819,0.9450,0.0000,0.9450,-0.1232
47.215,2.6864,0.0000,2.6864,0.9434,0.0000,0.9434,0.0838
47.221,2.6918,0.0000,2.6918,0.9410,0.0000,0.9410,0.0838
47.232,2.7031,0.0000,2.7031,0.9351,0.0000,0.9351,0.0838
47.245,2.7145,0.0000,2.7145,0.9281,0.0000,0.9281,0.3000
47.252,2.7206,0.0000,2.7206,0.9248,0.0000,0.9248,0.3000
47.257,2.7248,0.0000,2.7248,0.9226,0.0000,0.9226,0.5237
47.263,2.7289,0.0000,2.7289,0.9206,0.0000,0.9206,0.5237
47.267,2.7323,0.0000,2.7323,0.9186,0.0000,0.9186,0.5237
47.272,2.7356,0.0000,2.7356,0.9167,0.0000,0.9167,0.5237
47.276,2.7386,0.0000,2.7386,0.9151,0.0000,0.9151,0.7598
47.281,2.7419,0.0000,2.7419,0.9132,0.0000,0.9132,0.7598
47.285,2.7447,0.0000,2.7447,0.9115,0.0000,0.9115,0.7598
47.289,2.7475,0.0000,2.7475,0.9098,0.0000,0.9098,0.7598
47.293,2.7501,0.0000,2.7501,0.9081,0.0000,0.9081,0.7598
47.298,2.7528,0.0000,2.7528,0.9065,0.0000,0.9065,1.0009
47.302,2.7557,0.0000,2.7557,0.9046,0.0000,0.9046,1.0009
47.307,2.7583,0.0000,2.7583,0.9031,0.0000,0.9031,1.0009
47.311,2.7607,0.0000,2.7607,0.9014,0.0000,0.9014,1.0009
47.315,2.7630,0.0000,2.7630,0.8998,0.0000,0.8998,1.2432
47.320,2.7656,0.0000,2.7656,0.8983,0.0000,0.8983,1.2432
47.324,2.7681,0.0000,2.7681,0.8964,0.0000,0.8964,1.2432
47.335,2.7738,0.0000,2.7738,0.8901,0.0000,0.8901,1.4675
47.341,2.7762,0.0000,2.7762,0.8876,0.0000,0.8876,1.4675
47.345,2.7782,0.0000,2.7782,0.8854,0.0000,0.8854,1.4675
47.349,2.7801,0.0000,2.7801,0.8832,0.0000,0.8832,1.4675
47.353,2.7820,0.0000,2.7820,0.8811,0.0000,0.8811,1.4675
47.357,2.7839,0.0000,2.7839,0.8788,0.0000,0.8788,1.6849
47.362,2.7859,0.0000,2.7859,0.8765,0.0000,0.8765,1.6849
47.367,2.7877,0.0000,2.7877,0.8743,0.0000,0.8743,1.6849
47.371,2.7894,0.0000,2.7894,0.8719,0.0000,0.8719,1.6849
47.375,2.7911,0.0000,2.7911,0.8694,0.0000,0.8694,1.8986
47.380,2.7929,0.0000,2.7929,0.8670,0.0000,0.8670,1.8986
47.385,2.7946,0.0000,2.7946,0.8647,0.0000,0.8647,1.8986
47.398,2.7886,0.0000,2.7886,0.8578,0.0000,0.8578,2.1069
47.405,2.7644,0.0000,2.7644,0.8545,0.0000,0.8545,2.1069
47.409,2.7496,0.0000,2.7496,0.8519,0.0000,0.8519,2.1069
47.413,2.7360,0.0000,2.7360,0.8504,0.0000,0.8504,2.1069
47.418,2.7216,0.0000,2.7216,0.8489,0.0000,0.8489,2.3078
47.423,2.7045,0.0000,2.7045,0.8464,0.0000,0.8464,2.3078
47.427,2.6901,0.0000,2.6901,0.8440,0.0000,0.8440,2.3078
47.431,2.6769,0.0000,2.6769,0.8412,0.0000,0.8412,2.3078
47.436,2.6616,0.0000,2.6616,0.8391,0.0000,0.8391,2.4998
47.447,2.6236,0.0000,2.6236,0.8324,0.0000,0.8324,2.4998
47.452,2.6078,0.0000,2.6078,0.8289,0.0000,0.8289,2.4998
47.456,2.5933,0.0000,2.5933,0.8258,0.0000,0.8258,2.6803
47.461,2.5783,0.0000,2.5783,0.8228,0.0000,0.8228,2.6803
47.465,2.5643,0.0000,2.5643,0.8192,0.0000,0.8192,2.6803
47.470,2.5495,0.0000,2.5495,0.8156,0.0000,0.8156,2.6803
47.474,2.5356,0.0000,2.5356,0.8124,0.0000,0.8124,2.8744
47.479,2.5209,0.0000,2.5209,0.8091,0.0000,0.8091,2.8744
47.483,2.5077,0.0000,2.5077,0.8063,0.0000,0.8063,2.8744
47.487,2.4941,0.0000,2.4941,0.8036,0.0000,0.8036,2.8744
47.492,2.4807,0.0000,2.4807,0.8010,0.0000,0.8010,2.8744
47.496,2.4674,0.0000,2.4674,0.7977,0.0000,0.7977,3.0602
47.501,2.4525,0.0000,2.4525,0.7940,0.0000,0.7940,3.0602
47.505,2.4384,0.0000,2.4384,0.7908,0.0000,0.7908,3.0602
47.510,2.4250,0.0000,2.4250,0.7878,0.0000,0.7878,3.0602
47.515,2.4093,0.0000,2.4093,0.7845,0.0000,0.7845,3.2264
47.520,2.3939,0.0000,2.3939,0.7815,0.0000,0.7815,3.2264
47.524,2.3802,0.0000,2.3802,0.7778,0.0000,0.7778,3.2264
47.529,2.3669,0.0000,2.3669,0.7743,0.0000,0.7743,3.2264
47.533,2.3539,0.0000,2.3539,0.7722,0.0000,0.7722,3.2264
47.537,2.3407,0.0000,2.3407,0.7690,0.0000,0.7690,3.3717
47.551,2.2997,0.0000,2.2997,0.7603,0.0000,0.7603,3.3717
47.564,2.2597,0.0000,2.2597,0.7494,0.0000,0.7494,3.4952
47.569,2.2448,0.0000,2.2448,0.7440,0.0000,0.7440,3.4952
47.574,2.2309,0.0000,2.2309,0.7392,0.0000,0.7392,3.5964
47.579,2.2165,0.0000,2.2165,0.7360,0.0000,0.7360,3.5964
47.583,2.2046,0.0000,2.2046,0.7334,0.0000,0.7334,3.5964
47.587,2.1927,0.0000,2.1927,0.7309,0.0000,0.7309,3.5964
47.591,2.1802,0.0000,2.1802,0.7270,0.0000,0.7270,3.5964
47.595,2.1682,0.0000,2.1682,0.7234,0.0000,0.7234,3.5320
47.600,2.1550,0.0000,2.1550,0.7196,0.0000,0.7196,3.5320
47.605,2.1423,0.0000,2.1423,0.7162,0.0000,0.7162,3.5320
47.609,2.1304,0.0000,2.1304,0.7130,0.0000,0.7130,3.5320
47.613,2.1187,0.0000,2.1187,0.7100,0.0000,0.7100,3.5320
47.617,2.1072,0.0000,2.1072,0.7057,0.0000,0.7057,3.0069
47.622,2.0934,0.0000,2.0934,0.7008,0.0000,0.7008,3.0069
47.626,2.0818,0.0000,2.0818,0.6982,0.0000,0.6982,3.0069
47.631,2.0704,0.0000,2.0704,0.6944,0.0000,0.6944,3.0069
47.635,2.0586,0.0000,2.0586,0.6905,0.0000,0.6905,2.9554
47.640,2.0455,0.0000,2.0455,0.6863,0.0000,0.6863,2.9554
47.644,2.0338,0.0000,2.0338,0.6828,0.0000,0.6828,2.9554
47.648,2.0228,0.0000,2.0228,0.6795,0.0000,0.6795,2.9554
47.653,2.0117,0.0000,2.0117,0.6763,0.0000,0.6763,2.9554
47.657,1.9991,0.0000,1.9991,0.6729,0.0000,0.6729,2.4662
47.670,1.9660,0.0000,1.9660,0.6645,0.0000,0.6645,2.4662
47.674,1.9545,0.0000,1.9545,0.6600,0.0000,0.6600,2.5897
47.679,1.9425,0.0000,1.9425,0.6555,0.0000,0.6555,2.5897
47.683,1.9317,0.0000,1.9317,0.6515,0.0000,0.6515,2.5897
47.687,1.9207,0.0000,1.9207,0.6475,0.0000,0.6475,2.5897
47.700,1.8893,0.0000,1.8893,0.6371,0.0000,0.6371,2.2700
47.706,1.8737,0.0000,1.8737,0.6292,0.0000,0.6292,2.2700
47.710,1.8632,0.0000,1.8632,0.6241,0.0000,0.6241,2.2700
47.714,1.8531,0.0000,1.8531,0.6193,0.0000,0.6193,2.2474
47.719,1.8420,0.0000,1.8420,0.6141,0.0000,0.6141,2.2474
47.723,1.8309,0.0000,1.8309,0.6091,0.0000,0.6091,2.2474
47.728,1.8209,0.0000,1.8209,0.6047,0.0000,0.6047,2.2474
47.732,1.8112,0.0000,1.8112,0.6005,0.0000,0.6005,2.2474
47.736,1.8011,0.0000,1.8011,0.5963,0.0000,0.5963,1.8014
47.741,1.7897,0.0000,1.7897,0.5917,0.0000,0.5917,1.8014
47.745,1.7797,0.0000,1.7797,0.5877,0.0000,0.5877,1.8014
47.749,1.7702,0.0000,1.7702,0.5816,0.0000,0.5816,1.8014
47.753,1.7607,0.0000,1.7607,0.5781,0.0000,0.5781,1.8014
47.758,1.7504,0.0000,1.7504,0.5744,-0.0112,0.5632,1.9163
47.763,1.7386,0.0000,1.7386,0.5672,-0.0112,0.5560,1.9163
47.774,1.7138,0.0000,1.7138,0.5593,0.0000,0.5593,1.4908
47.779,1.7034,0.0000,1.7034,0.5533,0.0000,0.5533,1.4908
47.783,1.6945,0.0000,1.6945,0.5482,0.0000,0.5482,1.4908
47.788,1.6844,0.0000,1.6844,0.5455,0.0000,0.5455,1.4908
47.792,1.6749,0.0000,1.6749,0.5403,0.0000,0.5403,1.4908
47.796,1.6661,0.0000,1.6661,0.5355,-0.0116,0.5239,1.5988
47.801,1.6561,0.0000,1.6561,0.5303,-0.0116,0.5187,1.5988
47.805,1.6465,0.0000,1.6465,0.5254,-0.0116,0.5138,1.5988
47.810,1.6378,0.0000,1.6378,0.5194,-0.0116,0.5078,1.5988
47.814,1.6294,0.0000,1.6294,0.5138,-0.0134,0.5004,1.4462
47.818,1.6198,0.0000,1.6198,0.5093,-0.0134,0.4959,1.4462
47.823,1.6109,0.0000,1.6109,0.5052,-0.0134,0.4918,1.4462
47.827,1.6025,0.0000,1.6025,0.4998,-0.0134,0.4864,1.4462
47.831,1.5945,0.0000,1.5945,0.4964,-0.0134,0.4830,1.4462
47.836,1.5857,0.0000,1.5857,0.4927,-0.0147,0.4780,1.2960
47.841,1.5757,0.0000,1.5757,0.4866,-0.0147,0.4719,1.2960
47.852,1.5534,0.0000,1.5534,0.4781,-0.0147,0.4634,1.2960
47.858,1.5423,0.0000,1.5423,0.4717,-0.0212,0.4505,1.3978
47.862,1.5336,0.0000,1.5336,0.4668,-0.0212,0.4456,1.3978
47.867,1.5258,0.0000,1.5258,0.4625,-0.0212,0.4413,1.3978
47.871,1.5179,0.0000,1.5179,0.4583,-0.0212,0.4371,1.3978
47.876,1.5096,0.0000,1.5096,0.4539,-0.0170,0.4369,1.0037
47.887,1.4892,0.0000,1.4892,0.4436,-0.0170,0.4266,1.0037
47.891,1.4812,0.0000,1.4812,0.4398,-0.0170,0.4227,1.0037
47.895,1.4741,0.0000,1.4741,0.4364,-0.0207,0.4157,1.1140
47.900,1.4660,0.0000,1.4660,0.4326,-0.0207,0.4119,1.1140
47.904,1.4586,0.0000,1.4586,0.4215,-0.0207,0.4008,1.1140
47.908,1.4515,0.0000,1.4515,0.4185,-0.0207,0.3978,1.1140
47.913,1.4446,0.0000,1.4446,0.4081,-0.0207,0.3874,1.1140
47.917,1.4375,0.0000,1.4375,0.4054,-0.0206,0.3848,0.9807
47.922,1.4294,0.0000,1.4294,0.4025,-0.0206,0.3819,0.9807
47.926,1.4225,0.0000,1.4225,0.4000,-0.0206,0.3794,0.9807
47.930,1.4157,0.0000,1.4157,0.3976,-0.0206,0.3770,0.9807
47.935,1.4086,0.0000,1.4086,0.3952,-0.0214,0.3738,0.9790
47.940,1.4008,0.0000,1.4008,0.3926,-0.0214,0.3712,0.9790
47.944,1.3945,0.0000,1.3945,0.3905,-0.0214,0.3692,0.9790
47.948,1.3878,0.0000,1.3878,0.3884,-0.0214,0.3670,0.9790
47.952,1.3816,0.0000,1.3816,0.3864,-0.0214,0.3651,0.9790
47.957,1.3747,0.0000,1.3747,0.3843,-0.0210,0.3633,0.8540
47.962,1.3676,0.0000,1.3676,0.3822,-0.0210,0.3612,0.8540
47.966,1.3616,0.0000,1.3616,0.3727,-0.0210,0.3517,0.8540
47.970,1.3556,0.0000,1.3556,0.3631,-0.0210,0.3421,0.8540
47.975,1.3493,0.0000,1.3493,0.3532,-0.0213,0.3320,0.8412
47.980,1.3417,0.0000,1.3417,0.3416,-0.0213,0.3204,0.8412
47.992,1.3255,0.0000,1.3255,0.3179,-0.0213,0.2966,0.8412
48.004,1.3079,0.0000,1.3079,0.3178,-0.0201,0.2977,0.6003
48.011,1.2983,0.0000,1.2983,0.3179,-0.0201,0.2978,0.6003
48.015,1.2916,0.0000,1.2916,0.3098,-0.0217,0.2881,0.6859
48.020,1.2839,0.0000,1.2839,0.3009,-0.0217,0.2792,0.6859
48.024,1.2763,0.0000,1.2763,0.2929,-0.0217,0.2712,0.6859
48.028,1.2684,0.0000,1.2684,0.2936,-0.0217,0.2720,0.6859
48.041,1.2425,0.0000,1.2425,0.2709,-0.0215,0.2494,0.5629
48.049,1.2254,0.0000,1.2254,0.2581,-0.0215,0.2366,0.5629
48.054,1.2139,0.0000,1.2139,0.2504,-0.0239,0.2265,0.5610
48.060,1.1998,0.0000,1.1998,0.2415,-0.0239,0.2177,0.5610
48.065,1.1875,0.0000,1.1875,0.2345,-0.0239,0.2106,0.5610
48.069,1.1758,0.0000,1.1758,0.2282,-0.0239,0.2044,0.5610
48.075,1.1601,0.0000,1.1601,0.2204,-0.0243,0.1961,0.4518
48.080,1.1460,0.0000,1.1460,0.2138,-0.0243,0.1896,0.4518
48.084,1.1337,0.0000,1.1337,0.2085,-0.0243,0.1842,0.4518
48.089,1.1185,0.0000,1.1185,0.2022,-0.0243,0.1780,0.4518
48.100,1.0825,0.0000,1.0825,0.1888,-0.0249,0.1639,0.3452
48.106,1.0649,0.0000,1.0649,0.1829,-0.0249,0.1580,0.3452
48.110,1.0502,0.0000,1.0502,0.1782,-0.0249,0.1532,0.3452
48.114,1.0359,0.0000,1.0359,0.1819,-0.0327,0.1492,0.4548
48.119,1.0185,0.0000,1.0185,0.1766,-0.0327,0.1439,0.4548
48.123,1.0022,0.0000,1.0022,0.1719,-0.0327,0.1393,0.4548
48.127,0.9770,0.0000,0.9770,0.1676,-0.0327,0.1349,0.4548
48.131,0.9531,0.0000,0.9531,0.1635,-0.0327,0.1309,0.4548
48.136,0.9277,0.0000,0.9277,0.1592,-0.0417,0.1175,0.5847
48.141,0.8994,0.0000,0.8994,0.1544,-0.0417,0.1127,0.5847
48.145,0.8755,0.0000,0.8755,0.1503,-0.0417,0.1087,0.5847
48.157,0.8127,0.0000,0.8127,0.1399,-0.0427,0.0972,0.4972
48.163,0.7823,0.0000,0.7823,0.1349,-0.0427,0.0922,0.4972
48.167,0.7613,0.0000,0.7613,0.1315,-0.0427,0.0888,0.4972
48.171,0.7386,0.0000,0.7386,0.1279,-0.0427,0.0852,0.4972
48.176,0.7175,0.0000,0.7175,0.1246,-0.0436,0.0809,0.4064
48.181,0.6940,0.0000,0.6940,0.1209,-0.0436,0.0773,0.4064
48.185,0.6732,0.0000,0.6732,0.1178,-0.0436,0.0741,0.4064
48.190,0.6522,0.0000,0.6522,0.1146,-0.0436,0.0710,0.4064
48.194,0.6298,0.0000,0.6298,0.1113,-0.0443,0.0670,0.3114
48.206,0.5734,0.0000,0.5734,0.1033,-0.0443,0.0589,0.3114
48.211,0.5537,0.0000,0.5537,0.1005,-0.0443,0.0562,0.3114
48.215,0.5348,0.0000,0.5348,0.0896,-0.0491,0.0405,0.3150
48.220,0.5130,0.0000,0.5130,0.0870,-0.0491,0.0379,0.3150
48.224,0.4942,0.0000,0.4942,0.0764,-0.0491,0.0272,0.3150
48.228,0.4759,0.0000,0.4759,0.0662,-0.0491,0.0171,0.3150
48.232,0.4580,0.0000,0.4580,0.0565,-0.0491,0.0074,0.3150
48.237,0.4392,0.0000,0.4392,0.0551,-0.0493,0.0057,0.2211
48.242,0.4181,0.0000,0.4181,0.0535,-0.0493,0.0041,0.2211
48.246,0.3998,0.0000,0.3998,0.0521,-0.0493,0.0028,0.2211
48.250,0.3815,0.0000,0.3815,0.0508,-0.0493,0.0014,0.2211
48.254,0.3629,0.0000,0.3629,0.0494,-0.0527,-0.0032,0.2290
48.259,0.3417,0.0000,0.3417,0.0480,-0.0527,-0.0047,0.2290
48.264,0.3232,0.0000,0.3232,0.0382,-0.0527,-0.0145,0.2290
48.268,0.3050,0.0000,0.3050,0.0372,-0.0527,-0.0155,0.2290
48.273,0.2863,0.0000,0.2863,0.0362,-0.0527,-0.0165,0.2290
48.277,0.2685,0.0000,0.2685,0.0353,-0.0553,-0.0200,0.2501
48.282,0.2482,0.0000,0.2482,0.0248,-0.0553,-0.0305,0.2501
48.286,0.2301,0.0000,0.2301,0.0242,-0.0553,-0.0311,0.2501
48.290,0.2114,0.0000,0.2114,0.0235,-0.0553,-0.0318,0.2501
48.294,0.1942,0.0000,0.1942,0.0230,-0.0566,-0.0337,0.2681
48.300,0.1720,0.0000,0.1720,0.0119,-0.0566,-0.0448,0.2681
48.312,0.1186,0.0000,0.1186,0.0110,-0.0566,-0.0457,0.2681
48.318,0.0957,0.0000,0.0957,-0.0003,-0.0564,-0.0567,0.2767
48.323,0.0737,0.0000,0.0737,-0.0107,-0.0564,-0.0671,0.2767
48.328,0.0566,0.0000,0.0566,-0.0186,-0.0564,-0.0750,0.2767
48.332,0.0391,0.0000,0.0391,-0.0283,-0.0564,-0.0848,0.2767
48.337,0.0198,0.0000,0.0198,-0.0367,-0.0545,-0.0912,0.1795
48.342,-0.0002,0.0000,-0.0002,-0.0451,-0.0545,-0.0996,0.1795
48.346,-0.0173,0.0000,-0.0173,-0.0522,-0.0545,-0.1066,0.1795
48.350,-0.0344,0.0000,-0.0344,-0.0590,-0.0545,-0.1135,0.1795
48.355,-0.0529,0.0000,-0.0529,-0.0662,-0.0523,-0.1185,0.0834
48.360,-0.0723,0.0000,-0.0723,-0.0736,-0.0523,-0.1259,0.0834
48.364,-0.0895,0.0000,-0.0895,-0.0799,-0.0523,-0.1322,0.0834
48.368,-0.1067,0.0000,-0.1067,-0.0880,-0.0523,-0.1403,0.0834
48.373,-0.1248,0.0000,-0.1248,-0.0962,-0.0523,-0.1485,0.0834
48.377,-0.1414,0.0000,-0.1414,-0.1018,-0.0499,-0.1517,-0.0128
48.382,-0.1606,0.0000,-0.1606,-0.1081,-0.0499,-0.1580,-0.0128
48.386,-0.1782,0.0000,-0.1782,-0.1137,-0.0499,-0.1636,-0.0128
48.391,-0.1961,0.0000,-0.1961,-0.1211,-0.0499,-0.1710,-0.0128
48.395,-0.2130,0.0000,-0.2130,-0.1280,-0.0463,-0.1743,-0.0230
48.400,-0.2316,0.0000,-0.2316,-0.1353,-0.0463,-0.1817,-0.0230
48.405,-0.2510,0.0000,-0.2510,-0.1428,-0.0463,-0.1891,-0.0230
48.416,-0.2953,0.0000,-0.2953,-0.1590,-0.0422,-0.2012,-0.0396
48.421,-0.3147,0.0000,-0.3147,-0.1657,-0.0422,-0.2079,-0.0396
48.425,-0.3310,0.0000,-0.3310,-0.1713,-0.0422,-0.2134,-0.0396
48.429,-0.3470,0.0000,-0.3470,-0.1765,-0.0422,-0.2187,-0.0396
48.434,-0.3629,0.0000,-0.3629,-0.1816,-0.0375,-0.2192,-0.0645
48.438,-0.3813,0.0000,-0.3813,-0.1874,-0.0375,-0.2249,-0.0645
48.443,-0.3974,0.0000,-0.3974,-0.1922,-0.0375,-0.2297,-0.0645
48.447,-0.4143,0.0000,-0.4143,-0.1972,-0.0375,-0.2347,-0.0645
48.453,-0.4356,0.0000,-0.4356,-0.2069,-0.0375,-0.2444,-0.0645
48.465,-0.4851,0.0000,-0.4851,-0.2282,-0.0326,-0.2607,-0.0979
48.473,-0.5145,0.0000,-0.5145,-0.2401,-0.0326,-0.2727,-0.0979
48.478,-0.5327,0.0000,-0.5327,-0.2472,-0.0232,-0.2704,-0.0363
48.483,-0.5515,0.0000,-0.5515,-0.2542,-0.0232,-0.2774,-0.0363
48.487,-0.5685,0.0000,-0.5685,-0.2628,-0.0232,-0.2860,-0.0363
48.492,-0.5869,0.0000,-0.5869,-0.2718,-0.0232,-0.2950,-0.0363
48.497,-0.6044,0.0000,-0.6044,-0.2775,-0.0173,-0.2948,-0.0659
48.502,-0.6224,0.0000,-0.6224,-0.2858,-0.0173,-0.3030,-0.0659
48.507,-0.6402,0.0000,-0.6402,-0.2936,-0.0173,-0.3109,-0.0659
48.518,-0.6827,0.0000,-0.6827,-0.3114,0.0000,-0.3114,0.0448
48.524,-0.7055,0.0000,-0.7055,-0.3203,0.0000,-0.3203,0.0448
48.529,-0.7236,0.0000,-0.7236,-0.3271,0.0000,-0.3271,0.0448
48.533,-0.7391,0.0000,-0.7391,-0.3346,0.0000,-0.3346,0.0448
48.537,-0.7556,0.0000,-0.7556,-0.3404,0.0100,-0.3304,0.0840
48.543,-0.7769,0.0000,-0.7769,-0.3500,0.0100,-0.3400,0.0840
48.547,-0.7942,0.0000,-0.7942,-0.3555,0.0100,-0.3455,0.0840
48.552,-0.8104,0.0000,-0.8104,-0.3604,0.0100,-0.3504,0.0840
48.556,-0.8278,0.0000,-0.8278,-0.3655,0.0196,-0.3459,0.1162
48.561,-0.8465,0.0000,-0.8465,-0.3729,0.0196,-0.3533,0.1162
48.565,-0.8626,0.0000,-0.8626,-0.3790,0.0196,-0.3595,0.1162
48.570,-0.8801,0.0000,-0.8801,-0.3855,0.0196,-0.3659,0.1162
48.574,-0.8973,0.0000,-0.8973,-0.3916,0.0228,-0.3687,0.0483
48.579,-0.9163,0.0000,-0.9163,-0.3980,0.0228,-0.3752,0.0483
48.583,-0.9326,0.0000,-0.9326,-0.4049,0.0228,-0.3821,0.0483
48.589,-0.9536,0.0000,-0.9536,-0.4115,0.0228,-0.3886,0.0483
48.593,-0.9706,0.0000,-0.9706,-0.4182,0.0228,-0.3953,0.0483
48.597,-0.9885,0.0000,-0.9885,-0.4232,0.0306,-0.3926,0.0557
48.603,-1.0098,0.0000,-1.0098,-0.4328,0.0306,-0.4022,0.0557
48.615,-1.0613,0.0000,-1.0613,-0.4498,0.0318,-0.4180,-0.0370
48.628,-1.1143,0.0000,-1.1143,-0.4698,0.0318,-0.4380,-0.0370
48.633,-1.1325,0.0000,-1.1325,-0.4762,0.0318,-0.4444,-0.0370
48.637,-1.1502,0.0000,-1.1502,-0.4821,0.0380,-0.4441,-0.0434
48.642,-1.1701,0.0000,-1.1701,-0.4900,0.0380,-0.4519,-0.0434
48.646,-1.1881,0.0000,-1.1881,-0.4967,0.0380,-0.4587,-0.0434
48.650,-1.2057,0.0000,-1.2057,-0.5030,0.0380,-0.4650,-0.0434
48.655,-1.2238,0.0000,-1.2238,-0.5098,0.0430,-0.4668,-0.0603
48.660,-1.2448,0.0000,-1.2448,-0.5174,0.0430,-0.4744,-0.0603
48.664,-1.2639,0.0000,-1.2639,-0.5239,0.0430,-0.4809,-0.0603
48.668,-1.2824,0.0000,-1.2824,-0.5299,0.0430,-0.4869,-0.0603
48.673,-1.3011,0.0000,-1.3011,-0.5357,0.0430,-0.4927,-0.0603
48.677,-1.3198,0.0000,-1.3198,-0.5424,0.0469,-0.4955,-0.0851
48.682,-1.3416,0.0000,-1.3416,-0.5498,0.0469,-0.5028,-0.0851
48.686,-1.3607,0.0000,-1.3607,-0.5548,0.0469,-0.5078,-0.0851
48.690,-1.3807,0.0000,-1.3807,-0.5609,0.0469,-0.5140,-0.0851
48.695,-1.4015,0.0000,-1.4015,-0.5680,0.0497,-0.5183,-0.1170
48.699,-1.4248,0.0000,-1.4248,-0.5756,0.0497,-0.5259,-0.1170
48.704,-1.4459,0.0000,-1.4459,-0.5821,0.0497,-0.5324,-0.1170
48.708,-1.4662,0.0000,-1.4662,-0.5886,0.0497,-0.5388,-0.1170
48.713,-1.4882,0.0000,-1.4882,-0.5952,0.0497,-0.5455,-0.1170
48.717,-1.5093,0.0000,-1.5093,-0.6017,0.0516,-0.5501,-0.1559
48.722,-1.5357,0.0000,-1.5357,-0.6094,0.0516,-0.5578,-0.1559
48.733,-1.5942,0.0000,-1.5942,-0.6270,0.0516,-0.5755,-0.1559
48.739,-1.6225,0.0000,-1.6225,-0.6360,0.0524,-0.5836,-0.2008
48.744,-1.6514,0.0000,-1.6514,-0.6440,0.0524,-0.5915,-0.2008
48.749,-1.6766,0.0000,-1.6766,-0.6509,0.0524,-0.5985,-0.2008
48.754,-1.7027,0.0000,-1.7027,-0.6577,0.0525,-0.6052,-0.2511
48.766,-1.7759,0.0000,-1.7759,-0.6767,0.0525,-0.6242,-0.2511
48.774,-1.8176,0.0000,-1.8176,-0.6870,0.0532,-0.6338,-0.2489
48.780,-1.8555,0.0000,-1.8555,-0.6960,0.0532,-0.6428,-0.2489
48.785,-1.8815,0.0000,-1.8815,-0.7021,0.0532,-0.6489,-0.2489
48.789,-1.9111,0.0000,-1.9111,-0.7081,0.0532,-0.6549,-0.2489
48.794,-1.9416,0.0000,-1.9416,-0.7147,0.0518,-0.6629,-0.3249
48.800,-1.9758,0.0000,-1.9758,-0.7224,0.0518,-0.6706,-0.3249
48.805,-2.0082,0.0000,-2.0082,-0.7295,0.0518,-0.6777,-0.3249
48.809,-2.0378,0.0000,-2.0378,-0.7362,0.0518,-0.6844,-0.3249
48.814,-2.0633,0.0000,-2.0633,-0.7421,0.0518,-0.6903,-0.3249
48.818,-2.0886,0.0000,-2.0886,-0.7488,0.0495,-0.6993,-0.4552
48.823,-2.1168,0.0000,-2.1168,-0.7561,0.0495,-0.7066,-0.4552
48.827,-2.1412,0.0000,-2.1412,-0.7622,0.0495,-0.7128,-0.4552
48.831,-2.1658,0.0000,-2.1658,-0.7686,0.0495,-0.7191,-0.4552
48.842,-2.2247,0.0000,-2.2247,-0.7842,0.0482,-0.7360,-0.4699
48.847,-2.2490,0.0000,-2.2490,-0.7908,0.0482,-0.7425,-0.4699
48.852,-2.2698,0.0000,-2.2698,-0.7965,0.0482,-0.7483,-0.4699
48.856,-2.2898,0.0000,-2.2898,-0.8022,0.0466,-0.7555,-0.4873
48.861,-2.3119,0.0000,-2.3119,-0.8085,0.0466,-0.7619,-0.4873
48.865,-2.3302,0.0000,-2.3302,-0.8138,0.0466,-0.7672,-0.4873
48.869,-2.3490,0.0000,-2.3490,-0.8191,0.0466,-0.7725,-0.4873
48.873,-2.3678,0.0000,-2.3678,-0.8248,0.0466,-0.7782,-0.4873
48.878,-2.3851,0.0000,-2.3851,-0.8299,0.0447,-0.7852,-0.4843
48.882,-2.4042,0.0000,-2.4042,-0.8355,0.0447,-0.7909,-0.4843
48.886,-2.4204,0.0000,-2.4204,-0.8407,0.0447,-0.7960,-0.4843
48.891,-2.4371,0.0000,-2.4371,-0.8460,0.0447,-0.8014,-0.4843
48.895,-2.4529,0.0000,-2.4529,-0.8509,0.0423,-0.8086,-0.4658
48.900,-2.4698,0.0000,-2.4698,-0.8567,0.0423,-0.8144,-0.4658
48.904,-2.4858,0.0000,-2.4858,-0.8625,0.0423,-0.8202,-0.4658
48.916,-2.5263,0.0000,-2.5263,-0.8794,0.0397,-0.8397,-0.4497
48.922,-2.5458,0.0000,-2.5458,-0.8883,0.0397,-0.8486,-0.4497
48.926,-2.5590,0.0000,-2.5590,-0.8944,0.0397,-0.8547,-0.4497
48.931,-2.5718,0.0000,-2.5718,-0.9003,0.0397,-0.8606,-0.4497
48.935,-2.5836,0.0000,-2.5836,-0.9059,0.0368,-0.8691,-0.4383
48.940,-2.5987,0.0000,-2.5987,-0.9131,0.0368,-0.8762,-0.4383
48.951,-2.6286,0.0000,-2.6286,-0.9278,0.0368,-0.8910,-0.4383
48.955,-2.6402,0.0000,-2.6402,-0.9338,0.0339,-0.9000,-0.4313
48.960,-2.6530,0.0000,-2.6530,-0.9402,0.0339,-0.9064,-0.4313
48.965,-2.6642,0.0000,-2.6642,-0.9460,0.0339,-0.9121,-0.4313
48.970,-2.6759,0.0000,-2.6759,-0.9519,0.0339,-0.9180,-0.4313
48.975,-2.6870,0.0000,-2.6870,-0.9576,0.0312,-0.9264,-0.4663
48.980,-2.6986,0.0000,-2.6986,-0.9637,0.0312,-0.9325,-0.4663
48.985,-2.7086,0.0000,-2.7086,-0.9691,0.0312,-0.9379,-0.4663
48.990,-2.7188,0.0000,-2.7188,-0.9748,0.0312,-0.9435,-0.4663
48.994,-2.7283,0.0000,-2.7283,-0.9802,0.0283,-0.9519,-0.4718
48.999,-2.7380,0.0000,-2.7380,-0.9855,0.0283,-0.9572,-0.4718
49.004,-2.7474,0.0000,-2.7474,-0.9912,0.0283,-0.9629,-0.4718
49.009,-2.7561,0.0000,-2.7561,-0.9963,0.0283,-0.9680,-0.4718
49.013,-2.7643,0.0000,-2.7643,-1.0015,0.0283,-0.9732,-0.4718
49.018,-2.7725,0.0000,-2.7725,-1.0074,0.0253,-0.9821,-0.4718
49.023,-2.7814,0.0000,-2.7814,-1.0141,0.0253,-0.9888,-0.4718
49.028,-2.7889,0.0000,-2.7889,-1.0202,0.0253,-0.9949,-0.4718
49.032,-2.7964,0.0000,-2.7964,-1.0267,0.0253,-1.0014,-0.4718
49.037,-2.8041,0.0000,-2.8041,-1.0338,0.0227,-1.0111,-0.4890
49.042,-2.8120,0.0000,-2.8120,-1.0410,0.0227,-1.0183,-0.4890
49.047,-2.8189,0.0000,-2.8189,-1.0472,0.0227,-1.0245,-0.4890
49.052,-2.8259,0.0000,-2.8259,-1.0539,0.0227,-1.0312,-0.4890
49.064,-2.8422,0.0000,-2.8422,-1.0695,0.0203,-1.0492,-0.5106
49.078,-2.8607,0.0000,-2.8607,-1.0879,0.0181,-1.0698,-0.5333
49.085,-2.8689,0.0000,-2.8689,-1.0960,0.0181,-1.0779,-0.5333
49.089,-2.8742,0.0000,-2.8742,-1.1013,0.0181,-1.0832,-0.5333
49.094,-2.8790,0.0000,-2.8790,-1.1061,0.0161,-1.0899,-0.5569
49.099,-2.8846,0.0000,-2.8846,-1.1119,0.0161,-1.0958,-0.5569
49.104,-2.8901,0.0000,-2.8901,-1.1175,0.0161,-1.1014,-0.5569
49.109,-2.8947,0.0000,-2.8947,-1.1223,0.0161,-1.1062,-0.5569
49.113,-2.8988,0.0000,-2.8988,-1.1266,0.0161,-1.1105,-0.5569
49.117,-2.9030,0.0000,-2.9030,-1.1310,0.0144,-1.1166,-0.5808
49.122,-2.9076,0.0000,-2.9076,-1.1363,0.0144,-1.1219,-0.5808
49.127,-2.9114,0.0000,-2.9114,-1.1409,0.0144,-1.1265,-0.5808
49.131,-2.9152,0.0000,-2.9152,-1.1460,0.0144,-1.1316,-0.5808
49.135,-2.9188,0.0000,-2.9188,-1.1511,0.0129,-1.1382,-0.6045
49.140,-2.9229,0.0000,-2.9229,-1.1578,0.0129,-1.1448,-0.6045
49.144,-2.9262,0.0000,-2.9262,-1.1633,0.0129,-1.1503,-0.6045
49.149,-2.9300,0.0000,-2.9300,-1.1701,0.0129,-1.1571,-0.6045
49.153,-2.9335,0.0000,-2.9335,-1.1765,0.0129,-1.1635,-0.6045
49.158,-2.9370,0.0000,-2.9370,-1.1830,0.0118,-1.1712,-0.6436
49.170,-2.9458,0.0000,-2.9458,-1.1997,0.0118,-1.1879,-0.6436
49.175,-2.9492,0.0000,-2.9492,-1.2063,0.0110,-1.1954,-0.6826
49.181,-2.9529,0.0000,-2.9529,-1.2135,0.0110,-1.2025,-0.6826
49.186,-2.9558,0.0000,-2.9558,-1.2191,0.0110,-1.2081,-0.6826
49.190,-2.9587,0.0000,-2.9587,-1.2247,0.0110,-1.2137,-0.6826
49.194,-2.9612,0.0000,-2.9612,-1.2298,0.0103,-1.2195,-0.7195
49.199,-2.9640,0.0000,-2.9640,-1.2353,0.0103,-1.2250,-0.7195
49.204,-2.9664,0.0000,-2.9664,-1.2400,0.0103,-1.2297,-0.7195
49.208,-2.9689,0.0000,-2.9689,-1.2449,0.0103,-1.2345,-0.7195
49.213,-2.9713,0.0000,-2.9713,-1.2496,0.0103,-1.2392,-0.7195
49.217,-2.9737,0.0000,-2.9737,-1.2544,0.0000,-1.2544,-0.7800
49.230,-2.9802,0.0000,-2.9802,-1.2674,0.0000,-1.2674,-0.7800
49.235,-2.9827,0.0000,-2.9827,-1.2726,0.0000,-1.2726,-0.8392
49.241,-2.9851,0.0000,-2.9851,-1.2781,0.0000,-1.2781,-0.8392
49.245,-2.9872,0.0000,-2.9872,-1.2835,0.0000,-1.2835,-0.8392
49.250,-2.9890,0.0000,-2.9890,-1.2884,0.0000,-1.2884,-0.8392
49.254,-2.9907,0.0000,-2.9907,-1.2935,0.0000,-1.2935,-0.8830
49.259,-2.9929,0.0000,-2.9929,-1.3005,0.0000,-1.3005,-0.8830
49.263,-2.9945,0.0000,-2.9945,-1.3064,0.0000,-1.3064,-0.8830
49.268,-2.9962,0.0000,-2.9962,-1.3127,0.0000,-1.3127,-0.8830
49.279,-3.0003,0.0000,-3.0003,-1.3291,0.0000,-1.3291,-0.9168
49.284,-3.0020,0.0000,-3.0020,-1.3359,0.0000,-1.3359,-0.9168
49.289,-3.0037,0.0000,-3.0037,-1.3426,0.0000,-1.3426,-0.9168
49.293,-3.0051,0.0000,-3.0051,-1.3483,0.0000,-1.3483,-0.9168
49.297,-3.0064,0.0000,-3.0064,-1.3536,0.0000,-1.3536,-0.9457
49.302,-3.0080,0.0000,-3.0080,-1.3597,0.0000,-1.3597,-0.9457
49.314,-3.0115,0.0000,-3.0115,-1.3741,0.0000,-1.3741,-0.9701
49.321,-3.0134,0.0000,-3.0134,-1.3814,0.0000,-1.3814,-0.9701
49.326,-3.0147,0.0000,-3.0147,-1.3865,0.0000,-1.3865,-0.9701
49.330,-3.0158,0.0000,-3.0158,-1.3907,0.0000,-1.3907,-0.9701
49.334,-3.0169,0.0000,-3.0169,-1.3949,0.0000,-1.3949,-0.9895
49.339,-3.0181,0.0000,-3.0181,-1.3995,0.0000,-1.3995,-0.9895
49.343,-3.0191,0.0000,-3.0191,-1.4033,0.0000,-1.4033,-0.9895
49.347,-3.0200,0.0000,-3.0200,-1.4071,0.0000,-1.4071,-0.9895
49.352,-3.0210,0.0000,-3.0210,-1.4108,0.0000,-1.4108,-0.9895
49.356,-3.0220,0.0000,-3.0220,-1.4144,0.0000,-1.4144,-1.0042
49.361,-3.0230,0.0000,-3.0230,-1.4188,0.0000,-1.4188,-1.0042
49.365,-3.0239,0.0000,-3.0239,-1.4231,0.0000,-1.4231,-1.0042
49.369,-3.0248,0.0000,-3.0248,-1.4279,0.0000,-1.4279,-1.0042
49.381,-3.0273,0.0000,-3.0273,-1.4442,0.0000,-1.4442,-0.9565
49.394,-3.0296,0.0000,-3.0296,-1.4631,0.0000,-1.4631,-0.9342
49.399,-3.0304,0.0000,-3.0304,-1.4704,0.0000,-1.4704,-0.9342
49.403,-3.0312,0.0000,-3.0312,-1.4768,0.0000,-1.4768,-0.9342
49.408,-3.0319,0.0000,-3.0319,-1.4828,0.0000,-1.4828,-0.9342
49.412,-3.0326,0.0000,-3.0326,-1.4885,0.0000,-1.4885,-0.9342
49.416,-3.0332,0.0000,-3.0332,-1.4939,0.0000,-1.4939,-0.9150
49.421,-3.0339,0.0000,-3.0339,-1.4999,0.0000,-1.4999,-0.9150
49.425,-3.0346,0.0000,-3.0346,-1.5050,0.0000,-1.5050,-0.9150
49.430,-3.0352,0.0000,-3.0352,-1.5099,0.0000,-1.5099,-0.9150
49.434,-3.0357,0.0000,-3.0357,-1.5146,0.0000,-1.5146,-0.8918
49.439,-3.0364,0.0000,-3.0364,-1.5198,0.0000,-1.5198,-0.8918
49.443,-3.0370,0.0000,-3.0370,-1.5242,0.0000,-1.5242,-0.8918
49.447,-3.0375,0.0000,-3.0375,-1.5282,0.0000,-1.5282,-0.8918
49.452,-3.0380,0.0000,-3.0380,-1.5321,0.0000,-1.5321,-0.8918
49.456,-3.0385,0.0000,-3.0385,-1.5359,0.0000,-1.5359,-0.8648
49.461,-3.0391,0.0000,-3.0391,-1.5398,0.0000,-1.5398,-0.8648
49.465,-2.9846,0.0000,-2.9846,-1.5434,0.0000,-1.5434,-0.8648
49.469,-2.9181,0.0000,-2.9181,-1.5477,0.0000,-1.5477,-0.8648
49.474,-2.8532,0.0000,-2.8532,-1.5522,0.0000,-1.5522,-0.8345
49.479,-2.7826,0.0000,-2.7826,-1.5576,0.0000,-1.5576,-0.8345
49.483,-2.7208,0.0000,-2.7208,-1.5629,0.0000,-1.5629,-0.8345
49.488,-2.6576,0.0000,-2.6576,-1.5694,0.0000,-1.5694,-0.8345
49.499,-2.5109,0.0000,-2.5109,-1.5913,0.0000,-1.5913,-0.8009
49.504,-2.4480,0.0000,-2.4480,-1.6020,0.0000,-1.6020,-0.8009
49.508,-2.3947,0.0000,-2.3947,-1.6121,0.0000,-1.6121,-0.8009
49.512,-2.3451,0.0000,-2.3451,-1.6224,0.0000,-1.6224,-0.8009
49.517,-2.2952,0.0000,-2.2952,-1.6339,0.0000,-1.6339,-0.7641
49.522,-2.2351,0.0000,-2.2351,-1.6493,0.0000,-1.6493,-0.7641
49.533,-2.1079,0.0000,-2.1079,-1.6887,0.0000,-1.6887,-0.7641
49.539,-2.0489,0.0000,-2.0489,-1.7079,0.0000,-1.7079,-0.7243
49.543,-2.0002,0.0000,-2.0002,-1.7244,0.0000,-1.7244,-0.7243
49.548,-1.9578,0.0000,-1.9578,-1.7393,0.0000,-1.7393,-0.7243
49.552,-1.9162,0.0000,-1.9162,-1.7545,0.0000,-1.7545,-0.7243
49.556,-1.8721,0.0000,-1.8721,-1.7714,0.0000,-1.7714,-0.6811
49.561,-1.8259,0.0000,-1.8259,-1.7898,0.0000,-1.7898,-0.6811
49.566,-1.7849,0.0000,-1.7849,-1.8068,0.0000,-1.8068,-0.6811
49.571,-1.7365,0.0000,-1.7365,-1.8280,0.0000,-1.8280,-0.6811
49.576,-1.6924,0.0000,-1.6924,-1.8482,0.0000,-1.8482,-0.6520
49.581,-1.6494,0.0000,-1.6494,-1.8688,0.0000,-1.8688,-0.6520
49.586,-1.6096,0.0000,-1.6096,-1.8887,0.0000,-1.8887,-0.6520
49.590,-1.5733,0.0000,-1.5733,-1.9076,0.0000,-1.9076,-0.6520
49.595,-1.5364,0.0000,-1.5364,-1.9278,0.0000,-1.9278,-0.6221
49.606,-1.4484,0.0000,-1.4484,-1.9645,0.0000,-1.9645,-0.6221
49.610,-1.4169,0.0000,-1.4169,-1.9722,0.0000,-1.9722,-0.6221
49.614,-1.3854,0.0000,-1.3854,-1.9743,0.0000,-1.9743,-0.5885
49.619,-1.3516,0.0000,-1.3516,-1.9697,0.0000,-1.9697,-0.5885
49.624,-1.3212,0.0000,-1.3212,-1.9598,0.0000,-1.9598,-0.5885
49.628,-1.2925,0.0000,-1.2925,-1.9450,0.0000,-1.9450,-0.5885
49.632,-1.2635,0.0000,-1.2635,-1.9244,0.0000,-1.9244,-0.5885
49.636,-1.2357,0.0000,-1.2357,-1.8990,0.0000,-1.8990,-0.5493
49.641,-1.2044,0.0000,-1.2044,-1.8630,0.0000,-1.8630,-0.5493
49.646,-1.1771,0.0000,-1.1771,-1.8257,0.0000,-1.8257,-0.5493
49.650,-1.1513,0.0000,-1.1513,-1.7850,0.0000,-1.7850,-0.5493
49.654,-1.1258,0.0000,-1.1258,-1.7436,0.0000,-1.7436,-0.5069
49.659,-1.0967,0.0000,-1.0967,-1.6970,0.0000,-1.6970,-0.5069
49.663,-1.0729,0.0000,-1.0729,-1.6593,0.0000,-1.6593,-0.5069
49.667,-1.0499,0.0000,-1.0499,-1.6233,0.0000,-1.6233,-0.5069
49.672,-1.0250,0.0000,-1.0250,-1.5849,0.0000,-1.5849,-0.5069
49.684,-0.9625,0.0000,-0.9625,-1.4917,0.0000,-1.4917,-0.4618
49.690,-0.9316,0.0000,-0.9316,-1.4465,0.0000,-1.4465,-0.4618
49.694,-0.9098,0.0000,-0.9098,-1.4151,0.0000,-1.4151,-0.4141
49.699,-0.8874,0.0000,-0.8874,-1.3835,0.0000,-1.3835,-0.4141
49.703,-0.8672,0.0000,-0.8672,-1.3552,0.0000,-1.3552,-0.4141
49.708,-0.8457,0.0000,-0.8457,-1.3257,0.0000,-1.3257,-0.4141
49.719,-0.7985,0.0000,-0.7985,-1.2634,0.0000,-1.2634,-0.3640
49.725,-0.7735,0.0000,-0.7735,-1.2314,0.0000,-1.2314,-0.3640
49.729,-0.7558,0.0000,-0.7558,-1.2091,0.0000,-1.2091,-0.3640
49.733,-0.7391,0.0000,-0.7391,-1.1886,0.0000,-1.1886,-0.3640
49.738,-0.7216,0.0000,-0.7216,-1.1674,0.0000,-1.1674,-0.3115
49.743,-0.7027,0.0000,-0.7027,-1.1454,0.0000,-1.1454,-0.3115
49.747,-0.6874,0.0000,-0.6874,-1.1278,0.0000,-1.1278,-0.3115
49.751,-0.6726,0.0000,-0.6726,-1.1113,0.0000,-1.1113,-0.3115
49.755,-0.6569,0.0000,-0.6569,-1.0942,0.0000,-1.0942,-0.2157
49.760,-0.6403,0.0000,-0.6403,-1.0767,0.0000,-1.0767,-0.2157
49.764,-0.6265,0.0000,-0.6265,-1.0625,0.0000,-1.0625,-0.2157
49.768,-0.6127,0.0000,-0.6127,-1.0487,0.0000,-1.0487,-0.2157
49.773,-0.5975,0.0000,-0.5975,-1.0341,0.0000,-1.0341,-0.2157
49.777,-0.5840,0.0000,-0.5840,-1.0216,0.0000,-1.0216,-0.1111
49.782,-0.5695,0.0000,-0.5695,-1.0088,0.0000,-1.0088,-0.1111
49.786,-0.5565,0.0000,-0.5565,-0.9978,0.0000,-0.9978,-0.1111
49.791,-0.5412,0.0000,-0.5412,-0.9853,0.0000,-0.9853,-0.1111
49.795,-0.5286,0.0000,-0.5286,-0.9757,0.0000,-0.9757,-0.0086
49.800,-0.5156,0.0000,-0.5156,-0.9662,0.0000,-0.9662,-0.0086
49.805,-0.5032,0.0000,-0.5032,-0.9577,0.0000,-0.9577,-0.0086
49.809,-0.4909,0.0000,-0.4909,-0.9499,0.0000,-0.9499,-0.0086
49.820,-0.4621,0.0000,-0.4621,-0.9349,0.0000,-0.9349,0.0914
49.825,-0.4490,0.0000,-0.4490,-0.9289,0.0000,-0.9289,0.0914
49.837,-0.4205,0.0000,-0.4205,-0.9196,0.0000,-0.9196,0.1882
49.843,-0.4066,0.0000,-0.4066,-0.9162,0.0000,-0.9162,0.1882
49.848,-0.3972,0.0000,-0.3972,-0.9144,0.0000,-0.9144,0.1882
49.852,-0.3881,0.0000,-0.3881,-0.9131,0.0000,-0.9131,0.1882
49.856,-0.3792,0.0000,-0.3792,-0.9125,0.0000,-0.9125,0.2813
49.861,-0.3694,0.0000,-0.3694,-0.9126,0.0000,-0.9126,0.2813
49.865,-0.3608,0.0000,-0.3608,-0.9132,0.0000,-0.9132,0.2813
49.869,-0.3523,0.0000,-0.3523,-0.9144,0.0000,-0.9144,0.2813
49.874,-0.3441,0.0000,-0.3441,-0.9162,0.0000,-0.9162,0.3701
49.879,-0.3350,0.0000,-0.3350,-0.9189,0.0000,-0.9189,0.3701
49.883,-0.3272,0.0000,-0.3272,-0.9217,0.0000,-0.9217,0.3701
49.887,-0.3195,0.0000,-0.3195,-0.9251,0.0000,-0.9251,0.3701
49.892,-0.3120,0.0000,-0.3120,-0.9291,0.0000,-0.9291,0.3701
49.896,-0.3048,0.0000,-0.3048,-0.9336,0.0000,-0.9336,0.4542
49.901,-0.2968,0.0000,-0.2968,-0.9394,0.0000,-0.9394,0.4542
49.905,-0.2897,0.0000,-0.2897,-0.9453,0.0000,-0.9453,0.4542
49.909,-0.2831,0.0000,-0.2831,-0.9513,0.0000,-0.9513,0.4542
49.914,-0.2760,0.0000,-0.2760,-0.9585,0.0000,-0.9585,0.5328
49.925,-0.2587,0.0000,-0.2587,-0.9809,0.0000,-0.9809,0.5328
49.930,-0.2525,0.0000,-0.2525,-0.9896,0.0000,-0.9896,0.5328
49.934,-0.2467,0.0000,-0.2467,-0.9984,0.0000,-0.9984,0.6054
49.939,-0.2401,0.0000,-0.2401,-1.0095,0.0000,-1.0095,0.6054
49.943,-0.2344,0.0000,-0.2344,-1.0199,0.0000,-1.0199,0.6054
49.947,-0.2290,0.0000,-0.2290,-1.0303,0.0000,-1.0303,0.6054
49.951,-0.2240,0.0000,-0.2240,-1.0407,0.0000,-1.0407,0.6054
49.956,-0.2187,0.0000,-0.2187,-1.0523,0.0000,-1.0523,0.6719
49.961,-0.2128,0.0000,-0.2128,-1.0661,0.0000,-1.0661,0.6719
49.965,-0.2080,0.0000,-0.2080,-1.0783,0.0000,-1.0783,0.6719
49.969,-0.2031,0.0000,-0.2031,-1.0914,0.0000,-1.0914,0.6719
49.974,-0.1980,0.0000,-0.1980,-1.1061,0.0000,-1.1061,0.6719
49.978,-0.1931,0.0000,-0.1931,-1.1210,0.0000,-1.1210,0.7322
49.990,-0.1802,0.0000,-0.1802,-1.1669,0.0000,-1.1669,0.7322
49.996,-0.1748,0.0000,-0.1748,-1.1871,0.0000,-1.1871,0.7825
50.000,-0.1703,0.0000,-0.1703,-1.2051,0.0000,-1.2051,0.7825
50.005,-0.1663,0.0000,-0.1663,-1.2223,0.0000,-1.2223,0.7825
50.009,-0.1620,0.0000,-0.1620,-1.2414,0.0000,-1.2414,0.7825
50.014,-0.1573,0.0000,-0.1573,-1.2640,0.0000,-1.2640,0.8216
50.026,-0.1470,0.0000,-0.1470,-1.3197,0.0000,-1.3197,0.8216
50.030,-0.1436,0.0000,-0.1436,-1.3394,0.0000,-1.3394,0.8216
50.035,-0.1403,0.0000,-0.1403,-1.3589,0.0000,-1.3589,0.8536
50.040,-0.1363,0.0000,-0.1363,-1.3846,0.0000,-1.3846,0.8536
50.044,-0.1331,0.0000,-0.1331,-1.4060,0.0000,-1.4060,0.8536
50.048,-0.1300,0.0000,-0.1300,-1.4271,0.0000,-1.4271,0.8536
50.052,-0.1270,0.0000,-0.1270,-1.4488,0.0000,-1.4488,0.8536
50.057,-0.1239,0.0000,-0.1239,-1.4721,0.0000,-1.4721,0.8795
50.061,-0.1207,0.0000,-0.1207,-1.4978,0.0000,-1.4978,0.8795
50.066,-0.1179,0.0000,-0.1179,-1.5209,0.0000,-1.5209,0.8795
50.071,-0.1146,0.0000,-0.1146,-1.5494,0.0000,-1.5494,0.8795
50.075,-0.1115,0.0000,-0.1115,-1.5777,0.0000,-1.5777,0.8994
50.080,-0.1084,0.0000,-0.1084,-1.6079,0.0000,-1.6079,0.8994
50.086,-0.1051,0.0000,-0.1051,-1.6423,0.0000,-1.6423,0.8994
50.091,-0.1019,0.0000,-0.1019,-1.6758,0.0000,-1.6758,0.8994
50.096,-0.0994,0.0000,-0.0994,-1.7038,0.0000,-1.7038,0.9126
50.101,-0.0966,0.0000,-0.0966,-1.7362,0.0000,-1.7362,0.9126
50.105,-0.0942,0.0000,-0.0942,-1.7662,0.0000,-1.7662,0.9126
50.109,-0.0920,0.0000,-0.0920,-1.7946,0.0000,-1.7946,0.9126
50.114,-0.0898,0.0000,-0.0898,-1.8233,0.0000,-1.8233,0.9338
50.119,-0.0873,0.0000,-0.0873,-1.8591,0.0000,-1.8591,0.9338
50.131,-0.0815,0.0000,-0.0815,-1.9482,0.0000,-1.9482,0.9338
50.143,-0.0756,0.0000,-0.0756,-2.0514,0.0000,-2.0514,0.9511
50.150,-0.0727,0.0000,-0.0727,-2.1046,0.0000,-2.1046,0.9511
50.155,-0.0706,0.0000,-0.0706,-2.1445,0.0000,-2.1445,0.9607
50.160,-0.0687,0.0000,-0.0687,-2.1822,0.0000,-2.1822,0.9607
50.164,-0.0671,0.0000,-0.0671,-2.2154,0.0000,-2.2154,0.9607
50.169,-0.0655,0.0000,-0.0655,-2.2500,0.0000,-2.2500,0.9607
50.173,-0.0638,0.0000,-0.0638,-2.2873,0.0000,-2.2873,0.9607
50.177,-0.0623,0.0000,-0.0623,-2.3226,0.0000,-2.3226,0.9631
50.182,-0.0607,0.0000,-0.0607,-2.3609,0.0000,-2.3609,0.9631
50.186,-0.0593,0.0000,-0.0593,-2.3970,0.0000,-2.3970,0.9631
50.190,-0.0578,0.0000,-0.0578,-2.4348,0.0000,-2.4348,0.9631
50.195,-0.0563,0.0000,-0.0563,-2.4756,0.0000,-2.4756,0.9577
50.200,-0.0548,0.0000,-0.0548,-2.5173,0.0000,-2.5173,0.9577
50.204,-0.0534,0.0000,-0.0534,-2.5563,0.0000,-2.5563,0.9577
50.209,-0.0521,0.0000,-0.0521,-2.5968,0.0000,-2.5968,0.9577
50.213,-0.0508,0.0000,-0.0508,-2.6346,0.0000,-2.6346,0.9577
50.217,-0.0497,0.0000,-0.0497,-2.6721,0.0000,-2.6721,0.9449
50.222,-0.0482,0.0000,-0.0482,-2.7220,0.0000,-2.7220,0.9449
50.233,-0.0452,0.0000,-0.0452,-2.8305,0.0000,-2.8305,0.9449
50.238,-0.0440,0.0000,-0.0440,-2.8740,0.0000,-2.8740,0.9250
50.243,-0.0428,0.0000,-0.0428,-2.9214,0.0000,-2.9214,0.9250
50.247,-0.0418,0.0000,-0.0418,-2.9606,0.0000,-2.9606,0.9250
50.251,-0.0408,0.0000,-0.0408,-3.0001,0.0000,-3.0001,0.9250
50.255,-0.0398,0.0000,-0.0398,-3.0437,0.0000,-3.0437,0.8987
50.260,-0.0387,0.0000,-0.0387,-3.0903,0.0000,-3.0903,0.8987
50.264,-0.0378,0.0000,-0.0378,-3.1303,0.0000,-3.1303,0.8987
50.268,-0.0369,0.0000,-0.0369,-3.1713,0.0000,-3.1713,0.8987
50.273,-0.0360,0.0000,-0.0360,-3.2152,0.0000,-3.2152,0.8987
50.277,-0.0352,0.0000,-0.0352,-3.2565,0.0000,-3.2565,0.8662
50.282,-0.0342,0.0000,-0.0342,-3.3058,0.0000,-3.3058,0.8662
50.294,-0.0319,0.0000,-0.0319,-3.4314,0.0000,-3.4314,0.7474
50.300,-0.0308,0.0000,-0.0308,-3.4927,0.0000,-3.4927,0.7474
50.304,-0.0300,0.0000,-0.0300,-3.5373,0.0000,-3.5373,0.7474
50.308,-0.0293,0.0000,-0.0293,-3.5796,0.0000,-3.5796,0.7474
50.312,-0.0286,0.0000,-0.0286,-3.6198,0.0000,-3.6198,0.7474
50.316,-0.0279,0.0000,-0.0279,-3.6616,0.0000,-3.6616,0.7084
50.321,-0.0272,0.0000,-0.0272,-3.7113,0.0000,-3.7113,0.7084
50.326,-0.0265,0.0000,-0.0265,-3.7534,0.0000,-3.7534,0.7084
50.330,-0.0259,0.0000,-0.0259,-3.7978,0.0000,-3.7978,0.7084
50.341,-0.0243,0.0000,-0.0243,-3.9096,0.0000,-3.9096,0.6644
50.346,-0.0236,0.0000,-0.0236,-3.9584,0.0000,-3.9584,0.6644
50.350,-0.0230,0.0000,-0.0230,-4.0003,0.0000,-4.0003,0.6644
50.354,-0.0225,0.0000,-0.0225,-4.0414,0.0000,-4.0414,0.4722
50.359,-0.0219,0.0000,-0.0219,-4.0878,0.0000,-4.0878,0.4722
50.363,-0.0213,0.0000,-0.0213,-4.1283,0.0000,-4.1283,0.4722
50.367,-0.0208,0.0000,-0.0208,-4.1692,0.0000,-4.1692,0.4722
50.372,-0.0203,0.0000,-0.0203,-4.2110,0.0000,-4.2110,0.4722
50.376,-0.0198,0.0000,-0.0198,-4.2509,0.0000,-4.2509,0.4301
50.381,-0.0192,0.0000,-0.0192,-4.2994,0.0000,-4.2994,0.4301
50.385,-0.0188,0.0000,-0.0188,-4.3381,0.0000,-4.3381,0.4301
50.389,-0.0183,0.0000,-0.0183,-4.3784,0.0000,-4.3784,0.4301
50.394,-0.0178,0.0000,-0.0178,-4.4169,0.0000,-4.4169,0.3882
50.399,-0.0173,0.0000,-0.0173,-4.4613,0.0000,-4.4613,0.3882
50.403,-0.0169,0.0000,-0.0169,-4.4989,0.0000,-4.4989,0.3882
50.407,-0.0165,0.0000,-0.0165,-4.5376,0.0000,-4.5376,0.3882
50.412,-0.0161,0.0000,-0.0161,-4.5743,0.0000,-4.5743,0.3882
50.416,-0.0157,0.0000,-0.0157,-4.6090,0.0000,-4.6090,0.3441
50.421,-0.0153,0.0000,-0.0153,-4.6496,0.0000,-4.6496,0.3441
50.425,-0.0149,0.0000,-0.0149,-4.6845,0.0000,-4.6845,0.3441
50.429,-0.0145,0.0000,-0.0145,-4.7179,0.0000,-4.7179,0.3441
50.434,-0.0141,0.0000,-0.0141,-4.7535,0.0000,-4.7535,0.2973
50.447,-0.0131,0.0000,-0.0131,-4.8558,0.0000,-4.8558,0.2973
50.453,-0.0126,0.0000,-0.0126,-4.8996,0.0000,-4.8996,0.2973
50.458,-0.0122,0.0000,-0.0122,-4.9329,0.0000,-4.9329,0.2480
50.463,-0.0119,0.0000,-0.0119,-4.9641,0.0000,-4.9641,0.2480
50.467,-0.0116,0.0000,-0.0116,-4.9899,0.0000,-4.9899,0.2480
50.471,-0.0113,0.0000,-0.0113,-5.0169,0.0000,-5.0169,0.2480
50.476,-0.0111,0.0000,-0.0111,-5.0435,0.0000,-5.0435,0.1967
50.480,-0.0107,0.0000,-0.0107,-5.0713,0.0000,-5.0713,0.1967
50.484,-0.0105,0.0000,-0.0105,-5.0937,0.0000,-5.0937,0.1967
50.489,-0.0102,0.0000,-0.0102,-5.1171,0.0000,-5.1171,0.1967
50.493,-0.0100,0.0000,-0.0100,-5.1387,0.0000,-5.1387,0.1967
50.497,-0.0097,0.0000,-0.0097,-5.1587,0.0000,-5.1587,0.1454
50.502,-0.0095,0.0000,-0.0095,-5.1812,0.0000,-5.1812,0.1454
50.507,-0.0092,0.0000,-0.0092,-5.2029,0.0000,-5.2029,0.1454
50.511,-0.0090,0.0000,-0.0090,-5.2213,0.0000,-5.2213,0.1454
50.515,-0.0088,0.0000,-0.0088,-5.2378,0.0000,-5.2378,0.0926
50.520,-0.0085,0.0000,-0.0085,-5.2558,0.0000,-5.2558,0.0926
50.524,-0.0083,0.0000,-0.0083,-5.2705,0.0000,-5.2705,0.0926
50.529,-0.0081,0.0000,-0.0081,-5.2837,0.0000,-5.2837,0.0926
50.533,-0.0079,0.0000,-0.0079,-5.2961,0.0000,-5.2961,0.0926
50.538,-0.0077,0.0000,-0.0077,-5.3095,0.0000,-5.3095,0.0382
50.549,-0.0072,0.0000,-0.0072,-5.3350,0.0000,-5.3350,0.0382
50.555,-0.0069,0.0000,-0.0069,-5.3449,0.0000,-5.3449,-0.0177
50.560,-0.0067,0.0000,-0.0067,-5.3520,0.0000,-5.3520,-0.0177
50.565,-0.0065,0.0000,-0.0065,-5.3540,0.0000,-5.3540,-0.0177
50.570,-0.0064,0.0000,-0.0064,-5.3522,0.0000,-5.3522,-0.0177
50.575,-0.0062,0.0000,-0.0062,-5.3466,0.0000,-5.3466,-0.0743
50.580,-0.0060,0.0000,-0.0060,-5.3377,0.0000,-5.3377,-0.0743
50.584,-0.0058,0.0000,-0.0058,-5.3271,0.0000,-5.3271,-0.0743
50.596,-0.0054,0.0000,-0.0054,-5.2838,0.0000,-5.2838,-0.1315
50.605,-0.0052,0.0000,-0.0052,-5.2447,0.0000,-5.2447,-0.1315
50.610,-0.0050,0.0000,-0.0050,-5.2213,0.0000,-5.2213,-0.1315
50.615,-0.0049,0.0000,-0.0049,-5.2007,0.0000,-5.2007,-0.1884
50.620,-0.0047,0.0000,-0.0047,-5.1810,0.0000,-5.1810,-0.1884
50.633,-0.0043,0.0000,-0.0043,-5.1445,0.0000,-5.1445,-0.1884
50.640,-0.0042,0.0000,-0.0042,-5.1304,0.0000,-5.1304,-0.2445
50.652,-0.0039,0.0000,-0.0039,-5.1105,0.0000,-5.1105,-0.2445
50.657,-0.0038,0.0000,-0.0038,-5.1046,0.0000,-5.1046,-0.3000
50.661,-0.0037,0.0000,-0.0037,-5.0998,0.0000,-5.0998,-0.3000
50.665,-0.0036,0.0000,-0.0036,-5.0965,0.0000,-5.0965,-0.3000
50.670,-0.0035,0.0000,-0.0035,-5.0940,0.0000,-5.0940,-0.3000
50.674,-0.0034,0.0000,-0.0034,-5.0923,0.0000,-5.0923,-0.3536
50.679,-0.0033,0.0000,-0.0033,-5.0916,0.0000,-5.0916,-0.3536
50.683,-0.0032,0.0000,-0.0032,-5.0918,0.0000,-5.0918,-0.3536
50.688,-0.0031,0.0000,-0.0031,-5.0928,0.0000,-5.0928,-0.3536
50.692,-0.0031,0.0000,-0.0031,-5.0946,0.0000,-5.0946,-0.3536
50.696,-0.0030,0.0000,-0.0030,-5.0968,0.0000,-5.0968,-0.4053
50.701,-0.0029,0.0000,-0.0029,-5.1001,0.0000,-5.1001,-0.4053
50.705,-0.0028,0.0000,-0.0028,-5.1041,0.0000,-5.1041,-0.4053
50.710,-0.0028,0.0000,-0.0028,-5.1083,0.0000,-5.1083,-0.4053
50.714,-0.0027,0.0000,-0.0027,-5.1129,0.0000,-5.1129,-0.4549
50.718,-0.0026,0.0000,-0.0026,-5.1188,0.0000,-5.1188,-0.4549
50.723,-0.0026,0.0000,-0.0026,-5.1257,0.0000,-5.1257,-0.4549
50.728,-0.0025,0.0000,-0.0025,-5.1320,0.0000,-5.1320,-0.4549
50.732,-0.0024,0.0000,-0.0024,-5.1385,0.0000,-5.1385,-0.4549
50.737,-0.0024,0.0000,-0.0024,-5.1470,0.0000,-5.1470,-0.4941
50.749,-0.0022,0.0000,-0.0022,-5.1724,0.0000,-5.1724,-0.4941
50.763,-0.0020,0.0000,-0.0020,-5.2023,0.0000,-5.2023,-0.5160
50.768,-0.0020,0.0000,-0.0020,-5.2129,0.0000,-5.2129,-0.5160
50.773,-0.0019,0.0000,-0.0019,-5.2233,0.0000,-5.2233,-0.5160
50.777,-0.0018,0.0000,-0.0018,-5.2326,0.0000,-5.2326,-0.5341
50.782,-0.0018,0.0000,-0.0018,-5.2433,0.0000,-5.2433,-0.5341
50.786,-0.0018,0.0000,-0.0018,-5.2524,0.0000,-5.2524,-0.5341
50.790,-0.0017,0.0000,-0.0017,-5.2622,0.0000,-5.2622,-0.5341
50.795,-0.0017,0.0000,-0.0017,-5.2715,0.0000,-5.2715,-0.5513
50.799,-0.0016,0.0000,-0.0016,-5.2820,0.0000,-5.2820,-0.5513
50.804,-0.0016,0.0000,-0.0016,-5.2922,0.0000,-5.2922,-0.5513
50.808,-0.0015,0.0000,-0.0015,-5.3012,0.0000,-5.3012,-0.5513
50.812,-0.0015,0.0000,-0.0015,-5.3100,0.0000,-5.3100,-0.5513
50.817,-0.0015,0.0000,-0.0015,-5.3191,0.0000,-5.3191,-0.5673
50.821,-0.0014,0.0000,-0.0014,-5.3293,0.0000,-5.3293,-0.5673
50.826,-0.0014,0.0000,-0.0014,-5.3380,0.0000,-5.3380,-0.5673
50.830,-0.0014,0.0000,-0.0014,-5.3465,0.0000,-5.3465,-0.5673
50.834,-0.0013,0.0000,-0.0013,-5.3548,0.0000,-5.3548,-0.5820
50.839,-0.0013,0.0000,-0.0013,-5.3640,0.0000,-5.3640,-0.5820
50.843,-0.0012,0.0000,-0.0012,-5.3720,0.0000,-5.3720,-0.5820
50.848,-0.0012,0.0000,-0.0012,-5.3797,0.0000,-5.3797,-0.5820
50.852,-0.0012,0.0000,-0.0012,-5.3865,0.0000,-5.3865,-0.5820
50.856,-0.0012,0.0000,-0.0012,-5.3940,0.0000,-5.3940,-0.6018
50.868,-0.0011,0.0000,-0.0011,-5.4114,0.0000,-5.4114,-0.6018
50.872,-0.0011,0.0000,-0.0011,-5.4175,0.0000,-5.4175,-0.6018
50.877,-0.0010,0.0000,-0.0010,-5.4231,0.0000,-5.4231,-0.6199
50.881,-0.0010,0.0000,-0.0010,-5.4285,0.0000,-5.4285,-0.6199
50.885,-0.0010,0.0000,-0.0010,-5.4329,0.0000,-5.4329,-0.6199
50.890,-0.0009,0.0000,-0.0009,-5.4374,0.0000,-5.4374,-0.6199
50.901,-0.0009,0.0000,-0.0009,-5.4457,0.0000,-5.4457,-0.6349
50.908,-0.0008,0.0000,-0.0008,-5.4493,0.0000,-5.4493,-0.6349
50.912,-0.0008,0.0000,-0.0008,-5.4511,0.0000,-5.4511,-0.6349
50.916,-0.0008,0.0000,-0.0008,-5.4524,0.0000,-5.4524,-0.6471
50.921,-0.0008,0.0000,-0.0008,-5.4534,0.0000,-5.4534,-0.6471
50.925,-0.0008,0.0000,-0.0008,-5.4537,0.0000,-5.4537,-0.6471
50.929,-0.0007,0.0000,-0.0007,-5.4536,0.0000,-5.4536,-0.6471
50.934,-0.0007,0.0000,-0.0007,-5.4530,0.0000,-5.4530,-0.6562
50.939,-0.0007,0.0000,-0.0007,-5.4515,0.0000,-5.4515,-0.6562
50.943,-0.0007,0.0000,-0.0007,-5.4497,0.0000,-5.4497,-0.6562
50.947,-0.0007,0.0000,-0.0007,-5.4475,0.0000,-5.4475,-0.6562
50.951,-0.0007,0.0000,-0.0007,-5.4448,0.0000,-5.4448,-0.6562
50.956,-0.0006,0.0000,-0.0006,-5.4414,0.0000,-5.4414,-0.6618
50.960,-0.0006,0.0000,-0.0006,-5.4372,0.0000,-5.4372,-0.6618
50.965,-0.0006,0.0000,-0.0006,-5.4326,0.0000,-5.4326,-0.6618
50.976,-0.0006,0.0000,-0.0006,-5.4167,0.0000,-5.4167,-0.6640
50.981,-0.0005,0.0000,-0.0005,-5.4098,0.0000,-5.4098,-0.6640
50.985,-0.0005,0.0000,-0.0005,-5.4031,0.0000,-5.4031,-0.6640
50.989,-0.0005,0.0000,-0.0005,-5.3955,0.0000,-5.3955,-0.6640
50.993,-0.0005,0.0000,-0.0005,-5.3878,0.0000,-5.3878,-0.6640
50.997,-0.0005,0.0000,-0.0005,-5.3797,0.0000,-5.3797,-0.6632
51.002,-0.0005,0.0000,-0.0005,-5.3701,0.0000,-5.3701,-0.6632
51.006,-0.0005,0.0000,-0.0005,-5.3602,0.0000,-5.3602,-0.6632
51.010,-0.0005,0.0000,-0.0005,-5.3506,0.0000,-5.3506,-0.6632
51.014,-0.0004,0.0000,-0.0004,-5.3407,0.0000,-5.3407,-0.6363
51.019,-0.0004,0.0000,-0.0004,-5.3278,0.0000,-5.3278,-0.6363
51.024,-0.0004,0.0000,-0.0004,-5.3160,0.0000,-5.3160,-0.6363
51.028,-0.0004,0.0000,-0.0004,-5.3044,0.0000,-5.3044,-0.6363
51.032,-0.0004,0.0000,-0.0004,-5.2922,0.0000,-5.2922,-0.6363
51.037,-0.0004,0.0000,-0.0004,-5.2779,0.0000,-5.2779,-0.6040
51.042,-0.0004,0.0000,-0.0004,-5.2593,0.0000,-5.2593,-0.6040
51.055,-0.0003,0.0000,-0.0003,-5.2129,0.0000,-5.2129,-0.5711
51.062,-0.0003,0.0000,-0.0003,-5.1870,0.0000,-5.1870,-0.5711
51.066,-0.0003,0.0000,-0.0003,-5.1682,0.0000,-5.1682,-0.5711
51.077,-0.0003,0.0000,-0.0003,-5.1215,0.0000,-5.1215,-0.5374
51.084,-0.0003,0.0000,-0.0003,-5.0954,0.0000,-5.0954,-0.5374
51.089,-0.0003,0.0000,-0.0003,-5.0740,0.0000,-5.0740,-0.5374
51.093,-0.0003,0.0000,-0.0003,-5.0520,0.0000,-5.0520,-0.5374
51.098,-0.0003,0.0000,-0.0003,-5.0300,0.0000,-5.0300,-0.5034
51.104,-0.0003,0.0000,-0.0003,-5.0046,0.0000,-5.0046,-0.5034
51.108,-0.0003,0.0000,-0.0003,-4.9824,0.0000,-4.9824,-0.5034
51.113,-0.0002,0.0000,-0.0002,-4.9597,0.0000,-4.9597,-0.5034
51.118,-0.0002,0.0000,-0.0002,-4.9376,0.0000,-4.9376,-0.4586
51.123,-0.0002,0.0000,-0.0002,-4.9115,0.0000,-4.9115,-0.4586
51.128,-0.0002,0.0000,-0.0002,-4.8863,0.0000,-4.8863,-0.4586
51.132,-0.0002,0.0000,-0.0002,-4.8639,0.0000,-4.8639,-0.4586
51.136,-0.0002,0.0000,-0.0002,-4.8417,0.0000,-4.8417,-0.3957
51.141,-0.0002,0.0000,-0.0002,-4.8147,0.0000,-4.8147,-0.3957
51.146,-0.0002,0.0000,-0.0002,-4.7917,0.0000,-4.7917,-0.3957
51.150,-0.0002,0.0000,-0.0002,-4.7692,0.0000,-4.7692,-0.3957
51.154,-0.0002,0.0000,-0.0002,-4.7447,0.0000,-4.7447,-0.3305
51.161,-0.0002,0.0000,-0.0002,-4.7026,0.0000,-4.7026,-0.3305
51.166,-0.0002,0.0000,-0.0002,-4.6782,0.0000,-4.6782,-0.3305
51.170,-0.0002,0.0000,-0.0002,-4.6526,0.0000,-4.6526,-0.3305
51.175,-0.0002,0.0000,-0.0002,-4.6268,0.0000,-4.6268,-0.2674
51.179,-0.0002,0.0000,-0.0002,-4.5978,0.0000,-4.5978,-0.2674
51.190,-0.0002,0.0000,-0.0002,-4.5297,0.0000,-4.5297,-0.2674
51.195,-0.0001,0.0000,-0.0001,-4.5018,0.0000,-4.5018,-0.1777
51.207,-0.0001,0.0000,-0.0001,-4.4260,0.0000,-4.4260,-0.1777
51.212,-0.0001,0.0000,-0.0001,-4.3932,0.0000,-4.3932,-0.1777
51.216,-0.0001,0.0000,-0.0001,-4.3682,0.0000,-4.3682,-0.0544
51.221,-0.0001,0.0000,-0.0001,-4.3385,0.0000,-4.3385,-0.0544
51.225,-0.0001,0.0000,-0.0001,-4.3130,0.0000,-4.3130,-0.0544
51.229,-0.0001,0.0000,-0.0001,-4.2881,0.0000,-4.2881,-0.0544
51.233,-0.0001,0.0000,-0.0001,-4.2633,0.0000,-4.2633,-0.0544
51.238,-0.0001,0.0000,-0.0001,-4.2341,0.0000,-4.2341,0.0740
51.242,-0.0001,0.0000,-0.0001,-4.2037,0.0000,-4.2037,0.0740
51.246,-0.0001,0.0000,-0.0001,-4.1777,0.0000,-4.1777,0.0740
51.251,-0.0001,0.0000,-0.0001,-4.1515,0.0000,-4.1515,0.0740
51.255,-0.0001,0.0000,-0.0001,-4.1242,0.0000,-4.1242,0.1947
51.260,-0.0001,0.0000,-0.0001,-4.0934,0.0000,-4.0934,0.1947
51.264,-0.0001,0.0000,-0.0001,-4.0676,0.0000,-4.0676,0.1947
51.268,-0.0001,0.0000,-0.0001,-4.0393,0.0000,-4.0393,0.1947
51.273,-0.0001,0.0000,-0.0001,-4.0100,0.0000,-4.0100,0.1947
51.277,-0.0001,0.0000,-0.0001,-3.9833,0.0000,-3.9833,0.3064
51.281,-0.0001,0.0000,-0.0001,-3.9525,0.0000,-3.9525,0.3064
51.286,-0.0001,0.0000,-0.0001,-3.9236,0.0000,-3.9236,0.3064
51.297,-0.0001,0.0000,-0.0001,-3.8492,0.0000,-3.8492,0.4092
51.302,-0.0001,0.0000,-0.0001,-3.8176,0.0000,-3.8176,0.4092
51.306,-0.0001,0.0000,-0.0001,-3.7894,0.0000,-3.7894,0.4092
51.310,-0.0001,0.0000,-0.0001,-3.7629,0.0000,-3.7629,0.4092
51.314,-0.0001,0.0000,-0.0001,-3.7350,0.0000,-3.7350,0.5026
51.319,-0.0001,0.0000,-0.0001,-3.7041,0.0000,-3.7041,0.5026
51.324,-0.0001,0.0000,-0.0001,-3.6762,0.0000,-3.6762,0.5026
51.328,-0.0001,0.0000,-0.0001,-3.6501,0.0000,-3.6501,0.5026
51.333,-0.0001,0.0000,-0.0001,-3.6184,0.0000,-3.6184,0.5026
51.337,-0.0001,0.0000,-0.0001,-3.5901,0.0000,-3.5901,0.5870
51.342,-0.0001,0.0000,-0.0001,-3.5585,0.0000,-3.5585,0.5870
51.346,-0.0001,0.0000,-0.0001,-3.5307,0.0000,-3.5307,0.5870
51.358,-0.0001,0.0000,-0.0001,-3.4557,0.0000,-3.4557,0.6621
51.364,-0.0001,0.0000,-0.0001,-3.4166,0.0000,-3.4166,0.6621
51.368,-0.0001,0.0000,-0.0001,-3.3888,0.0000,-3.3888,0.6621
51.373,0.0000,0.0000,0.0000,-3.3609,0.0000,-3.3609,0.6621
51.377,0.0000,0.0000,0.0000,-3.3310,0.0000,-3.3310,0.7281
51.383,0.0000,0.0000,0.0000,-3.2976,0.0000,-3.2976,0.7281
51.387,0.0000,0.0000,0.0000,-3.2693,0.0000,-3.2693,0.7281
51.392,0.0000,0.0000,0.0000,-3.2423,0.0000,-3.2423,0.7281
51.396,0.0000,0.0000,0.0000,-3.2148,0.0000,-3.2148,0.8334
51.407,0.0000,0.0000,0.0000,-3.1733,0.0000,-3.1733,0.8334
51.412,0.0000,0.0000,0.0000,-3.1625,0.0000,-3.1625,0.8334
51.416,0.0000,0.0000,0.0000,-3.1557,0.0000,-3.1557,0.9398
51.421,0.0000,0.0000,0.0000,-3.1524,0.0000,-3.1524,0.9398
51.425,0.0000,0.0000,0.0000,-3.1530,0.0000,-3.1530,0.9398
51.429,0.0000,0.0000,0.0000,-3.1566,0.0000,-3.1566,0.9398
51.433,0.0000,0.0000,0.0000,-3.1629,0.0000,-3.1629,0.9398
51.438,0.0000,0.0000,0.0000,-3.1730,0.0000,-3.1730,1.0564
51.442,0.0000,0.0000,0.0000,-3.1877,0.0000,-3.1877,1.0564
51.447,0.0000,0.0000,0.0000,-3.2024,0.0000,-3.2024,1.0564
51.451,0.0000,0.0000,0.0000,-3.2154,0.0000,-3.2154,1.0564
51.456,0.0000,0.0000,0.0000,-3.2281,0.0000,-3.2281,1.1631
51.461,0.0000,0.0000,0.0000,-3.2392,0.0000,-3.2392,1.1631
51.465,0.0000,0.0000,0.0000,-3.2467,0.0000,-3.2467,1.1631
51.469,0.0000,0.0000,0.0000,-3.2532,0.0000,-3.2532,1.1631
51.474,0.0000,0.0000,0.0000,-3.2580,0.0000,-3.2580,1.2530
51.478,0.0000,0.0000,0.0000,-3.2609,0.0000,-3.2609,1.2530
51.482,0.0000,0.0000,0.0000,-3.2618,0.0000,-3.2618,1.2530
51.487,0.0000,0.0000,0.0000,-3.2607,0.0000,-3.2607,1.2530
51.491,0.0000,0.0000,0.0000,-3.2580,0.0000,-3.2580,1.2530
51.495,0.0000,0.0000,0.0000,-3.2538,0.0000,-3.2538,1.3356
51.500,0.0000,0.0000,0.0000,-3.2460,0.0000,-3.2460,1.3356
51.512,0.0000,0.0000,0.0000,-3.2151,0.0000,-3.2151,1.3356
51.518,0.0000,0.0000,0.0000,-3.1995,0.0000,-3.1995,1.1896
51.523,0.0000,0.0000,0.0000,-3.1832,0.0000,-3.1832,1.1896
51.527,0.0000,0.0000,0.0000,-3.1697,0.0000,-3.1697,1.1896
51.532,0.0000,0.0000,0.0000,-3.1549,0.0000,-3.1549,1.1896
51.536,0.0000,0.0000,0.0000,-3.1400,0.0000,-3.1400,1.2628
51.541,0.0000,0.0000,0.0000,-3.1225,0.0000,-3.1225,1.2628
51.545,0.0000,0.0000,0.0000,-3.1073,0.0000,-3.1073,1.2628
51.549,0.0000,0.0000,0.0000,-3.0904,0.0000,-3.0904,1.2628
51.554,0.0000,-0.0222,-0.0223,-3.0737,0.0000,-3.0737,0.8810
51.559,0.0000,-0.0222,-0.0223,-3.0543,0.0000,-3.0543,0.8810
51.563,0.0000,-0.0222,-0.0222,-3.0368,0.0000,-3.0368,0.8810
51.567,0.0000,-0.0222,-0.0222,-3.0194,0.0000,-3.0194,0.8810
51.572,0.0000,-0.0222,-0.0222,-3.0007,0.0000,-3.0007,0.8810
51.576,0.0000,-0.0144,-0.0144,-2.9822,0.0000,-2.9822,0.9656
51.580,0.0000,-0.0144,-0.0144,-2.9603,0.0000,-2.9603,0.9656
51.585,0.0000,-0.0144,-0.0144,-2.9410,0.0000,-2.9410,0.9656
51.589,0.0000,-0.0144,-0.0144,-2.9203,0.0000,-2.9203,0.9656
51.593,0.0000,-0.0144,-0.0144,-2.8997,0.0000,-2.8997,0.9656
51.598,0.0000,-0.0127,-0.0127,-2.8773,0.0000,-2.8773,0.9602
51.603,0.0000,-0.0127,-0.0127,-2.8505,0.0000,-2.8505,0.9602
51.614,0.0000,0.0000,0.0000,-2.7882,0.0000,-2.7882,1.0690
51.619,0.0000,0.0000,0.0000,-2.7615,0.0000,-2.7615,1.0690
51.624,0.0000,0.0000,0.0000,-2.7385,0.0000,-2.7385,1.0690
51.629,0.0000,0.0000,0.0000,-2.7127,0.0000,-2.7127,1.0690
51.635,0.0000,-0.0136,-0.0136,-2.6825,0.0000,-2.6825,0.8526
51.640,0.0000,-0.0136,-0.0136,-2.6565,0.0000,-2.6565,0.8526
51.644,0.0000,-0.0136,-0.0136,-2.6331,0.0000,-2.6331,0.8526
51.648,0.0000,-0.0136,-0.0136,-2.6119,0.0000,-2.6119,0.8526
51.653,0.0000,-0.0136,-0.0136,-2.5904,0.0000,-2.5904,0.8526
51.664,0.0000,-0.0144,-0.0145,-2.5296,0.0000,-2.5296,0.8151
51.670,0.0000,-0.0144,-0.0145,-2.4987,0.0000,-2.4987,0.8151
51.675,0.0000,-0.0156,-0.0156,-2.4748,0.0000,-2.4748,0.7726
51.680,0.0000,-0.0156,-0.0156,-2.4507,0.0000,-2.4507,0.7726
51.684,0.0000,-0.0156,-0.0156,-2.4300,0.0000,-2.4300,0.7726
51.689,0.0000,-0.0156,-0.0156,-2.4069,0.0000,-2.4069,0.7726
51.693,0.0000,-0.0156,-0.0156,-2.3826,0.0000,-2.3826,0.7726
51.697,0.0000,-0.0170,-0.0170,-2.3610,0.0000,-2.3610,0.7230
51.702,0.0000,-0.0170,-0.0170,-2.3360,0.0000,-2.3360,0.7230
51.707,0.0000,-0.0170,-0.0170,-2.3136,0.0000,-2.3136,0.7230
51.711,0.0000,-0.0170,-0.0170,-2.2928,0.0000,-2.2928,0.7230
51.715,0.0000,-0.0187,-0.0187,-2.2706,0.0000,-2.2706,0.6649
51.727,0.0000,-0.0187,-0.0187,-2.2129,0.0000,-2.2129,0.6649
51.731,0.0000,-0.0187,-0.0187,-2.1926,0.0000,-2.1926,0.6649
51.735,0.0000,-0.0206,-0.0206,-2.1722,0.0000,-2.1722,0.5970
51.740,0.0000,-0.0206,-0.0206,-2.1492,0.0000,-2.1492,0.5970
51.744,0.0000,-0.0206,-0.0206,-2.1298,0.0000,-2.1298,0.5970
51.748,0.0000,-0.0206,-0.0206,-2.1117,0.0000,-2.1117,0.5970
51.753,0.0000,-0.0206,-0.0206,-2.0901,0.0000,-2.0901,0.5970
51.758,0.0000,-0.0225,-0.0225,-2.0707,0.0000,-2.0707,0.5184
51.762,0.0000,-0.0225,-0.0225,-2.0500,0.0000,-2.0500,0.5184
51.767,0.0000,-0.0225,-0.0225,-2.0313,0.0000,-2.0313,0.5184
51.771,0.0000,-0.0225,-0.0225,-2.0128,0.0000,-2.0128,0.5184
51.775,0.0000,-0.0197,-0.0197,-1.9939,0.0000,-1.9939,0.5366
51.780,0.0000,-0.0197,-0.0197,-1.9735,0.0000,-1.9735,0.5366
51.785,0.0000,-0.0197,-0.0197,-1.9521,0.0000,-1.9521,0.5366
51.789,0.0000,-0.0197,-0.0197,-1.9326,0.0000,-1.9326,0.5366
51.794,0.0000,-0.0216,-0.0216,-1.9146,0.0000,-1.9146,0.4289
51.799,0.0000,-0.0216,-0.0216,-1.8937,0.0000,-1.8937,0.4289
51.803,0.0000,-0.0216,-0.0216,-1.8751,0.0000,-1.8751,0.4289
51.815,0.0000,-0.0146,-0.0146,-1.8233,0.0000,-1.8233,0.5859
51.821,0.0000,-0.0146,-0.0146,-1.7969,0.0000,-1.7969,0.5859
51.826,0.0000,-0.0146,-0.0146,-1.7790,0.0000,-1.7790,0.5859
51.837,0.0000,-0.0146,-0.0146,-1.7371,0.0000,-1.7371,0.5036
51.842,0.0000,-0.0146,-0.0146,-1.7184,0.0000,-1.7184,0.5036
51.846,0.0000,-0.0146,-0.0146,-1.7028,0.0000,-1.7028,0.5036
51.850,0.0000,-0.0146,-0.0146,-1.6879,0.0000,-1.6879,0.5036
51.854,0.0000,-0.0121,-0.0121,-1.6727,0.0000,-1.6727,0.5282
51.859,0.0000,-0.0121,-0.0121,-1.6555,0.0000,-1.6555,0.5282
51.863,0.0000,-0.0121,-0.0121,-1.6409,0.0000,-1.6409,0.5282
51.867,0.0000,-0.0121,-0.0121,-1.6266,0.0000,-1.6266,0.5282
51.872,0.0000,-0.0121,-0.0121,-1.6118,0.0000,-1.6118,0.5282
51.876,0.0000,-0.0112,-0.0112,-1.5970,0.0000,-1.5970,0.4332
51.881,0.0000,-0.0112,-0.0112,-1.5813,0.0000,-1.5813,0.4332
51.885,0.0000,-0.0112,-0.0111,-1.5679,0.0000,-1.5679,0.4332
51.889,0.0002,-0.0112,-0.0110,-1.5529,0.0000,-1.5529,0.4332
51.894,0.0005,-0.0112,-0.0107,-1.5390,0.0000,-1.5390,0.4332
51.898,0.0011,0.0000,0.0011,-1.5254,0.0000,-1.5254,0.3747
51.902,0.0022,0.0000,0.0022,-1.5101,0.0000,-1.5101,0.3747
51.907,0.0038,0.0000,0.0038,-1.4956,0.0000,-1.4956,0.3747
51.911,0.0057,0.0000,0.0057,-1.4827,0.0000,-1.4827,0.3747
51.915,0.0082,0.0000,0.0082,-1.4696,0.0000,-1.4696,0.3233
51.920,0.0117,0.0000,0.0117,-1.4552,0.0000,-1.4552,0.3233
51.924,0.0157,0.0000,0.0157,-1.4413,0.0000,-1.4413,0.3233
51.929,0.0205,0.0000,0.0205,-1.4279,0.0000,-1.4279,0.3233
51.940,0.0366,0.0000,0.0366,-1.3932,0.0000,-1.3932,0.2755
51.946,0.0462,0.0000,0.0462,-1.3771,0.0000,-1.3771,0.2755
51.950,0.0551,0.0000,0.0551,-1.3642,0.0000,-1.3642,0.2755
51.955,0.0654,0.0000,0.0654,-1.3509,0.0000,-1.3509,0.2147
51.969,0.0983,0.0000,0.0983,-1.3153,0.0000,-1.3153,0.2147
51.975,0.1167,0.0000,0.1167,-1.2989,0.0000,-1.2989,0.1493
51.981,0.1334,0.0000,0.1334,-1.2856,0.0000,-1.2856,0.1493
51.986,0.1517,0.0000,0.1517,-1.2722,0.0000,-1.2722,0.1493
51.991,0.1692,0.0000,0.1692,-1.2603,0.0000,-1.2603,0.1493
51.996,0.1850,0.0000,0.1850,-1.2502,0.0000,-1.2502,0.1880
52.001,0.2030,0.0000,0.2030,-1.2394,0.0000,-1.2394,0.1880
52.005,0.2201,0.0000,0.2201,-1.2296,0.0000,-1.2296,0.1880
52.009,0.2374,0.0000,0.2374,-1.2202,0.0000,-1.2202,0.1880
52.013,0.2540,0.0000,0.2540,-1.2116,0.0000,-1.2116,0.1880
52.018,0.2720,0.0000,0.2720,-1.2025,0.0000,-1.2025,0.2294
52.022,0.2934,0.0000,0.2934,-1.1923,0.0000,-1.1923,0.2294
52.027,0.3122,0.0000,0.3122,-1.1836,0.0000,-1.1836,0.2294
52.031,0.3342,0.0000,0.3342,-1.1739,0.0000,-1.1739,0.2294
52.053,0.4416,0.0000,0.4416,-1.1316,0.0000,-1.1316,0.3683
52.059,0.4750,0.0000,0.4750,-1.1198,0.0000,-1.1198,0.2774
52.065,0.5048,0.0000,0.5048,-1.1101,0.0000,-1.1101,0.2774
52.071,0.5328,0.0000,0.5328,-1.1012,0.0000,-1.1012,0.2774
52.075,0.5564,0.0000,0.5564,-1.0942,0.0000,-1.0942,0.1849
52.080,0.5828,0.0000,0.5828,-1.0866,0.0000,-1.0866,0.1849
52.084,0.6045,0.0000,0.6045,-1.0806,0.0000,-1.0806,0.1849
52.089,0.6270,0.0000,0.6270,-1.0746,0.0000,-1.0746,0.1849
52.093,0.6498,0.0000,0.6498,-1.0687,0.0000,-1.0687,0.1849
52.099,0.6810,0.0000,0.6810,-1.0610,0.0000,-1.0610,0.0903
52.105,0.7123,0.0000,0.7123,-1.0535,0.0000,-1.0535,0.0903
52.110,0.7404,0.0000,0.7404,-1.0469,0.0000,-1.0469,0.0903
52.128,0.8377,0.0000,0.8377,-1.0245,0.0000,-1.0245,0.0969
52.135,0.8766,0.0000,0.8766,-1.0160,0.0000,-1.0160,0.0852
52.142,0.9120,0.0000,0.9120,-1.0085,0.0000,-1.0085,0.0852
52.156,0.9811,0.0000,0.9811,-0.9948,0.0000,-0.9948,-0.0205
52.162,1.0107,0.0000,1.0107,-0.9891,0.0000,-0.9891,-0.0205
52.167,1.0373,0.0000,1.0373,-0.9843,0.0000,-0.9843,-0.0205
52.173,1.0665,0.0000,1.0665,-0.9793,0.0000,-0.9793,-0.0205
52.179,1.0938,0.0000,1.0938,-0.9749,0.0000,-0.9749,-0.1253
52.185,1.1221,0.0000,1.1221,-0.9704,0.0000,-0.9704,-0.1253
52.191,1.1508,0.0000,1.1508,-0.9660,0.0000,-0.9660,-0.1253
52.197,1.1768,0.0000,1.1768,-0.9622,0.0000,-0.9622,-0.1428
52.204,1.2070,0.0000,1.2070,-0.9581,0.0000,-0.9581,-0.1428
52.209,1.2299,0.0000,1.2299,-0.9550,0.0000,-0.9550,-0.1428
52.216,1.2554,0.0000,1.2554,-0.9517,0.0000,-0.9517,-0.1656
52.224,1.2885,0.0000,1.2885,-0.9474,0.0000,-0.9474,-0.1656
52.230,1.3118,0.0000,1.3118,-0.9442,0.0000,-0.9442,-0.1656
52.236,1.3349,0.0000,1.3349,-0.9412,0.0000,-0.9412,-0.1899
52.243,1.3615,0.0000,1.3615,-0.9377,0.0000,-0.9377,-0.1899
52.257,1.4101,0.0000,1.4101,-0.9314,0.0000,-0.9314,-0.2191
52.265,1.4356,0.0000,1.4356,-0.9283,0.0000,-0.9283,-0.2191
52.282,1.4880,0.0000,1.4880,-0.9227,0.0000,-0.9227,-0.2456
52.289,1.5068,0.0000,1.5068,-0.9208,0.0000,-0.9208,-0.2456
52.293,1.5195,0.0000,1.5195,-0.9197,0.0000,-0.9197,-0.2456
52.299,1.5324,0.0000,1.5324,-0.9186,0.0000,-0.9186,-0.2743
52.304,1.5446,0.0000,1.5446,-0.9178,0.0000,-0.9178,-0.2743
52.309,1.5567,0.0000,1.5567,-0.9170,0.0000,-0.9170,-0.2743
52.314,1.5674,0.0000,1.5674,-0.9163,0.0000,-0.9163,-0.3093
52.319,1.5784,0.0000,1.5784,-0.9156,0.0000,-0.9156,-0.3093
52.324,1.5881,0.0000,1.5881,-0.9149,0.0000,-0.9149,-0.3093
52.329,1.5982,0.0000,1.5982,-0.9143,0.0000,-0.9143,-0.3093
52.335,1.6087,0.0000,1.6087,-0.9135,0.0000,-0.9135,-0.3473
52.340,1.6174,0.0000,1.6174,-0.9128,0.0000,-0.9128,-0.3473
52.344,1.6251,0.0000,1.6251,-0.9122,0.0000,-0.9122,-0.3473
52.349,1.6323,0.0000,1.6323,-0.9116,0.0000,-0.9116,-0.3473
52.354,1.6397,0.0000,1.6397,-0.9109,0.0000,-0.9109,-0.3119
52.366,1.6558,0.0000,1.6558,-0.9099,0.0000,-0.9099,-0.3119
52.370,1.6608,0.0000,1.6608,-0.9097,0.0000,-0.9097,-0.3119
52.375,1.6656,0.0000,1.6656,-0.9094,0.0000,-0.9094,-0.2941
52.380,1.6707,0.0000,1.6707,-0.9092,0.0000,-0.9092,-0.2941
52.385,1.6747,0.0000,1.6747,-0.9091,0.0000,-0.9091,-0.2941
52.390,1.6791,0.0000,1.6791,-0.9089,0.0000,-0.9089,-0.2941
52.394,1.6823,0.0000,1.6823,-0.9090,0.0000,-0.9090,-0.3451
52.399,1.6854,0.0000,1.6854,-0.9091,0.0000,-0.9091,-0.3451
52.403,1.6879,0.0000,1.6879,-0.9092,0.0000,-0.9092,-0.3451
52.408,1.6901,0.0000,1.6901,-0.9093,0.0000,-0.9093,-0.3451
52.412,1.6919,0.0000,1.6919,-0.9095,0.0000,-0.9095,-0.3451
52.416,1.6935,0.0000,1.6935,-0.9098,0.0000,-0.9098,-0.3384
52.429,1.6962,0.0000,1.6962,-0.9105,0.0000,-0.9105,-0.3384
52.434,1.6966,0.0000,1.6966,-0.9107,0.0000,-0.9107,-0.3374
52.440,1.6965,0.0000,1.6965,-0.9109,0.0000,-0.9109,-0.3374
52.444,1.6961,0.0000,1.6961,-0.9111,0.0000,-0.9111,-0.3374
52.449,1.6954,0.0000,1.6954,-0.9112,0.0000,-0.9112,-0.3374
52.454,1.6943,0.0000,1.6943,-0.9112,0.0000,-0.9112,-0.3416
52.459,1.6927,0.0000,1.6927,-0.9115,0.0000,-0.9115,-0.3416
52.464,1.6910,0.0000,1.6910,-0.9118,0.0000,-0.9118,-0.3416
52.469,1.6886,0.0000,1.6886,-0.9121,0.0000,-0.9121,-0.3416
52.481,1.6814,0.0000,1.6814,-0.9132,0.0000,-0.9132,-0.3512
52.487,1.6772,0.0000,1.6772,-0.9137,0.0000,-0.9137,-0.3512
52.492,1.6732,0.0000,1.6732,-0.9142,0.0000,-0.9142,-0.3512
52.498,1.6688,0.0000,1.6688,-0.9147,0.0000,-0.9147,-0.3654
52.505,1.6622,0.0000,1.6622,-0.9154,0.0000,-0.9154,-0.3654
52.510,1.6567,0.0000,1.6567,-0.9163,0.0000,-0.9163,-0.3654
52.516,1.6508,0.0000,1.6508,-0.9169,0.0000,-0.9169,-0.3757
52.522,1.6439,0.0000,1.6439,-0.9176,0.0000,-0.9176,-0.3757
52.528,1.6372,0.0000,1.6372,-0.9182,0.0000,-0.9182,-0.3757
52.534,1.6286,0.0000,1.6286,-0.9186,0.0000,-0.9186,-0.3886
52.542,1.6188,0.0000,1.6188,-0.9194,0.0000,-0.9194,-0.3886
52.549,1.6086,0.0000,1.6086,-0.9201,0.0000,-0.9201,-0.3886
52.556,1.5978,0.0000,1.5978,-0.9208,0.0000,-0.9208,-0.4054
52.564,1.5850,0.0000,1.5850,-0.9215,0.0000,-0.9215,-0.4054
52.571,1.5723,0.0000,1.5723,-0.9224,0.0000,-0.9224,-0.4054
52.587,1.5430,0.0000,1.5430,-0.9247,0.0000,-0.9247,-0.4395
52.594,1.5308,0.0000,1.5308,-0.9256,0.0000,-0.9256,-0.4771
52.599,1.5207,0.0000,1.5207,-0.9262,0.0000,-0.9262,-0.4771
52.604,1.5117,0.0000,1.5117,-0.9269,0.0000,-0.9269,-0.4771
52.608,1.5024,0.0000,1.5024,-0.9275,0.0000,-0.9275,-0.4771
52.613,1.4936,0.0000,1.4936,-0.9279,0.0000,-0.9279,-0.4771
52.617,1.4836,0.0000,1.4836,-0.9285,0.0000,-0.9285,-0.5156
52.623,1.4719,0.0000,1.4719,-0.9291,0.0000,-0.9291,-0.5156
52.627,1.4622,0.0000,1.4622,-0.9295,0.0000,-0.9295,-0.5156
52.632,1.4522,0.0000,1.4522,-0.9299,0.0000,-0.9299,-0.5156
52.637,1.4407,0.0000,1.4407,-0.9303,0.0000,-0.9303,-0.5467
52.642,1.4292,0.0000,1.4292,-0.9308,0.0000,-0.9308,-0.5467
52.647,1.4190,0.0000,1.4190,-0.9313,0.0000,-0.9313,-0.5467
52.651,1.4089,0.0000,1.4089,-0.9316,0.0000,-0.9316,-0.5467
52.658,1.3924,0.0000,1.3924,-0.9322,0.0000,-0.9322,-0.5766
52.664,1.3776,0.0000,1.3776,-0.9329,0.0000,-0.9329,-0.5766
52.668,1.3665,0.0000,1.3665,-0.9333,0.0000,-0.9333,-0.5766
52.673,1.3541,0.0000,1.3541,-0.9339,0.0000,-0.9339,-0.5766
52.678,1.3429,0.0000,1.3429,-0.9344,0.0000,-0.9344,-0.6065
52.689,1.3130,0.0000,1.3130,-0.9355,0.0000,-0.9355,-0.6065
52.693,1.3015,0.0000,1.3015,-0.9360,0.0000,-0.9360,-0.6065
52.697,1.2908,0.0000,1.2908,-0.9365,0.0000,-0.9365,-0.6070
52.702,1.2779,0.0000,1.2779,-0.9371,0.0000,-0.9371,-0.6070
52.707,1.2660,0.0000,1.2660,-0.9377,0.0000,-0.9377,-0.6070
52.711,1.2549,0.0000,1.2549,-0.9381,0.0000,-0.9381,-0.6070
52.715,1.2435,0.0000,1.2435,-0.9384,0.0000,-0.9384,-0.6027
52.720,1.2302,0.0000,1.2302,-0.9388,0.0000,-0.9388,-0.6027
52.724,1.2176,0.0000,1.2176,-0.9392,0.0000,-0.9392,-0.6027
52.736,1.1843,0.0000,1.1843,-0.9406,0.0000,-0.9406,-0.5817
52.741,1.1669,0.0000,1.1669,-0.9411,0.0000,-0.9411,-0.5817
52.746,1.1547,0.0000,1.1547,-0.9416,0.0000,-0.9416,-0.5817
52.750,1.1422,0.0000,1.1422,-0.9420,0.0000,-0.9420,-0.5817
52.754,1.1297,0.0000,1.1297,-0.9424,0.0000,-0.9424,-0.5638
52.759,1.1156,0.0000,1.1156,-0.9427,0.0000,-0.9427,-0.5638
52.763,1.1021,0.0000,1.1021,-0.9430,0.0000,-0.9430,-0.5638
52.768,1.0883,0.0000,1.0883,-0.9432,0.0000,-0.9432,-0.5638
52.772,1.0748,0.0000,1.0748,-0.9436,0.0000,-0.9436,-0.5638
52.776,1.0620,0.0000,1.0620,-0.9439,0.0000,-0.9439,-0.5496
52.781,1.0458,0.0000,1.0458,-0.9444,0.0000,-0.9444,-0.5496
52.786,1.0316,0.0000,1.0316,-0.9448,0.0000,-0.9448,-0.5496
52.797,0.9959,0.0000,0.9959,-0.9458,0.0000,-0.9458,-0.5380
52.802,0.9805,0.0000,0.9805,-0.9463,0.0000,-0.9463,-0.5380
52.806,0.9662,0.0000,0.9662,-0.9466,0.0000,-0.9466,-0.5380
52.811,0.9518,0.0000,0.9518,-0.9470,0.0000,-0.9470,-0.5380
52.815,0.9376,0.0000,0.9376,-0.9474,0.0000,-0.9474,-0.5282
52.820,0.9220,0.0000,0.9220,-0.9479,0.0000,-0.9479,-0.5282
52.824,0.9071,0.0000,0.9071,-0.9483,0.0000,-0.9483,-0.5282
52.829,0.8922,0.0000,0.8922,-0.9484,0.0000,-0.9484,-0.5282
52.833,0.8759,0.0000,0.8759,-0.9489,0.0000,-0.9489,-0.5282
52.838,0.8615,0.0000,0.8615,-0.9490,0.0000,-0.9490,-0.5207
52.843,0.8442,0.0000,0.8442,-0.9492,0.0000,-0.9492,-0.5207
52.847,0.8280,0.0000,0.8280,-0.9496,0.0000,-0.9496,-0.5207
52.851,0.8076,0.0000,0.8076,-0.9500,0.0000,-0.9500,-0.5207
52.855,0.7867,0.0000,0.7867,-0.9503,0.0000,-0.9503,-0.5153
52.860,0.7642,0.0000,0.7642,-0.9506,0.0000,-0.9506,-0.5153
52.864,0.7455,0.0000,0.7455,-0.9510,0.0000,-0.9510,-0.5153
52.868,0.7269,0.0000,0.7269,-0.9514,0.0000,-0.9514,-0.5153
52.873,0.7070,0.0000,0.7070,-0.9516,0.0000,-0.9516,-0.5153
52.877,0.6876,0.0000,0.6876,-0.9520,0.0000,-0.9520,-0.4702
52.890,0.6330,0.0000,0.6330,-0.9526,0.0000,-0.9526,-0.4702
52.903,0.5770,0.0000,0.5770,-0.9532,0.0000,-0.9532,-0.4200
52.909,0.5530,0.0000,0.5530,-0.9535,0.0000,-0.9535,-0.4200
52.914,0.5350,0.0000,0.5350,-0.9536,0.0000,-0.9536,-0.3746
52.919,0.5149,0.0000,0.5149,-0.9538,0.0000,-0.9538,-0.3746
52.924,0.4966,0.0000,0.4966,-0.9541,0.0000,-0.9541,-0.3746
52.928,0.4804,0.0000,0.4804,-0.9542,0.0000,-0.9542,-0.3746
52.932,0.4649,0.0000,0.4649,-0.9544,0.0000,-0.9544,-0.3746
52.937,0.4479,0.0000,0.4479,-0.9545,0.0000,-0.9545,-0.3259
52.941,0.4294,0.0000,0.4294,-0.9546,0.0000,-0.9546,-0.3259
52.946,0.4137,0.0000,0.4137,-0.9548,0.0000,-0.9548,-0.3259
52.950,0.3983,0.0000,0.3983,-0.9548,0.0000,-0.9548,-0.3259
52.954,0.3812,0.0000,0.3812,-0.9548,0.0000,-0.9548,-0.2806
52.959,0.3632,0.0000,0.3632,-0.9548,0.0000,-0.9548,-0.2806
52.963,0.3474,0.0000,0.3474,-0.9548,0.0000,-0.9548,-0.2806
52.967,0.3316,0.0000,0.3316,-0.9548,0.0000,-0.9548,-0.2806
52.972,0.3150,0.0000,0.3150,-0.9548,0.0000,-0.9548,-0.2806
52.976,0.2987,0.0000,0.2987,-0.9550,0.0000,-0.9550,-0.2402
52.980,0.2809,0.0000,0.2809,-0.9552,0.0000,-0.9552,-0.2402
52.985,0.2646,0.0000,0.2646,-0.9553,0.0000,-0.9553,-0.2402
52.989,0.2476,0.0000,0.2476,-0.9553,0.0000,-0.9553,-0.2402
52.993,0.2302,0.0000,0.2302,-0.9553,0.0000,-0.9553,-0.2402
53.004,0.1874,0.0000,0.1874,-0.9553,0.0000,-0.9553,-0.1895
53.009,0.1680,0.0000,0.1680,-0.9556,0.0000,-0.9556,-0.1895
53.013,0.1515,0.0000,0.1515,-0.9558,0.0000,-0.9558,-0.1895
53.017,0.1343,0.0000,0.1343,-0.9559,0.0000,-0.9559,-0.1407
53.022,0.1149,0.0000,0.1149,-0.9560,0.0000,-0.9560,-0.1407
53.026,0.0979,0.0000,0.0979,-0.9561,0.0000,-0.9561,-0.1407
53.030,0.0795,0.0000,0.0795,-0.9561,0.0000,-0.9561,-0.1407
53.042,0.0275,0.0000,0.0275,-0.9565,0.0000,-0.9565,-0.0973
53.049,-0.0025,0.0000,-0.0025,-0.9565,0.0000,-0.9565,-0.0973
53.054,-0.0211,0.0000,-0.0211,-0.9564,0.0000,-0.9564,-0.0973
53.058,-0.0395,0.0000,-0.0395,-0.9562,0.0000,-0.9562,-0.0589
53.062,-0.0603,0.0000,-0.0603,-0.9561,0.0000,-0.9561,-0.0589
53.067,-0.0792,0.0000,-0.0792,-0.9560,0.0000,-0.9560,-0.0589
53.071,-0.0987,0.0000,-0.0987,-0.9558,0.0000,-0.9558,-0.0589
53.076,-0.1197,0.0000,-0.1197,-0.9558,0.0000,-0.9558,0.0215
53.081,-0.1462,0.0000,-0.1462,-0.9559,0.0000,-0.9559,0.0215
53.086,-0.1676,0.0000,-0.1676,-0.9559,0.0000,-0.9559,0.0215
53.091,-0.1917,0.0000,-0.1917,-0.9559,0.0000,-0.9559,0.0215
53.096,-0.2142,0.0000,-0.2142,-0.9559,0.0000,-0.9559,0.1149
53.107,-0.2729,0.0000,-0.2729,-0.9556,0.0000,-0.9556,0.1149
53.112,-0.2980,0.0000,-0.2980,-0.9552,0.0000,-0.9552,0.1149
53.117,-0.3204,0.0000,-0.3204,-0.9552,0.0000,-0.9552,0.2126
53.121,-0.3446,0.0000,-0.3446,-0.9551,0.0000,-0.9551,0.2126
53.126,-0.3680,0.0000,-0.3680,-0.9548,0.0000,-0.9548,0.2126
53.130,-0.3892,0.0000,-0.3892,-0.9545,0.0000,-0.9545,0.2126
53.134,-0.4106,0.0000,-0.4106,-0.9541,0.0000,-0.9541,0.3201
53.139,-0.4383,0.0000,-0.4383,-0.9537,0.0000,-0.9537,0.3201
53.143,-0.4607,0.0000,-0.4607,-0.9533,0.0000,-0.9533,0.3201
53.148,-0.4832,0.0000,-0.4832,-0.9529,0.0000,-0.9529,0.3201
53.152,-0.5054,0.0000,-0.5054,-0.9526,0.0000,-0.9526,0.3201
53.156,-0.5298,0.0000,-0.5298,-0.9522,0.0000,-0.9522,0.4199
53.161,-0.5569,0.0000,-0.5569,-0.9517,0.0000,-0.9517,0.4199
53.165,-0.5802,0.0000,-0.5802,-0.9515,0.0000,-0.9515,0.4199
53.169,-0.6034,0.0000,-0.6034,-0.9513,0.0000,-0.9513,0.4199
53.173,-0.6300,0.0000,-0.6300,-0.9508,0.0000,-0.9508,0.4199
53.177,-0.6548,0.0000,-0.6548,-0.9504,0.0000,-0.9504,0.5070
53.182,-0.6839,0.0000,-0.6839,-0.9500,0.0000,-0.9500,0.5070
53.194,-0.7582,0.0000,-0.7582,-0.9485,0.0000,-0.9485,0.5815
53.200,-0.7958,0.0000,-0.7958,-0.9477,0.0000,-0.9477,0.5815
53.205,-0.8261,0.0000,-0.8261,-0.9470,0.0000,-0.9470,0.5815
53.216,-0.8990,0.0000,-0.8990,-0.9451,0.0000,-0.9451,0.6437
53.221,-0.9327,0.0000,-0.9327,-0.9441,0.0000,-0.9441,0.6437
53.225,-0.9613,0.0000,-0.9613,-0.9432,0.0000,-0.9432,0.6437
53.229,-0.9896,0.0000,-0.9896,-0.9421,0.0000,-0.9421,0.6437
53.233,-1.0191,0.0000,-1.0191,-0.9412,0.0000,-0.9412,0.6437
53.238,-1.0492,0.0000,-1.0492,-0.9400,0.0000,-0.9400,0.6937
53.242,-1.0834,0.0000,-1.0834,-0.9386,0.0000,-0.9386,0.6937
53.247,-1.1134,0.0000,-1.1134,-0.9376,0.0000,-0.9376,0.6937
53.251,-1.1448,0.0000,-1.1448,-0.9365,0.0000,-0.9365,0.6937
53.255,-1.1770,0.0000,-1.1770,-0.9353,0.0000,-0.9353,0.7712
53.260,-1.2132,0.0000,-1.2132,-0.9340,0.0000,-0.9340,0.7712
53.264,-1.2456,0.0000,-1.2456,-0.9329,0.0000,-0.9329,0.7712
53.268,-1.2781,0.0000,-1.2781,-0.9317,0.0000,-0.9317,0.7712
53.273,-1.3116,0.0000,-1.3116,-0.9304,0.0000,-0.9304,0.7712
53.277,-1.3452,0.0000,-1.3452,-0.9291,0.0000,-0.9291,0.8442
53.282,-1.3850,0.0000,-1.3850,-0.9274,0.0000,-0.9274,0.8442
53.286,-1.4180,0.0000,-1.4180,-0.9260,0.0000,-0.9260,0.8442
53.291,-1.4525,0.0000,-1.4525,-0.9243,0.0000,-0.9243,0.8442
53.295,-1.4861,0.0000,-1.4861,-0.9227,0.0000,-0.9227,0.8106
53.300,-1.5235,0.0000,-1.5235,-0.9208,0.0000,-0.9208,0.8106
53.304,-1.5570,0.0000,-1.5570,-0.9187,0.0000,-0.9187,0.8106
53.309,-1.5906,0.0000,-1.5906,-0.9168,0.0000,-0.9168,0.8106
53.320,-1.6702,0.0000,-1.6702,-0.9110,0.0000,-0.9110,0.6683
53.325,-1.7033,0.0000,-1.7033,-0.9085,0.0000,-0.9085,0.6683
53.330,-1.7336,0.0000,-1.7336,-0.9060,0.0000,-0.9060,0.6683
53.335,-1.7641,0.0000,-1.7641,-0.9033,0.0000,-0.9033,0.7718
53.347,-1.8361,0.0000,-1.8361,-0.8965,0.0000,-0.8965,0.7718
53.354,-1.8676,0.0000,-1.8676,-0.8932,0.0000,-0.8932,0.7718
53.358,-1.8903,0.0000,-1.8903,-0.8907,0.0000,-0.8907,0.6619
53.363,-1.9106,0.0000,-1.9106,-0.8883,0.0000,-0.8883,0.6619
53.367,-1.9273,0.0000,-1.9273,-0.8862,0.0000,-0.8862,0.6619
53.372,-1.9446,0.0000,-1.9446,-0.8839,0.0000,-0.8839,0.6619
53.376,-1.9600,0.0000,-1.9600,-0.8817,0.0000,-0.8817,0.5552
53.381,-1.9755,0.0000,-1.9755,-0.8793,0.0000,-0.8793,0.5552
53.385,-1.9878,0.0000,-1.9878,-0.8771,0.0000,-0.8771,0.5552
53.389,-2.0010,0.0000,-2.0010,-0.8744,0.0000,-0.8744,0.5552
53.394,-2.0115,0.0000,-2.0115,-0.8720,0.0000,-0.8720,0.5552
53.398,-2.0206,0.0000,-2.0206,-0.8696,0.0000,-0.8696,0.4497
53.402,-2.0299,0.0000,-2.0299,-0.8668,0.0000,-0.8668,0.4497
53.407,-2.0375,0.0000,-2.0375,-0.8642,0.0000,-0.8642,0.4497
53.411,-2.0439,0.0000,-2.0439,-0.8616,0.0000,-0.8616,0.4497
53.422,-2.0554,0.0000,-2.0554,-0.8545,0.0000,-0.8545,0.3441
53.428,-2.0587,0.0000,-2.0587,-0.8509,0.0000,-0.8509,0.3441
53.432,-2.0600,0.0000,-2.0600,-0.8485,0.0000,-0.8485,0.3441
53.437,-2.0604,0.0000,-2.0604,-0.8457,0.0000,-0.8457,0.4368
53.441,-2.0597,0.0000,-2.0597,-0.8427,0.0000,-0.8427,0.4368
53.445,-2.0583,0.0000,-2.0583,-0.8403,0.0000,-0.8403,0.4368
53.449,-2.0562,0.0000,-2.0562,-0.8381,0.0000,-0.8381,0.4368
53.454,-2.0531,0.0000,-2.0531,-0.8358,0.0000,-0.8358,0.4284
53.458,-2.0486,0.0000,-2.0486,-0.8332,0.0000,-0.8332,0.4284
53.462,-2.0442,0.0000,-2.0442,-0.8311,0.0000,-0.8311,0.4284
53.467,-2.0389,0.0000,-2.0389,-0.8291,0.0000,-0.8291,0.4284
53.471,-2.0325,0.0000,-2.0325,-0.8270,0.0000,-0.8270,0.4284
53.475,-2.0256,0.0000,-2.0256,-0.8250,0.0000,-0.8250,0.5323
53.480,-2.0173,0.0000,-2.0173,-0.8228,0.0000,-0.8228,0.5323
53.484,-2.0091,0.0000,-2.0091,-0.8209,0.0000,-0.8209,0.5323
53.488,-1.9997,0.0000,-1.9997,-0.8188,0.0000,-0.8188,0.5323
53.500,-1.9711,0.0000,-1.9711,-0.8132,0.0000,-0.8132,0.4188
53.507,-1.9540,0.0000,-1.9540,-0.8102,0.0000,-0.8102,0.4188
53.511,-1.9423,0.0000,-1.9423,-0.8084,0.0000,-0.8084,0.4188
53.515,-1.9298,0.0000,-1.9298,-0.8065,0.0000,-0.8065,0.5659
53.520,-1.9153,0.0000,-1.9153,-0.8045,0.0000,-0.8045,0.5659
53.525,-1.9009,0.0000,-1.9009,-0.8025,0.0000,-0.8025,0.5659
53.536,-1.8639,0.0000,-1.8639,-0.7976,0.0000,-0.7976,0.4721
53.541,-1.8464,0.0000,-1.8464,-0.7955,0.0000,-0.7955,0.4721
53.545,-1.8311,0.0000,-1.8311,-0.7938,0.0000,-0.7938,0.4721
53.549,-1.8162,0.0000,-1.8162,-0.7923,0.0000,-0.7923,0.4721
53.553,-1.8008,0.0000,-1.8008,-0.7909,0.0000,-0.7909,0.4721
53.558,-1.7848,0.0000,-1.7848,-0.7895,0.0000,-0.7895,0.4868
53.562,-1.7661,0.0000,-1.7661,-0.7880,0.0000,-0.7880,0.4868
53.566,-1.7502,0.0000,-1.7502,-0.7869,0.0000,-0.7869,0.4868
53.571,-1.7337,0.0000,-1.7337,-0.7859,0.0000,-0.7859,0.4868
53.575,-1.7169,0.0000,-1.7169,-0.7849,0.0000,-0.7849,0.3790
53.580,-1.6968,0.0000,-1.6968,-0.7839,0.0000,-0.7839,0.3790
53.584,-1.6782,0.0000,-1.6782,-0.7832,0.0000,-0.7832,0.3790
53.589,-1.6602,0.0000,-1.6602,-0.7825,0.0000,-0.7825,0.3790
53.593,-1.6411,0.0000,-1.6411,-0.7819,0.0000,-0.7819,0.3790
53.598,-1.6231,0.0000,-1.6231,-0.7814,0.0000,-0.7814,0.3782
53.602,-1.6040,0.0000,-1.6040,-0.7809,0.0000,-0.7809,0.3782
53.607,-1.5855,0.0000,-1.5855,-0.7804,0.0000,-0.7804,0.3782
53.611,-1.5673,0.0000,-1.5673,-0.7799,0.0000,-0.7799,0.3782
53.618,-1.5365,0.0000,-1.5365,-0.7792,0.0000,-0.7792,0.2634
53.628,-1.4924,0.0000,-1.4924,-0.7785,0.0000,-0.7785,0.2634
53.634,-1.4654,0.0000,-1.4654,-0.7781,0.0000,-0.7781,0.3851
53.648,-1.4073,0.0000,-1.4073,-0.7776,0.0000,-0.7776,0.3851
53.659,-1.3562,0.0000,-1.3562,-0.7777,0.0000,-0.7777,0.3048
53.665,-1.3300,0.0000,-1.3300,-0.7780,0.0000,-0.7780,0.3048
53.670,-1.3109,0.0000,-1.3109,-0.7784,0.0000,-0.7784,0.3048
53.674,-1.2926,0.0000,-1.2926,-0.7789,0.0000,-0.7789,0.2275
53.679,-1.2727,0.0000,-1.2727,-0.7797,0.0000,-0.7797,0.2275
53.683,-1.2555,0.0000,-1.2555,-0.7804,0.0000,-0.7804,0.2275
53.688,-1.2363,0.0000,-1.2363,-0.7813,0.0000,-0.7813,0.2275
53.693,-1.2163,0.0000,-1.2163,-0.7825,0.0000,-0.7825,0.2275
53.697,-1.1983,0.0000,-1.1983,-0.7837,0.0000,-0.7837,0.1510
53.702,-1.1775,0.0000,-1.1775,-0.7852,0.0000,-0.7852,0.1510
53.707,-1.1574,0.0000,-1.1574,-0.7869,0.0000,-0.7869,0.1510
53.711,-1.1403,0.0000,-1.1403,-0.7883,0.0000,-0.7883,0.1510
53.716,-1.1233,0.0000,-1.1233,-0.7897,0.0000,-0.7897,0.2910
53.720,-1.1039,0.0000,-1.1039,-0.7914,0.0000,-0.7914,0.2910
53.725,-1.0871,0.0000,-1.0871,-0.7930,0.0000,-0.7930,0.2910
53.729,-1.0711,0.0000,-1.0711,-0.7945,0.0000,-0.7945,0.2910
53.733,-1.0546,0.0000,-1.0546,-0.7961,0.0000,-0.7961,0.2910
53.738,-1.0371,0.0000,-1.0371,-0.7979,0.0000,-0.7979,0.1873
53.742,-1.0191,0.0000,-1.0191,-0.7998,0.0000,-0.7998,0.1873
53.747,-1.0021,0.0000,-1.0021,-0.8015,0.0000,-0.8015,0.1873
53.758,-0.9613,0.0000,-0.9613,-0.8065,0.0000,-0.8065,0.2834
53.763,-0.9432,0.0000,-0.9432,-0.8087,0.0000,-0.8087,0.2834
53.767,-0.9280,0.0000,-0.9280,-0.8106,0.0000,-0.8106,0.2834
53.771,-0.9125,0.0000,-0.9125,-0.8129,0.0000,-0.8129,0.2834
53.776,-0.8979,0.0000,-0.8979,-0.8151,0.0000,-0.8151,-0.0420
53.781,-0.8785,0.0000,-0.8785,-0.8185,0.0000,-0.8185,-0.0420
53.785,-0.8636,0.0000,-0.8636,-0.8212,0.0000,-0.8212,-0.0420
53.790,-0.8484,0.0000,-0.8484,-0.8243,0.0000,-0.8243,-0.0420
53.794,-0.8344,0.0000,-0.8344,-0.8273,0.0000,-0.8273,0.0473
53.799,-0.8179,0.0000,-0.8179,-0.8310,0.0000,-0.8310,0.0473
53.811,-0.7789,0.0000,-0.7789,-0.8416,0.0000,-0.8416,0.0473
53.816,-0.7617,0.0000,-0.7617,-0.8465,0.0000,-0.8465,0.0411
53.821,-0.7466,0.0000,-0.7466,-0.8508,0.0000,-0.8508,0.0411
53.826,-0.7334,0.0000,-0.7334,-0.8547,0.0000,-0.8547,0.0411
53.830,-0.7201,0.0000,-0.7201,-0.8588,0.0000,-0.8588,0.0411
53.834,-0.7076,0.0000,-0.7076,-0.8627,0.0000,-0.8627,0.0307
53.839,-0.6928,0.0000,-0.6928,-0.8674,0.0000,-0.8674,0.0307
53.844,-0.6799,0.0000,-0.6799,-0.8716,0.0000,-0.8716,0.0307
53.848,-0.6670,0.0000,-0.6670,-0.8760,0.0000,-0.8760,0.0307
53.859,-0.6368,0.0000,-0.6368,-0.8868,0.0000,-0.8868,0.0287
53.864,-0.6241,0.0000,-0.6241,-0.8915,0.0000,-0.8915,0.0287
53.868,-0.6133,0.0000,-0.6133,-0.8957,0.0000,-0.8957,0.0287
53.872,-0.6015,0.0000,-0.6015,-0.9003,0.0000,-0.9003,0.0287
53.876,-0.5905,0.0000,-0.5905,-0.9050,0.0000,-0.9050,0.0628
53.881,-0.5786,0.0000,-0.5786,-0.9104,0.0000,-0.9104,0.0628
53.885,-0.5684,0.0000,-0.5684,-0.9153,0.0000,-0.9153,0.0628
53.890,-0.5577,0.0000,-0.5577,-0.9207,0.0000,-0.9207,0.0628
53.894,-0.5476,0.0000,-0.5476,-0.9261,0.0000,-0.9261,0.0051
53.898,-0.5366,0.0000,-0.5366,-0.9324,0.0000,-0.9324,0.0051
53.902,-0.5268,0.0000,-0.5268,-0.9382,0.0000,-0.9382,0.0051
53.907,-0.5164,0.0000,-0.5164,-0.9449,0.0000,-0.9449,0.0051
53.911,-0.5070,0.0000,-0.5070,-0.9511,0.0000,-0.9511,0.0051
53.915,-0.4979,0.0000,-0.4979,-0.9575,0.0000,-0.9575,-0.0572
53.920,-0.4872,0.0000,-0.4872,-0.9653,0.0000,-0.9653,-0.0572
53.924,-0.4776,0.0000,-0.4776,-0.9725,0.0000,-0.9725,-0.0572
53.928,-0.4689,0.0000,-0.4689,-0.9793,0.0000,-0.9793,-0.0572
53.933,-0.4604,0.0000,-0.4604,-0.9859,0.0000,-0.9859,-0.0572
53.937,-0.4512,0.0000,-0.4512,-0.9933,0.0000,-0.9933,-0.0362
53.942,-0.4416,0.0000,-0.4416,-1.0013,0.0000,-1.0013,-0.0362
53.946,-0.4334,0.0000,-0.4334,-1.0082,0.0000,-1.0082,-0.0362
53.950,-0.4244,0.0000,-0.4244,-1.0161,0.0000,-1.0161,-0.0362
53.962,-0.4013,0.0000,-0.4013,-1.0379,0.0000,-1.0379,-0.0276
53.968,-0.3902,0.0000,-0.3902,-1.0487,0.0000,-1.0487,-0.0276
53.973,-0.3823,0.0000,-0.3823,-1.0568,0.0000,-1.0568,-0.0276
53.977,-0.3750,0.0000,-0.3750,-1.0647,0.0000,-1.0647,-0.0310
53.981,-0.3673,0.0000,-0.3673,-1.0737,0.0000,-1.0737,-0.0310
53.985,-0.3603,0.0000,-0.3603,-1.0823,0.0000,-1.0823,-0.0310
53.990,-0.3531,0.0000,-0.3531,-1.0916,0.0000,-1.0916,-0.0310
53.994,-0.3464,0.0000,-0.3464,-1.1006,0.0000,-1.1006,-0.0513
53.998,-0.3388,0.0000,-0.3388,-1.1115,0.0000,-1.1115,-0.0513
54.003,-0.3318,0.0000,-0.3318,-1.1222,0.0000,-1.1222,-0.0513
54.007,-0.3252,0.0000,-0.3252,-1.1327,0.0000,-1.1327,-0.0513
54.011,-0.3184,0.0000,-0.3184,-1.1441,0.0000,-1.1441,-0.0513
54.016,-0.3117,0.0000,-0.3117,-1.1560,0.0000,-1.1560,-0.1643
54.021,-0.3047,0.0000,-0.3047,-1.1689,0.0000,-1.1689,-0.1643
54.025,-0.2985,0.0000,-0.2985,-1.1807,0.0000,-1.1807,-0.1643
54.029,-0.2921,0.0000,-0.2921,-1.1931,0.0000,-1.1931,-0.1643
54.034,-0.2858,0.0000,-0.2858,-1.2057,0.0000,-1.2057,-0.1161
54.039,-0.2792,0.0000,-0.2792,-1.2193,0.0000,-1.2193,-0.1161
54.043,-0.2734,0.0000,-0.2734,-1.2316,0.0000,-1.2316,-0.1161
54.047,-0.2680,0.0000,-0.2680,-1.2435,0.0000,-1.2435,-0.1161
54.051,-0.2625,0.0000,-0.2625,-1.2558,0.0000,-1.2558,-0.1161
54.063,-0.2484,0.0000,-0.2484,-1.2906,0.0000,-1.2906,-0.0542
54.068,-0.2416,0.0000,-0.2416,-1.3087,0.0000,-1.3087,-0.0542
54.074,-0.2352,0.0000,-0.2352,-1.3271,0.0000,-1.3271,-0.0826
54.079,-0.2285,0.0000,-0.2285,-1.3479,0.0000,-1.3479,-0.0826
54.084,-0.2239,0.0000,-0.2239,-1.3629,0.0000,-1.3629,-0.0826
54.088,-0.2186,0.0000,-0.2186,-1.3816,0.0000,-1.3816,-0.0826
54.093,-0.2137,0.0000,-0.2137,-1.3994,0.0000,-1.3994,-0.0826
54.097,-0.2095,0.0000,-0.2095,-1.4159,0.0000,-1.4159,-0.0335
54.102,-0.2045,0.0000,-0.2045,-1.4363,0.0000,-1.4363,-0.0335
54.114,-0.1919,0.0000,-0.1919,-1.4954,0.0000,-1.4954,-0.1735
54.122,-0.1849,0.0000,-0.1849,-1.5302,0.0000,-1.5302,-0.1735
54.127,-0.1803,0.0000,-0.1803,-1.5534,0.0000,-1.5534,-0.1735
54.131,-0.1765,0.0000,-0.1765,-1.5734,0.0000,-1.5734,-0.1735
54.135,-0.1729,0.0000,-0.1729,-1.5930,0.0000,-1.5930,-0.3049
54.140,-0.1681,0.0000,-0.1681,-1.6199,0.0000,-1.6199,-0.3049
54.145,-0.1643,0.0000,-0.1643,-1.6424,0.0000,-1.6424,-0.3049
54.149,-0.1607,0.0000,-0.1607,-1.6651,0.0000,-1.6651,-0.3049
54.154,-0.1566,0.0000,-0.1566,-1.6934,0.0000,-1.6934,-0.2930
54.166,-0.1471,0.0000,-0.1471,-1.7704,0.0000,-1.7704,-0.2930
54.171,-0.1435,0.0000,-0.1435,-1.8013,0.0000,-1.8013,-0.2930
54.176,-0.1404,0.0000,-0.1404,-1.8297,0.0000,-1.8297,-0.2880
54.180,-0.1373,0.0000,-0.1373,-1.8603,0.0000,-1.8603,-0.2880
54.184,-0.1344,0.0000,-0.1344,-1.8894,0.0000,-1.8894,-0.2880
54.188,-0.1314,0.0000,-0.1314,-1.9219,0.0000,-1.9219,-0.2880
54.193,-0.1285,0.0000,-0.1285,-1.9550,0.0000,-1.9550,-0.2880
54.197,-0.1257,0.0000,-0.1257,-1.9895,0.0000,-1.9895,-0.3662
54.202,-0.1223,0.0000,-0.1223,-2.0322,0.0000,-2.0322,-0.3662
54.207,-0.1194,0.0000,-0.1194,-2.0699,0.0000,-2.0699,-0.3662
54.211,-0.1168,0.0000,-0.1168,-2.1039,0.0000,-2.1039,-0.3662
54.216,-0.1141,0.0000,-0.1141,-2.1424,0.0000,-2.1424,-0.3927
54.221,-0.1111,0.0000,-0.1111,-2.1838,0.0000,-2.1838,-0.3927
54.225,-0.1086,0.0000,-0.1086,-2.2158,0.0000,-2.2158,-0.3927
54.229,-0.1063,0.0000,-0.1063,-2.2438,0.0000,-2.2438,-0.3927
54.234,-0.1039,0.0000,-0.1039,-2.2715,0.0000,-2.2715,-0.4153
54.239,-0.1011,0.0000,-0.1011,-2.2995,0.0000,-2.2995,-0.4153
54.243,-0.0989,0.0000,-0.0989,-2.3192,0.0000,-2.3192,-0.4153
54.248,-0.0967,0.0000,-0.0967,-2.3371,0.0000,-2.3371,-0.4153
54.252,-0.0945,0.0000,-0.0945,-2.3523,0.0000,-2.3523,-0.4153
54.264,-0.0884,0.0000,-0.0884,-2.3742,0.0000,-2.3742,-0.4398
54.278,-0.0823,0.0000,-0.0823,-2.3940,0.0000,-2.3940,-0.4669
54.282,-0.0802,0.0000,-0.0802,-2.4018,0.0000,-2.4018,-0.4669
54.287,-0.0784,0.0000,-0.0784,-2.4097,0.0000,-2.4097,-0.4669
54.291,-0.0766,0.0000,-0.0766,-2.4181,0.0000,-2.4181,-0.4669
54.295,-0.0749,0.0000,-0.0749,-2.4272,0.0000,-2.4272,-0.4961
54.300,-0.0731,0.0000,-0.0731,-2.4380,0.0000,-2.4380,-0.4961
54.304,-0.0714,0.0000,-0.0714,-2.4485,0.0000,-2.4485,-0.4961
54.308,-0.0699,0.0000,-0.0699,-2.4594,0.0000,-2.4594,-0.4961
54.313,-0.0683,0.0000,-0.0683,-2.4713,0.0000,-2.4713,-0.4961
54.317,-0.0668,0.0000,-0.0668,-2.4833,0.0000,-2.4833,-0.5268
54.322,-0.0651,0.0000,-0.0651,-2.4983,0.0000,-2.4983,-0.5268
54.327,-0.0633,0.0000,-0.0633,-2.5154,0.0000,-2.5154,-0.5268
54.331,-0.0619,0.0000,-0.0619,-2.5300,0.0000,-2.5300,-0.5268
54.335,-0.0606,0.0000,-0.0606,-2.5445,0.0000,-2.5445,-0.5587
54.340,-0.0590,0.0000,-0.0590,-2.5628,0.0000,-2.5628,-0.5587
54.344,-0.0577,0.0000,-0.0577,-2.5793,0.0000,-2.5793,-0.5587
54.348,-0.0564,0.0000,-0.0564,-2.5959,0.0000,-2.5959,-0.5587
54.352,-0.0552,0.0000,-0.0552,-2.6128,0.0000,-2.6128,-0.5587
54.357,-0.0539,0.0000,-0.0539,-2.6325,0.0000,-2.6325,-0.5916
54.362,-0.0524,0.0000,-0.0524,-2.6548,0.0000,-2.6548,-0.5916
54.366,-0.0513,0.0000,-0.0513,-2.6735,0.0000,-2.6735,-0.5916
54.371,-0.0501,0.0000,-0.0501,-2.6951,0.0000,-2.6951,-0.5916
54.382,-0.0471,0.0000,-0.0471,-2.7539,0.0000,-2.7539,-0.6485
54.387,-0.0458,0.0000,-0.0458,-2.7810,0.0000,-2.7810,-0.6485
54.391,-0.0447,0.0000,-0.0447,-2.8058,0.0000,-2.8058,-0.6485
54.396,-0.0436,0.0000,-0.0436,-2.8300,0.0000,-2.8300,-0.7071
54.400,-0.0425,0.0000,-0.0425,-2.8565,0.0000,-2.8565,-0.7071
54.405,-0.0414,0.0000,-0.0414,-2.8845,0.0000,-2.8845,-0.7071
54.417,-0.0387,0.0000,-0.0387,-2.9623,0.0000,-2.9623,-0.7630
54.424,-0.0374,0.0000,-0.0374,-3.0039,0.0000,-3.0039,-0.7630
54.428,-0.0366,0.0000,-0.0366,-3.0307,0.0000,-3.0307,-0.7630
54.432,-0.0358,0.0000,-0.0358,-3.0574,0.0000,-3.0574,-0.7630
54.436,-0.0349,0.0000,-0.0349,-3.0875,0.0000,-3.0875,-0.8272
54.442,-0.0339,0.0000,-0.0339,-3.1247,0.0000,-3.1247,-0.8272
54.446,-0.0331,0.0000,-0.0331,-3.1533,0.0000,-3.1533,-0.8272
54.450,-0.0323,0.0000,-0.0323,-3.1833,0.0000,-3.1833,-0.8272
54.455,-0.0316,0.0000,-0.0316,-3.2159,0.0000,-3.2159,-0.8878
54.460,-0.0307,0.0000,-0.0307,-3.2513,0.0000,-3.2513,-0.8878
54.464,-0.0300,0.0000,-0.0300,-3.2820,0.0000,-3.2820,-0.8878
54.468,-0.0293,0.0000,-0.0293,-3.3145,0.0000,-3.3145,-0.8878
54.472,-0.0286,0.0000,-0.0286,-3.3472,0.0000,-3.3472,-0.8878
54.476,-0.0280,0.0000,-0.0280,-3.3793,0.0000,-3.3793,-0.9577
54.481,-0.0272,0.0000,-0.0272,-3.4184,0.0000,-3.4184,-0.9577
54.492,-0.0256,0.0000,-0.0256,-3.5087,0.0000,-3.5087,-0.9577
54.497,-0.0250,0.0000,-0.0250,-3.5445,0.0000,-3.5445,-1.0367
54.502,-0.0243,0.0000,-0.0243,-3.5845,0.0000,-3.5845,-1.0367
54.506,-0.0237,0.0000,-0.0237,-3.6229,0.0000,-3.6229,-1.0367
54.510,-0.0232,0.0000,-0.0232,-3.6587,0.0000,-3.6587,-1.0367
54.515,-0.0226,0.0000,-0.0226,-3.6963,0.0000,-3.6963,-1.1097
54.520,-0.0220,0.0000,-0.0220,-3.7368,0.0000,-3.7368,-1.1097
54.524,-0.0215,0.0000,-0.0215,-3.7731,0.0000,-3.7731,-1.1097
54.528,-0.0210,0.0000,-0.0210,-3.8084,0.0000,-3.8084,-1.1097
54.532,-0.0205,0.0000,-0.0205,-3.8445,0.0000,-3.8445,-1.1097
54.536,-0.0201,0.0000,-0.0201,-3.8807,0.0000,-3.8807,-1.1751
54.541,-0.0195,0.0000,-0.0195,-3.9227,0.0000,-3.9227,-1.1751
54.546,-0.0190,0.0000,-0.0190,-3.9625,0.0000,-3.9625,-1.1751
54.550,-0.0186,0.0000,-0.0186,-3.9989,0.0000,-3.9989,-1.1751
54.554,-0.0182,0.0000,-0.0182,-4.0366,0.0000,-4.0366,-1.2430
54.559,-0.0177,0.0000,-0.0177,-4.0806,0.0000,-4.0806,-1.2430
54.571,-0.0165,0.0000,-0.0165,-4.1944,0.0000,-4.1944,-1.2430
54.577,-0.0159,0.0000,-0.0159,-4.2449,0.0000,-4.2449,-1.3038
54.582,-0.0155,0.0000,-0.0155,-4.2891,0.0000,-4.2891,-1.3038
54.593,-0.0146,0.0000,-0.0146,-4.3885,0.0000,-4.3885,-1.3038
54.598,-0.0142,0.0000,-0.0142,-4.4263,0.0000,-4.4263,-1.3709
54.602,-0.0138,0.0000,-0.0138,-4.4666,0.0000,-4.4666,-1.3709
54.607,-0.0135,0.0000,-0.0135,-4.5055,0.0000,-4.5055,-1.3709
54.611,-0.0132,0.0000,-0.0132,-4.5410,0.0000,-4.5410,-1.3709
54.615,-0.0129,0.0000,-0.0129,-4.5751,0.0000,-4.5751,-1.4474
54.620,-0.0125,0.0000,-0.0125,-4.6152,0.0000,-4.6152,-1.4474
54.625,-0.0122,0.0000,-0.0122,-4.6533,0.0000,-4.6533,-1.4474
54.629,-0.0119,0.0000,-0.0119,-4.6873,0.0000,-4.6873,-1.4474
54.633,-0.0116,0.0000,-0.0116,-4.7203,0.0000,-4.7203,-1.4474
54.638,-0.0113,0.0000,-0.0113,-4.7562,0.0000,-4.7562,-1.5142
54.642,-0.0110,0.0000,-0.0110,-4.7931,0.0000,-4.7931,-1.5142
54.646,-0.0108,0.0000,-0.0108,-4.8243,0.0000,-4.8243,-1.5142
54.650,-0.0105,0.0000,-0.0105,-4.8546,0.0000,-4.8546,-1.5142
54.655,-0.0103,0.0000,-0.0103,-4.8868,0.0000,-4.8868,-1.5697
54.660,-0.0100,0.0000,-0.0100,-4.9212,0.0000,-4.9212,-1.5697
54.664,-0.0098,0.0000,-0.0098,-4.9499,0.0000,-4.9499,-1.5697
54.668,-0.0095,0.0000,-0.0095,-4.9785,0.0000,-4.9785,-1.5697
54.672,-0.0093,0.0000,-0.0093,-5.0072,0.0000,-5.0072,-1.5697
54.676,-0.0091,0.0000,-0.0091,-5.0339,0.0000,-5.0339,-1.6141
54.681,-0.0089,0.0000,-0.0089,-5.0621,0.0000,-5.0621,-1.6141
54.685,-0.0086,0.0000,-0.0086,-5.0889,0.0000,-5.0889,-1.6141
54.696,-0.0081,0.0000,-0.0081,-5.1514,0.0000,-5.1514,-1.6469
54.701,-0.0079,0.0000,-0.0079,-5.1768,0.0000,-5.1768,-1.6469
54.705,-0.0077,0.0000,-0.0077,-5.1984,0.0000,-5.1984,-1.6469
54.710,-0.0075,0.0000,-0.0075,-5.2189,0.0000,-5.2189,-1.6469
54.722,-0.0070,0.0000,-0.0070,-5.2704,0.0000,-5.2704,-1.6685
54.728,-0.0068,0.0000,-0.0068,-5.2929,0.0000,-5.2929,-1.6685
54.733,-0.0066,0.0000,-0.0066,-5.3091,0.0000,-5.3091,-1.6685
54.737,-0.0064,0.0000,-0.0064,-5.3222,0.0000,-5.3222,-1.6859
54.742,-0.0063,0.0000,-0.0063,-5.3355,0.0000,-5.3355,-1.6859
54.746,-0.0061,0.0000,-0.0061,-5.3458,0.0000,-5.3458,-1.6859
54.750,-0.0060,0.0000,-0.0060,-5.3554,0.0000,-5.3554,-1.6859
54.754,-0.0058,0.0000,-0.0058,-5.3635,0.0000,-5.3635,-1.6921
54.759,-0.0057,0.0000,-0.0057,-5.3707,0.0000,-5.3707,-1.6921
54.763,-0.0055,0.0000,-0.0055,-5.3763,0.0000,-5.3763,-1.6921
54.768,-0.0054,0.0000,-0.0054,-5.3805,0.0000,-5.3805,-1.6921
54.772,-0.0053,0.0000,-0.0053,-5.3834,0.0000,-5.3834,-1.6921
54.776,-0.0051,0.0000,-0.0051,-5.3851,0.0000,-5.3851,-1.6867
54.781,-0.0050,0.0000,-0.0050,-5.3852,0.0000,-5.3852,-1.6867
54.785,-0.0049,0.0000,-0.0049,-5.3839,0.0000,-5.3839,-1.6867
54.797,-0.0046,0.0000,-0.0046,-5.3711,0.0000,-5.3711,-1.6921
54.802,-0.0044,0.0000,-0.0044,-5.3626,0.0000,-5.3626,-1.6921
54.807,-0.0043,0.0000,-0.0043,-5.3539,0.0000,-5.3539,-1.6921
54.811,-0.0042,0.0000,-0.0042,-5.3447,0.0000,-5.3447,-1.6921
54.815,-0.0041,0.0000,-0.0041,-5.3349,0.0000,-5.3349,-1.6876
54.820,-0.0040,0.0000,-0.0040,-5.3227,0.0000,-5.3227,-1.6876
54.824,-0.0039,0.0000,-0.0039,-5.3093,0.0000,-5.3093,-1.6876
54.829,-0.0038,0.0000,-0.0038,-5.2949,0.0000,-5.2949,-1.6876
54.833,-0.0037,0.0000,-0.0037,-5.2778,0.0000,-5.2778,-1.6876
54.838,-0.0036,0.0000,-0.0036,-5.2601,0.0000,-5.2601,-1.6706
54.843,-0.0035,0.0000,-0.0035,-5.2353,0.0000,-5.2353,-1.6706
54.848,-0.0034,0.0000,-0.0034,-5.2122,0.0000,-5.2122,-1.6706
54.852,-0.0033,0.0000,-0.0033,-5.1918,0.0000,-5.1918,-1.6706
54.857,-0.0032,0.0000,-0.0032,-5.1683,0.0000,-5.1683,-1.6555
54.862,-0.0031,0.0000,-0.0031,-5.1413,0.0000,-5.1413,-1.6555
54.875,-0.0029,0.0000,-0.0029,-5.0551,0.0000,-5.0551,-1.6299
54.882,-0.0028,0.0000,-0.0028,-5.0064,0.0000,-5.0064,-1.6299
54.887,-0.0027,0.0000,-0.0027,-4.9695,0.0000,-4.9695,-1.6299
54.898,-0.0025,0.0000,-0.0025,-4.8844,0.0000,-4.8844,-1.5916
54.904,-0.0024,0.0000,-0.0024,-4.8357,0.0000,-4.8357,-1.5916
54.909,-0.0024,0.0000,-0.0024,-4.7964,0.0000,-4.7964,-1.5916
54.913,-0.0023,0.0000,-0.0023,-4.7603,0.0000,-4.7603,-1.5916
54.918,-0.0023,0.0000,-0.0023,-4.7278,0.0000,-4.7278,-1.5411
54.923,-0.0022,0.0000,-0.0022,-4.6956,0.0000,-4.6956,-1.5411
54.927,-0.0021,0.0000,-0.0021,-4.6711,0.0000,-4.6711,-1.5411
54.931,-0.0021,0.0000,-0.0021,-4.6496,0.0000,-4.6496,-1.5411
54.935,-0.0020,0.0000,-0.0020,-4.6293,0.0000,-4.6293,-1.4931
54.940,-0.0020,0.0000,-0.0020,-4.6090,0.0000,-4.6090,-1.4931
54.944,-0.0019,0.0000,-0.0019,-4.5944,0.0000,-4.5944,-1.4931
54.948,-0.0019,0.0000,-0.0019,-4.5822,0.0000,-4.5822,-1.4931
54.952,-0.0018,0.0000,-0.0018,-4.5721,0.0000,-4.5721,-1.4931
54.957,-0.0018,0.0000,-0.0018,-4.5641,0.0000,-4.5641,-1.4344
54.961,-0.0018,0.0000,-0.0018,-4.5574,0.0000,-4.5574,-1.4344
54.965,-0.0017,0.0000,-0.0017,-4.5512,0.0000,-4.5512,-1.4344
54.970,-0.0017,0.0000,-0.0017,-4.5442,0.0000,-4.5442,-1.4344
54.974,-0.0016,0.0000,-0.0016,-4.5367,0.0000,-4.5367,-1.3919
54.979,-0.0016,0.0000,-0.0016,-4.5284,0.0000,-4.5284,-1.3919
54.983,-0.0015,0.0000,-0.0015,-4.5201,0.0000,-4.5201,-1.3919
54.988,-0.0015,0.0000,-0.0015,-4.5111,0.0000,-4.5111,-1.3919
54.999,-0.0014,0.0000,-0.0014,-4.4872,0.0000,-4.4872,-1.3470
55.004,-0.0014,0.0000,-0.0014,-4.4763,0.0000,-4.4763,-1.3470
55.008,-0.0013,0.0000,-0.0013,-4.4671,0.0000,-4.4671,-1.3470
55.012,-0.0013,0.0000,-0.0013,-4.4577,0.0000,-4.4577,-1.3470
55.023,-0.0012,0.0000,-0.0012,-4.4309,0.0000,-4.4309,-1.2903
55.030,-0.0012,0.0000,-0.0012,-4.4166,0.0000,-4.4166,-1.2903
55.034,-0.0011,0.0000,-0.0011,-4.4062,0.0000,-4.4062,-1.2210
55.039,-0.0011,0.0000,-0.0011,-4.3950,0.0000,-4.3950,-1.2210
55.044,-0.0011,0.0000,-0.0011,-4.3845,0.0000,-4.3845,-1.2210
55.048,-0.0011,0.0000,-0.0011,-4.3749,0.0000,-4.3749,-1.2210
55.052,-0.0010,0.0000,-0.0010,-4.3659,0.0000,-4.3659,-1.2210
55.056,-0.0010,0.0000,-0.0010,-4.3564,0.0000,-4.3564,-1.1394
55.061,-0.0010,0.0000,-0.0010,-4.3458,0.0000,-4.3458,-1.1394
55.065,-0.0010,0.0000,-0.0010,-4.3369,0.0000,-4.3369,-1.1394
55.069,-0.0009,0.0000,-0.0009,-4.3279,0.0000,-4.3279,-1.1394
55.074,-0.0009,0.0000,-0.0009,-4.3178,0.0000,-4.3178,-1.0461
55.079,-0.0009,0.0000,-0.0009,-4.3079,0.0000,-4.3079,-1.0461
55.083,-0.0009,0.0000,-0.0009,-4.2995,0.0000,-4.2995,-1.0461
55.087,-0.0008,0.0000,-0.0008,-4.2907,0.0000,-4.2907,-1.0461
55.092,-0.0008,0.0000,-0.0008,-4.2824,0.0000,-4.2824,-1.0461
55.096,-0.0008,0.0000,-0.0008,-4.2745,0.0000,-4.2745,-0.9419
55.101,-0.0008,0.0000,-0.0008,-4.2653,0.0000,-4.2653,-0.9419
55.112,-0.0007,0.0000,-0.0007,-4.2448,0.0000,-4.2448,-0.9419
55.116,-0.0007,0.0000,-0.0007,-4.2374,0.0000,-4.2374,-0.8559
55.121,-0.0007,0.0000,-0.0007,-4.2297,0.0000,-4.2297,-0.8559
55.125,-0.0007,0.0000,-0.0007,-4.2230,0.0000,-4.2230,-0.8559
55.130,-0.0007,0.0000,-0.0007,-4.2167,0.0000,-4.2167,-0.8559
55.134,-0.0006,0.0000,-0.0006,-4.2100,0.0000,-4.2100,-0.7637
55.140,-0.0006,0.0000,-0.0006,-4.2021,0.0000,-4.2021,-0.7637
55.144,-0.0006,0.0000,-0.0006,-4.1968,0.0000,-4.1968,-0.7637
55.148,-0.0006,0.0000,-0.0006,-4.1917,0.0000,-4.1917,-0.7637
55.153,-0.0006,0.0000,-0.0006,-4.1864,0.0000,-4.1864,-0.7637
55.157,-0.0006,0.0000,-0.0006,-4.1817,0.0000,-4.1817,-0.6607
55.162,-0.0005,0.0000,-0.0005,-4.1769,0.0000,-4.1769,-0.6607
55.166,-0.0005,0.0000,-0.0005,-4.1726,0.0000,-4.1726,-0.6607
55.178,-0.0005,0.0000,-0.0005,-4.1629,0.0000,-4.1629,-0.5561
55.193,-0.0004,0.0000,-0.0004,-4.1552,0.0000,-4.1552,-0.5561
55.199,-0.0004,0.0000,-0.0004,-4.1530,0.0000,-4.1530,-0.4437
55.205,-0.0004,0.0000,-0.0004,-4.1513,0.0000,-4.1513,-0.4437
55.210,-0.0004,0.0000,-0.0004,-4.1504,0.0000,-4.1504,-0.4437
55.221,-0.0004,0.0000,-0.0004,-4.1505,0.0000,-4.1505,-0.3225
55.225,-0.0004,0.0000,-0.0004,-4.1511,0.0000,-4.1511,-0.3225
55.230,-0.0004,0.0000,-0.0004,-4.1519,0.0000,-4.1519,-0.3225
55.234,-0.0003,0.0000,-0.0003,-4.1530,0.0000,-4.1530,-0.1861
55.239,-0.0003,0.0000,-0.0003,-4.1549,0.0000,-4.1549,-0.1861
55.243,-0.0003,0.0000,-0.0003,-4.1570,0.0000,-4.1570,-0.1861
55.248,-0.0003,0.0000,-0.0003,-4.1594,0.0000,-4.1594,-0.1861
55.252,-0.0003,0.0000,-0.0003,-4.1620,0.0000,-4.1620,-0.1861
55.256,-0.0003,0.0000,-0.0003,-4.1652,0.0000,-4.1652,-0.0422
55.261,-0.0003,0.0000,-0.0003,-4.1691,0.0000,-4.1691,-0.0422
55.265,-0.0003,0.0000,-0.0003,-4.1728,0.0000,-4.1728,-0.0422
55.269,-0.0003,0.0000,-0.0003,-4.1769,0.0000,-4.1769,-0.0422
55.274,-0.0003,0.0000,-0.0003,-4.1819,0.0000,-4.1819,0.1061
55.279,-0.0003,0.0000,-0.0003,-4.1879,0.0000,-4.1879,0.1061
55.283,-0.0003,0.0000,-0.0003,-4.1931,0.0000,-4.1931,0.1061
55.287,-0.0003,0.0000,-0.0003,-4.1989,0.0000,-4.1989,0.1061
55.292,-0.0002,0.0000,-0.0002,-4.2060,0.0000,-4.2060,0.1061
55.297,-0.0002,0.0000,-0.0002,-4.2133,0.0000,-4.2133,0.2281
55.301,-0.0002,0.0000,-0.0002,-4.2216,0.0000,-4.2216,0.2281
55.306,-0.0002,0.0000,-0.0002,-4.2296,0.0000,-4.2296,0.2281
55.311,-0.0002,0.0000,-0.0002,-4.2384,0.0000,-4.2384,0.2281
55.315,-0.0002,0.0000,-0.0002,-4.2483,0.0000,-4.2483,0.3212
55.327,-0.0002,0.0000,-0.0002,-4.2769,0.0000,-4.2769,0.3212
55.340,-0.0002,0.0000,-0.0002,-4.3102,0.0000,-4.3102,0.3973
55.346,-0.0002,0.0000,-0.0002,-4.3272,0.0000,-4.3272,0.3973
55.351,-0.0002,0.0000,-0.0002,-4.3397,0.0000,-4.3397,0.3973
55.356,-0.0002,0.0000,-0.0002,-4.3557,0.0000,-4.3557,0.4596
55.361,-0.0002,0.0000,-0.0002,-4.3721,0.0000,-4.3721,0.4596
55.366,-0.0002,0.0000,-0.0002,-4.3868,0.0000,-4.3868,0.4596
55.371,-0.0002,0.0000,-0.0002,-4.4043,0.0000,-4.4043,0.4596
55.376,-0.0001,0.0000,-0.0001,-4.4216,0.0000,-4.4216,0.5075
55.381,-0.0001,0.0000,-0.0001,-4.4404,0.0000,-4.4404,0.5075
55.388,-0.0001,0.0000,-0.0001,-4.4635,0.0000,-4.4635,0.5075
55.393,-0.0001,0.0000,-0.0001,-4.4824,0.0000,-4.4824,0.5075
55.397,-0.0001,0.0000,-0.0001,-4.5009,0.0000,-4.5009,0.5579
55.403,-0.0001,0.0000,-0.0001,-4.5264,0.0000,-4.5264,0.5579
55.408,-0.0001,0.0000,-0.0001,-4.5487,0.0000,-4.5487,0.5579
55.413,-0.0001,0.0000,-0.0001,-4.5689,0.0000,-4.5689,0.5579
55.418,-0.0001,0.0000,-0.0001,-4.5911,0.0000,-4.5911,0.6137
55.430,-0.0001,0.0000,-0.0001,-4.6523,0.0000,-4.6523,0.6137
55.435,-0.0001,0.0000,-0.0001,-4.6759,0.0000,-4.6759,0.6741
55.440,-0.0001,0.0000,-0.0001,-4.7037,0.0000,-4.7037,0.6741
55.445,-0.0001,0.0000,-0.0001,-4.7279,0.0000,-4.7279,0.6741
55.449,-0.0001,0.0000,-0.0001,-4.7531,0.0000,-4.7531,0.6741
55.455,-0.0001,0.0000,-0.0001,-4.7828,0.0000,-4.7828,0.7382
55.460,-0.0001,0.0000,-0.0001,-4.8123,0.0000,-4.8123,0.7382
55.464,-0.0001,0.0000,-0.0001,-4.8369,0.0000,-4.8369,0.7382
55.468,-0.0001,0.0000,-0.0001,-4.8628,0.0000,-4.8628,0.7382
55.473,-0.0001,0.0000,-0.0001,-4.8897,0.0000,-4.8897,0.7382
55.477,-0.0001,0.0000,-0.0001,-4.9157,0.0000,-4.9157,0.8045
55.482,-0.0001,0.0000,-0.0001,-4.9476,0.0000,-4.9476,0.8045
55.493,-0.0001,0.0000,-0.0001,-5.0290,0.0000,-5.0290,0.8045
55.499,-0.0001,0.0000,-0.0001,-5.0690,0.0000,-5.0690,0.7980
55.504,-0.0001,0.0000,-0.0001,-5.1043,0.0000,-5.1043,0.7980
55.508,-0.0001,0.0000,-0.0001,-5.1350,0.0000,-5.1350,0.7980
55.513,-0.0001,0.0000,-0.0001,-5.1675,0.0000,-5.1675,0.7980
55.517,-0.0001,0.0000,-0.0001,-5.1994,0.0000,-5.1994,0.7862
55.522,-0.0001,0.0000,-0.0001,-5.2369,0.0000,-5.2369,0.7862
55.526,-0.0001,0.0000,-0.0001,-5.2722,0.0000,-5.2722,0.7862
55.531,-0.0001,0.0000,-0.0001,-5.3093,0.0000,-5.3093,0.7862
55.542,-0.0001,0.0000,-0.0001,-5.4032,0.0000,-5.4032,0.7800
55.547,-0.0001,0.0000,-0.0001,-5.4457,0.0000,-5.4457,0.7800
55.551,-0.0001,0.0000,-0.0001,-5.4817,0.0000,-5.4817,0.7800
55.555,0.0000,0.0000,0.0000,-5.5204,0.0000,-5.5204,0.7493
55.560,0.0000,0.0000,0.0000,-5.5649,0.0000,-5.5649,0.7493
55.564,0.0000,0.0000,0.0000,-5.6027,0.0000,-5.6027,0.7493
55.568,0.0000,0.0000,0.0000,-5.6406,0.0000,-5.6406,0.7493
55.573,0.0000,0.0000,0.0000,-5.6842,0.0000,-5.6842,0.7493
55.577,0.0000,0.0000,0.0000,-5.7264,0.0101,-5.7163,0.7192
55.582,0.0000,0.0000,0.0000,-5.7740,0.0101,-5.7639,0.7192
55.587,0.0000,0.0000,0.0000,-5.8176,0.0101,-5.8075,0.7192
55.591,0.0000,0.0000,0.0000,-5.8630,0.0101,-5.8529,0.7192
55.595,0.0000,0.0000,0.0000,-5.9060,0.0206,-5.8854,0.6992
55.600,0.0000,0.0000,0.0000,-5.9568,0.0206,-5.9362,0.6992
55.604,0.0000,0.0000,0.0000,-6.0047,0.0206,-5.9841,0.6992
55.609,0.0000,0.0000,0.0000,-6.0529,0.0206,-6.0323,0.6992
55.613,0.0000,0.0000,0.0000,-6.0991,0.0206,-6.0785,0.6992
55.617,0.0000,0.0000,0.0000,-6.1451,0.0319,-6.1133,0.6964
55.622,0.0000,0.0000,0.0000,-6.2045,0.0319,-6.1726,0.6964
55.626,0.0000,0.0000,0.0000,-6.2535,0.0319,-6.2216,0.6964
55.631,0.0000,0.0000,0.0000,-6.3049,0.0319,-6.2730,0.6964
55.636,0.0000,0.0000,0.0000,-6.3731,0.0435,-6.3296,0.7006
55.650,0.0000,0.0000,0.0000,-6.5488,0.0435,-6.5053,0.7006
55.656,0.0000,0.0000,0.0000,-6.6364,0.0553,-6.5811,0.7090
55.662,0.0000,0.0000,0.0000,-6.7100,0.0553,-6.6546,0.7090
55.667,0.0000,0.0000,0.0000,-6.7699,0.0553,-6.7146,0.7090
55.671,0.0000,0.0000,0.0000,-6.8243,0.0553,-6.7690,0.7090
55.676,0.0000,0.0000,0.0000,-6.8817,0.0673,-6.8144,0.7212
55.681,0.0000,0.0000,0.0000,-6.9445,0.0673,-6.8771,0.7212
55.685,0.0000,0.0000,0.0000,-6.9956,0.0673,-6.9283,0.7212
55.690,0.0000,0.0000,0.0000,-7.0427,0.0673,-6.9754,0.7212
55.694,0.0000,0.0000,0.0000,-7.0840,0.0752,-7.0089,0.6650
55.698,0.0000,0.0000,0.0000,-7.1277,0.0752,-7.0525,0.6650
55.703,0.0000,0.0000,0.0000,-7.1640,0.0752,-7.0888,0.6650
55.707,0.0000,0.0000,0.0000,-7.1951,0.0752,-7.1200,0.6650
55.711,0.0000,0.0000,0.0000,-7.2204,0.0752,-7.1452,0.6650
55.716,0.0000,0.0000,0.0000,-7.2429,0.0818,-7.1611,0.5921
55.721,0.0000,0.0000,0.0000,-7.2636,0.0818,-7.1818,0.5921
55.725,0.0000,0.0000,0.0000,-7.2775,0.0818,-7.1957,0.5921
55.729,0.0000,0.0000,0.0000,-7.2877,0.0818,-7.2059,0.5921
55.734,0.0000,0.0000,0.0000,-7.2946,0.0851,-7.2095,0.4719
55.739,0.0000,0.0000,0.0000,-7.2981,0.0851,-7.2130,0.4719
55.743,0.0000,0.0000,0.0000,-7.2981,0.0851,-7.2130,0.4719
55.756,0.0000,0.0000,0.0000,-7.2752,0.0886,-7.1866,0.3575
55.761,0.0000,0.0000,0.0000,-7.2631,0.0886,-7.1746,0.3575
55.765,0.0000,0.0000,0.0000,-7.2510,0.0886,-7.1624,0.3575
55.769,0.0000,0.0000,0.0000,-7.2364,0.0886,-7.1478,0.3575
55.773,0.0000,0.0000,0.0000,-7.2195,0.0886,-7.1310,0.3575
55.778,0.0000,0.0000,0.0000,-7.2008,0.0927,-7.1082,0.2556
55.783,0.0000,0.0000,0.0000,-7.1772,0.0927,-7.0845,0.2556
55.787,0.0000,0.0000,0.0000,-7.1537,0.0927,-7.0610,0.2556
55.799,0.0000,0.0000,0.0000,-7.0790,0.0974,-6.9816,0.1662
55.805,0.0000,0.0000,0.0000,-7.0361,0.0974,-6.9387,0.1662
55.810,0.0000,0.0000,0.0000,-7.0046,0.0974,-6.9072,0.1662
55.814,0.0000,0.0000,0.0000,-6.9756,0.1028,-6.8729,0.0888
55.819,0.0000,0.0000,0.0000,-6.9410,0.1028,-6.8382,0.0888
55.823,0.0000,0.0000,0.0000,-6.9073,0.1028,-6.8046,0.0888
55.827,0.0000,0.0000,0.0000,-6.8749,0.1028,-6.7721,0.0888
55.831,0.0000,0.0000,0.0000,-6.8424,0.1028,-6.7396,0.0888
55.836,0.0000,0.0000,0.0000,-6.8087,0.1087,-6.7000,0.0227
55.841,0.0000,0.0000,0.0000,-6.7671,0.1087,-6.6585,0.0227
55.845,0.0000,0.0000,0.0000,-6.7325,0.1087,-6.6238,0.0227
55.849,0.0000,0.0000,0.0000,-6.6951,0.1087,-6.5865,0.0227
55.860,0.0000,0.0000,0.0000,-6.5945,0.1142,-6.4803,-0.0435
55.865,0.0000,0.0000,0.0000,-6.5503,0.1142,-6.4360,-0.0435
55.869,0.0000,0.0000,0.0000,-6.5115,0.1142,-6.3972,-0.0435
55.874,0.0000,0.0000,0.0000,-6.4715,0.1178,-6.3537,-0.1308
55.878,0.0000,0.0000,0.0000,-6.4288,0.1178,-6.3110,-0.1308
55.882,0.0000,0.0000,0.0000,-6.3917,0.1178,-6.2739,-0.1308
55.887,0.0000,0.0000,0.0000,-6.3475,0.1178,-6.2297,-0.1308
55.891,0.0000,0.0000,0.0000,-6.3063,0.1178,-6.1885,-0.1308
55.896,0.0000,0.0000,0.0000,-6.2682,0.1218,-6.1465,-0.2083
55.900,0.0000,0.0000,0.0000,-6.2223,0.1218,-6.1005,-0.2083
55.905,0.0000,0.0000,0.0000,-6.1800,0.1218,-6.0583,-0.2083
55.909,0.0000,0.0000,0.0000,-6.1410,0.1218,-6.0192,-0.2083
55.913,0.0000,0.0000,0.0000,-6.1030,0.1218,-5.9812,-0.2083
55.918,0.0000,0.0000,0.0000,-6.0634,0.1209,-5.9425,-0.3405
55.922,0.0000,0.0000,0.0000,-6.0188,0.1209,-5.8979,-0.3405
55.926,0.0000,0.0000,0.0000,-5.9805,0.1209,-5.8596,-0.3405
55.931,0.0000,0.0000,0.0000,-5.9414,0.1209,-5.8205,-0.3405
55.935,0.0000,0.0000,0.0000,-5.9026,0.1207,-5.7819,-0.4605
55.940,0.0000,0.0000,0.0000,-5.8551,0.1207,-5.7344,-0.4605
55.952,0.0000,0.0000,0.0000,-5.7414,0.1207,-5.6207,-0.4605
55.968,0.0000,0.0000,0.0000,-5.5883,0.1215,-5.4669,-0.5642
55.975,0.0000,0.0000,0.0000,-5.5262,0.1232,-5.4030,-0.6519
55.981,0.0000,0.0000,0.0000,-5.4694,0.1232,-5.3462,-0.6519
55.988,0.0000,0.0000,0.0000,-5.4157,0.1232,-5.2925,-0.6519
55.995,0.0000,0.0000,0.0000,-5.3504,0.1265,-5.2238,-0.7134
56.002,0.0000,0.0000,0.0000,-5.2969,0.1265,-5.1704,-0.7134
56.006,0.0000,0.0000,0.0000,-5.2585,0.1265,-5.1320,-0.7134
56.011,0.0000,0.0000,0.0000,-5.2238,0.1265,-5.0973,-0.7134
56.015,0.0000,0.0000,0.0000,-5.1910,0.1311,-5.0599,-0.7527
56.020,0.0000,0.0000,0.0000,-5.1530,0.1311,-5.0219,-0.7527
56.024,0.0000,0.0000,0.0000,-5.1179,0.1311,-4.9869,-0.7527
56.029,0.0000,0.0000,0.0000,-5.0828,0.1311,-4.9517,-0.7527
56.033,0.0000,0.0000,0.0000,-5.0485,0.1311,-4.9174,-0.7527
56.037,0.0000,0.0000,0.0000,-5.0147,0.1361,-4.8786,-0.7770
56.042,0.0000,0.0000,0.0000,-4.9771,0.1361,-4.8410,-0.7770
56.047,0.0000,0.0000,0.0000,-4.9460,0.1361,-4.8099,-0.7770
56.051,0.0000,0.0000,0.0000,-4.9163,0.1361,-4.7802,-0.7770
56.055,0.0000,0.0000,0.0000,-4.8848,0.1413,-4.7434,-0.7880
56.060,0.0000,0.0000,0.0000,-4.8480,0.1413,-4.7067,-0.7880
56.071,0.0000,0.0000,0.0000,-4.7686,0.1413,-4.6272,-0.7880
56.076,0.0000,0.0000,0.0000,-4.7372,0.1467,-4.5904,-0.7860
56.081,0.0000,0.0000,0.0000,-4.7059,0.1467,-4.5592,-0.7860
56.085,0.0000,0.0000,0.0000,-4.6781,0.1467,-4.5314,-0.7860
56.089,0.0000,0.0000,0.0000,-4.6502,0.1467,-4.5034,-0.7860
56.094,0.0000,0.0000,0.0000,-4.6227,0.1526,-4.4702,-0.7647
56.106,0.0000,0.0000,0.0000,-4.5442,0.1526,-4.3916,-0.7647
56.112,0.0000,0.0000,0.0000,-4.5105,0.1526,-4.3579,-0.7647
56.116,0.0000,0.0000,0.0000,-4.4859,0.1539,-4.3320,-0.7964
56.121,0.0000,0.0000,0.0000,-4.4577,0.1539,-4.3039,-0.7964
56.125,0.0000,0.0000,0.0000,-4.4337,0.1539,-4.2798,-0.7964
56.129,0.0000,0.0000,0.0000,-4.4106,0.1539,-4.2568,-0.7964
56.134,0.0000,0.0000,0.0000,-4.3880,0.1552,-4.2328,-0.8179
56.139,0.0000,0.0000,0.0000,-4.3597,0.1552,-4.2045,-0.8179
56.143,0.0000,0.0000,0.0000,-4.3376,0.1552,-4.1825,-0.8179
56.148,0.0000,0.0000,0.0000,-4.3160,0.1552,-4.1609,-0.8179
56.152,0.0000,0.0000,0.0000,-4.2952,0.1552,-4.1401,-0.8179
56.156,0.0000,0.0000,0.0000,-4.2732,0.1567,-4.1165,-0.8254
56.161,0.0000,0.0000,0.0000,-4.2506,0.1567,-4.0939,-0.8254
56.166,0.0000,0.0000,0.0000,-4.2288,0.1567,-4.0721,-0.8254
56.171,0.0000,0.0000,0.0000,-4.2024,0.1567,-4.0457,-0.8254
56.185,0.0000,0.0000,0.0000,-4.1422,0.1583,-3.9839,-0.8190
56.190,0.0000,0.0000,0.0000,-4.1192,0.1583,-3.9609,-0.8190
56.195,0.0000,0.0000,0.0000,-4.1025,0.1599,-3.9426,-0.7995
56.199,0.0000,0.0000,0.0000,-4.0843,0.1599,-3.9244,-0.7995
56.204,0.0000,0.0000,0.0000,-4.0681,0.1599,-3.9082,-0.7995
56.208,0.0000,0.0000,0.0000,-4.0522,0.1599,-3.8923,-0.7995
56.212,0.0000,0.0000,0.0000,-4.0370,0.1599,-3.8771,-0.7995
56.216,0.0000,0.0000,0.0000,-4.0228,0.1614,-3.8613,-0.7675
56.221,0.0000,0.0000,0.0000,-4.0053,0.1614,-3.8439,-0.7675
56.226,0.0000,0.0000,0.0000,-3.9906,0.1614,-3.8292,-0.7675
56.230,0.0000,0.0000,0.0000,-3.9776,0.1614,-3.8162,-0.7675
56.234,0.0000,0.0000,0.0000,-3.9647,0.1628,-3.8019,-0.7231
56.239,0.0000,0.0000,0.0000,-3.9499,0.1628,-3.7870,-0.7231
56.243,0.0000,0.0000,0.0000,-3.9379,0.1628,-3.7751,-0.7231
56.248,0.0000,0.0000,0.0000,-3.9261,0.1628,-3.7632,-0.7231
56.259,0.0000,0.0000,0.0000,-3.8954,0.1640,-3.7314,-0.6673
56.266,0.0000,0.0000,0.0000,-3.8803,0.1640,-3.7163,-0.6673
56.270,0.0000,0.0000,0.0000,-3.8696,0.1640,-3.7057,-0.6673
56.275,0.0000,0.0000,0.0000,-3.8605,0.1649,-3.6955,-0.6000
56.279,0.0000,0.0000,0.0000,-3.8510,0.1649,-3.6860,-0.6000
56.284,0.0000,0.0000,0.0000,-3.8424,0.1649,-3.6775,-0.6000
56.295,0.0000,0.0000,0.0000,-3.8229,0.1637,-3.6592,-0.5639
56.300,0.0000,0.0000,0.0000,-3.8152,0.1637,-3.6515,-0.5639
56.304,0.0000,0.0000,0.0000,-3.8085,0.1637,-3.6448,-0.5639
56.309,0.0000,0.0000,0.0000,-3.8027,0.1637,-3.6389,-0.5639
56.313,0.0000,0.0000,0.0000,-3.7975,0.1637,-3.6338,-0.5639
56.317,0.0000,0.0000,0.0000,-3.7924,0.1621,-3.6304,-0.5212
56.322,0.0000,0.0000,0.0000,-3.7873,0.1621,-3.6252,-0.5212
56.326,0.0000,0.0000,0.0000,-3.7832,0.1621,-3.6212,-0.5212
56.331,0.0000,0.0000,0.0000,-3.7797,0.1621,-3.6177,-0.5212
56.335,0.0000,0.0000,0.0000,-3.7766,0.1602,-3.6165,-0.4669
56.340,0.0000,0.0000,0.0000,-3.7735,0.1602,-3.6133,-0.4669
56.344,0.0000,0.0000,0.0000,-3.7714,0.1602,-3.6112,-0.4669
56.348,0.0000,0.0000,0.0000,-3.7696,0.1602,-3.6094,-0.4669
56.352,0.0000,0.0000,0.0000,-3.7684,0.1602,-3.6082,-0.4669
56.357,0.0000,0.0000,0.0000,-3.7676,0.1580,-3.6096,-0.3977
56.362,0.0000,0.0000,0.0000,-3.7673,0.1580,-3.6093,-0.3977
56.366,0.0000,0.0000,0.0000,-3.7676,0.1580,-3.6095,-0.3977
56.370,0.0000,0.0000,0.0000,-3.7682,0.1580,-3.6102,-0.3977
56.375,0.0000,0.0000,0.0000,-3.7693,0.1554,-3.6139,-0.3180
56.380,0.0000,0.0000,0.0000,-3.7714,0.1554,-3.6160,-0.3180
56.385,0.0000,0.0000,0.0000,-3.7741,0.1554,-3.6187,-0.3180
56.398,0.0000,0.0000,0.0000,-3.7868,0.1523,-3.6345,-0.2284
56.411,0.0000,0.0000,0.0000,-3.8031,0.1523,-3.6508,-0.2284
56.417,0.0000,0.0000,0.0000,-3.8113,0.1485,-3.6627,-0.1297
56.422,0.0000,0.0000,0.0000,-3.8194,0.1485,-3.6709,-0.1297
56.427,0.0000,0.0000,0.0000,-3.8268,0.1485,-3.6782,-0.1297
56.431,0.0000,0.0000,0.0000,-3.8342,0.1485,-3.6856,-0.1297
56.435,0.0000,0.0000,0.0000,-3.8422,0.1442,-3.6980,-0.0229
56.440,0.0000,0.0000,0.0000,-3.8525,0.1442,-3.7083,-0.0229
56.444,0.0000,0.0000,0.0000,-3.8618,0.1442,-3.7176,-0.0229
56.448,0.0000,0.0000,0.0000,-3.8715,0.1442,-3.7273,-0.0229
56.452,0.0000,0.0000,0.0000,-3.8816,0.1442,-3.7374,-0.0229
56.457,0.0000,0.0000,0.0000,-3.8931,0.1393,-3.7538,0.0915
56.462,0.0000,0.0000,0.0000,-3.9071,0.1393,-3.7679,0.0915
56.466,0.0000,0.0000,0.0000,-3.9189,0.1393,-3.7796,0.0915
56.470,0.0000,0.0000,0.0000,-3.9319,0.1393,-3.7926,0.0915
56.474,0.0000,0.0000,0.0000,-3.9459,0.1340,-3.8119,0.2272
56.479,0.0000,0.0000,0.0000,-3.9623,0.1340,-3.8283,0.2272
56.483,0.0000,0.0000,0.0000,-3.9768,0.1340,-3.8428,0.2272
56.488,0.0000,0.0000,0.0000,-3.9938,0.1340,-3.8598,0.2272
56.499,0.0000,0.0000,0.0000,-4.0418,0.1283,-3.9136,0.3712
56.505,0.0000,0.0000,0.0000,-4.0654,0.1283,-3.9371,0.3712
56.509,0.0000,0.0000,0.0000,-4.0844,0.1283,-3.9562,0.3712
56.513,0.0000,0.0000,0.0000,-4.1031,0.1283,-3.9748,0.3712
56.517,0.0000,0.0000,0.0000,-4.1226,0.1221,-4.0005,0.5183
56.522,0.0000,0.0000,0.0000,-4.1491,0.1221,-4.0271,0.5183
56.527,0.0000,0.0000,0.0000,-4.1720,0.1221,-4.0499,0.5183
56.531,0.0000,0.0000,0.0000,-4.1940,0.1221,-4.0719,0.5183
56.535,0.0000,0.0000,0.0000,-4.2178,0.1156,-4.1022,0.6670
56.540,0.0000,0.0000,0.0000,-4.2474,0.1156,-4.1318,0.6670
56.544,0.0000,0.0000,0.0000,-4.2738,0.1156,-4.1583,0.6670
56.549,0.0000,0.0000,0.0000,-4.3045,0.1156,-4.1889,0.6670
56.562,0.0000,0.0000,0.0000,-4.4009,0.1088,-4.2921,0.8153
56.570,0.0000,0.0000,0.0000,-4.4575,0.1088,-4.3486,0.8153
56.575,0.0000,0.0000,0.0000,-4.4945,0.1020,-4.3924,0.9624
56.579,0.0000,0.0000,0.0000,-4.5329,0.1020,-4.4308,0.9624
56.584,0.0000,0.0000,0.0000,-4.5671,0.1020,-4.4651,0.9624
56.588,0.0000,0.0000,0.0000,-4.6031,0.1020,-4.5011,0.9624
56.592,0.0000,0.0000,0.0000,-4.6426,0.1020,-4.5406,0.9624
56.597,0.0000,0.0000,0.0000,-4.6808,0.0953,-4.5855,1.1074
56.602,0.0000,0.0000,0.0000,-4.7254,0.0953,-4.6301,1.1074
56.613,0.0000,0.0000,0.0000,-4.8133,0.0953,-4.7180,1.1074
56.618,0.0000,0.0000,0.0000,-4.8496,0.0887,-4.7609,1.2482
56.624,0.0000,0.0000,0.0000,-4.8845,0.0887,-4.7958,1.2482
56.628,0.0000,0.0000,0.0000,-4.9101,0.0887,-4.8214,1.2482
56.632,0.0000,0.0000,0.0000,-4.9330,0.0887,-4.8443,1.2482
56.637,0.0000,0.0000,0.0000,-4.9538,0.0824,-4.8714,1.3835
56.641,0.0000,0.0000,0.0000,-4.9742,0.0824,-4.8919,1.3835
56.646,0.0000,0.0000,0.0000,-4.9911,0.0824,-4.9087,1.3835
56.650,0.0000,0.0000,0.0000,-5.0059,0.0824,-4.9235,1.3835
56.654,0.0000,0.0000,0.0000,-5.0206,0.0764,-4.9442,1.5127
56.659,0.0000,0.0000,0.0000,-5.0374,0.0764,-4.9610,1.5127
56.663,0.0000,0.0000,0.0000,-5.0514,0.0764,-4.9750,1.5127
56.668,0.0000,0.0000,0.0000,-5.0651,0.0764,-4.9887,1.5127
56.672,0.0000,0.0000,0.0000,-5.0790,0.0764,-5.0026,1.5127
56.677,0.0000,0.0000,0.0000,-5.0926,0.0708,-5.0217,1.6348
56.681,0.0000,0.0000,0.0000,-5.1068,0.0708,-5.0359,1.6348
56.686,0.0000,0.0000,0.0000,-5.1186,0.0708,-5.0478,1.6348
56.690,0.0000,0.0000,0.0000,-5.1306,0.0708,-5.0598,1.6348
56.694,0.0000,0.0000,0.0000,-5.1419,0.0658,-5.0762,1.7492
56.699,0.0000,0.0000,0.0000,-5.1540,0.0658,-5.0883,1.7492
56.703,0.0000,0.0000,0.0000,-5.1655,0.0658,-5.0998,1.7492
56.716,0.0000,0.0000,0.0000,-5.1949,0.0612,-5.1337,1.8544
56.722,0.0000,0.0000,0.0000,-5.2084,0.0612,-5.1472,1.8544
56.726,0.0000,0.0000,0.0000,-5.2170,0.0612,-5.1558,1.8544
56.731,0.0000,0.0000,0.0000,-5.2248,0.0612,-5.1636,1.8544
56.735,0.0000,0.0000,0.0000,-5.2323,0.0572,-5.1751,1.9414
56.740,0.0000,0.0000,0.0000,-5.2411,0.0572,-5.1839,1.9414
56.744,0.0000,0.0000,0.0000,-5.2485,0.0572,-5.1913,1.9414
56.748,0.0000,0.0000,0.0000,-5.2552,0.0572,-5.1979,1.9414
56.753,0.0000,0.0000,0.0000,-5.2613,0.0572,-5.2041,1.9414
56.757,0.0000,0.0000,0.0000,-5.2675,0.0537,-5.2137,2.0064
56.762,0.0000,0.0000,0.0000,-5.2734,0.0537,-5.2197,2.0064
56.766,0.0000,0.0000,0.0000,-5.2784,0.0537,-5.2247,2.0064
56.770,0.0000,0.0000,0.0000,-5.2834,0.0537,-5.2296,2.0064
56.775,0.0000,0.0000,0.0000,-5.2877,0.0507,-5.2370,2.0586
56.780,0.0000,0.0000,0.0000,-5.2922,0.0507,-5.2414,2.0586
56.784,0.0000,0.0000,0.0000,-5.2956,0.0507,-5.2449,2.0586
56.788,0.0000,0.0000,0.0000,-5.2991,0.0507,-5.2484,2.0586
56.794,0.0000,0.0000,0.0000,-5.3024,0.0482,-5.2541,2.0998
56.799,0.0000,0.0000,0.0000,-5.3051,0.0482,-5.2569,2.0998
56.803,0.0000,0.0000,0.0000,-5.3070,0.0482,-5.2587,2.0998
56.808,0.0000,0.0000,0.0000,-5.3086,0.0482,-5.2603,2.0998
56.819,0.0000,0.0000,0.0000,-5.3099,0.0462,-5.2638,2.1297
56.825,0.0000,0.0000,0.0000,-5.3099,0.0462,-5.2638,2.1297
56.830,0.0000,0.0000,0.0000,-5.3095,0.0462,-5.2633,2.1297
56.834,0.0000,0.0000,0.0000,-5.3087,0.0444,-5.2643,2.1478
56.839,0.0000,0.0000,0.0000,-5.3074,0.0444,-5.2630,2.1478
56.843,0.0000,0.0000,0.0000,-5.3059,0.0444,-5.2615,2.1478
56.847,0.0000,0.0000,0.0000,-5.3042,0.0444,-5.2597,2.1478
56.852,0.0000,0.0000,0.0000,-5.3021,0.0444,-5.2577,2.1478
56.856,0.0000,0.0000,0.0000,-5.2994,0.0432,-5.2563,2.1717
56.868,0.0000,0.0000,0.0000,-5.2890,0.0432,-5.2458,2.1717
56.874,0.0000,0.0000,0.0000,-5.2839,0.0409,-5.2431,2.0905
56.879,0.0000,0.0000,0.0000,-5.2790,0.0409,-5.2381,2.0905
56.883,0.0000,0.0000,0.0000,-5.2746,0.0409,-5.2337,2.0905
56.887,0.0000,0.0000,0.0000,-5.2698,0.0409,-5.2289,2.0905
56.891,0.0000,0.0000,0.0000,-5.2645,0.0409,-5.2236,2.0905
56.896,0.0000,0.0000,0.0000,-5.2577,0.0377,-5.2200,1.9004
56.901,0.0000,0.0000,0.0000,-5.2511,0.0377,-5.2134,1.9004
56.912,0.0000,0.0000,0.0000,-5.2324,0.0377,-5.1947,1.9004
56.927,0.0000,0.0000,0.0000,-5.2041,0.0354,-5.1688,1.8144
56.937,0.0000,0.0000,0.0000,-5.1835,0.0327,-5.1508,1.7222
56.943,0.0000,0.0000,0.0000,-5.1703,0.0327,-5.1376,1.7222
56.948,0.0000,0.0000,0.0000,-5.1592,0.0327,-5.1264,1.7222
56.953,0.0000,0.0000,0.0000,-5.1495,0.0327,-5.1168,1.7222
56.957,0.0000,0.0000,0.0000,-5.1391,0.0297,-5.1094,1.5200
56.962,0.0000,0.0000,0.0000,-5.1280,0.0297,-5.0983,1.5200
56.966,0.0000,0.0000,0.0000,-5.1181,0.0297,-5.0884,1.5200
56.970,0.0000,0.0000,0.0000,-5.1073,0.0297,-5.0776,1.5200
56.975,0.0000,0.0000,0.0000,-5.0964,0.0268,-5.0696,1.5236
56.979,0.0000,0.0000,0.0000,-5.0844,0.0268,-5.0576,1.5236
56.983,0.0000,0.0000,0.0000,-5.0735,0.0268,-5.0467,1.5236
56.988,0.0000,0.0000,0.0000,-5.0616,0.0268,-5.0348,1.5236
56.992,0.0000,0.0000,0.0000,-5.0499,0.0268,-5.0232,1.5236
56.996,0.0000,0.0000,0.0000,-5.0385,0.0244,-5.0141,1.2285
57.001,0.0000,0.0000,0.0000,-5.0249,0.0244,-5.0005,1.2285
57.005,0.0000,0.0000,0.0000,-5.0116,0.0244,-4.9871,1.2285
57.010,0.0000,0.0000,0.0000,-4.9976,0.0244,-4.9731,1.2285
57.022,0.0000,0.0000,0.0000,-4.9584,0.0205,-4.9380,1.2319
57.028,0.0000,0.0000,0.0000,-4.9392,0.0205,-4.9187,1.2319
57.032,0.0000,0.0000,0.0000,-4.9253,0.0205,-4.9048,1.2319
57.037,0.0000,0.0000,0.0000,-4.9089,0.0179,-4.8909,1.0597
57.042,0.0000,0.0000,0.0000,-4.8908,0.0179,-4.8728,1.0597
57.047,0.0000,0.0000,0.0000,-4.8755,0.0179,-4.8576,1.0597
57.051,0.0000,0.0000,0.0000,-4.8603,0.0179,-4.8424,1.0597
57.055,0.0000,0.0000,0.0000,-4.8451,0.0154,-4.8297,0.8973
57.060,0.0000,0.0000,0.0000,-4.8280,0.0154,-4.8126,0.8973
57.064,0.0000,0.0000,0.0000,-4.8132,0.0154,-4.7978,0.8973
57.068,0.0000,0.0000,0.0000,-4.7982,0.0154,-4.7828,0.8973
57.073,0.0000,0.0000,0.0000,-4.7817,0.0154,-4.7663,0.8973
57.077,0.0000,0.0000,0.0000,-4.7662,0.0119,-4.7543,0.8238
57.082,0.0000,0.0000,0.0000,-4.7474,0.0119,-4.7355,0.8238
57.086,0.0000,0.0000,0.0000,-4.7317,0.0119,-4.7198,0.8238
57.090,0.0000,0.0000,0.0000,-4.7153,0.0119,-4.7034,0.8238
57.095,0.0000,0.0000,0.0000,-4.6987,0.0000,-4.6987,0.7375
57.099,0.0000,0.0000,0.0000,-4.6798,0.0000,-4.6798,0.7375
57.104,0.0000,0.0000,0.0000,-4.6634,0.0000,-4.6634,0.7375
57.108,0.0000,0.0000,0.0000,-4.6467,0.0000,-4.6467,0.7375
57.112,0.0000,0.0000,0.0000,-4.6300,0.0000,-4.6300,0.7375
57.116,0.0000,0.0000,0.0000,-4.6132,0.0000,-4.6132,0.6384
57.121,0.0000,0.0000,0.0000,-4.5923,0.0000,-4.5923,0.6384
57.132,0.0000,0.0000,0.0000,-4.5442,0.0000,-4.5442,0.6384
57.137,0.0000,0.0000,0.0000,-4.5259,0.0000,-4.5259,0.5366
57.142,0.0000,0.0000,0.0000,-4.5044,0.0000,-4.5044,0.5366
57.146,0.0000,0.0000,0.0000,-4.4853,0.0000,-4.4853,0.5366
57.151,0.0000,0.0000,0.0000,-4.4674,0.0000,-4.4674,0.5366
57.155,0.0000,0.0000,0.0000,-4.4495,0.0000,-4.4495,0.4349
57.160,0.0000,0.0000,0.0000,-4.4272,0.0000,-4.4272,0.4349
57.172,0.0000,0.0000,0.0000,-4.3740,0.0000,-4.3740,0.4349
57.178,0.0000,0.0000,0.0000,-4.3487,0.0000,-4.3487,0.3981
57.183,0.0000,0.0000,0.0000,-4.3270,0.0000,-4.3270,0.3981
57.187,0.0000,0.0000,0.0000,-4.3074,0.0000,-4.3074,0.3981
57.192,0.0000,0.0000,0.0000,-4.2870,0.0000,-4.2870,0.3981
57.196,0.0000,0.0000,0.0000,-4.2685,0.0000,-4.2685,0.3573
57.201,0.0000,0.0000,0.0000,-4.2475,0.0000,-4.2475,0.3573
57.205,0.0000,0.0000,0.0000,-4.2277,0.0000,-4.2277,0.3573
57.209,0.0000,0.0000,0.0000,-4.2085,0.0000,-4.2085,0.3573
57.213,0.0000,0.0000,0.0000,-4.1904,0.0000,-4.1904,0.3573
57.217,0.0000,0.0000,0.0000,-4.1720,0.0000,-4.1720,0.3161
57.223,0.0000,0.0000,0.0000,-4.1470,0.0000,-4.1470,0.3161
57.234,0.0000,0.0000,0.0000,-4.0976,0.0000,-4.0976,0.3161
57.238,0.0000,0.0000,0.0000,-4.0768,0.0000,-4.0768,0.2722
57.243,0.0000,0.0000,0.0000,-4.0547,0.0000,-4.0547,0.2722
57.247,0.0000,0.0000,0.0000,-4.0361,0.0000,-4.0361,0.2722
57.251,0.0000,0.0000,0.0000,-4.0176,0.0000,-4.0176,0.2722
57.256,0.0000,0.0000,0.0000,-3.9974,0.0000,-3.9974,0.2254
57.260,0.0000,0.0000,0.0000,-3.9759,0.0000,-3.9759,0.2254
57.264,0.0000,0.0000,0.0000,-3.9573,0.0000,-3.9573,0.2254
57.269,0.0000,0.0000,0.0000,-3.9383,0.0000,-3.9383,0.2254
57.273,0.0000,0.0000,0.0000,-3.9178,0.0000,-3.9178,0.2254
57.277,0.0000,0.0000,0.0000,-3.8993,0.0000,-3.8993,0.1762
57.282,0.0000,0.0000,0.0000,-3.8778,0.0000,-3.8778,0.1762
57.287,0.0000,0.0000,0.0000,-3.8559,0.0000,-3.8559,0.1762
57.291,0.0000,0.0000,0.0000,-3.8364,0.0000,-3.8364,0.1762
57.295,0.0000,0.0000,0.0000,-3.8180,0.0000,-3.8180,0.1250
57.300,0.0000,0.0000,0.0000,-3.7957,0.0000,-3.7957,0.1250
57.304,0.0000,0.0000,0.0000,-3.7756,0.0000,-3.7756,0.1250
57.308,0.0000,0.0000,0.0000,-3.7564,0.0000,-3.7564,0.1250
57.313,0.0000,0.0000,0.0000,-3.7371,0.0000,-3.7371,0.1250
57.325,0.0000,0.0000,0.0000,-3.6774,0.0000,-3.6774,0.0722
57.338,0.0000,0.0000,0.0000,-3.6171,0.0000,-3.6171,0.0186
57.343,0.0000,0.0000,0.0000,-3.5951,0.0000,-3.5951,0.0186
57.347,0.0000,0.0000,0.0000,-3.5762,0.0000,-3.5762,0.0186
57.351,0.0000,0.0000,0.0000,-3.5577,0.0000,-3.5577,0.0186
57.355,0.0000,0.0000,0.0000,-3.5384,0.0000,-3.5384,-0.0355
57.360,0.0000,0.0000,0.0000,-3.5171,0.0000,-3.5171,-0.0355
57.364,0.0000,0.0000,0.0000,-3.4986,0.0000,-3.4986,-0.0355
57.368,0.0000,0.0000,0.0000,-3.4803,0.0000,-3.4803,-0.0355
57.373,0.0000,0.0000,0.0000,-3.4609,0.0000,-3.4609,-0.0355
57.377,0.0000,0.0000,0.0000,-3.4413,0.0000,-3.4413,-0.0893
57.382,0.0000,0.0000,0.0000,-3.4203,0.0000,-3.4203,-0.0893
57.386,0.0000,0.0000,0.0000,-3.4014,0.0000,-3.4014,-0.0893
57.391,0.0000,0.0000,0.0000,-3.3818,0.0000,-3.3818,-0.0893
57.395,0.0000,0.0000,0.0000,-3.3629,0.0000,-3.3629,-0.1425
57.399,0.0000,0.0000,0.0000,-3.3429,0.0000,-3.3429,-0.1425
57.404,0.0000,0.0000,0.0000,-3.3232,0.0000,-3.3232,-0.1425
57.408,0.0000,0.0000,0.0000,-3.3038,0.0000,-3.3038,-0.1425
57.413,0.0000,0.0000,0.0000,-3.2853,0.0000,-3.2853,-0.1425
57.417,0.0000,0.0000,0.0000,-3.2669,0.0000,-3.2669,-0.1949
57.422,0.0000,0.0000,0.0000,-3.2456,0.0000,-3.2456,-0.1949
57.426,0.0000,0.0000,0.0000,-3.2271,0.0000,-3.2271,-0.1949
57.431,0.0000,0.0000,0.0000,-3.2201,0.0000,-3.2201,-0.1949
57.442,0.0000,0.0000,0.0000,-3.2786,0.0000,-3.2786,-0.2463
57.448,0.0000,0.0000,0.0000,-3.3212,0.0000,-3.3212,-0.2463
57.452,0.0000,0.0000,0.0000,-3.3678,0.0000,-3.3678,-0.2463
57.457,0.0000,0.0000,0.0000,-3.4230,0.0000,-3.4230,-0.2965
57.462,0.0000,0.0000,0.0000,-3.4930,0.0000,-3.4930,-0.2965
57.466,0.0000,0.0000,0.0000,-3.5617,0.0000,-3.5617,-0.2965
57.480,0.0000,0.0000,0.0000,-3.8190,0.0000,-3.8190,-0.3489
57.487,0.0000,0.0000,0.0000,-3.9362,0.0000,-3.9362,-0.3489
57.491,0.0000,0.0000,0.0000,-4.0117,0.0000,-4.0117,-0.3489
57.496,0.0000,0.0000,0.0000,-4.0742,0.0000,-4.0742,-0.4048
57.501,0.0000,0.0000,0.0000,-4.1393,0.0000,-4.1393,-0.4048
57.506,0.0000,0.0000,0.0000,-4.1931,0.0000,-4.1931,-0.4048
57.510,0.0000,0.0000,0.0000,-4.2404,0.0000,-4.2404,-0.4048
57.515,0.0000,0.0000,0.0000,-4.2877,0.0000,-4.2877,-0.4588
57.521,0.0000,0.0000,0.0000,-4.3351,0.0000,-4.3351,-0.4588
57.525,0.0000,0.0000,0.0000,-4.3704,0.0000,-4.3704,-0.4588
57.529,0.0000,0.0000,0.0000,-4.3984,0.0000,-4.3984,-0.4588
57.534,0.0000,0.0000,0.0000,-4.4257,0.0000,-4.4257,-0.5102
57.545,0.0000,0.0000,0.0000,-4.4754,0.0000,-4.4754,-0.5102
57.550,0.0000,0.0000,0.0000,-4.4915,0.0000,-4.4915,-0.5102
57.555,0.0000,0.0000,0.0000,-4.5051,0.0000,-4.5051,-0.5589
57.560,0.0000,0.0000,0.0000,-4.5158,0.0000,-4.5158,-0.5589
57.564,0.0000,0.0000,0.0000,-4.5225,0.0000,-4.5225,-0.5589
57.569,0.0000,0.0000,0.0000,-4.5269,0.0000,-4.5269,-0.5589
57.574,0.0000,0.0000,0.0000,-4.5289,0.0000,-4.5289,-0.5589
57.578,0.0000,0.0000,0.0000,-4.5288,0.0000,-4.5288,-0.6046
57.583,0.0000,0.0000,0.0000,-4.5265,0.0000,-4.5265,-0.6046
57.587,0.0000,0.0000,0.0000,-4.5226,0.0000,-4.5226,-0.6046
57.591,0.0000,0.0000,0.0000,-4.5171,0.0000,-4.5171,-0.6046
57.596,0.0000,0.0000,0.0000,-4.5097,0.0000,-4.5097,-0.6630
57.600,0.0000,0.0000,0.0000,-4.4997,0.0000,-4.4997,-0.6630
57.605,0.0000,0.0000,0.0000,-4.4891,0.0000,-4.4891,-0.6630
57.609,0.0000,0.0000,0.0000,-4.4773,0.0000,-4.4773,-0.6630
57.613,0.0000,0.0000,0.0000,-4.4639,0.0000,-4.4639,-0.6630
57.617,0.0000,0.0000,0.0000,-4.4492,0.0000,-4.4492,-0.7190
57.630,0.0000,0.0000,0.0000,-4.3947,0.0000,-4.3947,-0.7190
57.635,0.0000,0.0000,0.0000,-4.3708,0.0000,-4.3708,-0.7699
57.640,0.0000,0.0000,0.0000,-4.3459,0.0000,-4.3459,-0.7699
57.651,0.0000,0.0000,0.0000,-4.2873,0.0000,-4.2873,-0.7699
57.657,0.0000,0.0000,0.0000,-4.2596,0.0000,-4.2596,-0.8155
57.662,0.0000,0.0000,0.0000,-4.2302,0.0000,-4.2302,-0.8155
57.673,0.0000,0.0000,0.0000,-4.1590,0.0000,-4.1590,-0.8155
57.679,0.0000,0.0000,0.0000,-4.1258,0.0000,-4.1258,-0.8556
57.683,0.0000,0.0000,0.0000,-4.0960,0.0000,-4.0960,-0.8556
57.688,0.0000,0.0000,0.0000,-4.0685,0.0000,-4.0685,-0.8556
57.692,0.0000,0.0000,0.0000,-4.0401,0.0000,-4.0401,-0.8556
57.696,0.0000,0.0000,0.0000,-4.0134,0.0000,-4.0134,-0.8900
57.701,0.0000,0.0000,0.0000,-3.9823,0.0000,-3.9823,-0.8900
57.705,0.0000,0.0000,0.0000,-3.9503,0.0000,-3.9503,-0.8900
57.710,0.0000,0.0000,0.0000,-3.9206,0.0000,-3.9206,-0.8900
57.714,0.0000,0.0000,0.0000,-3.8904,0.0000,-3.8904,-0.9178
57.719,0.0000,0.0000,0.0000,-3.8561,0.0000,-3.8561,-0.9178
57.724,0.0000,0.0000,0.0000,-3.8250,0.0000,-3.8250,-0.9178
57.728,0.0000,0.0000,0.0000,-3.7967,0.0000,-3.7967,-0.9178
57.732,0.0000,0.0000,0.0000,-3.7686,0.0000,-3.7686,-0.9178
57.736,0.0000,0.0000,0.0000,-3.7393,0.0000,-3.7393,-0.9396
57.740,0.0000,0.0000,0.0000,-3.7047,0.0000,-3.7047,-0.9396
57.745,0.0000,0.0000,0.0000,-3.6729,0.0000,-3.6729,-0.9396
57.756,0.0000,0.0000,0.0000,-3.5904,0.0000,-3.5904,-0.9548
57.761,0.0000,0.0000,0.0000,-3.5559,0.0000,-3.5559,-0.9548
57.765,0.0000,0.0000,0.0000,-3.5263,0.0000,-3.5263,-0.9548
57.769,0.0000,0.0000,0.0000,-3.4937,0.0000,-3.4937,-0.9548
57.781,0.0000,0.0000,0.0000,-3.4079,0.0000,-3.4079,-0.9635
57.788,0.0000,0.0000,0.0000,-3.3557,0.0000,-3.3557,-0.9635
57.792,0.0000,0.0000,0.0000,-3.3237,0.0000,-3.3237,-0.9635
57.797,0.0000,0.0000,0.0000,-3.2918,0.0000,-3.2918,-0.9660
57.801,0.0000,0.0000,0.0000,-3.2565,0.0000,-3.2565,-0.9660
57.806,0.0000,0.0000,0.0000,-3.2251,0.0000,-3.2251,-0.9660
57.810,0.0000,0.0000,0.0000,-3.1948,0.0000,-3.1948,-0.9660
57.815,0.0000,0.0000,0.0000,-3.1622,0.0000,-3.1622,-0.9624
57.820,0.0000,0.0000,0.0000,-3.1209,0.0000,-3.1209,-0.9624
57.825,0.0000,0.0000,0.0000,-3.0892,0.0000,-3.0892,-0.9624
57.829,0.0000,0.0000,0.0000,-3.0572,0.0000,-3.0572,-0.9624
57.834,0.0001,0.0000,0.0001,-3.0273,0.0000,-3.0273,-0.9527
57.839,0.0007,0.0000,0.0007,-2.9924,0.0000,-2.9924,-0.9527
57.843,0.0020,0.0000,0.0020,-2.9630,0.0000,-2.9630,-0.9527
57.847,0.0047,0.0000,0.0047,-2.9319,0.0000,-2.9319,-0.9527
57.858,0.0179,0.0000,0.0179,-2.8554,0.0000,-2.8554,-0.9196
57.863,0.0279,0.0000,0.0279,-2.8209,0.0000,-2.8209,-0.9196
57.867,0.0384,0.0000,0.0384,-2.7933,0.0000,-2.7933,-0.9196
57.872,0.0519,0.0000,0.0519,-2.7648,0.0000,-2.7648,-0.9196
57.876,0.0689,0.0000,0.0689,-2.7355,0.0000,-2.7355,-0.8786
57.881,0.0911,0.0000,0.0911,-2.7037,0.0000,-2.7037,-0.8786
57.885,0.1127,0.0000,0.1127,-2.6773,0.0000,-2.6773,-0.8786
57.890,0.1388,0.0000,0.1388,-2.6495,0.0000,-2.6495,-0.8786
57.894,0.1673,0.0000,0.1673,-2.6227,0.0000,-2.6227,-0.8334
57.899,0.2040,0.0000,0.2040,-2.5923,0.0000,-2.5923,-0.8334
57.903,0.2408,0.0000,0.2408,-2.5652,0.0000,-2.5652,-0.8334
57.908,0.2814,0.0000,0.2814,-2.5382,0.0000,-2.5382,-0.8334
57.912,0.3213,0.0000,0.3213,-2.5142,0.0000,-2.5142,-0.8334
57.916,0.3646,0.0000,0.3646,-2.4902,0.0000,-2.4902,-0.7845
57.921,0.4212,0.0000,0.4212,-2.4615,0.0000,-2.4615,-0.7845
57.933,0.5720,0.0000,0.5720,-2.3952,0.0000,-2.3952,-0.7845
57.939,0.6524,0.0000,0.6524,-2.3645,0.0000,-2.3645,-0.7320
57.944,0.7150,0.0000,0.7150,-2.3405,0.0000,-2.3405,-0.7320
57.948,0.7669,0.0000,0.7669,-2.3204,0.0000,-2.3204,-0.7320
57.952,0.8176,0.0000,0.8176,-2.3008,0.0000,-2.3008,-0.7320
57.957,0.8770,0.0000,0.8770,-2.2775,0.0000,-2.2775,-0.6763
57.968,1.0084,0.0000,1.0084,-2.2250,0.0000,-2.2250,-0.6763
57.972,1.0591,0.0000,1.0591,-2.2045,0.0000,-2.2045,-0.6763
57.976,1.1036,0.0000,1.1036,-2.1863,0.0000,-2.1863,-0.6376
57.981,1.1518,0.0000,1.1518,-2.1664,0.0000,-2.1664,-0.6376
57.985,1.1951,0.0000,1.1951,-2.1483,0.0000,-2.1483,-0.6376
57.990,1.2387,0.0000,1.2387,-2.1299,0.0000,-2.1299,-0.6376
57.994,1.2795,0.0000,1.2795,-2.1125,0.0000,-2.1125,-0.5987
57.998,1.3233,0.0000,1.3233,-2.0937,0.0000,-2.0937,-0.5987
58.003,1.3633,0.0000,1.3633,-2.0762,0.0000,-2.0762,-0.5987
58.007,1.4028,0.0000,1.4028,-2.0588,0.0000,-2.0588,-0.5987
58.011,1.4381,0.0000,1.4381,-2.0431,0.0000,-2.0431,-0.5987
58.016,1.4755,0.0000,1.4755,-2.0261,0.0000,-2.0261,-0.5560
58.020,1.5146,0.0000,1.5146,-2.0080,0.0000,-2.0080,-0.5560
58.025,1.5485,0.0000,1.5485,-1.9921,0.0000,-1.9921,-0.5560
58.029,1.5818,0.0000,1.5818,-1.9762,0.0000,-1.9762,-0.5560
58.033,1.6156,0.0000,1.6156,-1.9598,0.0000,-1.9598,-0.5560
58.038,1.6478,0.0000,1.6478,-1.9439,0.0000,-1.9439,-0.5097
58.042,1.6816,0.0000,1.6816,-1.9267,0.0000,-1.9267,-0.5097
58.047,1.7118,0.0000,1.7118,-1.9112,0.0000,-1.9112,-0.5097
58.051,1.7399,0.0000,1.7399,-1.8965,0.0000,-1.8965,-0.5097
58.055,1.7689,0.0000,1.7689,-1.8810,0.0000,-1.8810,-0.4605
58.060,1.8015,0.0000,1.8015,-1.8633,0.0000,-1.8633,-0.4605
58.071,1.8717,0.0000,1.8717,-1.8228,0.0000,-1.8228,-0.4605
58.077,1.9076,0.0000,1.9076,-1.8015,0.0000,-1.8015,-0.4081
58.089,1.9741,0.0000,1.9741,-1.7592,0.0000,-1.7592,-0.4081
58.093,1.9975,0.0000,1.9975,-1.7440,0.0000,-1.7440,-0.4081
58.097,2.0186,0.0000,2.0186,-1.7298,0.0000,-1.7298,-0.3530
58.102,2.0420,0.0000,2.0420,-1.7137,0.0000,-1.7137,-0.3530
58.107,2.0637,0.0000,2.0637,-1.6983,0.0000,-1.6983,-0.3530
58.111,2.0844,0.0000,2.0844,-1.6833,0.0000,-1.6833,-0.3530
58.115,2.1033,0.0000,2.1033,-1.6691,0.0000,-1.6691,-0.2954
58.120,2.1245,0.0000,2.1245,-1.6529,0.0000,-1.6529,-0.2954
58.124,2.1440,0.0000,2.1440,-1.6373,0.0000,-1.6373,-0.2954
58.128,2.1620,0.0000,2.1620,-1.6226,0.0000,-1.6226,-0.2954
58.132,2.1787,0.0000,2.1787,-1.6085,0.0000,-1.6085,-0.2954
58.137,2.1965,0.0000,2.1965,-1.5930,0.0000,-1.5930,-0.2357
58.142,2.2161,0.0000,2.2161,-1.5754,0.0000,-1.5754,-0.2357
58.146,2.2319,0.0000,2.2319,-1.5607,0.0000,-1.5607,-0.2357
58.150,2.2472,0.0000,2.2472,-1.5460,0.0000,-1.5460,-0.2357
58.154,2.2633,0.0000,2.2633,-1.5301,0.0000,-1.5301,-0.1744
58.159,2.2804,0.0000,2.2804,-1.5125,0.0000,-1.5125,-0.1744
58.163,2.2946,0.0000,2.2946,-1.4975,0.0000,-1.4975,-0.1744
58.168,2.3096,0.0000,2.3096,-1.4810,0.0000,-1.4810,-0.1744
58.179,2.3463,0.0000,2.3463,-1.4371,0.0000,-1.4371,-0.1117
58.184,2.3609,0.0000,2.3609,-1.4189,0.0000,-1.4189,-0.1117
58.188,2.3742,0.0000,2.3742,-1.4017,0.0000,-1.4017,-0.1117
58.193,2.3863,0.0000,2.3863,-1.3855,0.0000,-1.3855,-0.1117
58.197,2.3977,0.0000,2.3977,-1.3695,0.0000,-1.3695,-0.0481
58.201,2.4110,0.0000,2.4110,-1.3504,0.0000,-1.3504,-0.0481
58.206,2.4243,0.0000,2.4243,-1.3303,0.0000,-1.3303,-0.0481
58.211,2.4357,0.0000,2.4357,-1.3125,0.0000,-1.3125,-0.0481
58.215,2.4464,0.0000,2.4464,-1.2949,0.0000,-1.2949,0.0290
58.221,2.4611,0.0000,2.4611,-1.2697,0.0000,-1.2697,0.0290
58.227,2.4758,0.0000,2.4758,-1.2428,0.0000,-1.2428,0.0290
58.239,2.5020,0.0000,2.5020,-1.1897,0.0000,-1.1897,0.1198
58.244,2.5124,0.0000,2.5124,-1.1676,0.0000,-1.1676,0.1198
58.248,2.5212,0.0000,2.5212,-1.1485,0.0000,-1.1485,0.1198
58.252,2.5296,0.0000,2.5296,-1.1291,0.0000,-1.1291,0.1198
58.257,2.5379,0.0000,2.5379,-1.1090,0.0000,-1.1090,0.2107
58.261,2.5469,0.0000,2.5469,-1.0867,0.0000,-1.0867,0.2107
58.266,2.5550,0.0000,2.5550,-1.0659,0.0000,-1.0659,0.2107
58.270,2.5627,0.0000,2.5627,-1.0451,0.0000,-1.0451,0.2107
58.274,2.5703,0.0000,2.5703,-1.0239,0.0000,-1.0239,0.2988
58.280,2.5792,0.0000,2.5792,-0.9976,0.0000,-0.9976,0.2988
58.290,2.5966,0.0000,2.5966,-0.9345,0.0000,-0.9345,0.2988
58.295,2.6036,0.0000,2.6036,-0.9089,0.0000,-0.9089,0.3835
58.299,2.6108,0.0000,2.6108,-0.8829,0.0000,-0.8829,0.3835
58.304,2.6171,0.0000,2.6171,-0.8601,0.0000,-0.8601,0.3835
58.308,2.5685,0.0000,2.5685,-0.8383,0.0000,-0.8383,0.3835
58.313,2.3975,0.0000,2.3975,-0.8098,0.0000,-0.8098,0.3835
58.317,2.2530,0.0000,2.2530,-0.7840,0.0000,-0.7840,0.4646
58.322,2.0996,0.0000,2.0996,-0.7558,0.0000,-0.7558,0.4646
58.327,1.9665,0.0000,1.9665,-0.7303,0.0000,-0.7303,0.4646
58.331,1.8412,0.0000,1.8412,-0.7055,0.0000,-0.7055,0.4646
58.335,1.7193,0.0000,1.7193,-0.6810,0.0000,-0.6810,0.5325
58.340,1.5780,0.0000,1.5780,-0.6510,0.0000,-0.6510,0.5325
58.345,1.4468,0.0000,1.4468,-0.6219,0.0000,-0.6219,0.5325
58.349,1.3297,0.0000,1.3297,-0.5955,0.0000,-0.5955,0.5325
58.353,1.2136,0.0000,1.2136,-0.5683,0.0000,-0.5683,0.5325
58.358,1.0975,0.0000,1.0975,-0.5403,0.0000,-0.5403,0.5945
58.363,0.9802,0.0000,0.9802,-0.5110,0.0000,-0.5110,0.5945
58.367,0.8802,0.0000,0.8802,-0.4850,0.0000,-0.4850,0.5945
58.371,0.7788,0.0000,0.7788,-0.4580,0.0000,-0.4580,0.5945
58.375,0.6749,0.0000,0.6749,-0.4297,0.0000,-0.4297,0.6526
58.382,0.5249,0.0000,0.5249,-0.3867,0.0000,-0.3867,0.6526
58.394,0.2664,0.0000,0.2664,-0.3072,0.0000,-0.3072,0.7070
58.399,0.1635,0.0000,0.1635,-0.2745,0.0000,-0.2745,0.7070
58.405,0.0546,0.0000,0.0546,-0.2390,0.0000,-0.2390,0.7070
58.410,-0.0450,0.0000,-0.0450,-0.2054,0.0000,-0.2054,0.7070
58.414,-0.1207,0.0000,-0.1207,-0.1792,0.0000,-0.1792,0.7567
58.419,-0.2068,0.0000,-0.2068,-0.1485,0.0000,-0.1485,0.7567
58.424,-0.2828,0.0000,-0.2828,-0.1208,0.0000,-0.1208,0.7567
58.428,-0.3515,0.0000,-0.3515,-0.0952,0.0000,-0.0952,0.7567
58.432,-0.4195,0.0000,-0.4195,-0.0692,0.0000,-0.0692,0.7567
58.438,-0.5128,0.0000,-0.5128,-0.0325,0.0000,-0.0325,0.8021
58.443,-0.5960,0.0000,-0.5960,0.0011,0.0000,0.0011,0.8021
58.448,-0.6563,0.0000,-0.6563,0.0260,0.0000,0.0260,0.8021
58.452,-0.7164,0.0000,-0.7164,0.0513,0.0000,0.0513,0.8021
58.456,-0.7768,0.0000,-0.7768,0.0774,0.0000,0.0774,0.8425
58.461,-0.8429,0.0000,-0.8429,0.1065,0.0000,0.1065,0.8425
58.465,-0.9020,0.0000,-0.9020,0.1332,0.0000,0.1332,0.8425
58.470,-0.9680,0.0000,-0.9680,0.1638,0.0000,0.1638,0.8425
58.475,-1.0280,0.0000,-1.0280,0.1923,0.0000,0.1923,0.8775
58.480,-1.0898,0.0000,-1.0898,0.2224,0.0000,0.2224,0.8775
58.486,-1.1622,0.0000,-1.1622,0.2586,0.0000,0.2586,0.8775
58.501,-1.3291,0.0000,-1.3291,0.3472,0.0000,0.3472,0.9069
58.507,-1.3933,0.0000,-1.3933,0.3823,0.0000,0.3823,0.9069
58.512,-1.4394,0.0000,-1.4394,0.4080,0.0000,0.4080,0.9069
58.517,-1.4885,0.0000,-1.4885,0.4360,0.0000,0.4360,0.9301
58.522,-1.5387,0.0000,-1.5387,0.4654,0.0000,0.4654,0.9301
58.527,-1.5816,0.0000,-1.5816,0.4910,0.0000,0.4910,0.9301
58.534,-1.6407,0.0000,-1.6407,0.5273,0.0000,0.5273,0.9469
58.546,-1.7460,0.0000,-1.7460,0.5947,0.0000,0.5947,0.9469
58.551,-1.7823,0.0000,-1.7823,0.6185,0.0000,0.6185,0.9469
58.555,-1.8182,0.0000,-1.8182,0.6424,0.0000,0.6424,0.9574
58.561,-1.8582,0.0000,-1.8582,0.6697,0.0000,0.6697,0.9574
58.565,-1.8906,0.0000,-1.8906,0.6921,0.0000,0.6921,0.9574
58.570,-1.9232,0.0000,-1.9232,0.7152,0.0000,0.7152,0.9574
58.575,-1.9562,0.0000,-1.9562,0.7390,0.0000,0.7390,0.9619
58.580,-1.9907,0.0000,-1.9907,0.7644,0.0000,0.7644,0.9619
58.584,-2.0199,0.0000,-2.0199,0.7862,0.0000,0.7862,0.9619
58.590,-2.0516,0.0000,-2.0516,0.8104,0.0000,0.8104,0.9619
58.601,-2.1197,0.0000,-2.1197,0.8638,0.0000,0.8638,0.9752
58.606,-2.1509,0.0000,-2.1509,0.8888,0.0000,0.8888,0.9752
58.611,-2.1755,0.0000,-2.1755,0.9088,0.0000,0.9088,0.9752
58.615,-2.1785,0.0000,-2.1785,0.9292,0.0000,0.9292,0.9961
58.621,-2.1536,0.0000,-2.1536,0.9535,0.0000,0.9535,0.9961
58.625,-2.1331,0.0000,-2.1331,0.9732,0.0000,0.9732,0.9961
58.630,-2.1133,0.0000,-2.1133,0.9918,0.0000,0.9918,0.9961
58.634,-2.0933,0.0000,-2.0933,1.0105,0.0000,1.0105,1.0114
58.639,-2.0666,0.0000,-2.0666,1.0353,0.0000,1.0353,1.0114
58.643,-2.0458,0.0000,-2.0458,1.0543,0.0000,1.0543,1.0114
58.648,-2.0241,0.0000,-2.0241,1.0741,0.0000,1.0741,1.0114
58.652,-2.0021,0.0000,-2.0021,1.0939,0.0000,1.0939,1.0114
58.657,-1.9794,0.0000,-1.9794,1.1143,0.0000,1.1143,1.0292
58.661,-1.9549,0.0000,-1.9549,1.1362,0.0000,1.1362,1.0292
58.665,-1.9340,0.0000,-1.9340,1.1549,0.0000,1.1549,1.0292
58.670,-1.9091,0.0000,-1.9091,1.1773,0.0000,1.1773,1.0292
58.674,-1.8866,0.0000,-1.8866,1.1976,0.0000,1.1976,1.0588
58.679,-1.8617,0.0000,-1.8617,1.2201,0.0000,1.2201,1.0588
58.686,-1.8282,0.0000,-1.8282,1.2509,0.0000,1.2509,1.0588
58.699,-1.7573,0.0000,-1.7573,1.3191,0.0000,1.3191,1.0834
58.720,-1.6396,0.0000,-1.6396,1.4389,0.0000,1.4389,1.0193
58.726,-1.6076,0.0000,-1.6076,1.4708,0.0000,1.4708,1.0193
58.731,-1.5829,0.0000,-1.5829,1.4958,0.0000,1.4958,1.0193
58.735,-1.5602,0.0000,-1.5602,1.5192,0.0000,1.5192,1.0513
58.740,-1.5352,0.0000,-1.5352,1.5455,0.0000,1.5455,1.0513
58.744,-1.5134,0.0000,-1.5134,1.5688,0.0000,1.5688,1.0513
58.748,-1.4923,0.0000,-1.4923,1.5918,0.0000,1.5918,1.0513
58.752,-1.4718,0.0000,-1.4718,1.6146,0.0000,1.6146,1.0513
58.757,-1.4498,0.0000,-1.4498,1.6396,0.0000,1.6396,0.9818
58.762,-1.4247,0.0000,-1.4247,1.6687,0.0000,1.6687,0.9818
58.766,-1.4040,0.0000,-1.4040,1.6930,0.0000,1.6930,0.9818
58.770,-1.3830,0.0000,-1.3830,1.7181,0.0000,1.7181,0.9818
58.775,-1.3617,0.0000,-1.3617,1.7442,0.0000,1.7442,0.9089
58.780,-1.3373,0.0000,-1.3373,1.7752,0.0000,1.7752,0.9089
58.784,-1.3166,0.0000,-1.3166,1.8020,0.0000,1.8020,0.9089
58.788,-1.2962,0.0000,-1.2962,1.8291,0.0000,1.8291,0.9089
58.793,-1.2755,0.0000,-1.2755,1.8574,0.0000,1.8574,0.9089
58.797,-1.2558,0.0000,-1.2558,1.8851,0.0000,1.8851,0.8321
58.801,-1.2340,0.0000,-1.2340,1.9165,0.0000,1.9165,0.8321
58.806,-1.2121,0.0000,-1.2121,1.9492,0.0000,1.9492,0.8321
58.817,-1.1621,0.0000,-1.1621,2.0295,0.0000,2.0295,0.6653
58.822,-1.1384,0.0000,-1.1384,2.0681,0.0000,2.0681,0.6653
58.827,-1.1191,0.0000,-1.1191,2.1007,0.0000,2.1007,0.6653
58.831,-1.1008,0.0000,-1.1008,2.1324,0.0000,2.1324,0.6653
58.838,-1.0723,0.0000,-1.0723,2.1845,0.0000,2.1845,0.6755
58.850,-1.0188,0.0000,-1.0188,2.2929,0.0000,2.2929,0.6755
58.857,-0.9913,0.0000,-0.9913,2.3508,0.0000,2.3508,0.6164
58.863,-0.9654,0.0000,-0.9654,2.4081,0.0000,2.4081,0.6164
58.868,-0.9467,0.0000,-0.9467,2.4508,0.0000,2.4508,0.6164
58.872,-0.9299,0.0000,-0.9299,2.4903,0.0000,2.4903,0.6164
58.877,-0.9134,0.0000,-0.9134,2.5304,0.0000,2.5304,0.6706
58.882,-0.8948,0.0000,-0.8948,2.5779,0.0000,2.5779,0.6706
58.886,-0.8782,0.0000,-0.8782,2.6217,0.0000,2.6217,0.6706
58.891,-0.8620,0.0000,-0.8620,2.6662,0.0000,2.6662,0.6706
58.895,-0.8468,0.0000,-0.8468,2.7095,0.0000,2.7095,0.5358
58.900,-0.8296,0.0000,-0.8296,2.7605,0.0000,2.7605,0.5358
58.904,-0.8143,0.0000,-0.8143,2.8075,0.0000,2.8075,0.5358
58.908,-0.7994,0.0000,-0.7994,2.8550,0.0000,2.8550,0.5358
58.912,-0.7854,0.0000,-0.7854,2.9013,0.0000,2.9013,0.5358
58.917,-0.7704,0.0000,-0.7704,2.9532,0.0000,2.9532,0.5763
58.929,-0.7316,0.0000,-0.7316,3.1020,0.0000,3.1020,0.5763
58.933,-0.7180,0.0000,-0.7180,3.1558,0.0000,3.1558,0.5763
58.937,-0.7050,0.0000,-0.7050,3.2097,0.0000,3.2097,0.5214
58.942,-0.6901,0.0000,-0.6901,3.2740,0.0000,3.2740,0.5214
58.946,-0.6767,0.0000,-0.6767,3.3342,0.0000,3.3342,0.5214
58.951,-0.6643,0.0000,-0.6643,3.3924,0.0000,3.3924,0.5214
58.955,-0.6517,0.0000,-0.6517,3.4540,0.0000,3.4540,0.4621
58.960,-0.6376,0.0000,-0.6376,3.5263,0.0000,3.5263,0.4621
58.964,-0.6257,0.0000,-0.6257,3.5891,0.0000,3.5891,0.4621
58.968,-0.6142,0.0000,-0.6142,3.6530,0.0000,3.6530,0.4621
58.973,-0.6020,0.0000,-0.6020,3.7161,0.0000,3.7161,0.4621
58.977,-0.5900,0.0000,-0.5900,3.7653,0.0000,3.7653,0.3926
58.982,-0.5771,0.0000,-0.5771,3.8029,0.0000,3.8029,0.3926
58.987,-0.5623,0.0000,-0.5623,3.8248,0.0000,3.8248,0.3926
58.999,-0.5328,0.0000,-0.5328,3.7811,0.0000,3.7811,0.3988
59.004,-0.5203,0.0000,-0.5203,3.7455,0.0000,3.7455,0.3988
59.009,-0.5096,0.0000,-0.5096,3.7014,0.0000,3.7014,0.3988
59.013,-0.4997,0.0000,-0.4997,3.6491,0.0000,3.6491,0.3988
59.017,-0.4903,0.0000,-0.4903,3.5873,0.0000,3.5873,0.2407
59.022,-0.4787,0.0000,-0.4787,3.5022,0.0000,3.5022,0.2407
59.027,-0.4686,0.0000,-0.4686,3.4295,0.0000,3.4295,0.2407
59.037,-0.4453,0.0000,-0.4453,3.2685,0.0000,3.2685,0.1903
59.042,-0.4353,0.0000,-0.4353,3.2017,0.0000,3.2017,0.1903
59.046,-0.4266,0.0000,-0.4266,3.1449,0.0000,3.1449,0.1903
59.051,-0.4179,0.0000,-0.4179,3.0893,0.0000,3.0893,0.1903
59.057,-0.4046,0.0000,-0.4046,3.0070,0.0000,3.0070,0.2251
59.062,-0.3953,0.0000,-0.3953,2.9512,0.0000,2.9512,0.2251
59.066,-0.3874,0.0000,-0.3874,2.9047,0.0000,2.9047,0.2251
59.071,-0.3791,0.0000,-0.3791,2.8573,0.0000,2.8573,0.2251
59.076,-0.3692,0.0000,-0.3692,2.8030,0.0000,2.8030,0.2503
59.081,-0.3604,0.0000,-0.3604,2.7564,0.0000,2.7564,0.2503
59.086,-0.3530,0.0000,-0.3530,2.7185,0.0000,2.7185,0.2503
59.090,-0.3457,0.0000,-0.3457,2.6817,0.0000,2.6817,0.2503
59.094,-0.3389,0.0000,-0.3389,2.6489,0.0000,2.6489,0.3171
59.099,-0.3311,0.0000,-0.3311,2.6125,0.0000,2.6125,0.3171
59.103,-0.3241,0.0000,-0.3241,2.5814,0.0000,2.5814,0.3171
59.108,-0.3174,0.0000,-0.3174,2.5524,0.0000,2.5524,0.3171
59.112,-0.3111,0.0000,-0.3111,2.5263,0.0000,2.5263,0.3171
59.116,-0.3046,0.0000,-0.3046,2.5005,0.0000,2.5005,0.3092
59.121,-0.2968,0.0000,-0.2968,2.4716,0.0000,2.4716,0.3092
59.125,-0.2908,0.0000,-0.2908,2.4500,0.0000,2.4500,0.3092
59.130,-0.2841,0.0000,-0.2841,2.4277,0.0000,2.4277,0.3092
59.141,-0.2686,0.0000,-0.2686,2.3828,0.0000,2.3828,0.2136
59.154,-0.2518,0.0000,-0.2518,2.3445,0.0000,2.3445,0.1985
59.160,-0.2442,0.0000,-0.2442,2.3296,0.0000,2.3296,0.1985
59.164,-0.2390,0.0000,-0.2390,2.3205,0.0000,2.3205,0.1985
59.168,-0.2341,0.0000,-0.2341,2.3130,0.0000,2.3130,0.1985
59.173,-0.2288,0.0000,-0.2288,2.3063,0.0000,2.3063,0.1985
59.178,-0.2232,0.0000,-0.2232,2.3007,0.0000,2.3007,0.1765
59.183,-0.2177,0.0000,-0.2177,2.2968,0.0000,2.2968,0.1765
59.187,-0.2131,0.0000,-0.2131,2.2947,0.0000,2.2947,0.1765
59.191,-0.2085,0.0000,-0.2085,2.2937,0.0000,2.2937,0.1765
59.195,-0.2041,0.0000,-0.2041,2.2939,0.0000,2.2939,0.1473
59.200,-0.1992,0.0000,-0.1992,2.2957,0.0000,2.2957,0.1473
59.204,-0.1949,0.0000,-0.1949,2.2984,0.0000,2.2984,0.1473
59.209,-0.1908,0.0000,-0.1908,2.3022,0.0000,2.3022,0.1473
59.213,-0.1866,0.0000,-0.1866,2.3073,0.0000,2.3073,0.1473
59.217,-0.1828,0.0000,-0.1828,2.3131,0.0000,2.3131,0.1194
59.222,-0.1783,0.0000,-0.1783,2.3214,0.0000,2.3214,0.1194
59.226,-0.1744,0.0000,-0.1744,2.3299,0.0000,2.3299,0.1194
59.231,-0.1705,0.0000,-0.1705,2.3399,0.0000,2.3399,0.1194
59.242,-0.1609,0.0000,-0.1609,2.3725,0.0000,2.3725,0.1651
59.247,-0.1568,0.0000,-0.1568,2.3882,0.0000,2.3882,0.1651
59.251,-0.1536,0.0000,-0.1536,2.4018,0.0000,2.4018,0.1651
59.255,-0.1502,0.0000,-0.1502,2.4169,0.0000,2.4169,0.2003
59.260,-0.1465,0.0000,-0.1465,2.4355,0.0000,2.4355,0.2003
59.264,-0.1435,0.0000,-0.1435,2.4519,0.0000,2.4519,0.2003
59.268,-0.1405,0.0000,-0.1405,2.4695,0.0000,2.4695,0.2003
59.272,-0.1374,0.0000,-0.1374,2.4886,0.0000,2.4886,0.2003
59.276,-0.1342,0.0000,-0.1342,2.5098,0.0000,2.5098,0.1905
59.281,-0.1310,0.0000,-0.1310,2.5333,0.0000,2.5333,0.1905
59.285,-0.1282,0.0000,-0.1282,2.5544,0.0000,2.5544,0.1905
59.290,-0.1252,0.0000,-0.1252,2.5789,0.0000,2.5789,0.1905
59.294,-0.1223,0.0000,-0.1223,2.6041,0.0000,2.6041,0.1837
59.307,-0.1145,0.0000,-0.1145,2.6848,0.0000,2.6848,0.1837
59.312,-0.1111,0.0000,-0.1111,2.7212,0.0000,2.7212,0.1837
59.316,-0.1088,0.0000,-0.1088,2.7482,0.0000,2.7482,0.1692
59.321,-0.1059,0.0000,-0.1059,2.7829,0.0000,2.7829,0.1692
59.325,-0.1036,0.0000,-0.1036,2.8125,0.0000,2.8125,0.1692
59.330,-0.1014,0.0000,-0.1014,2.8427,0.0000,2.8427,0.1692
59.334,-0.0990,0.0000,-0.0990,2.8759,0.0000,2.8759,0.1462
59.347,-0.0920,0.0000,-0.0920,2.9892,0.0000,2.9892,0.1462
59.352,-0.0899,0.0000,-0.0899,3.0252,0.0000,3.0252,0.1462
59.356,-0.0879,0.0000,-0.0879,3.0614,0.0000,3.0614,0.1525
59.361,-0.0858,0.0000,-0.0858,3.1005,0.0000,3.1005,0.1525
59.365,-0.0840,0.0000,-0.0840,3.1356,0.0000,3.1356,0.1525
59.369,-0.0820,0.0000,-0.0820,3.1754,0.0000,3.1754,0.1525
59.373,-0.0801,0.0000,-0.0801,3.2156,0.0000,3.2156,0.1525
59.378,-0.0783,0.0000,-0.0783,3.2546,0.0000,3.2546,0.0230
59.383,-0.0762,0.0000,-0.0762,3.3029,0.0000,3.3029,0.0230
59.387,-0.0744,0.0000,-0.0744,3.3451,0.0000,3.3451,0.0230
59.391,-0.0728,0.0000,-0.0728,3.3864,0.0000,3.3864,0.0230
59.395,-0.0712,0.0000,-0.0712,3.4270,0.0000,3.4270,-0.1090
59.400,-0.0694,0.0000,-0.0694,3.4758,0.0000,3.4758,-0.1090
59.405,-0.0677,0.0000,-0.0677,3.5213,0.0000,3.5213,-0.1090
59.409,-0.0662,0.0000,-0.0662,3.5659,0.0000,3.5659,-0.1090
59.413,-0.0647,0.0000,-0.0647,3.6116,0.0000,3.6116,-0.1090
59.418,-0.0631,0.0000,-0.0631,3.6616,0.0000,3.6616,-0.2434
59.423,-0.0614,0.0000,-0.0614,3.7155,0.0000,3.7155,-0.2434
59.427,-0.0600,0.0000,-0.0600,3.7620,0.0000,3.7620,-0.2434
59.431,-0.0587,0.0000,-0.0587,3.8083,0.0000,3.8083,-0.2434
59.435,-0.0573,0.0000,-0.0573,3.8579,0.0000,3.8579,-0.2461
59.441,-0.0556,0.0000,-0.0556,3.9221,0.0000,3.9221,-0.2461
59.452,-0.0522,0.0000,-0.0522,4.0625,0.0000,4.0625,-0.2461
59.464,-0.0488,0.0000,-0.0488,4.2179,0.0000,4.2179,-0.2286
59.471,-0.0471,0.0000,-0.0471,4.2964,0.0000,4.2964,-0.2286
59.475,-0.0460,0.0000,-0.0460,4.3490,0.0000,4.3490,-0.1808
59.480,-0.0448,0.0000,-0.0448,4.4096,0.0000,4.4096,-0.1808
59.484,-0.0438,0.0000,-0.0438,4.4639,0.0000,4.4639,-0.1808
59.489,-0.0427,0.0000,-0.0427,4.5193,0.0000,4.5193,-0.1808
59.493,-0.0417,0.0000,-0.0417,4.5749,0.0000,4.5749,-0.1808
59.497,-0.0407,0.0000,-0.0407,4.6286,0.0000,4.6286,-0.1350
59.502,-0.0397,0.0000,-0.0397,4.6900,0.0000,4.6900,-0.1350
59.506,-0.0387,0.0000,-0.0387,4.7469,0.0000,4.7469,-0.1350
59.510,-0.0379,0.0000,-0.0379,4.8004,0.0000,4.8004,-0.1350
59.515,-0.0370,0.0000,-0.0370,4.8550,0.0000,4.8550,-0.0987
59.519,-0.0361,0.0000,-0.0361,4.9164,0.0000,4.9164,-0.0987
59.524,-0.0352,0.0000,-0.0352,4.9748,0.0000,4.9748,-0.0987
59.528,-0.0344,0.0000,-0.0344,5.0296,0.0000,5.0296,-0.0987
59.532,-0.0336,0.0000,-0.0336,5.0848,0.0000,5.0848,-0.0987
59.537,-0.0328,0.0000,-0.0328,5.1419,0.0000,5.1419,-0.0713
59.542,-0.0319,0.0000,-0.0319,5.2103,0.0000,5.2103,-0.0713
59.553,-0.0300,0.0000,-0.0300,5.3597,0.0000,5.3597,-0.0713
59.557,-0.0292,0.0000,-0.0292,5.4185,0.0000,5.4185,-0.0523
59.562,-0.0284,0.0000,-0.0284,5.4849,0.0000,5.4849,-0.0523
59.566,-0.0278,0.0000,-0.0278,5.5425,0.0000,5.5425,-0.0523
59.571,-0.0271,0.0000,-0.0271,5.5995,0.0000,5.5995,-0.0523
59.575,-0.0264,0.0000,-0.0264,5.6587,0.0000,5.6587,-0.0409
59.580,-0.0257,0.0000,-0.0257,5.7233,0.0000,5.7233,-0.0409
59.584,-0.0251,0.0000,-0.0251,5.7769,0.0000,5.7769,-0.0409
59.589,-0.0245,0.0000,-0.0245,5.8318,0.0000,5.8318,-0.0409
59.593,-0.0240,0.0000,-0.0240,5.8852,0.0000,5.8852,-0.0409
59.597,-0.0234,0.0000,-0.0234,5.9390,0.0000,5.9390,-0.0417
59.602,-0.0228,0.0000,-0.0228,5.9964,0.0000,5.9964,-0.0417
59.606,-0.0222,0.0000,-0.0222,6.0527,0.0000,6.0527,-0.0417
59.618,-0.0208,0.0000,-0.0208,6.2052,0.0000,6.2052,-0.0495
59.625,-0.0200,0.0000,-0.0200,6.2845,0.0000,6.2845,-0.0495
59.629,-0.0195,0.0000,-0.0195,6.3365,0.0000,6.3365,-0.0495
59.633,-0.0191,0.0000,-0.0191,6.3854,0.0000,6.3854,-0.0495
59.638,-0.0186,0.0000,-0.0186,6.4365,0.0000,6.4365,-0.0625
59.643,-0.0181,0.0000,-0.0181,6.4937,0.0000,6.4937,-0.0625
59.654,-0.0170,0.0000,-0.0170,6.6190,0.0000,6.6190,-0.0697
59.659,-0.0165,0.0000,-0.0165,6.6713,0.0000,6.6713,-0.0697
59.663,-0.0161,0.0000,-0.0161,6.7163,0.0000,6.7163,-0.0697
59.667,-0.0158,0.0000,-0.0158,6.7580,0.0000,6.7580,-0.0697
59.671,-0.0154,0.0000,-0.0154,6.8011,0.0000,6.8011,-0.0697
59.676,-0.0150,0.0000,-0.0150,6.8445,0.0000,6.8445,-0.0804
59.680,-0.0146,0.0000,-0.0146,6.8865,0.0000,6.8865,-0.0804
59.684,-0.0143,0.0000,-0.0143,6.9173,0.0000,6.9173,-0.0804
59.689,-0.0139,0.0000,-0.0139,6.9438,0.0000,6.9438,-0.0804
59.693,-0.0136,0.0000,-0.0136,6.9648,0.0000,6.9648,-0.0804
59.697,-0.0133,0.0000,-0.0133,6.9793,0.0000,6.9793,-0.0958
59.702,-0.0129,0.0000,-0.0129,6.9898,0.0000,6.9898,-0.0958
59.706,-0.0126,0.0000,-0.0126,6.9948,0.0000,6.9948,-0.0958
59.711,-0.0123,0.0000,-0.0123,6.9950,0.0000,6.9950,-0.0958
59.715,-0.0120,0.0000,-0.0120,6.9911,0.0000,6.9911,-0.1484
59.719,-0.0117,0.0000,-0.0117,6.9814,0.0000,6.9814,-0.1484
59.724,-0.0114,0.0000,-0.0114,6.9679,0.0000,6.9679,-0.1484
59.728,-0.0112,0.0000,-0.0112,6.9519,0.0000,6.9519,-0.1484
59.732,-0.0109,0.0000,-0.0109,6.9377,0.0000,6.9377,-0.1484
59.736,-0.0106,0.0000,-0.0106,6.9248,0.0000,6.9248,-0.2793
59.741,-0.0103,0.0000,-0.0103,6.9115,0.0000,6.9115,-0.2793
59.746,-0.0101,0.0000,-0.0101,6.9013,0.0000,6.9013,-0.2793
59.766,-0.0089,0.0000,-0.0089,6.8826,0.0000,6.8826,-0.4534
59.782,-0.0081,0.0000,-0.0081,6.8828,0.0000,6.8828,-0.5318
59.790,-0.0078,0.0000,-0.0078,6.8859,0.0000,6.8859,-0.5318
59.794,-0.0076,0.0000,-0.0076,6.8884,0.0000,6.8884,-0.6074
59.799,-0.0074,0.0000,-0.0074,6.8919,0.0000,6.8919,-0.6074
59.803,-0.0072,0.0000,-0.0072,6.8956,0.0000,6.8956,-0.6074
59.808,-0.0070,0.0000,-0.0070,6.9001,0.0000,6.9001,-0.6074
59.812,-0.0068,0.0000,-0.0068,6.9045,0.0000,6.9045,-0.6074
59.816,-0.0067,0.0000,-0.0067,6.9095,0.0000,6.9095,-0.6777
59.821,-0.0065,0.0000,-0.0065,6.9155,0.0000,6.9155,-0.6777
59.826,-0.0063,0.0000,-0.0063,6.9211,0.0000,6.9211,-0.6777
59.830,-0.0062,0.0000,-0.0062,6.9265,0.0000,6.9265,-0.6777
59.834,-0.0060,0.0000,-0.0060,6.9324,0.0000,6.9324,-0.7501
59.839,-0.0059,0.0000,-0.0059,6.9390,0.0000,6.9390,-0.7501
59.843,-0.0057,0.0000,-0.0057,6.9448,0.0000,6.9448,-0.7501
59.848,-0.0056,0.0000,-0.0056,6.9514,0.0000,6.9514,-0.7501
59.859,-0.0052,0.0000,-0.0052,6.9655,0.0000,6.9655,-0.8193
59.864,-0.0051,0.0000,-0.0051,6.9715,0.0000,6.9715,-0.8193
59.868,-0.0049,0.0000,-0.0049,6.9762,0.0000,6.9762,-0.8193
59.873,-0.0048,0.0000,-0.0048,6.9808,0.0000,6.9808,-0.8193
59.877,-0.0047,0.0000,-0.0047,6.9847,0.0000,6.9847,-0.8844
59.882,-0.0046,0.0000,-0.0046,6.9885,0.0000,6.9885,-0.8844
59.886,-0.0045,0.0000,-0.0045,6.9913,0.0000,6.9913,-0.8844
59.891,-0.0043,0.0000,-0.0043,6.9936,0.0000,6.9936,-0.8844
59.896,-0.0042,0.0000,-0.0042,6.9952,0.0000,6.9952,-0.9449
59.901,-0.0041,0.0000,-0.0041,6.9960,0.0000,6.9960,-0.9449
59.906,-0.0040,0.0000,-0.0040,6.9958,0.0000,6.9958,-0.9449
59.911,-0.0039,0.0000,-0.0039,6.9948,0.0000,6.9948,-0.9449
59.915,-0.0038,0.0000,-0.0038,6.9930,0.0000,6.9930,-1.0009
59.927,-0.0035,0.0000,-0.0035,6.9810,0.0000,6.9810,-1.0009
59.933,-0.0034,0.0000,-0.0034,6.9746,0.0000,6.9746,-1.0009
59.937,-0.0033,0.0000,-0.0033,6.9685,0.0000,6.9685,-1.0518
59.942,-0.0032,0.0000,-0.0032,6.9605,0.0000,6.9605,-1.0518
59.946,-0.0031,0.0000,-0.0031,6.9526,0.0000,6.9526,-1.0518
59.950,-0.0031,0.0000,-0.0031,6.9440,0.0000,6.9440,-1.0518
59.955,-0.0030,0.0000,-0.0030,6.9328,0.0000,6.9328,-1.0909
59.967,-0.0028,0.0000,-0.0028,6.8973,0.0000,6.8973,-1.0909
59.971,-0.0027,0.0000,-0.0027,6.8829,0.0000,6.8829,-1.0909
59.976,-0.0026,0.0000,-0.0026,6.8676,0.0000,6.8676,-1.1134
59.981,-0.0026,0.0000,-0.0026,6.8501,0.0000,6.8501,-1.1134
59.985,-0.0025,0.0000,-0.0025,6.8342,0.0000,6.8342,-1.1134
59.989,-0.0024,0.0000,-0.0024,6.8160,0.0000,6.8160,-1.1134
59.994,-0.0024,0.0000,-0.0024,6.7971,0.0000,6.7971,-1.1134
59.998,-0.0023,0.0000,-0.0023,6.7778,0.0000,6.7778,-1.1293
60.002,-0.0023,0.0000,-0.0023,6.7554,0.0000,6.7554,-1.1293
60.007,-0.0022,0.0000,-0.0022,6.7323,0.0000,6.7323,-1.1293
60.011,-0.0021,0.0000,-0.0021,6.7101,0.0000,6.7101,-1.1293
60.015,-0.0021,0.0000,-0.0021,6.6878,0.0000,6.6878,-1.1450
60.020,-0.0020,0.0000,-0.0020,6.6607,0.0000,6.6607,-1.1450
60.024,-0.0020,0.0000,-0.0020,6.6344,0.0000,6.6344,-1.1450
60.029,-0.0019,0.0000,-0.0019,6.6085,0.0000,6.6085,-1.1450
60.033,-0.0019,0.0000,-0.0019,6.5819,0.0000,6.5819,-1.1450
60.037,-0.0018,0.0000,-0.0018,6.5539,0.0000,6.5539,-1.1559
60.042,-0.0018,0.0000,-0.0018,6.5180,0.0000,6.5180,-1.1559
60.046,-0.0018,0.0000,-0.0018,6.4891,0.0000,6.4891,-1.1559
60.050,-0.0017,0.0000,-0.0017,6.4601,0.0000,6.4601,-1.1559
60.055,-0.0017,0.0000,-0.0017,6.4279,0.0000,6.4279,-1.1609
60.060,-0.0016,0.0000,-0.0016,6.3892,0.0000,6.3892,-1.1609
60.071,-0.0015,0.0000,-0.0015,6.2950,0.0000,6.2950,-1.1609
60.083,-0.0014,0.0000,-0.0014,6.1861,0.0000,6.1861,-1.1602
60.090,-0.0014,0.0000,-0.0014,6.1321,0.0000,6.1321,-1.1602
60.094,-0.0013,0.0000,-0.0013,6.0948,0.0000,6.0948,-1.1836
60.098,-0.0013,0.0000,-0.0013,6.0523,0.0000,6.0523,-1.1836
60.103,-0.0013,0.0000,-0.0013,6.0132,0.0000,6.0132,-1.1836
60.107,-0.0012,0.0000,-0.0012,5.9718,0.0000,5.9718,-1.1836
60.111,-0.0012,0.0000,-0.0012,5.9331,0.0000,5.9331,-1.1836
60.116,-0.0012,0.0000,-0.0012,5.8941,0.0000,5.8941,-1.2337
60.120,-0.0011,0.0000,-0.0011,5.8480,0.0000,5.8480,-1.2337
60.125,-0.0011,0.0000,-0.0011,5.8047,0.0000,5.8047,-1.2337
60.129,-0.0011,0.0000,-0.0011,5.7634,0.0000,5.7634,-1.2337
60.133,-0.0010,0.0000,-0.0010,5.7187,0.0000,5.7187,-1.2337
60.138,-0.0010,0.0000,-0.0010,5.6729,0.0000,5.6729,-1.2773
60.143,-0.0010,0.0000,-0.0010,5.6252,0.0000,5.6252,-1.2773
60.147,-0.0010,0.0000,-0.0010,5.5820,0.0000,5.5820,-1.2773
60.151,-0.0009,0.0000,-0.0009,5.5408,0.0000,5.5408,-1.2773
60.156,-0.0009,0.0000,-0.0009,5.4944,0.0000,5.4944,-1.2921
60.161,-0.0009,0.0000,-0.0009,5.4399,0.0000,5.4399,-1.2921
60.172,-0.0008,0.0000,-0.0008,5.3187,0.0000,5.3187,-1.2921
60.176,-0.0008,0.0000,-0.0008,5.2712,0.0000,5.2712,-1.2950
60.181,-0.0008,0.0000,-0.0008,5.2188,0.0000,5.2188,-1.2950
60.185,-0.0008,0.0000,-0.0008,5.1748,0.0000,5.1748,-1.2950
60.190,-0.0008,0.0000,-0.0008,5.1261,0.0000,5.1261,-1.2950
60.194,-0.0007,0.0000,-0.0007,5.0774,0.0000,5.0774,-1.2894
60.199,-0.0007,0.0000,-0.0007,5.0274,0.0000,5.0274,-1.2894
60.203,-0.0007,0.0000,-0.0007,4.9815,0.0000,4.9815,-1.2894
60.208,-0.0007,0.0000,-0.0007,4.9338,0.0000,4.9338,-1.2894
60.212,-0.0007,0.0000,-0.0007,4.8897,0.0000,4.8897,-1.2894
60.216,-0.0006,0.0000,-0.0006,4.8467,0.0000,4.8467,-1.3153
60.220,-0.0006,0.0000,-0.0006,4.7966,0.0000,4.7966,-1.3153
60.225,-0.0006,0.0000,-0.0006,4.7482,0.0000,4.7482,-1.3153
60.236,-0.0006,0.0000,-0.0006,4.6189,0.0000,4.6189,-1.3345
60.243,-0.0005,0.0000,-0.0005,4.5443,0.0000,4.5443,-1.3345
60.248,-0.0005,0.0000,-0.0005,4.4965,0.0000,4.4965,-1.3345
60.252,-0.0005,0.0000,-0.0005,4.4502,0.0000,4.4502,-1.3345
60.257,-0.0005,0.0000,-0.0005,4.4005,0.0000,4.4005,-1.3429
60.262,-0.0005,0.0000,-0.0005,4.3395,0.0000,4.3395,-1.3429
60.273,-0.0005,0.0000,-0.0005,4.2175,0.0000,4.2175,-1.3429
60.278,-0.0004,0.0000,-0.0004,4.1718,0.0000,4.1718,-1.3406
60.282,-0.0004,0.0000,-0.0004,4.1248,0.0000,4.1248,-1.3406
60.286,-0.0004,0.0000,-0.0004,4.0797,0.0000,4.0797,-1.3406
60.291,-0.0004,0.0000,-0.0004,4.0324,0.0000,4.0324,-1.3406
60.295,-0.0004,0.0000,-0.0004,3.9897,0.0000,3.9897,-1.3278
60.300,-0.0004,0.0000,-0.0004,3.9391,0.0000,3.9391,-1.3278
60.305,-0.0004,0.0000,-0.0004,3.8913,0.0000,3.8913,-1.3278
60.309,-0.0004,0.0000,-0.0004,3.8482,0.0000,3.8482,-1.3278
60.313,-0.0004,0.0000,-0.0004,3.8062,0.0000,3.8062,-1.3278
60.318,-0.0003,0.0000,-0.0003,3.7607,0.0000,3.7607,-1.3046
60.322,-0.0003,0.0000,-0.0003,3.7125,0.0000,3.7125,-1.3046
60.327,-0.0003,0.0000,-0.0003,3.6712,0.0000,3.6712,-1.3046
60.331,-0.0003,0.0000,-0.0003,3.6285,0.0000,3.6285,-1.3046
60.335,-0.0003,0.0000,-0.0003,3.5859,0.0000,3.5859,-1.2608
60.340,-0.0003,0.0000,-0.0003,3.5380,0.0000,3.5380,-1.2608
60.345,-0.0003,0.0000,-0.0003,3.4941,0.0000,3.4941,-1.2608
60.349,-0.0003,0.0000,-0.0003,3.4484,0.0000,3.4484,-1.2608
60.354,-0.0003,0.0000,-0.0003,3.4056,0.0000,3.4056,-1.2059
60.359,-0.0003,0.0000,-0.0003,3.3598,0.0000,3.3598,-1.2059
60.363,-0.0003,0.0000,-0.0003,3.3194,0.0000,3.3194,-1.2059
60.367,-0.0003,0.0000,-0.0003,3.2761,0.0000,3.2761,-1.2059
60.379,-0.0002,0.0000,-0.0002,3.1702,0.0000,3.1702,-1.1424
60.391,-0.0002,0.0000,-0.0002,3.0543,0.0000,3.0543,-1.1424
60.396,-0.0002,0.0000,-0.0002,3.0049,0.0000,3.0049,-1.0539
60.401,-0.0002,0.0000,-0.0002,2.9633,0.0000,2.9633,-1.0539
60.406,-0.0002,0.0000,-0.0002,2.9255,0.0000,2.9255,-1.0539
60.410,-0.0002,0.0000,-0.0002,2.8875,0.0000,2.8875,-1.0539
60.414,-0.0002,0.0000,-0.0002,2.8519,0.0000,2.8519,-0.9551
60.419,-0.0002,0.0000,-0.0002,2.8157,0.0000,2.8157,-0.9551
60.423,-0.0002,0.0000,-0.0002,2.7864,0.0000,2.7864,-0.9551
60.428,-0.0002,0.0000,-0.0002,2.7599,0.0000,2.7599,-0.9551
60.433,-0.0002,0.0000,-0.0002,2.7384,0.0000,2.7384,-0.9551
60.437,-0.0002,0.0000,-0.0002,2.7241,0.0000,2.7241,-0.8499
60.442,-0.0002,0.0000,-0.0002,2.7131,0.0000,2.7131,-0.8499
60.447,-0.0002,0.0000,-0.0002,2.7080,0.0000,2.7080,-0.8499
60.451,-0.0002,0.0000,-0.0002,2.7071,0.0000,2.7071,-0.8499
60.455,-0.0002,0.0000,-0.0002,2.7101,0.0000,2.7101,-0.7684
60.460,-0.0001,0.0000,-0.0001,2.7182,0.0000,2.7182,-0.7684
60.464,-0.0001,0.0000,-0.0001,2.7281,0.0000,2.7281,-0.7684
60.469,-0.0001,0.0000,-0.0001,2.7400,0.0000,2.7400,-0.7684
60.480,-0.0001,0.0000,-0.0001,2.7607,0.0000,2.7607,-0.7114
60.485,-0.0001,0.0000,-0.0001,2.7673,0.0000,2.7673,-0.7114
60.490,-0.0001,0.0000,-0.0001,2.7721,0.0000,2.7721,-0.7114
60.494,-0.0001,0.0000,-0.0001,2.7753,0.0000,2.7753,-0.6500
60.499,-0.0001,0.0000,-0.0001,2.7774,0.0000,2.7774,-0.6500
60.503,-0.0001,0.0000,-0.0001,2.7781,0.0000,2.7781,-0.6500
60.508,-0.0001,0.0000,-0.0001,2.7767,0.0000,2.7767,-0.6500
60.512,-0.0001,0.0000,-0.0001,2.7738,0.0000,2.7738,-0.6500
60.516,-0.0001,0.0000,-0.0001,2.7698,0.0000,2.7698,-0.5806
60.521,-0.0001,0.0000,-0.0001,2.7622,0.0000,2.7622,-0.5806
60.526,-0.0001,0.0000,-0.0001,2.7545,0.0000,2.7545,-0.5806
60.530,-0.0001,0.0000,-0.0001,2.7456,0.0000,2.7456,-0.5806
60.542,-0.0001,0.0000,-0.0001,2.7094,0.0000,2.7094,-0.4897
60.548,-0.0001,0.0000,-0.0001,2.6907,0.0000,2.6907,-0.4897
60.553,-0.0001,0.0000,-0.0001,2.6750,0.0000,2.6750,-0.4897
60.557,-0.0001,0.0000,-0.0001,2.6597,0.0000,2.6597,-0.3903
60.562,-0.0001,0.0000,-0.0001,2.6436,0.0000,2.6436,-0.3903
60.566,-0.0001,0.0000,-0.0001,2.6288,0.0000,2.6288,-0.3903
60.570,-0.0001,0.0000,-0.0001,2.6125,0.0000,2.6125,-0.3903
60.574,-0.0001,0.0000,-0.0001,2.5968,0.0000,2.5968,-0.3293
60.579,-0.0001,0.0000,-0.0001,2.5783,0.0000,2.5783,-0.3293
60.590,-0.0001,0.0000,-0.0001,2.5357,0.0000,2.5357,-0.3293
60.594,-0.0001,0.0000,-0.0001,2.5189,0.0000,2.5189,-0.2702
60.599,-0.0001,0.0000,-0.0001,2.5000,0.0000,2.5000,-0.2702
60.604,-0.0001,0.0000,-0.0001,2.4825,0.0000,2.4825,-0.2702
60.608,-0.0001,0.0000,-0.0001,2.4651,0.0000,2.4651,-0.2702
60.612,-0.0001,0.0000,-0.0001,2.4478,0.0000,2.4478,-0.2702
60.616,-0.0001,0.0000,-0.0001,2.4291,0.0000,2.4291,-0.2048
60.621,-0.0001,0.0000,-0.0001,2.4080,0.0000,2.4080,-0.2048
60.625,-0.0001,0.0000,-0.0001,2.3890,0.0000,2.3890,-0.2048
60.630,-0.0001,0.0000,-0.0001,2.3690,0.0000,2.3690,-0.2048
60.634,-0.0001,0.0000,-0.0001,2.3488,0.0000,2.3488,-0.1339
60.639,0.0000,0.0000,0.0000,2.3256,0.0000,2.3256,-0.1339
60.643,0.0000,0.0000,0.0000,2.3058,0.0000,2.3058,-0.1339
60.648,0.0000,0.0000,0.0000,2.2843,0.0000,2.2843,-0.1339
60.652,0.0000,0.0000,0.0000,2.2638,0.0000,2.2638,-0.1339
60.656,0.0000,0.0000,0.0000,2.2426,0.0000,2.2426,-0.0577
60.661,0.0000,0.0000,0.0000,2.2199,0.0000,2.2199,-0.0577
60.665,0.0000,0.0000,0.0000,2.2000,0.0000,2.2000,-0.0577
60.669,0.0000,0.0000,0.0000,2.1802,0.0000,2.1802,-0.0577
60.674,0.0000,0.0000,0.0000,2.1601,0.0000,2.1601,0.0230
60.679,0.0000,0.0000,0.0000,2.1371,0.0000,2.1371,0.0230
60.684,0.0000,0.0000,0.0000,2.1155,0.0000,2.1155,0.0230
60.696,0.0000,0.0000,0.0000,2.0586,0.0000,2.0586,0.1073
60.702,0.0000,0.0000,0.0000,2.0313,0.0000,2.0313,0.1073
60.706,0.0000,0.0000,0.0000,2.0124,0.0000,2.0124,0.1073
60.711,0.0000,0.0000,0.0000,1.9945,0.0000,1.9945,0.1073
60.715,0.0000,0.0000,0.0000,1.9764,0.0000,1.9764,0.1976
60.720,0.0000,0.0000,0.0000,1.9553,0.0000,1.9553,0.1976
60.724,0.0000,0.0000,0.0000,1.9364,0.0000,1.9364,0.1976
60.728,0.0000,0.0000,0.0000,1.9186,0.0000,1.9186,0.1976
60.732,0.0000,0.0000,0.0000,1.9006,0.0000,1.9006,0.1976
60.737,0.0002,0.0000,0.0002,1.8825,0.0000,1.8825,0.2953
60.742,0.0008,0.0000,0.0008,1.8587,0.0000,1.8587,0.2953
60.746,0.0018,0.0000,0.0018,1.8405,0.0000,1.8405,0.2953
60.750,0.0034,0.0000,0.0034,1.8229,0.0000,1.8229,0.2953
60.755,0.0056,0.0000,0.0056,1.8044,0.0000,1.8044,0.3955
60.759,0.0090,0.0000,0.0090,1.7839,0.0000,1.7839,0.3955
60.764,0.0130,0.0000,0.0130,1.7659,0.0000,1.7659,0.3955
60.768,0.0177,0.0000,0.0177,1.7487,0.0000,1.7487,0.3955
60.772,0.0237,0.0000,0.0237,1.7309,0.0000,1.7309,0.3955
60.776,0.0303,0.0000,0.0303,1.7141,0.0000,1.7141,0.5075
60.781,0.0396,0.0000,0.0396,1.6940,0.0000,1.6940,0.5075
60.786,0.0494,0.0000,0.0494,1.6760,0.0000,1.6760,0.5075
60.797,0.0790,0.0000,0.0790,1.6319,0.0000,1.6319,0.6211
60.802,0.0937,0.0000,0.0937,1.6139,0.0000,1.6139,0.6211
60.807,0.1085,0.0000,0.1085,1.5976,0.0000,1.5976,0.6211
60.811,0.1232,0.0000,0.1232,1.5829,0.0000,1.5829,0.6211
60.815,0.1385,0.0000,0.1385,1.5688,0.0000,1.5688,0.7323
60.820,0.1582,0.0000,0.1582,1.5521,0.0000,1.5521,0.7323
60.824,0.1765,0.0000,0.1765,1.5378,0.0000,1.5378,0.7323
60.829,0.1947,0.0000,0.1947,1.5244,0.0000,1.5244,0.7323
60.833,0.2147,0.0000,0.2147,1.5105,0.0000,1.5105,0.7323
60.837,0.2371,0.0000,0.2371,1.4958,0.0000,1.4958,0.8398
60.850,0.3023,0.0000,0.3023,1.4560,0.0000,1.4560,0.8398
60.855,0.3341,0.0000,0.3341,1.4384,0.0000,1.4384,0.9347
60.860,0.3621,0.0000,0.3621,1.4238,0.0000,1.4238,0.9347
60.872,0.4354,0.0000,0.4354,1.3878,0.0000,1.3878,0.9347
60.877,0.4710,0.0000,0.4710,1.3718,0.0000,1.3718,1.0233
60.883,0.5081,0.0000,0.5081,1.3563,0.0000,1.3563,1.0233
60.888,0.5397,0.0000,0.5397,1.3437,0.0000,1.3437,1.0233
60.899,0.6181,0.0000,0.6181,1.3147,0.0000,1.3147,1.1071
60.904,0.6534,0.0000,0.6534,1.3025,0.0000,1.3025,1.1071
60.908,0.6857,0.0000,0.6857,1.2919,0.0000,1.2919,1.1071
60.914,0.7302,0.0000,0.7302,1.2780,0.0000,1.2780,1.1907
60.919,0.7654,0.0000,0.7654,1.2674,0.0000,1.2674,1.1907
60.923,0.7974,0.0000,0.7974,1.2582,0.0000,1.2582,1.1907
60.928,0.8319,0.0000,0.8319,1.2486,0.0000,1.2486,1.1907
60.933,0.8661,0.0000,0.8661,1.2394,0.0000,1.2394,1.1907
60.937,0.8993,0.0000,0.8993,1.2308,0.0000,1.2308,1.2691
60.942,0.9354,0.0000,0.9354,1.2218,0.0000,1.2218,1.2691
60.946,0.9660,0.0000,0.9660,1.2143,0.0000,1.2143,1.2691
60.950,0.9964,0.0000,0.9964,1.2069,0.0000,1.2069,1.2691
60.954,1.0281,0.0000,1.0281,1.1994,0.0000,1.1994,1.2889
60.959,1.0644,0.0000,1.0644,1.1908,0.0000,1.1908,1.2889
60.964,1.0991,0.0000,1.0991,1.1827,0.0000,1.1827,1.2889
60.968,1.1307,0.0000,1.1307,1.1754,0.0000,1.1754,1.2889
60.973,1.1635,0.0000,1.1635,1.1680,0.0000,1.1680,1.2889
60.977,1.1944,0.0000,1.1944,1.1610,0.0000,1.1610,1.2954
60.981,1.2282,0.0000,1.2282,1.1534,0.0000,1.1534,1.2954
60.986,1.2584,0.0000,1.2584,1.1467,0.0000,1.1467,1.2954
60.990,1.2918,0.0000,1.2918,1.1394,0.0000,1.1394,1.2954
61.002,1.3797,0.0000,1.3797,1.1216,0.0000,1.1216,1.2986
61.015,1.4689,0.0000,1.4689,1.1046,0.0000,1.1046,1.2977
61.020,1.5026,0.0000,1.5026,1.0985,0.0000,1.0985,1.2977
61.025,1.5314,0.0000,1.5314,1.0934,0.0000,1.0934,1.2977
61.029,1.5575,0.0000,1.5575,1.0890,0.0000,1.0890,1.2977
61.033,1.5837,0.0000,1.5837,1.0846,0.0000,1.0846,1.2977
61.038,1.6135,0.0000,1.6135,1.0798,0.0000,1.0798,1.2928
61.043,1.6444,0.0000,1.6444,1.0750,0.0000,1.0750,1.2928
61.047,1.6694,0.0000,1.6694,1.0711,0.0000,1.0711,1.2928
61.051,1.6945,0.0000,1.6945,1.0674,0.0000,1.0674,1.2928
61.056,1.7239,0.0000,1.7239,1.0631,0.0000,1.0631,1.2835
61.061,1.7515,0.0000,1.7515,1.0592,0.0000,1.0592,1.2835
61.065,1.7753,0.0000,1.7753,1.0557,0.0000,1.0557,1.2835
61.069,1.7988,0.0000,1.7988,1.0522,0.0000,1.0522,1.2835
61.074,1.8231,0.0000,1.8231,1.0485,0.0000,1.0485,1.2738
61.078,1.8485,0.0000,1.8485,1.0447,0.0000,1.0447,1.2738
61.083,1.8715,0.0000,1.8715,1.0412,0.0000,1.0412,1.2738
61.087,1.8926,0.0000,1.8926,1.0379,0.0000,1.0379,1.2738
61.091,1.9134,0.0000,1.9134,1.0346,0.0000,1.0346,1.2738
61.095,1.9339,0.0000,1.9339,1.0313,0.0000,1.0313,1.2677
61.100,1.9553,0.0000,1.9553,1.0279,0.0000,1.0279,1.2677
61.104,1.9757,0.0000,1.9757,1.0247,0.0000,1.0247,1.2677
61.109,1.9962,0.0000,1.9962,1.0217,0.0000,1.0217,1.2677
61.120,2.0440,0.0000,2.0440,1.0151,0.0000,1.0151,1.2579
61.125,2.0638,0.0000,2.0638,1.0125,0.0000,1.0125,1.2579
61.129,2.0810,0.0000,2.0810,1.0102,0.0000,1.0102,1.2579
61.133,2.0967,0.0000,2.0967,1.0082,0.0000,1.0082,1.2579
61.138,2.1126,0.0000,2.1126,1.0061,0.0000,1.0061,1.2425
61.143,2.1307,0.0000,2.1307,1.0038,0.0000,1.0038,1.2425
61.155,2.1706,0.0000,2.1706,0.9993,0.0000,0.9993,1.2287
61.161,2.1896,0.0000,2.1896,0.9971,0.0000,0.9971,1.2287
61.165,2.2018,0.0000,2.2018,0.9958,0.0000,0.9958,1.2287
61.169,2.2138,0.0000,2.2138,0.9942,0.0000,0.9942,1.2287
61.174,2.2257,0.0000,2.2257,0.9927,0.0000,0.9927,1.2103
61.179,2.2378,0.0000,2.2378,0.9909,0.0000,0.9909,1.2103
61.183,2.2477,0.0000,2.2477,0.9895,0.0000,0.9895,1.2103
61.187,2.2575,0.0000,2.2575,0.9880,0.0000,0.9880,1.2103
61.191,2.2676,0.0000,2.2676,0.9862,0.0000,0.9862,1.2103
61.196,2.2766,0.0000,2.2766,0.9845,0.0000,0.9845,1.1863
61.200,2.2858,0.0000,2.2858,0.9828,0.0000,0.9828,1.1863
61.204,2.2941,0.0000,2.2941,0.9812,0.0000,0.9812,1.1863
61.209,2.3020,0.0000,2.3020,0.9798,0.0000,0.9798,1.1863
61.213,2.3091,0.0000,2.3091,0.9786,0.0000,0.9786,1.1863
61.217,2.3162,0.0000,2.3162,0.9772,0.0000,0.9772,1.1568
61.229,2.3328,0.0000,2.3328,0.9743,0.0000,0.9743,1.1568
61.234,2.3389,0.0000,2.3389,0.9732,0.0000,0.9732,1.1219
61.239,2.3444,0.0000,2.3444,0.9722,0.0000,0.9722,1.1219
61.243,2.3485,0.0000,2.3485,0.9714,0.0000,0.9714,1.1219
61.247,2.3522,0.0000,2.3522,0.9708,0.0000,0.9708,1.1219
61.251,2.3555,0.0000,2.3555,0.9700,0.0000,0.9700,1.1219
61.256,2.3589,0.0000,2.3589,0.9693,0.0000,0.9693,1.0813
61.261,2.3617,0.0000,2.3617,0.9687,0.0000,0.9687,1.0813
61.265,2.3639,0.0000,2.3639,0.9681,0.0000,0.9681,1.0813
61.269,2.3657,0.0000,2.3657,0.9674,0.0000,0.9674,1.0813
61.274,2.3672,0.0000,2.3672,0.9667,0.0000,0.9667,1.0328
61.278,2.3684,0.0000,2.3684,0.9658,0.0000,0.9658,1.0328
61.282,2.3692,0.0000,2.3692,0.9650,0.0000,0.9650,1.0328
61.287,2.3696,0.0000,2.3696,0.9642,0.0000,0.9642,1.0328
61.291,2.3696,0.0000,2.3696,0.9633,0.0000,0.9633,1.0328
61.295,2.3693,0.0000,2.3693,0.9621,0.0000,0.9621,0.9031
61.308,2.3661,0.0000,2.3661,0.9599,0.0000,0.9599,0.9031
61.314,2.3635,0.0000,2.3635,0.9588,0.0000,0.9588,0.8498
61.321,2.3602,0.0000,2.3602,0.9576,0.0000,0.9576,0.8498
61.332,2.3523,0.0000,2.3523,0.9562,0.0000,0.9562,0.8498
61.337,2.3484,0.0000,2.3484,0.9557,0.0000,0.9557,0.6699
61.342,2.3440,0.0000,2.3440,0.9552,0.0000,0.9552,0.6699
61.346,2.3399,0.0000,2.3399,0.9548,0.0000,0.9548,0.6699
61.350,2.3357,0.0000,2.3357,0.9544,0.0000,0.9544,0.6699
61.355,2.3311,0.0000,2.3311,0.9538,0.0000,0.9538,0.4641
61.360,2.3256,0.0000,2.3256,0.9534,0.0000,0.9534,0.4641
61.364,2.3206,0.0000,2.3206,0.9530,0.0000,0.9530,0.4641
61.368,2.3153,0.0000,2.3153,0.9526,0.0000,0.9526,0.4641
61.372,2.3096,0.0000,2.3096,0.9520,0.0000,0.9520,0.4641
61.377,2.3036,0.0000,2.3036,0.9512,0.0000,0.9512,0.2672
61.382,2.2964,0.0000,2.2964,0.9503,0.0000,0.9503,0.2672
61.386,2.2902,0.0000,2.2902,0.9496,0.0000,0.9496,0.2672
61.390,2.2834,0.0000,2.2834,0.9488,0.0000,0.9488,0.2672
61.395,2.2764,0.0000,2.2764,0.9479,0.0000,0.9479,0.1727
61.400,2.2686,0.0000,2.2686,0.9470,0.0000,0.9470,0.1727
61.404,2.2611,0.0000,2.2611,0.9463,0.0000,0.9463,0.1727
61.409,2.2532,0.0000,2.2532,0.9454,0.0000,0.9454,0.1727
61.413,2.2458,0.0000,2.2458,0.9447,0.0000,0.9447,0.1727
61.417,2.2383,0.0000,2.2383,0.9443,0.0000,0.9443,0.0805
61.422,2.2290,0.0000,2.2290,0.9436,0.0000,0.9436,0.0805
61.427,2.2203,0.0000,2.2203,0.9431,0.0000,0.9431,0.0805
61.438,2.1968,0.0000,2.1968,0.9416,0.0000,0.9416,-0.0091
61.444,2.1843,0.0000,2.1843,0.9409,0.0000,0.9409,-0.0091
61.449,2.1739,0.0000,2.1739,0.9404,0.0000,0.9404,-0.0091
61.461,2.1462,0.0000,2.1462,0.9391,0.0000,0.9391,-0.1021
61.468,2.1302,0.0000,2.1302,0.9380,0.0000,0.9380,-0.1021
61.472,2.1197,0.0000,2.1197,0.9375,0.0000,0.9375,-0.1021
61.477,2.1100,0.0000,2.1100,0.9367,0.0000,0.9367,-0.1973
61.481,2.0991,0.0000,2.0991,0.9358,0.0000,0.9358,-0.1973
61.485,2.0890,0.0000,2.0890,0.9350,0.0000,0.9350,-0.1973
61.490,2.0782,0.0000,2.0782,0.9339,0.0000,0.9339,-0.1973
61.494,2.0680,0.0000,2.0680,0.9334,0.0000,0.9334,-0.2884
61.499,2.0558,0.0000,2.0558,0.9324,0.0000,0.9324,-0.2884
61.504,2.0429,0.0000,2.0429,0.9316,0.0000,0.9316,-0.2884
61.508,2.0313,0.0000,2.0313,0.9310,0.0000,0.9310,-0.2884
61.513,2.0205,0.0000,2.0205,0.9305,0.0000,0.9305,-0.2884
61.517,2.0098,0.0000,2.0098,0.9301,0.0000,0.9301,-0.3644
61.522,1.9965,0.0000,1.9965,0.9296,0.0000,0.9296,-0.3644
61.526,1.9854,0.0000,1.9854,0.9288,0.0000,0.9288,-0.3644
61.530,1.9741,0.0000,1.9741,0.9280,0.0000,0.9280,-0.3644
61.535,1.9621,0.0000,1.9621,0.9274,0.0000,0.9274,-0.4343
61.540,1.9476,0.0000,1.9476,0.9268,0.0000,0.9268,-0.4343
61.551,1.9163,0.0000,1.9163,0.9249,0.0000,0.9249,-0.4343
61.556,1.9041,0.0000,1.9041,0.9248,0.0000,0.9248,-0.4996
61.560,1.8912,0.0000,1.8912,0.9242,0.0000,0.9242,-0.4996
61.564,1.8794,0.0000,1.8794,0.9233,0.0000,0.9233,-0.4996
61.568,1.8680,0.0000,1.8680,0.9226,0.0000,0.9226,-0.4996
61.573,1.8560,0.0000,1.8560,0.9219,0.0000,0.9219,-0.4996
61.577,1.8442,0.0000,1.8442,0.9208,0.0000,0.9208,-0.5601
61.582,1.8298,0.0000,1.8298,0.9197,0.0000,0.9197,-0.5601
61.586,1.8164,0.0000,1.8164,0.9192,0.0000,0.9192,-0.5601
61.591,1.8039,0.0000,1.8039,0.9187,0.0000,0.9187,-0.5601
61.595,1.7918,0.0000,1.7918,0.9182,0.0000,0.9182,-0.6155
61.600,1.7778,0.0000,1.7778,0.9175,0.0000,0.9175,-0.6155
61.612,1.7407,0.0000,1.7407,0.9156,0.0000,0.9156,-0.6155
61.617,1.7245,0.0000,1.7245,0.9142,0.0000,0.9142,-0.6658
61.622,1.7100,0.0000,1.7100,0.9132,0.0000,0.9132,-0.6658
61.627,1.6967,0.0000,1.6967,0.9123,0.0000,0.9123,-0.6658
61.631,1.6826,0.0000,1.6826,0.9114,0.0000,0.9114,-0.6658
61.636,1.6685,0.0000,1.6685,0.9107,0.0000,0.9107,-0.7107
61.642,1.6522,0.0000,1.6522,0.9099,0.0000,0.9099,-0.7107
61.646,1.6388,0.0000,1.6388,0.9094,0.0000,0.9094,-0.7107
61.651,1.6244,0.0000,1.6244,0.9090,0.0000,0.9090,-0.7107
61.663,1.5876,0.0000,1.5876,0.9068,0.0000,0.9068,-0.7680
61.668,1.5724,0.0000,1.5724,0.9060,0.0000,0.9060,-0.7680
61.673,1.5563,0.0000,1.5563,0.9052,0.0000,0.9052,-0.7680
61.678,1.5421,0.0000,1.5421,0.9041,0.0000,0.9041,-0.8203
61.683,1.5264,0.0000,1.5264,0.9036,0.0000,0.9036,-0.8203
61.687,1.5119,0.0000,1.5119,0.9026,0.0000,0.9026,-0.8203
61.692,1.4980,0.0000,1.4980,0.9017,0.0000,0.9017,-0.8203
61.697,1.4839,0.0000,1.4839,0.9009,0.0000,0.9009,-0.8759
61.702,1.4679,0.0000,1.4679,0.9001,0.0000,0.9001,-0.8759
61.707,1.4519,0.0000,1.4519,0.8993,0.0000,0.8993,-0.8759
61.712,1.4378,0.0000,1.4378,0.8988,0.0000,0.8988,-0.8759
61.716,1.4238,0.0000,1.4238,0.8983,0.0000,0.8983,-0.9251
61.722,1.4069,0.0000,1.4069,0.8978,0.0000,0.8978,-0.9251
61.726,1.3930,0.0000,1.3930,0.8968,0.0000,0.8968,-0.9251
61.731,1.3788,0.0000,1.3788,0.8965,0.0000,0.8965,-0.9251
61.736,1.3640,0.0000,1.3640,0.8956,0.0000,0.8956,-0.9663
61.741,1.3474,0.0000,1.3474,0.8947,0.0000,0.8947,-0.9663
61.746,1.3332,0.0000,1.3332,0.8940,0.0000,0.8940,-0.9663
61.750,1.3189,0.0000,1.3189,0.8934,0.0000,0.8934,-0.9663
61.763,1.2781,0.0000,1.2781,0.8920,0.0000,0.8920,-0.9991
61.777,1.2357,0.0000,1.2357,0.8911,0.0000,0.8911,-1.0235
61.782,1.2205,0.0000,1.2205,0.8901,0.0000,0.8901,-1.0235
61.786,1.2070,0.0000,1.2070,0.8899,0.0000,0.8899,-1.0235
61.791,1.1932,0.0000,1.1932,0.8891,0.0000,0.8891,-1.0235
61.795,1.1801,0.0000,1.1801,0.8891,0.0000,0.8891,-1.0399
61.800,1.1654,0.0000,1.1654,0.8883,0.0000,0.8883,-1.0399
61.804,1.1521,0.0000,1.1521,0.8883,0.0000,0.8883,-1.0399
61.808,1.1392,0.0000,1.1392,0.8878,0.0000,0.8878,-1.0399
61.813,1.1266,0.0000,1.1266,0.8872,0.0000,0.8872,-1.0399
61.817,1.1131,0.0000,1.1131,0.8867,0.0000,0.8867,-1.0485
61.822,1.0983,0.0000,1.0983,0.8862,0.0000,0.8862,-1.0485
61.826,1.0857,0.0000,1.0857,0.8858,0.0000,0.8858,-1.0485
61.830,1.0726,0.0000,1.0726,0.8848,0.0000,0.8848,-1.0485
61.835,1.0596,0.0000,1.0596,0.8845,0.0000,0.8845,-1.0695
61.840,1.0445,0.0000,1.0445,0.8842,0.0000,0.8842,-1.0695
61.844,1.0318,0.0000,1.0318,0.8833,0.0000,0.8833,-1.0695
61.848,1.0181,0.0000,1.0181,0.8831,0.0000,0.8831,-1.0695
61.852,1.0056,0.0000,1.0056,0.8830,0.0000,0.8830,-1.0695
61.857,0.9923,0.0000,0.9923,0.8822,0.0000,0.8822,-1.0840
61.862,0.9769,0.0000,0.9769,0.8813,0.0000,0.8813,-1.0840
61.866,0.9642,0.0000,0.9642,0.8813,0.0000,0.8813,-1.0840
61.871,0.9501,0.0000,0.9501,0.8806,0.0000,0.8806,-1.0840
61.882,0.9157,0.0000,0.9157,0.8790,0.0000,0.8790,-1.0895
61.887,0.9000,0.0000,0.9000,0.8784,0.0000,0.8784,-1.0895
61.891,0.8867,0.0000,0.8867,0.8785,0.0000,0.8785,-1.0895
61.896,0.8741,0.0000,0.8741,0.8781,0.0000,0.8781,-1.0982
61.900,0.8605,0.0000,0.8605,0.8776,0.0000,0.8776,-1.0982
61.905,0.8473,0.0000,0.8473,0.8779,0.0000,0.8779,-1.0982
61.916,0.8110,0.0000,0.8110,0.8768,0.0000,0.8768,-1.0994
61.923,0.7917,0.0000,0.7917,0.8763,0.0000,0.8763,-1.0994
61.927,0.7782,0.0000,0.7782,0.8760,0.0000,0.8760,-1.0994
61.931,0.7655,0.0000,0.7655,0.8757,0.0000,0.8757,-1.0994
61.935,0.7532,0.0000,0.7532,0.8748,0.0000,0.8748,-1.0914
61.940,0.7380,0.0000,0.7380,0.8745,0.0000,0.8745,-1.0914
61.945,0.7257,0.0000,0.7257,0.8743,0.0000,0.8743,-1.0914
61.949,0.7135,0.0000,0.7135,0.8735,0.0000,0.8735,-1.0914
61.953,0.7012,0.0000,0.7012,0.8733,0.0000,0.8733,-1.0914
61.958,0.6860,0.0000,0.6860,0.8739,0.0000,0.8739,-1.0745
61.963,0.6706,0.0000,0.6706,0.8738,0.0000,0.8738,-1.0745
61.967,0.6581,0.0000,0.6581,0.8736,0.0000,0.8736,-1.0745
61.971,0.6449,0.0000,0.6449,0.8735,0.0000,0.8735,-1.0745
61.976,0.6310,0.0000,0.6310,0.8734,0.0000,0.8734,-1.0486
61.987,0.5959,0.0000,0.5959,0.8731,0.0000,0.8731,-1.0486
61.992,0.5824,0.0000,0.5824,0.8730,0.0000,0.8730,-1.0486
61.996,0.5694,0.0000,0.5694,0.8729,0.0000,0.8729,-1.0138
62.001,0.5539,0.0000,0.5539,0.8728,0.0000,0.8728,-1.0138
62.006,0.5383,0.0000,0.5383,0.8727,0.0000,0.8727,-1.0138
62.010,0.5253,0.0000,0.5253,0.8727,0.0000,0.8727,-1.0138
62.015,0.5125,0.0000,0.5125,0.8726,0.0000,0.8726,-0.9814
62.019,0.4978,0.0000,0.4978,0.8725,0.0000,0.8725,-0.9814
62.024,0.4836,0.0000,0.4836,0.8724,0.0000,0.8724,-0.9814
62.028,0.4703,0.0000,0.4703,0.8724,0.0000,0.8724,-0.9814
62.033,0.4570,0.0000,0.4570,0.8720,0.0000,0.8720,-0.9814
62.037,0.4424,0.0000,0.4424,0.8723,0.0000,0.8723,-0.9421
62.042,0.4268,0.0000,0.4268,0.8726,0.0000,0.8726,-0.9421
62.046,0.4139,0.0000,0.4139,0.8728,0.0000,0.8728,-0.9421
62.059,0.3743,0.0000,0.3743,0.8735,0.0000,0.8735,-0.8942
62.065,0.3538,0.0000,0.3538,0.8748,0.0000,0.8748,-0.8942
62.079,0.3096,0.0000,0.3096,0.8773,0.0000,0.8773,-0.8572
62.091,0.2685,0.0000,0.2685,0.8774,0.0000,0.8774,-0.8572
62.096,0.2541,0.0000,0.2541,0.8775,0.0000,0.8775,-0.8145
62.101,0.2388,0.0000,0.2388,0.8782,0.0000,0.8782,-0.8145
62.105,0.2243,0.0000,0.2243,0.8789,0.0000,0.8789,-0.8145
62.110,0.2100,0.0000,0.2100,0.8795,0.0000,0.8795,-0.8145
62.114,0.1962,0.0000,0.1962,0.8794,0.0000,0.8794,-0.7634
62.118,0.1810,0.0000,0.1810,0.8800,0.0000,0.8800,-0.7634
62.123,0.1663,0.0000,0.1663,0.8798,0.0000,0.8798,-0.7634
62.127,0.1520,0.0000,0.1520,0.8803,0.0000,0.8803,-0.7634
62.131,0.1382,0.0000,0.1382,0.8801,0.0000,0.8801,-0.7634
62.136,0.1239,0.0000,0.1239,0.8806,0.0000,0.8806,-0.7049
62.141,0.1066,0.0000,0.1066,0.8807,0.0000,0.8807,-0.7049
62.145,0.0918,0.0000,0.0918,0.8811,0.0000,0.8811,-0.7049
62.149,0.0777,0.0000,0.0777,0.8817,0.0000,0.8817,-0.7049
62.154,0.0603,0.0000,0.0603,0.8824,0.0000,0.8824,-0.6391
62.159,0.0424,0.0000,0.0424,0.8838,0.0000,0.8838,-0.6391
62.163,0.0279,0.0000,0.0279,0.8843,0.0000,0.8843,-0.6391
62.167,0.0134,0.0000,0.0134,0.8854,0.0000,0.8854,-0.6391
62.172,-0.0026,0.0000,-0.0026,0.8858,0.0000,0.8858,-0.6391
62.176,-0.0177,0.0000,-0.0177,0.8868,0.0000,0.8868,-0.5663
62.181,-0.0345,0.0000,-0.0345,0.8878,0.0000,0.8878,-0.5663
62.185,-0.0504,0.0000,-0.0504,0.8886,0.0000,0.8886,-0.5663
62.197,-0.0945,0.0000,-0.0945,0.8907,0.0000,0.8907,-0.4872
62.202,-0.1142,0.0000,-0.1142,0.8915,0.0000,0.8915,-0.4872
62.206,-0.1315,0.0000,-0.1315,0.8921,0.0000,0.8921,-0.4872
62.210,-0.1473,0.0000,-0.1473,0.8926,0.0000,0.8926,-0.4872
62.215,-0.1637,0.0000,-0.1637,0.8934,0.0000,0.8934,-0.3973
62.220,-0.1865,0.0000,-0.1865,0.8952,0.0000,0.8952,-0.3973
62.232,-0.2347,0.0000,-0.2347,0.8982,0.0000,0.8982,-0.3973
62.239,-0.2597,0.0000,-0.2597,0.8988,0.0000,0.8988,-0.3014
62.243,-0.2788,0.0000,-0.2788,0.8992,0.0000,0.8992,-0.3014
62.247,-0.2959,0.0000,-0.2959,0.9000,0.0000,0.9000,-0.3014
62.251,-0.3132,0.0000,-0.3132,0.9007,0.0000,0.9007,-0.3014
62.256,-0.3323,0.0000,-0.3323,0.9020,0.0000,0.9020,-0.2015
62.261,-0.3525,0.0000,-0.3525,0.9033,0.0000,0.9033,-0.2015
62.265,-0.3706,0.0000,-0.3706,0.9041,0.0000,0.9041,-0.2015
62.269,-0.3908,0.0000,-0.3908,0.9048,0.0000,0.9048,-0.2015
62.274,-0.4129,0.0000,-0.4129,0.9062,0.0000,0.9062,-0.1207
62.279,-0.4354,0.0000,-0.4354,0.9074,0.0000,0.9074,-0.1207
62.284,-0.4568,0.0000,-0.4568,0.9085,0.0000,0.9085,-0.1207
62.290,-0.4851,0.0000,-0.4851,0.9096,0.0000,0.9096,-0.1207
62.295,-0.5101,0.0000,-0.5101,0.9105,0.0000,0.9105,-0.0405
62.308,-0.5734,0.0000,-0.5734,0.9128,0.0000,0.9128,-0.0405
62.313,-0.5971,0.0000,-0.5971,0.9140,0.0000,0.9140,-0.0405
62.318,-0.6240,0.0000,-0.6240,0.9152,0.0000,0.9152,0.0428
62.324,-0.6534,0.0000,-0.6534,0.9160,0.0000,0.9160,0.0428
62.328,-0.6786,0.0000,-0.6786,0.9172,0.0000,0.9172,0.0428
62.334,-0.7082,0.0000,-0.7082,0.9189,0.0000,0.9189,0.1287
62.340,-0.7409,0.0000,-0.7409,0.9209,0.0000,0.9209,0.1287
62.345,-0.7694,0.0000,-0.7694,0.9224,0.0000,0.9224,0.1287
62.350,-0.7984,0.0000,-0.7984,0.9239,0.0000,0.9239,0.1287
62.355,-0.8295,0.0000,-0.8295,0.9257,0.0000,0.9257,0.2165
62.361,-0.8655,0.0000,-0.8655,0.9277,0.0000,0.9277,0.2165
62.368,-0.9058,0.0000,-0.9058,0.9296,0.0000,0.9296,0.2165
62.373,-0.9404,0.0000,-0.9404,0.9309,0.0000,0.9309,0.2165
62.392,-1.0679,0.0000,-1.0679,0.9359,0.0000,0.9359,0.3055
62.400,-1.1228,0.0000,-1.1228,0.9369,0.0000,0.9369,0.4070
62.408,-1.1760,0.0000,-1.1760,0.9389,0.0000,0.9389,0.4070
62.425,-1.3032,0.0000,-1.3032,0.9440,0.0000,0.9440,0.5111
62.433,-1.3692,0.0000,-1.3692,0.9465,0.0000,0.9465,0.5111
62.439,-1.4176,0.0000,-1.4176,0.9481,0.0000,0.9481,0.6139
62.446,-1.4748,0.0000,-1.4748,0.9500,0.0000,0.9500,0.6139
62.452,-1.5247,0.0000,-1.5247,0.9512,0.0000,0.9512,0.6139
62.460,-1.5953,0.0000,-1.5953,0.9528,0.0000,0.9528,0.7034
62.467,-1.6568,0.0000,-1.6568,0.9536,0.0000,0.9536,0.7034
62.472,-1.7004,0.0000,-1.7004,0.9544,0.0000,0.9544,0.7034
62.477,-1.7406,0.0000,-1.7406,0.9548,0.0000,0.9548,0.7881
62.483,-1.7866,0.0000,-1.7866,0.9550,0.0000,0.9550,0.7881
62.489,-1.8333,0.0000,-1.8333,0.9552,0.0000,0.9552,0.7881
62.494,-1.8711,0.0000,-1.8711,0.9553,0.0000,0.9553,0.8699
62.500,-1.9107,0.0000,-1.9107,0.9557,0.0000,0.9557,0.8699
62.505,-1.9491,0.0000,-1.9491,0.9564,0.0000,0.9564,0.8699
62.512,-1.9917,0.0000,-1.9917,0.9574,0.0000,0.9574,0.8699
62.524,-2.0687,0.0000,-2.0687,0.9592,0.0000,0.9592,0.9482
62.538,-2.1538,0.0000,-2.1538,0.9603,0.0000,0.9603,1.0220
62.548,-2.2066,0.0000,-2.2066,0.9605,0.0000,0.9605,1.0220
62.552,-2.2313,0.0000,-2.2313,0.9605,0.0000,0.9605,1.0220
62.557,-2.2537,0.0000,-2.2537,0.9604,0.0000,0.9604,1.0904
62.562,-2.2761,0.0000,-2.2761,0.9604,0.0000,0.9604,1.0904
62.566,-2.2961,0.0000,-2.2961,0.9601,0.0000,0.9601,1.0904
62.570,-2.3167,0.0000,-2.3167,0.9599,0.0000,0.9599,1.0904
62.575,-2.3358,0.0000,-2.3358,0.9597,0.0000,0.9597,1.1655
62.579,-2.3556,0.0000,-2.3556,0.9596,0.0000,0.9596,1.1655
62.584,-2.3747,0.0000,-2.3747,0.9593,0.0000,0.9593,1.1655
62.588,-2.3936,0.0000,-2.3936,0.9592,0.0000,0.9592,1.1655
62.593,-2.4105,0.0000,-2.4105,0.9593,0.0000,0.9593,1.1655
62.597,-2.4268,0.0000,-2.4268,0.9595,0.0000,0.9595,1.2364
62.602,-2.4447,0.0000,-2.4447,0.9599,0.0000,0.9599,1.2364
62.606,-2.4609,0.0000,-2.4609,0.9603,0.0000,0.9603,1.2364
62.610,-2.4756,0.0000,-2.4756,0.9607,0.0000,0.9607,1.2364
62.615,-2.4933,0.0000,-2.4933,0.9610,0.0000,0.9610,1.2995
62.627,-2.5351,0.0000,-2.5351,0.9613,0.0000,0.9613,1.2995
62.632,-2.5503,0.0000,-2.5503,0.9614,0.0000,0.9614,1.2995
62.637,-2.5655,0.0000,-2.5655,0.9614,0.0000,0.9614,1.3604
62.643,-2.5838,0.0000,-2.5838,0.9612,0.0000,0.9612,1.3604
62.649,-2.5983,0.0000,-2.5983,0.9610,0.0000,0.9610,1.3604
62.653,-2.6119,0.0000,-2.6119,0.9607,0.0000,0.9607,1.3604
62.659,-2.6259,0.0000,-2.6259,0.9605,0.0000,0.9605,1.4138
62.664,-2.6408,0.0000,-2.6408,0.9600,0.0000,0.9600,1.4138
62.670,-2.6536,0.0000,-2.6536,0.9594,0.0000,0.9594,1.4138
62.676,-2.6681,0.0000,-2.6681,0.9591,0.0000,0.9591,1.4585
62.691,-2.7042,0.0000,-2.7042,0.9597,0.0000,0.9597,1.4585
62.697,-2.7180,0.0000,-2.7180,0.9602,0.0000,0.9602,1.4941
62.703,-2.7303,0.0000,-2.7303,0.9607,0.0000,0.9607,1.4941
62.709,-2.7404,0.0000,-2.7404,0.9611,0.0000,0.9611,1.4941
62.714,-2.7500,0.0000,-2.7500,0.9616,0.0000,0.9616,1.5204
62.719,-2.7607,0.0000,-2.7607,0.9618,0.0000,0.9618,1.5204
62.726,-2.7719,0.0000,-2.7719,0.9619,0.0000,0.9619,1.5204
62.738,-2.7934,0.0000,-2.7934,0.9616,0.0000,0.9616,1.5369
62.744,-2.8026,0.0000,-2.8026,0.9612,0.0000,0.9612,1.5369
62.749,-2.8106,0.0000,-2.8106,0.9609,0.0000,0.9609,1.5369
62.755,-2.8185,0.0000,-2.8185,0.9604,0.0000,0.9604,1.5436
62.760,-2.8262,0.0000,-2.8262,0.9599,0.0000,0.9599,1.5436
62.765,-2.8326,0.0000,-2.8326,0.9594,0.0000,0.9594,1.5436
62.770,-2.8395,0.0000,-2.8395,0.9589,0.0000,0.9589,1.5436
62.775,-2.8459,0.0000,-2.8459,0.9587,0.0000,0.9587,1.5432
62.779,-2.8522,0.0000,-2.8522,0.9587,0.0000,0.9587,1.5432
62.784,-2.8579,0.0000,-2.8579,0.9588,0.0000,0.9588,1.5432
62.790,-2.8650,0.0000,-2.8650,0.9591,0.0000,0.9591,1.5432
62.795,-2.8702,0.0000,-2.8702,0.9594,0.0000,0.9594,1.4415
62.800,-2.8760,0.0000,-2.8760,0.9599,0.0000,0.9599,1.4415
62.805,-2.8814,0.0000,-2.8814,0.9605,0.0000,0.9605,1.4415
62.809,-2.8861,0.0000,-2.8861,0.9610,0.0000,0.9610,1.4415
62.813,-2.8907,0.0000,-2.8907,0.9613,0.0000,0.9613,1.4415
62.818,-2.8950,0.0000,-2.8950,0.9616,0.0000,0.9616,1.3505
62.823,-2.9000,0.0000,-2.9000,0.9619,0.0000,0.9619,1.3505
62.827,-2.9044,0.0000,-2.9044,0.9620,0.0000,0.9620,1.3505
62.840,-2.9155,0.0000,-2.9155,0.9615,0.0000,0.9615,1.2601
62.852,-2.9263,0.0000,-2.9263,0.9603,0.0000,0.9603,1.2601
62.857,-2.9298,0.0000,-2.9298,0.9598,0.0000,0.9598,1.0778
62.861,-2.9335,0.0000,-2.9335,0.9592,0.0000,0.9592,1.0778
62.866,-2.9367,0.0000,-2.9367,0.9586,0.0000,0.9586,1.0778
62.870,-2.9398,0.0000,-2.9398,0.9582,0.0000,0.9582,1.0778
62.874,-2.9255,0.0000,-2.9255,0.9579,0.0000,0.9579,1.0736
62.879,-2.8717,0.0000,-2.8717,0.9580,0.0000,0.9580,1.0736
62.884,-2.8278,0.0000,-2.8278,0.9583,0.0000,0.9583,1.0736
62.888,-2.7850,0.0000,-2.7850,0.9590,0.0000,0.9590,1.0736
62.892,-2.7407,0.0000,-2.7407,0.9600,0.0000,0.9600,1.0736
62.896,-2.6979,0.0000,-2.6979,0.9612,0.0000,0.9612,0.8890
62.901,-2.6510,0.0000,-2.6510,0.9629,0.0000,0.9629,0.8890
62.906,-2.6052,0.0000,-2.6052,0.9649,0.0000,0.9649,0.8890
62.910,-2.5620,0.0000,-2.5620,0.9670,0.0000,0.9670,0.8890
62.914,-2.5219,0.0000,-2.5219,0.9692,0.0000,0.9692,0.8804
62.919,-2.4772,0.0000,-2.4772,0.9718,0.0000,0.9718,0.8804
62.923,-2.4333,0.0000,-2.4333,0.9745,0.0000,0.9745,0.8804
62.928,-2.3924,0.0000,-2.3924,0.9770,0.0000,0.9770,0.8804
62.932,-2.3547,0.0000,-2.3547,0.9795,0.0000,0.9795,0.8804
62.936,-2.3163,0.0000,-2.3163,0.9822,0.0000,0.9822,0.7838
62.941,-2.2701,0.0000,-2.2701,0.9856,0.0000,0.9856,0.7838
62.946,-2.2308,0.0000,-2.2308,0.9886,0.0000,0.9886,0.7838
62.956,-2.1356,0.0000,-2.1356,0.9969,0.0000,0.9969,0.6765
62.961,-2.0946,0.0000,-2.0946,1.0006,0.0000,1.0006,0.6765
62.965,-2.0586,0.0000,-2.0586,1.0040,0.0000,1.0040,0.6765
62.972,-2.0015,0.0000,-2.0015,1.0106,0.0000,1.0106,0.6765
62.977,-1.9664,0.0000,-1.9664,1.0151,0.0000,1.0151,0.6432
62.982,-1.9275,0.0000,-1.9275,1.0206,0.0000,1.0206,0.6432
62.994,-1.8285,0.0000,-1.8285,1.0390,0.0000,1.0390,0.4580
63.000,-1.7848,0.0000,-1.7848,1.0478,0.0000,1.0478,0.4580
63.004,-1.7508,0.0000,-1.7508,1.0553,0.0000,1.0553,0.4580
63.009,-1.7183,0.0000,-1.7183,1.0630,0.0000,1.0630,0.4580
63.013,-1.6873,0.0000,-1.6873,1.0708,0.0000,1.0708,0.4580
63.017,-1.6574,0.0000,-1.6574,1.0786,0.0000,1.0786,0.4372
63.022,-1.6229,0.0000,-1.6229,1.0880,0.0000,1.0880,0.4372
63.027,-1.5928,0.0000,-1.5928,1.0964,0.0000,1.0964,0.4372
63.031,-1.5634,0.0000,-1.5634,1.1049,0.0000,1.1049,0.4372
63.035,-1.5348,0.0000,-1.5348,1.1135,0.0000,1.1135,0.4131
63.040,-1.5025,0.0000,-1.5025,1.1235,0.0000,1.1235,0.4131
63.044,-1.4756,0.0000,-1.4756,1.1320,0.0000,1.1320,0.4131
63.049,-1.4465,0.0000,-1.4465,1.1417,0.0000,1.1417,0.4131
63.053,-1.4199,0.0000,-1.4199,1.1508,0.0000,1.1508,0.4131
63.058,-1.3910,0.0000,-1.3910,1.1610,0.0000,1.1610,0.3831
63.069,-1.3220,0.0000,-1.3220,1.1905,0.0000,1.1905,0.3831
63.074,-1.2925,0.0000,-1.2925,1.2041,0.0000,1.2041,0.3590
63.079,-1.2621,0.0000,-1.2621,1.2195,0.0000,1.2195,0.3590
63.084,-1.2385,0.0000,-1.2385,1.2323,0.0000,1.2323,0.3590
63.088,-1.2150,0.0000,-1.2150,1.2459,0.0000,1.2459,0.3590
63.092,-1.1914,0.0000,-1.1914,1.2605,0.0000,1.2605,0.3590
63.097,-1.1676,0.0000,-1.1676,1.2762,0.0000,1.2762,0.3362
63.101,-1.1425,0.0000,-1.1425,1.2940,0.0000,1.2940,0.3362
63.106,-1.1196,0.0000,-1.1196,1.3113,0.0000,1.3113,0.3362
63.110,-1.0981,0.0000,-1.0981,1.3284,0.0000,1.3284,0.3362
63.114,-1.0777,0.0000,-1.0777,1.3452,0.0000,1.3452,0.3082
63.119,-1.0548,0.0000,-1.0548,1.3646,0.0000,1.3646,0.3082
63.123,-1.0341,0.0000,-1.0341,1.3828,0.0000,1.3828,0.3082
63.128,-1.0140,0.0000,-1.0140,1.4011,0.0000,1.4011,0.3082
63.132,-0.9941,0.0000,-0.9941,1.4198,0.0000,1.4198,0.3082
63.144,-0.9376,0.0000,-0.9376,1.4788,0.0000,1.4788,0.2598
63.151,-0.9074,0.0000,-0.9074,1.5032,0.0000,1.5032,0.2598
63.156,-0.8853,0.0000,-0.8853,1.5160,0.0000,1.5160,0.2047
63.162,-0.8631,0.0000,-0.8631,1.5235,0.0000,1.5235,0.2047
63.166,-0.8464,0.0000,-0.8464,1.5260,0.0000,1.5260,0.2047
63.171,-0.8272,0.0000,-0.8272,1.5246,0.0000,1.5246,0.2047
63.182,-0.7838,0.0000,-0.7838,1.4985,0.0000,1.4985,0.1470
63.188,-0.7597,0.0000,-0.7597,1.4763,0.0000,1.4763,0.1470
63.193,-0.7425,0.0000,-0.7425,1.4563,0.0000,1.4563,0.1470
63.197,-0.7279,0.0000,-0.7279,1.4385,0.0000,1.4385,0.0900
63.202,-0.7103,0.0000,-0.7103,1.4179,0.0000,1.4179,0.0900
63.207,-0.6942,0.0000,-0.6942,1.4000,0.0000,1.4000,0.0900
63.212,-0.6784,0.0000,-0.6784,1.3832,0.0000,1.3832,0.0900
63.216,-0.6649,0.0000,-0.6649,1.3695,0.0000,1.3695,0.0316
63.221,-0.6487,0.0000,-0.6487,1.3542,0.0000,1.3542,0.0316
63.225,-0.6356,0.0000,-0.6356,1.3425,0.0000,1.3425,0.0316
63.229,-0.6231,0.0000,-0.6231,1.3321,0.0000,1.3321,0.0316
63.234,-0.6106,0.0000,-0.6106,1.3223,0.0000,1.3223,-0.0282
63.239,-0.5956,0.0000,-0.5956,1.3115,0.0000,1.3115,-0.0282
63.243,-0.5836,0.0000,-0.5836,1.3036,0.0000,1.3036,-0.0282
63.247,-0.5722,0.0000,-0.5722,1.2967,0.0000,1.2967,-0.0282
63.251,-0.5604,0.0000,-0.5604,1.2904,0.0000,1.2904,-0.0282
63.255,-0.5485,0.0000,-0.5485,1.2848,0.0000,1.2848,-0.0887
63.260,-0.5360,0.0000,-0.5360,1.2800,0.0000,1.2800,-0.0887
63.264,-0.5251,0.0000,-0.5251,1.2764,0.0000,1.2764,-0.0887
63.268,-0.5144,0.0000,-0.5144,1.2736,0.0000,1.2736,-0.0887
63.273,-0.5025,0.0000,-0.5025,1.2715,0.0000,1.2715,-0.0887
63.284,-0.4758,0.0000,-0.4758,1.2719,0.0000,1.2719,-0.1494
63.296,-0.4465,0.0000,-0.4465,1.2796,0.0000,1.2796,-0.2097
63.302,-0.4331,0.0000,-0.4331,1.2847,0.0000,1.2847,-0.2097
63.307,-0.4236,0.0000,-0.4236,1.2893,0.0000,1.2893,-0.2097
63.311,-0.4147,0.0000,-0.4147,1.2944,0.0000,1.2944,-0.2097
63.315,-0.4063,0.0000,-0.4063,1.3002,0.0000,1.3002,-0.2695
63.320,-0.3968,0.0000,-0.3968,1.3079,0.0000,1.3079,-0.2695
63.324,-0.3882,0.0000,-0.3882,1.3158,0.0000,1.3158,-0.2695
63.329,-0.3794,0.0000,-0.3794,1.3249,0.0000,1.3249,-0.2695
63.333,-0.3704,0.0000,-0.3704,1.3352,0.0000,1.3352,-0.2695
63.338,-0.3612,0.0000,-0.3612,1.3472,0.0000,1.3472,-0.3343
63.344,-0.3515,0.0000,-0.3515,1.3615,0.0000,1.3615,-0.3343
63.348,-0.3442,0.0000,-0.3442,1.3732,0.0000,1.3732,-0.3343
63.352,-0.3370,0.0000,-0.3370,1.3858,0.0000,1.3858,-0.3343
63.357,-0.3290,0.0000,-0.3290,1.4009,0.0000,1.4009,-0.3976
63.362,-0.3201,0.0000,-0.3201,1.4192,0.0000,1.4192,-0.3976
63.375,-0.2983,0.0000,-0.2983,1.4756,0.0000,1.4756,-0.4700
63.383,-0.2871,0.0000,-0.2871,1.5077,0.0000,1.5077,-0.4700
63.395,-0.2681,0.0000,-0.2681,1.5732,0.0000,1.5732,-0.5402
63.402,-0.2596,0.0000,-0.2596,1.6050,0.0000,1.6050,-0.5402
63.407,-0.2523,0.0000,-0.2523,1.6344,0.0000,1.6344,-0.5402
63.412,-0.2462,0.0000,-0.2462,1.6602,0.0000,1.6602,-0.5402
63.416,-0.2404,0.0000,-0.2404,1.6864,0.0000,1.6864,-0.6060
63.422,-0.2340,0.0000,-0.2340,1.7172,0.0000,1.7172,-0.6060
63.426,-0.2287,0.0000,-0.2287,1.7441,0.0000,1.7441,-0.6060
63.430,-0.2238,0.0000,-0.2238,1.7703,0.0000,1.7703,-0.6060
63.435,-0.2183,0.0000,-0.2183,1.8010,0.0000,1.8010,-0.6673
63.447,-0.2044,0.0000,-0.2044,1.8912,0.0000,1.8912,-0.6673
63.453,-0.1981,0.0000,-0.1981,1.9346,0.0000,1.9346,-0.6673
63.457,-0.1936,0.0000,-0.1936,1.9672,0.0000,1.9672,-0.7170
63.462,-0.1889,0.0000,-0.1889,2.0024,0.0000,2.0024,-0.7170
63.466,-0.1846,0.0000,-0.1846,2.0366,0.0000,2.0366,-0.7170
63.471,-0.1804,0.0000,-0.1804,2.0716,0.0000,2.0716,-0.7170
63.475,-0.1764,0.0000,-0.1764,2.1064,0.0000,2.1064,-0.7614
63.480,-0.1719,0.0000,-0.1719,2.1475,0.0000,2.1475,-0.7614
63.485,-0.1677,0.0000,-0.1677,2.1874,0.0000,2.1874,-0.7614
63.496,-0.1579,0.0000,-0.1579,2.2910,0.0000,2.2910,-0.8013
63.500,-0.1539,0.0000,-0.1539,2.3354,0.0000,2.3354,-0.8013
63.505,-0.1503,0.0000,-0.1503,2.3768,0.0000,2.3768,-0.8013
63.509,-0.1470,0.0000,-0.1470,2.4170,0.0000,2.4170,-0.8013
63.513,-0.1436,0.0000,-0.1436,2.4587,0.0000,2.4587,-0.8013
63.517,-0.1405,0.0000,-0.1405,2.4994,0.0000,2.4994,-0.8240
63.522,-0.1369,0.0000,-0.1369,2.5478,0.0000,2.5478,-0.8240
63.526,-0.1339,0.0000,-0.1339,2.5911,0.0000,2.5911,-0.8240
63.531,-0.1309,0.0000,-0.1309,2.6337,0.0000,2.6337,-0.8240
63.535,-0.1280,0.0000,-0.1280,2.6772,0.0000,2.6772,-0.8411
63.540,-0.1248,0.0000,-0.1248,2.7281,0.0000,2.7281,-0.8411
63.544,-0.1220,0.0000,-0.1220,2.7732,0.0000,2.7732,-0.8411
63.548,-0.1193,0.0000,-0.1193,2.8186,0.0000,2.8186,-0.8411
63.552,-0.1167,0.0000,-0.1167,2.8636,0.0000,2.8636,-0.8411
63.556,-0.1140,0.0000,-0.1140,2.9127,0.0000,2.9127,-0.8548
63.562,-0.1107,0.0000,-0.1107,2.9747,0.0000,2.9747,-0.8548
63.566,-0.1080,0.0000,-0.1080,3.0273,0.0000,3.0273,-0.8548
63.571,-0.1053,0.0000,-0.1053,3.0799,0.0000,3.0799,-0.8548
63.575,-0.1028,0.0000,-0.1028,3.1314,0.0000,3.1314,-0.8791
63.580,-0.1002,0.0000,-0.1002,3.1881,0.0000,3.1881,-0.8791
63.584,-0.0980,0.0000,-0.0980,3.2367,0.0000,3.2367,-0.8791
63.589,-0.0953,0.0000,-0.0953,3.2979,0.0000,3.2979,-0.8791
63.602,-0.0889,0.0000,-0.0889,3.4570,0.0000,3.4570,-0.9006
63.608,-0.0859,0.0000,-0.0859,3.5329,0.0000,3.5329,-0.9006
63.612,-0.0839,0.0000,-0.0839,3.5853,0.0000,3.5853,-0.9006
63.616,-0.0821,0.0000,-0.0821,3.6344,0.0000,3.6344,-0.9173
63.621,-0.0800,0.0000,-0.0800,3.6930,0.0000,3.6930,-0.9173
63.625,-0.0781,0.0000,-0.0781,3.7454,0.0000,3.7454,-0.9173
63.630,-0.0764,0.0000,-0.0764,3.7963,0.0000,3.7963,-0.9173
63.634,-0.0747,0.0000,-0.0747,3.8470,0.0000,3.8470,-0.9292
63.639,-0.0727,0.0000,-0.0727,3.9074,0.0000,3.9074,-0.9292
63.643,-0.0710,0.0000,-0.0710,3.9602,0.0000,3.9602,-0.9292
63.647,-0.0694,0.0000,-0.0694,4.0094,0.0000,4.0094,-0.9292
63.651,-0.0679,0.0000,-0.0679,4.0596,0.0000,4.0596,-0.9292
63.655,-0.0663,0.0000,-0.0663,4.1109,0.0000,4.1109,-0.9358
63.660,-0.0646,0.0000,-0.0646,4.1681,0.0000,4.1681,-0.9358
63.664,-0.0631,0.0000,-0.0631,4.2162,0.0000,4.2162,-0.9358
63.669,-0.0616,0.0000,-0.0616,4.2691,0.0000,4.2691,-0.9358
63.673,-0.0601,0.0000,-0.0601,4.3215,0.0000,4.3215,-0.9358
63.677,-0.0587,0.0000,-0.0587,4.3704,0.0000,4.3704,-0.9368
63.682,-0.0573,0.0000,-0.0573,4.4212,0.0000,4.4212,-0.9368
63.686,-0.0559,0.0000,-0.0559,4.4685,0.0000,4.4685,-0.9368
63.691,-0.0545,0.0000,-0.0545,4.5204,0.0000,4.5204,-0.9368
63.702,-0.0513,0.0000,-0.0513,4.6403,0.0000,4.6403,-0.9151
63.707,-0.0499,0.0000,-0.0499,4.6925,0.0000,4.6925,-0.9151
63.711,-0.0487,0.0000,-0.0487,4.7346,0.0000,4.7346,-0.9151
63.715,-0.0476,0.0000,-0.0476,4.7759,0.0000,4.7759,-0.8854
63.720,-0.0464,0.0000,-0.0464,4.8215,0.0000,4.8215,-0.8854
63.724,-0.0453,0.0000,-0.0453,4.8628,0.0000,4.8628,-0.8854
63.728,-0.0442,0.0000,-0.0442,4.9023,0.0000,4.9023,-0.8854
63.733,-0.0432,0.0000,-0.0432,4.9416,0.0000,4.9416,-0.8854
63.737,-0.0421,0.0000,-0.0421,4.9796,0.0000,4.9796,-0.8515
63.742,-0.0410,0.0000,-0.0410,5.0210,0.0000,5.0210,-0.8515
63.754,-0.0382,0.0000,-0.0382,5.1191,0.0000,5.1191,-0.8199
63.762,-0.0366,0.0000,-0.0366,5.1700,0.0000,5.1700,-0.8199
63.766,-0.0357,0.0000,-0.0357,5.2010,0.0000,5.2010,-0.8199
63.772,-0.0346,0.0000,-0.0346,5.2347,0.0000,5.2347,-0.8199
63.777,-0.0337,0.0000,-0.0337,5.2643,0.0000,5.2643,-0.7850
63.782,-0.0328,0.0000,-0.0328,5.2908,0.0000,5.2908,-0.7850
63.786,-0.0320,0.0000,-0.0320,5.3125,0.0000,5.3125,-0.7850
63.790,-0.0312,0.0000,-0.0312,5.3335,0.0000,5.3335,-0.7850
63.795,-0.0304,0.0000,-0.0304,5.3530,0.0000,5.3530,-0.7458
63.799,-0.0296,0.0000,-0.0296,5.3715,0.0000,5.3715,-0.7458
63.804,-0.0289,0.0000,-0.0289,5.3883,0.0000,5.3883,-0.7458
63.815,-0.0271,0.0000,-0.0271,5.4192,0.0000,5.4192,-0.7030
63.821,-0.0262,0.0000,-0.0262,5.4322,0.0000,5.4322,-0.7030
63.826,-0.0255,0.0000,-0.0255,5.4407,0.0000,5.4407,-0.7030
63.830,-0.0249,0.0000,-0.0249,5.4469,0.0000,5.4469,-0.7030
63.834,-0.0243,0.0000,-0.0243,5.4513,0.0000,5.4513,-0.6603
63.839,-0.0236,0.0000,-0.0236,5.4545,0.0000,5.4545,-0.6603
63.844,-0.0230,0.0000,-0.0230,5.4558,0.0000,5.4558,-0.6603
63.848,-0.0225,0.0000,-0.0225,5.4556,0.0000,5.4556,-0.6603
63.852,-0.0220,0.0000,-0.0220,5.4541,0.0000,5.4541,-0.6603
63.856,-0.0214,0.0000,-0.0214,5.4507,0.0000,5.4507,-0.6145
63.861,-0.0209,0.0000,-0.0209,5.4455,0.0000,5.4455,-0.6145
63.865,-0.0204,0.0000,-0.0204,5.4396,0.0000,5.4396,-0.6145
63.870,-0.0199,0.0000,-0.0199,5.4319,0.0000,5.4319,-0.6145
63.874,-0.0194,0.0000,-0.0194,5.4221,0.0000,5.4221,-0.5461
63.879,-0.0189,0.0000,-0.0189,5.4091,0.0000,5.4091,-0.5461
63.883,-0.0184,0.0000,-0.0184,5.3940,0.0000,5.3940,-0.5461
63.888,-0.0180,0.0000,-0.0180,5.3728,0.0000,5.3728,-0.5461
63.892,-0.0175,0.0000,-0.0175,5.3487,0.0000,5.3487,-0.5461
63.903,-0.0164,0.0000,-0.0164,5.2675,0.0000,5.2675,-0.4718
63.909,-0.0159,0.0000,-0.0159,5.2208,0.0000,5.2208,-0.4718
63.914,-0.0155,0.0000,-0.0155,5.1837,0.0000,5.1837,-0.3965
63.925,-0.0145,0.0000,-0.0145,5.0772,0.0000,5.0772,-0.3965
63.929,-0.0141,0.0000,-0.0141,5.0392,0.0000,5.0392,-0.3965
63.934,-0.0138,0.0000,-0.0138,5.0028,0.0000,5.0028,-0.3965
63.938,-0.0134,0.0000,-0.0134,4.9670,0.0000,4.9670,-0.3075
63.943,-0.0131,0.0000,-0.0131,4.9317,0.0000,4.9317,-0.3075
63.947,-0.0128,0.0000,-0.0128,4.9013,0.0000,4.9013,-0.3075
63.951,-0.0124,0.0000,-0.0124,4.8723,0.0000,4.8723,-0.3075
63.956,-0.0121,0.0000,-0.0121,4.8454,0.0000,4.8454,-0.2000
63.960,-0.0118,0.0000,-0.0118,4.8181,0.0000,4.8181,-0.2000
63.965,-0.0115,0.0000,-0.0115,4.7940,0.0000,4.7940,-0.2000
63.969,-0.0112,0.0000,-0.0112,4.7726,0.0000,4.7726,-0.2000
63.973,-0.0110,0.0000,-0.0110,4.7519,0.0000,4.7519,-0.2000
63.978,-0.0107,0.0000,-0.0107,4.7332,0.0000,4.7332,-0.0913
63.983,-0.0104,0.0000,-0.0104,4.7139,0.0000,4.7139,-0.0913
63.987,-0.0102,0.0000,-0.0102,4.6979,0.0000,4.6979,-0.0913
63.991,-0.0099,0.0000,-0.0099,4.6830,0.0000,4.6830,-0.0913
63.995,-0.0097,0.0000,-0.0097,4.6697,0.0000,4.6697,0.0137
64.000,-0.0094,0.0000,-0.0094,4.6563,0.0000,4.6563,0.0137
64.005,-0.0092,0.0000,-0.0092,4.6453,0.0000,4.6453,0.0137
64.009,-0.0090,0.0000,-0.0090,4.6357,0.0000,4.6357,0.0137
64.014,-0.0087,0.0000,-0.0087,4.6262,0.0000,4.6262,0.1149
64.019,-0.0084,0.0000,-0.0084,4.6169,0.0000,4.6169,0.1149
64.030,-0.0079,0.0000,-0.0079,4.6039,0.0000,4.6039,0.1149
64.036,-0.0077,0.0000,-0.0077,4.5994,0.0000,4.5994,0.2124
64.041,-0.0074,0.0000,-0.0074,4.5960,0.0000,4.5960,0.2124
64.046,-0.0072,0.0000,-0.0072,4.5942,0.0000,4.5942,0.2124
64.058,-0.0067,0.0000,-0.0067,4.5950,0.0000,4.5950,0.3055
64.065,-0.0065,0.0000,-0.0065,4.5972,0.0000,4.5972,0.3055
64.070,-0.0063,0.0000,-0.0063,4.5996,0.0000,4.5996,0.3055
64.076,-0.0061,0.0000,-0.0061,4.6032,0.0000,4.6032,0.3880
64.081,-0.0059,0.0000,-0.0059,4.6077,0.0000,4.6077,0.3880
64.085,-0.0057,0.0000,-0.0057,4.6114,0.0000,4.6114,0.3880
64.089,-0.0056,0.0000,-0.0056,4.6159,0.0000,4.6159,0.3880
64.094,-0.0055,0.0000,-0.0055,4.6207,0.0000,4.6207,0.4645
64.098,-0.0053,0.0000,-0.0053,4.6265,0.0000,4.6265,0.4645
64.103,-0.0052,0.0000,-0.0052,4.6321,0.0000,4.6321,0.4645
64.108,-0.0050,0.0000,-0.0050,4.6397,0.0000,4.6397,0.4645
64.112,-0.0049,0.0000,-0.0049,4.6463,0.0000,4.6463,0.4645
64.116,-0.0048,0.0000,-0.0048,4.6526,0.0000,4.6526,0.5358
64.122,-0.0046,0.0000,-0.0046,4.6615,0.0000,4.6615,0.5358
64.133,-0.0043,0.0000,-0.0043,4.6824,0.0000,4.6824,0.5358
64.138,-0.0042,0.0000,-0.0042,4.6917,0.0000,4.6917,0.6205
64.143,-0.0041,0.0000,-0.0041,4.7009,0.0000,4.7009,0.6205
64.148,-0.0040,0.0000,-0.0040,4.7087,0.0000,4.7087,0.6205
64.152,-0.0039,0.0000,-0.0039,4.7170,0.0000,4.7170,0.6205
64.157,-0.0038,0.0000,-0.0038,4.7261,0.0000,4.7261,0.7031
64.161,-0.0037,0.0000,-0.0037,4.7351,0.0000,4.7351,0.7031
64.165,-0.0036,0.0000,-0.0036,4.7431,0.0000,4.7431,0.7031
64.170,-0.0035,0.0000,-0.0035,4.7513,0.0000,4.7513,0.7031
64.174,-0.0034,0.0000,-0.0034,4.7596,0.0000,4.7596,0.7777
64.179,-0.0033,0.0000,-0.0033,4.7686,0.0000,4.7686,0.7777
64.183,-0.0032,0.0000,-0.0032,4.7767,0.0000,4.7767,0.7777
64.187,-0.0032,0.0000,-0.0032,4.7849,0.0000,4.7849,0.7777
64.191,-0.0031,0.0000,-0.0031,4.7929,0.0000,4.7929,0.7777
64.196,-0.0030,0.0000,-0.0030,4.8007,0.0000,4.8007,0.8312
64.208,-0.0028,0.0000,-0.0028,4.8234,0.0000,4.8234,0.8312
64.213,-0.0027,0.0000,-0.0027,4.8328,0.0000,4.8328,0.8312
64.217,-0.0026,0.0000,-0.0026,4.8398,0.0000,4.8398,0.8721
64.223,-0.0026,0.0000,-0.0026,4.8483,0.0000,4.8483,0.8721
64.233,-0.0024,0.0000,-0.0024,4.8651,0.0000,4.8651,0.8721
64.238,-0.0023,0.0000,-0.0023,4.8717,0.0000,4.8717,0.9050
64.243,-0.0023,0.0000,-0.0023,4.8784,0.0000,4.8784,0.9050
64.247,-0.0022,0.0000,-0.0022,4.8842,0.0000,4.8842,0.9050
64.251,-0.0022,0.0000,-0.0022,4.8894,0.0000,4.8894,0.9050
64.256,-0.0021,0.0000,-0.0021,4.8946,0.0000,4.8946,0.8962
64.261,-0.0021,0.0000,-0.0021,4.9001,0.0000,4.9001,0.8962
64.265,-0.0020,0.0000,-0.0020,4.9046,0.0000,4.9046,0.8962
64.269,-0.0020,0.0000,-0.0020,4.9087,0.0000,4.9087,0.8962
64.274,-0.0019,0.0000,-0.0019,4.9127,0.0000,4.9127,0.8766
64.279,-0.0019,0.0000,-0.0019,4.9166,0.0000,4.9166,0.8766
64.283,-0.0018,0.0000,-0.0018,4.9196,0.0000,4.9196,0.8766
64.287,-0.0018,0.0000,-0.0018,4.9224,0.0000,4.9224,0.8766
64.292,-0.0017,0.0000,-0.0017,4.9250,0.0000,4.9250,0.8766
64.296,-0.0017,0.0000,-0.0017,4.9270,0.0000,4.9270,0.8524
64.301,-0.0016,0.0000,-0.0016,4.9290,0.0000,4.9290,0.8524
64.305,-0.0016,0.0000,-0.0016,4.9303,0.0000,4.9303,0.8524
64.310,-0.0015,0.0000,-0.0015,4.9313,0.0000,4.9313,0.8524
64.314,-0.0015,0.0000,-0.0015,4.9319,0.0000,4.9319,0.8515
64.319,-0.0015,0.0000,-0.0015,4.9321,0.0000,4.9321,0.8515
64.325,-0.0014,0.0000,-0.0014,4.9316,0.0000,4.9316,0.8515
64.337,-0.0013,0.0000,-0.0013,4.9275,0.0000,4.9275,0.8512
64.342,-0.0013,0.0000,-0.0013,4.9251,0.0000,4.9251,0.8512
64.347,-0.0012,0.0000,-0.0012,4.9227,0.0000,4.9227,0.8512
64.358,-0.0012,0.0000,-0.0012,4.9135,0.0000,4.9135,0.8440
64.365,-0.0011,0.0000,-0.0011,4.9077,0.0000,4.9077,0.8440
64.369,-0.0011,0.0000,-0.0011,4.9032,0.0000,4.9032,0.8440
64.374,-0.0011,0.0000,-0.0011,4.8984,0.0000,4.8984,0.8304
64.378,-0.0010,0.0000,-0.0010,4.8927,0.0000,4.8927,0.8304
64.383,-0.0010,0.0000,-0.0010,4.8875,0.0000,4.8875,0.8304
64.387,-0.0010,0.0000,-0.0010,4.8810,0.0000,4.8810,0.8304
64.392,-0.0009,0.0000,-0.0009,4.8740,0.0000,4.8740,0.8304
64.396,-0.0009,0.0000,-0.0009,4.8674,0.0000,4.8674,0.8111
64.401,-0.0009,0.0000,-0.0009,4.8598,0.0000,4.8598,0.8111
64.405,-0.0009,0.0000,-0.0009,4.8519,0.0000,4.8519,0.8111
64.410,-0.0009,0.0000,-0.0009,4.8443,0.0000,4.8443,0.8111
64.414,-0.0008,0.0000,-0.0008,4.8365,0.0000,4.8365,0.7864
64.419,-0.0008,0.0000,-0.0008,4.8268,0.0000,4.8268,0.7864
64.423,-0.0008,0.0000,-0.0008,4.8176,0.0000,4.8176,0.7864
64.427,-0.0008,0.0000,-0.0008,4.8085,0.0000,4.8085,0.7864
64.431,-0.0008,0.0000,-0.0008,4.7995,0.0000,4.7995,0.7864
64.436,-0.0007,0.0000,-0.0007,4.7891,0.0000,4.7891,0.7115
64.447,-0.0007,0.0000,-0.0007,4.7592,0.0000,4.7592,0.7115
64.452,-0.0007,0.0000,-0.0007,4.7470,0.0000,4.7470,0.7115
64.456,-0.0006,0.0000,-0.0006,4.7352,0.0000,4.7352,0.5424
64.461,-0.0006,0.0000,-0.0006,4.7221,0.0000,4.7221,0.5424
64.465,-0.0006,0.0000,-0.0006,4.7108,0.0000,4.7108,0.5424
64.470,-0.0006,0.0000,-0.0006,4.6974,0.0000,4.6974,0.5424
64.474,-0.0006,0.0000,-0.0006,4.6842,0.0000,4.6842,0.3752
64.479,-0.0006,0.0000,-0.0006,4.6696,0.0000,4.6696,0.3752
64.483,-0.0005,0.0000,-0.0005,4.6563,0.0000,4.6563,0.3752
64.488,-0.0005,0.0000,-0.0005,4.6415,0.0000,4.6415,0.3752
64.492,-0.0005,0.0000,-0.0005,4.6279,0.0000,4.6279,0.3752
64.496,-0.0005,0.0000,-0.0005,4.6137,0.0000,4.6137,0.2530
64.501,-0.0005,0.0000,-0.0005,4.5959,0.0000,4.5959,0.2530
64.513,-0.0005,0.0000,-0.0005,4.5508,0.0000,4.5508,0.2530
64.519,-0.0004,0.0000,-0.0004,4.5301,0.0000,4.5301,0.1766
64.524,-0.0004,0.0000,-0.0004,4.5113,0.0000,4.5113,0.1766
64.528,-0.0004,0.0000,-0.0004,4.4956,0.0000,4.4956,0.1766
64.533,-0.0004,0.0000,-0.0004,4.4802,0.0000,4.4802,0.1766
64.537,-0.0004,0.0000,-0.0004,4.4625,0.0000,4.4625,0.1012
64.549,-0.0004,0.0000,-0.0004,4.4148,0.0000,4.4148,0.1012
64.553,-0.0004,0.0000,-0.0004,4.3960,0.0000,4.3960,0.1012
64.558,-0.0003,0.0000,-0.0003,4.3777,0.0000,4.3777,0.0231
64.563,-0.0003,0.0000,-0.0003,4.3572,0.0000,4.3572,0.0231
64.567,-0.0003,0.0000,-0.0003,4.3404,0.0000,4.3404,0.0231
64.574,-0.0003,0.0000,-0.0003,4.3121,0.0000,4.3121,0.0231
64.578,-0.0003,0.0000,-0.0003,4.2931,0.0000,4.2931,-0.0532
64.583,-0.0003,0.0000,-0.0003,4.2728,0.0000,4.2728,-0.0532
64.587,-0.0003,0.0000,-0.0003,4.2543,0.0000,4.2543,-0.0532
64.592,-0.0003,0.0000,-0.0003,4.2339,0.0000,4.2339,-0.0532
64.596,-0.0003,0.0000,-0.0003,4.2152,0.0000,4.2152,-0.1268
64.601,-0.0003,0.0000,-0.0003,4.1944,0.0000,4.1944,-0.1268
64.605,-0.0003,0.0000,-0.0003,4.1741,0.0000,4.1741,-0.1268
64.609,-0.0003,0.0000,-0.0003,4.1550,0.0000,4.1550,-0.1268
64.614,-0.0002,0.0000,-0.0002,4.1366,0.0000,4.1366,-0.1268
64.618,-0.0002,0.0000,-0.0002,4.1186,0.0000,4.1186,-0.2186
64.623,-0.0002,0.0000,-0.0002,4.0952,0.0000,4.0952,-0.2186
64.628,-0.0002,0.0000,-0.0002,4.0718,0.0000,4.0718,-0.2186
64.632,-0.0002,0.0000,-0.0002,4.0526,0.0000,4.0526,-0.2186
64.636,-0.0002,0.0000,-0.0002,4.0316,0.0000,4.0316,-0.3304
64.642,-0.0002,0.0000,-0.0002,4.0064,0.0000,4.0064,-0.3304
64.653,-0.0002,0.0000,-0.0002,3.9544,0.0000,3.9544,-0.3304
64.664,-0.0002,0.0000,-0.0002,3.8964,0.0000,3.8964,-0.4376
64.671,-0.0002,0.0000,-0.0002,3.8656,0.0000,3.8656,-0.4376
64.675,-0.0002,0.0000,-0.0002,3.8451,0.0000,3.8451,-0.5718
64.680,-0.0002,0.0000,-0.0002,3.8229,0.0000,3.8229,-0.5718
64.684,-0.0002,0.0000,-0.0002,3.8028,0.0000,3.8028,-0.5718
64.688,-0.0002,0.0000,-0.0002,3.7818,0.0000,3.7818,-0.5718
64.692,-0.0002,0.0000,-0.0002,3.7620,0.0000,3.7620,-0.5718
64.700,-0.0001,0.0000,-0.0001,3.7505,0.0000,3.7505,-0.6981
64.710,-0.0001,0.0000,-0.0001,3.7763,0.0000,3.7763,-0.6981
64.716,-0.0001,0.0000,-0.0001,3.8029,0.0000,3.8029,-0.8134
64.721,-0.0001,0.0000,-0.0001,3.8393,0.0000,3.8393,-0.8134
64.725,-0.0001,0.0000,-0.0001,3.8733,0.0000,3.8733,-0.8134
64.730,-0.0001,0.0000,-0.0001,3.9118,0.0000,3.9118,-0.8134
64.734,-0.0001,0.0000,-0.0001,3.9566,0.0000,3.9566,-0.9177
64.739,-0.0001,0.0000,-0.0001,4.0139,0.0000,4.0139,-0.9177
64.743,-0.0001,0.0000,-0.0001,4.0704,0.0000,4.0704,-0.9177
64.754,-0.0001,0.0000,-0.0001,4.1875,0.0000,4.1875,-1.0110
64.759,-0.0001,0.0000,-0.0001,4.2335,0.0000,4.2335,-1.0110
64.763,-0.0001,0.0000,-0.0001,4.2700,0.0000,4.2700,-1.0110
64.768,-0.0001,0.0000,-0.0001,4.3042,0.0000,4.3042,-1.0110
64.772,-0.0001,0.0000,-0.0001,4.3352,0.0000,4.3352,-1.0110
64.776,-0.0001,0.0000,-0.0001,4.3610,0.0000,4.3610,-1.0938
64.782,-0.0001,0.0000,-0.0001,4.3882,0.0000,4.3882,-1.0938
64.786,-0.0001,0.0000,-0.0001,4.4076,0.0000,4.4076,-1.0938
64.791,-0.0001,0.0000,-0.0001,4.4226,0.0000,4.4226,-1.0938
64.796,-0.0001,0.0000,-0.0001,4.4338,0.0000,4.4338,-1.1661
64.801,-0.0001,0.0000,-0.0001,4.4409,0.0000,4.4409,-1.1661
64.806,-0.0001,0.0000,-0.0001,4.4440,0.0000,4.4440,-1.1661
64.819,-0.0001,0.0000,-0.0001,4.4280,0.0000,4.4280,-1.2671
64.826,-0.0001,0.0000,-0.0001,4.4156,0.0000,4.4156,-1.2671
64.831,-0.0001,0.0000,-0.0001,4.4047,0.0000,4.4047,-1.2671
64.837,-0.0001,0.0000,-0.0001,4.3905,0.0000,4.3905,-1.3590
64.844,-0.0001,0.0000,-0.0001,4.3715,0.0000,4.3715,-1.3590
64.857,-0.0001,0.0106,0.0105,4.3225,0.0000,4.3225,-1.4941
64.863,-0.0001,0.0106,0.0105,4.2980,0.0000,4.2980,-1.4941
64.868,-0.0001,0.0106,0.0105,4.2774,0.0000,4.2774,-1.4941
64.873,-0.0001,0.0106,0.0105,4.2528,0.0000,4.2528,-1.4941
64.878,0.0000,0.0199,0.0198,4.2298,0.0000,4.2298,-1.6153
64.883,0.0000,0.0199,0.0198,4.2018,0.0000,4.2018,-1.6153
64.889,0.0000,0.0199,0.0198,4.1670,0.0000,4.1670,-1.6153
64.894,0.0000,0.0199,0.0198,4.1382,0.0000,4.1382,-1.6153
64.898,0.0000,0.0279,0.0278,4.1100,0.0000,4.1100,-1.7236
64.904,0.0000,0.0279,0.0278,4.0726,0.0000,4.0726,-1.7236
64.909,0.0000,0.0279,0.0278,4.0401,0.0000,4.0401,-1.7236
64.913,0.0000,0.0279,0.0278,4.0086,0.0000,4.0086,-1.7236
64.918,0.0000,0.0337,0.0337,3.9784,0.0000,3.9784,-1.8033
64.923,0.0000,0.0337,0.0337,3.9411,0.0000,3.9411,-1.8033
64.928,0.0000,0.0337,0.0337,3.9096,0.0000,3.9096,-1.8033
64.932,0.0000,0.0337,0.0337,3.8809,0.0000,3.8809,-1.8033
64.937,0.0000,0.0384,0.0384,3.8491,0.0000,3.8491,-1.8695
64.942,0.0000,0.0384,0.0384,3.8147,0.0000,3.8147,-1.8695
64.946,0.0000,0.0384,0.0384,3.7863,0.0000,3.7863,-1.8695
64.951,0.0000,0.0384,0.0384,3.7569,0.0000,3.7569,-1.8695
64.955,0.0000,0.0410,0.0410,3.7250,0.0000,3.7250,-1.9064
64.967,0.0000,0.0410,0.0410,3.6387,0.0000,3.6387,-1.9064
64.979,0.0000,0.0426,0.0425,3.5505,0.0000,3.5505,-1.9280
64.985,0.0000,0.0426,0.0425,3.5052,0.0000,3.5052,-1.9280
64.989,0.0000,0.0426,0.0425,3.4719,0.0000,3.4719,-1.9280
64.993,0.0000,0.0426,0.0425,3.4414,0.0000,3.4414,-1.9280
64.998,0.0000,0.0431,0.0430,3.4096,0.0000,3.4096,-1.9341
65.002,0.0000,0.0431,0.0430,3.3744,0.0000,3.3744,-1.9341
65.007,0.0000,0.0431,0.0430,3.3416,0.0000,3.3416,-1.9341
65.011,0.0000,0.0431,0.0430,3.3108,0.0000,3.3108,-1.9341
65.015,0.0000,0.0429,0.0429,3.2798,0.0000,3.2798,-1.9304
65.020,0.0000,0.0429,0.0429,3.2443,0.0000,3.2443,-1.9304
65.025,0.0000,0.0429,0.0429,3.2129,0.0000,3.2129,-1.9304
65.029,0.0000,0.0429,0.0429,3.1813,0.0000,3.1813,-1.9304
65.034,0.0000,0.0419,0.0419,3.1499,0.0000,3.1499,-1.9124
65.039,0.0000,0.0419,0.0419,3.1133,0.0000,3.1133,-1.9124
65.044,0.0000,0.0419,0.0419,3.0816,0.0000,3.0816,-1.9124
65.049,0.0000,0.0419,0.0419,3.0480,0.0000,3.0480,-1.9124
65.054,0.0000,0.0442,0.0442,3.0141,0.0000,3.0141,-1.9596
65.059,0.0000,0.0442,0.0442,2.9798,0.0000,2.9798,-1.9596
65.063,0.0000,0.0442,0.0442,2.9510,0.0000,2.9510,-1.9596
65.068,0.0000,0.0442,0.0442,2.9207,0.0000,2.9207,-1.9596
65.079,0.0000,0.0450,0.0449,2.8422,0.0000,2.8422,-1.9792
65.084,0.0000,0.0450,0.0449,2.8089,0.0000,2.8089,-1.9792
65.088,0.0000,0.0450,0.0449,2.7806,0.0000,2.7806,-1.9792
65.093,0.0000,0.0450,0.0449,2.7490,0.0000,2.7490,-1.9792
65.097,0.0000,0.0440,0.0440,2.7210,0.0000,2.7210,-1.9664
65.102,0.0000,0.0440,0.0440,2.6899,0.0000,2.6899,-1.9664
65.107,0.0000,0.0440,0.0440,2.6601,0.0000,2.6601,-1.9664
65.111,0.0000,0.0440,0.0440,2.6332,0.0000,2.6332,-1.9664
65.115,0.0000,0.0424,0.0424,2.6056,0.0000,2.6056,-1.9367
65.121,0.0000,0.0424,0.0424,2.5729,0.0000,2.5729,-1.9367
65.133,0.0000,0.0424,0.0424,2.4993,0.0000,2.4993,-1.9367
65.139,0.0000,0.0401,0.0401,2.4641,0.0000,2.4641,-1.8902
65.143,0.0000,0.0401,0.0401,2.4363,0.0000,2.4363,-1.8902
65.147,0.0000,0.0401,0.0401,2.4132,0.0000,2.4132,-1.8902
65.152,0.0000,0.0401,0.0401,2.3896,0.0000,2.3896,-1.8902
65.156,0.0000,0.0374,0.0374,2.3642,0.0000,2.3642,-1.8275
65.161,0.0000,0.0374,0.0374,2.3378,0.0000,2.3378,-1.8275
65.165,0.0000,0.0374,0.0374,2.3152,0.0000,2.3152,-1.8275
65.170,0.0000,0.0374,0.0374,2.2898,0.0000,2.2898,-1.8275
65.181,0.0000,0.0343,0.0343,2.2303,0.0000,2.2303,-1.7489
65.186,0.0000,0.0343,0.0343,2.2034,0.0000,2.2034,-1.7489
65.190,0.0000,0.0343,0.0343,2.1783,0.0000,2.1783,-1.7489
65.194,0.0000,0.0311,0.0310,2.1569,0.0000,2.1569,-1.6546
65.199,0.0000,0.0311,0.0310,2.1321,0.0000,2.1321,-1.6546
65.204,0.0000,0.0311,0.0310,2.1095,0.0000,2.1095,-1.6546
65.208,0.0000,0.0311,0.0310,2.0868,0.0000,2.0868,-1.6546
65.212,0.0000,0.0311,0.0310,2.0646,0.0000,2.0646,-1.6546
65.217,0.0000,0.0277,0.0277,2.0422,0.0000,2.0422,-1.5453
65.222,0.0000,0.0277,0.0277,2.0162,0.0000,2.0162,-1.5453
65.226,0.0000,0.0277,0.0277,1.9956,0.0000,1.9956,-1.5453
65.231,0.0002,0.0277,0.0279,1.9756,0.0000,1.9756,-1.5453
65.235,0.0007,0.0255,0.0262,1.9554,0.0000,1.9554,-1.4622
65.240,0.0019,0.0255,0.0274,1.9318,0.0000,1.9318,-1.4622
65.244,0.0035,0.0255,0.0290,1.9120,0.0000,1.9120,-1.4622
65.248,0.0058,0.0255,0.0313,1.8933,0.0000,1.8933,-1.4622
65.253,0.0088,0.0255,0.0343,1.8749,0.0000,1.8749,-1.4622
65.257,0.0131,0.0234,0.0365,1.8552,0.0000,1.8552,-1.3687
65.262,0.0191,0.0234,0.0425,1.8333,0.0000,1.8333,-1.3687
65.266,0.0252,0.0234,0.0486,1.8158,0.0000,1.8158,-1.3687
65.271,0.0333,0.0234,0.0567,1.7960,0.0000,1.7960,-1.3687
65.283,0.0608,0.0213,0.0822,1.7447,0.0000,1.7447,-1.2601
65.297,0.1018,0.0195,0.1213,1.6894,0.0000,1.6894,-1.1373
65.302,0.1194,0.0195,0.1388,1.6704,0.0000,1.6704,-1.1373
65.306,0.1368,0.0195,0.1563,1.6534,0.0000,1.6534,-1.1373
65.311,0.1543,0.0195,0.1738,1.6377,0.0000,1.6377,-1.1373
65.315,0.1727,0.0179,0.1906,1.6225,0.0000,1.6225,-1.0007
65.319,0.1950,0.0179,0.2129,1.6054,0.0000,1.6054,-1.0007
65.324,0.2190,0.0179,0.2369,1.5885,0.0000,1.5885,-1.0007
65.328,0.2412,0.0179,0.2591,1.5739,0.0000,1.5739,-1.0007
65.332,0.2643,0.0179,0.2822,1.5597,0.0000,1.5597,-1.0007
65.337,0.2905,0.0167,0.3072,1.5448,0.0000,1.5448,-0.8518
65.342,0.3207,0.0167,0.3374,1.5287,0.0000,1.5287,-0.8518
65.346,0.3473,0.0167,0.3640,1.5153,0.0000,1.5153,-0.8518
65.350,0.3746,0.0167,0.3913,1.5024,0.0000,1.5024,-0.8518
65.354,0.4043,0.0159,0.4202,1.4891,0.0000,1.4891,-0.6907
65.359,0.4381,0.0159,0.4540,1.4748,0.0000,1.4748,-0.6907
65.363,0.4687,0.0159,0.4846,1.4626,0.0000,1.4626,-0.6907
65.368,0.5013,0.0159,0.5172,1.4502,0.0000,1.4502,-0.6907
65.372,0.5359,0.0159,0.5518,1.4376,0.0000,1.4376,-0.6907
65.376,0.5688,0.0156,0.5844,1.4262,0.0000,1.4262,-0.5185
65.381,0.6066,0.0156,0.6222,1.4138,0.0000,1.4138,-0.5185
65.386,0.6435,0.0156,0.6591,1.4022,0.0000,1.4022,-0.5185
65.391,0.6839,0.0156,0.6995,1.3901,0.0000,1.3901,-0.5185
65.402,0.7823,0.0157,0.7981,1.3623,0.0000,1.3623,-0.3362
65.408,0.8344,0.0157,0.8501,1.3485,0.0000,1.3485,-0.3362
65.412,0.8740,0.0157,0.8897,1.3383,0.0000,1.3383,-0.3362
65.417,0.9161,0.0164,0.9325,1.3279,0.0000,1.3279,-0.1456
65.423,0.9660,0.0164,0.9824,1.3160,0.0000,1.3160,-0.1456
65.434,1.0718,0.0175,1.0893,1.2916,0.0000,1.2916,0.0423
65.440,1.1295,0.0175,1.1470,1.2790,0.0000,1.2790,0.0423
65.445,1.1676,0.0175,1.1852,1.2712,0.0000,1.2712,0.0423
65.449,1.2066,0.0175,1.2242,1.2633,0.0000,1.2633,0.0423
65.453,1.2465,0.0175,1.2641,1.2556,0.0000,1.2556,0.0423
65.458,1.2870,0.0191,1.3061,1.2481,0.0000,1.2481,0.2342
65.462,1.3317,0.0191,1.3509,1.2401,0.0000,1.2401,0.2342
65.467,1.3698,0.0191,1.3889,1.2334,0.0000,1.2334,0.2342
65.471,1.4098,0.0191,1.4289,1.2265,0.0000,1.2265,0.2342
65.475,1.4465,0.0211,1.4676,1.2201,0.0000,1.2201,0.4315
65.480,1.4890,0.0211,1.5101,1.2129,0.0000,1.2129,0.4315
65.484,1.5236,0.0211,1.5447,1.2070,0.0000,1.2070,0.4315
65.489,1.5591,0.0211,1.5802,1.2011,0.0000,1.2011,0.4315
65.493,1.5933,0.0211,1.6143,1.1954,0.0000,1.1954,0.4315
65.498,1.6279,0.0234,1.6512,1.1897,0.0000,1.1897,0.6319
65.509,1.7128,0.0234,1.7361,1.1755,0.0000,1.1755,0.6319
65.514,1.7434,0.0259,1.7693,1.1703,0.0000,1.1703,0.8340
65.519,1.7751,0.0259,1.8010,1.1649,0.0000,1.1649,0.8340
65.523,1.8043,0.0259,1.8302,1.1598,0.0000,1.1598,0.8340
65.527,1.8310,0.0259,1.8569,1.1551,0.0000,1.1551,0.8340
65.532,1.8566,0.0259,1.8824,1.1505,0.0000,1.1505,0.8340
65.536,1.8816,0.0286,1.9102,1.1459,0.0000,1.1459,1.0360
65.541,1.9109,0.0286,1.9395,1.1405,0.0000,1.1405,1.0360
65.545,1.9345,0.0286,1.9631,1.1361,0.0000,1.1361,1.0360
65.549,1.9574,0.0286,1.9859,1.1319,0.0000,1.1319,1.0360
65.553,1.9807,0.0286,2.0093,1.1276,0.0000,1.1276,1.0360
65.558,2.0035,0.0314,2.0348,1.1234,0.0000,1.1234,1.2361
65.563,2.0278,0.0314,2.0591,1.1189,0.0000,1.1189,1.2361
65.567,2.0485,0.0314,2.0799,1.1150,0.0000,1.1150,1.2361
65.571,2.0693,0.0314,2.1007,1.1112,0.0000,1.1112,1.2361
65.576,2.0904,0.0341,2.1245,1.1074,0.0000,1.1074,1.4323
65.588,2.1465,0.0341,2.1806,1.0972,0.0000,1.0972,1.4323
65.593,2.1696,0.0341,2.2037,1.0930,0.0000,1.0930,1.4323
65.597,2.1867,0.0368,2.2235,1.0899,0.0000,1.0899,1.6235
65.602,2.2070,0.0368,2.2438,1.0861,0.0000,1.0861,1.6235
65.613,2.2492,0.0368,2.2860,1.0777,0.0000,1.0777,1.6235
65.618,2.2656,0.0393,2.3049,1.0744,0.0000,1.0744,1.8080
65.623,2.2830,0.0393,2.3223,1.0707,0.0000,1.0707,1.8080
65.627,2.2976,0.0393,2.3369,1.0675,0.0000,1.0675,1.8080
65.631,2.3115,0.0393,2.3508,1.0643,0.0000,1.0643,1.8080
65.635,2.3254,0.0415,2.3669,1.0610,0.0000,1.0610,1.9842
65.640,2.3412,0.0415,2.3827,1.0573,0.0000,1.0573,1.9842
65.645,2.3544,0.0415,2.3958,1.0540,0.0000,1.0540,1.9842
65.649,2.3673,0.0415,2.4088,1.0508,0.0000,1.0508,1.9842
65.653,2.3798,0.0415,2.4213,1.0476,0.0000,1.0476,1.9842
65.658,2.3925,0.0434,2.4359,1.0442,0.0000,1.0442,2.1499
65.663,2.4061,0.0434,2.4495,1.0408,0.0000,1.0408,2.1499
65.667,2.4183,0.0434,2.4617,1.0375,0.0000,1.0375,2.1499
65.672,2.4299,0.0434,2.4733,1.0344,0.0000,1.0344,2.1499
65.676,2.4409,0.0449,2.4859,1.0314,0.0000,1.0314,2.3044
65.681,2.4537,0.0449,2.4987,1.0279,0.0000,1.0279,2.3044
65.686,2.4644,0.0449,2.5093,1.0248,0.0000,1.0248,2.3044
65.690,2.4751,0.0449,2.5201,1.0217,0.0000,1.0217,2.3044
65.694,2.4849,0.0461,2.5309,1.0188,0.0000,1.0188,2.4458
65.699,2.4953,0.0461,2.5414,1.0157,0.0000,1.0157,2.4458
65.703,2.5045,0.0461,2.5506,1.0126,0.0000,1.0126,2.4458
65.708,2.5142,0.0461,2.5603,1.0092,0.0000,1.0092,2.4458
65.719,2.5360,0.0468,2.5828,1.0012,0.0000,1.0012,2.5728
65.724,2.5459,0.0468,2.5928,0.9974,0.0000,0.9974,2.5728
65.728,2.5541,0.0468,2.6009,0.9940,0.0000,0.9940,2.5728
65.740,2.5742,0.0472,2.6214,0.9849,0.0000,0.9849,2.6840
65.745,2.5842,0.0472,2.6314,0.9801,0.0000,0.9801,2.6840
65.750,2.5909,0.0472,2.6380,0.9771,0.0000,0.9771,2.6840
65.754,2.5975,0.0471,2.6446,0.9737,0.0000,0.9737,2.7785
65.759,2.6054,0.0471,2.6525,0.9697,0.0000,0.9697,2.7785
65.763,2.6117,0.0471,2.6588,0.9664,0.0000,0.9664,2.7785
65.767,2.6176,0.0471,2.6647,0.9633,0.0000,0.9633,2.7785
65.772,2.6243,0.0471,2.6714,0.9596,0.0000,0.9596,2.7785
65.776,2.6301,0.0467,2.6768,0.9564,0.0000,0.9564,2.8558
65.781,2.6365,0.0467,2.6832,0.9530,0.0000,0.9530,2.8558
65.785,2.6419,0.0467,2.6886,0.9498,0.0000,0.9498,2.8558
65.790,2.6480,0.0467,2.6947,0.9462,0.0000,0.9462,2.8558
65.794,2.6532,0.0460,2.6992,0.9427,0.0000,0.9427,2.9152
65.799,2.6589,0.0460,2.7049,0.9385,0.0000,0.9385,2.9152
65.803,2.6640,0.0460,2.7100,0.9349,0.0000,0.9349,2.9152
65.808,2.6692,0.0460,2.7152,0.9308,0.0000,0.9308,2.9152
65.812,2.6739,0.0460,2.7198,0.9271,0.0000,0.9271,2.9152
65.816,2.6786,0.0445,2.7231,0.9230,0.0000,0.9230,2.8321
65.828,2.6906,0.0445,2.7351,0.9122,0.0000,0.9122,2.8321
65.832,2.6949,0.0445,2.7393,0.9079,0.0000,0.9079,2.8321
65.836,2.6991,0.0424,2.7415,0.9036,0.0000,0.9036,2.4843
65.841,2.7038,0.0424,2.7462,0.8987,0.0000,0.8987,2.4843
65.845,2.7074,0.0424,2.7499,0.8951,0.0000,0.8951,2.4843
65.850,2.7111,0.0424,2.7535,0.8911,0.0000,0.8911,2.4843
65.854,2.7147,0.0409,2.7556,0.8870,0.0000,0.8870,2.5243
65.859,2.7187,0.0409,2.7596,0.8824,0.0000,0.8824,2.5243
65.863,2.7220,0.0409,2.7629,0.8783,0.0000,0.8783,2.5243
65.867,2.7254,0.0409,2.7663,0.8739,0.0000,0.8739,2.5243
65.871,2.7287,0.0409,2.7696,0.8695,0.0000,0.8695,2.5243
65.875,2.7319,0.0401,2.7720,0.8648,0.0000,0.8648,2.0617
65.880,2.7356,0.0401,2.7757,0.8596,0.0000,0.8596,2.0617
65.892,2.7437,0.0401,2.7838,0.8475,0.0000,0.8475,2.0617
65.898,2.7476,0.0383,2.7859,0.8408,0.0000,0.8408,2.1011
65.902,2.7506,0.0383,2.7890,0.8352,0.0000,0.8352,2.1011
65.907,2.7533,0.0383,2.7916,0.8302,0.0000,0.8302,2.1011
65.911,2.7558,0.0383,2.7942,0.8253,0.0000,0.8253,2.1011
65.915,2.7584,0.0387,2.7971,0.8200,0.0000,0.8200,1.6649
65.920,2.7611,0.0387,2.7998,0.8141,0.0000,0.8141,1.6649
65.924,2.7635,0.0387,2.8022,0.8087,0.0000,0.8087,1.6649
65.929,2.7662,0.0387,2.8048,0.8026,0.0000,0.8026,1.6649
65.940,2.7718,0.0367,2.8085,0.7881,0.0000,0.7881,1.7050
65.945,2.7743,0.0367,2.8110,0.7814,0.0000,0.7814,1.7050
65.949,2.7764,0.0367,2.8131,0.7758,0.0000,0.7758,1.7050
65.954,2.7784,0.0367,2.8151,0.7701,0.0000,0.7701,1.7050
65.958,2.7804,0.0355,2.8160,0.7641,0.0000,0.7641,1.6284
65.963,2.7825,0.0355,2.8181,0.7574,0.0000,0.7574,1.6284
65.967,2.7843,0.0355,2.8199,0.7509,0.0000,0.7509,1.6284
65.971,2.7861,0.0355,2.8216,0.7446,0.0000,0.7446,1.6284
65.975,2.7879,0.0359,2.8238,0.7382,0.0000,0.7382,1.3355
65.980,2.7898,0.0359,2.8257,0.7310,0.0000,0.7310,1.3355
65.984,2.7913,0.0359,2.8272,0.7252,0.0000,0.7252,1.3355
65.989,2.7931,0.0359,2.8290,0.7180,0.0000,0.7180,1.3355
65.994,2.7948,0.0341,2.8289,0.7113,0.0000,0.7113,1.3625
65.998,2.7965,0.0341,2.8306,0.7040,0.0000,0.7040,1.3625
66.002,2.7979,0.0341,2.8320,0.6980,0.0000,0.6980,1.3625
66.007,2.7995,0.0341,2.8336,0.6901,0.0000,0.6901,1.3625
66.011,2.8009,0.0341,2.8350,0.6823,0.0000,0.6823,1.3625
66.015,2.8022,0.0337,2.8359,0.6752,0.0000,0.6752,1.1843
66.020,2.8037,0.0337,2.8374,0.6672,0.0000,0.6672,1.1843
66.025,2.8050,0.0337,2.8387,0.6600,0.0000,0.6600,1.1843
66.029,2.8063,0.0337,2.8400,0.6524,0.0000,0.6524,1.1843
66.034,2.8076,0.0326,2.8402,0.6437,0.0000,0.6437,1.1078
66.047,2.8114,0.0326,2.8440,0.6197,0.0000,0.6197,1.1078
66.053,2.8130,0.0326,2.8456,0.6047,0.0000,0.6047,1.1078
66.058,2.8143,0.0318,2.8460,0.5960,0.0000,0.5960,0.9333
66.063,2.8155,0.0318,2.8472,0.5846,0.0000,0.5846,0.9333
66.068,2.8165,0.0318,2.8483,0.5748,0.0000,0.5748,0.9333
66.073,2.8177,0.0318,2.8495,0.5639,0.0000,0.5639,0.9333
66.078,2.8188,0.0304,2.8493,0.5535,0.0000,0.5535,0.9465
66.084,2.8200,0.0304,2.8504,0.5408,0.0000,0.5408,0.9465
66.089,2.8211,0.0304,2.8516,0.5282,0.0000,0.5282,0.9465
66.095,2.8222,0.0290,2.8512,0.5168,0.0000,0.5168,0.7666
66.100,2.8232,0.0290,2.8522,0.5058,0.0000,0.5058,0.7666
66.105,2.8241,0.0290,2.8531,0.4914,0.0000,0.4914,0.7666
66.109,2.8249,0.0290,2.8539,0.4780,0.0000,0.4780,0.7666
66.113,2.8256,0.0290,2.8546,0.4660,0.0000,0.4660,0.7666
66.118,2.8264,0.0279,2.8542,0.4584,0.0000,0.4584,0.7819
66.123,2.8272,0.0279,2.8551,0.4495,0.0000,0.4495,0.7819
66.127,2.8279,0.0279,2.8558,0.4382,0.0000,0.4382,0.7819
66.131,2.8286,0.0279,2.8564,0.4269,0.0000,0.4269,0.7819
66.136,2.8293,0.0264,2.8556,0.4156,0.0000,0.4156,0.7047
66.141,2.8301,0.0264,2.8564,0.4020,0.0000,0.4020,0.7047
66.155,2.8321,0.0253,2.8574,0.3683,0.0000,0.3683,0.7129
66.169,2.8340,0.0253,2.8593,0.3221,0.0000,0.3221,0.7129
66.174,2.8345,0.0224,2.8570,0.3129,0.0000,0.3129,0.4532
66.179,2.8351,0.0224,2.8576,0.3035,0.0000,0.3035,0.4532
66.183,2.8356,0.0224,2.8580,0.2910,0.0000,0.2910,0.4532
66.188,2.8361,0.0224,2.8585,0.2832,0.0000,0.2832,0.4532
66.199,2.8374,0.0215,2.8590,0.2494,0.0000,0.2494,0.4617
66.206,2.8381,0.0215,2.8596,0.2322,0.0000,0.2322,0.4617
66.211,2.8386,0.0215,2.8601,0.2119,0.0000,0.2119,0.4617
66.216,2.8391,0.0206,2.8597,0.1941,0.0000,0.1941,0.4621
66.222,2.8396,0.0206,2.8602,0.1736,0.0000,0.1736,0.4621
66.228,2.7013,0.0206,2.7219,0.1557,0.0000,0.1557,0.4621
66.233,2.5546,0.0206,2.5752,0.1366,0.0000,0.1366,0.4621
66.238,2.4251,0.0190,2.4441,0.1204,0.0000,0.1204,0.3794
66.243,2.2848,0.0190,2.3038,0.1033,0.0000,0.1033,0.3794
66.247,2.1593,0.0190,2.1783,0.0854,0.0000,0.0854,0.3794
66.252,2.0317,0.0190,2.0507,0.0668,0.0000,0.0668,0.3794
66.257,1.8931,0.0175,1.9106,0.0483,0.0000,0.0483,0.2965
66.263,1.7472,0.0175,1.7647,0.0275,0.0000,0.0275,0.2965
66.276,1.3944,0.0166,1.4111,-0.0218,0.0000,-0.0218,0.2854
66.282,1.2343,0.0166,1.2510,-0.0429,0.0000,-0.0429,0.2854
66.287,1.0849,0.0166,1.1015,-0.0643,0.0000,-0.0643,0.2854
66.294,0.9226,0.0158,0.9384,-0.0892,0.0000,-0.0892,0.2684
66.301,0.7496,0.0158,0.7653,-0.1182,0.0000,-0.1182,0.2684
66.307,0.6077,0.0158,0.6235,-0.1426,0.0000,-0.1426,0.2684
66.312,0.5067,0.0158,0.5224,-0.1603,0.0000,-0.1603,0.2684
66.316,0.4088,0.0144,0.4232,-0.1779,0.0000,-0.1779,0.1799
66.322,0.3023,0.0144,0.3167,-0.1986,0.0000,-0.1986,0.1799
66.326,0.2148,0.0144,0.2293,-0.2154,0.0000,-0.2154,0.1799
66.330,0.1276,0.0144,0.1421,-0.2325,0.0000,-0.2325,0.1799
66.336,0.0267,0.0137,0.0404,-0.2526,0.0000,-0.2526,0.1630
66.342,-0.0866,0.0137,-0.0728,-0.2766,0.0000,-0.2766,0.1630
66.356,-0.3361,0.0130,-0.3230,-0.3342,0.0000,-0.3342,0.1406
66.363,-0.4566,0.0130,-0.4436,-0.3628,0.0000,-0.3628,0.1406
66.369,-0.5472,0.0130,-0.5341,-0.3863,0.0000,-0.3863,0.1406
66.381,-0.7257,0.0124,-0.7133,-0.4347,0.0000,-0.4347,0.1132
66.386,-0.7971,0.0124,-0.7847,-0.4545,0.0000,-0.4545,0.1132
66.390,-0.8577,0.0124,-0.8453,-0.4723,0.0000,-0.4723,0.1132
66.395,-0.9148,0.0117,-0.9030,-0.4895,0.0000,-0.4895,0.0814
66.400,-0.9773,0.0117,-0.9656,-0.5084,0.0000,-0.5084,0.0814
66.404,-1.0295,0.0117,-1.0178,-0.5247,0.0000,-0.5247,0.0814
66.408,-1.0816,0.0117,-1.0698,-0.5408,0.0000,-0.5408,0.0814
66.412,-1.1337,0.0117,-1.1220,-0.5581,0.0000,-0.5581,0.0814
66.417,-1.1819,0.0111,-1.1708,-0.5741,0.0000,-0.5741,0.0459
66.421,-1.2365,0.0111,-1.2254,-0.5927,0.0000,-0.5927,0.0459
66.426,-1.2843,0.0111,-1.2732,-0.6093,0.0000,-0.6093,0.0459
66.430,-1.3290,0.0111,-1.3179,-0.6257,0.0000,-0.6257,0.0459
66.434,-1.3712,0.0106,-1.3607,-0.6412,0.0000,-0.6412,0.0073
66.439,-1.4207,0.0106,-1.4101,-0.6604,0.0000,-0.6604,0.0073
66.443,-1.4636,0.0106,-1.4530,-0.6774,0.0000,-0.6774,0.0073
66.448,-1.5038,0.0106,-1.4932,-0.6941,0.0000,-0.6941,0.0073
66.452,-1.5414,0.0106,-1.5308,-0.7098,0.0000,-0.7098,0.0073
66.456,-1.5795,0.0100,-1.5695,-0.7265,0.0000,-0.7265,-0.0339
66.461,-1.6232,0.0100,-1.6131,-0.7460,0.0000,-0.7460,-0.0339
66.465,-1.6580,0.0100,-1.6479,-0.7616,0.0000,-0.7616,-0.0339
66.469,-1.6927,0.0100,-1.6826,-0.7778,0.0000,-0.7778,-0.0339
66.474,-1.7331,0.0000,-1.7331,-0.7969,0.0000,-0.7969,-0.0772
66.485,-1.8259,0.0000,-1.8259,-0.8431,0.0000,-0.8431,-0.0772
66.490,-1.8603,0.0000,-1.8603,-0.8611,0.0000,-0.8611,-0.0772
66.494,-1.8912,0.0000,-1.8912,-0.8774,0.0000,-0.8774,-0.1251
66.507,-1.9806,0.0000,-1.9806,-0.9305,0.0000,-0.9305,-0.1251
66.513,-2.0166,0.0000,-2.0166,-0.9527,0.0000,-0.9527,-0.1251
66.517,-2.0437,0.0000,-2.0437,-0.9700,0.0000,-0.9700,-0.1743
66.523,-2.0792,0.0000,-2.0792,-0.9933,0.0000,-0.9933,-0.1743
66.527,-2.1041,0.0000,-2.1041,-1.0099,0.0000,-1.0099,-0.1743
66.531,-2.1271,0.0000,-2.1271,-1.0259,0.0000,-1.0259,-0.1743
66.536,-2.1521,0.0000,-2.1521,-1.0434,0.0000,-1.0434,-0.2243
66.541,-2.1787,0.0000,-2.1787,-1.0625,0.0000,-1.0625,-0.2243
66.545,-2.2003,0.0000,-2.2003,-1.0784,0.0000,-1.0784,-0.2243
66.549,-2.2215,0.0000,-2.2215,-1.0941,0.0000,-1.0941,-0.2243
66.553,-2.2429,0.0000,-2.2429,-1.1104,0.0000,-1.1104,-0.2243
66.557,-2.2643,0.0000,-2.2643,-1.1271,0.0000,-1.1271,-0.2637
66.562,-2.2859,0.0000,-2.2859,-1.1447,0.0000,-1.1447,-0.2637
66.566,-2.3054,0.0000,-2.3054,-1.1611,0.0000,-1.1611,-0.2637
66.570,-2.3249,0.0000,-2.3249,-1.1782,0.0000,-1.1782,-0.2637
66.575,-2.3436,0.0000,-2.3436,-1.1954,0.0000,-1.1954,-0.3021
66.580,-2.3650,0.0000,-2.3650,-1.2158,0.0000,-1.2158,-0.3021
66.590,-2.4097,0.0000,-2.4097,-1.2618,0.0000,-1.2618,-0.3021
66.595,-2.4272,0.0000,-2.4272,-1.2803,0.0000,-1.2803,-0.3418
66.600,-2.4459,0.0000,-2.4459,-1.3006,0.0000,-1.3006,-0.3418
66.604,-2.4620,0.0000,-2.4620,-1.3184,0.0000,-1.3184,-0.3418
66.608,-2.4770,0.0000,-2.4770,-1.3352,0.0000,-1.3352,-0.3418
66.613,-2.4917,0.0000,-2.4917,-1.3520,0.0000,-1.3520,-0.3418
66.617,-2.5056,0.0000,-2.5056,-1.3683,0.0000,-1.3683,-0.3819
66.622,-2.5213,0.0000,-2.5213,-1.3871,0.0000,-1.3871,-0.3819
66.626,-2.5347,0.0000,-2.5347,-1.4035,0.0000,-1.4035,-0.3819
66.630,-2.5490,0.0000,-2.5490,-1.4216,0.0000,-1.4216,-0.3819
66.634,-2.5619,0.0000,-2.5619,-1.4385,0.0000,-1.4385,-0.4224
66.639,-2.5762,0.0000,-2.5762,-1.4584,0.0000,-1.4584,-0.4224
66.644,-2.5893,0.0000,-2.5893,-1.4774,0.0000,-1.4774,-0.4224
66.648,-2.6019,0.0000,-2.6019,-1.4965,0.0000,-1.4965,-0.4224
66.660,-2.6339,0.0000,-2.6339,-1.5509,0.0000,-1.5509,-0.4626
66.666,-2.6489,0.0000,-2.6489,-1.5767,0.0000,-1.5767,-0.4626
66.670,-2.6598,0.0000,-2.6598,-1.5962,0.0000,-1.5962,-0.4626
66.675,-2.6704,0.0000,-2.6704,-1.6152,0.0000,-1.6152,-0.5129
66.679,-2.6813,0.0000,-2.6813,-1.6353,0.0000,-1.6353,-0.5129
66.684,-2.6911,0.0000,-2.6911,-1.6539,0.0000,-1.6539,-0.5129
66.695,-2.7160,0.0000,-2.7160,-1.7034,0.0000,-1.7034,-0.5632
66.700,-2.7263,0.0000,-2.7263,-1.7244,0.0000,-1.7244,-0.5632
66.704,-2.7351,0.0000,-2.7351,-1.7433,0.0000,-1.7433,-0.5632
66.709,-2.7435,0.0000,-2.7435,-1.7624,0.0000,-1.7624,-0.5632
66.713,-2.7512,0.0000,-2.7512,-1.7807,0.0000,-1.7807,-0.5632
66.717,-2.7588,0.0000,-2.7588,-1.7996,0.0000,-1.7996,-0.6112
66.722,-2.7674,0.0000,-2.7674,-1.8218,0.0000,-1.8218,-0.6112
66.726,-2.7747,0.0000,-2.7747,-1.8419,0.0000,-1.8419,-0.6112
66.730,-2.7816,0.0000,-2.7816,-1.8616,0.0000,-1.8616,-0.6112
66.734,-2.7886,0.0000,-2.7886,-1.8823,0.0000,-1.8823,-0.6508
66.739,-2.7966,0.0000,-2.7966,-1.9065,0.0000,-1.9065,-0.6508
66.743,-2.8031,0.0000,-2.8031,-1.9262,0.0000,-1.9262,-0.6508
66.748,-2.8097,0.0000,-2.8097,-1.9470,0.0000,-1.9470,-0.6508
66.752,-2.8162,0.0000,-2.8162,-1.9677,0.0000,-1.9677,-0.6508
66.757,-2.8233,0.0000,-2.8233,-1.9909,0.0000,-1.9909,-0.6869
66.762,-2.8297,0.0000,-2.8297,-2.0125,0.0000,-2.0125,-0.6869
66.766,-2.8354,0.0000,-2.8354,-2.0318,0.0000,-2.0318,-0.6869
66.770,-2.8413,0.0000,-2.8413,-2.0521,0.0000,-2.0521,-0.6869
66.774,-2.8470,0.0000,-2.8470,-2.0733,0.0000,-2.0733,-0.7204
66.779,-2.8531,0.0000,-2.8531,-2.0967,0.0000,-2.0967,-0.7204
66.784,-2.8583,0.0000,-2.8583,-2.1185,0.0000,-2.1185,-0.7204
66.788,-2.8638,0.0000,-2.8638,-2.1423,0.0000,-2.1423,-0.7204
66.799,-2.8769,0.0000,-2.8769,-2.2064,0.0000,-2.2064,-0.7505
66.812,-2.8907,0.0000,-2.8907,-2.2818,0.0000,-2.2818,-0.7505
66.818,-2.8964,0.0000,-2.8964,-2.3134,0.0000,-2.3134,-0.7633
66.823,-2.9012,0.0000,-2.9012,-2.3406,0.0000,-2.3406,-0.7633
66.827,-2.9051,0.0000,-2.9051,-2.3638,0.0000,-2.3638,-0.7633
66.831,-2.9091,0.0000,-2.9091,-2.3869,0.0000,-2.3869,-0.7633
66.835,-2.9128,0.0000,-2.9128,-2.4097,0.0000,-2.4097,-0.7551
66.840,-2.9169,0.0000,-2.9169,-2.4352,0.0000,-2.4352,-0.7551
66.844,-2.9206,0.0000,-2.9206,-2.4588,0.0000,-2.4588,-0.7551
66.849,-2.9241,0.0000,-2.9241,-2.4831,0.0000,-2.4831,-0.7551
66.853,-2.9275,0.0000,-2.9275,-2.5075,0.0000,-2.5075,-0.7551
66.857,-2.9309,0.0000,-2.9309,-2.5338,0.0000,-2.5338,-0.7454
66.862,-2.9346,0.0000,-2.9346,-2.5644,0.0000,-2.5644,-0.7454
66.866,-2.9378,0.0000,-2.9378,-2.5913,0.0000,-2.5913,-0.7454
66.870,-2.9408,0.0000,-2.9408,-2.6188,0.0000,-2.6188,-0.7454
66.875,-2.9439,0.0000,-2.9439,-2.6481,0.0000,-2.6481,-0.7353
66.880,-2.9471,0.0000,-2.9471,-2.6806,0.0000,-2.6806,-0.7353
66.884,-2.9498,0.0000,-2.9498,-2.7087,0.0000,-2.7087,-0.7353
66.888,-2.9526,0.0000,-2.9526,-2.7379,0.0000,-2.7379,-0.7353
66.892,-2.9554,0.0000,-2.9554,-2.7678,0.0000,-2.7678,-0.7353
66.896,-2.9580,0.0000,-2.9580,-2.7960,0.0000,-2.7960,-0.7239
66.901,-2.9610,0.0000,-2.9610,-2.8300,0.0000,-2.8300,-0.7239
66.913,-2.9675,0.0000,-2.9675,-2.9069,0.0000,-2.9069,-0.7239
66.917,-2.9698,0.0000,-2.9698,-2.9363,0.0000,-2.9363,-0.7136
66.922,-2.9724,0.0000,-2.9724,-2.9710,0.0000,-2.9710,-0.7136
66.926,-2.9746,0.0000,-2.9746,-3.0034,0.0000,-3.0034,-0.7136
66.930,-2.9767,0.0000,-2.9767,-3.0343,0.0000,-3.0343,-0.7136
66.934,-2.9787,0.0000,-2.9787,-3.0660,0.0000,-3.0660,-0.7016
66.939,-2.9811,0.0000,-2.9811,-3.1080,0.0000,-3.1080,-0.7016
66.944,-2.9831,0.0000,-2.9831,-3.1429,0.0000,-3.1429,-0.7016
66.948,-2.9849,0.0000,-2.9849,-3.1773,0.0000,-3.1773,-0.7016
66.952,-2.9867,0.0000,-2.9867,-3.2139,0.0000,-3.2139,-0.7016
66.964,-2.9919,0.0000,-2.9919,-3.3250,0.0000,-3.3250,-0.6874
66.970,-2.9944,0.0000,-2.9944,-3.3815,0.0000,-3.3815,-0.6874
66.975,-2.9961,0.0000,-2.9961,-3.4194,0.0000,-3.4194,-0.6710
66.979,-2.9979,0.0000,-2.9979,-3.4601,0.0000,-3.4601,-0.6710
66.984,-2.9995,0.0000,-2.9995,-3.5002,0.0000,-3.5002,-0.6710
66.989,-3.0011,0.0000,-3.0011,-3.5418,0.0000,-3.5418,-0.6710
66.993,-3.0026,0.0000,-3.0026,-3.5814,0.0000,-3.5814,-0.6710
66.997,-3.0039,0.0000,-3.0039,-3.6208,0.0000,-3.6208,-0.6522
67.002,-3.0055,0.0000,-3.0055,-3.6680,0.0000,-3.6680,-0.6522
67.006,-3.0069,0.0000,-3.0069,-3.7144,0.0000,-3.7144,-0.6522
67.010,-3.0081,0.0000,-3.0081,-3.7585,0.0000,-3.7585,-0.6522
67.015,-3.0094,0.0000,-3.0094,-3.8063,0.0000,-3.8063,-0.6315
67.026,-3.0128,0.0000,-3.0128,-3.9475,0.0000,-3.9475,-0.6315
67.030,-3.0140,0.0000,-3.0140,-4.0002,0.0000,-4.0002,-0.6315
67.035,-3.0153,0.0000,-3.0153,-4.0615,0.0000,-4.0615,-0.6086
67.040,-2.9646,0.0000,-2.9646,-4.1229,0.0000,-4.1229,-0.6086
67.045,-2.8972,0.0000,-2.8972,-4.1755,0.0000,-4.1755,-0.6086
67.049,-2.8318,0.0000,-2.8318,-4.2294,0.0000,-4.2294,-0.6086
67.053,-2.7652,0.0000,-2.7652,-4.2806,0.0000,-4.2806,-0.6086
67.058,-2.6985,0.0000,-2.6985,-4.3210,0.0000,-4.3210,-0.5840
67.062,-2.6306,0.0000,-2.6306,-4.3504,0.0000,-4.3504,-0.5840
67.067,-2.5663,0.0000,-2.5663,-4.3671,0.0000,-4.3671,-0.5840
67.072,-2.4975,0.0000,-2.4975,-4.3711,0.0000,-4.3711,-0.5840
67.076,-2.4321,0.0000,-2.4321,-4.3617,0.0000,-4.3617,-0.5575
67.081,-2.3693,0.0000,-2.3693,-4.3397,0.0000,-4.3397,-0.5575
67.085,-2.3151,0.0000,-2.3151,-4.3104,0.0000,-4.3104,-0.5575
67.090,-2.2554,0.0000,-2.2554,-4.2648,0.0000,-4.2648,-0.5575
67.094,-2.2023,0.0000,-2.2023,-4.2131,0.0000,-4.2131,-0.5293
67.099,-2.1432,0.0000,-2.1432,-4.1407,0.0000,-4.1407,-0.5293
67.104,-2.0905,0.0000,-2.0905,-4.0744,0.0000,-4.0744,-0.5293
67.116,-1.9434,0.0000,-1.9434,-3.9017,0.0000,-3.9017,-0.5102
67.131,-1.7851,0.0000,-1.7851,-3.7335,0.0000,-3.7335,-0.5102
67.136,-1.7413,0.0000,-1.7413,-3.6889,0.0000,-3.6889,-0.4904
67.141,-1.6942,0.0000,-1.6942,-3.6430,0.0000,-3.6430,-0.4904
67.145,-1.6539,0.0000,-1.6539,-3.6054,0.0000,-3.6054,-0.4904
67.149,-1.6164,0.0000,-1.6164,-3.5718,0.0000,-3.5718,-0.4904
67.153,-1.5792,0.0000,-1.5792,-3.5401,0.0000,-3.5401,-0.4904
67.158,-1.5390,0.0000,-1.5390,-3.5079,0.0000,-3.5079,-0.4681
67.163,-1.4986,0.0000,-1.4986,-3.4776,0.0000,-3.4776,-0.4681
67.167,-1.4646,0.0000,-1.4646,-3.4538,0.0000,-3.4538,-0.4681
67.171,-1.4290,0.0000,-1.4290,-3.4306,0.0000,-3.4306,-0.4681
67.176,-1.3939,0.0000,-1.3939,-3.4098,0.0000,-3.4098,-0.4089
67.180,-1.3580,0.0000,-1.3580,-3.3908,0.0000,-3.3908,-0.4089
67.184,-1.3269,0.0000,-1.3269,-3.3761,0.0000,-3.3761,-0.4089
67.189,-1.2933,0.0000,-1.2933,-3.3625,0.0000,-3.3625,-0.4089
67.193,-1.2630,0.0000,-1.2630,-3.3521,0.0000,-3.3521,-0.4089
67.197,-1.2337,0.0000,-1.2337,-3.3439,0.0000,-3.3439,-0.3001
67.202,-1.2015,0.0000,-1.2015,-3.3375,0.0000,-3.3375,-0.3001
67.207,-1.1699,0.0000,-1.1699,-3.3338,0.0000,-3.3338,-0.3001
67.211,-1.1425,0.0000,-1.1425,-3.3327,0.0000,-3.3327,-0.3001
67.215,-1.1165,0.0000,-1.1165,-3.3335,0.0000,-3.3335,-0.1830
67.220,-1.0856,0.0000,-1.0856,-3.3374,0.0000,-3.3374,-0.1830
67.225,-1.0557,0.0000,-1.0557,-3.3444,0.0000,-3.3444,-0.1830
67.237,-0.9831,0.0000,-0.9831,-3.3803,0.0000,-3.3803,-0.0711
67.242,-0.9554,0.0000,-0.9554,-3.3972,0.0000,-3.3972,-0.0711
67.247,-0.9320,0.0000,-0.9320,-3.4143,0.0000,-3.4143,-0.0711
67.251,-0.9087,0.0000,-0.9087,-3.4342,0.0000,-3.4342,-0.0711
67.256,-0.8851,0.0000,-0.8851,-3.4570,0.0000,-3.4570,0.0349
67.268,-0.8236,0.0000,-0.8236,-3.5386,0.0000,-3.5386,0.0349
67.274,-0.7966,0.0000,-0.7966,-3.5793,0.0000,-3.5793,0.1345
67.279,-0.7755,0.0000,-0.7755,-3.6141,0.0000,-3.6141,0.1345
67.283,-0.7574,0.0000,-0.7574,-3.6466,0.0000,-3.6466,0.1345
67.288,-0.7373,0.0000,-0.7373,-3.6859,0.0000,-3.6859,0.1345
67.292,-0.7195,0.0000,-0.7195,-3.7238,0.0000,-3.7238,0.1345
67.297,-0.7027,0.0000,-0.7027,-3.7621,0.0000,-3.7621,0.2243
67.301,-0.6835,0.0000,-0.6835,-3.8091,0.0000,-3.8091,0.2243
67.306,-0.6667,0.0000,-0.6667,-3.8532,0.0000,-3.8532,0.2243
67.310,-0.6511,0.0000,-0.6511,-3.8967,0.0000,-3.8967,0.2243
67.314,-0.6356,0.0000,-0.6356,-3.9430,0.0000,-3.9430,0.3063
67.319,-0.6184,0.0000,-0.6184,-3.9976,0.0000,-3.9976,0.3063
67.323,-0.6035,0.0000,-0.6035,-4.0473,0.0000,-4.0473,0.3063
67.328,-0.5894,0.0000,-0.5894,-4.0973,0.0000,-4.0973,0.3063
67.332,-0.5743,0.0000,-0.5743,-4.1540,0.0000,-4.1540,0.3063
67.343,-0.5395,0.0000,-0.5395,-4.3009,0.0000,-4.3009,0.3813
67.348,-0.5244,0.0000,-0.5244,-4.3683,0.0000,-4.3683,0.3813
67.352,-0.5124,0.0000,-0.5124,-4.4241,0.0000,-4.4241,0.3813
67.356,-0.5000,0.0000,-0.5000,-4.4845,0.0000,-4.4845,0.4490
67.361,-0.4859,0.0000,-0.4859,-4.5559,0.0000,-4.5559,0.4490
67.366,-0.4739,0.0000,-0.4739,-4.6194,0.0000,-4.6194,0.4490
67.370,-0.4623,0.0000,-0.4623,-4.6837,0.0000,-4.6837,0.4490
67.374,-0.4509,0.0000,-0.4509,-4.7484,0.0000,-4.7484,0.5095
67.381,-0.4348,0.0000,-0.4348,-4.8449,0.0000,-4.8449,0.5095
67.385,-0.4240,0.0000,-0.4240,-4.9117,0.0000,-4.9117,0.5095
67.390,-0.4129,0.0000,-0.4129,-4.9825,0.0000,-4.9825,0.5095
67.394,-0.4025,0.0000,-0.4025,-5.0510,0.0000,-5.0510,0.5629
67.399,-0.3918,0.0000,-0.3918,-5.1235,0.0000,-5.1235,0.5629
67.403,-0.3819,0.0000,-0.3819,-5.1927,0.0000,-5.1927,0.5629
67.408,-0.3713,0.0000,-0.3713,-5.2680,0.0000,-5.2680,0.5629
67.420,-0.3459,0.0000,-0.3459,-5.4587,0.0000,-5.4587,0.6096
67.427,-0.3337,0.0000,-0.3337,-5.5516,0.0000,-5.5516,0.6096
67.431,-0.3258,0.0000,-0.3258,-5.6125,0.0000,-5.6125,0.6096
67.435,-0.3177,0.0000,-0.3177,-5.6756,0.0000,-5.6756,0.6494
67.440,-0.3087,0.0000,-0.3087,-5.7469,0.0000,-5.7469,0.6494
67.445,-0.3008,0.0000,-0.3008,-5.8090,0.0000,-5.8090,0.6494
67.456,-0.2823,0.0000,-0.2823,-5.9551,0.0000,-5.9551,0.6825
67.460,-0.2746,0.0000,-0.2746,-6.0155,0.0000,-6.0155,0.6825
67.464,-0.2682,0.0000,-0.2682,-6.0652,0.0000,-6.0652,0.6825
67.469,-0.2614,0.0000,-0.2614,-6.1172,0.0000,-6.1172,0.6825
67.473,-0.2548,0.0000,-0.2548,-6.1676,0.0000,-6.1676,0.6825
67.478,-0.2487,0.0000,-0.2487,-6.2129,0.0000,-6.2129,0.7090
67.482,-0.2418,0.0000,-0.2418,-6.2619,0.0000,-6.2619,0.7090
67.487,-0.2359,0.0000,-0.2359,-6.3033,0.0000,-6.3033,0.7090
67.491,-0.2302,0.0000,-0.2302,-6.3420,0.0000,-6.3420,0.7090
67.495,-0.2247,0.0000,-0.2247,-6.3775,0.0000,-6.3775,0.7288
67.500,-0.2186,0.0000,-0.2186,-6.4155,0.0000,-6.4155,0.7288
67.504,-0.2132,0.0000,-0.2132,-6.4471,0.0000,-6.4471,0.7288
67.509,-0.2080,0.0000,-0.2080,-6.4755,0.0000,-6.4755,0.7288
67.513,-0.2032,0.0000,-0.2032,-6.5000,0.0000,-6.5000,0.7288
67.517,-0.1982,0.0000,-0.1982,-6.5230,0.0000,-6.5230,0.7421
67.522,-0.1927,0.0000,-0.1927,-6.5462,0.0000,-6.5462,0.7421
67.526,-0.1881,0.0000,-0.1881,-6.5633,0.0000,-6.5633,0.7421
67.530,-0.1836,0.0000,-0.1836,-6.5774,0.0000,-6.5774,0.7421
67.535,-0.1788,0.0000,-0.1788,-6.5898,0.0000,-6.5898,0.7487
67.540,-0.1739,0.0000,-0.1739,-6.5995,0.0000,-6.5995,0.7487
67.544,-0.1697,0.0000,-0.1697,-6.6052,0.0000,-6.6052,0.7487
67.549,-0.1649,0.0000,-0.1649,-6.6080,0.0000,-6.6080,0.7487
67.560,-0.1542,0.0000,-0.1542,-6.5953,0.0000,-6.5953,0.7814
67.573,-0.1427,0.0000,-0.1427,-6.5538,0.0000,-6.5538,0.7814
67.579,-0.1381,0.0000,-0.1381,-6.5331,0.0000,-6.5331,0.8455
67.583,-0.1344,0.0000,-0.1344,-6.5122,0.0000,-6.5122,0.8455
67.588,-0.1311,0.0000,-0.1311,-6.4911,0.0000,-6.4911,0.8455
67.592,-0.1280,0.0000,-0.1280,-6.4678,0.0000,-6.4678,0.8455
67.596,-0.1248,0.0000,-0.1248,-6.4416,0.0000,-6.4416,0.9064
67.601,-0.1214,0.0000,-0.1214,-6.4091,0.0000,-6.4091,0.9064
67.605,-0.1183,0.0000,-0.1183,-6.3773,0.0000,-6.3773,0.9064
67.610,-0.1153,0.0000,-0.1153,-6.3427,0.0000,-6.3427,0.9064
67.614,-0.1126,0.0000,-0.1126,-6.3084,0.0000,-6.3084,0.9549
67.619,-0.1095,0.0000,-0.1095,-6.2672,0.0000,-6.2672,0.9549
67.623,-0.1068,0.0000,-0.1068,-6.2275,0.0000,-6.2275,0.9549
67.627,-0.1042,0.0000,-0.1042,-6.1864,0.0000,-6.1864,0.9549
67.631,-0.1017,0.0000,-0.1017,-6.1444,0.0000,-6.1444,0.9549
67.636,-0.0993,0.0000,-0.0993,-6.1010,0.0000,-6.1010,0.9911
67.641,-0.0964,0.0000,-0.0964,-6.0455,0.0000,-6.0455,0.9911
67.645,-0.0940,0.0000,-0.0940,-6.0003,0.0000,-6.0003,0.9911
67.653,-0.0899,0.0000,-0.0899,-5.9215,0.0000,-5.9215,0.9911
67.669,-0.0813,0.0000,-0.0813,-5.7628,0.0000,-5.7628,0.9313
67.676,-0.0783,0.0000,-0.0783,-5.7078,0.0000,-5.7078,0.8817
67.681,-0.0757,0.0000,-0.0757,-5.6614,0.0000,-5.6614,0.8817
67.686,-0.0738,0.0000,-0.0738,-5.6296,0.0000,-5.6296,0.8817
67.690,-0.0718,0.0000,-0.0718,-5.5959,0.0000,-5.5959,0.8817
67.695,-0.0699,0.0000,-0.0699,-5.5633,0.0000,-5.5633,0.9344
67.700,-0.0679,0.0000,-0.0679,-5.5255,0.0000,-5.5255,0.9344
67.706,-0.0657,0.0000,-0.0657,-5.4810,0.0000,-5.4810,0.9344
67.711,-0.0636,0.0000,-0.0636,-5.4375,0.0000,-5.4375,0.9344
67.724,-0.0590,0.0000,-0.0590,-5.3258,0.0000,-5.3258,0.8833
67.730,-0.0569,0.0000,-0.0569,-5.2720,0.0000,-5.2720,0.8833
67.735,-0.0553,0.0000,-0.0553,-5.2304,0.0000,-5.2304,0.7341
67.740,-0.0535,0.0000,-0.0535,-5.1803,0.0000,-5.1803,0.7341
67.745,-0.0521,0.0000,-0.0521,-5.1395,0.0000,-5.1395,0.7341
67.749,-0.0507,0.0000,-0.0507,-5.1006,0.0000,-5.1006,0.7341
67.754,-0.0493,0.0000,-0.0493,-5.0578,0.0000,-5.0578,0.6840
67.760,-0.0477,0.0000,-0.0477,-5.0090,0.0000,-5.0090,0.6840
67.771,-0.0446,0.0000,-0.0446,-4.9042,0.0000,-4.9042,0.6840
67.776,-0.0435,0.0000,-0.0435,-4.8658,0.0000,-4.8658,0.6304
67.780,-0.0423,0.0000,-0.0423,-4.8246,0.0000,-4.8246,0.6304
67.785,-0.0411,0.0000,-0.0411,-4.7814,0.0000,-4.7814,0.6304
67.790,-0.0400,0.0000,-0.0400,-4.7425,0.0000,-4.7425,0.6304
67.794,-0.0390,0.0000,-0.0390,-4.7071,0.0000,-4.7071,0.5730
67.799,-0.0379,0.0000,-0.0379,-4.6656,0.0000,-4.6656,0.5730
67.803,-0.0369,0.0000,-0.0369,-4.6289,0.0000,-4.6289,0.5730
67.808,-0.0360,0.0000,-0.0360,-4.5923,0.0000,-4.5923,0.5730
67.812,-0.0351,0.0000,-0.0351,-4.5582,0.0000,-4.5582,0.5730
67.816,-0.0343,0.0000,-0.0343,-4.5235,0.0000,-4.5235,0.5118
67.821,-0.0333,0.0000,-0.0333,-4.4845,0.0000,-4.4845,0.5118
67.825,-0.0325,0.0000,-0.0325,-4.4502,0.0000,-4.4502,0.5118
67.830,-0.0316,0.0000,-0.0316,-4.4155,0.0000,-4.4155,0.5118
67.834,-0.0309,0.0000,-0.0309,-4.3833,0.0000,-4.3833,0.4464
67.839,-0.0300,0.0000,-0.0300,-4.3449,0.0000,-4.3449,0.4464
67.843,-0.0293,0.0000,-0.0293,-4.3130,0.0000,-4.3130,0.4464
67.847,-0.0285,0.0000,-0.0285,-4.2801,0.0000,-4.2801,0.4464
67.851,-0.0278,0.0000,-0.0278,-4.2497,0.0000,-4.2497,0.4464
67.856,-0.0271,0.0000,-0.0271,-4.2192,0.0000,-4.2192,0.3769
67.861,-0.0264,0.0000,-0.0264,-4.1846,0.0000,-4.1846,0.3769
67.865,-0.0257,0.0000,-0.0257,-4.1520,0.0000,-4.1520,0.3769
67.877,-0.0239,0.0000,-0.0239,-4.0670,0.0000,-4.0670,0.3837
67.883,-0.0231,0.0000,-0.0231,-4.0294,0.0000,-4.0294,0.3837
67.887,-0.0225,0.0000,-0.0225,-4.0024,0.0000,-4.0024,0.3837
67.892,-0.0219,0.0000,-0.0219,-3.9750,0.0000,-3.9750,0.3837
67.896,-0.0214,0.0000,-0.0214,-3.9493,0.0000,-3.9493,0.2240
67.901,-0.0208,0.0000,-0.0208,-3.9207,0.0000,-3.9207,0.2240
67.905,-0.0203,0.0000,-0.0203,-3.8950,0.0000,-3.8950,0.2240
67.909,-0.0198,0.0000,-0.0198,-3.8697,0.0000,-3.8697,0.2240
67.913,-0.0193,0.0000,-0.0193,-3.8466,0.0000,-3.8466,0.2240
67.917,-0.0188,0.0000,-0.0188,-3.8237,0.0000,-3.8237,0.2252
67.923,-0.0182,0.0000,-0.0182,-3.7951,0.0000,-3.7951,0.2252
67.927,-0.0178,0.0000,-0.0178,-3.7724,0.0000,-3.7724,0.2252
67.931,-0.0174,0.0000,-0.0174,-3.7515,0.0000,-3.7515,0.2252
67.935,-0.0170,0.0000,-0.0170,-3.7307,0.0000,-3.7307,0.1789
67.940,-0.0164,0.0000,-0.0164,-3.7038,0.0000,-3.7038,0.1789
67.945,-0.0160,0.0000,-0.0160,-3.6818,0.0000,-3.6818,0.1789
67.950,-0.0156,0.0000,-0.0156,-3.6601,0.0000,-3.6601,0.1789
67.955,-0.0151,0.0000,-0.0151,-3.6367,0.0000,-3.6367,0.1743
67.960,-0.0146,0.0000,-0.0146,-3.6143,0.0000,-3.6143,0.1743
67.964,-0.0143,0.0000,-0.0143,-3.5948,0.0000,-3.5948,0.1743
67.970,-0.0138,0.0000,-0.0138,-3.5724,0.0000,-3.5724,0.1743
67.982,-0.0128,0.0000,-0.0128,-3.5236,0.0000,-3.5236,0.1866
67.988,-0.0124,0.0000,-0.0124,-3.5023,0.0000,-3.5023,0.1866
67.992,-0.0120,0.0000,-0.0120,-3.4858,0.0000,-3.4858,0.1866
67.997,-0.0117,0.0000,-0.0117,-3.4703,0.0000,-3.4703,0.2090
68.002,-0.0114,0.0000,-0.0114,-3.4525,0.0000,-3.4525,0.2090
68.007,-0.0110,0.0000,-0.0110,-3.4370,0.0000,-3.4370,0.2090
68.012,-0.0107,0.0000,-0.0107,-3.4227,0.0000,-3.4227,0.2090
68.017,-0.0104,0.0000,-0.0104,-3.4083,0.0000,-3.4083,0.1526
68.031,-0.0096,0.0000,-0.0096,-3.3721,0.0000,-3.3721,0.1526
68.037,-0.0092,0.0000,-0.0092,-3.3575,0.0000,-3.3575,0.1661
68.042,-0.0089,0.0000,-0.0089,-3.3455,0.0000,-3.3455,0.1661
68.048,-0.0087,0.0000,-0.0087,-3.3338,0.0000,-3.3338,0.1661
68.052,-0.0084,0.0000,-0.0084,-3.3243,0.0000,-3.3243,0.1661
68.057,-0.0082,0.0000,-0.0082,-3.3154,0.0000,-3.3154,0.2039
68.063,-0.0079,0.0000,-0.0079,-3.3060,0.0000,-3.3060,0.2039
68.067,-0.0077,0.0000,-0.0077,-3.2985,0.0000,-3.2985,0.2039
68.072,-0.0075,0.0000,-0.0075,-3.2911,0.0000,-3.2911,0.2039
68.078,-0.0072,0.0000,-0.0072,-3.2836,0.0000,-3.2836,0.3500
68.089,-0.0067,0.0000,-0.0067,-3.2705,0.0000,-3.2705,0.3500
68.094,-0.0066,0.0000,-0.0066,-3.2663,0.0000,-3.2663,0.4770
68.099,-0.0064,0.0000,-0.0064,-3.2623,0.0000,-3.2623,0.4770
68.103,-0.0062,0.0000,-0.0062,-3.2590,0.0000,-3.2590,0.4770
68.108,-0.0061,0.0000,-0.0061,-3.2563,0.0000,-3.2563,0.4770
68.112,-0.0059,0.0000,-0.0059,-3.2541,0.0000,-3.2541,0.4770
68.116,-0.0058,0.0000,-0.0058,-3.2524,0.0000,-3.2524,0.5853
68.121,-0.0056,0.0000,-0.0056,-3.2510,0.0000,-3.2510,0.5853
68.125,-0.0055,0.0000,-0.0055,-3.2501,0.0000,-3.2501,0.5853
68.129,-0.0053,0.0000,-0.0053,-3.2497,0.0000,-3.2497,0.5853
68.133,-0.0052,0.0000,-0.0052,-3.2498,0.0000,-3.2498,0.5853
68.138,-0.0051,0.0000,-0.0051,-3.2502,0.0000,-3.2502,0.4707
68.143,-0.0049,0.0000,-0.0049,-3.2516,0.0000,-3.2516,0.4707
68.148,-0.0048,0.0000,-0.0048,-3.2533,0.0000,-3.2533,0.4707
68.152,-0.0046,0.0000,-0.0046,-3.2552,0.0000,-3.2552,0.4707
68.157,-0.0045,0.0000,-0.0045,-3.2579,0.0000,-3.2579,0.4637
68.161,-0.0044,0.0000,-0.0044,-3.2612,0.0000,-3.2612,0.4637
68.165,-0.0043,0.0000,-0.0043,-3.2645,0.0000,-3.2645,0.4637
68.170,-0.0042,0.0000,-0.0042,-3.2685,0.0000,-3.2685,0.4637
68.182,-0.0039,0.0000,-0.0039,-3.2844,0.0000,-3.2844,0.3493
68.196,-0.0036,0.0000,-0.0036,-3.3055,0.0000,-3.3055,0.4971
68.200,-0.0035,0.0000,-0.0035,-3.3136,0.0000,-3.3136,0.4971
68.205,-0.0034,0.0000,-0.0034,-3.3215,0.0000,-3.3215,0.4971
68.209,-0.0033,0.0000,-0.0033,-3.3293,0.0000,-3.3293,0.4971
68.213,-0.0032,0.0000,-0.0032,-3.3372,0.0000,-3.3372,0.4971
68.217,-0.0031,0.0000,-0.0031,-3.3461,0.0000,-3.3461,0.4166
68.222,-0.0030,0.0000,-0.0030,-3.3570,0.0000,-3.3570,0.4166
68.226,-0.0030,0.0000,-0.0030,-3.3666,0.0000,-3.3666,0.4166
68.231,-0.0029,0.0000,-0.0029,-3.3766,0.0000,-3.3766,0.4166
68.235,-0.0028,0.0000,-0.0028,-3.3884,0.0000,-3.3884,0.3338
68.240,-0.0027,0.0000,-0.0027,-3.4018,0.0000,-3.4018,0.3338
68.244,-0.0027,0.0000,-0.0027,-3.4134,0.0000,-3.4134,0.3338
68.249,-0.0026,0.0000,-0.0026,-3.4267,0.0000,-3.4267,0.3338
68.253,-0.0025,0.0000,-0.0025,-3.4407,0.0000,-3.4407,0.3338
68.258,-0.0025,0.0000,-0.0025,-3.4550,0.0000,-3.4550,0.2478
68.263,-0.0024,0.0000,-0.0024,-3.4716,0.0000,-3.4716,0.2478
68.267,-0.0023,0.0000,-0.0023,-3.4857,0.0000,-3.4857,0.2478
68.271,-0.0023,0.0000,-0.0023,-3.5012,0.0000,-3.5012,0.2478
68.275,-0.0022,0.0000,-0.0022,-3.5168,0.0000,-3.5168,0.3578
68.280,-0.0022,0.0000,-0.0022,-3.5354,0.0000,-3.5354,0.3578
68.284,-0.0021,0.0000,-0.0021,-3.5517,0.0000,-3.5517,0.3578
68.289,-0.0020,0.0000,-0.0020,-3.5707,0.0000,-3.5707,0.3578
68.300,-0.0019,-0.0154,-0.0173,-3.6217,0.0000,-3.6217,0.1499
68.305,-0.0019,-0.0154,-0.0172,-3.6453,0.0000,-3.6453,0.1499
68.310,-0.0018,-0.0154,-0.0172,-3.6668,0.0000,-3.6668,0.1499
68.315,-0.0017,0.0000,-0.0017,-3.6918,0.0000,-3.6918,0.2616
68.325,-0.0016,0.0000,-0.0016,-3.7454,0.0000,-3.7454,0.2616
68.340,-0.0015,0.0000,-0.0015,-3.8415,0.0000,-3.8415,0.1789
68.349,-0.0014,0.0000,-0.0014,-3.8964,0.0000,-3.8964,0.1789
68.355,-0.0014,0.0000,-0.0014,-3.9355,0.0000,-3.9355,0.2938
68.362,-0.0013,0.0000,-0.0013,-3.9824,0.0000,-3.9824,0.2938
68.368,-0.0013,0.0000,-0.0013,-4.0213,0.0000,-4.0213,0.2938
68.375,-0.0012,-0.0160,-0.0172,-4.0688,0.0000,-4.0688,0.1151
68.382,-0.0012,-0.0160,-0.0171,-4.1244,0.0000,-4.1244,0.1151
68.389,-0.0011,-0.0160,-0.0171,-4.1756,0.0000,-4.1756,0.1151
68.394,-0.0011,0.0000,-0.0011,-4.2210,0.0101,-4.2109,0.2770
68.407,-0.0010,0.0000,-0.0010,-4.3389,0.0101,-4.3288,0.2770
68.412,-0.0010,0.0000,-0.0010,-4.3757,0.0101,-4.3656,0.2770
68.416,-0.0009,0.0000,-0.0009,-4.4113,0.0133,-4.3981,0.2170
68.421,-0.0009,0.0000,-0.0009,-4.4594,0.0133,-4.4461,0.2170
68.425,-0.0009,0.0000,-0.0009,-4.5004,0.0133,-4.4871,0.2170
68.429,-0.0009,0.0000,-0.0009,-4.5393,0.0133,-4.5260,0.2170
68.434,-0.0009,0.0211,0.0202,-4.5824,0.0271,-4.5553,0.4470
68.440,-0.0008,0.0211,0.0203,-4.6446,0.0271,-4.6175,0.4470
68.444,-0.0008,0.0211,0.0203,-4.6916,0.0271,-4.6645,0.4470
68.448,-0.0008,0.0211,0.0203,-4.7350,0.0271,-4.7079,0.4470
68.453,-0.0008,0.0211,0.0203,-4.7821,0.0271,-4.7550,0.4470
68.457,-0.0007,0.0306,0.0299,-4.8311,0.0372,-4.7939,0.5615
68.462,-0.0007,0.0306,0.0299,-4.8863,0.0372,-4.8491,0.5615
68.466,-0.0007,0.0306,0.0299,-4.9367,0.0372,-4.8995,0.5615
68.470,-0.0007,0.0306,0.0299,-4.9902,0.0372,-4.9529,0.5615
68.475,-0.0007,0.0270,0.0263,-5.0450,0.0421,-5.0029,0.5466
68.487,-0.0006,0.0270,0.0264,-5.2133,0.0421,-5.1712,0.5466
68.493,-0.0006,0.0270,0.0264,-5.2879,0.0421,-5.2458,0.5466
68.499,-0.0006,0.0232,0.0226,-5.3781,0.0470,-5.3311,0.5280
68.511,-0.0005,0.0232,0.0227,-5.5667,0.0470,-5.5197,0.5280
68.515,-0.0005,0.0191,0.0186,-5.6332,0.0517,-5.5815,0.5031
68.520,-0.0005,0.0191,0.0186,-5.7082,0.0517,-5.6565,0.5031
68.524,-0.0005,0.0191,0.0187,-5.7772,0.0517,-5.7255,0.5031
68.529,-0.0005,0.0191,0.0187,-5.8464,0.0517,-5.7947,0.5031
68.533,-0.0005,0.0191,0.0187,-5.9156,0.0517,-5.8638,0.5031
68.537,-0.0005,0.0146,0.0142,-5.9905,0.0559,-5.9345,0.4695
68.542,-0.0004,0.0146,0.0142,-6.0788,0.0559,-6.0228,0.4695
68.546,-0.0004,0.0146,0.0142,-6.1538,0.0559,-6.0979,0.4695
68.550,-0.0004,0.0146,0.0142,-6.2310,0.0559,-6.1751,0.4695
68.555,-0.0004,0.0000,-0.0004,-6.3097,0.0595,-6.2501,0.4249
68.560,-0.0004,0.0000,-0.0004,-6.4165,0.0595,-6.3569,0.4249
68.564,-0.0004,0.0000,-0.0004,-6.5052,0.0595,-6.4456,0.4249
68.569,-0.0004,0.0000,-0.0004,-6.5889,0.0595,-6.5294,0.4249
68.573,-0.0004,0.0000,-0.0004,-6.6920,0.0595,-6.6325,0.4249
68.578,-0.0004,-0.0162,-0.0165,-6.7829,0.0550,-6.7279,0.2390
68.583,-0.0003,-0.0162,-0.0165,-6.8895,0.0550,-6.8345,0.2390
68.587,-0.0003,-0.0162,-0.0165,-6.9846,0.0550,-6.9296,0.2390
68.591,-0.0003,-0.0162,-0.0165,-7.0865,0.0550,-7.0315,0.2390
68.595,-0.0003,0.0000,-0.0003,-7.1848,0.0759,-7.1089,0.5061
68.600,-0.0003,0.0000,-0.0003,-7.2963,0.0759,-7.2204,0.5061
68.605,-0.0003,0.0000,-0.0003,-7.4115,0.0759,-7.3357,0.5061
68.616,-0.0003,0.0000,-0.0003,-7.6923,0.0803,-7.6121,0.4939
68.621,-0.0003,0.0000,-0.0003,-7.8207,0.0803,-7.7405,0.4939
68.625,-0.0003,0.0000,-0.0003,-7.9280,0.0803,-7.8478,0.4939
68.637,-0.0002,0.0000,-0.0002,-8.2018,0.0834,-8.1184,0.4643
68.643,-0.0002,0.0000,-0.0002,-8.3249,0.0834,-8.2415,0.4643
68.647,-0.0002,0.0000,-0.0002,-8.4029,0.0834,-8.3194,0.4643
68.652,-0.0002,0.0000,-0.0002,-8.4784,0.0834,-8.3949,0.4643
68.656,-0.0002,-0.0113,-0.0115,-8.5484,0.0776,-8.4708,0.2759
68.661,-0.0002,-0.0113,-0.0115,-8.6204,0.0776,-8.5428,0.2759
68.665,-0.0002,-0.0113,-0.0115,-8.6772,0.0776,-8.5995,0.2759
68.670,-0.0002,-0.0113,-0.0115,-8.7354,0.0776,-8.6577,0.2759
68.674,-0.0002,0.0000,-0.0002,-8.7833,0.0867,-8.6967,0.3618
68.679,-0.0002,0.0000,-0.0002,-8.8269,0.0867,-8.7403,0.3618
68.684,-0.0002,0.0000,-0.0002,-8.8611,0.0867,-8.7745,0.3618
68.688,-0.0002,0.0000,-0.0002,-8.8907,0.0867,-8.8040,0.3618
68.692,-0.0002,0.0000,-0.0002,-8.9154,0.0867,-8.8288,0.3618
68.696,-0.0002,-0.0163,-0.0164,-8.9363,0.0731,-8.8632,0.0314
68.701,-0.0002,-0.0163,-0.0164,-8.9548,0.0731,-8.8818,0.0314
68.706,-0.0002,-0.0163,-0.0164,-8.9668,0.0731,-8.8937,0.0314
68.712,-0.0002,-0.0163,-0.0164,-8.9753,0.0731,-8.9022,0.0314
68.717,-0.0002,0.0000,-0.0002,-8.9772,0.0893,-8.8879,0.2544
68.729,-0.0001,0.0000,-0.0001,-8.9577,0.0893,-8.8684,0.2544
68.733,-0.0001,0.0000,-0.0001,-8.9474,0.0893,-8.8581,0.2544
68.737,-0.0001,0.0000,-0.0001,-8.9342,0.0934,-8.8409,0.2607
68.742,-0.0001,0.0000,-0.0001,-8.9148,0.0934,-8.8214,0.2607
68.747,-0.0001,0.0000,-0.0001,-8.8954,0.0934,-8.8021,0.2607
68.751,-0.0001,0.0000,-0.0001,-8.8753,0.0934,-8.7819,0.2607
68.755,-0.0001,0.0000,-0.0001,-8.8521,0.0977,-8.7545,0.2761
68.760,-0.0001,0.0000,-0.0001,-8.8224,0.0977,-8.7247,0.2761
68.764,-0.0001,0.0000,-0.0001,-8.7947,0.0977,-8.6970,0.2761
68.768,-0.0001,0.0000,-0.0001,-8.7650,0.0977,-8.6673,0.2761
68.773,-0.0001,0.0000,-0.0001,-8.7310,0.0977,-8.6333,0.2761
68.777,-0.0001,0.0000,-0.0001,-8.6967,0.1015,-8.5952,0.2871
68.790,-0.0001,0.0000,-0.0001,-8.5764,0.1015,-8.4749,0.2871
68.795,-0.0001,0.0000,-0.0001,-8.5238,0.1048,-8.4190,0.2904
68.800,-0.0001,0.0000,-0.0001,-8.4787,0.1048,-8.3739,0.2904
68.804,-0.0001,0.0000,-0.0001,-8.4347,0.1048,-8.3299,0.2904
68.808,-0.0001,0.0000,-0.0001,-8.3910,0.1048,-8.2862,0.2904
68.813,-0.0001,0.0000,-0.0001,-8.3457,0.1048,-8.2410,0.2904
68.817,-0.0001,0.0000,-0.0001,-8.3005,0.1073,-8.1933,0.2833
68.822,-0.0001,0.0000,-0.0001,-8.2436,0.1073,-8.1363,0.2833
68.827,-0.0001,0.0000,-0.0001,-8.1918,0.1073,-8.0845,0.2833
68.837,-0.0001,0.0163,0.0162,-8.0638,0.1261,-7.9377,0.5948
68.842,-0.0001,0.0163,0.0162,-8.0024,0.1261,-7.8763,0.5948
68.846,-0.0001,0.0163,0.0162,-7.9526,0.1261,-7.8265,0.5948
68.850,-0.0001,0.0163,0.0162,-7.9038,0.1261,-7.7776,0.5948
68.854,-0.0001,0.0000,-0.0001,-7.8529,0.1102,-7.7427,0.2478
68.859,-0.0001,0.0000,-0.0001,-7.7919,0.1102,-7.6817,0.2478
68.864,-0.0001,0.0000,-0.0001,-7.7396,0.1102,-7.6294,0.2478
68.868,-0.0001,0.0000,-0.0001,-7.6864,0.1102,-7.5761,0.2478
68.872,-0.0001,0.0000,-0.0001,-7.6265,0.1102,-7.5163,0.2478
68.877,-0.0001,0.0000,-0.0001,-7.5717,0.1126,-7.4591,0.2458
68.881,-0.0001,0.0000,-0.0001,-7.5119,0.1126,-7.3992,0.2458
68.886,-0.0001,0.0000,-0.0001,-7.4595,0.1126,-7.3468,0.2458
68.890,-0.0001,0.0000,-0.0001,-7.4041,0.1126,-7.2914,0.2458
68.894,-0.0001,0.0000,-0.0001,-7.3509,0.1146,-7.2363,0.2375
68.899,0.0000,0.0000,0.0000,-7.2892,0.1146,-7.1746,0.2375
68.903,0.0000,0.0000,0.0000,-7.2300,0.1146,-7.1155,0.2375
68.908,0.0000,0.0000,0.0000,-7.1681,0.1146,-7.0536,0.2375
68.913,0.0000,0.0000,0.0000,-7.1083,0.1146,-6.9938,0.2375
68.918,0.0000,0.0000,0.0000,-7.0453,0.1159,-6.9294,0.2206
68.924,0.0000,0.0000,0.0000,-6.9676,0.1159,-6.8516,0.2206
68.930,0.0000,0.0000,0.0000,-6.8914,0.1159,-6.7754,0.2206
68.945,0.0000,0.0000,0.0000,-6.6874,0.1167,-6.5707,0.1935
68.951,0.0000,0.0000,0.0000,-6.6071,0.1167,-6.4904,0.1935
68.956,0.0000,-0.0124,-0.0125,-6.5424,0.1024,-6.4401,-0.1282
68.962,0.0000,-0.0124,-0.0125,-6.4666,0.1024,-6.3642,-0.1282
68.968,0.0000,-0.0124,-0.0125,-6.3936,0.1024,-6.2912,-0.1282
68.973,0.0000,-0.0124,-0.0125,-6.3258,0.1024,-6.2234,-0.1282
68.979,0.0000,0.0000,0.0000,-6.2589,0.1197,-6.1392,0.1628
68.984,0.0000,0.0000,0.0000,-6.1929,0.1197,-6.0733,0.1628
68.990,0.0000,0.0000,0.0000,-6.1198,0.1197,-6.0001,0.1628
68.995,0.0000,0.0000,0.0000,-6.0667,0.1219,-5.9448,0.1696
69.000,0.0000,0.0000,0.0000,-6.0048,0.1219,-5.8829,0.1696
69.005,0.0000,0.0000,0.0000,-5.9453,0.1219,-5.8234,0.1696
69.011,0.0000,0.0000,0.0000,-5.8757,0.1219,-5.7538,0.1696
69.016,0.0000,0.0000,0.0000,-5.8218,0.1232,-5.6986,0.1600
69.021,0.0000,0.0000,0.0000,-5.7594,0.1232,-5.6362,0.1600
69.026,0.0000,0.0000,0.0000,-5.7082,0.1232,-5.5850,0.1600
69.030,0.0000,0.0000,0.0000,-5.6598,0.1232,-5.5366,0.1600
69.036,0.0000,0.0000,0.0000,-5.6020,0.1236,-5.4785,0.1332
69.042,0.0000,0.0000,0.0000,-5.5354,0.1236,-5.4118,0.1332
69.052,0.0000,0.0000,0.0000,-5.4176,0.1236,-5.2941,0.1332
69.057,0.0000,0.0000,0.0000,-5.3704,0.1090,-5.2614,-0.1861
69.062,0.0000,0.0000,0.0000,-5.3208,0.1090,-5.2118,-0.1861
69.066,0.0000,0.0000,0.0000,-5.2787,0.1090,-5.1697,-0.1861
69.071,0.0000,0.0000,0.0000,-5.2313,0.1090,-5.1224,-0.1861
69.075,0.0000,0.0000,0.0000,-5.1857,0.1229,-5.0628,0.0415
69.080,0.0000,0.0000,0.0000,-5.1345,0.1229,-5.0116,0.0415
69.093,0.0000,0.0000,0.0000,-5.0066,0.1229,-4.8838,0.0415
69.098,0.0000,0.0000,0.0000,-4.9547,0.1151,-4.8396,-0.1414
69.104,0.0000,0.0000,0.0000,-4.9062,0.1151,-4.7911,-0.1414
69.108,0.0000,0.0000,0.0000,-4.8670,0.1151,-4.7519,-0.1414
69.112,0.0000,0.0000,0.0000,-4.8304,0.1151,-4.7153,-0.1414
69.116,0.0000,0.0000,0.0000,-4.7896,0.1140,-4.6756,-0.2039
69.122,0.0000,0.0000,0.0000,-4.7394,0.1140,-4.6254,-0.2039
69.126,0.0000,0.0000,0.0000,-4.7018,0.1140,-4.5878,-0.2039
69.131,0.0000,0.0000,0.0000,-4.6643,0.1140,-4.5503,-0.2039
69.135,0.0000,0.0000,0.0000,-4.6273,0.0997,-4.5276,-0.5009
69.140,0.0000,0.0000,0.0000,-4.5860,0.0997,-4.4863,-0.5009
69.144,0.0000,0.0000,0.0000,-4.5520,0.0997,-4.4523,-0.5009
69.148,0.0000,0.0000,0.0000,-4.5177,0.0997,-4.4179,-0.5009
69.153,0.0000,0.0000,0.0000,-4.4825,0.0997,-4.3828,-0.5009
69.164,0.0000,0.0000,0.0000,-4.3934,0.1122,-4.2812,-0.3419
69.169,0.0000,0.0000,0.0000,-4.3552,0.1122,-4.2431,-0.3419
69.173,0.0000,0.0000,0.0000,-4.3228,0.1122,-4.2106,-0.3419
69.177,0.0000,0.0000,0.0000,-4.2915,0.1117,-4.1798,-0.3982
69.182,0.0000,0.0000,0.0000,-4.2510,0.1117,-4.1393,-0.3982
69.187,0.0000,0.0000,0.0000,-4.2161,0.1117,-4.1044,-0.3982
69.191,0.0000,0.0000,0.0000,-4.1856,0.1117,-4.0739,-0.3982
69.196,0.0000,0.0000,0.0000,-4.1561,0.1266,-4.0295,-0.2006
69.200,0.0000,0.0000,0.0000,-4.1232,0.1266,-3.9966,-0.2006
69.205,0.0000,0.0000,0.0000,-4.0935,0.1266,-3.9669,-0.2006
69.209,0.0000,0.0000,0.0000,-4.0619,0.1266,-3.9353,-0.2006
69.214,0.0000,0.0000,0.0000,-4.0333,0.1334,-3.8999,-0.1280
69.219,0.0000,0.0000,0.0000,-4.0013,0.1334,-3.8679,-0.1280
69.223,0.0000,0.0000,0.0000,-3.9736,0.1334,-3.8402,-0.1280
69.227,0.0000,0.0000,0.0000,-3.9451,0.1334,-3.8118,-0.1280
69.232,0.0000,0.0000,0.0000,-3.9188,0.1334,-3.7854,-0.1280
69.243,0.0000,0.0000,0.0000,-3.8471,0.1321,-3.7149,-0.1839
69.249,0.0000,0.0000,0.0000,-3.8128,0.1321,-3.6806,-0.1839
69.254,0.0000,0.0000,0.0000,-3.7867,0.1369,-3.6499,-0.1342
69.266,0.0000,0.0000,0.0000,-3.7160,0.1369,-3.5791,-0.1342
69.270,0.0000,0.0000,0.0000,-3.6922,0.1369,-3.5554,-0.1342
69.275,0.0000,0.0000,0.0000,-3.6694,0.1341,-3.5353,-0.2105
69.280,0.0000,0.0000,0.0000,-3.6452,0.1341,-3.5111,-0.2105
69.284,0.0000,0.0000,0.0000,-3.6249,0.1341,-3.4908,-0.2105
69.288,0.0000,0.0000,0.0000,-3.6029,0.1341,-3.4688,-0.2105
69.292,0.0000,0.0000,0.0000,-3.5820,0.1341,-3.4479,-0.2105
69.297,0.0000,0.0000,0.0000,-3.5622,0.1360,-3.4262,-0.1981
69.301,0.0000,0.0000,0.0000,-3.5402,0.1360,-3.4042,-0.1981
69.306,0.0000,0.0000,0.0000,-3.5198,0.1360,-3.3838,-0.1981
69.310,0.0000,0.0000,0.0000,-3.5010,0.1360,-3.3650,-0.1981
69.314,0.0000,0.0000,0.0000,-3.4831,0.1220,-3.3611,-0.4944
69.319,0.0000,0.0000,0.0000,-3.4623,0.1220,-3.3403,-0.4944
69.323,0.0000,0.0000,0.0000,-3.4442,0.1220,-3.3222,-0.4944
69.335,0.0000,0.0000,0.0000,-3.3938,0.1276,-3.2662,-0.3996
69.342,0.0000,0.0000,0.0000,-3.3694,0.1276,-3.2417,-0.3996
69.347,0.0000,0.0000,0.0000,-3.3502,0.1276,-3.2226,-0.3996
69.351,0.0000,0.0000,0.0000,-3.3339,0.1276,-3.2063,-0.3996
69.356,0.0000,0.0000,0.0000,-3.3175,0.1321,-3.1854,-0.3138
69.368,0.0000,0.0000,0.0000,-3.2782,0.1321,-3.1461,-0.3138
69.372,0.0000,0.0000,0.0000,-3.2638,0.1321,-3.1317,-0.3138
69.376,0.0000,0.0000,0.0000,-3.2512,0.1238,-3.1274,-0.5095
69.382,0.0000,0.0000,0.0000,-3.2345,0.1238,-3.1107,-0.5095
69.395,0.0000,0.0000,0.0000,-3.1972,0.1278,-3.0694,-0.4313
69.401,0.0000,0.0000,0.0000,-3.1817,0.1278,-3.0539,-0.4313
69.406,0.0000,0.0000,0.0000,-3.1705,0.1278,-3.0428,-0.4313
69.410,0.0000,0.0000,0.0000,-3.1608,0.1278,-3.0331,-0.4313
69.414,0.0000,0.0000,0.0000,-3.1513,0.1278,-3.0235,-0.4419
69.419,0.0000,0.0000,0.0000,-3.1412,0.1278,-3.0134,-0.4419
69.423,0.0000,0.0000,0.0000,-3.1325,0.1278,-3.0047,-0.4419
69.427,0.0000,0.0000,0.0000,-3.1244,0.1278,-2.9966,-0.4419
69.431,0.0000,0.0000,0.0000,-3.1168,0.1278,-2.9890,-0.4419
69.436,0.0000,0.0000,0.0000,-3.1092,0.1278,-2.9814,-0.4551
69.441,0.0000,0.0000,0.0000,-3.1011,0.1278,-2.9733,-0.4551
69.445,0.0000,0.0000,0.0000,-3.0945,0.1278,-2.9667,-0.4551
69.449,0.0000,0.0000,0.0000,-3.0885,0.1278,-2.9607,-0.4551
69.453,0.0000,0.0000,0.0000,-3.0829,0.1278,-2.9551,-0.4551
69.458,0.0000,0.0000,0.0000,-3.0771,0.1259,-2.9513,-0.5140
69.469,0.0000,0.0000,0.0000,-3.0656,0.1259,-2.9398,-0.5140
69.474,0.0000,0.0000,0.0000,-3.0619,0.1230,-2.9389,-0.5946
69.479,0.0000,0.0000,0.0000,-3.0586,0.1230,-2.9357,-0.5946
69.483,0.0000,0.0000,0.0000,-3.0562,0.1230,-2.9333,-0.5946
69.487,0.0000,0.0000,0.0000,-3.0544,0.1230,-2.9314,-0.5946
69.492,0.0000,0.0000,0.0000,-3.0527,0.1230,-2.9298,-0.5946
69.496,0.0000,0.0000,0.0000,-3.0518,0.1176,-2.9342,-0.7258
69.501,0.0000,0.0000,0.0000,-3.0512,0.1176,-2.9336,-0.7258
69.505,0.0000,0.0000,0.0000,-3.0513,0.1176,-2.9337,-0.7258
69.510,0.0000,0.0000,0.0000,-3.0521,0.1176,-2.9345,-0.7258
69.514,0.0000,0.0000,0.0000,-3.0534,0.1152,-2.9383,-0.8035
69.519,0.0000,0.0000,0.0000,-3.0559,0.1152,-2.9407,-0.8035
69.524,0.0000,0.0000,0.0000,-3.0588,0.1152,-2.9436,-0.8035
69.528,0.0000,0.0000,0.0000,-3.0617,0.1152,-2.9466,-0.8035
69.532,0.0000,0.0000,0.0000,-3.0655,0.1152,-2.9504,-0.8035
69.544,0.0000,0.0000,0.0000,-3.0828,0.1145,-2.9683,-0.8512
69.550,0.0000,0.0000,0.0000,-3.0926,0.1145,-2.9781,-0.8512
69.555,0.0000,0.0000,0.0000,-3.1009,0.1140,-2.9869,-0.8941
69.560,0.0000,0.0000,0.0000,-3.1090,0.1140,-2.9949,-0.8941
69.564,0.0000,0.0000,0.0000,-3.1140,0.1140,-3.0000,-0.8941
69.569,0.0000,0.0000,0.0000,-3.1174,0.1140,-3.0034,-0.8941
69.580,0.0000,0.0000,0.0000,-3.1149,0.1137,-3.0012,-0.9357
69.585,0.0000,0.0000,0.0000,-3.1112,0.1137,-2.9975,-0.9357
69.589,0.0000,0.0000,0.0000,-3.1068,0.1137,-2.9930,-0.9357
69.594,0.0000,0.0000,0.0000,-3.1009,0.1135,-2.9875,-0.9768
69.599,0.0000,0.0000,0.0000,-3.0928,0.1135,-2.9793,-0.9768
69.603,0.0000,0.0000,0.0000,-3.0847,0.1135,-2.9713,-0.9768
69.607,0.0000,0.0000,0.0000,-3.0755,0.1135,-2.9621,-0.9768
69.612,0.0000,0.0000,0.0000,-3.0678,0.1135,-2.9543,-0.9768
69.616,0.0000,0.0000,0.0000,-3.0620,0.1133,-2.9487,-1.0171
69.620,0.0000,0.0000,0.0000,-3.0579,0.1133,-2.9446,-1.0171
69.625,0.0000,0.0000,0.0000,-3.0561,0.1133,-2.9428,-1.0171
69.629,0.0000,0.0000,0.0000,-3.0561,0.1133,-2.9428,-1.0171
69.633,0.0000,0.0000,0.0000,-3.0579,0.1133,-2.9446,-1.0171
69.637,0.0000,0.0000,0.0000,-3.0615,0.1131,-2.9484,-1.0561
69.642,0.0000,0.0000,0.0000,-3.0680,0.1131,-2.9549,-1.0561
69.646,0.0000,0.0000,0.0000,-3.0754,0.1131,-2.9622,-1.0561
69.650,0.0000,0.0000,0.0000,-3.0837,0.1131,-2.9706,-1.0561
69.654,0.0000,0.0000,0.0000,-3.0940,0.1126,-2.9814,-1.1021
69.660,0.0000,0.0000,0.0000,-3.1093,0.1126,-2.9967,-1.1021
69.664,0.0000,0.0000,0.0000,-3.1232,0.1126,-3.0106,-1.1021
69.668,0.0000,0.0000,0.0000,-3.1382,0.1126,-3.0256,-1.1021
69.672,0.0000,0.0000,0.0000,-3.1569,0.1126,-3.0443,-1.1021
69.684,0.0000,0.0000,0.0000,-3.2176,0.1116,-3.1060,-1.1573
69.697,0.0000,0.0000,0.0000,-3.3014,0.1108,-3.1906,-1.2091
69.704,0.0000,0.0000,0.0000,-3.3420,0.1108,-3.2311,-1.2091
69.708,0.0000,0.0000,0.0000,-3.3738,0.1108,-3.2630,-1.2091
69.713,0.0000,0.0000,0.0000,-3.4029,0.1108,-3.2921,-1.2091
69.717,0.0000,0.0000,0.0000,-3.4335,0.1103,-3.3232,-1.2560
69.722,0.0000,0.0000,0.0000,-3.4755,0.1103,-3.3652,-1.2560
69.727,0.0000,0.0000,0.0000,-3.5090,0.1103,-3.3988,-1.2560
69.731,0.0000,0.0000,0.0000,-3.5420,0.1103,-3.4317,-1.2560
69.735,0.0000,0.0000,0.0000,-3.5767,0.1084,-3.4683,-1.3263
69.740,0.0000,0.0000,0.0000,-3.6207,0.1084,-3.5123,-1.3263
69.744,0.0000,0.0000,0.0000,-3.6571,0.1084,-3.5487,-1.3263
69.748,0.0000,0.0000,0.0000,-3.6934,0.1084,-3.5849,-1.3263
69.753,0.0000,0.0000,0.0000,-3.7304,0.1084,-3.6220,-1.3263
69.757,0.0000,0.0000,0.0000,-3.7708,0.1069,-3.6638,-1.3912
69.762,0.0000,0.0000,0.0000,-3.8154,0.1069,-3.7084,-1.3912
69.766,0.0000,0.0000,0.0000,-3.8537,0.1069,-3.7467,-1.3912
69.770,0.0000,0.0000,0.0000,-3.8984,0.1069,-3.7915,-1.3912
69.775,0.0000,0.0000,0.0000,-3.9438,0.1059,-3.8379,-1.4475
69.787,0.0000,0.0000,0.0000,-4.0638,0.1059,-3.9579,-1.4475
69.791,0.0000,0.0000,0.0000,-4.1086,0.1059,-4.0027,-1.4475
69.795,0.0000,0.0000,0.0000,-4.1497,0.1053,-4.0444,-1.4951
69.800,0.0000,0.0000,0.0000,-4.1973,0.1053,-4.0920,-1.4951
69.805,0.0000,0.0000,0.0000,-4.2435,0.1053,-4.1382,-1.4951
69.809,0.0000,0.0000,0.0000,-4.2864,0.1053,-4.1811,-1.4951
69.813,0.0000,0.0000,0.0000,-4.3269,0.1053,-4.2216,-1.4951
69.817,0.0000,0.0000,0.0000,-4.3686,0.1039,-4.2647,-1.5563
69.822,0.0000,0.0000,0.0000,-4.4171,0.1039,-4.3131,-1.5563
69.826,0.0000,0.0000,0.0000,-4.4593,0.1039,-4.3553,-1.5563
69.830,0.0000,0.0000,0.0000,-4.4994,0.1039,-4.3954,-1.5563
69.835,0.0000,0.0000,0.0000,-4.5437,0.1018,-4.4419,-1.6326
69.848,0.0000,0.0000,0.0000,-4.6708,0.1018,-4.5690,-1.6326
69.854,0.0000,0.0000,0.0000,-4.7299,0.1002,-4.6297,-1.6987
69.859,0.0000,0.0000,0.0000,-4.7788,0.1002,-4.6786,-1.6987
69.864,0.0000,0.0000,0.0000,-4.8215,0.1002,-4.7212,-1.6987
69.869,0.0000,0.0000,0.0000,-4.8626,0.1002,-4.7623,-1.6987
69.873,0.0000,0.0000,0.0000,-4.9019,0.1002,-4.8017,-1.6987
69.878,0.0000,0.0000,0.0000,-4.9435,0.0993,-4.8442,-1.7531
69.883,0.0000,0.0000,0.0000,-4.9826,0.0993,-4.8833,-1.7531
69.888,0.0000,0.0000,0.0000,-5.0174,0.0993,-4.9181,-1.7531
69.899,0.0000,0.0000,0.0000,-5.0989,0.0980,-5.0009,-1.8120
69.905,0.0000,0.0000,0.0000,-5.1418,0.0980,-5.0438,-1.8120
69.910,0.0000,0.0000,0.0000,-5.1748,0.0980,-5.0768,-1.8120
69.915,0.0000,0.0000,0.0000,-5.2037,0.0965,-5.1071,-1.8746
69.920,0.0000,0.0000,0.0000,-5.2332,0.0965,-5.1367,-1.8746
69.924,0.0000,0.0000,0.0000,-5.2583,0.0965,-5.1617,-1.8746
69.929,0.0000,0.0000,0.0000,-5.2803,0.0965,-5.1838,-1.8746
69.933,0.0000,0.0000,0.0000,-5.3007,0.0965,-5.2041,-1.8746
69.937,0.0000,0.0000,0.0000,-5.3212,0.0934,-5.2278,-1.9717
69.942,0.0000,0.0000,0.0000,-5.3443,0.0934,-5.2509,-1.9717
69.947,0.0000,0.0000,0.0000,-5.3611,0.0934,-5.2678,-1.9717
69.951,0.0000,0.0000,0.0000,-5.3763,0.0934,-5.2829,-1.9717
69.955,0.0000,0.0000,0.0000,-5.3908,0.0924,-5.2984,-2.0226
69.960,0.0000,0.0000,0.0000,-5.4057,0.0924,-5.3133,-2.0226
69.964,0.0000,0.0000,0.0000,-5.4170,0.0924,-5.3246,-2.0226
69.968,0.0000,0.0000,0.0000,-5.4269,0.0924,-5.3345,-2.0226
69.973,0.0000,0.0000,0.0000,-5.4370,0.0924,-5.3446,-2.0226
69.977,0.0000,0.0000,0.0000,-5.4444,0.0921,-5.3523,-2.0589
69.982,0.0000,0.0000,0.0000,-5.4510,0.0921,-5.3589,-2.0589
69.987,0.0000,0.0000,0.0000,-5.4558,0.0921,-5.3637,-2.0589
69.999,0.0000,0.0000,0.0000,-5.4581,0.0923,-5.3657,-2.0807
70.012,0.0000,0.0000,0.0000,-5.4485,0.0923,-5.3561,-2.0807
70.016,0.0000,0.0000,0.0000,-5.4442,0.0931,-5.3511,-2.0880
70.021,0.0000,0.0000,0.0000,-5.4369,0.0931,-5.3438,-2.0880
70.026,0.0000,0.0000,0.0000,-5.4298,0.0931,-5.3368,-2.0880
70.030,0.0000,0.0000,0.0000,-5.4221,0.0931,-5.3290,-2.0880
70.034,0.0000,0.0000,0.0000,-5.4129,0.0942,-5.3187,-2.0810
70.039,0.0000,0.0000,0.0000,-5.3991,0.0942,-5.3049,-2.0810
70.044,0.0000,0.0000,0.0000,-5.3853,0.0942,-5.2911,-2.0810
70.049,0.0000,0.0000,0.0000,-5.3720,0.0942,-5.2778,-2.0810
70.053,0.0000,0.0000,0.0000,-5.3574,0.0942,-5.2632,-2.0810
70.058,0.0000,0.0000,0.0000,-5.3395,0.0963,-5.2433,-2.0475
70.063,0.0000,0.0000,0.0000,-5.3205,0.0963,-5.2243,-2.0475
70.067,0.0000,0.0000,0.0000,-5.3033,0.0963,-5.2071,-2.0475
70.071,0.0000,0.0000,0.0000,-5.2843,0.0963,-5.1880,-2.0475
70.076,0.0000,0.0000,0.0000,-5.2631,0.0987,-5.1644,-1.9984
70.081,0.0000,0.0000,0.0000,-5.2398,0.0987,-5.1411,-1.9984
70.085,0.0000,0.0000,0.0000,-5.2191,0.0987,-5.1204,-1.9984
70.089,0.0000,0.0000,0.0000,-5.1965,0.0987,-5.0977,-1.9984
70.093,0.0000,0.0000,0.0000,-5.1725,0.0987,-5.0738,-1.9984
70.098,0.0000,0.0000,0.0000,-5.1472,0.1006,-5.0465,-1.9556
70.102,0.0000,0.0000,0.0000,-5.1196,0.1006,-5.0190,-1.9556
70.107,0.0000,0.0000,0.0000,-5.0914,0.1006,-4.9907,-1.9556
70.118,0.0000,0.0000,0.0000,-5.0156,0.1028,-4.9127,-1.9008
70.123,0.0000,0.0000,0.0000,-4.9813,0.1028,-4.8784,-1.9008
70.128,0.0000,0.0000,0.0000,-4.9523,0.1028,-4.8495,-1.9008
70.132,0.0000,0.0000,0.0000,-4.9242,0.1028,-4.8213,-1.9008
70.136,0.0000,0.0000,0.0000,-4.8946,0.1054,-4.7893,-1.8324
70.141,0.0000,0.0000,0.0000,-4.8563,0.1054,-4.7510,-1.8324
70.152,0.0000,0.0000,0.0000,-4.7685,0.1054,-4.6631,-1.8324
70.158,0.0000,0.0000,0.0000,-4.7229,0.1082,-4.6148,-1.7508
70.163,0.0000,0.0000,0.0000,-4.6863,0.1082,-4.5781,-1.7508
70.167,0.0000,0.0000,0.0000,-4.6542,0.1082,-4.5460,-1.7508
70.172,0.0000,0.0000,0.0000,-4.6197,0.1082,-4.5116,-1.7508
70.176,0.0000,0.0000,0.0000,-4.5859,0.1112,-4.4746,-1.6565
70.181,0.0000,0.0000,0.0000,-4.5477,0.1112,-4.4365,-1.6565
70.185,0.0000,0.0000,0.0000,-4.5145,0.1112,-4.4032,-1.6565
70.189,0.0000,0.0000,0.0000,-4.4752,0.1112,-4.3640,-1.6565
70.194,0.0000,0.0000,0.0000,-4.4395,0.1142,-4.3254,-1.5625
70.198,0.0000,0.0000,0.0000,-4.4008,0.1142,-4.2867,-1.5625
70.202,0.0000,0.0000,0.0000,-4.3655,0.1142,-4.2513,-1.5625
70.207,0.0000,0.0000,0.0000,-4.3258,0.1142,-4.2117,-1.5625
70.212,0.0000,0.0000,0.0000,-4.2847,0.1142,-4.1705,-1.5625
70.216,0.0000,0.0000,0.0000,-4.2469,0.1167,-4.1302,-1.4745
70.228,0.0000,0.0000,0.0000,-4.1426,0.1167,-4.0259,-1.4745
70.232,0.0000,0.0000,0.0000,-4.1061,0.1167,-3.9894,-1.4745
70.237,0.0000,0.0000,0.0000,-4.0628,0.1198,-3.9430,-1.3698
70.242,0.0000,0.0000,0.0000,-4.0199,0.1198,-3.9001,-1.3698
70.246,0.0000,0.0000,0.0000,-3.9845,0.1198,-3.8647,-1.3698
70.251,0.0000,0.0000,0.0000,-3.9490,0.1198,-3.8292,-1.3698
70.255,0.0000,0.0000,0.0000,-3.9107,0.1232,-3.7875,-1.2513
70.260,0.0000,0.0000,0.0000,-3.8695,0.1232,-3.7463,-1.2513
70.264,0.0000,0.0000,0.0000,-3.8418,0.1232,-3.7186,-1.2513
70.268,0.0000,0.0000,0.0000,-3.8189,0.1232,-3.6957,-1.2513
70.273,0.0000,0.0000,0.0000,-3.8038,0.1232,-3.6806,-1.2513
70.277,0.0000,0.0000,0.0000,-3.7959,0.1269,-3.6690,-1.1196
70.282,0.0000,0.0000,0.0000,-3.7952,0.1269,-3.6682,-1.1196
70.286,0.0000,0.0000,0.0000,-3.8011,0.1269,-3.6742,-1.1196
70.291,0.0000,0.0000,0.0000,-3.8127,0.1269,-3.6858,-1.1196
70.295,0.0000,0.0000,0.0000,-3.8295,0.1308,-3.6987,-0.9784
70.307,0.0000,0.0000,0.0000,-3.9229,0.1308,-3.7921,-0.9784
70.313,0.0000,0.0000,0.0000,-3.9609,0.1308,-3.8302,-0.9784
70.317,0.0000,0.0000,0.0000,-3.9891,0.1332,-3.8559,-0.8701
70.322,0.0000,0.0000,0.0000,-4.0173,0.1332,-3.8841,-0.8701
70.333,0.0000,0.0000,0.0000,-4.0597,0.1332,-3.9265,-0.8701
70.337,0.0000,0.0000,0.0000,-4.0738,0.1356,-3.9383,-0.7585
70.342,0.0000,0.0000,0.0000,-4.0848,0.1356,-3.9492,-0.7585
70.347,0.0000,0.0000,0.0000,-4.0914,0.1356,-3.9558,-0.7585
70.351,0.0000,0.0000,0.0000,-4.0944,0.1356,-3.9588,-0.7585
70.355,0.0000,0.0000,0.0000,-4.0946,0.1381,-3.9565,-0.6362
70.360,0.0000,0.0000,0.0000,-4.0912,0.1381,-3.9530,-0.6362
70.364,0.0000,0.0000,0.0000,-4.0857,0.1381,-3.9476,-0.6362
70.368,0.0000,0.0000,0.0000,-4.0780,0.1381,-3.9399,-0.6362
70.373,0.0000,0.0000,0.0000,-4.0674,0.1381,-3.9293,-0.6362
70.378,0.0000,0.0000,0.0000,-4.0519,0.1408,-3.9111,-0.5041
70.383,0.0000,0.0000,0.0000,-4.0329,0.1408,-3.8921,-0.5041
70.387,0.0000,0.0000,0.0000,-4.0149,0.1408,-3.8741,-0.5041
70.392,0.0000,0.0000,0.0000,-3.9938,0.1408,-3.8530,-0.5041
70.396,0.0000,0.0000,0.0000,-3.9748,0.1435,-3.8313,-0.3634
70.401,0.0000,0.0000,0.0000,-3.9525,0.1435,-3.8090,-0.3634
70.405,0.0000,0.0000,0.0000,-3.9314,0.1435,-3.7879,-0.3634
70.410,0.0000,0.0000,0.0000,-3.9066,0.1435,-3.7632,-0.3634
70.415,0.0000,0.0000,0.0000,-3.8824,0.1461,-3.7362,-0.2146
70.420,0.0000,0.0000,0.0000,-3.8557,0.1461,-3.7096,-0.2146
70.425,0.0000,0.0000,0.0000,-3.8266,0.1461,-3.6804,-0.2146
70.437,0.0000,0.0000,0.0000,-3.7464,0.1487,-3.5976,-0.0587
70.443,0.0000,0.0000,0.0000,-3.7086,0.1487,-3.5599,-0.0587
70.448,0.0000,0.0000,0.0000,-3.6769,0.1487,-3.5281,-0.0587
70.460,0.0000,0.0000,0.0000,-3.5874,0.1511,-3.4362,0.1027
70.467,0.0000,0.0000,0.0000,-3.5374,0.1511,-3.3862,0.1027
70.473,0.0000,0.0000,0.0000,-3.4976,0.1511,-3.3464,0.1027
70.477,0.0000,0.0000,0.0000,-3.4640,0.1538,-3.3102,0.2831
70.482,0.0000,0.0000,0.0000,-3.4288,0.1538,-3.2750,0.2831
70.486,0.0000,0.0000,0.0000,-3.3976,0.1538,-3.2437,0.2831
70.490,0.0000,0.0000,0.0000,-3.3650,0.1538,-3.2112,0.2831
70.495,0.0000,0.0000,0.0000,-3.3348,0.1564,-3.1784,0.4703
70.499,0.0000,0.0000,0.0000,-3.3006,0.1564,-3.1442,0.4703
70.504,0.0000,0.0000,0.0000,-3.2687,0.1564,-3.1123,0.4703
70.508,0.0000,0.0000,0.0000,-3.2366,0.1564,-3.0802,0.4703
70.513,0.0000,0.0000,0.0000,-3.2058,0.1564,-3.0494,0.4703
70.517,0.0000,0.0000,0.0000,-3.1761,0.1587,-3.0174,0.6581
70.522,0.0000,0.0000,0.0000,-3.1407,0.1587,-2.9820,0.6581
70.526,0.0000,0.0000,0.0000,-3.1085,0.1587,-2.9498,0.6581
70.537,0.0000,0.0000,0.0000,-3.0283,0.1607,-2.8676,0.8448
70.542,0.0000,0.0000,0.0000,-2.9925,0.1607,-2.8317,0.8448
70.546,0.0000,0.0000,0.0000,-2.9630,0.1607,-2.8022,0.8448
70.551,0.0000,0.0000,0.0000,-2.9324,0.1607,-2.7717,0.8448
70.555,0.0000,0.0000,0.0000,-2.9019,0.1625,-2.7394,1.0285
70.560,0.0000,0.0000,0.0000,-2.8677,0.1625,-2.7053,1.0285
70.564,0.0000,0.0000,0.0000,-2.8375,0.1625,-2.6751,1.0285
70.568,0.0000,0.0000,0.0000,-2.8081,0.1625,-2.6457,1.0285
70.573,0.0000,0.0000,0.0000,-2.7771,0.1625,-2.6146,1.0285
70.577,0.0000,0.0000,0.0000,-2.7479,0.1638,-2.5841,1.2059
70.582,0.0000,0.0000,0.0000,-2.7139,0.1638,-2.5501,1.2059
70.586,0.0000,0.0000,0.0000,-2.6855,0.1638,-2.5217,1.2059
70.590,0.0000,0.0000,0.0000,-2.6556,0.1638,-2.4918,1.2059
70.594,0.0000,0.0000,0.0000,-2.6272,0.1648,-2.4623,1.3719
70.600,0.0000,0.0000,0.0000,-2.5927,0.1648,-2.4279,1.3719
70.612,0.0000,0.0000,0.0000,-2.5113,0.1648,-2.3464,1.3719
70.617,0.0000,0.0000,0.0000,-2.4763,0.1655,-2.3108,1.5255
70.622,0.0000,0.0000,0.0000,-2.4463,0.1655,-2.2807,1.5255
70.627,0.0000,0.0000,0.0000,-2.4193,0.1655,-2.2538,1.5255
70.631,0.0000,0.0000,0.0000,-2.3941,0.1655,-2.2286,1.5255
70.635,0.0000,0.0000,0.0000,-2.3681,0.1661,-2.2020,1.6704
70.647,0.0000,0.0000,0.0000,-2.2979,0.1661,-2.1318,1.6704
70.651,0.0000,0.0000,0.0000,-2.2730,0.1661,-2.1070,1.6704
70.655,0.0000,0.0000,0.0000,-2.2480,0.1667,-2.0813,1.8142
70.660,0.0000,0.0000,0.0000,-2.2196,0.1667,-2.0529,1.8142
70.664,0.0000,0.0000,0.0000,-2.1962,0.1667,-2.0295,1.8142
70.668,0.0000,0.0000,0.0000,-2.1729,0.1667,-2.0062,1.8142
70.673,0.0000,0.0000,0.0000,-2.1479,0.1667,-1.9812,1.8142
70.677,0.0000,0.0000,0.0000,-2.1242,0.1672,-1.9570,1.9503
70.682,0.0000,0.0000,0.0000,-2.0978,0.1672,-1.9305,1.9503
70.686,0.0001,0.0000,0.0001,-2.0755,0.1672,-1.9082,1.9503
70.690,0.0004,0.0000,0.0004,-2.0513,0.1672,-1.8841,1.9503
70.694,0.0010,0.0000,0.0010,-2.0292,0.1660,-1.8631,2.0202
70.699,0.0024,0.0000,0.0024,-2.0039,0.1660,-1.8379,2.0202
70.703,0.0042,0.0000,0.0042,-1.9815,0.1660,-1.8155,2.0202
70.708,0.0068,0.0000,0.0068,-1.9595,0.1660,-1.7935,2.0202
70.712,0.0099,0.0000,0.0099,-1.9389,0.1660,-1.7729,2.0202
70.716,0.0140,0.0000,0.0140,-1.9183,0.1643,-1.7540,2.0690
70.721,0.0199,0.0000,0.0199,-1.8942,0.1643,-1.7299,2.0690
70.725,0.0259,0.0000,0.0259,-1.8742,0.1643,-1.7099,2.0690
70.729,0.0327,0.0000,0.0327,-1.8548,0.1643,-1.6905,2.0690
70.733,0.0406,0.0000,0.0406,-1.8357,0.1643,-1.6714,2.0690
70.739,0.0521,0.0000,0.0521,-1.8117,0.1626,-1.6492,2.1099
70.751,0.0864,0.0000,0.0864,-1.7546,0.1626,-1.5921,2.1099
70.765,0.1334,0.0000,0.1334,-1.6949,0.1608,-1.5341,2.1425
70.772,0.1632,0.0000,0.1632,-1.6640,0.1608,-1.5032,2.1425
70.777,0.1825,0.0000,0.1825,-1.6460,0.1589,-1.4871,2.1665
70.782,0.2051,0.0000,0.2051,-1.6265,0.1589,-1.4676,2.1665
70.787,0.2328,0.0000,0.2328,-1.6043,0.1589,-1.4454,2.1665
70.792,0.2591,0.0000,0.2591,-1.5849,0.1589,-1.4260,2.1665
70.797,0.2823,0.0000,0.2823,-1.5689,0.1565,-1.4124,2.1699
70.802,0.3110,0.0000,0.3110,-1.5503,0.1565,-1.3938,2.1699
70.807,0.3400,0.0000,0.3400,-1.5328,0.1565,-1.3763,2.1699
70.811,0.3690,0.0000,0.3690,-1.5164,0.1565,-1.3599,2.1699
70.816,0.4012,0.0000,0.4012,-1.4992,0.1539,-1.3453,2.1613
70.822,0.4350,0.0000,0.4350,-1.4823,0.1539,-1.3284,2.1613
70.826,0.4638,0.0000,0.4638,-1.4685,0.1539,-1.3146,2.1613
70.830,0.4934,0.0000,0.4934,-1.4552,0.1539,-1.3013,2.1613
70.834,0.5222,0.0000,0.5222,-1.4427,0.1512,-1.2915,2.1435
70.839,0.5572,0.0000,0.5572,-1.4281,0.1512,-1.2769,2.1435
70.844,0.5915,0.0000,0.5915,-1.4146,0.1512,-1.2634,2.1435
70.855,0.6803,0.0000,0.6803,-1.3820,0.1483,-1.2337,2.1166
70.860,0.7186,0.0000,0.7186,-1.3689,0.1483,-1.2206,2.1166
70.864,0.7506,0.0000,0.7506,-1.3584,0.1483,-1.2101,2.1166
70.868,0.7821,0.0000,0.7821,-1.3483,0.1483,-1.2000,2.1166
70.873,0.8165,0.0000,0.8165,-1.3376,0.1483,-1.1893,2.1166
70.877,0.8507,0.0000,0.8507,-1.3271,0.1363,-1.1908,1.7853
70.882,0.8880,0.0000,0.8880,-1.3161,0.1363,-1.1797,1.7853
70.886,0.9239,0.0000,0.9239,-1.3057,0.1363,-1.1693,1.7853
70.891,0.9612,0.0000,0.9612,-1.2951,0.1363,-1.1588,1.7853
70.895,0.9958,0.0000,0.9958,-1.2855,0.1335,-1.1521,1.7606
70.900,1.0336,0.0000,1.0336,-1.2753,0.1335,-1.1418,1.7606
70.904,1.0689,0.0000,1.0689,-1.2659,0.1335,-1.1324,1.7606
70.916,1.1687,0.0000,1.1687,-1.2402,0.1302,-1.1100,1.7269
70.923,1.2213,0.0000,1.2213,-1.2276,0.1302,-1.0974,1.7269
70.927,1.2543,0.0000,1.2543,-1.2200,0.1302,-1.0897,1.7269
70.931,1.2858,0.0000,1.2858,-1.2128,0.1302,-1.0826,1.7269
70.935,1.3180,0.0000,1.3180,-1.2057,0.1173,-1.0884,1.3157
70.940,1.3572,0.0000,1.3572,-1.1973,0.1173,-1.0800,1.3157
70.944,1.3890,0.0000,1.3890,-1.1908,0.1173,-1.0734,1.3157
70.948,1.4211,0.0000,1.4211,-1.1843,0.1173,-1.0669,1.3157
70.953,1.4599,0.0000,1.4599,-1.1766,0.1173,-1.0593,1.3157
70.965,1.5504,0.0000,1.5504,-1.1599,0.1150,-1.0449,1.3105
70.971,1.5948,0.0000,1.5948,-1.1521,0.1150,-1.0371,1.3105
70.976,1.6309,0.0000,1.6309,-1.1459,0.1127,-1.0332,1.3053
70.981,1.6702,0.0000,1.6702,-1.1393,0.1127,-1.0266,1.3053
70.986,1.7032,0.0000,1.7032,-1.1338,0.1127,-1.0211,1.3053
70.990,1.7343,0.0000,1.7343,-1.1286,0.1127,-1.0159,1.3053
70.994,1.7619,0.0000,1.7619,-1.1239,0.1080,-1.0158,1.2064
70.999,1.7952,0.0000,1.7952,-1.1182,0.1080,-1.0101,1.2064
71.004,1.8242,0.0000,1.8242,-1.1130,0.1080,-1.0050,1.2064
71.008,1.8508,0.0000,1.8508,-1.1083,0.1080,-1.0003,1.2064
71.012,1.8758,0.0000,1.8758,-1.1038,0.1080,-0.9958,1.2064
71.017,1.9008,0.0000,1.9008,-1.0993,0.1033,-0.9960,1.1056
71.022,1.9289,0.0000,1.9289,-1.0943,0.1033,-0.9910,1.1056
71.033,1.9929,0.0000,1.9929,-1.0833,0.1033,-0.9800,1.1056
71.041,2.0354,0.0000,2.0354,-1.0760,0.0997,-0.9763,1.0758
71.052,2.0879,0.0000,2.0879,-1.0672,0.0997,-0.9675,1.0758
71.058,2.1150,0.0000,2.1150,-1.0628,0.0937,-0.9691,0.8860
71.074,2.1846,0.0000,2.1846,-1.0519,0.0888,-0.9630,0.7635
71.080,2.2115,0.0000,2.2115,-1.0479,0.0888,-0.9591,0.7635
71.085,2.2281,0.0000,2.2281,-1.0454,0.0888,-0.9565,0.7635
71.089,2.2453,0.0000,2.2453,-1.0426,0.0888,-0.9538,0.7635
71.094,2.2620,0.0000,2.2620,-1.0399,0.0834,-0.9565,0.5788
71.099,2.2804,0.0000,2.2804,-1.0370,0.0834,-0.9536,0.5788
71.104,2.2968,0.0000,2.2968,-1.0342,0.0834,-0.9508,0.5788
71.109,2.3128,0.0000,2.3128,-1.0313,0.0834,-0.9480,0.5788
71.113,2.3278,0.0000,2.3278,-1.0286,0.0834,-0.9452,0.5788
71.118,2.3424,0.0000,2.3424,-1.0259,0.0783,-0.9476,0.3983
71.123,2.3593,0.0000,2.3593,-1.0227,0.0783,-0.9444,0.3983
71.128,2.3737,0.0000,2.3737,-1.0200,0.0783,-0.9417,0.3983
71.133,2.3864,0.0000,2.3864,-1.0176,0.0783,-0.9393,0.3983
71.137,2.3997,0.0000,2.3997,-1.0153,0.0749,-0.9403,0.3437
71.145,2.4210,0.0000,2.4210,-1.0117,0.0749,-0.9368,0.3437
71.150,2.4332,0.0000,2.4332,-1.0096,0.0749,-0.9347,0.3437
71.154,2.4450,0.0000,2.4450,-1.0076,0.0718,-0.9358,0.2919
71.160,2.4592,0.0000,2.4592,-1.0051,0.0718,-0.9333,0.2919
71.172,2.4879,0.0000,2.4879,-1.0008,0.0718,-0.9290,0.2919
71.177,2.4979,0.0000,2.4979,-0.9992,0.0689,-0.9303,0.2421
71.182,2.5093,0.0000,2.5093,-0.9972,0.0689,-0.9283,0.2421
71.187,2.5192,0.0000,2.5192,-0.9956,0.0689,-0.9267,0.2421
71.192,2.5286,0.0000,2.5286,-0.9938,0.0689,-0.9249,0.2421
71.196,2.5378,0.0000,2.5378,-0.9920,0.0662,-0.9259,0.1915
71.202,2.5487,0.0000,2.5487,-0.9900,0.0662,-0.9238,0.1915
71.207,2.5572,0.0000,2.5572,-0.9882,0.0662,-0.9220,0.1915
71.211,2.5656,0.0000,2.5656,-0.9862,0.0662,-0.9200,0.1915
71.224,2.5873,0.0000,2.5873,-0.9812,0.0635,-0.9177,0.1296
71.230,2.5976,0.0000,2.5976,-0.9790,0.0635,-0.9155,0.1296
71.236,2.6068,0.0000,2.6068,-0.9770,0.0610,-0.9161,0.0664
71.243,2.6159,0.0000,2.6159,-0.9749,0.0610,-0.9139,0.0664
71.247,2.6225,0.0000,2.6225,-0.9735,0.0610,-0.9125,0.0664
71.252,2.6286,0.0000,2.6286,-0.9721,0.0610,-0.9112,0.0664
71.256,2.6350,0.0000,2.6350,-0.9706,0.0586,-0.9120,0.0037
71.262,2.6427,0.0000,2.6427,-0.9689,0.0586,-0.9102,0.0037
71.274,2.6575,0.0000,2.6575,-0.9656,0.0565,-0.9090,-0.0581
71.280,2.6646,0.0000,2.6646,-0.9639,0.0565,-0.9074,-0.0581
71.284,2.6697,0.0000,2.6697,-0.9625,0.0565,-0.9060,-0.0581
71.289,2.6746,0.0000,2.6746,-0.9612,0.0565,-0.9047,-0.0581
71.293,2.6791,0.0000,2.6791,-0.9599,0.0565,-0.9034,-0.0581
71.297,2.6836,0.0000,2.6836,-0.9583,0.0546,-0.9038,-0.1186
71.302,2.6885,0.0000,2.6885,-0.9567,0.0546,-0.9022,-0.1186
71.306,2.6928,0.0000,2.6928,-0.9553,0.0546,-0.9007,-0.1186
71.311,2.6970,0.0000,2.6970,-0.9540,0.0546,-0.8994,-0.1186
71.315,2.7011,0.0000,2.7011,-0.9524,0.0529,-0.8995,-0.1705
71.320,2.7054,0.0000,2.7054,-0.9509,0.0529,-0.8980,-0.1705
71.324,2.7093,0.0000,2.7093,-0.9495,0.0529,-0.8966,-0.1705
71.328,2.7130,0.0000,2.7130,-0.9482,0.0529,-0.8953,-0.1705
71.332,2.7165,0.0000,2.7165,-0.9471,0.0529,-0.8942,-0.1705
71.337,2.7201,0.0000,2.7201,-0.9457,0.0514,-0.8942,-0.2180
71.342,2.7242,0.0000,2.7242,-0.9441,0.0514,-0.8927,-0.2180
71.346,2.7276,0.0000,2.7276,-0.9430,0.0514,-0.8915,-0.2180
71.350,2.7307,0.0000,2.7307,-0.9419,0.0514,-0.8904,-0.2180
71.354,2.7338,0.0000,2.7338,-0.9410,0.0503,-0.8907,-0.2549
71.359,2.7326,0.0000,2.7326,-0.9393,0.0503,-0.8891,-0.2549
71.364,2.7252,0.0000,2.7252,-0.9381,0.0503,-0.8878,-0.2549
71.377,2.7027,0.0000,2.7027,-0.9330,0.0492,-0.8838,-0.2895
71.383,2.6919,0.0000,2.6919,-0.9307,0.0492,-0.8815,-0.2895
71.388,2.6821,0.0000,2.6821,-0.9287,0.0492,-0.8795,-0.2895
71.393,2.6734,0.0000,2.6734,-0.9269,0.0492,-0.8777,-0.2895
71.397,2.6656,0.0000,2.6656,-0.9252,0.0482,-0.8769,-0.3234
71.402,2.6563,0.0000,2.6563,-0.9234,0.0482,-0.8751,-0.3234
71.407,2.6471,0.0000,2.6471,-0.9218,0.0482,-0.8736,-0.3234
71.411,2.6389,0.0000,2.6389,-0.9201,0.0482,-0.8719,-0.3234
71.415,2.6310,0.0000,2.6310,-0.9186,0.0474,-0.8712,-0.3519
71.420,2.6206,0.0000,2.6206,-0.9169,0.0474,-0.8695,-0.3519
71.424,2.6120,0.0000,2.6120,-0.9154,0.0474,-0.8680,-0.3519
71.429,2.6033,0.0000,2.6033,-0.9136,0.0474,-0.8662,-0.3519
71.433,2.5946,0.0000,2.5946,-0.9116,0.0474,-0.8642,-0.3519
71.437,2.5852,0.0000,2.5852,-0.9100,0.0467,-0.8633,-0.3781
71.442,2.5752,0.0000,2.5752,-0.9081,0.0467,-0.8614,-0.3781
71.446,2.5665,0.0000,2.5665,-0.9064,0.0467,-0.8597,-0.3781
71.451,2.5570,0.0000,2.5570,-0.9047,0.0467,-0.8580,-0.3781
71.455,2.5470,0.0000,2.5470,-0.9024,0.0460,-0.8564,-0.4026
71.460,2.5357,0.0000,2.5357,-0.9002,0.0460,-0.8542,-0.4026
71.465,2.5260,0.0000,2.5260,-0.8984,0.0460,-0.8524,-0.4026
71.470,2.5152,0.0000,2.5152,-0.8963,0.0460,-0.8503,-0.4026
71.481,2.4892,0.0000,2.4892,-0.8914,0.0453,-0.8461,-0.4259
71.486,2.4778,0.0000,2.4778,-0.8892,0.0453,-0.8439,-0.4259
71.490,2.4677,0.0000,2.4677,-0.8867,0.0453,-0.8414,-0.4259
71.495,2.4582,0.0000,2.4582,-0.8845,0.0448,-0.8398,-0.4473
71.499,2.4469,0.0000,2.4469,-0.8822,0.0448,-0.8374,-0.4473
71.504,2.4369,0.0000,2.4369,-0.8799,0.0448,-0.8351,-0.4473
71.508,2.4271,0.0000,2.4271,-0.8774,0.0448,-0.8327,-0.4473
71.512,2.4172,0.0000,2.4172,-0.8755,0.0448,-0.8307,-0.4473
71.517,2.4069,0.0000,2.4069,-0.8733,0.0442,-0.8290,-0.4664
71.529,2.3766,0.0000,2.3766,-0.8668,0.0442,-0.8226,-0.4664
71.535,2.3633,0.0000,2.3633,-0.8638,0.0437,-0.8201,-0.4869
71.540,2.3513,0.0000,2.3513,-0.8609,0.0437,-0.8172,-0.4869
71.544,2.3411,0.0000,2.3411,-0.8582,0.0437,-0.8145,-0.4869
71.548,2.3311,0.0000,2.3311,-0.8557,0.0437,-0.8119,-0.4869
71.553,2.3197,0.0000,2.3197,-0.8529,0.0437,-0.8092,-0.4869
71.558,2.3088,0.0000,2.3088,-0.8505,0.0432,-0.8074,-0.5057
71.562,2.2972,0.0000,2.2972,-0.8477,0.0432,-0.8045,-0.5057
71.567,2.2875,0.0000,2.2875,-0.8454,0.0432,-0.8022,-0.5057
71.571,2.2775,0.0000,2.2775,-0.8428,0.0432,-0.7996,-0.5057
71.575,2.2669,0.0000,2.2669,-0.8403,0.0427,-0.7976,-0.5225
71.581,2.2538,0.0000,2.2538,-0.8373,0.0427,-0.7946,-0.5225
71.592,2.2278,0.0000,2.2278,-0.8310,0.0427,-0.7884,-0.5225
71.596,2.2173,0.0000,2.2173,-0.8283,0.0423,-0.7860,-0.5305
71.601,2.2062,0.0000,2.2062,-0.8255,0.0423,-0.7832,-0.5305
71.605,2.1958,0.0000,2.1958,-0.8226,0.0423,-0.7803,-0.5305
71.610,2.1852,0.0000,2.1852,-0.8197,0.0423,-0.7774,-0.5305
71.614,2.1754,0.0000,2.1754,-0.8172,0.0419,-0.7754,-0.5349
71.618,2.1649,0.0000,2.1649,-0.8147,0.0419,-0.7728,-0.5349
71.623,2.1541,0.0000,2.1541,-0.8122,0.0419,-0.7703,-0.5349
71.627,2.1440,0.0000,2.1440,-0.8095,0.0419,-0.7677,-0.5349
71.631,2.1346,0.0000,2.1346,-0.8072,0.0419,-0.7653,-0.5349
71.635,2.1252,0.0000,2.1252,-0.8049,0.0414,-0.7635,-0.5367
71.641,2.1128,0.0000,2.1128,-0.8015,0.0414,-0.7600,-0.5367
71.645,2.1032,0.0000,2.1032,-0.7990,0.0414,-0.7575,-0.5367
71.649,2.0941,0.0000,2.0941,-0.7962,0.0414,-0.7547,-0.5367
71.653,2.0845,0.0000,2.0845,-0.7934,0.0414,-0.7519,-0.5367
71.658,2.0740,0.0000,2.0740,-0.7905,0.0410,-0.7495,-0.5363
71.662,2.0639,0.0000,2.0639,-0.7878,0.0410,-0.7468,-0.5363
71.667,2.0543,0.0000,2.0543,-0.7848,0.0410,-0.7439,-0.5363
71.679,2.0260,0.0000,2.0260,-0.7770,0.0404,-0.7366,-0.5339
71.685,2.0126,0.0000,2.0126,-0.7728,0.0404,-0.7323,-0.5339
71.690,2.0023,0.0000,2.0023,-0.7697,0.0404,-0.7292,-0.5339
71.701,1.9780,0.0000,1.9780,-0.7615,0.0398,-0.7217,-0.5273
71.706,1.9675,0.0000,1.9675,-0.7574,0.0398,-0.7176,-0.5273
71.710,1.9587,0.0000,1.9587,-0.7542,0.0398,-0.7144,-0.5273
71.715,1.9503,0.0000,1.9503,-0.7511,0.0390,-0.7121,-0.5277
71.719,1.9408,0.0000,1.9408,-0.7478,0.0390,-0.7088,-0.5277
71.724,1.9321,0.0000,1.9321,-0.7449,0.0390,-0.7058,-0.5277
71.728,1.9238,0.0000,1.9238,-0.7416,0.0390,-0.7025,-0.5277
71.732,1.9155,0.0000,1.9155,-0.7383,0.0390,-0.6993,-0.5277
71.736,1.9072,0.0000,1.9072,-0.7358,0.0381,-0.6977,-0.5355
71.741,1.8974,0.0000,1.8974,-0.7322,0.0381,-0.6941,-0.5355
71.745,1.8896,0.0000,1.8896,-0.7288,0.0381,-0.6907,-0.5355
71.750,1.8813,0.0000,1.8813,-0.7259,0.0381,-0.6878,-0.5355
71.754,1.8732,0.0000,1.8732,-0.7226,0.0371,-0.6855,-0.5414
71.759,1.8646,0.0000,1.8646,-0.7191,0.0371,-0.6820,-0.5414
71.763,1.8570,0.0000,1.8570,-0.7161,0.0371,-0.6790,-0.5414
71.767,1.8497,0.0000,1.8497,-0.7133,0.0371,-0.6762,-0.5414
71.771,1.8422,0.0000,1.8422,-0.7105,0.0371,-0.6734,-0.5414
71.775,1.8351,0.0000,1.8351,-0.7079,0.0360,-0.6719,-0.5347
71.781,1.8262,0.0000,1.8262,-0.7039,0.0360,-0.6678,-0.5347
71.785,1.8190,0.0000,1.8190,-0.7007,0.0360,-0.6647,-0.5347
71.789,1.8117,0.0000,1.8117,-0.6968,0.0360,-0.6608,-0.5347
71.794,1.8044,0.0000,1.8044,-0.6937,0.0348,-0.6589,-0.5234
71.813,1.7730,0.0000,1.7730,-0.6749,0.0348,-0.6400,-0.5234
71.819,1.7645,0.0000,1.7645,-0.6701,0.0336,-0.6364,-0.4917
71.831,1.7461,0.0000,1.7461,-0.6574,0.0336,-0.6238,-0.4917
71.837,1.7387,0.0000,1.7387,-0.6523,0.0322,-0.6201,-0.4546
71.842,1.7322,0.0000,1.7322,-0.6479,0.0322,-0.6157,-0.4546
71.846,1.7271,0.0000,1.7271,-0.6444,0.0322,-0.6122,-0.4546
71.850,1.7222,0.0000,1.7222,-0.6411,0.0322,-0.6089,-0.4546
71.855,1.7172,0.0000,1.7172,-0.6377,0.0307,-0.6070,-0.4172
71.860,1.7116,0.0000,1.7116,-0.6338,0.0307,-0.6032,-0.4172
71.864,1.7074,0.0000,1.7074,-0.6299,0.0307,-0.5993,-0.4172
71.868,1.7031,0.0000,1.7031,-0.6260,0.0307,-0.5953,-0.4172
71.873,1.6988,0.0000,1.6988,-0.6219,0.0307,-0.5912,-0.4172
71.877,1.6950,0.0000,1.6950,-0.6182,0.0290,-0.5892,-0.3798
71.882,1.6911,0.0000,1.6911,-0.6143,0.0290,-0.5853,-0.3798
71.886,1.6880,0.0000,1.6880,-0.6110,0.0290,-0.5821,-0.3798
71.891,1.6846,0.0000,1.6846,-0.6074,0.0290,-0.5784,-0.3798
71.895,1.6818,0.0000,1.6818,-0.6041,0.0272,-0.5769,-0.3421
71.906,1.6754,0.0000,1.6754,-0.5935,0.0272,-0.5663,-0.3421
71.911,1.6736,0.0000,1.6736,-0.5898,0.0272,-0.5626,-0.3421
71.915,1.6720,0.0000,1.6720,-0.5863,0.0253,-0.5610,-0.3357
71.919,1.6706,0.0000,1.6706,-0.5798,0.0253,-0.5544,-0.3357
71.924,1.6696,0.0000,1.6696,-0.5751,0.0253,-0.5498,-0.3357
71.928,1.6689,0.0000,1.6689,-0.5710,0.0253,-0.5457,-0.3357
71.932,1.6686,0.0000,1.6686,-0.5670,0.0253,-0.5417,-0.3357
71.936,1.6686,0.0000,1.6686,-0.5629,0.0234,-0.5395,-0.3320
71.941,1.6689,0.0000,1.6689,-0.5584,0.0234,-0.5350,-0.3320
71.945,1.6692,0.0000,1.6692,-0.5548,0.0234,-0.5313,-0.3320
71.949,1.6695,0.0000,1.6695,-0.5513,0.0234,-0.5278,-0.3320
71.954,1.6697,0.0000,1.6697,-0.5477,0.0215,-0.5262,-0.3319
71.958,1.6694,0.0000,1.6694,-0.5405,0.0215,-0.5190,-0.3319
71.962,1.6688,0.0000,1.6688,-0.5374,0.0215,-0.5159,-0.3319
71.967,1.6674,0.0000,1.6674,-0.5306,0.0215,-0.5090,-0.3319
71.972,1.6653,0.0000,1.6653,-0.5240,0.0215,-0.5025,-0.3319
71.984,1.6551,0.0000,1.6551,-0.5078,0.0195,-0.4883,-0.3292
71.990,1.6472,0.0000,1.6472,-0.5001,0.0195,-0.4806,-0.3292
71.994,1.6406,0.0000,1.6406,-0.4968,0.0175,-0.4793,-0.3237
71.999,1.6321,0.0000,1.6321,-0.4883,0.0175,-0.4708,-0.3237
72.004,1.6245,0.0000,1.6245,-0.4808,0.0175,-0.4633,-0.3237
72.008,1.6163,0.0000,1.6163,-0.4735,0.0175,-0.4560,-0.3237
72.020,1.5921,0.0000,1.5921,-0.4560,0.0154,-0.4406,-0.3156
72.025,1.5794,0.0000,1.5794,-0.4489,0.0154,-0.4335,-0.3156
72.029,1.5658,0.0000,1.5658,-0.4367,0.0154,-0.4214,-0.3156
72.034,1.5501,0.0000,1.5501,-0.4308,0.0154,-0.4154,-0.3156
72.038,1.5324,0.0000,1.5324,-0.4252,0.0132,-0.4120,-0.3048
72.043,1.5096,0.0000,1.5096,-0.4191,0.0132,-0.4058,-0.3048
72.047,1.4855,0.0000,1.4855,-0.4135,0.0132,-0.4003,-0.3048
72.052,1.4595,0.0000,1.4595,-0.4026,0.0132,-0.3893,-0.3048
72.056,1.4304,0.0000,1.4304,-0.3976,0.0111,-0.3865,-0.3002
72.061,1.3953,0.0000,1.3953,-0.3924,0.0111,-0.3813,-0.3002
72.065,1.3634,0.0000,1.3634,-0.3829,0.0111,-0.3718,-0.3002
72.069,1.3284,0.0000,1.3284,-0.3788,0.0111,-0.3677,-0.3002
72.074,1.2857,0.0000,1.2857,-0.3683,0.0000,-0.3683,-0.2988
72.079,1.2364,0.0000,1.2364,-0.3574,0.0000,-0.3574,-0.2988
72.083,1.1919,0.0000,1.1919,-0.3485,0.0000,-0.3485,-0.2988
72.087,1.1449,0.0000,1.1449,-0.3398,0.0000,-0.3398,-0.2988
72.092,1.0902,0.0000,1.0902,-0.3305,0.0000,-0.3305,-0.2988
72.096,1.0358,0.0000,1.0358,-0.3220,0.0000,-0.3220,-0.3273
72.101,0.9730,0.0000,0.9730,-0.3130,0.0000,-0.3130,-0.3273
72.105,0.9097,0.0000,0.9097,-0.3046,0.0000,-0.3046,-0.3273
72.110,0.8448,0.0000,0.8448,-0.2965,0.0000,-0.2965,-0.3273
72.114,0.7761,0.0000,0.7761,-0.2886,0.0000,-0.2886,-0.3543
72.126,0.5809,0.0000,0.5809,-0.2476,0.0000,-0.2476,-0.3543
72.138,0.3604,0.0000,0.3604,-0.2081,0.0000,-0.2081,-0.3753
72.144,0.2444,0.0000,0.2444,-0.1897,0.0000,-0.1897,-0.3753
72.148,0.1622,0.0000,0.1622,-0.1848,0.0000,-0.1848,-0.3753
72.153,0.0752,0.0000,0.0752,-0.1799,0.0000,-0.1799,-0.3753
72.157,-0.0118,0.0000,-0.0118,-0.1668,0.0000,-0.1668,-0.4079
72.162,-0.0965,0.0000,-0.0965,-0.1622,0.0000,-0.1622,-0.4079
72.166,-0.1686,0.0000,-0.1686,-0.1583,0.0000,-0.1583,-0.4079
72.171,-0.2535,0.0000,-0.2535,-0.1453,0.0000,-0.1453,-0.4079
72.175,-0.3287,0.0000,-0.3287,-0.1338,0.0000,-0.1338,-0.4275
72.180,-0.4040,0.0000,-0.4040,-0.1224,0.0000,-0.1224,-0.4275
72.184,-0.4688,0.0000,-0.4688,-0.1126,0.0000,-0.1126,-0.4275
72.189,-0.5402,0.0000,-0.5402,-0.0987,0.0000,-0.0987,-0.4275
72.193,-0.6048,0.0000,-0.6048,-0.0891,0.0000,-0.0891,-0.4275
72.197,-0.6663,0.0000,-0.6663,-0.0771,0.0000,-0.0771,-0.4387
72.202,-0.7388,0.0000,-0.7388,-0.0631,0.0000,-0.0631,-0.4387
72.206,-0.8000,0.0000,-0.8000,-0.0491,0.0000,-0.0491,-0.4387
72.211,-0.8558,0.0000,-0.8558,-0.0364,0.0000,-0.0364,-0.4387
72.215,-0.9147,0.0000,-0.9147,-0.0230,0.0000,-0.0230,-0.4437
72.227,-1.0642,0.0000,-1.0642,0.0153,0.0000,0.0153,-0.4437
72.231,-1.1181,0.0000,-1.1181,0.0290,0.0000,0.0290,-0.4437
72.235,-1.1667,0.0000,-1.1667,0.0421,0.0000,0.0421,-0.4424
72.240,-1.2206,0.0000,-1.2206,0.0582,0.0000,0.0582,-0.4424
72.244,-1.2661,0.0000,-1.2661,0.0729,0.0000,0.0729,-0.4424
72.249,-1.3150,0.0000,-1.3150,0.0894,0.0000,0.0894,-0.4424
72.253,-1.3600,0.0000,-1.3600,0.1050,0.0000,0.1050,-0.4424
72.257,-1.4042,0.0000,-1.4042,0.1214,0.0000,0.1214,-0.4353
72.262,-1.4491,0.0000,-1.4491,0.1385,0.0000,0.1385,-0.4353
72.267,-1.4984,0.0000,-1.4984,0.1577,0.0000,0.1577,-0.4353
72.272,-1.5429,0.0000,-1.5429,0.1766,0.0000,0.1766,-0.4353
72.276,-1.5827,0.0000,-1.5827,0.1943,0.0000,0.1943,-0.4425
72.289,-1.6966,0.0000,-1.6966,0.2571,0.0000,0.2571,-0.4425
72.295,-1.7427,0.0000,-1.7427,0.2845,0.0000,0.2845,-0.4463
72.299,-1.7810,0.0000,-1.7810,0.3094,0.0000,0.3094,-0.4463
72.304,-1.8141,0.0000,-1.8141,0.3316,0.0000,0.3316,-0.4463
72.308,-1.8455,0.0000,-1.8455,0.3539,0.0000,0.3539,-0.4463
72.312,-1.8770,0.0000,-1.8770,0.3773,0.0000,0.3773,-0.4463
72.316,-1.9062,0.0000,-1.9062,0.4001,0.0000,0.4001,-0.4435
72.321,-1.9388,0.0000,-1.9388,0.4270,0.0000,0.4270,-0.4435
72.326,-1.9708,0.0000,-1.9708,0.4561,0.0000,0.4561,-0.4435
72.337,-2.0411,0.0000,-2.0411,0.5333,0.0000,0.5333,-0.4662
72.342,-2.0724,0.0000,-2.0724,0.5713,0.0000,0.5713,-0.4662
72.346,-2.0978,0.0000,-2.0978,0.6046,0.0000,0.6046,-0.4662
72.350,-2.1213,0.0000,-2.1213,0.6371,0.0000,0.6371,-0.4662
72.354,-2.1451,0.0000,-2.1451,0.6719,0.0000,0.6719,-0.4852
72.359,-2.1721,0.0000,-2.1721,0.7140,0.0000,0.7140,-0.4852
72.364,-2.1943,0.0000,-2.1943,0.7506,0.0000,0.7506,-0.4852
72.368,-2.2159,0.0000,-2.2159,0.7900,0.0000,0.7900,-0.4852
72.372,-2.2393,0.0000,-2.2393,0.8377,0.0000,0.8377,-0.4852
72.377,-2.2601,0.0000,-2.2601,0.8845,0.0000,0.8845,-0.4957
72.381,-2.2823,0.0000,-2.2823,0.9398,0.0000,0.9398,-0.4957
72.385,-2.3014,0.0000,-2.3014,0.9918,0.0000,0.9918,-0.4957
72.390,-2.3232,0.0000,-2.3232,1.0575,0.0000,1.0575,-0.4957
72.394,-2.3421,0.0000,-2.3421,1.1181,0.0000,1.1181,-0.4982
72.399,-2.3612,0.0000,-2.3612,1.1839,0.0000,1.1839,-0.4982
72.404,-2.3806,0.0000,-2.3806,1.2592,0.0000,1.2592,-0.4982
72.408,-2.3986,0.0000,-2.3986,1.3388,0.0000,1.3388,-0.4982
72.412,-2.4149,0.0000,-2.4149,1.4198,0.0000,1.4198,-0.4982
72.416,-2.4311,0.0000,-2.4311,1.5098,0.0000,1.5098,-0.4933
72.421,-2.4495,0.0000,-2.4495,1.6281,0.0000,1.6281,-0.4933
72.425,-2.4648,0.0000,-2.4648,1.7381,0.0000,1.7381,-0.4933
72.430,-2.4811,0.0000,-2.4811,1.8685,0.0000,1.8685,-0.4933
72.444,-2.5296,0.0000,-2.5296,2.0595,0.0000,2.0595,-0.4864
72.453,-2.5589,0.0000,-2.5589,2.0454,0.0000,2.0454,-0.4864
72.458,-2.5745,0.0000,-2.5745,1.9925,0.0000,1.9925,-0.4824
72.464,-2.5921,0.0000,-2.5921,1.9200,0.0000,1.9200,-0.4824
72.469,-2.6053,0.0000,-2.6053,1.8655,0.0000,1.8655,-0.4824
72.474,-2.6196,0.0000,-2.6196,1.8066,0.0000,1.8066,-0.4790
72.479,-2.6329,0.0000,-2.6329,1.7516,0.0000,1.7516,-0.4790
72.484,-2.6448,0.0000,-2.6448,1.7029,0.0000,1.7029,-0.4790
72.490,-2.6600,0.0000,-2.6600,1.6403,0.0000,1.6403,-0.4790
72.496,-2.6733,0.0000,-2.6733,1.5852,0.0000,1.5852,-0.4689
72.502,-2.6871,0.0000,-2.6871,1.5285,0.0000,1.5285,-0.4689
72.507,-2.6985,0.0000,-2.6985,1.4816,0.0000,1.4816,-0.4689
72.512,-2.7095,0.0000,-2.7095,1.4361,0.0000,1.4361,-0.4689
72.517,-2.7197,0.0000,-2.7197,1.3941,0.0000,1.3941,-0.4653
72.523,-2.7312,0.0000,-2.7312,1.3469,0.0000,1.3469,-0.4653
72.528,-2.7418,0.0000,-2.7418,1.3031,0.0000,1.3031,-0.4653
72.533,-2.7519,0.0000,-2.7519,1.2615,0.0000,1.2615,-0.4653
72.546,-2.7754,0.0000,-2.7754,1.1648,0.0000,1.1648,-0.4736
72.552,-2.7846,0.0000,-2.7846,1.1266,0.0000,1.1266,-0.4736
72.556,-2.7924,0.0000,-2.7924,1.0944,0.0000,1.0944,-0.4751
72.564,-2.8043,0.0000,-2.8043,1.0456,0.0000,1.0456,-0.4751
72.570,-2.8131,0.0000,-2.8131,1.0094,0.0000,1.0094,-0.4751
72.575,-2.8216,0.0000,-2.8216,0.9741,0.0000,0.9741,-0.4675
72.581,-2.8300,0.0000,-2.8300,0.9397,0.0000,0.9397,-0.4675
72.595,-2.8492,0.0000,-2.8492,0.8604,0.0000,0.8604,-0.4515
72.603,-2.8584,0.0000,-2.8584,0.8227,0.0000,0.8227,-0.4515
72.608,-2.8653,0.0000,-2.8653,0.7944,0.0000,0.7944,-0.4515
72.613,-2.8711,0.0000,-2.8711,0.7705,0.0000,0.7705,-0.4515
72.618,-2.8768,0.0000,-2.8768,0.7468,0.0000,0.7468,-0.4278
72.627,-2.8858,0.0000,-2.8858,0.7100,0.0000,0.7100,-0.4278
72.633,-2.8918,0.0000,-2.8918,0.6849,0.0000,0.6849,-0.4278
72.639,-2.8981,0.0000,-2.8981,0.6592,0.0000,0.6592,-0.3970
72.645,-2.9039,0.0000,-2.9039,0.6351,0.0000,0.6351,-0.3970
72.656,-2.9143,0.0000,-2.9143,0.5925,0.0000,0.5925,-0.3450
72.661,-2.9185,0.0000,-2.9185,0.5751,0.0000,0.5751,-0.3450
72.665,-2.9222,0.0000,-2.9222,0.5599,0.0000,0.5599,-0.3450
72.671,-2.9264,0.0000,-2.9264,0.5424,0.0000,0.5424,-0.3450
72.675,-2.9302,0.0000,-2.9302,0.5268,0.0000,0.5268,-0.2846
72.680,-2.9340,0.0000,-2.9340,0.5111,0.0000,0.5111,-0.2846
72.685,-2.9376,0.0000,-2.9376,0.4963,0.0000,0.4963,-0.2846
72.690,-2.9412,0.0000,-2.9412,0.4818,0.0000,0.4818,-0.2846
72.694,-2.9442,0.0000,-2.9442,0.4691,0.0000,0.4691,-0.2199
72.700,-2.9480,0.0000,-2.9480,0.4537,0.0000,0.4537,-0.2199
72.705,-2.9514,0.0000,-2.9514,0.4395,0.0000,0.4395,-0.2199
72.711,-2.9553,0.0000,-2.9553,0.4234,0.0000,0.4234,-0.2199
72.716,-2.9585,0.0000,-2.9585,0.4105,0.0000,0.4105,-0.1712
72.723,-2.9624,0.0000,-2.9624,0.3944,0.0000,0.3944,-0.1712
72.728,-2.9651,0.0000,-2.9651,0.3830,0.0000,0.3830,-0.1712
72.732,-2.9677,0.0000,-2.9677,0.3724,0.0000,0.3724,-0.1712
72.745,-2.9745,0.0000,-2.9745,0.3443,0.0000,0.3443,-0.1208
72.752,-2.9779,0.0000,-2.9779,0.3302,0.0000,0.3302,-0.1208
72.757,-2.9803,0.0000,-2.9803,0.3206,0.0000,0.3206,-0.0656
72.768,-2.9857,0.0000,-2.9857,0.2981,0.0000,0.2981,-0.0656
72.773,-2.9878,0.0000,-2.9878,0.2897,0.0000,0.2897,-0.0656
72.778,-2.9899,0.0000,-2.9899,0.2809,0.0000,0.2809,-0.0063
72.783,-2.9922,0.0000,-2.9922,0.2717,0.0000,0.2717,-0.0063
72.789,-2.9942,0.0000,-2.9942,0.2631,0.0000,0.2631,-0.0063
72.795,-2.9967,0.0000,-2.9967,0.2528,0.0000,0.2528,0.0564
72.801,-2.9988,0.0000,-2.9988,0.2442,0.0000,0.2442,0.0564
72.806,-3.0008,0.0000,-3.0008,0.2362,0.0000,0.2362,0.0564
72.812,-3.0027,0.0000,-3.0027,0.2281,0.0000,0.2281,0.0564
72.817,-3.0043,0.0000,-3.0043,0.2217,0.0000,0.2217,0.1262
72.822,-3.0061,0.0000,-3.0061,0.2141,0.0000,0.2141,0.1262
72.828,-3.0077,0.0000,-3.0077,0.2076,0.0000,0.2076,0.1262
72.832,-3.0092,0.0000,-3.0092,0.2016,0.0000,0.2016,0.1262
72.837,-3.0106,0.0000,-3.0106,0.1955,0.0000,0.1955,0.2198
72.844,-3.0126,0.0000,-3.0126,0.1876,0.0000,0.1876,0.2198
72.850,-3.0140,0.0000,-3.0140,0.1815,0.0000,0.1815,0.2198
72.856,-3.0156,0.0000,-3.0156,0.1750,0.0000,0.1750,0.3187
72.862,-3.0172,0.0000,-3.0172,0.1685,0.0000,0.1685,0.3187
72.867,-3.0186,0.0000,-3.0186,0.1629,0.0000,0.1629,0.3187
72.881,-3.0217,0.0000,-3.0217,0.1499,0.0000,0.1499,0.4158
72.896,-3.0251,0.0000,-3.0251,0.1360,0.0000,0.1360,0.5039
72.914,-3.0287,0.0000,-3.0287,0.1213,0.0000,0.1213,0.5884
72.923,-3.0302,0.0000,-3.0302,0.1151,0.0000,0.1151,0.5884
72.928,-3.0311,0.0000,-3.0311,0.1111,0.0000,0.1111,0.5884
72.935,-3.0322,0.0000,-3.0322,0.1068,0.0000,0.1068,0.6702
72.940,-3.0331,0.0000,-3.0331,0.1032,0.0000,0.1032,0.6702
72.946,-3.0338,0.0000,-3.0338,0.1000,0.0000,0.1000,0.6702
72.950,-3.0345,0.0000,-3.0345,0.0971,0.0000,0.0971,0.6702
72.955,-3.0352,0.0000,-3.0352,0.0944,0.0000,0.0944,0.7337
72.960,-3.0359,0.0000,-3.0359,0.0916,0.0000,0.0916,0.7337
72.964,-3.0365,0.0000,-3.0365,0.0891,0.0000,0.0891,0.7337
72.969,-3.0370,0.0000,-3.0370,0.0868,0.0000,0.0868,0.7337
72.973,-3.0376,0.0000,-3.0376,0.0844,0.0000,0.0844,0.7337
72.978,-3.0382,0.0000,-3.0382,0.0821,0.0000,0.0821,0.7909
72.990,-3.0396,0.0000,-3.0396,0.0762,0.0000,0.0762,0.7909
72.994,-3.0401,0.0000,-3.0401,0.0742,0.0000,0.0742,0.8454
72.999,-3.0406,0.0000,-3.0406,0.0719,0.0000,0.0719,0.8454
73.004,-3.0411,0.0000,-3.0411,0.0700,0.0000,0.0700,0.8454
73.008,-3.0416,0.0000,-3.0416,0.0681,0.0000,0.0681,0.8454
73.013,-3.0420,0.0000,-3.0420,0.0662,0.0000,0.0662,0.8454
73.017,-3.0424,0.0000,-3.0424,0.0646,0.0000,0.0646,0.8967
73.022,-3.0429,0.0000,-3.0429,0.0626,0.0000,0.0626,0.8967
73.027,-3.0433,0.0000,-3.0433,0.0610,0.0000,0.0610,0.8967
73.031,-3.0437,0.0000,-3.0437,0.0593,0.0000,0.0593,0.8967
73.036,-3.0441,0.0000,-3.0441,0.0575,0.0000,0.0575,0.9616
73.041,-3.0446,0.0000,-3.0446,0.0557,0.0000,0.0557,0.9616
73.053,-3.0456,0.0000,-3.0456,0.0517,0.0000,0.0517,0.9616
73.060,-3.0460,0.0000,-3.0460,0.0497,0.0000,0.0497,1.0257
73.065,-3.0464,0.0000,-3.0464,0.0481,0.0000,0.0481,1.0257
73.070,-3.0468,0.0000,-3.0468,0.0467,0.0000,0.0467,1.0257
73.075,-3.0471,0.0000,-3.0471,0.0453,0.0000,0.0453,1.0831
73.081,-3.0475,0.0000,-3.0475,0.0437,0.0000,0.0437,1.0831
73.092,-3.0482,0.0000,-3.0482,0.0408,0.0000,0.0408,1.0831
73.097,-3.0485,0.0000,-3.0485,0.0396,0.0000,0.0396,1.1480
73.102,-3.0488,0.0000,-3.0488,0.0383,0.0000,0.0383,1.1480
73.107,-3.0491,0.0000,-3.0491,0.0372,0.0000,0.0372,1.1480
73.112,-3.0493,0.0000,-3.0493,0.0362,0.0000,0.0362,1.1480
73.116,-3.0495,0.0000,-3.0495,0.0353,0.0000,0.0353,1.2088
73.121,-3.0498,0.0000,-3.0498,0.0343,0.0000,0.0343,1.2088
73.125,-3.0500,0.0000,-3.0500,0.0334,0.0000,0.0334,1.2088
73.130,-3.0502,0.0000,-3.0502,0.0324,0.0000,0.0324,1.2088
73.134,-3.0504,0.0000,-3.0504,0.0317,0.0000,0.0317,1.2613
73.139,-3.0506,0.0000,-3.0506,0.0307,0.0000,0.0307,1.2613
73.143,-3.0508,0.0000,-3.0508,0.0299,0.0000,0.0299,1.2613
73.147,-3.0510,0.0000,-3.0510,0.0292,0.0000,0.0292,1.2613
73.151,-3.0512,0.0000,-3.0512,0.0285,0.0000,0.0285,1.2613
73.155,-3.0514,0.0000,-3.0514,0.0277,0.0000,0.0277,1.3053
73.160,-3.0516,0.0000,-3.0516,0.0270,0.0000,0.0270,1.3053
73.164,-3.0517,0.0000,-3.0517,0.0263,0.0000,0.0263,1.3053
73.169,-3.0519,0.0000,-3.0519,0.0256,0.0000,0.0256,1.3053
73.173,-3.0521,0.0000,-3.0521,0.0249,0.0000,0.0249,1.3053
73.177,-3.0522,0.0000,-3.0522,0.0243,0.0000,0.0243,1.3405
73.182,-3.0524,0.0000,-3.0524,0.0236,0.0000,0.0236,1.3405
73.193,-3.0528,0.0000,-3.0528,0.0220,0.0000,0.0220,1.3405
73.205,-3.0531,0.0000,-3.0531,0.0205,0.0000,0.0205,1.3764
73.211,-3.0533,0.0000,-3.0533,0.0198,0.0000,0.0198,1.3764
73.215,-3.0534,0.0000,-3.0534,0.0193,0.0000,0.0193,1.4192
73.220,-3.0536,0.0000,-3.0536,0.0187,0.0000,0.0187,1.4192
73.224,-3.0537,0.0000,-3.0537,0.0182,0.0000,0.0182,1.4192
73.228,-3.0538,0.0000,-3.0538,0.0178,0.0000,0.0178,1.4192
73.233,-3.0539,0.0000,-3.0539,0.0173,0.0000,0.0173,1.4192
73.237,-3.0540,0.0000,-3.0540,0.0169,0.0000,0.0169,1.4551
73.242,-3.0541,0.0000,-3.0541,0.0163,0.0000,0.0163,1.4551
73.246,-3.0542,0.0000,-3.0542,0.0159,0.0000,0.0159,1.4551
73.250,-3.0543,0.0000,-3.0543,0.0155,0.0000,0.0155,1.4551
73.255,-3.0544,0.0000,-3.0544,0.0151,0.0000,0.0151,1.4796
73.259,-3.0545,0.0000,-3.0545,0.0147,0.0000,0.0147,1.4796
73.263,-3.0546,0.0000,-3.0546,0.0144,0.0000,0.0144,1.4796
73.267,-3.0547,0.0000,-3.0547,0.0140,0.0000,0.0140,1.4796
73.272,-3.0548,0.0000,-3.0548,0.0136,0.0000,0.0136,1.4796
73.276,-3.0549,0.0000,-3.0549,0.0133,0.0000,0.0133,1.5113
73.281,-3.0550,0.0000,-3.0550,0.0129,0.0000,0.0129,1.5113
73.285,-3.0550,0.0000,-3.0550,0.0126,0.0000,0.0126,1.5113
73.289,-3.0551,0.0000,-3.0551,0.0123,0.0000,0.0123,1.5113
73.294,-3.0552,0.0000,-3.0552,0.0119,0.0000,0.0119,1.3389
73.306,-3.0554,0.0000,-3.0554,0.0111,0.0000,0.0111,1.3389
73.310,-3.0555,0.0000,-3.0555,0.0108,0.0000,0.0108,1.3389
73.314,-3.0556,0.0000,-3.0556,0.0105,0.0000,0.0105,1.2548
73.319,-3.0556,0.0000,-3.0556,0.0102,0.0000,0.0102,1.2548
73.323,-3.0557,0.0000,-3.0557,0.0100,0.0000,0.0100,1.2548
73.328,-3.0558,0.0000,-3.0558,0.0097,0.0000,0.0097,1.2548
73.332,-3.0558,0.0000,-3.0558,0.0094,0.0000,0.0094,1.2548
73.336,-3.0559,0.0000,-3.0559,0.0092,0.0000,0.0092,1.1642
73.341,-3.0559,0.0000,-3.0559,0.0089,0.0000,0.0089,1.1642
73.345,-3.0560,0.0000,-3.0560,0.0087,0.0000,0.0087,1.1642
73.357,-3.0561,0.0000,-3.0561,0.0081,0.0000,0.0081,1.0704
73.364,-3.0562,0.0000,-3.0562,0.0078,0.0000,0.0078,1.0704
73.368,-3.0563,0.0000,-3.0563,0.0075,0.0000,0.0075,1.0704
73.373,-3.0563,0.0000,-3.0563,0.0073,0.0000,0.0073,1.0704
73.377,-3.0564,0.0000,-3.0564,0.0071,0.0000,0.0071,0.8844
73.382,-3.0564,0.0000,-3.0564,0.0069,0.0000,0.0069,0.8844
73.386,-3.0565,0.0000,-3.0565,0.0068,0.0000,0.0068,0.8844
73.392,-3.0565,0.0000,-3.0565,0.0065,0.0000,0.0065,0.8844
73.397,-3.0566,0.0000,-3.0566,0.0064,0.0000,0.0064,0.8906
73.409,-3.0567,0.0000,-3.0567,0.0059,0.0000,0.0059,0.8906
73.413,-3.0567,0.0000,-3.0567,0.0057,0.0000,0.0057,0.8906
73.417,-3.0567,0.0000,-3.0567,0.0056,0.0000,0.0056,0.7222
73.422,-3.0568,0.0000,-3.0568,0.0054,0.0000,0.0054,0.7222
73.426,-3.0568,0.0000,-3.0568,0.0053,0.0000,0.0053,0.7222
73.430,-3.0568,0.0000,-3.0568,0.0052,0.0000,0.0052,0.7222
73.434,-3.0569,0.0000,-3.0569,0.0050,0.0000,0.0050,0.7242
73.439,-3.0569,0.0000,-3.0569,0.0049,0.0000,0.0049,0.7242
73.443,-3.0569,0.0000,-3.0569,0.0048,0.0000,0.0048,0.7242
73.447,-3.0570,0.0000,-3.0570,0.0047,0.0000,0.0047,0.7242
73.452,-3.0570,0.0000,-3.0570,0.0045,0.0000,0.0045,0.7242
73.456,-3.0570,0.0000,-3.0570,0.0044,0.0000,0.0044,0.5594
73.461,-3.0571,0.0000,-3.0571,0.0043,0.0000,0.0043,0.5594
73.465,-3.0571,0.0000,-3.0571,0.0042,0.0000,0.0042,0.5594
73.470,-3.0571,0.0000,-3.0571,0.0041,0.0000,0.0041,0.5594
73.474,-3.0571,0.0000,-3.0571,0.0040,0.0000,0.0040,0.5759
73.479,-3.0572,0.0000,-3.0572,0.0038,0.0000,0.0038,0.5759
73.484,-3.0572,0.0000,-3.0572,0.0037,0.0000,0.0037,0.5759
73.489,-3.0572,0.0000,-3.0572,0.0036,0.0000,0.0036,0.5759
73.494,-3.0573,0.0000,-3.0573,0.0035,0.0000,0.0035,0.5835
73.499,-3.0573,0.0000,-3.0573,0.0034,0.0000,0.0034,0.5835
73.511,-3.0573,0.0000,-3.0573,0.0031,0.0000,0.0031,0.5835
73.524,-3.0574,0.0000,-3.0574,0.0029,0.0000,0.0029,0.5825
73.530,-3.0574,0.0000,-3.0574,0.0028,0.0000,0.0028,0.5825
73.534,-3.0574,0.0000,-3.0574,0.0027,0.0000,0.0027,0.4201
73.539,-3.0575,0.0000,-3.0575,0.0027,0.0000,0.0027,0.4201
73.543,-3.0575,0.0000,-3.0575,0.0026,0.0000,0.0026,0.4201
73.547,-3.0575,0.0000,-3.0575,0.0025,0.0000,0.0025,0.4201
73.551,-3.0575,0.0000,-3.0575,0.0025,0.0000,0.0025,0.4201
73.556,-3.0575,0.0000,-3.0575,0.0024,0.0000,0.0024,0.4137
73.561,-3.0575,0.0000,-3.0575,0.0023,0.0000,0.0023,0.4137
73.565,-3.0576,0.0000,-3.0576,0.0023,0.0000,0.0023,0.4137
73.569,-3.0576,0.0000,-3.0576,0.0022,0.0000,0.0022,0.4137
73.573,-3.0576,0.0000,-3.0576,0.0022,0.0000,0.0022,0.4137
73.578,-3.0576,0.0000,-3.0576,0.0021,0.0000,0.0021,0.3321
73.582,-3.0576,0.0000,-3.0576,0.0020,0.0000,0.0020,0.3321
73.587,-3.0576,0.0000,-3.0576,0.0020,0.0000,0.0020,0.3321
73.591,-3.0576,0.0000,-3.0576,0.0019,0.0000,0.0019,0.3321
73.596,-3.0576,0.0000,-3.0576,0.0019,0.0000,0.0019,0.3455
73.600,-3.0577,0.0000,-3.0577,0.0018,0.0000,0.0018,0.3455
73.605,-3.0577,0.0000,-3.0577,0.0018,0.0000,0.0018,0.3455
73.609,-3.0577,0.0000,-3.0577,0.0017,0.0000,0.0017,0.3455
73.613,-3.0577,0.0000,-3.0577,0.0017,0.0000,0.0017,0.3455
73.618,-3.0577,0.0000,-3.0577,0.0016,0.0000,0.0016,0.2799
73.629,-3.0577,0.0000,-3.0577,0.0015,0.0000,0.0015,0.2799
73.635,-3.0577,0.0000,-3.0577,0.0015,0.0000,0.0015,0.2964
73.640,-3.0578,0.0000,-3.0578,0.0014,0.0000,0.0014,0.2964
73.646,-3.0578,0.0000,-3.0578,0.0014,0.0000,0.0014,0.2964
73.650,-3.0578,0.0000,-3.0578,0.0013,0.0000,0.0013,0.2964
73.663,-2.8314,0.0000,-2.8314,0.0012,0.0000,0.0012,0.3072
73.670,-2.7079,0.0000,-2.7079,0.0012,0.0000,0.0012,0.3072
73.676,-2.6181,0.0000,-2.6181,0.0012,0.0000,0.0012,0.3149
73.681,-2.5383,0.0000,-2.5383,0.0011,0.0000,0.0011,0.3149
73.685,-2.4711,0.0000,-2.4711,0.0011,0.0000,0.0011,0.3149
73.690,-2.4005,0.0000,-2.4005,0.0011,0.0000,0.0011,0.3149
73.694,-2.3349,0.0000,-2.3349,0.0010,0.0000,0.0010,0.3150
73.699,-2.2703,0.0000,-2.2703,0.0010,0.0000,0.0010,0.3150
73.703,-2.2095,0.0000,-2.2095,0.0010,0.0000,0.0010,0.3150
73.708,-2.1465,0.0000,-2.1465,0.0009,0.0000,0.0009,0.3150
73.713,-2.0873,0.0000,-2.0873,0.0009,0.0000,0.0009,0.3150
73.717,-2.0354,0.0000,-2.0354,0.0009,0.0000,0.0009,0.3072
73.722,-1.9735,0.0000,-1.9735,0.0009,0.0000,0.0009,0.3072
73.726,-1.9245,0.0000,-1.9245,0.0008,0.0000,0.0008,0.3072
73.730,-1.8742,0.0000,-1.8742,0.0008,0.0000,0.0008,0.3072
73.741,-1.7522,0.0000,-1.7522,0.0008,0.0000,0.0008,0.2156
73.747,-1.6891,0.0000,-1.6891,0.0007,0.0000,0.0007,0.2156
73.752,-1.6422,0.0000,-1.6422,0.0007,0.0000,0.0007,0.2156
73.756,-1.5989,0.0000,-1.5989,0.0007,0.0000,0.0007,0.1994
73.761,-1.5538,0.0000,-1.5538,0.0007,0.0000,0.0007,0.1994
73.765,-1.5145,0.0000,-1.5145,0.0007,0.0000,0.0007,0.1994
73.770,-1.4734,0.0000,-1.4734,0.0006,0.0000,0.0006,0.1994
73.774,-1.4348,0.0000,-1.4348,0.0006,0.0000,0.0006,0.1732
73.779,-1.3950,0.0000,-1.3950,0.0006,0.0000,0.0006,0.1732
73.783,-1.3580,0.0000,-1.3580,0.0006,0.0000,0.0006,0.1732
73.788,-1.3198,0.0000,-1.3198,0.0006,0.0000,0.0006,0.1732
73.792,-1.2862,0.0000,-1.2862,0.0006,0.0000,0.0006,0.1732
73.796,-1.2530,0.0000,-1.2530,0.0006,0.0000,0.0006,0.0734
73.801,-1.2152,0.0000,-1.2152,0.0005,0.0000,0.0005,0.0734
73.813,-1.1295,0.0000,-1.1295,0.0005,0.0000,0.0005,0.0734
73.818,-1.0939,0.0000,-1.0939,0.0005,0.0000,0.0005,0.0421
73.823,-1.0620,0.0000,-1.0620,0.0005,0.0000,0.0005,0.0421
73.828,-1.0336,0.0000,-1.0336,0.0005,0.0000,0.0005,0.0421
73.833,-1.0040,0.0000,-1.0040,0.0004,0.0000,0.0004,0.0421
73.837,-0.9748,0.0000,-0.9748,0.0004,0.0000,0.0004,0.0163
73.849,-0.9081,0.0000,-0.9081,0.0004,0.0000,0.0004,0.0163
73.853,-0.8844,0.0000,-0.8844,0.0004,0.0000,0.0004,0.0163
73.857,-0.8614,0.0000,-0.8614,0.0004,0.0000,0.0004,-0.0118
73.863,-0.8351,0.0000,-0.8351,0.0004,0.0000,0.0004,-0.0118
73.867,-0.8138,0.0000,-0.8138,0.0004,0.0000,0.0004,-0.0118
73.871,-0.7927,0.0000,-0.7927,0.0003,0.0000,0.0003,-0.0118
73.876,-0.7707,0.0000,-0.7707,0.0003,0.0000,0.0003,-0.0434
73.881,-0.7484,0.0000,-0.7484,0.0003,0.0000,0.0003,-0.0434
73.885,-0.7298,0.0000,-0.7298,0.0003,0.0000,0.0003,-0.0434
73.889,-0.7107,0.0000,-0.7107,0.0003,0.0000,0.0003,-0.0434
73.893,-0.6923,0.0000,-0.6923,0.0003,0.0000,0.0003,-0.0434
73.898,-0.6751,0.0000,-0.6751,0.0003,0.0000,0.0003,-0.0785
73.902,-0.6563,0.0000,-0.6563,0.0003,0.0000,0.0003,-0.0785
73.907,-0.6386,0.0000,-0.6386,0.0003,0.0000,0.0003,-0.0785
73.911,-0.6227,0.0000,-0.6227,0.0003,0.0000,0.0003,-0.0785
73.915,-0.6074,0.0000,-0.6074,0.0003,0.0000,0.0003,-0.1165
73.920,-0.5907,0.0000,-0.5907,0.0003,0.0000,0.0003,-0.1165
73.924,-0.5751,0.0000,-0.5751,0.0003,0.0000,0.0003,-0.1165
73.928,-0.5609,0.0000,-0.5609,0.0002,0.0000,0.0002,-0.1165
73.932,-0.5470,0.0000,-0.5470,0.0002,0.0000,0.0002,-0.1165
73.944,-0.5087,0.0000,-0.5087,0.0002,0.0000,0.0002,-0.1551
73.957,-0.4679,0.0000,-0.4679,0.0002,0.0000,0.0002,-0.2157
73.969,-0.4338,0.0000,-0.4338,0.0002,0.0000,0.0002,-0.2157
73.975,-0.4193,0.0000,-0.4193,0.0002,0.0000,0.0002,-0.3173
73.980,-0.4073,0.0000,-0.4073,0.0002,0.0000,0.0002,-0.3173
73.984,-0.3963,0.0000,-0.3963,0.0002,0.0000,0.0002,-0.3173
73.989,-0.3856,0.0000,-0.3856,0.0002,0.0000,0.0002,-0.3173
73.993,-0.3760,0.0000,-0.3760,0.0002,0.0000,0.0002,-0.3173
73.997,-0.3666,0.0000,-0.3666,0.0002,0.0000,0.0002,-0.3780
74.002,-0.3560,0.0000,-0.3560,0.0002,0.0000,0.0002,-0.3780
74.006,-0.3468,0.0000,-0.3468,0.0002,0.0000,0.0002,-0.3780
74.010,-0.3381,0.0000,-0.3381,0.0001,0.0000,0.0001,-0.3780
74.014,-0.3297,0.0000,-0.3297,0.0001,0.0000,0.0001,-0.4262
74.019,-0.3202,0.0000,-0.3202,0.0001,0.0000,0.0001,-0.4262
74.024,-0.3120,0.0000,-0.3120,0.0001,0.0000,0.0001,-0.4262
74.028,-0.3040,0.0000,-0.3040,0.0001,0.0000,0.0001,-0.4262
74.032,-0.2961,0.0000,-0.2961,0.0001,0.0000,0.0001,-0.4262
74.037,-0.2879,0.0000,-0.2879,0.0001,0.0000,0.0001,-0.4719
74.042,-0.2797,0.0000,-0.2797,0.0001,0.0000,0.0001,-0.4719
74.046,-0.2714,0.0000,-0.2714,0.0001,0.0000,0.0001,-0.4719
74.058,-0.2527,0.0000,-0.2527,0.0001,0.0000,0.0001,-0.5085
74.065,-0.2419,0.0000,-0.2419,0.0001,0.0000,0.0001,-0.5085
74.069,-0.2359,0.0000,-0.2359,0.0001,0.0000,0.0001,-0.5085
74.074,-0.2295,0.0000,-0.2295,0.0001,0.0000,0.0001,-0.5430
74.078,-0.2229,0.0000,-0.2229,0.0001,0.0000,0.0001,-0.5430
74.083,-0.2172,0.0000,-0.2172,0.0001,0.0000,0.0001,-0.5430
74.087,-0.2116,0.0000,-0.2116,0.0001,0.0000,0.0001,-0.5430
74.092,-0.2059,0.0000,-0.2059,0.0001,0.0000,0.0001,-0.5430
74.096,-0.2007,0.0000,-0.2007,0.0001,0.0000,0.0001,-0.5770
74.100,-0.1951,0.0000,-0.1951,0.0001,0.0000,0.0001,-0.5770
74.105,-0.1901,0.0000,-0.1901,0.0001,0.0000,0.0001,-0.5770
74.109,-0.1847,0.0000,-0.1847,0.0001,0.0000,0.0001,-0.5770
74.122,-0.1712,0.0000,-0.1712,0.0001,0.0000,0.0001,-0.6099
74.128,-0.1645,0.0000,-0.1645,0.0001,0.0000,0.0001,-0.6099
74.132,-0.1603,0.0000,-0.1603,0.0001,0.0000,0.0001,-0.6099
74.137,-0.1559,0.0000,-0.1559,0.0001,0.0000,0.0001,-0.6416
74.142,-0.1512,0.0000,-0.1512,0.0001,0.0000,0.0001,-0.6416
74.146,-0.1474,0.0000,-0.1474,0.0001,0.0000,0.0001,-0.6416
74.150,-0.1439,0.0000,-0.1439,0.0001,0.0000,0.0001,-0.6416
74.155,-0.1401,0.0000,-0.1401,0.0001,0.0000,0.0001,-0.6935
74.159,-0.1359,0.0000,-0.1359,0.0001,0.0000,0.0001,-0.6935
74.170,-0.1274,0.0000,-0.1274,0.0001,0.0000,0.0001,-0.6935
74.175,-0.1239,0.0000,-0.1239,0.0001,0.0000,0.0001,-0.7449
74.179,-0.1202,0.0000,-0.1202,0.0001,0.0000,0.0001,-0.7449
74.184,-0.1168,0.0000,-0.1168,0.0001,0.0000,0.0001,-0.7449
74.189,-0.1133,0.0000,-0.1133,0.0000,0.0000,0.0000,-0.7449
74.194,-0.1104,0.0000,-0.1104,0.0000,0.0000,0.0000,-0.7449
74.198,-0.1076,0.0000,-0.1076,0.0000,0.0000,0.0000,-0.7926
74.203,-0.1045,0.0000,-0.1045,0.0000,0.0000,0.0000,-0.7926
74.207,-0.1017,0.0000,-0.1017,0.0000,0.0000,0.0000,-0.7926
74.211,-0.0991,0.0000,-0.0991,0.0000,0.0000,0.0000,-0.7926
74.216,-0.0965,0.0000,-0.0965,0.0000,0.0000,0.0000,-0.8400
74.220,-0.0937,0.0000,-0.0937,0.0000,0.0000,0.0000,-0.8400
74.225,-0.0913,0.0000,-0.0913,0.0000,0.0000,0.0000,-0.8400
74.229,-0.0890,0.0000,-0.0890,0.0000,0.0000,0.0000,-0.8400
74.233,-0.0867,0.0000,-0.0867,0.0000,0.0000,0.0000,-0.8400
74.238,-0.0844,0.0000,-0.0844,0.0000,0.0000,0.0000,-0.8836
74.242,-0.0820,0.0000,-0.0820,0.0000,0.0000,0.0000,-0.8836
74.247,-0.0799,0.0000,-0.0799,0.0000,0.0000,0.0000,-0.8836
74.251,-0.0776,0.0000,-0.0776,0.0000,0.0000,0.0000,-0.8836
74.256,-0.0754,0.0000,-0.0754,0.0000,0.0000,0.0000,-0.9226
74.261,-0.0730,0.0000,-0.0730,0.0000,0.0000,0.0000,-0.9226
74.274,-0.0675,0.0000,-0.0675,0.0000,0.0000,0.0000,-0.9565
74.288,-0.0620,0.0000,-0.0620,0.0000,0.0000,0.0000,-0.9565
74.292,-0.0602,0.0000,-0.0602,0.0000,0.0000,0.0000,-0.9565
74.297,-0.0585,0.0000,-0.0585,0.0000,0.0000,0.0000,-0.9853
74.302,-0.0567,0.0000,-0.0567,0.0000,0.0000,0.0000,-0.9853
74.307,-0.0550,0.0000,-0.0550,0.0000,0.0000,0.0000,-0.9853
74.312,-0.0535,0.0000,-0.0535,0.0000,0.0000,0.0000,-0.9853
74.316,-0.0520,0.0000,-0.0520,0.0000,0.0000,0.0000,-1.0304
74.322,-0.0503,0.0000,-0.0503,0.0000,0.0000,0.0000,-1.0304
74.327,-0.0488,0.0000,-0.0488,0.0000,0.0000,0.0000,-1.0304
74.332,-0.0472,0.0000,-0.0472,0.0000,0.0000,0.0000,-1.0304
74.338,-0.0455,0.0000,-0.0455,0.0000,0.0000,0.0000,-1.0907
74.346,-0.0434,0.0000,-0.0434,0.0000,0.0000,0.0000,-1.0907
74.351,-0.0420,0.0000,-0.0420,0.0000,0.0000,0.0000,-1.0907
74.357,-0.0406,0.0000,-0.0406,0.0000,0.0000,0.0000,-1.1446
74.363,-0.0392,0.0000,-0.0392,0.0000,0.0000,0.0000,-1.1446
74.367,-0.0381,0.0000,-0.0381,0.0000,0.0000,0.0000,-1.1446
74.372,-0.0370,0.0000,-0.0370,0.0000,0.0000,0.0000,-1.1446
74.377,-0.0360,0.0000,-0.0360,0.0000,0.0000,0.0000,-1.1900
74.390,-0.0331,0.0000,-0.0331,0.0000,0.0000,0.0000,-1.1900
74.395,-0.0322,0.0000,-0.0322,0.0000,0.0000,0.0000,-1.2399
74.400,-0.0311,0.0000,-0.0311,0.0000,0.0000,0.0000,-1.2399
74.405,-0.0302,0.0000,-0.0302,0.0000,0.0000,0.0000,-1.2399
74.410,-0.0294,0.0000,-0.0294,0.0000,0.0000,0.0000,-1.2399
74.414,-0.0286,0.0000,-0.0286,0.0000,0.0000,0.0000,-1.2816
74.426,-0.0265,0.0000,-0.0265,0.0000,0.0000,0.0000,-1.2816
74.432,-0.0256,0.0000,-0.0256,0.0000,0.0000,0.0000,-1.2816
74.437,-0.0249,0.0000,-0.0249,0.0000,0.0000,0.0000,-1.3014
74.442,-0.0241,0.0000,-0.0241,0.0000,0.0000,0.0000,-1.3014
74.446,-0.0235,0.0000,-0.0235,0.0000,0.0000,0.0000,-1.3014
74.450,-0.0230,0.0000,-0.0230,0.0000,0.0000,0.0000,-1.3014
74.454,-0.0224,0.0000,-0.0224,0.0000,0.0000,0.0000,-1.3102
74.459,-0.0217,0.0000,-0.0217,0.0000,0.0000,0.0000,-1.3102
74.463,-0.0212,0.0000,-0.0212,0.0000,0.0000,0.0000,-1.3102
74.468,-0.0206,0.0000,-0.0206,0.0000,0.0000,0.0000,-1.3102
74.473,-0.0200,0.0000,-0.0200,0.0000,0.0000,0.0000,-1.3102
74.478,-0.0194,0.0000,-0.0194,0.0000,0.0000,0.0000,-1.3096
74.489,-0.0181,0.0000,-0.0181,0.0000,0.0000,0.0000,-1.3096
74.493,-0.0176,0.0000,-0.0176,0.0000,0.0000,0.0000,-1.3096
74.498,-0.0171,0.0000,-0.0171,0.0000,0.0000,0.0000,-1.2996
74.502,-0.0167,0.0000,-0.0167,0.0000,0.0000,0.0000,-1.2996
74.507,-0.0162,0.0000,-0.0162,0.0000,0.0000,0.0000,-1.2996
74.511,-0.0158,0.0000,-0.0158,0.0000,0.0000,0.0000,-1.2996
74.515,-0.0154,0.0000,-0.0154,0.0000,0.0000,0.0000,-1.2792
74.520,-0.0150,0.0000,-0.0150,0.0000,0.0000,0.0000,-1.2792
74.524,-0.0146,0.0000,-0.0146,0.0000,0.0000,0.0000,-1.2792
74.528,-0.0142,0.0000,-0.0142,0.0000,0.0000,0.0000,-1.2792
74.533,-0.0139,0.0000,-0.0139,0.0000,0.0000,0.0000,-1.2792
74.537,-0.0135,0.0000,-0.0135,0.0000,0.0000,0.0000,-1.2494
74.542,-0.0131,0.0000,-0.0131,0.0000,0.0000,0.0000,-1.2494
74.546,-0.0128,0.0000,-0.0128,0.0000,0.0000,0.0000,-1.2494
74.550,-0.0125,0.0000,-0.0125,0.0000,0.0000,0.0000,-1.2494
74.554,-0.0122,0.0000,-0.0122,0.0000,0.0000,0.0000,-1.2112
74.559,-0.0118,0.0000,-0.0118,0.0000,0.0000,0.0000,-1.2112
74.563,-0.0115,0.0000,-0.0115,0.0000,0.0000,0.0000,-1.2112
74.567,-0.0112,0.0000,-0.0112,0.0000,0.0000,0.0000,-1.2112
74.582,-0.0102,0.0000,-0.0102,0.0000,0.0000,0.0000,-1.1875
74.596,-0.0094,0.0000,-0.0094,0.0000,0.0000,0.0000,-1.1583
74.602,-0.0091,0.0000,-0.0091,0.0000,0.0000,0.0000,-1.1583
74.607,-0.0088,0.0000,-0.0088,0.0000,0.0000,0.0000,-1.1583
74.612,-0.0085,0.0000,-0.0085,0.0000,0.0000,0.0000,-1.1583
74.616,-0.0083,0.0000,-0.0083,0.0000,0.0000,0.0000,-1.1199
74.622,-0.0080,0.0000,-0.0080,0.0000,0.0000,0.0000,-1.1199
74.626,-0.0078,0.0000,-0.0078,0.0000,0.0000,0.0000,-1.1199
74.631,-0.0076,0.0000,-0.0076,0.0000,0.0000,0.0000,-1.1199
74.635,-0.0074,0.0000,-0.0074,0.0000,0.0000,0.0000,-1.0736
74.640,-0.0072,0.0000,-0.0072,0.0000,0.0000,0.0000,-1.0736
74.644,-0.0070,0.0000,-0.0070,0.0000,0.0000,0.0000,-1.0736
74.648,-0.0068,0.0000,-0.0068,0.0000,0.0000,0.0000,-1.0736
74.653,-0.0066,0.0000,-0.0066,0.0000,0.0000,0.0000,-1.0736
74.657,-0.0065,0.0000,-0.0065,0.0000,0.0000,0.0000,-1.0191
74.662,-0.0063,0.0000,-0.0063,0.0000,0.0000,0.0000,-1.0191
74.666,-0.0061,0.0000,-0.0061,0.0000,0.0000,0.0000,-1.0191
74.671,0.0133,0.0000,0.0133,0.0000,0.0000,0.0000,-1.0191
74.675,0.0614,0.0000,0.0614,0.0000,0.0000,0.0000,-0.9783
74.680,0.1392,0.0000,0.1392,0.0000,0.0000,0.0000,-0.9783
74.684,0.2063,0.0000,0.2063,0.0000,0.0000,0.0000,-0.9783
74.688,0.2774,0.0000,0.2774,0.0000,0.0000,0.0000,-0.9783
74.699,0.4492,0.0000,0.4492,0.0000,0.0000,0.0000,-0.9383
74.704,0.5225,0.0000,0.5225,0.0001,0.0000,0.0001,-0.9383
74.709,0.5811,0.0000,0.5811,0.0001,0.0000,0.0001,-0.9383
74.713,0.6398,0.0000,0.6398,0.0001,0.0000,0.0001,-0.9383
74.717,0.6955,0.0000,0.6955,0.0001,-0.0115,-0.0114,-0.8736
74.722,0.7594,0.0000,0.7594,0.0002,-0.0115,-0.0113,-0.8736
74.734,0.9049,0.0000,0.9049,0.0003,-0.0115,-0.0112,-0.8736
74.739,0.9729,0.0000,0.9729,0.0004,-0.0233,-0.0229,-0.7979
74.744,1.0263,0.0000,1.0263,0.0005,-0.0233,-0.0229,-0.7979
74.748,1.0714,0.0000,1.0714,0.0005,-0.0233,-0.0228,-0.7979
74.752,1.1140,0.0000,1.1140,0.0006,-0.0233,-0.0227,-0.7979
74.757,1.1603,0.0000,1.1603,0.0007,-0.0348,-0.0341,-0.7258
74.761,1.2082,0.0000,1.2082,0.0008,-0.0348,-0.0340,-0.7258
74.766,1.2493,0.0000,1.2493,0.0009,-0.0348,-0.0339,-0.7258
74.771,1.3047,0.0000,1.3047,0.0011,-0.0348,-0.0337,-0.7258
74.776,1.3467,0.0000,1.3467,0.0012,-0.0457,-0.0445,-0.6591
74.781,1.3919,0.0000,1.3919,0.0014,-0.0457,-0.0443,-0.6591
74.785,1.4293,0.0000,1.4293,0.0015,-0.0457,-0.0442,-0.6591
74.789,1.4666,0.0000,1.4666,0.0017,-0.0457,-0.0440,-0.6591
74.794,1.5020,0.0000,1.5020,0.0019,-0.0565,-0.0546,-0.5923
74.799,1.5422,0.0000,1.5422,0.0021,-0.0565,-0.0544,-0.5923
74.809,1.6275,0.0000,1.6275,0.0026,-0.0565,-0.0538,-0.5923
74.814,1.6588,0.0000,1.6588,0.0029,-0.0674,-0.0645,-0.5197
74.818,1.6916,0.0000,1.6916,0.0031,-0.0674,-0.0643,-0.5197
74.823,1.7229,0.0000,1.7229,0.0034,-0.0674,-0.0640,-0.5197
74.827,1.7521,0.0000,1.7521,0.0036,-0.0674,-0.0637,-0.5197
74.831,1.7792,0.0000,1.7792,0.0039,-0.0674,-0.0635,-0.5197
74.835,1.8057,0.0000,1.8057,0.0041,-0.0784,-0.0743,-0.4409
74.840,1.8367,0.0000,1.8367,0.0045,-0.0784,-0.0740,-0.4409
74.845,1.8632,0.0000,1.8632,0.0048,-0.0784,-0.0737,-0.4409
74.849,1.8883,0.0000,1.8883,0.0051,-0.0784,-0.0734,-0.4409
74.853,1.9130,0.0000,1.9130,0.0054,-0.0784,-0.0730,-0.4409
74.858,1.9384,0.0000,1.9384,0.0058,-0.0897,-0.0839,-0.3566
74.862,1.9641,0.0000,1.9641,0.0061,-0.0897,-0.0835,-0.3566
74.866,1.9860,0.0000,1.9860,0.0065,-0.0897,-0.0832,-0.3566
74.871,2.0097,0.0000,2.0097,0.0069,-0.0897,-0.0828,-0.3566
74.875,2.0330,0.0000,2.0330,0.0073,-0.1010,-0.0937,-0.2673
74.888,2.0958,0.0000,2.0958,0.0086,-0.1010,-0.0924,-0.2673
74.894,2.1214,0.0000,2.1214,0.0092,-0.1162,-0.1070,-0.1111
74.899,2.1426,0.0000,2.1426,0.0097,-0.1162,-0.1065,-0.1111
74.903,2.1628,0.0000,2.1628,0.0102,-0.1162,-0.1060,-0.1111
74.908,2.1810,0.0000,2.1810,0.0107,-0.1162,-0.1055,-0.1111
74.912,2.1991,0.0000,2.1991,0.0112,-0.1162,-0.1050,-0.1111
74.923,2.2419,0.0000,2.2419,0.0125,-0.1323,-0.1198,0.0638
74.928,2.2598,0.0000,2.2598,0.0131,-0.1323,-0.1192,0.0638
74.932,2.2749,0.0000,2.2749,0.0137,-0.1323,-0.1186,0.0638
74.937,2.2908,0.0000,2.2908,0.0143,-0.1480,-0.1337,0.2361
74.942,2.3074,0.0000,2.3074,0.0149,-0.1480,-0.1331,0.2361
74.946,2.3209,0.0000,2.3209,0.0155,-0.1480,-0.1325,0.2361
74.950,2.3344,0.0000,2.3344,0.0160,-0.1480,-0.1320,0.2361
74.954,2.3479,0.0000,2.3479,0.0166,-0.1632,-0.1466,0.4061
74.959,2.3630,0.0000,2.3630,0.0173,-0.1632,-0.1459,0.4061
74.964,2.3761,0.0000,2.3761,0.0180,-0.1632,-0.1453,0.4061
74.968,2.3888,0.0000,2.3888,0.0186,-0.1632,-0.1446,0.4061
74.973,2.4012,0.0000,2.4012,0.0192,-0.1632,-0.1440,0.4061
74.977,2.4126,0.0000,2.4126,0.0199,-0.1779,-0.1580,0.5721
74.982,2.4253,0.0000,2.4253,0.0206,-0.1779,-0.1573,0.5721
74.986,2.4359,0.0000,2.4359,0.0212,-0.1779,-0.1567,0.5721
74.990,2.4468,0.0000,2.4468,0.0219,-0.1779,-0.1560,0.5721
74.995,2.4577,0.0000,2.4577,0.0226,-0.1919,-0.1693,0.7322
74.999,2.4689,0.0000,2.4689,0.0233,-0.1919,-0.1686,0.7322
75.004,2.4788,0.0000,2.4788,0.0240,-0.1919,-0.1679,0.7322
75.008,2.4889,0.0000,2.4889,0.0247,-0.1919,-0.1672,0.7322
75.014,2.5019,0.0000,2.5019,0.0257,-0.2051,-0.1794,0.8860
75.026,2.5280,0.0000,2.5280,0.0277,-0.2051,-0.1774,0.8860
75.048,2.5702,0.0000,2.5702,0.0314,-0.2174,-0.1861,1.0320
75.057,2.5855,0.0000,2.5855,0.0328,-0.2288,-0.1960,1.1694
75.062,2.5946,0.0000,2.5946,0.0337,-0.2288,-0.1951,1.1694
75.068,2.6026,0.0000,2.6026,0.0346,-0.2288,-0.1942,1.1694
75.073,2.6104,0.0000,2.6104,0.0354,-0.2288,-0.1934,1.1694
75.078,2.6182,0.0000,2.6182,0.0362,-0.2372,-0.2010,1.2691
75.083,2.6257,0.0000,2.6257,0.0371,-0.2372,-0.2001,1.2691
75.088,2.6318,0.0000,2.6318,0.0378,-0.2372,-0.1994,1.2691
75.093,2.6381,0.0000,2.6381,0.0385,-0.2372,-0.1987,1.2691
75.097,2.6439,0.0000,2.6439,0.0393,-0.2475,-0.2083,1.4051
75.102,2.6499,0.0000,2.6499,0.0400,-0.2475,-0.2075,1.4051
75.106,2.6553,0.0000,2.6553,0.0407,-0.2475,-0.2068,1.4051
75.110,2.6601,0.0000,2.6601,0.0414,-0.2475,-0.2061,1.4051
75.114,2.6649,0.0000,2.6649,0.0421,-0.2574,-0.2153,1.5435
75.119,2.6707,0.0000,2.6707,0.0430,-0.2574,-0.2144,1.5435
75.131,2.6833,0.0000,2.6833,0.0452,-0.2574,-0.2122,1.5435
75.135,2.6878,0.0000,2.6878,0.0459,-0.2680,-0.2221,1.7023
75.141,2.6931,0.0000,2.6931,0.0468,-0.2680,-0.2212,1.7023
75.145,2.6971,0.0000,2.6971,0.0475,-0.2680,-0.2205,1.7023
75.149,2.7010,0.0000,2.7010,0.0482,-0.2680,-0.2198,1.7023
75.153,2.7047,0.0000,2.7047,0.0489,-0.2680,-0.2191,1.7023
75.157,2.7086,0.0000,2.7086,0.0497,-0.2774,-0.2277,1.8539
75.162,2.7127,0.0000,2.7127,0.0506,-0.2774,-0.2268,1.8539
75.166,2.7164,0.0000,2.7164,0.0513,-0.2774,-0.2260,1.8539
75.171,2.7201,0.0000,2.7201,0.0521,-0.2774,-0.2253,1.8539
75.175,2.7235,0.0000,2.7235,0.0528,-0.2831,-0.2303,1.9600
75.180,2.7274,0.0000,2.7274,0.0537,-0.2831,-0.2294,1.9600
75.192,2.7367,0.0000,2.7367,0.0560,-0.2831,-0.2271,1.9600
75.198,2.7407,0.0000,2.7407,0.0570,-0.2868,-0.2298,2.0420
75.203,2.7439,0.0000,2.7439,0.0577,-0.2868,-0.2291,2.0420
75.207,2.7468,0.0000,2.7468,0.0584,-0.2868,-0.2284,2.0420
75.211,2.7497,0.0000,2.7497,0.0592,-0.2868,-0.2276,2.0420
75.216,2.7523,0.0000,2.7523,0.0599,-0.2889,-0.2289,2.1070
75.220,2.7552,0.0000,2.7552,0.0607,-0.2889,-0.2281,2.1070
75.225,2.7578,0.0000,2.7578,0.0614,-0.2889,-0.2274,2.1070
75.229,2.7605,0.0000,2.7605,0.0622,-0.2889,-0.2267,2.1070
75.240,2.7665,0.0000,2.7665,0.0638,-0.2895,-0.2257,2.1548
75.245,2.7692,0.0000,2.7692,0.0645,-0.2895,-0.2250,2.1548
75.249,2.7713,0.0000,2.7713,0.0650,-0.2895,-0.2245,2.1548
75.253,2.7733,0.0000,2.7733,0.0657,-0.2895,-0.2238,2.1548
75.258,2.7756,0.0000,2.7756,0.0663,-0.2599,-0.1936,1.7161
75.263,2.7778,0.0000,2.7778,0.0670,-0.2599,-0.1929,1.7161
75.267,2.7797,0.0000,2.7797,0.0676,-0.2599,-0.1923,1.7161
75.271,2.7817,0.0000,2.7817,0.0683,-0.2599,-0.1916,1.7161
75.276,2.7836,0.0000,2.7836,0.0689,-0.2648,-0.1958,1.8264
75.280,2.7855,0.0000,2.7855,0.0695,-0.2648,-0.1952,1.8264
75.284,2.7872,0.0000,2.7872,0.0701,-0.2648,-0.1947,1.8264
75.289,2.7889,0.0000,2.7889,0.0706,-0.2648,-0.1942,1.8264
75.293,2.7906,0.0000,2.7906,0.0711,-0.2648,-0.1937,1.8264
75.297,2.7922,0.0000,2.7922,0.0716,-0.2625,-0.1909,1.8198
75.302,2.7939,0.0000,2.7939,0.0722,-0.2625,-0.1903,1.8198
75.306,2.7956,0.0000,2.7956,0.0728,-0.2625,-0.1897,1.8198
75.310,2.7971,0.0000,2.7971,0.0732,-0.2625,-0.1893,1.8198
75.315,2.7984,0.0000,2.7984,0.0737,-0.2522,-0.1785,1.6813
75.319,2.8000,0.0000,2.8000,0.0744,-0.2522,-0.1778,1.6813
75.324,2.8014,0.0000,2.8014,0.0751,-0.2522,-0.1772,1.6813
75.328,2.8027,0.0000,2.8027,0.0757,-0.2522,-0.1765,1.6813
75.332,2.8041,0.0000,2.8041,0.0762,-0.2522,-0.1760,1.6813
75.345,2.8081,0.0000,2.8081,0.0781,-0.2616,-0.1835,1.8564
75.354,2.8104,0.0000,2.8104,0.0790,-0.2533,-0.1744,1.7499
75.360,2.8121,0.0000,2.8121,0.0797,-0.2533,-0.1736,1.7499
75.365,2.8134,0.0000,2.8134,0.0803,-0.2533,-0.1730,1.7499
75.371,2.8148,0.0000,2.8148,0.0810,-0.2533,-0.1724,1.7499
75.375,2.8159,0.0000,2.8159,0.0813,-0.2454,-0.1641,1.6450
75.380,2.8169,0.0000,2.8169,0.0821,-0.2454,-0.1633,1.6450
75.385,2.8180,0.0000,2.8180,0.0826,-0.2454,-0.1628,1.6450
75.390,2.8190,0.0000,2.8190,0.0830,-0.2454,-0.1624,1.6450
75.394,2.8200,0.0000,2.8200,0.0834,-0.2376,-0.1542,1.5387
75.399,2.8210,0.0000,2.8210,0.0839,-0.2376,-0.1537,1.5387
75.404,2.8219,0.0000,2.8219,0.0845,-0.2376,-0.1532,1.5387
75.408,2.8228,0.0000,2.8228,0.0847,-0.2376,-0.1529,1.5387
75.412,2.8236,0.0000,2.8236,0.0850,-0.2376,-0.1526,1.5387
75.417,2.8244,0.0000,2.8244,0.0853,-0.2299,-0.1446,1.4287
75.422,2.8252,0.0000,2.8252,0.0856,-0.2299,-0.1442,1.4287
75.426,2.8260,0.0000,2.8260,0.0857,-0.2299,-0.1442,1.4287
75.430,2.8267,0.0000,2.8267,0.0861,-0.2299,-0.1438,1.4287
75.434,2.8274,0.0000,2.8274,0.0862,-0.2049,-0.1187,1.0322
75.439,2.8282,0.0000,2.8282,0.0863,-0.2049,-0.1186,1.0322
75.450,2.8299,0.0000,2.8299,0.0869,-0.2049,-0.1181,1.0322
75.455,2.8306,0.0000,2.8306,0.0871,-0.1988,-0.1117,0.9312
75.460,2.8313,0.0000,2.8313,0.0874,-0.1988,-0.1114,0.9312
75.464,2.8319,0.0000,2.8319,0.0876,-0.1988,-0.1111,0.9312
75.469,2.8325,0.0000,2.8325,0.0879,-0.1988,-0.1108,0.9312
75.473,2.8331,0.0000,2.8331,0.0883,-0.1988,-0.1105,0.9312
75.478,2.8337,0.0000,2.8337,0.0886,-0.2003,-0.1117,0.9614
75.483,2.8343,0.0000,2.8343,0.0890,-0.2003,-0.1113,0.9614
75.495,2.8358,0.0000,2.8358,0.0902,-0.2022,-0.1119,1.0131
75.502,2.8365,0.0000,2.8365,0.0909,-0.2022,-0.1113,1.0131
75.506,2.8370,0.0000,2.8370,0.0913,-0.2022,-0.1108,1.0131
75.511,2.8374,0.0000,2.8374,0.0918,-0.2022,-0.1103,1.0131
75.515,2.8378,0.0000,2.8378,0.0929,-0.1964,-0.1035,0.9414
75.520,2.8383,0.0000,2.8383,0.0935,-0.1964,-0.1029,0.9414
75.524,2.8387,0.0000,2.8387,0.0940,-0.1964,-0.1024,0.9414
75.528,2.8391,0.0000,2.8391,0.0936,-0.1964,-0.1027,0.9414
75.532,2.8395,0.0000,2.8395,0.0933,-0.1964,-0.1030,0.9414
75.537,2.8399,0.0000,2.8399,0.0931,-0.1957,-0.1026,1.0230
75.542,2.8403,0.0000,2.8403,0.0939,-0.1957,-0.1018,1.0230
75.546,2.8407,0.0000,2.8407,0.0936,-0.1957,-0.1021,1.0230
75.557,2.8416,0.0000,2.8416,0.0931,-0.1869,-0.0938,0.8989
75.562,2.8419,0.0000,2.8419,0.0940,-0.1869,-0.0929,0.8989
75.566,2.8423,0.0000,2.8423,0.0938,-0.1869,-0.0931,0.8989
75.571,2.8426,0.0000,2.8426,0.0937,-0.1869,-0.0932,0.8989
75.575,2.8429,0.0000,2.8429,0.0936,-0.1730,-0.0794,0.5337
75.580,2.8432,0.0000,2.8432,0.0935,-0.1730,-0.0795,0.5337
75.584,2.8435,0.0000,2.8435,0.0935,-0.1730,-0.0796,0.5337
75.588,2.8437,0.0000,2.8437,0.0940,-0.1730,-0.0791,0.5337
75.592,2.8440,0.0000,2.8440,0.0939,-0.1730,-0.0791,0.5337
75.597,2.8443,0.0000,2.8443,0.0939,-0.1672,-0.0733,0.5581
75.601,2.8446,0.0000,2.8446,0.0940,-0.1672,-0.0732,0.5581
75.606,2.8448,0.0000,2.8448,0.0940,-0.1672,-0.0732,0.5581
75.610,2.8451,0.0000,2.8451,0.0941,-0.1672,-0.0731,0.5581
75.614,2.8453,0.0000,2.8453,0.0942,-0.1595,-0.0653,0.4704
75.619,2.8455,0.0000,2.8455,0.0943,-0.1595,-0.0652,0.4704
75.623,2.8458,0.0000,2.8458,0.0944,-0.1595,-0.0651,0.4704
75.628,2.8460,0.0000,2.8460,0.0946,-0.1595,-0.0649,0.4704
75.632,2.8462,0.0000,2.8462,0.0948,-0.1595,-0.0647,0.4704
75.637,2.8464,0.0000,2.8464,0.0950,-0.1520,-0.0570,0.3987
75.650,2.8470,0.0000,2.8470,0.0958,-0.1520,-0.0562,0.3987
75.662,2.8476,0.0000,2.8476,0.0967,-0.1445,-0.0479,0.3310
75.667,2.8478,0.0000,2.8478,0.0970,-0.1445,-0.0475,0.3310
75.672,2.8480,0.0000,2.8480,0.0974,-0.1445,-0.0472,0.3310
75.676,2.8481,0.0000,2.8481,0.0977,-0.1371,-0.0394,0.2620
75.681,2.8483,0.0000,2.8483,0.0981,-0.1371,-0.0390,0.2620
75.685,2.8485,0.0000,2.8485,0.0956,-0.1371,-0.0415,0.2620
75.690,2.8486,0.0000,2.8486,0.0961,-0.1371,-0.0411,0.2620
75.694,2.8487,0.0000,2.8487,0.0937,-0.1299,-0.0362,0.1894
75.699,2.8489,0.0000,2.8489,0.0943,-0.1299,-0.0356,0.1894
75.703,2.8490,0.0000,2.8490,0.0949,-0.1299,-0.0350,0.1894
75.707,2.8492,0.0000,2.8492,0.0955,-0.1299,-0.0344,0.1894
75.712,2.8493,0.0000,2.8493,0.0961,-0.1299,-0.0338,0.1894
75.716,2.8494,0.0000,2.8494,0.0967,-0.1210,-0.0243,0.3551
75.720,2.8496,0.0000,2.8496,0.0939,-0.1210,-0.0271,0.3551
75.725,2.8497,0.0000,2.8497,0.0914,-0.1210,-0.0296,0.3551
75.729,2.8498,0.0000,2.8498,0.0922,-0.1210,-0.0287,0.3551
75.733,2.8499,0.0000,2.8499,0.0930,-0.1210,-0.0279,0.3551
75.738,2.8500,0.0000,2.8500,0.0939,-0.1134,-0.0195,0.3907
75.743,2.8502,0.0000,2.8502,0.0948,-0.1134,-0.0186,0.3907
75.747,2.8503,0.0000,2.8503,0.0956,-0.1134,-0.0178,0.3907
75.751,2.8504,0.0000,2.8504,0.0933,-0.1134,-0.0201,0.3907
75.756,2.8505,0.0000,2.8505,0.0943,-0.1074,-0.0131,0.3073
75.767,2.8507,0.0000,2.8507,0.0943,-0.1074,-0.0131,0.3073
75.772,2.8508,0.0000,2.8508,0.0915,-0.1074,-0.0159,0.3073
75.777,2.8509,0.0000,2.8509,0.0915,-0.1021,-0.0105,0.2232
75.781,2.8510,0.0000,2.8510,0.0917,-0.1021,-0.0104,0.2232
75.785,2.8511,0.0000,2.8511,0.0894,-0.1021,-0.0127,0.2232
75.790,2.8512,0.0000,2.8512,0.0896,-0.1021,-0.0124,0.2232
75.802,2.8514,0.0000,2.8514,0.0834,-0.0974,-0.0140,0.1291
75.808,2.8515,0.0000,2.8515,0.0802,-0.0974,-0.0172,0.1291
75.812,2.8516,0.0000,2.8516,0.0782,-0.0974,-0.0191,0.1291
75.816,2.8516,0.0000,2.8516,0.0788,-0.0935,-0.0147,0.0468
75.821,2.8517,0.0000,2.8517,0.0795,-0.0935,-0.0140,0.0468
75.826,2.8518,0.0000,2.8518,0.0775,-0.0935,-0.0160,0.0468
75.830,2.8518,0.0000,2.8518,0.0781,-0.0935,-0.0153,0.0468
75.834,2.8519,0.0000,2.8519,0.0788,-0.0902,-0.0114,-0.0336
75.839,2.8520,0.0000,2.8520,0.0797,-0.0902,-0.0106,-0.0336
75.843,2.8520,0.0000,2.8520,0.0803,-0.0902,-0.0099,-0.0336
75.847,2.8521,0.0000,2.8521,0.0810,-0.0902,-0.0092,-0.0336
75.851,2.8521,0.0000,2.8521,0.0789,-0.0902,-0.0113,-0.0336
75.856,2.8522,0.0000,2.8522,0.0797,-0.0903,-0.0106,-0.0170
75.860,2.8523,0.0000,2.8523,0.0774,-0.0903,-0.0129,-0.0170
75.865,2.8523,0.0000,2.8523,0.0753,-0.0903,-0.0150,-0.0170
75.876,2.8524,0.0000,2.8524,0.0705,-0.0922,-0.0216,0.0352
75.881,2.8525,0.0000,2.8525,0.0683,-0.0922,-0.0239,0.0352
75.885,2.8525,0.0000,2.8525,0.0664,-0.0922,-0.0257,0.0352
75.890,2.8526,0.0000,2.8526,0.0647,-0.0922,-0.0275,0.0352
75.894,2.8526,0.0000,2.8526,0.0631,-0.0946,-0.0315,0.0883
75.899,2.8527,0.0000,2.8527,0.0612,-0.0946,-0.0333,0.0883
75.903,2.8527,0.0000,2.8527,0.0597,-0.0946,-0.0349,0.0883
75.907,2.8527,0.0000,2.8527,0.0581,-0.0946,-0.0364,0.0883
75.912,2.8528,0.0000,2.8528,0.0566,-0.0946,-0.0379,0.0883
75.916,2.8528,0.0000,2.8528,0.0582,-0.0923,-0.0341,0.0107
75.920,2.8529,0.0000,2.8529,0.0566,-0.0923,-0.0358,0.0107
75.925,2.8529,0.0000,2.8529,0.0551,-0.0923,-0.0372,0.0107
75.929,2.8529,0.0000,2.8529,0.0537,-0.0923,-0.0387,0.0107
75.933,2.8530,0.0000,2.8530,0.0554,-0.0923,-0.0370,0.0107
75.938,2.8530,0.0000,2.8530,0.0540,-0.0927,-0.0387,-0.0078
75.943,2.8530,0.0000,2.8530,0.0523,-0.0927,-0.0403,-0.0078
75.954,2.8531,0.0000,2.8531,0.0574,-0.0924,-0.0350,-0.0402
75.960,2.8532,0.0000,2.8532,0.0553,-0.0924,-0.0371,-0.0402
75.964,2.8532,0.0000,2.8532,0.0539,-0.0924,-0.0385,-0.0402
75.968,2.8532,0.0000,2.8532,0.0526,-0.0924,-0.0398,-0.0402
75.973,2.8532,0.0000,2.8532,0.0511,-0.0924,-0.0414,-0.0402
75.978,2.8533,0.0000,2.8533,0.0496,-0.0885,-0.0389,-0.1626
75.989,2.8533,0.0000,2.8533,0.0463,-0.0885,-0.0423,-0.1626
75.994,2.8534,0.0000,2.8534,0.0487,-0.0905,-0.0418,-0.1223
75.998,2.8534,0.0000,2.8534,0.0511,-0.0905,-0.0394,-0.1223
76.002,2.8534,0.0000,2.8534,0.0498,-0.0905,-0.0407,-0.1223
76.007,2.8534,0.0000,2.8534,0.0483,-0.0905,-0.0422,-0.1223
76.012,2.8534,0.0000,2.8534,0.0468,-0.0905,-0.0437,-0.1223
76.018,2.8535,0.0000,2.8535,0.0453,-0.0862,-0.0409,-0.2596
76.024,2.8535,0.0000,2.8535,0.0438,-0.0862,-0.0424,-0.2596
76.028,2.8535,0.0000,2.8535,0.0425,-0.0862,-0.0437,-0.2596
76.033,2.8535,0.0000,2.8535,0.0414,-0.0862,-0.0448,-0.2596
76.037,2.8536,0.0000,2.8536,0.0403,-0.0843,-0.0440,-0.3187
76.042,2.8536,0.0000,2.8536,0.0391,-0.0843,-0.0452,-0.3187
76.047,2.8536,0.0000,2.8536,0.0380,-0.0843,-0.0463,-0.3187
76.052,2.8536,0.0000,2.8536,0.0367,-0.0843,-0.0476,-0.3187
76.058,2.8536,0.0000,2.8536,0.0356,-0.0842,-0.0486,-0.3013
76.063,2.8537,0.0000,2.8537,0.0343,-0.0842,-0.0499,-0.3013
76.069,2.8537,0.0000,2.8537,0.0332,-0.0842,-0.0510,-0.3013
76.074,2.8537,0.0000,2.8537,0.0322,-0.0836,-0.0514,-0.2895
76.081,2.8537,0.0000,2.8537,0.0308,-0.0836,-0.0527,-0.2895
76.087,2.8537,0.0000,2.8537,0.0298,-0.0836,-0.0538,-0.2895
76.099,2.8538,0.0000,2.8538,0.0276,-0.0824,-0.0547,-0.2849
76.115,2.8538,0.0000,2.8538,0.0249,-0.0807,-0.0558,-0.2866
76.122,2.8538,0.0000,2.8538,0.0307,-0.0807,-0.0500,-0.2866
76.127,2.8538,0.0000,2.8538,0.0298,-0.0807,-0.0509,-0.2866
76.132,2.8538,0.0000,2.8538,0.0289,-0.0807,-0.0518,-0.2866
76.138,2.8539,0.0000,2.8539,0.0278,-0.0780,-0.0501,-0.3527
76.143,2.8539,0.0000,2.8539,0.0270,-0.0780,-0.0510,-0.3527
76.147,2.8539,0.0000,2.8539,0.0263,-0.0780,-0.0517,-0.3527
76.152,2.8539,0.0000,2.8539,0.0256,-0.0780,-0.0524,-0.3527
76.157,2.8539,0.0000,2.8539,0.0297,-0.0759,-0.0463,-0.3614
76.162,2.8539,0.0000,2.8539,0.0287,-0.0759,-0.0472,-0.3614
76.166,2.8539,0.0000,2.8539,0.0280,-0.0759,-0.0479,-0.3614
76.170,2.8539,0.0000,2.8539,0.0273,-0.0759,-0.0487,-0.3614
76.175,2.8539,0.0000,2.8539,0.0266,-0.0738,-0.0472,-0.3672
76.179,2.8539,0.0000,2.8539,0.0258,-0.0738,-0.0480,-0.3672
76.184,2.8540,0.0000,2.8540,0.0252,-0.0738,-0.0486,-0.3672
76.188,2.8540,0.0000,2.8540,0.0245,-0.0738,-0.0493,-0.3672
76.199,2.8540,0.0000,2.8540,0.0229,-0.0714,-0.0484,-0.3963
76.204,2.8540,0.0000,2.8540,0.0222,-0.0714,-0.0492,-0.3963
76.208,2.8540,0.0000,2.8540,0.0216,-0.0714,-0.0498,-0.3963
76.212,2.8540,0.0000,2.8540,0.0211,-0.0714,-0.0503,-0.3963
76.217,2.8540,0.0000,2.8540,0.0206,-0.0689,-0.0483,-0.4315
76.221,2.8540,0.0000,2.8540,0.0200,-0.0689,-0.0489,-0.4315
76.226,2.8540,0.0000,2.8540,0.0195,-0.0689,-0.0494,-0.4315
76.230,2.8540,0.0000,2.8540,0.0190,-0.0689,-0.0499,-0.4315
76.234,2.8540,0.0000,2.8540,0.0185,-0.0663,-0.0478,-0.4686
76.239,2.8540,0.0000,2.8540,0.0180,-0.0663,-0.0484,-0.4686
76.243,2.8540,0.0000,2.8540,0.0175,-0.0663,-0.0488,-0.4686
76.247,2.8540,0.0000,2.8540,0.0171,-0.0663,-0.0493,-0.4686
76.252,2.8540,0.0000,2.8540,0.0166,-0.0663,-0.0497,-0.4686
76.272,2.8541,0.0000,2.8541,0.0146,-0.0638,-0.0492,-0.5047
76.279,2.8541,0.0000,2.8541,0.0140,-0.0613,-0.0473,-0.5415
76.284,2.8541,0.0000,2.8541,0.0135,-0.0613,-0.0477,-0.5415
76.289,2.8541,0.0000,2.8541,0.0132,-0.0613,-0.0481,-0.5415
76.293,2.8541,0.0000,2.8541,0.0128,-0.0613,-0.0485,-0.5415
76.305,2.8541,0.0000,2.8541,0.0119,-0.0588,-0.0468,-0.5789
76.310,2.8541,0.0000,2.8541,0.0116,-0.0588,-0.0472,-0.5789
76.314,2.8541,0.0000,2.8541,0.0113,-0.0562,-0.0449,-0.6424
76.319,2.8541,0.0000,2.8541,0.0110,-0.0562,-0.0453,-0.6424
76.323,2.8541,0.0000,2.8541,0.0107,-0.0562,-0.0455,-0.6424
76.327,2.8541,0.0000,2.8541,0.0104,-0.0562,-0.0458,-0.6424
76.331,2.8541,0.0000,2.8541,0.0102,-0.0562,-0.0461,-0.6424
76.336,2.8541,0.0000,2.8541,0.0099,-0.0537,-0.0439,-0.7068
76.341,2.8541,0.0000,2.8541,0.0096,-0.0537,-0.0441,-0.7068
76.345,2.8541,0.0000,2.8541,0.0094,-0.0537,-0.0444,-0.7068
76.349,2.8541,0.0000,2.8541,0.0091,-0.0537,-0.0446,-0.7068
76.353,2.8541,0.0000,2.8541,0.0089,-0.0537,-0.0449,-0.7068
76.358,2.8541,0.0000,2.8541,0.0087,-0.0513,-0.0427,-0.7687
76.362,2.8541,0.0000,2.8541,0.0021,-0.0513,-0.0492,-0.7687
76.367,2.8541,0.0000,2.8541,-0.0035,-0.0513,-0.0548,-0.7687
76.371,2.8541,0.0000,2.8541,-0.0034,-0.0513,-0.0547,-0.7687
76.375,2.8541,0.0000,2.8541,-0.0033,-0.0489,-0.0523,-0.8614
76.381,2.8541,0.0000,2.8541,-0.0032,-0.0489,-0.0522,-0.8614
76.386,2.8541,0.0000,2.8541,-0.0031,-0.0489,-0.0521,-0.8614
76.390,2.8542,0.0000,2.8542,-0.0030,-0.0489,-0.0520,-0.8614
76.395,2.8542,0.0000,2.8542,-0.0029,-0.0467,-0.0496,-0.9518
76.407,2.8542,0.0000,2.8542,-0.0027,-0.0467,-0.0494,-0.9518
76.420,2.8542,0.0000,2.8542,-0.0025,-0.0444,-0.0469,-1.0356
76.427,2.8542,0.0000,2.8542,-0.0024,-0.0444,-0.0468,-1.0356
76.431,2.8542,0.0000,2.8542,-0.0024,-0.0444,-0.0468,-1.0356
76.435,2.8542,0.0000,2.8542,-0.0023,-0.0422,-0.0445,-1.1123
76.440,2.8456,0.0000,2.8456,-0.0022,-0.0422,-0.0444,-1.1123
76.445,2.7671,0.0000,2.7671,-0.0022,-0.0422,-0.0444,-1.1123
76.449,2.6938,0.0000,2.6938,-0.0021,-0.0422,-0.0443,-1.1123
76.453,2.6227,0.0000,2.6227,-0.0021,-0.0422,-0.0443,-1.1123
76.457,2.5463,0.0000,2.5463,-0.0020,-0.0401,-0.0421,-1.1973
76.462,2.4703,0.0000,2.4703,-0.0087,-0.0401,-0.0488,-1.1973
76.466,2.4049,0.0000,2.4049,-0.0085,-0.0401,-0.0486,-1.1973
76.470,2.3382,0.0000,2.3382,-0.0083,-0.0401,-0.0484,-1.1973
76.475,2.2716,0.0000,2.2716,-0.0081,-0.0380,-0.0461,-1.2749
76.479,2.2042,0.0000,2.2042,-0.0078,-0.0380,-0.0459,-1.2749
76.483,2.1463,0.0000,2.1463,-0.0077,-0.0380,-0.0457,-1.2749
76.488,2.0834,0.0000,2.0834,-0.0074,-0.0380,-0.0455,-1.2749
76.492,2.0248,0.0000,2.0248,-0.0073,-0.0380,-0.0453,-1.2749
76.497,1.9647,0.0000,1.9647,-0.0071,-0.0359,-0.0430,-1.3430
76.508,1.8123,0.0000,1.8123,-0.0066,-0.0359,-0.0425,-1.3430
76.513,1.7578,0.0000,1.7578,-0.0064,-0.0359,-0.0423,-1.3430
76.517,1.7079,0.0000,1.7079,-0.0062,-0.0338,-0.0400,-1.4021
76.523,1.6375,0.0000,1.6375,-0.0148,-0.0338,-0.0486,-1.4021
76.528,1.5829,0.0000,1.5829,-0.0215,-0.0338,-0.0552,-1.4021
76.532,1.5374,0.0000,1.5374,-0.0209,-0.0338,-0.0547,-1.4021
76.537,1.4890,0.0000,1.4890,-0.0269,-0.0316,-0.0585,-1.4520
76.542,1.4376,0.0000,1.4376,-0.0261,-0.0316,-0.0577,-1.4520
76.546,1.3950,0.0000,1.3950,-0.0316,-0.0316,-0.0632,-1.4520
76.550,1.3534,0.0000,1.3534,-0.0308,-0.0316,-0.0624,-1.4520
76.555,1.3117,0.0000,1.3117,-0.0300,-0.0293,-0.0593,-1.4946
76.560,1.2664,0.0000,1.2664,-0.0361,-0.0293,-0.0655,-1.4946
76.572,1.1578,0.0000,1.1578,-0.0335,-0.0293,-0.0629,-1.4946
76.577,1.1108,0.0000,1.1108,-0.0324,-0.0273,-0.0597,-1.5531
76.582,1.0697,0.0000,1.0697,-0.0314,-0.0273,-0.0587,-1.5531
76.587,1.0336,0.0000,1.0336,-0.0306,-0.0273,-0.0579,-1.5531
76.591,0.9987,0.0000,0.9987,-0.0298,-0.0273,-0.0570,-1.5531
76.595,0.9674,0.0000,0.9674,-0.0290,-0.0251,-0.0542,-1.6028
76.600,0.9320,0.0000,0.9320,-0.0282,-0.0251,-0.0533,-1.6028
76.604,0.9002,0.0000,0.9002,-0.0274,-0.0251,-0.0526,-1.6028
76.609,0.8680,0.0000,0.8680,-0.0332,-0.0251,-0.0584,-1.6028
76.620,0.7951,0.0000,0.7951,-0.0463,-0.0232,-0.0695,-1.6699
76.624,0.7636,0.0000,0.7636,-0.0449,-0.0232,-0.0682,-1.6699
76.629,0.7369,0.0000,0.7369,-0.0438,-0.0232,-0.0670,-1.6699
76.633,0.7116,0.0000,0.7116,-0.0427,-0.0232,-0.0660,-1.6699
76.637,0.6858,0.0000,0.6858,-0.0477,-0.0213,-0.0690,-1.7263
76.642,0.6558,0.0000,0.6558,-0.0463,-0.0213,-0.0675,-1.7263
76.647,0.6296,0.0000,0.6296,-0.0450,-0.0213,-0.0663,-1.7263
76.651,0.6065,0.0000,0.6065,-0.0498,-0.0213,-0.0711,-1.7263
76.655,0.5816,0.0000,0.5816,-0.0484,-0.0192,-0.0677,-1.7779
76.660,0.5550,0.0000,0.5550,-0.0541,-0.0192,-0.0733,-1.7779
76.665,0.5324,0.0000,0.5324,-0.0589,-0.0192,-0.0781,-1.7779
76.669,0.5110,0.0000,0.5110,-0.0634,-0.0192,-0.0826,-1.7779
76.674,0.4862,0.0000,0.4862,-0.0686,-0.0171,-0.0857,-1.8164
76.679,0.4632,0.0000,0.4632,-0.0733,-0.0171,-0.0904,-1.8164
76.683,0.4430,0.0000,0.4430,-0.0715,-0.0171,-0.0885,-1.8164
76.688,0.4210,0.0000,0.4210,-0.0761,-0.0171,-0.0932,-1.8164
76.693,0.3972,0.0000,0.3972,-0.0812,-0.0171,-0.0983,-1.8164
76.700,0.3683,0.0000,0.3683,-0.0780,-0.0148,-0.0928,-1.8408
76.709,0.3279,0.0000,0.3279,-0.0870,-0.0148,-0.1018,-1.8408
76.716,0.3012,0.0000,0.3012,-0.0929,-0.0123,-0.1051,-1.8510
76.730,0.2452,0.0000,0.2452,-0.0850,-0.0123,-0.0972,-1.8510
76.735,0.2249,0.0000,0.2249,-0.0821,0.0000,-0.0821,-1.8475
76.741,0.2057,0.0000,0.2057,-0.0871,0.0000,-0.0871,-1.8475
76.745,0.1893,0.0000,0.1893,-0.0846,0.0000,-0.0846,-1.8475
76.750,0.1737,0.0000,0.1737,-0.0823,0.0000,-0.0823,-1.8475
76.755,0.1576,0.0000,0.1576,-0.0867,0.0000,-0.0867,-1.8578
76.760,0.1417,0.0000,0.1417,-0.0910,0.0000,-0.0910,-1.8578
76.765,0.1255,0.0000,0.1255,-0.0953,0.0000,-0.0953,-1.8578
76.770,0.1096,0.0000,0.1096,-0.0924,0.0000,-0.0924,-1.8578
76.774,0.0957,0.0000,0.0957,-0.0963,0.0000,-0.0963,-1.8827
76.780,0.0795,0.0000,0.0795,-0.1007,0.0000,-0.1007,-1.8827
76.785,0.0655,0.0000,0.0655,-0.1045,0.0000,-0.1045,-1.8827
76.790,0.0510,0.0000,0.0510,-0.1084,0.0000,-0.1084,-1.8827
76.794,0.0382,0.0000,0.0382,-0.1118,0.0000,-0.1118,-1.8933
76.799,0.0246,0.0000,0.0246,-0.1153,0.0000,-0.1153,-1.8933
76.804,0.0116,0.0000,0.0116,-0.1186,0.0000,-0.1186,-1.8933
76.809,-0.0015,0.0000,-0.0015,-0.1220,0.0000,-0.1220,-1.8933
76.813,-0.0133,0.0000,-0.0133,-0.1249,0.0000,-0.1249,-1.8933
76.818,-0.0253,0.0000,-0.0253,-0.1279,0.0000,-0.1279,-1.9209
76.823,-0.0379,0.0000,-0.0379,-0.1309,0.0000,-0.1309,-1.9209
76.828,-0.0512,0.0000,-0.0512,-0.1341,0.0000,-0.1341,-1.9209
76.839,-0.0805,0.0000,-0.0805,-0.1409,0.0000,-0.1409,-1.9347
76.845,-0.0937,0.0000,-0.0937,-0.1438,0.0000,-0.1438,-1.9347
76.850,-0.1050,0.0000,-0.1050,-0.1490,0.0000,-0.1490,-1.9347
76.854,-0.1152,0.0000,-0.1152,-0.1512,0.0000,-0.1512,-1.9311
76.859,-0.1274,0.0000,-0.1274,-0.1537,0.0000,-0.1537,-1.9311
76.864,-0.1372,0.0000,-0.1372,-0.1556,0.0000,-0.1556,-1.9311
76.869,-0.1483,0.0000,-0.1483,-0.1578,0.0000,-0.1578,-1.9311
76.881,-0.1770,0.0000,-0.1770,-0.1632,0.0000,-0.1632,-1.9106
76.887,-0.1907,0.0000,-0.1907,-0.1693,0.0000,-0.1693,-1.9106
76.893,-0.2021,0.0000,-0.2021,-0.1711,0.0000,-0.1711,-1.9106
76.898,-0.2132,0.0000,-0.2132,-0.1758,0.0000,-0.1758,-1.8737
76.903,-0.2247,0.0000,-0.2247,-0.1775,0.0000,-0.1775,-1.8737
76.909,-0.2376,0.0000,-0.2376,-0.1793,0.0000,-0.1793,-1.8737
76.914,-0.2476,0.0000,-0.2476,-0.1834,0.0000,-0.1834,-1.8123
76.919,-0.2579,0.0000,-0.2579,-0.1874,0.0000,-0.1874,-1.8123
76.923,-0.2674,0.0000,-0.2674,-0.1910,0.0000,-0.1910,-1.8123
76.928,-0.2766,0.0000,-0.2766,-0.1944,0.0000,-0.1944,-1.8123
76.932,-0.2854,0.0000,-0.2854,-0.1976,0.0000,-0.1976,-1.8123
76.936,-0.2947,0.0000,-0.2947,-0.1983,0.0000,-0.1983,-1.7511
76.942,-0.3061,0.0000,-0.3061,-0.2045,0.0000,-0.2045,-1.7511
76.953,-0.3307,0.0000,-0.3307,-0.2172,0.0000,-0.2172,-1.7511
76.958,-0.3404,0.0000,-0.3404,-0.2220,0.0000,-0.2220,-1.7031
76.962,-0.3503,0.0000,-0.3503,-0.2266,0.0000,-0.2266,-1.7031
76.967,-0.3596,0.0000,-0.3596,-0.2309,0.0000,-0.2309,-1.7031
76.971,-0.3694,0.0000,-0.3694,-0.2351,0.0000,-0.2351,-1.7031
76.976,-0.3788,0.0000,-0.3788,-0.2391,0.0000,-0.2391,-1.6422
76.981,-0.3898,0.0000,-0.3898,-0.2436,0.0000,-0.2436,-1.6422
76.985,-0.3992,0.0000,-0.3992,-0.2487,0.0000,-0.2487,-1.6422
76.989,-0.4092,0.0000,-0.4092,-0.2541,0.0000,-0.2541,-1.6422
76.994,-0.4189,0.0000,-0.4189,-0.2575,0.0000,-0.2575,-1.6169
76.999,-0.4308,0.0000,-0.4308,-0.2633,0.0000,-0.2633,-1.6169
77.003,-0.4411,0.0000,-0.4411,-0.2682,0.0000,-0.2682,-1.6169
77.008,-0.4515,0.0000,-0.4515,-0.2713,0.0000,-0.2713,-1.6169
77.013,-0.4629,0.0000,-0.4629,-0.2745,0.0000,-0.2745,-1.6169
77.018,-0.4747,0.0000,-0.4747,-0.2795,0.0000,-0.2795,-1.5798
77.023,-0.4879,0.0000,-0.4879,-0.2828,0.0000,-0.2828,-1.5798
77.037,-0.5220,0.0000,-0.5220,-0.2953,0.0000,-0.2953,-1.5070
77.043,-0.5392,0.0000,-0.5392,-0.3011,0.0000,-0.3011,-1.5070
77.048,-0.5513,0.0000,-0.5513,-0.3032,0.0000,-0.3032,-1.5070
77.059,-0.5821,0.0000,-0.5821,-0.3121,0.0000,-0.3121,-1.4141
77.064,-0.5953,0.0000,-0.5953,-0.3156,0.0000,-0.3156,-1.4141
77.069,-0.6086,0.0000,-0.6086,-0.3190,0.0000,-0.3190,-1.4141
77.075,-0.6258,0.0000,-0.6258,-0.3229,0.0000,-0.3229,-1.3051
77.080,-0.6402,0.0000,-0.6402,-0.3261,0.0000,-0.3261,-1.3051
77.085,-0.6548,0.0000,-0.6548,-0.3290,0.0000,-0.3290,-1.3051
77.090,-0.6699,0.0000,-0.6699,-0.3347,0.0000,-0.3347,-1.3051
77.095,-0.6888,0.0000,-0.6888,-0.3413,0.0000,-0.3413,-1.1806
77.102,-0.7092,0.0000,-0.7092,-0.3479,0.0000,-0.3479,-1.1806
77.108,-0.7301,0.0000,-0.7301,-0.3542,0.0000,-0.3542,-1.1806
77.113,-0.7479,0.0000,-0.7479,-0.3591,0.0000,-0.3591,-1.1806
77.118,-0.7671,0.0000,-0.7671,-0.3641,0.0000,-0.3641,-1.0415
77.125,-0.7921,0.0000,-0.7921,-0.3701,0.0000,-0.3701,-1.0415
77.130,-0.8132,0.0000,-0.8132,-0.3747,0.0000,-0.3747,-1.0415
77.135,-0.8333,0.0000,-0.8333,-0.3811,0.0000,-0.3811,-0.9305
77.141,-0.8580,0.0000,-0.8580,-0.3883,0.0000,-0.3883,-0.9305
77.146,-0.8782,0.0000,-0.8782,-0.3917,0.0000,-0.3917,-0.9305
77.151,-0.9011,0.0000,-0.9011,-0.3976,0.0000,-0.3976,-0.9305
77.157,-0.9317,0.0000,-0.9317,-0.4047,0.0000,-0.4047,-0.8123
77.172,-1.0073,0.0000,-1.0073,-0.4258,0.0000,-0.4258,-0.8123
77.184,-1.0721,0.0000,-1.0721,-0.4407,0.0000,-0.4407,-0.7416
77.198,-1.1596,0.0000,-1.1596,-0.4569,0.0000,-0.4569,-0.6651
77.215,-1.2725,0.0000,-1.2725,-0.4728,0.0000,-0.4728,-0.5726
77.223,-1.3335,0.0000,-1.3335,-0.4826,0.0000,-0.4826,-0.5726
77.230,-1.3903,0.0000,-1.3903,-0.4926,0.0000,-0.4926,-0.5726
77.238,-1.4536,0.0000,-1.4536,-0.5022,0.0104,-0.4918,-0.4653
77.243,-1.5007,0.0000,-1.5007,-0.5084,0.0104,-0.4980,-0.4653
77.248,-1.5471,0.0000,-1.5471,-0.5142,0.0104,-0.5038,-0.4653
77.252,-1.5873,0.0000,-1.5873,-0.5190,0.0104,-0.5086,-0.4653
77.257,-1.6311,0.0000,-1.6311,-0.5256,0.0208,-0.5048,-0.3443
77.263,-1.6819,0.0000,-1.6819,-0.5330,0.0208,-0.5122,-0.3443
77.268,-1.7202,0.0000,-1.7202,-0.5391,0.0208,-0.5182,-0.3443
77.280,-1.8179,0.0000,-1.8179,-0.5536,0.0312,-0.5224,-0.2109
77.285,-1.8576,0.0000,-1.8576,-0.5594,0.0312,-0.5282,-0.2109
77.290,-1.8938,0.0000,-1.8938,-0.5657,0.0312,-0.5345,-0.2109
77.295,-1.9285,0.0000,-1.9285,-0.5716,0.0417,-0.5299,-0.0564
77.303,-1.9822,0.0000,-1.9822,-0.5848,0.0417,-0.5431,-0.0564
77.309,-2.0205,0.0000,-2.0205,-0.5939,0.0417,-0.5523,-0.0564
77.314,-2.0505,0.0000,-2.0505,-0.6009,0.0522,-0.5487,0.1179
77.319,-2.0836,0.0000,-2.0836,-0.6095,0.0522,-0.5573,0.1179
77.324,-2.1115,0.0000,-2.1115,-0.6171,0.0522,-0.5649,0.1179
77.329,-2.1408,0.0000,-2.1408,-0.6253,0.0522,-0.5731,0.1179
77.334,-2.1693,0.0000,-2.1693,-0.6331,0.0624,-0.5707,0.3016
77.350,-2.2504,0.0000,-2.2504,-0.6563,0.0624,-0.5938,0.3016
77.356,-2.2817,0.0000,-2.2817,-0.6660,0.0722,-0.5938,0.4908
77.362,-2.3077,0.0000,-2.3077,-0.6747,0.0722,-0.6026,0.4908
77.367,-2.3334,0.0000,-2.3334,-0.6840,0.0722,-0.6118,0.4908
77.373,-2.3581,0.0000,-2.3581,-0.6940,0.0722,-0.6218,0.4908
77.385,-2.4082,0.0000,-2.4082,-0.7188,0.0793,-0.6395,0.6220
77.391,-2.4325,0.0000,-2.4325,-0.7318,0.0793,-0.6525,0.6220
77.395,-2.4485,0.0000,-2.4485,-0.7406,0.0857,-0.6550,0.7471
77.402,-2.4729,0.0000,-2.4729,-0.7550,0.0857,-0.6693,0.7471
77.408,-2.4917,0.0000,-2.4917,-0.7661,0.0857,-0.6804,0.7471
77.412,-2.5072,0.0000,-2.5072,-0.7753,0.0857,-0.6896,0.7471
77.417,-2.5244,0.0000,-2.5244,-0.7861,0.0924,-0.6937,0.9010
77.424,-2.5457,0.0000,-2.5457,-0.7998,0.0924,-0.7074,0.9010
77.429,-2.5625,0.0000,-2.5625,-0.8111,0.0924,-0.7187,0.9010
77.435,-2.5789,0.0000,-2.5789,-0.8230,0.0988,-0.7242,1.0633
77.442,-2.5986,0.0000,-2.5986,-0.8396,0.0988,-0.7408,1.0633
77.448,-2.6145,0.0000,-2.6145,-0.8545,0.0988,-0.7557,1.0633
77.453,-2.6302,0.0000,-2.6302,-0.8705,0.0988,-0.7717,1.0633
77.459,-2.6433,0.0000,-2.6433,-0.8851,0.1047,-0.7804,1.2265
77.465,-2.6586,0.0000,-2.6586,-0.9040,0.1047,-0.7993,1.2265
77.471,-2.6733,0.0000,-2.6733,-0.9227,0.1047,-0.8180,1.2265
77.476,-2.6842,0.0000,-2.6842,-0.9371,0.1100,-0.8272,1.3888
77.482,-2.6992,0.0000,-2.6992,-0.9578,0.1100,-0.8478,1.3888
77.495,-2.7275,0.0000,-2.7275,-1.0012,0.1147,-0.8865,1.5487
77.509,-2.7552,0.0000,-2.7552,-1.0528,0.1147,-0.9382,1.5487
77.516,-2.7673,0.0000,-2.7673,-1.0786,0.1188,-0.9598,1.7051
77.522,-2.7782,0.0000,-2.7782,-1.1046,0.1188,-0.9858,1.7051
77.528,-2.7878,0.0000,-2.7878,-1.1304,0.1188,-1.0116,1.7051
77.542,-2.8101,0.0000,-2.8101,-1.1994,0.1224,-1.0770,1.8562
77.549,-2.8210,0.0000,-2.8210,-1.2356,0.1224,-1.1132,1.8562
77.555,-2.8300,0.0000,-2.8300,-1.2672,0.1241,-1.1431,1.9551
77.562,-2.8387,0.0000,-2.8387,-1.2994,0.1241,-1.1752,1.9551
77.567,-2.8456,0.0000,-2.8456,-1.3266,0.1241,-1.2025,1.9551
77.572,-2.8525,0.0000,-2.8525,-1.3574,0.1241,-1.2332,1.9551
77.578,-2.8600,0.0000,-2.8600,-1.3956,0.1251,-1.2705,2.0381
77.584,-2.8668,0.0000,-2.8668,-1.4352,0.1251,-1.3100,2.0381
77.596,-2.8803,0.0000,-2.8803,-1.5339,0.1258,-1.4082,2.1152
77.601,-2.8861,0.0000,-2.8861,-1.5799,0.1258,-1.4541,2.1152
77.607,-2.8915,0.0000,-2.8915,-1.6250,0.1258,-1.4992,2.1152
77.611,-2.8958,0.0000,-2.8958,-1.6619,0.1258,-1.5362,2.1152
77.615,-2.9002,0.0000,-2.9002,-1.7027,0.1260,-1.5767,2.1853
77.620,-2.9050,0.0000,-2.9050,-1.7490,0.1260,-1.6230,2.1853
77.625,-2.9095,0.0000,-2.9095,-1.7966,0.1260,-1.6706,2.1853
77.630,-2.9134,0.0000,-2.9134,-1.8411,0.1260,-1.7151,2.1853
77.634,-2.9175,0.0000,-2.9175,-1.8950,0.1258,-1.7692,2.2475
77.640,-2.9222,0.0000,-2.9222,-1.9668,0.1258,-1.8409,2.2475
77.644,-2.9257,0.0000,-2.9257,-2.0258,0.1258,-1.9000,2.2475
77.649,-2.9295,0.0000,-2.9295,-2.0984,0.1258,-1.9726,2.2475
77.661,-2.9390,0.0000,-2.9390,-2.3238,0.1253,-2.1985,2.3013
77.668,-2.9437,0.0000,-2.9437,-2.4488,0.1253,-2.3235,2.3013
77.673,-2.9474,0.0000,-2.9474,-2.5556,0.1253,-2.4303,2.3013
77.678,-2.9504,0.0000,-2.9504,-2.6241,0.1245,-2.4996,2.3504
77.683,-2.9538,0.0000,-2.9538,-2.6698,0.1245,-2.5453,2.3504
77.688,-2.9570,0.0000,-2.9570,-2.6797,0.1245,-2.5551,2.3504
77.700,-2.9643,0.0000,-2.9643,-2.5260,0.1237,-2.4023,2.4006
77.706,-2.9676,0.0000,-2.9676,-2.4141,0.1237,-2.2904,2.4006
77.711,-2.9702,0.0000,-2.9702,-2.3180,0.1237,-2.1943,2.4006
77.716,-2.9726,0.0000,-2.9726,-2.2362,0.1225,-2.1136,2.4418
77.721,-2.9755,0.0000,-2.9755,-2.1454,0.1225,-2.0228,2.4418
77.726,-2.9777,0.0000,-2.9777,-2.0835,0.1225,-1.9609,2.4418
77.731,-2.9801,0.0000,-2.9801,-2.0252,0.1225,-1.9027,2.4418
77.735,-2.9823,0.0000,-2.9823,-1.9810,0.1211,-1.8599,2.4709
77.740,-2.9846,0.0000,-2.9846,-1.9475,0.1211,-1.8264,2.4709
77.745,-2.9866,0.0000,-2.9866,-1.9288,0.1211,-1.8077,2.4709
77.749,-2.9885,0.0000,-2.9885,-1.9229,0.1211,-1.8018,2.4709
77.754,-2.9905,0.0000,-2.9905,-1.9310,0.1194,-1.8116,2.4859
77.759,-2.9927,0.0000,-2.9927,-1.9619,0.1194,-1.8426,2.4859
77.764,-2.9944,0.0000,-2.9944,-2.0001,0.1194,-1.8808,2.4859
77.768,-2.9960,0.0000,-2.9960,-2.0547,0.1194,-1.9353,2.4859
77.773,-2.9978,0.0000,-2.9978,-2.1351,0.1194,-2.0157,2.4859
77.777,-2.9994,0.0000,-2.9994,-2.2302,0.1174,-2.1128,2.4875
77.782,-3.0011,0.0000,-3.0011,-2.3483,0.1174,-2.2308,2.4875
77.787,-3.0026,0.0000,-3.0026,-2.4851,0.1174,-2.3677,2.4875
77.791,-3.0041,0.0000,-3.0041,-2.6487,0.1174,-2.5313,2.4875
77.795,-3.0055,0.0000,-3.0055,-2.8167,0.1050,-2.7117,2.0290
77.801,-3.0071,0.0000,-3.0071,-3.0557,0.1050,-2.9507,2.0290
77.814,-3.0113,0.0000,-3.0113,-3.9364,0.1044,-3.8320,2.0658
77.820,-3.0130,0.0000,-3.0130,-4.3573,0.1044,-4.2529,2.0658
77.825,-3.0142,0.0000,-3.0142,-4.6727,0.1044,-4.5684,2.0658
77.829,-3.0153,0.0000,-3.0153,-4.9815,0.1044,-4.8771,2.0658
77.833,-3.0164,0.0000,-3.0164,-5.3118,0.1044,-5.2074,2.0658
77.838,-3.0176,0.0000,-3.0176,-5.7034,0.1015,-5.6019,1.9899
77.844,-3.0190,0.0000,-3.0190,-6.1698,0.1015,-6.0683,1.9899
77.848,-3.0200,0.0000,-3.0200,-6.5242,0.1015,-6.4227,1.9899
77.853,-3.0211,0.0000,-3.0211,-6.8975,0.1015,-6.7960,1.9899
77.857,-3.0221,0.0000,-3.0221,-7.2701,0.0962,-7.1739,1.8062
77.862,-3.0232,0.0000,-3.0232,-7.6359,0.0962,-7.5397,1.8062
77.867,-3.0241,0.0000,-3.0241,-7.9672,0.0962,-7.8710,1.8062
77.871,-3.0251,0.0000,-3.0251,-8.2772,0.0962,-8.1811,1.8062
77.876,-3.0260,0.0000,-3.0260,-8.5679,0.0913,-8.4766,1.6281
77.881,-3.0270,0.0000,-3.0270,-8.8627,0.0913,-8.7714,1.6281
77.886,-3.0279,0.0000,-3.0279,-9.0958,0.0913,-9.0046,1.6281
77.891,-3.0289,0.0000,-3.0289,-9.3095,0.0913,-9.2182,1.6281
77.896,-3.0296,0.0000,-3.0296,-9.4612,0.0867,-9.3745,1.4536
77.902,-3.0307,0.0000,-3.0307,-9.6234,0.0867,-9.5366,1.4536
77.914,-3.0327,0.0000,-3.0327,-9.7665,0.0855,-9.6810,1.3785
77.920,-3.0336,0.0000,-3.0336,-9.7912,0.0855,-9.7058,1.3785
77.925,-3.0344,0.0000,-3.0344,-9.7821,0.0855,-9.6967,1.3785
77.930,-3.0350,0.0000,-3.0350,-9.7585,0.0855,-9.6730,1.3785
77.935,-3.0358,0.0000,-3.0358,-9.7064,0.0845,-9.6219,1.2975
77.941,-3.0365,0.0000,-3.0365,-9.6360,0.0845,-9.5515,1.2975
77.945,-3.0370,0.0000,-3.0370,-9.5761,0.0845,-9.4916,1.2975
77.950,-3.0377,0.0000,-3.0377,-9.4973,0.0845,-9.4128,1.2975
77.955,-3.0382,0.0000,-3.0382,-9.4157,0.0838,-9.3319,1.2100
77.967,-3.0397,0.0000,-3.0397,-9.1914,0.0838,-9.1075,1.2100
77.973,-3.0404,0.0000,-3.0404,-9.0822,0.0838,-8.9984,1.2100
77.978,-3.0409,0.0000,-3.0409,-9.0001,0.0793,-8.9208,1.0221
77.984,-3.0415,0.0000,-3.0415,-8.8957,0.0793,-8.8164,1.0221
77.990,-3.0421,0.0000,-3.0421,-8.7981,0.0793,-8.7187,1.0221
77.995,-3.0426,0.0000,-3.0426,-8.7192,0.0837,-8.6354,1.0244
78.000,-3.0431,0.0000,-3.0431,-8.6289,0.0837,-8.5451,1.0244
78.006,-3.0436,0.0000,-3.0436,-8.5418,0.0837,-8.4580,1.0244
78.012,-3.0441,0.0000,-3.0441,-8.4438,0.0837,-8.3600,1.0244
78.026,-2.9444,0.0000,-2.9444,-8.2181,0.0838,-8.1342,0.9346
78.032,-2.8482,0.0000,-2.8482,-8.1337,0.0838,-8.0498,0.9346
78.037,-2.7717,0.0000,-2.7717,-8.0675,0.0798,-7.9877,0.7614
78.043,-2.6809,0.0000,-2.6809,-7.9900,0.0798,-7.9102,0.7614
78.047,-2.6150,0.0000,-2.6150,-7.9346,0.0798,-7.8548,0.7614
78.052,-2.5480,0.0000,-2.5480,-7.8792,0.0798,-7.7994,0.7614
78.057,-2.4665,0.0000,-2.4665,-7.8128,0.0813,-7.7315,0.6964
78.063,-2.3928,0.0000,-2.3928,-7.7539,0.0813,-7.6726,0.6964
78.068,-2.3283,0.0000,-2.3283,-7.7031,0.0813,-7.6218,0.6964
78.073,-2.2622,0.0000,-2.2622,-7.6521,0.0813,-7.5708,0.6964
78.079,-2.1879,0.0000,-2.1879,-7.5961,0.0828,-7.5133,0.6347
78.085,-2.1177,0.0000,-2.1177,-7.5442,0.0828,-7.4615,0.6347
78.089,-2.0607,0.0000,-2.0607,-7.5031,0.0828,-7.4203,0.6347
78.094,-2.0049,0.0000,-2.0049,-7.4636,0.0838,-7.3798,0.5716
78.099,-1.9499,0.0000,-1.9499,-7.4256,0.0838,-7.3418,0.5716
78.104,-1.8998,0.0000,-1.8998,-7.3917,0.0838,-7.3079,0.5716
78.109,-1.8463,0.0000,-1.8463,-7.3565,0.0838,-7.2727,0.5716
78.122,-1.7113,0.0000,-1.7113,-7.2735,0.0843,-7.1892,0.5059
78.135,-1.5818,0.0000,-1.5818,-7.2002,0.0842,-7.1160,0.4379
78.141,-1.5295,0.0000,-1.5295,-7.1720,0.0842,-7.0878,0.4379
78.146,-1.4923,0.0000,-1.4923,-7.1525,0.0842,-7.0683,0.4379
78.151,-1.4505,0.0000,-1.4505,-7.1314,0.0842,-7.0472,0.4379
78.156,-1.4090,0.0000,-1.4090,-7.1115,0.0835,-7.0280,0.3672
78.161,-1.3690,0.0000,-1.3690,-7.0931,0.0835,-7.0096,0.3672
78.165,-1.3365,0.0000,-1.3365,-7.0788,0.0835,-6.9953,0.3672
78.171,-1.2939,0.0000,-1.2939,-7.0611,0.0835,-6.9776,0.3672
78.175,-1.2616,0.0000,-1.2616,-7.0483,0.0825,-6.9658,0.3029
78.180,-1.2273,0.0000,-1.2273,-7.0355,0.0825,-6.9530,0.3029
78.185,-1.1954,0.0000,-1.1954,-7.0243,0.0825,-6.9418,0.3029
78.189,-1.1653,0.0000,-1.1653,-7.0144,0.0825,-6.9319,0.3029
78.194,-1.1375,0.0000,-1.1375,-7.0058,0.0825,-6.9233,0.3029
78.198,-1.1103,0.0000,-1.1103,-6.9980,0.0833,-6.9147,0.3142
78.203,-1.0788,0.0000,-1.0788,-6.9898,0.0833,-6.9065,0.3142
78.207,-1.0507,0.0000,-1.0507,-6.9831,0.0833,-6.8998,0.3142
78.212,-1.0240,0.0000,-1.0240,-6.9773,0.0833,-6.8940,0.3142
78.217,-0.9968,0.0000,-0.9968,-6.9721,0.0831,-6.8891,0.3181
78.222,-0.9673,0.0000,-0.9673,-6.9673,0.0831,-6.8843,0.3181
78.226,-0.9436,0.0000,-0.9436,-6.9640,0.0831,-6.8810,0.3181
78.231,-0.9200,0.0000,-0.9200,-6.9613,0.0831,-6.8782,0.3181
78.235,-0.8959,0.0000,-0.8959,-6.9592,0.0821,-6.8771,0.3151
78.247,-0.8363,0.0000,-0.8363,-6.9577,0.0821,-6.8756,0.3151
78.280,-0.6804,0.0000,-0.6804,-6.9813,0.0785,-6.9028,0.2894
78.297,-0.6164,0.0000,-0.6164,-6.9972,0.0762,-6.9210,0.2676
78.302,-0.5974,0.0000,-0.5974,-7.0025,0.0762,-6.9263,0.2676
78.306,-0.5839,0.0000,-0.5839,-7.0066,0.0762,-6.9305,0.2676
78.310,-0.5708,0.0000,-0.5708,-7.0109,0.0762,-6.9347,0.2676
78.314,-0.5585,0.0000,-0.5585,-7.0152,0.0730,-6.9422,0.1747
78.318,-0.5460,0.0000,-0.5460,-7.0199,0.0730,-6.9469,0.1747
78.322,-0.5347,0.0000,-0.5347,-7.0244,0.0730,-6.9514,0.1747
78.326,-0.5222,0.0000,-0.5222,-7.0296,0.0730,-6.9566,0.1747
78.329,-0.5114,0.0000,-0.5114,-7.0344,0.0730,-6.9614,0.1747
78.333,-0.5014,0.0000,-0.5014,-7.0390,0.0730,-6.9660,0.1747
78.337,-0.4906,0.0000,-0.4906,-7.0442,0.0706,-6.9735,0.1472
78.341,-0.4784,0.0000,-0.4784,-7.0504,0.0706,-6.9797,0.1472
78.345,-0.4683,0.0000,-0.4683,-7.0557,0.0706,-6.9850,0.1472
78.355,-0.4407,0.0000,-0.4407,-7.0707,0.0683,-7.0024,0.1152
78.359,-0.4302,0.0000,-0.4302,-7.0728,0.0683,-7.0045,0.1152
78.363,-0.4216,0.0000,-0.4216,-7.0718,0.0683,-7.0035,0.1152
78.366,-0.4136,0.0000,-0.4136,-7.0684,0.0683,-7.0001,0.1152
78.370,-0.4052,0.0000,-0.4052,-7.0617,0.0683,-6.9934,0.1152
78.373,-0.3970,0.0000,-0.3970,-7.0520,0.0683,-6.9838,0.1152
78.377,-0.3886,0.0000,-0.3886,-7.0387,0.0660,-6.9728,0.0792
78.381,-0.3796,0.0000,-0.3796,-7.0199,0.0660,-6.9539,0.0792
78.385,-0.3719,0.0000,-0.3719,-7.0000,0.0660,-6.9340,0.0792
78.388,-0.3642,0.0000,-0.3642,-6.9759,0.0660,-6.9099,0.0792
78.392,-0.3572,0.0000,-0.3572,-6.9505,0.0660,-6.8845,0.0792
78.395,-0.3504,0.0000,-0.3504,-6.9227,0.0638,-6.8589,0.0400
78.399,-0.3426,0.0000,-0.3426,-6.8853,0.0638,-6.8216,0.0400
78.403,-0.3355,0.0000,-0.3355,-6.8472,0.0638,-6.7834,0.0400
78.406,-0.3283,0.0000,-0.3283,-6.8047,0.0638,-6.7409,0.0400
78.410,-0.3214,0.0000,-0.3214,-6.7625,0.0638,-6.6987,0.0400
78.413,-0.3151,0.0000,-0.3151,-6.7217,0.0638,-6.6580,0.0400
78.417,-0.3090,0.0000,-0.3090,-6.6810,0.0617,-6.6193,-0.0042
78.421,-0.3010,0.0000,-0.3010,-6.6255,0.0617,-6.5638,-0.0042
78.425,-0.2948,0.0000,-0.2948,-6.5808,0.0617,-6.5191,-0.0042
78.429,-0.2886,0.0000,-0.2886,-6.5341,0.0617,-6.4724,-0.0042
78.433,-0.2811,0.0000,-0.2811,-6.4758,0.0617,-6.4141,-0.0042
78.446,-0.2609,0.0000,-0.2609,-6.3025,0.0597,-6.2428,-0.0547
78.458,-0.2419,0.0000,-0.2419,-6.1260,0.0578,-6.0682,-0.1075
78.463,-0.2353,0.0000,-0.2353,-6.0628,0.0578,-6.0050,-0.1075
78.468,-0.2290,0.0000,-0.2290,-6.0011,0.0578,-5.9433,-0.1075
78.473,-0.2228,0.0000,-0.2228,-5.9387,0.0578,-5.8809,-0.1075
78.477,-0.2177,0.0000,-0.2177,-5.8862,0.0561,-5.8301,-0.1614
78.481,-0.2126,0.0000,-0.2126,-5.8322,0.0561,-5.7761,-0.1614
78.485,-0.2080,0.0000,-0.2080,-5.7837,0.0561,-5.7276,-0.1614
78.488,-0.2035,0.0000,-0.2035,-5.7340,0.0561,-5.6779,-0.1614
78.492,-0.1987,0.0000,-0.1987,-5.6814,0.0561,-5.6253,-0.1614
78.496,-0.1945,0.0000,-0.1945,-5.6348,0.0546,-5.5802,-0.2158
78.501,-0.1895,0.0000,-0.1895,-5.5771,0.0546,-5.5225,-0.2158
78.504,-0.1855,0.0000,-0.1855,-5.5303,0.0546,-5.4757,-0.2158
78.508,-0.1818,0.0000,-0.1818,-5.4865,0.0546,-5.4319,-0.2158
78.512,-0.1775,0.0000,-0.1775,-5.4355,0.0546,-5.3809,-0.2158
78.515,-0.1740,0.0000,-0.1740,-5.3929,0.0532,-5.3397,-0.2701
78.520,-0.1695,0.0000,-0.1695,-5.3377,0.0532,-5.2844,-0.2701
78.523,-0.1660,0.0000,-0.1660,-5.2939,0.0532,-5.2407,-0.2701
78.528,-0.1620,0.0000,-0.1620,-5.2443,0.0532,-5.1911,-0.2701
78.531,-0.1587,0.0000,-0.1587,-5.2022,0.0532,-5.1490,-0.2701
78.535,-0.1552,0.0000,-0.1552,-5.1570,0.0523,-5.1047,-0.3116
78.539,-0.1515,0.0000,-0.1515,-5.1081,0.0523,-5.0558,-0.3116
78.543,-0.1479,0.0000,-0.1479,-5.0609,0.0523,-5.0086,-0.3116
78.547,-0.1445,0.0000,-0.1445,-5.0154,0.0523,-4.9632,-0.3116
78.551,-0.1411,0.0000,-0.1411,-4.9698,0.0523,-4.9175,-0.3116
78.555,-0.1378,0.0000,-0.1378,-4.9237,0.0515,-4.8722,-0.3508
78.568,-0.1280,0.0000,-0.1280,-4.7864,0.0515,-4.7348,-0.3508
78.571,-0.1253,0.0000,-0.1253,-4.7481,0.0515,-4.6965,-0.3508
78.576,-0.1223,0.0000,-0.1223,-4.7047,0.0510,-4.6537,-0.3898
78.580,-0.1193,0.0000,-0.1193,-4.6618,0.0510,-4.6108,-0.3898
78.584,-0.1164,0.0000,-0.1164,-4.6197,0.0510,-4.5687,-0.3898
78.597,-0.1078,0.0000,-0.1078,-4.4908,0.0506,-4.4402,-0.4282
78.602,-0.1044,0.0000,-0.1044,-4.4401,0.0506,-4.3894,-0.4282
78.607,-0.1019,0.0000,-0.1019,-4.4018,0.0506,-4.3511,-0.4282
78.610,-0.0998,0.0000,-0.0998,-4.3703,0.0506,-4.3197,-0.4282
78.614,-0.0976,0.0000,-0.0976,-4.3370,0.0505,-4.2865,-0.4662
78.618,-0.0954,0.0000,-0.0954,-4.3018,0.0505,-4.2513,-0.4662
78.622,-0.0931,0.0000,-0.0931,-4.2665,0.0505,-4.2160,-0.4662
78.626,-0.0912,0.0000,-0.0912,-4.2364,0.0505,-4.1859,-0.4662
78.629,-0.0894,0.0000,-0.0894,-4.2091,0.0505,-4.1586,-0.4662
78.633,-0.0875,0.0000,-0.0875,-4.1783,0.0505,-4.1278,-0.4662
78.637,-0.0852,0.0000,-0.0852,-4.1434,0.0506,-4.0928,-0.5035
78.641,-0.0831,0.0000,-0.0831,-4.1096,0.0506,-4.0590,-0.5035
78.645,-0.0815,0.0000,-0.0815,-4.0833,0.0506,-4.0327,-0.5035
78.649,-0.0796,0.0000,-0.0796,-4.0533,0.0506,-4.0027,-0.5035
78.652,-0.0780,0.0000,-0.0780,-4.0270,0.0506,-3.9764,-0.5035
78.657,-0.0759,0.0000,-0.0759,-3.9945,0.0508,-3.9437,-0.5399
78.668,-0.0711,0.0000,-0.0711,-3.9167,0.0508,-3.8659,-0.5399
78.672,-0.0693,0.0000,-0.0693,-3.8874,0.0508,-3.8366,-0.5399
78.676,-0.0679,0.0000,-0.0679,-3.8644,0.0513,-3.8131,-0.5749
78.680,-0.0662,0.0000,-0.0662,-3.8367,0.0513,-3.7854,-0.5749
78.684,-0.0649,0.0000,-0.0649,-3.8145,0.0513,-3.7632,-0.5749
78.688,-0.0633,0.0000,-0.0633,-3.7891,0.0513,-3.7378,-0.5749
78.691,-0.0620,0.0000,-0.0620,-3.7681,0.0513,-3.7168,-0.5749
78.695,-0.0606,0.0000,-0.0606,-3.7456,0.0520,-3.6936,-0.6085
78.699,-0.0592,0.0000,-0.0592,-3.7224,0.0520,-3.6704,-0.6085
78.703,-0.0578,0.0000,-0.0578,-3.7005,0.0520,-3.6485,-0.6085
78.707,-0.0566,0.0000,-0.0566,-3.6806,0.0520,-3.6286,-0.6085
78.710,-0.0554,0.0000,-0.0554,-3.6603,0.0520,-3.6083,-0.6085
78.714,-0.0541,0.0000,-0.0541,-3.6394,0.0528,-3.5866,-0.6403
78.719,-0.0526,0.0000,-0.0526,-3.6157,0.0528,-3.5629,-0.6403
78.723,-0.0515,0.0000,-0.0515,-3.5978,0.0528,-3.5450,-0.6403
78.727,-0.0504,0.0000,-0.0504,-3.5795,0.0528,-3.5267,-0.6403
78.730,-0.0493,0.0000,-0.0493,-3.5630,0.0528,-3.5101,-0.6403
78.734,-0.0484,0.0000,-0.0484,-3.5479,0.0528,-3.4951,-0.6403
78.738,-0.0471,0.0000,-0.0471,-3.5281,0.0539,-3.4741,-0.6698
78.750,-0.0439,0.0000,-0.0439,-3.4789,0.0539,-3.4249,-0.6698
78.755,-0.0426,0.0000,-0.0426,-3.4584,0.0552,-3.4032,-0.6967
78.760,-0.0413,0.0000,-0.0413,-3.4399,0.0552,-3.3847,-0.6967
78.771,-0.0388,0.0000,-0.0388,-3.4026,0.0552,-3.3474,-0.6967
78.775,-0.0379,0.0000,-0.0379,-3.3894,0.0567,-3.3327,-0.7207
78.779,-0.0369,0.0000,-0.0369,-3.3761,0.0567,-3.3194,-0.7207
78.783,-0.0361,0.0000,-0.0361,-3.3645,0.0567,-3.3078,-0.7207
78.786,-0.0354,0.0000,-0.0354,-3.3545,0.0567,-3.2978,-0.7207
78.791,-0.0344,0.0000,-0.0344,-3.3416,0.0567,-3.2849,-0.7207
78.795,-0.0336,0.0000,-0.0336,-3.3314,0.0583,-3.2731,-0.7433
78.799,-0.0327,0.0000,-0.0327,-3.3205,0.0583,-3.2622,-0.7433
78.803,-0.0321,0.0000,-0.0321,-3.3123,0.0583,-3.2539,-0.7433
78.807,-0.0313,0.0000,-0.0313,-3.3031,0.0583,-3.2447,-0.7433
78.811,-0.0306,0.0000,-0.0306,-3.2943,0.0583,-3.2360,-0.7433
78.815,-0.0299,0.0000,-0.0299,-3.2864,0.0596,-3.2268,-0.7782
78.819,-0.0292,0.0000,-0.0292,-3.2788,0.0596,-3.2192,-0.7782
78.823,-0.0285,0.0000,-0.0285,-3.2718,0.0596,-3.2122,-0.7782
78.826,-0.0279,0.0000,-0.0279,-3.2656,0.0596,-3.2060,-0.7782
78.830,-0.0273,0.0000,-0.0273,-3.2604,0.0596,-3.2008,-0.7782
78.834,-0.0268,0.0000,-0.0268,-3.2550,0.0596,-3.1955,-0.7782
78.837,-0.0262,0.0000,-0.0262,-3.2504,0.0610,-3.1894,-0.8099
78.842,-0.0255,0.0000,-0.0255,-3.2445,0.0610,-3.1836,-0.8099
78.845,-0.0250,0.0000,-0.0250,-3.2406,0.0610,-3.1796,-0.8099
78.849,-0.0244,0.0000,-0.0244,-3.2368,0.0610,-3.1759,-0.8099
78.852,-0.0239,0.0000,-0.0239,-3.2337,0.0610,-3.1727,-0.8099
78.857,-0.0233,0.0000,-0.0233,-3.2304,0.0625,-3.1678,-0.8369
78.861,-0.0228,0.0000,-0.0228,-3.2277,0.0625,-3.1652,-0.8369
78.865,-0.0222,0.0000,-0.0222,-3.2255,0.0625,-3.1630,-0.8369
78.884,-0.0197,0.0000,-0.0197,-3.2255,0.0642,-3.1613,-0.8590
78.891,-0.0190,0.0000,-0.0190,-3.2267,0.0642,-3.1625,-0.8590
78.903,-0.0176,0.0000,-0.0176,-3.2340,0.0660,-3.1679,-0.8762
78.909,-0.0170,0.0000,-0.0170,-3.2381,0.0660,-3.1721,-0.8762
78.912,-0.0166,0.0000,-0.0166,-3.2413,0.0660,-3.1752,-0.8762
78.916,-0.0163,0.0000,-0.0163,-3.2445,0.0686,-3.1759,-0.8730
78.921,-0.0158,0.0000,-0.0158,-3.2500,0.0686,-3.1814,-0.8730
78.925,-0.0155,0.0000,-0.0155,-3.2544,0.0686,-3.1859,-0.8730
78.928,-0.0151,0.0000,-0.0151,-3.2596,0.0686,-3.1911,-0.8730
78.932,-0.0148,0.0000,-0.0148,-3.2649,0.0686,-3.1964,-0.8730
78.936,-0.0145,0.0000,-0.0145,-3.2704,0.0712,-3.1992,-0.8632
78.940,-0.0141,0.0000,-0.0141,-3.2783,0.0712,-3.2072,-0.8632
78.944,-0.0138,0.0000,-0.0138,-3.2844,0.0712,-3.2133,-0.8632
78.947,-0.0135,0.0000,-0.0135,-3.2915,0.0712,-3.2204,-0.8632
78.951,-0.0132,0.0000,-0.0132,-3.2989,0.0712,-3.2278,-0.8632
78.955,-0.0129,0.0000,-0.0129,-3.3076,0.0737,-3.2339,-0.8499
78.959,-0.0126,0.0000,-0.0126,-3.3172,0.0737,-3.2435,-0.8499
78.963,-0.0123,0.0000,-0.0123,-3.3262,0.0737,-3.2525,-0.8499
78.967,-0.0121,0.0000,-0.0121,-3.3358,0.0737,-3.2621,-0.8499
78.971,-0.0118,0.0000,-0.0118,-3.3478,0.0737,-3.2741,-0.8499
78.975,-0.0115,0.0000,-0.0115,-3.3587,0.0762,-3.2825,-0.8330
78.986,-0.0107,0.0000,-0.0107,-3.3962,0.0762,-3.3200,-0.8330
78.990,-0.0105,0.0000,-0.0105,-3.4086,0.0762,-3.3324,-0.8330
78.994,-0.0103,0.0000,-0.0103,-3.4224,0.0762,-3.3462,-0.8330
78.997,-0.0101,0.0000,-0.0101,-3.4354,0.0785,-3.3569,-0.8122
79.002,-0.0098,0.0000,-0.0098,-3.4523,0.0785,-3.3738,-0.8122
79.005,-0.0096,0.0000,-0.0096,-3.4667,0.0785,-3.3882,-0.8122
79.009,-0.0094,0.0000,-0.0094,-3.4821,0.0785,-3.4036,-0.8122
79.013,-0.0092,0.0000,-0.0092,-3.4976,0.0785,-3.4191,-0.8122
79.016,-0.0090,0.0000,-0.0090,-3.5133,0.0807,-3.4325,-0.7876
79.021,-0.0087,0.0000,-0.0087,-3.5324,0.0807,-3.4517,-0.7876
79.024,-0.0086,0.0000,-0.0086,-3.5489,0.0807,-3.4682,-0.7876
79.028,-0.0084,0.0000,-0.0084,-3.5667,0.0807,-3.4859,-0.7876
79.031,-0.0082,0.0000,-0.0082,-3.5837,0.0807,-3.5030,-0.7876
79.035,-0.0080,0.0000,-0.0080,-3.6017,0.0828,-3.5189,-0.7592
79.039,-0.0078,0.0000,-0.0078,-3.6235,0.0828,-3.5407,-0.7592
79.043,-0.0077,0.0000,-0.0077,-3.6438,0.0828,-3.5610,-0.7592
79.053,-0.0072,0.0000,-0.0072,-3.7097,0.0828,-3.6269,-0.7592
79.059,-0.0070,0.0000,-0.0070,-3.7435,0.0846,-3.6589,-0.7276
79.063,-0.0068,0.0000,-0.0068,-3.7724,0.0846,-3.6878,-0.7276
79.067,-0.0066,0.0000,-0.0066,-3.7944,0.0846,-3.7098,-0.7276
79.071,-0.0065,0.0000,-0.0065,-3.8212,0.0846,-3.7365,-0.7276
79.074,-0.0063,0.0000,-0.0063,-3.8468,0.0863,-3.7605,-0.6924
79.079,-0.0062,0.0000,-0.0062,-3.8821,0.0863,-3.7958,-0.6924
79.083,-0.0060,0.0000,-0.0060,-3.9114,0.0863,-3.8251,-0.6924
79.087,-0.0059,0.0000,-0.0059,-3.9419,0.0863,-3.8556,-0.6924
79.097,-0.0055,0.0000,-0.0055,-4.0284,0.0877,-3.9407,-0.6541
79.102,-0.0054,0.0000,-0.0054,-4.0701,0.0877,-3.9825,-0.6541
79.106,-0.0052,0.0000,-0.0052,-4.1053,0.0877,-4.0176,-0.6541
79.110,-0.0051,0.0000,-0.0051,-4.1385,0.0877,-4.0508,-0.6541
79.114,-0.0050,0.0000,-0.0050,-4.1724,0.0888,-4.0836,-0.6128
79.118,-0.0049,0.0000,-0.0049,-4.2142,0.0888,-4.1254,-0.6128
79.122,-0.0048,0.0000,-0.0048,-4.2496,0.0888,-4.1608,-0.6128
79.125,-0.0047,0.0000,-0.0047,-4.2837,0.0888,-4.1949,-0.6128
79.129,-0.0046,0.0000,-0.0046,-4.3172,0.0888,-4.2284,-0.6128
79.132,-0.0045,0.0000,-0.0045,-4.3509,0.0888,-4.2621,-0.6128
79.135,-0.0044,0.0000,-0.0044,-4.3866,0.0897,-4.2969,-0.5686
79.139,-0.0043,0.0000,-0.0043,-4.4322,0.0897,-4.3425,-0.5686
79.143,-0.0042,0.0000,-0.0042,-4.4692,0.0897,-4.3795,-0.5686
79.146,-0.0041,0.0000,-0.0041,-4.5073,0.0897,-4.4177,-0.5686
79.149,-0.0041,0.0000,-0.0041,-4.5465,0.0897,-4.4569,-0.5686
79.153,-0.0040,0.0000,-0.0040,-4.5899,0.0897,-4.5003,-0.5686
79.156,-0.0039,0.0000,-0.0039,-4.6334,0.0902,-4.5432,-0.5218
79.160,-0.0038,0.0000,-0.0038,-4.6834,0.0902,-4.5932,-0.5218
79.164,-0.0037,0.0000,-0.0037,-4.7257,0.0902,-4.6354,-0.5218
79.167,-0.0036,0.0000,-0.0036,-4.7723,0.0902,-4.6821,-0.5218
79.171,-0.0036,0.0000,-0.0036,-4.8201,0.0902,-4.7299,-0.5218
79.174,-0.0035,0.0000,-0.0035,-4.8689,0.0897,-4.7792,-0.5029
79.178,-0.0034,0.0000,-0.0034,-4.9236,0.0897,-4.8339,-0.5029
79.181,-0.0033,0.0000,-0.0033,-4.9706,0.0897,-4.8809,-0.5029
79.185,-0.0033,0.0000,-0.0033,-5.0223,0.0897,-4.9326,-0.5029
79.188,-0.0032,0.0000,-0.0032,-5.0765,0.0897,-4.9868,-0.5029
79.192,-0.0031,0.0000,-0.0031,-5.1288,0.0897,-5.0391,-0.5029
79.195,-0.0031,0.0000,-0.0031,-5.1902,0.0889,-5.1013,-0.4843
79.208,-0.0029,0.0000,-0.0029,-5.4094,0.0889,-5.3205,-0.4843
79.213,-0.0028,0.0000,-0.0028,-5.5076,0.0889,-5.4187,-0.4843
79.217,-0.0027,0.0000,-0.0027,-5.5683,0.0878,-5.4805,-0.4611
79.221,-0.0026,0.0000,-0.0026,-5.6363,0.0878,-5.5485,-0.4611
79.224,-0.0026,0.0000,-0.0026,-5.6924,0.0878,-5.6046,-0.4611
79.228,-0.0025,0.0000,-0.0025,-5.7507,0.0878,-5.6629,-0.4611
79.231,-0.0025,0.0000,-0.0025,-5.8027,0.0878,-5.7149,-0.4611
79.235,-0.0024,0.0000,-0.0024,-5.8526,0.0866,-5.7660,-0.4335
79.239,-0.0024,0.0000,-0.0024,-5.9116,0.0866,-5.8250,-0.4335
79.242,-0.0023,0.0000,-0.0023,-5.9597,0.0866,-5.8732,-0.4335
79.247,-0.0023,0.0000,-0.0023,-6.0134,0.0866,-5.9268,-0.4335
79.250,-0.0022,0.0000,-0.0022,-6.0562,0.0866,-5.9696,-0.4335
79.255,-0.0022,0.0000,-0.0022,-6.1040,0.0851,-6.0189,-0.4019
79.260,-0.0021,0.0000,-0.0021,-6.1540,0.0851,-6.0689,-0.4019
79.264,-0.0020,0.0000,-0.0020,-6.1903,0.0851,-6.1052,-0.4019
79.268,-0.0020,0.0000,-0.0020,-6.2241,0.0851,-6.1390,-0.4019
79.272,-0.0019,0.0000,-0.0019,-6.2543,0.0851,-6.1692,-0.4019
