Time,Input_Surge,Applied_Surge,Output_Surge,Input_Sway,Applied_Sway,Output_Sway,Input_Heave,Applied_Heave,Output_Heave
0.000,3.1196,0.2706,-0.0589,0.0960,0.0000,0.0000,3.7183,3.7183,0.4148
0.014,3.0767,0.2272,-0.0588,0.0968,0.0000,0.0000,3.1812,3.1812,0.4167
0.022,3.0769,0.2272,-0.0587,0.0973,0.0000,0.0000,3.1812,3.1812,0.4188
0.027,3.0771,0.2272,-0.0586,0.0976,0.0000,0.0000,3.1812,3.1812,0.4198
0.038,3.0648,0.2147,-0.0586,0.0985,0.0000,0.0000,3.0907,3.0907,0.4206
0.044,3.0650,0.2147,-0.0585,0.0990,0.0000,0.0000,3.0907,3.0907,0.4221
0.049,3.0651,0.2147,-0.0585,0.0963,0.0000,0.0000,3.0907,3.0907,0.4230
0.054,3.0307,0.1802,-0.0584,0.0968,0.0000,0.0000,2.5913,2.5913,0.4236
0.058,3.0308,0.1802,-0.0584,0.0973,0.0000,0.0000,2.5913,2.5913,0.4242
0.062,3.0309,0.1802,-0.0584,0.0978,0.0000,0.0000,2.5913,2.5913,0.4247
0.068,3.0310,0.1802,-0.0584,0.0984,0.0000,0.0000,2.5913,2.5913,0.4251
0.072,3.0311,0.1802,-0.0583,0.0989,0.0000,0.0000,2.5913,2.5913,0.4257
0.079,3.0304,0.1793,-0.0583,0.0947,0.0000,0.0000,2.7046,2.7046,0.4262
0.086,3.0305,0.1793,-0.0583,0.0909,0.0000,0.0000,2.7046,2.7046,0.4270
0.090,3.0306,0.1793,-0.0583,0.0917,0.0000,0.0000,2.7046,2.7046,0.4278
0.094,3.0031,0.1517,-0.0582,0.0925,0.0000,0.0000,2.2276,2.2276,0.4282
0.100,3.0032,0.1517,-0.0582,0.0936,0.0000,0.0000,2.2276,2.2276,0.4286
0.105,3.0032,0.1517,-0.0582,0.0945,0.0000,0.0000,2.2276,2.2276,0.4291
0.109,3.0033,0.1517,-0.0582,0.0920,0.0000,0.0000,2.2276,2.2276,0.4295
0.114,2.9882,0.1365,-0.0582,0.0919,0.0000,0.0000,1.9954,1.9954,0.4299
0.120,2.9883,0.1365,-0.0582,0.0919,0.0000,0.0000,1.9954,1.9954,0.4302
0.125,2.9883,0.1365,-0.0581,0.0919,0.0000,0.0000,1.9954,1.9954,0.4307
0.129,2.9884,0.1365,-0.0581,0.0919,0.0000,0.0000,1.9954,1.9954,0.4310
0.135,2.9900,0.1380,-0.0581,0.1022,0.0102,0.0000,2.1788,2.1788,0.4313
0.144,2.9901,0.1380,-0.0581,0.1024,0.0102,0.0102,2.1788,2.1788,0.4319
0.148,2.9901,0.1380,-0.0581,0.1025,0.0102,0.0102,2.1788,2.1788,0.4326
0.153,2.9775,0.1253,-0.0581,0.1001,0.0106,0.0102,1.9790,1.9790,0.4329
0.162,2.9776,0.1253,-0.0581,0.1006,0.0106,0.0106,1.9790,1.9790,0.4333
0.169,2.9777,0.1253,-0.0581,0.1010,0.0106,0.0106,1.9790,1.9790,0.4339
0.174,2.9731,0.1206,-0.0580,0.1065,0.0187,0.0106,1.9872,1.9872,0.4344
0.179,2.9731,0.1206,-0.0580,0.1070,0.0187,0.0187,1.9872,1.9872,0.4347
0.185,2.9732,0.1206,-0.0580,0.1037,0.0187,0.0187,1.9872,1.9872,0.4351
0.190,2.9732,0.1206,-0.0580,0.1043,0.0187,0.0187,1.9872,1.9872,0.4355
0.195,2.9608,0.1082,-0.0580,0.1045,0.0184,0.0187,1.7844,1.7844,0.4359
0.202,2.9609,0.1082,-0.0580,0.1053,0.0184,0.0184,1.7844,1.7844,0.4361
0.207,2.9609,0.1082,-0.0580,0.1027,0.0184,0.0184,1.7844,1.7844,0.4365
0.211,2.9610,0.1082,-0.0580,0.1032,0.0184,0.0184,1.7844,1.7844,0.4368
0.217,2.9487,0.0959,-0.0580,0.1037,0.0180,0.0184,1.5844,1.5844,0.4370
0.223,2.9488,0.0959,-0.0580,0.1008,0.0180,0.0180,1.5844,1.5844,0.4374
0.228,2.9488,0.0959,-0.0580,0.0981,0.0180,0.0180,1.5844,1.5844,0.4376
0.234,2.9365,0.0835,-0.0580,0.0945,0.0172,0.0180,1.3862,1.3862,0.4379
0.241,2.9366,0.0835,-0.0580,0.0912,0.0172,0.0172,1.3862,1.3862,0.4381
0.251,2.9367,0.0835,-0.0580,0.0870,0.0172,0.0172,1.3862,1.3862,0.4383
0.256,2.9424,0.0893,-0.0580,0.1183,0.0471,0.0172,1.5782,1.5782,0.4387
0.261,2.9425,0.0893,-0.0580,0.1199,0.0471,0.0471,1.5782,1.5782,0.4389
0.267,2.9425,0.0893,-0.0580,0.1174,0.0471,0.0471,1.5782,1.5782,0.4391
0.272,2.9425,0.0893,-0.0580,0.1189,0.0471,0.0471,1.5782,1.5782,0.4394
0.277,2.9188,0.0655,-0.0580,0.0955,0.0258,0.0471,1.1709,1.1709,0.4396
0.284,2.9189,0.0655,-0.0580,0.0924,0.0258,0.0258,1.1709,1.1709,0.4397
0.289,2.9189,0.0655,-0.0580,0.0906,0.0258,0.0258,1.1709,1.1709,0.4399
0.294,2.9170,0.0636,-0.0580,0.1063,0.0434,0.0258,1.1833,1.1833,0.4400
0.301,2.9170,0.0636,-0.0580,0.1037,0.0434,0.0434,1.1833,1.1833,0.4401
0.306,2.9170,0.0636,-0.0580,0.1018,0.0434,0.0434,1.1833,1.1833,0.4403
0.316,2.9157,0.0622,-0.0580,0.1168,0.0621,0.0434,1.2044,1.2044,0.4404
0.323,2.9157,0.0622,-0.0580,0.1146,0.0621,0.0621,1.2044,1.2044,0.4407
0.329,2.9158,0.0622,-0.0581,0.1128,0.0621,0.0621,1.2044,1.2044,0.4408
0.336,2.9045,0.0509,-0.0581,0.1146,0.0604,0.0621,1.0367,1.0367,0.4410
0.344,2.9045,0.0509,-0.0581,0.1180,0.0604,0.0604,1.0367,1.0367,0.4411
0.355,2.8941,0.0405,-0.0581,0.1128,0.0590,0.0604,0.8755,0.8755,0.4412
0.361,2.8942,0.0405,-0.0581,0.1107,0.0590,0.0590,0.8755,0.8755,0.4413
0.367,2.8942,0.0405,-0.0582,0.1090,0.0590,0.0590,0.8755,0.8755,0.4413
0.372,2.8942,0.0405,-0.0582,0.1074,0.0590,0.0590,0.8755,0.8755,0.4414
0.379,2.8848,0.0310,-0.0582,0.1043,0.0578,0.0590,0.7188,0.7188,0.4414
0.384,2.8848,0.0310,-0.0582,0.1027,0.0578,0.0578,0.7188,0.7188,0.4414
0.389,2.8848,0.0310,-0.0583,0.1016,0.0578,0.0578,0.7188,0.7188,0.4414
0.393,2.8841,0.0303,-0.0583,0.1155,0.0729,0.0578,0.7277,0.7277,0.4414
0.399,2.8841,0.0303,-0.0583,0.1140,0.0729,0.0729,0.7277,0.7277,0.4414
0.404,2.8841,0.0303,-0.0583,0.1129,0.0729,0.0729,0.7277,0.7277,0.4414
0.408,2.8842,0.0303,-0.0583,0.1117,0.0729,0.0729,0.7277,0.7277,0.4414
0.413,2.8761,0.0223,-0.0584,0.1079,0.0701,0.0729,0.5639,0.5639,0.4414
0.419,2.8761,0.0223,-0.0584,0.1065,0.0701,0.0701,0.5639,0.5639,0.4413
0.423,2.8761,0.0223,-0.0584,0.1055,0.0701,0.0701,0.5639,0.5639,0.4413
0.427,2.8761,0.0223,-0.0584,0.1046,0.0701,0.0701,0.5639,0.5639,0.4413
0.432,2.8761,0.0223,-0.0584,0.1036,0.0701,0.0701,0.5639,0.5639,0.4412
0.436,2.8692,0.0154,-0.0585,0.1000,0.0673,0.0701,0.4006,0.4006,0.4412
0.441,2.8693,0.0154,-0.0585,0.0990,0.0673,0.0673,0.4006,0.4006,0.4411
0.446,2.8693,0.0154,-0.0585,0.0982,0.0673,0.0673,0.4006,0.4006,0.4410
0.452,2.8693,0.0154,-0.0585,0.1025,0.0673,0.0673,0.4006,0.4006,0.4410
0.462,2.8686,0.0146,-0.0585,0.1090,0.0761,0.0673,0.3809,0.3809,0.4409
0.475,2.8539,0.0000,-0.0586,0.1028,0.0723,0.0761,0.2076,0.2076,0.4407
0.485,2.8540,0.0000,-0.0586,0.1010,0.0723,0.0723,0.2076,0.2076,0.4404
0.491,2.8540,0.0000,-0.0587,0.0999,0.0723,0.0723,0.2076,0.2076,0.4401
0.497,2.8540,0.0000,-0.0587,0.1194,0.0867,0.0723,0.3213,0.3213,0.4400
0.506,2.8540,0.0000,-0.0587,0.1177,0.0867,0.0867,0.3213,0.3213,0.4398
0.512,2.8540,0.0000,-0.0587,0.1167,0.0867,0.0867,0.3213,0.3213,0.4397
0.518,2.8540,0.0000,-0.0588,0.1115,0.0827,0.0867,0.1429,0.1429,0.4396
0.524,2.8540,0.0000,-0.0588,0.1104,0.0827,0.0827,0.1429,0.1429,0.4394
0.529,2.8540,0.0000,-0.0588,0.1097,0.0827,0.0827,0.1429,0.1429,0.4392
0.534,2.8540,0.0000,-0.0588,0.1124,0.0863,0.0827,0.1149,0.1149,0.4391
0.540,2.8540,0.0000,-0.0588,0.1115,0.0863,0.0863,0.1149,0.1149,0.4389
0.545,2.8540,0.0000,-0.0589,0.1159,0.0863,0.0863,0.1149,0.1149,0.4388
0.552,2.8541,0.0000,-0.0589,0.1146,0.0863,0.0863,0.1149,0.1149,0.4386
0.561,2.8541,0.0000,-0.0589,0.1158,0.0891,0.0863,0.0860,0.0860,0.4385
0.567,2.8541,0.0000,-0.0589,0.1149,0.0891,0.0891,0.0860,0.0860,0.4382
0.572,2.8541,0.0000,-0.0590,0.1140,0.0891,0.0891,0.0860,0.0860,0.4380
0.577,2.8541,0.0000,-0.0590,0.1205,0.0910,0.0891,0.0535,0.0535,0.4379
0.583,2.8541,0.0000,-0.0590,0.1256,0.0910,0.0910,0.0535,0.0535,0.4377
0.588,2.8541,0.0000,-0.0590,0.1244,0.0910,0.0910,0.0535,0.0535,0.4376
0.593,2.8541,0.0000,-0.0590,0.1246,0.0921,0.0910,0.0159,0.0159,0.4374
0.601,2.8541,0.0000,-0.0591,0.1231,0.0921,0.0921,0.0159,0.0159,0.4372
0.606,2.8541,0.0000,-0.0591,0.1221,0.0921,0.0921,0.0159,0.0159,0.4370
0.611,2.8541,0.0000,-0.0591,0.1213,0.0921,0.0921,0.0159,0.0159,0.4368
0.617,2.8541,0.0000,-0.0591,0.1169,0.0889,0.0921,-0.1479,-0.1479,0.4367
0.628,2.8541,0.0000,-0.0591,0.1151,0.0889,0.0889,-0.1479,-0.1479,0.4364
0.637,2.8541,0.0000,-0.0592,0.1200,0.0952,0.0889,-0.0178,-0.0178,0.4360
0.642,2.8541,0.0000,-0.0592,0.1192,0.0952,0.0952,-0.0178,-0.0178,0.4357
0.648,2.8541,0.0000,-0.0592,0.1184,0.0952,0.0952,-0.0178,-0.0178,0.4356
0.657,2.8541,0.0000,-0.0592,0.1121,0.1010,0.0952,0.0918,0.0918,0.4354
0.669,2.8541,0.0000,-0.0593,0.1113,0.1010,0.1010,0.0918,0.0918,0.4352
0.674,2.8541,0.0000,-0.0593,0.1122,0.1022,0.1010,0.0715,0.0715,0.4349
0.680,2.8541,0.0000,-0.0593,0.1118,0.1022,0.1022,0.0715,0.0715,0.4347
0.687,2.8542,0.0000,-0.0593,0.1114,0.1022,0.1022,0.0715,0.0715,0.4346
0.693,2.8542,0.0000,-0.0594,0.1122,0.1033,0.1022,0.0448,0.0448,0.4344
0.700,2.8542,0.0000,-0.0594,0.1118,0.1033,0.1033,0.0448,0.0448,0.4342
0.706,2.8542,0.0000,-0.0594,0.1036,0.1033,0.1033,0.0448,0.0448,0.4340
0.711,2.8542,0.0000,-0.0594,0.0969,0.1033,0.1033,0.0448,0.0448,0.4339
0.718,2.8542,0.0000,-0.0594,0.0980,0.1042,0.1033,0.0090,0.0090,0.4337
0.725,2.8542,0.0000,-0.0594,0.0983,0.1042,0.1042,0.0090,0.0090,0.4335
0.731,2.8542,0.0000,-0.0595,0.0985,0.1042,0.1042,0.0090,0.0090,0.4333
0.738,2.8542,0.0000,-0.0595,0.0992,0.1046,0.1042,-0.0371,-0.0371,0.4331
0.747,2.8542,0.0000,-0.0595,0.0995,0.1046,0.1046,-0.0371,-0.0371,0.4329
0.752,2.8542,0.0000,-0.0595,0.0997,0.1046,0.1046,-0.0371,-0.0371,0.4327
0.758,2.8542,0.0000,-0.0595,0.0944,0.0992,0.1046,-0.2094,-0.2094,0.4326
0.769,2.8542,0.0000,-0.0596,0.0947,0.0992,0.0992,-0.2094,-0.2094,0.4323
0.778,2.8542,0.0000,-0.0596,0.1014,0.1056,0.0992,-0.1592,-0.1592,0.4319
0.787,2.8542,0.0000,-0.0596,0.0889,0.1056,0.1056,-0.1592,-0.1592,0.4316
0.792,2.8542,0.0000,-0.0596,0.0893,0.1056,0.1056,-0.1592,-0.1592,0.4313
0.797,2.8542,0.0000,-0.0597,0.0830,0.0987,0.1056,-0.3399,-0.3399,0.4311
0.803,2.8486,0.0000,-0.0597,0.0836,0.0987,0.0987,-0.3399,-0.3399,0.4309
0.808,2.7702,0.0000,-0.0597,0.0840,0.0987,0.0987,-0.3399,-0.3399,0.4307
0.812,2.6919,0.0000,-0.0597,0.0844,0.0987,0.0987,-0.3399,-0.3399,0.4305
0.817,2.6062,0.0000,-0.0597,0.0835,0.1047,0.0987,-0.3286,-0.3286,0.4303
0.823,2.5110,0.0000,-0.0597,0.0842,0.1047,0.1047,-0.3286,-0.3286,0.4301
0.827,2.4424,0.0000,-0.0597,0.0847,0.1047,0.1047,-0.3286,-0.3286,0.4298
0.833,2.3496,0.0000,-0.0597,0.0842,0.1034,0.1047,-0.4206,-0.4206,0.4297
0.838,2.2691,0.0000,-0.0598,0.0848,0.1034,0.1034,-0.4206,-0.4206,0.4294
0.843,2.1933,0.0000,-0.0598,0.0854,0.1034,0.1034,-0.4206,-0.4206,0.4292
0.849,2.1155,0.0000,-0.0598,0.0781,0.1034,0.1034,-0.4206,-0.4206,0.4289
0.854,2.0488,0.0000,-0.0598,0.0843,0.1089,0.1034,-0.4338,-0.4338,0.4287
0.859,1.9798,0.0000,-0.0598,0.0850,0.1089,0.1089,-0.4338,-0.4338,0.4285
0.863,1.9267,0.0000,-0.0598,0.0856,0.1089,0.1089,-0.4338,-0.4338,0.4283
0.868,1.8579,0.0000,-0.0598,0.0786,0.1089,0.1089,-0.4338,-0.4338,0.4281
0.877,1.7545,0.0000,-0.0599,0.0825,0.1112,0.1089,-0.4865,-0.4865,0.4278
0.881,1.6959,0.0000,-0.0599,0.0833,0.1112,0.1112,-0.4865,-0.4865,0.4275
0.886,1.6485,0.0000,-0.0599,0.0840,0.1112,0.1112,-0.4865,-0.4865,0.4272
0.889,1.6069,0.0000,-0.0599,0.0846,0.1112,0.1112,-0.4865,-0.4865,0.4270
0.893,1.5668,0.0000,-0.0599,0.0727,0.0987,0.1112,-0.6921,-0.6921,0.4269
0.898,1.5164,0.0000,-0.0599,0.0734,0.0987,0.0987,-0.6921,-0.6921,0.4267
0.911,1.3735,0.0000,-0.0599,0.0755,0.0987,0.0987,-0.6921,-0.6921,0.4264
0.918,1.3110,0.0000,-0.0600,0.0863,0.1086,0.0987,-0.6851,-0.6851,0.4257
0.923,1.2572,0.0000,-0.0600,0.0870,0.1086,0.1086,-0.6851,-0.6851,0.4253
0.931,1.1852,0.0000,-0.0600,0.0881,0.1086,0.1086,-0.6851,-0.6851,0.4250
0.937,1.1349,0.0000,-0.0600,0.0985,0.1183,0.1086,-0.6833,-0.6833,0.4246
0.942,1.0982,0.0000,-0.0600,0.0927,0.1183,0.1183,-0.6833,-0.6833,0.4243
0.945,1.0710,0.0000,-0.0600,0.0932,0.1183,0.1183,-0.6833,-0.6833,0.4240
0.949,1.0406,0.0000,-0.0600,0.0938,0.1183,0.1183,-0.6833,-0.6833,0.4239
0.954,1.0033,0.0000,-0.0600,0.1040,0.1278,0.1183,-0.6855,-0.6855,0.4237
0.958,0.9700,0.0000,-0.0601,0.0983,0.1278,0.1278,-0.6855,-0.6855,0.4234
0.961,0.9451,0.0000,-0.0601,0.0941,0.1278,0.1278,-0.6855,-0.6855,0.4232
0.965,0.9184,0.0000,-0.0601,0.0949,0.1278,0.1278,-0.6855,-0.6855,0.4230
0.969,0.8916,0.0000,-0.0601,0.0956,0.1278,0.1278,-0.6855,-0.6855,0.4228
0.972,0.8684,0.0000,-0.0601,0.0962,0.1278,0.1278,-0.6855,-0.6855,0.4226
0.976,0.8383,0.0000,-0.0601,0.1005,0.1313,0.1278,-0.7374,-0.7374,0.4225
0.985,0.7821,0.0000,-0.0601,0.1020,0.1313,0.1313,-0.7374,-0.7374,0.4222
0.988,0.7599,0.0000,-0.0601,0.1026,0.1313,0.1313,-0.7374,-0.7374,0.4218
0.991,0.7389,0.0000,-0.0601,0.1032,0.1313,0.1313,-0.7374,-0.7374,0.4216
0.995,0.7184,0.0000,-0.0601,0.1163,0.1438,0.1313,-0.7194,-0.7194,0.4214
0.999,0.6929,0.0000,-0.0602,0.1170,0.1438,0.1438,-0.7194,-0.7194,0.4213
1.002,0.6720,0.0000,-0.0602,0.1126,0.1438,0.1438,-0.7194,-0.7194,0.4211
1.006,0.6529,0.0000,-0.0602,0.1132,0.1438,0.1438,-0.7194,-0.7194,0.4209
1.009,0.6336,0.0000,-0.0602,0.1138,0.1438,0.1438,-0.7194,-0.7194,0.4207
1.012,0.6152,0.0000,-0.0602,0.1144,0.1438,0.1438,-0.7194,-0.7194,0.4205
1.016,0.5928,0.0000,-0.0602,0.1212,0.1557,0.1438,-0.7059,-0.7059,0.4204
1.020,0.5709,0.0000,-0.0602,0.1221,0.1557,0.1557,-0.7059,-0.7059,0.4202
1.024,0.5533,0.0000,-0.0602,0.1180,0.1557,0.1557,-0.7059,-0.7059,0.4200
1.027,0.5357,0.0000,-0.0602,0.1188,0.1557,0.1557,-0.7059,-0.7059,0.4198
1.031,0.5142,0.0000,-0.0602,0.1138,0.1557,0.1557,-0.7059,-0.7059,0.4197
1.036,0.4914,0.0000,-0.0602,0.1243,0.1652,0.1557,-0.7095,-0.7095,0.4195
1.040,0.4694,0.0000,-0.0602,0.1191,0.1652,0.1652,-0.7095,-0.7095,0.4192
1.044,0.4530,0.0000,-0.0603,0.1200,0.1652,0.1652,-0.7095,-0.7095,0.4190
1.048,0.4354,0.0000,-0.0603,0.1157,0.1652,0.1652,-0.7095,-0.7095,0.4188
1.052,0.4169,0.0000,-0.0603,0.1169,0.1652,0.1652,-0.7095,-0.7095,0.4187
1.055,0.4014,0.0000,-0.0603,0.1247,0.1720,0.1652,-0.7307,-0.7307,0.4185
1.059,0.3844,0.0000,-0.0603,0.1204,0.1720,0.1720,-0.7307,-0.7307,0.4183
1.062,0.3693,0.0000,-0.0603,0.1215,0.1720,0.1720,-0.7307,-0.7307,0.4181
1.066,0.3526,0.0000,-0.0603,0.1226,0.1720,0.1720,-0.7307,-0.7307,0.4180
1.070,0.3383,0.0000,-0.0603,0.1188,0.1720,0.1720,-0.7307,-0.7307,0.4178
1.073,0.3249,0.0000,-0.0603,0.1261,0.1783,0.1720,-0.7552,-0.7552,0.4176
1.078,0.3038,0.0000,-0.0603,0.1204,0.1783,0.1783,-0.7552,-0.7552,0.4174
1.087,0.2700,0.0000,-0.0603,0.1113,0.1783,0.1783,-0.7552,-0.7552,0.4172
1.091,0.2529,0.0000,-0.0603,0.1068,0.1783,0.1783,-0.7552,-0.7552,0.4168
1.095,0.2397,0.0000,-0.0604,0.1092,0.1842,0.1783,-0.7805,-0.7805,0.4166
1.099,0.2233,0.0000,-0.0604,0.1112,0.1842,0.1842,-0.7805,-0.7805,0.4164
1.103,0.2108,0.0000,-0.0604,0.1078,0.1842,0.1842,-0.7805,-0.7805,0.4162
1.106,0.1992,0.0000,-0.0604,0.1093,0.1842,0.1842,-0.7805,-0.7805,0.4160
1.110,0.1856,0.0000,-0.0604,0.1055,0.1842,0.1842,-0.7805,-0.7805,0.4158
1.114,0.1702,0.0000,-0.0604,0.1069,0.1897,0.1842,-0.8066,-0.8066,0.4156
1.120,0.1523,0.0000,-0.0604,0.1096,0.1897,0.1897,-0.8066,-0.8066,0.4154
1.123,0.1409,0.0000,-0.0604,0.1112,0.1897,0.1897,-0.8066,-0.8066,0.4152
1.127,0.1291,0.0000,-0.0604,0.1078,0.1897,0.1897,-0.8066,-0.8066,0.4150
1.130,0.1188,0.0000,-0.0604,0.1049,0.1897,0.1897,-0.8066,-0.8066,0.4148
1.134,0.1067,0.0000,-0.0604,0.1067,0.1950,0.1897,-0.8328,-0.8328,0.4147
1.138,0.0946,0.0000,-0.0604,0.1033,0.1950,0.1950,-0.8328,-0.8328,0.4145
1.141,0.0843,0.0000,-0.0604,0.1004,0.1950,0.1950,-0.8328,-0.8328,0.4143
1.144,0.0745,0.0000,-0.0605,0.0976,0.1950,0.1950,-0.8328,-0.8328,0.4141
1.148,0.0636,0.0000,-0.0605,0.0947,0.1950,0.1950,-0.8328,-0.8328,0.4139
1.152,0.0523,0.0000,-0.0605,0.0916,0.1950,0.1950,-0.8328,-0.8328,0.4138
1.156,0.0405,0.0000,-0.0605,0.0934,0.2000,0.1950,-0.8584,-0.8584,0.4136
1.161,0.0276,0.0000,-0.0605,0.0900,0.2000,0.2000,-0.8584,-0.8584,0.4134
1.164,0.0172,0.0000,-0.0605,0.0872,0.2000,0.2000,-0.8584,-0.8584,0.4131
1.168,0.0067,0.0000,-0.0605,0.0898,0.2000,0.2000,-0.8584,-0.8584,0.4129
1.172,-0.0025,0.0000,-0.0605,0.0921,0.2000,0.2000,-0.8584,-0.8584,0.4128
1.176,-0.0135,0.0000,-0.0605,0.0939,0.2049,0.2000,-0.8829,-0.8829,0.4126
1.180,-0.0259,0.0000,-0.0605,0.0905,0.2049,0.2049,-0.8829,-0.8829,0.4124
1.187,-0.0429,0.0000,-0.0605,0.0859,0.2049,0.2049,-0.8829,-0.8829,0.4121
1.196,-0.0652,0.0000,-0.0605,0.0846,0.2094,0.2049,-0.9064,-0.9064,0.4118
1.202,-0.0806,0.0000,-0.0606,0.0806,0.2094,0.2094,-0.9064,-0.9064,0.4114
1.207,-0.0920,0.0000,-0.0606,0.0778,0.2094,0.2094,-0.9064,-0.9064,0.4111
1.210,-0.1011,0.0000,-0.0606,0.0755,0.2094,0.2094,-0.9064,-0.9064,0.4108
1.214,-0.1090,0.0000,-0.0606,0.0760,0.2137,0.2094,-0.9289,-0.9289,0.4107
1.218,-0.1197,0.0000,-0.0606,0.0735,0.2137,0.2137,-0.9289,-0.9289,0.4105
1.222,-0.1284,0.0000,-0.0606,0.0693,0.2137,0.2137,-0.9289,-0.9289,0.4103
1.225,-0.1360,0.0000,-0.0606,0.0676,0.2137,0.2137,-0.9289,-0.9289,0.4101
1.229,-0.1442,0.0000,-0.0606,0.0658,0.2137,0.2137,-0.9289,-0.9289,0.4099
1.237,-0.1628,0.0000,-0.0606,0.0567,0.2132,0.2137,-0.9852,-0.9852,0.4097
1.243,-0.1758,0.0000,-0.0606,0.0542,0.2132,0.2132,-0.9852,-0.9852,0.4093
1.246,-0.1837,0.0000,-0.0606,0.0527,0.2132,0.2132,-0.9852,-0.9852,0.4090
1.250,-0.1922,0.0000,-0.0606,0.0511,0.2132,0.2132,-0.9852,-0.9852,0.4088
1.254,-0.1997,0.0000,-0.0606,0.0418,0.2071,0.2132,-1.0831,-1.0831,0.4086
1.257,-0.2084,0.0000,-0.0607,0.0403,0.2071,0.2071,-1.0831,-1.0831,0.4084
1.261,-0.2156,0.0000,-0.0607,0.0390,0.2071,0.2071,-1.0831,-1.0831,0.4082
1.265,-0.2238,0.0000,-0.0607,0.0377,0.2071,0.2071,-1.0831,-1.0831,0.4080
1.268,-0.2318,0.0000,-0.0607,0.0343,0.2071,0.2071,-1.0831,-1.0831,0.4078
1.272,-0.2389,0.0000,-0.0607,0.0314,0.2071,0.2071,-1.0831,-1.0831,0.4076
1.275,-0.2459,0.0000,-0.0607,0.0247,0.2014,0.2071,-1.1784,-1.1784,0.4074
1.279,-0.2544,0.0000,-0.0607,0.0213,0.2014,0.2014,-1.1784,-1.1784,0.4072
1.283,-0.2626,0.0000,-0.0607,0.0202,0.2014,0.2014,-1.1784,-1.1784,0.4070
1.286,-0.2701,0.0000,-0.0607,0.0173,0.2014,0.2014,-1.1784,-1.1784,0.4068
1.289,-0.2772,0.0000,-0.0607,0.0146,0.2014,0.2014,-1.1784,-1.1784,0.4066
1.294,-0.2869,0.0000,-0.0607,0.0064,0.1968,0.2014,-1.2655,-1.2655,0.4064
1.302,-0.3041,0.0000,-0.0607,-0.0032,0.1968,0.1968,-1.2655,-1.2655,0.4061
1.305,-0.3114,0.0000,-0.0607,-0.0037,0.1968,0.1968,-1.2655,-1.2655,0.4056
1.309,-0.3186,0.0000,-0.0607,-0.0075,0.1968,0.1968,-1.2655,-1.2655,0.4054
1.312,-0.3260,0.0000,-0.0607,-0.0114,0.1968,0.1968,-1.2655,-1.2655,0.4052
1.316,-0.3338,0.0000,-0.0607,-0.0153,0.1933,0.1968,-1.3440,-1.3440,0.4050
1.320,-0.3426,0.0000,-0.0608,-0.0197,0.1933,0.1933,-1.3440,-1.3440,0.4047
1.323,-0.3499,0.0000,-0.0608,-0.0232,0.1933,0.1933,-1.3440,-1.3440,0.4045
1.326,-0.3570,0.0000,-0.0608,-0.0266,0.1933,0.1933,-1.3440,-1.3440,0.4043
1.330,-0.3643,0.0000,-0.0608,-0.0300,0.1933,0.1933,-1.3440,-1.3440,0.4040
1.333,-0.3725,0.0000,-0.0608,-0.0376,0.1907,0.1933,-1.4133,-1.4133,0.4038
1.337,-0.3811,0.0000,-0.0608,-0.0413,0.1907,0.1907,-1.4133,-1.4133,0.4036
1.341,-0.3884,0.0000,-0.0608,-0.0443,0.1907,0.1907,-1.4133,-1.4133,0.4033
1.345,-0.3979,0.0000,-0.0608,-0.0482,0.1907,0.1907,-1.4133,-1.4133,0.4031
1.349,-0.4065,0.0000,-0.0608,-0.0515,0.1907,0.1907,-1.4133,-1.4133,0.4028
1.352,-0.4144,0.0000,-0.0608,-0.0545,0.1907,0.1907,-1.4133,-1.4133,0.4026
1.356,-0.4220,0.0000,-0.0608,-0.0588,0.1892,0.1907,-1.4716,-1.4716,0.4023
1.360,-0.4318,0.0000,-0.0608,-0.0623,0.1892,0.1892,-1.4716,-1.4716,0.4021
1.364,-0.4410,0.0000,-0.0608,-0.0654,0.1892,0.1892,-1.4716,-1.4716,0.4018
1.368,-0.4504,0.0000,-0.0608,-0.0685,0.1892,0.1892,-1.4716,-1.4716,0.4015
1.371,-0.4587,0.0000,-0.0608,-0.0724,0.1892,0.1892,-1.4716,-1.4716,0.4013
1.375,-0.4678,0.0000,-0.0608,-0.0758,0.1886,0.1892,-1.5203,-1.5203,0.4010
1.380,-0.4785,0.0000,-0.0608,-0.0805,0.1886,0.1886,-1.5203,-1.5203,0.4008
1.387,-0.4982,0.0000,-0.0608,-0.0886,0.1886,0.1886,-1.5203,-1.5203,0.4005
1.392,-0.5100,0.0000,-0.0609,-0.0931,0.1886,0.1886,-1.5203,-1.5203,0.3999
1.396,-0.5189,0.0000,-0.0609,-0.0951,0.1886,0.1886,-1.5597,-1.5597,0.3996
1.401,-0.5331,0.0000,-0.0609,-0.1002,0.1886,0.1886,-1.5597,-1.5597,0.3993
1.409,-0.5532,0.0000,-0.0609,-0.1069,0.1886,0.1886,-1.5597,-1.5597,0.3990
1.412,-0.5627,0.0000,-0.0609,-0.1098,0.1886,0.1886,-1.5597,-1.5597,0.3984
1.416,-0.5730,0.0000,-0.0609,-0.1138,0.1877,0.1886,-1.6047,-1.6047,0.3982
1.420,-0.5843,0.0000,-0.0609,-0.1194,0.1877,0.1877,-1.6047,-1.6047,0.3979
1.424,-0.5938,0.0000,-0.0609,-0.1220,0.1877,0.1877,-1.6047,-1.6047,0.3976
1.427,-0.6033,0.0000,-0.0609,-0.1264,0.1877,0.1877,-1.6047,-1.6047,0.3974
1.430,-0.6127,0.0000,-0.0609,-0.1287,0.1877,0.1877,-1.6047,-1.6047,0.3972
1.434,-0.6239,0.0000,-0.0609,-0.1315,0.1875,0.1877,-1.6404,-1.6404,0.3969
1.438,-0.6360,0.0000,-0.0609,-0.1342,0.1875,0.1875,-1.6404,-1.6404,0.3967
1.441,-0.6459,0.0000,-0.0609,-0.1363,0.1875,0.1875,-1.6404,-1.6404,0.3964
1.445,-0.6562,0.0000,-0.0609,-0.1384,0.1875,0.1875,-1.6404,-1.6404,0.3961
1.448,-0.6673,0.0000,-0.0609,-0.1426,0.1875,0.1875,-1.6404,-1.6404,0.3959
1.452,-0.6791,0.0000,-0.0609,-0.1469,0.1875,0.1875,-1.6404,-1.6404,0.3957
1.455,-0.6910,0.0000,-0.0610,-0.1485,0.1878,0.1875,-1.6657,-1.6657,0.3954
1.462,-0.7147,0.0000,-0.0610,-0.1562,0.1878,0.1878,-1.6657,-1.6657,0.3951
1.469,-0.7381,0.0000,-0.0610,-0.1632,0.1878,0.1878,-1.6657,-1.6657,0.3946
1.473,-0.7504,0.0000,-0.0610,-0.1657,0.1887,0.1878,-1.6805,-1.6805,0.3942
1.476,-0.7647,0.0000,-0.0610,-0.1695,0.1887,0.1887,-1.6805,-1.6805,0.3939
1.480,-0.7770,0.0000,-0.0610,-0.1734,0.1887,0.1887,-1.6805,-1.6805,0.3937
1.484,-0.7922,0.0000,-0.0610,-0.1781,0.1887,0.1887,-1.6805,-1.6805,0.3934
1.487,-0.8054,0.0000,-0.0610,-0.1810,0.1887,0.1887,-1.6805,-1.6805,0.3931
1.491,-0.8188,0.0000,-0.0610,-0.1839,0.1887,0.1887,-1.6805,-1.6805,0.3929
1.494,-0.8119,0.0204,-0.0610,-0.1853,0.1901,0.1887,-1.6847,-1.6847,0.3927
1.498,-0.8294,0.0204,-0.0610,-0.1906,0.1901,0.1901,-1.6847,-1.6847,0.3924
1.503,-0.8523,0.0204,-0.0610,-0.1971,0.1901,0.1901,-1.6847,-1.6847,0.3922
1.510,-0.8831,0.0204,-0.0610,-0.2020,0.1901,0.1901,-1.6847,-1.6847,0.3918
1.514,-0.8592,0.0609,-0.0610,-0.2043,0.1919,0.1901,-1.6781,-1.6781,0.3913
1.520,-0.8871,0.0609,-0.0610,-0.2107,0.1919,0.1919,-1.6781,-1.6781,0.3911
1.524,-0.9069,0.0609,-0.0610,-0.2157,0.1919,0.1919,-1.6781,-1.6781,0.3907
1.527,-0.9241,0.0609,-0.0610,-0.2192,0.1919,0.1919,-1.6781,-1.6781,0.3904
1.531,-0.9450,0.0609,-0.0610,-0.2231,0.1919,0.1919,-1.6781,-1.6781,0.3902
1.539,-0.9290,0.1181,-0.0610,-0.2280,0.1940,0.1919,-1.6605,-1.6605,0.3899
1.544,-0.9580,0.1181,-0.0610,-0.2345,0.1940,0.1940,-1.6605,-1.6605,0.3894
1.547,-0.9789,0.1181,-0.0609,-0.2389,0.1940,0.1940,-1.6605,-1.6605,0.3891
1.551,-1.0019,0.1181,-0.0609,-0.2433,0.1940,0.1940,-1.6605,-1.6605,0.3889
1.555,-0.9992,0.1429,-0.0609,-0.2450,0.1963,0.1940,-1.6320,-1.6320,0.3886
1.559,-1.0249,0.1429,-0.0609,-0.2494,0.1963,0.1963,-1.6320,-1.6320,0.3884
1.562,-1.0467,0.1429,-0.0609,-0.2516,0.1963,0.1963,-1.6320,-1.6320,0.3882
1.566,-1.0736,0.1429,-0.0608,-0.2557,0.1963,0.1963,-1.6320,-1.6320,0.3880
1.569,-1.0986,0.1429,-0.0608,-0.2592,0.1963,0.1963,-1.6320,-1.6320,0.3877
1.572,-1.1174,0.1477,-0.0608,-0.2598,0.1990,0.1963,-1.5923,-1.5923,0.3875
1.576,-1.1471,0.1477,-0.0608,-0.2648,0.1990,0.1990,-1.5923,-1.5923,0.3873
1.580,-1.1738,0.1477,-0.0608,-0.2678,0.1990,0.1990,-1.5923,-1.5923,0.3871
1.584,-1.2064,0.1477,-0.0607,-0.2727,0.1990,0.1990,-1.5923,-1.5923,0.3869
1.587,-1.2349,0.1477,-0.0607,-0.2766,0.1990,0.1990,-1.5923,-1.5923,0.3867
1.590,-1.2626,0.1477,-0.0607,-0.2802,0.1990,0.1990,-1.5923,-1.5923,0.3865
1.594,-1.3079,0.1328,-0.0607,-0.2821,0.2017,0.1990,-1.5418,-1.5418,0.3863
1.599,-1.3569,0.1328,-0.0607,-0.2875,0.2017,0.2017,-1.5418,-1.5418,0.3861
1.603,-1.3896,0.1328,-0.0606,-0.2929,0.2017,0.2017,-1.5418,-1.5418,0.3858
1.606,-1.4205,0.1328,-0.0606,-0.2971,0.2017,0.2017,-1.5418,-1.5418,0.3856
1.610,-1.4609,0.1328,-0.0606,-0.3017,0.2017,0.2017,-1.5418,-1.5418,0.3854
1.618,-1.5388,0.1197,-0.0606,-0.3108,0.2019,0.2017,-1.5204,-1.5204,0.3852
1.622,-1.5731,0.1197,-0.0605,-0.3156,0.2019,0.2019,-1.5204,-1.5204,0.3848
1.625,-1.5999,0.1197,-0.0605,-0.3202,0.2019,0.2019,-1.5204,-1.5204,0.3846
1.629,-1.6290,0.1197,-0.0605,-0.3250,0.2019,0.2019,-1.5204,-1.5204,0.3844
1.633,-1.6713,0.1074,-0.0605,-0.3297,0.2021,0.2019,-1.4907,-1.4907,0.3842
1.637,-1.7033,0.1074,-0.0605,-0.3349,0.2021,0.2021,-1.4907,-1.4907,0.3840
1.640,-1.7277,0.1074,-0.0605,-0.3388,0.2021,0.2021,-1.4907,-1.4907,0.3838
1.644,-1.7536,0.1074,-0.0605,-0.3428,0.2021,0.2021,-1.4907,-1.4907,0.3836
1.647,-1.7769,0.1074,-0.0605,-0.3472,0.2021,0.2021,-1.4907,-1.4907,0.3835
1.651,-1.8040,0.1074,-0.0604,-0.3522,0.2021,0.2021,-1.4907,-1.4907,0.3833
1.654,-1.8409,0.0957,-0.0604,-0.3562,0.2027,0.2021,-1.4489,-1.4489,0.3831
1.658,-1.8692,0.0957,-0.0604,-0.3617,0.2027,0.2027,-1.4489,-1.4489,0.3829
1.662,-1.8909,0.0957,-0.0604,-0.3666,0.2027,0.2027,-1.4489,-1.4489,0.3827
1.665,-1.9148,0.0957,-0.0604,-0.3718,0.2027,0.2027,-1.4489,-1.4489,0.3826
1.669,-1.9369,0.0957,-0.0604,-0.3774,0.2027,0.2027,-1.4489,-1.4489,0.3824
1.672,-1.9573,0.0957,-0.0604,-0.3828,0.2027,0.2027,-1.4489,-1.4489,0.3822
1.676,-1.9886,0.0845,-0.0604,-0.3872,0.2036,0.2027,-1.3954,-1.3954,0.3821
1.680,-2.0115,0.0845,-0.0604,-0.3934,0.2036,0.2036,-1.3954,-1.3954,0.3819
1.683,-2.0338,0.0845,-0.0603,-0.3998,0.2036,0.2036,-1.3954,-1.3954,0.3818
1.691,-2.0766,0.0845,-0.0603,-0.4122,0.2036,0.2036,-1.3954,-1.3954,0.3816
1.696,-2.1123,0.0739,-0.0603,-0.4183,0.2047,0.2036,-1.3306,-1.3306,0.3813
1.700,-2.1356,0.0739,-0.0603,-0.4256,0.2047,0.2047,-1.3306,-1.3306,0.3811
1.704,-2.1552,0.0739,-0.0603,-0.4319,0.2047,0.2047,-1.3306,-1.3306,0.3809
1.708,-2.1738,0.0739,-0.0603,-0.4375,0.2047,0.2047,-1.3306,-1.3306,0.3808
1.711,-2.1919,0.0739,-0.0603,-0.4438,0.2047,0.2047,-1.3306,-1.3306,0.3806
1.717,-2.2270,0.0637,-0.0603,-0.4511,0.2059,0.2047,-1.2555,-1.2555,0.3805
1.726,-2.2693,0.0637,-0.0603,-0.4661,0.2059,0.2059,-1.2555,-1.2555,0.3803
1.729,-2.2843,0.0637,-0.0603,-0.4719,0.2059,0.2059,-1.2555,-1.2555,0.3800
1.733,-2.3108,0.0547,-0.0603,-0.4797,0.2054,0.2059,-1.2017,-1.2017,0.3799
1.738,-2.3281,0.0547,-0.0603,-0.4876,0.2054,0.2054,-1.2017,-1.2017,0.3797
1.741,-2.3414,0.0547,-0.0603,-0.4940,0.2054,0.2054,-1.2017,-1.2017,0.3796
1.745,-2.3565,0.0547,-0.0603,-0.5017,0.2054,0.2054,-1.2017,-1.2017,0.3795
1.748,-2.3712,0.0547,-0.0603,-0.5093,0.2054,0.2054,-1.2017,-1.2017,0.3794
1.752,-2.3853,0.0547,-0.0603,-0.5170,0.2054,0.2054,-1.2017,-1.2017,0.3793
1.756,-2.4066,0.0462,-0.0603,-0.5249,0.2050,0.2054,-1.1420,-1.1420,0.3791
1.760,-2.4208,0.0462,-0.0603,-0.5331,0.2050,0.2050,-1.1420,-1.1420,0.3790
1.763,-2.4324,0.0462,-0.0603,-0.5401,0.2050,0.2050,-1.1420,-1.1420,0.3789
1.767,-2.4454,0.0462,-0.0603,-0.5481,0.2050,0.2050,-1.1420,-1.1420,0.3788
1.770,-2.4578,0.0462,-0.0603,-0.5557,0.2050,0.2050,-1.1420,-1.1420,0.3787
1.773,-2.4770,0.0380,-0.0603,-0.5628,0.2049,0.2050,-1.0712,-1.0712,0.3786
1.777,-2.4901,0.0380,-0.0603,-0.5715,0.2049,0.2049,-1.0712,-1.0712,0.3786
1.781,-2.5023,0.0380,-0.0603,-0.5799,0.2049,0.2049,-1.0712,-1.0712,0.3785
1.786,-2.5154,0.0380,-0.0603,-0.5891,0.2049,0.2049,-1.0712,-1.0712,0.3784
1.789,-2.5257,0.0380,-0.0603,-0.5965,0.2049,0.2049,-1.0712,-1.0712,0.3783
1.792,-2.5354,0.0380,-0.0603,-0.6034,0.2049,0.2049,-1.0712,-1.0712,0.3782
1.795,-2.5526,0.0300,-0.0603,-0.6101,0.2050,0.2049,-0.9901,-0.9901,0.3781
1.800,-2.5655,0.0300,-0.0603,-0.6204,0.2050,0.2050,-0.9901,-0.9901,0.3781
1.803,-2.5752,0.0300,-0.0604,-0.6289,0.2050,0.2050,-0.9901,-0.9901,0.3780
1.807,-2.5842,0.0300,-0.0604,-0.6372,0.2050,0.2050,-0.9901,-0.9901,0.3779
1.810,-2.5928,0.0300,-0.0604,-0.6456,0.2050,0.2050,-0.9901,-0.9901,0.3778
1.813,-2.6091,0.0222,-0.0604,-0.6542,0.2054,0.2050,-0.8994,-0.8994,0.3778
1.819,-2.6236,0.0222,-0.0604,-0.6710,0.2054,0.2054,-0.8994,-0.8994,0.3777
1.826,-2.6412,0.0222,-0.0604,-0.6930,0.2054,0.2054,-0.8994,-0.8994,0.3777
1.829,-2.6494,0.0222,-0.0604,-0.7033,0.2054,0.2054,-0.8994,-0.8994,0.3776
1.833,-2.6663,0.0146,-0.0604,-0.7150,0.2061,0.2054,-0.7997,-0.7997,0.3775
1.841,-2.6839,0.0146,-0.0604,-0.7399,0.2061,0.2061,-0.7997,-0.7997,0.3775
1.846,-2.6936,0.0146,-0.0604,-0.7539,0.2061,0.2061,-0.7997,-0.7997,0.3774
1.849,-2.7014,0.0146,-0.0604,-0.7655,0.2061,0.2061,-0.7997,-0.7997,0.3774
1.853,-2.7232,0.0000,-0.0604,-0.7754,0.2070,0.2061,-0.6910,-0.6910,0.3773
1.857,-2.7310,0.0000,-0.0605,-0.7877,0.2070,0.2070,-0.6910,-0.6910,0.3773
1.860,-2.7373,0.0000,-0.0605,-0.7979,0.2070,0.2070,-0.6910,-0.6910,0.3773
1.863,-2.7439,0.0000,-0.0605,-0.8090,0.2070,0.2070,-0.6910,-0.6910,0.3773
1.867,-2.7512,0.0000,-0.0605,-0.8225,0.2070,0.2070,-0.6910,-0.6910,0.3773
1.871,-2.7574,0.0000,-0.0605,-0.8345,0.2070,0.2070,-0.6910,-0.6910,0.3773
1.874,-2.7632,0.0000,-0.0605,-0.8455,0.2082,0.2070,-0.5746,-0.5746,0.3772
1.878,-2.7702,0.0000,-0.0605,-0.8614,0.2082,0.2082,-0.5746,-0.5746,0.3773
1.882,-2.7766,0.0000,-0.0605,-0.8767,0.2082,0.2082,-0.5746,-0.5746,0.3773
1.885,-2.7829,0.0000,-0.0605,-0.8930,0.2082,0.2082,-0.5746,-0.5746,0.3773
1.889,-2.7887,0.0000,-0.0605,-0.9091,0.2082,0.2082,-0.5746,-0.5746,0.3773
1.892,-2.7940,0.0000,-0.0605,-0.9247,0.2082,0.2082,-0.5746,-0.5746,0.3773
1.896,-2.7997,0.0000,-0.0605,-0.9402,0.2096,0.2082,-0.4511,-0.4511,0.3773
1.900,-2.8064,0.0000,-0.0605,-0.9610,0.2096,0.2096,-0.4511,-0.4511,0.3773
1.904,-2.8118,0.0000,-0.0605,-0.9784,0.2096,0.2096,-0.4511,-0.4511,0.3774
1.907,-2.8169,0.0000,-0.0605,-0.9952,0.2096,0.2096,-0.4511,-0.4511,0.3774
1.910,-2.8217,0.0000,-0.0606,-1.0113,0.2096,0.2096,-0.4511,-0.4511,0.3774
1.914,-2.8266,0.0000,-0.0606,-1.0271,0.2112,0.2096,-0.3217,-0.3217,0.3774
1.918,-2.8330,0.0000,-0.0606,-1.0506,0.2112,0.2112,-0.3217,-0.3217,0.3775
1.922,-2.8379,0.0000,-0.0606,-1.0692,0.2112,0.2112,-0.3217,-0.3217,0.3776
1.926,-2.8428,0.0000,-0.0606,-1.0884,0.2112,0.2112,-0.3217,-0.3217,0.3776
1.934,-2.8533,0.0000,-0.0606,-1.1359,0.2130,0.2112,-0.1869,-0.1869,0.3777
1.948,-2.8707,0.0000,-0.0606,-1.2453,0.2130,0.2130,-0.1869,-0.1869,0.3778
1.954,-2.8768,0.0000,-0.0606,-1.2865,0.2151,0.2130,-0.0477,-0.0477,0.3781
1.960,-2.8835,0.0000,-0.0606,-1.3376,0.2151,0.2151,-0.0477,-0.0477,0.3783
1.964,-2.8878,0.0000,-0.0606,-1.3723,0.2151,0.2151,-0.0477,-0.0477,0.3785
1.968,-2.8917,0.0000,-0.0607,-1.4055,0.2151,0.2151,-0.0477,-0.0477,0.3786
1.971,-2.8952,0.0000,-0.0607,-1.4355,0.2151,0.2151,-0.0477,-0.0477,0.3787
1.974,-2.8984,0.0000,-0.0607,-1.4631,0.2173,0.2151,0.0947,0.0947,0.3788
1.978,-2.9022,0.0000,-0.0607,-1.4985,0.2173,0.2173,0.0947,0.0947,0.3789
1.982,-2.9055,0.0000,-0.0607,-1.5315,0.2173,0.2173,0.0947,0.0947,0.3791
1.986,-2.9092,0.0000,-0.0607,-1.5709,0.2173,0.2173,0.0947,0.0947,0.3792
1.994,-2.9161,0.0000,-0.0607,-1.6593,0.2183,0.2173,0.2091,0.2091,0.3793
2.000,-2.9216,0.0000,-0.0607,-1.7423,0.2183,0.2183,0.2091,0.2091,0.3796
2.004,-2.9251,0.0000,-0.0607,-1.8015,0.2183,0.2183,0.2091,0.2091,0.3799
2.008,-2.9281,0.0000,-0.0607,-1.8557,0.2183,0.2183,0.2091,0.2091,0.3800
2.011,-2.9307,0.0000,-0.0607,-1.9084,0.2183,0.2183,0.2091,0.2091,0.3802
2.015,-2.9334,0.0000,-0.0607,-1.9666,0.2191,0.2183,0.3203,0.3203,0.3803
2.020,-2.9370,0.0000,-0.0607,-2.0505,0.2191,0.2191,0.3203,0.3203,0.3805
2.023,-2.9395,0.0000,-0.0607,-2.1103,0.2191,0.2191,0.3203,0.3203,0.3807
2.026,-2.9418,0.0000,-0.0607,-2.1709,0.2191,0.2191,0.3203,0.3203,0.3808
2.030,-2.9442,0.0000,-0.0608,-2.2358,0.2191,0.2191,0.3203,0.3203,0.3810
2.035,-2.9477,0.0000,-0.0608,-2.3326,0.2202,0.2191,0.4344,0.4344,0.3811
2.043,-2.9529,0.0000,-0.0608,-2.4023,0.2202,0.2202,0.4344,0.4344,0.3814
2.047,-2.9553,0.0000,-0.0608,-2.4168,0.2202,0.2202,0.4344,0.4344,0.3817
2.051,-2.9578,0.0000,-0.0608,-2.4115,0.2202,0.2202,0.4344,0.4344,0.3819
2.054,-2.9600,0.0000,-0.0608,-2.3885,0.2213,0.2202,0.5507,0.5507,0.3821
2.058,-2.9624,0.0000,-0.0608,-2.3468,0.2213,0.2213,0.5507,0.5507,0.3823
2.062,-2.9642,0.0000,-0.0608,-2.3004,0.2213,0.2213,0.5507,0.5507,0.3825
2.065,-2.9664,0.0000,-0.0608,-2.2296,0.2213,0.2213,0.5507,0.5507,0.3827
2.070,-2.9687,0.0000,-0.0608,-2.1436,0.2213,0.2213,0.5507,0.5507,0.3829
2.074,-2.9710,0.0000,-0.0608,-2.0624,0.2225,0.2213,0.6680,0.6680,0.3831
2.078,-2.9731,0.0000,-0.0608,-1.9940,0.2225,0.2225,0.6680,0.6680,0.3834
2.082,-2.9751,0.0000,-0.0608,-1.9336,0.2225,0.2225,0.6680,0.6680,0.3836
2.086,-2.9771,0.0000,-0.0608,-1.8778,0.2225,0.2225,0.6680,0.6680,0.3838
2.089,-2.9788,0.0000,-0.0608,-1.8372,0.2225,0.2225,0.6680,0.6680,0.3840
2.093,-2.9804,0.0000,-0.0609,-1.8016,0.2215,0.2225,0.7368,0.7368,0.3842
2.097,-2.9824,0.0000,-0.0609,-1.7660,0.2215,0.2215,0.7368,0.7368,0.3845
2.101,-2.9841,0.0000,-0.0609,-1.7419,0.2215,0.2215,0.7368,0.7368,0.3847
2.104,-2.9856,0.0000,-0.0609,-1.7270,0.2215,0.2215,0.7368,0.7368,0.3849
2.107,-2.9870,0.0000,-0.0609,-1.7188,0.2215,0.2215,0.7368,0.7368,0.3851
2.111,-2.9884,0.0000,-0.0609,-1.7172,0.2215,0.2215,0.7368,0.7368,0.3853
2.114,-2.9899,0.0000,-0.0609,-1.7253,0.2200,0.2215,0.7972,0.7972,0.3855
2.119,-2.9917,0.0000,-0.0609,-1.7480,0.2200,0.2200,0.7972,0.7972,0.3857
2.122,-2.9931,0.0000,-0.0609,-1.7734,0.2200,0.2200,0.7972,0.7972,0.3860
2.125,-2.9943,0.0000,-0.0609,-1.8061,0.2200,0.2200,0.7972,0.7972,0.3862
2.129,-2.9958,0.0000,-0.0609,-1.8560,0.2200,0.2200,0.7972,0.7972,0.3864
2.133,-2.9972,0.0000,-0.0609,-1.9200,0.2186,0.2200,0.8593,0.8593,0.3866
2.137,-2.9987,0.0000,-0.0609,-2.0065,0.2186,0.2186,0.8593,0.8593,0.3869
2.145,-3.0016,0.0000,-0.0609,-2.2416,0.2186,0.2186,0.8593,0.8593,0.3872
2.153,-3.0044,0.0000,-0.0609,-2.5603,0.2172,0.2186,0.9217,0.9217,0.3877
2.157,-3.0057,0.0000,-0.0609,-2.7335,0.2172,0.2172,0.9217,0.9217,0.3882
2.161,-3.0068,0.0000,-0.0609,-2.8911,0.2172,0.2172,0.9217,0.9217,0.3885
2.166,-3.0083,0.0000,-0.0610,-3.1423,0.2172,0.2172,0.9217,0.9217,0.3887
2.170,-3.0095,0.0000,-0.0610,-3.3751,0.2172,0.2172,0.9217,0.9217,0.3890
2.173,-3.0106,0.0000,-0.0610,-3.5926,0.2156,0.2172,0.9839,0.9839,0.3893
2.177,-3.0117,0.0000,-0.0610,-3.8501,0.2156,0.2156,0.9839,0.9839,0.3895
2.181,-3.0127,0.0000,-0.0610,-4.0945,0.2156,0.2156,0.9839,0.9839,0.3898
2.185,-3.0138,0.0000,-0.0610,-4.3715,0.2156,0.2156,0.9839,0.9839,0.3900
2.188,-3.0147,0.0000,-0.0610,-4.6264,0.2156,0.2156,0.9839,0.9839,0.3903
2.192,-3.0156,0.0000,-0.0610,-4.8849,0.2156,0.2156,0.9839,0.9839,0.3905
2.195,-3.0165,0.0000,-0.0610,-5.1711,0.2139,0.2156,1.0444,1.0444,0.3907
2.200,-3.0176,0.0000,-0.0610,-5.5446,0.2139,0.2139,1.0444,1.0444,0.3910
2.204,-3.0185,0.0000,-0.0610,-5.8473,0.2139,0.2139,1.0444,1.0444,0.3913
2.207,-3.0194,0.0000,-0.0610,-6.1432,0.2139,0.2139,1.0444,1.0444,0.3916
2.211,-3.0202,0.0000,-0.0610,-6.4120,0.2139,0.2139,1.0444,1.0444,0.3918
2.214,-2.9900,0.0310,-0.0610,-6.7039,0.2119,0.2139,1.1020,1.1020,0.3920
2.219,-2.9910,0.0310,-0.0610,-7.0490,0.2119,0.2119,1.1020,1.1020,0.3923
2.222,-2.9917,0.0310,-0.0610,-7.3009,0.2119,0.2119,1.1020,1.1020,0.3926
2.225,-2.9924,0.0310,-0.0610,-7.5349,0.2119,0.2119,1.1020,1.1020,0.3928
2.229,-2.9931,0.0310,-0.0610,-7.7633,0.2119,0.2119,1.1020,1.1020,0.3930
2.232,-2.9938,0.0310,-0.0610,-8.0091,0.2119,0.2119,1.1020,1.1020,0.3933
2.236,-2.9465,0.0791,-0.0610,-8.2410,0.2097,0.2119,1.1568,1.1568,0.3935
2.240,-2.9474,0.0791,-0.0610,-8.4821,0.2097,0.2097,1.1568,1.1568,0.3938
2.244,-2.9480,0.0791,-0.0610,-8.6537,0.2097,0.2097,1.1568,1.1568,0.3941
2.248,-2.9489,0.0791,-0.0610,-8.8650,0.2097,0.2097,1.1568,1.1568,0.3943
2.256,-2.8839,0.1454,-0.0610,-9.1362,0.2073,0.2097,1.2080,1.2080,0.3947
2.261,-2.8848,0.1454,-0.0610,-9.2876,0.2073,0.2073,1.2080,1.2080,0.3952
2.267,-2.8858,0.1454,-0.0609,-9.4000,0.2073,0.2073,1.2080,1.2080,0.3956
2.271,-2.8864,0.1454,-0.0609,-9.4586,0.2073,0.2073,1.2080,1.2080,0.3960
2.275,-2.8064,0.2261,-0.0609,-9.5005,0.2046,0.2073,1.2557,1.2557,0.3963
2.280,-2.8071,0.2261,-0.0608,-9.5219,0.2046,0.2046,1.2557,1.2557,0.3966
2.284,-2.8078,0.2261,-0.0608,-9.5195,0.2046,0.2046,1.2557,1.2557,0.3969
2.289,-2.8084,0.2261,-0.0607,-9.4988,0.2046,0.2046,1.2557,1.2557,0.3973
2.298,-2.7574,0.2784,-0.0607,-9.3940,0.2017,0.2046,1.2990,1.2990,0.3976
2.305,-2.7583,0.2784,-0.0606,-9.3044,0.2017,0.2017,1.2990,1.2990,0.3983
2.309,-2.7588,0.2784,-0.0605,-9.2368,0.2017,0.2017,1.2990,1.2990,0.3988
2.313,-2.7372,0.3006,-0.0605,-9.1696,0.1985,0.2017,1.3378,1.3378,0.3991
2.319,-2.7379,0.3006,-0.0604,-9.0742,0.1985,0.1985,1.3378,1.3378,0.3994
2.322,-2.7383,0.3006,-0.0603,-9.0067,0.1985,0.1985,1.3378,1.3378,0.3998
2.327,-2.7389,0.3006,-0.0603,-8.9289,0.1985,0.1985,1.3378,1.3378,0.4001
2.331,-2.7393,0.3006,-0.0602,-8.8548,0.1985,0.1985,1.3378,1.3378,0.4004
2.336,-2.7362,0.3043,-0.0602,-8.7721,0.1951,0.1985,1.3714,1.3714,0.4007
2.341,-2.7367,0.3043,-0.0601,-8.6909,0.1951,0.1951,1.3714,1.3714,0.4011
2.345,-2.7371,0.3043,-0.0600,-8.6278,0.1951,0.1951,1.3714,1.3714,0.4014
2.349,-2.7375,0.3043,-0.0600,-8.5565,0.1951,0.1951,1.3714,1.3714,0.4017
2.353,-2.7591,0.2830,-0.0599,-8.4977,0.1911,0.1951,1.3862,1.3862,0.4020
2.358,-2.7597,0.2830,-0.0599,-8.4079,0.1911,0.1911,1.3862,1.3862,0.4023
2.367,-2.7604,0.2830,-0.0598,-8.2747,0.1911,0.1911,1.3862,1.3862,0.4027
2.370,-2.7608,0.2830,-0.0597,-8.2135,0.1911,0.1911,1.3862,1.3862,0.4033
2.374,-2.7964,0.2477,-0.0597,-8.1578,0.1868,0.1911,1.3937,1.3937,0.4036
2.379,-2.7705,0.2477,-0.0597,-8.0894,0.1868,0.1868,1.3937,1.3937,0.4039
2.383,-2.6988,0.2477,-0.0596,-8.0252,0.1868,0.1868,1.3937,1.3937,0.4042
2.387,-2.6361,0.2477,-0.0596,-7.9697,0.1868,0.1868,1.3937,1.3937,0.4045
2.390,-2.5791,0.2477,-0.0595,-7.9195,0.1868,0.1868,1.3937,1.3937,0.4048
2.394,-2.5487,0.2154,-0.0595,-7.8696,0.1824,0.1868,1.3967,1.3967,0.4050
2.399,-2.4735,0.2154,-0.0595,-7.8051,0.1824,0.1824,1.3967,1.3967,0.4053
2.403,-2.4138,0.2154,-0.0594,-7.7545,0.1824,0.1824,1.3967,1.3967,0.4057
2.407,-2.3561,0.2154,-0.0594,-7.7062,0.1824,0.1824,1.3967,1.3967,0.4060
2.411,-2.3021,0.2154,-0.0594,-7.6616,0.1824,0.1824,1.3967,1.3967,0.4062
2.415,-2.2789,0.1858,-0.0593,-7.6230,0.1778,0.1824,1.3951,1.3951,0.4065
2.419,-2.2192,0.1858,-0.0593,-7.5749,0.1778,0.1778,1.3951,1.3951,0.4068
2.423,-2.1736,0.1858,-0.0593,-7.5386,0.1778,0.1778,1.3951,1.3951,0.4071
2.426,-2.1305,0.1858,-0.0593,-7.5047,0.1778,0.1778,1.3951,1.3951,0.4073
2.429,-2.0882,0.1858,-0.0592,-7.4718,0.1778,0.1778,1.3951,1.3951,0.4075
2.433,-2.0677,0.1588,-0.0592,-7.4400,0.1731,0.1778,1.3893,1.3893,0.4078
2.437,-2.0182,0.1588,-0.0592,-7.4027,0.1731,0.1731,1.3893,1.3893,0.4080
2.441,-1.9739,0.1588,-0.0592,-7.3697,0.1731,0.1731,1.3893,1.3893,0.4083
2.448,-1.8864,0.1588,-0.0592,-7.3064,0.1731,0.1731,1.3893,1.3893,0.4085
2.454,-1.8480,0.1353,-0.0591,-7.2689,0.1670,0.1731,1.3353,1.3353,0.4090
2.458,-1.8031,0.1353,-0.0591,-7.2379,0.1670,0.1670,1.3353,1.3353,0.4094
2.461,-1.7674,0.1353,-0.0591,-7.2136,0.1670,0.1670,1.3353,1.3353,0.4096
2.466,-1.7141,0.1353,-0.0591,-7.1783,0.1670,0.1670,1.3353,1.3353,0.4098
2.473,-1.6591,0.1140,-0.0591,-7.1359,0.1607,0.1670,1.2720,1.2720,0.4102
2.477,-1.6183,0.1140,-0.0591,-7.1105,0.1607,0.1607,1.2720,1.2720,0.4106
2.481,-1.5816,0.1140,-0.0591,-7.0881,0.1607,0.1607,1.2720,1.2720,0.4108
2.485,-1.5442,0.1140,-0.0590,-7.0659,0.1607,0.1607,1.2720,1.2720,0.4111
2.489,-1.5102,0.1140,-0.0590,-7.0461,0.1607,0.1607,1.2720,1.2720,0.4113
2.492,-1.4809,0.1140,-0.0590,-7.0295,0.1607,0.1607,1.2720,1.2720,0.4115
2.495,-1.4713,0.0947,-0.0590,-7.0196,0.1544,0.1607,1.2074,1.2074,0.4117
2.500,-1.4333,0.0947,-0.0590,-6.9992,0.1544,0.1544,1.2074,1.2074,0.4119
2.503,-1.4029,0.0947,-0.0590,-6.9833,0.1544,0.1544,1.2074,1.2074,0.4121
2.507,-1.3753,0.0947,-0.0590,-6.9692,0.1544,0.1544,1.2074,1.2074,0.4123
2.510,-1.3486,0.0947,-0.0590,-6.9559,0.1544,0.1544,1.2074,1.2074,0.4125
2.513,-1.3403,0.0770,-0.0590,-6.9495,0.1483,0.1544,1.1416,1.1416,0.4127
2.517,-1.3052,0.0770,-0.0590,-6.9333,0.1483,0.1483,1.1416,1.1416,0.4128
2.521,-1.2767,0.0770,-0.0590,-6.9205,0.1483,0.1483,1.1416,1.1416,0.4131
2.525,-1.2485,0.0770,-0.0590,-6.9083,0.1483,0.1483,1.1416,1.1416,0.4132
2.528,-1.2221,0.0770,-0.0590,-6.8973,0.1483,0.1483,1.1416,1.1416,0.4134
2.532,-1.1952,0.0770,-0.0590,-6.8866,0.1483,0.1483,1.1416,1.1416,0.4136
2.536,-1.1849,0.0610,-0.0590,-6.8827,0.1422,0.1483,1.0746,1.0746,0.4138
2.540,-1.1568,0.0610,-0.0590,-6.8725,0.1422,0.1422,1.0746,1.0746,0.4140
2.543,-1.1327,0.0610,-0.0590,-6.8642,0.1422,0.1422,1.0746,1.0746,0.4141
2.547,-1.1099,0.0610,-0.0590,-6.8566,0.1422,0.1422,1.0746,1.0746,0.4143
2.551,-1.0847,0.0610,-0.0590,-6.8488,0.1422,0.1422,1.0746,1.0746,0.4145
2.554,-1.0771,0.0465,-0.0590,-6.8483,0.1361,0.1422,1.0067,1.0067,0.4146
2.558,-1.0521,0.0465,-0.0590,-6.8415,0.1361,0.1361,1.0067,1.0067,0.4148
2.561,-1.0324,0.0465,-0.0590,-6.8364,0.1361,0.1361,1.0067,1.0067,0.4149
2.565,-1.0092,0.0465,-0.0590,-6.8309,0.1361,0.1361,1.0067,1.0067,0.4151
2.569,-0.9874,0.0465,-0.0590,-6.8261,0.1361,0.1361,1.0067,1.0067,0.4152
2.572,-0.9674,0.0465,-0.0591,-6.8221,0.1361,0.1361,1.0067,1.0067,0.4154
2.576,-0.9554,0.0333,-0.0591,-6.8235,0.1302,0.1361,0.9380,0.9380,0.4155
2.585,-0.9095,0.0333,-0.0591,-6.8173,0.1302,0.1302,0.9380,0.9380,0.4157
2.588,-0.8910,0.0333,-0.0591,-6.8152,0.1302,0.1302,0.9380,0.9380,0.4160
2.592,-0.8726,0.0333,-0.0591,-6.8134,0.1302,0.1302,0.9380,0.9380,0.4161
2.601,-0.8384,0.0214,-0.0591,-6.8172,0.1243,0.1302,0.8685,0.8685,0.4162
2.606,-0.8132,0.0214,-0.0592,-6.8168,0.1243,0.1243,0.8685,0.8685,0.4165
2.609,-0.7978,0.0214,-0.0592,-6.8168,0.1243,0.1243,0.8685,0.8685,0.4167
2.613,-0.7894,0.0106,-0.0592,-6.8231,0.1185,0.1243,0.7984,0.7984,0.4168
2.618,-0.7681,0.0106,-0.0592,-6.8243,0.1185,0.1185,0.7984,0.7984,0.4169
2.622,-0.7531,0.0106,-0.0592,-6.8254,0.1185,0.1185,0.7984,0.7984,0.4171
2.625,-0.7387,0.0106,-0.0592,-6.8267,0.1185,0.1185,0.7984,0.7984,0.4172
2.628,-0.7245,0.0106,-0.0592,-6.8284,0.1185,0.1185,0.7984,0.7984,0.4173
2.632,-0.7095,0.0106,-0.0592,-6.8304,0.1185,0.1185,0.7984,0.7984,0.4174
2.635,-0.7054,0.0000,-0.0593,-6.8384,0.1129,0.1185,0.7277,0.7277,0.4175
2.639,-0.6896,0.0000,-0.0593,-6.8412,0.1129,0.1129,0.7277,0.7277,0.4176
2.643,-0.6769,0.0000,-0.0593,-6.8438,0.1129,0.1129,0.7277,0.7277,0.4177
2.646,-0.6643,0.0000,-0.0593,-6.8466,0.1129,0.1129,0.7277,0.7277,0.4177
2.650,-0.6502,0.0000,-0.0593,-6.8500,0.1129,0.1129,0.7277,0.7277,0.4178
2.654,-0.6361,0.0000,-0.0593,-6.8593,0.1073,0.1129,0.6563,0.6563,0.4179
2.658,-0.6200,0.0000,-0.0593,-6.8640,0.1073,0.1073,0.6563,0.6563,0.4180
2.661,-0.6082,0.0000,-0.0593,-6.8677,0.1073,0.1073,0.6563,0.6563,0.4181
2.665,-0.5949,0.0000,-0.0594,-6.8721,0.1073,0.1073,0.6563,0.6563,0.4182
2.669,-0.5823,0.0000,-0.0594,-6.8767,0.1073,0.1073,0.6563,0.6563,0.4182
2.672,-0.5709,0.0000,-0.0594,-6.8810,0.1073,0.1073,0.6563,0.6563,0.4183
2.676,-0.5589,0.0000,-0.0594,-6.8912,0.1019,0.1073,0.5843,0.5843,0.4184
2.681,-0.5420,0.0000,-0.0594,-6.8985,0.1019,0.1019,0.5843,0.5843,0.4184
2.689,-0.5189,0.0000,-0.0594,-6.9094,0.1019,0.1019,0.5843,0.5843,0.4185
2.692,-0.5086,0.0000,-0.0594,-6.9144,0.1019,0.1019,0.5843,0.5843,0.4187
2.696,-0.4988,0.0000,-0.0594,-6.9250,0.0964,0.1019,0.4907,0.4907,0.4187
2.700,-0.4858,0.0000,-0.0595,-6.9320,0.0964,0.0964,0.4907,0.4907,0.4188
2.704,-0.4754,0.0000,-0.0595,-6.9378,0.0964,0.0964,0.4907,0.4907,0.4188
2.708,-0.4643,0.0000,-0.0595,-6.9442,0.0964,0.0964,0.4907,0.4907,0.4189
2.712,-0.4545,0.0000,-0.0595,-6.9501,0.0964,0.0964,0.4907,0.4907,0.4189
2.716,-0.4430,0.0000,-0.0595,-6.9613,0.0911,0.0964,0.3960,0.3960,0.4189
2.721,-0.4307,0.0000,-0.0595,-6.9627,0.0911,0.0911,0.3960,0.3960,0.4190
2.725,-0.4216,0.0000,-0.0595,-6.9607,0.0911,0.0911,0.3960,0.3960,0.4190
2.728,-0.4135,0.0000,-0.0595,-6.9562,0.0911,0.0911,0.3960,0.3960,0.4190
2.732,-0.4045,0.0000,-0.0595,-6.9477,0.0911,0.0911,0.3960,0.3960,0.4191
2.736,-0.3963,0.0000,-0.0596,-6.9419,0.0859,0.0911,0.3038,0.3038,0.4191
2.740,-0.3874,0.0000,-0.0596,-6.9261,0.0859,0.0859,0.3038,0.3038,0.4191
2.743,-0.3798,0.0000,-0.0596,-6.9089,0.0859,0.0859,0.3038,0.3038,0.4191
2.751,-0.3619,0.0000,-0.0596,-6.8483,0.0859,0.0859,0.3038,0.3038,0.4191
2.756,-0.3528,0.0000,-0.0596,-6.8159,0.0809,0.0859,0.2148,0.2148,0.4191
2.760,-0.3449,0.0000,-0.0596,-6.7787,0.0809,0.0809,0.2148,0.2148,0.4191
2.763,-0.3384,0.0000,-0.0596,-6.7446,0.0809,0.0809,0.2148,0.2148,0.4191
2.767,-0.3309,0.0000,-0.0596,-6.7017,0.0809,0.0809,0.2148,0.2148,0.4191
2.771,-0.3240,0.0000,-0.0597,-6.6600,0.0809,0.0809,0.2148,0.2148,0.4191
2.774,-0.3179,0.0000,-0.0597,-6.6265,0.0761,0.0809,0.1291,0.1291,0.4191
2.778,-0.3104,0.0000,-0.0597,-6.5773,0.0761,0.0761,0.1291,0.1291,0.4191
2.783,-0.3015,0.0000,-0.0597,-6.5156,0.0761,0.0761,0.1291,0.1291,0.4190
2.788,-0.2931,0.0000,-0.0597,-6.4541,0.0761,0.0761,0.1291,0.1291,0.4190
2.795,-0.2809,0.0000,-0.0597,-6.3647,0.0714,0.0761,0.0189,0.0189,0.4190
2.800,-0.2732,0.0000,-0.0597,-6.3025,0.0714,0.0714,0.0189,0.0189,0.4189
2.803,-0.2679,0.0000,-0.0597,-6.2587,0.0714,0.0714,0.0189,0.0189,0.4188
2.807,-0.2628,0.0000,-0.0598,-6.2159,0.0714,0.0714,0.0189,0.0189,0.4188
2.810,-0.2576,0.0000,-0.0598,-6.1713,0.0714,0.0714,0.0189,0.0189,0.4187
2.814,-0.2525,0.0000,-0.0598,-6.1304,0.0668,0.0714,-0.0894,-0.0894,0.4187
2.818,-0.2460,0.0000,-0.0598,-6.0714,0.0668,0.0668,-0.0894,-0.0894,0.4186
2.821,-0.2413,0.0000,-0.0598,-6.0276,0.0668,0.0668,-0.0894,-0.0894,0.4185
2.825,-0.2368,0.0000,-0.0598,-5.9853,0.0668,0.0668,-0.0894,-0.0894,0.4185
2.828,-0.2325,0.0000,-0.0598,-5.9429,0.0668,0.0668,-0.0894,-0.0894,0.4184
2.832,-0.2272,0.0000,-0.0598,-5.8911,0.0668,0.0668,-0.0894,-0.0894,0.4184
2.835,-0.2226,0.0000,-0.0598,-5.8493,0.0624,0.0668,-0.1694,-0.1694,0.4183
2.839,-0.2177,0.0000,-0.0598,-5.7987,0.0624,0.0624,-0.1694,-0.1694,0.4182
2.843,-0.2135,0.0000,-0.0598,-5.7553,0.0624,0.0624,-0.1694,-0.1694,0.4182
2.846,-0.2092,0.0000,-0.0599,-5.7096,0.0624,0.0624,-0.1694,-0.1694,0.4181
2.851,-0.2038,0.0000,-0.0599,-5.6514,0.0624,0.0624,-0.1694,-0.1694,0.4180
2.855,-0.1990,0.0000,-0.0599,-5.6030,0.0581,0.0624,-0.2409,-0.2409,0.4179
2.859,-0.1938,0.0000,-0.0599,-5.5442,0.0581,0.0581,-0.2409,-0.2409,0.4178
2.863,-0.1893,0.0000,-0.0599,-5.4929,0.0581,0.0581,-0.2409,-0.2409,0.4177
2.868,-0.1843,0.0000,-0.0599,-5.4353,0.0581,0.0581,-0.2409,-0.2409,0.4176
2.872,-0.1803,0.0000,-0.0599,-5.3882,0.0581,0.0581,-0.2409,-0.2409,0.4175
2.876,-0.1761,0.0000,-0.0599,-5.3426,0.0538,0.0581,-0.3077,-0.3077,0.4174
2.880,-0.1720,0.0000,-0.0599,-5.2918,0.0538,0.0538,-0.3077,-0.3077,0.4173
2.884,-0.1682,0.0000,-0.0599,-5.2458,0.0538,0.0538,-0.3077,-0.3077,0.4172
2.887,-0.1649,0.0000,-0.0600,-5.2045,0.0538,0.0538,-0.3077,-0.3077,0.4171
2.892,-0.1606,0.0000,-0.0600,-5.1509,0.0538,0.0538,-0.3077,-0.3077,0.4170
2.899,-0.1536,0.0000,-0.0600,-5.0647,0.0497,0.0538,-0.3691,-0.3691,0.4169
2.907,-0.1464,0.0000,-0.0600,-4.9692,0.0497,0.0497,-0.3691,-0.3691,0.4167
2.912,-0.1426,0.0000,-0.0600,-4.9196,0.0497,0.0497,-0.3691,-0.3691,0.4165
2.915,-0.1396,0.0000,-0.0600,-4.8828,0.0456,0.0497,-0.4255,-0.4255,0.4163
2.920,-0.1363,0.0000,-0.0600,-4.8376,0.0456,0.0456,-0.4255,-0.4255,0.4162
2.923,-0.1333,0.0000,-0.0600,-4.7972,0.0456,0.0456,-0.4255,-0.4255,0.4161
2.927,-0.1305,0.0000,-0.0600,-4.7578,0.0456,0.0456,-0.4255,-0.4255,0.4160
2.931,-0.1277,0.0000,-0.0601,-4.7189,0.0456,0.0456,-0.4255,-0.4255,0.4159
2.934,-0.1249,0.0000,-0.0601,-4.6832,0.0416,0.0456,-0.4768,-0.4768,0.4157
2.938,-0.1220,0.0000,-0.0601,-4.6422,0.0416,0.0416,-0.4768,-0.4768,0.4156
2.942,-0.1196,0.0000,-0.0601,-4.6083,0.0416,0.0416,-0.4768,-0.4768,0.4155
2.945,-0.1174,0.0000,-0.0601,-4.5757,0.0416,0.0416,-0.4768,-0.4768,0.4154
2.949,-0.1149,0.0000,-0.0601,-4.5396,0.0416,0.0416,-0.4768,-0.4768,0.4153
2.953,-0.1124,0.0000,-0.0601,-4.5071,0.0376,0.0416,-0.5233,-0.5233,0.4151
2.957,-0.1092,0.0000,-0.0601,-4.4598,0.0376,0.0376,-0.5233,-0.5233,0.4150
2.961,-0.1071,0.0000,-0.0601,-4.4287,0.0376,0.0376,-0.5233,-0.5233,0.4148
2.964,-0.1049,0.0000,-0.0601,-4.3965,0.0376,0.0376,-0.5233,-0.5233,0.4147
2.968,-0.1026,0.0000,-0.0601,-4.3614,0.0376,0.0376,-0.5233,-0.5233,0.4146
2.972,-0.1001,0.0000,-0.0601,-4.3239,0.0376,0.0376,-0.5233,-0.5233,0.4145
2.977,-0.0975,0.0000,-0.0602,-4.2870,0.0336,0.0376,-0.5650,-0.5650,0.4143
2.981,-0.0950,0.0000,-0.0602,-4.2499,0.0336,0.0336,-0.5650,-0.5650,0.4142
2.985,-0.0929,0.0000,-0.0602,-4.2164,0.0336,0.0336,-0.5650,-0.5650,0.4140
2.989,-0.0911,0.0000,-0.0602,-4.1884,0.0336,0.0336,-0.5650,-0.5650,0.4139
2.992,-0.0893,0.0000,-0.0602,-4.1611,0.0336,0.0336,-0.5650,-0.5650,0.4137
2.995,-0.1013,-0.0138,-0.0602,-4.1372,0.0297,0.0336,-0.6018,-0.6018,0.4136
3.001,-0.0985,-0.0138,-0.0602,-4.0931,0.0297,0.0297,-0.6018,-0.6018,0.4135
3.008,-0.0950,-0.0138,-0.0602,-4.0374,0.0297,0.0297,-0.6018,-0.6018,0.4133
3.011,-0.0934,-0.0138,-0.0602,-4.0120,0.0297,0.0297,-0.6018,-0.6018,0.4130
3.015,-0.1241,-0.0462,-0.0602,-3.9897,0.0251,0.0297,-0.5788,-0.5788,0.4129
3.019,-0.1221,-0.0462,-0.0602,-3.9585,0.0251,0.0251,-0.5788,-0.5788,0.4128
3.023,-0.1207,-0.0462,-0.0603,-3.9351,0.0251,0.0251,-0.5788,-0.5788,0.4126
3.026,-0.1193,-0.0462,-0.0603,-3.9122,0.0251,0.0251,-0.5788,-0.5788,0.4125
3.029,-0.1179,-0.0462,-0.0603,-3.8903,0.0251,0.0251,-0.5788,-0.5788,0.4124
3.033,-0.1664,-0.0963,-0.0603,-3.8695,0.0205,0.0251,-0.5527,-0.5527,0.4123
3.037,-0.1648,-0.0963,-0.0603,-3.8432,0.0205,0.0205,-0.5527,-0.5527,0.4121
3.040,-0.1634,-0.0963,-0.0603,-3.8218,0.0205,0.0205,-0.5527,-0.5527,0.4120
3.044,-0.1621,-0.0963,-0.0604,-3.8006,0.0205,0.0205,-0.5527,-0.5527,0.4119
3.048,-0.1607,-0.0963,-0.0604,-3.7779,0.0205,0.0205,-0.5527,-0.5527,0.4118
3.052,-0.1589,-0.0963,-0.0604,-3.7491,0.0205,0.0205,-0.5527,-0.5527,0.4117
3.060,-0.2203,-0.1603,-0.0604,-3.7098,0.0162,0.0205,-0.5408,-0.5408,0.4115
3.066,-0.2179,-0.1603,-0.0605,-3.6723,0.0162,0.0162,-0.5408,-0.5408,0.4113
3.071,-0.2164,-0.1603,-0.0606,-3.6480,0.0162,0.0162,-0.5408,-0.5408,0.4111
3.075,-0.3008,-0.2460,-0.0606,-3.6319,0.0120,0.0162,-0.5291,-0.5291,0.4109
3.079,-0.2994,-0.2460,-0.0607,-3.6106,0.0120,0.0120,-0.5291,-0.5291,0.4108
3.083,-0.2982,-0.2460,-0.0607,-3.5902,0.0120,0.0120,-0.5291,-0.5291,0.4107
3.096,-0.3692,-0.3209,-0.0608,-3.5410,0.0000,0.0120,-0.5149,-0.5149,0.4105
3.105,-0.3666,-0.3209,-0.0610,-3.5012,0.0000,0.0000,-0.5149,-0.5149,0.4102
3.114,-0.4088,-0.3654,-0.0612,-3.4665,0.0000,0.0000,-0.4983,-0.4983,0.4099
3.119,-0.4075,-0.3654,-0.0613,-3.4464,0.0000,0.0000,-0.4983,-0.4983,0.4097
3.123,-0.4066,-0.3654,-0.0614,-3.4324,0.0000,0.0000,-0.4983,-0.4983,0.4095
3.127,-0.4056,-0.3654,-0.0615,-3.4187,0.0000,0.0000,-0.4983,-0.4983,0.4094
3.131,-0.4047,-0.3654,-0.0616,-3.4055,0.0000,0.0000,-0.4983,-0.4983,0.4093
3.135,-0.4244,-0.3860,-0.0617,-3.3933,0.0000,0.0000,-0.4797,-0.4797,0.4092
3.138,-0.4236,-0.3860,-0.0617,-3.3812,0.0000,0.0000,-0.4797,-0.4797,0.4091
3.142,-0.4227,-0.3860,-0.0618,-3.3696,0.0000,0.0000,-0.4797,-0.4797,0.4090
3.146,-0.4219,-0.3860,-0.0619,-3.3587,0.0000,0.0000,-0.4797,-0.4797,0.4089
3.150,-0.4211,-0.3860,-0.0620,-3.3481,0.0000,0.0000,-0.4797,-0.4797,0.4088
3.153,-0.4161,-0.3817,-0.0620,-3.3385,0.0000,0.0000,-0.4590,-0.4590,0.4087
3.158,-0.4153,-0.3817,-0.0621,-3.3276,0.0000,0.0000,-0.4590,-0.4590,0.4086
3.161,-0.4146,-0.3817,-0.0622,-3.3193,0.0000,0.0000,-0.4590,-0.4590,0.4085
3.164,-0.4139,-0.3817,-0.0622,-3.3110,0.0000,0.0000,-0.4590,-0.4590,0.4084
3.168,-0.4132,-0.3817,-0.0623,-3.3027,0.0000,0.0000,-0.4590,-0.4590,0.4083
3.172,-0.4126,-0.3817,-0.0624,-3.2954,0.0000,0.0000,-0.4590,-0.4590,0.4082
3.175,-0.3874,-0.3571,-0.0624,-3.2887,0.0000,0.0000,-0.4485,-0.4485,0.4081
3.179,-0.3867,-0.3571,-0.0625,-3.2814,0.0000,0.0000,-0.4485,-0.4485,0.4081
3.182,-0.3861,-0.3571,-0.0626,-3.2747,0.0000,0.0000,-0.4485,-0.4485,0.4080
3.186,-0.3855,-0.3571,-0.0626,-3.2687,0.0000,0.0000,-0.4485,-0.4485,0.4079
3.189,-0.3849,-0.3571,-0.0627,-3.2632,0.0000,0.0000,-0.4485,-0.4485,0.4078
3.193,-0.3490,-0.3217,-0.0628,-3.2583,0.0000,0.0000,-0.3914,-0.3914,0.4077
3.196,-0.3484,-0.3217,-0.0628,-3.2531,0.0000,0.0000,-0.3914,-0.3914,0.4077
3.200,-0.3478,-0.3217,-0.0629,-3.2481,0.0000,0.0000,-0.3914,-0.3914,0.4076
3.204,-0.3471,-0.3217,-0.0629,-3.2433,0.0000,0.0000,-0.3914,-0.3914,0.4075
3.214,-0.3127,-0.2887,-0.0630,-3.2344,0.0000,0.0000,-0.3231,-0.3231,0.4074
3.224,-0.3113,-0.2887,-0.0631,-3.2282,0.0000,0.0000,-0.3231,-0.3231,0.4073
3.229,-0.3107,-0.2887,-0.0633,-3.2262,0.0000,0.0000,-0.3231,-0.3231,0.4071
3.232,-0.3102,-0.2887,-0.0633,-3.2249,0.0000,0.0000,-0.3231,-0.3231,0.4070
3.236,-0.2792,-0.2581,-0.0634,-3.2240,0.0000,0.0000,-0.2560,-0.2560,0.4069
3.240,-0.2787,-0.2581,-0.0634,-3.2235,0.0000,0.0000,-0.2560,-0.2560,0.4069
3.243,-0.2783,-0.2581,-0.0634,-3.2234,0.0000,0.0000,-0.2560,-0.2560,0.4069
3.246,-0.2779,-0.2581,-0.0635,-3.2236,0.0000,0.0000,-0.2560,-0.2560,0.4068
3.250,-0.2775,-0.2581,-0.0635,-3.2242,0.0000,0.0000,-0.2560,-0.2560,0.4068
3.254,-0.2484,-0.2294,-0.0636,-3.2252,0.0000,0.0000,-0.1674,-0.1674,0.4067
3.257,-0.2480,-0.2294,-0.0636,-3.2268,0.0000,0.0000,-0.1674,-0.1674,0.4067
3.261,-0.2476,-0.2294,-0.0636,-3.2284,0.0000,0.0000,-0.1674,-0.1674,0.4067
3.264,-0.2473,-0.2294,-0.0637,-3.2304,0.0000,0.0000,-0.1674,-0.1674,0.4066
3.268,-0.2468,-0.2294,-0.0637,-3.2333,0.0000,0.0000,-0.1674,-0.1674,0.4066
3.271,-0.2465,-0.2294,-0.0637,-3.2359,0.0000,0.0000,-0.1674,-0.1674,0.4066
3.275,-0.2195,-0.2027,-0.0638,-3.2390,0.0000,0.0000,-0.0771,-0.0771,0.4065
3.279,-0.2191,-0.2027,-0.0638,-3.2431,0.0000,0.0000,-0.0771,-0.0771,0.4065
3.283,-0.2187,-0.2027,-0.0638,-3.2475,0.0000,0.0000,-0.0771,-0.0771,0.4065
3.286,-0.2184,-0.2027,-0.0639,-3.2519,0.0000,0.0000,-0.0771,-0.0771,0.4065
3.289,-0.2181,-0.2027,-0.0639,-3.2565,0.0000,0.0000,-0.0771,-0.0771,0.4065
3.293,-0.1929,-0.1779,-0.0639,-3.2616,0.0000,0.0000,0.0091,0.0091,0.4065
3.297,-0.1926,-0.1779,-0.0640,-3.2680,0.0000,0.0000,0.0091,0.0091,0.4065
3.301,-0.1923,-0.1779,-0.0640,-3.2745,0.0000,0.0000,0.0091,0.0091,0.4065
3.304,-0.1920,-0.1779,-0.0640,-3.2805,0.0000,0.0000,0.0091,0.0091,0.4065
3.307,-0.1917,-0.1779,-0.0640,-3.2870,0.0000,0.0000,0.0091,0.0091,0.4065
3.311,-0.1914,-0.1779,-0.0641,-3.2939,0.0000,0.0000,0.0091,0.0091,0.4065
3.314,-0.1681,-0.1549,-0.0641,-3.3017,0.0000,0.0000,0.0909,0.0909,0.4065
3.319,-0.1678,-0.1549,-0.0641,-3.3117,0.0000,0.0000,0.0909,0.0909,0.4065
3.323,-0.1674,-0.1549,-0.0641,-3.3225,0.0000,0.0000,0.0909,0.0909,0.4065
3.330,-0.1669,-0.1549,-0.0641,-3.3413,0.0000,0.0000,0.0909,0.0909,0.4065
3.334,-0.1453,-0.1335,-0.0642,-3.3524,0.0000,0.0000,0.1676,0.1676,0.4066
3.338,-0.1450,-0.1335,-0.0642,-3.3644,0.0000,0.0000,0.1676,0.1676,0.4066
3.341,-0.1448,-0.1335,-0.0642,-3.3745,0.0000,0.0000,0.1676,0.1676,0.4066
3.345,-0.1446,-0.1335,-0.0642,-3.3854,0.0000,0.0000,0.1676,0.1676,0.4067
3.349,-0.1443,-0.1335,-0.0643,-3.3987,0.0000,0.0000,0.1676,0.1676,0.4067
3.353,-0.1243,-0.1138,-0.0643,-3.4138,0.0000,0.0000,0.2397,0.2397,0.4067
3.358,-0.1241,-0.1138,-0.0643,-3.4307,0.0000,0.0000,0.2397,0.2397,0.4068
3.366,-0.1236,-0.1138,-0.0643,-3.4636,0.0000,0.0000,0.2397,0.2397,0.4068
3.371,-0.1232,-0.1138,-0.0643,-3.4865,0.0000,0.0000,0.2397,0.2397,0.4069
3.375,-0.1048,-0.0956,-0.0644,-3.5028,0.0000,0.0000,0.3067,0.3067,0.4070
3.380,-0.1046,-0.0956,-0.0644,-3.5230,0.0000,0.0000,0.3067,0.3067,0.4070
3.384,-0.1044,-0.0956,-0.0644,-3.5428,0.0000,0.0000,0.3067,0.3067,0.4071
3.388,-0.1042,-0.0956,-0.0644,-3.5629,0.0000,0.0000,0.3067,0.3067,0.4072
3.392,-0.1040,-0.0956,-0.0644,-3.5823,0.0000,0.0000,0.3067,0.3067,0.4072
3.395,-0.0864,-0.0782,-0.0644,-3.6007,0.0000,0.0000,0.3963,0.3963,0.4073
3.400,-0.0861,-0.0782,-0.0644,-3.6237,0.0000,0.0000,0.3963,0.3963,0.4074
3.404,-0.0860,-0.0782,-0.0644,-3.6440,0.0000,0.0000,0.3963,0.3963,0.4074
3.407,-0.0858,-0.0782,-0.0644,-3.6646,0.0000,0.0000,0.3963,0.3963,0.4075
3.411,-0.0857,-0.0782,-0.0644,-3.6839,0.0000,0.0000,0.3963,0.3963,0.4076
3.414,-0.0693,-0.0620,-0.0644,-3.7039,0.0000,0.0000,0.4851,0.4851,0.4077
3.418,-0.0691,-0.0620,-0.0644,-3.7310,0.0000,0.0000,0.4851,0.4851,0.4077
3.422,-0.0690,-0.0620,-0.0644,-3.7521,0.0000,0.0000,0.4851,0.4851,0.4078
3.425,-0.0688,-0.0620,-0.0644,-3.7747,0.0000,0.0000,0.4851,0.4851,0.4079
3.429,-0.0687,-0.0620,-0.0644,-3.8036,0.0000,0.0000,0.4851,0.4851,0.4080
3.437,-0.0540,-0.0476,-0.0644,-3.8558,0.0000,0.0000,0.5464,0.5464,0.4081
3.441,-0.0538,-0.0476,-0.0644,-3.8905,0.0000,0.0000,0.5464,0.5464,0.4083
3.445,-0.0537,-0.0476,-0.0644,-3.9198,0.0000,0.0000,0.5464,0.5464,0.4084
3.449,-0.0535,-0.0476,-0.0644,-3.9519,0.0000,0.0000,0.5464,0.5464,0.4085
3.453,-0.0395,-0.0337,-0.0644,-3.9798,0.0000,0.0000,0.6317,0.6317,0.4086
3.457,-0.0394,-0.0337,-0.0644,-4.0127,0.0000,0.0000,0.6317,0.6317,0.4087
3.460,-0.0393,-0.0337,-0.0644,-4.0402,0.0000,0.0000,0.6317,0.6317,0.4088
3.464,-0.0392,-0.0337,-0.0644,-4.0678,0.0000,0.0000,0.6317,0.6317,0.4089
3.468,-0.0390,-0.0337,-0.0644,-4.1035,0.0000,0.0000,0.6317,0.6317,0.4090
3.471,-0.0389,-0.0337,-0.0644,-4.1362,0.0000,0.0000,0.6317,0.6317,0.4091
3.475,-0.0259,-0.0208,-0.0644,-4.1692,0.0000,0.0000,0.7216,0.7216,0.4092
3.479,-0.0257,-0.0208,-0.0643,-4.2057,0.0000,0.0000,0.7216,0.7216,0.4093
3.482,-0.0256,-0.0208,-0.0643,-4.2423,0.0000,0.0000,0.7216,0.7216,0.4095
3.486,-0.0255,-0.0208,-0.0643,-4.2795,0.0000,0.0000,0.7216,0.7216,0.4096
3.489,-0.0254,-0.0208,-0.0643,-4.3135,0.0000,0.0000,0.7216,0.7216,0.4097
3.493,-0.0046,0.0000,-0.0643,-4.3477,0.0000,0.0000,0.8017,0.8017,0.4098
3.497,-0.0045,0.0000,-0.0643,-4.3888,0.0000,0.0000,0.8017,0.8017,0.4100
3.500,-0.0044,0.0000,-0.0643,-4.4314,0.0000,0.0000,0.8017,0.8017,0.4101
3.504,-0.0043,0.0000,-0.0643,-4.4746,0.0000,0.0000,0.8017,0.8017,0.4102
3.508,-0.0042,0.0000,-0.0643,-4.5150,0.0000,0.0000,0.8017,0.8017,0.4104
3.515,-0.0040,0.0000,-0.0643,-4.6046,0.0000,0.0000,0.8716,0.8716,0.4105
3.521,-0.0039,0.0000,-0.0643,-4.6810,0.0000,0.0000,0.8716,0.8716,0.4108
3.525,-0.0038,0.0000,-0.0642,-4.7311,0.0000,0.0000,0.8716,0.8716,0.4110
3.528,-0.0037,0.0000,-0.0642,-4.7792,0.0000,0.0000,0.8716,0.8716,0.4112
3.533,-0.0036,0.0000,-0.0642,-4.8495,0.0000,0.0000,0.9313,0.9313,0.4113
3.541,-0.0034,0.0000,-0.0642,-4.9583,0.0000,0.0000,0.9313,0.9313,0.4115
3.544,-0.0034,0.0000,-0.0642,-5.0085,0.0000,0.0000,0.9313,0.9313,0.4118
3.548,-0.0033,0.0000,-0.0642,-5.0646,0.0000,0.0000,0.9313,0.9313,0.4120
3.552,-0.0032,0.0000,-0.0642,-5.1254,0.0000,0.0000,0.9313,0.9313,0.4121
3.555,-0.0031,0.0000,-0.0642,-5.1807,0.0000,0.0000,0.9798,0.9798,0.4123
3.559,-0.0031,0.0000,-0.0642,-5.2445,0.0000,0.0000,0.9798,0.9798,0.4124
3.562,-0.0030,0.0000,-0.0642,-5.3009,0.0000,0.0000,0.9798,0.9798,0.4126
3.566,-0.0029,0.0000,-0.0642,-5.3655,0.0000,0.0000,0.9798,0.9798,0.4127
3.570,-0.0029,0.0000,-0.0642,-5.4250,0.0000,0.0000,0.9798,0.9798,0.4129
3.573,-0.0028,0.0000,-0.0641,-5.4833,0.0000,0.0000,0.9285,0.9285,0.4130
3.577,-0.0028,0.0000,-0.0641,-5.5495,0.0000,0.0000,0.9285,0.9285,0.4132
3.580,-0.0027,0.0000,-0.0641,-5.6068,0.0000,0.0000,0.9285,0.9285,0.4133
3.584,-0.0026,0.0000,-0.0641,-5.6711,0.0000,0.0000,0.9285,0.9285,0.4134
3.588,-0.0026,0.0000,-0.0641,-5.7260,0.0000,0.0000,0.9285,0.9285,0.4136
3.591,-0.0025,0.0000,-0.0641,-5.7772,0.0000,0.0000,0.9285,0.9285,0.4137
3.594,-0.0025,0.0000,-0.0641,-5.8299,0.0000,0.0000,0.8671,0.8671,0.4139
3.599,-0.0024,0.0000,-0.0641,-5.8979,0.0000,0.0000,0.8671,0.8671,0.4140
3.603,-0.0024,0.0000,-0.0641,-5.9463,0.0000,0.0000,0.8671,0.8671,0.4142
3.606,-0.0023,0.0000,-0.0641,-5.9888,0.0000,0.0000,0.8671,0.8671,0.4143
3.609,-0.0023,0.0000,-0.0641,-6.0287,0.0000,0.0000,0.8671,0.8671,0.4144
3.613,-0.0022,0.0000,-0.0641,-6.0671,0.0000,0.0000,0.8013,0.8013,0.4145
3.617,-0.0022,0.0000,-0.0641,-6.1142,0.0000,0.0000,0.8013,0.8013,0.4146
3.621,-0.0021,0.0000,-0.0641,-6.1509,0.0000,0.0000,0.8013,0.8013,0.4148
3.624,-0.0021,0.0000,-0.0640,-6.1809,0.0000,0.0000,0.8013,0.8013,0.4149
3.628,-0.0020,0.0000,-0.0640,-6.2141,0.0000,0.0000,0.8013,0.8013,0.4150
3.632,-0.0020,0.0000,-0.0640,-6.2432,0.0000,0.0000,0.8013,0.8013,0.4151
3.636,-0.0019,0.0000,-0.0640,-6.2689,0.0000,0.0000,0.7533,0.7533,0.4152
3.640,-0.0019,0.0000,-0.0640,-6.2945,0.0000,0.0000,0.7533,0.7533,0.4153
3.645,-0.0018,0.0000,-0.0640,-6.3245,0.0000,0.0000,0.7533,0.7533,0.4154
3.653,-0.0018,0.0000,-0.0640,-6.3631,0.0000,0.0000,0.7306,0.7306,0.4156
3.658,-0.0017,0.0000,-0.0640,-6.3835,0.0000,0.0000,0.7306,0.7306,0.4158
3.665,-0.0016,0.0000,-0.0640,-6.4062,0.0000,0.0000,0.7306,0.7306,0.4159
3.671,-0.0016,0.0000,-0.0640,-6.4194,0.0000,0.0000,0.7306,0.7306,0.4161
3.675,-0.0015,0.0000,-0.0640,-6.4271,0.0000,0.0000,0.7063,0.7063,0.4163
3.678,-0.0015,0.0000,-0.0639,-6.4332,0.0000,0.0000,0.7063,0.7063,0.4164
3.682,-0.0015,0.0000,-0.0639,-6.4378,0.0000,0.0000,0.7063,0.7063,0.4165
3.686,-0.0014,0.0000,-0.0639,-6.4407,0.0000,0.0000,0.7063,0.7063,0.4166
3.689,-0.0014,0.0000,-0.0639,-6.4424,0.0000,0.0000,0.7063,0.7063,0.4167
3.692,-0.0014,0.0000,-0.0639,-6.4430,0.0000,0.0000,0.6726,0.6726,0.4167
3.696,-0.0014,0.0000,-0.0639,-6.4425,0.0000,0.0000,0.6726,0.6726,0.4168
3.700,-0.0013,0.0000,-0.0639,-6.4407,0.0000,0.0000,0.6726,0.6726,0.4169
3.703,-0.0013,0.0000,-0.0639,-6.4382,0.0000,0.0000,0.6726,0.6726,0.4170
3.707,-0.0013,0.0000,-0.0639,-6.4347,0.0000,0.0000,0.6726,0.6726,0.4171
3.711,-0.0012,0.0000,-0.0639,-6.4298,0.0000,0.0000,0.6726,0.6726,0.4171
3.714,-0.0012,0.0000,-0.0639,-6.4359,-0.0120,0.0000,0.7057,0.7057,0.4172
3.719,-0.0012,0.0000,-0.0639,-6.4277,-0.0120,0.0000,0.7057,0.7057,0.4173
3.723,-0.0011,0.0000,-0.0639,-6.4181,-0.0120,0.0000,0.7057,0.7057,0.4174
3.727,-0.0011,0.0000,-0.0639,-6.4077,-0.0120,0.0000,0.7057,0.7057,0.4175
3.732,-0.0011,0.0000,-0.0639,-6.3961,-0.0120,0.0000,0.7057,0.7057,0.4176
3.737,-0.0011,0.0000,-0.0638,-6.3884,-0.0194,0.0000,0.6497,0.6497,0.4177
3.742,-0.0010,0.0000,-0.0638,-6.3701,-0.0194,0.0000,0.6497,0.6497,0.4178
3.745,-0.0010,0.0000,-0.0638,-6.3585,-0.0194,0.0000,0.6497,0.6497,0.4179
3.749,-0.0010,0.0000,-0.0638,-6.3454,-0.0194,0.0000,0.6497,0.6497,0.4180
3.754,-0.0010,0.0000,-0.0638,-6.3376,-0.0318,0.0000,0.6680,0.6680,0.4181
3.762,-0.0009,0.0000,-0.0638,-6.3029,-0.0318,0.0000,0.6680,0.6680,0.4182
3.766,-0.0009,0.0000,-0.0638,-6.2861,-0.0318,0.0000,0.6680,0.6680,0.4184
3.770,-0.0009,0.0000,-0.0638,-6.2696,-0.0318,0.0000,0.6680,0.6680,0.4184
3.773,-0.0008,0.0000,-0.0638,-6.2648,-0.0429,0.0000,0.6649,0.6649,0.4185
3.777,-0.0008,0.0000,-0.0638,-6.2463,-0.0429,0.0000,0.6649,0.6649,0.4186
3.780,-0.0008,0.0000,-0.0638,-6.2295,-0.0429,0.0000,0.6649,0.6649,0.4187
3.784,-0.0008,0.0000,-0.0638,-6.2093,-0.0429,0.0000,0.6649,0.6649,0.4187
3.788,-0.0008,0.0000,-0.0638,-6.1919,-0.0429,0.0000,0.6649,0.6649,0.4188
3.791,-0.0008,0.0000,-0.0638,-6.1754,-0.0429,0.0000,0.6649,0.6649,0.4189
3.794,-0.0007,0.0000,-0.0637,-6.1572,-0.0418,0.0000,0.4947,0.4947,0.4190
3.799,-0.0007,0.0000,-0.0637,-6.1343,-0.0418,0.0000,0.4947,0.4947,0.4190
3.803,-0.0007,0.0000,-0.0637,-6.1130,-0.0418,0.0000,0.4947,0.4947,0.4190
3.806,-0.0007,0.0000,-0.0637,-6.0947,-0.0418,0.0000,0.4947,0.4947,0.4191
3.809,-0.0007,0.0000,-0.0637,-6.0746,-0.0418,0.0000,0.4947,0.4947,0.4191
3.819,-0.0006,0.0000,-0.0637,-6.0292,-0.0529,0.0000,0.4855,0.4855,0.4192
3.825,-0.0006,0.0000,-0.0637,-5.9932,-0.0529,0.0000,0.4855,0.4855,0.4193
3.829,-0.0006,0.0000,-0.0637,-5.9733,-0.0529,0.0000,0.4855,0.4855,0.4193
3.832,-0.0006,0.0000,-0.0637,-5.9504,-0.0529,0.0000,0.4855,0.4855,0.4194
3.836,-0.0006,0.0000,-0.0637,-5.9360,-0.0601,0.0000,0.4299,0.4299,0.4194
3.840,-0.0006,0.0000,-0.0637,-5.9129,-0.0601,0.0000,0.4299,0.4299,0.4194
3.843,-0.0006,0.0000,-0.0637,-5.8935,-0.0601,0.0000,0.4299,0.4299,0.4195
3.847,-0.0005,0.0000,-0.0637,-5.8732,-0.0601,0.0000,0.4299,0.4299,0.4195
3.851,-0.0005,0.0000,-0.0637,-5.8490,-0.0601,0.0000,0.4299,0.4299,0.4195
3.855,-0.0005,0.0000,-0.0637,-5.8213,-0.0590,0.0000,0.2767,0.2767,0.4196
3.861,-0.0005,0.0000,-0.0637,-5.7867,-0.0590,0.0000,0.2767,0.2767,0.4196
3.868,-0.0005,0.0000,-0.0636,-5.7416,-0.0590,0.0000,0.2767,0.2767,0.4196
3.871,-0.0005,0.0000,-0.0636,-5.7197,-0.0590,0.0000,0.2767,0.2767,0.4196
3.875,0.0140,0.0145,-0.0636,-5.6981,-0.0577,0.0000,0.1232,0.1232,0.4196
3.879,0.0140,0.0145,-0.0636,-5.6736,-0.0577,0.0000,0.1232,0.1232,0.4195
3.882,0.0140,0.0145,-0.0636,-5.6515,-0.0577,0.0000,0.1232,0.1232,0.4195
3.886,0.0140,0.0145,-0.0636,-5.6299,-0.0577,0.0000,0.1232,0.1232,0.4195
3.889,0.0140,0.0145,-0.0636,-5.6101,-0.0577,0.0000,0.1232,0.1232,0.4195
3.893,0.0493,0.0497,-0.0636,-5.5851,-0.0561,0.0000,-0.0300,-0.0300,0.4194
3.898,0.0493,0.0497,-0.0636,-5.5583,-0.0561,0.0000,-0.0300,-0.0300,0.4194
3.901,0.0493,0.0497,-0.0636,-5.5362,-0.0561,0.0000,-0.0300,-0.0300,0.4193
3.905,0.0494,0.0497,-0.0636,-5.5150,-0.0561,0.0000,-0.0300,-0.0300,0.4193
3.909,0.0494,0.0497,-0.0636,-5.4925,-0.0561,0.0000,-0.0300,-0.0300,0.4192
3.912,0.0494,0.0497,-0.0636,-5.4718,-0.0561,0.0000,-0.0300,-0.0300,0.4192
3.916,0.0970,0.0974,-0.0636,-5.4565,-0.0635,0.0000,-0.0779,-0.0779,0.4191
3.920,0.0970,0.0974,-0.0635,-5.4315,-0.0635,0.0000,-0.0779,-0.0779,0.4191
3.924,0.0970,0.0974,-0.0635,-5.4107,-0.0635,0.0000,-0.0779,-0.0779,0.4190
3.927,0.0971,0.0974,-0.0635,-5.3902,-0.0635,0.0000,-0.0779,-0.0779,0.4189
3.931,0.0971,0.0974,-0.0635,-5.3709,-0.0635,0.0000,-0.0779,-0.0779,0.4189
3.934,0.1657,0.1660,-0.0635,-5.3542,-0.0683,0.0000,-0.1492,-0.1492,0.4188
3.939,0.1657,0.1660,-0.0634,-5.3311,-0.0683,0.0000,-0.1492,-0.1492,0.4187
3.942,0.1657,0.1660,-0.0634,-5.3125,-0.0683,0.0000,-0.1492,-0.1492,0.4187
3.945,0.1657,0.1660,-0.0633,-5.2945,-0.0683,0.0000,-0.1492,-0.1492,0.4186
3.949,0.1657,0.1660,-0.0633,-5.2744,-0.0683,0.0000,-0.1492,-0.1492,0.4185
3.952,0.1657,0.1660,-0.0633,-5.2548,-0.0683,0.0000,-0.1492,-0.1492,0.4185
3.957,0.2480,0.2483,-0.0633,-5.2351,-0.0718,0.0000,-0.2283,-0.2283,0.4184
3.964,0.2481,0.2483,-0.0632,-5.1969,-0.0718,0.0000,-0.2283,-0.2283,0.4183
3.973,0.3462,0.3465,-0.0631,-5.1471,-0.0742,0.0000,-0.3133,-0.3133,0.4181
3.979,0.3463,0.3465,-0.0629,-5.1155,-0.0742,0.0000,-0.3133,-0.3133,0.4179
3.984,0.3463,0.3465,-0.0628,-5.0906,-0.0742,0.0000,-0.3133,-0.3133,0.4177
3.989,0.3463,0.3465,-0.0627,-5.0653,-0.0742,0.0000,-0.3133,-0.3133,0.4176
3.993,0.4524,0.4527,-0.0626,-5.0498,-0.0765,0.0000,-0.3956,-0.3956,0.4174
3.997,0.4524,0.4527,-0.0626,-5.0298,-0.0765,0.0000,-0.3956,-0.3956,0.4173
4.001,0.4524,0.4527,-0.0625,-5.0119,-0.0765,0.0000,-0.3956,-0.3956,0.4172
4.005,0.4524,0.4527,-0.0624,-4.9962,-0.0765,0.0000,-0.3956,-0.3956,0.4171
4.008,0.4525,0.4527,-0.0623,-4.9814,-0.0765,0.0000,-0.3956,-0.3956,0.4170
4.011,0.4525,0.4527,-0.0622,-4.9662,-0.0765,0.0000,-0.3956,-0.3956,0.4169
4.015,0.5396,0.5398,-0.0621,-4.9525,-0.0788,0.0000,-0.4743,-0.4743,0.4167
4.019,0.5396,0.5398,-0.0620,-4.9328,-0.0788,0.0000,-0.4743,-0.4743,0.4166
4.023,0.5397,0.5398,-0.0619,-4.9187,-0.0788,0.0000,-0.4743,-0.4743,0.4165
4.026,0.5397,0.5398,-0.0618,-4.9051,-0.0788,0.0000,-0.4743,-0.4743,0.4164
4.029,0.5397,0.5398,-0.0618,-4.8909,-0.0788,0.0000,-0.4743,-0.4743,0.4162
4.033,0.5945,0.5947,-0.0617,-4.8776,-0.0814,0.0000,-0.5486,-0.5486,0.4161
4.037,0.5945,0.5947,-0.0615,-4.8617,-0.0814,0.0000,-0.5486,-0.5486,0.4160
4.041,0.5945,0.5947,-0.0614,-4.8491,-0.0814,0.0000,-0.5486,-0.5486,0.4158
4.044,0.5945,0.5947,-0.0613,-4.8364,-0.0814,0.0000,-0.5486,-0.5486,0.4157
4.047,0.5945,0.5947,-0.0612,-4.8239,-0.0814,0.0000,-0.5486,-0.5486,0.4156
4.051,0.5945,0.5947,-0.0611,-4.8100,-0.0814,0.0000,-0.5486,-0.5486,0.4155
4.054,0.6234,0.6235,-0.0610,-4.8009,-0.0844,0.0000,-0.6180,-0.6180,0.4153
4.058,0.6234,0.6235,-0.0609,-4.7873,-0.0844,0.0000,-0.6180,-0.6180,0.4152
4.062,0.6234,0.6235,-0.0608,-4.7763,-0.0844,0.0000,-0.6180,-0.6180,0.4150
4.065,0.6234,0.6235,-0.0607,-4.7637,-0.0844,0.0000,-0.6180,-0.6180,0.4149
4.069,0.6234,0.6235,-0.0606,-4.7525,-0.0844,0.0000,-0.6180,-0.6180,0.4148
4.073,0.6257,0.6258,-0.0605,-4.7422,-0.0879,0.0000,-0.6818,-0.6818,0.4146
4.081,0.6257,0.6258,-0.0604,-4.7184,-0.0879,0.0000,-0.6818,-0.6818,0.4144
4.086,0.6257,0.6258,-0.0601,-4.7064,-0.0879,0.0000,-0.6818,-0.6818,0.4141
4.089,0.6257,0.6258,-0.0600,-4.6974,-0.0879,0.0000,-0.6818,-0.6818,0.4139
4.093,0.6062,0.6063,-0.0599,-4.6919,-0.0917,0.0000,-0.7391,-0.7391,0.4138
4.097,0.6062,0.6063,-0.0598,-4.6808,-0.0917,0.0000,-0.7391,-0.7391,0.4136
4.102,0.6062,0.6063,-0.0597,-4.6708,-0.0917,0.0000,-0.7391,-0.7391,0.4134
4.105,0.6062,0.6063,-0.0596,-4.6634,-0.0917,0.0000,-0.7391,-0.7391,0.4132
4.108,0.6062,0.6063,-0.0595,-4.6565,-0.0917,0.0000,-0.7391,-0.7391,0.4131
4.111,0.6062,0.6063,-0.0594,-4.6496,-0.0917,0.0000,-0.7391,-0.7391,0.4129
4.115,0.5666,0.5668,-0.0593,-4.6464,-0.0959,0.0000,-0.7900,-0.7900,0.4128
4.123,0.5667,0.5668,-0.0592,-4.6324,-0.0959,0.0000,-0.7900,-0.7900,0.4126
4.128,0.5667,0.5668,-0.0590,-4.6251,-0.0959,0.0000,-0.7900,-0.7900,0.4123
4.133,0.5133,0.5134,-0.0589,-4.6230,-0.1001,0.0000,-0.8380,-0.8380,0.4120
4.137,0.5133,0.5134,-0.0588,-4.6176,-0.1001,0.0000,-0.8380,-0.8380,0.4118
4.140,0.5133,0.5134,-0.0587,-4.6139,-0.1001,0.0000,-0.8380,-0.8380,0.4116
4.144,0.5133,0.5134,-0.0586,-4.6099,-0.1001,0.0000,-0.8380,-0.8380,0.4115
4.148,0.5133,0.5134,-0.0585,-4.6066,-0.1001,0.0000,-0.8380,-0.8380,0.4113
4.152,0.5133,0.5134,-0.0585,-4.6039,-0.1001,0.0000,-0.8380,-0.8380,0.4111
4.155,0.4637,0.4638,-0.0584,-4.6062,-0.1043,0.0000,-0.8797,-0.8797,0.4109
4.159,0.4637,0.4638,-0.0583,-4.6043,-0.1043,0.0000,-0.8797,-0.8797,0.4108
4.162,0.4637,0.4638,-0.0582,-4.6033,-0.1043,0.0000,-0.8797,-0.8797,0.4106
4.166,0.4637,0.4638,-0.0582,-4.6025,-0.1043,0.0000,-0.8797,-0.8797,0.4104
4.170,0.4637,0.4638,-0.0581,-4.6023,-0.1043,0.0000,-0.8797,-0.8797,0.4102
4.173,0.4227,0.4228,-0.0580,-4.6018,-0.1035,0.0000,-0.9848,-0.9848,0.4101
4.177,0.4227,0.4228,-0.0580,-4.6028,-0.1035,0.0000,-0.9848,-0.9848,0.4099
4.182,0.4227,0.4228,-0.0579,-4.6048,-0.1035,0.0000,-0.9848,-0.9848,0.4097
4.189,0.4227,0.4228,-0.0578,-4.6104,-0.1035,0.0000,-0.9848,-0.9848,0.4094
4.192,0.3854,0.3854,-0.0577,-4.6125,-0.1026,0.0000,-1.0905,-1.0905,0.4091
4.197,0.3854,0.3854,-0.0577,-4.6170,-0.1026,0.0000,-1.0905,-1.0905,0.4089
4.200,0.3854,0.3854,-0.0576,-4.6217,-0.1026,0.0000,-1.0905,-1.0905,0.4086
4.204,0.3854,0.3854,-0.0576,-4.6268,-0.1026,0.0000,-1.0905,-1.0905,0.4084
4.207,0.3854,0.3854,-0.0575,-4.6321,-0.1026,0.0000,-1.0905,-1.0905,0.4082
4.210,0.3854,0.3854,-0.0575,-4.6376,-0.1026,0.0000,-1.0905,-1.0905,0.4080
4.213,0.3505,0.3505,-0.0574,-4.6435,-0.1023,0.0000,-1.1847,-1.1847,0.4079
4.218,0.3505,0.3505,-0.0574,-4.6534,-0.1023,0.0000,-1.1847,-1.1847,0.4077
4.222,0.3505,0.3505,-0.0573,-4.6628,-0.1023,0.0000,-1.1847,-1.1847,0.4074
4.225,0.3505,0.3505,-0.0573,-4.6717,-0.1023,0.0000,-1.1847,-1.1847,0.4072
4.229,0.3505,0.3505,-0.0572,-4.6808,-0.1023,0.0000,-1.1847,-1.1847,0.4070
4.232,0.3505,0.3505,-0.0572,-4.6913,-0.1023,0.0000,-1.1847,-1.1847,0.4068
4.236,0.3176,0.3177,-0.0572,-4.7026,-0.1027,0.0000,-1.2661,-1.2661,0.4066
4.240,0.3176,0.3177,-0.0571,-4.7169,-0.1027,0.0000,-1.2661,-1.2661,0.4063
4.243,0.3176,0.3177,-0.0571,-4.7286,-0.1027,0.0000,-1.2661,-1.2661,0.4061
4.246,0.3176,0.3177,-0.0570,-4.7412,-0.1027,0.0000,-1.2661,-1.2661,0.4059
4.250,0.3176,0.3177,-0.0570,-4.7572,-0.1027,0.0000,-1.2661,-1.2661,0.4057
4.254,0.2895,0.2895,-0.0570,-4.7716,-0.1013,0.0000,-1.3714,-1.3714,0.4054
4.258,0.2895,0.2895,-0.0569,-4.7905,-0.1013,0.0000,-1.3714,-1.3714,0.4052
4.261,0.2895,0.2895,-0.0569,-4.8096,-0.1013,0.0000,-1.3714,-1.3714,0.4049
4.265,0.2895,0.2895,-0.0569,-4.8350,-0.1013,0.0000,-1.3714,-1.3714,0.4047
4.269,0.2895,0.2895,-0.0568,-4.8688,-0.1013,0.0000,-1.3714,-1.3714,0.4045
4.277,0.2641,0.2641,-0.0568,-4.9496,-0.0996,0.0000,-1.4797,-1.4797,0.4042
4.284,0.2641,0.2641,-0.0567,-5.0377,-0.0996,0.0000,-1.4797,-1.4797,0.4036
4.289,0.2641,0.2641,-0.0567,-5.1062,-0.0996,0.0000,-1.4797,-1.4797,0.4031
4.297,0.2387,0.2388,-0.0567,-5.2292,-0.0999,0.0000,-1.5568,-1.5568,0.4028
4.306,0.2387,0.2388,-0.0566,-5.3830,-0.0999,0.0000,-1.5568,-1.5568,0.4022
4.317,0.2140,0.2140,-0.0566,-5.5615,-0.1013,0.0000,-1.6120,-1.6120,0.4015
4.324,0.2140,0.2140,-0.0565,-5.6636,-0.1013,0.0000,-1.6120,-1.6120,0.4007
4.330,0.2140,0.2140,-0.0565,-5.7386,-0.1013,0.0000,-1.6120,-1.6120,0.4002
4.334,0.1903,0.1904,-0.0564,-5.7969,-0.1034,0.0000,-1.6524,-1.6524,0.3998
4.338,0.1903,0.1904,-0.0564,-5.8491,-0.1034,0.0000,-1.6524,-1.6524,0.3995
4.341,0.1903,0.1904,-0.0564,-5.8913,-0.1034,0.0000,-1.6524,-1.6524,0.3992
4.345,0.1903,0.1904,-0.0564,-5.9349,-0.1034,0.0000,-1.6524,-1.6524,0.3989
4.348,0.1903,0.1904,-0.0564,-5.9801,-0.1034,0.0000,-1.6524,-1.6524,0.3987
4.352,0.1903,0.1904,-0.0564,-6.0221,-0.1034,0.0000,-1.6524,-1.6524,0.3984
4.355,0.1682,0.1682,-0.0564,-6.0622,-0.1056,0.0000,-1.6862,-1.6862,0.3981
4.359,0.1682,0.1682,-0.0564,-6.1071,-0.1056,0.0000,-1.6862,-1.6862,0.3979
4.363,0.1682,0.1682,-0.0564,-6.1440,-0.1056,0.0000,-1.6862,-1.6862,0.3976
4.366,0.1682,0.1682,-0.0563,-6.1828,-0.1056,0.0000,-1.6862,-1.6862,0.3973
4.370,0.1682,0.1682,-0.0563,-6.2167,-0.1056,0.0000,-1.6862,-1.6862,0.3971
4.373,0.1474,0.1474,-0.0563,-6.2507,-0.1081,0.0000,-1.7123,-1.7123,0.3968
4.377,0.1474,0.1474,-0.0563,-6.2883,-0.1081,0.0000,-1.7123,-1.7123,0.3966
4.380,0.1474,0.1474,-0.0563,-6.3185,-0.1081,0.0000,-1.7123,-1.7123,0.3963
4.384,0.1474,0.1474,-0.0563,-6.3516,-0.1081,0.0000,-1.7123,-1.7123,0.3960
4.388,0.1474,0.1474,-0.0563,-6.3800,-0.1081,0.0000,-1.7123,-1.7123,0.3957
4.392,0.1474,0.1474,-0.0563,-6.4177,-0.1081,0.0000,-1.7123,-1.7123,0.3955
4.400,0.1274,0.1274,-0.0563,-6.4771,-0.1110,0.0000,-1.7246,-1.7246,0.3951
4.404,0.1274,0.1274,-0.0563,-6.5063,-0.1110,0.0000,-1.7246,-1.7246,0.3946
4.408,0.1274,0.1274,-0.0563,-6.5302,-0.1110,0.0000,-1.7246,-1.7246,0.3943
4.411,0.1274,0.1274,-0.0563,-6.5511,-0.1110,0.0000,-1.7246,-1.7246,0.3940
4.414,0.1082,0.1082,-0.0563,-6.5757,-0.1146,0.0000,-1.7229,-1.7229,0.3938
4.419,0.1082,0.1082,-0.0563,-6.6010,-0.1146,0.0000,-1.7229,-1.7229,0.3935
4.426,0.1082,0.1082,-0.0563,-6.6385,-0.1146,0.0000,-1.7229,-1.7229,0.3932
4.431,0.1082,0.1082,-0.0563,-6.6611,-0.1146,0.0000,-1.7229,-1.7229,0.3927
4.435,0.0896,0.0897,-0.0563,-6.6811,-0.1186,0.0000,-1.7076,-1.7076,0.3923
4.439,0.0896,0.0897,-0.0563,-6.6976,-0.1186,0.0000,-1.7076,-1.7076,0.3921
4.443,0.0896,0.0897,-0.0563,-6.7119,-0.1186,0.0000,-1.7076,-1.7076,0.3918
4.447,0.0896,0.0897,-0.0563,-6.7241,-0.1186,0.0000,-1.7076,-1.7076,0.3915
4.451,0.0896,0.0897,-0.0564,-6.7361,-0.1186,0.0000,-1.7076,-1.7076,0.3912
4.454,0.0718,0.0718,-0.0564,-6.7504,-0.1230,0.0000,-1.6791,-1.6791,0.3910
4.458,0.0718,0.0718,-0.0564,-6.7601,-0.1230,0.0000,-1.6791,-1.6791,0.3907
4.462,0.0718,0.0718,-0.0564,-6.7672,-0.1230,0.0000,-1.6791,-1.6791,0.3905
4.465,0.0718,0.0718,-0.0564,-6.7738,-0.1230,0.0000,-1.6791,-1.6791,0.3902
4.469,0.0718,0.0718,-0.0564,-6.7798,-0.1230,0.0000,-1.6791,-1.6791,0.3900
4.473,0.0547,0.0547,-0.0564,-6.7894,-0.1279,0.0000,-1.6378,-1.6378,0.3897
4.477,0.0547,0.0547,-0.0564,-6.7936,-0.1279,0.0000,-1.6378,-1.6378,0.3895
4.480,0.0547,0.0547,-0.0564,-6.7961,-0.1279,0.0000,-1.6378,-1.6378,0.3893
4.484,0.0547,0.0547,-0.0564,-6.7979,-0.1279,0.0000,-1.6378,-1.6378,0.3890
4.488,0.0547,0.0547,-0.0565,-6.7987,-0.1279,0.0000,-1.6378,-1.6378,0.3888
4.491,0.0547,0.0547,-0.0565,-6.7986,-0.1279,0.0000,-1.6378,-1.6378,0.3886
4.495,0.0366,0.0366,-0.0565,-6.8040,-0.1348,0.0000,-1.5553,-1.5553,0.3884
4.504,0.0366,0.0366,-0.0565,-6.7959,-0.1348,0.0000,-1.5553,-1.5553,0.3881
4.507,0.0366,0.0366,-0.0566,-6.7920,-0.1348,0.0000,-1.5553,-1.5553,0.3876
4.510,0.0366,0.0366,-0.0566,-6.7875,-0.1348,0.0000,-1.5553,-1.5553,0.3874
4.514,0.0234,0.0234,-0.0566,-6.7852,-0.1380,0.0000,-1.5325,-1.5325,0.3872
4.519,0.0234,0.0234,-0.0566,-6.7754,-0.1380,0.0000,-1.5325,-1.5325,0.3870
4.522,0.0234,0.0234,-0.0566,-6.7681,-0.1380,0.0000,-1.5325,-1.5325,0.3868
4.526,0.0234,0.0234,-0.0567,-6.7601,-0.1380,0.0000,-1.5325,-1.5325,0.3866
4.529,0.0234,0.0234,-0.0567,-6.7515,-0.1380,0.0000,-1.5325,-1.5325,0.3864
4.533,0.0113,0.0113,-0.0567,-6.7439,-0.1411,0.0000,-1.5073,-1.5073,0.3862
4.537,0.0113,0.0113,-0.0567,-6.7312,-0.1411,0.0000,-1.5073,-1.5073,0.3860
4.540,0.0113,0.0113,-0.0568,-6.7205,-0.1411,0.0000,-1.5073,-1.5073,0.3858
4.544,0.0113,0.0113,-0.0568,-6.7095,-0.1411,0.0000,-1.5073,-1.5073,0.3856
4.547,0.0113,0.0113,-0.0568,-6.6963,-0.1411,0.0000,-1.5073,-1.5073,0.3854
4.552,0.0113,0.0113,-0.0568,-6.6787,-0.1411,0.0000,-1.5073,-1.5073,0.3852
4.555,0.0000,0.0000,-0.0568,-6.6669,-0.1448,0.0000,-1.4690,-1.4690,0.3850
4.560,0.0000,0.0000,-0.0569,-6.6488,-0.1448,0.0000,-1.4690,-1.4690,0.3848
4.563,0.0000,0.0000,-0.0569,-6.6320,-0.1448,0.0000,-1.4690,-1.4690,0.3846
4.568,0.0000,0.0000,-0.0569,-6.6090,-0.1448,0.0000,-1.4690,-1.4690,0.3844
4.572,0.0000,0.0000,-0.0569,-6.5901,-0.1448,0.0000,-1.4690,-1.4690,0.3842
4.579,-0.0114,-0.0114,-0.0569,-6.5524,-0.1492,0.0000,-1.4165,-1.4165,0.3840
4.586,-0.0114,-0.0114,-0.0570,-6.5123,-0.1492,0.0000,-1.4165,-1.4165,0.3836
4.590,-0.0114,-0.0114,-0.0570,-6.4911,-0.1492,0.0000,-1.4165,-1.4165,0.3833
4.593,-0.0207,-0.0207,-0.0570,-6.4736,-0.1524,0.0000,-1.3833,-1.3833,0.3832
4.598,-0.0207,-0.0207,-0.0571,-6.4455,-0.1524,0.0000,-1.3833,-1.3833,0.3830
4.603,-0.0207,-0.0207,-0.0571,-6.4129,-0.1524,0.0000,-1.3833,-1.3833,0.3828
4.611,-0.0207,-0.0207,-0.0571,-6.3548,-0.1524,0.0000,-1.3833,-1.3833,0.3826
4.617,-0.0298,-0.0298,-0.0572,-6.3187,-0.1565,0.0000,-1.3384,-1.3384,0.3822
4.621,-0.0298,-0.0298,-0.0572,-6.2844,-0.1565,0.0000,-1.3384,-1.3384,0.3820
4.625,-0.0298,-0.0298,-0.0572,-6.2568,-0.1565,0.0000,-1.3384,-1.3384,0.3818
4.629,-0.0298,-0.0298,-0.0572,-6.2310,-0.1565,0.0000,-1.3384,-1.3384,0.3817
4.632,-0.0298,-0.0298,-0.0573,-6.2023,-0.1565,0.0000,-1.3384,-1.3384,0.3815
4.636,-0.0370,-0.0370,-0.0573,-6.1782,-0.1595,0.0000,-1.3116,-1.3116,0.3814
4.640,-0.0370,-0.0370,-0.0573,-6.1481,-0.1595,0.0000,-1.3116,-1.3116,0.3812
4.643,-0.0370,-0.0370,-0.0573,-6.1216,-0.1595,0.0000,-1.3116,-1.3116,0.3811
4.646,-0.0370,-0.0370,-0.0573,-6.0950,-0.1595,0.0000,-1.3116,-1.3116,0.3810
4.650,-0.0370,-0.0370,-0.0573,-6.0650,-0.1595,0.0000,-1.3116,-1.3116,0.3808
4.654,-0.0440,-0.0440,-0.0574,-6.0359,-0.1634,0.0000,-1.2740,-1.2740,0.3807
4.658,-0.0440,-0.0440,-0.0574,-6.0024,-0.1634,0.0000,-1.2740,-1.2740,0.3806
4.662,-0.0440,-0.0440,-0.0574,-5.9628,-0.1634,0.0000,-1.2740,-1.2740,0.3804
4.667,-0.0440,-0.0440,-0.0574,-5.9222,-0.1634,0.0000,-1.2740,-1.2740,0.3803
4.670,-0.0440,-0.0440,-0.0575,-5.8907,-0.1634,0.0000,-1.2740,-1.2740,0.3801
4.674,-0.0529,-0.0529,-0.0575,-5.8674,-0.1707,0.0000,-1.1806,-1.1806,0.3800
4.677,-0.0529,-0.0529,-0.0575,-5.8319,-0.1707,0.0000,-1.1806,-1.1806,0.3799
4.681,-0.0529,-0.0529,-0.0575,-5.8005,-0.1707,0.0000,-1.1806,-1.1806,0.3797
4.685,-0.0529,-0.0529,-0.0576,-5.7643,-0.1707,0.0000,-1.1806,-1.1806,0.3796
4.688,-0.0529,-0.0529,-0.0576,-5.7326,-0.1707,0.0000,-1.1806,-1.1806,0.3795
4.692,-0.0529,-0.0529,-0.0576,-5.7005,-0.1707,0.0000,-1.1806,-1.1806,0.3794
4.695,-0.0449,-0.0449,-0.0576,-5.6780,-0.1794,0.0000,-1.0656,-1.0656,0.3793
4.699,-0.0449,-0.0449,-0.0576,-5.6370,-0.1794,0.0000,-1.0656,-1.0656,0.3792
4.703,-0.0449,-0.0449,-0.0577,-5.6006,-0.1794,0.0000,-1.0656,-1.0656,0.3791
4.707,-0.0449,-0.0449,-0.0577,-5.5555,-0.1794,0.0000,-1.0656,-1.0656,0.3790
4.715,-0.0159,-0.0159,-0.0577,-5.4839,-0.1889,0.0000,-0.9364,-0.9364,0.3789
4.719,-0.0159,-0.0159,-0.0577,-5.4400,-0.1889,0.0000,-0.9364,-0.9364,0.3788
4.723,-0.0159,-0.0159,-0.0578,-5.4030,-0.1889,0.0000,-0.9364,-0.9364,0.3787
4.731,-0.0159,-0.0159,-0.0578,-5.3420,-0.1889,0.0000,-0.9364,-0.9364,0.3787
4.735,0.0313,0.0313,-0.0578,-5.3201,-0.1990,0.0000,-0.7933,-0.7933,0.3785
4.740,0.0313,0.0313,-0.0578,-5.2973,-0.1990,0.0000,-0.7933,-0.7933,0.3785
4.744,0.0313,0.0313,-0.0579,-5.2835,-0.1990,0.0000,-0.7933,-0.7933,0.3784
4.747,0.0313,0.0313,-0.0579,-5.2739,-0.1990,0.0000,-0.7933,-0.7933,0.3784
4.752,0.0313,0.0313,-0.0579,-5.2683,-0.1990,0.0000,-0.7933,-0.7933,0.3784
4.755,0.0949,0.0949,-0.0579,-5.2782,-0.2096,0.0000,-0.6405,-0.6405,0.3783
4.759,0.0949,0.0949,-0.0579,-5.2821,-0.2096,0.0000,-0.6405,-0.6405,0.3783
4.762,0.0949,0.0949,-0.0579,-5.2885,-0.2096,0.0000,-0.6405,-0.6405,0.3783
4.767,0.0949,0.0949,-0.0579,-5.3028,-0.2096,0.0000,-0.6405,-0.6405,0.3783
4.771,0.0949,0.0949,-0.0579,-5.3212,-0.2096,0.0000,-0.6405,-0.6405,0.3783
4.774,0.1728,0.1728,-0.0579,-5.3498,-0.2202,0.0000,-0.4802,-0.4802,0.3783
4.779,0.1728,0.1728,-0.0579,-5.3737,-0.2202,0.0000,-0.4802,-0.4802,0.3783
4.783,0.1728,0.1728,-0.0579,-5.3947,-0.2202,0.0000,-0.4802,-0.4802,0.3783
4.788,0.1728,0.1728,-0.0579,-5.4132,-0.2202,0.0000,-0.4802,-0.4802,0.3784
4.791,0.1728,0.1728,-0.0578,-5.4274,-0.2202,0.0000,-0.4802,-0.4802,0.3784
4.795,0.2376,0.2376,-0.0578,-5.4521,-0.2311,0.0000,-0.3132,-0.3132,0.3784
4.799,0.2376,0.2376,-0.0578,-5.4688,-0.2311,0.0000,-0.3132,-0.3132,0.3784
4.803,0.2376,0.2376,-0.0578,-5.4812,-0.2311,0.0000,-0.3132,-0.3132,0.3785
4.806,0.2376,0.2376,-0.0577,-5.4916,-0.2311,0.0000,-0.3132,-0.3132,0.3786
4.809,0.2376,0.2376,-0.0577,-5.5013,-0.2311,0.0000,-0.3132,-0.3132,0.3786
4.813,0.2739,0.2739,-0.0577,-5.5217,-0.2424,0.0000,-0.1402,-0.1402,0.3787
4.818,0.2739,0.2739,-0.0577,-5.5352,-0.2424,0.0000,-0.1402,-0.1402,0.3787
4.825,0.2739,0.2739,-0.0576,-5.5492,-0.2424,0.0000,-0.1402,-0.1402,0.3789
4.829,0.2739,0.2739,-0.0576,-5.5554,-0.2424,0.0000,-0.1402,-0.1402,0.3790
4.832,0.2739,0.2739,-0.0575,-5.5611,-0.2424,0.0000,-0.1402,-0.1402,0.3791
4.836,0.2870,0.2870,-0.0575,-5.5772,-0.2540,0.0000,0.0384,0.0384,0.3792
4.840,0.2870,0.2870,-0.0575,-5.5814,-0.2540,0.0000,0.0384,0.0384,0.3793
4.843,0.2870,0.2870,-0.0574,-5.5841,-0.2540,0.0000,0.0384,0.0384,0.3794
4.847,0.2870,0.2870,-0.0574,-5.5864,-0.2540,0.0000,0.0384,0.0384,0.3795
4.850,0.2870,0.2870,-0.0574,-5.5880,-0.2540,0.0000,0.0384,0.0384,0.3796
4.854,0.2721,0.2721,-0.0573,-5.6038,-0.2692,0.0000,0.2683,0.2683,0.3797
4.858,0.2721,0.2721,-0.0573,-5.6037,-0.2692,0.0000,0.2683,0.2683,0.3798
4.861,0.2721,0.2721,-0.0573,-5.6029,-0.2692,0.0000,0.2683,0.2683,0.3800
4.865,0.2721,0.2721,-0.0572,-5.6013,-0.2692,0.0000,0.2683,0.2683,0.3801
4.869,0.2721,0.2721,-0.0572,-5.5988,-0.2692,0.0000,0.2683,0.2683,0.3803
4.872,0.2721,0.2721,-0.0572,-5.5960,-0.2692,0.0000,0.2683,0.2683,0.3804
4.876,0.2391,0.2391,-0.0572,-5.6069,-0.2838,0.0000,0.4932,0.4932,0.3806
4.884,0.2391,0.2391,-0.0571,-5.5934,-0.2838,0.0000,0.4932,0.4932,0.3808
4.889,0.2391,0.2391,-0.0571,-5.5846,-0.2838,0.0000,0.4932,0.4932,0.3812
4.893,0.1947,0.1947,-0.0570,-5.5914,-0.2983,0.0000,0.7241,0.7241,0.3815
4.897,0.1947,0.1947,-0.0570,-5.5815,-0.2983,0.0000,0.7241,0.7241,0.3817
4.901,0.1947,0.1947,-0.0570,-5.5726,-0.2983,0.0000,0.7241,0.7241,0.3820
4.905,0.1947,0.1947,-0.0570,-5.5637,-0.2983,0.0000,0.7241,0.7241,0.3822
4.908,0.1947,0.1947,-0.0570,-5.5538,-0.2983,0.0000,0.7241,0.7241,0.3824
4.912,0.1947,0.1947,-0.0570,-5.5440,-0.2983,0.0000,0.7241,0.7241,0.3826
4.915,0.1539,0.1539,-0.0569,-5.5474,-0.3133,0.0000,0.9743,0.9743,0.3829
4.921,0.1539,0.1539,-0.0569,-5.5296,-0.3133,0.0000,0.9743,0.9743,0.3831
4.928,0.1539,0.1539,-0.0569,-5.5022,-0.3133,0.0000,0.9743,0.9743,0.3835
4.932,0.1539,0.1539,-0.0569,-5.4849,-0.3133,0.0000,0.9743,0.9743,0.3840
4.936,0.1177,0.1177,-0.0569,-5.4811,-0.3254,0.0000,1.1900,1.1900,0.3844
4.941,0.1177,0.1177,-0.0569,-5.4616,-0.3254,0.0000,1.1900,1.1900,0.3847
4.944,0.1177,0.1177,-0.0569,-5.4458,-0.3254,0.0000,1.1900,1.1900,0.3851
4.948,0.1177,0.1177,-0.0569,-5.4279,-0.3254,0.0000,1.1900,1.1900,0.3854
4.952,0.1177,0.1177,-0.0569,-5.4101,-0.3254,0.0000,1.1900,1.1900,0.3857
4.956,0.0852,0.0852,-0.0569,-5.4042,-0.3362,0.0000,1.3916,1.3916,0.3860
4.959,0.0852,0.0852,-0.0569,-5.3848,-0.3362,0.0000,1.3916,1.3916,0.3863
4.963,0.0852,0.0852,-0.0569,-5.3684,-0.3362,0.0000,1.3916,1.3916,0.3867
4.966,0.0852,0.0852,-0.0569,-5.3488,-0.3362,0.0000,1.3916,1.3916,0.3869
4.970,0.0852,0.0852,-0.0569,-5.3305,-0.3362,0.0000,1.3916,1.3916,0.3873
4.973,0.0570,0.0570,-0.0569,-5.3190,-0.3433,0.0000,1.5415,1.5415,0.3876
4.977,0.0570,0.0570,-0.0569,-5.2967,-0.3433,0.0000,1.5415,1.5415,0.3879
4.980,0.0570,0.0570,-0.0569,-5.2773,-0.3433,0.0000,1.5415,1.5415,0.3883
4.985,0.0570,0.0570,-0.0570,-5.2522,-0.3433,0.0000,1.5415,1.5415,0.3886
4.989,0.0570,0.0570,-0.0570,-5.2285,-0.3433,0.0000,1.5415,1.5415,0.3890
4.992,0.0570,0.0570,-0.0570,-5.2070,-0.3433,0.0000,1.5415,1.5415,0.3894
4.996,0.0320,0.0320,-0.0570,-5.1913,-0.3489,0.0000,1.6750,1.6750,0.3897
5.000,0.0320,0.0320,-0.0570,-5.1626,-0.3489,0.0000,1.6750,1.6750,0.3901
5.004,0.0320,0.0320,-0.0570,-5.1361,-0.3489,0.0000,1.6750,1.6750,0.3905
5.008,0.0320,0.0320,-0.0571,-5.1113,-0.3489,0.0000,1.6750,1.6750,0.3909
5.011,0.0320,0.0320,-0.0571,-5.0870,-0.3489,0.0000,1.6750,1.6750,0.3913
5.015,0.0000,0.0000,-0.0571,-5.0681,-0.3549,0.0000,1.8243,1.8243,0.3917
5.020,0.0000,0.0000,-0.0571,-5.0349,-0.3549,0.0000,1.8243,1.8243,0.3920
5.024,0.0000,0.0000,-0.0571,-5.0031,-0.3549,0.0000,1.8243,1.8243,0.3925
5.032,0.0000,0.0000,-0.0572,-4.9476,-0.3549,0.0000,1.8243,1.8243,0.3930
5.039,-0.0196,-0.0196,-0.0572,-4.8985,-0.3611,0.0000,1.9905,1.9905,0.3938
5.044,-0.0196,-0.0196,-0.0572,-4.8611,-0.3611,0.0000,1.9905,1.9905,0.3946
5.048,-0.0196,-0.0196,-0.0573,-4.8347,-0.3611,0.0000,1.9905,1.9905,0.3952
5.051,-0.0196,-0.0196,-0.0573,-4.8044,-0.3611,0.0000,1.9905,1.9905,0.3956
5.055,-0.0366,-0.0366,-0.0573,-4.7830,-0.3659,0.0000,2.1491,2.1491,0.3960
5.059,-0.0366,-0.0366,-0.0573,-4.7538,-0.3659,0.0000,2.1491,2.1491,0.3964
5.062,-0.0366,-0.0366,-0.0573,-4.7271,-0.3659,0.0000,2.1491,2.1491,0.3969
5.066,-0.0366,-0.0366,-0.0574,-4.6974,-0.3659,0.0000,2.1491,2.1491,0.3973
5.069,-0.0366,-0.0366,-0.0574,-4.6705,-0.3659,0.0000,2.1491,2.1491,0.3977
5.072,-0.0366,-0.0366,-0.0574,-4.6446,-0.3659,0.0000,2.1491,2.1491,0.3981
5.076,-0.0514,-0.0514,-0.0574,-4.6220,-0.3700,0.0000,2.3147,2.3147,0.3985
5.080,-0.0514,-0.0514,-0.0574,-4.5907,-0.3700,0.0000,2.3147,2.3147,0.3989
5.084,-0.0514,-0.0514,-0.0575,-4.5585,-0.3700,0.0000,2.3147,2.3147,0.3994
5.087,-0.0514,-0.0514,-0.0575,-4.5303,-0.3700,0.0000,2.3147,2.3147,0.3998
5.090,-0.0514,-0.0514,-0.0575,-4.5036,-0.3700,0.0000,2.3147,2.3147,0.4003
5.093,-0.0641,-0.0641,-0.0575,-4.4806,-0.3736,0.0000,2.4924,2.4924,0.4007
5.098,-0.0641,-0.0641,-0.0576,-4.4446,-0.3736,0.0000,2.4924,2.4924,0.4011
5.102,-0.0641,-0.0641,-0.0576,-4.4110,-0.3736,0.0000,2.4924,2.4924,0.4016
5.105,-0.0641,-0.0641,-0.0576,-4.3833,-0.3736,0.0000,2.4924,2.4924,0.4021
5.108,-0.0641,-0.0641,-0.0577,-4.3557,-0.3736,0.0000,2.4924,2.4924,0.4026
5.112,-0.0641,-0.0641,-0.0577,-4.3279,-0.3736,0.0000,2.4924,2.4924,0.4030
5.115,-0.0748,-0.0748,-0.0577,-4.2979,-0.3753,0.0000,2.6566,2.6566,0.4034
5.119,-0.0748,-0.0748,-0.0578,-4.2632,-0.3753,0.0000,2.6566,2.6566,0.4039
5.123,-0.0748,-0.0748,-0.0578,-4.2351,-0.3753,0.0000,2.6566,2.6566,0.4045
5.126,-0.0748,-0.0748,-0.0578,-4.2065,-0.3753,0.0000,2.6566,2.6566,0.4049
5.129,-0.0748,-0.0748,-0.0578,-4.1779,-0.3753,0.0000,2.6566,2.6566,0.4054
5.134,-0.0837,-0.0837,-0.0579,-4.1358,-0.3749,0.0000,2.7986,2.7986,0.4058
5.141,-0.0837,-0.0837,-0.0579,-4.0703,-0.3749,0.0000,2.7986,2.7986,0.4065
5.145,-0.0837,-0.0837,-0.0580,-4.0374,-0.3749,0.0000,2.7986,2.7986,0.4075
5.149,-0.0837,-0.0837,-0.0580,-4.0047,-0.3749,0.0000,2.7986,2.7986,0.4080
5.153,-0.0912,-0.0912,-0.0580,-3.9706,-0.3725,0.0000,2.9180,2.9180,0.4085
5.157,-0.0912,-0.0912,-0.0581,-3.9363,-0.3725,0.0000,2.9180,2.9180,0.4091
5.160,-0.0912,-0.0912,-0.0581,-3.9040,-0.3725,0.0000,2.9180,2.9180,0.4096
5.166,-0.0912,-0.0912,-0.0581,-3.8558,-0.3725,0.0000,2.9180,2.9180,0.4102
5.170,-0.0912,-0.0912,-0.0582,-3.8180,-0.3725,0.0000,2.9180,2.9180,0.4109
5.174,-0.0979,-0.0979,-0.0582,-3.7770,-0.3618,0.0000,2.8826,2.8826,0.4115
5.178,-0.0979,-0.0979,-0.0583,-3.7387,-0.3618,0.0000,2.8826,2.8826,0.4120
5.182,-0.0979,-0.0979,-0.0583,-3.7069,-0.3618,0.0000,2.8826,2.8826,0.4126
5.185,-0.0979,-0.0979,-0.0583,-3.6730,-0.3618,0.0000,2.8826,2.8826,0.4131
5.193,-0.1043,-0.1043,-0.0584,-3.5855,-0.3385,0.0000,2.5541,2.5541,0.4136
5.198,-0.1043,-0.1043,-0.0584,-3.5372,-0.3385,0.0000,2.5541,2.5541,0.4145
5.202,-0.1043,-0.1043,-0.0585,-3.5052,-0.3385,0.0000,2.5541,2.5541,0.4152
5.205,-0.1043,-0.1043,-0.0585,-3.4760,-0.3385,0.0000,2.5541,2.5541,0.4156
5.209,-0.1043,-0.1043,-0.0585,-3.4465,-0.3385,0.0000,2.5541,2.5541,0.4160
5.212,-0.1043,-0.1043,-0.0586,-3.4184,-0.3385,0.0000,2.5541,2.5541,0.4164
5.216,-0.1095,-0.1095,-0.0586,-3.3710,-0.3239,0.0000,2.4064,2.4064,0.4168
5.220,-0.1095,-0.1095,-0.0586,-3.3365,-0.3239,0.0000,2.4064,2.4064,0.4172
5.223,-0.1095,-0.1095,-0.0587,-3.3043,-0.3239,0.0000,2.4064,2.4064,0.4176
5.227,-0.1095,-0.1095,-0.0587,-3.2757,-0.3239,0.0000,2.4064,2.4064,0.4180
5.230,-0.1095,-0.1095,-0.0587,-3.2481,-0.3239,0.0000,2.4064,2.4064,0.4184
5.234,-0.1135,-0.1135,-0.0588,-3.2085,-0.3162,0.0000,2.4085,2.4085,0.4187
5.239,-0.1135,-0.1135,-0.0588,-3.1630,-0.3162,0.0000,2.4085,2.4085,0.4191
5.247,-0.1135,-0.1135,-0.0589,-3.0968,-0.3162,0.0000,2.4085,2.4085,0.4197
5.251,-0.1135,-0.1135,-0.0589,-3.0621,-0.3162,0.0000,2.4085,2.4085,0.4205
5.255,-0.1174,-0.1174,-0.0590,-3.0163,-0.3026,0.0000,2.2704,2.2704,0.4210
5.259,-0.1174,-0.1174,-0.0590,-2.9781,-0.3026,0.0000,2.2704,2.2704,0.4213
5.263,-0.1174,-0.1174,-0.0590,-2.9479,-0.3026,0.0000,2.2704,2.2704,0.4218
5.267,-0.1174,-0.1174,-0.0591,-2.9156,-0.3026,0.0000,2.2704,2.2704,0.4221
5.270,-0.1174,-0.1174,-0.0591,-2.8892,-0.3026,0.0000,2.2704,2.2704,0.4225
5.274,-0.1216,-0.1216,-0.0591,-2.8456,-0.2827,0.0000,1.9413,1.9413,0.4228
5.278,-0.1216,-0.1216,-0.0592,-2.8248,-0.2827,0.0000,1.9413,1.9413,0.4231
5.282,-0.1216,-0.1216,-0.0592,-2.8111,-0.2827,0.0000,1.9413,1.9413,0.4235
5.286,-0.1216,-0.1216,-0.0592,-2.8012,-0.2827,0.0000,1.9413,1.9413,0.4238
5.290,-0.1216,-0.1216,-0.0593,-2.7970,-0.2827,0.0000,1.9413,1.9413,0.4241
5.294,-0.1235,-0.1235,-0.0593,-2.7893,-0.2750,0.0000,1.9711,1.9711,0.4244
5.298,-0.1235,-0.1235,-0.0594,-2.7940,-0.2750,0.0000,1.9711,1.9711,0.4247
5.301,-0.1235,-0.1235,-0.0594,-2.8029,-0.2750,0.0000,1.9711,1.9711,0.4250
5.305,-0.1235,-0.1235,-0.0594,-2.8136,-0.2750,0.0000,1.9711,1.9711,0.4253
5.308,-0.1235,-0.1235,-0.0595,-2.8268,-0.2750,0.0000,1.9711,1.9711,0.4256
5.311,-0.1235,-0.1235,-0.0595,-2.8424,-0.2750,0.0000,1.9711,1.9711,0.4258
5.316,-0.1263,-0.1263,-0.0595,-2.8497,-0.2589,0.0000,1.7150,1.7150,0.4261
5.320,-0.1263,-0.1263,-0.0596,-2.8761,-0.2589,0.0000,1.7150,1.7150,0.4264
5.323,-0.1263,-0.1263,-0.0596,-2.8970,-0.2589,0.0000,1.7150,1.7150,0.4266
5.327,-0.1263,-0.1263,-0.0596,-2.9150,-0.2589,0.0000,1.7150,1.7150,0.4269
5.331,-0.1263,-0.1263,-0.0597,-2.9337,-0.2589,0.0000,1.7150,1.7150,0.4271
5.335,-0.1286,-0.1286,-0.0597,-2.9358,-0.2425,0.0000,1.4246,1.4246,0.4273
5.339,-0.1286,-0.1286,-0.0597,-2.9512,-0.2425,0.0000,1.4246,1.4246,0.4275
5.347,-0.1286,-0.1286,-0.0598,-2.9759,-0.2425,0.0000,1.4246,1.4246,0.4277
5.356,-0.1299,-0.1299,-0.0598,-2.9834,-0.2319,0.0000,1.2898,1.2898,0.4281
5.360,-0.1299,-0.1299,-0.0599,-2.9902,-0.2319,0.0000,1.2898,1.2898,0.4285
5.363,-0.1299,-0.1299,-0.0600,-2.9951,-0.2319,0.0000,1.2898,1.2898,0.4287
5.367,-0.1299,-0.1299,-0.0600,-2.9991,-0.2319,0.0000,1.2898,1.2898,0.4288
5.370,-0.1299,-0.1299,-0.0600,-3.0017,-0.2319,0.0000,1.2898,1.2898,0.4290
5.374,-0.1308,-0.1308,-0.0600,-2.9939,-0.2224,0.0000,1.1706,1.1706,0.4291
5.377,-0.1308,-0.1308,-0.0601,-2.9946,-0.2224,0.0000,1.1706,1.1706,0.4292
5.381,-0.1308,-0.1308,-0.0601,-2.9945,-0.2224,0.0000,1.1706,1.1706,0.4293
5.385,-0.1308,-0.1308,-0.0601,-2.9934,-0.2224,0.0000,1.1706,1.1706,0.4295
5.388,-0.1308,-0.1308,-0.0602,-2.9917,-0.2224,0.0000,1.1706,1.1706,0.4296
5.391,-0.1308,-0.1308,-0.0602,-2.9895,-0.2224,0.0000,1.1706,1.1706,0.4297
5.395,-0.1315,-0.1315,-0.0602,-2.9780,-0.2141,0.0000,1.0683,1.0683,0.4298
5.399,-0.1315,-0.1315,-0.0603,-2.9730,-0.2141,0.0000,1.0683,1.0683,0.4299
5.402,-0.1315,-0.1315,-0.0603,-2.9681,-0.2141,0.0000,1.0683,1.0683,0.4300
5.406,-0.1315,-0.1315,-0.0603,-2.9628,-0.2141,0.0000,1.0683,1.0683,0.4301
5.409,-0.1315,-0.1315,-0.0604,-2.9571,-0.2141,0.0000,1.0683,1.0683,0.4302
5.413,-0.1322,-0.1322,-0.0604,-2.9417,-0.2062,0.0000,0.9661,0.9661,0.4303
5.418,-0.1322,-0.1322,-0.0604,-2.9311,-0.2062,0.0000,0.9661,0.9661,0.4304
5.422,-0.1322,-0.1322,-0.0605,-2.9226,-0.2062,0.0000,0.9661,0.9661,0.4305
5.426,-0.1322,-0.1322,-0.0605,-2.9126,-0.2062,0.0000,0.9661,0.9661,0.4306
5.429,-0.1322,-0.1322,-0.0605,-2.9028,-0.2062,0.0000,0.9661,0.9661,0.4307
5.434,-0.1313,-0.1313,-0.0606,-2.8875,-0.2025,0.0000,0.9749,0.9749,0.4308
5.438,-0.1313,-0.1313,-0.0606,-2.8746,-0.2025,0.0000,0.9749,0.9749,0.4309
5.442,-0.1313,-0.1313,-0.0606,-2.8625,-0.2025,0.0000,0.9749,0.9749,0.4310
5.446,-0.1313,-0.1313,-0.0607,-2.8501,-0.2025,0.0000,0.9749,0.9749,0.4311
5.451,-0.1308,-0.1313,-0.0607,-2.8321,-0.2025,0.0000,0.9749,0.9749,0.4312
5.459,-0.1264,-0.1303,-0.0607,-2.7972,-0.1981,0.0000,0.9702,0.9702,0.4313
5.464,-0.1220,-0.1303,-0.0608,-2.7788,-0.1981,0.0000,0.9702,0.9702,0.4315
5.469,-0.1153,-0.1303,-0.0608,-2.7610,-0.1981,0.0000,0.9702,0.9702,0.4316
5.473,-0.1092,-0.1318,-0.0609,-2.7383,-0.1900,0.0000,0.8505,0.8505,0.4317
5.477,-0.0979,-0.1318,-0.0609,-2.7210,-0.1900,0.0000,0.8505,0.8505,0.4318
5.481,-0.0852,-0.1318,-0.0609,-2.7055,-0.1900,0.0000,0.8505,0.8505,0.4318
5.486,-0.0679,-0.1318,-0.0610,-2.6879,-0.1900,0.0000,0.8505,0.8505,0.4319
5.490,-0.0459,-0.1318,-0.0610,-2.6690,-0.1900,0.0000,0.8505,0.8505,0.4320
5.500,0.0156,-0.1303,-0.0610,-2.6226,-0.1853,0.0000,0.8502,0.8502,0.4320
5.506,0.0628,-0.1303,-0.0611,-2.5964,-0.1853,0.0000,0.8502,0.8502,0.4322
5.510,0.0931,-0.1303,-0.0612,-2.5818,-0.1853,0.0000,0.8502,0.8502,0.4323
5.514,0.1258,-0.1349,-0.0612,-2.5548,-0.1748,0.0000,0.6206,0.6206,0.4323
5.519,0.1806,-0.1349,-0.0612,-2.5331,-0.1748,0.0000,0.6206,0.6206,0.4324
5.524,0.2276,-0.1349,-0.0613,-2.5163,-0.1748,0.0000,0.6206,0.6206,0.4324
5.527,0.2726,-0.1349,-0.0613,-2.5015,-0.1748,0.0000,0.6206,0.6206,0.4324
5.532,0.3331,-0.1349,-0.0613,-2.4830,-0.1748,0.0000,0.6206,0.6206,0.4324
5.536,0.3952,-0.1328,-0.0614,-2.4614,-0.1702,0.0000,0.6229,0.6229,0.4324
5.541,0.4602,-0.1328,-0.0614,-2.4435,-0.1702,0.0000,0.6229,0.6229,0.4324
5.545,0.5160,-0.1328,-0.0614,-2.4279,-0.1702,0.0000,0.6229,0.6229,0.4325
5.549,0.5695,-0.1328,-0.0615,-2.4129,-0.1702,0.0000,0.6229,0.6229,0.4325
5.553,0.6185,-0.1336,-0.0615,-2.3917,-0.1632,0.0000,0.5202,0.5202,0.4325
5.559,0.6893,-0.1336,-0.0615,-2.3711,-0.1632,0.0000,0.5202,0.5202,0.4325
5.566,0.7830,-0.1336,-0.0616,-2.3430,-0.1632,0.0000,0.5202,0.5202,0.4325
5.570,0.8280,-0.1336,-0.0616,-2.3293,-0.1632,0.0000,0.5202,0.5202,0.4325
5.574,0.8697,-0.1341,-0.0617,-2.3096,-0.1565,0.0000,0.4196,0.4196,0.4325
5.578,0.9137,-0.1341,-0.0617,-2.2958,-0.1565,0.0000,0.4196,0.4196,0.4324
5.582,0.9548,-0.1341,-0.0617,-2.2828,-0.1565,0.0000,0.4196,0.4196,0.4324
5.585,0.9944,-0.1341,-0.0617,-2.2700,-0.1565,0.0000,0.4196,0.4196,0.4324
5.590,1.0381,-0.1341,-0.0618,-2.2557,-0.1565,0.0000,0.4196,0.4196,0.4324
5.594,1.0805,-0.1312,-0.0618,-2.2376,-0.1517,0.0000,0.4325,0.4325,0.4323
5.598,1.1237,-0.1312,-0.0618,-2.2229,-0.1517,0.0000,0.4325,0.4325,0.4323
5.603,1.1733,-0.1312,-0.0619,-2.2055,-0.1517,0.0000,0.4325,0.4325,0.4323
5.607,1.2058,-0.1312,-0.0619,-2.1939,-0.1517,0.0000,0.4325,0.4325,0.4323
5.619,1.3233,-0.1282,-0.0619,-2.1459,-0.1469,0.0000,0.4442,0.4442,0.4323
5.624,1.3674,-0.1282,-0.0620,-2.1288,-0.1469,0.0000,0.4442,0.4442,0.4322
5.629,1.4014,-0.1282,-0.0620,-2.1152,-0.1469,0.0000,0.4442,0.4442,0.4322
5.633,1.4356,-0.1271,-0.0621,-2.0959,-0.1411,0.0000,0.3677,0.3677,0.4321
5.637,1.4676,-0.1271,-0.0621,-2.0826,-0.1411,0.0000,0.3677,0.3677,0.4321
5.640,1.4935,-0.1271,-0.0621,-2.0716,-0.1411,0.0000,0.3677,0.3677,0.4321
5.648,1.5496,-0.1271,-0.0621,-2.0468,-0.1411,0.0000,0.3677,0.3677,0.4320
5.653,1.5867,-0.1237,-0.0622,-2.0274,-0.1369,0.0000,0.3919,0.3919,0.4320
5.657,1.6149,-0.1237,-0.0622,-2.0142,-0.1369,0.0000,0.3919,0.3919,0.4320
5.661,1.6449,-0.1237,-0.0622,-1.9999,-0.1369,0.0000,0.3919,0.3919,0.4319
5.670,1.7006,-0.1237,-0.0623,-1.9718,-0.1369,0.0000,0.3919,0.3919,0.4319
5.674,1.7286,-0.1219,-0.0623,-1.9528,-0.1315,0.0000,0.3036,0.3036,0.4318
5.678,1.7541,-0.1219,-0.0623,-1.9392,-0.1315,0.0000,0.3036,0.3036,0.4318
5.682,1.7774,-0.1219,-0.0624,-1.9264,-0.1315,0.0000,0.3036,0.3036,0.4317
5.686,1.7981,-0.1219,-0.0624,-1.9148,-0.1315,0.0000,0.3036,0.3036,0.4317
5.689,1.8176,-0.1219,-0.0624,-1.9036,-0.1315,0.0000,0.3036,0.3036,0.4317
5.693,1.8528,-0.1050,-0.0624,-1.8893,-0.1280,0.0000,0.3093,0.3093,0.4316
5.697,1.8750,-0.1050,-0.0624,-1.8759,-0.1280,0.0000,0.3093,0.3093,0.4316
5.701,1.8947,-0.1050,-0.0625,-1.8637,-0.1280,0.0000,0.3093,0.3093,0.4315
5.704,1.9119,-0.1050,-0.0625,-1.8527,-0.1280,0.0000,0.3093,0.3093,0.4315
5.707,1.9290,-0.1050,-0.0625,-1.8416,-0.1280,0.0000,0.3093,0.3093,0.4315
5.711,1.9483,-0.1050,-0.0625,-1.8287,-0.1280,0.0000,0.3093,0.3093,0.4314
5.715,2.0039,-0.0699,-0.0625,-1.8111,-0.1246,0.0000,0.2843,0.2843,0.4314
5.720,2.0233,-0.0699,-0.0626,-1.7973,-0.1246,0.0000,0.2843,0.2843,0.4313
5.723,2.0381,-0.0699,-0.0626,-1.7865,-0.1246,0.0000,0.2843,0.2843,0.4313
5.727,2.0544,-0.0699,-0.0626,-1.7742,-0.1246,0.0000,0.2843,0.2843,0.4312
5.730,2.0717,-0.0699,-0.0626,-1.7609,-0.1246,0.0000,0.2843,0.2843,0.4312
5.735,2.1459,-0.0138,-0.0626,-1.7408,-0.1190,0.0000,0.1536,0.1536,0.4312
5.739,2.1629,-0.0138,-0.0626,-1.7268,-0.1190,0.0000,0.1536,0.1536,0.4311
5.743,2.1785,-0.0138,-0.0626,-1.7135,-0.1190,0.0000,0.1536,0.1536,0.4310
5.746,2.1932,-0.0138,-0.0626,-1.7006,-0.1190,0.0000,0.1536,0.1536,0.4309
5.751,2.2111,-0.0138,-0.0626,-1.6844,-0.1190,0.0000,0.1536,0.1536,0.4309
5.755,2.2982,0.0577,-0.0626,-1.6674,-0.1167,0.0000,0.1122,0.1122,0.4308
5.759,2.3134,0.0577,-0.0626,-1.6526,-0.1167,0.0000,0.1122,0.1122,0.4307
5.763,2.3253,0.0577,-0.0626,-1.6406,-0.1167,0.0000,0.1122,0.1122,0.4306
5.768,2.3219,0.0577,-0.0626,-1.6224,-0.1167,0.0000,0.1122,0.1122,0.4306
5.775,2.2717,0.1253,-0.0625,-1.5923,-0.1154,0.0000,0.0824,0.0824,0.4305
5.779,2.2064,0.1253,-0.0625,-1.5761,-0.1154,0.0000,0.0824,0.0824,0.4303
5.783,2.1432,0.1253,-0.0625,-1.5599,-0.1154,0.0000,0.0824,0.0824,0.4302
5.787,2.0891,0.1253,-0.0624,-1.5458,-0.1154,0.0000,0.0824,0.0824,0.4301
5.790,2.0321,0.1253,-0.0624,-1.5304,-0.1154,0.0000,0.0824,0.0824,0.4301
5.798,1.9651,0.1653,-0.0624,-1.4992,-0.1148,0.0000,0.0529,0.0529,0.4300
5.803,1.8829,0.1653,-0.0623,-1.4746,-0.1148,0.0000,0.0529,0.0529,0.4298
5.807,1.8342,0.1653,-0.0623,-1.4593,-0.1148,0.0000,0.0529,0.0529,0.4297
5.810,1.7909,0.1653,-0.0623,-1.4453,-0.1148,0.0000,0.0529,0.0529,0.4296
5.813,1.7602,0.1772,-0.0622,-1.4309,-0.1148,0.0000,0.0224,0.0224,0.4296
5.818,1.7038,0.1772,-0.0622,-1.4108,-0.1148,0.0000,0.0224,0.0224,0.4295
5.821,1.6594,0.1772,-0.0622,-1.3941,-0.1148,0.0000,0.0224,0.0224,0.4294
5.825,1.6195,0.1772,-0.0621,-1.3783,-0.1148,0.0000,0.0224,0.0224,0.4293
5.828,1.5833,0.1772,-0.0621,-1.3631,-0.1148,0.0000,0.0224,0.0224,0.4292
5.832,1.5466,0.1772,-0.0621,-1.3466,-0.1148,0.0000,0.0224,0.0224,0.4291
5.836,1.5025,0.1703,-0.0620,-1.3328,-0.1189,0.0000,0.0677,0.0677,0.4290
5.840,1.4660,0.1703,-0.0620,-1.3139,-0.1189,0.0000,0.0677,0.0677,0.4290
5.843,1.4383,0.1703,-0.0620,-1.2981,-0.1189,0.0000,0.0677,0.0677,0.4289
5.846,1.4132,0.1703,-0.0619,-1.2826,-0.1189,0.0000,0.0677,0.0677,0.4288
5.850,1.3876,0.1703,-0.0619,-1.2652,-0.1189,0.0000,0.0677,0.0677,0.4288
5.853,1.3401,0.1454,-0.0619,-1.2479,-0.1193,0.0000,0.0280,0.0280,0.4287
5.857,1.3189,0.1454,-0.0619,-1.2285,-0.1193,0.0000,0.0280,0.0280,0.4286
5.861,1.3040,0.1454,-0.0618,-1.2122,-0.1193,0.0000,0.0280,0.0280,0.4285
5.864,1.2912,0.1454,-0.0618,-1.1951,-0.1193,0.0000,0.0280,0.0280,0.4284
5.870,1.2770,0.1454,-0.0618,-1.1669,-0.1193,0.0000,0.0280,0.0280,0.4284
5.877,1.2472,0.1228,-0.0618,-1.1294,-0.1197,0.0000,-0.0137,-0.0137,0.4282
5.881,1.2497,0.1228,-0.0617,-1.1072,-0.1197,0.0000,-0.0137,-0.0137,0.4281
5.885,1.2565,0.1228,-0.0617,-1.0877,-0.1197,0.0000,-0.0137,-0.0137,0.4280
5.889,1.2657,0.1228,-0.0617,-1.0706,-0.1197,0.0000,-0.0137,-0.0137,0.4279
5.892,1.2777,0.1228,-0.0617,-1.0538,-0.1197,0.0000,-0.0137,-0.0137,0.4278
5.895,1.2729,0.1022,-0.0616,-1.0353,-0.1199,0.0000,-0.0580,-0.0580,0.4277
5.900,1.3002,0.1022,-0.0616,-1.0102,-0.1199,0.0000,-0.0580,-0.0580,0.4276
5.904,1.3280,0.1022,-0.0616,-0.9898,-0.1199,0.0000,-0.0580,-0.0580,0.4275
5.907,1.3565,0.1022,-0.0616,-0.9721,-0.1199,0.0000,-0.0580,-0.0580,0.4274
5.910,1.3869,0.1022,-0.0616,-0.9558,-0.1199,0.0000,-0.0580,-0.0580,0.4274
5.914,1.4004,0.0835,-0.0616,-0.9382,-0.1195,0.0000,-0.1159,-0.1159,0.4273
5.918,1.4419,0.0835,-0.0615,-0.9140,-0.1195,0.0000,-0.1159,-0.1159,0.4272
5.921,1.4720,0.0835,-0.0615,-0.8958,-0.1195,0.0000,-0.1159,-0.1159,0.4271
5.925,1.5008,0.0835,-0.0615,-0.8774,-0.1195,0.0000,-0.1159,-0.1159,0.4270
5.928,1.5296,0.0835,-0.0615,-0.8587,-0.1195,0.0000,-0.1159,-0.1159,0.4269
5.932,1.5599,0.0835,-0.0615,-0.8382,-0.1195,0.0000,-0.1159,-0.1159,0.4268
5.935,1.5734,0.0665,-0.0615,-0.8160,-0.1189,0.0000,-0.1780,-0.1780,0.4267
5.939,1.6054,0.0665,-0.0615,-0.7928,-0.1189,0.0000,-0.1780,-0.1780,0.4266
5.943,1.6323,0.0665,-0.0615,-0.7725,-0.1189,0.0000,-0.1780,-0.1780,0.4265
5.951,1.6959,0.0665,-0.0615,-0.7209,-0.1189,0.0000,-0.1780,-0.1780,0.4264
5.956,1.7198,0.0503,-0.0614,-0.6878,-0.1201,0.0000,-0.1840,-0.1840,0.4261
5.961,1.7514,0.0503,-0.0614,-0.6593,-0.1201,0.0000,-0.1840,-0.1840,0.4260
5.964,1.7764,0.0503,-0.0614,-0.6359,-0.1201,0.0000,-0.1840,-0.1840,0.4258
5.968,1.8013,0.0503,-0.0614,-0.6118,-0.1201,0.0000,-0.1840,-0.1840,0.4257
5.971,1.8235,0.0503,-0.0614,-0.5895,-0.1201,0.0000,-0.1840,-0.1840,0.4256
5.975,1.8297,0.0355,-0.0614,-0.5687,-0.1212,0.0000,-0.1831,-0.1831,0.4255
5.980,1.8617,0.0355,-0.0614,-0.5334,-0.1212,0.0000,-0.1831,-0.1831,0.4254
5.987,1.9089,0.0355,-0.0614,-0.4767,-0.1212,0.0000,-0.1831,-0.1831,0.4253
5.992,1.9346,0.0355,-0.0614,-0.4445,-0.1212,0.0000,-0.1831,-0.1831,0.4251
5.996,1.9458,0.0220,-0.0614,-0.4126,-0.1222,0.0000,-0.1785,-0.1785,0.4249
6.001,1.9706,0.0220,-0.0614,-0.3780,-0.1222,0.0000,-0.1785,-0.1785,0.4248
6.004,1.9890,0.0220,-0.0614,-0.3514,-0.1222,0.0000,-0.1785,-0.1785,0.4247
6.007,2.0070,0.0220,-0.0614,-0.3241,-0.1222,0.0000,-0.1785,-0.1785,0.4246
6.011,2.0267,0.0220,-0.0614,-0.2931,-0.1222,0.0000,-0.1785,-0.1785,0.4245
6.016,2.0318,0.0000,-0.0614,-0.2481,-0.1229,0.0000,-0.1791,-0.1791,0.4244
6.021,2.0543,0.0000,-0.0614,-0.2081,-0.1229,0.0000,-0.1791,-0.1791,0.4243
6.025,2.0724,0.0000,-0.0614,-0.1744,-0.1229,0.0000,-0.1791,-0.1791,0.4241
6.029,2.0904,0.0000,-0.0614,-0.1391,-0.1229,0.0000,-0.1791,-0.1791,0.4240
6.033,2.0993,-0.0104,-0.0614,-0.0995,-0.1232,0.0000,-0.1858,-0.1858,0.4239
6.037,2.1172,-0.0104,-0.0615,-0.0605,-0.1232,0.0000,-0.1858,-0.1858,0.4238
6.040,2.1324,-0.0104,-0.0615,-0.0259,-0.1232,0.0000,-0.1858,-0.1858,0.4237
6.044,2.1205,-0.0104,-0.0615,0.0121,-0.1232,0.0000,-0.1858,-0.1858,0.4236
6.047,2.0470,-0.0104,-0.0615,0.0477,-0.1232,0.0000,-0.1858,-0.1858,0.4235
6.051,1.9611,-0.0104,-0.0615,0.0887,-0.1232,0.0000,-0.1858,-0.1858,0.4234
6.055,1.8706,-0.0198,-0.0615,0.1267,-0.1234,0.0000,-0.1980,-0.1980,0.4233
6.059,1.7828,-0.0198,-0.0615,0.1679,-0.1234,0.0000,-0.1980,-0.1980,0.4232
6.062,1.7067,-0.0198,-0.0615,0.2035,-0.1234,0.0000,-0.1980,-0.1980,0.4231
6.066,1.6212,-0.0198,-0.0615,0.2436,-0.1234,0.0000,-0.1980,-0.1980,0.4230
6.069,1.5376,-0.0198,-0.0615,0.2828,-0.1234,0.0000,-0.1980,-0.1980,0.4229
6.073,1.4454,-0.0281,-0.0615,0.3226,-0.1231,0.0000,-0.2267,-0.2267,0.4228
6.076,1.3525,-0.0281,-0.0615,0.3586,-0.1231,0.0000,-0.2267,-0.2267,0.4227
6.080,1.2738,-0.0281,-0.0615,0.3682,-0.1231,0.0000,-0.2267,-0.2267,0.4226
6.085,1.1442,-0.0281,-0.0615,0.3315,-0.1231,0.0000,-0.2267,-0.2267,0.4225
6.092,0.9670,-0.0281,-0.0615,0.1898,-0.1231,0.0000,-0.2267,-0.2267,0.4224
6.096,0.8730,-0.0350,-0.0615,0.1010,-0.1218,0.0000,-0.3052,-0.3052,0.4222
6.104,0.6807,-0.0350,-0.0615,-0.2081,-0.1218,0.0000,-0.3052,-0.3052,0.4221
6.109,0.5669,-0.0350,-0.0615,-0.4272,-0.1218,0.0000,-0.3052,-0.3052,0.4218
6.112,0.4767,-0.0412,-0.0615,-0.5833,-0.1205,0.0000,-0.3886,-0.3886,0.4217
6.117,0.3843,-0.0412,-0.0615,-0.7507,-0.1205,0.0000,-0.3886,-0.3886,0.4215
6.121,0.3052,-0.0412,-0.0615,-0.8897,-0.1205,0.0000,-0.3886,-0.3886,0.4214
6.124,0.2376,-0.0412,-0.0615,-1.0052,-0.1205,0.0000,-0.3886,-0.3886,0.4212
6.127,0.1728,-0.0412,-0.0615,-1.1128,-0.1205,0.0000,-0.3886,-0.3886,0.4211
6.130,0.1093,-0.0412,-0.0615,-1.2151,-0.1205,0.0000,-0.3886,-0.3886,0.4210
6.134,0.0281,-0.0465,-0.0615,-1.3318,-0.1195,0.0000,-0.4709,-0.4709,0.4209
6.138,-0.0461,-0.0465,-0.0615,-1.4424,-0.1195,0.0000,-0.4709,-0.4709,0.4208
6.142,-0.1074,-0.0465,-0.0615,-1.5306,-0.1195,0.0000,-0.4709,-0.4709,0.4206
6.145,-0.1667,-0.0465,-0.0615,-1.6128,-0.1195,0.0000,-0.4709,-0.4709,0.4205
6.149,-0.2304,-0.0465,-0.0615,-1.6972,-0.1195,0.0000,-0.4709,-0.4709,0.4204
6.152,-0.2977,-0.0465,-0.0615,-1.7821,-0.1195,0.0000,-0.4709,-0.4709,0.4202
6.156,-0.3596,-0.0515,-0.0615,-1.8510,-0.1197,0.0000,-0.5195,-0.5195,0.4201
6.160,-0.4213,-0.0515,-0.0616,-1.9215,-0.1197,0.0000,-0.5195,-0.5195,0.4199
6.163,-0.4740,-0.0515,-0.0616,-1.9787,-0.1197,0.0000,-0.5195,-0.5195,0.4198
6.166,-0.5323,-0.0515,-0.0616,-2.0383,-0.1197,0.0000,-0.5195,-0.5195,0.4197
6.170,-0.5838,-0.0515,-0.0616,-2.0879,-0.1197,0.0000,-0.5195,-0.5195,0.4195
6.173,-0.6384,-0.0558,-0.0616,-2.1337,-0.1200,0.0000,-0.5697,-0.5697,0.4194
6.177,-0.6959,-0.0558,-0.0616,-2.1816,-0.1200,0.0000,-0.5697,-0.5697,0.4192
6.180,-0.7422,-0.0558,-0.0616,-2.2175,-0.1200,0.0000,-0.5697,-0.5697,0.4191
6.184,-0.8025,-0.0558,-0.0616,-2.2595,-0.1200,0.0000,-0.5697,-0.5697,0.4189
6.189,-0.8659,-0.0558,-0.0617,-2.2982,-0.1200,0.0000,-0.5697,-0.5697,0.4188
6.196,-0.9601,-0.0595,-0.0617,-2.3423,-0.1204,0.0000,-0.6244,-0.6244,0.4186
6.201,-1.0229,-0.0595,-0.0617,-2.3667,-0.1204,0.0000,-0.6244,-0.6244,0.4183
6.205,-1.0809,-0.0595,-0.0617,-2.3839,-0.1204,0.0000,-0.6244,-0.6244,0.4181
6.209,-1.1275,-0.0595,-0.0617,-2.3942,-0.1204,0.0000,-0.6244,-0.6244,0.4179
6.213,-1.1755,-0.0627,-0.0617,-2.4012,-0.1210,0.0000,-0.6780,-0.6780,0.4177
6.217,-1.2269,-0.0627,-0.0618,-2.4040,-0.1210,0.0000,-0.6780,-0.6780,0.4175
6.221,-1.2673,-0.0627,-0.0618,-2.4031,-0.1210,0.0000,-0.6780,-0.6780,0.4174
6.224,-1.3050,-0.0627,-0.0618,-2.3996,-0.1210,0.0000,-0.6780,-0.6780,0.4172
6.227,-1.3415,-0.0627,-0.0618,-2.3937,-0.1210,0.0000,-0.6780,-0.6780,0.4170
6.231,-1.3830,-0.0627,-0.0618,-2.3835,-0.1210,0.0000,-0.6780,-0.6780,0.4169
6.235,-1.4253,-0.0653,-0.0618,-2.3713,-0.1218,0.0000,-0.7294,-0.7294,0.4167
6.239,-1.4640,-0.0653,-0.0618,-2.3554,-0.1218,0.0000,-0.7294,-0.7294,0.4165
6.242,-1.4961,-0.0653,-0.0618,-2.3399,-0.1218,0.0000,-0.7294,-0.7294,0.4164
6.246,-1.5312,-0.0653,-0.0619,-2.3201,-0.1218,0.0000,-0.7294,-0.7294,0.4162
6.253,-1.6052,-0.0675,-0.0619,-2.2687,-0.1228,0.0000,-0.7822,-0.7822,0.4160
6.258,-1.6505,-0.0675,-0.0619,-2.2305,-0.1228,0.0000,-0.7822,-0.7822,0.4157
6.262,-1.6810,-0.0675,-0.0619,-2.2024,-0.1228,0.0000,-0.7822,-0.7822,0.4154
6.265,-1.7141,-0.0675,-0.0619,-2.1690,-0.1228,0.0000,-0.7822,-0.7822,0.4153
6.269,-1.7443,-0.0675,-0.0619,-2.1359,-0.1228,0.0000,-0.7822,-0.7822,0.4151
6.272,-1.7712,-0.0675,-0.0620,-2.1044,-0.1228,0.0000,-0.7822,-0.7822,0.4149
6.276,-1.7998,-0.0693,-0.0620,-2.0721,-0.1239,0.0000,-0.8326,-0.8326,0.4148
6.280,-1.8321,-0.0693,-0.0620,-2.0285,-0.1239,0.0000,-0.8326,-0.8326,0.4146
6.284,-1.8620,-0.0693,-0.0620,-1.9860,-0.1239,0.0000,-0.8326,-0.8326,0.4144
6.287,-1.8880,-0.0693,-0.0620,-1.9465,-0.1239,0.0000,-0.8326,-0.8326,0.4142
6.292,-1.9227,-0.0693,-0.0620,-1.8899,-0.1239,0.0000,-0.8326,-0.8326,0.4140
6.299,-1.9777,-0.0707,-0.0620,-1.7937,-0.1248,0.0000,-0.8903,-0.8903,0.4138
6.303,-2.0052,-0.0707,-0.0621,-1.7411,-0.1248,0.0000,-0.8903,-0.8903,0.4134
6.306,-2.0277,-0.0707,-0.0621,-1.6962,-0.1248,0.0000,-0.8903,-0.8903,0.4132
6.310,-2.0511,-0.0707,-0.0621,-1.6475,-0.1248,0.0000,-0.8903,-0.8903,0.4130
6.313,-2.0741,-0.0717,-0.0621,-1.6011,-0.1260,0.0000,-0.9450,-0.9450,0.4129
6.318,-2.0933,-0.0717,-0.0621,-1.5384,-0.1260,0.0000,-0.9450,-0.9450,0.4127
6.321,-2.0954,-0.0717,-0.0621,-1.4886,-0.1260,0.0000,-0.9450,-0.9450,0.4125
6.325,-2.0968,-0.0717,-0.0622,-1.4344,-0.1260,0.0000,-0.9450,-0.9450,0.4123
6.328,-2.0974,-0.0717,-0.0622,-1.3816,-0.1260,0.0000,-0.9450,-0.9450,0.4121
6.332,-2.0972,-0.0717,-0.0622,-1.3202,-0.1260,0.0000,-0.9450,-0.9450,0.4119
6.336,-2.0970,-0.0723,-0.0622,-1.2652,-0.1268,0.0000,-1.0081,-1.0081,0.4117
6.340,-2.0950,-0.0723,-0.0622,-1.1991,-0.1268,0.0000,-1.0081,-1.0081,0.4115
6.343,-2.0927,-0.0723,-0.0622,-1.1452,-0.1268,0.0000,-1.0081,-1.0081,0.4113
6.347,-2.0900,-0.0723,-0.0622,-1.0925,-0.1268,0.0000,-1.0081,-1.0081,0.4111
6.350,-2.0862,-0.0723,-0.0622,-1.0313,-0.1268,0.0000,-1.0081,-1.0081,0.4109
6.354,-2.0826,-0.0727,-0.0623,-0.9763,-0.1280,0.0000,-1.0667,-1.0667,0.4107
6.359,-2.0758,-0.0727,-0.0623,-0.8936,-0.1280,0.0000,-1.0667,-1.0667,0.4105
6.362,-2.0696,-0.0727,-0.0623,-0.8267,-0.1280,0.0000,-1.0667,-1.0667,0.4102
6.366,-2.0627,-0.0727,-0.0623,-0.7579,-0.1280,0.0000,-1.0667,-1.0667,0.4100
6.370,-2.0561,-0.0727,-0.0623,-0.6985,-0.1280,0.0000,-1.0667,-1.0667,0.4098
6.373,-2.0494,-0.0728,-0.0623,-0.6413,-0.1291,0.0000,-1.1265,-1.1265,0.4096
6.377,-2.0412,-0.0728,-0.0623,-0.5750,-0.1291,0.0000,-1.1265,-1.1265,0.4094
6.380,-2.0335,-0.0728,-0.0624,-0.5153,-0.1291,0.0000,-1.1265,-1.1265,0.4091
6.384,-2.0240,-0.0728,-0.0624,-0.4458,-0.1291,0.0000,-1.1265,-1.1265,0.4090
6.388,-2.0154,-0.0728,-0.0624,-0.3855,-0.1291,0.0000,-1.1265,-1.1265,0.4087
6.391,-2.0063,-0.0728,-0.0624,-0.3236,-0.1291,0.0000,-1.1265,-1.1265,0.4085
6.395,-1.9969,-0.0727,-0.0624,-0.2642,-0.1306,0.0000,-1.1797,-1.1797,0.4083
6.399,-1.9842,-0.0727,-0.0624,-0.1839,-0.1306,0.0000,-1.1797,-1.1797,0.4081
6.408,-1.9575,-0.0727,-0.0624,-0.0207,-0.1306,0.0000,-1.1797,-1.1797,0.4079
6.416,-1.9305,-0.0725,-0.0625,0.1310,-0.1328,0.0000,-1.2251,-1.2251,0.4073
6.420,-1.9157,-0.0725,-0.0625,0.2122,-0.1328,0.0000,-1.2251,-1.2251,0.4068
6.424,-1.9029,-0.0725,-0.0625,0.2803,-0.1328,0.0000,-1.2251,-1.2251,0.4066
6.427,-1.8908,-0.0725,-0.0625,0.3441,-0.1328,0.0000,-1.2251,-1.2251,0.4064
6.430,-1.8788,-0.0725,-0.0625,0.4063,-0.1328,0.0000,-1.2251,-1.2251,0.4062
6.434,-1.8644,-0.0721,-0.0625,0.4754,-0.1355,0.0000,-1.2626,-1.2626,0.4060
6.438,-1.8498,-0.0721,-0.0625,0.5487,-0.1355,0.0000,-1.2626,-1.2626,0.4057
6.441,-1.8372,-0.0721,-0.0626,0.6116,-0.1355,0.0000,-1.2626,-1.2626,0.4055
6.445,-1.8243,-0.0721,-0.0626,0.6750,-0.1355,0.0000,-1.2626,-1.2626,0.4053
6.449,-1.8090,-0.0721,-0.0626,0.7495,-0.1355,0.0000,-1.2626,-1.2626,0.4051
6.453,-1.7919,-0.0714,-0.0626,0.8268,-0.1368,0.0000,-1.3174,-1.3174,0.4048
6.456,-1.7763,-0.0714,-0.0626,0.9012,-0.1368,0.0000,-1.3174,-1.3174,0.4046
6.460,-1.7632,-0.0714,-0.0626,0.9632,-0.1368,0.0000,-1.3174,-1.3174,0.4043
6.463,-1.7498,-0.0714,-0.0626,1.0262,-0.1368,0.0000,-1.3174,-1.3174,0.4041
6.467,-1.7346,-0.0714,-0.0626,1.0968,-0.1368,0.0000,-1.3174,-1.3174,0.4039
6.471,-1.7185,-0.0714,-0.0627,1.1715,-0.1368,0.0000,-1.3174,-1.3174,0.4037
6.474,-1.7028,-0.0707,-0.0627,1.2383,-0.1387,0.0000,-1.3648,-1.3648,0.4034
6.478,-1.6868,-0.0707,-0.0627,1.3112,-0.1387,0.0000,-1.3648,-1.3648,0.4032
6.481,-1.6721,-0.0707,-0.0627,1.3785,-0.1387,0.0000,-1.3648,-1.3648,0.4030
6.485,-1.6556,-0.0707,-0.0627,1.4531,-0.1387,0.0000,-1.3648,-1.3648,0.4027
6.489,-1.6413,-0.0707,-0.0627,1.5176,-0.1387,0.0000,-1.3648,-1.3648,0.4025
6.492,-1.6268,-0.0707,-0.0627,1.5830,-0.1387,0.0000,-1.3648,-1.3648,0.4023
6.496,-1.6105,-0.0699,-0.0627,1.6502,-0.1414,0.0000,-1.4025,-1.4025,0.4021
6.500,-1.5916,-0.0699,-0.0627,1.7351,-0.1414,0.0000,-1.4025,-1.4025,0.4018
6.505,-1.5710,-0.0699,-0.0628,1.8271,-0.1414,0.0000,-1.4025,-1.4025,0.4016
6.509,-1.5506,-0.0699,-0.0628,1.9184,-0.1414,0.0000,-1.4025,-1.4025,0.4012
6.517,-1.5171,-0.0692,-0.0628,2.0620,-0.1449,0.0000,-1.4306,-1.4306,0.4009
6.521,-1.4969,-0.0692,-0.0628,2.1523,-0.1449,0.0000,-1.4306,-1.4306,0.4005
6.525,-1.4795,-0.0692,-0.0628,2.2295,-0.1449,0.0000,-1.4306,-1.4306,0.4002
6.529,-1.4615,-0.0692,-0.0628,2.3096,-0.1449,0.0000,-1.4306,-1.4306,0.3999
6.534,-1.4410,-0.0682,-0.0628,2.3941,-0.1477,0.0000,-1.4656,-1.4656,0.3996
6.538,-1.4226,-0.0682,-0.0628,2.4759,-0.1477,0.0000,-1.4656,-1.4656,0.3993
6.541,-1.4087,-0.0682,-0.0629,2.5380,-0.1477,0.0000,-1.4656,-1.4656,0.3991
6.545,-1.3945,-0.0682,-0.0629,2.6013,-0.1477,0.0000,-1.4656,-1.4656,0.3989
6.549,-1.3781,-0.0682,-0.0629,2.6743,-0.1477,0.0000,-1.4656,-1.4656,0.3986
6.552,-1.3605,-0.0672,-0.0629,2.7458,-0.1503,0.0000,-1.5028,-1.5028,0.3984
6.560,-1.3267,-0.0672,-0.0629,2.8994,-0.1503,0.0000,-1.5028,-1.5028,0.3981
6.565,-1.3059,-0.0672,-0.0629,2.9929,-0.1503,0.0000,-1.5028,-1.5028,0.3976
6.569,-1.2911,-0.0672,-0.0629,3.0595,-0.1503,0.0000,-1.5028,-1.5028,0.3973
6.572,-1.2771,-0.0672,-0.0629,3.1231,-0.1503,0.0000,-1.5028,-1.5028,0.3971
6.575,-1.2624,-0.0662,-0.0630,3.1813,-0.1537,0.0000,-1.5299,-1.5299,0.3969
6.579,-1.2465,-0.0662,-0.0630,3.2537,-0.1537,0.0000,-1.5299,-1.5299,0.3966
6.583,-1.2315,-0.0662,-0.0630,3.3220,-0.1537,0.0000,-1.5299,-1.5299,0.3964
6.586,-1.2172,-0.0662,-0.0630,3.3870,-0.1537,0.0000,-1.5299,-1.5299,0.3962
6.590,-1.2039,-0.0662,-0.0630,3.4478,-0.1537,0.0000,-1.5299,-1.5299,0.3959
6.593,-1.1884,-0.0653,-0.0630,3.5106,-0.1578,0.0000,-1.5457,-1.5457,0.3957
6.597,-1.1721,-0.0653,-0.0630,3.5855,-0.1578,0.0000,-1.5457,-1.5457,0.3955
6.601,-1.1573,-0.0653,-0.0630,3.6536,-0.1578,0.0000,-1.5457,-1.5457,0.3952
6.604,-1.1440,-0.0653,-0.0630,3.7153,-0.1578,0.0000,-1.5457,-1.5457,0.3950
6.608,-1.1313,-0.0653,-0.0630,3.7742,-0.1578,0.0000,-1.5457,-1.5457,0.3948
6.611,-1.1171,-0.0653,-0.0630,3.8400,-0.1578,0.0000,-1.5457,-1.5457,0.3945
6.617,-1.0944,-0.0644,-0.0630,3.9374,-0.1626,0.0000,-1.5506,-1.5506,0.3943
6.625,-1.0623,-0.0644,-0.0631,4.0891,-0.1626,0.0000,-1.5506,-1.5506,0.3940
6.629,-1.0466,-0.0644,-0.0631,4.1629,-0.1626,0.0000,-1.5506,-1.5506,0.3934
6.634,-1.0287,-0.0635,-0.0631,4.2380,-0.1680,0.0000,-1.5451,-1.5451,0.3932
6.640,-1.0058,-0.0635,-0.0631,4.3468,-0.1680,0.0000,-1.5451,-1.5451,0.3929
6.644,-0.9902,-0.0635,-0.0631,4.4212,-0.1680,0.0000,-1.5451,-1.5451,0.3925
6.649,-0.9736,-0.0635,-0.0631,4.5006,-0.1680,0.0000,-1.5451,-1.5451,0.3922
6.654,-0.9553,-0.0626,-0.0631,4.5779,-0.1738,0.0000,-1.5293,-1.5293,0.3919
6.659,-0.9360,-0.0626,-0.0631,4.6709,-0.1738,0.0000,-1.5293,-1.5293,0.3916
6.664,-0.9185,-0.0626,-0.0632,4.7548,-0.1738,0.0000,-1.5293,-1.5293,0.3913
6.670,-0.8978,-0.0626,-0.0632,4.8548,-0.1738,0.0000,-1.5293,-1.5293,0.3910
6.676,-0.8774,-0.0617,-0.0632,4.9424,-0.1800,0.0000,-1.5033,-1.5033,0.3907
6.682,-0.8578,-0.0617,-0.0632,5.0169,-0.1800,0.0000,-1.5033,-1.5033,0.3903
6.687,-0.8410,-0.0617,-0.0632,5.0657,-0.1800,0.0000,-1.5033,-1.5033,0.3900
6.693,-0.8228,-0.0608,-0.0632,5.0933,-0.1864,0.0000,-1.4675,-1.4675,0.3897
6.699,-0.8033,-0.0608,-0.0632,5.1102,-0.1864,0.0000,-1.4675,-1.4675,0.3894
6.704,-0.7869,-0.0608,-0.0632,5.1089,-0.1864,0.0000,-1.4675,-1.4675,0.3890
6.717,-0.7481,-0.0599,-0.0632,5.0143,-0.1930,0.0000,-1.4222,-1.4222,0.3888
6.724,-0.7279,-0.0599,-0.0633,4.9413,-0.1930,0.0000,-1.4222,-1.4222,0.3881
6.730,-0.7097,-0.0599,-0.0633,4.8705,-0.1930,0.0000,-1.4222,-1.4222,0.3878
6.743,-0.6714,-0.0589,-0.0633,4.7208,-0.1982,0.0000,-1.3850,-1.3850,0.3874
6.751,-0.6503,-0.0589,-0.0633,4.6402,-0.1982,0.0000,-1.3850,-1.3850,0.3868
6.758,-0.6187,-0.0438,-0.0633,4.5739,-0.2024,0.0000,-1.3460,-1.3460,0.3864
6.765,-0.6001,-0.0438,-0.0633,4.5044,-0.2024,0.0000,-1.3460,-1.3460,0.3861
6.772,-0.5837,-0.0438,-0.0633,4.4435,-0.2024,0.0000,-1.3460,-1.3460,0.3858
6.777,-0.5409,-0.0148,-0.0633,4.3891,-0.2060,0.0000,-1.2975,-1.2975,0.3855
6.785,-0.5237,-0.0148,-0.0633,4.3267,-0.2060,0.0000,-1.2975,-1.2975,0.3852
6.790,-0.5121,-0.0148,-0.0633,4.2847,-0.2060,0.0000,-1.2975,-1.2975,0.3849
6.794,-0.4549,0.0323,-0.0633,4.2463,-0.2084,0.0000,-1.2451,-1.2451,0.3847
6.800,-0.4424,0.0323,-0.0633,4.2020,-0.2084,0.0000,-1.2451,-1.2451,0.3845
6.806,-0.4305,0.0323,-0.0633,4.1601,-0.2084,0.0000,-1.2451,-1.2451,0.3843
6.810,-0.4215,0.0323,-0.0633,4.1288,-0.2084,0.0000,-1.2451,-1.2451,0.3841
6.815,-0.3505,0.0928,-0.0633,4.0913,-0.2095,0.0000,-1.1934,-1.1934,0.3839
6.820,-0.3404,0.0928,-0.0632,4.0566,-0.2095,0.0000,-1.1934,-1.1934,0.3838
6.824,-0.3316,0.0928,-0.0632,4.0266,-0.2095,0.0000,-1.1934,-1.1934,0.3836
6.829,-0.3232,0.0928,-0.0632,3.9980,-0.2095,0.0000,-1.1934,-1.1934,0.3834
6.834,-0.2376,0.1689,-0.0632,3.9661,-0.2098,0.0000,-1.1314,-1.1314,0.3833
6.839,-0.2286,0.1689,-0.0631,3.9363,-0.2098,0.0000,-1.1314,-1.1314,0.3831
6.843,-0.2195,0.1689,-0.0631,3.9064,-0.2098,0.0000,-1.1314,-1.1314,0.3830
6.851,-0.2050,0.1689,-0.0630,3.8596,-0.2098,0.0000,-1.1314,-1.1314,0.3828
6.855,-0.1101,0.2570,-0.0630,3.8376,-0.2096,0.0000,-1.0593,-1.0593,0.3826
6.866,-0.0922,0.2570,-0.0629,3.7816,-0.2096,0.0000,-1.0593,-1.0593,0.3825
6.871,-0.0830,0.2570,-0.0628,3.7532,-0.2096,0.0000,-1.0593,-1.0593,0.3822
6.875,0.0247,0.3587,-0.0627,3.7357,-0.2089,0.0000,-0.9770,-0.9770,0.3820
6.879,0.0317,0.3587,-0.0626,3.7147,-0.2089,0.0000,-0.9770,-0.9770,0.3819
6.884,0.0380,0.3587,-0.0625,3.6958,-0.2089,0.0000,-0.9770,-0.9770,0.3818
6.887,0.0433,0.3587,-0.0625,3.6804,-0.2089,0.0000,-0.9770,-0.9770,0.3818
6.891,0.0486,0.3587,-0.0624,3.6647,-0.2089,0.0000,-0.9770,-0.9770,0.3817
6.894,0.1238,0.4288,-0.0623,3.6497,-0.2092,0.0000,-0.8856,-0.8856,0.3816
6.898,0.1299,0.4288,-0.0623,3.6324,-0.2092,0.0000,-0.8856,-0.8856,0.3815
6.902,0.1352,0.4288,-0.0622,3.6175,-0.2092,0.0000,-0.8856,-0.8856,0.3815
6.906,0.1405,0.4288,-0.0621,3.6027,-0.2092,0.0000,-0.8856,-0.8856,0.3814
6.909,0.1454,0.4288,-0.0620,3.5891,-0.2092,0.0000,-0.8856,-0.8856,0.3813
6.913,0.1923,0.4708,-0.0619,3.5745,-0.2107,0.0000,-0.7851,-0.7851,0.3813
6.917,0.1983,0.4708,-0.0619,3.5587,-0.2107,0.0000,-0.7851,-0.7851,0.3812
6.921,0.2028,0.4708,-0.0618,3.5469,-0.2107,0.0000,-0.7851,-0.7851,0.3812
6.924,0.2073,0.4708,-0.0617,3.5351,-0.2107,0.0000,-0.7851,-0.7851,0.3811
6.928,0.2116,0.4708,-0.0616,3.5243,-0.2107,0.0000,-0.7851,-0.7851,0.3811
6.931,0.2159,0.4708,-0.0615,3.5134,-0.2107,0.0000,-0.7851,-0.7851,0.3810
6.935,0.2375,0.4878,-0.0614,3.5013,-0.2115,0.0000,-0.7108,-0.7108,0.3810
6.939,0.2424,0.4878,-0.0614,3.4896,-0.2115,0.0000,-0.7108,-0.7108,0.3810
6.943,0.2471,0.4878,-0.0613,3.4785,-0.2115,0.0000,-0.7108,-0.7108,0.3809
6.948,0.2536,0.4878,-0.0612,3.4636,-0.2115,0.0000,-0.7108,-0.7108,0.3809
6.958,0.2555,0.4786,-0.0610,3.4381,-0.2132,0.0000,-0.6316,-0.6316,0.3809
6.962,0.2604,0.4786,-0.0608,3.4278,-0.2132,0.0000,-0.6316,-0.6316,0.3808
6.966,0.2647,0.4786,-0.0607,3.4191,-0.2132,0.0000,-0.6316,-0.6316,0.3808
6.970,0.2687,0.4786,-0.0606,3.4111,-0.2132,0.0000,-0.6316,-0.6316,0.3808
6.974,0.2383,0.4445,-0.0606,3.4018,-0.2156,0.0000,-0.5438,-0.5438,0.3808
6.977,0.2423,0.4445,-0.0605,3.3944,-0.2156,0.0000,-0.5438,-0.5438,0.3808
6.981,0.2457,0.4445,-0.0604,3.3883,-0.2156,0.0000,-0.5438,-0.5438,0.3808
6.985,0.2495,0.4445,-0.0603,3.3818,-0.2156,0.0000,-0.5438,-0.5438,0.3808
6.988,0.2529,0.4445,-0.0603,3.3761,-0.2156,0.0000,-0.5438,-0.5438,0.3808
6.991,0.2560,0.4445,-0.0602,3.3712,-0.2156,0.0000,-0.5438,-0.5438,0.3808
6.995,0.2106,0.3961,-0.0601,3.3647,-0.2175,0.0000,-0.4769,-0.4769,0.3808
6.999,0.2146,0.3961,-0.0601,3.3588,-0.2175,0.0000,-0.4769,-0.4769,0.3808
7.003,0.2179,0.3961,-0.0600,3.3543,-0.2175,0.0000,-0.4769,-0.4769,0.3808
7.007,0.2216,0.3961,-0.0599,3.3495,-0.2175,0.0000,-0.4769,-0.4769,0.3808
7.014,0.1752,0.3432,-0.0599,3.3406,-0.2191,0.0000,-0.4054,-0.4054,0.3808
7.021,0.1808,0.3432,-0.0598,3.3352,-0.2191,0.0000,-0.4054,-0.4054,0.3809
7.025,0.1839,0.3432,-0.0597,3.3325,-0.2191,0.0000,-0.4054,-0.4054,0.3809
7.028,0.1865,0.3432,-0.0596,3.3304,-0.2191,0.0000,-0.4054,-0.4054,0.3809
7.031,0.1894,0.3432,-0.0596,3.3284,-0.2191,0.0000,-0.4054,-0.4054,0.3810
7.036,0.1436,0.2942,-0.0595,3.3253,-0.2203,0.0000,-0.3257,-0.3257,0.3810
7.040,0.1466,0.2942,-0.0595,3.3238,-0.2203,0.0000,-0.3257,-0.3257,0.3810
7.046,0.1514,0.2942,-0.0594,3.3224,-0.2203,0.0000,-0.3257,-0.3257,0.3811
7.057,0.1137,0.2488,-0.0593,3.3219,-0.2210,0.0000,-0.2387,-0.2387,0.3811
7.067,0.1208,0.2488,-0.0592,3.3244,-0.2210,0.0000,-0.2387,-0.2387,0.3813
7.071,0.1234,0.2488,-0.0591,3.3257,-0.2210,0.0000,-0.2387,-0.2387,0.3815
7.074,0.0835,0.2066,-0.0591,3.3271,-0.2210,0.0000,-0.1454,-0.1454,0.3815
7.078,0.0859,0.2066,-0.0591,3.3290,-0.2210,0.0000,-0.1454,-0.1454,0.3816
7.082,0.0882,0.2066,-0.0591,3.3311,-0.2210,0.0000,-0.1454,-0.1454,0.3817
7.085,0.0904,0.2066,-0.0590,3.3335,-0.2210,0.0000,-0.1454,-0.1454,0.3817
7.089,0.0925,0.2066,-0.0590,3.3359,-0.2210,0.0000,-0.1454,-0.1454,0.3818
7.092,0.0944,0.2066,-0.0590,3.3385,-0.2210,0.0000,-0.1454,-0.1454,0.3819
7.095,0.0572,0.1675,-0.0590,3.3421,-0.2204,0.0000,-0.0486,-0.0486,0.3819
7.100,0.0599,0.1675,-0.0589,3.3467,-0.2204,0.0000,-0.0486,-0.0486,0.3820
7.104,0.0619,0.1675,-0.0589,3.3505,-0.2204,0.0000,-0.0486,-0.0486,0.3821
7.107,0.0637,0.1675,-0.0589,3.3541,-0.2204,0.0000,-0.0486,-0.0486,0.3822
7.110,0.0654,0.1675,-0.0589,3.3580,-0.2204,0.0000,-0.0486,-0.0486,0.3823
7.114,0.0312,0.1314,-0.0589,3.3640,-0.2192,0.0000,0.0472,0.0472,0.3824
7.119,0.0338,0.1314,-0.0589,3.3708,-0.2192,0.0000,0.0472,0.0472,0.3825
7.122,0.0355,0.1314,-0.0588,3.3756,-0.2192,0.0000,0.0472,0.0472,0.3826
7.125,0.0371,0.1314,-0.0588,3.3806,-0.2192,0.0000,0.0472,0.0472,0.3827
7.129,0.0388,0.1314,-0.0588,3.3861,-0.2192,0.0000,0.0472,0.0472,0.3828
7.133,0.0082,0.0988,-0.0588,3.3951,-0.2171,0.0000,0.1116,0.1116,0.3829
7.137,0.0101,0.0988,-0.0588,3.4024,-0.2171,0.0000,0.1116,0.1116,0.3830
7.140,0.0117,0.0988,-0.0588,3.4084,-0.2171,0.0000,0.1116,0.1116,0.3831
7.144,0.0132,0.0988,-0.0588,3.4148,-0.2171,0.0000,0.1116,0.1116,0.3832
7.147,0.0148,0.0988,-0.0588,3.4218,-0.2171,0.0000,0.1116,0.1116,0.3833
7.151,0.0164,0.0988,-0.0588,3.4295,-0.2171,0.0000,0.1116,0.1116,0.3834
7.156,-0.0117,0.0687,-0.0588,3.4425,-0.2143,0.0000,0.1766,0.1766,0.3835
7.164,-0.0080,0.0687,-0.0588,3.4635,-0.2143,0.0000,0.1766,0.1766,0.3837
7.172,-0.0313,0.0421,-0.0588,3.4880,-0.2110,0.0000,0.2088,0.2088,0.3840
7.178,-0.0293,0.0421,-0.0588,3.5017,-0.2110,0.0000,0.2088,0.2088,0.3842
7.181,-0.0280,0.0421,-0.0588,3.5112,-0.2110,0.0000,0.2088,0.2088,0.3844
7.185,-0.0266,0.0421,-0.0589,3.5218,-0.2110,0.0000,0.2088,0.2088,0.3845
7.188,-0.0254,0.0421,-0.0589,3.5313,-0.2110,0.0000,0.2088,0.2088,0.3847
7.192,-0.0241,0.0421,-0.0589,3.5420,-0.2110,0.0000,0.2088,0.2088,0.3848
7.196,-0.0473,0.0176,-0.0589,3.5567,-0.2074,0.0000,0.2430,0.2430,0.3849
7.200,-0.0458,0.0176,-0.0589,3.5702,-0.2074,0.0000,0.2430,0.2430,0.3850
7.203,-0.0447,0.0176,-0.0589,3.5813,-0.2074,0.0000,0.2430,0.2430,0.3852
7.207,-0.0435,0.0176,-0.0589,3.5924,-0.2074,0.0000,0.2430,0.2430,0.3853
7.210,-0.0424,0.0176,-0.0589,3.6039,-0.2074,0.0000,0.2430,0.2430,0.3854
7.214,-0.0588,0.0000,-0.0590,3.6205,-0.2035,0.0000,0.2838,0.2838,0.3855
7.218,-0.0574,0.0000,-0.0590,3.6365,-0.2035,0.0000,0.2838,0.2838,0.3857
7.222,-0.0563,0.0000,-0.0590,3.6493,-0.2035,0.0000,0.2838,0.2838,0.3858
7.225,-0.0552,0.0000,-0.0590,3.6621,-0.2035,0.0000,0.2838,0.2838,0.3860
7.229,-0.0543,0.0000,-0.0590,3.6744,-0.2035,0.0000,0.2838,0.2838,0.3861
7.232,-0.0532,0.0000,-0.0590,3.6883,-0.2035,0.0000,0.2838,0.2838,0.3862
7.236,-0.0738,-0.0215,-0.0590,3.7058,-0.1995,0.0000,0.3301,0.3301,0.3863
7.241,-0.0724,-0.0215,-0.0590,3.7254,-0.1995,0.0000,0.3301,0.3301,0.3865
7.245,-0.0713,-0.0215,-0.0591,3.7417,-0.1995,0.0000,0.3301,0.3301,0.3866
7.248,-0.0704,-0.0215,-0.0591,3.7574,-0.1995,0.0000,0.3301,0.3301,0.3868
7.252,-0.0694,-0.0215,-0.0591,3.7732,-0.1995,0.0000,0.3301,0.3301,0.3869
7.255,-0.0881,-0.0411,-0.0591,3.7922,-0.1954,0.0000,0.3710,0.3710,0.3871
7.259,-0.0871,-0.0411,-0.0591,3.8096,-0.1954,0.0000,0.3710,0.3710,0.3872
7.264,-0.0860,-0.0411,-0.0591,3.8294,-0.1954,0.0000,0.3710,0.3710,0.3873
7.271,-0.0842,-0.0411,-0.0591,3.8655,-0.1954,0.0000,0.3710,0.3710,0.3875
7.275,-0.1003,-0.0581,-0.0592,3.8897,-0.1916,0.0000,0.3932,0.3932,0.3878
7.280,-0.0992,-0.0581,-0.0592,3.9131,-0.1916,0.0000,0.3932,0.3932,0.3880
7.284,-0.0982,-0.0581,-0.0592,3.9350,-0.1916,0.0000,0.3932,0.3932,0.3882
7.288,-0.0974,-0.0581,-0.0592,3.9552,-0.1916,0.0000,0.3932,0.3932,0.3883
7.292,-0.0965,-0.0581,-0.0593,3.9772,-0.1916,0.0000,0.3932,0.3932,0.3885
7.296,-0.1113,-0.0737,-0.0593,4.0018,-0.1879,0.0000,0.4171,0.4171,0.3886
7.301,-0.1104,-0.0737,-0.0593,4.0260,-0.1879,0.0000,0.4171,0.4171,0.3888
7.304,-0.1097,-0.0737,-0.0593,4.0451,-0.1879,0.0000,0.4171,0.4171,0.3890
7.307,-0.1091,-0.0737,-0.0594,4.0636,-0.1879,0.0000,0.4171,0.4171,0.3891
7.311,-0.1085,-0.0737,-0.0594,4.0819,-0.1879,0.0000,0.4171,0.4171,0.3892
7.314,-0.1222,-0.0882,-0.0594,4.1071,-0.1844,0.0000,0.4464,0.4464,0.3894
7.323,-0.1207,-0.0882,-0.0594,4.1578,-0.1844,0.0000,0.4464,0.4464,0.3895
7.327,-0.1199,-0.0882,-0.0595,4.1870,-0.1844,0.0000,0.4464,0.4464,0.3898
7.331,-0.1192,-0.0882,-0.0595,4.2091,-0.1844,0.0000,0.4464,0.4464,0.3900
7.335,-0.1320,-0.1016,-0.0596,4.2389,-0.1814,0.0000,0.4810,0.4810,0.3902
7.339,-0.1313,-0.1016,-0.0596,4.2649,-0.1814,0.0000,0.4810,0.4810,0.3903
7.342,-0.1308,-0.1016,-0.0596,4.2865,-0.1814,0.0000,0.4810,0.4810,0.3905
7.346,-0.1303,-0.1016,-0.0596,4.3078,-0.1814,0.0000,0.4810,0.4810,0.3906
7.349,-0.1297,-0.1016,-0.0597,4.3338,-0.1814,0.0000,0.4810,0.4810,0.3908
7.353,-0.1375,-0.1100,-0.0597,4.3603,-0.1791,0.0000,0.4496,0.4496,0.3909
7.357,-0.1369,-0.1100,-0.0597,4.3877,-0.1791,0.0000,0.4496,0.4496,0.3911
7.360,-0.1364,-0.1100,-0.0598,4.4108,-0.1791,0.0000,0.4496,0.4496,0.3912
7.364,-0.1359,-0.1100,-0.0598,4.4373,-0.1791,0.0000,0.4496,0.4496,0.3913
7.368,-0.1353,-0.1100,-0.0598,4.4660,-0.1791,0.0000,0.4496,0.4496,0.3915
7.372,-0.1347,-0.1100,-0.0599,4.4994,-0.1791,0.0000,0.4496,0.4496,0.3916
7.379,-0.1408,-0.1171,-0.0599,4.5560,-0.1772,0.0000,0.4160,0.4160,0.3918
7.384,-0.1402,-0.1171,-0.0599,4.5906,-0.1772,0.0000,0.4160,0.4160,0.3921
7.387,-0.1398,-0.1171,-0.0600,4.6184,-0.1772,0.0000,0.4160,0.4160,0.3922
7.391,-0.1394,-0.1171,-0.0600,4.6445,-0.1772,0.0000,0.4160,0.4160,0.3924
7.395,-0.1454,-0.1236,-0.0600,4.6795,-0.1757,0.0000,0.3900,0.3900,0.3925
7.400,-0.1448,-0.1236,-0.0601,4.7205,-0.1757,0.0000,0.3900,0.3900,0.3926
7.404,-0.1443,-0.1236,-0.0601,4.7541,-0.1757,0.0000,0.3900,0.3900,0.3928
7.407,-0.1439,-0.1236,-0.0601,4.7843,-0.1757,0.0000,0.3900,0.3900,0.3929
7.411,-0.1435,-0.1236,-0.0602,4.8124,-0.1757,0.0000,0.3900,0.3900,0.3930
7.414,-0.1491,-0.1296,-0.0602,4.8448,-0.1746,0.0000,0.3713,0.3713,0.3932
7.419,-0.1487,-0.1296,-0.0602,4.8827,-0.1746,0.0000,0.3713,0.3713,0.3933
7.422,-0.1483,-0.1296,-0.0603,4.9120,-0.1746,0.0000,0.3713,0.3713,0.3934
7.425,-0.1480,-0.1296,-0.0603,4.9408,-0.1746,0.0000,0.3713,0.3713,0.3935
7.429,-0.1476,-0.1296,-0.0603,4.9719,-0.1746,0.0000,0.3713,0.3713,0.3936
7.432,-0.1472,-0.1296,-0.0604,5.0067,-0.1746,0.0000,0.3713,0.3713,0.3937
7.436,-0.1489,-0.1316,-0.0604,5.0401,-0.1738,0.0000,0.3053,0.3053,0.3939
7.440,-0.1485,-0.1316,-0.0604,5.0763,-0.1738,0.0000,0.3053,0.3053,0.3940
7.443,-0.1482,-0.1316,-0.0605,5.1083,-0.1738,0.0000,0.3053,0.3053,0.3941
7.446,-0.1479,-0.1316,-0.0605,5.1405,-0.1738,0.0000,0.3053,0.3053,0.3942
7.450,-0.1475,-0.1316,-0.0605,5.1773,-0.1738,0.0000,0.3053,0.3053,0.3943
7.454,-0.1486,-0.1329,-0.0605,5.2101,-0.1732,0.0000,0.2422,0.2422,0.3944
7.458,-0.1482,-0.1329,-0.0606,5.2408,-0.1732,0.0000,0.2422,0.2422,0.3944
7.461,-0.1479,-0.1329,-0.0606,5.2615,-0.1732,0.0000,0.2422,0.2422,0.3945
7.465,-0.1476,-0.1329,-0.0606,5.2794,-0.1732,0.0000,0.2422,0.2422,0.3946
7.472,-0.1483,-0.1342,-0.0607,5.2939,-0.1731,0.0000,0.1894,0.1894,0.3947
7.479,-0.1478,-0.1342,-0.0607,5.2891,-0.1731,0.0000,0.1894,0.1894,0.3949
7.487,-0.1472,-0.1342,-0.0608,5.2618,-0.1731,0.0000,0.1894,0.1894,0.3950
7.491,-0.1469,-0.1342,-0.0608,5.2455,-0.1731,0.0000,0.1894,0.1894,0.3952
7.494,-0.1480,-0.1355,-0.0609,5.2258,-0.1735,0.0000,0.1466,0.1466,0.3953
7.498,-0.1477,-0.1355,-0.0609,5.1958,-0.1735,0.0000,0.1466,0.1466,0.3954
7.502,-0.1475,-0.1355,-0.0609,5.1666,-0.1735,0.0000,0.1466,0.1466,0.3954
7.505,-0.1472,-0.1355,-0.0610,5.1401,-0.1735,0.0000,0.1466,0.1466,0.3955
7.509,-0.1470,-0.1355,-0.0610,5.1140,-0.1735,0.0000,0.1466,0.1466,0.3956
7.512,-0.1468,-0.1355,-0.0610,5.0911,-0.1735,0.0000,0.1466,0.1466,0.3956
7.516,-0.1479,-0.1369,-0.0611,5.0668,-0.1743,0.0000,0.1135,0.1135,0.3957
7.520,-0.1477,-0.1369,-0.0611,5.0416,-0.1743,0.0000,0.1135,0.1135,0.3958
7.524,-0.1474,-0.1369,-0.0611,5.0208,-0.1743,0.0000,0.1135,0.1135,0.3958
7.527,-0.1472,-0.1369,-0.0611,5.0030,-0.1743,0.0000,0.1135,0.1135,0.3959
7.531,-0.1470,-0.1369,-0.0612,4.9865,-0.1743,0.0000,0.1135,0.1135,0.3960
7.535,-0.1454,-0.1355,-0.0612,4.9697,-0.1748,0.0000,0.0497,0.0497,0.3960
7.539,-0.1451,-0.1355,-0.0612,4.9534,-0.1748,0.0000,0.0497,0.0497,0.3961
7.542,-0.1450,-0.1355,-0.0613,4.9417,-0.1748,0.0000,0.0497,0.0497,0.3961
7.545,-0.1448,-0.1355,-0.0613,4.9313,-0.1748,0.0000,0.0497,0.0497,0.3961
7.549,-0.1446,-0.1355,-0.0613,4.9208,-0.1748,0.0000,0.0497,0.0497,0.3962
7.553,-0.1429,-0.1339,-0.0613,4.9110,-0.1756,0.0000,-0.0090,-0.0090,0.3962
7.557,-0.1427,-0.1339,-0.0614,4.9023,-0.1756,0.0000,-0.0090,-0.0090,0.3963
7.560,-0.1425,-0.1339,-0.0614,4.8961,-0.1756,0.0000,-0.0090,-0.0090,0.3963
7.563,-0.1423,-0.1339,-0.0614,4.8908,-0.1756,0.0000,-0.0090,-0.0090,0.3963
7.567,-0.1421,-0.1339,-0.0614,4.8858,-0.1756,0.0000,-0.0090,-0.0090,0.3964
7.570,-0.1420,-0.1339,-0.0615,4.8825,-0.1756,0.0000,-0.0090,-0.0090,0.3964
7.574,-0.1407,-0.1327,-0.0615,4.8790,-0.1768,0.0000,-0.0562,-0.0562,0.3964
7.578,-0.1405,-0.1327,-0.0615,4.8772,-0.1768,0.0000,-0.0562,-0.0562,0.3965
7.581,-0.1403,-0.1327,-0.0616,4.8765,-0.1768,0.0000,-0.0562,-0.0562,0.3965
7.585,-0.1401,-0.1327,-0.0616,4.8769,-0.1768,0.0000,-0.0562,-0.0562,0.3965
7.590,-0.1399,-0.1327,-0.0616,4.8788,-0.1768,0.0000,-0.0562,-0.0562,0.3966
7.597,-0.1363,-0.1294,-0.0616,4.8841,-0.1774,0.0000,-0.1274,-0.1274,0.3966
7.602,-0.1361,-0.1294,-0.0617,4.8891,-0.1774,0.0000,-0.1274,-0.1274,0.3966
7.605,-0.1360,-0.1294,-0.0617,4.8933,-0.1774,0.0000,-0.1274,-0.1274,0.3967
7.609,-0.1359,-0.1294,-0.0618,4.8981,-0.1774,0.0000,-0.1274,-0.1274,0.3967
7.612,-0.1358,-0.1294,-0.0618,4.9033,-0.1774,0.0000,-0.1274,-0.1274,0.3967
7.617,-0.1304,-0.1242,-0.0618,4.9125,-0.1774,0.0000,-0.2201,-0.2201,0.3967
7.625,-0.1301,-0.1242,-0.0618,4.9300,-0.1774,0.0000,-0.2201,-0.2201,0.3967
7.630,-0.1299,-0.1242,-0.0619,4.9412,-0.1774,0.0000,-0.2201,-0.2201,0.3967
7.634,-0.1252,-0.1196,-0.0619,4.9522,-0.1778,0.0000,-0.3013,-0.3013,0.3967
7.639,-0.1251,-0.1196,-0.0619,4.9631,-0.1778,0.0000,-0.3013,-0.3013,0.3967
7.642,-0.1250,-0.1196,-0.0620,4.9720,-0.1778,0.0000,-0.3013,-0.3013,0.3966
7.646,-0.1249,-0.1196,-0.0620,4.9814,-0.1778,0.0000,-0.3013,-0.3013,0.3966
7.649,-0.1247,-0.1196,-0.0620,4.9922,-0.1778,0.0000,-0.3013,-0.3013,0.3966
7.653,-0.1208,-0.1158,-0.0620,5.0018,-0.1786,0.0000,-0.3689,-0.3689,0.3966
7.657,-0.1207,-0.1158,-0.0621,5.0135,-0.1786,0.0000,-0.3689,-0.3689,0.3966
7.660,-0.1206,-0.1158,-0.0621,5.0232,-0.1786,0.0000,-0.3689,-0.3689,0.3965
7.664,-0.1205,-0.1158,-0.0621,5.0343,-0.1786,0.0000,-0.3689,-0.3689,0.3965
7.668,-0.1204,-0.1158,-0.0621,5.0457,-0.1786,0.0000,-0.3689,-0.3689,0.3965
7.671,-0.1203,-0.1158,-0.0621,5.0558,-0.1786,0.0000,-0.3689,-0.3689,0.3965
7.675,-0.1172,-0.1127,-0.0622,5.0648,-0.1799,0.0000,-0.4228,-0.4228,0.3964
7.678,-0.1171,-0.1127,-0.0622,5.0763,-0.1799,0.0000,-0.4228,-0.4228,0.3964
7.682,-0.1170,-0.1127,-0.0622,5.0876,-0.1799,0.0000,-0.4228,-0.4228,0.3964
7.686,-0.1169,-0.1127,-0.0622,5.0982,-0.1799,0.0000,-0.4228,-0.4228,0.3963
7.689,-0.1168,-0.1127,-0.0622,5.1081,-0.1799,0.0000,-0.4228,-0.4228,0.3963
7.693,-0.1143,-0.1103,-0.0623,5.1194,-0.1816,0.0000,-0.4636,-0.4636,0.3962
7.702,-0.1141,-0.1103,-0.0623,5.1446,-0.1816,0.0000,-0.4636,-0.4636,0.3962
7.705,-0.1141,-0.1103,-0.0623,5.1545,-0.1816,0.0000,-0.4636,-0.4636,0.3961
7.709,-0.1140,-0.1103,-0.0624,5.1635,-0.1816,0.0000,-0.4636,-0.4636,0.3960
7.712,-0.1139,-0.1103,-0.0624,5.1728,-0.1816,0.0000,-0.4636,-0.4636,0.3960
7.716,-0.1121,-0.1086,-0.0624,5.1804,-0.1837,0.0000,-0.4917,-0.4917,0.3960
7.720,-0.1120,-0.1086,-0.0624,5.1905,-0.1837,0.0000,-0.4917,-0.4917,0.3959
7.724,-0.1119,-0.1086,-0.0624,5.1996,-0.1837,0.0000,-0.4917,-0.4917,0.3959
7.727,-0.1119,-0.1086,-0.0625,5.2077,-0.1837,0.0000,-0.4917,-0.4917,0.3958
7.731,-0.1118,-0.1086,-0.0625,5.2153,-0.1837,0.0000,-0.4917,-0.4917,0.3958
7.735,-0.1105,-0.1074,-0.0625,5.2211,-0.1862,0.0000,-0.5077,-0.5077,0.3957
7.738,-0.1105,-0.1074,-0.0625,5.2288,-0.1862,0.0000,-0.5077,-0.5077,0.3957
7.742,-0.1104,-0.1074,-0.0625,5.2355,-0.1862,0.0000,-0.5077,-0.5077,0.3956
7.746,-0.1103,-0.1074,-0.0625,5.2419,-0.1862,0.0000,-0.5077,-0.5077,0.3956
7.750,-0.1103,-0.1074,-0.0626,5.2485,-0.1862,0.0000,-0.5077,-0.5077,0.3955
7.754,-0.1095,-0.1067,-0.0626,5.2512,-0.1890,0.0000,-0.5120,-0.5120,0.3955
7.758,-0.1094,-0.1067,-0.0626,5.2571,-0.1890,0.0000,-0.5120,-0.5120,0.3954
7.762,-0.1094,-0.1067,-0.0626,5.2612,-0.1890,0.0000,-0.5120,-0.5120,0.3953
7.766,-0.1093,-0.1067,-0.0626,5.2653,-0.1890,0.0000,-0.5120,-0.5120,0.3953
7.770,-0.1092,-0.1067,-0.0627,5.2684,-0.1890,0.0000,-0.5120,-0.5120,0.3952
7.777,-0.1059,-0.1034,-0.0627,5.2713,-0.1900,0.0000,-0.5532,-0.5532,0.3952
7.783,-0.1058,-0.1034,-0.0627,5.2728,-0.1900,0.0000,-0.5532,-0.5532,0.3951
7.786,-0.1058,-0.1034,-0.0627,5.2732,-0.1900,0.0000,-0.5532,-0.5532,0.3950
7.790,-0.1057,-0.1034,-0.0628,5.2730,-0.1900,0.0000,-0.5532,-0.5532,0.3949
7.793,-0.1020,-0.0997,-0.0628,5.2718,-0.1906,0.0000,-0.6018,-0.6018,0.3949
7.797,-0.1019,-0.0997,-0.0628,5.2704,-0.1906,0.0000,-0.6018,-0.6018,0.3948
7.802,-0.1018,-0.0997,-0.0628,5.2673,-0.1906,0.0000,-0.6018,-0.6018,0.3948
7.810,-0.1018,-0.0997,-0.0628,5.2593,-0.1906,0.0000,-0.6018,-0.6018,0.3947
7.814,-0.0986,-0.0966,-0.0629,5.2529,-0.1915,0.0000,-0.6389,-0.6389,0.3945
7.819,-0.0985,-0.0966,-0.0629,5.2466,-0.1915,0.0000,-0.6389,-0.6389,0.3944
7.822,-0.0985,-0.0966,-0.0629,5.2413,-0.1915,0.0000,-0.6389,-0.6389,0.3944
7.825,-0.0984,-0.0966,-0.0629,5.2357,-0.1915,0.0000,-0.6389,-0.6389,0.3943
7.829,-0.0984,-0.0966,-0.0629,5.2291,-0.1915,0.0000,-0.6389,-0.6389,0.3942
7.833,-0.0958,-0.0941,-0.0629,5.2196,-0.1929,0.0000,-0.6630,-0.6630,0.3942
7.837,-0.0958,-0.0941,-0.0630,5.2107,-0.1929,0.0000,-0.6630,-0.6630,0.3941
7.840,-0.0958,-0.0941,-0.0630,5.2025,-0.1929,0.0000,-0.6630,-0.6630,0.3940
7.843,-0.0957,-0.0941,-0.0630,5.1942,-0.1929,0.0000,-0.6630,-0.6630,0.3940
7.847,-0.0957,-0.0941,-0.0630,5.1853,-0.1929,0.0000,-0.6630,-0.6630,0.3939
7.851,-0.0957,-0.0941,-0.0630,5.1733,-0.1929,0.0000,-0.6630,-0.6630,0.3938
7.854,-0.0936,-0.0921,-0.0630,5.1608,-0.1947,0.0000,-0.6745,-0.6745,0.3937
7.858,-0.0936,-0.0921,-0.0630,5.1483,-0.1947,0.0000,-0.6745,-0.6745,0.3937
7.861,-0.0936,-0.0921,-0.0631,5.1372,-0.1947,0.0000,-0.6745,-0.6745,0.3936
7.865,-0.0935,-0.0921,-0.0631,5.1237,-0.1947,0.0000,-0.6745,-0.6745,0.3935
7.869,-0.0935,-0.0921,-0.0631,5.1099,-0.1947,0.0000,-0.6745,-0.6745,0.3935
7.872,-0.0935,-0.0921,-0.0631,5.0969,-0.1947,0.0000,-0.6745,-0.6745,0.3934
7.875,-0.0919,-0.0905,-0.0631,5.0819,-0.1968,0.0000,-0.6734,-0.6734,0.3933
7.879,-0.0918,-0.0905,-0.0631,5.0655,-0.1968,0.0000,-0.6734,-0.6734,0.3933
7.883,-0.0918,-0.0905,-0.0631,5.0488,-0.1968,0.0000,-0.6734,-0.6734,0.3932
7.887,-0.0918,-0.0905,-0.0631,5.0333,-0.1968,0.0000,-0.6734,-0.6734,0.3931
7.890,-0.0917,-0.0905,-0.0632,5.0181,-0.1968,0.0000,-0.6734,-0.6734,0.3930
7.893,-0.0904,-0.0892,-0.0632,5.0002,-0.1991,0.0000,-0.6602,-0.6602,0.3930
7.897,-0.0904,-0.0892,-0.0632,4.9811,-0.1991,0.0000,-0.6602,-0.6602,0.3929
7.901,-0.0904,-0.0892,-0.0632,4.9612,-0.1991,0.0000,-0.6602,-0.6602,0.3928
7.906,-0.0903,-0.0892,-0.0632,4.9368,-0.1991,0.0000,-0.6602,-0.6602,0.3928
7.913,-0.0892,-0.0881,-0.0632,4.8941,-0.2016,0.0000,-0.6351,-0.6351,0.3927
7.918,-0.0892,-0.0881,-0.0632,4.8634,-0.2016,0.0000,-0.6351,-0.6351,0.3926
7.922,-0.0892,-0.0881,-0.0633,4.8426,-0.2016,0.0000,-0.6351,-0.6351,0.3925
7.929,-0.0891,-0.0881,-0.0633,4.7973,-0.2016,0.0000,-0.6351,-0.6351,0.3924
7.934,-0.0881,-0.0872,-0.0633,4.7651,-0.2043,0.0000,-0.5981,-0.5981,0.3923
7.937,-0.0881,-0.0872,-0.0633,4.7408,-0.2043,0.0000,-0.5981,-0.5981,0.3922
7.941,-0.0881,-0.0872,-0.0633,4.7197,-0.2043,0.0000,-0.5981,-0.5981,0.3922
7.944,-0.0881,-0.0872,-0.0633,4.6959,-0.2043,0.0000,-0.5981,-0.5981,0.3921
7.948,-0.0881,-0.0872,-0.0634,4.6720,-0.2043,0.0000,-0.5981,-0.5981,0.3921
7.952,-0.0881,-0.0872,-0.0634,4.6470,-0.2043,0.0000,-0.5981,-0.5981,0.3920
7.955,-0.0871,-0.0863,-0.0634,4.6218,-0.2070,0.0000,-0.5498,-0.5498,0.3920
7.959,-0.0871,-0.0863,-0.0634,4.5950,-0.2070,0.0000,-0.5498,-0.5498,0.3919
7.962,-0.0871,-0.0863,-0.0634,4.5719,-0.2070,0.0000,-0.5498,-0.5498,0.3919
7.966,-0.0871,-0.0863,-0.0634,4.5443,-0.2070,0.0000,-0.5498,-0.5498,0.3918
7.969,-0.0871,-0.0863,-0.0634,4.5200,-0.2070,0.0000,-0.5498,-0.5498,0.3918
7.973,-0.0848,-0.0840,-0.0634,4.4950,-0.2075,0.0000,-0.5373,-0.5373,0.3918
7.977,-0.0848,-0.0840,-0.0634,4.4663,-0.2075,0.0000,-0.5373,-0.5373,0.3917
7.980,-0.0848,-0.0840,-0.0635,4.4413,-0.2075,0.0000,-0.5373,-0.5373,0.3917
7.984,-0.0847,-0.0840,-0.0635,4.4127,-0.2075,0.0000,-0.5373,-0.5373,0.3916
7.988,-0.0847,-0.0840,-0.0635,4.3818,-0.2075,0.0000,-0.5373,-0.5373,0.3916
7.992,-0.0847,-0.0840,-0.0635,4.3501,-0.2075,0.0000,-0.5373,-0.5373,0.3915
7.996,-0.0824,-0.0817,-0.0635,4.3244,-0.2078,0.0000,-0.5181,-0.5181,0.3915
8.000,-0.0824,-0.0817,-0.0635,4.2915,-0.2078,0.0000,-0.5181,-0.5181,0.3915
8.004,-0.0824,-0.0817,-0.0635,4.2611,-0.2078,0.0000,-0.5181,-0.5181,0.3914
8.008,-0.0824,-0.0817,-0.0635,4.2261,-0.2078,0.0000,-0.5181,-0.5181,0.3914
8.015,-0.0801,-0.0795,-0.0635,4.1670,-0.2081,0.0000,-0.4873,-0.4873,0.3913
8.020,-0.0801,-0.0795,-0.0636,4.1318,-0.2081,0.0000,-0.4873,-0.4873,0.3913
8.023,-0.0801,-0.0795,-0.0636,4.1037,-0.2081,0.0000,-0.4873,-0.4873,0.3913
8.027,-0.0801,-0.0795,-0.0636,4.0744,-0.2081,0.0000,-0.4873,-0.4873,0.3912
8.032,-0.0800,-0.0795,-0.0636,4.0303,-0.2081,0.0000,-0.4873,-0.4873,0.3912
8.037,-0.0777,-0.0772,-0.0636,3.9931,-0.2082,0.0000,-0.4456,-0.4456,0.3912
8.041,-0.0777,-0.0772,-0.0636,3.9597,-0.2082,0.0000,-0.4456,-0.4456,0.3911
8.044,-0.0777,-0.0772,-0.0636,3.9321,-0.2082,0.0000,-0.4456,-0.4456,0.3911
8.048,-0.0777,-0.0772,-0.0636,3.9041,-0.2082,0.0000,-0.4456,-0.4456,0.3911
8.052,-0.0777,-0.0772,-0.0636,3.8684,-0.2082,0.0000,-0.4456,-0.4456,0.3911
8.055,-0.0648,-0.0643,-0.0636,3.8395,-0.2080,0.0000,-0.3935,-0.3935,0.3910
8.059,-0.0648,-0.0643,-0.0637,3.8069,-0.2080,0.0000,-0.3935,-0.3935,0.3910
8.063,-0.0648,-0.0643,-0.0637,3.7789,-0.2080,0.0000,-0.3935,-0.3935,0.3910
8.067,-0.0647,-0.0643,-0.0637,3.7418,-0.2080,0.0000,-0.3935,-0.3935,0.3910
8.070,-0.0647,-0.0643,-0.0637,3.7138,-0.2080,0.0000,-0.3935,-0.3935,0.3910
8.074,-0.0330,-0.0325,-0.0637,3.6852,-0.2077,0.0000,-0.3317,-0.3317,0.3910
8.082,-0.0329,-0.0325,-0.0637,3.6148,-0.2077,0.0000,-0.3317,-0.3317,0.3910
8.087,-0.0329,-0.0325,-0.0637,3.5762,-0.2077,0.0000,-0.3317,-0.3317,0.3910
8.090,-0.0329,-0.0325,-0.0637,3.5484,-0.2077,0.0000,-0.3317,-0.3317,0.3910
8.093,0.0158,0.0162,-0.0636,3.5212,-0.2071,0.0000,-0.2606,-0.2606,0.3910
8.098,0.0158,0.0162,-0.0636,3.4849,-0.2071,0.0000,-0.2606,-0.2606,0.3910
8.102,0.0158,0.0162,-0.0636,3.4533,-0.2071,0.0000,-0.2606,-0.2606,0.3910
8.105,0.0158,0.0162,-0.0636,3.4260,-0.2071,0.0000,-0.2606,-0.2606,0.3910
8.109,0.0158,0.0162,-0.0636,3.3895,-0.2071,0.0000,-0.2606,-0.2606,0.3910
8.113,0.0809,0.0812,-0.0636,3.3574,-0.2060,0.0000,-0.1811,-0.1811,0.3910
8.119,0.0809,0.0812,-0.0636,3.3106,-0.2060,0.0000,-0.1811,-0.1811,0.3911
8.126,0.0809,0.0812,-0.0636,3.2498,-0.2060,0.0000,-0.1811,-0.1811,0.3911
8.130,0.0809,0.0812,-0.0635,3.2207,-0.2060,0.0000,-0.1811,-0.1811,0.3912
8.133,0.1608,0.1611,-0.0635,3.1922,-0.2043,0.0000,-0.0934,-0.0934,0.3912
8.138,0.1608,0.1611,-0.0635,3.1584,-0.2043,0.0000,-0.0934,-0.0934,0.3912
8.141,0.1608,0.1611,-0.0634,3.1316,-0.2043,0.0000,-0.0934,-0.0934,0.3913
8.144,0.1608,0.1611,-0.0634,3.1050,-0.2043,0.0000,-0.0934,-0.0934,0.3913
8.148,0.1609,0.1611,-0.0634,3.0767,-0.2043,0.0000,-0.0934,-0.0934,0.3914
8.151,0.1609,0.1611,-0.0633,3.0472,-0.2043,0.0000,-0.0934,-0.0934,0.3914
8.155,0.2545,0.2547,-0.0633,3.0226,-0.2018,0.0000,0.0015,0.0015,0.3914
8.159,0.2545,0.2547,-0.0633,2.9894,-0.2018,0.0000,0.0015,0.0015,0.3915
8.162,0.2545,0.2547,-0.0632,2.9631,-0.2018,0.0000,0.0015,0.0015,0.3916
8.166,0.2545,0.2547,-0.0632,2.9340,-0.2018,0.0000,0.0015,0.0015,0.3916
8.169,0.2545,0.2547,-0.0631,2.9064,-0.2018,0.0000,0.0015,0.0015,0.3917
8.173,0.3615,0.3617,-0.0631,2.8838,-0.1986,0.0000,0.1030,0.1030,0.3917
8.178,0.3615,0.3617,-0.0630,2.8466,-0.1986,0.0000,0.1030,0.1030,0.3918
8.181,0.3615,0.3617,-0.0629,2.8168,-0.1986,0.0000,0.1030,0.1030,0.3919
8.185,0.3615,0.3617,-0.0628,2.7873,-0.1986,0.0000,0.1030,0.1030,0.3920
8.189,0.3615,0.3617,-0.0628,2.7617,-0.1986,0.0000,0.1030,0.1030,0.3921
8.192,0.3615,0.3617,-0.0627,2.7363,-0.1986,0.0000,0.1030,0.1030,0.3921
8.195,0.4769,0.4771,-0.0626,2.7162,-0.1944,0.0000,0.2100,0.2100,0.3922
8.199,0.4769,0.4771,-0.0626,2.6834,-0.1944,0.0000,0.2100,0.2100,0.3923
8.203,0.4769,0.4771,-0.0625,2.6557,-0.1944,0.0000,0.2100,0.2100,0.3924
8.207,0.4769,0.4771,-0.0624,2.6273,-0.1944,0.0000,0.2100,0.2100,0.3925
8.210,0.4769,0.4771,-0.0623,2.6021,-0.1944,0.0000,0.2100,0.2100,0.3926
8.214,0.6040,0.6042,-0.0622,2.5826,-0.1892,0.0000,0.3222,0.3222,0.3927
8.218,0.6040,0.6042,-0.0621,2.5499,-0.1892,0.0000,0.3222,0.3222,0.3928
8.223,0.6040,0.6042,-0.0620,2.5151,-0.1892,0.0000,0.3222,0.3222,0.3929
8.231,0.6041,0.6042,-0.0618,2.4591,-0.1892,0.0000,0.3222,0.3222,0.3930
8.238,0.7376,0.7377,-0.0616,2.4076,-0.1830,0.0000,0.4388,0.4388,0.3933
8.244,0.7376,0.7377,-0.0613,2.3674,-0.1830,0.0000,0.4388,0.4388,0.3936
8.248,0.7376,0.7377,-0.0611,2.3372,-0.1830,0.0000,0.4388,0.4388,0.3938
8.252,0.8500,0.8502,-0.0610,2.3172,-0.1758,0.0000,0.5591,0.5591,0.3939
8.257,0.8500,0.8502,-0.0608,2.2887,-0.1758,0.0000,0.5591,0.5591,0.3941
8.260,0.8500,0.8502,-0.0606,2.2665,-0.1758,0.0000,0.5591,0.5591,0.3943
8.263,0.8500,0.8502,-0.0605,2.2447,-0.1758,0.0000,0.5591,0.5591,0.3944
8.267,0.8500,0.8502,-0.0604,2.2181,-0.1758,0.0000,0.5591,0.5591,0.3945
8.271,0.8500,0.8502,-0.0602,2.1969,-0.1758,0.0000,0.5591,0.5591,0.3947
8.275,0.9352,0.9353,-0.0601,2.1867,-0.1678,0.0000,0.6816,0.6816,0.3948
8.280,0.9352,0.9353,-0.0599,2.1752,-0.1678,0.0000,0.6816,0.6816,0.3950
8.284,0.9352,0.9353,-0.0597,2.1693,-0.1678,0.0000,0.6816,0.6816,0.3952
8.287,0.9352,0.9353,-0.0595,2.1683,-0.1678,0.0000,0.6816,0.6816,0.3954
8.291,0.9352,0.9353,-0.0593,2.1707,-0.1678,0.0000,0.6816,0.6816,0.3956
8.294,0.9860,0.9861,-0.0592,2.1851,-0.1593,0.0000,0.8057,0.8057,0.3957
8.299,0.9860,0.9861,-0.0590,2.2004,-0.1593,0.0000,0.8057,0.8057,0.3959
8.303,0.9860,0.9861,-0.0588,2.2157,-0.1593,0.0000,0.8057,0.8057,0.3962
8.306,0.9860,0.9861,-0.0586,2.2324,-0.1593,0.0000,0.8057,0.8057,0.3964
8.310,0.9860,0.9861,-0.0585,2.2509,-0.1593,0.0000,0.8057,0.8057,0.3965
8.313,1.0098,1.0099,-0.0583,2.2810,-0.1504,0.0000,0.9297,0.9297,0.3967
8.318,1.0098,1.0099,-0.0582,2.3153,-0.1504,0.0000,0.9297,0.9297,0.3969
8.321,1.0098,1.0099,-0.0580,2.3395,-0.1504,0.0000,0.9297,0.9297,0.3972
8.324,1.0098,1.0099,-0.0578,2.3637,-0.1504,0.0000,0.9297,0.9297,0.3973
8.328,1.0098,1.0099,-0.0576,2.3841,-0.1504,0.0000,0.9297,0.9297,0.3975
8.333,1.0092,1.0093,-0.0575,2.4228,-0.1412,0.0000,1.0514,1.0514,0.3977
8.340,1.0092,1.0093,-0.0573,2.4640,-0.1412,0.0000,1.0514,1.0514,0.3980
8.344,1.0092,1.0093,-0.0569,2.4802,-0.1412,0.0000,1.0514,1.0514,0.3985
8.348,1.0092,1.0093,-0.0568,2.4962,-0.1412,0.0000,1.0514,1.0514,0.3987
8.351,1.0092,1.0093,-0.0566,2.5113,-0.1412,0.0000,1.0514,1.0514,0.3989
8.355,0.9856,0.9857,-0.0564,2.5329,-0.1320,0.0000,1.1691,1.1691,0.3992
8.359,0.9856,0.9857,-0.0563,2.5464,-0.1320,0.0000,1.1691,1.1691,0.3994
8.362,0.9856,0.9857,-0.0561,2.5570,-0.1320,0.0000,1.1691,1.1691,0.3997
8.366,0.9856,0.9857,-0.0560,2.5680,-0.1320,0.0000,1.1691,1.1691,0.3999
8.369,0.9856,0.9857,-0.0558,2.5768,-0.1320,0.0000,1.1691,1.1691,0.4001
8.373,0.9387,0.9387,-0.0557,2.5933,-0.1229,0.0000,1.2818,1.2818,0.4004
8.376,0.9387,0.9387,-0.0555,2.6013,-0.1229,0.0000,1.2818,1.2818,0.4006
8.380,0.9387,0.9387,-0.0554,2.6073,-0.1229,0.0000,1.2818,1.2818,0.4009
8.384,0.9387,0.9387,-0.0553,2.6134,-0.1229,0.0000,1.2818,1.2818,0.4011
8.391,0.9387,0.9387,-0.0551,2.6185,-0.1229,0.0000,1.2818,1.2818,0.4014
8.396,0.8750,0.8751,-0.0548,2.6287,-0.1138,0.0000,1.3879,1.3879,0.4019
8.400,0.8750,0.8751,-0.0546,2.6280,-0.1138,0.0000,1.3879,1.3879,0.4022
8.404,0.8750,0.8751,-0.0545,2.6262,-0.1138,0.0000,1.3879,1.3879,0.4026
8.407,0.8750,0.8751,-0.0544,2.6237,-0.1138,0.0000,1.3879,1.3879,0.4028
8.411,0.8750,0.8751,-0.0542,2.6198,-0.1138,0.0000,1.3879,1.3879,0.4031
8.414,0.7905,0.7906,-0.0541,2.6241,-0.1049,0.0000,1.4867,1.4867,0.4033
8.419,0.7905,0.7906,-0.0540,2.6165,-0.1049,0.0000,1.4867,1.4867,0.4036
8.422,0.7905,0.7906,-0.0539,2.6100,-0.1049,0.0000,1.4867,1.4867,0.4039
8.425,0.7905,0.7906,-0.0538,2.6026,-0.1049,0.0000,1.4867,1.4867,0.4042
8.429,0.7905,0.7906,-0.0537,2.5947,-0.1049,0.0000,1.4867,1.4867,0.4044
8.432,0.7905,0.7906,-0.0536,2.5852,-0.1049,0.0000,1.4867,1.4867,0.4047
8.437,0.6929,0.6929,-0.0535,2.5813,-0.0961,0.0000,1.5774,1.5774,0.4050
8.445,0.6929,0.6929,-0.0533,2.5585,-0.0961,0.0000,1.5774,1.5774,0.4053
8.449,0.6929,0.6929,-0.0532,2.5456,-0.0961,0.0000,1.5774,1.5774,0.4060
8.453,0.5978,0.5979,-0.0530,2.5425,-0.0876,0.0000,1.6598,1.6598,0.4063
8.457,0.5978,0.5979,-0.0530,2.5300,-0.0876,0.0000,1.6598,1.6598,0.4066
8.460,0.5978,0.5979,-0.0529,2.5196,-0.0876,0.0000,1.6598,1.6598,0.4070
8.464,0.5978,0.5979,-0.0528,2.5094,-0.0876,0.0000,1.6598,1.6598,0.4072
8.467,0.5979,0.5979,-0.0528,2.4971,-0.0876,0.0000,1.6598,1.6598,0.4075
8.471,0.5979,0.5979,-0.0527,2.4860,-0.0876,0.0000,1.6598,1.6598,0.4078
8.474,0.5104,0.5104,-0.0526,2.4830,-0.0793,0.0000,1.7326,1.7326,0.4081
8.478,0.5104,0.5104,-0.0526,2.4700,-0.0793,0.0000,1.7326,1.7326,0.4084
8.482,0.5104,0.5104,-0.0525,2.4579,-0.0793,0.0000,1.7326,1.7326,0.4087
8.486,0.5104,0.5104,-0.0524,2.4447,-0.0793,0.0000,1.7326,1.7326,0.4090
8.489,0.5104,0.5104,-0.0524,2.4335,-0.0793,0.0000,1.7326,1.7326,0.4094
8.492,0.5104,0.5104,-0.0523,2.4224,-0.0793,0.0000,1.7326,1.7326,0.4096
8.496,0.4299,0.4299,-0.0523,2.4190,-0.0714,0.0000,1.7956,1.7956,0.4099
8.507,0.4299,0.4299,-0.0523,2.3775,-0.0714,0.0000,1.7956,1.7956,0.4102
8.515,0.3560,0.3560,-0.0521,2.3568,-0.0638,0.0000,1.8485,1.8485,0.4111
8.526,0.3560,0.3560,-0.0521,2.3106,-0.0638,0.0000,1.8485,1.8485,0.4118
8.533,0.2882,0.2882,-0.0520,2.2913,-0.0567,0.0000,1.8906,1.8906,0.4128
8.539,0.2882,0.2882,-0.0520,2.2651,-0.0567,0.0000,1.8906,1.8906,0.4134
8.548,0.2882,0.2882,-0.0520,2.2221,-0.0567,0.0000,1.8906,1.8906,0.4139
8.557,0.2261,0.2261,-0.0519,2.1896,-0.0500,0.0000,1.9223,1.9223,0.4147
8.561,0.2261,0.2261,-0.0519,2.1714,-0.0500,0.0000,1.9223,1.9223,0.4155
8.565,0.2261,0.2261,-0.0519,2.1525,-0.0500,0.0000,1.9223,1.9223,0.4158
8.569,0.2261,0.2261,-0.0519,2.1339,-0.0500,0.0000,1.9223,1.9223,0.4162
8.573,0.1693,0.1693,-0.0519,2.1233,-0.0439,0.0000,1.9435,1.9435,0.4166
8.577,0.1693,0.1693,-0.0519,2.1042,-0.0439,0.0000,1.9435,1.9435,0.4169
8.581,0.1693,0.1693,-0.0519,2.0863,-0.0439,0.0000,1.9435,1.9435,0.4172
8.586,0.1693,0.1693,-0.0519,2.0682,-0.0439,0.0000,1.9435,1.9435,0.4176
8.589,0.1693,0.1693,-0.0520,2.0529,-0.0439,0.0000,1.9435,1.9435,0.4180
8.593,0.1175,0.1175,-0.0520,2.0431,-0.0383,0.0000,1.9547,1.9547,0.4183
8.598,0.1175,0.1175,-0.0520,2.0193,-0.0383,0.0000,1.9547,1.9547,0.4186
8.603,0.1175,0.1175,-0.0520,1.9989,-0.0383,0.0000,1.9547,1.9547,0.4190
8.607,0.1175,0.1175,-0.0520,1.9837,-0.0383,0.0000,1.9547,1.9547,0.4194
8.611,0.1175,0.1175,-0.0520,1.9688,-0.0383,0.0000,1.9547,1.9547,0.4198
8.615,0.0703,0.0703,-0.0521,1.9567,-0.0331,0.0000,1.9554,1.9554,0.4201
8.619,0.0703,0.0703,-0.0521,1.9375,-0.0331,0.0000,1.9554,1.9554,0.4204
8.623,0.0703,0.0703,-0.0521,1.9227,-0.0331,0.0000,1.9554,1.9554,0.4208
8.627,0.0703,0.0703,-0.0522,1.9086,-0.0331,0.0000,1.9554,1.9554,0.4211
8.631,0.0703,0.0703,-0.0522,1.8917,-0.0331,0.0000,1.9554,1.9554,0.4214
8.636,0.0275,0.0275,-0.0522,1.8759,-0.0300,0.0000,1.8448,1.8448,0.4217
8.641,0.0275,0.0275,-0.0523,1.8576,-0.0300,0.0000,1.8448,1.8448,0.4221
8.644,0.0275,0.0275,-0.0523,1.8427,-0.0300,0.0000,1.8448,1.8448,0.4225
8.650,0.0276,0.0275,-0.0524,1.8222,-0.0300,0.0000,1.8448,1.8448,0.4228
8.658,-0.0101,-0.0111,-0.0524,1.7919,-0.0275,0.0000,1.7316,1.7316,0.4232
8.663,-0.0091,-0.0111,-0.0525,1.7757,-0.0275,0.0000,1.7316,1.7316,0.4238
8.667,-0.0074,-0.0111,-0.0525,1.7601,-0.0275,0.0000,1.7316,1.7316,0.4241
8.671,-0.0051,-0.0111,-0.0526,1.7455,-0.0275,0.0000,1.7316,1.7316,0.4243
8.675,-0.0363,-0.0451,-0.0526,1.7325,-0.0267,0.0000,1.4215,1.4215,0.4246
8.679,-0.0326,-0.0451,-0.0527,1.7178,-0.0267,0.0000,1.4215,1.4215,0.4248
8.683,-0.0278,-0.0451,-0.0527,1.7022,-0.0267,0.0000,1.4215,1.4215,0.4250
8.687,-0.0225,-0.0451,-0.0527,1.6878,-0.0267,0.0000,1.4215,1.4215,0.4252
8.691,-0.0157,-0.0451,-0.0528,1.6721,-0.0267,0.0000,1.4215,1.4215,0.4254
8.699,-0.0318,-0.0768,-0.0528,1.6437,-0.0252,0.0000,1.4166,1.4166,0.4256
8.705,-0.0181,-0.0768,-0.0529,1.6222,-0.0252,0.0000,1.4166,1.4166,0.4260
8.709,-0.0074,-0.0768,-0.0530,1.6076,-0.0252,0.0000,1.4166,1.4166,0.4263
8.713,-0.0238,-0.1053,-0.0531,1.5933,-0.0245,0.0000,1.4022,1.4022,0.4265
8.718,-0.0071,-0.1053,-0.0531,1.5748,-0.0245,0.0000,1.4022,1.4022,0.4267
8.722,0.0065,-0.1053,-0.0532,1.5613,-0.0245,0.0000,1.4022,1.4022,0.4270
8.725,0.0198,-0.1053,-0.0533,1.5490,-0.0245,0.0000,1.4022,1.4022,0.4272
8.728,0.0327,-0.1053,-0.0533,1.5380,-0.0245,0.0000,1.4022,1.4022,0.4273
8.732,0.0494,-0.1053,-0.0534,1.5246,-0.0245,0.0000,1.4022,1.4022,0.4275
8.736,0.0420,-0.1290,-0.0534,1.5140,-0.0230,0.0000,1.1060,1.1060,0.4277
8.740,0.0602,-0.1290,-0.0535,1.5013,-0.0230,0.0000,1.1060,1.1060,0.4278
8.743,0.0761,-0.1290,-0.0535,1.4908,-0.0230,0.0000,1.1060,1.1060,0.4279
8.746,0.0927,-0.1290,-0.0536,1.4805,-0.0230,0.0000,1.1060,1.1060,0.4280
8.751,0.1158,-0.1290,-0.0536,1.4670,-0.0230,0.0000,1.1060,1.1060,0.4281
8.754,0.1140,-0.1517,-0.0537,1.4545,-0.0240,0.0000,1.0929,1.0929,0.4283
8.759,0.1422,-0.1517,-0.0538,1.4399,-0.0240,0.0000,1.0929,1.0929,0.4284
8.766,0.1848,-0.1517,-0.0538,1.4194,-0.0240,0.0000,1.0929,1.0929,0.4286
8.770,0.2083,-0.1517,-0.0540,1.4089,-0.0240,0.0000,1.0929,1.0929,0.4288
8.774,0.2111,-0.1714,-0.0540,1.3990,-0.0242,0.0000,0.9914,0.9914,0.4289
8.778,0.2365,-0.1714,-0.0541,1.3886,-0.0242,0.0000,0.9914,0.9914,0.4290
8.781,0.2601,-0.1714,-0.0541,1.3794,-0.0242,0.0000,0.9914,0.9914,0.4291
8.785,0.2869,-0.1714,-0.0542,1.3693,-0.0242,0.0000,0.9914,0.9914,0.4292
8.788,0.3103,-0.1714,-0.0543,1.3608,-0.0242,0.0000,0.9914,0.9914,0.4293
8.792,0.3336,-0.1714,-0.0543,1.3527,-0.0242,0.0000,0.9914,0.9914,0.4294
8.795,0.3399,-0.1887,-0.0544,1.3444,-0.0245,0.0000,0.8905,0.8905,0.4294
8.799,0.3720,-0.1887,-0.0544,1.3340,-0.0245,0.0000,0.8905,0.8905,0.4295
8.803,0.3988,-0.1887,-0.0545,1.3257,-0.0245,0.0000,0.8905,0.8905,0.4296
8.806,0.4239,-0.1887,-0.0546,1.3182,-0.0245,0.0000,0.8905,0.8905,0.4297
8.809,0.4484,-0.1887,-0.0546,1.3110,-0.0245,0.0000,0.8905,0.8905,0.4297
8.813,0.4586,-0.2040,-0.0547,1.3036,-0.0248,0.0000,0.7897,0.7897,0.4298
8.817,0.4947,-0.2040,-0.0548,1.2937,-0.0248,0.0000,0.7897,0.7897,0.4298
8.821,0.5215,-0.2040,-0.0548,1.2867,-0.0248,0.0000,0.7897,0.7897,0.4299
8.824,0.5478,-0.2040,-0.0549,1.2800,-0.0248,0.0000,0.7897,0.7897,0.4300
8.827,0.5740,-0.2040,-0.0550,1.2734,-0.0248,0.0000,0.7897,0.7897,0.4300
8.830,0.6015,-0.2040,-0.0550,1.2665,-0.0248,0.0000,0.7897,0.7897,0.4301
8.834,0.6186,-0.2173,-0.0551,1.2589,-0.0248,0.0000,0.6889,0.6889,0.4301
8.838,0.6508,-0.2173,-0.0551,1.2510,-0.0248,0.0000,0.6889,0.6889,0.4302
8.842,0.6812,-0.2173,-0.0552,1.2437,-0.0248,0.0000,0.6889,0.6889,0.4302
8.850,0.7467,-0.2173,-0.0553,1.2280,-0.0248,0.0000,0.6889,0.6889,0.4302
8.855,0.7780,-0.2292,-0.0554,1.2173,-0.0255,0.0000,0.6620,0.6620,0.4303
8.859,0.8109,-0.2292,-0.0555,1.2098,-0.0255,0.0000,0.6620,0.6620,0.4303
8.862,0.8391,-0.2292,-0.0556,1.2034,-0.0255,0.0000,0.6620,0.6620,0.4304
8.867,0.8795,-0.2292,-0.0557,1.1942,-0.0255,0.0000,0.6620,0.6620,0.4304
8.874,0.9327,-0.2394,-0.0557,1.1803,-0.0258,0.0000,0.6293,0.6293,0.4304
8.879,0.9726,-0.2394,-0.0559,1.1720,-0.0258,0.0000,0.6293,0.6293,0.4305
8.883,1.0081,-0.2394,-0.0560,1.1650,-0.0258,0.0000,0.6293,0.6293,0.4305
8.887,1.0393,-0.2394,-0.0560,1.1590,-0.0258,0.0000,0.6293,0.6293,0.4305
8.890,1.0664,-0.2394,-0.0561,1.1538,-0.0258,0.0000,0.6293,0.6293,0.4306
8.895,1.0933,-0.2481,-0.0562,1.1478,-0.0252,0.0000,0.5196,0.5196,0.4306
8.899,1.1296,-0.2481,-0.0563,1.1414,-0.0252,0.0000,0.5196,0.5196,0.4306
8.903,1.1589,-0.2481,-0.0563,1.1364,-0.0252,0.0000,0.5196,0.5196,0.4306
8.906,1.1878,-0.2481,-0.0564,1.1315,-0.0252,0.0000,0.5196,0.5196,0.4306
8.910,1.2228,-0.2481,-0.0565,1.1258,-0.0252,0.0000,0.5196,0.5196,0.4306
8.915,1.2514,-0.2554,-0.0565,1.1206,-0.0248,0.0000,0.4824,0.4824,0.4306
8.919,1.2875,-0.2554,-0.0566,1.1150,-0.0248,0.0000,0.4824,0.4824,0.4306
8.923,1.3143,-0.2554,-0.0567,1.1110,-0.0248,0.0000,0.4824,0.4824,0.4306
8.926,1.3401,-0.2554,-0.0568,1.1072,-0.0248,0.0000,0.4824,0.4824,0.4306
8.930,1.3655,-0.2554,-0.0568,1.1035,-0.0248,0.0000,0.4824,0.4824,0.4306
8.933,1.3867,-0.2615,-0.0569,1.1002,-0.0241,0.0000,0.4407,0.4407,0.4306
8.937,1.4163,-0.2615,-0.0570,1.0959,-0.0241,0.0000,0.4407,0.4407,0.4306
8.941,1.4408,-0.2615,-0.0570,1.0924,-0.0241,0.0000,0.4407,0.4407,0.4306
8.944,1.4656,-0.2615,-0.0571,1.0890,-0.0241,0.0000,0.4407,0.4407,0.4305
8.948,1.4909,-0.2615,-0.0572,1.0855,-0.0241,0.0000,0.4407,0.4407,0.4305
8.952,1.5152,-0.2615,-0.0572,1.0822,-0.0241,0.0000,0.4407,0.4407,0.4305
8.956,1.5353,-0.2664,-0.0573,1.0799,-0.0231,0.0000,0.3955,0.3955,0.4305
8.960,1.5619,-0.2664,-0.0574,1.0763,-0.0231,0.0000,0.3955,0.3955,0.4305
8.963,1.5826,-0.2664,-0.0575,1.0736,-0.0231,0.0000,0.3955,0.3955,0.4305
8.967,1.6049,-0.2664,-0.0575,1.0707,-0.0231,0.0000,0.3955,0.3955,0.4305
8.972,1.6332,-0.2664,-0.0576,1.0671,-0.0231,0.0000,0.3955,0.3955,0.4304
8.979,1.6710,-0.2704,-0.0577,1.0628,-0.0219,0.0000,0.3467,0.3467,0.4304
8.984,1.6959,-0.2704,-0.0578,1.0592,-0.0219,0.0000,0.3467,0.3467,0.4303
8.987,1.7153,-0.2704,-0.0579,1.0565,-0.0219,0.0000,0.3467,0.3467,0.4303
8.991,1.7336,-0.2704,-0.0580,1.0537,-0.0219,0.0000,0.3467,0.3467,0.4303
8.994,1.7486,-0.2733,-0.0580,1.0523,-0.0205,0.0000,0.2952,0.2952,0.4303
9.003,1.7900,-0.2733,-0.0581,1.0456,-0.0205,0.0000,0.2952,0.2952,0.4302
9.007,1.8115,-0.2733,-0.0582,1.0418,-0.0205,0.0000,0.2952,0.2952,0.4301
9.010,1.8266,-0.2733,-0.0583,1.0391,-0.0205,0.0000,0.2952,0.2952,0.4301
9.014,1.8399,-0.2754,-0.0584,1.0379,-0.0189,0.0000,0.2409,0.2409,0.4301
9.018,1.8600,-0.2754,-0.0584,1.0343,-0.0189,0.0000,0.2409,0.2409,0.4300
9.022,1.8764,-0.2754,-0.0585,1.0314,-0.0189,0.0000,0.2409,0.2409,0.4300
9.026,1.8936,-0.2754,-0.0586,1.0284,-0.0189,0.0000,0.2409,0.2409,0.4299
9.030,1.9094,-0.2754,-0.0586,1.0257,-0.0189,0.0000,0.2409,0.2409,0.4299
9.035,1.9270,-0.2767,-0.0587,1.0242,-0.0172,0.0000,0.1845,0.1845,0.4298
9.039,1.9452,-0.2767,-0.0588,1.0212,-0.0172,0.0000,0.1845,0.1845,0.4297
9.043,1.9592,-0.2767,-0.0589,1.0189,-0.0172,0.0000,0.1845,0.1845,0.4297
9.047,1.9745,-0.2767,-0.0589,1.0164,-0.0172,0.0000,0.1845,0.1845,0.4296
9.052,1.9908,-0.2767,-0.0590,1.0137,-0.0172,0.0000,0.1845,0.1845,0.4296
9.055,2.0026,-0.2773,-0.0591,1.0136,-0.0154,0.0000,0.1263,0.1263,0.4295
9.059,2.0160,-0.2773,-0.0592,1.0115,-0.0154,0.0000,0.1263,0.1263,0.4294
9.062,2.0269,-0.2773,-0.0592,1.0098,-0.0154,0.0000,0.1263,0.1263,0.4294
9.066,2.0405,-0.2773,-0.0593,1.0078,-0.0154,0.0000,0.1263,0.1263,0.4293
9.070,2.0516,-0.2773,-0.0593,1.0060,-0.0154,0.0000,0.1263,0.1263,0.4292
9.073,2.0619,-0.2773,-0.0594,1.0064,-0.0135,0.0000,0.0668,0.0668,0.4292
9.078,2.0774,-0.2773,-0.0595,1.0040,-0.0135,0.0000,0.0668,0.0668,0.4291
9.085,2.0991,-0.2773,-0.0595,1.0011,-0.0135,0.0000,0.0668,0.0668,0.4290
9.089,2.1090,-0.2773,-0.0597,0.9996,-0.0135,0.0000,0.0668,0.0668,0.4289
9.092,2.1184,-0.2773,-0.0597,0.9984,-0.0135,0.0000,0.0668,0.0668,0.4288
9.096,2.1284,-0.2766,-0.0598,0.9992,-0.0115,0.0000,0.0065,0.0065,0.4287
9.101,2.1418,-0.2766,-0.0598,0.9973,-0.0115,0.0000,0.0065,0.0065,0.4286
9.104,2.1507,-0.2766,-0.0599,0.9960,-0.0115,0.0000,0.0065,0.0065,0.4285
9.107,2.1591,-0.2766,-0.0600,0.9950,-0.0115,0.0000,0.0065,0.0065,0.4285
9.111,2.1674,-0.2766,-0.0600,0.9938,-0.0115,0.0000,0.0065,0.0065,0.4284
9.114,2.1774,-0.2754,-0.0601,1.0040,0.0000,0.0000,-0.0539,-0.0539,0.4283
9.119,2.1899,-0.2754,-0.0601,1.0020,0.0000,0.0000,-0.0539,-0.0539,0.4282
9.123,2.1993,-0.2754,-0.0602,1.0004,0.0000,0.0000,-0.0539,-0.0539,0.4281
9.127,2.2077,-0.2754,-0.0603,0.9988,0.0000,0.0000,-0.0539,-0.0539,0.4280
9.131,2.2156,-0.2754,-0.0603,0.9972,0.0000,0.0000,-0.0539,-0.0539,0.4279
9.134,2.2255,-0.2737,-0.0604,0.9953,0.0000,0.0000,-0.1141,-0.1141,0.4278
9.138,2.2336,-0.2737,-0.0604,0.9935,0.0000,0.0000,-0.1141,-0.1141,0.4277
9.141,2.2403,-0.2737,-0.0605,0.9919,0.0000,0.0000,-0.1141,-0.1141,0.4276
9.145,2.2475,-0.2737,-0.0606,0.9901,0.0000,0.0000,-0.1141,-0.1141,0.4275
9.152,2.2623,-0.2737,-0.0606,0.9864,0.0000,0.0000,-0.1141,-0.1141,0.4274
9.157,2.2739,-0.2715,-0.0607,0.9839,0.0000,0.0000,-0.1738,-0.1738,0.4272
9.161,2.2814,-0.2715,-0.0608,0.9818,0.0000,0.0000,-0.1738,-0.1738,0.4271
9.165,2.2880,-0.2715,-0.0609,0.9801,0.0000,0.0000,-0.1738,-0.1738,0.4269
9.169,2.2943,-0.2715,-0.0609,0.9784,0.0000,0.0000,-0.1738,-0.1738,0.4268
9.172,2.2999,-0.2715,-0.0610,0.9769,0.0000,0.0000,-0.1738,-0.1738,0.4267
9.175,2.3087,-0.2689,-0.0610,0.9753,0.0000,0.0000,-0.2331,-0.2331,0.4266
9.180,2.3169,-0.2689,-0.0611,0.9732,0.0000,0.0000,-0.2331,-0.2331,0.4265
9.188,2.3286,-0.2689,-0.0611,0.9704,0.0000,0.0000,-0.2331,-0.2331,0.4263
9.191,2.3344,-0.2689,-0.0612,0.9690,0.0000,0.0000,-0.2331,-0.2331,0.4261
9.195,2.3431,-0.2660,-0.0613,0.9675,0.0000,0.0000,-0.2910,-0.2910,0.4260
9.199,2.3492,-0.2660,-0.0614,0.9659,0.0000,0.0000,-0.2910,-0.2910,0.4259
9.203,2.3548,-0.2660,-0.0614,0.9644,0.0000,0.0000,-0.2910,-0.2910,0.4257
9.207,2.3596,-0.2660,-0.0615,0.9631,0.0000,0.0000,-0.2910,-0.2910,0.4256
9.210,2.3642,-0.2660,-0.0615,0.9619,0.0000,0.0000,-0.2910,-0.2910,0.4255
9.213,2.3720,-0.2626,-0.0616,0.9607,0.0000,0.0000,-0.3472,-0.3472,0.4253
9.218,2.3779,-0.2626,-0.0616,0.9594,0.0000,0.0000,-0.3472,-0.3472,0.4252
9.221,2.3825,-0.2626,-0.0617,0.9582,0.0000,0.0000,-0.3472,-0.3472,0.4251
9.225,2.3876,-0.2626,-0.0617,0.9569,0.0000,0.0000,-0.3472,-0.3472,0.4249
9.229,2.3918,-0.2626,-0.0618,0.9556,0.0000,0.0000,-0.3472,-0.3472,0.4248
9.233,2.3999,-0.2590,-0.0618,0.9544,0.0000,0.0000,-0.4019,-0.4019,0.4247
9.237,2.4046,-0.2590,-0.0619,0.9533,0.0000,0.0000,-0.4019,-0.4019,0.4245
9.240,2.4083,-0.2590,-0.0619,0.9522,0.0000,0.0000,-0.4019,-0.4019,0.4243
9.243,2.4120,-0.2590,-0.0620,0.9511,0.0000,0.0000,-0.4019,-0.4019,0.4242
9.247,2.4158,-0.2590,-0.0620,0.9500,0.0000,0.0000,-0.4019,-0.4019,0.4241
9.251,2.4202,-0.2590,-0.0621,0.9483,0.0000,0.0000,-0.4019,-0.4019,0.4240
9.255,2.4288,-0.2551,-0.0621,0.9464,0.0000,0.0000,-0.4547,-0.4547,0.4238
9.260,2.4335,-0.2551,-0.0622,0.9444,0.0000,0.0000,-0.4547,-0.4547,0.4236
9.263,2.4369,-0.2551,-0.0622,0.9428,0.0000,0.0000,-0.4547,-0.4547,0.4234
9.267,2.4408,-0.2551,-0.0623,0.9407,0.0000,0.0000,-0.4547,-0.4547,0.4233
9.271,2.4442,-0.2551,-0.0623,0.9389,0.0000,0.0000,-0.4547,-0.4547,0.4231
9.274,2.4563,-0.2462,-0.0624,0.9372,0.0000,0.0000,-0.5054,-0.5054,0.4230
9.278,2.4599,-0.2462,-0.0624,0.9351,0.0000,0.0000,-0.5054,-0.5054,0.4229
9.283,2.4641,-0.2462,-0.0625,0.9331,0.0000,0.0000,-0.5054,-0.5054,0.4227
9.290,2.4703,-0.2462,-0.0625,0.9296,0.0000,0.0000,-0.5054,-0.5054,0.4225
9.295,2.5028,-0.2174,-0.0626,0.9274,0.0000,0.0000,-0.5536,-0.5536,0.4222
9.300,2.5072,-0.2174,-0.0626,0.9247,0.0000,0.0000,-0.5536,-0.5536,0.4220
9.309,2.5145,-0.2174,-0.0627,0.9207,0.0000,0.0000,-0.5536,-0.5536,0.4218
9.314,2.5662,-0.1692,-0.0628,0.9186,0.0000,0.0000,-0.5991,-0.5991,0.4214
9.319,2.5696,-0.1692,-0.0628,0.9166,0.0000,0.0000,-0.5991,-0.5991,0.4211
9.331,2.5780,-0.1692,-0.0629,0.9114,0.0000,0.0000,-0.5991,-0.5991,0.4209
9.336,2.6457,-0.1045,-0.0630,0.9095,0.0000,0.0000,-0.6415,-0.6415,0.4204
9.340,2.6485,-0.1045,-0.0630,0.9079,0.0000,0.0000,-0.6415,-0.6415,0.4202
9.344,2.6505,-0.1045,-0.0630,0.9066,0.0000,0.0000,-0.6415,-0.6415,0.4200
9.347,2.6526,-0.1045,-0.0630,0.9050,0.0000,0.0000,-0.6415,-0.6415,0.4198
9.351,2.6551,-0.1045,-0.0630,0.9032,0.0000,0.0000,-0.6415,-0.6415,0.4196
9.355,2.7387,-0.0230,-0.0631,0.9018,0.0000,0.0000,-0.6805,-0.6805,0.4194
9.360,2.7412,-0.0230,-0.0630,0.9000,0.0000,0.0000,-0.6805,-0.6805,0.4193
9.364,2.7435,-0.0230,-0.0630,0.8982,0.0000,0.0000,-0.6805,-0.6805,0.4191
9.368,2.7456,-0.0230,-0.0630,0.8965,0.0000,0.0000,-0.6805,-0.6805,0.4189
9.371,2.7474,-0.0230,-0.0630,0.8951,0.0000,0.0000,-0.6805,-0.6805,0.4187
9.375,2.8433,0.0712,-0.0630,0.8934,0.0000,0.0000,-0.7163,-0.7163,0.4185
9.379,2.8452,0.0712,-0.0630,0.8913,0.0000,0.0000,-0.7163,-0.7163,0.4184
9.383,2.8471,0.0712,-0.0630,0.8891,0.0000,0.0000,-0.7163,-0.7163,0.4182
9.387,2.8492,0.0712,-0.0630,0.8868,0.0000,0.0000,-0.7163,-0.7163,0.4180
9.394,2.9165,0.1354,-0.0630,0.8829,0.0000,0.0000,-0.7483,-0.7483,0.4178
9.398,2.9184,0.1354,-0.0629,0.8806,0.0000,0.0000,-0.7483,-0.7483,0.4174
9.402,2.9200,0.1354,-0.0629,0.8787,0.0000,0.0000,-0.7483,-0.7483,0.4172
9.405,2.9215,0.1354,-0.0629,0.8769,0.0000,0.0000,-0.7483,-0.7483,0.4170
9.409,2.9228,0.1354,-0.0628,0.8752,0.0000,0.0000,-0.7483,-0.7483,0.4169
9.412,2.9242,0.1354,-0.0628,0.8733,0.0000,0.0000,-0.7483,-0.7483,0.4167
9.416,2.9632,0.1728,-0.0628,0.8712,0.0000,0.0000,-0.7763,-0.7763,0.4165
9.420,2.9648,0.1728,-0.0627,0.8689,0.0000,0.0000,-0.7763,-0.7763,0.4164
9.424,2.9660,0.1728,-0.0627,0.8673,0.0000,0.0000,-0.7763,-0.7763,0.4161
9.427,2.9672,0.1728,-0.0627,0.8658,0.0000,0.0000,-0.7763,-0.7763,0.4160
9.430,2.9684,0.1728,-0.0626,0.8641,0.0000,0.0000,-0.7763,-0.7763,0.4158
9.434,2.9796,0.1827,-0.0626,0.8620,0.0000,0.0000,-0.8005,-0.8005,0.4157
9.438,2.9660,0.1827,-0.0626,0.8597,0.0000,0.0000,-0.8005,-0.8005,0.4155
9.443,2.9524,0.1827,-0.0625,0.8577,0.0000,0.0000,-0.8005,-0.8005,0.4153
9.446,2.9406,0.1827,-0.0625,0.8561,0.0000,0.0000,-0.8005,-0.8005,0.4151
9.450,2.9268,0.1827,-0.0625,0.8544,0.0000,0.0000,-0.8005,-0.8005,0.4149
9.458,2.8904,0.1723,-0.0624,0.8502,0.0000,0.0000,-0.8208,-0.8208,0.4147
9.463,2.8725,0.1723,-0.0624,0.8475,0.0000,0.0000,-0.8208,-0.8208,0.4143
9.467,2.8595,0.1723,-0.0623,0.8454,0.0000,0.0000,-0.8208,-0.8208,0.4140
9.471,2.8483,0.1723,-0.0623,0.8436,0.0000,0.0000,-0.8208,-0.8208,0.4139
9.474,2.8008,0.1372,-0.0623,0.8418,0.0000,0.0000,-0.8373,-0.8373,0.4137
9.478,2.7876,0.1372,-0.0622,0.8399,0.0000,0.0000,-0.8373,-0.8373,0.4135
9.482,2.7756,0.1372,-0.0622,0.8383,0.0000,0.0000,-0.8373,-0.8373,0.4133
9.486,2.7641,0.1372,-0.0622,0.8363,0.0000,0.0000,-0.8373,-0.8373,0.4131
9.489,2.7535,0.1372,-0.0621,0.8344,0.0000,0.0000,-0.8373,-0.8373,0.4130
9.494,2.7026,0.1036,-0.0621,0.8306,0.0000,0.0000,-0.8493,-0.8493,0.4128
9.502,2.6781,0.1036,-0.0621,0.8255,0.0000,0.0000,-0.8493,-0.8493,0.4125
9.505,2.6669,0.1036,-0.0621,0.8233,0.0000,0.0000,-0.8493,-0.8493,0.4122
9.509,2.6559,0.1036,-0.0620,0.8213,0.0000,0.0000,-0.8493,-0.8493,0.4120
9.512,2.6456,0.1036,-0.0620,0.8187,0.0000,0.0000,-0.8493,-0.8493,0.4118
9.516,2.6032,0.0730,-0.0620,0.8167,0.0000,0.0000,-0.8569,-0.8569,0.4117
9.520,2.5900,0.0730,-0.0620,0.8137,0.0000,0.0000,-0.8569,-0.8569,0.4115
9.523,2.5793,0.0730,-0.0620,0.8113,0.0000,0.0000,-0.8569,-0.8569,0.4113
9.527,2.5689,0.0730,-0.0620,0.8091,0.0000,0.0000,-0.8569,-0.8569,0.4111
9.530,2.5585,0.0730,-0.0620,0.8070,0.0000,0.0000,-0.8569,-0.8569,0.4110
9.534,2.5191,0.0452,-0.0620,0.8039,0.0000,0.0000,-0.8607,-0.8607,0.4108
9.538,2.5061,0.0452,-0.0620,0.8005,0.0000,0.0000,-0.8607,-0.8607,0.4107
9.541,2.4961,0.0452,-0.0620,0.7980,0.0000,0.0000,-0.8607,-0.8607,0.4105
9.544,2.4862,0.0452,-0.0620,0.7964,0.0000,0.0000,-0.8607,-0.8607,0.4103
9.548,2.4756,0.0452,-0.0620,0.7939,0.0000,0.0000,-0.8607,-0.8607,0.4102
9.551,2.4644,0.0452,-0.0620,0.7914,0.0000,0.0000,-0.8607,-0.8607,0.4100
9.555,2.4283,0.0199,-0.0620,0.7890,0.0000,0.0000,-0.8602,-0.8602,0.4098
9.559,2.4163,0.0199,-0.0620,0.7865,0.0000,0.0000,-0.8602,-0.8602,0.4097
9.562,2.4061,0.0199,-0.0620,0.7845,0.0000,0.0000,-0.8602,-0.8602,0.4095
9.566,2.3945,0.0199,-0.0620,0.7822,0.0000,0.0000,-0.8602,-0.8602,0.4093
9.569,2.3841,0.0199,-0.0620,0.7795,0.0000,0.0000,-0.8602,-0.8602,0.4092
9.573,2.3521,0.0000,-0.0620,0.7764,0.0000,0.0000,-0.8558,-0.8558,0.4090
9.577,2.3400,0.0000,-0.0620,0.7734,0.0000,0.0000,-0.8558,-0.8558,0.4088
9.581,2.3297,0.0000,-0.0620,0.7700,0.0000,0.0000,-0.8558,-0.8558,0.4086
9.585,2.3181,0.0000,-0.0620,0.7673,0.0000,0.0000,-0.8558,-0.8558,0.4085
9.588,2.3073,0.0000,-0.0620,0.7650,0.0000,0.0000,-0.8558,-0.8558,0.4083
9.592,2.2976,0.0000,-0.0620,0.7620,0.0000,0.0000,-0.8558,-0.8558,0.4082
9.596,2.2644,-0.0208,-0.0620,0.7595,0.0000,0.0000,-0.8472,-0.8472,0.4080
9.604,2.2405,-0.0208,-0.0620,0.7529,0.0000,0.0000,-0.8472,-0.8472,0.4078
9.611,2.2188,-0.0208,-0.0620,0.7472,0.0000,0.0000,-0.8472,-0.8472,0.4075
9.616,2.1855,-0.0395,-0.0620,0.7421,0.0000,0.0000,-0.8342,-0.8342,0.4072
9.620,2.1736,-0.0395,-0.0620,0.7381,0.0000,0.0000,-0.8342,-0.8342,0.4070
9.624,2.1640,-0.0395,-0.0620,0.7360,0.0000,0.0000,-0.8342,-0.8342,0.4068
9.627,2.1545,-0.0395,-0.0620,0.7329,0.0000,0.0000,-0.8342,-0.8342,0.4066
9.630,2.1451,-0.0395,-0.0620,0.7310,0.0000,0.0000,-0.8342,-0.8342,0.4065
9.635,2.1163,-0.0563,-0.0620,0.7273,0.0000,0.0000,-0.8168,-0.8168,0.4064
9.639,2.1044,-0.0563,-0.0620,0.7238,0.0000,0.0000,-0.8168,-0.8168,0.4062
9.642,2.0949,-0.0563,-0.0620,0.7211,0.0000,0.0000,-0.8168,-0.8168,0.4060
9.645,2.0858,-0.0563,-0.0620,0.7185,0.0000,0.0000,-0.8168,-0.8168,0.4059
9.650,2.0736,-0.0563,-0.0620,0.7137,0.0000,0.0000,-0.8168,-0.8168,0.4058
9.653,2.0480,-0.0714,-0.0620,0.7098,0.0000,0.0000,-0.7821,-0.7821,0.4056
9.657,2.0370,-0.0714,-0.0621,0.7057,0.0000,0.0000,-0.7821,-0.7821,0.4055
9.661,2.0272,-0.0714,-0.0621,0.7034,0.0000,0.0000,-0.7821,-0.7821,0.4053
9.665,2.0164,-0.0714,-0.0621,0.6996,0.0000,0.0000,-0.7821,-0.7821,0.4052
9.669,2.0059,-0.0714,-0.0621,0.6961,0.0000,0.0000,-0.7821,-0.7821,0.4050
9.672,1.9969,-0.0714,-0.0621,0.6942,0.0000,0.0000,-0.7821,-0.7821,0.4049
9.675,1.9742,-0.0849,-0.0621,0.6924,0.0000,0.0000,-0.7410,-0.7410,0.4048
9.679,1.9642,-0.0849,-0.0621,0.6892,0.0000,0.0000,-0.7410,-0.7410,0.4046
9.683,1.9539,-0.0849,-0.0622,0.6860,0.0000,0.0000,-0.7410,-0.7410,0.4045
9.686,1.9446,-0.0849,-0.0622,0.6832,0.0000,0.0000,-0.7410,-0.7410,0.4044
9.690,1.9360,-0.0849,-0.0622,0.6806,0.0000,0.0000,-0.7410,-0.7410,0.4043
9.693,1.9153,-0.0969,-0.0622,0.6781,0.0000,0.0000,-0.6967,-0.6967,0.4041
9.697,1.9048,-0.0969,-0.0622,0.6752,0.0000,0.0000,-0.6967,-0.6967,0.4040
9.702,1.8922,-0.0969,-0.0622,0.6699,0.0000,0.0000,-0.6967,-0.6967,0.4039
9.709,1.8743,-0.0969,-0.0623,0.6627,0.0000,0.0000,-0.6967,-0.6967,0.4038
9.713,1.8532,-0.1075,-0.0623,0.6603,0.0000,0.0000,-0.6492,-0.6492,0.4035
9.717,1.8408,-0.1075,-0.0623,0.6556,0.0000,0.0000,-0.6492,-0.6492,0.4034
9.721,1.8316,-0.1075,-0.0623,0.6522,0.0000,0.0000,-0.6492,-0.6492,0.4033
9.724,1.8228,-0.1075,-0.0624,0.6490,0.0000,0.0000,-0.6492,-0.6492,0.4032
9.728,1.8137,-0.1075,-0.0624,0.6441,0.0000,0.0000,-0.6492,-0.6492,0.4031
9.732,1.8040,-0.1075,-0.0624,0.6409,0.0000,0.0000,-0.6492,-0.6492,0.4030
9.735,1.7857,-0.1168,-0.0624,0.6379,0.0000,0.0000,-0.5986,-0.5986,0.4029
9.739,1.7759,-0.1168,-0.0624,0.6348,0.0000,0.0000,-0.5986,-0.5986,0.4028
9.743,1.7673,-0.1168,-0.0625,0.6321,0.0000,0.0000,-0.5986,-0.5986,0.4027
9.746,1.7591,-0.1168,-0.0625,0.6280,0.0000,0.0000,-0.5986,-0.5986,0.4026
9.750,1.7496,-0.1168,-0.0625,0.6234,0.0000,0.0000,-0.5986,-0.5986,0.4025
9.753,1.7331,-0.1250,-0.0625,0.6210,0.0000,0.0000,-0.5450,-0.5450,0.4024
9.757,1.7232,-0.1250,-0.0625,0.6183,0.0000,0.0000,-0.5450,-0.5450,0.4023
9.766,1.7032,-0.1250,-0.0626,0.6092,0.0000,0.0000,-0.5450,-0.5450,0.4022
9.771,1.6912,-0.1250,-0.0626,0.6011,0.0000,0.0000,-0.5450,-0.5450,0.4021
9.775,1.6750,-0.1320,-0.0626,0.5973,0.0000,0.0000,-0.4890,-0.4890,0.4019
9.779,1.6643,-0.1320,-0.0627,0.5929,0.0000,0.0000,-0.4890,-0.4890,0.4019
9.783,1.6554,-0.1320,-0.0627,0.5894,0.0000,0.0000,-0.4890,-0.4890,0.4018
9.786,1.6473,-0.1320,-0.0627,0.5863,0.0000,0.0000,-0.4890,-0.4890,0.4017
9.790,1.6394,-0.1320,-0.0627,0.5833,0.0000,0.0000,-0.4890,-0.4890,0.4016
9.793,1.6249,-0.1380,-0.0628,0.5801,0.0000,0.0000,-0.4307,-0.4307,0.4016
9.798,1.6153,-0.1380,-0.0628,0.5767,0.0000,0.0000,-0.4307,-0.4307,0.4015
9.802,1.6064,-0.1380,-0.0628,0.5735,0.0000,0.0000,-0.4307,-0.4307,0.4015
9.806,1.5955,-0.1380,-0.0628,0.5669,0.0000,0.0000,-0.4307,-0.4307,0.4014
9.813,1.5753,-0.1431,-0.0629,0.5621,0.0000,0.0000,-0.3704,-0.3704,0.4013
9.817,1.5658,-0.1431,-0.0629,0.5565,0.0000,0.0000,-0.3704,-0.3704,0.4012
9.821,1.5579,-0.1431,-0.0629,0.5520,0.0000,0.0000,-0.3704,-0.3704,0.4012
9.824,1.5506,-0.1431,-0.0629,0.5479,0.0000,0.0000,-0.3704,-0.3704,0.4011
9.827,1.5435,-0.1431,-0.0630,0.5440,0.0000,0.0000,-0.3704,-0.3704,0.4011
9.831,1.5363,-0.1431,-0.0630,0.5401,0.0000,0.0000,-0.3704,-0.3704,0.4010
9.835,1.5240,-0.1473,-0.0630,0.5358,0.0000,0.0000,-0.3086,-0.3086,0.4010
9.839,1.5137,-0.1473,-0.0630,0.5304,0.0000,0.0000,-0.3086,-0.3086,0.4010
9.843,1.5052,-0.1473,-0.0631,0.5261,0.0000,0.0000,-0.3086,-0.3086,0.4009
9.847,1.4980,-0.1473,-0.0631,0.5213,0.0000,0.0000,-0.3086,-0.3086,0.4009
9.851,1.4900,-0.1473,-0.0631,0.5174,0.0000,0.0000,-0.3086,-0.3086,0.4009
9.854,1.4793,-0.1507,-0.0631,0.5126,0.0000,0.0000,-0.2454,-0.2454,0.4008
9.858,1.4716,-0.1507,-0.0632,0.5076,0.0000,0.0000,-0.2454,-0.2454,0.4008
9.861,1.4649,-0.1507,-0.0632,0.5045,0.0000,0.0000,-0.2454,-0.2454,0.4008
9.865,1.4573,-0.1507,-0.0632,0.5012,0.0000,0.0000,-0.2454,-0.2454,0.4008
9.869,1.4497,-0.1507,-0.0632,0.4965,0.0000,0.0000,-0.2454,-0.2454,0.4007
9.872,1.4431,-0.1507,-0.0633,0.4924,0.0000,0.0000,-0.2454,-0.2454,0.4007
9.875,1.4133,-0.1742,-0.0633,0.4898,0.0000,0.0000,-0.1811,-0.1811,0.4007
9.879,1.4060,-0.1742,-0.0633,0.4854,0.0000,0.0000,-0.1811,-0.1811,0.4007
9.883,1.3982,-0.1742,-0.0633,0.4824,0.0000,0.0000,-0.1811,-0.1811,0.4007
9.887,1.3911,-0.1742,-0.0634,0.4797,0.0000,0.0000,-0.1811,-0.1811,0.4007
9.890,1.3847,-0.1742,-0.0634,0.4774,0.0000,0.0000,-0.1811,-0.1811,0.4006
9.893,1.3354,-0.2173,-0.0634,0.4751,0.0000,0.0000,-0.1160,-0.1160,0.4006
9.897,1.3278,-0.2173,-0.0634,0.4724,0.0000,0.0000,-0.1160,-0.1160,0.4006
9.901,1.3202,-0.2173,-0.0635,0.4697,0.0000,0.0000,-0.1160,-0.1160,0.4006
9.905,1.3131,-0.2173,-0.0635,0.4673,0.0000,0.0000,-0.1160,-0.1160,0.4006
9.909,1.3065,-0.2173,-0.0636,0.4651,0.0000,0.0000,-0.1160,-0.1160,0.4006
9.917,1.2334,-0.2746,-0.0636,0.4567,0.0000,0.0000,-0.0504,-0.0504,0.4006
9.926,1.2177,-0.2746,-0.0637,0.4486,0.0000,0.0000,-0.0504,-0.0504,0.4007
9.929,1.2116,-0.2746,-0.0638,0.4455,0.0000,0.0000,-0.0504,-0.0504,0.4007
9.933,1.1285,-0.3509,-0.0638,0.4422,0.0000,0.0000,0.0154,0.0154,0.4007
9.937,1.1215,-0.3509,-0.0639,0.4388,0.0000,0.0000,0.0154,0.0154,0.4008
9.940,1.1159,-0.3509,-0.0640,0.4375,0.0000,0.0000,0.0154,0.0154,0.4008
9.944,1.1103,-0.3509,-0.0640,0.4349,0.0000,0.0000,0.0154,0.0154,0.4008
9.947,1.1043,-0.3509,-0.0641,0.4321,0.0000,0.0000,0.0154,0.0154,0.4008
9.951,1.0975,-0.3509,-0.0641,0.4290,0.0000,0.0000,0.0154,0.0154,0.4008
9.955,1.0068,-0.4358,-0.0642,0.4264,0.0000,0.0000,0.0886,0.0886,0.4009
9.959,0.9993,-0.4358,-0.0643,0.4230,0.0000,0.0000,0.0886,0.0886,0.4009
9.963,0.9927,-0.4358,-0.0643,0.4202,0.0000,0.0000,0.0886,0.0886,0.4009
9.967,0.9864,-0.4358,-0.0644,0.4175,0.0000,0.0000,0.0886,0.0886,0.4010
9.971,0.9809,-0.4358,-0.0645,0.4089,0.0000,0.0000,0.0886,0.0886,0.4010
9.974,0.8773,-0.5342,-0.0646,0.4069,0.0000,0.0000,0.1620,0.1620,0.4011
9.978,0.8712,-0.5342,-0.0646,0.4046,0.0000,0.0000,0.1620,0.1620,0.4011
9.982,0.8650,-0.5342,-0.0647,0.4023,0.0000,0.0000,0.1620,0.1620,0.4012
9.986,0.8591,-0.5342,-0.0648,0.3930,0.0000,0.0000,0.1620,0.1620,0.4012
9.989,0.8540,-0.5342,-0.0649,0.3851,0.0000,0.0000,0.1620,0.1620,0.4013
9.992,0.8491,-0.5342,-0.0650,0.3776,0.0000,0.0000,0.1620,0.1620,0.4013
9.995,0.7772,-0.6013,-0.0651,0.3702,0.0000,0.0000,0.2785,0.2785,0.4014
10.000,0.7708,-0.6013,-0.0652,0.3686,0.0000,0.0000,0.2785,0.2785,0.4014
10.003,0.7659,-0.6013,-0.0653,0.3612,0.0000,0.0000,0.2785,0.2785,0.4015
10.006,0.7612,-0.6013,-0.0654,0.3542,0.0000,0.0000,0.2785,0.2785,0.4016
10.010,0.7564,-0.6013,-0.0655,0.3534,0.0000,0.0000,0.2785,0.2785,0.4016
10.013,0.7156,-0.6373,-0.0655,0.3463,0.0000,0.0000,0.4040,0.4040,0.4017
10.018,0.7090,-0.6373,-0.0656,0.3454,0.0000,0.0000,0.4040,0.4040,0.4018
10.021,0.7037,-0.6373,-0.0658,0.3376,0.0000,0.0000,0.4040,0.4040,0.4019
10.026,0.6973,-0.6373,-0.0659,0.3284,0.0000,0.0000,0.4040,0.4040,0.4020
10.034,0.6741,-0.6496,-0.0660,0.3278,0.0000,0.0000,0.5220,0.5220,0.4021
10.038,0.6675,-0.6496,-0.0662,0.3275,0.0000,0.0000,0.5220,0.5220,0.4023
10.042,0.6621,-0.6496,-0.0664,0.3201,0.0000,0.0000,0.5220,0.5220,0.4025
10.045,0.6572,-0.6496,-0.0665,0.3136,0.0000,0.0000,0.5220,0.5220,0.4026
10.049,0.6517,-0.6496,-0.0666,0.3068,0.0000,0.0000,0.5220,0.5220,0.4027
10.053,0.6586,-0.6372,-0.0667,0.3003,0.0000,0.0000,0.6316,0.6316,0.4028
10.057,0.6511,-0.6372,-0.0667,0.2921,0.0000,0.0000,0.6316,0.6316,0.4029
10.061,0.6451,-0.6372,-0.0669,0.2858,0.0000,0.0000,0.6316,0.6316,0.4031
10.069,0.6302,-0.6372,-0.0670,0.2717,0.0000,0.0000,0.6316,0.6316,0.4032
10.075,0.6525,-0.6043,-0.0672,0.2727,0.0101,0.0000,0.7327,0.7327,0.4035
10.079,0.6435,-0.6043,-0.0673,0.2657,0.0101,0.0101,0.7327,0.7327,0.4037
10.084,0.6334,-0.6043,-0.0674,0.2583,0.0101,0.0101,0.7327,0.7327,0.4039
10.088,0.6244,-0.6043,-0.0675,0.2522,0.0101,0.0101,0.7327,0.7327,0.4041
10.092,0.6159,-0.6043,-0.0677,0.2468,0.0101,0.0101,0.7327,0.7327,0.4043
10.095,0.6628,-0.5498,-0.0677,0.2524,0.0204,0.0101,0.8249,0.8249,0.4044
10.100,0.6504,-0.5498,-0.0678,0.2453,0.0204,0.0204,0.8249,0.8249,0.4046
10.104,0.6404,-0.5498,-0.0679,0.2400,0.0204,0.0204,0.8249,0.8249,0.4048
10.107,0.6317,-0.5498,-0.0680,0.2355,0.0204,0.0204,0.8249,0.8249,0.4049
10.111,0.6230,-0.5498,-0.0681,0.2313,0.0204,0.0204,0.8249,0.8249,0.4051
10.114,0.6639,-0.4990,-0.0681,0.2373,0.0309,0.0204,0.9078,0.9078,0.4052
10.119,0.6504,-0.4990,-0.0682,0.2314,0.0309,0.0309,0.9078,0.9078,0.4054
10.123,0.6394,-0.4990,-0.0683,0.2269,0.0309,0.0309,0.9078,0.9078,0.4056
10.126,0.6290,-0.4990,-0.0684,0.2228,0.0309,0.0309,0.9078,0.9078,0.4058
10.129,0.6189,-0.4990,-0.0684,0.2190,0.0309,0.0309,0.9078,0.9078,0.4059
10.134,0.6508,-0.4519,-0.0685,0.2242,0.0415,0.0309,0.9813,0.9813,0.4061
10.142,0.6255,-0.4519,-0.0686,0.2158,0.0415,0.0415,0.9813,0.9813,0.4063
10.146,0.6123,-0.4519,-0.0687,0.2117,0.0415,0.0415,0.9813,0.9813,0.4067
10.150,0.5987,-0.4519,-0.0688,0.2077,0.0415,0.0415,0.9813,0.9813,0.4069
10.154,0.6293,-0.4081,-0.0688,0.2147,0.0523,0.0415,1.0454,1.0454,0.4071
10.158,0.6149,-0.4081,-0.0689,0.2108,0.0523,0.0523,1.0454,1.0454,0.4073
10.161,0.6029,-0.4081,-0.0689,0.2077,0.0523,0.0523,1.0454,1.0454,0.4075
10.164,0.5902,-0.4081,-0.0690,0.2045,0.0523,0.0523,1.0454,1.0454,0.4077
10.168,0.5755,-0.4081,-0.0690,0.2009,0.0523,0.0523,1.0454,1.0454,0.4078
10.172,0.5625,-0.4081,-0.0691,0.1979,0.0523,0.0523,1.0454,1.0454,0.4080
10.175,0.5883,-0.3676,-0.0691,0.2053,0.0631,0.0523,1.0997,1.0997,0.4082
10.179,0.5725,-0.3676,-0.0691,0.2019,0.0631,0.0631,1.0997,1.0997,0.4084
10.184,0.5558,-0.3676,-0.0692,0.1984,0.0631,0.0631,1.0997,1.0997,0.4086
10.187,0.5415,-0.3676,-0.0692,0.1955,0.0631,0.0631,1.0997,1.0997,0.4088
10.190,0.5282,-0.3676,-0.0693,0.1930,0.0631,0.0631,1.0997,1.0997,0.4090
10.194,0.5515,-0.3301,-0.0693,0.2010,0.0739,0.0631,1.1442,1.1442,0.4092
10.198,0.5330,-0.3301,-0.0693,0.1976,0.0739,0.0739,1.1442,1.1442,0.4094
10.202,0.5161,-0.3301,-0.0694,0.1947,0.0739,0.0739,1.1442,1.1442,0.4096
10.206,0.5017,-0.3301,-0.0694,0.1922,0.0739,0.0739,1.1442,1.1442,0.4098
10.209,0.4875,-0.3301,-0.0694,0.1898,0.0739,0.0739,1.1442,1.1442,0.4100
10.213,0.5070,-0.2954,-0.0695,0.1983,0.0847,0.0739,1.1838,1.1838,0.4102
10.220,0.4726,-0.2954,-0.0695,0.1930,0.0847,0.0847,1.1838,1.1838,0.4104
10.225,0.4518,-0.2954,-0.0696,0.1899,0.0847,0.0847,1.1838,1.1838,0.4108
10.228,0.4365,-0.2954,-0.0696,0.1877,0.0847,0.0847,1.1838,1.1838,0.4111
10.232,0.4199,-0.2954,-0.0696,0.1781,0.0847,0.0847,1.1838,1.1838,0.4113
10.237,0.4307,-0.2634,-0.0696,0.1862,0.0954,0.0847,1.2144,1.2144,0.4115
10.245,0.3955,-0.2634,-0.0697,0.1820,0.0954,0.0954,1.2144,1.2144,0.4117
10.248,0.3782,-0.2634,-0.0697,0.1800,0.0954,0.0954,1.2144,1.2144,0.4122
10.252,0.3614,-0.2634,-0.0697,0.1782,0.0954,0.0954,1.2144,1.2144,0.4124
10.255,0.3755,-0.2339,-0.0697,0.1869,0.1058,0.0954,1.2347,1.2347,0.4126
10.260,0.3561,-0.2339,-0.0698,0.1848,0.1058,0.1058,1.2347,1.2347,0.4127
10.263,0.3397,-0.2339,-0.0698,0.1761,0.1058,0.1058,1.2347,1.2347,0.4130
10.267,0.3221,-0.2339,-0.0698,0.1745,0.1058,0.1058,1.2347,1.2347,0.4132
10.270,0.3064,-0.2339,-0.0698,0.1665,0.1058,0.1058,1.2347,1.2347,0.4134
10.273,0.3165,-0.2088,-0.0698,0.1703,0.1108,0.1058,1.1666,1.1666,0.4136
10.278,0.2976,-0.2088,-0.0698,0.1688,0.1108,0.1108,1.1666,1.1666,0.4137
10.281,0.2808,-0.2088,-0.0698,0.1676,0.1108,0.1108,1.1666,1.1666,0.4139
10.285,0.2622,-0.2088,-0.0698,0.1662,0.1108,0.1108,1.1666,1.1666,0.4141
10.289,0.2458,-0.2088,-0.0698,0.1581,0.1108,0.1108,1.1666,1.1666,0.4143
10.292,0.2286,-0.2088,-0.0699,0.1571,0.1108,0.1108,1.1666,1.1666,0.4145
10.296,0.2341,-0.1878,-0.0699,0.1554,0.1100,0.1108,1.0153,1.0153,0.4147
10.300,0.2146,-0.1878,-0.0699,0.1543,0.1100,0.1100,1.0153,1.0153,0.4148
10.303,0.1985,-0.1878,-0.0699,0.1533,0.1100,0.1100,1.0153,1.0153,0.4150
10.307,0.1820,-0.1878,-0.0699,0.1455,0.1100,0.1100,1.0153,1.0153,0.4151
10.310,0.1665,-0.1878,-0.0699,0.1383,0.1100,0.1100,1.0153,1.0153,0.4153
10.313,0.1729,-0.1660,-0.0699,0.1448,0.1171,0.1100,0.9681,0.9681,0.4154
10.318,0.1522,-0.1660,-0.0699,0.1354,0.1171,0.1171,0.9681,0.9681,0.4155
10.321,0.1360,-0.1660,-0.0699,0.1351,0.1171,0.1171,0.9681,0.9681,0.4157
10.325,0.1156,-0.1660,-0.0699,0.1346,0.1171,0.1171,0.9681,0.9681,0.4158
10.330,0.0953,-0.1660,-0.0699,0.1256,0.1171,0.1171,0.9681,0.9681,0.4160
10.334,0.0966,-0.1462,-0.0699,0.1325,0.1242,0.1171,0.9168,0.9168,0.4162
10.341,0.0647,-0.1462,-0.0699,0.1188,0.1242,0.1242,0.9168,0.9168,0.4163
10.350,0.0215,-0.1462,-0.0699,0.1011,0.1242,0.1242,0.9168,0.9168,0.4166
10.354,0.0351,-0.1114,-0.0699,0.1110,0.1425,0.1242,0.9891,0.9891,0.4169
10.359,0.0140,-0.1114,-0.0699,0.1028,0.1425,0.1425,0.9891,0.9891,0.4171
10.363,-0.0030,-0.1114,-0.0699,0.1037,0.1425,0.1425,0.9891,0.9891,0.4172
10.379,-0.0271,-0.0581,-0.0698,0.0925,0.1596,0.1425,1.0472,1.0472,0.4174
10.388,-0.0654,-0.0581,-0.0698,0.0793,0.1596,0.1596,1.0472,1.0472,0.4180
10.392,-0.0134,0.0141,-0.0697,0.0798,0.1667,0.1596,1.0051,1.0051,0.4184
10.397,-0.0335,0.0141,-0.0697,0.0733,0.1667,0.1667,1.0051,1.0051,0.4186
10.402,-0.0561,0.0141,-0.0696,0.0662,0.1667,0.1667,1.0051,1.0051,0.4187
10.407,-0.0748,0.0141,-0.0696,0.0605,0.1667,0.1667,1.0051,1.0051,0.4189
10.411,-0.0919,0.0141,-0.0696,0.0537,0.1667,0.1667,1.0051,1.0051,0.4191
10.414,-0.0309,0.0905,-0.0695,0.0462,0.1636,0.1667,0.8636,0.8636,0.4192
10.419,-0.0514,0.0905,-0.0695,0.0405,0.1636,0.1636,0.8636,0.8636,0.4193
10.422,-0.0659,0.0905,-0.0694,0.0365,0.1636,0.1636,0.8636,0.8636,0.4195
10.426,-0.0800,0.0905,-0.0694,0.0313,0.1636,0.1636,0.8636,0.8636,0.4196
10.429,-0.0940,0.0905,-0.0694,0.0262,0.1636,0.1636,0.8636,0.8636,0.4197
10.433,-0.0385,0.1618,-0.0693,0.0343,0.1774,0.1636,0.9058,0.9058,0.4198
10.437,-0.0582,0.1618,-0.0693,0.0275,0.1774,0.1774,0.9058,0.9058,0.4199
10.440,-0.0719,0.1618,-0.0692,0.0242,0.1774,0.1774,0.9058,0.9058,0.4200
10.444,-0.0854,0.1618,-0.0691,0.0197,0.1774,0.1774,0.9058,0.9058,0.4201
10.447,-0.0999,0.1618,-0.0691,0.0149,0.1774,0.1774,0.9058,0.9058,0.4202
10.452,-0.1202,0.1618,-0.0690,0.0084,0.1774,0.1774,0.9058,0.9058,0.4203
10.459,-0.1084,0.2030,-0.0690,0.0018,0.1799,0.1774,0.8354,0.8354,0.4205
10.463,-0.1266,0.2030,-0.0688,-0.0037,0.1799,0.1799,0.8354,0.8354,0.4207
10.467,-0.1423,0.2030,-0.0688,-0.0083,0.1799,0.1799,0.8354,0.8354,0.4208
10.471,-0.1559,0.2030,-0.0687,-0.0122,0.1799,0.1799,0.8354,0.8354,0.4209
10.474,-0.1617,0.2112,-0.0686,-0.0145,0.1815,0.1799,0.7596,0.7596,0.4210
10.478,-0.1785,0.2112,-0.0686,-0.0191,0.1815,0.1815,0.7596,0.7596,0.4211
10.482,-0.1931,0.2112,-0.0685,-0.0230,0.1815,0.1815,0.7596,0.7596,0.4212
10.485,-0.2083,0.2112,-0.0685,-0.0269,0.1815,0.1815,0.7596,0.7596,0.4212
10.489,-0.2218,0.2112,-0.0684,-0.0304,0.1815,0.1815,0.7596,0.7596,0.4213
10.492,-0.2363,0.2112,-0.0683,-0.0340,0.1815,0.1815,0.7596,0.7596,0.4214
10.496,-0.2599,0.2015,-0.0683,-0.0366,0.1823,0.1815,0.6772,0.6772,0.4215
10.500,-0.2774,0.2015,-0.0682,-0.0437,0.1823,0.1823,0.6772,0.6772,0.4216
10.504,-0.2909,0.2015,-0.0682,-0.0468,0.1823,0.1823,0.6772,0.6772,0.4216
10.507,-0.3041,0.2015,-0.0681,-0.0519,0.1823,0.1823,0.6772,0.6772,0.4217
10.510,-0.3175,0.2015,-0.0680,-0.0570,0.1823,0.1823,0.6772,0.6772,0.4218
10.514,-0.3514,0.1813,-0.0680,-0.0621,0.1822,0.1823,0.5878,0.5878,0.4218
10.522,-0.3859,0.1813,-0.0679,-0.0745,0.1822,0.1822,0.5878,0.5878,0.4219
10.528,-0.4069,0.1813,-0.0678,-0.0817,0.1822,0.1822,0.5878,0.5878,0.4220
10.533,-0.4411,0.1664,-0.0677,-0.0792,0.1911,0.1822,0.5925,0.5925,0.4220
10.537,-0.4581,0.1664,-0.0677,-0.0847,0.1911,0.1911,0.5925,0.5925,0.4221
10.541,-0.4721,0.1664,-0.0676,-0.0910,0.1911,0.1911,0.5925,0.5925,0.4222
10.545,-0.4878,0.1664,-0.0675,-0.0978,0.1911,0.1911,0.5925,0.5925,0.4222
10.549,-0.5041,0.1664,-0.0675,-0.1048,0.1911,0.1911,0.5925,0.5925,0.4223
10.553,-0.5274,0.1586,-0.0674,-0.1116,0.1906,0.1911,0.5048,0.5048,0.4223
10.558,-0.5478,0.1586,-0.0674,-0.1197,0.1906,0.1906,0.5048,0.5048,0.4224
10.566,-0.5777,0.1586,-0.0673,-0.1311,0.1906,0.1906,0.5048,0.5048,0.4224
10.570,-0.5943,0.1586,-0.0672,-0.1371,0.1906,0.1906,0.5048,0.5048,0.4225
10.573,-0.5888,0.1781,-0.0672,-0.1315,0.2011,0.1906,0.5265,0.5265,0.4225
10.578,-0.6043,0.1781,-0.0671,-0.1369,0.2011,0.2011,0.5265,0.5265,0.4225
10.581,-0.6180,0.1781,-0.0670,-0.1415,0.2011,0.2011,0.5265,0.5265,0.4226
10.585,-0.6332,0.1781,-0.0670,-0.1464,0.2011,0.2011,0.5265,0.5265,0.4226
10.589,-0.6477,0.1781,-0.0669,-0.1526,0.2011,0.2011,0.5265,0.5265,0.4226
10.593,-0.6162,0.2252,-0.0669,-0.1354,0.2249,0.2011,0.6747,0.6747,0.4227
10.598,-0.6363,0.2252,-0.0668,-0.1434,0.2249,0.2249,0.6747,0.6747,0.4227
10.602,-0.6518,0.2252,-0.0667,-0.1494,0.2249,0.2249,0.6747,0.6747,0.4228
10.606,-0.6679,0.2252,-0.0667,-0.1536,0.2249,0.2249,0.6747,0.6747,0.4229
10.610,-0.6830,0.2252,-0.0666,-0.1607,0.2249,0.2249,0.6747,0.6747,0.4230
10.613,-0.6547,0.2664,-0.0666,-0.1780,0.2122,0.2249,0.4826,0.4826,0.4230
10.618,-0.6737,0.2664,-0.0665,-0.1845,0.2122,0.2122,0.4826,0.4826,0.4231
10.622,-0.6896,0.2664,-0.0664,-0.1913,0.2122,0.2122,0.4826,0.4826,0.4231
10.626,-0.7062,0.2664,-0.0663,-0.1981,0.2122,0.2122,0.4826,0.4826,0.4231
10.630,-0.7207,0.2664,-0.0663,-0.2025,0.2122,0.2122,0.4826,0.4826,0.4231
10.635,-0.6576,0.3470,-0.0662,-0.1829,0.2385,0.2122,0.6320,0.6320,0.4232
10.639,-0.6744,0.3470,-0.0661,-0.1891,0.2385,0.2385,0.6320,0.6320,0.4232
10.642,-0.6882,0.3470,-0.0660,-0.1941,0.2385,0.2385,0.6320,0.6320,0.4233
10.646,-0.7017,0.3470,-0.0659,-0.2000,0.2385,0.2385,0.6320,0.6320,0.4233
10.650,-0.7206,0.3470,-0.0659,-0.2079,0.2385,0.2385,0.6320,0.6320,0.4234
10.654,-0.6922,0.3915,-0.0658,-0.2127,0.2387,0.2385,0.5594,0.5594,0.4235
10.658,-0.7087,0.3915,-0.0657,-0.2192,0.2387,0.2387,0.5594,0.5594,0.4235
10.662,-0.7219,0.3915,-0.0656,-0.2241,0.2387,0.2387,0.5594,0.5594,0.4235
10.667,-0.7449,0.3915,-0.0655,-0.2324,0.2387,0.2387,0.5594,0.5594,0.4236
10.675,-0.7612,0.4090,-0.0654,-0.2437,0.2388,0.2387,0.4850,0.4850,0.4236
10.681,-0.7842,0.4090,-0.0652,-0.2526,0.2388,0.2388,0.4850,0.4850,0.4237
10.684,-0.7998,0.4090,-0.0651,-0.2585,0.2388,0.2388,0.4850,0.4850,0.4237
10.688,-0.8143,0.4090,-0.0650,-0.2637,0.2388,0.2388,0.4850,0.4850,0.4237
10.691,-0.8281,0.4090,-0.0649,-0.2680,0.2388,0.2388,0.4850,0.4850,0.4238
10.695,-0.8391,0.4140,-0.0648,-0.2516,0.2600,0.2388,0.5728,0.5728,0.4238
10.699,-0.8587,0.4140,-0.0647,-0.2586,0.2600,0.2600,0.5728,0.5728,0.4238
10.703,-0.8738,0.4140,-0.0646,-0.2648,0.2600,0.2600,0.5728,0.5728,0.4239
10.706,-0.8878,0.4140,-0.0645,-0.2693,0.2600,0.2600,0.5728,0.5728,0.4239
10.709,-0.9019,0.4140,-0.0645,-0.2738,0.2600,0.2600,0.5728,0.5728,0.4239
10.713,-0.9434,0.3879,-0.0644,-0.2724,0.2661,0.2600,0.5457,0.5457,0.4240
10.718,-0.9648,0.3879,-0.0643,-0.2799,0.2661,0.2661,0.5457,0.5457,0.4240
10.721,-0.9800,0.3879,-0.0642,-0.2850,0.2661,0.2661,0.5457,0.5457,0.4240
10.725,-0.9997,0.3879,-0.0642,-0.2902,0.2661,0.2661,0.5457,0.5457,0.4241
10.729,-1.0177,0.3879,-0.0641,-0.2957,0.2661,0.2661,0.5457,0.5457,0.4241
10.734,-1.0786,0.3462,-0.0640,-0.2919,0.2755,0.2661,0.5420,0.5420,0.4241
10.738,-1.0978,0.3462,-0.0639,-0.2982,0.2755,0.2755,0.5420,0.5420,0.4242
10.741,-1.1135,0.3462,-0.0638,-0.3028,0.2755,0.2755,0.5420,0.5420,0.4242
10.744,-1.1293,0.3462,-0.0638,-0.3081,0.2755,0.2755,0.5420,0.5420,0.4242
10.748,-1.1458,0.3462,-0.0637,-0.3133,0.2755,0.2755,0.5420,0.5420,0.4243
10.752,-1.1647,0.3462,-0.0636,-0.3195,0.2755,0.2755,0.5420,0.5420,0.4243
10.755,-1.2072,0.3199,-0.0636,-0.3145,0.2852,0.2755,0.5384,0.5384,0.4243
10.760,-1.2312,0.3199,-0.0635,-0.3223,0.2852,0.2852,0.5384,0.5384,0.4244
10.763,-1.2492,0.3199,-0.0634,-0.3274,0.2852,0.2852,0.5384,0.5384,0.4244
10.767,-1.2692,0.3199,-0.0634,-0.3336,0.2852,0.2852,0.5384,0.5384,0.4244
10.771,-1.2860,0.3199,-0.0633,-0.3387,0.2852,0.2852,0.5384,0.5384,0.4245
10.775,-1.3021,0.3292,-0.0632,-0.3144,0.3166,0.2852,0.6832,0.6832,0.4245
10.784,-1.3486,0.3292,-0.0631,-0.3274,0.3166,0.3166,0.6832,0.6832,0.4246
10.789,-1.3746,0.3292,-0.0630,-0.3346,0.3166,0.3166,0.6832,0.6832,0.4247
10.793,-1.3797,0.3473,-0.0629,-0.3339,0.3235,0.3166,0.6677,0.6677,0.4248
10.798,-1.4033,0.3473,-0.0628,-0.3401,0.3235,0.3235,0.6677,0.6677,0.4248
10.802,-1.4249,0.3473,-0.0628,-0.3454,0.3235,0.3235,0.6677,0.6677,0.4249
10.805,-1.4441,0.3473,-0.0627,-0.3503,0.3235,0.3235,0.6677,0.6677,0.4249
10.808,-1.4630,0.3473,-0.0626,-0.3545,0.3235,0.3235,0.6677,0.6677,0.4250
10.812,-1.4817,0.3473,-0.0626,-0.3591,0.3235,0.3235,0.6677,0.6677,0.4250
10.815,-1.4885,0.3619,-0.0625,-0.3586,0.3289,0.3235,0.6444,0.6444,0.4251
10.820,-1.5161,0.3619,-0.0624,-0.3650,0.3289,0.3289,0.6444,0.6444,0.4251
10.827,-1.5620,0.3619,-0.0624,-0.3748,0.3289,0.3289,0.6444,0.6444,0.4252
10.832,-1.5911,0.3619,-0.0622,-0.3808,0.3289,0.3289,0.6444,0.6444,0.4253
10.836,-1.6354,0.3402,-0.0621,-0.4063,0.3088,0.3289,0.4579,0.4579,0.4253
10.840,-1.6608,0.3402,-0.0621,-0.4120,0.3088,0.3088,0.4579,0.4579,0.4254
10.843,-1.6812,0.3402,-0.0620,-0.4166,0.3088,0.3088,0.4579,0.4579,0.4254
10.846,-1.7020,0.3402,-0.0620,-0.4213,0.3088,0.3088,0.4579,0.4579,0.4254
10.850,-1.7258,0.3402,-0.0619,-0.4271,0.3088,0.3088,0.4579,0.4579,0.4254
10.854,-1.7781,0.3083,-0.0618,-0.4263,0.3147,0.3088,0.4311,0.4311,0.4254
10.857,-1.8010,0.3083,-0.0618,-0.4322,0.3147,0.3147,0.4311,0.4311,0.4254
10.861,-1.8195,0.3083,-0.0617,-0.4371,0.3147,0.3147,0.4311,0.4311,0.4254
10.864,-1.8378,0.3083,-0.0617,-0.4419,0.3147,0.3147,0.4311,0.4311,0.4254
10.869,-1.8631,0.3083,-0.0616,-0.4487,0.3147,0.3147,0.4311,0.4311,0.4254
10.873,-1.9269,0.2661,-0.0616,-0.4495,0.3196,0.3147,0.3981,0.3981,0.4254
10.877,-1.9485,0.2661,-0.0615,-0.4556,0.3196,0.3196,0.3981,0.3981,0.4254
10.880,-1.9657,0.2661,-0.0615,-0.4605,0.3196,0.3196,0.3981,0.3981,0.4254
10.885,-1.9908,0.2661,-0.0614,-0.4676,0.3196,0.3196,0.3981,0.3981,0.4254
10.892,-2.0241,0.2661,-0.0614,-0.4769,0.3196,0.3196,0.3981,0.3981,0.4254
10.896,-2.0689,0.2371,-0.0613,-0.4758,0.3253,0.3196,0.3732,0.3732,0.4254
10.901,-2.0910,0.2371,-0.0612,-0.4822,0.3253,0.3253,0.3732,0.3732,0.4254
10.904,-2.1066,0.2371,-0.0612,-0.4869,0.3253,0.3253,0.3732,0.3732,0.4254
10.907,-2.1211,0.2371,-0.0611,-0.4911,0.3253,0.3253,0.3732,0.3732,0.4254
10.911,-2.1348,0.2371,-0.0611,-0.4952,0.3253,0.3253,0.3732,0.3732,0.4254
10.914,-2.1529,0.2343,-0.0611,-0.4961,0.3290,0.3253,0.3424,0.3424,0.4254
10.919,-2.1706,0.2343,-0.0610,-0.5016,0.3290,0.3290,0.3424,0.3424,0.4254
10.922,-2.1837,0.2343,-0.0610,-0.5059,0.3290,0.3290,0.3424,0.3424,0.4254
10.925,-2.1962,0.2343,-0.0610,-0.5100,0.3290,0.3290,0.3424,0.3424,0.4254
10.929,-2.2096,0.2343,-0.0609,-0.5142,0.3290,0.3290,0.3424,0.3424,0.4254
10.933,-2.2060,0.2521,-0.0609,-0.5128,0.3348,0.3290,0.3299,0.3299,0.4254
10.937,-2.2204,0.2521,-0.0608,-0.5177,0.3348,0.3348,0.3299,0.3299,0.4254
10.940,-2.2322,0.2521,-0.0608,-0.5216,0.3348,0.3348,0.3299,0.3299,0.4253
10.944,-2.2439,0.2521,-0.0608,-0.5260,0.3348,0.3348,0.3299,0.3299,0.4253
10.947,-2.2563,0.2521,-0.0607,-0.5308,0.3348,0.3348,0.3299,0.3299,0.4253
10.952,-2.2719,0.2521,-0.0607,-0.5371,0.3348,0.3348,0.3299,0.3299,0.4253
10.957,-2.2599,0.2794,-0.0606,-0.5594,0.3190,0.3348,0.1795,0.1795,0.4253
10.961,-2.2728,0.2794,-0.0606,-0.5653,0.3190,0.3190,0.1795,0.1795,0.4252
10.965,-2.2837,0.2794,-0.0605,-0.5705,0.3190,0.3190,0.1795,0.1795,0.4252
10.969,-2.2961,0.2794,-0.0605,-0.5764,0.3190,0.3190,0.1795,0.1795,0.4252
10.972,-2.3065,0.2794,-0.0604,-0.5816,0.3190,0.3190,0.1795,0.1795,0.4251
10.980,-2.2919,0.3159,-0.0604,-0.5876,0.3235,0.3190,0.1693,0.1693,0.4251
10.987,-2.3106,0.3159,-0.0603,-0.5970,0.3235,0.3235,0.1693,0.1693,0.4250
10.992,-2.3234,0.3159,-0.0602,-0.6034,0.3235,0.3235,0.1693,0.1693,0.4249
11.000,-2.3335,0.3258,-0.0601,-0.6055,0.3317,0.3235,0.1992,0.1992,0.4249
11.005,-2.3463,0.3258,-0.0600,-0.6122,0.3317,0.3317,0.1992,0.1992,0.4248
11.009,-2.3556,0.3258,-0.0599,-0.6170,0.3317,0.3317,0.1992,0.1992,0.4247
11.013,-2.3767,0.3124,-0.0599,-0.6174,0.3355,0.3317,0.2142,0.2142,0.4247
11.017,-2.3867,0.3124,-0.0598,-0.6229,0.3355,0.3355,0.2142,0.2142,0.4247
11.021,-2.3943,0.3124,-0.0598,-0.6271,0.3355,0.3355,0.2142,0.2142,0.4246
11.024,-2.4015,0.3124,-0.0597,-0.6312,0.3355,0.3355,0.2142,0.2142,0.4246
11.027,-2.4083,0.3124,-0.0597,-0.6349,0.3355,0.3355,0.2142,0.2142,0.4246
11.031,-2.4150,0.3124,-0.0596,-0.6387,0.3355,0.3355,0.2142,0.2142,0.4246
11.035,-2.4400,0.2950,-0.0596,-0.6250,0.3536,0.3355,0.3973,0.3973,0.4245
11.039,-2.4483,0.2950,-0.0596,-0.6298,0.3536,0.3536,0.3973,0.3973,0.4245
11.042,-2.4544,0.2950,-0.0595,-0.6333,0.3536,0.3536,0.3973,0.3973,0.4245
11.046,-2.4620,0.2950,-0.0595,-0.6379,0.3536,0.3536,0.3973,0.3973,0.4245
11.051,-2.4699,0.2950,-0.0594,-0.6430,0.3536,0.3536,0.3973,0.3973,0.4246
11.054,-2.5193,0.2521,-0.0594,-0.6474,0.3534,0.3536,0.4257,0.4257,0.4246
11.058,-2.5263,0.2521,-0.0593,-0.6526,0.3534,0.3534,0.4257,0.4257,0.4246
11.062,-2.5319,0.2521,-0.0593,-0.6570,0.3534,0.3534,0.4257,0.4257,0.4246
11.065,-2.5377,0.2521,-0.0593,-0.6616,0.3534,0.3534,0.4257,0.4257,0.4246
11.069,-2.5437,0.2521,-0.0592,-0.6667,0.3534,0.3534,0.4257,0.4257,0.4246
11.072,-2.5489,0.2521,-0.0592,-0.6713,0.3534,0.3534,0.4257,0.4257,0.4246
11.075,-2.5721,0.2339,-0.0592,-0.6664,0.3628,0.3534,0.6260,0.6260,0.4246
11.079,-2.5780,0.2339,-0.0591,-0.6720,0.3628,0.3628,0.6260,0.6260,0.4246
11.083,-2.5836,0.2339,-0.0591,-0.6771,0.3628,0.3628,0.6260,0.6260,0.4247
11.086,-2.5886,0.2339,-0.0591,-0.6817,0.3628,0.3628,0.6260,0.6260,0.4247
11.090,-2.5932,0.2339,-0.0590,-0.6861,0.3628,0.3628,0.6260,0.6260,0.4248
11.094,-2.6180,0.2152,-0.0590,-0.7186,0.3362,0.3628,0.2779,0.2779,0.4248
11.102,-2.6286,0.2152,-0.0590,-0.7292,0.3362,0.3362,0.2779,0.2779,0.4248
11.105,-2.6331,0.2152,-0.0589,-0.7335,0.3362,0.3362,0.2779,0.2779,0.4248
11.109,-2.6372,0.2152,-0.0589,-0.7376,0.3362,0.3362,0.2779,0.2779,0.4247
11.112,-2.6410,0.2152,-0.0589,-0.7415,0.3362,0.3362,0.2779,0.2779,0.4247
11.116,-2.6212,0.2397,-0.0589,-0.7466,0.3358,0.3362,0.4600,0.4600,0.4247
11.120,-2.6264,0.2397,-0.0588,-0.7519,0.3358,0.3358,0.4600,0.4600,0.4247
11.124,-2.6304,0.2397,-0.0588,-0.7560,0.3358,0.3358,0.4600,0.4600,0.4247
11.130,-2.6380,0.2397,-0.0588,-0.7640,0.3358,0.3358,0.4600,0.4600,0.4248
11.135,-2.6184,0.2646,-0.0587,-0.7886,0.3166,0.3358,0.1225,0.1225,0.4248
11.139,-2.6226,0.2646,-0.0587,-0.7930,0.3166,0.3166,0.1225,0.1225,0.4247
11.142,-2.6259,0.2646,-0.0586,-0.7964,0.3166,0.3166,0.1225,0.1225,0.4247
11.146,-2.6292,0.2646,-0.0586,-0.7999,0.3166,0.3166,0.1225,0.1225,0.4246
11.150,-2.6338,0.2646,-0.0586,-0.8048,0.3166,0.3166,0.1225,0.1225,0.4246
11.155,-2.5770,0.3254,-0.0585,-0.8162,0.3095,0.3166,0.3010,0.3010,0.4245
11.159,-2.5808,0.3254,-0.0585,-0.8205,0.3095,0.3095,0.3010,0.3010,0.4245
11.162,-2.5838,0.3254,-0.0584,-0.8240,0.3095,0.3095,0.3010,0.3010,0.4245
11.166,-2.5872,0.3254,-0.0584,-0.8283,0.3095,0.3095,0.3010,0.3010,0.4245
11.169,-2.5903,0.3254,-0.0583,-0.8324,0.3095,0.3095,0.3010,0.3010,0.4245
11.172,-2.5538,0.3646,-0.0583,-0.8502,0.2957,0.3095,-0.0269,-0.0269,0.4245
11.176,-2.5571,0.3646,-0.0582,-0.8551,0.2957,0.2957,-0.0269,-0.0269,0.4244
11.180,-2.5599,0.3646,-0.0582,-0.8596,0.2957,0.2957,-0.0269,-0.0269,0.4243
11.184,-2.5634,0.3646,-0.0581,-0.8657,0.2957,0.2957,-0.0269,-0.0269,0.4243
11.188,-2.5662,0.3646,-0.0581,-0.8707,0.2957,0.2957,-0.0269,-0.0269,0.4242
11.191,-2.5690,0.3646,-0.0580,-0.8760,0.2957,0.2957,-0.0269,-0.0269,0.4241
11.195,-2.5406,0.3960,-0.0580,-0.8929,0.2845,0.2957,0.1440,0.1440,0.4240
11.201,-2.5446,0.3960,-0.0579,-0.9005,0.2845,0.2845,0.1440,0.1440,0.4240
11.208,-2.5498,0.3960,-0.0578,-0.9107,0.2845,0.2845,0.1440,0.1440,0.4239
11.215,-2.5611,0.3889,-0.0577,-0.9298,0.2737,0.2845,-0.0192,-0.0192,0.4239
11.221,-2.5650,0.3889,-0.0576,-0.9375,0.2737,0.2737,-0.0192,-0.0192,0.4237
11.224,-2.5674,0.3889,-0.0575,-0.9422,0.2737,0.2737,-0.0192,-0.0192,0.4236
11.228,-2.5694,0.3889,-0.0575,-0.9462,0.2737,0.2737,-0.0192,-0.0192,0.4236
11.231,-2.5715,0.3889,-0.0574,-0.9504,0.2737,0.2737,-0.0192,-0.0192,0.4235
11.235,-2.5916,0.3710,-0.0574,-0.9689,0.2596,0.2737,0.1304,0.1304,0.4235
11.239,-2.5939,0.3710,-0.0573,-0.9735,0.2596,0.2596,0.1304,0.1304,0.4234
11.242,-2.5958,0.3710,-0.0573,-0.9773,0.2596,0.2596,0.1304,0.1304,0.4234
11.246,-2.5976,0.3710,-0.0572,-0.9809,0.2596,0.2596,0.1304,0.1304,0.4233
11.249,-2.5995,0.3710,-0.0572,-0.9847,0.2596,0.2596,0.1304,0.1304,0.4233
11.253,-2.6546,0.3177,-0.0572,-0.9952,0.2529,0.2596,-0.1878,-0.1878,0.4233
11.257,-2.6568,0.3177,-0.0571,-0.9996,0.2529,0.2529,-0.1878,-0.1878,0.4232
11.260,-2.6586,0.3177,-0.0571,-1.0032,0.2529,0.2529,-0.1878,-0.1878,0.4230
11.264,-2.6602,0.3177,-0.0570,-1.0063,0.2529,0.2529,-0.1878,-0.1878,0.4230
11.268,-2.6620,0.3177,-0.0570,-1.0101,0.2529,0.2529,-0.1878,-0.1878,0.4229
11.271,-2.6636,0.3177,-0.0570,-1.0132,0.2529,0.2529,-0.1878,-0.1878,0.4228
11.275,-2.7159,0.2674,-0.0569,-1.0326,0.2377,0.2529,-0.0504,-0.0504,0.4227
11.284,-2.7200,0.2674,-0.0569,-1.0433,0.2377,0.2377,-0.0504,-0.0504,0.4226
11.289,-2.7222,0.2674,-0.0568,-1.0496,0.2377,0.2377,-0.0504,-0.0504,0.4224
11.293,-2.7746,0.2165,-0.0568,-1.0656,0.2263,0.2377,-0.0667,-0.0667,0.4223
11.297,-2.7763,0.2165,-0.0568,-1.0712,0.2263,0.2263,-0.0667,-0.0667,0.4222
11.301,-2.7779,0.2165,-0.0568,-1.0768,0.2263,0.2263,-0.0667,-0.0667,0.4222
11.305,-2.7792,0.2165,-0.0567,-1.0819,0.2263,0.2263,-0.0667,-0.0667,0.4221
11.310,-2.7811,0.2165,-0.0567,-1.0894,0.2263,0.2263,-0.0667,-0.0667,0.4220
11.318,-2.8309,0.1698,-0.0567,-1.1118,0.2158,0.2263,-0.0897,-0.0897,0.4219
11.323,-2.8324,0.1698,-0.0567,-1.1178,0.2158,0.2158,-0.0897,-0.0897,0.4217
11.326,-2.8335,0.1698,-0.0567,-1.1222,0.2158,0.2158,-0.0897,-0.0897,0.4217
11.329,-2.8345,0.1698,-0.0566,-1.1265,0.2158,0.2158,-0.0897,-0.0897,0.4216
11.333,-2.8727,0.1328,-0.0566,-1.1422,0.2050,0.2158,0.0560,0.0560,0.4215
11.341,-2.8753,0.1328,-0.0566,-1.1526,0.2050,0.2050,0.0560,0.0560,0.4215
11.347,-2.8770,0.1328,-0.0566,-1.1596,0.2050,0.2050,0.0560,0.0560,0.4214
11.352,-2.8785,0.1328,-0.0566,-1.1654,0.2050,0.2050,0.0560,0.0560,0.4213
11.356,-2.9177,0.0946,-0.0566,-1.1782,0.1963,0.2050,0.0574,0.0574,0.4212
11.360,-2.9190,0.0946,-0.0566,-1.1836,0.1963,0.1963,0.0574,0.0574,0.4212
11.365,-2.9203,0.0946,-0.0566,-1.1887,0.1963,0.1963,0.0574,0.0574,0.4211
11.370,-2.9214,0.0946,-0.0566,-1.1932,0.1963,0.1963,0.0574,0.0574,0.4211
11.374,-2.9616,0.0555,-0.0566,-1.2057,0.1878,0.1963,-0.0933,-0.0933,0.4210
11.378,-2.9626,0.0555,-0.0567,-1.2098,0.1878,0.1878,-0.0933,-0.0933,0.4209
11.382,-2.9636,0.0555,-0.0567,-1.2136,0.1878,0.1878,-0.0933,-0.0933,0.4209
11.386,-2.9646,0.0555,-0.0567,-1.2173,0.1878,0.1878,-0.0933,-0.0933,0.4208
11.390,-2.9655,0.0555,-0.0567,-1.2211,0.1878,0.1878,-0.0933,-0.0933,0.4207
11.395,-2.9978,0.0241,-0.0567,-1.2312,0.1812,0.1878,-0.1043,-0.1043,0.4206
11.400,-2.9989,0.0241,-0.0567,-1.2359,0.1812,0.1812,-0.1043,-0.1043,0.4205
11.403,-2.9997,0.0241,-0.0568,-1.2399,0.1812,0.1812,-0.1043,-0.1043,0.4204
11.407,-3.0005,0.0241,-0.0568,-1.2437,0.1812,0.1812,-0.1043,-0.1043,0.4204
11.412,-3.0014,0.0241,-0.0568,-1.2491,0.1812,0.1812,-0.1043,-0.1043,0.4203
11.420,-3.0273,0.0000,-0.0568,-1.2664,0.1754,0.1812,-0.1262,-0.1262,0.4202
11.426,-3.0283,0.0000,-0.0569,-1.2739,0.1754,0.1754,-0.1262,-0.1262,0.4200
11.434,-3.0463,-0.0165,-0.0569,-1.2922,0.1699,0.1754,-0.1643,-0.1643,0.4199
11.440,-3.0472,-0.0165,-0.0570,-1.2998,0.1699,0.1699,-0.1643,-0.1643,0.4197
11.443,-3.0477,-0.0165,-0.0570,-1.3049,0.1699,0.1699,-0.1643,-0.1643,0.4196
11.446,-3.0483,-0.0165,-0.0570,-1.3095,0.1699,0.1699,-0.1643,-0.1643,0.4195
11.450,-3.0489,-0.0165,-0.0570,-1.3148,0.1699,0.1699,-0.1643,-0.1643,0.4195
11.454,-3.0475,-0.0146,-0.0570,-1.3205,0.1688,0.1699,-0.0859,-0.0859,0.4194
11.458,-3.0481,-0.0146,-0.0571,-1.3253,0.1688,0.1688,-0.0859,-0.0859,0.4193
11.461,-3.0486,-0.0146,-0.0571,-1.3295,0.1688,0.1688,-0.0859,-0.0859,0.4192
11.464,-3.0491,-0.0146,-0.0571,-1.3337,0.1688,0.1688,-0.0859,-0.0859,0.4192
11.477,-3.0363,0.0000,-0.0571,-1.3626,0.1544,0.1688,-0.3896,-0.3896,0.4191
11.484,-3.0372,0.0000,-0.0572,-1.3696,0.1544,0.1544,-0.3896,-0.3896,0.4187
11.488,-3.0377,0.0000,-0.0572,-1.3734,0.1544,0.1544,-0.3896,-0.3896,0.4185
11.492,-3.0382,0.0000,-0.0573,-1.3772,0.1544,0.1544,-0.3896,-0.3896,0.4184
11.496,-3.0200,0.0187,-0.0573,-1.3755,0.1595,0.1544,-0.2048,-0.2048,0.4182
11.501,-3.0162,0.0187,-0.0573,-1.3793,0.1595,0.1595,-0.2048,-0.2048,0.4181
11.504,-2.9645,0.0187,-0.0573,-1.3823,0.1595,0.1595,-0.2048,-0.2048,0.4180
11.508,-2.9123,0.0187,-0.0573,-1.3857,0.1595,0.1595,-0.2048,-0.2048,0.4180
11.511,-2.8589,0.0187,-0.0574,-1.3893,0.1595,0.1595,-0.2048,-0.2048,0.4179
11.515,-2.8086,0.0147,-0.0574,-1.4026,0.1502,0.1595,-0.3647,-0.3647,0.4178
11.521,-2.7311,0.0147,-0.0574,-1.4088,0.1502,0.1502,-0.3647,-0.3647,0.4177
11.527,-2.6361,0.0147,-0.0574,-1.4189,0.1502,0.1502,-0.3647,-0.3647,0.4175
11.532,-2.5828,0.0147,-0.0575,-1.4255,0.1502,0.1502,-0.3647,-0.3647,0.4173
11.535,-2.5483,0.0000,-0.0575,-1.4360,0.1465,0.1502,-0.3956,-0.3956,0.4172
11.539,-2.4987,0.0000,-0.0575,-1.4437,0.1465,0.1465,-0.3956,-0.3956,0.4171
11.543,-2.4571,0.0000,-0.0575,-1.4507,0.1465,0.1465,-0.3956,-0.3956,0.4170
11.546,-2.4163,0.0000,-0.0575,-1.4582,0.1465,0.1465,-0.3956,-0.3956,0.4169
11.549,-2.3731,0.0000,-0.0575,-1.4669,0.1465,0.1465,-0.3956,-0.3956,0.4168
11.553,-2.3545,-0.0236,-0.0576,-1.4796,0.1430,0.1465,-0.4252,-0.4252,0.4167
11.557,-2.3084,-0.0236,-0.0576,-1.4906,0.1430,0.1430,-0.4252,-0.4252,0.4166
11.560,-2.2718,-0.0236,-0.0576,-1.4998,0.1430,0.1430,-0.4252,-0.4252,0.4164
11.563,-2.2347,-0.0236,-0.0576,-1.5099,0.1430,0.1430,-0.4252,-0.4252,0.4163
11.567,-2.1907,-0.0236,-0.0576,-1.5227,0.1430,0.1430,-0.4252,-0.4252,0.4162
11.571,-2.1549,-0.0236,-0.0577,-1.5337,0.1430,0.1430,-0.4252,-0.4252,0.4161
11.574,-2.1405,-0.0449,-0.0577,-1.5485,0.1394,0.1430,-0.4560,-0.4560,0.4160
11.578,-2.0969,-0.0449,-0.0577,-1.5628,0.1394,0.1394,-0.4560,-0.4560,0.4159
11.586,-2.0147,-0.0449,-0.0577,-1.5918,0.1394,0.1394,-0.4560,-0.4560,0.4158
11.592,-1.9579,-0.0449,-0.0577,-1.6128,0.1394,0.1394,-0.4560,-0.4560,0.4155
11.596,-1.9345,-0.0642,-0.0578,-1.6329,0.1358,0.1394,-0.4898,-0.4898,0.4153
11.602,-1.8810,-0.0642,-0.0578,-1.6547,0.1358,0.1358,-0.4898,-0.4898,0.4152
11.605,-1.8471,-0.0642,-0.0578,-1.6689,0.1358,0.1358,-0.4898,-0.4898,0.4150
11.609,-1.8171,-0.0642,-0.0579,-1.6819,0.1358,0.1358,-0.4898,-0.4898,0.4149
11.612,-1.7880,-0.0642,-0.0579,-1.6949,0.1358,0.1358,-0.4898,-0.4898,0.4148
11.616,-1.7704,-0.0818,-0.0579,-1.7148,0.1321,0.1358,-0.5281,-0.5281,0.4146
11.621,-1.7252,-0.0818,-0.0580,-1.7368,0.1321,0.1321,-0.5281,-0.5281,0.4145
11.628,-1.6683,-0.0818,-0.0580,-1.7663,0.1321,0.1321,-0.5281,-0.5281,0.4143
11.632,-1.6474,-0.0967,-0.0581,-1.7815,0.1362,0.1321,-0.3809,-0.3809,0.4141
11.637,-1.6117,-0.0967,-0.0581,-1.8015,0.1362,0.1362,-0.3809,-0.3809,0.4140
11.640,-1.5861,-0.0967,-0.0581,-1.8163,0.1362,0.1362,-0.3809,-0.3809,0.4139
11.644,-1.5605,-0.0967,-0.0582,-1.8282,0.1362,0.1362,-0.3809,-0.3809,0.4138
11.647,-1.5320,-0.0967,-0.0582,-1.8370,0.1362,0.1362,-0.3809,-0.3809,0.4137
11.652,-1.4952,-0.0967,-0.0582,-1.8410,0.1362,0.1362,-0.3809,-0.3809,0.4136
11.656,-1.4834,-0.1105,-0.0583,-1.8403,0.1359,0.1362,-0.3275,-0.3275,0.4135
11.660,-1.4521,-0.1105,-0.0583,-1.8331,0.1359,0.1359,-0.3275,-0.3275,0.4134
11.665,-1.4207,-0.1105,-0.0584,-1.8196,0.1359,0.1359,-0.3275,-0.3275,0.4133
11.669,-1.3956,-0.1105,-0.0584,-1.8047,0.1359,0.1359,-0.3275,-0.3275,0.4132
11.672,-1.3739,-0.1105,-0.0584,-1.7885,0.1359,0.1359,-0.3275,-0.3275,0.4131
11.675,-1.3651,-0.1228,-0.0585,-1.7710,0.1344,0.1359,-0.2865,-0.2865,0.4130
11.679,-1.3395,-0.1228,-0.0585,-1.7431,0.1344,0.1344,-0.2865,-0.2865,0.4129
11.683,-1.3168,-0.1228,-0.0585,-1.7144,0.1344,0.1344,-0.2865,-0.2865,0.4128
11.686,-1.2956,-0.1228,-0.0586,-1.6839,0.1344,0.1344,-0.2865,-0.2865,0.4128
11.689,-1.2760,-0.1228,-0.0586,-1.6525,0.1344,0.1344,-0.2865,-0.2865,0.4127
11.693,-1.2612,-0.1326,-0.0586,-1.6121,0.1351,0.1344,-0.1584,-0.1584,0.4126
11.699,-1.2305,-0.1326,-0.0587,-1.5631,0.1351,0.1351,-0.1584,-0.1584,0.4126
11.702,-1.2098,-0.1326,-0.0587,-1.5304,0.1351,0.1351,-0.1584,-0.1584,0.4125
11.706,-1.1914,-0.1326,-0.0588,-1.5017,0.1351,0.1351,-0.1584,-0.1584,0.4125
11.709,-1.1728,-0.1326,-0.0588,-1.4729,0.1351,0.1351,-0.1584,-0.1584,0.4124
11.712,-1.1544,-0.1326,-0.0588,-1.4448,0.1351,0.1351,-0.1584,-0.1584,0.4124
11.716,-1.1451,-0.1440,-0.0589,-1.4194,0.1288,0.1351,-0.2451,-0.2451,0.4123
11.720,-1.1239,-0.1440,-0.0589,-1.3878,0.1288,0.1288,-0.2451,-0.2451,0.4122
11.726,-1.0970,-0.1440,-0.0590,-1.3479,0.1288,0.1288,-0.2451,-0.2451,0.4122
11.734,-1.0654,-0.1528,-0.0590,-1.2944,0.1241,0.1288,-0.2389,-0.2389,0.4121
11.742,-1.0245,-0.1528,-0.0591,-1.2372,0.1241,0.1241,-0.2389,-0.2389,0.4119
11.747,-1.0027,-0.1528,-0.0592,-1.2074,0.1241,0.1241,-0.2389,-0.2389,0.4118
11.751,-0.9833,-0.1528,-0.0593,-1.1812,0.1241,0.1241,-0.2389,-0.2389,0.4117
11.756,-0.9731,-0.1620,-0.0593,-1.1620,0.1177,0.1241,-0.3224,-0.3224,0.4116
11.760,-0.9541,-0.1620,-0.0594,-1.1373,0.1177,0.1177,-0.3224,-0.3224,0.4115
11.764,-0.9375,-0.1620,-0.0594,-1.1160,0.1177,0.1177,-0.3224,-0.3224,0.4114
11.769,-0.9162,-0.1620,-0.0594,-1.0894,0.1177,0.1177,-0.3224,-0.3224,0.4114
11.775,-0.9008,-0.1684,-0.0595,-1.0685,0.1120,0.1177,-0.3144,-0.3144,0.4112
11.780,-0.8795,-0.1684,-0.0596,-1.0433,0.1120,0.1120,-0.3144,-0.3144,0.4111
11.785,-0.8602,-0.1684,-0.0596,-1.0211,0.1120,0.1120,-0.3144,-0.3144,0.4110
11.790,-0.8434,-0.1684,-0.0597,-1.0024,0.1120,0.1120,-0.3144,-0.3144,0.4109
11.794,-0.8294,-0.1692,-0.0597,-0.9925,0.1058,0.1120,-0.3855,-0.3855,0.4108
11.801,-0.8068,-0.1692,-0.0598,-0.9688,0.1058,0.1058,-0.3855,-0.3855,0.4107
11.806,-0.7896,-0.1692,-0.0598,-0.9515,0.1058,0.1058,-0.3855,-0.3855,0.4106
11.810,-0.7767,-0.1692,-0.0599,-0.9388,0.1058,0.1058,-0.3855,-0.3855,0.4105
11.813,-0.7443,-0.1489,-0.0599,-0.9333,0.0998,0.1058,-0.4574,-0.4574,0.4104
11.819,-0.7274,-0.1489,-0.0600,-0.9179,0.0998,0.0998,-0.4574,-0.4574,0.4103
11.822,-0.7157,-0.1489,-0.0600,-0.9077,0.0998,0.0998,-0.4574,-0.4574,0.4101
11.826,-0.7042,-0.1489,-0.0601,-0.8980,0.0998,0.0998,-0.4574,-0.4574,0.4100
11.832,-0.6878,-0.1489,-0.0601,-0.8850,0.0998,0.0998,-0.4574,-0.4574,0.4099
11.840,-0.6234,-0.1078,-0.0602,-0.8745,0.0933,0.0998,-0.3718,-0.3718,0.4098
11.844,-0.6115,-0.1078,-0.0602,-0.8664,0.0933,0.0933,-0.3718,-0.3718,0.4096
11.848,-0.6007,-0.1078,-0.0603,-0.8595,0.0933,0.0933,-0.3718,-0.3718,0.4095
11.853,-0.5221,-0.0425,-0.0603,-0.8581,0.0868,0.0933,-0.2981,-0.2981,0.4094
11.858,-0.5089,-0.0425,-0.0603,-0.8511,0.0868,0.0868,-0.2981,-0.2981,0.4093
11.862,-0.4995,-0.0425,-0.0603,-0.8465,0.0868,0.0868,-0.2981,-0.2981,0.4093
11.866,-0.4895,-0.0425,-0.0603,-0.8421,0.0868,0.0868,-0.2981,-0.2981,0.4092
11.870,-0.4798,-0.0425,-0.0603,-0.8383,0.0868,0.0868,-0.2981,-0.2981,0.4091
11.874,-0.3972,0.0300,-0.0603,-0.8404,0.0812,0.0868,-0.3144,-0.3144,0.4090
11.880,-0.3853,0.0300,-0.0603,-0.8370,0.0812,0.0812,-0.3144,-0.3144,0.4090
11.885,-0.3720,0.0300,-0.0603,-0.8343,0.0812,0.0812,-0.3144,-0.3144,0.4089
11.893,-0.2682,0.1180,-0.0604,-0.8378,0.0760,0.0812,-0.3369,-0.3369,0.4088
11.899,-0.2554,0.1180,-0.0603,-0.8376,0.0760,0.0760,-0.3369,-0.3369,0.4086
11.903,-0.2473,0.1180,-0.0603,-0.8381,0.0760,0.0760,-0.3369,-0.3369,0.4085
11.906,-0.2405,0.1180,-0.0603,-0.8388,0.0760,0.0760,-0.3369,-0.3369,0.4084
11.910,-0.2343,0.1180,-0.0603,-0.8397,0.0760,0.0760,-0.3369,-0.3369,0.4084
11.913,-0.1668,0.1783,-0.0603,-0.8470,0.0702,0.0760,-0.2896,-0.2896,0.4083
11.918,-0.1582,0.1783,-0.0602,-0.8496,0.0702,0.0702,-0.2896,-0.2896,0.4083
11.921,-0.1520,0.1783,-0.0602,-0.8518,0.0702,0.0702,-0.2896,-0.2896,0.4082
11.925,-0.1462,0.1783,-0.0602,-0.8541,0.0702,0.0702,-0.2896,-0.2896,0.4081
11.928,-0.1403,0.1783,-0.0602,-0.8569,0.0702,0.0702,-0.2896,-0.2896,0.4081
11.934,-0.0982,0.2102,-0.0601,-0.8675,0.0656,0.0702,-0.4032,-0.4032,0.4080
11.942,-0.0843,0.2102,-0.0601,-0.8782,0.0656,0.0656,-0.4032,-0.4032,0.4079
11.946,-0.0784,0.2102,-0.0600,-0.8832,0.0656,0.0656,-0.4032,-0.4032,0.4077
11.949,-0.0724,0.2102,-0.0600,-0.8888,0.0656,0.0656,-0.4032,-0.4032,0.4076
11.953,-0.0599,0.2174,-0.0600,-0.8991,0.0607,0.0656,-0.3455,-0.3455,0.4076
11.957,-0.0539,0.2174,-0.0599,-0.9057,0.0607,0.0607,-0.3455,-0.3455,0.4075
11.960,-0.0487,0.2174,-0.0599,-0.9118,0.0607,0.0607,-0.3455,-0.3455,0.4074
11.964,-0.0438,0.2174,-0.0599,-0.9180,0.0607,0.0607,-0.3455,-0.3455,0.4074
11.968,-0.0384,0.2174,-0.0598,-0.9254,0.0607,0.0607,-0.3455,-0.3455,0.4073
11.971,-0.0337,0.2174,-0.0598,-0.9323,0.0607,0.0607,-0.3455,-0.3455,0.4072
11.974,-0.0435,0.2030,-0.0598,-0.9438,0.0564,0.0607,-0.2829,-0.2829,0.4072
11.978,-0.0381,0.2030,-0.0598,-0.9530,0.0564,0.0564,-0.2829,-0.2829,0.4071
11.982,-0.0332,0.2030,-0.0597,-0.9617,0.0564,0.0564,-0.2829,-0.2829,0.4071
11.986,-0.0286,0.2030,-0.0597,-0.9706,0.0564,0.0564,-0.2829,-0.2829,0.4070
11.989,-0.0244,0.2030,-0.0597,-0.9790,0.0564,0.0564,-0.2829,-0.2829,0.4070
11.992,-0.0202,0.2030,-0.0597,-0.9878,0.0564,0.0564,-0.2829,-0.2829,0.4069
11.996,-0.0521,0.1670,-0.0596,-1.0006,0.0526,0.0564,-0.2240,-0.2240,0.4069
12.000,-0.0470,0.1670,-0.0596,-1.0128,0.0526,0.0526,-0.2240,-0.2240,0.4068
12.003,-0.0429,0.1670,-0.0596,-1.0229,0.0526,0.0526,-0.2240,-0.2240,0.4068
12.007,-0.0390,0.1670,-0.0596,-1.0330,0.0526,0.0526,-0.2240,-0.2240,0.4067
12.010,-0.0354,0.1670,-0.0595,-1.0430,0.0526,0.0526,-0.2240,-0.2240,0.4067
12.013,-0.0703,0.1285,-0.0595,-1.0566,0.0493,0.0526,-0.1696,-0.1696,0.4067
12.018,-0.0653,0.1285,-0.0595,-1.0717,0.0493,0.0493,-0.1696,-0.1696,0.4066
12.021,-0.0617,0.1285,-0.0595,-1.0832,0.0493,0.0493,-0.1696,-0.1696,0.4066
12.025,-0.0578,0.1285,-0.0595,-1.0963,0.0493,0.0493,-0.1696,-0.1696,0.4066
12.028,-0.0542,0.1285,-0.0595,-1.1088,0.0493,0.0493,-0.1696,-0.1696,0.4065
12.032,-0.0505,0.1285,-0.0595,-1.1225,0.0493,0.0493,-0.1696,-0.1696,0.4065
12.036,-0.0814,0.0935,-0.0595,-1.1409,0.0466,0.0493,-0.1253,-0.1253,0.4065
12.046,-0.0718,0.0935,-0.0594,-1.1827,0.0466,0.0466,-0.1253,-0.1253,0.4065
12.056,-0.0938,0.0624,-0.0594,-1.2309,0.0432,0.0466,-0.1687,-0.1687,0.4064
12.061,-0.0894,0.0624,-0.0594,-1.2538,0.0432,0.0432,-0.1687,-0.1687,0.4063
12.065,-0.0862,0.0624,-0.0594,-1.2706,0.0432,0.0432,-0.1687,-0.1687,0.4063
12.069,-0.0831,0.0624,-0.0594,-1.2883,0.0432,0.0432,-0.1687,-0.1687,0.4062
12.072,-0.0800,0.0624,-0.0594,-1.3061,0.0432,0.0432,-0.1687,-0.1687,0.4062
12.076,-0.1053,0.0343,-0.0594,-1.3262,0.0403,0.0432,-0.2145,-0.2145,0.4062
12.080,-0.1024,0.0343,-0.0594,-1.3453,0.0403,0.0403,-0.2145,-0.2145,0.4061
12.084,-0.0994,0.0343,-0.0594,-1.3649,0.0403,0.0403,-0.2145,-0.2145,0.4061
12.087,-0.0969,0.0343,-0.0595,-1.3826,0.0403,0.0403,-0.2145,-0.2145,0.4061
12.090,-0.0945,0.0343,-0.0595,-1.3994,0.0403,0.0403,-0.2145,-0.2145,0.4060
12.094,-0.1264,0.0000,-0.0595,-1.4195,0.0376,0.0403,-0.2716,-0.2716,0.4060
12.098,-0.1235,0.0000,-0.0595,-1.4420,0.0376,0.0376,-0.2716,-0.2716,0.4060
12.102,-0.1209,0.0000,-0.0595,-1.4626,0.0376,0.0376,-0.2716,-0.2716,0.4059
12.105,-0.1186,0.0000,-0.0595,-1.4813,0.0376,0.0376,-0.2716,-0.2716,0.4059
12.108,-0.1165,0.0000,-0.0595,-1.4996,0.0376,0.0376,-0.2716,-0.2716,0.4058
12.111,-0.1144,0.0000,-0.0595,-1.5183,0.0376,0.0376,-0.2716,-0.2716,0.4058
12.115,-0.1350,-0.0229,-0.0595,-1.5406,0.0372,0.0376,-0.2605,-0.2605,0.4057
12.120,-0.1321,-0.0229,-0.0596,-1.5685,0.0372,0.0372,-0.2605,-0.2605,0.4057
12.123,-0.1300,-0.0229,-0.0596,-1.5890,0.0372,0.0372,-0.2605,-0.2605,0.4056
12.126,-0.1281,-0.0229,-0.0596,-1.6090,0.0372,0.0372,-0.2605,-0.2605,0.4056
12.130,-0.1261,-0.0229,-0.0596,-1.6299,0.0372,0.0372,-0.2605,-0.2605,0.4056
12.135,-0.1428,-0.0429,-0.0596,-1.6679,0.0351,0.0372,-0.3167,-0.3167,0.4055
12.140,-0.1401,-0.0429,-0.0596,-1.6996,0.0351,0.0351,-0.3167,-0.3167,0.4054
12.144,-0.1382,-0.0429,-0.0596,-1.7227,0.0351,0.0351,-0.3167,-0.3167,0.4054
12.147,-0.1362,-0.0429,-0.0596,-1.7472,0.0351,0.0351,-0.3167,-0.3167,0.4053
12.153,-0.1511,-0.0606,-0.0596,-1.7866,0.0332,0.0351,-0.3739,-0.3739,0.4053
12.161,-0.1470,-0.0606,-0.0597,-1.8460,0.0332,0.0332,-0.3739,-0.3739,0.4052
12.166,-0.1447,-0.0606,-0.0597,-1.8789,0.0332,0.0332,-0.3739,-0.3739,0.4050
12.169,-0.1430,-0.0606,-0.0597,-1.9049,0.0332,0.0332,-0.3739,-0.3739,0.4050
12.173,-0.1571,-0.0763,-0.0598,-1.9313,0.0313,0.0332,-0.4327,-0.4327,0.4049
12.176,-0.1554,-0.0763,-0.0598,-1.9603,0.0313,0.0313,-0.4327,-0.4327,0.4048
12.180,-0.1539,-0.0763,-0.0598,-1.9848,0.0313,0.0313,-0.4327,-0.4327,0.4048
12.183,-0.1523,-0.0763,-0.0598,-2.0137,0.0313,0.0313,-0.4327,-0.4327,0.4047
12.187,-0.1507,-0.0763,-0.0599,-2.0427,0.0313,0.0313,-0.4327,-0.4327,0.4046
12.195,-0.1411,-0.0699,-0.0599,-2.1024,0.0316,0.0313,-0.4344,-0.4344,0.4045
12.200,-0.1389,-0.0699,-0.0599,-2.1473,0.0316,0.0316,-0.4344,-0.4344,0.4044
12.204,-0.1376,-0.0699,-0.0600,-2.1745,0.0316,0.0316,-0.4344,-0.4344,0.4043
12.207,-0.1364,-0.0699,-0.0600,-2.2004,0.0316,0.0316,-0.4344,-0.4344,0.4042
12.211,-0.1349,-0.0699,-0.0600,-2.2324,0.0316,0.0316,-0.4344,-0.4344,0.4042
12.216,-0.1036,-0.0403,-0.0600,-2.2728,0.0319,0.0316,-0.4408,-0.4408,0.4041
12.220,-0.1019,-0.0403,-0.0600,-2.3116,0.0319,0.0319,-0.4408,-0.4408,0.4040
12.224,-0.1008,-0.0403,-0.0600,-2.3407,0.0319,0.0319,-0.4408,-0.4408,0.4039
12.227,-0.0995,-0.0403,-0.0600,-2.3711,0.0319,0.0319,-0.4408,-0.4408,0.4038
12.231,-0.0984,-0.0403,-0.0601,-2.4008,0.0319,0.0319,-0.4408,-0.4408,0.4038
12.234,-0.0569,0.0000,-0.0601,-2.4340,0.0322,0.0319,-0.4516,-0.4516,0.4037
12.239,-0.0554,0.0000,-0.0601,-2.4738,0.0322,0.0322,-0.4516,-0.4516,0.4036
12.243,-0.0542,0.0000,-0.0601,-2.5095,0.0322,0.0322,-0.4516,-0.4516,0.4036
12.246,-0.0532,0.0000,-0.0601,-2.5399,0.0322,0.0322,-0.4516,-0.4516,0.4035
12.250,-0.0520,0.0000,-0.0601,-2.5747,0.0322,0.0322,-0.4516,-0.4516,0.4034
12.253,0.0138,0.0648,-0.0601,-2.6054,0.0324,0.0322,-0.4670,-0.4670,0.4033
12.259,0.0153,0.0648,-0.0601,-2.6536,0.0324,0.0324,-0.4670,-0.4670,0.4033
12.266,0.0173,0.0648,-0.0601,-2.7208,0.0324,0.0324,-0.4670,-0.4670,0.4032
12.269,0.0182,0.0648,-0.0601,-2.7539,0.0324,0.0324,-0.4670,-0.4670,0.4030
12.273,0.0575,0.1032,-0.0601,-2.7888,0.0320,0.0324,-0.4859,-0.4859,0.4030
12.277,0.0586,0.1032,-0.0601,-2.8274,0.0320,0.0320,-0.4859,-0.4859,0.4029
12.280,0.0595,0.1032,-0.0601,-2.8601,0.0320,0.0320,-0.4859,-0.4859,0.4028
12.284,0.0604,0.1032,-0.0601,-2.8987,0.0320,0.0320,-0.4859,-0.4859,0.4027
12.288,0.0613,0.1032,-0.0600,-2.9336,0.0320,0.0320,-0.4859,-0.4859,0.4027
12.291,0.0622,0.1032,-0.0600,-2.9691,0.0320,0.0320,-0.4859,-0.4859,0.4026
12.295,0.0770,0.1173,-0.0600,-3.0021,0.0312,0.0320,-0.5075,-0.5075,0.4025
12.299,0.0780,0.1173,-0.0600,-3.0467,0.0312,0.0312,-0.5075,-0.5075,0.4024
12.303,0.0789,0.1173,-0.0600,-3.0829,0.0312,0.0312,-0.5075,-0.5075,0.4024
12.307,0.0797,0.1173,-0.0600,-3.1192,0.0312,0.0312,-0.5075,-0.5075,0.4023
12.310,0.0803,0.1173,-0.0600,-3.1514,0.0312,0.0312,-0.5075,-0.5075,0.4022
12.313,0.0703,0.1066,-0.0600,-3.1853,0.0299,0.0312,-0.5308,-0.5308,0.4021
12.318,0.0714,0.1066,-0.0600,-3.2393,0.0299,0.0299,-0.5308,-0.5308,0.4021
12.322,0.0723,0.1066,-0.0599,-3.2800,0.0299,0.0299,-0.5308,-0.5308,0.4019
12.326,0.0729,0.1066,-0.0599,-3.3147,0.0299,0.0299,-0.5308,-0.5308,0.4019
12.329,0.0735,0.1066,-0.0599,-3.3477,0.0299,0.0299,-0.5308,-0.5308,0.4018
12.333,0.0451,0.0774,-0.0599,-3.3865,0.0282,0.0299,-0.5557,-0.5557,0.4017
12.337,0.0459,0.0774,-0.0599,-3.4286,0.0282,0.0282,-0.5557,-0.5557,0.4016
12.342,0.0467,0.0774,-0.0599,-3.4766,0.0282,0.0282,-0.5557,-0.5557,0.4015
12.350,0.0482,0.0774,-0.0599,-3.5681,0.0282,0.0282,-0.5557,-0.5557,0.4014
12.355,0.0436,0.0720,-0.0599,-3.6179,0.0265,0.0282,-0.5820,-0.5820,0.4012
12.359,0.0442,0.0720,-0.0599,-3.6590,0.0265,0.0265,-0.5820,-0.5820,0.4011
12.363,0.0449,0.0720,-0.0599,-3.7041,0.0265,0.0265,-0.5820,-0.5820,0.4010
12.371,0.0461,0.0720,-0.0599,-3.7809,0.0265,0.0265,-0.5820,-0.5820,0.4009
12.374,0.0652,0.0906,-0.0599,-3.8169,0.0247,0.0265,-0.6130,-0.6130,0.4008
12.378,0.0658,0.0906,-0.0598,-3.8564,0.0247,0.0247,-0.6130,-0.6130,0.4007
12.382,0.0663,0.0906,-0.0598,-3.8925,0.0247,0.0247,-0.6130,-0.6130,0.4006
12.386,0.0668,0.0906,-0.0598,-3.9296,0.0247,0.0247,-0.6130,-0.6130,0.4005
12.389,0.0673,0.0906,-0.0598,-3.9623,0.0247,0.0247,-0.6130,-0.6130,0.4004
12.392,0.0677,0.0906,-0.0598,-3.9939,0.0247,0.0247,-0.6130,-0.6130,0.4003
12.396,0.1054,0.1278,-0.0598,-4.0341,0.0229,0.0247,-0.6451,-0.6451,0.4003
12.401,0.1061,0.1278,-0.0598,-4.0849,0.0229,0.0229,-0.6451,-0.6451,0.4002
12.405,0.1066,0.1278,-0.0598,-4.1260,0.0229,0.0229,-0.6451,-0.6451,0.4000
12.409,0.1070,0.1278,-0.0598,-4.1608,0.0229,0.0229,-0.6451,-0.6451,0.3999
12.412,0.1074,0.1278,-0.0598,-4.1922,0.0229,0.0229,-0.6451,-0.6451,0.3998
12.416,0.1642,0.1841,-0.0597,-4.2330,0.0212,0.0229,-0.6771,-0.6771,0.3998
12.421,0.1648,0.1841,-0.0597,-4.2782,0.0212,0.0212,-0.6771,-0.6771,0.3996
12.425,0.1652,0.1841,-0.0597,-4.3156,0.0212,0.0212,-0.6771,-0.6771,0.3995
12.429,0.1656,0.1841,-0.0597,-4.3477,0.0212,0.0212,-0.6771,-0.6771,0.3994
12.432,0.2381,0.2562,-0.0596,-4.3839,0.0194,0.0212,-0.7081,-0.7081,0.3993
12.437,0.2385,0.2562,-0.0596,-4.4208,0.0194,0.0194,-0.7081,-0.7081,0.3992
12.440,0.2388,0.2562,-0.0596,-4.4500,0.0194,0.0194,-0.7081,-0.7081,0.3991
12.443,0.2391,0.2562,-0.0595,-4.4798,0.0194,0.0194,-0.7081,-0.7081,0.3990
12.447,0.2395,0.2562,-0.0595,-4.5092,0.0194,0.0194,-0.7081,-0.7081,0.3989
12.450,0.2398,0.2562,-0.0595,-4.5416,0.0194,0.0194,-0.7081,-0.7081,0.3988
12.454,0.2882,0.3043,-0.0594,-4.5728,0.0168,0.0194,-0.7627,-0.7627,0.3987
12.458,0.2886,0.3043,-0.0594,-4.6065,0.0168,0.0168,-0.7627,-0.7627,0.3986
12.461,0.2889,0.3043,-0.0593,-4.6329,0.0168,0.0168,-0.7627,-0.7627,0.3985
12.466,0.2893,0.3043,-0.0593,-4.6731,0.0168,0.0168,-0.7627,-0.7627,0.3984
12.473,0.3104,0.3247,-0.0592,-4.7361,0.0139,0.0168,-0.8172,-0.8172,0.3983
12.478,0.3108,0.3247,-0.0591,-4.7735,0.0139,0.0139,-0.8172,-0.8172,0.3980
12.482,0.3111,0.3247,-0.0591,-4.8031,0.0139,0.0139,-0.8172,-0.8172,0.3979
12.486,0.3114,0.3247,-0.0590,-4.8319,0.0139,0.0139,-0.8172,-0.8172,0.3978
12.490,0.3117,0.3247,-0.0590,-4.8570,0.0139,0.0139,-0.8172,-0.8172,0.3976
12.494,0.3089,0.3216,-0.0589,-4.8874,0.0108,0.0139,-0.8675,-0.8675,0.3975
12.503,0.3095,0.3216,-0.0589,-4.9502,0.0108,0.0108,-0.8675,-0.8675,0.3974
12.508,0.3099,0.3216,-0.0588,-4.9822,0.0108,0.0108,-0.8675,-0.8675,0.3971
12.512,0.3101,0.3216,-0.0587,-5.0064,0.0108,0.0108,-0.8675,-0.8675,0.3969
12.516,0.2856,0.2967,-0.0587,-5.0421,0.0000,0.0108,-0.9132,-0.9132,0.3968
12.521,0.2859,0.2967,-0.0586,-5.0694,0.0000,0.0000,-0.9132,-0.9132,0.3966
12.525,0.2861,0.2967,-0.0586,-5.0926,0.0000,0.0000,-0.9132,-0.9132,0.3965
12.528,0.2864,0.2967,-0.0585,-5.1126,0.0000,0.0000,-0.9132,-0.9132,0.3963
12.533,0.2400,0.2501,-0.0585,-5.1339,0.0000,0.0000,-0.9581,-0.9581,0.3962
12.537,0.2402,0.2501,-0.0584,-5.1560,0.0000,0.0000,-0.9581,-0.9581,0.3961
12.542,0.2405,0.2501,-0.0584,-5.1770,0.0000,0.0000,-0.9581,-0.9581,0.3959
12.545,0.2407,0.2501,-0.0584,-5.1941,0.0000,0.0000,-0.9581,-0.9581,0.3957
12.549,0.2409,0.2501,-0.0583,-5.2098,0.0000,0.0000,-0.9581,-0.9581,0.3956
12.553,0.1911,0.2001,-0.0583,-5.2242,0.0000,0.0000,-1.0023,-1.0023,0.3955
12.558,0.1914,0.2001,-0.0583,-5.2429,0.0000,0.0000,-1.0023,-1.0023,0.3953
12.561,0.1916,0.2001,-0.0582,-5.2569,0.0000,0.0000,-1.0023,-1.0023,0.3951
12.565,0.1918,0.2001,-0.0582,-5.2696,0.0000,0.0000,-1.0023,-1.0023,0.3950
12.569,0.1919,0.2001,-0.0582,-5.2812,0.0000,0.0000,-1.0023,-1.0023,0.3948
12.572,0.1921,0.2001,-0.0582,-5.2910,0.0000,0.0000,-1.0023,-1.0023,0.3947
12.577,0.1467,0.1545,-0.0582,-5.3035,0.0000,0.0000,-1.0412,-1.0412,0.3946
12.584,0.1471,0.1545,-0.0581,-5.3220,0.0000,0.0000,-1.0412,-1.0412,0.3944
12.588,0.1472,0.1545,-0.0581,-5.3292,0.0000,0.0000,-1.0412,-1.0412,0.3941
12.591,0.1474,0.1545,-0.0581,-5.3357,0.0000,0.0000,-1.0412,-1.0412,0.3940
12.594,0.1317,0.1388,-0.0581,-5.3415,0.0000,0.0000,-1.0909,-1.0909,0.3938
12.598,0.1319,0.1388,-0.0581,-5.3475,0.0000,0.0000,-1.0909,-1.0909,0.3937
12.602,0.1320,0.1388,-0.0581,-5.3503,0.0000,0.0000,-1.0909,-1.0909,0.3935
12.605,0.1322,0.1388,-0.0581,-5.3510,0.0000,0.0000,-1.0909,-1.0909,0.3934
12.609,0.1323,0.1388,-0.0581,-5.3498,0.0000,0.0000,-1.0909,-1.0909,0.3933
12.612,0.1324,0.1388,-0.0581,-5.3471,0.0000,0.0000,-1.0909,-1.0909,0.3931
12.616,0.1370,0.1432,-0.0580,-5.3421,0.0000,0.0000,-1.1438,-1.1438,0.3930
12.620,0.1371,0.1432,-0.0580,-5.3321,0.0000,0.0000,-1.1438,-1.1438,0.3928
12.624,0.1373,0.1432,-0.0580,-5.3220,0.0000,0.0000,-1.1438,-1.1438,0.3926
12.628,0.1374,0.1432,-0.0580,-5.3123,0.0000,0.0000,-1.1438,-1.1438,0.3925
12.631,0.1375,0.1432,-0.0580,-5.3010,0.0000,0.0000,-1.1438,-1.1438,0.3923
12.635,0.1636,0.1692,-0.0580,-5.2879,0.0000,0.0000,-1.1872,-1.1872,0.3922
12.640,0.1638,0.1692,-0.0580,-5.2693,0.0000,0.0000,-1.1872,-1.1872,0.3920
12.644,0.1639,0.1692,-0.0580,-5.2519,0.0000,0.0000,-1.1872,-1.1872,0.3918
12.661,0.1669,0.1716,-0.0579,-5.1842,0.0000,0.0000,-1.2223,-1.2223,0.3916
12.672,0.1672,0.1716,-0.0579,-5.1547,0.0000,0.0000,-1.2223,-1.2223,0.3909
12.677,0.1410,0.1453,-0.0578,-5.1424,0.0000,0.0000,-1.2492,-1.2492,0.3904
12.681,0.1411,0.1453,-0.0578,-5.1327,0.0000,0.0000,-1.2492,-1.2492,0.3902
12.687,0.1413,0.1453,-0.0578,-5.1225,0.0000,0.0000,-1.2492,-1.2492,0.3900
12.694,0.1010,0.1049,-0.0578,-5.1123,0.0000,0.0000,-1.2683,-1.2683,0.3897
12.699,0.1012,0.1049,-0.0578,-5.1064,0.0000,0.0000,-1.2683,-1.2683,0.3894
12.704,0.1013,0.1049,-0.0578,-5.1023,0.0000,0.0000,-1.2683,-1.2683,0.3892
12.708,0.1014,0.1049,-0.0578,-5.0994,0.0000,0.0000,-1.2683,-1.2683,0.3890
12.712,0.1014,0.1049,-0.0578,-5.0977,0.0000,0.0000,-1.2683,-1.2683,0.3888
12.718,0.0627,0.0661,-0.0578,-5.0966,0.0000,0.0000,-1.2780,-1.2780,0.3886
12.723,0.0628,0.0661,-0.0578,-5.0969,0.0000,0.0000,-1.2780,-1.2780,0.3883
12.727,0.0628,0.0661,-0.0578,-5.0975,0.0000,0.0000,-1.2780,-1.2780,0.3881
12.730,0.0629,0.0661,-0.0578,-5.0987,0.0000,0.0000,-1.2780,-1.2780,0.3879
12.734,0.0341,0.0372,-0.0578,-5.1008,0.0000,0.0000,-1.2865,-1.2865,0.3878
12.738,0.0342,0.0372,-0.0578,-5.1033,0.0000,0.0000,-1.2865,-1.2865,0.3876
12.742,0.0343,0.0372,-0.0578,-5.1057,0.0000,0.0000,-1.2865,-1.2865,0.3874
12.745,0.0343,0.0372,-0.0579,-5.1086,0.0000,0.0000,-1.2865,-1.2865,0.3873
12.749,0.0344,0.0372,-0.0579,-5.1122,0.0000,0.0000,-1.2865,-1.2865,0.3871
12.752,0.0344,0.0372,-0.0579,-5.1161,0.0000,0.0000,-1.2865,-1.2865,0.3870
12.756,0.0255,0.0282,-0.0579,-5.1201,0.0000,0.0000,-1.2880,-1.2880,0.3868
12.760,0.0256,0.0282,-0.0579,-5.1253,0.0000,0.0000,-1.2880,-1.2880,0.3867
12.763,0.0257,0.0282,-0.0579,-5.1302,0.0000,0.0000,-1.2880,-1.2880,0.3865
12.767,0.0257,0.0282,-0.0580,-5.1357,0.0000,0.0000,-1.2880,-1.2880,0.3864
12.770,0.0258,0.0282,-0.0580,-5.1410,0.0000,0.0000,-1.2880,-1.2880,0.3862
12.774,0.0400,0.0424,-0.0580,-5.1464,0.0000,0.0000,-1.2888,-1.2888,0.3861
12.778,0.0400,0.0424,-0.0580,-5.1533,0.0000,0.0000,-1.2888,-1.2888,0.3859
12.782,0.0401,0.0424,-0.0580,-5.1613,0.0000,0.0000,-1.2888,-1.2888,0.3857
12.786,0.0401,0.0424,-0.0580,-5.1691,0.0000,0.0000,-1.2888,-1.2888,0.3856
12.791,0.0402,0.0424,-0.0581,-5.1779,0.0000,0.0000,-1.2888,-1.2888,0.3854
12.799,0.0720,0.0741,-0.0581,-5.1954,0.0000,0.0000,-1.2874,-1.2874,0.3852
12.809,0.0722,0.0741,-0.0581,-5.2168,0.0000,0.0000,-1.2874,-1.2874,0.3848
12.814,0.0819,0.0838,-0.0581,-5.2281,0.0000,0.0000,-1.2781,-1.2781,0.3844
12.818,0.0819,0.0838,-0.0581,-5.2377,0.0000,0.0000,-1.2781,-1.2781,0.3842
12.822,0.0820,0.0838,-0.0581,-5.2454,0.0000,0.0000,-1.2781,-1.2781,0.3841
12.825,0.0820,0.0838,-0.0581,-5.2525,0.0000,0.0000,-1.2781,-1.2781,0.3839
12.828,0.0821,0.0838,-0.0581,-5.2596,0.0000,0.0000,-1.2781,-1.2781,0.3838
12.832,0.0821,0.0838,-0.0581,-5.2680,0.0000,0.0000,-1.2781,-1.2781,0.3837
12.836,0.0747,0.0764,-0.0581,-5.2757,0.0000,0.0000,-1.2603,-1.2603,0.3835
12.840,0.0747,0.0764,-0.0581,-5.2847,0.0000,0.0000,-1.2603,-1.2603,0.3834
12.843,0.0748,0.0764,-0.0581,-5.2919,0.0000,0.0000,-1.2603,-1.2603,0.3832
12.846,0.0748,0.0764,-0.0581,-5.2989,0.0000,0.0000,-1.2603,-1.2603,0.3831
12.850,0.0748,0.0764,-0.0581,-5.3069,0.0000,0.0000,-1.2603,-1.2603,0.3830
12.854,0.0451,0.0466,-0.0581,-5.3247,-0.0102,0.0000,-1.2474,-1.2474,0.3828
12.858,0.0452,0.0466,-0.0581,-5.3330,-0.0102,0.0000,-1.2474,-1.2474,0.3827
12.861,0.0452,0.0466,-0.0581,-5.3396,-0.0102,0.0000,-1.2474,-1.2474,0.3826
12.864,0.0452,0.0466,-0.0582,-5.3465,-0.0102,0.0000,-1.2474,-1.2474,0.3824
12.868,0.0452,0.0466,-0.0582,-5.3542,-0.0102,0.0000,-1.2474,-1.2474,0.3823
12.871,0.0453,0.0466,-0.0582,-5.3608,-0.0102,0.0000,-1.2474,-1.2474,0.3822
12.875,0.0103,0.0116,-0.0582,-5.3772,-0.0203,0.0000,-1.2272,-1.2272,0.3820
12.878,0.0103,0.0116,-0.0582,-5.3846,-0.0203,0.0000,-1.2272,-1.2272,0.3819
12.882,0.0104,0.0116,-0.0582,-5.3913,-0.0203,0.0000,-1.2272,-1.2272,0.3818
12.886,0.0104,0.0116,-0.0582,-5.3985,-0.0203,0.0000,-1.2272,-1.2272,0.3817
12.890,0.0104,0.0116,-0.0583,-5.4053,-0.0203,0.0000,-1.2272,-1.2272,0.3815
12.894,-0.0213,-0.0201,-0.0583,-5.4212,-0.0301,0.0000,-1.2035,-1.2035,0.3814
12.899,-0.0213,-0.0201,-0.0583,-5.4300,-0.0301,0.0000,-1.2035,-1.2035,0.3813
12.908,-0.0212,-0.0201,-0.0583,-5.4421,-0.0301,0.0000,-1.2035,-1.2035,0.3811
12.912,-0.0212,-0.0201,-0.0584,-5.4475,-0.0301,0.0000,-1.2035,-1.2035,0.3808
12.916,-0.0496,-0.0485,-0.0584,-5.4618,-0.0391,0.0000,-1.1888,-1.1888,0.3807
12.920,-0.0496,-0.0485,-0.0584,-5.4667,-0.0391,0.0000,-1.1888,-1.1888,0.3806
12.924,-0.0495,-0.0485,-0.0584,-5.4714,-0.0391,0.0000,-1.1888,-1.1888,0.3804
12.928,-0.0495,-0.0485,-0.0584,-5.4753,-0.0391,0.0000,-1.1888,-1.1888,0.3803
12.932,-0.0495,-0.0485,-0.0584,-5.4788,-0.0391,0.0000,-1.1888,-1.1888,0.3802
12.936,-0.0575,-0.0566,-0.0585,-5.4900,-0.0474,0.0000,-1.1787,-1.1787,0.3800
12.940,-0.0575,-0.0566,-0.0585,-5.4928,-0.0474,0.0000,-1.1787,-1.1787,0.3799
12.943,-0.0574,-0.0566,-0.0585,-5.4949,-0.0474,0.0000,-1.1787,-1.1787,0.3798
12.946,-0.0574,-0.0566,-0.0585,-5.4967,-0.0474,0.0000,-1.1787,-1.1787,0.3797
12.950,-0.0574,-0.0566,-0.0585,-5.4985,-0.0474,0.0000,-1.1787,-1.1787,0.3796
12.957,-0.0436,-0.0428,-0.0586,-5.5085,-0.0554,0.0000,-1.1597,-1.1597,0.3795
12.962,-0.0436,-0.0428,-0.0586,-5.5091,-0.0554,0.0000,-1.1597,-1.1597,0.3793
12.967,-0.0435,-0.0428,-0.0586,-5.5091,-0.0554,0.0000,-1.1597,-1.1597,0.3791
12.971,-0.0435,-0.0428,-0.0586,-5.5088,-0.0554,0.0000,-1.1597,-1.1597,0.3790
12.974,-0.0007,0.0000,-0.0587,-5.5156,-0.0629,0.0000,-1.1344,-1.1344,0.3789
12.978,-0.0007,0.0000,-0.0587,-5.5144,-0.0629,0.0000,-1.1344,-1.1344,0.3788
12.985,-0.0007,0.0000,-0.0587,-5.5108,-0.0629,0.0000,-1.1344,-1.1344,0.3787
12.989,-0.0007,0.0000,-0.0587,-5.5083,-0.0629,0.0000,-1.1344,-1.1344,0.3785
12.993,0.0487,0.0494,-0.0587,-5.5130,-0.0701,0.0000,-1.1002,-1.1002,0.3784
12.997,0.0487,0.0494,-0.0587,-5.5095,-0.0701,0.0000,-1.1002,-1.1002,0.3783
13.001,0.0487,0.0494,-0.0588,-5.5060,-0.0701,0.0000,-1.1002,-1.1002,0.3782
13.004,0.0487,0.0494,-0.0588,-5.5026,-0.0701,0.0000,-1.1002,-1.1002,0.3781
13.008,0.0488,0.0494,-0.0588,-5.4975,-0.0701,0.0000,-1.1002,-1.1002,0.3780
13.015,0.0819,0.0825,-0.0588,-5.4944,-0.0771,0.0000,-1.0564,-1.0564,0.3779
13.020,0.0819,0.0825,-0.0588,-5.4882,-0.0771,0.0000,-1.0564,-1.0564,0.3778
13.023,0.0819,0.0825,-0.0588,-5.4830,-0.0771,0.0000,-1.0564,-1.0564,0.3777
13.026,0.0820,0.0825,-0.0588,-5.4771,-0.0771,0.0000,-1.0564,-1.0564,0.3776
13.030,0.0820,0.0825,-0.0588,-5.4713,-0.0771,0.0000,-1.0564,-1.0564,0.3775
13.033,0.0874,0.0879,-0.0588,-5.4710,-0.0840,0.0000,-1.0037,-1.0037,0.3774
13.037,0.0874,0.0879,-0.0588,-5.4630,-0.0840,0.0000,-1.0037,-1.0037,0.3774
13.041,0.0874,0.0879,-0.0588,-5.4552,-0.0840,0.0000,-1.0037,-1.0037,0.3773
13.044,0.0874,0.0879,-0.0588,-5.4477,-0.0840,0.0000,-1.0037,-1.0037,0.3772
13.048,0.0874,0.0879,-0.0588,-5.4394,-0.0840,0.0000,-1.0037,-1.0037,0.3772
13.052,0.0874,0.0879,-0.0588,-5.4303,-0.0840,0.0000,-1.0037,-1.0037,0.3771
13.055,0.0728,0.0733,-0.0588,-5.4285,-0.0905,0.0000,-0.9427,-0.9427,0.3770
13.059,0.0729,0.0733,-0.0588,-5.4183,-0.0905,0.0000,-0.9427,-0.9427,0.3770
13.062,0.0729,0.0733,-0.0588,-5.4096,-0.0905,0.0000,-0.9427,-0.9427,0.3769
13.066,0.0729,0.0733,-0.0588,-5.3990,-0.0905,0.0000,-0.9427,-0.9427,0.3768
13.069,0.0729,0.0733,-0.0588,-5.3891,-0.0905,0.0000,-0.9427,-0.9427,0.3768
13.073,0.0363,0.0367,-0.0588,-5.3849,-0.0967,0.0000,-0.8744,-0.8744,0.3767
13.077,0.0363,0.0367,-0.0588,-5.3728,-0.0967,0.0000,-0.8744,-0.8744,0.3767
13.080,0.0364,0.0367,-0.0588,-5.3626,-0.0967,0.0000,-0.8744,-0.8744,0.3766
13.084,0.0364,0.0367,-0.0588,-5.3475,-0.0967,0.0000,-0.8744,-0.8744,0.3766
13.089,0.0364,0.0367,-0.0588,-5.3333,-0.0967,0.0000,-0.8744,-0.8744,0.3766
13.092,0.0364,0.0367,-0.0588,-5.3214,-0.0967,0.0000,-0.8744,-0.8744,0.3765
13.095,-0.0004,0.0000,-0.0588,-5.3147,-0.1023,0.0000,-0.7980,-0.7980,0.3765
13.101,-0.0003,0.0000,-0.0589,-5.2946,-0.1023,0.0000,-0.7980,-0.7980,0.3764
13.110,-0.0003,0.0000,-0.0589,-5.2592,-0.1023,0.0000,-0.7980,-0.7980,0.3764
13.118,-0.0328,-0.0325,-0.0589,-5.2281,-0.1074,0.0000,-0.7121,-0.7121,0.3763
13.122,-0.0328,-0.0325,-0.0589,-5.2107,-0.1074,0.0000,-0.7121,-0.7121,0.3763
13.125,-0.0328,-0.0325,-0.0590,-5.1968,-0.1074,0.0000,-0.7121,-0.7121,0.3763
13.129,-0.0328,-0.0325,-0.0590,-5.1823,-0.1074,0.0000,-0.7121,-0.7121,0.3763
13.132,-0.0328,-0.0325,-0.0590,-5.1659,-0.1074,0.0000,-0.7121,-0.7121,0.3763
13.136,-0.0382,-0.0379,-0.0590,-5.1536,-0.1116,0.0000,-0.6260,-0.6260,0.3762
13.140,-0.0382,-0.0379,-0.0590,-5.1363,-0.1116,0.0000,-0.6260,-0.6260,0.3762
13.143,-0.0382,-0.0379,-0.0590,-5.1215,-0.1116,0.0000,-0.6260,-0.6260,0.3763
13.146,-0.0382,-0.0379,-0.0590,-5.1059,-0.1116,0.0000,-0.6260,-0.6260,0.3763
13.150,-0.0382,-0.0379,-0.0590,-5.0875,-0.1116,0.0000,-0.6260,-0.6260,0.3763
13.154,-0.0241,-0.0238,-0.0590,-5.0729,-0.1151,0.0000,-0.5349,-0.5349,0.3763
13.158,-0.0241,-0.0238,-0.0591,-5.0536,-0.1151,0.0000,-0.5349,-0.5349,0.3763
13.161,-0.0241,-0.0238,-0.0591,-5.0374,-0.1151,0.0000,-0.5349,-0.5349,0.3763
13.166,-0.0241,-0.0238,-0.0591,-5.0115,-0.1151,0.0000,-0.5349,-0.5349,0.3763
13.170,-0.0240,-0.0238,-0.0591,-4.9885,-0.1151,0.0000,-0.5349,-0.5349,0.3763
13.174,-0.0002,0.0000,-0.0591,-4.9735,-0.1179,0.0000,-0.4373,-0.4373,0.3764
13.178,-0.0002,0.0000,-0.0591,-4.9528,-0.1179,0.0000,-0.4373,-0.4373,0.3764
13.182,-0.0002,0.0000,-0.0591,-4.9279,-0.1179,0.0000,-0.4373,-0.4373,0.3764
13.186,-0.0002,0.0000,-0.0592,-4.9048,-0.1179,0.0000,-0.4373,-0.4373,0.3765
13.190,-0.0002,0.0000,-0.0592,-4.8860,-0.1179,0.0000,-0.4373,-0.4373,0.3765
13.193,0.0223,0.0225,-0.0592,-4.8688,-0.1201,0.0000,-0.3342,-0.3342,0.3766
13.198,0.0223,0.0225,-0.0592,-4.8433,-0.1201,0.0000,-0.3342,-0.3342,0.3766
13.202,0.0224,0.0225,-0.0592,-4.8220,-0.1201,0.0000,-0.3342,-0.3342,0.3767
13.205,0.0224,0.0225,-0.0592,-4.8032,-0.1201,0.0000,-0.3342,-0.3342,0.3767
13.208,0.0224,0.0225,-0.0592,-4.7846,-0.1201,0.0000,-0.3342,-0.3342,0.3768
13.212,0.0224,0.0225,-0.0592,-4.7650,-0.1201,0.0000,-0.3342,-0.3342,0.3768
13.217,0.0220,0.0222,-0.0592,-4.7344,-0.1219,0.0000,-0.2351,-0.2351,0.3769
13.225,0.0220,0.0222,-0.0593,-4.6868,-0.1219,0.0000,-0.2351,-0.2351,0.3770
13.228,0.0220,0.0222,-0.0593,-4.6658,-0.1219,0.0000,-0.2351,-0.2351,0.3771
13.233,-0.0002,0.0000,-0.0593,-4.6374,-0.1233,0.0000,-0.1344,-0.1344,0.3772
13.238,-0.0001,0.0000,-0.0593,-4.6101,-0.1233,0.0000,-0.1344,-0.1344,0.3773
13.241,-0.0001,0.0000,-0.0593,-4.5888,-0.1233,0.0000,-0.1344,-0.1344,0.3774
13.246,-0.0001,0.0000,-0.0593,-4.5622,-0.1233,0.0000,-0.1344,-0.1344,0.3775
13.251,-0.0001,0.0000,-0.0594,-4.5293,-0.1233,0.0000,-0.1344,-0.1344,0.3776
13.258,-0.0329,-0.0328,-0.0594,-4.4836,-0.1242,0.0000,-0.0453,-0.0453,0.3777
13.264,-0.0329,-0.0328,-0.0594,-4.4457,-0.1242,0.0000,-0.0453,-0.0453,0.3780
13.268,-0.0329,-0.0328,-0.0594,-4.4181,-0.1242,0.0000,-0.0453,-0.0453,0.3781
13.272,-0.0329,-0.0328,-0.0594,-4.3972,-0.1242,0.0000,-0.0453,-0.0453,0.3783
13.275,-0.0625,-0.0624,-0.0594,-4.3763,-0.1247,0.0000,0.0501,0.0501,0.3784
13.280,-0.0625,-0.0624,-0.0595,-4.3455,-0.1247,0.0000,0.0501,0.0501,0.3785
13.284,-0.0625,-0.0624,-0.0595,-4.3207,-0.1247,0.0000,0.0501,0.0501,0.3786
13.287,-0.0625,-0.0624,-0.0595,-4.2992,-0.1247,0.0000,0.0501,0.0501,0.3788
13.291,-0.0625,-0.0624,-0.0595,-4.2772,-0.1247,0.0000,0.0501,0.0501,0.3789
13.294,-0.0709,-0.0708,-0.0595,-4.2547,-0.1247,0.0000,0.1440,0.1440,0.3790
13.298,-0.0709,-0.0708,-0.0596,-4.2273,-0.1247,0.0000,0.1440,0.1440,0.3791
13.302,-0.0709,-0.0708,-0.0596,-4.2043,-0.1247,0.0000,0.1440,0.1440,0.3793
13.305,-0.0709,-0.0708,-0.0596,-4.1835,-0.1247,0.0000,0.1440,0.1440,0.3794
13.309,-0.0709,-0.0708,-0.0596,-4.1612,-0.1247,0.0000,0.1440,0.1440,0.3795
13.312,-0.0709,-0.0708,-0.0597,-4.1396,-0.1247,0.0000,0.1440,0.1440,0.3796
13.316,-0.0582,-0.0581,-0.0597,-4.1156,-0.1242,0.0000,0.2374,0.2374,0.3797
13.320,-0.0581,-0.0581,-0.0597,-4.0893,-0.1242,0.0000,0.2374,0.2374,0.3799
13.325,-0.0581,-0.0581,-0.0597,-4.0531,-0.1242,0.0000,0.2374,0.2374,0.3801
13.333,-0.0238,-0.0237,-0.0598,-4.0011,-0.1234,0.0000,0.3322,0.3322,0.3803
13.337,-0.0238,-0.0237,-0.0598,-3.9742,-0.1234,0.0000,0.3322,0.3322,0.3806
13.341,-0.0238,-0.0237,-0.0598,-3.9465,-0.1234,0.0000,0.3322,0.3322,0.3808
13.345,-0.0238,-0.0237,-0.0598,-3.9207,-0.1234,0.0000,0.3322,0.3322,0.3810
13.349,-0.0238,-0.0237,-0.0598,-3.8961,-0.1234,0.0000,0.3322,0.3322,0.3811
13.353,-0.0001,0.0000,-0.0598,-3.8714,-0.1225,0.0000,0.4280,0.4280,0.3813
13.357,-0.0001,0.0000,-0.0598,-3.8440,-0.1225,0.0000,0.4280,0.4280,0.3815
13.360,-0.0001,0.0000,-0.0598,-3.8222,-0.1225,0.0000,0.4280,0.4280,0.3817
13.363,-0.0001,0.0000,-0.0598,-3.8012,-0.1225,0.0000,0.4280,0.4280,0.3819
13.367,-0.0001,0.0000,-0.0599,-3.7763,-0.1225,0.0000,0.4280,0.4280,0.3820
13.371,-0.0001,0.0000,-0.0599,-3.7540,-0.1225,0.0000,0.4280,0.4280,0.3822
13.374,-0.0001,0.0000,-0.0599,-3.7290,-0.1216,0.0000,0.5247,0.5247,0.3824
13.379,-0.0001,0.0000,-0.0599,-3.7007,-0.1216,0.0000,0.5247,0.5247,0.3825
13.383,-0.0001,0.0000,-0.0599,-3.6752,-0.1216,0.0000,0.5247,0.5247,0.3828
13.387,-0.0001,0.0000,-0.0599,-3.6474,-0.1216,0.0000,0.5247,0.5247,0.3830
13.391,-0.0001,0.0000,-0.0599,-3.6240,-0.1216,0.0000,0.5247,0.5247,0.3832
13.395,-0.0246,-0.0245,-0.0599,-3.5983,-0.1210,0.0000,0.6215,0.6215,0.3834
13.399,-0.0246,-0.0245,-0.0599,-3.5701,-0.1210,0.0000,0.6215,0.6215,0.3836
13.403,-0.0246,-0.0245,-0.0599,-3.5428,-0.1210,0.0000,0.6215,0.6215,0.3838
13.411,-0.0246,-0.0245,-0.0600,-3.4960,-0.1210,0.0000,0.6215,0.6215,0.3841
13.415,-0.0535,-0.0534,-0.0600,-3.4657,-0.1203,0.0000,0.7171,0.7171,0.3845
13.420,-0.0535,-0.0534,-0.0600,-3.4388,-0.1203,0.0000,0.7171,0.7171,0.3847
13.423,-0.0535,-0.0534,-0.0600,-3.4182,-0.1203,0.0000,0.7171,0.7171,0.3850
13.426,-0.0535,-0.0534,-0.0600,-3.3979,-0.1203,0.0000,0.7171,0.7171,0.3852
13.429,-0.0535,-0.0534,-0.0600,-3.3779,-0.1203,0.0000,0.7171,0.7171,0.3854
13.435,-0.0793,-0.0792,-0.0601,-3.3443,-0.1196,0.0000,0.8066,0.8066,0.3856
13.443,-0.0793,-0.0792,-0.0601,-3.3079,-0.1196,0.0000,0.8066,0.8066,0.3859
13.446,-0.0793,-0.0792,-0.0601,-3.2958,-0.1196,0.0000,0.8066,0.8066,0.3864
13.450,-0.0793,-0.0792,-0.0602,-3.2856,-0.1196,0.0000,0.8066,0.8066,0.3866
13.454,-0.1023,-0.1023,-0.0602,-3.2785,-0.1189,0.0000,0.9019,0.9019,0.3869
13.458,-0.1023,-0.1023,-0.0602,-3.2742,-0.1189,0.0000,0.9019,0.9019,0.3871
13.461,-0.1023,-0.1023,-0.0602,-3.2726,-0.1189,0.0000,0.9019,0.9019,0.3873
13.464,-0.1023,-0.1023,-0.0603,-3.2734,-0.1189,0.0000,0.9019,0.9019,0.3875
13.469,-0.1023,-0.1023,-0.0603,-3.2781,-0.1189,0.0000,0.9019,0.9019,0.3878
13.473,-0.1226,-0.1226,-0.0603,-3.2840,-0.1182,0.0000,0.9845,0.9845,0.3881
13.477,-0.1226,-0.1226,-0.0604,-3.2934,-0.1182,0.0000,0.9845,0.9845,0.3883
13.481,-0.1226,-0.1226,-0.0604,-3.3045,-0.1182,0.0000,0.9845,0.9845,0.3886
13.485,-0.1226,-0.1226,-0.0604,-3.3213,-0.1182,0.0000,0.9845,0.9845,0.3889
13.490,-0.1226,-0.1226,-0.0605,-3.3342,-0.1182,0.0000,0.9845,0.9845,0.3892
13.493,-0.1315,-0.1315,-0.0605,-3.3426,-0.1175,0.0000,1.0578,1.0578,0.3895
13.497,-0.1315,-0.1315,-0.0605,-3.3529,-0.1175,0.0000,1.0578,1.0578,0.3897
13.501,-0.1315,-0.1315,-0.0606,-3.3610,-0.1175,0.0000,1.0578,1.0578,0.3900
13.505,-0.1315,-0.1315,-0.0606,-3.3668,-0.1175,0.0000,1.0578,1.0578,0.3903
13.508,-0.1315,-0.1315,-0.0606,-3.3715,-0.1175,0.0000,1.0578,1.0578,0.3905
13.511,-0.1315,-0.1315,-0.0606,-3.3754,-0.1175,0.0000,1.0578,1.0578,0.3908
13.515,-0.1178,-0.1178,-0.0607,-3.3778,-0.1167,0.0000,1.1261,1.1261,0.3910
13.519,-0.1178,-0.1178,-0.0607,-3.3797,-0.1167,0.0000,1.1261,1.1261,0.3912
13.522,-0.1178,-0.1178,-0.0607,-3.3800,-0.1167,0.0000,1.1261,1.1261,0.3915
13.525,-0.1178,-0.1178,-0.0608,-3.3792,-0.1167,0.0000,1.1261,1.1261,0.3918
13.529,-0.1178,-0.1178,-0.0608,-3.3772,-0.1167,0.0000,1.1261,1.1261,0.3920
13.533,-0.0821,-0.0821,-0.0608,-3.3726,-0.1158,0.0000,1.1875,1.1875,0.3923
13.537,-0.0821,-0.0821,-0.0608,-3.3675,-0.1158,0.0000,1.1875,1.1875,0.3926
13.541,-0.0821,-0.0821,-0.0608,-3.3603,-0.1158,0.0000,1.1875,1.1875,0.3929
13.550,-0.0821,-0.0821,-0.0609,-3.3403,-0.1158,0.0000,1.1875,1.1875,0.3932
13.555,-0.0301,-0.0301,-0.0609,-3.3255,-0.1151,0.0000,1.2427,1.2427,0.3938
13.563,-0.0301,-0.0301,-0.0609,-3.3007,-0.1151,0.0000,1.2427,1.2427,0.3942
13.569,-0.0301,-0.0301,-0.0609,-3.2791,-0.1151,0.0000,1.2427,1.2427,0.3948
13.574,0.0114,0.0114,-0.0609,-3.2607,-0.1146,0.0000,1.2920,1.2920,0.3952
13.578,0.0114,0.0114,-0.0610,-3.2466,-0.1146,0.0000,1.2920,1.2920,0.3956
13.581,0.0114,0.0114,-0.0610,-3.2337,-0.1146,0.0000,1.2920,1.2920,0.3959
13.585,0.0114,0.0114,-0.0610,-3.2197,-0.1146,0.0000,1.2920,1.2920,0.3962
13.589,0.0114,0.0114,-0.0610,-3.2050,-0.1146,0.0000,1.2920,1.2920,0.3965
13.593,0.0287,0.0287,-0.0610,-3.1882,-0.1144,0.0000,1.3270,1.3270,0.3968
13.599,0.0287,0.0287,-0.0610,-3.1666,-0.1144,0.0000,1.3270,1.3270,0.3971
13.602,0.0287,0.0287,-0.0610,-3.1522,-0.1144,0.0000,1.3270,1.3270,0.3975
13.606,0.0287,0.0287,-0.0610,-3.1369,-0.1144,0.0000,1.3270,1.3270,0.3978
13.610,0.0287,0.0287,-0.0610,-3.1218,-0.1144,0.0000,1.3270,1.3270,0.3981
13.613,0.0238,0.0238,-0.0610,-3.1056,-0.1146,0.0000,1.3496,1.3496,0.3983
13.618,0.0238,0.0238,-0.0610,-3.0855,-0.1146,0.0000,1.3496,1.3496,0.3986
13.621,0.0238,0.0238,-0.0610,-3.0693,-0.1146,0.0000,1.3496,1.3496,0.3989
13.625,0.0238,0.0238,-0.0610,-3.0539,-0.1146,0.0000,1.3496,1.3496,0.3992
13.628,0.0238,0.0238,-0.0610,-3.0383,-0.1146,0.0000,1.3496,1.3496,0.3994
13.631,0.0238,0.0238,-0.0610,-3.0219,-0.1146,0.0000,1.3496,1.3496,0.3997
13.635,0.0000,0.0000,-0.0610,-3.0020,-0.1150,0.0000,1.3610,1.3610,0.3999
13.639,0.0000,0.0000,-0.0610,-2.9818,-0.1150,0.0000,1.3610,1.3610,0.4002
13.643,0.0000,0.0000,-0.0610,-2.9645,-0.1150,0.0000,1.3610,1.3610,0.4005
13.647,0.0000,0.0000,-0.0610,-2.9396,-0.1150,0.0000,1.3610,1.3610,0.4008
13.654,-0.0282,-0.0282,-0.0610,-2.9042,-0.1156,0.0000,1.3658,1.3658,0.4011
13.662,-0.0282,-0.0282,-0.0611,-2.8596,-0.1156,0.0000,1.3658,1.3658,0.4016
13.666,-0.0282,-0.0282,-0.0611,-2.8393,-0.1156,0.0000,1.3658,1.3658,0.4022
13.671,-0.0282,-0.0282,-0.0611,-2.8149,-0.1156,0.0000,1.3658,1.3658,0.4025
13.675,-0.0415,-0.0415,-0.0611,-2.7947,-0.1161,0.0000,1.3573,1.3573,0.4029
13.679,-0.0415,-0.0415,-0.0611,-2.7751,-0.1161,0.0000,1.3573,1.3573,0.4032
13.683,-0.0415,-0.0415,-0.0611,-2.7534,-0.1161,0.0000,1.3573,1.3573,0.4034
13.687,-0.0415,-0.0415,-0.0611,-2.7342,-0.1161,0.0000,1.3573,1.3573,0.4037
13.691,-0.0415,-0.0415,-0.0611,-2.7163,-0.1161,0.0000,1.3573,1.3573,0.4040
13.694,-0.0312,-0.0311,-0.0611,-2.6986,-0.1166,0.0000,1.3424,1.3424,0.4043
13.699,-0.0312,-0.0311,-0.0611,-2.6766,-0.1166,0.0000,1.3424,1.3424,0.4045
13.702,-0.0312,-0.0311,-0.0611,-2.6582,-0.1166,0.0000,1.3424,1.3424,0.4048
13.706,-0.0312,-0.0311,-0.0611,-2.6408,-0.1166,0.0000,1.3424,1.3424,0.4051
13.713,0.0000,0.0000,-0.0611,-2.6042,-0.1170,0.0000,1.3225,1.3225,0.4053
13.719,0.0000,0.0000,-0.0611,-2.5739,-0.1170,0.0000,1.3225,1.3225,0.4058
13.722,0.0000,0.0000,-0.0611,-2.5566,-0.1170,0.0000,1.3225,1.3225,0.4062
13.726,0.0000,0.0000,-0.0611,-2.5366,-0.1170,0.0000,1.3225,1.3225,0.4064
13.730,0.0000,0.0000,-0.0611,-2.5165,-0.1170,0.0000,1.3225,1.3225,0.4067
13.734,0.0464,0.0464,-0.0611,-2.4959,-0.1173,0.0000,1.2975,1.2975,0.4069
13.738,0.0464,0.0464,-0.0612,-2.4750,-0.1173,0.0000,1.2975,1.2975,0.4072
13.741,0.0464,0.0464,-0.0612,-2.4584,-0.1173,0.0000,1.2975,1.2975,0.4074
13.745,0.0464,0.0464,-0.0612,-2.4410,-0.1173,0.0000,1.2975,1.2975,0.4077
13.750,0.0464,0.0464,-0.0612,-2.4153,-0.1173,0.0000,1.2975,1.2975,0.4079
13.754,0.0853,0.0853,-0.0612,-2.3953,-0.1176,0.0000,1.2674,1.2674,0.4082
13.758,0.0853,0.0853,-0.0612,-2.3756,-0.1176,0.0000,1.2674,1.2674,0.4084
13.762,0.0853,0.0853,-0.0611,-2.3533,-0.1176,0.0000,1.2674,1.2674,0.4087
13.771,0.0853,0.0853,-0.0611,-2.3129,-0.1176,0.0000,1.2674,1.2674,0.4090
13.774,0.0993,0.0993,-0.0611,-2.2969,-0.1180,0.0000,1.2321,1.2321,0.4095
13.778,0.0993,0.0993,-0.0611,-2.2773,-0.1180,0.0000,1.2321,1.2321,0.4097
13.782,0.0993,0.0993,-0.0611,-2.2604,-0.1180,0.0000,1.2321,1.2321,0.4099
13.786,0.0993,0.0993,-0.0611,-2.2441,-0.1180,0.0000,1.2321,1.2321,0.4101
13.789,0.0993,0.0993,-0.0611,-2.2293,-0.1180,0.0000,1.2321,1.2321,0.4103
13.792,0.0993,0.0993,-0.0610,-2.2134,-0.1180,0.0000,1.2321,1.2321,0.4105
13.796,0.0903,0.0903,-0.0610,-2.1990,-0.1186,0.0000,1.1946,1.1946,0.4107
13.800,0.0903,0.0903,-0.0610,-2.1802,-0.1186,0.0000,1.1946,1.1946,0.4109
13.803,0.0903,0.0903,-0.0610,-2.1655,-0.1186,0.0000,1.1946,1.1946,0.4111
13.807,0.0903,0.0903,-0.0610,-2.1510,-0.1186,0.0000,1.1946,1.1946,0.4113
13.810,0.0903,0.0903,-0.0610,-2.1366,-0.1186,0.0000,1.1946,1.1946,0.4115
13.813,0.0592,0.0592,-0.0610,-2.1232,-0.1194,0.0000,1.1603,1.1603,0.4117
13.818,0.0592,0.0592,-0.0610,-2.1039,-0.1194,0.0000,1.1603,1.1603,0.4118
13.821,0.0592,0.0592,-0.0610,-2.0890,-0.1194,0.0000,1.1603,1.1603,0.4121
13.825,0.0592,0.0592,-0.0610,-2.0726,-0.1194,0.0000,1.1603,1.1603,0.4123
13.829,0.0592,0.0592,-0.0609,-2.0548,-0.1194,0.0000,1.1603,1.1603,0.4125
13.833,0.0243,0.0243,-0.0609,-2.0361,-0.1199,0.0000,1.1166,1.1166,0.4127
13.838,0.0243,0.0243,-0.0609,-2.0172,-0.1199,0.0000,1.1166,1.1166,0.4129
13.841,0.0243,0.0243,-0.0610,-2.0022,-0.1199,0.0000,1.1166,1.1166,0.4131
13.845,0.0243,0.0243,-0.0610,-1.9848,-0.1199,0.0000,1.1166,1.1166,0.4133
13.850,0.0243,0.0243,-0.0610,-1.9658,-0.1199,0.0000,1.1166,1.1166,0.4135
13.854,0.0000,0.0000,-0.0610,-1.9488,-0.1179,0.0000,0.9271,0.9271,0.4137
13.858,0.0000,0.0000,-0.0610,-1.9315,-0.1179,0.0000,0.9271,0.9271,0.4138
13.866,0.0000,0.0000,-0.0610,-1.8967,-0.1179,0.0000,0.9271,0.9271,0.4140
13.875,0.0000,0.0000,-0.0610,-1.8637,-0.1175,0.0000,0.8991,0.8991,0.4143
13.879,0.0000,0.0000,-0.0610,-1.8480,-0.1175,0.0000,0.8991,0.8991,0.4146
13.883,0.0000,0.0000,-0.0610,-1.8338,-0.1175,0.0000,0.8991,0.8991,0.4148
13.886,0.0000,0.0000,-0.0610,-1.8203,-0.1175,0.0000,0.8991,0.8991,0.4149
13.890,0.0000,0.0000,-0.0610,-1.8082,-0.1175,0.0000,0.8991,0.8991,0.4150
13.893,0.0235,0.0235,-0.0610,-1.7953,-0.1164,0.0000,0.8666,0.8666,0.4152
13.897,0.0235,0.0235,-0.0610,-1.7814,-0.1164,0.0000,0.8666,0.8666,0.4153
13.909,0.0235,0.0235,-0.0610,-1.7360,-0.1164,0.0000,0.8666,0.8666,0.4154
13.914,0.0638,0.0638,-0.0610,-1.7168,-0.1148,0.0000,0.8290,0.8290,0.4158
13.920,0.0638,0.0638,-0.0610,-1.6978,-0.1148,0.0000,0.8290,0.8290,0.4160
13.924,0.0638,0.0638,-0.0610,-1.6840,-0.1148,0.0000,0.8290,0.8290,0.4162
13.928,0.0639,0.0638,-0.0610,-1.6710,-0.1148,0.0000,0.8290,0.8290,0.4163
13.932,0.0642,0.0638,-0.0610,-1.6583,-0.1148,0.0000,0.8290,0.8290,0.4164
13.936,0.1238,0.1228,-0.0610,-1.6442,-0.1126,0.0000,0.7866,0.7866,0.4165
13.940,0.1246,0.1228,-0.0610,-1.6314,-0.1126,0.0000,0.7866,0.7866,0.4166
13.943,0.1255,0.1228,-0.0610,-1.6210,-0.1126,0.0000,0.7866,0.7866,0.4168
13.946,0.1268,0.1228,-0.0610,-1.6106,-0.1126,0.0000,0.7866,0.7866,0.4169
13.951,0.1290,0.1228,-0.0609,-1.5960,-0.1126,0.0000,0.7866,0.7866,0.4169
13.954,0.2048,0.1961,-0.0609,-1.5810,-0.1100,0.0000,0.5990,0.5990,0.4171
13.958,0.2077,0.1961,-0.0609,-1.5686,-0.1100,0.0000,0.5990,0.5990,0.4171
13.962,0.2108,0.1961,-0.0608,-1.5580,-0.1100,0.0000,0.5990,0.5990,0.4172
13.966,0.2146,0.1961,-0.0608,-1.5465,-0.1100,0.0000,0.5990,0.5990,0.4173
13.969,0.2187,0.1961,-0.0608,-1.5358,-0.1100,0.0000,0.5990,0.5990,0.4174
13.974,0.2943,0.2658,-0.0608,-1.5191,-0.1066,0.0000,0.5624,0.5624,0.4174
13.982,0.3075,0.2658,-0.0607,-1.4947,-0.1066,0.0000,0.5624,0.5624,0.4175
13.986,0.3145,0.2658,-0.0606,-1.4837,-0.1066,0.0000,0.5624,0.5624,0.4176
13.989,0.3214,0.2658,-0.0606,-1.4739,-0.1066,0.0000,0.5624,0.5624,0.4177
13.993,0.3709,0.3079,-0.0605,-1.4605,-0.1029,0.0000,0.5245,0.5245,0.4178
13.998,0.3815,0.3079,-0.0605,-1.4480,-0.1029,0.0000,0.5245,0.5245,0.4178
14.001,0.3904,0.3079,-0.0604,-1.4383,-0.1029,0.0000,0.5245,0.5245,0.4179
14.005,0.3987,0.3079,-0.0604,-1.4299,-0.1029,0.0000,0.5245,0.5245,0.4179
14.008,0.4082,0.3079,-0.0603,-1.4210,-0.1029,0.0000,0.5245,0.5245,0.4180
14.016,0.4488,0.3245,-0.0603,-1.3967,-0.0992,0.0000,0.4794,0.4794,0.4180
14.022,0.4671,0.3245,-0.0602,-1.3828,-0.0992,0.0000,0.4794,0.4794,0.4181
14.026,0.4791,0.3245,-0.0601,-1.3743,-0.0992,0.0000,0.4794,0.4794,0.4182
14.030,0.4940,0.3245,-0.0600,-1.3643,-0.0992,0.0000,0.4794,0.4794,0.4182
14.035,0.5176,0.3313,-0.0600,-1.3497,-0.0952,0.0000,0.4304,0.4304,0.4183
14.039,0.5327,0.3313,-0.0599,-1.3405,-0.0952,0.0000,0.4304,0.4304,0.4183
14.042,0.5459,0.3313,-0.0599,-1.3329,-0.0952,0.0000,0.4304,0.4304,0.4184
14.046,0.5604,0.3313,-0.0598,-1.3248,-0.0952,0.0000,0.4304,0.4304,0.4184
14.049,0.5758,0.3313,-0.0598,-1.3166,-0.0952,0.0000,0.4304,0.4304,0.4184
14.053,0.6150,0.3560,-0.0597,-1.3049,-0.0911,0.0000,0.3785,0.3785,0.4185
14.057,0.6325,0.3560,-0.0596,-1.2961,-0.0911,0.0000,0.3785,0.3785,0.4185
14.061,0.6491,0.3560,-0.0596,-1.2882,-0.0911,0.0000,0.3785,0.3785,0.4185
14.064,0.6654,0.3560,-0.0595,-1.2806,-0.0911,0.0000,0.3785,0.3785,0.4185
14.068,0.6828,0.3560,-0.0595,-1.2728,-0.0911,0.0000,0.3785,0.3785,0.4186
14.071,0.6980,0.3560,-0.0594,-1.2661,-0.0911,0.0000,0.3785,0.3785,0.4186
14.075,0.7544,0.3967,-0.0594,-1.2551,-0.0867,0.0000,0.3244,0.3244,0.4186
14.080,0.7787,0.3967,-0.0593,-1.2452,-0.0867,0.0000,0.3244,0.3244,0.4186
14.087,0.8153,0.3967,-0.0592,-1.2312,-0.0867,0.0000,0.3244,0.3244,0.4186
14.091,0.8334,0.3967,-0.0591,-1.2247,-0.0867,0.0000,0.3244,0.3244,0.4187
14.094,0.9093,0.4556,-0.0591,-1.2142,-0.0821,0.0000,0.2674,0.2674,0.4187
14.098,0.9306,0.4556,-0.0590,-1.2070,-0.0821,0.0000,0.2674,0.2674,0.4187
14.102,0.9490,0.4556,-0.0589,-1.2009,-0.0821,0.0000,0.2674,0.2674,0.4187
14.105,0.9673,0.4556,-0.0588,-1.1951,-0.0821,0.0000,0.2674,0.2674,0.4187
14.109,0.9884,0.4556,-0.0588,-1.1886,-0.0821,0.0000,0.2674,0.2674,0.4187
14.113,1.0817,0.5281,-0.0587,-1.1778,-0.0775,0.0000,0.2085,0.2085,0.4187
14.118,1.1061,0.5281,-0.0586,-1.1708,-0.0775,0.0000,0.2085,0.2085,0.4187
14.121,1.1248,0.5281,-0.0585,-1.1655,-0.0775,0.0000,0.2085,0.2085,0.4187
14.125,1.1429,0.5281,-0.0584,-1.1606,-0.0775,0.0000,0.2085,0.2085,0.4187
14.128,1.1608,0.5281,-0.0583,-1.1559,-0.0775,0.0000,0.2085,0.2085,0.4187
14.133,1.2688,0.6127,-0.0583,-1.1451,-0.0728,0.0000,0.1516,0.1516,0.4186
14.137,1.2953,0.6127,-0.0582,-1.1385,-0.0728,0.0000,0.1516,0.1516,0.4186
14.141,1.3132,0.6127,-0.0580,-1.1342,-0.0728,0.0000,0.1516,0.1516,0.4186
14.144,1.3307,0.6127,-0.0579,-1.1300,-0.0728,0.0000,0.1516,0.1516,0.4186
14.148,1.3493,0.6127,-0.0579,-1.1256,-0.0728,0.0000,0.1516,0.1516,0.4186
14.151,1.3692,0.6127,-0.0578,-1.1210,-0.0728,0.0000,0.1516,0.1516,0.4185
14.155,1.4752,0.6988,-0.0577,-1.1113,-0.0676,0.0000,0.1054,0.1054,0.4185
14.160,1.5001,0.6988,-0.0576,-1.1057,-0.0676,0.0000,0.1054,0.1054,0.4185
14.168,1.5452,0.6988,-0.0574,-1.0957,-0.0676,0.0000,0.1054,0.1054,0.4185
14.173,1.6254,0.7515,-0.0572,-1.0841,-0.0621,0.0000,0.0753,0.0753,0.4184
14.178,1.6485,0.7515,-0.0570,-1.0791,-0.0621,0.0000,0.0753,0.0753,0.4184
14.182,1.6690,0.7515,-0.0569,-1.0748,-0.0621,0.0000,0.0753,0.0753,0.4183
14.187,1.6956,0.7515,-0.0567,-1.0693,-0.0621,0.0000,0.0753,0.0753,0.4183
14.195,1.7619,0.7778,-0.0566,-1.0560,-0.0565,0.0000,0.0497,0.0497,0.4182
14.202,1.7953,0.7778,-0.0563,-1.0498,-0.0565,0.0000,0.0497,0.0497,0.4182
14.205,1.8140,0.7778,-0.0561,-1.0464,-0.0565,0.0000,0.0497,0.0497,0.4181
14.209,1.8297,0.7778,-0.0560,-1.0435,-0.0565,0.0000,0.0497,0.0497,0.4180
14.213,1.8660,0.7938,-0.0559,-1.0346,-0.0511,0.0000,0.0256,0.0256,0.4180
14.218,1.8922,0.7938,-0.0557,-1.0302,-0.0511,0.0000,0.0256,0.0256,0.4179
14.222,1.9081,0.7938,-0.0556,-1.0276,-0.0511,0.0000,0.0256,0.0256,0.4179
14.225,1.9231,0.7938,-0.0554,-1.0252,-0.0511,0.0000,0.0256,0.0256,0.4178
14.228,1.9377,0.7938,-0.0553,-1.0229,-0.0511,0.0000,0.0256,0.0256,0.4178
14.232,1.9547,0.7938,-0.0552,-1.0203,-0.0511,0.0000,0.0256,0.0256,0.4178
14.236,2.0027,0.8255,-0.0551,-1.0121,-0.0453,0.0000,0.0077,0.0077,0.4177
14.240,2.0202,0.8255,-0.0550,-1.0097,-0.0453,0.0000,0.0077,0.0077,0.4177
14.243,2.0343,0.8255,-0.0549,-1.0077,-0.0453,0.0000,0.0077,0.0077,0.4176
14.246,2.0483,0.8255,-0.0547,-1.0058,-0.0453,0.0000,0.0077,0.0077,0.4176
14.250,2.0651,0.8255,-0.0546,-1.0036,-0.0453,0.0000,0.0077,0.0077,0.4175
14.254,2.1304,0.8764,-0.0545,-0.9961,-0.0397,0.0000,-0.0128,-0.0128,0.4175
14.258,2.1466,0.8764,-0.0544,-0.9939,-0.0397,0.0000,-0.0128,-0.0128,0.4175
14.261,2.1595,0.8764,-0.0542,-0.9923,-0.0397,0.0000,-0.0128,-0.0128,0.4174
14.265,2.1741,0.8764,-0.0541,-0.9903,-0.0397,0.0000,-0.0128,-0.0128,0.4174
14.268,2.1889,0.8764,-0.0540,-0.9884,-0.0397,0.0000,-0.0128,-0.0128,0.4173
14.272,2.2015,0.8764,-0.0539,-0.9867,-0.0397,0.0000,-0.0128,-0.0128,0.4173
14.275,2.2767,0.9393,-0.0537,-0.9798,-0.0344,0.0000,-0.0373,-0.0373,0.4173
14.279,2.2917,0.9393,-0.0536,-0.9778,-0.0344,0.0000,-0.0373,-0.0373,0.4172
14.283,2.3052,0.9393,-0.0535,-0.9759,-0.0344,0.0000,-0.0373,-0.0373,0.4172
14.286,2.3175,0.9393,-0.0533,-0.9743,-0.0344,0.0000,-0.0373,-0.0373,0.4171
14.291,2.3335,0.9393,-0.0532,-0.9721,-0.0344,0.0000,-0.0373,-0.0373,0.4171
14.299,2.4375,1.0165,-0.0530,-0.9638,-0.0294,0.0000,-0.0657,-0.0657,0.4170
14.303,2.4508,1.0165,-0.0527,-0.9622,-0.0294,0.0000,-0.0657,-0.0657,0.4169
14.306,2.4610,1.0165,-0.0525,-0.9609,-0.0294,0.0000,-0.0657,-0.0657,0.4169
14.311,2.4739,1.0165,-0.0524,-0.9594,-0.0294,0.0000,-0.0657,-0.0657,0.4168
14.319,2.5914,1.1091,-0.0522,-0.9520,-0.0247,0.0000,-0.0968,-0.0968,0.4168
14.324,2.6048,1.1091,-0.0519,-0.9507,-0.0247,0.0000,-0.0968,-0.0968,0.4166
14.327,2.6143,1.1091,-0.0516,-0.9498,-0.0247,0.0000,-0.0968,-0.0968,0.4166
14.331,2.6235,1.1091,-0.0515,-0.9490,-0.0247,0.0000,-0.0968,-0.0968,0.4165
14.335,2.7372,1.2113,-0.0513,-0.9439,-0.0206,0.0000,-0.1330,-0.1330,0.4165
14.340,2.7483,1.2113,-0.0511,-0.9429,-0.0206,0.0000,-0.1330,-0.1330,0.4164
14.344,2.7571,1.2113,-0.0509,-0.9422,-0.0206,0.0000,-0.1330,-0.1330,0.4163
14.347,2.7649,1.2113,-0.0507,-0.9417,-0.0206,0.0000,-0.1330,-0.1330,0.4162
14.351,2.7733,1.2113,-0.0506,-0.9411,-0.0206,0.0000,-0.1330,-0.1330,0.4162
14.354,2.8780,1.3086,-0.0504,-0.9369,-0.0170,0.0000,-0.1676,-0.1676,0.4161
14.358,2.8865,1.3086,-0.0502,-0.9364,-0.0170,0.0000,-0.1676,-0.1676,0.4161
14.362,2.8938,1.3086,-0.0500,-0.9359,-0.0170,0.0000,-0.1676,-0.1676,0.4160
14.366,2.9013,1.3086,-0.0498,-0.9353,-0.0170,0.0000,-0.1676,-0.1676,0.4159
14.369,2.9080,1.3086,-0.0496,-0.9348,-0.0170,0.0000,-0.1676,-0.1676,0.4159
14.373,2.9806,1.3736,-0.0494,-0.9315,-0.0142,0.0000,-0.2034,-0.2034,0.4158
14.378,2.9886,1.3736,-0.0492,-0.9309,-0.0142,0.0000,-0.2034,-0.2034,0.4157
14.382,2.9946,1.3736,-0.0489,-0.9304,-0.0142,0.0000,-0.2034,-0.2034,0.4156
14.385,3.0003,1.3736,-0.0487,-0.9299,-0.0142,0.0000,-0.2034,-0.2034,0.4156
14.390,3.0068,1.3736,-0.0485,-0.9294,-0.0142,0.0000,-0.2034,-0.2034,0.4155
14.394,3.0566,1.4177,-0.0483,-0.9270,-0.0123,0.0000,-0.2410,-0.2410,0.4154
14.398,3.0620,1.4177,-0.0481,-0.9265,-0.0123,0.0000,-0.2410,-0.2410,0.4153
14.403,3.0686,1.4177,-0.0479,-0.9259,-0.0123,0.0000,-0.2410,-0.2410,0.4152
14.410,3.0770,1.4177,-0.0476,-0.9254,-0.0123,0.0000,-0.2410,-0.2410,0.4151
14.414,3.1387,1.4758,-0.0472,-0.9240,-0.0111,0.0000,-0.2800,-0.2800,0.4150
14.418,3.1429,1.4758,-0.0470,-0.9238,-0.0111,0.0000,-0.2800,-0.2800,0.4149
14.422,3.1460,1.4758,-0.0467,-0.9237,-0.0111,0.0000,-0.2800,-0.2800,0.4148
14.425,3.1490,1.4758,-0.0465,-0.9235,-0.0111,0.0000,-0.2800,-0.2800,0.4147
14.428,3.1515,1.4758,-0.0463,-0.9234,-0.0111,0.0000,-0.2800,-0.2800,0.4146
14.432,3.1541,1.4758,-0.0461,-0.9234,-0.0111,0.0000,-0.2800,-0.2800,0.4146
14.435,3.2268,1.5461,-0.0459,-0.9229,-0.0106,0.0000,-0.3202,-0.3202,0.4145
14.439,3.2291,1.5461,-0.0457,-0.9230,-0.0106,0.0000,-0.3202,-0.3202,0.4144
14.443,3.2309,1.5461,-0.0455,-0.9230,-0.0106,0.0000,-0.3202,-0.3202,0.4143
14.446,3.2326,1.5461,-0.0453,-0.9231,-0.0106,0.0000,-0.3202,-0.3202,0.4142
14.450,3.2341,1.5461,-0.0451,-0.9232,-0.0106,0.0000,-0.3202,-0.3202,0.4141
14.454,3.3186,1.6290,-0.0449,-0.9231,-0.0102,0.0000,-0.3550,-0.3550,0.4140
14.459,3.3198,1.6290,-0.0446,-0.9233,-0.0102,0.0000,-0.3550,-0.3550,0.4139
14.462,3.3206,1.6290,-0.0443,-0.9234,-0.0102,0.0000,-0.3550,-0.3550,0.4138
14.471,3.3215,1.6290,-0.0441,-0.9240,-0.0102,0.0000,-0.3550,-0.3550,0.4137
14.476,3.4126,1.7201,-0.0436,-0.9250,-0.0110,0.0000,-0.3974,-0.3974,0.4135
14.480,3.4123,1.7201,-0.0432,-0.9251,-0.0110,0.0000,-0.3974,-0.3974,0.4134
14.484,3.4118,1.7201,-0.0429,-0.9252,-0.0110,0.0000,-0.3974,-0.3974,0.4133
14.487,3.4112,1.7201,-0.0427,-0.9253,-0.0110,0.0000,-0.3974,-0.3974,0.4132
14.491,3.4105,1.7201,-0.0425,-0.9254,-0.0110,0.0000,-0.3974,-0.3974,0.4131
14.494,3.4815,1.7921,-0.0423,-0.9271,-0.0127,0.0000,-0.4410,-0.4410,0.4130
14.498,3.4802,1.7921,-0.0420,-0.9272,-0.0127,0.0000,-0.4410,-0.4410,0.4129
14.502,3.4787,1.7921,-0.0418,-0.9272,-0.0127,0.0000,-0.4410,-0.4410,0.4128
14.506,3.4767,1.7921,-0.0415,-0.9274,-0.0127,0.0000,-0.4410,-0.4410,0.4127
14.513,3.5151,1.8342,-0.0412,-0.9301,-0.0151,0.0000,-0.4789,-0.4789,0.4125
14.518,3.5121,1.8342,-0.0407,-0.9305,-0.0151,0.0000,-0.4789,-0.4789,0.4123
14.522,3.5098,1.8342,-0.0404,-0.9308,-0.0151,0.0000,-0.4789,-0.4789,0.4122
14.525,3.5074,1.8342,-0.0401,-0.9310,-0.0151,0.0000,-0.4789,-0.4789,0.4121
14.529,3.5040,1.8342,-0.0399,-0.9314,-0.0151,0.0000,-0.4789,-0.4789,0.4120
14.535,3.5132,1.8477,-0.0396,-0.9352,-0.0185,0.0000,-0.5147,-0.5147,0.4119
14.539,3.5096,1.8477,-0.0393,-0.9356,-0.0185,0.0000,-0.5147,-0.5147,0.4117
14.542,3.5065,1.8477,-0.0390,-0.9360,-0.0185,0.0000,-0.5147,-0.5147,0.4116
14.546,3.5031,1.8477,-0.0387,-0.9364,-0.0185,0.0000,-0.5147,-0.5147,0.4115
14.549,3.4996,1.8477,-0.0385,-0.9369,-0.0185,0.0000,-0.5147,-0.5147,0.4114
14.553,3.4809,1.8328,-0.0383,-0.9416,-0.0228,0.0000,-0.5502,-0.5502,0.4112
14.558,3.4755,1.8328,-0.0380,-0.9422,-0.0228,0.0000,-0.5502,-0.5502,0.4111
14.561,3.4711,1.8328,-0.0377,-0.9425,-0.0228,0.0000,-0.5502,-0.5502,0.4110
14.566,3.4661,1.8328,-0.0375,-0.9430,-0.0228,0.0000,-0.5502,-0.5502,0.4109
14.569,3.4615,1.8328,-0.0372,-0.9434,-0.0228,0.0000,-0.5502,-0.5502,0.4107
14.573,3.4197,1.7963,-0.0370,-0.9488,-0.0278,0.0000,-0.5848,-0.5848,0.4106
14.578,3.4136,1.7963,-0.0367,-0.9492,-0.0278,0.0000,-0.5848,-0.5848,0.4105
14.582,3.4084,1.7963,-0.0364,-0.9494,-0.0278,0.0000,-0.5848,-0.5848,0.4103
14.585,3.4031,1.7963,-0.0362,-0.9497,-0.0278,0.0000,-0.5848,-0.5848,0.4102
14.589,3.3982,1.7963,-0.0360,-0.9500,-0.0278,0.0000,-0.5848,-0.5848,0.4101
14.592,3.3934,1.7963,-0.0358,-0.9501,-0.0278,0.0000,-0.5848,-0.5848,0.4100
14.596,3.3372,1.7461,-0.0356,-0.9560,-0.0335,0.0000,-0.6182,-0.6182,0.4099
14.600,3.3302,1.7461,-0.0353,-0.9564,-0.0335,0.0000,-0.6182,-0.6182,0.4097
14.604,3.3245,1.7461,-0.0351,-0.9567,-0.0335,0.0000,-0.6182,-0.6182,0.4096
14.607,3.3190,1.7461,-0.0349,-0.9570,-0.0335,0.0000,-0.6182,-0.6182,0.4095
14.611,3.3116,1.7461,-0.0347,-0.9575,-0.0335,0.0000,-0.6182,-0.6182,0.4093
14.619,3.2729,1.7206,-0.0344,-0.9648,-0.0400,0.0000,-0.6636,-0.6636,0.4092
14.627,3.2576,1.7206,-0.0340,-0.9660,-0.0400,0.0000,-0.6636,-0.6636,0.4089
14.632,3.2488,1.7206,-0.0335,-0.9666,-0.0400,0.0000,-0.6636,-0.6636,0.4086
14.636,3.2384,1.7182,-0.0333,-0.9738,-0.0467,0.0000,-0.7065,-0.7065,0.4085
14.641,3.2296,1.7182,-0.0330,-0.9743,-0.0467,0.0000,-0.7065,-0.7065,0.4083
14.644,3.2227,1.7182,-0.0328,-0.9747,-0.0467,0.0000,-0.7065,-0.7065,0.4082
14.648,3.2156,1.7182,-0.0326,-0.9752,-0.0467,0.0000,-0.7065,-0.7065,0.4080
14.652,3.2064,1.7182,-0.0324,-0.9756,-0.0467,0.0000,-0.7065,-0.7065,0.4079
14.657,3.2003,1.7214,-0.0322,-0.9835,-0.0541,0.0000,-0.7565,-0.7565,0.4077
14.661,3.1916,1.7214,-0.0319,-0.9839,-0.0541,0.0000,-0.7565,-0.7565,0.4076
14.664,3.1838,1.7214,-0.0317,-0.9843,-0.0541,0.0000,-0.7565,-0.7565,0.4074
14.668,3.1754,1.7214,-0.0315,-0.9847,-0.0541,0.0000,-0.7565,-0.7565,0.4073
14.671,3.1682,1.7214,-0.0313,-0.9850,-0.0541,0.0000,-0.7565,-0.7565,0.4071
14.675,3.1381,1.6989,-0.0311,-0.9933,-0.0621,0.0000,-0.8035,-0.8035,0.4070
14.679,3.1296,1.6989,-0.0310,-0.9936,-0.0621,0.0000,-0.8035,-0.8035,0.4069
14.682,3.1213,1.6989,-0.0308,-0.9940,-0.0621,0.0000,-0.8035,-0.8035,0.4067
14.686,3.1129,1.6989,-0.0306,-0.9943,-0.0621,0.0000,-0.8035,-0.8035,0.4066
14.689,3.1043,1.6989,-0.0304,-0.9947,-0.0621,0.0000,-0.8035,-0.8035,0.4064
14.693,3.0527,1.6555,-0.0302,-1.0036,-0.0707,0.0000,-0.8488,-0.8488,0.4063
14.697,3.0434,1.6555,-0.0300,-1.0040,-0.0707,0.0000,-0.8488,-0.8488,0.4061
14.701,3.0341,1.6555,-0.0298,-1.0044,-0.0707,0.0000,-0.8488,-0.8488,0.4060
14.704,3.0257,1.6555,-0.0297,-1.0047,-0.0707,0.0000,-0.8488,-0.8488,0.4058
14.708,3.0169,1.6555,-0.0295,-1.0050,-0.0707,0.0000,-0.8488,-0.8488,0.4057
14.711,3.0088,1.6555,-0.0293,-1.0053,-0.0707,0.0000,-0.8488,-0.8488,0.4055
14.715,2.9368,1.5933,-0.0292,-1.0151,-0.0800,0.0000,-0.8898,-0.8898,0.4054
14.720,2.9226,1.5933,-0.0290,-1.0158,-0.0800,0.0000,-0.8898,-0.8898,0.4052
14.727,2.9042,1.5933,-0.0287,-1.0164,-0.0800,0.0000,-0.8898,-0.8898,0.4050
14.731,2.8945,1.5933,-0.0284,-1.0168,-0.0800,0.0000,-0.8898,-0.8898,0.4047
14.735,2.8006,1.5106,-0.0283,-1.0274,-0.0901,0.0000,-0.9374,-0.9374,0.4045
14.739,2.7895,1.5106,-0.0281,-1.0279,-0.0901,0.0000,-0.9374,-0.9374,0.4043
14.743,2.7804,1.5106,-0.0279,-1.0282,-0.0901,0.0000,-0.9374,-0.9374,0.4041
14.746,2.7716,1.5106,-0.0278,-1.0286,-0.0901,0.0000,-0.9374,-0.9374,0.4040
14.750,2.7618,1.5106,-0.0277,-1.0290,-0.0901,0.0000,-0.9374,-0.9374,0.4039
14.753,2.6524,1.4110,-0.0275,-1.0404,-0.1010,0.0000,-0.9994,-0.9994,0.4037
14.757,2.6416,1.4110,-0.0274,-1.0409,-0.1010,0.0000,-0.9994,-0.9994,0.4035
14.760,2.6323,1.4110,-0.0273,-1.0412,-0.1010,0.0000,-0.9994,-0.9994,0.4034
14.764,2.6231,1.4110,-0.0272,-1.0415,-0.1010,0.0000,-0.9994,-0.9994,0.4032
14.768,2.6116,1.4110,-0.0271,-1.0418,-0.1010,0.0000,-0.9994,-0.9994,0.4030
14.771,2.6013,1.4110,-0.0269,-1.0422,-0.1010,0.0000,-0.9994,-0.9994,0.4029
14.779,2.4681,1.2991,-0.0268,-1.0541,-0.1123,0.0000,-1.0628,-1.0628,0.4027
14.786,2.4471,1.2991,-0.0266,-1.0549,-0.1123,0.0000,-1.0628,-1.0628,0.4023
14.789,2.4363,1.2991,-0.0264,-1.0553,-0.1123,0.0000,-1.0628,-1.0628,0.4020
14.793,2.2958,1.1685,-0.0263,-1.0671,-0.1238,0.0000,-1.1305,-1.1305,0.4018
14.797,2.2841,1.1685,-0.0263,-1.0673,-0.1238,0.0000,-1.1305,-1.1305,0.4017
14.801,2.2714,1.1685,-0.0262,-1.0676,-0.1238,0.0000,-1.1305,-1.1305,0.4015
14.804,2.2601,1.1685,-0.0261,-1.0678,-0.1238,0.0000,-1.1305,-1.1305,0.4012
14.808,2.2501,1.1685,-0.0260,-1.0680,-0.1238,0.0000,-1.1305,-1.1305,0.4011
14.811,2.2402,1.1685,-0.0260,-1.0683,-0.1238,0.0000,-1.1305,-1.1305,0.4009
14.814,2.0937,1.0330,-0.0259,-1.0800,-0.1352,0.0000,-1.1902,-1.1902,0.4007
14.819,2.0806,1.0330,-0.0258,-1.0804,-0.1352,0.0000,-1.1902,-1.1902,0.4005
14.823,2.0670,1.0330,-0.0258,-1.0809,-0.1352,0.0000,-1.1902,-1.1902,0.4003
14.830,2.0442,1.0330,-0.0257,-1.0817,-0.1352,0.0000,-1.1902,-1.1902,0.4001
14.835,1.8818,0.8851,-0.0256,-1.0934,-0.1465,0.0000,-1.2402,-1.2402,0.3997
14.839,1.8674,0.8851,-0.0256,-1.0938,-0.1465,0.0000,-1.2402,-1.2402,0.3995
14.843,1.8552,0.8851,-0.0256,-1.0941,-0.1465,0.0000,-1.2402,-1.2402,0.3992
14.847,1.8429,0.8851,-0.0256,-1.0944,-0.1465,0.0000,-1.2402,-1.2402,0.3990
14.851,1.8301,0.8851,-0.0255,-1.0947,-0.1465,0.0000,-1.2402,-1.2402,0.3988
14.854,1.6617,0.7281,-0.0255,-1.1061,-0.1577,0.0000,-1.2812,-1.2812,0.3986
14.858,1.6485,0.7281,-0.0255,-1.1064,-0.1577,0.0000,-1.2812,-1.2812,0.3984
14.862,1.6370,0.7281,-0.0255,-1.1067,-0.1577,0.0000,-1.2812,-1.2812,0.3982
14.865,1.6251,0.7281,-0.0256,-1.1070,-0.1577,0.0000,-1.2812,-1.2812,0.3980
14.869,1.6129,0.7281,-0.0256,-1.1073,-0.1577,0.0000,-1.2812,-1.2812,0.3978
14.872,1.6017,0.7281,-0.0256,-1.1076,-0.1577,0.0000,-1.2812,-1.2812,0.3976
14.875,1.4264,0.5645,-0.0256,-1.1187,-0.1685,0.0000,-1.3321,-1.3321,0.3974
14.879,1.4129,0.5645,-0.0256,-1.1191,-0.1685,0.0000,-1.3321,-1.3321,0.3972
14.883,1.4002,0.5645,-0.0257,-1.1194,-0.1685,0.0000,-1.3321,-1.3321,0.3970
14.887,1.3884,0.5645,-0.0257,-1.1195,-0.1685,0.0000,-1.3321,-1.3321,0.3968
14.890,1.3768,0.5645,-0.0257,-1.1197,-0.1685,0.0000,-1.3321,-1.3321,0.3966
14.894,1.1891,0.3927,-0.0258,-1.1305,-0.1790,0.0000,-1.3746,-1.3746,0.3964
14.901,1.1655,0.3927,-0.0258,-1.1312,-0.1790,0.0000,-1.3746,-1.3746,0.3962
14.905,1.1518,0.3927,-0.0260,-1.1315,-0.1790,0.0000,-1.3746,-1.3746,0.3958
14.909,1.1378,0.3927,-0.0260,-1.1319,-0.1790,0.0000,-1.3746,-1.3746,0.3956
14.913,0.9487,0.2171,-0.0261,-1.1420,-0.1889,0.0000,-1.4259,-1.4259,0.3953
14.917,0.9318,0.2171,-0.0262,-1.1423,-0.1889,0.0000,-1.4259,-1.4259,0.3951
14.922,0.9166,0.2171,-0.0263,-1.1426,-0.1889,0.0000,-1.4259,-1.4259,0.3948
14.931,0.8822,0.2171,-0.0265,-1.1436,-0.1889,0.0000,-1.4259,-1.4259,0.3946
14.941,0.6712,0.0451,-0.0267,-1.1536,-0.1982,0.0000,-1.4744,-1.4744,0.3941
14.946,0.6552,0.0451,-0.0271,-1.1538,-0.1982,0.0000,-1.4744,-1.4744,0.3934
14.950,0.6392,0.0451,-0.0273,-1.1541,-0.1982,0.0000,-1.4744,-1.4744,0.3932
14.954,0.4697,-0.1101,-0.0274,-1.1631,-0.2068,0.0000,-1.5199,-1.5199,0.3929
14.958,0.4538,-0.1101,-0.0276,-1.1633,-0.2068,0.0000,-1.5199,-1.5199,0.3927
14.962,0.4396,-0.1101,-0.0277,-1.1635,-0.2068,0.0000,-1.5199,-1.5199,0.3924
14.966,0.4216,-0.1101,-0.0279,-1.1638,-0.2068,0.0000,-1.5199,-1.5199,0.3922
14.970,0.4062,-0.1101,-0.0281,-1.1640,-0.2068,0.0000,-1.5199,-1.5199,0.3919
14.974,0.2515,-0.2503,-0.0283,-1.1723,-0.2150,0.0000,-1.5532,-1.5532,0.3917
14.978,0.2347,-0.2503,-0.0284,-1.1725,-0.2150,0.0000,-1.5532,-1.5532,0.3915
14.983,0.2171,-0.2503,-0.0286,-1.1726,-0.2150,0.0000,-1.5532,-1.5532,0.3912
14.987,0.2020,-0.2503,-0.0289,-1.1728,-0.2150,0.0000,-1.5532,-1.5532,0.3909
14.990,0.1876,-0.2503,-0.0290,-1.1729,-0.2150,0.0000,-1.5532,-1.5532,0.3907
14.994,0.0465,-0.3764,-0.0292,-1.1805,-0.2225,0.0000,-1.5773,-1.5773,0.3905
14.999,0.0276,-0.3764,-0.0294,-1.1806,-0.2225,0.0000,-1.5773,-1.5773,0.3902
15.003,0.0113,-0.3764,-0.0297,-1.1807,-0.2225,0.0000,-1.5773,-1.5773,0.3900
15.006,-0.0033,-0.3764,-0.0299,-1.1808,-0.2225,0.0000,-1.5773,-1.5773,0.3897
15.010,-0.0182,-0.3764,-0.0301,-1.1810,-0.2225,0.0000,-1.5773,-1.5773,0.3895
15.014,-0.1471,-0.4896,-0.0303,-1.1881,-0.2294,0.0000,-1.5923,-1.5923,0.3893
15.019,-0.1681,-0.4896,-0.0305,-1.1884,-0.2294,0.0000,-1.5923,-1.5923,0.3890
15.023,-0.1842,-0.4896,-0.0308,-1.1887,-0.2294,0.0000,-1.5923,-1.5923,0.3887
15.026,-0.1999,-0.4896,-0.0310,-1.1888,-0.2294,0.0000,-1.5923,-1.5923,0.3885
15.030,-0.2145,-0.4896,-0.0312,-1.1890,-0.2294,0.0000,-1.5923,-1.5923,0.3883
15.034,-0.3343,-0.5910,-0.0314,-1.1955,-0.2357,0.0000,-1.5953,-1.5953,0.3881
15.039,-0.3578,-0.5910,-0.0317,-1.1960,-0.2357,0.0000,-1.5953,-1.5953,0.3878
15.047,-0.3904,-0.5910,-0.0320,-1.1960,-0.2357,0.0000,-1.5953,-1.5953,0.3875
15.051,-0.4080,-0.5910,-0.0325,-1.1962,-0.2357,0.0000,-1.5953,-1.5953,0.3870
15.055,-0.5144,-0.6817,-0.0327,-1.2021,-0.2414,0.0000,-1.5826,-1.5826,0.3868
15.058,-0.5314,-0.6817,-0.0329,-1.2022,-0.2414,0.0000,-1.5826,-1.5826,0.3866
15.062,-0.5457,-0.6817,-0.0332,-1.2023,-0.2414,0.0000,-1.5826,-1.5826,0.3864
15.065,-0.5631,-0.6817,-0.0334,-1.2024,-0.2414,0.0000,-1.5826,-1.5826,0.3862
15.069,-0.5796,-0.6817,-0.0336,-1.2024,-0.2414,0.0000,-1.5826,-1.5826,0.3860
15.073,-0.6760,-0.7625,-0.0339,-1.2074,-0.2464,0.0000,-1.5557,-1.5557,0.3858
15.080,-0.7105,-0.7625,-0.0341,-1.2078,-0.2464,0.0000,-1.5557,-1.5557,0.3856
15.085,-0.7337,-0.7625,-0.0346,-1.2078,-0.2464,0.0000,-1.5557,-1.5557,0.3852
15.088,-0.7491,-0.7625,-0.0349,-1.2079,-0.2464,0.0000,-1.5557,-1.5557,0.3849
15.092,-0.7645,-0.7625,-0.0352,-1.2079,-0.2464,0.0000,-1.5557,-1.5557,0.3847
15.095,-0.8540,-0.8341,-0.0354,-1.2119,-0.2505,0.0000,-1.5198,-1.5198,0.3845
15.100,-0.8744,-0.8341,-0.0356,-1.2118,-0.2505,0.0000,-1.5198,-1.5198,0.3843
15.103,-0.8906,-0.8341,-0.0359,-1.2118,-0.2505,0.0000,-1.5198,-1.5198,0.3841
15.106,-0.9066,-0.8341,-0.0362,-1.2117,-0.2505,0.0000,-1.5198,-1.5198,0.3839
15.110,-0.9224,-0.8341,-0.0364,-1.2117,-0.2505,0.0000,-1.5198,-1.5198,0.3838
15.113,-1.0009,-0.8962,-0.0366,-1.2144,-0.2531,0.0000,-1.5023,-1.5023,0.3836
15.117,-1.0219,-0.8962,-0.0369,-1.2144,-0.2531,0.0000,-1.5023,-1.5023,0.3834
15.121,-1.0383,-0.8962,-0.0372,-1.2144,-0.2531,0.0000,-1.5023,-1.5023,0.3832
15.124,-1.0545,-0.8962,-0.0374,-1.2144,-0.2531,0.0000,-1.5023,-1.5023,0.3830
15.127,-1.0714,-0.8962,-0.0376,-1.2145,-0.2531,0.0000,-1.5023,-1.5023,0.3829
15.130,-1.0880,-0.8962,-0.0379,-1.2145,-0.2531,0.0000,-1.5023,-1.5023,0.3827
15.134,-1.1614,-0.9505,-0.0381,-1.2162,-0.2549,0.0000,-1.4762,-1.4762,0.3825
15.138,-1.1812,-0.9505,-0.0384,-1.2162,-0.2549,0.0000,-1.4762,-1.4762,0.3824
15.143,-1.2054,-0.9505,-0.0387,-1.2161,-0.2549,0.0000,-1.4762,-1.4762,0.3822
15.150,-1.2434,-0.9505,-0.0390,-1.2160,-0.2549,0.0000,-1.4762,-1.4762,0.3820
15.154,-1.3103,-0.9978,-0.0395,-1.2165,-0.2557,0.0000,-1.4386,-1.4386,0.3816
15.158,-1.3325,-0.9978,-0.0398,-1.2164,-0.2557,0.0000,-1.4386,-1.4386,0.3815
15.161,-1.3505,-0.9978,-0.0401,-1.2163,-0.2557,0.0000,-1.4386,-1.4386,0.3813
15.165,-1.3693,-0.9978,-0.0403,-1.2160,-0.2557,0.0000,-1.4386,-1.4386,0.3811
15.168,-1.3899,-0.9978,-0.0406,-1.2158,-0.2557,0.0000,-1.4386,-1.4386,0.3810
15.172,-1.4083,-0.9978,-0.0408,-1.2155,-0.2557,0.0000,-1.4386,-1.4386,0.3808
15.175,-1.4675,-1.0381,-0.0411,-1.2150,-0.2555,0.0000,-1.4054,-1.4054,0.3806
15.179,-1.4883,-1.0381,-0.0413,-1.2147,-0.2555,0.0000,-1.4054,-1.4054,0.3805
15.182,-1.5097,-1.0381,-0.0416,-1.2144,-0.2555,0.0000,-1.4054,-1.4054,0.3803
15.186,-1.5305,-1.0381,-0.0419,-1.2140,-0.2555,0.0000,-1.4054,-1.4054,0.3802
15.190,-1.5535,-1.0381,-0.0422,-1.2137,-0.2555,0.0000,-1.4054,-1.4054,0.3800
15.194,-1.6116,-1.0722,-0.0424,-1.2121,-0.2543,0.0000,-1.3714,-1.3714,0.3799
15.199,-1.6419,-1.0722,-0.0428,-1.2118,-0.2543,0.0000,-1.3714,-1.3714,0.3797
15.203,-1.6659,-1.0722,-0.0431,-1.2115,-0.2543,0.0000,-1.3714,-1.3714,0.3795
15.207,-1.6902,-1.0722,-0.0434,-1.2111,-0.2543,0.0000,-1.3714,-1.3714,0.3793
15.212,-1.7152,-1.0722,-0.0437,-1.2108,-0.2543,0.0000,-1.3714,-1.3714,0.3792
15.215,-1.7680,-1.1012,-0.0440,-1.2085,-0.2524,0.0000,-1.3239,-1.3239,0.3790
15.221,-1.8023,-1.1012,-0.0443,-1.2079,-0.2524,0.0000,-1.3239,-1.3239,0.3789
15.225,-1.8288,-1.1012,-0.0447,-1.2074,-0.2524,0.0000,-1.3239,-1.3239,0.3787
15.243,-1.9714,-1.1257,-0.0450,-1.2017,-0.2498,0.0000,-1.2546,-1.2546,0.3785
15.252,-2.0279,-1.1257,-0.0463,-1.2000,-0.2498,0.0000,-1.2546,-1.2546,0.3779
15.259,-2.0986,-1.1459,-0.0470,-1.1950,-0.2464,0.0000,-1.1702,-1.1702,0.3777
15.263,-2.1254,-1.1459,-0.0475,-1.1940,-0.2464,0.0000,-1.1702,-1.1702,0.3774
15.267,-2.1513,-1.1459,-0.0478,-1.1932,-0.2464,0.0000,-1.1702,-1.1702,0.3773
15.270,-2.1739,-1.1459,-0.0481,-1.1923,-0.2464,0.0000,-1.1702,-1.1702,0.3772
15.274,-2.2121,-1.1619,-0.0483,-1.1874,-0.2422,0.0000,-1.0818,-1.0818,0.3771
15.277,-2.2391,-1.1619,-0.0485,-1.1864,-0.2422,0.0000,-1.0818,-1.0818,0.3771
15.281,-2.2652,-1.1619,-0.0488,-1.1855,-0.2422,0.0000,-1.0818,-1.0818,0.3770
15.285,-2.2942,-1.1619,-0.0491,-1.1844,-0.2422,0.0000,-1.0818,-1.0818,0.3769
15.288,-2.3190,-1.1619,-0.0494,-1.1836,-0.2422,0.0000,-1.0818,-1.0818,0.3768
15.292,-2.3453,-1.1619,-0.0496,-1.1826,-0.2422,0.0000,-1.0818,-1.0818,0.3767
15.295,-2.3835,-1.1743,-0.0499,-1.1767,-0.2374,0.0000,-0.9829,-0.9829,0.3767
15.300,-2.4161,-1.1743,-0.0501,-1.1755,-0.2374,0.0000,-0.9829,-0.9829,0.3766
15.303,-2.4430,-1.1743,-0.0504,-1.1745,-0.2374,0.0000,-0.9829,-0.9829,0.3765
15.307,-2.4691,-1.1743,-0.0507,-1.1735,-0.2374,0.0000,-0.9829,-0.9829,0.3765
15.310,-2.4941,-1.1743,-0.0509,-1.1726,-0.2374,0.0000,-0.9829,-0.9829,0.3764
15.313,-2.5292,-1.1833,-0.0511,-1.1660,-0.2319,0.0000,-0.8758,-0.8758,0.3763
15.318,-2.5663,-1.1833,-0.0514,-1.1645,-0.2319,0.0000,-0.8758,-0.8758,0.3763
15.321,-2.5928,-1.1833,-0.0517,-1.1633,-0.2319,0.0000,-0.8758,-0.8758,0.3762
15.324,-2.6191,-1.1833,-0.0519,-1.1621,-0.2319,0.0000,-0.8758,-0.8758,0.3762
15.328,-2.6444,-1.1833,-0.0522,-1.1609,-0.2319,0.0000,-0.8758,-0.8758,0.3762
15.331,-2.6719,-1.1833,-0.0524,-1.1595,-0.2319,0.0000,-0.8758,-0.8758,0.3761
15.335,-2.7081,-1.1891,-0.0526,-1.1518,-0.2258,0.0000,-0.7619,-0.7619,0.3761
15.339,-2.7395,-1.1891,-0.0529,-1.1500,-0.2258,0.0000,-0.7619,-0.7619,0.3761
15.343,-2.7643,-1.1891,-0.0532,-1.1485,-0.2258,0.0000,-0.7619,-0.7619,0.3760
15.346,-2.7887,-1.1891,-0.0534,-1.1470,-0.2258,0.0000,-0.7619,-0.7619,0.3760
15.350,-2.8182,-1.1891,-0.0536,-1.1451,-0.2258,0.0000,-0.7619,-0.7619,0.3760
15.355,-2.8537,-1.1920,-0.0539,-1.1363,-0.2192,0.0000,-0.6416,-0.6416,0.3760
15.363,-2.9074,-1.1920,-0.0542,-1.1321,-0.2192,0.0000,-0.6416,-0.6416,0.3760
15.366,-2.9321,-1.1920,-0.0548,-1.1301,-0.2192,0.0000,-0.6416,-0.6416,0.3760
15.370,-2.9529,-1.1920,-0.0550,-1.1283,-0.2192,0.0000,-0.6416,-0.6416,0.3760
15.373,-2.9746,-1.1923,-0.0553,-1.1192,-0.2122,0.0000,-0.5141,-0.5141,0.3760
15.378,-2.9997,-1.1923,-0.0555,-1.1168,-0.2122,0.0000,-0.5141,-0.5141,0.3760
15.385,-3.0408,-1.1923,-0.0558,-1.1128,-0.2122,0.0000,-0.5141,-0.5141,0.3760
15.390,-3.0647,-1.1923,-0.0563,-1.1103,-0.2122,0.0000,-0.5141,-0.5141,0.3761
15.393,-3.0793,-1.1902,-0.0566,-1.1009,-0.2047,0.0000,-0.3818,-0.3818,0.3761
15.398,-3.0989,-1.1902,-0.0568,-1.0986,-0.2047,0.0000,-0.3818,-0.3818,0.3762
15.401,-3.1149,-1.1902,-0.0571,-1.0966,-0.2047,0.0000,-0.3818,-0.3818,0.3762
15.405,-3.1293,-1.1902,-0.0573,-1.0947,-0.2047,0.0000,-0.3818,-0.3818,0.3763
15.408,-3.1420,-1.1902,-0.0575,-1.0930,-0.2047,0.0000,-0.3818,-0.3818,0.3763
15.412,-3.1558,-1.1902,-0.0578,-1.0910,-0.2047,0.0000,-0.3818,-0.3818,0.3764
15.417,-3.1687,-1.1859,-0.0580,-1.0805,-0.1969,0.0000,-0.2422,-0.2422,0.3764
15.421,-3.1815,-1.1859,-0.0583,-1.0782,-0.1969,0.0000,-0.2422,-0.2422,0.3765
15.425,-3.1919,-1.1859,-0.0586,-1.0762,-0.1969,0.0000,-0.2422,-0.2422,0.3766
15.429,-3.2033,-1.1859,-0.0588,-1.0738,-0.1969,0.0000,-0.2422,-0.2422,0.3767
15.433,-3.2079,-1.1797,-0.0591,-1.0630,-0.1888,0.0000,-0.0956,-0.0956,0.3767
15.438,-3.2169,-1.1797,-0.0593,-1.0604,-0.1888,0.0000,-0.0956,-0.0956,0.3769
15.441,-3.2233,-1.1797,-0.0596,-1.0583,-0.1888,0.0000,-0.0956,-0.0956,0.3770
15.444,-3.2289,-1.1797,-0.0598,-1.0563,-0.1888,0.0000,-0.0956,-0.0956,0.3771
15.448,-3.2341,-1.1797,-0.0600,-1.0542,-0.1888,0.0000,-0.0956,-0.0956,0.3771
15.452,-3.2390,-1.1797,-0.0602,-1.0518,-0.1888,0.0000,-0.0956,-0.0956,0.3772
15.455,-3.2347,-1.1717,-0.0605,-1.0415,-0.1805,0.0000,0.0561,0.0561,0.3773
15.462,-3.2400,-1.1717,-0.0607,-1.0375,-0.1805,0.0000,0.0561,0.0561,0.3775
15.470,-3.2434,-1.1717,-0.0611,-1.0322,-0.1805,0.0000,0.0561,0.0561,0.3777
15.474,-3.2333,-1.1612,-0.0615,-1.0216,-0.1724,0.0000,0.1858,0.1858,0.3779
15.478,-3.2329,-1.1612,-0.0618,-1.0191,-0.1724,0.0000,0.1858,0.1858,0.3781
15.481,-3.2319,-1.1612,-0.0620,-1.0170,-0.1724,0.0000,0.1858,0.1858,0.3783
15.485,-3.2302,-1.1612,-0.0622,-1.0148,-0.1724,0.0000,0.1858,0.1858,0.3784
15.488,-3.2281,-1.1612,-0.0624,-1.0128,-0.1724,0.0000,0.1858,0.1858,0.3785
15.492,-3.2256,-1.1612,-0.0626,-1.0109,-0.1724,0.0000,0.1858,0.1858,0.3787
15.495,-3.2102,-1.1488,-0.0628,-1.0010,-0.1642,0.0000,0.3056,0.3056,0.3788
15.499,-3.2056,-1.1488,-0.0630,-0.9987,-0.1642,0.0000,0.3056,0.3056,0.3789
15.503,-3.2006,-1.1488,-0.0632,-0.9967,-0.1642,0.0000,0.3056,0.3056,0.3791
15.507,-3.1951,-1.1488,-0.0635,-0.9947,-0.1642,0.0000,0.3056,0.3056,0.3793
15.511,-3.1892,-1.1488,-0.0637,-0.9929,-0.1642,0.0000,0.3056,0.3056,0.3795
15.514,-3.1692,-1.1350,-0.0639,-0.9829,-0.1560,0.0000,0.4243,0.4243,0.3796
15.519,-3.1607,-1.1350,-0.0641,-0.9807,-0.1560,0.0000,0.4243,0.4243,0.3798
15.522,-3.1540,-1.1350,-0.0643,-0.9792,-0.1560,0.0000,0.4243,0.4243,0.3800
15.526,-3.1471,-1.1350,-0.0645,-0.9776,-0.1560,0.0000,0.4243,0.4243,0.3802
15.529,-3.1386,-1.1350,-0.0647,-0.9759,-0.1560,0.0000,0.4243,0.4243,0.3804
15.538,-3.1029,-1.1203,-0.0649,-0.9632,-0.1473,0.0000,0.5517,0.5517,0.3806
15.543,-3.0891,-1.1203,-0.0653,-0.9608,-0.1473,0.0000,0.5517,0.5517,0.3810
15.547,-3.0797,-1.1203,-0.0656,-0.9593,-0.1473,0.0000,0.5517,0.5517,0.3813
15.551,-3.0681,-1.1203,-0.0658,-0.9575,-0.1473,0.0000,0.5517,0.5517,0.3815
15.554,-3.0416,-1.1043,-0.0660,-0.9473,-0.1387,0.0000,0.6705,0.6705,0.3817
15.558,-3.0297,-1.1043,-0.0662,-0.9456,-0.1387,0.0000,0.6705,0.6705,0.3819
15.561,-3.0191,-1.1043,-0.0664,-0.9440,-0.1387,0.0000,0.6705,0.6705,0.3822
15.566,-3.0032,-1.1043,-0.0666,-0.9419,-0.1387,0.0000,0.6705,0.6705,0.3824
15.574,-2.9614,-1.0868,-0.0668,-0.9304,-0.1302,0.0000,0.7722,0.7722,0.3826
15.578,-2.9474,-1.0868,-0.0672,-0.9287,-0.1302,0.0000,0.7722,0.7722,0.3831
15.582,-2.9317,-1.0868,-0.0673,-0.9269,-0.1302,0.0000,0.7722,0.7722,0.3834
15.586,-2.9161,-1.0868,-0.0676,-0.9252,-0.1302,0.0000,0.7722,0.7722,0.3836
15.590,-2.9036,-1.0868,-0.0678,-0.9239,-0.1302,0.0000,0.7722,0.7722,0.3839
15.593,-2.8723,-1.0684,-0.0679,-0.9142,-0.1216,0.0000,0.8671,0.8671,0.3841
15.597,-2.8571,-1.0684,-0.0681,-0.9129,-0.1216,0.0000,0.8671,0.8671,0.3843
15.601,-2.8421,-1.0684,-0.0683,-0.9117,-0.1216,0.0000,0.8671,0.8671,0.3846
15.604,-2.8290,-1.0684,-0.0685,-0.9108,-0.1216,0.0000,0.8671,0.8671,0.3849
15.608,-2.8159,-1.0684,-0.0686,-0.9099,-0.1216,0.0000,0.8671,0.8671,0.3851
15.611,-2.8032,-1.0684,-0.0688,-0.9092,-0.1216,0.0000,0.8671,0.8671,0.3853
15.614,-2.7700,-1.0494,-0.0689,-0.8995,-0.1127,0.0000,0.9664,0.9664,0.3855
15.619,-2.7528,-1.0494,-0.0691,-0.8987,-0.1127,0.0000,0.9664,0.9664,0.3858
15.622,-2.7391,-1.0494,-0.0693,-0.8981,-0.1127,0.0000,0.9664,0.9664,0.3861
15.625,-2.7253,-1.0494,-0.0694,-0.8976,-0.1127,0.0000,0.9664,0.9664,0.3863
15.629,-2.7114,-1.0494,-0.0696,-0.8971,-0.1127,0.0000,0.9664,0.9664,0.3865
15.632,-2.6963,-1.0494,-0.0697,-0.8967,-0.1127,0.0000,0.9664,0.9664,0.3868
15.636,-2.6626,-1.0302,-0.0699,-0.8869,-0.1035,0.0000,1.0788,1.0788,0.3870
15.640,-2.6461,-1.0302,-0.0700,-0.8864,-0.1035,0.0000,1.0788,1.0788,0.3873
15.643,-2.6320,-1.0302,-0.0702,-0.8860,-0.1035,0.0000,1.0788,1.0788,0.3876
15.646,-2.6171,-1.0302,-0.0703,-0.8856,-0.1035,0.0000,1.0788,1.0788,0.3878
15.650,-2.6005,-1.0302,-0.0705,-0.8851,-0.1035,0.0000,1.0788,1.0788,0.3881
15.654,-2.5645,-1.0104,-0.0707,-0.8757,-0.0944,0.0000,1.1873,1.1873,0.3883
15.658,-2.5473,-1.0104,-0.0708,-0.8753,-0.0944,0.0000,1.1873,1.1873,0.3886
15.662,-2.5292,-1.0104,-0.0710,-0.8749,-0.0944,0.0000,1.1873,1.1873,0.3889
15.667,-2.5086,-1.0104,-0.0711,-0.8745,-0.0944,0.0000,1.1873,1.1873,0.3893
15.672,-2.4862,-1.0104,-0.0713,-0.8742,-0.0944,0.0000,1.1873,1.1873,0.3896
15.680,-2.4300,-0.9899,-0.0716,-0.8651,-0.0857,0.0000,1.2865,1.2865,0.3900
15.690,-2.3886,-0.9899,-0.0719,-0.8647,-0.0857,0.0000,1.2865,1.2865,0.3907
15.696,-2.3404,-0.9688,-0.0722,-0.8566,-0.0776,0.0000,1.3762,1.3762,0.3915
15.701,-2.3192,-0.9688,-0.0725,-0.8567,-0.0776,0.0000,1.3762,1.3762,0.3920
15.705,-2.3024,-0.9688,-0.0727,-0.8569,-0.0776,0.0000,1.3762,1.3762,0.3924
15.708,-2.2874,-0.9688,-0.0728,-0.8573,-0.0776,0.0000,1.3762,1.3762,0.3927
15.712,-2.2730,-0.9688,-0.0729,-0.8577,-0.0776,0.0000,1.3762,1.3762,0.3930
15.715,-2.2361,-0.9473,-0.0731,-0.8507,-0.0701,0.0000,1.4567,1.4567,0.3933
15.719,-2.2188,-0.9473,-0.0732,-0.8514,-0.0701,0.0000,1.4567,1.4567,0.3936
15.723,-2.2037,-0.9473,-0.0733,-0.8520,-0.0701,0.0000,1.4567,1.4567,0.3940
15.727,-2.1892,-0.9473,-0.0735,-0.8528,-0.0701,0.0000,1.4567,1.4567,0.3943
15.730,-2.1753,-0.9473,-0.0736,-0.8536,-0.0701,0.0000,1.4567,1.4567,0.3946
15.734,-2.1337,-0.9247,-0.0737,-0.8489,-0.0642,0.0000,1.4960,1.4960,0.3949
15.739,-2.1144,-0.9247,-0.0739,-0.8504,-0.0642,0.0000,1.4960,1.4960,0.3953
15.743,-2.0982,-0.9247,-0.0740,-0.8516,-0.0642,0.0000,1.4960,1.4960,0.3957
15.747,-2.0839,-0.9247,-0.0741,-0.8528,-0.0642,0.0000,1.4960,1.4960,0.3960
15.751,-2.0674,-0.9247,-0.0743,-0.8541,-0.0642,0.0000,1.4960,1.4960,0.3963
15.754,-2.0298,-0.9014,-0.0744,-0.8507,-0.0595,0.0000,1.5071,1.5071,0.3966
15.758,-2.0144,-0.9014,-0.0745,-0.8520,-0.0595,0.0000,1.5071,1.5071,0.3970
15.761,-2.0012,-0.9014,-0.0746,-0.8532,-0.0595,0.0000,1.5071,1.5071,0.3973
15.765,-1.9865,-0.9014,-0.0747,-0.8546,-0.0595,0.0000,1.5071,1.5071,0.3976
15.769,-1.9725,-0.9014,-0.0749,-0.8559,-0.0595,0.0000,1.5071,1.5071,0.3979
15.772,-1.9590,-0.9014,-0.0750,-0.8572,-0.0595,0.0000,1.5071,1.5071,0.3982
15.775,-1.9230,-0.8780,-0.0751,-0.8548,-0.0558,0.0000,1.5030,1.5030,0.3985
15.780,-1.9037,-0.8780,-0.0752,-0.8567,-0.0558,0.0000,1.5030,1.5030,0.3987
15.788,-1.8744,-0.8780,-0.0753,-0.8600,-0.0558,0.0000,1.5030,1.5030,0.3992
15.792,-1.8614,-0.8780,-0.0756,-0.8615,-0.0558,0.0000,1.5030,1.5030,0.3998
15.795,-1.8259,-0.8545,-0.0757,-0.8599,-0.0529,0.0000,1.4916,1.4916,0.4001
15.799,-1.8109,-0.8545,-0.0758,-0.8617,-0.0529,0.0000,1.4916,1.4916,0.4003
15.803,-1.7966,-0.8545,-0.0759,-0.8635,-0.0529,0.0000,1.4916,1.4916,0.4007
15.806,-1.7843,-0.8545,-0.0760,-0.8652,-0.0529,0.0000,1.4916,1.4916,0.4010
15.810,-1.7729,-0.8545,-0.0761,-0.8668,-0.0529,0.0000,1.4916,1.4916,0.4013
15.813,-1.7376,-0.8312,-0.0762,-0.8664,-0.0506,0.0000,1.4749,1.4749,0.4015
15.818,-1.7213,-0.8312,-0.0763,-0.8691,-0.0506,0.0000,1.4749,1.4749,0.4018
15.821,-1.7084,-0.8312,-0.0764,-0.8714,-0.0506,0.0000,1.4749,1.4749,0.4022
15.825,-1.6960,-0.8312,-0.0765,-0.8738,-0.0506,0.0000,1.4749,1.4749,0.4024
15.828,-1.6849,-0.8312,-0.0766,-0.8760,-0.0506,0.0000,1.4749,1.4749,0.4027
15.832,-1.6720,-0.8312,-0.0767,-0.8787,-0.0506,0.0000,1.4749,1.4749,0.4030
15.840,-1.6230,-0.8080,-0.0768,-0.8834,-0.0491,0.0000,1.4523,1.4523,0.4033
15.845,-1.6064,-0.8080,-0.0770,-0.8876,-0.0491,0.0000,1.4523,1.4523,0.4039
15.849,-1.5940,-0.8080,-0.0771,-0.8909,-0.0491,0.0000,1.4523,1.4523,0.4042
15.852,-1.5825,-0.8080,-0.0772,-0.8941,-0.0491,0.0000,1.4523,1.4523,0.4045
15.856,-1.5480,-0.7842,-0.0773,-0.8979,-0.0500,0.0000,1.3519,1.3519,0.4048
15.859,-1.5365,-0.7842,-0.0773,-0.9012,-0.0500,0.0000,1.3519,1.3519,0.4050
15.863,-1.5254,-0.7842,-0.0774,-0.9045,-0.0500,0.0000,1.3519,1.3519,0.4053
15.867,-1.5124,-0.7842,-0.0775,-0.9084,-0.0500,0.0000,1.3519,1.3519,0.4055
15.871,-1.5020,-0.7842,-0.0776,-0.9116,-0.0500,0.0000,1.3519,1.3519,0.4058
15.874,-1.4684,-0.7609,-0.0777,-0.9163,-0.0515,0.0000,1.2502,1.2502,0.4061
15.878,-1.4567,-0.7609,-0.0778,-0.9200,-0.0515,0.0000,1.2502,1.2502,0.4063
15.882,-1.4460,-0.7609,-0.0778,-0.9236,-0.0515,0.0000,1.2502,1.2502,0.4065
15.887,-1.4326,-0.7609,-0.0779,-0.9280,-0.0515,0.0000,1.2502,1.2502,0.4068
15.893,-1.3909,-0.7386,-0.0780,-0.9362,-0.0528,0.0000,1.2123,1.2123,0.4071
15.898,-1.3791,-0.7386,-0.0782,-0.9404,-0.0528,0.0000,1.2123,1.2123,0.4075
15.901,-1.3688,-0.7386,-0.0782,-0.9442,-0.0528,0.0000,1.2123,1.2123,0.4077
15.905,-1.3593,-0.7386,-0.0783,-0.9477,-0.0528,0.0000,1.2123,1.2123,0.4079
15.908,-1.3506,-0.7386,-0.0784,-0.9510,-0.0528,0.0000,1.2123,1.2123,0.4082
15.912,-1.3415,-0.7386,-0.0785,-0.9548,-0.0528,0.0000,1.2123,1.2123,0.4083
15.916,-1.3091,-0.7164,-0.0785,-0.9618,-0.0554,0.0000,1.1193,1.1193,0.4086
15.920,-1.2987,-0.7164,-0.0786,-0.9666,-0.0554,0.0000,1.1193,1.1193,0.4088
15.923,-1.2904,-0.7164,-0.0787,-0.9706,-0.0554,0.0000,1.1193,1.1193,0.4090
15.926,-1.2822,-0.7164,-0.0787,-0.9747,-0.0554,0.0000,1.1193,1.1193,0.4092
15.929,-1.2744,-0.7164,-0.0788,-0.9788,-0.0554,0.0000,1.1193,1.1193,0.4093
15.933,-1.2437,-0.6948,-0.0788,-0.9871,-0.0588,0.0000,1.0238,1.0238,0.4095
15.937,-1.2341,-0.6948,-0.0789,-0.9925,-0.0588,0.0000,1.0238,1.0238,0.4097
15.942,-1.2235,-0.6948,-0.0790,-0.9990,-0.0588,0.0000,1.0238,1.0238,0.4099
15.946,-1.2132,-0.6948,-0.0791,-1.0056,-0.0588,0.0000,1.0238,1.0238,0.4101
15.950,-1.2041,-0.6948,-0.0791,-1.0117,-0.0588,0.0000,1.0238,1.0238,0.4103
15.954,-1.1752,-0.6739,-0.0792,-1.0212,-0.0626,0.0000,0.9021,0.9021,0.4105
15.958,-1.1657,-0.6739,-0.0793,-1.0281,-0.0626,0.0000,0.9021,0.9021,0.4106
15.961,-1.1583,-0.6739,-0.0793,-1.0336,-0.0626,0.0000,0.9021,0.9021,0.4108
15.965,-1.1505,-0.6739,-0.0794,-1.0395,-0.0626,0.0000,0.9021,0.9021,0.4109
15.968,-1.1426,-0.6739,-0.0794,-1.0457,-0.0626,0.0000,0.9021,0.9021,0.4111
15.972,-1.1353,-0.6739,-0.0795,-1.0514,-0.0626,0.0000,0.9021,0.9021,0.4112
15.975,-1.0908,-0.6363,-0.0795,-1.0608,-0.0665,0.0000,0.7755,0.7755,0.4114
15.979,-1.0826,-0.6363,-0.0796,-1.0675,-0.0665,0.0000,0.7755,0.7755,0.4115
15.983,-1.0748,-0.6363,-0.0796,-1.0741,-0.0665,0.0000,0.7755,0.7755,0.4116
15.992,-1.0563,-0.6363,-0.0797,-1.0906,-0.0665,0.0000,0.7755,0.7755,0.4117
16.001,-0.9813,-0.5782,-0.0798,-1.1102,-0.0702,0.0000,0.6439,0.6439,0.4120
16.005,-0.9738,-0.5782,-0.0799,-1.1174,-0.0702,0.0000,0.6439,0.6439,0.4123
16.008,-0.9678,-0.5782,-0.0799,-1.1233,-0.0702,0.0000,0.6439,0.6439,0.4124
16.012,-0.9618,-0.5782,-0.0800,-1.1296,-0.0702,0.0000,0.6439,0.6439,0.4125
16.015,-0.8740,-0.4968,-0.0800,-1.1418,-0.0753,0.0000,0.5863,0.5863,0.4126
16.021,-0.8648,-0.4968,-0.0800,-1.1526,-0.0753,0.0000,0.5863,0.5863,0.4126
16.025,-0.8578,-0.4968,-0.0801,-1.1614,-0.0753,0.0000,0.5863,0.5863,0.4128
16.028,-0.8518,-0.4968,-0.0801,-1.1692,-0.0753,0.0000,0.5863,0.5863,0.4129
16.032,-0.8456,-0.4968,-0.0801,-1.1776,-0.0753,0.0000,0.5863,0.5863,0.4129
16.036,-0.7499,-0.4070,-0.0801,-1.1917,-0.0809,0.0000,0.5294,0.5294,0.4130
16.040,-0.7435,-0.4070,-0.0801,-1.2013,-0.0809,0.0000,0.5294,0.5294,0.4131
16.043,-0.7378,-0.4070,-0.0801,-1.2101,-0.0809,0.0000,0.5294,0.5294,0.4132
16.047,-0.7315,-0.4070,-0.0801,-1.2205,-0.0809,0.0000,0.5294,0.5294,0.4132
16.052,-0.7244,-0.4070,-0.0801,-1.2327,-0.0809,0.0000,0.5294,0.5294,0.4133
16.055,-0.6593,-0.3470,-0.0802,-1.2481,-0.0872,0.0000,0.4496,0.4496,0.4134
16.059,-0.6535,-0.3470,-0.0801,-1.2588,-0.0872,0.0000,0.4496,0.4496,0.4135
16.062,-0.6487,-0.3470,-0.0801,-1.2678,-0.0872,0.0000,0.4496,0.4496,0.4135
16.066,-0.6434,-0.3470,-0.0801,-1.2779,-0.0872,0.0000,0.4496,0.4496,0.4136
16.070,-0.6382,-0.3470,-0.0801,-1.2881,-0.0872,0.0000,0.4496,0.4496,0.4136
16.073,-0.6000,-0.3136,-0.0801,-1.3036,-0.0930,0.0000,0.3270,0.3270,0.4137
16.077,-0.5947,-0.3136,-0.0801,-1.3145,-0.0930,0.0000,0.3270,0.3270,0.4137
16.080,-0.5903,-0.3136,-0.0801,-1.3237,-0.0930,0.0000,0.3270,0.3270,0.4137
16.084,-0.5851,-0.3136,-0.0801,-1.3350,-0.0930,0.0000,0.3270,0.3270,0.4138
16.088,-0.5807,-0.3136,-0.0801,-1.3447,-0.0930,0.0000,0.3270,0.3270,0.4138
16.091,-0.5765,-0.3136,-0.0801,-1.3540,-0.0930,0.0000,0.3270,0.3270,0.4138
16.094,-0.5608,-0.3021,-0.0801,-1.3706,-0.1000,0.0000,0.2058,0.2058,0.4139
16.100,-0.5537,-0.3021,-0.0800,-1.3879,-0.1000,0.0000,0.2058,0.2058,0.4139
16.107,-0.5446,-0.3021,-0.0800,-1.4129,-0.1000,0.0000,0.2058,0.2058,0.4139
16.111,-0.5405,-0.3021,-0.0800,-1.4244,-0.1000,0.0000,0.2058,0.2058,0.4139
16.114,-0.5464,-0.3121,-0.0800,-1.4466,-0.1099,0.0000,0.1159,0.1159,0.4139
16.119,-0.5414,-0.3121,-0.0800,-1.4624,-0.1099,0.0000,0.1159,0.1159,0.4139
16.122,-0.5377,-0.3121,-0.0800,-1.4746,-0.1099,0.0000,0.1159,0.1159,0.4139
16.125,-0.5342,-0.3121,-0.0800,-1.4868,-0.1099,0.0000,0.1159,0.1159,0.4139
16.129,-0.5306,-0.3121,-0.0799,-1.4996,-0.1099,0.0000,0.1159,0.1159,0.4139
16.132,-0.5266,-0.3121,-0.0799,-1.5146,-0.1099,0.0000,0.1159,0.1159,0.4139
16.136,-0.5316,-0.3212,-0.0799,-1.5392,-0.1188,0.0000,0.0078,0.0078,0.4139
16.144,-0.5233,-0.3212,-0.0799,-1.5756,-0.1188,0.0000,0.0078,0.0078,0.4139
16.150,-0.5178,-0.3212,-0.0799,-1.6007,-0.1188,0.0000,0.0078,0.0078,0.4138
16.153,-0.5218,-0.3289,-0.0799,-1.6267,-0.1280,0.0000,-0.0980,-0.0980,0.4137
16.157,-0.5180,-0.3289,-0.0799,-1.6453,-0.1280,0.0000,-0.0980,-0.0980,0.4137
16.161,-0.5149,-0.3289,-0.0799,-1.6607,-0.1280,0.0000,-0.0980,-0.0980,0.4137
16.164,-0.5118,-0.3289,-0.0799,-1.6764,-0.1280,0.0000,-0.0980,-0.0980,0.4136
16.168,-0.5083,-0.3289,-0.0798,-1.6945,-0.1280,0.0000,-0.0980,-0.0980,0.4136
16.171,-0.5053,-0.3289,-0.0798,-1.7106,-0.1280,0.0000,-0.0980,-0.0980,0.4135
16.174,-0.5087,-0.3352,-0.0798,-1.7361,-0.1376,0.0000,-0.1987,-0.1987,0.4135
16.178,-0.5054,-0.3352,-0.0798,-1.7547,-0.1376,0.0000,-0.1987,-0.1987,0.4134
16.182,-0.5023,-0.3352,-0.0798,-1.7726,-0.1376,0.0000,-0.1987,-0.1987,0.4134
16.185,-0.4993,-0.3352,-0.0798,-1.7910,-0.1376,0.0000,-0.1987,-0.1987,0.4133
16.189,-0.4966,-0.3352,-0.0798,-1.8087,-0.1376,0.0000,-0.1987,-0.1987,0.4132
16.192,-0.4937,-0.3352,-0.0798,-1.8283,-0.1376,0.0000,-0.1987,-0.1987,0.4132
16.196,-0.4959,-0.3400,-0.0798,-1.8581,-0.1485,0.0000,-0.2823,-0.2823,0.4131
16.201,-0.4915,-0.3400,-0.0798,-1.8915,-0.1485,0.0000,-0.2823,-0.2823,0.4131
16.209,-0.4857,-0.3400,-0.0798,-1.9416,-0.1485,0.0000,-0.2823,-0.2823,0.4129
16.213,-0.4867,-0.3440,-0.0798,-1.9789,-0.1585,0.0000,-0.3743,-0.3743,0.4128
16.218,-0.4830,-0.3440,-0.0798,-2.0150,-0.1585,0.0000,-0.3743,-0.3743,0.4127
16.222,-0.4801,-0.3440,-0.0798,-2.0448,-0.1585,0.0000,-0.3743,-0.3743,0.4126
16.225,-0.4777,-0.3440,-0.0797,-2.0701,-0.1585,0.0000,-0.3743,-0.3743,0.4125
16.229,-0.4755,-0.3440,-0.0797,-2.0944,-0.1585,0.0000,-0.3743,-0.3743,0.4124
16.232,-0.4731,-0.3440,-0.0797,-2.1226,-0.1585,0.0000,-0.3743,-0.3743,0.4123
16.236,-0.4736,-0.3469,-0.0797,-2.1613,-0.1686,0.0000,-0.4614,-0.4614,0.4122
16.240,-0.4711,-0.3469,-0.0797,-2.1920,-0.1686,0.0000,-0.4614,-0.4614,0.4121
16.243,-0.4691,-0.3469,-0.0797,-2.2179,-0.1686,0.0000,-0.4614,-0.4614,0.4120
16.246,-0.4671,-0.3469,-0.0797,-2.2442,-0.1686,0.0000,-0.4614,-0.4614,0.4119
16.250,-0.4648,-0.3469,-0.0797,-2.2750,-0.1686,0.0000,-0.4614,-0.4614,0.4118
16.254,-0.4643,-0.3487,-0.0797,-2.3164,-0.1789,0.0000,-0.5417,-0.5417,0.4117
16.257,-0.4620,-0.3487,-0.0797,-2.3489,-0.1789,0.0000,-0.5417,-0.5417,0.4116
16.261,-0.4601,-0.3487,-0.0797,-2.3734,-0.1789,0.0000,-0.5417,-0.5417,0.4115
16.264,-0.4582,-0.3487,-0.0797,-2.3980,-0.1789,0.0000,-0.5417,-0.5417,0.4114
16.268,-0.4560,-0.3487,-0.0797,-2.4240,-0.1789,0.0000,-0.5417,-0.5417,0.4112
16.271,-0.4541,-0.3487,-0.0797,-2.4447,-0.1789,0.0000,-0.5417,-0.5417,0.4111
16.275,-0.4537,-0.3501,-0.0797,-2.4713,-0.1873,0.0000,-0.6358,-0.6358,0.4110
16.279,-0.4516,-0.3501,-0.0797,-2.4909,-0.1873,0.0000,-0.6358,-0.6358,0.4109
16.282,-0.4496,-0.3501,-0.0797,-2.5079,-0.1873,0.0000,-0.6358,-0.6358,0.4108
16.286,-0.4475,-0.3501,-0.0797,-2.5237,-0.1873,0.0000,-0.6358,-0.6358,0.4106
16.294,-0.4443,-0.3505,-0.0797,-2.5533,-0.1958,0.0000,-0.7235,-0.7235,0.4105
16.299,-0.4415,-0.3505,-0.0797,-2.5648,-0.1958,0.0000,-0.7235,-0.7235,0.4102
16.303,-0.4397,-0.3505,-0.0797,-2.5703,-0.1958,0.0000,-0.7235,-0.7235,0.4100
16.308,-0.4376,-0.3505,-0.0797,-2.5758,-0.1958,0.0000,-0.7235,-0.7235,0.4098
16.315,-0.4338,-0.3500,-0.0797,-2.5952,-0.2044,0.0000,-0.8025,-0.8025,0.4096
16.319,-0.4319,-0.3500,-0.0797,-2.6021,-0.2044,0.0000,-0.8025,-0.8025,0.4093
16.323,-0.4305,-0.3500,-0.0797,-2.6081,-0.2044,0.0000,-0.8025,-0.8025,0.4091
16.326,-0.4291,-0.3500,-0.0796,-2.6143,-0.2044,0.0000,-0.8025,-0.8025,0.4090
16.329,-0.4277,-0.3500,-0.0796,-2.6208,-0.2044,0.0000,-0.8025,-0.8025,0.4088
16.334,-0.4243,-0.3484,-0.0796,-2.6399,-0.2138,0.0000,-0.8647,-0.8647,0.4087
16.338,-0.4227,-0.3484,-0.0796,-2.6495,-0.2138,0.0000,-0.8647,-0.8647,0.4085
16.341,-0.4214,-0.3484,-0.0796,-2.6579,-0.2138,0.0000,-0.8647,-0.8647,0.4083
16.345,-0.4200,-0.3484,-0.0796,-2.6670,-0.2138,0.0000,-0.8647,-0.8647,0.4082
16.350,-0.4181,-0.3484,-0.0796,-2.6807,-0.2138,0.0000,-0.8647,-0.8647,0.4080
16.354,-0.4142,-0.3460,-0.0796,-2.7024,-0.2229,0.0000,-0.9210,-0.9210,0.4078
16.358,-0.4128,-0.3460,-0.0796,-2.7145,-0.2229,0.0000,-0.9210,-0.9210,0.4076
16.361,-0.4116,-0.3460,-0.0796,-2.7249,-0.2229,0.0000,-0.9210,-0.9210,0.4074
16.365,-0.4103,-0.3460,-0.0796,-2.7379,-0.2229,0.0000,-0.9210,-0.9210,0.4073
16.369,-0.4090,-0.3460,-0.0796,-2.7508,-0.2229,0.0000,-0.9210,-0.9210,0.4071
16.372,-0.4079,-0.3460,-0.0796,-2.7625,-0.2229,0.0000,-0.9210,-0.9210,0.4069
16.375,-0.4038,-0.3429,-0.0796,-2.7829,-0.2316,0.0000,-0.9691,-0.9691,0.4068
16.379,-0.4024,-0.3429,-0.0796,-2.7993,-0.2316,0.0000,-0.9691,-0.9691,0.4066
16.384,-0.4010,-0.3429,-0.0796,-2.8168,-0.2316,0.0000,-0.9691,-0.9691,0.4064
16.387,-0.3999,-0.3429,-0.0796,-2.8316,-0.2316,0.0000,-0.9691,-0.9691,0.4062
16.391,-0.3989,-0.3429,-0.0796,-2.8456,-0.2316,0.0000,-0.9691,-0.9691,0.4060
16.394,-0.3940,-0.3392,-0.0796,-2.8694,-0.2400,0.0000,-1.0088,-1.0088,0.4059
16.399,-0.3927,-0.3392,-0.0796,-2.8893,-0.2400,0.0000,-1.0088,-1.0088,0.4057
16.402,-0.3917,-0.3392,-0.0796,-2.9058,-0.2400,0.0000,-1.0088,-1.0088,0.4055
16.406,-0.3907,-0.3392,-0.0796,-2.9224,-0.2400,0.0000,-1.0088,-1.0088,0.4053
16.409,-0.3897,-0.3392,-0.0796,-2.9395,-0.2400,0.0000,-1.0088,-1.0088,0.4051
16.414,-0.3849,-0.3357,-0.0796,-2.9689,-0.2453,0.0000,-1.0699,-1.0699,0.4049
16.422,-0.3829,-0.3357,-0.0795,-3.0110,-0.2453,0.0000,-1.0699,-1.0699,0.4047
16.426,-0.3820,-0.3357,-0.0795,-3.0304,-0.2453,0.0000,-1.0699,-1.0699,0.4043
16.429,-0.3811,-0.3357,-0.0795,-3.0483,-0.2453,0.0000,-1.0699,-1.0699,0.4041
16.433,-0.3760,-0.3316,-0.0795,-3.0772,-0.2502,0.0000,-1.1226,-1.1226,0.4039
16.437,-0.3750,-0.3316,-0.0795,-3.1007,-0.2502,0.0000,-1.1226,-1.1226,0.4037
16.445,-0.3733,-0.3316,-0.0795,-3.1439,-0.2502,0.0000,-1.1226,-1.1226,0.4035
16.449,-0.3722,-0.3316,-0.0795,-3.1735,-0.2502,0.0000,-1.1226,-1.1226,0.4031
16.453,-0.3668,-0.3269,-0.0795,-3.1991,-0.2544,0.0000,-1.1679,-1.1679,0.4029
16.457,-0.3659,-0.3269,-0.0795,-3.2234,-0.2544,0.0000,-1.1679,-1.1679,0.4027
16.460,-0.3652,-0.3269,-0.0795,-3.2442,-0.2544,0.0000,-1.1679,-1.1679,0.4025
16.463,-0.3646,-0.3269,-0.0795,-3.2655,-0.2544,0.0000,-1.1679,-1.1679,0.4023
16.467,-0.3638,-0.3269,-0.0795,-3.2899,-0.2544,0.0000,-1.1679,-1.1679,0.4021
16.471,-0.3631,-0.3269,-0.0795,-3.3130,-0.2544,0.0000,-1.1679,-1.1679,0.4019
16.474,-0.3563,-0.3208,-0.0794,-3.3416,-0.2598,0.0000,-1.1744,-1.1744,0.4017
16.478,-0.3556,-0.3208,-0.0794,-3.3675,-0.2598,0.0000,-1.1744,-1.1744,0.4015
16.481,-0.3549,-0.3208,-0.0794,-3.3918,-0.2598,0.0000,-1.1744,-1.1744,0.4013
16.485,-0.3542,-0.3208,-0.0794,-3.4175,-0.2598,0.0000,-1.1744,-1.1744,0.4012
16.489,-0.3536,-0.3208,-0.0794,-3.4433,-0.2598,0.0000,-1.1744,-1.1744,0.4010
16.492,-0.3530,-0.3208,-0.0794,-3.4672,-0.2598,0.0000,-1.1744,-1.1744,0.4008
16.495,-0.3458,-0.3141,-0.0794,-3.4960,-0.2643,0.0000,-1.1709,-1.1709,0.4006
16.499,-0.3451,-0.3141,-0.0794,-3.5261,-0.2643,0.0000,-1.1709,-1.1709,0.4004
16.503,-0.3445,-0.3141,-0.0794,-3.5534,-0.2643,0.0000,-1.1709,-1.1709,0.4002
16.506,-0.3439,-0.3141,-0.0794,-3.5792,-0.2643,0.0000,-1.1709,-1.1709,0.4000
16.510,-0.3434,-0.3141,-0.0794,-3.6034,-0.2643,0.0000,-1.1709,-1.1709,0.3999
16.513,-0.3358,-0.3071,-0.0794,-3.6317,-0.2678,0.0000,-1.1562,-1.1562,0.3997
16.519,-0.3349,-0.3071,-0.0794,-3.6770,-0.2678,0.0000,-1.1562,-1.1562,0.3995
16.526,-0.3338,-0.3071,-0.0793,-3.7403,-0.2678,0.0000,-1.1562,-1.1562,0.3992
16.530,-0.3331,-0.3071,-0.0793,-3.7742,-0.2678,0.0000,-1.1562,-1.1562,0.3989
16.535,-0.3251,-0.2997,-0.0793,-3.8125,-0.2699,0.0000,-1.1336,-1.1336,0.3987
16.539,-0.3245,-0.2997,-0.0793,-3.8502,-0.2699,0.0000,-1.1336,-1.1336,0.3984
16.543,-0.3240,-0.2997,-0.0793,-3.8792,-0.2699,0.0000,-1.1336,-1.1336,0.3982
16.546,-0.3236,-0.2997,-0.0793,-3.9065,-0.2699,0.0000,-1.1336,-1.1336,0.3981
16.550,-0.3231,-0.2997,-0.0793,-3.9379,-0.2699,0.0000,-1.1336,-1.1336,0.3979
16.553,-0.2977,-0.2748,-0.0792,-3.9681,-0.2704,0.0000,-1.1032,-1.1032,0.3977
16.557,-0.2972,-0.2748,-0.0792,-4.0012,-0.2704,0.0000,-1.1032,-1.1032,0.3976
16.561,-0.2968,-0.2748,-0.0792,-4.0283,-0.2704,0.0000,-1.1032,-1.1032,0.3974
16.564,-0.2964,-0.2748,-0.0792,-4.0587,-0.2704,0.0000,-1.1032,-1.1032,0.3972
16.568,-0.2959,-0.2748,-0.0792,-4.0920,-0.2704,0.0000,-1.1032,-1.1032,0.3971
16.571,-0.2955,-0.2748,-0.0792,-4.1212,-0.2704,0.0000,-1.1032,-1.1032,0.3969
16.575,-0.2520,-0.2316,-0.0792,-4.1479,-0.2692,0.0000,-1.0654,-1.0654,0.3968
16.578,-0.2516,-0.2316,-0.0791,-4.1826,-0.2692,0.0000,-1.0654,-1.0654,0.3966
16.582,-0.2512,-0.2316,-0.0791,-4.2161,-0.2692,0.0000,-1.0654,-1.0654,0.3965
16.586,-0.2508,-0.2316,-0.0791,-4.2484,-0.2692,0.0000,-1.0654,-1.0654,0.3963
16.589,-0.2504,-0.2316,-0.0791,-4.2784,-0.2692,0.0000,-1.0654,-1.0654,0.3961
16.597,-0.1876,-0.1696,-0.0790,-4.3460,-0.2662,0.0000,-1.0205,-1.0205,0.3960
16.602,-0.1871,-0.1696,-0.0790,-4.3932,-0.2662,0.0000,-1.0205,-1.0205,0.3957
16.606,-0.1868,-0.1696,-0.0789,-4.4228,-0.2662,0.0000,-1.0205,-1.0205,0.3955
16.609,-0.1864,-0.1696,-0.0789,-4.4525,-0.2662,0.0000,-1.0205,-1.0205,0.3953
16.612,-0.1861,-0.1696,-0.0789,-4.4811,-0.2662,0.0000,-1.0205,-1.0205,0.3952
16.616,-0.1053,-0.0891,-0.0788,-4.5077,-0.2614,0.0000,-0.9720,-0.9720,0.3951
16.624,-0.1045,-0.0891,-0.0788,-4.5838,-0.2614,0.0000,-0.9720,-0.9720,0.3950
16.638,-0.0143,0.0000,-0.0787,-4.7006,-0.2550,0.0000,-0.9172,-0.9172,0.3947
16.644,-0.0138,0.0000,-0.0784,-4.7521,-0.2550,0.0000,-0.9172,-0.9172,0.3942
16.649,-0.0134,0.0000,-0.0783,-4.7986,-0.2550,0.0000,-0.9172,-0.9172,0.3940
16.654,0.0949,0.1080,-0.0783,-4.8266,-0.2473,0.0000,-0.8453,-0.8453,0.3938
16.658,0.0952,0.1080,-0.0782,-4.8609,-0.2473,0.0000,-0.8453,-0.8453,0.3937
16.661,0.0954,0.1080,-0.0781,-4.8882,-0.2473,0.0000,-0.8453,-0.8453,0.3936
16.665,0.0957,0.1080,-0.0780,-4.9165,-0.2473,0.0000,-0.8453,-0.8453,0.3935
16.668,0.0959,0.1080,-0.0779,-4.9461,-0.2473,0.0000,-0.8453,-0.8453,0.3934
16.672,0.0962,0.1080,-0.0778,-4.9737,-0.2473,0.0000,-0.8453,-0.8453,0.3933
16.675,0.2105,0.2221,-0.0778,-4.9919,-0.2384,0.0000,-0.7660,-0.7660,0.3932
16.679,0.2107,0.2221,-0.0777,-5.0227,-0.2384,0.0000,-0.7660,-0.7660,0.3931
16.683,0.2110,0.2221,-0.0776,-5.0504,-0.2384,0.0000,-0.7660,-0.7660,0.3930
16.686,0.2112,0.2221,-0.0775,-5.0771,-0.2384,0.0000,-0.7660,-0.7660,0.3930
16.690,0.2114,0.2221,-0.0774,-5.1016,-0.2384,0.0000,-0.7660,-0.7660,0.3929
16.693,0.3371,0.3476,-0.0773,-5.1150,-0.2283,0.0000,-0.6827,-0.6827,0.3928
16.697,0.3373,0.3476,-0.0772,-5.1423,-0.2283,0.0000,-0.6827,-0.6827,0.3927
16.701,0.3376,0.3476,-0.0770,-5.1701,-0.2283,0.0000,-0.6827,-0.6827,0.3927
16.705,0.3378,0.3476,-0.0769,-5.1975,-0.2283,0.0000,-0.6827,-0.6827,0.3926
16.708,0.3380,0.3476,-0.0768,-5.2213,-0.2283,0.0000,-0.6827,-0.6827,0.3925
16.711,0.3382,0.3476,-0.0767,-5.2423,-0.2283,0.0000,-0.6827,-0.6827,0.3924
16.716,0.4699,0.4791,-0.0766,-5.2583,-0.2174,0.0000,-0.5953,-0.5953,0.3924
16.720,0.4701,0.4791,-0.0764,-5.2858,-0.2174,0.0000,-0.5953,-0.5953,0.3923
16.725,0.4703,0.4791,-0.0762,-5.3155,-0.2174,0.0000,-0.5953,-0.5953,0.3922
16.733,0.6126,0.6209,-0.0760,-5.3511,-0.2059,0.0000,-0.5049,-0.5049,0.3922
16.737,0.6128,0.6209,-0.0757,-5.3727,-0.2059,0.0000,-0.5049,-0.5049,0.3921
16.741,0.6130,0.6209,-0.0755,-5.3906,-0.2059,0.0000,-0.5049,-0.5049,0.3920
16.750,0.6133,0.6209,-0.0753,-5.4325,-0.2059,0.0000,-0.5049,-0.5049,0.3920
16.755,0.7310,0.7383,-0.0749,-5.4440,-0.1951,0.0000,-0.4122,-0.4122,0.3919
16.759,0.7311,0.7383,-0.0747,-5.4602,-0.1951,0.0000,-0.4122,-0.4122,0.3919
16.762,0.7313,0.7383,-0.0745,-5.4741,-0.1951,0.0000,-0.4122,-0.4122,0.3919
16.766,0.7314,0.7383,-0.0743,-5.4887,-0.1951,0.0000,-0.4122,-0.4122,0.3919
16.770,0.7316,0.7383,-0.0741,-5.5002,-0.1951,0.0000,-0.4122,-0.4122,0.3918
16.773,0.8134,0.8200,-0.0739,-5.5014,-0.1860,0.0000,-0.3182,-0.3182,0.3918
16.777,0.8136,0.8200,-0.0738,-5.5124,-0.1860,0.0000,-0.3182,-0.3182,0.3918
16.781,0.8137,0.8200,-0.0736,-5.5227,-0.1860,0.0000,-0.3182,-0.3182,0.3918
16.784,0.8138,0.8200,-0.0734,-5.5319,-0.1860,0.0000,-0.3182,-0.3182,0.3918
16.788,0.8140,0.8200,-0.0732,-5.5393,-0.1860,0.0000,-0.3182,-0.3182,0.3918
16.791,0.8141,0.8200,-0.0730,-5.5455,-0.1860,0.0000,-0.3182,-0.3182,0.3918
16.795,0.8668,0.8727,-0.0728,-5.5443,-0.1785,0.0000,-0.2242,-0.2242,0.3918
16.800,0.8670,0.8727,-0.0726,-5.5511,-0.1785,0.0000,-0.2242,-0.2242,0.3918
16.803,0.8671,0.8727,-0.0723,-5.5552,-0.1785,0.0000,-0.2242,-0.2242,0.3919
16.807,0.8672,0.8727,-0.0721,-5.5582,-0.1785,0.0000,-0.2242,-0.2242,0.3919
16.811,0.8674,0.8727,-0.0719,-5.5604,-0.1785,0.0000,-0.2242,-0.2242,0.3919
16.815,0.8903,0.8955,-0.0717,-5.5557,-0.1726,0.0000,-0.1188,-0.1188,0.3919
16.820,0.8905,0.8955,-0.0715,-5.5552,-0.1726,0.0000,-0.1188,-0.1188,0.3920
16.824,0.8906,0.8955,-0.0713,-5.5537,-0.1726,0.0000,-0.1188,-0.1188,0.3920
16.828,0.8907,0.8955,-0.0710,-5.5507,-0.1726,0.0000,-0.1188,-0.1188,0.3920
16.835,0.8879,0.8925,-0.0708,-5.5383,-0.1687,0.0000,-0.0110,-0.0110,0.3921
16.845,0.8882,0.8925,-0.0704,-5.5190,-0.1687,0.0000,-0.0110,-0.0110,0.3922
16.851,0.8883,0.8925,-0.0699,-5.5066,-0.1687,0.0000,-0.0110,-0.0110,0.3923
16.856,0.8625,0.8666,-0.0696,-5.4913,-0.1668,0.0000,0.0952,0.0952,0.3924
16.861,0.8626,0.8666,-0.0694,-5.4751,-0.1668,0.0000,0.0952,0.0952,0.3925
16.867,0.8627,0.8666,-0.0691,-5.4561,-0.1668,0.0000,0.0952,0.0952,0.3926
16.871,0.8628,0.8666,-0.0688,-5.4380,-0.1668,0.0000,0.0952,0.0952,0.3927
16.876,0.8161,0.8197,-0.0686,-5.4184,-0.1669,0.0000,0.1997,0.1997,0.3928
16.882,0.8162,0.8197,-0.0684,-5.3904,-0.1669,0.0000,0.1997,0.1997,0.3929
16.888,0.8163,0.8197,-0.0681,-5.3636,-0.1669,0.0000,0.1997,0.1997,0.3931
16.894,0.7505,0.7538,-0.0678,-5.3344,-0.1689,0.0000,0.3031,0.3031,0.3932
16.906,0.7508,0.7538,-0.0676,-5.2568,-0.1689,0.0000,0.3031,0.3031,0.3934
16.914,0.6711,0.6740,-0.0670,-5.2121,-0.1726,0.0000,0.4035,0.4035,0.3938
16.922,0.6712,0.6740,-0.0667,-5.1562,-0.1726,0.0000,0.4035,0.4035,0.3940
16.927,0.6713,0.6740,-0.0664,-5.1172,-0.1726,0.0000,0.4035,0.4035,0.3943
16.933,0.5769,0.5795,-0.0662,-5.0785,-0.1779,0.0000,0.5002,0.5002,0.3944
16.939,0.5770,0.5795,-0.0660,-5.0274,-0.1779,0.0000,0.5002,0.5002,0.3947
16.947,0.5771,0.5795,-0.0658,-4.9674,-0.1779,0.0000,0.5002,0.5002,0.3949
16.959,0.4824,0.4846,-0.0656,-4.8851,-0.1843,0.0000,0.5932,0.5932,0.3952
16.967,0.4825,0.4846,-0.0652,-4.8398,-0.1843,0.0000,0.5932,0.5932,0.3957
16.973,0.3959,0.3980,-0.0650,-4.8189,-0.1909,0.0000,0.6907,0.6907,0.3960
16.979,0.3959,0.3980,-0.0649,-4.7970,-0.1909,0.0000,0.6907,0.6907,0.3963
16.984,0.3960,0.3980,-0.0648,-4.7789,-0.1909,0.0000,0.6907,0.6907,0.3965
16.989,0.3961,0.3980,-0.0646,-4.7675,-0.1909,0.0000,0.6907,0.6907,0.3968
16.993,0.3170,0.3189,-0.0645,-4.7667,-0.1980,0.0000,0.7846,0.7846,0.3970
16.997,0.3170,0.3189,-0.0645,-4.7605,-0.1980,0.0000,0.7846,0.7846,0.3972
17.002,0.3171,0.3189,-0.0644,-4.7526,-0.1980,0.0000,0.7846,0.7846,0.3974
17.007,0.3171,0.3189,-0.0643,-4.7453,-0.1980,0.0000,0.7846,0.7846,0.3977
17.010,0.3172,0.3189,-0.0642,-4.7387,-0.1980,0.0000,0.7846,0.7846,0.3979
17.015,0.2450,0.2467,-0.0642,-4.7391,-0.2061,0.0000,0.8638,0.8638,0.3981
17.020,0.2451,0.2467,-0.0641,-4.7291,-0.2061,0.0000,0.8638,0.8638,0.3983
17.024,0.2451,0.2467,-0.0640,-4.7219,-0.2061,0.0000,0.8638,0.8638,0.3985
17.027,0.2452,0.2467,-0.0640,-4.7145,-0.2061,0.0000,0.8638,0.8638,0.3987
17.031,0.2452,0.2467,-0.0639,-4.7065,-0.2061,0.0000,0.8638,0.8638,0.3989
17.035,0.1795,0.1810,-0.0639,-4.7060,-0.2147,0.0000,0.9349,0.9349,0.3991
17.041,0.1796,0.1810,-0.0638,-4.6945,-0.2147,0.0000,0.9349,0.9349,0.3994
17.045,0.1796,0.1810,-0.0638,-4.6846,-0.2147,0.0000,0.9349,0.9349,0.3996
17.055,0.1201,0.1214,-0.0637,-4.6697,-0.2233,0.0000,1.0092,1.0092,0.3999
17.065,0.1202,0.1214,-0.0636,-4.6469,-0.2233,0.0000,1.0092,1.0092,0.4005
17.069,0.1202,0.1214,-0.0636,-4.6379,-0.2233,0.0000,1.0092,1.0092,0.4010
17.073,0.0663,0.0675,-0.0635,-4.6386,-0.2322,0.0000,1.0781,1.0781,0.4012
17.077,0.0663,0.0675,-0.0635,-4.6293,-0.2322,0.0000,1.0781,1.0781,0.4014
17.080,0.0664,0.0675,-0.0635,-4.6219,-0.2322,0.0000,1.0781,1.0781,0.4017
17.084,0.0664,0.0675,-0.0635,-4.6135,-0.2322,0.0000,1.0781,1.0781,0.4019
17.087,0.0664,0.0675,-0.0635,-4.6060,-0.2322,0.0000,1.0781,1.0781,0.4021
17.090,0.0664,0.0675,-0.0634,-4.5988,-0.2322,0.0000,1.0781,1.0781,0.4023
17.093,0.0176,0.0186,-0.0634,-4.6003,-0.2412,0.0000,1.1381,1.1381,0.4025
17.098,0.0176,0.0186,-0.0634,-4.5910,-0.2412,0.0000,1.1381,1.1381,0.4027
17.101,0.0177,0.0186,-0.0634,-4.5829,-0.2412,0.0000,1.1381,1.1381,0.4029
17.105,0.0177,0.0186,-0.0634,-4.5757,-0.2412,0.0000,1.1381,1.1381,0.4032
17.108,0.0177,0.0186,-0.0634,-4.5686,-0.2412,0.0000,1.1381,1.1381,0.4034
17.111,0.0177,0.0186,-0.0634,-4.5619,-0.2412,0.0000,1.1381,1.1381,0.4036
17.115,-0.0263,-0.0254,-0.0634,-4.5636,-0.2503,0.0000,1.1910,1.1910,0.4038
17.119,-0.0263,-0.0254,-0.0634,-4.5547,-0.2503,0.0000,1.1910,1.1910,0.4040
17.122,-0.0263,-0.0254,-0.0634,-4.5478,-0.2503,0.0000,1.1910,1.1910,0.4042
17.126,-0.0263,-0.0254,-0.0634,-4.5409,-0.2503,0.0000,1.1910,1.1910,0.4044
17.129,-0.0263,-0.0254,-0.0634,-4.5342,-0.2503,0.0000,1.1910,1.1910,0.4047
17.134,-0.0659,-0.0651,-0.0634,-4.5338,-0.2592,0.0000,1.2354,1.2354,0.4049
17.139,-0.0659,-0.0651,-0.0634,-4.5254,-0.2592,0.0000,1.2354,1.2354,0.4052
17.142,-0.0659,-0.0651,-0.0634,-4.5191,-0.2592,0.0000,1.2354,1.2354,0.4055
17.145,-0.0659,-0.0651,-0.0634,-4.5132,-0.2592,0.0000,1.2354,1.2354,0.4057
17.149,-0.0659,-0.0651,-0.0634,-4.5069,-0.2592,0.0000,1.2354,1.2354,0.4059
17.153,-0.1015,-0.1008,-0.0634,-4.5094,-0.2680,0.0000,1.2704,1.2704,0.4061
17.157,-0.1015,-0.1008,-0.0634,-4.5026,-0.2680,0.0000,1.2704,1.2704,0.4063
17.160,-0.1015,-0.1008,-0.0635,-4.4974,-0.2680,0.0000,1.2704,1.2704,0.4066
17.164,-0.1015,-0.1008,-0.0635,-4.4904,-0.2680,0.0000,1.2704,1.2704,0.4068
17.172,-0.1015,-0.1008,-0.0635,-4.4793,-0.2680,0.0000,1.2704,1.2704,0.4071
17.175,-0.1334,-0.1328,-0.0635,-4.4829,-0.2765,0.0000,1.2963,1.2963,0.4076
17.179,-0.1334,-0.1328,-0.0635,-4.4777,-0.2765,0.0000,1.2963,1.2963,0.4078
17.183,-0.1334,-0.1328,-0.0635,-4.4731,-0.2765,0.0000,1.2963,1.2963,0.4080
17.186,-0.1334,-0.1328,-0.0636,-4.4688,-0.2765,0.0000,1.2963,1.2963,0.4083
17.190,-0.1334,-0.1328,-0.0636,-4.4649,-0.2765,0.0000,1.2963,1.2963,0.4085
17.193,-0.1618,-0.1612,-0.0636,-4.4692,-0.2844,0.0000,1.3266,1.3266,0.4087
17.197,-0.1618,-0.1612,-0.0636,-4.4649,-0.2844,0.0000,1.3266,1.3266,0.4089
17.204,-0.1618,-0.1612,-0.0637,-4.4578,-0.2844,0.0000,1.3266,1.3266,0.4091
17.210,-0.1617,-0.1612,-0.0637,-4.4532,-0.2844,0.0000,1.3266,1.3266,0.4096
17.213,-0.1870,-0.1865,-0.0637,-4.4578,-0.2918,0.0000,1.3509,1.3509,0.4100
17.218,-0.1870,-0.1865,-0.0638,-4.4547,-0.2918,0.0000,1.3509,1.3509,0.4102
17.221,-0.1870,-0.1865,-0.0638,-4.4523,-0.2918,0.0000,1.3509,1.3509,0.4105
17.224,-0.1869,-0.1865,-0.0638,-4.4503,-0.2918,0.0000,1.3509,1.3509,0.4107
17.228,-0.1869,-0.1865,-0.0638,-4.4486,-0.2918,0.0000,1.3509,1.3509,0.4109
17.231,-0.1869,-0.1865,-0.0639,-4.4469,-0.2918,0.0000,1.3509,1.3509,0.4111
17.235,-0.2091,-0.2087,-0.0639,-4.4521,-0.2985,0.0000,1.3780,1.3780,0.4113
17.239,-0.2091,-0.2087,-0.0639,-4.4508,-0.2985,0.0000,1.3780,1.3780,0.4116
17.242,-0.2091,-0.2087,-0.0640,-4.4499,-0.2985,0.0000,1.3780,1.3780,0.4118
17.246,-0.2091,-0.2087,-0.0640,-4.4492,-0.2985,0.0000,1.3780,1.3780,0.4120
17.249,-0.2091,-0.2087,-0.0640,-4.4486,-0.2985,0.0000,1.3780,1.3780,0.4122
17.253,-0.2287,-0.2283,-0.0641,-4.4544,-0.3046,0.0000,1.3981,1.3981,0.4125
17.257,-0.2287,-0.2283,-0.0641,-4.4544,-0.3046,0.0000,1.3981,1.3981,0.4127
17.260,-0.2286,-0.2283,-0.0641,-4.4546,-0.3046,0.0000,1.3981,1.3981,0.4129
17.263,-0.2286,-0.2283,-0.0642,-4.4550,-0.3046,0.0000,1.3981,1.3981,0.4131
17.269,-0.2286,-0.2283,-0.0642,-4.4562,-0.3046,0.0000,1.3981,1.3981,0.4133
17.276,-0.2472,-0.2469,-0.0642,-4.4647,-0.3105,0.0000,1.3157,1.3157,0.4137
17.280,-0.2472,-0.2469,-0.0643,-4.4666,-0.3105,0.0000,1.3157,1.3157,0.4141
17.284,-0.2472,-0.2469,-0.0643,-4.4688,-0.3105,0.0000,1.3157,1.3157,0.4143
17.288,-0.2472,-0.2469,-0.0644,-4.4709,-0.3105,0.0000,1.3157,1.3157,0.4146
17.291,-0.2472,-0.2469,-0.0644,-4.4735,-0.3105,0.0000,1.3157,1.3157,0.4148
17.295,-0.2634,-0.2631,-0.0645,-4.4806,-0.3151,0.0000,1.2385,1.2385,0.4150
17.300,-0.2634,-0.2631,-0.0645,-4.4848,-0.3151,0.0000,1.2385,1.2385,0.4152
17.303,-0.2633,-0.2631,-0.0646,-4.4882,-0.3151,0.0000,1.2385,1.2385,0.4154
17.307,-0.2633,-0.2631,-0.0646,-4.4916,-0.3151,0.0000,1.2385,1.2385,0.4156
17.310,-0.2633,-0.2631,-0.0646,-4.4951,-0.3151,0.0000,1.2385,1.2385,0.4158
17.314,-0.2774,-0.2771,-0.0647,-4.5028,-0.3186,0.0000,1.1577,1.1577,0.4160
17.319,-0.2774,-0.2771,-0.0647,-4.5091,-0.3186,0.0000,1.1577,1.1577,0.4161
17.322,-0.2774,-0.2771,-0.0648,-4.5135,-0.3186,0.0000,1.1577,1.1577,0.4164
17.325,-0.2774,-0.2771,-0.0648,-4.5182,-0.3186,0.0000,1.1577,1.1577,0.4165
17.329,-0.2774,-0.2771,-0.0648,-4.5230,-0.3186,0.0000,1.1577,1.1577,0.4167
17.332,-0.2774,-0.2771,-0.0649,-4.5288,-0.3186,0.0000,1.1577,1.1577,0.4168
17.336,-0.2897,-0.2895,-0.0649,-4.5372,-0.3214,0.0000,1.0551,1.0551,0.4170
17.340,-0.2897,-0.2895,-0.0650,-4.5437,-0.3214,0.0000,1.0551,1.0551,0.4172
17.343,-0.2897,-0.2895,-0.0650,-4.5495,-0.3214,0.0000,1.0551,1.0551,0.4173
17.346,-0.2897,-0.2895,-0.0650,-4.5559,-0.3214,0.0000,1.0551,1.0551,0.4175
17.350,-0.2897,-0.2895,-0.0651,-4.5639,-0.3214,0.0000,1.0551,1.0551,0.4176
17.358,-0.3011,-0.3009,-0.0651,-4.5828,-0.3245,0.0000,0.8896,0.8896,0.4178
17.363,-0.3011,-0.3009,-0.0652,-4.5946,-0.3245,0.0000,0.8896,0.8896,0.4180
17.367,-0.3011,-0.3009,-0.0653,-4.6031,-0.3245,0.0000,0.8896,0.8896,0.4182
17.371,-0.3011,-0.3009,-0.0653,-4.6143,-0.3245,0.0000,0.8896,0.8896,0.4183
17.379,-0.3093,-0.3092,-0.0654,-4.6348,-0.3248,0.0000,0.8201,0.8201,0.4184
17.384,-0.3093,-0.3092,-0.0655,-4.6487,-0.3248,0.0000,0.8201,0.8201,0.4187
17.387,-0.3093,-0.3092,-0.0655,-4.6586,-0.3248,0.0000,0.8201,0.8201,0.4188
17.391,-0.3093,-0.3092,-0.0656,-4.6680,-0.3248,0.0000,0.8201,0.8201,0.4189
17.395,-0.3158,-0.3156,-0.0656,-4.6795,-0.3242,0.0000,0.7709,0.7709,0.4190
17.399,-0.3158,-0.3156,-0.0656,-4.6936,-0.3242,0.0000,0.7709,0.7709,0.4191
17.403,-0.3158,-0.3156,-0.0657,-4.7054,-0.3242,0.0000,0.7709,0.7709,0.4192
17.406,-0.3158,-0.3156,-0.0657,-4.7168,-0.3242,0.0000,0.7709,0.7709,0.4193
17.410,-0.3158,-0.3156,-0.0658,-4.7284,-0.3242,0.0000,0.7709,0.7709,0.4194
17.413,-0.3209,-0.3207,-0.0658,-4.7386,-0.3231,0.0000,0.7242,0.7242,0.4195
17.418,-0.3209,-0.3207,-0.0659,-4.7544,-0.3231,0.0000,0.7242,0.7242,0.4195
17.421,-0.3209,-0.3207,-0.0659,-4.7666,-0.3231,0.0000,0.7242,0.7242,0.4196
17.424,-0.3209,-0.3207,-0.0660,-4.7798,-0.3231,0.0000,0.7242,0.7242,0.4197
17.428,-0.3209,-0.3207,-0.0660,-4.7940,-0.3231,0.0000,0.7242,0.7242,0.4198
17.432,-0.3209,-0.3207,-0.0661,-4.8081,-0.3231,0.0000,0.7242,0.7242,0.4199
17.435,-0.3236,-0.3235,-0.0661,-4.8189,-0.3198,0.0000,0.7463,0.7463,0.4200
17.439,-0.3236,-0.3235,-0.0661,-4.8355,-0.3198,0.0000,0.7463,0.7463,0.4200
17.443,-0.3236,-0.3235,-0.0662,-4.8506,-0.3198,0.0000,0.7463,0.7463,0.4201
17.447,-0.3236,-0.3235,-0.0662,-4.8674,-0.3198,0.0000,0.7463,0.7463,0.4202
17.451,-0.3236,-0.3235,-0.0663,-4.8857,-0.3198,0.0000,0.7463,0.7463,0.4203
17.455,-0.3296,-0.3295,-0.0663,-4.9052,-0.3225,0.0000,0.5192,0.5192,0.4204
17.459,-0.3296,-0.3295,-0.0664,-4.9248,-0.3225,0.0000,0.5192,0.5192,0.4204
17.463,-0.3296,-0.3295,-0.0664,-4.9438,-0.3225,0.0000,0.5192,0.5192,0.4205
17.467,-0.3296,-0.3295,-0.0665,-4.9644,-0.3225,0.0000,0.5192,0.5192,0.4205
17.470,-0.3296,-0.3295,-0.0665,-4.9810,-0.3225,0.0000,0.5192,0.5192,0.4206
17.475,-0.3292,-0.3291,-0.0666,-4.9980,-0.3163,0.0000,0.5870,0.5870,0.4206
17.483,-0.3292,-0.3291,-0.0666,-5.0404,-0.3163,0.0000,0.5870,0.5870,0.4207
17.486,-0.3292,-0.3291,-0.0667,-5.0601,-0.3163,0.0000,0.5870,0.5870,0.4208
17.490,-0.3292,-0.3291,-0.0667,-5.0782,-0.3163,0.0000,0.5870,0.5870,0.4209
17.493,-0.3280,-0.3279,-0.0668,-5.0895,-0.3096,0.0000,0.6466,0.6466,0.4209
17.497,-0.3279,-0.3279,-0.0668,-5.1115,-0.3096,0.0000,0.6466,0.6466,0.4210
17.501,-0.3279,-0.3279,-0.0669,-5.1346,-0.3096,0.0000,0.6466,0.6466,0.4210
17.508,-0.3279,-0.3279,-0.0669,-5.1823,-0.3096,0.0000,0.6466,0.6466,0.4211
17.513,-0.3262,-0.3261,-0.0670,-5.2031,-0.3025,0.0000,0.6930,0.6930,0.4212
17.518,-0.3262,-0.3261,-0.0670,-5.2384,-0.3025,0.0000,0.6930,0.6930,0.4213
17.522,-0.3262,-0.3261,-0.0671,-5.2662,-0.3025,0.0000,0.6930,0.6930,0.4214
17.526,-0.3262,-0.3261,-0.0672,-5.2887,-0.3025,0.0000,0.6930,0.6930,0.4215
17.529,-0.3262,-0.3261,-0.0672,-5.3124,-0.3025,0.0000,0.6930,0.6930,0.4216
17.533,-0.3257,-0.3256,-0.0672,-5.3348,-0.2982,0.0000,0.6445,0.6445,0.4216
17.537,-0.3257,-0.3256,-0.0673,-5.3626,-0.2982,0.0000,0.6445,0.6445,0.4217
17.540,-0.3257,-0.3256,-0.0673,-5.3858,-0.2982,0.0000,0.6445,0.6445,0.4218
17.544,-0.3257,-0.3256,-0.0674,-5.4115,-0.2982,0.0000,0.6445,0.6445,0.4218
17.548,-0.3257,-0.3256,-0.0674,-5.4375,-0.2982,0.0000,0.6445,0.6445,0.4219
17.552,-0.3257,-0.3256,-0.0674,-5.4688,-0.2982,0.0000,0.6445,0.6445,0.4219
17.555,-0.3028,-0.3027,-0.0675,-5.4912,-0.2928,0.0000,0.5914,0.5914,0.4220
17.559,-0.3028,-0.3027,-0.0675,-5.5211,-0.2928,0.0000,0.5914,0.5914,0.4220
17.563,-0.3028,-0.3027,-0.0675,-5.5482,-0.2928,0.0000,0.5914,0.5914,0.4221
17.567,-0.3028,-0.3027,-0.0676,-5.5810,-0.2928,0.0000,0.5914,0.5914,0.4221
17.571,-0.3028,-0.3027,-0.0676,-5.6136,-0.2928,0.0000,0.5914,0.5914,0.4222
17.576,-0.2580,-0.2579,-0.0677,-5.6467,-0.2865,0.0000,0.5333,0.5333,0.4222
17.583,-0.2580,-0.2579,-0.0677,-5.7143,-0.2865,0.0000,0.5333,0.5333,0.4223
17.587,-0.2580,-0.2579,-0.0677,-5.7452,-0.2865,0.0000,0.5333,0.5333,0.4224
17.590,-0.2580,-0.2579,-0.0678,-5.7742,-0.2865,0.0000,0.5333,0.5333,0.4224
17.593,-0.1952,-0.1951,-0.0678,-5.7944,-0.2779,0.0000,0.4964,0.4964,0.4224
17.599,-0.1952,-0.1951,-0.0678,-5.8444,-0.2779,0.0000,0.4964,0.4964,0.4225
17.603,-0.1952,-0.1951,-0.0678,-5.8804,-0.2779,0.0000,0.4964,0.4964,0.4225
17.606,-0.1952,-0.1951,-0.0678,-5.9120,-0.2779,0.0000,0.4964,0.4964,0.4225
17.609,-0.1952,-0.1951,-0.0679,-5.9429,-0.2779,0.0000,0.4964,0.4964,0.4226
17.613,-0.1188,-0.1188,-0.0679,-5.9676,-0.2673,0.0000,0.4730,0.4730,0.4226
17.618,-0.1188,-0.1188,-0.0679,-6.0146,-0.2673,0.0000,0.4730,0.4730,0.4226
17.621,-0.1188,-0.1188,-0.0679,-6.0480,-0.2673,0.0000,0.4730,0.4730,0.4227
17.624,-0.1188,-0.1188,-0.0679,-6.0809,-0.2673,0.0000,0.4730,0.4730,0.4227
17.628,-0.1188,-0.1188,-0.0679,-6.1158,-0.2673,0.0000,0.4730,0.4730,0.4227
17.631,-0.1188,-0.1188,-0.0679,-6.1516,-0.2673,0.0000,0.4730,0.4730,0.4227
17.635,-0.0288,-0.0288,-0.0679,-6.1813,-0.2559,0.0000,0.4459,0.4459,0.4227
17.640,-0.0288,-0.0288,-0.0678,-6.2301,-0.2559,0.0000,0.4459,0.4459,0.4228
17.644,-0.0288,-0.0288,-0.0678,-6.2739,-0.2559,0.0000,0.4459,0.4459,0.4228
17.647,-0.0288,-0.0288,-0.0678,-6.3118,-0.2559,0.0000,0.4459,0.4459,0.4228
17.651,-0.0288,-0.0288,-0.0678,-6.3578,-0.2559,0.0000,0.4459,0.4459,0.4228
17.659,0.0777,0.0777,-0.0677,-6.4283,-0.2361,0.0000,0.5107,0.5107,0.4228
17.665,0.0777,0.0777,-0.0677,-6.4964,-0.2361,0.0000,0.5107,0.5107,0.4229
17.669,0.0777,0.0777,-0.0676,-6.5421,-0.2361,0.0000,0.5107,0.5107,0.4230
17.672,0.0777,0.0777,-0.0676,-6.5836,-0.2361,0.0000,0.5107,0.5107,0.4230
17.676,0.1468,0.1469,-0.0675,-6.6238,-0.2248,0.0000,0.4794,0.4794,0.4230
17.681,0.1468,0.1469,-0.0675,-6.6786,-0.2248,0.0000,0.4794,0.4794,0.4231
17.686,0.1468,0.1469,-0.0674,-6.7418,-0.2248,0.0000,0.4794,0.4794,0.4231
17.693,0.1906,0.1906,-0.0674,-6.8224,-0.2141,0.0000,0.4439,0.4439,0.4231
17.697,0.1906,0.1906,-0.0673,-6.8757,-0.2141,0.0000,0.4439,0.4439,0.4231
17.701,0.1906,0.1906,-0.0672,-6.9251,-0.2141,0.0000,0.4439,0.4439,0.4232
17.704,0.1906,0.1906,-0.0672,-6.9686,-0.2141,0.0000,0.4439,0.4439,0.4232
17.708,0.1906,0.1906,-0.0671,-7.0139,-0.2141,0.0000,0.4439,0.4439,0.4232
17.711,0.1906,0.1906,-0.0671,-7.0595,-0.2141,0.0000,0.4439,0.4439,0.4232
17.715,0.2107,0.2107,-0.0670,-7.1039,-0.2131,0.0000,0.3093,0.3093,0.4232
17.719,0.2107,0.2107,-0.0669,-7.1554,-0.2131,0.0000,0.3093,0.3093,0.4232
17.723,0.2107,0.2107,-0.0669,-7.1980,-0.2131,0.0000,0.3093,0.3093,0.4232
17.727,0.2107,0.2107,-0.0668,-7.2374,-0.2131,0.0000,0.3093,0.3093,0.4232
17.730,0.2107,0.2107,-0.0668,-7.2729,-0.2131,0.0000,0.3093,0.3093,0.4232
17.734,0.2064,0.2065,-0.0667,-7.3026,-0.2035,0.0000,0.2728,0.2728,0.4232
17.738,0.2064,0.2065,-0.0666,-7.3398,-0.2035,0.0000,0.2728,0.2728,0.4232
17.742,0.2064,0.2065,-0.0666,-7.3659,-0.2035,0.0000,0.2728,0.2728,0.4232
17.745,0.2064,0.2065,-0.0665,-7.3886,-0.2035,0.0000,0.2728,0.2728,0.4232
17.748,0.2064,0.2065,-0.0665,-7.4106,-0.2035,0.0000,0.2728,0.2728,0.4231
17.752,0.2064,0.2065,-0.0664,-7.4299,-0.2035,0.0000,0.2728,0.2728,0.4231
17.756,0.1811,0.1811,-0.0664,-7.4416,-0.1979,0.0000,0.1999,0.1999,0.4231
17.760,0.1811,0.1811,-0.0663,-7.4565,-0.1979,0.0000,0.1999,0.1999,0.4231
17.763,0.1811,0.1811,-0.0663,-7.4667,-0.1979,0.0000,0.1999,0.1999,0.4231
17.767,0.1811,0.1811,-0.0662,-7.4756,-0.1979,0.0000,0.1999,0.1999,0.4230
17.770,0.1811,0.1811,-0.0662,-7.4819,-0.1979,0.0000,0.1999,0.1999,0.4230
17.774,0.1318,0.1318,-0.0661,-7.4941,-0.2061,0.0000,-0.0253,-0.0253,0.4230
17.778,0.1318,0.1318,-0.0661,-7.4957,-0.2061,0.0000,-0.0253,-0.0253,0.4229
17.782,0.1318,0.1318,-0.0661,-7.4949,-0.2061,0.0000,-0.0253,-0.0253,0.4228
17.787,0.1318,0.1318,-0.0660,-7.4907,-0.2061,0.0000,-0.0253,-0.0253,0.4228
17.794,0.0876,0.0876,-0.0660,-7.4715,-0.2003,0.0000,-0.0907,-0.0907,0.4227
17.798,0.0876,0.0876,-0.0659,-7.4607,-0.2003,0.0000,-0.0907,-0.0907,0.4225
17.802,0.0876,0.0876,-0.0659,-7.4490,-0.2003,0.0000,-0.0907,-0.0907,0.4225
17.809,0.0876,0.0876,-0.0658,-7.4224,-0.2003,0.0000,-0.0907,-0.0907,0.4224
17.815,0.0474,0.0474,-0.0658,-7.3909,-0.1940,0.0000,-0.1451,-0.1451,0.4222
17.820,0.0474,0.0474,-0.0658,-7.3662,-0.1940,0.0000,-0.1451,-0.1451,0.4221
17.824,0.0474,0.0474,-0.0657,-7.3489,-0.1940,0.0000,-0.1451,-0.1451,0.4220
17.827,0.0474,0.0474,-0.0657,-7.3312,-0.1940,0.0000,-0.1451,-0.1451,0.4219
17.830,0.0474,0.0474,-0.0657,-7.3128,-0.1940,0.0000,-0.1451,-0.1451,0.4218
17.834,0.0107,0.0107,-0.0657,-7.2827,-0.1886,0.0000,-0.2053,-0.2053,0.4217
17.838,0.0107,0.0107,-0.0657,-7.2577,-0.1886,0.0000,-0.2053,-0.2053,0.4216
17.842,0.0107,0.0107,-0.0657,-7.2363,-0.1886,0.0000,-0.2053,-0.2053,0.4215
17.845,0.0107,0.0107,-0.0657,-7.2145,-0.1886,0.0000,-0.2053,-0.2053,0.4214
17.849,0.0107,0.0107,-0.0657,-7.1876,-0.1886,0.0000,-0.2053,-0.2053,0.4214
17.853,-0.0224,-0.0224,-0.0656,-7.1527,-0.1828,0.0000,-0.2519,-0.2519,0.4213
17.857,-0.0224,-0.0224,-0.0656,-7.1237,-0.1828,0.0000,-0.2519,-0.2519,0.4211
17.860,-0.0224,-0.0224,-0.0656,-7.0996,-0.1828,0.0000,-0.2519,-0.2519,0.4210
17.863,-0.0224,-0.0224,-0.0656,-7.0752,-0.1828,0.0000,-0.2519,-0.2519,0.4209
17.867,-0.0224,-0.0224,-0.0656,-7.0433,-0.1828,0.0000,-0.2519,-0.2519,0.4209
17.871,-0.0224,-0.0224,-0.0656,-7.0114,-0.1828,0.0000,-0.2519,-0.2519,0.4208
17.875,-0.0512,-0.0512,-0.0656,-6.9731,-0.1744,0.0000,-0.2467,-0.2467,0.4206
17.879,-0.0512,-0.0512,-0.0656,-6.9417,-0.1744,0.0000,-0.2467,-0.2467,0.4205
17.882,-0.0512,-0.0512,-0.0656,-6.9081,-0.1744,0.0000,-0.2467,-0.2467,0.4204
17.887,-0.0512,-0.0512,-0.0656,-6.8707,-0.1744,0.0000,-0.2467,-0.2467,0.4203
17.893,-0.0773,-0.0773,-0.0655,-6.8124,-0.1673,0.0000,-0.2470,-0.2470,0.4202
17.902,-0.0773,-0.0773,-0.0655,-6.7240,-0.1673,0.0000,-0.2470,-0.2470,0.4201
17.906,-0.0773,-0.0773,-0.0656,-6.6861,-0.1673,0.0000,-0.2470,-0.2470,0.4198
17.910,-0.0773,-0.0773,-0.0656,-6.6526,-0.1673,0.0000,-0.2470,-0.2470,0.4197
17.914,-0.1008,-0.1008,-0.0656,-6.6111,-0.1613,0.0000,-0.2519,-0.2519,0.4196
17.918,-0.1008,-0.1008,-0.0656,-6.5709,-0.1613,0.0000,-0.2519,-0.2519,0.4195
17.922,-0.1008,-0.1008,-0.0656,-6.5372,-0.1613,0.0000,-0.2519,-0.2519,0.4194
17.926,-0.1008,-0.1008,-0.0656,-6.5023,-0.1613,0.0000,-0.2519,-0.2519,0.4193
17.930,-0.1008,-0.1008,-0.0656,-6.4624,-0.1613,0.0000,-0.2519,-0.2519,0.4192
17.935,-0.1221,-0.1221,-0.0656,-6.4064,-0.1562,0.0000,-0.2615,-0.2615,0.4191
17.940,-0.1221,-0.1221,-0.0656,-6.3666,-0.1562,0.0000,-0.2615,-0.2615,0.4190
17.943,-0.1221,-0.1221,-0.0656,-6.3332,-0.1562,0.0000,-0.2615,-0.2615,0.4188
17.947,-0.1221,-0.1221,-0.0656,-6.2997,-0.1562,0.0000,-0.2615,-0.2615,0.4188
17.950,-0.1221,-0.1221,-0.0656,-6.2648,-0.1562,0.0000,-0.2615,-0.2615,0.4187
17.954,-0.1414,-0.1414,-0.0656,-6.2273,-0.1523,0.0000,-0.2801,-0.2801,0.4186
17.963,-0.1414,-0.1414,-0.0656,-6.1432,-0.1523,0.0000,-0.2801,-0.2801,0.4185
17.968,-0.1414,-0.1414,-0.0657,-6.0905,-0.1523,0.0000,-0.2801,-0.2801,0.4182
17.972,-0.1414,-0.1414,-0.0657,-6.0589,-0.1523,0.0000,-0.2801,-0.2801,0.4181
17.975,-0.1588,-0.1588,-0.0657,-6.0238,-0.1492,0.0000,-0.3023,-0.3023,0.4180
17.979,-0.1588,-0.1588,-0.0657,-5.9890,-0.1492,0.0000,-0.3023,-0.3023,0.4179
17.983,-0.1588,-0.1588,-0.0657,-5.9552,-0.1492,0.0000,-0.3023,-0.3023,0.4178
17.986,-0.1588,-0.1588,-0.0658,-5.9224,-0.1492,0.0000,-0.3023,-0.3023,0.4177
17.990,-0.1588,-0.1588,-0.0658,-5.8920,-0.1492,0.0000,-0.3023,-0.3023,0.4176
17.993,-0.1742,-0.1742,-0.0658,-5.8594,-0.1465,0.0000,-0.3214,-0.3214,0.4175
17.998,-0.1742,-0.1742,-0.0658,-5.8129,-0.1465,0.0000,-0.3214,-0.3214,0.4174
18.006,-0.1742,-0.1742,-0.0658,-5.7467,-0.1465,0.0000,-0.3214,-0.3214,0.4173
18.009,-0.1742,-0.1742,-0.0659,-5.7167,-0.1465,0.0000,-0.3214,-0.3214,0.4171
18.012,-0.1742,-0.1742,-0.0659,-5.6884,-0.1465,0.0000,-0.3214,-0.3214,0.4170
18.016,-0.1878,-0.1878,-0.0659,-5.6544,-0.1445,0.0000,-0.3419,-0.3419,0.4169
18.020,-0.1878,-0.1878,-0.0659,-5.6186,-0.1445,0.0000,-0.3419,-0.3419,0.4168
18.023,-0.1878,-0.1878,-0.0659,-5.5886,-0.1445,0.0000,-0.3419,-0.3419,0.4167
18.027,-0.1878,-0.1878,-0.0660,-5.5602,-0.1445,0.0000,-0.3419,-0.3419,0.4166
18.030,-0.1878,-0.1878,-0.0660,-5.5308,-0.1445,0.0000,-0.3419,-0.3419,0.4165
18.034,-0.1995,-0.1995,-0.0660,-5.4971,-0.1429,0.0000,-0.3539,-0.3539,0.4164
18.038,-0.1995,-0.1995,-0.0660,-5.4634,-0.1429,0.0000,-0.3539,-0.3539,0.4163
18.041,-0.1995,-0.1995,-0.0660,-5.4362,-0.1429,0.0000,-0.3539,-0.3539,0.4162
18.045,-0.1995,-0.1995,-0.0661,-5.4097,-0.1429,0.0000,-0.3539,-0.3539,0.4161
18.048,-0.1995,-0.1995,-0.0661,-5.3813,-0.1429,0.0000,-0.3539,-0.3539,0.4160
18.052,-0.1995,-0.1995,-0.0661,-5.3478,-0.1429,0.0000,-0.3539,-0.3539,0.4159
18.056,-0.2097,-0.2097,-0.0661,-5.3132,-0.1418,0.0000,-0.3658,-0.3658,0.4158
18.061,-0.2097,-0.2097,-0.0662,-5.2787,-0.1418,0.0000,-0.3658,-0.3658,0.4157
18.065,-0.2097,-0.2097,-0.0662,-5.2473,-0.1418,0.0000,-0.3658,-0.3658,0.4156
18.069,-0.2097,-0.2097,-0.0662,-5.2139,-0.1418,0.0000,-0.3658,-0.3658,0.4155
18.073,-0.2190,-0.2190,-0.0662,-5.1859,-0.1413,0.0000,-0.3914,-0.3914,0.4153
18.077,-0.2190,-0.2190,-0.0663,-5.1532,-0.1413,0.0000,-0.3914,-0.3914,0.4152
18.081,-0.2190,-0.2190,-0.0663,-5.1240,-0.1413,0.0000,-0.3914,-0.3914,0.4151
18.085,-0.2190,-0.2190,-0.0663,-5.0918,-0.1413,0.0000,-0.3914,-0.3914,0.4150
18.089,-0.2190,-0.2190,-0.0663,-5.0627,-0.1413,0.0000,-0.3914,-0.3914,0.4149
18.093,-0.2272,-0.2272,-0.0664,-5.0358,-0.1412,0.0000,-0.4191,-0.4191,0.4148
18.097,-0.2272,-0.2272,-0.0664,-5.0057,-0.1412,0.0000,-0.4191,-0.4191,0.4147
18.103,-0.2272,-0.2272,-0.0664,-4.9642,-0.1412,0.0000,-0.4191,-0.4191,0.4145
18.111,-0.2272,-0.2272,-0.0665,-4.9076,-0.1412,0.0000,-0.4191,-0.4191,0.4144
18.120,-0.2350,-0.2350,-0.0665,-4.8430,-0.1414,0.0000,-0.4646,-0.4646,0.4141
18.126,-0.2350,-0.2350,-0.0666,-4.8075,-0.1414,0.0000,-0.4646,-0.4646,0.4139
18.130,-0.2350,-0.2350,-0.0666,-4.7786,-0.1414,0.0000,-0.4646,-0.4646,0.4137
18.135,-0.2418,-0.2418,-0.0667,-4.7514,-0.1418,0.0000,-0.5106,-0.5106,0.4135
18.139,-0.2418,-0.2418,-0.0667,-4.7218,-0.1418,0.0000,-0.5106,-0.5106,0.4134
18.144,-0.2418,-0.2418,-0.0667,-4.6932,-0.1418,0.0000,-0.5106,-0.5106,0.4133
18.148,-0.2418,-0.2418,-0.0668,-4.6699,-0.1418,0.0000,-0.5106,-0.5106,0.4131
18.153,-0.2483,-0.2483,-0.0668,-4.6430,-0.1422,0.0000,-0.5717,-0.5717,0.4130
18.157,-0.2483,-0.2483,-0.0668,-4.6178,-0.1422,0.0000,-0.5717,-0.5717,0.4128
18.162,-0.2483,-0.2483,-0.0668,-4.5910,-0.1422,0.0000,-0.5717,-0.5717,0.4127
18.166,-0.2483,-0.2483,-0.0669,-4.5672,-0.1422,0.0000,-0.5717,-0.5717,0.4125
18.170,-0.2483,-0.2483,-0.0669,-4.5433,-0.1422,0.0000,-0.5717,-0.5717,0.4123
18.174,-0.2553,-0.2553,-0.0669,-4.5227,-0.1423,0.0000,-0.6592,-0.6592,0.4122
18.179,-0.2553,-0.2553,-0.0670,-4.4972,-0.1423,0.0000,-0.6592,-0.6592,0.4121
18.183,-0.2553,-0.2553,-0.0670,-4.4743,-0.1423,0.0000,-0.6592,-0.6592,0.4119
18.188,-0.2553,-0.2553,-0.0671,-4.4517,-0.1423,0.0000,-0.6592,-0.6592,0.4117
18.192,-0.2553,-0.2553,-0.0671,-4.4321,-0.1423,0.0000,-0.6592,-0.6592,0.4115
18.197,-0.2614,-0.2614,-0.0671,-4.4086,-0.1425,0.0000,-0.7464,-0.7464,0.4114
18.203,-0.2614,-0.2614,-0.0672,-4.3805,-0.1425,0.0000,-0.7464,-0.7464,0.4112
18.206,-0.2614,-0.2614,-0.0672,-4.3622,-0.1425,0.0000,-0.7464,-0.7464,0.4109
18.221,-0.2665,-0.2665,-0.0672,-4.2962,-0.1427,0.0000,-0.8269,-0.8269,0.4108
18.232,-0.2665,-0.2665,-0.0673,-4.2518,-0.1427,0.0000,-0.8269,-0.8269,0.4101
18.236,-0.2711,-0.2711,-0.0674,-4.2335,-0.1427,0.0000,-0.9116,-0.9116,0.4096
18.240,-0.2711,-0.2711,-0.0675,-4.2174,-0.1427,0.0000,-0.9116,-0.9116,0.4094
18.244,-0.2711,-0.2711,-0.0675,-4.2028,-0.1427,0.0000,-0.9116,-0.9116,0.4092
18.248,-0.2711,-0.2711,-0.0675,-4.1897,-0.1427,0.0000,-0.9116,-0.9116,0.4090
18.252,-0.2711,-0.2711,-0.0676,-4.1745,-0.1427,0.0000,-0.9116,-0.9116,0.4088
18.256,-0.2747,-0.2747,-0.0676,-4.1624,-0.1428,0.0000,-0.9894,-0.9894,0.4086
18.260,-0.2747,-0.2747,-0.0676,-4.1479,-0.1428,0.0000,-0.9894,-0.9894,0.4085
18.264,-0.2747,-0.2747,-0.0677,-4.1358,-0.1428,0.0000,-0.9894,-0.9894,0.4082
18.272,-0.2747,-0.2747,-0.0677,-4.1102,-0.1428,0.0000,-0.9894,-0.9894,0.4080
18.277,-0.2772,-0.2772,-0.0677,-4.0959,-0.1431,0.0000,-1.0587,-1.0587,0.4076
18.281,-0.2772,-0.2772,-0.0678,-4.0834,-0.1431,0.0000,-1.0587,-1.0587,0.4074
18.286,-0.2772,-0.2772,-0.0678,-4.0703,-0.1431,0.0000,-1.0587,-1.0587,0.4071
18.290,-0.2772,-0.2772,-0.0679,-4.0588,-0.1431,0.0000,-1.0587,-1.0587,0.4069
18.294,-0.2788,-0.2788,-0.0679,-4.0497,-0.1434,0.0000,-1.1195,-1.1195,0.4067
18.298,-0.2788,-0.2788,-0.0679,-4.0380,-0.1434,0.0000,-1.1195,-1.1195,0.4065
18.302,-0.2788,-0.2788,-0.0680,-4.0292,-0.1434,0.0000,-1.1195,-1.1195,0.4062
18.306,-0.2788,-0.2788,-0.0680,-4.0203,-0.1434,0.0000,-1.1195,-1.1195,0.4060
18.309,-0.2788,-0.2788,-0.0680,-4.0128,-0.1434,0.0000,-1.1195,-1.1195,0.4058
18.313,-0.2794,-0.2794,-0.0680,-4.0060,-0.1439,0.0000,-1.1719,-1.1719,0.4056
18.318,-0.2794,-0.2794,-0.0681,-3.9958,-0.1439,0.0000,-1.1719,-1.1719,0.4054
18.323,-0.2794,-0.2794,-0.0681,-3.9861,-0.1439,0.0000,-1.1719,-1.1719,0.4051
18.330,-0.2794,-0.2794,-0.0681,-3.9729,-0.1439,0.0000,-1.1719,-1.1719,0.4048
18.334,-0.2804,-0.2804,-0.0682,-3.9662,-0.1439,0.0000,-1.2383,-1.2383,0.4044
18.339,-0.2804,-0.2804,-0.0682,-3.9594,-0.1439,0.0000,-1.2383,-1.2383,0.4042
18.342,-0.2804,-0.2804,-0.0683,-3.9544,-0.1439,0.0000,-1.2383,-1.2383,0.4039
18.346,-0.2804,-0.2804,-0.0683,-3.9490,-0.1439,0.0000,-1.2383,-1.2383,0.4037
18.351,-0.2804,-0.2804,-0.0683,-3.9432,-0.1439,0.0000,-1.2383,-1.2383,0.4035
18.355,-0.2816,-0.2816,-0.0684,-3.9380,-0.1435,0.0000,-1.3145,-1.3145,0.4032
18.359,-0.2816,-0.2816,-0.0684,-3.9339,-0.1435,0.0000,-1.3145,-1.3145,0.4030
18.363,-0.2816,-0.2816,-0.0684,-3.9301,-0.1435,0.0000,-1.3145,-1.3145,0.4027
18.367,-0.2816,-0.2816,-0.0685,-3.9267,-0.1435,0.0000,-1.3145,-1.3145,0.4025
18.373,-0.2818,-0.2818,-0.0685,-3.9220,-0.1433,0.0000,-1.3812,-1.3812,0.4022
18.377,-0.2818,-0.2818,-0.0685,-3.9194,-0.1433,0.0000,-1.3812,-1.3812,0.4018
18.382,-0.2818,-0.2818,-0.0686,-3.9166,-0.1433,0.0000,-1.3812,-1.3812,0.4016
18.388,-0.2818,-0.2818,-0.0686,-3.9147,-0.1433,0.0000,-1.3812,-1.3812,0.4012
18.391,-0.2818,-0.2818,-0.0686,-3.9138,-0.1433,0.0000,-1.3812,-1.3812,0.4009
18.395,-0.2819,-0.2819,-0.0687,-3.9128,-0.1429,0.0000,-1.4490,-1.4490,0.4007
18.399,-0.2819,-0.2819,-0.0687,-3.9125,-0.1429,0.0000,-1.4490,-1.4490,0.4004
18.404,-0.2819,-0.2819,-0.0687,-3.9127,-0.1429,0.0000,-1.4490,-1.4490,0.4002
18.407,-0.2819,-0.2819,-0.0687,-3.9132,-0.1429,0.0000,-1.4490,-1.4490,0.3999
18.411,-0.2819,-0.2819,-0.0688,-3.9141,-0.1429,0.0000,-1.4490,-1.4490,0.3996
18.415,-0.2813,-0.2813,-0.0688,-3.9151,-0.1426,0.0000,-1.5121,-1.5121,0.3994
18.425,-0.2813,-0.2813,-0.0688,-3.9211,-0.1426,0.0000,-1.5121,-1.5121,0.3991
18.434,-0.2798,-0.2798,-0.0689,-3.9291,-0.1426,0.0000,-1.5634,-1.5634,0.3984
18.438,-0.2798,-0.2798,-0.0690,-3.9328,-0.1426,0.0000,-1.5634,-1.5634,0.3978
18.442,-0.2798,-0.2798,-0.0690,-3.9372,-0.1426,0.0000,-1.5634,-1.5634,0.3976
18.446,-0.2798,-0.2798,-0.0690,-3.9412,-0.1426,0.0000,-1.5634,-1.5634,0.3973
18.450,-0.2798,-0.2798,-0.0690,-3.9460,-0.1426,0.0000,-1.5634,-1.5634,0.3970
18.454,-0.2769,-0.2769,-0.0691,-3.9520,-0.1432,0.0000,-1.5954,-1.5954,0.3968
18.458,-0.2769,-0.2769,-0.0691,-3.9581,-0.1432,0.0000,-1.5954,-1.5954,0.3965
18.461,-0.2769,-0.2769,-0.0691,-3.9644,-0.1432,0.0000,-1.5954,-1.5954,0.3962
18.465,-0.2769,-0.2769,-0.0691,-3.9707,-0.1432,0.0000,-1.5954,-1.5954,0.3960
18.469,-0.2769,-0.2769,-0.0692,-3.9785,-0.1432,0.0000,-1.5954,-1.5954,0.3957
18.473,-0.2730,-0.2730,-0.0692,-3.9868,-0.1441,0.0000,-1.6145,-1.6145,0.3954
18.477,-0.2730,-0.2730,-0.0692,-3.9959,-0.1441,0.0000,-1.6145,-1.6145,0.3952
18.481,-0.2730,-0.2730,-0.0692,-4.0036,-0.1441,0.0000,-1.6145,-1.6145,0.3949
18.485,-0.2730,-0.2730,-0.0693,-4.0134,-0.1441,0.0000,-1.6145,-1.6145,0.3946
18.489,-0.2730,-0.2730,-0.0693,-4.0223,-0.1441,0.0000,-1.6145,-1.6145,0.3943
18.493,-0.2687,-0.2687,-0.0693,-4.0332,-0.1450,0.0000,-1.6283,-1.6283,0.3941
18.497,-0.2687,-0.2687,-0.0693,-4.0441,-0.1450,0.0000,-1.6283,-1.6283,0.3938
18.501,-0.2687,-0.2687,-0.0694,-4.0570,-0.1450,0.0000,-1.6283,-1.6283,0.3936
18.505,-0.2687,-0.2687,-0.0694,-4.0681,-0.1450,0.0000,-1.6283,-1.6283,0.3933
18.509,-0.2687,-0.2687,-0.0694,-4.0800,-0.1450,0.0000,-1.6283,-1.6283,0.3930
18.512,-0.2687,-0.2687,-0.0694,-4.0910,-0.1450,0.0000,-1.6283,-1.6283,0.3927
18.516,-0.2635,-0.2635,-0.0695,-4.1065,-0.1461,0.0000,-1.6306,-1.6306,0.3925
18.521,-0.2635,-0.2635,-0.0695,-4.1214,-0.1461,0.0000,-1.6306,-1.6306,0.3922
18.525,-0.2635,-0.2635,-0.0695,-4.1358,-0.1461,0.0000,-1.6306,-1.6306,0.3920
18.529,-0.2635,-0.2635,-0.0695,-4.1544,-0.1461,0.0000,-1.6306,-1.6306,0.3917
18.538,-0.2588,-0.2588,-0.0696,-4.1905,-0.1466,0.0000,-1.6413,-1.6413,0.3914
18.542,-0.2588,-0.2588,-0.0696,-4.2105,-0.1466,0.0000,-1.6413,-1.6413,0.3908
18.546,-0.2588,-0.2588,-0.0696,-4.2282,-0.1466,0.0000,-1.6413,-1.6413,0.3905
18.551,-0.2588,-0.2588,-0.0696,-4.2515,-0.1466,0.0000,-1.6413,-1.6413,0.3903
18.556,-0.2533,-0.2533,-0.0697,-4.2745,-0.1472,0.0000,-1.6406,-1.6406,0.3900
18.560,-0.2533,-0.2533,-0.0697,-4.2944,-0.1472,0.0000,-1.6406,-1.6406,0.3897
18.564,-0.2533,-0.2533,-0.0697,-4.3156,-0.1472,0.0000,-1.6406,-1.6406,0.3894
18.568,-0.2533,-0.2533,-0.0697,-4.3418,-0.1472,0.0000,-1.6406,-1.6406,0.3892
18.577,-0.2481,-0.2481,-0.0697,-4.3912,-0.1473,0.0000,-1.6437,-1.6437,0.3889
18.584,-0.2481,-0.2481,-0.0698,-4.4388,-0.1473,0.0000,-1.6437,-1.6437,0.3884
18.592,-0.2481,-0.2481,-0.0698,-4.4890,-0.1473,0.0000,-1.6437,-1.6437,0.3879
18.596,-0.2432,-0.2432,-0.0698,-4.5167,-0.1469,0.0000,-1.6527,-1.6527,0.3874
18.601,-0.2432,-0.2432,-0.0699,-4.5537,-0.1469,0.0000,-1.6527,-1.6527,0.3872
18.606,-0.2432,-0.2432,-0.0699,-4.5919,-0.1469,0.0000,-1.6527,-1.6527,0.3868
18.610,-0.2432,-0.2432,-0.0699,-4.6220,-0.1469,0.0000,-1.6527,-1.6527,0.3865
18.614,-0.2394,-0.2394,-0.0699,-4.6549,-0.1456,0.0000,-1.6779,-1.6779,0.3863
18.619,-0.2394,-0.2394,-0.0699,-4.6927,-0.1456,0.0000,-1.6779,-1.6779,0.3860
18.626,-0.2394,-0.2394,-0.0700,-4.7534,-0.1456,0.0000,-1.6779,-1.6779,0.3857
18.632,-0.2394,-0.2394,-0.0700,-4.8106,-0.1456,0.0000,-1.6779,-1.6779,0.3853
18.641,-0.2346,-0.2346,-0.0700,-4.8816,-0.1445,0.0000,-1.6890,-1.6890,0.3849
18.647,-0.2346,-0.2346,-0.0700,-4.9302,-0.1445,0.0000,-1.6890,-1.6890,0.3844
18.654,-0.2287,-0.2287,-0.0701,-4.9817,-0.1435,0.0000,-1.6842,-1.6842,0.3840
18.658,-0.2287,-0.2287,-0.0701,-5.0086,-0.1435,0.0000,-1.6842,-1.6842,0.3836
18.662,-0.2287,-0.2287,-0.0701,-5.0301,-0.1435,0.0000,-1.6842,-1.6842,0.3834
18.665,-0.2287,-0.2287,-0.0701,-5.0512,-0.1435,0.0000,-1.6842,-1.6842,0.3832
18.669,-0.2287,-0.2287,-0.0701,-5.0713,-0.1435,0.0000,-1.6842,-1.6842,0.3829
18.672,-0.2287,-0.2287,-0.0701,-5.0875,-0.1435,0.0000,-1.6842,-1.6842,0.3827
18.675,-0.2078,-0.2078,-0.0701,-5.1018,-0.1425,0.0000,-1.6638,-1.6638,0.3825
18.679,-0.2078,-0.2078,-0.0701,-5.1174,-0.1425,0.0000,-1.6638,-1.6638,0.3823
18.683,-0.2078,-0.2078,-0.0701,-5.1317,-0.1425,0.0000,-1.6638,-1.6638,0.3821
18.687,-0.2078,-0.2078,-0.0702,-5.1454,-0.1425,0.0000,-1.6638,-1.6638,0.3819
18.690,-0.2078,-0.2078,-0.0702,-5.1568,-0.1425,0.0000,-1.6638,-1.6638,0.3817
18.693,-0.1648,-0.1648,-0.0702,-5.1669,-0.1414,0.0000,-1.6278,-1.6278,0.3815
18.697,-0.1648,-0.1648,-0.0702,-5.1802,-0.1414,0.0000,-1.6278,-1.6278,0.3813
18.701,-0.1648,-0.1648,-0.0702,-5.1930,-0.1414,0.0000,-1.6278,-1.6278,0.3811
18.704,-0.1648,-0.1648,-0.0702,-5.2036,-0.1414,0.0000,-1.6278,-1.6278,0.3809
18.708,-0.1648,-0.1648,-0.0702,-5.2143,-0.1414,0.0000,-1.6278,-1.6278,0.3807
18.711,-0.1648,-0.1648,-0.0702,-5.2253,-0.1414,0.0000,-1.6278,-1.6278,0.3805
18.715,-0.1056,-0.1056,-0.0702,-5.2361,-0.1401,0.0000,-1.5761,-1.5761,0.3804
18.720,-0.1056,-0.1056,-0.0702,-5.2493,-0.1401,0.0000,-1.5761,-1.5761,0.3801
18.727,-0.1056,-0.1056,-0.0701,-5.2703,-0.1401,0.0000,-1.5761,-1.5761,0.3799
18.733,-0.0276,-0.0276,-0.0701,-5.2838,-0.1386,0.0000,-1.5098,-1.5098,0.3796
18.741,-0.0276,-0.0276,-0.0701,-5.3040,-0.1386,0.0000,-1.5098,-1.5098,0.3793
18.748,-0.0276,-0.0276,-0.0700,-5.3216,-0.1386,0.0000,-1.5098,-1.5098,0.3789
18.752,0.0624,0.0624,-0.0699,-5.3292,-0.1367,0.0000,-1.4295,-1.4295,0.3786
18.758,0.0624,0.0624,-0.0699,-5.3414,-0.1367,0.0000,-1.4295,-1.4295,0.3784
18.762,0.0624,0.0624,-0.0698,-5.3485,-0.1367,0.0000,-1.4295,-1.4295,0.3782
18.767,0.0624,0.0624,-0.0698,-5.3581,-0.1367,0.0000,-1.4295,-1.4295,0.3780
18.771,0.0624,0.0624,-0.0697,-5.3656,-0.1367,0.0000,-1.4295,-1.4295,0.3778
18.774,0.1639,0.1639,-0.0697,-5.3700,-0.1341,0.0000,-1.3572,-1.3572,0.3777
18.779,0.1639,0.1639,-0.0696,-5.3771,-0.1341,0.0000,-1.3572,-1.3572,0.3775
18.783,0.1639,0.1639,-0.0696,-5.3844,-0.1341,0.0000,-1.3572,-1.3572,0.3774
18.787,0.1639,0.1639,-0.0695,-5.3902,-0.1341,0.0000,-1.3572,-1.3572,0.3772
18.791,0.1639,0.1639,-0.0694,-5.3958,-0.1341,0.0000,-1.3572,-1.3572,0.3771
18.794,0.2507,0.2507,-0.0694,-5.3974,-0.1309,0.0000,-1.2958,-1.2958,0.3769
18.799,0.2507,0.2507,-0.0693,-5.4038,-0.1309,0.0000,-1.2958,-1.2958,0.3768
18.803,0.2507,0.2507,-0.0692,-5.4085,-0.1309,0.0000,-1.2958,-1.2958,0.3766
18.808,0.2507,0.2507,-0.0691,-5.4133,-0.1309,0.0000,-1.2958,-1.2958,0.3765
18.814,0.3082,0.3082,-0.0690,-5.4165,-0.1274,0.0000,-1.2242,-1.2242,0.3764
18.819,0.3082,0.3082,-0.0689,-5.4206,-0.1274,0.0000,-1.2242,-1.2242,0.3762
18.823,0.3082,0.3082,-0.0688,-5.4236,-0.1274,0.0000,-1.2242,-1.2242,0.3760
18.826,0.3082,0.3082,-0.0687,-5.4261,-0.1274,0.0000,-1.2242,-1.2242,0.3759
18.830,0.3082,0.3082,-0.0686,-5.4284,-0.1274,0.0000,-1.2242,-1.2242,0.3758
18.834,0.3398,0.3398,-0.0686,-5.4272,-0.1237,0.0000,-1.1193,-1.1193,0.3757
18.839,0.3398,0.3398,-0.0684,-5.4296,-0.1237,0.0000,-1.1193,-1.1193,0.3756
18.843,0.3398,0.3398,-0.0683,-5.4309,-0.1237,0.0000,-1.1193,-1.1193,0.3755
18.847,0.3398,0.3398,-0.0682,-5.4321,-0.1237,0.0000,-1.1193,-1.1193,0.3754
18.852,0.3398,0.3398,-0.0682,-5.4332,-0.1237,0.0000,-1.1193,-1.1193,0.3753
18.860,0.3473,0.3473,-0.0680,-5.4294,-0.1195,0.0000,-0.9983,-0.9983,0.3752
18.865,0.3473,0.3473,-0.0679,-5.4291,-0.1195,0.0000,-0.9983,-0.9983,0.3751
18.869,0.3473,0.3473,-0.0677,-5.4286,-0.1195,0.0000,-0.9983,-0.9983,0.3750
18.873,0.3273,0.3273,-0.0676,-5.4229,-0.1146,0.0000,-0.8576,-0.8576,0.3749
18.881,0.3273,0.3273,-0.0676,-5.4196,-0.1146,0.0000,-0.8576,-0.8576,0.3749
18.887,0.3273,0.3273,-0.0674,-5.4169,-0.1146,0.0000,-0.8576,-0.8576,0.3748
18.890,0.3273,0.3273,-0.0672,-5.4151,-0.1146,0.0000,-0.8576,-0.8576,0.3748
18.894,0.2948,0.2948,-0.0672,-5.4071,-0.1090,0.0000,-0.7068,-0.7068,0.3747
18.900,0.2948,0.2948,-0.0671,-5.4032,-0.1090,0.0000,-0.7068,-0.7068,0.3747
18.904,0.2948,0.2948,-0.0670,-5.3995,-0.1090,0.0000,-0.7068,-0.7068,0.3747
18.909,0.2948,0.2948,-0.0669,-5.3958,-0.1090,0.0000,-0.7068,-0.7068,0.3747
18.913,0.2546,0.2546,-0.0668,-5.3855,-0.1025,0.0000,-0.5495,-0.5495,0.3747
18.918,0.2546,0.2546,-0.0667,-5.3801,-0.1025,0.0000,-0.5495,-0.5495,0.3747
18.921,0.2546,0.2546,-0.0667,-5.3763,-0.1025,0.0000,-0.5495,-0.5495,0.3748
18.925,0.2546,0.2546,-0.0666,-5.3724,-0.1025,0.0000,-0.5495,-0.5495,0.3748
18.929,0.2546,0.2546,-0.0665,-5.3673,-0.1025,0.0000,-0.5495,-0.5495,0.3748
18.933,0.2175,0.2175,-0.0665,-5.3550,-0.0953,0.0000,-0.3861,-0.3861,0.3748
18.937,0.2175,0.2175,-0.0664,-5.3485,-0.0953,0.0000,-0.3861,-0.3861,0.3749
18.941,0.2175,0.2175,-0.0663,-5.3435,-0.0953,0.0000,-0.3861,-0.3861,0.3749
18.945,0.2175,0.2175,-0.0663,-5.3374,-0.0953,0.0000,-0.3861,-0.3861,0.3750
18.948,0.2175,0.2175,-0.0662,-5.3317,-0.0953,0.0000,-0.3861,-0.3861,0.3751
18.954,0.1833,0.1833,-0.0662,-5.3148,-0.0873,0.0000,-0.2174,-0.2174,0.3751
18.962,0.1833,0.1833,-0.0661,-5.2992,-0.0873,0.0000,-0.2174,-0.2174,0.3752
18.967,0.1833,0.1833,-0.0660,-5.2906,-0.0873,0.0000,-0.2174,-0.2174,0.3754
18.970,0.1833,0.1833,-0.0659,-5.2837,-0.0873,0.0000,-0.2174,-0.2174,0.3755
18.974,0.1513,0.1513,-0.0659,-5.2675,-0.0789,0.0000,-0.0573,-0.0573,0.3756
18.978,0.1513,0.1513,-0.0658,-5.2592,-0.0789,0.0000,-0.0573,-0.0573,0.3757
18.982,0.1513,0.1513,-0.0658,-5.2502,-0.0789,0.0000,-0.0573,-0.0573,0.3758
18.986,0.1513,0.1513,-0.0658,-5.2421,-0.0789,0.0000,-0.0573,-0.0573,0.3759
18.990,0.1513,0.1513,-0.0657,-5.2333,-0.0789,0.0000,-0.0573,-0.0573,0.3761
18.993,0.1210,0.1210,-0.0657,-5.2168,-0.0701,0.0000,0.0838,0.0838,0.3762
18.998,0.1210,0.1210,-0.0656,-5.2053,-0.0701,0.0000,0.0838,0.0838,0.3763
19.002,0.1210,0.1210,-0.0656,-5.1961,-0.0701,0.0000,0.0838,0.0838,0.3765
19.006,0.1210,0.1210,-0.0656,-5.1871,-0.0701,0.0000,0.0838,0.0838,0.3766
19.009,0.1210,0.1210,-0.0655,-5.1774,-0.0701,0.0000,0.0838,0.0838,0.3767
19.013,0.0928,0.0928,-0.0655,-5.1589,-0.0610,0.0000,0.2248,0.2248,0.3769
19.018,0.0928,0.0928,-0.0655,-5.1458,-0.0610,0.0000,0.2248,0.2248,0.3770
19.022,0.0928,0.0928,-0.0654,-5.1344,-0.0610,0.0000,0.2248,0.2248,0.3772
19.026,0.0928,0.0928,-0.0654,-5.1244,-0.0610,0.0000,0.2248,0.2248,0.3774
19.034,0.0662,0.0662,-0.0654,-5.0909,-0.0515,0.0000,0.3521,0.3521,0.3776
19.040,0.0662,0.0662,-0.0653,-5.0730,-0.0515,0.0000,0.3521,0.3521,0.3780
19.043,0.0662,0.0662,-0.0653,-5.0627,-0.0515,0.0000,0.3521,0.3521,0.3782
19.047,0.0662,0.0662,-0.0652,-5.0524,-0.0515,0.0000,0.3521,0.3521,0.3784
19.052,0.0662,0.0662,-0.0652,-5.0381,-0.0515,0.0000,0.3521,0.3521,0.3786
19.056,0.0414,0.0414,-0.0652,-5.0150,-0.0416,0.0000,0.4795,0.4795,0.3788
19.060,0.0414,0.0414,-0.0652,-5.0017,-0.0416,0.0000,0.4795,0.4795,0.3790
19.065,0.0414,0.0414,-0.0652,-4.9850,-0.0416,0.0000,0.4795,0.4795,0.3792
19.073,0.0183,0.0183,-0.0651,-4.9482,-0.0311,0.0000,0.6097,0.6097,0.3795
19.077,0.0183,0.0183,-0.0651,-4.9345,-0.0311,0.0000,0.6097,0.6097,0.3800
19.081,0.0183,0.0183,-0.0651,-4.9216,-0.0311,0.0000,0.6097,0.6097,0.3802
19.085,0.0183,0.0183,-0.0651,-4.9074,-0.0311,0.0000,0.6097,0.6097,0.3804
19.089,0.0183,0.0183,-0.0651,-4.8938,-0.0311,0.0000,0.6097,0.6097,0.3806
19.092,0.0183,0.0183,-0.0651,-4.8818,-0.0311,0.0000,0.6097,0.6097,0.3809
19.096,0.0000,0.0000,-0.0651,-4.8577,-0.0200,0.0000,0.7412,0.7412,0.3811
19.101,0.0000,0.0000,-0.0651,-4.8400,-0.0200,0.0000,0.7412,0.7412,0.3813
19.104,0.0000,0.0000,-0.0650,-4.8267,-0.0200,0.0000,0.7412,0.7412,0.3816
19.108,0.0000,0.0000,-0.0650,-4.8144,-0.0200,0.0000,0.7412,0.7412,0.3818
19.111,0.0000,0.0000,-0.0650,-4.8021,-0.0200,0.0000,0.7412,0.7412,0.3821
19.115,-0.0204,-0.0204,-0.0650,-4.7675,0.0000,0.0000,0.8734,0.8734,0.3823
19.120,-0.0204,-0.0204,-0.0650,-4.7491,0.0000,0.0000,0.8734,0.8734,0.3825
19.123,-0.0204,-0.0204,-0.0650,-4.7358,0.0000,0.0000,0.8734,0.8734,0.3829
19.126,-0.0204,-0.0204,-0.0650,-4.7232,0.0000,0.0000,0.8734,0.8734,0.3831
19.130,-0.0204,-0.0204,-0.0650,-4.7079,0.0000,0.0000,0.8734,0.8734,0.3833
19.134,-0.0395,-0.0395,-0.0650,-4.6810,0.0116,0.0000,1.0054,1.0054,0.3836
19.139,-0.0395,-0.0395,-0.0649,-4.6633,0.0116,0.0116,1.0054,1.0054,0.3839
19.142,-0.0395,-0.0395,-0.0649,-4.6497,0.0116,0.0116,1.0054,1.0054,0.3842
19.146,-0.0395,-0.0395,-0.0649,-4.6328,0.0116,0.0116,1.0054,1.0054,0.3845
19.151,-0.0395,-0.0395,-0.0649,-4.6162,0.0116,0.0116,1.0054,1.0054,0.3848
19.155,-0.0573,-0.0573,-0.0649,-4.5874,0.0235,0.0116,1.1360,1.1360,0.3851
19.159,-0.0573,-0.0573,-0.0649,-4.5706,0.0235,0.0235,1.1360,1.1360,0.3854
19.163,-0.0573,-0.0573,-0.0649,-4.5543,0.0235,0.0235,1.1360,1.1360,0.3857
19.167,-0.0573,-0.0573,-0.0649,-4.5380,0.0235,0.0235,1.1360,1.1360,0.3861
19.172,-0.0573,-0.0573,-0.0649,-4.5167,0.0235,0.0235,1.1360,1.1360,0.3864
19.180,-0.0740,-0.0740,-0.0649,-4.4679,0.0358,0.0235,1.2636,1.2636,0.3868
19.190,-0.0740,-0.0740,-0.0649,-4.4247,0.0358,0.0358,1.2636,1.2636,0.3875
19.196,-0.0894,-0.0894,-0.0649,-4.3865,0.0482,0.0358,1.3874,1.3874,0.3883
19.201,-0.0894,-0.0894,-0.0649,-4.3632,0.0482,0.0482,1.3874,1.3874,0.3888
19.205,-0.0894,-0.0894,-0.0649,-4.3465,0.0482,0.0482,1.3874,1.3874,0.3893
19.209,-0.0894,-0.0894,-0.0649,-4.3281,0.0482,0.0482,1.3874,1.3874,0.3896
19.213,-0.1037,-0.1037,-0.0649,-4.3009,0.0607,0.0482,1.5064,1.5064,0.3900
19.218,-0.1037,-0.1037,-0.0650,-4.2792,0.0607,0.0607,1.5064,1.5064,0.3903
19.221,-0.1037,-0.1037,-0.0650,-4.2643,0.0607,0.0607,1.5064,1.5064,0.3907
19.225,-0.1037,-0.1037,-0.0650,-4.2465,0.0607,0.0607,1.5064,1.5064,0.3911
19.229,-0.1037,-0.1037,-0.0650,-4.2313,0.0607,0.0607,1.5064,1.5064,0.3914
19.233,-0.1168,-0.1168,-0.0650,-4.1995,0.0730,0.0607,1.6192,1.6192,0.3917
19.237,-0.1168,-0.1168,-0.0650,-4.1810,0.0730,0.0730,1.6192,1.6192,0.3922
19.241,-0.1168,-0.1168,-0.0650,-4.1626,0.0730,0.0730,1.6192,1.6192,0.3926
19.245,-0.1168,-0.1168,-0.0650,-4.1472,0.0730,0.0730,1.6192,1.6192,0.3929
19.249,-0.1168,-0.1168,-0.0650,-4.1279,0.0730,0.0730,1.6192,1.6192,0.3933
19.253,-0.1291,-0.1291,-0.0650,-4.0976,0.0867,0.0730,1.7563,1.7563,0.3937
19.257,-0.1291,-0.1291,-0.0651,-4.0765,0.0867,0.0867,1.7563,1.7563,0.3941
19.261,-0.1291,-0.1291,-0.0651,-4.0614,0.0867,0.0867,1.7563,1.7563,0.3945
19.265,-0.1291,-0.1291,-0.0651,-4.0431,0.0867,0.0867,1.7563,1.7563,0.3949
19.269,-0.1291,-0.1291,-0.0651,-4.0259,0.0867,0.0867,1.7563,1.7563,0.3953
19.274,-0.1404,-0.1404,-0.0651,-3.9863,0.1008,0.0867,1.8927,1.8927,0.3956
19.283,-0.1404,-0.1404,-0.0651,-3.9463,0.1008,0.1008,1.8927,1.8927,0.3962
19.287,-0.1404,-0.1404,-0.0652,-3.9291,0.1008,0.1008,1.8927,1.8927,0.3971
19.291,-0.1404,-0.1404,-0.0652,-3.9106,0.1008,0.1008,1.8927,1.8927,0.3975
19.294,-0.1512,-0.1512,-0.0652,-3.8795,0.1163,0.1008,2.0540,2.0540,0.3979
19.299,-0.1512,-0.1512,-0.0652,-3.8572,0.1163,0.1163,2.0540,2.0540,0.3983
19.303,-0.1512,-0.1512,-0.0652,-3.8393,0.1163,0.1163,2.0540,2.0540,0.3989
19.307,-0.1512,-0.1512,-0.0653,-3.8219,0.1163,0.1163,2.0540,2.0540,0.3993
19.311,-0.1512,-0.1512,-0.0653,-3.8025,0.1163,0.1163,2.0540,2.0540,0.3997
19.316,-0.1611,-0.1611,-0.0653,-3.7635,0.1319,0.1163,2.2110,2.2110,0.4002
19.320,-0.1611,-0.1611,-0.0653,-3.7432,0.1319,0.1319,2.2110,2.2110,0.4008
19.324,-0.1611,-0.1611,-0.0653,-3.7251,0.1319,0.1319,2.2110,2.2110,0.4013
19.328,-0.1611,-0.1611,-0.0654,-3.7095,0.1319,0.1319,2.2110,2.2110,0.4017
19.332,-0.1611,-0.1611,-0.0654,-3.6892,0.1319,0.1319,2.2110,2.2110,0.4021
19.340,-0.1600,-0.1600,-0.0654,-3.6361,0.1466,0.1319,2.3501,2.3501,0.4026
19.346,-0.1600,-0.1600,-0.0654,-3.6098,0.1466,0.1466,2.3501,2.3501,0.4036
19.350,-0.1600,-0.1600,-0.0655,-3.5919,0.1466,0.1466,2.3501,2.3501,0.4043
19.354,-0.1329,-0.1329,-0.0655,-3.5603,0.1598,0.1466,2.4626,2.4626,0.4048
19.358,-0.1329,-0.1329,-0.0655,-3.5420,0.1598,0.1598,2.4626,2.4626,0.4053
19.362,-0.1329,-0.1329,-0.0655,-3.5246,0.1598,0.1598,2.4626,2.4626,0.4058
19.366,-0.1329,-0.1329,-0.0655,-3.5061,0.1598,0.1598,2.4626,2.4626,0.4063
19.370,-0.1329,-0.1329,-0.0655,-3.4879,0.1598,0.1598,2.4626,2.4626,0.4068
19.373,-0.0935,-0.0935,-0.0655,-3.4599,0.1717,0.1598,2.5541,2.5541,0.4073
19.379,-0.0935,-0.0935,-0.0655,-3.4334,0.1717,0.1717,2.5541,2.5541,0.4077
19.387,-0.0935,-0.0935,-0.0655,-3.3952,0.1717,0.1717,2.5541,2.5541,0.4084
19.391,-0.0935,-0.0935,-0.0656,-3.3787,0.1717,0.1717,2.5541,2.5541,0.4095
19.395,-0.0372,-0.0372,-0.0656,-3.3509,0.1827,0.1717,2.6309,2.6309,0.4099
19.399,-0.0372,-0.0372,-0.0655,-3.3306,0.1827,0.1827,2.6309,2.6309,0.4104
19.404,-0.0372,-0.0372,-0.0655,-3.3100,0.1827,0.1827,2.6309,2.6309,0.4110
19.408,-0.0372,-0.0372,-0.0655,-3.2920,0.1827,0.1827,2.6309,2.6309,0.4115
19.412,-0.0372,-0.0372,-0.0655,-3.2739,0.1827,0.1827,2.6309,2.6309,0.4121
19.416,0.0425,0.0425,-0.0655,-3.2626,0.1770,0.1827,2.4407,2.4407,0.4126
19.420,0.0425,0.0425,-0.0655,-3.2439,0.1770,0.1770,2.4407,2.4407,0.4130
19.423,0.0425,0.0425,-0.0655,-3.2295,0.1770,0.1770,2.4407,2.4407,0.4135
19.427,0.0425,0.0425,-0.0654,-3.2130,0.1770,0.1770,2.4407,2.4407,0.4139
19.431,0.0425,0.0425,-0.0654,-3.1977,0.1770,0.1770,2.4407,2.4407,0.4143
19.434,0.0989,0.0989,-0.0654,-3.1779,0.1797,0.1770,2.3780,2.3780,0.4147
19.438,0.0989,0.0989,-0.0654,-3.1600,0.1797,0.1797,2.3780,2.3780,0.4151
19.442,0.0989,0.0989,-0.0654,-3.1436,0.1797,0.1797,2.3780,2.3780,0.4155
19.446,0.0989,0.0989,-0.0653,-3.1266,0.1797,0.1797,2.3780,2.3780,0.4160
19.450,0.0989,0.0989,-0.0653,-3.1099,0.1797,0.1797,2.3780,2.3780,0.4164
19.453,0.1398,0.1398,-0.0653,-3.1185,0.1561,0.1797,1.9253,1.9253,0.4168
19.457,0.1398,0.1398,-0.0652,-3.1008,0.1561,0.1561,1.9253,1.9253,0.4171
19.461,0.1398,0.1398,-0.0652,-3.0854,0.1561,0.1561,1.9253,1.9253,0.4174
19.465,0.1398,0.1398,-0.0652,-3.0728,0.1561,0.1561,1.9253,1.9253,0.4177
19.468,0.1398,0.1398,-0.0651,-3.0684,0.1561,0.1561,1.9253,1.9253,0.4180
19.472,0.1398,0.1398,-0.0651,-3.0711,0.1561,0.1561,1.9253,1.9253,0.4184
19.476,0.1444,0.1444,-0.0650,-3.0702,0.1684,0.1561,1.9847,1.9847,0.4186
19.480,0.1444,0.1444,-0.0650,-3.0940,0.1684,0.1684,1.9847,1.9847,0.4190
19.486,0.1444,0.1444,-0.0650,-3.1414,0.1684,0.1684,1.9847,1.9847,0.4194
19.496,0.1333,0.1333,-0.0649,-3.2946,0.1546,0.1684,1.6839,1.6839,0.4198
19.503,0.1333,0.1333,-0.0648,-3.4016,0.1546,0.1546,1.6839,1.6839,0.4206
19.507,0.1333,0.1333,-0.0647,-3.4733,0.1546,0.1546,1.6839,1.6839,0.4210
19.511,0.1333,0.1333,-0.0647,-3.5428,0.1546,0.1546,1.6839,1.6839,0.4213
19.516,0.0969,0.0969,-0.0647,-3.6219,0.1676,0.1546,1.7546,1.7546,0.4216
19.521,0.0969,0.0969,-0.0646,-3.7060,0.1676,0.1676,1.7546,1.7546,0.4219
19.524,0.0969,0.0969,-0.0646,-3.7621,0.1676,0.1676,1.7546,1.7546,0.4223
19.527,0.0969,0.0969,-0.0646,-3.8140,0.1676,0.1676,1.7546,1.7546,0.4225
19.531,0.0969,0.0969,-0.0646,-3.8639,0.1676,0.1676,1.7546,1.7546,0.4228
19.535,0.0693,0.0693,-0.0645,-3.9200,0.1630,0.1676,1.5898,1.5898,0.4230
19.539,0.0693,0.0693,-0.0645,-3.9752,0.1630,0.1630,1.5898,1.5898,0.4232
19.542,0.0693,0.0693,-0.0645,-4.0146,0.1630,0.1630,1.5898,1.5898,0.4235
19.546,0.0693,0.0693,-0.0645,-4.0508,0.1630,0.1630,1.5898,1.5898,0.4237
19.549,0.0693,0.0693,-0.0644,-4.0881,0.1630,0.1630,1.5898,1.5898,0.4239
19.553,0.0444,0.0444,-0.0644,-4.1277,0.1585,0.1630,1.4294,1.4294,0.4241
19.557,0.0444,0.0444,-0.0644,-4.1643,0.1585,0.1585,1.4294,1.4294,0.4243
19.561,0.0444,0.0444,-0.0644,-4.1930,0.1585,0.1585,1.4294,1.4294,0.4246
19.565,0.0444,0.0444,-0.0644,-4.2221,0.1585,0.1585,1.4294,1.4294,0.4247
19.569,0.0444,0.0444,-0.0644,-4.2489,0.1585,0.1585,1.4294,1.4294,0.4250
19.573,0.0219,0.0219,-0.0644,-4.2724,0.1544,0.1585,1.2739,1.2739,0.4252
19.577,0.0219,0.0219,-0.0644,-4.2925,0.1544,0.1544,1.2739,1.2739,0.4253
19.580,0.0219,0.0219,-0.0644,-4.3077,0.1544,0.1544,1.2739,1.2739,0.4255
19.584,0.0219,0.0219,-0.0644,-4.3252,0.1544,0.1544,1.2739,1.2739,0.4256
19.589,0.0219,0.0219,-0.0643,-4.3399,0.1544,0.1544,1.2739,1.2739,0.4258
19.596,0.0000,0.0000,-0.0643,-4.3603,0.1505,0.1544,1.1231,1.1231,0.4260
19.601,0.0000,0.0000,-0.0643,-4.3684,0.1505,0.1505,1.1231,1.1231,0.4263
19.604,0.0000,0.0000,-0.0643,-4.3726,0.1505,0.1505,1.1231,1.1231,0.4265
19.608,0.0000,0.0000,-0.0643,-4.3751,0.1505,0.1505,1.1231,1.1231,0.4266
19.611,0.0000,0.0000,-0.0643,-4.3764,0.1505,0.1505,1.1231,1.1231,0.4267
19.615,-0.0205,-0.0205,-0.0643,-4.3727,0.1542,0.1505,1.0769,1.0769,0.4268
19.619,-0.0205,-0.0205,-0.0643,-4.3711,0.1542,0.1542,1.0769,1.0769,0.4269
19.622,-0.0205,-0.0205,-0.0643,-4.3687,0.1542,0.1542,1.0769,1.0769,0.4271
19.626,-0.0205,-0.0205,-0.0643,-4.3653,0.1542,0.1542,1.0769,1.0769,0.4272
