Time,Input_Surge,Applied_Surge,Output_Surge,Input_Sway,Applied_Sway,Output_Sway,Input_Heave,Applied_Heave,Output_Heave
0.000,1.8114,0.0000,-0.0622,0.8159,-0.1036,0.0000,-0.3570,-0.3570,0.3816
0.004,1.8001,0.0000,-0.0622,0.8175,-0.1014,0.0000,-0.2031,-0.2031,0.3817
0.008,1.7892,0.0000,-0.0622,0.8164,-0.1014,0.0000,-0.2031,-0.2031,0.3817
0.011,1.7800,0.0000,-0.0622,0.8160,-0.1014,0.0000,-0.2031,-0.2031,0.3818
0.014,1.7705,0.0000,-0.0622,0.8151,-0.1014,0.0000,-0.2031,-0.2031,0.3819
0.018,1.7596,0.0000,-0.0622,0.8143,-0.1014,0.0000,-0.2031,-0.2031,0.3819
0.021,1.7501,0.0000,-0.0622,0.8138,-0.1014,0.0000,-0.2031,-0.2031,0.3820
0.025,1.7392,0.0000,-0.0622,0.8162,-0.0985,0.0000,-0.0307,-0.0307,0.3820
0.028,1.7282,0.0000,-0.0622,0.8157,-0.0985,0.0000,-0.0307,-0.0307,0.3821
0.032,1.7188,0.0000,-0.0622,0.8154,-0.0985,0.0000,-0.0307,-0.0307,0.3822
0.035,1.7075,0.0000,-0.0622,0.8150,-0.0985,0.0000,-0.0307,-0.0307,0.3823
0.039,1.6974,0.0000,-0.0622,0.8144,-0.0985,0.0000,-0.0307,-0.0307,0.3824
0.042,1.6881,0.0000,-0.0622,0.8138,-0.0985,0.0000,-0.0307,-0.0307,0.3825
0.045,1.6789,0.0000,-0.0622,0.8174,-0.0947,0.0000,0.1448,0.1448,0.3826
0.049,1.6676,0.0000,-0.0622,0.8173,-0.0947,0.0000,0.1448,0.1448,0.3827
0.052,1.6572,0.0000,-0.0622,0.8168,-0.0947,0.0000,0.1448,0.1448,0.3828
0.056,1.6458,0.0000,-0.0622,0.8163,-0.0947,0.0000,0.1448,0.1448,0.3829
0.059,1.6361,0.0000,-0.0622,0.8159,-0.0947,0.0000,0.1448,0.1448,0.3830
0.062,1.6267,0.0000,-0.0622,0.8156,-0.0947,0.0000,0.1448,0.1448,0.3831
0.065,1.6168,0.0000,-0.0622,0.8201,-0.0899,0.0000,0.3211,0.3211,0.3832
0.070,1.6040,0.0000,-0.0622,0.8192,-0.0899,0.0000,0.3211,0.3211,0.3833
0.073,1.5946,0.0000,-0.0622,0.8186,-0.0899,0.0000,0.3211,0.3211,0.3835
0.076,1.5855,0.0000,-0.0622,0.8181,-0.0899,0.0000,0.3211,0.3211,0.3836
0.079,1.5759,0.0000,-0.0622,0.8176,-0.0899,0.0000,0.3211,0.3211,0.3838
0.084,1.5602,0.0000,-0.0622,0.8225,-0.0843,0.0000,0.4950,0.4950,0.3839
0.089,1.5453,0.0000,-0.0622,0.8219,-0.0843,0.0000,0.4950,0.4950,0.3841
0.092,1.5358,0.0000,-0.0622,0.8215,-0.0843,0.0000,0.4950,0.4950,0.3844
0.095,1.5264,0.0000,-0.0622,0.8208,-0.0843,0.0000,0.4950,0.4950,0.3845
0.098,1.5168,0.0000,-0.0622,0.8205,-0.0843,0.0000,0.4950,0.4950,0.3847
0.102,1.5051,0.0000,-0.0622,0.8197,-0.0843,0.0000,0.4950,0.4950,0.3848
0.106,1.4939,0.0000,-0.0622,0.8255,-0.0778,0.0000,0.6646,0.6646,0.3850
0.109,1.4823,0.0000,-0.0622,0.8248,-0.0778,0.0000,0.6646,0.6646,0.3852
0.113,1.4724,0.0000,-0.0622,0.8243,-0.0778,0.0000,0.6646,0.6646,0.3854
0.116,1.4615,0.0000,-0.0622,0.8237,-0.0778,0.0000,0.6646,0.6646,0.3856
0.120,1.4497,0.0000,-0.0622,0.8232,-0.0778,0.0000,0.6646,0.6646,0.3858
0.123,1.4399,0.0000,-0.0622,0.8299,-0.0706,0.0000,0.8291,0.8291,0.3860
0.127,1.4287,0.0000,-0.0622,0.8295,-0.0706,0.0000,0.8291,0.8291,0.3862
0.131,1.4173,0.0000,-0.0622,0.8291,-0.0706,0.0000,0.8291,0.8291,0.3864
0.135,1.4036,0.0000,-0.0622,0.8287,-0.0706,0.0000,0.8291,0.8291,0.3867
0.139,1.3908,0.0000,-0.0622,0.8283,-0.0706,0.0000,0.8291,0.8291,0.3869
0.144,1.3746,0.0000,-0.0622,0.8358,-0.0628,0.0000,0.9872,0.9872,0.3872
0.148,1.3623,0.0000,-0.0622,0.8356,-0.0628,0.0000,0.9872,0.9872,0.3876
0.152,1.3498,0.0000,-0.0622,0.8348,-0.0628,0.0000,0.9872,0.9872,0.3878
0.156,1.3397,0.0000,-0.0622,0.8343,-0.0628,0.0000,0.9872,0.9872,0.3881
0.159,1.3303,0.0000,-0.0622,0.8338,-0.0628,0.0000,0.9872,0.9872,0.3883
0.163,1.3189,0.0000,-0.0622,0.8332,-0.0628,0.0000,0.9872,0.9872,0.3885
0.166,1.3078,0.0000,-0.0622,0.8409,-0.0546,0.0000,1.1379,1.1379,0.3888
0.171,1.2939,0.0000,-0.0622,0.8397,-0.0546,0.0000,1.1379,1.1379,0.3891
0.174,1.2840,0.0000,-0.0622,0.8394,-0.0546,0.0000,1.1379,1.1379,0.3894
0.177,1.2730,0.0000,-0.0622,0.8385,-0.0546,0.0000,1.1379,1.1379,0.3897
0.181,1.2633,0.0000,-0.0622,0.8377,-0.0546,0.0000,1.1379,1.1379,0.3899
0.185,1.2511,0.0000,-0.0622,0.8456,-0.0459,0.0000,1.2938,1.2938,0.3902
0.188,1.2397,0.0000,-0.0622,0.8453,-0.0459,0.0000,1.2938,1.2938,0.3905
0.191,1.2301,0.0000,-0.0622,0.8447,-0.0459,0.0000,1.2938,1.2938,0.3908
0.195,1.2186,0.0000,-0.0622,0.8440,-0.0459,0.0000,1.2938,1.2938,0.3910
0.198,1.2088,0.0000,-0.0622,0.8434,-0.0459,0.0000,1.2938,1.2938,0.3913
0.202,1.1962,0.0000,-0.0622,0.8427,-0.0459,0.0000,1.2938,1.2938,0.3916
0.206,1.1866,0.0000,-0.0622,0.8517,-0.0368,0.0000,1.4435,1.4435,0.3919
0.210,1.1735,0.0000,-0.0622,0.8510,-0.0368,0.0000,1.4435,1.4435,0.3922
0.213,1.1635,0.0000,-0.0622,0.8506,-0.0368,0.0000,1.4435,1.4435,0.3926
0.217,1.1510,0.0000,-0.0622,0.8500,-0.0368,0.0000,1.4435,1.4435,0.3928
0.220,1.1411,0.0000,-0.0622,0.8499,-0.0368,0.0000,1.4435,1.4435,0.3932
0.224,1.1300,0.0000,-0.0622,0.8584,-0.0278,0.0000,1.5641,1.5641,0.3935
0.228,1.1186,0.0000,-0.0622,0.8580,-0.0278,0.0000,1.5641,1.5641,0.3938
0.231,1.1087,0.0000,-0.0622,0.8577,-0.0278,0.0000,1.5641,1.5641,0.3942
0.236,1.0919,0.0000,-0.0622,0.8572,-0.0278,0.0000,1.5641,1.5641,0.3944
0.241,1.0770,0.0000,-0.0622,0.8568,-0.0278,0.0000,1.5641,1.5641,0.3949
0.245,1.0673,0.0000,-0.0622,0.8649,-0.0190,0.0000,1.6700,1.6700,0.3954
0.249,1.0538,0.0000,-0.0622,0.8647,-0.0190,0.0000,1.6700,1.6700,0.3957
0.252,1.0430,0.0000,-0.0622,0.8639,-0.0190,0.0000,1.6700,1.6700,0.3961
0.256,1.0313,0.0000,-0.0622,0.8632,-0.0190,0.0000,1.6700,1.6700,0.3964
0.260,1.0207,0.0000,-0.0622,0.8631,-0.0190,0.0000,1.6700,1.6700,0.3968
0.263,1.0110,0.0000,-0.0622,0.8714,-0.0105,0.0000,1.7634,1.7634,0.3971
0.268,0.9966,0.0000,-0.0622,0.8713,-0.0105,0.0000,1.7634,1.7634,0.3974
0.271,0.9869,0.0000,-0.0622,0.8707,-0.0105,0.0000,1.7634,1.7634,0.3979
0.275,0.9749,0.0000,-0.0622,0.8707,-0.0105,0.0000,1.7634,1.7634,0.3982
0.278,0.9639,0.0000,-0.0622,0.8707,-0.0105,0.0000,1.7634,1.7634,0.3986
0.283,0.9485,0.0000,-0.0622,0.8804,0.0000,0.0000,1.8586,1.8586,0.3989
0.287,0.9365,0.0000,-0.0622,0.8799,0.0000,0.0000,1.8586,1.8586,0.3994
0.291,0.9251,0.0000,-0.0622,0.8794,0.0000,0.0000,1.8586,1.8586,0.3998
0.294,0.9157,0.0000,-0.0622,0.8790,0.0000,0.0000,1.8586,1.8586,0.4002
0.297,0.9063,0.0000,-0.0622,0.8786,0.0000,0.0000,1.8586,1.8586,0.4005
0.301,0.8938,0.0000,-0.0622,0.8781,0.0000,0.0000,1.8586,1.8586,0.4008
0.305,0.8826,0.0000,-0.0622,0.8777,0.0000,0.0000,1.9445,1.9445,0.4012
0.310,0.8673,0.0000,-0.0622,0.8772,0.0000,0.0000,1.9445,1.9445,0.4016
0.314,0.8558,0.0000,-0.0622,0.8768,0.0000,0.0000,1.9445,1.9445,0.4021
0.318,0.8449,0.0000,-0.0622,0.8765,0.0000,0.0000,1.9445,1.9445,0.4025
0.321,0.8350,0.0000,-0.0622,0.8767,0.0000,0.0000,1.9445,1.9445,0.4029
0.325,0.8239,0.0000,-0.0622,0.8764,0.0000,0.0000,2.0164,2.0164,0.4032
0.328,0.8129,0.0000,-0.0622,0.8761,0.0000,0.0000,2.0164,2.0164,0.4036
0.332,0.8011,0.0000,-0.0622,0.8758,0.0000,0.0000,2.0164,2.0164,0.4040
0.336,0.7901,0.0000,-0.0622,0.8755,0.0000,0.0000,2.0164,2.0164,0.4044
0.340,0.7785,0.0000,-0.0622,0.8753,0.0000,0.0000,2.0164,2.0164,0.4047
0.343,0.7688,0.0000,-0.0622,0.8751,0.0000,0.0000,2.0656,2.0656,0.4051
0.347,0.7564,0.0000,-0.0622,0.8748,0.0000,0.0000,2.0656,2.0656,0.4055
0.350,0.7459,0.0000,-0.0622,0.8747,0.0000,0.0000,2.0656,2.0656,0.4059
0.354,0.7343,0.0000,-0.0622,0.8745,0.0000,0.0000,2.0656,2.0656,0.4062
0.357,0.7241,0.0000,-0.0622,0.8743,0.0000,0.0000,2.0656,2.0656,0.4066
0.360,0.7150,0.0000,-0.0622,0.8742,0.0000,0.0000,2.0656,2.0656,0.4070
0.364,0.7043,0.0000,-0.0622,0.8740,0.0000,0.0000,2.0985,2.0985,0.4073
0.369,0.6905,0.0000,-0.0622,0.8738,0.0000,0.0000,2.0985,2.0985,0.4077
0.373,0.6780,0.0000,-0.0622,0.8737,0.0000,0.0000,2.0985,2.0985,0.4081
0.376,0.6681,0.0000,-0.0622,0.8736,0.0000,0.0000,2.0985,2.0985,0.4086
0.380,0.6569,0.0000,-0.0622,0.8735,0.0000,0.0000,2.0985,2.0985,0.4089
0.384,0.6447,0.0000,-0.0622,0.8734,0.0000,0.0000,1.9103,1.9103,0.4093
0.389,0.6286,0.0000,-0.0622,0.8732,0.0000,0.0000,1.9103,1.9103,0.4096
0.393,0.6159,0.0000,-0.0622,0.8731,0.0000,0.0000,1.9103,1.9103,0.4101
0.397,0.6043,0.0000,-0.0622,0.8730,0.0000,0.0000,1.9103,1.9103,0.4105
0.401,0.5925,0.0000,-0.0622,0.8729,0.0000,0.0000,1.9103,1.9103,0.4108
0.405,0.5807,0.0000,-0.0622,0.8722,0.0000,0.0000,1.8367,1.8367,0.4112
0.408,0.5696,0.0000,-0.0622,0.8722,0.0000,0.0000,1.8367,1.8367,0.4115
0.412,0.5583,0.0000,-0.0622,0.8721,0.0000,0.0000,1.8367,1.8367,0.4118
0.415,0.5485,0.0000,-0.0622,0.8721,0.0000,0.0000,1.8367,1.8367,0.4122
0.419,0.5358,0.0000,-0.0622,0.8727,0.0000,0.0000,1.8367,1.8367,0.4124
0.422,0.5263,0.0000,-0.0622,0.8731,0.0000,0.0000,1.8367,1.8367,0.4128
0.426,0.5147,0.0000,-0.0622,0.8730,0.0000,0.0000,1.7573,1.7573,0.4131
0.430,0.5020,0.0000,-0.0622,0.8730,0.0000,0.0000,1.7573,1.7573,0.4134
0.435,0.4865,0.0000,-0.0622,0.8729,0.0000,0.0000,1.7573,1.7573,0.4137
0.439,0.4751,0.0000,-0.0622,0.8728,0.0000,0.0000,1.7573,1.7573,0.4141
0.443,0.4621,0.0000,-0.0622,0.8727,0.0000,0.0000,1.6846,1.6846,0.4144
0.447,0.4491,0.0000,-0.0622,0.8733,0.0000,0.0000,1.6846,1.6846,0.4147
0.455,0.4242,0.0000,-0.0622,0.8737,0.0000,0.0000,1.6846,1.6846,0.4150
0.464,0.3954,0.0000,-0.0622,0.8742,0.0000,0.0000,1.3917,1.3917,0.4156
0.471,0.3726,0.0000,-0.0622,0.8734,0.0000,0.0000,1.3917,1.3917,0.4161
0.477,0.3549,0.0000,-0.0622,0.8745,0.0000,0.0000,1.3917,1.3917,0.4166
0.480,0.3447,0.0000,-0.0622,0.8746,0.0000,0.0000,1.3917,1.3917,0.4169
0.484,0.3321,0.0000,-0.0622,0.8643,-0.0104,0.0000,1.4333,1.4333,0.4171
0.488,0.3205,0.0000,-0.0622,0.8645,-0.0104,0.0000,1.4333,1.4333,0.4173
0.492,0.3083,0.0000,-0.0622,0.8652,-0.0104,0.0000,1.4333,1.4333,0.4176
0.495,0.2982,0.0000,-0.0622,0.8653,-0.0104,0.0000,1.4333,1.4333,0.4178
0.499,0.2860,0.0000,-0.0622,0.8659,-0.0104,0.0000,1.4333,1.4333,0.4180
0.503,0.2735,0.0000,-0.0622,0.8666,-0.0104,0.0000,1.4333,1.4333,0.4182
0.506,0.2611,0.0000,-0.0622,0.8667,-0.0109,0.0000,1.2558,1.2558,0.4184
0.510,0.2489,0.0000,-0.0622,0.8679,-0.0109,0.0000,1.2558,1.2558,0.4186
0.513,0.2390,0.0000,-0.0622,0.8679,-0.0109,0.0000,1.2558,1.2558,0.4188
0.517,0.2253,0.0000,-0.0622,0.8685,-0.0109,0.0000,1.2558,1.2558,0.4190
0.521,0.2146,0.0000,-0.0622,0.8689,-0.0109,0.0000,1.2558,1.2558,0.4192
0.525,0.2001,0.0000,-0.0622,0.8551,-0.0253,0.0000,1.2854,1.2854,0.4193
0.529,0.1876,0.0000,-0.0622,0.8555,-0.0253,0.0000,1.2854,1.2854,0.4195
0.533,0.1733,0.0000,-0.0622,0.8560,-0.0253,0.0000,1.2854,1.2854,0.4197
0.537,0.1582,0.0000,-0.0622,0.8565,-0.0253,0.0000,1.2854,1.2854,0.4200
0.543,0.1394,0.0000,-0.0622,0.8651,-0.0172,0.0000,1.0053,1.0053,0.4202
0.548,0.1210,0.0000,-0.0622,0.8656,-0.0172,0.0000,1.0053,1.0053,0.4204
0.552,0.1079,0.0000,-0.0622,0.8665,-0.0172,0.0000,1.0053,1.0053,0.4206
0.556,0.0946,0.0000,-0.0622,0.8668,-0.0172,0.0000,1.0053,1.0053,0.4207
0.559,0.0840,0.0000,-0.0622,0.8672,-0.0172,0.0000,1.0053,1.0053,0.4208
0.563,0.0720,0.0000,-0.0622,0.8568,-0.0280,0.0000,0.9519,0.9519,0.4210
0.567,0.0579,0.0000,-0.0622,0.8573,-0.0280,0.0000,0.9519,0.9519,0.4211
0.570,0.0453,0.0000,-0.0622,0.8572,-0.0280,0.0000,0.9519,0.9519,0.4212
0.574,0.0318,0.0000,-0.0622,0.8582,-0.0280,0.0000,0.9519,0.9519,0.4213
0.577,0.0206,0.0000,-0.0622,0.8585,-0.0280,0.0000,0.9519,0.9519,0.4214
0.581,0.0075,0.0000,-0.0622,0.8594,-0.0280,0.0000,0.9519,0.9519,0.4215
0.585,-0.0059,0.0000,-0.0622,0.8515,-0.0362,0.0000,0.8679,0.8679,0.4216
0.589,-0.0218,0.0000,-0.0622,0.8524,-0.0362,0.0000,0.8679,0.8679,0.4218
0.592,-0.0335,0.0000,-0.0622,0.8531,-0.0362,0.0000,0.8679,0.8679,0.4219
0.596,-0.0483,0.0000,-0.0622,0.8539,-0.0362,0.0000,0.8679,0.8679,0.4220
0.600,-0.0623,0.0000,-0.0622,0.8546,-0.0362,0.0000,0.8679,0.8679,0.4221
0.604,-0.0771,0.0000,-0.0622,0.8534,-0.0375,0.0000,0.7155,0.7155,0.4222
0.608,-0.0916,0.0000,-0.0622,0.8540,-0.0375,0.0000,0.7155,0.7155,0.4222
0.611,-0.1034,0.0000,-0.0622,0.8545,-0.0375,0.0000,0.7155,0.7155,0.4223
0.615,-0.1178,0.0000,-0.0622,0.8550,-0.0375,0.0000,0.7155,0.7155,0.4224
0.618,-0.1316,0.0000,-0.0622,0.8555,-0.0375,0.0000,0.7155,0.7155,0.4225
0.622,-0.1460,0.0000,-0.0622,0.8560,-0.0375,0.0000,0.7155,0.7155,0.4225
0.625,-0.1581,0.0000,-0.0622,0.8580,-0.0358,0.0000,0.5380,0.5380,0.4226
0.630,-0.1746,0.0000,-0.0622,0.8587,-0.0358,0.0000,0.5380,0.5380,0.4226
0.633,-0.1893,0.0000,-0.0622,0.8593,-0.0358,0.0000,0.5380,0.5380,0.4227
0.637,-0.2053,0.0000,-0.0622,0.8598,-0.0358,0.0000,0.5380,0.5380,0.4227
0.640,-0.2181,0.0000,-0.0622,0.8607,-0.0358,0.0000,0.5380,0.5380,0.4227
0.644,-0.2332,0.0000,-0.0622,0.8530,-0.0439,0.0000,0.4510,0.4510,0.4228
0.648,-0.2490,0.0000,-0.0622,0.8539,-0.0439,0.0000,0.4510,0.4510,0.4228
0.652,-0.2660,0.0000,-0.0622,0.8549,-0.0439,0.0000,0.4510,0.4510,0.4228
0.655,-0.2791,0.0000,-0.0622,0.8555,-0.0439,0.0000,0.4510,0.4510,0.4228
0.658,-0.2919,0.0000,-0.0622,0.8561,-0.0439,0.0000,0.4510,0.4510,0.4229
0.662,-0.3072,0.0000,-0.0622,0.8568,-0.0439,0.0000,0.4510,0.4510,0.4229
0.665,-0.3212,0.0000,-0.0622,0.8499,-0.0517,0.0000,0.3627,0.3627,0.4229
0.670,-0.3417,0.0000,-0.0622,0.8512,-0.0517,0.0000,0.3627,0.3627,0.4229
0.673,-0.3556,0.0000,-0.0622,0.8521,-0.0517,0.0000,0.3627,0.3627,0.4229
0.677,-0.3717,0.0000,-0.0622,0.8530,-0.0517,0.0000,0.3627,0.3627,0.4229
0.680,-0.3856,0.0000,-0.0622,0.8539,-0.0517,0.0000,0.3627,0.3627,0.4229
0.684,-0.4037,0.0000,-0.0622,0.8389,-0.0678,0.0000,0.3408,0.3408,0.4229
0.688,-0.4217,0.0000,-0.0622,0.8399,-0.0678,0.0000,0.3408,0.3408,0.4229
0.693,-0.4436,0.0000,-0.0622,0.8416,-0.0678,0.0000,0.3408,0.3408,0.4229
0.697,-0.4631,0.0000,-0.0622,0.8430,-0.0678,0.0000,0.3408,0.3408,0.4229
0.701,-0.4832,0.0000,-0.0622,0.8438,-0.0678,0.0000,0.3408,0.3408,0.4229
0.706,-0.5048,0.0000,-0.0622,0.8326,-0.0802,0.0000,0.2921,0.2921,0.4229
0.710,-0.5256,0.0000,-0.0622,0.8332,-0.0802,0.0000,0.2921,0.2921,0.4229
0.713,-0.5410,0.0000,-0.0622,0.8340,-0.0802,0.0000,0.2921,0.2921,0.4229
0.717,-0.5610,0.0000,-0.0622,0.8351,-0.0802,0.0000,0.2921,0.2921,0.4229
0.721,-0.5766,0.0000,-0.0622,0.8356,-0.0802,0.0000,0.2921,0.2921,0.4229
0.725,-0.5979,0.0000,-0.0622,0.8326,-0.0842,0.0000,0.1836,0.1836,0.4229
0.730,-0.6257,0.0000,-0.0622,0.8331,-0.0842,0.0000,0.1836,0.1836,0.4228
0.735,-0.6505,0.0000,-0.0622,0.8340,-0.0842,0.0000,0.1836,0.1836,0.4228
0.741,-0.6817,0.0000,-0.0622,0.8356,-0.0842,0.0000,0.1836,0.1836,0.4228
0.744,-0.7012,0.0000,-0.0622,0.8316,-0.0891,0.0000,0.0844,0.0844,0.4227
0.750,-0.7309,0.0000,-0.0622,0.8331,-0.0891,0.0000,0.0844,0.0844,0.4227
0.754,-0.7522,0.0000,-0.0622,0.8344,-0.0891,0.0000,0.0844,0.0844,0.4226
0.758,-0.7742,0.0000,-0.0622,0.8357,-0.0891,0.0000,0.0844,0.0844,0.4225
0.761,-0.7944,0.0000,-0.0622,0.8365,-0.0891,0.0000,0.0844,0.0844,0.4225
0.765,-0.8171,0.0000,-0.0622,0.8282,-0.0987,0.0000,0.0214,0.0214,0.4225
0.769,-0.8422,0.0000,-0.0622,0.8292,-0.0987,0.0000,0.0214,0.0214,0.4224
0.773,-0.8652,0.0000,-0.0622,0.8304,-0.0987,0.0000,0.0214,0.0214,0.4223
0.776,-0.8839,0.0000,-0.0622,0.8315,-0.0987,0.0000,0.0214,0.0214,0.4223
0.779,-0.9033,0.0000,-0.0622,0.8324,-0.0987,0.0000,0.0214,0.0214,0.4222
0.783,-0.9278,0.0000,-0.0622,0.8293,-0.1027,0.0000,-0.0761,-0.0761,0.4222
0.787,-0.9527,0.0000,-0.0622,0.8301,-0.1027,0.0000,-0.0761,-0.0761,0.4221
0.791,-0.9761,0.0000,-0.0622,0.8309,-0.1027,0.0000,-0.0761,-0.0761,0.4220
0.794,-0.9964,0.0000,-0.0622,0.8317,-0.1027,0.0000,-0.0761,-0.0761,0.4219
0.798,-1.0198,0.0000,-0.0622,0.8326,-0.1027,0.0000,-0.0761,-0.0761,0.4219
0.801,-1.0439,0.0000,-0.0622,0.8333,-0.1027,0.0000,-0.0761,-0.0761,0.4218
0.805,-1.0694,0.0000,-0.0622,0.8242,-0.1126,0.0000,-0.1288,-0.1288,0.4217
0.809,-1.0949,0.0000,-0.0622,0.8249,-0.1126,0.0000,-0.1288,-0.1288,0.4216
0.812,-1.1196,0.0000,-0.0622,0.8255,-0.1126,0.0000,-0.1288,-0.1288,0.4216
0.815,-1.1425,0.0000,-0.0622,0.8261,-0.1126,0.0000,-0.1288,-0.1288,0.4215
0.819,-1.1691,0.0000,-0.0622,0.8266,-0.1126,0.0000,-0.1288,-0.1288,0.4214
0.823,-1.1970,0.0000,-0.0622,0.8173,-0.1227,0.0000,-0.1746,-0.1746,0.4213
0.826,-1.2241,0.0000,-0.0622,0.8182,-0.1227,0.0000,-0.1746,-0.1746,0.4212
0.830,-1.2516,0.0000,-0.0622,0.8191,-0.1227,0.0000,-0.1746,-0.1746,0.4211
0.834,-1.2803,0.0000,-0.0622,0.8200,-0.1227,0.0000,-0.1746,-0.1746,0.4211
0.838,-1.3104,0.0000,-0.0622,0.8208,-0.1227,0.0000,-0.1746,-0.1746,0.4210
0.841,-1.3372,0.0000,-0.0622,0.8217,-0.1227,0.0000,-0.1746,-0.1746,0.4209
0.846,-1.3777,0.0000,-0.0622,0.8130,-0.1328,0.0000,-0.2146,-0.2146,0.4208
0.851,-1.4249,0.0000,-0.0622,0.8144,-0.1328,0.0000,-0.2146,-0.2146,0.4207
0.855,-1.4599,0.0000,-0.0622,0.8152,-0.1328,0.0000,-0.2146,-0.2146,0.4205
0.859,-1.4882,0.0000,-0.0622,0.8159,-0.1328,0.0000,-0.2146,-0.2146,0.4204
0.862,-1.5206,0.0000,-0.0622,0.8167,-0.1328,0.0000,-0.2146,-0.2146,0.4204
0.866,-1.5551,0.0000,-0.0622,0.8080,-0.1422,0.0000,-0.2537,-0.2537,0.4203
0.871,-1.5982,0.0000,-0.0622,0.8085,-0.1422,0.0000,-0.2537,-0.2537,0.4202
0.874,-1.6255,0.0000,-0.0622,0.8089,-0.1422,0.0000,-0.2537,-0.2537,0.4200
0.877,-1.6520,0.0000,-0.0622,0.8092,-0.1422,0.0000,-0.2537,-0.2537,0.4199
0.881,-1.6831,0.0000,-0.0622,0.8097,-0.1422,0.0000,-0.2537,-0.2537,0.4199
0.886,-1.7285,0.0000,-0.0622,0.8018,-0.1506,0.0000,-0.2926,-0.2926,0.4198
0.890,-1.7581,0.0000,-0.0622,0.8021,-0.1506,0.0000,-0.2926,-0.2926,0.4196
0.893,-1.7819,0.0000,-0.0622,0.8022,-0.1506,0.0000,-0.2926,-0.2926,0.4195
0.896,-1.8065,0.0000,-0.0622,0.8023,-0.1506,0.0000,-0.2926,-0.2926,0.4194
0.900,-1.8326,0.0000,-0.0622,0.8025,-0.1506,0.0000,-0.2926,-0.2926,0.4193
0.903,-1.8590,0.0000,-0.0622,0.7950,-0.1582,0.0000,-0.3315,-0.3315,0.4192
0.907,-1.8842,0.0000,-0.0622,0.7953,-0.1582,0.0000,-0.3315,-0.3315,0.4191
0.910,-1.9090,0.0000,-0.0622,0.7956,-0.1582,0.0000,-0.3315,-0.3315,0.4190
0.914,-1.9333,0.0000,-0.0622,0.7958,-0.1582,0.0000,-0.3315,-0.3315,0.4189
0.918,-1.9587,0.0000,-0.0622,0.7962,-0.1582,0.0000,-0.3315,-0.3315,0.4188
0.922,-1.9851,0.0000,-0.0622,0.7966,-0.1582,0.0000,-0.3315,-0.3315,0.4187
0.925,-2.0072,0.0000,-0.0622,0.7903,-0.1650,0.0000,-0.3701,-0.3701,0.4186
0.930,-2.0369,0.0000,-0.0622,0.7910,-0.1650,0.0000,-0.3701,-0.3701,0.4185
0.934,-2.0648,0.0000,-0.0622,0.7916,-0.1650,0.0000,-0.3701,-0.3701,0.4183
0.938,-2.0844,0.0000,-0.0622,0.7920,-0.1650,0.0000,-0.3701,-0.3701,0.4182
0.941,-2.1017,0.0000,-0.0622,0.7924,-0.1650,0.0000,-0.3701,-0.3701,0.4181
0.944,-2.1234,0.0000,-0.0622,0.7852,-0.1724,0.0000,-0.3967,-0.3967,0.4180
0.948,-2.1461,0.0000,-0.0622,0.7855,-0.1724,0.0000,-0.3967,-0.3967,0.4179
0.952,-2.1657,0.0000,-0.0622,0.7857,-0.1724,0.0000,-0.3967,-0.3967,0.4178
0.955,-2.1824,0.0000,-0.0622,0.7857,-0.1724,0.0000,-0.3967,-0.3967,0.4176
0.959,-2.2012,0.0000,-0.0622,0.7858,-0.1724,0.0000,-0.3967,-0.3967,0.4176
0.962,-2.2169,0.0000,-0.0622,0.7858,-0.1724,0.0000,-0.3967,-0.3967,0.4174
0.965,-2.2323,0.0000,-0.0622,0.7828,-0.1754,0.0000,-0.4521,-0.4521,0.4173
0.969,-2.2538,0.0000,-0.0622,0.7827,-0.1754,0.0000,-0.4521,-0.4521,0.4172
0.972,-2.2689,0.0000,-0.0622,0.7827,-0.1754,0.0000,-0.4521,-0.4521,0.4171
0.976,-2.2857,0.0000,-0.0622,0.7825,-0.1754,0.0000,-0.4521,-0.4521,0.4170
0.979,-2.3004,0.0000,-0.0622,0.7823,-0.1754,0.0000,-0.4521,-0.4521,0.4169
0.983,-2.3206,0.0000,-0.0622,0.7796,-0.1777,0.0000,-0.5079,-0.5079,0.4168
0.988,-2.3387,0.0000,-0.0622,0.7793,-0.1777,0.0000,-0.5079,-0.5079,0.4166
0.992,-2.3566,0.0000,-0.0622,0.7791,-0.1777,0.0000,-0.5079,-0.5079,0.4165
0.997,-2.3771,0.0000,-0.0622,0.7790,-0.1777,0.0000,-0.5079,-0.5079,0.4163
1.002,-2.3988,0.0000,-0.0622,0.7790,-0.1777,0.0000,-0.5079,-0.5079,0.4161
1.006,-2.4134,0.0000,-0.0622,0.7794,-0.1775,0.0000,-0.5819,-0.5819,0.4160
1.009,-2.4280,0.0000,-0.0622,0.7797,-0.1775,0.0000,-0.5819,-0.5819,0.4158
1.012,-2.4396,0.0000,-0.0622,0.7797,-0.1775,0.0000,-0.5819,-0.5819,0.4157
1.016,-2.4514,0.0000,-0.0622,0.7798,-0.1775,0.0000,-0.5819,-0.5819,0.4155
1.019,-2.4641,0.0000,-0.0622,0.7801,-0.1775,0.0000,-0.5819,-0.5819,0.4154
1.023,-2.4782,0.0000,-0.0622,0.7797,-0.1782,0.0000,-0.6447,-0.6447,0.4153
1.027,-2.4921,0.0000,-0.0622,0.7800,-0.1782,0.0000,-0.6447,-0.6447,0.4151
1.030,-2.5038,0.0000,-0.0622,0.7802,-0.1782,0.0000,-0.6447,-0.6447,0.4150
1.034,-2.5153,0.0000,-0.0622,0.7805,-0.1782,0.0000,-0.6447,-0.6447,0.4148
1.037,-2.5259,0.0000,-0.0622,0.7806,-0.1782,0.0000,-0.6447,-0.6447,0.4147
1.040,-2.5358,0.0000,-0.0622,0.7806,-0.1782,0.0000,-0.6447,-0.6447,0.4146
1.043,-2.5453,0.0000,-0.0622,0.7795,-0.1794,0.0000,-0.7010,-0.7010,0.4144
1.047,-2.5564,0.0000,-0.0622,0.7794,-0.1794,0.0000,-0.7010,-0.7010,0.4143
1.051,-2.5683,0.0000,-0.0622,0.7793,-0.1794,0.0000,-0.7010,-0.7010,0.4141
1.054,-2.5780,0.0000,-0.0622,0.7793,-0.1794,0.0000,-0.7010,-0.7010,0.4140
1.057,-2.5866,0.0000,-0.0622,0.7791,-0.1794,0.0000,-0.7010,-0.7010,0.4138
1.060,-2.5952,0.0000,-0.0622,0.7790,-0.1794,0.0000,-0.7010,-0.7010,0.4137
1.063,-2.6036,0.0000,-0.0622,0.7773,-0.1809,0.0000,-0.7523,-0.7523,0.4136
1.067,-2.6146,0.0000,-0.0622,0.7770,-0.1809,0.0000,-0.7523,-0.7523,0.4134
1.071,-2.6246,0.0000,-0.0622,0.7766,-0.1809,0.0000,-0.7523,-0.7523,0.4133
1.074,-2.6327,0.0000,-0.0622,0.7762,-0.1809,0.0000,-0.7523,-0.7523,0.4131
1.077,-2.6403,0.0000,-0.0622,0.7759,-0.1809,0.0000,-0.7523,-0.7523,0.4130
1.080,-2.6480,0.0000,-0.0622,0.7756,-0.1809,0.0000,-0.7523,-0.7523,0.4128
1.084,-2.6572,0.0000,-0.0622,0.7772,-0.1789,0.0000,-0.8337,-0.8337,0.4127
1.088,-2.6669,0.0000,-0.0622,0.7769,-0.1789,0.0000,-0.8337,-0.8337,0.4125
1.091,-2.6742,0.0000,-0.0622,0.7767,-0.1789,0.0000,-0.8337,-0.8337,0.4123
1.094,-2.6813,0.0000,-0.0622,0.7767,-0.1789,0.0000,-0.8337,-0.8337,0.4122
1.099,-2.6916,0.0000,-0.0622,0.7767,-0.1789,0.0000,-0.8337,-0.8337,0.4120
1.103,-2.7020,0.0000,-0.0622,0.7784,-0.1773,0.0000,-0.9108,-0.9108,0.4118
1.107,-2.7100,0.0000,-0.0622,0.7786,-0.1773,0.0000,-0.9108,-0.9108,0.4116
1.110,-2.7164,0.0000,-0.0622,0.7787,-0.1773,0.0000,-0.9108,-0.9108,0.4114
1.113,-2.7227,0.0000,-0.0622,0.7789,-0.1773,0.0000,-0.9108,-0.9108,0.4112
1.117,-2.7294,0.0000,-0.0622,0.7793,-0.1773,0.0000,-0.9108,-0.9108,0.4111
1.120,-2.7356,0.0000,-0.0622,0.7796,-0.1773,0.0000,-0.9108,-0.9108,0.4109
1.123,-2.7415,0.0000,-0.0622,0.7790,-0.1782,0.0000,-0.9649,-0.9649,0.4108
1.126,-2.7482,0.0000,-0.0622,0.7792,-0.1782,0.0000,-0.9649,-0.9649,0.4106
1.129,-2.7539,0.0000,-0.0622,0.7794,-0.1782,0.0000,-0.9649,-0.9649,0.4104
1.133,-2.7600,0.0000,-0.0622,0.7796,-0.1782,0.0000,-0.9649,-0.9649,0.4102
1.136,-2.7662,0.0000,-0.0622,0.7796,-0.1782,0.0000,-0.9649,-0.9649,0.4101
1.139,-2.7717,0.0000,-0.0622,0.7797,-0.1782,0.0000,-0.9649,-0.9649,0.4099
1.143,-2.7778,0.0000,-0.0622,0.7804,-0.1775,0.0000,-1.0317,-1.0317,0.4097
1.148,-2.7870,0.0000,-0.0622,0.7802,-0.1775,0.0000,-1.0317,-1.0317,0.4095
1.153,-2.7952,0.0000,-0.0622,0.7800,-0.1775,0.0000,-1.0317,-1.0317,0.4092
1.157,-2.8004,0.0000,-0.0622,0.7799,-0.1775,0.0000,-1.0317,-1.0317,0.4090
1.160,-2.8052,0.0000,-0.0622,0.7797,-0.1775,0.0000,-1.0317,-1.0317,0.4088
1.163,-2.8098,0.0000,-0.0622,0.7796,-0.1773,0.0000,-1.0916,-1.0916,0.4086
1.167,-2.8153,0.0000,-0.0622,0.7792,-0.1773,0.0000,-1.0916,-1.0916,0.4085
1.170,-2.8202,0.0000,-0.0622,0.7790,-0.1773,0.0000,-1.0916,-1.0916,0.4082
1.173,-2.8247,0.0000,-0.0622,0.7786,-0.1773,0.0000,-1.0916,-1.0916,0.4081
1.177,-2.8296,0.0000,-0.0622,0.7782,-0.1773,0.0000,-1.0916,-1.0916,0.4079
1.180,-2.8340,0.0000,-0.0622,0.7778,-0.1773,0.0000,-1.0916,-1.0916,0.4077
1.183,-2.8385,0.0000,-0.0622,0.7761,-0.1787,0.0000,-1.1335,-1.1335,0.4075
1.187,-2.8435,0.0000,-0.0622,0.7759,-0.1787,0.0000,-1.1335,-1.1335,0.4073
1.190,-2.8473,0.0000,-0.0622,0.7758,-0.1787,0.0000,-1.1335,-1.1335,0.4071
1.193,-2.8513,0.0000,-0.0622,0.7757,-0.1787,0.0000,-1.1335,-1.1335,0.4069
1.196,-2.8551,0.0000,-0.0622,0.7757,-0.1787,0.0000,-1.1335,-1.1335,0.4068
1.199,-2.8592,0.0000,-0.0622,0.7758,-0.1787,0.0000,-1.1335,-1.1335,0.4066
1.203,-2.8631,0.0000,-0.0622,0.7725,-0.1821,0.0000,-1.1533,-1.1533,0.4064
1.206,-2.8673,0.0000,-0.0622,0.7728,-0.1821,0.0000,-1.1533,-1.1533,0.4062
1.209,-2.8707,0.0000,-0.0622,0.7730,-0.1821,0.0000,-1.1533,-1.1533,0.4060
1.212,-2.8741,0.0000,-0.0622,0.7733,-0.1821,0.0000,-1.1533,-1.1533,0.4058
1.216,-2.8777,0.0000,-0.0622,0.7736,-0.1821,0.0000,-1.1533,-1.1533,0.4057
1.219,-2.8819,0.0000,-0.0622,0.7740,-0.1821,0.0000,-1.1533,-1.1533,0.4055
1.223,-2.8852,0.0000,-0.0622,0.7705,-0.1859,0.0000,-1.1638,-1.1638,0.4053
1.226,-2.8889,0.0000,-0.0622,0.7707,-0.1859,0.0000,-1.1638,-1.1638,0.4051
1.229,-2.8921,0.0000,-0.0622,0.7709,-0.1859,0.0000,-1.1638,-1.1638,0.4049
1.233,-2.8953,0.0000,-0.0622,0.7710,-0.1859,0.0000,-1.1638,-1.1638,0.4047
1.237,-2.8992,0.0000,-0.0622,0.7712,-0.1859,0.0000,-1.1638,-1.1638,0.4045
1.240,-2.9021,0.0000,-0.0622,0.7712,-0.1859,0.0000,-1.1638,-1.1638,0.4043
1.243,-2.9049,0.0000,-0.0622,0.7672,-0.1899,0.0000,-1.1673,-1.1673,0.4041
1.246,-2.9081,0.0000,-0.0622,0.7671,-0.1899,0.0000,-1.1673,-1.1673,0.4040
1.249,-2.9110,0.0000,-0.0622,0.7670,-0.1899,0.0000,-1.1673,-1.1673,0.4038
1.253,-2.9143,0.0000,-0.0622,0.7668,-0.1899,0.0000,-1.1673,-1.1673,0.4036
1.256,-2.9169,0.0000,-0.0622,0.7667,-0.1899,0.0000,-1.1673,-1.1673,0.4034
1.259,-2.9194,0.0000,-0.0622,0.7664,-0.1899,0.0000,-1.1673,-1.1673,0.4032
1.262,-2.9219,0.0000,-0.0622,0.7662,-0.1899,0.0000,-1.1673,-1.1673,0.4031
1.265,-2.9243,0.0000,-0.0622,0.7618,-0.1940,0.0000,-1.1636,-1.1636,0.4029
1.269,-2.9277,0.0000,-0.0622,0.7613,-0.1940,0.0000,-1.1636,-1.1636,0.4027
1.275,-2.9319,0.0000,-0.0622,0.7606,-0.1940,0.0000,-1.1636,-1.1636,0.4025
1.278,-2.9348,0.0000,-0.0622,0.7601,-0.1940,0.0000,-1.1636,-1.1636,0.4022
1.283,-2.9379,0.0000,-0.0622,0.7596,-0.1940,0.0000,-1.1636,-1.1636,0.4020
1.287,-2.8928,0.0000,-0.0622,0.7552,-0.1982,0.0000,-1.1526,-1.1526,0.4018
1.293,-2.8343,0.0000,-0.0622,0.7555,-0.1982,0.0000,-1.1526,-1.1526,0.4016
1.298,-2.7783,0.0000,-0.0622,0.7562,-0.1982,0.0000,-1.1526,-1.1526,0.4013
1.304,-2.7165,0.0000,-0.0622,0.7518,-0.2039,0.0000,-1.1176,-1.1176,0.4010
1.309,-2.6684,0.0000,-0.0622,0.7533,-0.2039,0.0000,-1.1176,-1.1176,0.4007
1.313,-2.6318,0.0000,-0.0622,0.7546,-0.2039,0.0000,-1.1176,-1.1176,0.4005
1.317,-2.5911,0.0000,-0.0622,0.7563,-0.2039,0.0000,-1.1176,-1.1176,0.4003
1.321,-2.5530,0.0000,-0.0622,0.7582,-0.2039,0.0000,-1.1176,-1.1176,0.4001
1.324,-2.5226,0.0000,-0.0622,0.7547,-0.2090,0.0000,-1.0810,-1.0810,0.3999
1.328,-2.4820,0.0000,-0.0622,0.7570,-0.2090,0.0000,-1.0810,-1.0810,0.3997
1.332,-2.4434,0.0000,-0.0622,0.7594,-0.2090,0.0000,-1.0810,-1.0810,0.3995
1.336,-2.4091,0.0000,-0.0622,0.7615,-0.2090,0.0000,-1.0810,-1.0810,0.3993
1.340,-2.3748,0.0000,-0.0622,0.7637,-0.2090,0.0000,-1.0810,-1.0810,0.3992
1.343,-2.3447,0.0000,-0.0622,0.7602,-0.2145,0.0000,-1.0294,-1.0294,0.3990
1.347,-2.3072,0.0000,-0.0622,0.7628,-0.2145,0.0000,-1.0294,-1.0294,0.3989
1.350,-2.2762,0.0000,-0.0622,0.7651,-0.2145,0.0000,-1.0294,-1.0294,0.3987
1.354,-2.2413,0.0000,-0.0622,0.7677,-0.2145,0.0000,-1.0294,-1.0294,0.3985
1.357,-2.2139,0.0000,-0.0622,0.7699,-0.2145,0.0000,-1.0294,-1.0294,0.3984
1.361,-2.1814,0.0000,-0.0622,0.7725,-0.2145,0.0000,-1.0294,-1.0294,0.3982
1.365,-2.1516,0.0000,-0.0622,0.7698,-0.2197,0.0000,-0.9700,-0.9700,0.3981
1.369,-2.1147,0.0000,-0.0622,0.7731,-0.2197,0.0000,-0.9700,-0.9700,0.3979
1.372,-2.0870,0.0000,-0.0622,0.7756,-0.2197,0.0000,-0.9700,-0.9700,0.3978
1.375,-2.0612,0.0000,-0.0622,0.7781,-0.2197,0.0000,-0.9700,-0.9700,0.3976
1.379,-2.0338,0.0000,-0.0622,0.7808,-0.2197,0.0000,-0.9700,-0.9700,0.3975
1.382,-2.0045,0.0000,-0.0622,0.7840,-0.2197,0.0000,-0.9700,-0.9700,0.3974
1.386,-1.9719,0.0000,-0.0622,0.7830,-0.2247,0.0000,-0.9029,-0.9029,0.3973
1.390,-1.9424,0.0000,-0.0622,0.7869,-0.2247,0.0000,-0.9029,-0.9029,0.3971
1.393,-1.9177,0.0000,-0.0622,0.7904,-0.2247,0.0000,-0.9029,-0.9029,0.3970
1.396,-1.8939,0.0000,-0.0622,0.7941,-0.2247,0.0000,-0.9029,-0.9029,0.3969
1.399,-1.8676,0.0000,-0.0622,0.7984,-0.2247,0.0000,-0.9029,-0.9029,0.3968
1.403,-1.8422,0.0000,-0.0622,0.7975,-0.2300,0.0000,-0.8193,-0.8193,0.3967
1.406,-1.8145,0.0000,-0.0622,0.8026,-0.2300,0.0000,-0.8193,-0.8193,0.3966
1.409,-1.7907,0.0000,-0.0622,0.8074,-0.2300,0.0000,-0.8193,-0.8193,0.3965
1.413,-1.7670,0.0000,-0.0622,0.8123,-0.2300,0.0000,-0.8193,-0.8193,0.3964
1.416,-1.7424,0.0000,-0.0622,0.8178,-0.2300,0.0000,-0.8193,-0.8193,0.3963
1.419,-1.7174,0.0000,-0.0622,0.8236,-0.2300,0.0000,-0.8193,-0.8193,0.3962
1.423,-1.6949,0.0000,-0.0622,0.8242,-0.2350,0.0000,-0.7299,-0.7299,0.3961
1.427,-1.6667,0.0000,-0.0622,0.8316,-0.2350,0.0000,-0.7299,-0.7299,0.3960
1.430,-1.6442,0.0000,-0.0622,0.8376,-0.2350,0.0000,-0.7299,-0.7299,0.3959
1.434,-1.6158,0.0000,-0.0622,0.8454,-0.2350,0.0000,-0.7299,-0.7299,0.3958
1.437,-1.5931,0.0000,-0.0622,0.8518,-0.2350,0.0000,-0.7299,-0.7299,0.3957
1.440,-1.5713,0.0000,-0.0622,0.8581,-0.2350,0.0000,-0.7299,-0.7299,0.3956
1.443,-1.5504,0.0000,-0.0622,0.8596,-0.2396,0.0000,-0.6376,-0.6376,0.3955
1.447,-1.5268,0.0000,-0.0622,0.8667,-0.2396,0.0000,-0.6376,-0.6376,0.3955
1.451,-1.5030,0.0000,-0.0622,0.8741,-0.2396,0.0000,-0.6376,-0.6376,0.3954
1.456,-1.4707,0.0000,-0.0622,0.8845,-0.2396,0.0000,-0.6376,-0.6376,0.3953
1.460,-1.4425,0.0000,-0.0622,0.8939,-0.2396,0.0000,-0.6376,-0.6376,0.3952
1.463,-1.4235,0.0000,-0.0622,0.8991,-0.2409,0.0000,-0.5831,-0.5831,0.3951
1.467,-1.3997,0.0000,-0.0622,0.9075,-0.2409,0.0000,-0.5831,-0.5831,0.3951
1.470,-1.3800,0.0000,-0.0622,0.9145,-0.2409,0.0000,-0.5831,-0.5831,0.3950
1.474,-1.3573,0.0000,-0.0622,0.9230,-0.2409,0.0000,-0.5831,-0.5831,0.3950
1.479,-1.3286,0.0000,-0.0622,0.9349,-0.2409,0.0000,-0.5831,-0.5831,0.3949
1.487,-1.2819,0.0000,-0.0622,0.9562,-0.2417,0.0000,-0.5288,-0.5288,0.3948
1.493,-1.2461,0.0000,-0.0622,0.9749,-0.2417,0.0000,-0.5288,-0.5288,0.3947
1.499,-1.2140,0.0000,-0.0622,0.9934,-0.2417,0.0000,-0.5288,-0.5288,0.3946
1.506,-1.1743,0.0000,-0.0622,1.0197,-0.2409,0.0000,-0.4901,-0.4901,0.3946
1.512,-1.1431,0.0000,-0.0622,1.0415,-0.2409,0.0000,-0.4901,-0.4901,0.3945
1.518,-1.1132,0.0000,-0.0622,1.0642,-0.2409,0.0000,-0.4901,-0.4901,0.3944
1.523,-1.0858,0.0000,-0.0622,1.0871,-0.2400,0.0000,-0.4392,-0.4392,0.3943
1.528,-1.0633,0.0000,-0.0622,1.1059,-0.2400,0.0000,-0.4392,-0.4392,0.3943
1.531,-1.0453,0.0000,-0.0622,1.1214,-0.2400,0.0000,-0.4392,-0.4392,0.3942
1.537,-1.0212,0.0000,-0.0622,1.1429,-0.2400,0.0000,-0.4392,-0.4392,0.3942
1.541,-0.9986,0.0000,-0.0622,1.1639,-0.2400,0.0000,-0.4392,-0.4392,0.3942
1.546,-0.9760,0.0000,-0.0622,1.1872,-0.2384,0.0000,-0.3819,-0.3819,0.3941
1.551,-0.9537,0.0000,-0.0622,1.2096,-0.2384,0.0000,-0.3819,-0.3819,0.3941
1.555,-0.9370,0.0000,-0.0622,1.2269,-0.2384,0.0000,-0.3819,-0.3819,0.3941
1.559,-0.9198,0.0000,-0.0622,1.2443,-0.2384,0.0000,-0.3819,-0.3819,0.3940
1.562,-0.9051,0.0000,-0.0622,1.2570,-0.2384,0.0000,-0.3819,-0.3819,0.3940
1.568,-0.8837,0.0000,-0.0622,1.2724,-0.2367,0.0000,-0.3039,-0.3039,0.3940
1.572,-0.8638,0.0000,-0.0622,1.2809,-0.2367,0.0000,-0.3039,-0.3039,0.3940
1.576,-0.8505,0.0000,-0.0622,1.2846,-0.2367,0.0000,-0.3039,-0.3039,0.3940
1.579,-0.8383,0.0000,-0.0622,1.2862,-0.2367,0.0000,-0.3039,-0.3039,0.3940
1.582,-0.8251,0.0000,-0.0622,1.2859,-0.2367,0.0000,-0.3039,-0.3039,0.3940
1.586,-0.8103,0.0000,-0.0622,1.2850,-0.2345,0.0000,-0.2065,-0.2065,0.3940
1.590,-0.7964,0.0000,-0.0622,1.2798,-0.2345,0.0000,-0.2065,-0.2065,0.3940
1.593,-0.7854,0.0000,-0.0622,1.2740,-0.2345,0.0000,-0.2065,-0.2065,0.3940
1.596,-0.7738,0.0000,-0.0622,1.2661,-0.2345,0.0000,-0.2065,-0.2065,0.3940
1.599,-0.7600,0.0000,-0.0622,1.2542,-0.2345,0.0000,-0.2065,-0.2065,0.3940
1.603,-0.7472,0.0000,-0.0622,1.2442,-0.2311,0.0000,-0.1052,-0.1052,0.3940
1.608,-0.7292,0.0000,-0.0622,1.2216,-0.2311,0.0000,-0.1052,-0.1052,0.3940
1.613,-0.7136,0.0000,-0.0622,1.2028,-0.2311,0.0000,-0.1052,-0.1052,0.3941
1.617,-0.7002,0.0000,-0.0622,1.1872,-0.2311,0.0000,-0.1052,-0.1052,0.3941
1.620,-0.6889,0.0000,-0.0622,1.1744,-0.2311,0.0000,-0.1052,-0.1052,0.3942
1.623,-0.6771,0.0000,-0.0622,1.1664,-0.2263,0.0000,-0.0036,-0.0036,0.3942
1.628,-0.6617,0.0000,-0.0622,1.1505,-0.2263,0.0000,-0.0036,-0.0036,0.3942
1.632,-0.6486,0.0000,-0.0622,1.1377,-0.2263,0.0000,-0.0036,-0.0036,0.3943
1.644,-0.6129,0.0000,-0.0622,1.1141,-0.2201,0.0000,0.0972,0.0972,0.3943
1.650,-0.5928,0.0000,-0.0622,1.0991,-0.2201,0.0000,0.0972,0.0972,0.3945
1.656,-0.5776,0.0000,-0.0622,1.0888,-0.2201,0.0000,0.0972,0.0972,0.3947
1.660,-0.5669,0.0000,-0.0622,1.0822,-0.2201,0.0000,0.0972,0.0972,0.3948
1.663,-0.5562,0.0000,-0.0622,1.0837,-0.2127,0.0000,0.1967,0.1967,0.3948
1.669,-0.5413,0.0000,-0.0622,1.0767,-0.2127,0.0000,0.1967,0.1967,0.3949
1.673,-0.5299,0.0000,-0.0622,1.0722,-0.2127,0.0000,0.1967,0.1967,0.3950
1.677,-0.5208,0.0000,-0.0622,1.0691,-0.2127,0.0000,0.1967,0.1967,0.3951
1.681,-0.5101,0.0000,-0.0622,1.0662,-0.2127,0.0000,0.1967,0.1967,0.3952
1.686,-0.4961,0.0000,-0.0622,1.0720,-0.2044,0.0000,0.3090,0.3090,0.3953
1.691,-0.4847,0.0000,-0.0622,1.0709,-0.2044,0.0000,0.3090,0.3090,0.3954
1.695,-0.4764,0.0000,-0.0622,1.0707,-0.2044,0.0000,0.3090,0.3090,0.3956
1.699,-0.4656,0.0000,-0.0622,1.0714,-0.2044,0.0000,0.3090,0.3090,0.3957
1.703,-0.4567,0.0000,-0.0622,1.0821,-0.1950,0.0000,0.4374,0.4374,0.3958
1.708,-0.4454,0.0000,-0.0622,1.0849,-0.1950,0.0000,0.4374,0.4374,0.3959
1.712,-0.4377,0.0000,-0.0622,1.0873,-0.1950,0.0000,0.4374,0.4374,0.3961
1.715,-0.4298,0.0000,-0.0622,1.0903,-0.1950,0.0000,0.4374,0.4374,0.3962
1.719,-0.4213,0.0000,-0.0622,1.0944,-0.1950,0.0000,0.4374,0.4374,0.3963
1.723,-0.4138,0.0000,-0.0622,1.1094,-0.1841,0.0000,0.5642,0.5642,0.3964
1.727,-0.4052,0.0000,-0.0622,1.1152,-0.1841,0.0000,0.5642,0.5642,0.3966
1.730,-0.3981,0.0000,-0.0622,1.1207,-0.1841,0.0000,0.5642,0.5642,0.3967
1.735,-0.3894,0.0000,-0.0622,1.1283,-0.1841,0.0000,0.5642,0.5642,0.3969
1.738,-0.3823,0.0000,-0.0622,1.1351,-0.1841,0.0000,0.5642,0.5642,0.3971
1.742,-0.3751,0.0000,-0.0622,1.1427,-0.1841,0.0000,0.5642,0.5642,0.3972
1.746,-0.3686,0.0000,-0.0622,1.1623,-0.1721,0.0000,0.6998,0.6998,0.3973
1.750,-0.3600,0.0000,-0.0622,1.1734,-0.1721,0.0000,0.6998,0.6998,0.3975
1.754,-0.3529,0.0000,-0.0622,1.1834,-0.1721,0.0000,0.6998,0.6998,0.3977
1.759,-0.3438,0.0000,-0.0622,1.1978,-0.1721,0.0000,0.6998,0.6998,0.3979
1.764,-0.3355,0.0000,-0.0622,1.2255,-0.1588,0.0000,0.8439,0.8439,0.3981
1.769,-0.3271,0.0000,-0.0622,1.2414,-0.1588,0.0000,0.8439,0.8439,0.3983
1.773,-0.3208,0.0000,-0.0622,1.2541,-0.1588,0.0000,0.8439,0.8439,0.3986
1.776,-0.3152,0.0000,-0.0622,1.2660,-0.1588,0.0000,0.8439,0.8439,0.3988
1.779,-0.3101,0.0000,-0.0622,1.2776,-0.1588,0.0000,0.8439,0.8439,0.3989
1.783,-0.3040,0.0000,-0.0622,1.3066,-0.1447,0.0000,0.9814,0.9814,0.3991
1.787,-0.2976,0.0000,-0.0622,1.3230,-0.1447,0.0000,0.9814,0.9814,0.3993
1.791,-0.2924,0.0000,-0.0622,1.3373,-0.1447,0.0000,0.9814,0.9814,0.3996
1.794,-0.2872,0.0000,-0.0622,1.3520,-0.1447,0.0000,0.9814,0.9814,0.3998
1.798,-0.2823,0.0000,-0.0622,1.3667,-0.1447,0.0000,0.9814,0.9814,0.3999
1.801,-0.2768,0.0000,-0.0622,1.3843,-0.1447,0.0000,0.9814,0.9814,0.4001
1.805,-0.2722,0.0000,-0.0622,1.4143,-0.1300,0.0000,1.1075,1.1075,0.4003
1.809,-0.2664,0.0000,-0.0622,1.4347,-0.1300,0.0000,1.1075,1.1075,0.4005
1.812,-0.2615,0.0000,-0.0622,1.4528,-0.1300,0.0000,1.1075,1.1075,0.4008
1.817,-0.2556,0.0000,-0.0622,1.4759,-0.1300,0.0000,1.1075,1.1075,0.4010
1.820,-0.2508,0.0000,-0.0622,1.4955,-0.1300,0.0000,1.1075,1.1075,0.4013
1.825,-0.2454,0.0000,-0.0622,1.5337,-0.1151,0.0000,1.2215,1.2215,0.4015
1.829,-0.2399,0.0000,-0.0622,1.5587,-0.1151,0.0000,1.2215,1.2215,0.4018
1.834,-0.2332,0.0000,-0.0622,1.5914,-0.1151,0.0000,1.2215,1.2215,0.4021
1.839,-0.2275,0.0000,-0.0622,1.6212,-0.1151,0.0000,1.2215,1.2215,0.4024
1.843,-0.2224,0.0000,-0.0622,1.6636,-0.1004,0.0000,1.3144,1.3144,0.4027
1.848,-0.2173,0.0000,-0.0622,1.6927,-0.1004,0.0000,1.3144,1.3144,0.4030
1.852,-0.2125,0.0000,-0.0622,1.7215,-0.1004,0.0000,1.3144,1.3144,0.4033
1.856,-0.2081,0.0000,-0.0622,1.7486,-0.1004,0.0000,1.3144,1.3144,0.4036
1.860,-0.2042,0.0000,-0.0622,1.7741,-0.1004,0.0000,1.3144,1.3144,0.4039
1.863,-0.2004,0.0000,-0.0622,1.8150,-0.0857,0.0000,1.4045,1.4045,0.4042
1.868,-0.1954,0.0000,-0.0622,1.8507,-0.0857,0.0000,1.4045,1.4045,0.4044
1.872,-0.1916,0.0000,-0.0622,1.8789,-0.0857,0.0000,1.4045,1.4045,0.4048
1.875,-0.1881,0.0000,-0.0622,1.9061,-0.0857,0.0000,1.4045,1.4045,0.4050
1.881,-0.1825,0.0000,-0.0622,1.9518,-0.0857,0.0000,1.4045,1.4045,0.4053
1.897,-0.1667,0.0000,-0.0622,2.1192,-0.0709,0.0000,1.4961,1.4961,0.4057
1.906,-0.1588,0.0000,-0.0622,2.2165,-0.0563,0.0000,1.5763,1.5763,0.4069
1.913,-0.1529,0.0000,-0.0622,2.2823,-0.0563,0.0000,1.5763,1.5763,0.4076
1.919,-0.1485,0.0000,-0.0622,2.3334,-0.0563,0.0000,1.5763,1.5763,0.4082
1.923,-0.1454,0.0000,-0.0622,2.3863,-0.0420,0.0000,1.6414,1.6414,0.4086
1.927,-0.1417,0.0000,-0.0622,2.4325,-0.0420,0.0000,1.6414,1.6414,0.4089
1.931,-0.1389,0.0000,-0.0622,2.4695,-0.0420,0.0000,1.6414,1.6414,0.4093
1.936,-0.1351,0.0000,-0.0622,2.5215,-0.0420,0.0000,1.6414,1.6414,0.4096
1.941,-0.1319,0.0000,-0.0622,2.5675,-0.0420,0.0000,1.6414,1.6414,0.4100
1.945,-0.1288,0.0000,-0.0622,2.6287,-0.0276,0.0000,1.7054,1.7054,0.4103
1.951,-0.1248,0.0000,-0.0622,2.6906,-0.0276,0.0000,1.7054,1.7054,0.4107
1.955,-0.1219,0.0000,-0.0622,2.7373,-0.0276,0.0000,1.7054,1.7054,0.4111
1.959,-0.1193,0.0000,-0.0622,2.7805,-0.0276,0.0000,1.7054,1.7054,0.4115
2.229,-0.0058,0.0000,-0.0622,5.8389,0.0000,0.0000,0.4895,0.4895,0.4118
2.288,-0.0044,0.0000,-0.0622,5.5631,0.0000,0.0000,0.2532,0.2532,0.4152
2.304,-0.0041,0.0000,-0.0622,5.4646,0.0000,0.0000,0.2496,0.2496,0.4154
2.310,-0.0040,0.0000,-0.0622,5.4193,0.0000,0.0000,0.2496,0.2496,0.4154
2.314,-0.0039,0.0000,-0.0622,5.3881,0.0000,0.0000,0.2496,0.2496,0.4154
2.319,-0.0038,0.0000,-0.0622,5.3469,0.0000,0.0000,0.2496,0.2496,0.4155
2.327,-0.0037,0.0000,-0.0622,5.2761,0.0000,0.0000,0.3218,0.3218,0.4155
2.334,-0.0036,0.0000,-0.0622,5.2146,0.0000,0.0000,0.3218,0.3218,0.4155
2.338,-0.0035,0.0000,-0.0622,5.1756,0.0000,0.0000,0.3218,0.3218,0.4156
2.342,-0.0035,0.0000,-0.0622,5.1321,0.0000,0.0000,0.3218,0.3218,0.4156
2.352,-0.0033,0.0000,-0.0622,5.0469,0.0000,0.0000,0.4343,0.4343,0.4156
2.358,-0.0032,0.0000,-0.0622,5.0018,0.0000,0.0000,0.4343,0.4343,0.4157
2.362,-0.0032,0.0000,-0.0622,4.9713,0.0000,0.0000,0.4343,0.4343,0.4158
2.368,-0.0031,0.0000,-0.0622,4.9292,0.0000,0.0000,0.5385,0.5385,0.4159
2.374,-0.0030,0.0000,-0.0622,4.8934,0.0000,0.0000,0.5385,0.5385,0.4160
2.379,-0.0029,0.0000,-0.0622,4.8621,0.0000,0.0000,0.5385,0.5385,0.4161
2.389,-0.0028,0.0000,-0.0622,4.8119,0.0000,0.0000,0.4403,0.4403,0.4162
2.399,-0.0027,0.0000,-0.0622,4.7706,0.0000,0.0000,0.4403,0.4403,0.4163
2.405,-0.0026,0.0000,-0.0622,4.7450,0.0000,0.0000,0.3424,0.3424,0.4164
2.415,-0.0025,0.0000,-0.0622,4.7157,0.0000,0.0000,0.3424,0.3424,0.4164
2.421,-0.0024,0.0000,-0.0622,4.6980,0.0000,0.0000,0.3424,0.3424,0.4165
2.427,-0.0023,0.0000,-0.0622,4.6851,0.0000,0.0000,0.4230,0.4230,0.4165
2.434,-0.0023,0.0000,-0.0622,4.6702,0.0000,0.0000,0.4230,0.4230,0.4166
2.445,-0.0021,0.0000,-0.0622,4.6551,0.0000,0.0000,0.3173,0.3173,0.4167
2.454,-0.0020,0.0000,-0.0622,4.6468,0.0000,0.0000,0.3173,0.3173,0.4167
2.459,-0.0020,0.0000,-0.0622,4.6433,0.0000,0.0000,0.3173,0.3173,0.4168
2.466,-0.0019,0.0000,-0.0622,4.6407,0.0000,0.0000,0.3010,0.3010,0.4168
2.473,-0.0019,0.0000,-0.0622,4.6398,0.0000,0.0000,0.3010,0.3010,0.4168
2.480,-0.0018,0.0000,-0.0622,4.6406,0.0000,0.0000,0.3010,0.3010,0.4169
2.488,-0.0017,0.0000,-0.0622,4.6440,0.0000,0.0000,0.2763,0.2763,0.4169
2.498,-0.0016,0.0000,-0.0622,4.6516,0.0000,0.0000,0.2763,0.2763,0.4169
2.504,-0.0016,0.0000,-0.0622,4.6565,0.0000,0.0000,0.2505,0.2505,0.4169
2.509,-0.0016,0.0000,-0.0622,4.6610,0.0000,0.0000,0.2505,0.2505,0.4170
2.514,-0.0015,0.0000,-0.0622,4.6660,0.0000,0.0000,0.2505,0.2505,0.4170
2.520,-0.0015,0.0000,-0.0622,4.6732,0.0000,0.0000,0.2505,0.2505,0.4170
2.524,-0.0014,0.0000,-0.0622,4.6794,0.0000,0.0000,0.2335,0.2335,0.4170
2.530,-0.0014,0.0000,-0.0622,4.6870,0.0000,0.0000,0.2335,0.2335,0.4170
2.539,-0.0013,0.0000,-0.0622,4.7017,0.0000,0.0000,0.2335,0.2335,0.4170
2.547,-0.0013,0.0000,-0.0622,4.7141,0.0000,0.0000,0.2112,0.2112,0.4170
2.553,-0.0012,0.0000,-0.0622,4.7248,0.0000,0.0000,0.2112,0.2112,0.4170
2.558,-0.0012,0.0000,-0.0622,4.7331,0.0000,0.0000,0.2112,0.2112,0.4170
2.563,-0.0012,0.0000,-0.0622,4.7402,0.0000,0.0000,0.2112,0.2112,0.4170
2.568,-0.0012,0.0000,-0.0622,4.7501,0.0000,0.0000,0.1796,0.1796,0.4170
2.572,-0.0011,0.0000,-0.0622,4.7574,0.0000,0.0000,0.1796,0.1796,0.4170
2.576,-0.0011,0.0000,-0.0622,4.7643,0.0000,0.0000,0.1796,0.1796,0.4170
2.583,-0.0011,0.0000,-0.0622,4.7775,0.0000,0.0000,0.2310,0.2310,0.4170
2.591,-0.0010,0.0000,-0.0622,4.7916,0.0000,0.0000,0.2310,0.2310,0.4170
2.601,-0.0010,0.0000,-0.0622,4.8088,0.0000,0.0000,0.2310,0.2310,0.4170
2.611,-0.0009,0.0000,-0.0622,4.8264,0.0000,0.0000,0.1040,0.1040,0.4170
2.618,-0.0009,0.0000,-0.0622,4.8394,0.0000,0.0000,0.1040,0.1040,0.4169
2.622,-0.0009,0.0000,-0.0622,4.8462,0.0000,0.0000,0.1040,0.1040,0.4169
2.629,-0.0008,0.0000,-0.0622,4.8565,0.0000,0.0000,0.0519,0.0519,0.4169
2.634,-0.0008,0.0000,-0.0622,4.8646,0.0000,0.0000,0.0519,0.0519,0.4168
2.641,-0.0008,0.0000,-0.0622,4.8742,0.0000,0.0000,0.0519,0.0519,0.4168
2.647,-0.0008,0.0000,-0.0622,4.8835,0.0000,0.0000,-0.0859,-0.0859,0.4167
2.655,-0.0007,0.0000,-0.0622,4.8935,0.0000,0.0000,-0.0859,-0.0859,0.4166
2.658,-0.0007,0.0000,-0.0622,4.8978,0.0000,0.0000,-0.0859,-0.0859,0.4165
2.662,-0.0007,0.0000,-0.0622,4.9024,0.0000,0.0000,-0.0859,-0.0859,0.4164
2.666,-0.0007,0.0000,-0.0622,4.9066,0.0000,0.0000,-0.0744,-0.0744,0.4164
2.671,-0.0007,0.0000,-0.0622,4.9116,0.0000,0.0000,-0.0744,-0.0744,0.4163
2.674,-0.0007,0.0000,-0.0622,4.9151,0.0000,0.0000,-0.0744,-0.0744,0.4163
2.678,-0.0006,0.0000,-0.0622,4.9189,0.0000,0.0000,-0.0744,-0.0744,0.4162
2.685,-0.0006,0.0000,-0.0622,4.9245,0.0000,0.0000,-0.2042,-0.2042,0.4162
2.690,-0.0006,0.0000,-0.0622,4.9283,0.0000,0.0000,-0.2042,-0.2042,0.4160
2.697,-0.0006,0.0000,-0.0622,4.9326,0.0000,0.0000,-0.2042,-0.2042,0.4159
2.700,-0.0006,0.0000,-0.0622,4.9347,0.0000,0.0000,-0.2042,-0.2042,0.4158
2.704,-0.0006,0.0000,-0.0622,4.9367,0.0000,0.0000,-0.1946,-0.1946,0.4157
2.709,-0.0005,0.0000,-0.0622,4.9387,0.0000,0.0000,-0.1946,-0.1946,0.4157
2.717,-0.0005,0.0000,-0.0622,4.9407,0.0000,0.0000,-0.1946,-0.1946,0.4156
2.724,-0.0005,0.0000,-0.0622,4.9415,0.0000,0.0000,-0.1907,-0.1907,0.4154
2.728,-0.0005,0.0000,-0.0622,4.9417,0.0000,0.0000,-0.1907,-0.1907,0.4153
2.732,-0.0005,0.0000,-0.0622,4.9417,0.0000,0.0000,-0.1907,-0.1907,0.4152
2.736,-0.0005,0.0000,-0.0622,4.9412,0.0000,0.0000,-0.1907,-0.1907,0.4151
2.743,-0.0005,0.0000,-0.0622,4.9392,0.0000,0.0000,-0.1929,-0.1929,0.4151
2.752,-0.0004,0.0000,-0.0622,4.9351,0.0000,0.0000,-0.1929,-0.1929,0.4149
2.757,-0.0004,0.0000,-0.0622,4.9326,0.0000,0.0000,-0.1929,-0.1929,0.4148
2.761,-0.0004,0.0000,-0.0622,4.9301,0.0000,0.0000,-0.1929,-0.1929,0.4147
2.768,-0.0004,0.0000,-0.0622,4.9244,0.0000,0.0000,-0.2009,-0.2009,0.4146
2.776,-0.0004,0.0000,-0.0622,4.9169,0.0000,0.0000,-0.2009,-0.2009,0.4145
2.782,-0.0004,0.0000,-0.0622,4.9103,0.0000,0.0000,-0.2009,-0.2009,0.4143
2.787,-0.0004,0.0000,-0.0622,4.9055,0.0000,0.0000,-0.2138,-0.2138,0.4142
2.791,-0.0004,0.0000,-0.0622,4.9007,0.0000,0.0000,-0.2138,-0.2138,0.4141
2.795,-0.0003,0.0000,-0.0622,4.8957,0.0000,0.0000,-0.2138,-0.2138,0.4141
2.799,-0.0003,0.0000,-0.0622,4.8901,0.0000,0.0000,-0.2138,-0.2138,0.4140
2.806,-0.0003,0.0000,-0.0622,4.8790,0.0000,0.0000,-0.2591,-0.2591,0.4139
2.813,-0.0003,0.0000,-0.0622,4.8660,0.0000,0.0000,-0.2591,-0.2591,0.4138
2.822,-0.0003,0.0000,-0.0622,4.8490,0.0000,0.0000,-0.2591,-0.2591,0.4136
2.830,-0.0003,0.0000,-0.0622,4.8332,0.0000,0.0000,-0.3689,-0.3689,0.4134
2.838,-0.0003,0.0000,-0.0622,4.8163,0.0000,0.0000,-0.3689,-0.3689,0.4132
2.842,-0.0003,0.0000,-0.0622,4.8075,0.0000,0.0000,-0.3689,-0.3689,0.4130
2.845,-0.0003,0.0000,-0.0622,4.7988,0.0000,0.0000,-0.5154,-0.5154,0.4129
2.851,-0.0003,0.0000,-0.0622,4.7868,0.0000,0.0000,-0.5154,-0.5154,0.4128
2.854,-0.0002,0.0000,-0.0622,4.7776,0.0000,0.0000,-0.5154,-0.5154,0.4127
2.858,-0.0002,0.0000,-0.0622,4.7692,0.0000,0.0000,-0.5154,-0.5154,0.4125
2.861,-0.0002,0.0000,-0.0622,4.7607,0.0000,0.0000,-0.5154,-0.5154,0.4124
2.865,-0.0002,0.0000,-0.0622,4.7505,0.0000,0.0000,-0.5941,-0.5941,0.4123
2.869,-0.0002,0.0000,-0.0622,4.7383,0.0000,0.0000,-0.5941,-0.5941,0.4122
2.873,-0.0002,0.0000,-0.0622,4.7274,0.0000,0.0000,-0.5941,-0.5941,0.4120
2.877,-0.0002,0.0000,-0.0622,4.7179,0.0000,0.0000,-0.5941,-0.5941,0.4119
2.881,-0.0002,0.0000,-0.0622,4.7063,0.0000,0.0000,-0.5941,-0.5941,0.4118
2.885,-0.0002,0.0000,-0.0622,4.6930,0.0000,0.0000,-0.6826,-0.6826,0.4116
2.889,-0.0002,0.0000,-0.0622,4.6802,0.0000,0.0000,-0.6826,-0.6826,0.4115
2.896,-0.0002,0.0000,-0.0622,4.6593,0.0000,0.0000,-0.6826,-0.6826,0.4113
2.904,-0.0002,0.0000,-0.0622,4.6315,0.0000,0.0000,-0.7682,-0.7682,0.4110
2.909,-0.0002,0.0000,-0.0622,4.6142,0.0000,0.0000,-0.7682,-0.7682,0.4107
2.913,-0.0002,0.0000,-0.0622,4.6012,0.0000,0.0000,-0.7682,-0.7682,0.4105
2.917,-0.0002,0.0000,-0.0622,4.5883,0.0000,0.0000,-0.7682,-0.7682,0.4103
2.921,-0.0002,0.0000,-0.0622,4.5745,0.0000,0.0000,-0.7682,-0.7682,0.4101
2.927,-0.0002,0.0000,-0.0622,4.5528,0.0000,0.0000,-0.8491,-0.8491,0.4100
2.932,-0.0002,0.0000,-0.0622,4.5324,0.0000,0.0000,-0.8491,-0.8491,0.4097
2.939,-0.0001,0.0000,-0.0622,4.5055,0.0000,0.0000,-0.8491,-0.8491,0.4095
2.946,-0.0001,0.0000,-0.0622,4.4805,0.0000,0.0000,-0.9250,-0.9250,0.4091
2.950,-0.0001,0.0000,-0.0622,4.4640,0.0000,0.0000,-0.9250,-0.9250,0.4088
2.954,-0.0001,0.0000,-0.0622,4.4482,0.0000,0.0000,-0.9250,-0.9250,0.4086
2.958,-0.0001,0.0000,-0.0622,4.4342,0.0000,0.0000,-0.9250,-0.9250,0.4084
2.961,-0.0001,0.0000,-0.0622,4.4194,0.0000,0.0000,-0.9250,-0.9250,0.4083
2.965,-0.0001,0.0000,-0.0622,4.4059,0.0000,0.0000,-0.9954,-0.9954,0.4081
2.969,-0.0001,0.0000,-0.0622,4.3883,0.0000,0.0000,-0.9954,-0.9954,0.4079
2.973,-0.0001,0.0000,-0.0622,4.3742,0.0000,0.0000,-0.9954,-0.9954,0.4077
2.976,-0.0001,0.0000,-0.0622,4.3585,0.0000,0.0000,-0.9954,-0.9954,0.4075
2.980,-0.0001,0.0000,-0.0622,4.3440,0.0000,0.0000,-0.9954,-0.9954,0.4073
2.984,-0.0001,0.0000,-0.0622,4.3255,0.0000,0.0000,-1.1018,-1.1018,0.4071
2.989,-0.0001,0.0000,-0.0622,4.3075,0.0000,0.0000,-1.1018,-1.1018,0.4069
2.993,-0.0001,0.0000,-0.0622,4.2887,0.0000,0.0000,-1.1018,-1.1018,0.4067
2.996,-0.0001,0.0000,-0.0622,4.2736,0.0000,0.0000,-1.1018,-1.1018,0.4064
3.001,-0.0001,0.0000,-0.0622,4.2558,0.0000,0.0000,-1.1018,-1.1018,0.4062
3.004,-0.0001,0.0000,-0.0622,4.2404,0.0000,0.0000,-1.2273,-1.2273,0.4060
3.008,-0.0001,0.0000,-0.0622,4.2215,0.0000,0.0000,-1.2273,-1.2273,0.4058
3.012,-0.0001,0.0000,-0.0622,4.2068,0.0000,0.0000,-1.2273,-1.2273,0.4055
3.015,-0.0001,0.0000,-0.0622,4.1918,0.0000,0.0000,-1.2273,-1.2273,0.4053
3.019,-0.0001,0.0000,-0.0622,4.1718,0.0000,0.0000,-1.2273,-1.2273,0.4051
3.023,-0.0001,0.0000,-0.0622,4.1565,0.0000,0.0000,-1.3441,-1.3441,0.4049
3.027,-0.0001,0.0000,-0.0622,4.1368,0.0000,0.0000,-1.3441,-1.3441,0.4047
3.030,-0.0001,0.0000,-0.0622,4.1219,0.0000,0.0000,-1.3441,-1.3441,0.4044
3.035,-0.0001,0.0000,-0.0622,4.1004,0.0000,0.0000,-1.3441,-1.3441,0.4042
3.040,-0.0001,0.0000,-0.0622,4.0805,0.0000,0.0000,-1.3441,-1.3441,0.4039
3.047,-0.0001,0.0000,-0.0622,4.0469,0.0000,0.0000,-1.4774,-1.4774,0.4036
3.056,-0.0001,0.0000,-0.0622,4.0007,0.0000,0.0000,-1.4774,-1.4774,0.4031
3.061,-0.0001,0.0000,-0.0622,3.9797,0.0000,0.0000,-1.4774,-1.4774,0.4024
3.064,-0.0001,0.0000,-0.0622,3.9644,0.0000,0.0000,-1.6002,-1.6002,0.4021
3.069,-0.0001,0.0000,-0.0622,3.9412,0.0000,0.0000,-1.6002,-1.6002,0.4019
3.072,-0.0001,0.0000,-0.0622,3.9245,0.0000,0.0000,-1.6002,-1.6002,0.4015
3.076,-0.0001,0.0000,-0.0622,3.9092,0.0000,0.0000,-1.6002,-1.6002,0.4012
3.079,-0.0001,0.0000,-0.0622,3.8944,0.0000,0.0000,-1.6002,-1.6002,0.4010
3.082,-0.0001,0.0000,-0.0622,3.8778,0.0000,0.0000,-1.6002,-1.6002,0.4008
3.086,-0.0001,0.0000,-0.0622,3.8602,0.0000,0.0000,-1.7318,-1.7318,0.4005
3.090,-0.0001,0.0000,-0.0622,3.8421,0.0000,0.0000,-1.7318,-1.7318,0.4002
3.093,-0.0001,0.0000,-0.0622,3.8270,0.0000,0.0000,-1.7318,-1.7318,0.3999
3.096,-0.0001,0.0000,-0.0622,3.8122,0.0000,0.0000,-1.7318,-1.7318,0.3997
3.099,-0.0001,0.0000,-0.0622,3.7956,0.0000,0.0000,-1.7318,-1.7318,0.3994
3.103,-0.0001,0.0000,-0.0622,3.7787,0.0000,0.0000,-1.8337,-1.8337,0.3991
3.107,-0.0001,0.0000,-0.0622,3.7638,0.0000,0.0000,-1.8337,-1.8337,0.3988
3.110,-0.0001,0.0000,-0.0622,3.7556,0.0000,0.0000,-1.8337,-1.8337,0.3985
3.113,-0.0001,0.0000,-0.0622,3.7518,0.0000,0.0000,-1.8337,-1.8337,0.3983
3.117,-0.0001,0.0000,-0.0622,3.7528,0.0000,0.0000,-1.8337,-1.8337,0.3980
3.120,0.0000,0.0000,-0.0622,3.7584,0.0000,0.0000,-1.8337,-1.8337,0.3977
3.123,0.0000,0.0000,-0.0622,3.7677,0.0000,0.0000,-1.9203,-1.9203,0.3974
3.127,0.0000,0.0000,-0.0622,3.7834,0.0000,0.0000,-1.9203,-1.9203,0.3972
3.130,0.0000,0.0000,-0.0622,3.8016,0.0000,0.0000,-1.9203,-1.9203,0.3968
3.134,0.0000,0.0000,-0.0622,3.8279,0.0000,0.0000,-1.9203,-1.9203,0.3966
3.138,0.0000,0.0000,-0.0622,3.8544,0.0000,0.0000,-1.9203,-1.9203,0.3962
3.141,0.0000,0.0000,-0.0622,3.8826,0.0000,0.0000,-1.9203,-1.9203,0.3959
3.145,0.0000,0.0000,-0.0622,3.9285,0.0000,0.0000,-1.9920,-1.9920,0.3957
3.153,0.0000,0.0000,-0.0622,4.0224,0.0000,0.0000,-1.9920,-1.9920,0.3953
3.157,0.0000,0.0000,-0.0622,4.0677,0.0000,0.0000,-1.9920,-1.9920,0.3946
3.161,0.0000,0.0000,-0.0622,4.1150,0.0000,0.0000,-1.9920,-1.9920,0.3943
3.164,0.0000,0.0000,-0.0622,4.1513,0.0000,0.0000,-2.0747,-2.0747,0.3940
3.169,0.0000,0.0000,-0.0622,4.2015,0.0000,0.0000,-2.0747,-2.0747,0.3937
3.175,0.0000,0.0000,-0.0622,4.2561,0.0000,0.0000,-2.0747,-2.0747,0.3932
3.181,0.0000,0.0000,-0.0622,4.3025,0.0000,0.0000,-2.0747,-2.0747,0.3927
3.186,0.0000,0.0000,-0.0622,4.3354,0.0000,0.0000,-2.1438,-2.1438,0.3921
3.193,0.0000,0.0000,-0.0622,4.3751,0.0000,0.0000,-2.1438,-2.1438,0.3917
3.197,0.0000,0.0000,-0.0622,4.3932,0.0000,0.0000,-2.1438,-2.1438,0.3910
3.206,0.0000,0.0000,-0.0622,4.4172,0.0000,0.0000,-2.2385,-2.2385,0.3906
3.215,0.0000,0.0000,-0.0622,4.4297,0.0000,0.0000,-2.2385,-2.2385,0.3899
3.223,0.0000,0.0000,-0.0622,4.4305,0.0000,0.0000,-2.3041,-2.3041,0.3890
3.231,0.0000,0.0000,-0.0622,4.4223,0.0000,0.0000,-2.3041,-2.3041,0.3882
3.235,0.0000,0.0000,-0.0622,4.4165,0.0000,0.0000,-2.3041,-2.3041,0.3875
3.239,0.0000,0.0000,-0.0622,4.4094,0.0000,0.0000,-2.3041,-2.3041,0.3871
3.242,0.0000,0.0000,-0.0622,4.4028,0.0000,0.0000,-2.3041,-2.3041,0.3867
3.247,0.0000,0.0000,-0.0622,4.3933,0.0000,0.0000,-2.3918,-2.3918,0.3864
3.255,0.0000,0.0000,-0.0622,4.3710,0.0000,0.0000,-2.3918,-2.3918,0.3860
3.259,0.0000,0.0000,-0.0622,4.3594,0.0000,0.0000,-2.3918,-2.3918,0.3852
3.262,0.0000,0.0000,-0.0622,4.3486,0.0000,0.0000,-2.3918,-2.3918,0.3848
3.266,0.0000,0.0000,-0.0622,4.3377,0.0000,0.0000,-2.4999,-2.4999,0.3845
3.270,0.0000,0.0000,-0.0622,4.3199,0.0000,0.0000,-2.4999,-2.4999,0.3841
3.274,0.0000,0.0000,-0.0622,4.3050,0.0000,0.0000,-2.4999,-2.4999,0.3836
3.278,0.0000,0.0000,-0.0622,4.2883,0.0000,0.0000,-2.4999,-2.4999,0.3833
3.282,0.0000,0.0000,-0.0622,4.2694,0.0000,0.0000,-2.4999,-2.4999,0.3829
3.287,0.0000,0.0000,-0.0622,4.2489,0.0000,0.0000,-2.5782,-2.5782,0.3824
3.291,0.0000,0.0000,-0.0622,4.2267,0.0000,0.0000,-2.5782,-2.5782,0.3820
3.295,0.0000,0.0000,-0.0622,4.2053,0.0000,0.0000,-2.5782,-2.5782,0.3816
3.299,0.0000,0.0000,-0.0622,4.1862,0.0000,0.0000,-2.5782,-2.5782,0.3812
3.303,0.0000,0.0000,-0.0622,4.1625,0.0000,0.0000,-2.6416,-2.6416,0.3808
3.317,0.0000,0.0000,-0.0622,4.0617,0.0000,0.0000,-2.6416,-2.6416,0.3804
3.327,0.0000,0.0000,-0.0622,3.9830,-0.0127,0.0000,-2.6717,-2.6717,0.3789
3.334,0.0000,0.0000,-0.0622,3.9374,-0.0127,0.0000,-2.6717,-2.6717,0.3779
3.337,0.0000,0.0000,-0.0622,3.9149,-0.0127,0.0000,-2.6717,-2.6717,0.3772
3.340,0.0000,0.0000,-0.0622,3.8934,-0.0127,0.0000,-2.6717,-2.6717,0.3768
3.344,0.0000,0.0000,-0.0622,3.8545,-0.0295,0.0000,-2.6678,-2.6678,0.3765
3.348,0.0000,0.0000,-0.0622,3.8279,-0.0295,0.0000,-2.6678,-2.6678,0.3762
3.356,0.0000,0.0000,-0.0622,3.7686,-0.0295,0.0000,-2.6678,-2.6678,0.3758
3.364,0.0000,0.0000,-0.0622,3.7016,-0.0432,0.0000,-2.6819,-2.6819,0.3749
3.368,0.0000,0.0000,-0.0622,3.6717,-0.0432,0.0000,-2.6819,-2.6819,0.3741
3.372,0.0000,0.0000,-0.0622,3.6489,-0.0432,0.0000,-2.6819,-2.6819,0.3737
3.375,0.0000,0.0000,-0.0622,3.6265,-0.0432,0.0000,-2.6819,-2.6819,0.3734
3.379,0.0000,0.0000,-0.0622,3.5958,-0.0432,0.0000,-2.6819,-2.6819,0.3731
3.383,0.0000,0.0000,-0.0622,3.5566,-0.0555,0.0000,-2.7010,-2.7010,0.3726
3.387,0.0000,0.0000,-0.0622,3.5280,-0.0555,0.0000,-2.7010,-2.7010,0.3723
3.390,0.0000,0.0000,-0.0622,3.5054,-0.0555,0.0000,-2.7010,-2.7010,0.3719
3.394,0.0000,0.0000,-0.0622,3.4806,-0.0555,0.0000,-2.7010,-2.7010,0.3716
3.397,0.0000,0.0000,-0.0622,3.4544,-0.0555,0.0000,-2.7010,-2.7010,0.3712
3.410,0.0000,0.0000,-0.0622,3.3359,3.3359,0.0000,-2.6879,-2.6879,0.3749
3.419,0.0000,0.0000,-0.0622,3.2729,3.2729,0.7824,-2.6879,-2.6879,0.3696
3.424,0.0000,0.0000,-0.0622,3.2176,3.2176,1.2842,-2.6978,-2.6978,0.3688
3.429,0.0000,0.0000,-0.0622,3.1862,3.1862,1.6356,-2.6978,-2.6978,0.3683
3.432,0.0000,0.0000,-0.0622,3.1604,3.1604,1.8969,-2.6978,-2.6978,0.3679
3.436,0.0000,0.0000,-0.0622,3.1349,3.1349,2.1151,-2.6978,-2.6978,0.3675
3.439,0.0000,0.0000,-0.0622,3.1120,3.1120,2.3324,-2.6978,-2.6978,0.3672
3.443,0.0000,0.0000,-0.0622,3.0758,3.0758,2.5287,-2.7112,-2.7112,0.3669
3.447,0.0000,0.0000,-0.0622,3.0447,3.0447,2.7436,-2.7112,-2.7112,0.3666
3.451,0.0000,0.0000,-0.0622,3.0199,3.0199,3.0127,-2.7112,-2.7112,0.3661
3.454,0.0000,0.0000,-0.0622,2.9976,2.9976,3.0199,-2.7112,-2.7112,0.3658
3.458,0.0000,0.0000,-0.0622,2.9745,2.9745,2.9976,-2.7112,-2.7112,0.3655
3.461,0.0000,0.0000,-0.0622,2.9534,2.9534,2.9745,-2.7112,-2.7112,0.3652
3.465,0.0000,0.0000,-0.0622,2.9110,2.9110,2.9534,-2.7052,-2.7052,0.3649
3.474,0.0000,0.0000,-0.0622,2.8531,2.8531,2.9110,-2.7052,-2.7052,0.3645
3.477,0.0000,0.0000,-0.0622,2.8306,2.8306,2.8531,-2.7052,-2.7052,0.3637
3.480,0.0000,0.0000,-0.0622,2.8082,2.8082,2.8306,-2.7052,-2.7052,0.3634
3.484,0.0000,0.0000,-0.0622,2.7672,2.7672,2.8082,-2.6607,-2.6607,0.3631
3.488,0.0000,0.0000,-0.0622,2.7407,2.7407,2.7672,-2.6607,-2.6607,0.3628
3.491,0.0000,0.0000,-0.0622,2.7183,2.7183,2.7407,-2.6607,-2.6607,0.3625
3.495,0.0000,0.0000,-0.0622,2.6968,2.6968,2.7183,-2.6607,-2.6607,0.3622
3.498,0.0000,0.0000,-0.0622,2.6747,2.6747,2.6968,-2.6607,-2.6607,0.3619
3.506,0.0000,0.0000,-0.0622,2.6028,2.6028,2.6747,-2.5928,-2.5928,0.3616
3.511,0.0000,0.0000,-0.0622,2.5690,2.5690,2.6028,-2.5928,-2.5928,0.3610
3.514,0.0000,0.0000,-0.0622,2.5481,2.5481,2.5690,-2.5928,-2.5928,0.3606
3.518,0.0000,0.0000,-0.0622,2.5229,2.5229,2.5481,-2.5928,-2.5928,0.3603
3.522,0.0000,0.0000,-0.0622,2.5002,2.5002,2.5229,-2.5928,-2.5928,0.3600
3.525,0.0000,0.0000,-0.0622,2.4583,2.4583,2.5002,-2.5016,-2.5016,0.3597
3.529,0.0000,0.0000,-0.0622,2.4350,2.4350,2.4583,-2.5016,-2.5016,0.3595
3.532,0.0000,0.0000,-0.0622,2.4145,2.4145,2.4350,-2.5016,-2.5016,0.3592
3.536,0.0000,0.0000,-0.0622,2.3913,2.3913,2.4145,-2.5016,-2.5016,0.3589
3.539,0.0000,0.0000,-0.0622,2.3704,2.3704,2.3913,-2.5016,-2.5016,0.3587
3.543,0.0000,0.0000,-0.0622,2.3511,2.3511,2.3704,-2.5016,-2.5016,0.3584
3.546,0.0000,0.0000,-0.0622,2.3107,2.3107,2.3511,-2.3901,-2.3901,0.3582
3.550,0.0000,0.0000,-0.0622,2.2840,2.2840,2.3107,-2.3901,-2.3901,0.3579
3.554,0.0000,0.0000,-0.0622,2.2641,2.2641,2.2840,-2.3901,-2.3901,0.3576
3.557,0.0000,0.0000,-0.0622,2.2459,2.2459,2.2641,-2.3901,-2.3901,0.3574
3.560,0.0000,0.0000,-0.0622,2.2275,2.2275,2.2459,-2.3901,-2.3901,0.3572
3.563,0.0000,0.0000,-0.0622,2.1899,2.1899,2.2275,-2.2802,-2.2802,0.3570
3.567,0.0000,0.0000,-0.0622,2.1671,2.1671,2.1899,-2.2802,-2.2802,0.3568
3.572,0.0000,0.0000,-0.0622,2.1434,2.1434,2.1671,-2.2802,-2.2802,0.3565
3.578,0.0000,0.0000,-0.0622,2.1081,2.1081,2.1434,-2.2802,-2.2802,0.3563
3.582,0.0000,0.0000,-0.0622,2.0883,2.0883,2.1081,-2.2802,-2.2802,0.3559
3.585,0.0000,0.0000,-0.0622,2.0476,2.0476,2.0883,-2.1503,-2.1503,0.3557
3.589,0.0000,0.0000,-0.0622,2.0274,2.0274,2.0476,-2.1503,-2.1503,0.3555
3.592,0.0000,0.0000,-0.0622,2.0107,2.0107,2.0274,-2.1503,-2.1503,0.3553
3.595,0.0000,0.0000,-0.0622,1.9937,1.9937,2.0107,-2.1503,-2.1503,0.3551
3.600,0.0000,0.0000,-0.0622,1.9706,1.9706,1.9937,-2.1503,-2.1503,0.3549
3.604,0.0000,0.0000,-0.0622,1.9320,1.9320,1.9706,-2.0288,-2.0288,0.3547
3.608,0.0000,0.0000,-0.0622,1.9120,1.9120,1.9320,-2.0288,-2.0288,0.3545
3.624,0.0000,0.0000,-0.0622,1.8042,1.8042,1.9120,-1.8871,-1.8871,0.3543
3.628,0.0000,0.0000,-0.0622,1.7823,1.7823,1.8042,-1.8871,-1.8871,0.3537
3.632,0.0000,0.0000,-0.0622,1.7624,1.7624,1.7823,-1.8871,-1.8871,0.3535
3.637,0.0000,0.0000,-0.0622,1.7409,1.7409,1.7624,-1.8871,-1.8871,0.3534
3.640,0.0000,0.0000,-0.0622,1.7249,1.7249,1.7409,-1.8871,-1.8871,0.3532
3.643,0.0002,0.0002,-0.0622,1.6949,1.6949,1.7249,-1.7495,-1.7495,0.3531
3.648,0.0007,0.0007,-0.0622,1.6750,1.6750,1.6949,-1.7495,-1.7495,0.3530
3.652,0.0017,0.0017,-0.0622,1.6554,1.6554,1.6750,-1.7495,-1.7495,0.3529
3.659,0.0049,0.0049,-0.0622,1.6204,1.6204,1.6554,-1.7495,-1.7495,0.3527
3.664,0.0080,0.0080,-0.0622,1.5848,1.5848,1.6204,-1.5920,-1.5920,0.3525
3.669,0.0124,0.0124,-0.0622,1.5632,1.5632,1.5848,-1.5920,-1.5920,0.3524
3.673,0.0161,0.0161,-0.0622,1.5486,1.5486,1.5632,-1.5920,-1.5920,0.3523
3.677,0.0216,0.0216,-0.0622,1.5307,1.5307,1.5486,-1.5920,-1.5920,0.3522
3.683,0.0326,0.0326,-0.0622,1.4887,1.4887,1.5307,-1.4126,-1.4126,0.3521
3.688,0.0408,0.0408,-0.0622,1.4713,1.4713,1.4887,-1.4126,-1.4126,0.3520
3.692,0.0494,0.0494,-0.0622,1.4557,1.4557,1.4713,-1.4126,-1.4126,0.3520
3.695,0.0577,0.0577,-0.0622,1.4421,1.4421,1.4557,-1.4126,-1.4126,0.3519
3.698,0.0662,0.0662,-0.0622,1.4295,1.4295,1.4421,-1.4126,-1.4126,0.3519
3.702,0.0768,0.0768,-0.0622,1.4150,1.4150,1.4295,-1.4126,-1.4126,0.3518
3.705,0.0871,0.0871,-0.0622,1.3898,1.3898,1.4150,-1.2125,-1.2125,0.3518
3.709,0.0998,0.0998,-0.0622,1.3752,1.3752,1.3898,-1.2125,-1.2125,0.3518
3.712,0.1117,0.1117,-0.0622,1.3626,1.3626,1.3752,-1.2125,-1.2125,0.3518
3.716,0.1248,0.1248,-0.0622,1.3496,1.3496,1.3626,-1.2125,-1.2125,0.3518
3.719,0.1392,0.1392,-0.0621,1.3363,1.3363,1.3496,-1.2125,-1.2125,0.3518
3.723,0.1538,0.1538,-0.0621,1.3236,1.3236,1.3363,-1.2125,-1.2125,0.3517
3.726,0.1696,0.1696,-0.0621,1.3000,1.3000,1.3236,-0.9933,-0.9933,0.3517
3.730,0.1885,0.1885,-0.0621,1.2855,1.2855,1.3000,-0.9933,-0.9933,0.3518
3.734,0.2073,0.2073,-0.0620,1.2720,1.2720,1.2855,-0.9933,-0.9933,0.3518
3.737,0.2250,0.2250,-0.0620,1.2599,1.2599,1.2720,-0.9933,-0.9933,0.3518
3.741,0.2477,0.2477,-0.0619,1.2454,1.2454,1.2599,-0.9933,-0.9933,0.3519
3.745,0.2668,0.2668,-0.0619,1.2254,1.2254,1.2454,-0.7565,-0.7565,0.3519
3.749,0.2917,0.2917,-0.0619,1.2113,1.2113,1.2254,-0.7565,-0.7565,0.3520
3.752,0.3143,0.3143,-0.0618,1.1991,1.1991,1.2113,-0.7565,-0.7565,0.3520
3.756,0.3386,0.3386,-0.0617,1.1867,1.1867,1.1991,-0.7565,-0.7565,0.3521
3.763,0.3830,0.3830,-0.0617,1.1612,1.1612,1.1867,-0.5255,-0.5255,0.3522
3.770,0.4339,0.4339,-0.0616,1.1389,1.1389,1.1612,-0.5255,-0.5255,0.3524
3.774,0.4590,0.4590,-0.0614,1.1285,1.1285,1.1389,-0.5255,-0.5255,0.3526
3.777,0.4827,0.4827,-0.0613,1.1191,1.1191,1.1285,-0.5255,-0.5255,0.3527
3.781,0.5098,0.5098,-0.0613,1.1089,1.1089,1.1191,-0.5255,-0.5255,0.3528
3.785,0.5465,0.5465,-0.0612,1.0939,1.0939,1.1089,-0.2842,-0.2842,0.3529
3.793,0.6089,0.6089,-0.0610,1.0728,1.0728,1.0939,-0.2842,-0.2842,0.3531
3.797,0.6434,0.6434,-0.0608,1.0618,1.0618,1.0728,-0.2842,-0.2842,0.3535
3.802,0.6774,0.6774,-0.0607,1.0515,1.0515,1.0618,-0.2842,-0.2842,0.3536
3.806,0.7124,0.7124,-0.0606,1.0422,1.0422,1.0515,-0.0325,-0.0325,0.3538
3.814,0.7805,0.7805,-0.0604,1.0229,1.0229,1.0422,-0.0325,-0.0325,0.3540
3.819,0.8288,0.8288,-0.0601,1.0100,1.0100,1.0229,-0.0325,-0.0325,0.3545
3.823,0.8580,0.8580,-0.0599,1.0070,1.0070,1.0100,0.2104,0.2104,0.3548
3.827,0.8962,0.8962,-0.0598,0.9974,0.9974,1.0070,0.2104,0.2104,0.3550
3.830,0.9256,0.9256,-0.0596,0.9901,0.9901,0.9974,0.2104,0.2104,0.3553
3.834,0.9627,0.9627,-0.0594,0.9812,0.9812,0.9901,0.2104,0.2104,0.3555
3.838,0.9958,0.9958,-0.0593,0.9735,0.9735,0.9812,0.2104,0.2104,0.3558
3.841,1.0246,1.0246,-0.0591,0.9668,0.9668,0.9735,0.2104,0.2104,0.3560
3.845,1.0582,1.0582,-0.0589,0.9666,0.9666,0.9668,0.4597,0.4597,0.3562
3.849,1.0959,1.0959,-0.0588,0.9583,0.9583,0.9666,0.4597,0.4597,0.3565
3.853,1.1347,1.1347,-0.0585,0.9500,0.9500,0.9583,0.4597,0.4597,0.3568
3.857,1.1664,1.1664,-0.0583,0.9434,0.9434,0.9500,0.4597,0.4597,0.3571
3.860,1.2010,1.2010,-0.0581,0.9365,0.9365,0.9434,0.4597,0.4597,0.3574
3.864,1.2310,1.2310,-0.0579,0.9405,0.9405,0.9365,0.7182,0.7182,0.3576
3.869,1.2832,1.2832,-0.0577,0.9306,0.9306,0.9405,0.7182,0.7182,0.3579
3.873,1.3153,1.3153,-0.0574,0.9248,0.9248,0.9306,0.7182,0.7182,0.3584
3.876,1.3492,1.3492,-0.0572,0.9188,0.9188,0.9248,0.7182,0.7182,0.3587
3.880,1.3787,1.3787,-0.0570,0.9136,0.9136,0.9188,0.7182,0.7182,0.3590
3.886,1.4389,1.4389,-0.0568,0.9155,0.9155,0.9136,0.9838,0.9838,0.3593
3.896,1.5161,1.5161,-0.0563,0.9022,0.9022,0.9155,0.9838,0.9838,0.3600
3.902,1.5656,1.5656,-0.0557,0.8938,0.8938,0.9022,0.9838,0.9838,0.3609
3.906,1.5981,1.5981,-0.0553,0.9030,0.9030,0.8938,1.2541,1.2541,0.3615
3.911,1.6340,1.6340,-0.0550,0.8970,0.8970,0.9030,1.2541,1.2541,0.3619
3.918,1.6838,1.6838,-0.0546,0.8888,0.8888,0.8970,1.2541,1.2541,0.3625
3.921,1.7073,1.7073,-0.0541,0.8848,0.8848,0.8888,1.2541,1.2541,0.3632
3.924,1.7308,1.7308,-0.0538,0.8978,0.8978,0.8848,1.5266,1.5266,0.3636
3.928,1.7563,1.7563,-0.0536,0.8935,0.8935,0.8978,1.5266,1.5266,0.3640
3.931,1.7777,1.7777,-0.0533,0.8898,0.8898,0.8935,1.5266,1.5266,0.3644
3.936,1.8065,1.8065,-0.0530,0.8848,0.8848,0.8898,1.5266,1.5266,0.3648
3.940,1.8339,1.8339,-0.0527,0.8799,0.8799,0.8848,1.5266,1.5266,0.3654
3.943,1.8543,1.8543,-0.0523,0.8952,0.8952,0.8799,1.7934,1.7934,0.3659
3.947,1.8774,1.8774,-0.0520,0.8910,0.8910,0.8952,1.7934,1.7934,0.3663
3.952,1.9025,1.9025,-0.0517,0.8863,0.8863,0.8910,1.7934,1.7934,0.3668
3.955,1.9214,1.9214,-0.0514,0.8827,0.8827,0.8863,1.7934,1.7934,0.3674
3.959,1.9435,1.9435,-0.0511,0.8786,0.8786,0.8827,1.7934,1.7934,0.3678
3.971,2.0083,2.0083,-0.0508,0.8870,0.8870,0.8786,2.0562,2.0562,0.3683
3.980,2.0570,2.0570,-0.0497,0.8779,0.8779,0.8870,2.0562,2.0562,0.3700
3.989,2.1006,2.1006,-0.0489,0.8914,0.8914,0.8779,2.3138,2.3138,0.3714
4.003,2.1614,2.1614,-0.0481,0.9026,0.9026,0.8914,2.5638,2.5638,0.3727
4.013,2.2030,2.2030,-0.0468,0.8947,0.8947,0.9026,2.5638,2.5638,0.3749
4.018,2.2217,2.2217,-0.0459,0.8911,0.8911,0.8947,2.5638,2.5638,0.3765
4.022,2.2370,2.2370,-0.0454,0.8881,0.8881,0.8911,2.5638,2.5638,0.3773
4.028,2.2615,2.2615,-0.0451,0.9062,0.9062,0.8881,2.7886,2.7886,0.3779
4.035,2.2861,2.2861,-0.0444,0.9008,0.9008,0.9062,2.7886,2.7886,0.3790
4.042,2.3079,2.3079,-0.0438,0.8959,0.8959,0.9008,2.7886,2.7886,0.3802
4.046,2.3207,2.3207,-0.0432,0.9159,0.9159,0.8959,2.9971,2.9971,0.3813
4.050,2.3338,2.3338,-0.0428,0.9127,0.9127,0.9159,2.9971,2.9971,0.3819
4.054,2.3464,2.3464,-0.0424,0.9095,0.9095,0.9127,2.9971,2.9971,0.3827
4.057,2.3571,2.3571,-0.0420,0.9068,0.9068,0.9095,2.9971,2.9971,0.3834
4.061,2.3681,2.3681,-0.0417,0.9040,0.9040,0.9068,2.9971,2.9971,0.3840
4.064,2.3779,2.3779,-0.0413,0.9244,0.9244,0.9040,3.1918,3.1918,0.3846
4.069,2.3918,2.3918,-0.0410,0.9206,0.9206,0.9244,3.1918,3.1918,0.3852
4.073,2.4015,2.4015,-0.0405,0.9181,0.9181,0.9206,3.1918,3.1918,0.3861
4.076,2.4118,2.4118,-0.0402,0.9156,0.9156,0.9181,3.1918,3.1918,0.3867
4.080,2.4206,2.4206,-0.0398,0.9131,0.9131,0.9156,3.1918,3.1918,0.3874
4.083,2.4300,2.4300,-0.0395,0.9329,0.9329,0.9131,3.3704,3.3704,0.3880
4.088,2.4419,2.4419,-0.0392,0.9296,0.9296,0.9329,3.3704,3.3704,0.3887
4.091,2.4501,2.4501,-0.0387,0.9273,0.9273,0.9296,3.3704,3.3704,0.3896
4.095,2.4591,2.4591,-0.0384,0.9246,0.9246,0.9273,3.3704,3.3704,0.3902
4.100,2.4702,2.4702,-0.0380,0.9216,0.9216,0.9246,3.3704,3.3704,0.3909
4.108,2.4894,2.4894,-0.0376,0.9374,0.9374,0.9216,3.5308,3.5308,0.3917
4.113,2.4997,2.4997,-0.0368,0.9342,0.9342,0.9374,3.5308,3.5308,0.3933
4.121,2.5174,2.5174,-0.0363,0.9280,0.9280,0.9342,3.5308,3.5308,0.3942
4.129,2.5339,2.5339,-0.0355,0.9426,0.9426,0.9280,3.6716,3.6716,0.3958
4.135,2.5443,2.5443,-0.0347,0.9384,0.9384,0.9426,3.6716,3.6716,0.3974
4.138,2.5513,2.5513,-0.0342,0.9356,0.9356,0.9384,3.6716,3.6716,0.3984
4.142,2.5584,2.5584,-0.0338,0.9326,0.9326,0.9356,3.6716,3.6716,0.3991
4.146,2.5642,2.5642,-0.0334,0.9494,0.9494,0.9326,3.7915,3.7915,0.3999
4.150,2.5726,2.5726,-0.0331,0.9456,0.9456,0.9494,3.7915,3.7915,0.4005
4.154,2.5788,2.5788,-0.0326,0.9427,0.9427,0.9456,3.7915,3.7915,0.4014
4.158,2.5853,2.5853,-0.0323,0.9396,0.9396,0.9427,3.7915,3.7915,0.4022
4.164,2.5956,2.5956,-0.0319,0.9528,0.9528,0.9396,3.8893,3.8893,0.4029
4.171,2.6064,2.6064,-0.0313,0.9475,0.9475,0.9528,3.8893,3.8893,0.4042
4.175,2.6125,2.6125,-0.0306,0.9443,0.9443,0.9475,3.8893,3.8893,0.4055
4.182,2.6222,2.6222,-0.0302,0.9391,0.9391,0.9443,3.8893,3.8893,0.4063
4.186,2.6274,2.6274,-0.0296,0.9600,0.9600,0.9391,3.9643,3.9643,0.4076
4.190,2.6333,2.6333,-0.0292,0.9567,0.9567,0.9600,3.9643,3.9643,0.4084
4.193,2.6376,2.6376,-0.0288,0.9541,0.9541,0.9567,3.9643,3.9643,0.4092
4.197,2.6422,2.6422,-0.0285,0.9513,0.9513,0.9541,3.9643,3.9643,0.4099
4.201,2.6478,2.6478,-0.0281,0.9475,0.9475,0.9513,3.9643,3.9643,0.4105
4.205,2.6521,2.6521,-0.0277,0.9446,0.9446,0.9475,3.4131,3.4131,0.4114
4.210,2.6584,2.6584,-0.0274,0.9403,0.9403,0.9446,3.4131,3.4131,0.4120
4.218,2.6677,2.6677,-0.0269,0.9332,0.9332,0.9403,3.4131,3.4131,0.4128
4.221,2.6715,2.6715,-0.0261,0.9300,0.9300,0.9332,3.4131,3.4131,0.4141
4.225,2.6757,2.6757,-0.0258,0.9411,0.9411,0.9300,3.4842,3.4842,0.4147
4.229,2.6803,2.6803,-0.0254,0.9374,0.9374,0.9411,3.4842,3.4842,0.4153
4.234,2.6846,2.6846,-0.0250,0.9336,0.9336,0.9374,3.4842,3.4842,0.4160
4.237,2.6882,2.6882,-0.0246,0.9304,0.9304,0.9336,3.4842,3.4842,0.4167
4.241,2.6920,2.6920,-0.0243,0.9268,0.9268,0.9304,3.4842,3.4842,0.4172
4.245,2.6955,2.6955,-0.0239,0.9251,0.9251,0.9268,2.9621,2.9621,0.4179
4.249,2.6999,2.6999,-0.0236,0.9208,0.9208,0.9251,2.9621,2.9621,0.4184
4.253,2.7038,2.7038,-0.0232,0.9169,0.9169,0.9208,2.9621,2.9621,0.4190
4.257,2.7074,2.7074,-0.0228,0.9132,0.9132,0.9169,2.9621,2.9621,0.4195
4.261,2.7102,2.7102,-0.0224,0.9100,0.9100,0.9132,2.9621,2.9621,0.4201
4.265,2.7137,2.7137,-0.0221,0.9158,0.9158,0.9100,2.9016,2.9016,0.4205
4.274,2.7213,2.7213,-0.0217,0.9062,0.9062,0.9158,2.9016,2.9016,0.4210
4.279,2.7252,2.7252,-0.0209,0.9010,0.9010,0.9062,2.9016,2.9016,0.4222
4.282,2.7281,2.7281,-0.0204,0.8974,0.8974,0.9010,2.9016,2.9016,0.4228
4.286,2.7312,2.7312,-0.0201,0.8973,0.8973,0.8974,2.5611,2.5611,0.4233
4.290,2.7342,2.7342,-0.0197,0.8929,0.8929,0.8973,2.5611,2.5611,0.4237
4.294,2.7369,2.7369,-0.0194,0.8889,0.8889,0.8929,2.5611,2.5611,0.4242
4.297,2.7392,2.7392,-0.0190,0.8852,0.8852,0.8889,2.5611,2.5611,0.4246
4.301,2.7417,2.7417,-0.0187,0.8815,0.8815,0.8852,2.5611,2.5611,0.4250
4.305,2.7443,2.7443,-0.0184,0.8838,0.8838,0.8815,2.5031,2.5031,0.4253
4.309,2.7472,2.7472,-0.0180,0.8784,0.8784,0.8838,2.5031,2.5031,0.4258
4.313,2.7496,2.7496,-0.0176,0.8743,0.8743,0.8784,2.5031,2.5031,0.4262
4.317,2.7518,2.7518,-0.0173,0.8702,0.8702,0.8743,2.5031,2.5031,0.4266
4.322,2.7549,2.7549,-0.0170,0.8641,0.8641,0.8702,2.5031,2.5031,0.4270
4.329,2.7594,2.7594,-0.0165,0.8577,0.8577,0.8641,2.0415,2.0415,0.4275
4.334,2.7620,2.7620,-0.0159,0.8520,0.8520,0.8577,2.0415,2.0415,0.4281
4.338,2.7643,2.7643,-0.0154,0.8471,0.8471,0.8520,2.0415,2.0415,0.4285
4.341,2.7660,2.7660,-0.0151,0.8431,0.8431,0.8471,2.0415,2.0415,0.4288
4.345,2.7680,2.7680,-0.0148,0.8422,0.8422,0.8431,2.1133,2.1133,0.4290
4.349,2.7703,2.7703,-0.0145,0.8364,0.8364,0.8422,2.1133,2.1133,0.4293
4.353,2.7723,2.7723,-0.0141,0.8311,0.8311,0.8364,2.1133,2.1133,0.4297
4.357,2.7740,2.7740,-0.0137,0.8268,0.8268,0.8311,2.1133,2.1133,0.4300
4.361,2.7760,2.7760,-0.0134,0.8215,0.8215,0.8268,2.1133,2.1133,0.4303
4.365,2.7778,2.7778,-0.0131,0.8198,0.8198,0.8215,1.6759,1.6759,0.4306
4.369,2.7800,2.7800,-0.0127,0.8130,0.8130,0.8198,1.6759,1.6759,0.4308
4.373,2.7815,2.7815,-0.0123,0.8085,0.8085,0.8130,1.6759,1.6759,0.4311
4.377,2.7832,2.7832,-0.0120,0.8037,0.8037,0.8085,1.6759,1.6759,0.4313
4.380,2.7846,2.7846,-0.0117,0.7986,0.7986,0.8037,1.6759,1.6759,0.4315
4.384,2.7864,2.7864,-0.0114,0.7927,0.7927,0.7986,1.7473,1.7473,0.4317
4.388,2.7880,2.7880,-0.0110,0.7869,0.7869,0.7927,1.7473,1.7473,0.4320
4.392,2.7894,2.7894,-0.0107,0.7814,0.7814,0.7869,1.7473,1.7473,0.4322
4.395,2.7908,2.7908,-0.0104,0.7760,0.7760,0.7814,1.7473,1.7473,0.4325
4.400,2.7924,2.7924,-0.0101,0.7699,0.7699,0.7760,1.7473,1.7473,0.4327
4.404,2.7939,2.7939,-0.0098,0.7654,0.7654,0.7699,1.5686,1.5686,0.4329
4.408,2.7957,2.7957,-0.0094,0.7579,0.7579,0.7654,1.5686,1.5686,0.4331
4.412,2.7968,2.7968,-0.0090,0.7529,0.7529,0.7579,1.5686,1.5686,0.4334
4.416,2.7985,2.7985,-0.0087,0.7446,0.7446,0.7529,1.5686,1.5686,0.4335
4.425,2.8015,2.8015,-0.0083,0.7282,0.7282,0.7446,1.6214,1.6214,0.4338
4.434,2.8040,2.8040,-0.0076,0.7143,0.7143,0.7282,1.6214,1.6214,0.4342
4.441,2.8062,2.8062,-0.0069,0.7013,0.7013,0.7143,1.6214,1.6214,0.4347
4.444,2.8073,2.8073,-0.0063,0.6995,0.6995,0.7013,1.2141,1.2141,0.4350
4.449,2.8084,2.8084,-0.0060,0.6927,0.6927,0.6995,1.2141,1.2141,0.4351
4.452,2.8094,2.8094,-0.0057,0.6863,0.6863,0.6927,1.2141,1.2141,0.4353
4.456,2.8104,2.8104,-0.0054,0.6790,0.6790,0.6863,1.2141,1.2141,0.4354
4.459,2.8113,2.8113,-0.0051,0.6735,0.6735,0.6790,1.2141,1.2141,0.4355
4.463,2.8122,2.8122,-0.0049,0.6640,0.6640,0.6735,1.2663,1.2663,0.4356
4.468,2.8134,2.8134,-0.0046,0.6552,0.6552,0.6640,1.2663,1.2663,0.4357
4.471,2.8143,2.8143,-0.0042,0.6487,0.6487,0.6552,1.2663,1.2663,0.4359
4.475,2.8152,2.8152,-0.0039,0.6425,0.6425,0.6487,1.2663,1.2663,0.4360
4.478,2.8160,2.8160,-0.0036,0.6370,0.6370,0.6425,1.2663,1.2663,0.4361
4.481,2.8167,2.8167,-0.0033,0.6302,0.6302,0.6370,1.2663,1.2663,0.4362
4.485,2.8175,2.8175,-0.0031,0.6247,0.6247,0.6302,0.9956,0.9956,0.4363
4.489,2.8184,2.8184,-0.0028,0.6165,0.6165,0.6247,0.9956,0.9956,0.4364
4.492,2.8191,2.8191,-0.0025,0.6089,0.6089,0.6165,0.9956,0.9956,0.4364
4.496,2.8198,2.8198,-0.0023,0.6006,0.6006,0.6089,0.9956,0.9956,0.4365
4.499,2.8205,2.8205,-0.0020,0.5925,0.5925,0.6006,0.9956,0.9956,0.4366
4.503,2.8212,2.8212,-0.0017,0.5813,0.5813,0.5925,1.0401,1.0401,0.4366
4.507,2.8220,2.8220,-0.0014,0.5727,0.5727,0.5813,1.0401,1.0401,0.4367
4.510,2.8227,2.8227,-0.0011,0.5654,0.5654,0.5727,1.0401,1.0401,0.4368
4.513,2.8233,2.8233,-0.0009,0.5583,0.5583,0.5654,1.0401,1.0401,0.4368
4.517,2.8240,2.8240,-0.0006,0.5473,0.5473,0.5583,1.0401,1.0401,0.4369
4.520,2.8246,2.8246,-0.0004,0.5407,0.5407,0.5473,1.0401,1.0401,0.4370
4.524,2.8252,2.8252,-0.0001,0.5343,0.5343,0.5407,0.8840,0.8840,0.4371
4.528,2.8259,2.8259,0.0002,0.5223,0.5223,0.5343,0.8840,0.8840,0.4371
4.531,2.8264,2.8264,0.0005,0.5166,0.5166,0.5223,0.8840,0.8840,0.4371
4.535,2.8271,2.8271,0.0007,0.5052,0.5052,0.5166,0.8840,0.8840,0.4372
4.539,2.8277,2.8277,0.0010,0.4952,0.4952,0.5052,0.8840,0.8840,0.4372
4.543,2.8284,2.8284,0.0013,0.4866,0.4866,0.4952,0.8289,0.8289,0.4373
4.550,2.8295,2.8295,0.0016,0.4670,0.4670,0.4866,0.8289,0.8289,0.4373
4.554,2.8300,2.8300,0.0022,0.4585,0.4585,0.4670,0.8289,0.8289,0.4374
4.557,2.8306,2.8306,0.0024,0.4497,0.4497,0.4585,0.8289,0.8289,0.4374
4.561,2.8310,2.8310,0.0027,0.4415,0.4415,0.4497,0.8289,0.8289,0.4374
4.564,2.8315,2.8315,0.0029,0.4328,0.4328,0.4415,0.7689,0.7689,0.4375
4.568,2.8321,2.8321,0.0031,0.4225,0.4225,0.4328,0.7689,0.7689,0.4375
4.576,2.8331,2.8331,0.0035,0.4060,0.4060,0.4225,0.7689,0.7689,0.4375
4.580,2.8336,2.8336,0.0040,0.3965,0.3965,0.4060,0.7689,0.7689,0.4376
4.584,2.8342,2.8342,0.0043,0.3875,0.3875,0.3965,0.6128,0.6128,0.4376
4.589,2.8347,2.8347,0.0046,0.3788,0.3788,0.3875,0.6128,0.6128,0.4376
4.592,2.8351,2.8351,0.0049,0.3715,0.3715,0.3788,0.6128,0.6128,0.4376
4.596,2.8355,2.8355,0.0052,0.3611,0.3611,0.3715,0.6128,0.6128,0.4376
4.600,2.8359,2.8359,0.0054,0.3493,0.3493,0.3611,0.6128,0.6128,0.4376
4.604,2.8364,2.8364,0.0057,0.3369,0.3369,0.3493,0.5499,0.5499,0.4376
4.608,2.8369,2.8369,0.0060,0.3230,0.3230,0.3369,0.5499,0.5499,0.4375
4.612,2.8373,2.8373,0.0063,0.3106,0.3106,0.3230,0.5499,0.5499,0.4375
4.617,2.8377,2.8377,0.0066,0.2963,0.2963,0.3106,0.5499,0.5499,0.4375
4.620,2.7743,2.7743,0.0069,0.2851,0.2851,0.2963,0.5499,0.5499,0.4375
4.624,2.6776,2.6776,0.0071,0.2702,0.2702,0.2851,0.5668,0.5668,0.4374
4.628,2.5793,2.5793,0.0073,0.2586,0.2586,0.2702,0.5668,0.5668,0.4374
4.631,2.4995,2.4995,0.0076,0.2471,0.2471,0.2586,0.5668,0.5668,0.4374
4.635,2.3960,2.3960,0.0077,0.2326,0.2326,0.2471,0.5668,0.5668,0.4374
4.639,2.3120,2.3120,0.0079,0.2210,0.2210,0.2326,0.5668,0.5668,0.4374
4.643,2.2210,2.2210,0.0081,0.2088,0.2088,0.2210,0.5668,0.5668,0.4374
4.647,2.1121,2.1121,0.0082,0.1934,0.1934,0.2088,0.4889,0.4889,0.4374
4.657,1.8680,1.8680,0.0083,0.1578,0.1578,0.1934,0.4889,0.4889,0.4373
4.661,1.7771,1.7771,0.0085,0.1434,0.1434,0.1578,0.4889,0.4889,0.4372
4.665,1.6746,1.6746,0.0086,0.1284,0.1284,0.1434,0.4930,0.4930,0.4372
4.671,1.5285,1.5285,0.0086,0.1056,0.1056,0.1284,0.4930,0.4930,0.4372
4.675,1.4265,1.4265,0.0086,0.0902,0.0902,0.1056,0.4930,0.4930,0.4371
4.679,1.3351,1.3351,0.0086,0.0761,0.0761,0.0902,0.4930,0.4930,0.4371
4.684,1.2192,1.2192,0.0086,0.0572,0.0572,0.0761,0.2428,0.2428,0.4371
4.688,1.1073,1.1073,0.0085,0.0404,0.0404,0.0572,0.2428,0.2428,0.4370
4.692,1.0284,1.0284,0.0084,0.0288,0.0288,0.0404,0.2428,0.2428,0.4369
4.695,0.9496,0.9496,0.0083,0.0165,0.0165,0.0288,0.2428,0.2428,0.4368
4.699,0.8538,0.8538,0.0083,0.0014,0.0014,0.0165,0.2428,0.2428,0.4368
4.703,0.7654,0.7654,0.0081,-0.0125,-0.0125,0.0014,0.2428,0.2428,0.4367
4.706,0.6796,0.6796,0.0080,-0.0252,-0.0252,0.0000,0.2476,0.2476,0.4366
4.710,0.5922,0.5922,0.0079,-0.0403,-0.0403,0.0000,0.2476,0.2476,0.4365
4.714,0.5091,0.5091,0.0077,-0.0546,-0.0546,0.0000,0.2476,0.2476,0.4365
4.718,0.4330,0.4330,0.0075,-0.0676,-0.0676,0.0000,0.2476,0.2476,0.4364
4.722,0.3479,0.3479,0.0073,-0.0830,-0.0830,0.0000,0.2476,0.2476,0.4363
4.729,0.1943,0.1943,0.0071,-0.1117,-0.1117,0.0000,0.2451,0.2451,0.4363
4.735,0.0802,0.0802,0.0066,-0.1349,-0.1349,0.0000,0.2451,0.2451,0.4361
4.739,0.0070,0.0070,0.0062,-0.1489,-0.1489,0.0000,0.2451,0.2451,0.4360
4.743,-0.0619,-0.0619,0.0059,-0.1619,-0.1619,0.0000,0.2354,0.2354,0.4359
4.754,-0.2748,-0.2748,0.0056,-0.2082,-0.2082,0.0000,0.2354,0.2354,0.4359
4.761,-0.3819,-0.3819,0.0046,-0.2318,-0.2318,0.0000,0.2354,0.2354,0.4356
4.768,-0.5006,-0.5006,0.0041,-0.2592,-0.2592,0.0000,0.1525,0.1525,0.4355
4.773,-0.5703,-0.5703,0.0034,-0.2764,-0.2764,0.0000,0.1525,0.1525,0.4353
4.776,-0.6208,-0.6208,0.0029,-0.2888,-0.2888,0.0000,0.1525,0.1525,0.4352
4.779,-0.6669,-0.6669,0.0026,-0.3002,-0.3002,0.0000,0.1525,0.1525,0.4352
4.783,-0.7187,-0.7187,0.0023,-0.3137,-0.3137,0.0000,0.0705,0.0705,0.4351
4.787,-0.7762,-0.7762,0.0019,-0.3292,-0.3292,0.0000,0.0705,0.0705,0.4350
4.790,-0.8207,-0.8207,0.0015,-0.3418,-0.3418,0.0000,0.0705,0.0705,0.4349
4.793,-0.8634,-0.8634,0.0011,-0.3538,-0.3538,0.0000,0.0705,0.0705,0.4348
4.797,-0.9043,-0.9043,0.0008,-0.3655,-0.3655,0.0000,0.0705,0.0705,0.4347
4.800,-0.9501,-0.9501,0.0004,-0.3789,-0.3789,0.0000,0.0705,0.0705,0.4346
4.804,-0.9978,-0.9978,0.0000,-0.3922,-0.3922,0.0000,0.0531,0.0531,0.4346
4.808,-1.0530,-1.0530,-0.0004,-0.4091,-0.4091,0.0000,0.0531,0.0531,0.4345
4.812,-1.0969,-1.0969,-0.0009,-0.4229,-0.4229,0.0000,0.0531,0.0531,0.4343
4.816,-1.1439,-1.1439,-0.0014,-0.4377,-0.4377,0.0000,0.0531,0.0531,0.4342
4.820,-1.1894,-1.1894,-0.0019,-0.4526,-0.4526,0.0000,0.0531,0.0531,0.4341
4.824,-1.2304,-1.2304,-0.0024,-0.4659,-0.4659,0.0000,0.0312,0.0312,0.4340
4.829,-1.2895,-1.2895,-0.0028,-0.4857,-0.4857,0.0000,0.0312,0.0312,0.4339
4.834,-1.3379,-1.3379,-0.0035,-0.5024,-0.5024,0.0000,0.0312,0.0312,0.4338
4.838,-1.3811,-1.3811,-0.0041,-0.5177,-0.5177,0.0000,0.0312,0.0312,0.4336
4.842,-1.4199,-1.4199,-0.0046,-0.5317,-0.5317,0.0000,0.0312,0.0312,0.4335
4.845,-1.4552,-1.4552,-0.0051,-0.5446,-0.5446,0.0000,0.0048,0.0048,0.4334
4.850,-1.5045,-1.5045,-0.0056,-0.5635,-0.5635,0.0000,0.0048,0.0048,0.4333
4.855,-1.5446,-1.5446,-0.0063,-0.5797,-0.5797,0.0000,0.0048,0.0048,0.4332
4.859,-1.5804,-1.5804,-0.0069,-0.5946,-0.5946,0.0000,0.0048,0.0048,0.4330
4.862,-1.6141,-1.6141,-0.0074,-0.6089,-0.6089,0.0000,0.0048,0.0048,0.4329
4.869,-1.6675,-1.6675,-0.0079,-0.6325,-0.6325,0.0000,-0.0252,-0.0252,0.4328
4.877,-1.7383,-1.7383,-0.0088,-0.6654,-0.6654,0.0000,-0.0252,-0.0252,0.4327
4.887,-1.8149,-1.8149,-0.0100,-0.7027,-0.7027,0.0000,-0.0584,-0.0584,0.4324
4.892,-1.8542,-1.8542,-0.0114,-0.7219,-0.7219,0.0000,-0.0584,-0.0584,0.4321
4.895,-1.8799,-1.8799,-0.0122,-0.7349,-0.7349,0.0000,-0.0584,-0.0584,0.4320
4.900,-1.9146,-1.9146,-0.0127,-0.7529,-0.7529,0.0000,-0.0584,-0.0584,0.4319
4.904,-1.9414,-1.9414,-0.0134,-0.7673,-0.7673,0.0000,-0.0945,-0.0945,0.4317
4.908,-1.9695,-1.9695,-0.0140,-0.7825,-0.7825,0.0000,-0.0945,-0.0945,0.4316
4.912,-1.9953,-1.9953,-0.0146,-0.7966,-0.7966,0.0000,-0.0945,-0.0945,0.4315
4.917,-2.0228,-2.0228,-0.0152,-0.8124,-0.8124,0.0000,-0.0945,-0.0945,0.4314
4.921,-2.0489,-2.0489,-0.0159,-0.8278,-0.8278,0.0000,-0.0945,-0.0945,0.4312
4.925,-2.0709,-2.0709,-0.0165,-0.8417,-0.8417,0.0000,-0.1330,-0.1330,0.4311
4.930,-2.1050,-2.1050,-0.0171,-0.8636,-0.8636,0.0000,-0.1330,-0.1330,0.4310
4.936,-2.1366,-2.1366,-0.0179,-0.8844,-0.8844,0.0000,-0.1330,-0.1330,0.4308
4.940,-2.1574,-2.1574,-0.0188,-0.8986,-0.8986,0.0000,-0.1330,-0.1330,0.4306
4.944,-2.1814,-2.1814,-0.0194,-0.9159,-0.9159,0.0000,-0.1735,-0.1735,0.4305
4.949,-2.2050,-2.2050,-0.0200,-0.9324,-0.9324,0.0000,-0.1735,-0.1735,0.4304
4.953,-2.2255,-2.2255,-0.0207,-0.9471,-0.9471,0.0000,-0.1735,-0.1735,0.4302
4.956,-2.2433,-2.2433,-0.0213,-0.9601,-0.9601,0.0000,-0.1735,-0.1735,0.4301
4.960,-2.2621,-2.2621,-0.0219,-0.9740,-0.9740,0.0000,-0.1735,-0.1735,0.4300
4.964,-2.2794,-2.2794,-0.0225,-0.9881,-0.9881,0.0000,-0.2155,-0.2155,0.4298
4.969,-2.3033,-2.3033,-0.0231,-1.0065,-1.0065,0.0000,-0.2155,-0.2155,0.4297
4.973,-2.3237,-2.3237,-0.0239,-1.0228,-1.0228,0.0000,-0.2155,-0.2155,0.4295
4.980,-2.3534,-2.3534,-0.0246,-1.0473,-1.0473,0.0000,-0.2155,-0.2155,0.4294
4.984,-2.3693,-2.3693,-0.0256,-1.0617,-1.0617,0.0000,-0.2585,-0.2585,0.4291
4.988,-2.3864,-2.3864,-0.0262,-1.0768,-1.0768,0.0000,-0.2585,-0.2585,0.4290
4.991,-2.3998,-2.3998,-0.0268,-1.0891,-1.0891,0.0000,-0.2585,-0.2585,0.4288
4.994,-2.4129,-2.4129,-0.0274,-1.1014,-1.1014,0.0000,-0.2585,-0.2585,0.4287
4.998,-2.4255,-2.4255,-0.0279,-1.1137,-1.1137,0.0000,-0.2585,-0.2585,0.4286
5.001,-2.4397,-2.4397,-0.0284,-1.1279,-1.1279,0.0000,-0.2585,-0.2585,0.4285
5.005,-2.4524,-2.4524,-0.0290,-1.1421,-1.1421,0.0000,-0.3020,-0.3020,0.4284
5.009,-2.4669,-2.4669,-0.0295,-1.1573,-1.1573,0.0000,-0.3020,-0.3020,0.4282
5.012,-2.4789,-2.4789,-0.0302,-1.1703,-1.1703,0.0000,-0.3020,-0.3020,0.4281
5.016,-2.4910,-2.4910,-0.0307,-1.1833,-1.1833,0.0000,-0.3020,-0.3020,0.4279
5.019,-2.5036,-2.5036,-0.0312,-1.1973,-1.1973,0.0000,-0.3020,-0.3020,0.4278
5.023,-2.5156,-2.5156,-0.0318,-1.2120,-1.2120,0.0000,-0.3457,-0.3457,0.4277
5.027,-2.5293,-2.5293,-0.0324,-1.2277,-1.2277,0.0000,-0.3457,-0.3457,0.4275
5.036,-2.5558,-2.5558,-0.0330,-1.2593,-1.2593,0.0000,-0.3457,-0.3457,0.4274
5.041,-2.5705,-2.5705,-0.0344,-1.2770,-1.2770,0.0000,-0.3457,-0.3457,0.4270
5.044,-2.5802,-2.5802,-0.0351,-1.2902,-1.2902,0.0000,-0.3895,-0.3895,0.4269
5.048,-2.5914,-2.5914,-0.0356,-1.3043,-1.3043,0.0000,-0.3895,-0.3895,0.4267
5.052,-2.6029,-2.6029,-0.0363,-1.3192,-1.3192,0.0000,-0.3895,-0.3895,0.4266
5.055,-2.6124,-2.6124,-0.0369,-1.3319,-1.3319,0.0000,-0.3895,-0.3895,0.4264
5.059,-2.6225,-2.6225,-0.0375,-1.3461,-1.3461,0.0000,-0.3895,-0.3895,0.4263
5.063,-2.6314,-2.6314,-0.0380,-1.3590,-1.3590,0.0000,-0.3895,-0.3895,0.4261
5.066,-2.6412,-2.6412,-0.0386,-1.3749,-1.3749,0.0000,-0.4332,-0.4332,0.4260
5.071,-2.6517,-2.6517,-0.0392,-1.3913,-1.3913,0.0000,-0.4332,-0.4332,0.4258
5.075,-2.6620,-2.6620,-0.0398,-1.4082,-1.4082,0.0000,-0.4332,-0.4332,0.4256
5.081,-2.6777,-2.6777,-0.0405,-1.4354,-1.4354,0.0000,-0.4332,-0.4332,0.4255
5.085,-2.6868,-2.6868,-0.0415,-1.4526,-1.4526,0.0000,-0.4764,-0.4764,0.4252
5.089,-2.6956,-2.6956,-0.0421,-1.4683,-1.4683,0.0000,-0.4764,-0.4764,0.4250
5.092,-2.7025,-2.7025,-0.0428,-1.4808,-1.4808,0.0000,-0.4764,-0.4764,0.4249
5.096,-2.7091,-2.7091,-0.0432,-1.4929,-1.4929,0.0000,-0.4764,-0.4764,0.4247
5.099,-2.7164,-2.7164,-0.0437,-1.5064,-1.5064,0.0000,-0.4764,-0.4764,0.4246
5.103,-2.7240,-2.7240,-0.0443,-1.5222,-1.5222,0.0000,-0.5188,-0.5188,0.4244
5.107,-2.7320,-2.7320,-0.0448,-1.5375,-1.5375,0.0000,-0.5188,-0.5188,0.4243
5.110,-2.7383,-2.7383,-0.0455,-1.5496,-1.5496,0.0000,-0.5188,-0.5188,0.4241
5.113,-2.7446,-2.7446,-0.0459,-1.5621,-1.5621,0.0000,-0.5188,-0.5188,0.4240
5.117,-2.7515,-2.7515,-0.0464,-1.5762,-1.5762,0.0000,-0.5188,-0.5188,0.4238
5.121,-2.7586,-2.7586,-0.0470,-1.5906,-1.5906,0.0000,-0.5188,-0.5188,0.4236
5.124,-2.7644,-2.7644,-0.0476,-1.6041,-1.6041,0.0000,-0.5601,-0.5601,0.4235
5.128,-2.7720,-2.7720,-0.0481,-1.6210,-1.6210,0.0000,-0.5601,-0.5601,0.4233
5.132,-2.7780,-2.7780,-0.0488,-1.6346,-1.6346,0.0000,-0.5601,-0.5601,0.4231
5.136,-2.7853,-2.7853,-0.0493,-1.6523,-1.6523,0.0000,-0.5601,-0.5601,0.4230
5.140,-2.7909,-2.7909,-0.0500,-1.6663,-1.6663,0.0000,-0.5601,-0.5601,0.4228
5.143,-2.7962,-2.7962,-0.0505,-1.6813,-1.6813,0.0000,-0.6002,-0.6002,0.4226
5.147,-2.8030,-2.8030,-0.0510,-1.6998,-1.6998,0.0000,-0.6002,-0.6002,0.4225
5.152,-2.8104,-2.8104,-0.0516,-1.7207,-1.7207,0.0000,-0.6002,-0.6002,0.4223
5.157,-2.8171,-2.8171,-0.0524,-1.7403,-1.7403,0.0000,-0.6002,-0.6002,0.4220
5.160,-2.8227,-2.8227,-0.0530,-1.7571,-1.7571,0.0000,-0.6002,-0.6002,0.4218
5.164,-2.8275,-2.8275,-0.0536,-1.7733,-1.7733,0.0000,-0.6387,-0.6387,0.4217
5.169,-2.8343,-2.8343,-0.0541,-1.7945,-1.7945,0.0000,-0.6387,-0.6387,0.4215
5.172,-2.8388,-2.8388,-0.0549,-1.8086,-1.8086,0.0000,-0.6387,-0.6387,0.4213
5.176,-2.8445,-2.8445,-0.0554,-1.8268,-1.8268,0.0000,-0.6387,-0.6387,0.4211
5.185,-2.8557,-2.8557,-0.0560,-1.8656,-1.8656,0.0000,-0.6752,-0.6752,0.4209
5.193,-2.8657,-2.8657,-0.0573,-1.9000,-1.9000,0.0000,-0.6752,-0.6752,0.4205
5.198,-2.8707,-2.8707,-0.0585,-1.9175,-1.9175,0.0000,-0.6752,-0.6752,0.4201
5.202,-2.8754,-2.8754,-0.0591,-1.9353,-1.9353,0.0000,-0.6752,-0.6752,0.4199
5.205,-2.8792,-2.8792,-0.0598,-1.9515,-1.9515,0.0000,-0.7093,-0.7093,0.4197
5.210,-2.8839,-2.8839,-0.0603,-1.9709,-1.9709,0.0000,-0.7093,-0.7093,0.4195
5.213,-2.8874,-2.8874,-0.0609,-1.9857,-1.9857,0.0000,-0.7093,-0.7093,0.4193
5.217,-2.8917,-2.8917,-0.0614,-2.0050,-2.0050,0.0000,-0.7093,-0.7093,0.4191
5.221,-2.8951,-2.8951,-0.0620,-2.0209,-2.0209,0.0000,-0.7093,-0.7093,0.4189
5.224,-2.8984,-2.8984,-0.0625,-2.0383,-2.0383,0.0000,-0.7410,-0.7410,0.4188
5.228,-2.9021,-2.9021,-0.0630,-2.0571,-2.0571,0.0000,-0.7410,-0.7410,0.4186
5.231,-2.9051,-2.9051,-0.0635,-2.0728,-2.0728,0.0000,-0.7410,-0.7410,0.4184
5.235,-2.9085,-2.9085,-0.0640,-2.0908,-2.0908,0.0000,-0.7410,-0.7410,0.4183
5.238,-2.9115,-2.9115,-0.0645,-2.1072,-2.1072,0.0000,-0.7410,-0.7410,0.4181
5.242,-2.9152,-2.9152,-0.0650,-2.1274,-2.1274,0.0000,-0.7410,-0.7410,0.4179
5.246,-2.9185,-2.9185,-0.0656,-2.1474,-2.1474,0.0000,-0.7697,-0.7697,0.4177
5.251,-2.9222,-2.9222,-0.0661,-2.1687,-2.1687,0.0000,-0.7697,-0.7697,0.4175
5.254,-2.9249,-2.9249,-0.0667,-2.1842,-2.1842,0.0000,-0.7697,-0.7697,0.4173
5.257,-2.9276,-2.9276,-0.0672,-2.2002,-2.2002,0.0000,-0.7697,-0.7697,0.4171
5.261,-2.9304,-2.9304,-0.0677,-2.2167,-2.2167,0.0000,-0.7697,-0.7697,0.4170
5.265,-2.9333,-2.9333,-0.0682,-2.2353,-2.2353,0.0000,-0.7951,-0.7951,0.4168
5.269,-2.9368,-2.9368,-0.0687,-2.2568,-2.2568,0.0000,-0.7951,-0.7951,0.4166
5.273,-2.9396,-2.9396,-0.0694,-2.2754,-2.2754,0.0000,-0.7951,-0.7951,0.4164
5.277,-2.9420,-2.9420,-0.0699,-2.2912,-2.2912,0.0000,-0.7951,-0.7951,0.4162
5.280,-2.9442,-2.9442,-0.0704,-2.3067,-2.3067,0.0000,-0.7951,-0.7951,0.4160
5.285,-2.9476,-2.9476,-0.0708,-2.3339,-2.3339,0.0000,-0.8166,-0.8166,0.4158
5.293,-2.9532,-2.9532,-0.0715,-2.3794,-2.3794,0.0000,-0.8166,-0.8166,0.4156
5.297,-2.9555,-2.9555,-0.0726,-2.3998,-2.3998,0.0000,-0.8166,-0.8166,0.4152
5.301,-2.9582,-2.9582,-0.0731,-2.4237,-2.4237,0.0000,-0.8166,-0.8166,0.4150
5.305,-2.9604,-2.9604,-0.0737,-2.4460,-2.4460,0.0000,-0.8339,-0.8339,0.4148
5.309,-2.9629,-2.9629,-0.0742,-2.4711,-2.4711,0.0000,-0.8339,-0.8339,0.4146
5.312,-2.9648,-2.9648,-0.0748,-2.4896,-2.4896,0.0000,-0.8339,-0.8339,0.4144
5.317,-2.9671,-2.9671,-0.0752,-2.5140,-2.5140,0.0000,-0.8339,-0.8339,0.4142
5.320,-2.9692,-2.9692,-0.0758,-2.5358,-2.5358,0.0000,-0.8339,-0.8339,0.4140
5.324,-2.9709,-2.9709,-0.0763,-2.5554,-2.5554,0.0000,-0.8466,-0.8466,0.4138
5.327,-2.9729,-2.9729,-0.0767,-2.5768,-2.5768,0.0000,-0.8466,-0.8466,0.4137
5.331,-2.9746,-2.9746,-0.0772,-2.5946,-2.5946,0.0000,-0.8466,-0.8466,0.4135
5.335,-2.9766,-2.9766,-0.0777,-2.6175,-2.6175,0.0000,-0.8466,-0.8466,0.4133
5.339,-2.9788,-2.9788,-0.0782,-2.6422,-2.6422,0.0000,-0.8466,-0.8466,0.4131
5.347,-2.9823,-2.9823,-0.0788,-2.6854,-2.6854,0.0000,-0.8553,-0.8553,0.4129
5.354,-2.9855,-2.9855,-0.0798,-2.7272,-2.7272,0.0000,-0.8553,-0.8553,0.4125
5.359,-2.9877,-2.9877,-0.0807,-2.7573,-2.7573,0.0000,-0.8553,-0.8553,0.4122
5.363,-2.9893,-2.9893,-0.0813,-2.7807,-2.7807,0.0000,-0.8553,-0.8553,0.4120
5.366,-2.9908,-2.9908,-0.0818,-2.8048,-2.8048,0.0000,-0.8592,-0.8592,0.4118
5.370,-2.9924,-2.9924,-0.0823,-2.8312,-2.8312,0.0000,-0.8592,-0.8592,0.4116
5.373,-2.9937,-2.9937,-0.0828,-2.8524,-2.8524,0.0000,-0.8592,-0.8592,0.4114
5.377,-2.9950,-2.9950,-0.0832,-2.8745,-2.8745,0.0000,-0.8592,-0.8592,0.4112
5.380,-2.9962,-2.9962,-0.0836,-2.8964,-2.8964,0.0000,-0.8592,-0.8592,0.4111
5.384,-2.9975,-2.9975,-0.0840,-2.9230,-2.9230,0.0000,-0.8582,-0.8582,0.4109
5.387,-2.9989,-2.9989,-0.0845,-2.9503,-2.9503,0.0000,-0.8582,-0.8582,0.4108
5.391,-3.0001,-3.0001,-0.0849,-2.9732,-2.9732,0.0000,-0.8582,-0.8582,0.4106
5.395,-3.0016,-3.0016,-0.0853,-3.0038,-3.0038,0.0000,-0.8582,-0.8582,0.4104
5.402,-3.0041,-3.0041,-0.0859,-3.0568,-3.0568,0.0000,-0.8582,-0.8582,0.4102
5.406,-3.0054,-3.0054,-0.0868,-3.0855,-3.0855,0.0000,-0.8527,-0.8527,0.4099
5.410,-3.0066,-3.0066,-0.0873,-3.1124,-3.1124,0.0000,-0.8527,-0.8527,0.4097
5.414,-3.0078,-3.0078,-0.0878,-3.1382,-3.1382,0.0000,-0.8527,-0.8527,0.4095
5.418,-3.0090,-3.0090,-0.0882,-3.1662,-3.1662,0.0000,-0.8527,-0.8527,0.4094
5.421,-3.0100,-3.0100,-0.0887,-3.1889,-3.1889,0.0000,-0.8527,-0.8527,0.4092
5.425,-3.0109,-3.0109,-0.0891,-3.2133,-3.2133,0.0000,-0.8320,-0.8320,0.4090
5.428,-2.9640,-2.9640,-0.0895,-3.2423,-3.2423,0.0000,-0.8320,-0.8320,0.4089
5.432,-2.9108,-2.9108,-0.0900,-3.2689,-3.2689,0.0000,-0.8320,-0.8320,0.4087
5.435,-2.8531,-2.8531,-0.0904,-3.3002,-3.3002,0.0000,-0.8320,-0.8320,0.4086
5.439,-2.7933,-2.7933,-0.0908,-3.3354,-3.3354,0.0000,-0.8320,-0.8320,0.4084
5.443,-2.7436,-2.7436,-0.0912,-3.3675,-3.3675,0.0000,-0.8062,-0.8062,0.4082
5.447,-2.6838,-2.6838,-0.0916,-3.4081,-3.4081,0.0000,-0.8062,-0.8062,0.4081
5.450,-2.6306,-2.6306,-0.0920,-3.4468,-3.4468,0.0000,-0.8062,-0.8062,0.4079
5.454,-2.5753,-2.5753,-0.0923,-3.4899,-3.4899,0.0000,-0.8062,-0.8062,0.4078
5.458,-2.5294,-2.5294,-0.0927,-3.5280,-3.5280,0.0000,-0.8062,-0.8062,0.4076
5.461,-2.4833,-2.4833,-0.0930,-3.5685,-3.5685,0.0000,-0.8062,-0.8062,0.4075
5.465,-2.4371,-2.4371,-0.0933,-3.6124,-3.6124,0.0000,-0.7777,-0.7777,0.4073
5.469,-2.3725,-2.3725,-0.0936,-3.6772,-3.6772,0.0000,-0.7777,-0.7777,0.4072
5.473,-2.3244,-2.3244,-0.0941,-3.7275,-3.7275,0.0000,-0.7777,-0.7777,0.4070
5.477,-2.2829,-2.2829,-0.0944,-3.7726,-3.7726,0.0000,-0.7777,-0.7777,0.4069
5.480,-2.2369,-2.2369,-0.0946,-3.8248,-3.8248,0.0000,-0.7777,-0.7777,0.4067
5.484,-2.1897,-2.1897,-0.0949,-3.8813,-3.8813,0.0000,-0.7463,-0.7463,0.4066
5.489,-2.1385,-2.1385,-0.0952,-3.9449,-3.9449,0.0000,-0.7463,-0.7463,0.4064
5.492,-2.0974,-2.0974,-0.0955,-3.9903,-3.9903,0.0000,-0.7463,-0.7463,0.4063
5.501,-1.9910,-1.9910,-0.0958,-4.0601,-4.0601,0.0000,-0.7463,-0.7463,0.4062
5.511,-1.8873,-1.8873,-0.0964,-4.0764,-4.0764,0.0000,-0.7124,-0.7124,0.4058
5.516,-1.8385,-1.8385,-0.0969,-4.0708,-4.0708,0.0000,-0.7124,-0.7124,0.4055
5.519,-1.8027,-1.8027,-0.0972,-4.0592,-4.0592,0.0000,-0.7124,-0.7124,0.4053
5.523,-1.7700,-1.7700,-0.0974,-4.0423,-4.0423,0.0000,-0.6760,-0.6760,0.4052
5.527,-1.7311,-1.7311,-0.0975,-4.0122,-4.0122,0.0000,-0.6760,-0.6760,0.4051
5.530,-1.7004,-1.7004,-0.0977,-3.9821,-3.9821,0.0000,-0.6760,-0.6760,0.4050
5.534,-1.6676,-1.6676,-0.0979,-3.9422,-3.9422,0.0000,-0.6760,-0.6760,0.4049
5.537,-1.6339,-1.6339,-0.0980,-3.8929,-3.8929,0.0000,-0.6760,-0.6760,0.4047
5.541,-1.6051,-1.6051,-0.0982,-3.8490,-3.8490,0.0000,-0.6760,-0.6760,0.4046
5.544,-1.5750,-1.5750,-0.0983,-3.8041,-3.8041,0.0000,-0.6376,-0.6376,0.4045
5.548,-1.5421,-1.5421,-0.0985,-3.7562,-3.7562,0.0000,-0.6376,-0.6376,0.4044
5.552,-1.5112,-1.5112,-0.0986,-3.7123,-3.7123,0.0000,-0.6376,-0.6376,0.4043
5.555,-1.4835,-1.4835,-0.0988,-3.6738,-3.6738,0.0000,-0.6376,-0.6376,0.4042
5.558,-1.4579,-1.4579,-0.0989,-3.6390,-3.6390,0.0000,-0.6376,-0.6376,0.4041
5.561,-1.4318,-1.4318,-0.0990,-3.6044,-3.6044,0.0000,-0.6376,-0.6376,0.4040
5.565,-1.4030,-1.4030,-0.0991,-3.5670,-3.5670,0.0000,-0.5972,-0.5972,0.4039
5.569,-1.3698,-1.3698,-0.0992,-3.5257,-3.5257,0.0000,-0.5972,-0.5972,0.4038
5.573,-1.3456,-1.3456,-0.0993,-3.4966,-3.4966,0.0000,-0.5972,-0.5972,0.4037
5.576,-1.3221,-1.3221,-0.0994,-3.4691,-3.4691,0.0000,-0.5972,-0.5972,0.4036
5.579,-1.2991,-1.2991,-0.0995,-3.4431,-3.4431,0.0000,-0.5972,-0.5972,0.4035
5.582,-1.2750,-1.2750,-0.0996,-3.4170,-3.4170,0.0000,-0.5972,-0.5972,0.4034
5.586,-1.2499,-1.2499,-0.0997,-3.3902,-3.3902,0.0000,-0.5551,-0.5551,0.4034
5.590,-1.2215,-1.2215,-0.0998,-3.3622,-3.3622,0.0000,-0.5551,-0.5551,0.4033
5.593,-1.1994,-1.1994,-0.0998,-3.3413,-3.3413,0.0000,-0.5551,-0.5551,0.4032
5.597,-1.1788,-1.1788,-0.0999,-3.3229,-3.3229,0.0000,-0.5551,-0.5551,0.4031
5.601,-1.1518,-1.1518,-0.1000,-3.3003,-3.3003,0.0000,-0.5551,-0.5551,0.4030
5.605,-1.1253,-1.1253,-0.1000,-3.2788,-3.2788,0.0000,-0.4918,-0.4918,0.4029
5.610,-1.0913,-1.0913,-0.1001,-3.2553,-3.2553,0.0000,-0.4918,-0.4918,0.4028
5.619,-1.0422,-1.0422,-0.1002,-3.2285,-3.2285,0.0000,-0.4918,-0.4918,0.4027
5.622,-1.0212,-1.0212,-0.1003,-3.2183,-3.2183,0.0000,-0.4918,-0.4918,0.4025
5.626,-1.0014,-1.0014,-0.1003,-3.2084,-3.2084,0.0000,-0.4065,-0.4065,0.4025
5.630,-0.9806,-0.9806,-0.1004,-3.2013,-3.2013,0.0000,-0.4065,-0.4065,0.4024
5.634,-0.9580,-0.9580,-0.1004,-3.1954,-3.1954,0.0000,-0.4065,-0.4065,0.4024
5.638,-0.9380,-0.9380,-0.1004,-3.1917,-3.1917,0.0000,-0.4065,-0.4065,0.4023
5.641,-0.9202,-0.9202,-0.1004,-3.1899,-3.1899,0.0000,-0.4065,-0.4065,0.4022
5.645,-0.9024,-0.9024,-0.1005,-3.1872,-3.1872,0.0000,-0.3189,-0.3189,0.4022
5.653,-0.8609,-0.8609,-0.1005,-3.1941,-3.1941,0.0000,-0.3189,-0.3189,0.4021
5.660,-0.8277,-0.8277,-0.1005,-3.2054,-3.2054,0.0000,-0.3189,-0.3189,0.4020
5.664,-0.8085,-0.8085,-0.1005,-3.2112,-3.2112,0.0000,-0.2334,-0.2334,0.4020
5.669,-0.7871,-0.7871,-0.1005,-3.2240,-3.2240,0.0000,-0.2334,-0.2334,0.4019
5.673,-0.7706,-0.7706,-0.1005,-3.2355,-3.2355,0.0000,-0.2334,-0.2334,0.4019
5.676,-0.7550,-0.7550,-0.1005,-3.2480,-3.2480,0.0000,-0.2334,-0.2334,0.4019
5.679,-0.7417,-0.7417,-0.1005,-3.2601,-3.2601,0.0000,-0.2334,-0.2334,0.4019
5.684,-0.7249,-0.7249,-0.1005,-3.2735,-3.2735,0.0000,-0.1384,-0.1384,0.4018
5.688,-0.7069,-0.7069,-0.1005,-3.2952,-3.2952,0.0000,-0.1384,-0.1384,0.4018
5.691,-0.6937,-0.6937,-0.1004,-3.3124,-3.3124,0.0000,-0.1384,-0.1384,0.4018
5.695,-0.6790,-0.6790,-0.1004,-3.3334,-3.3334,0.0000,-0.1384,-0.1384,0.4018
5.699,-0.6639,-0.6639,-0.1004,-3.3573,-3.3573,0.0000,-0.1384,-0.1384,0.4018
5.703,-0.6487,-0.6487,-0.1004,-3.3791,-3.3791,0.0000,-0.0440,-0.0440,0.4018
5.707,-0.6344,-0.6344,-0.1003,-3.4063,-3.4063,0.0000,-0.0440,-0.0440,0.4018
5.714,-0.6115,-0.6115,-0.1003,-3.4559,-3.4559,0.0000,-0.0440,-0.0440,0.4018
5.719,-0.5933,-0.5933,-0.1002,-3.4992,-3.4992,0.0000,-0.0440,-0.0440,0.4019
5.726,-0.5712,-0.5712,-0.1002,-3.5532,-3.5532,0.0000,0.0465,0.0465,0.4019
5.730,-0.5579,-0.5579,-0.1001,-3.5917,-3.5917,0.0000,0.0465,0.0465,0.4019
5.734,-0.5457,-0.5457,-0.1001,-3.6291,-3.6291,0.0000,0.0465,0.0465,0.4020
5.737,-0.5355,-0.5355,-0.1000,-3.6621,-3.6621,0.0000,0.0465,0.0465,0.4020
5.741,-0.5252,-0.5252,-0.1000,-3.6969,-3.6969,0.0000,0.0465,0.0465,0.4020
5.744,-0.5147,-0.5147,-0.0999,-3.7282,-3.7282,0.0000,0.1330,0.1330,0.4020
5.748,-0.5034,-0.5034,-0.0999,-3.7712,-3.7712,0.0000,0.1330,0.1330,0.4021
5.752,-0.4929,-0.4929,-0.0998,-3.8133,-3.8133,0.0000,0.1330,0.1330,0.4021
5.755,-0.4841,-0.4841,-0.0997,-3.8499,-3.8499,0.0000,0.1330,0.1330,0.4021
5.758,-0.4755,-0.4755,-0.0997,-3.8869,-3.8869,0.0000,0.1330,0.1330,0.4022
5.762,-0.4673,-0.4673,-0.0997,-3.9238,-3.9238,0.0000,0.1330,0.1330,0.4022
5.765,-0.4584,-0.4584,-0.0996,-3.9591,-3.9591,0.0000,0.2151,0.2151,0.4023
5.769,-0.4473,-0.4473,-0.0995,-4.0143,-4.0143,0.0000,0.2151,0.2151,0.4023
5.773,-0.4380,-0.4380,-0.0995,-4.0622,-4.0622,0.0000,0.2151,0.2151,0.4024
5.776,-0.4298,-0.4298,-0.0994,-4.1061,-4.1061,0.0000,0.2151,0.2151,0.4024
5.780,-0.4216,-0.4216,-0.0993,-4.1518,-4.1518,0.0000,0.2151,0.2151,0.4025
5.783,-0.4130,-0.4130,-0.0993,-4.1946,-4.1946,0.0000,0.2925,0.2925,0.4025
5.788,-0.4033,-0.4033,-0.0992,-4.2533,-4.2533,0.0000,0.2925,0.2925,0.4026
5.791,-0.3949,-0.3949,-0.0991,-4.3061,-4.3061,0.0000,0.2925,0.2925,0.4027
5.795,-0.3872,-0.3872,-0.0991,-4.3556,-4.3556,0.0000,0.2925,0.2925,0.4027
5.803,-0.3696,-0.3696,-0.0990,-4.4704,-4.4704,0.0000,0.3790,0.3790,0.4028
5.808,-0.3590,-0.3590,-0.0988,-4.5473,-4.5473,0.0000,0.3790,0.3790,0.4030
5.811,-0.3525,-0.3525,-0.0987,-4.5963,-4.5963,0.0000,0.3790,0.3790,0.4031
5.823,-0.3294,-0.3294,-0.0987,-4.7750,-4.7750,0.0000,0.4870,0.4870,0.4032
5.830,-0.3161,-0.3161,-0.0984,-4.8881,-4.8881,0.0000,0.4870,0.4870,0.4035
5.839,-0.2999,-0.2999,-0.0982,-5.0341,-5.0341,0.0000,0.4870,0.4870,0.4037
5.843,-0.2943,-0.2943,-0.0980,-5.0756,-5.0756,0.0000,0.5933,0.5933,0.4040
5.846,-0.2878,-0.2878,-0.0980,-5.1363,-5.1363,0.0000,0.5933,0.5933,0.4041
5.850,-0.2818,-0.2818,-0.0979,-5.1928,-5.1928,0.0000,0.5933,0.5933,0.4042
5.854,-0.2755,-0.2755,-0.0978,-5.2543,-5.2543,0.0000,0.5933,0.5933,0.4043
5.858,-0.2690,-0.2690,-0.0977,-5.3178,-5.3178,0.0000,0.5933,0.5933,0.4044
5.862,-0.2635,-0.2635,-0.0976,-5.3728,-5.3728,0.0000,0.5933,0.5933,0.4046
5.865,-0.2583,-0.2583,-0.0975,-5.4133,-5.4133,0.0000,0.7097,0.7097,0.4047
5.870,-0.2518,-0.2518,-0.0974,-5.4799,-5.4799,0.0000,0.7097,0.7097,0.4048
5.873,-0.2471,-0.2471,-0.0973,-5.5272,-5.5272,0.0000,0.7097,0.7097,0.4050
5.876,-0.2427,-0.2427,-0.0972,-5.5727,-5.5727,0.0000,0.7097,0.7097,0.4051
5.880,-0.2382,-0.2382,-0.0972,-5.6191,-5.6191,0.0000,0.7097,0.7097,0.4052
5.884,-0.2327,-0.2327,-0.0971,-5.6633,-5.6633,0.0000,0.8448,0.8448,0.4053
5.888,-0.2274,-0.2274,-0.0970,-5.7185,-5.7185,0.0000,0.8448,0.8448,0.4055
5.891,-0.2232,-0.2232,-0.0969,-5.7619,-5.7619,0.0000,0.8448,0.8448,0.4057
5.894,-0.2191,-0.2191,-0.0968,-5.8044,-5.8044,0.0000,0.8448,0.8448,0.4058
5.898,-0.2149,-0.2149,-0.0967,-5.8474,-5.8474,0.0000,0.8448,0.8448,0.4060
5.901,-0.2104,-0.2104,-0.0966,-5.8936,-5.8936,0.0000,0.8448,0.8448,0.4061
5.905,-0.2065,-0.2065,-0.0965,-5.9199,-5.9199,0.0000,0.9734,0.9734,0.4063
5.909,-0.2019,-0.2019,-0.0964,-5.9653,-5.9653,0.0000,0.9734,0.9734,0.4064
5.912,-0.1983,-0.1983,-0.0963,-6.0018,-6.0018,0.0000,0.9734,0.9734,0.4066
5.915,-0.1944,-0.1944,-0.0963,-6.0398,-6.0398,0.0000,0.9734,0.9734,0.4068
5.919,-0.1904,-0.1904,-0.0962,-6.0781,-6.0781,0.0000,0.9734,0.9734,0.4070
5.922,-0.1867,-0.1867,-0.0961,-6.1124,-6.1124,0.0000,0.9734,0.9734,0.4071
5.925,-0.1834,-0.1834,-0.0960,-6.1298,-6.1298,0.0000,1.0879,1.0879,0.4073
5.930,-0.1791,-0.1791,-0.0959,-6.1681,-6.1681,0.0000,1.0879,1.0879,0.4075
5.933,-0.1753,-0.1753,-0.0958,-6.2002,-6.2002,0.0000,1.0879,1.0879,0.4077
5.938,-0.1707,-0.1707,-0.0957,-6.2382,-6.2382,0.0000,1.0879,1.0879,0.4079
5.945,-0.1636,-0.1636,-0.0956,-6.2787,-6.2787,0.0000,1.1881,1.1881,0.4081
5.954,-0.1558,-0.1558,-0.0954,-6.3294,-6.3294,0.0000,1.1881,1.1881,0.4085
5.958,-0.1518,-0.1518,-0.0951,-6.3525,-6.3525,0.0000,1.1881,1.1881,0.4090
5.962,-0.1488,-0.1488,-0.0950,-6.3690,-6.3690,0.0000,1.1881,1.1881,0.4093
5.965,-0.1459,-0.1459,-0.0949,-6.3714,-6.3714,0.0000,1.2741,1.2741,0.4095
5.969,-0.1423,-0.1423,-0.0948,-6.3866,-6.3866,0.0000,1.2741,1.2741,0.4097
5.973,-0.1396,-0.1396,-0.0947,-6.3962,-6.3962,0.0000,1.2741,1.2741,0.4099
5.976,-0.1370,-0.1370,-0.0946,-6.4043,-6.4043,0.0000,1.2741,1.2741,0.4101
5.979,-0.1344,-0.1344,-0.0945,-6.4108,-6.4108,0.0000,1.2741,1.2741,0.4103
5.983,-0.1317,-0.1317,-0.0944,-6.4048,-6.4048,0.0000,1.3513,1.3513,0.4105
5.987,-0.1286,-0.1286,-0.0944,-6.4080,-6.4080,0.0000,1.3513,1.3513,0.4108
5.990,-0.1262,-0.1262,-0.0942,-6.4088,-6.4088,0.0000,1.3513,1.3513,0.4110
5.993,-0.1239,-0.1239,-0.0941,-6.4080,-6.4080,0.0000,1.3513,1.3513,0.4112
5.997,-0.1217,-0.1217,-0.0941,-6.4058,-6.4058,0.0000,1.3513,1.3513,0.4114
6.000,-0.1192,-0.1192,-0.0940,-6.4016,-6.4016,0.0000,1.3513,1.3513,0.4116
6.003,-0.1169,-0.1169,-0.0939,-6.3851,-6.3851,0.0000,1.4269,1.4269,0.4118
6.008,-0.1142,-0.1142,-0.0938,-6.3754,-6.3754,0.0000,1.4269,1.4269,0.4121
6.011,-0.1119,-0.1119,-0.0937,-6.3651,-6.3651,0.0000,1.4269,1.4269,0.4123
6.014,-0.1098,-0.1098,-0.0936,-6.3542,-6.3542,0.0000,1.4269,1.4269,0.4126
6.018,-0.1075,-0.1075,-0.0935,-6.3404,-6.3404,0.0000,1.4269,1.4269,0.4128
6.022,-0.1053,-0.1053,-0.0934,-6.3251,-6.3251,0.0000,1.4269,1.4269,0.4130
6.025,-0.1034,-0.1034,-0.0933,-6.3077,-6.3077,0.0000,1.3875,1.3875,0.4132
6.029,-0.1012,-0.1012,-0.0932,-6.2881,-6.2881,0.0000,1.3875,1.3875,0.4134
6.032,-0.0993,-0.0993,-0.0931,-6.2699,-6.2699,0.0000,1.3875,1.3875,0.4137
6.035,-0.0972,-0.0972,-0.0930,-6.2472,-6.2472,0.0000,1.3875,1.3875,0.4139
6.039,-0.0952,-0.0952,-0.0929,-6.2235,-6.2235,0.0000,1.3875,1.3875,0.4141
6.043,-0.0929,-0.0929,-0.0928,-6.1988,-6.1988,0.0000,1.2343,1.2343,0.4143
6.051,-0.0888,-0.0888,-0.0927,-6.1356,-6.1356,0.0000,1.2343,1.2343,0.4145
6.055,-0.0869,-0.0869,-0.0925,-6.1049,-6.1049,0.0000,1.2343,1.2343,0.4150
6.058,-0.0853,-0.0853,-0.0924,-6.0764,-6.0764,0.0000,1.2343,1.2343,0.4151
6.061,-0.0838,-0.0838,-0.0923,-6.0479,-6.0479,0.0000,1.2343,1.2343,0.4153
6.064,-0.0823,-0.0823,-0.0922,-6.0153,-6.0153,0.0000,1.2285,1.2285,0.4155
6.069,-0.0803,-0.0803,-0.0921,-5.9720,-5.9720,0.0000,1.2285,1.2285,0.4156
6.072,-0.0788,-0.0788,-0.0920,-5.9392,-5.9392,0.0000,1.2285,1.2285,0.4159
6.075,-0.0774,-0.0774,-0.0919,-5.9064,-5.9064,0.0000,1.2285,1.2285,0.4160
6.078,-0.0760,-0.0760,-0.0918,-5.8733,-5.8733,0.0000,1.2285,1.2285,0.4162
6.081,-0.0746,-0.0746,-0.0917,-5.8402,-5.8402,0.0000,1.2285,1.2285,0.4164
6.085,-0.0731,-0.0731,-0.0917,-5.7986,-5.7986,0.0000,1.2179,1.2179,0.4165
6.089,-0.0714,-0.0714,-0.0916,-5.7587,-5.7587,0.0000,1.2179,1.2179,0.4167
6.092,-0.0702,-0.0702,-0.0915,-5.7272,-5.7272,0.0000,1.2179,1.2179,0.4169
6.095,-0.0689,-0.0689,-0.0914,-5.6966,-5.6966,0.0000,1.2179,1.2179,0.4170
6.099,-0.0674,-0.0674,-0.0913,-5.6593,-5.6593,0.0000,1.2179,1.2179,0.4172
6.107,-0.0643,-0.0643,-0.0912,-5.5933,-5.5933,0.0000,1.0867,1.0867,0.4174
6.112,-0.0622,-0.0622,-0.0910,-5.5453,-5.5453,0.0000,1.0867,1.0867,0.4177
6.116,-0.0608,-0.0608,-0.0908,-5.5132,-5.5132,0.0000,1.0867,1.0867,0.4180
6.120,-0.0596,-0.0596,-0.0907,-5.4843,-5.4843,0.0000,1.0867,1.0867,0.4181
6.123,-0.0585,-0.0585,-0.0906,-5.4668,-5.4668,0.0000,0.9552,0.9552,0.4183
6.127,-0.0572,-0.0572,-0.0905,-5.4392,-5.4392,0.0000,0.9552,0.9552,0.4184
6.130,-0.0561,-0.0561,-0.0904,-5.4155,-5.4155,0.0000,0.9552,0.9552,0.4185
6.134,-0.0548,-0.0548,-0.0903,-5.3856,-5.3856,0.0000,0.9552,0.9552,0.4187
6.138,-0.0537,-0.0537,-0.0902,-5.3607,-5.3607,0.0000,0.9552,0.9552,0.4188
6.141,-0.0527,-0.0527,-0.0901,-5.3365,-5.3365,0.0000,0.9552,0.9552,0.4189
6.144,-0.0518,-0.0518,-0.0900,-5.3148,-5.3148,0.0000,0.9245,0.9245,0.4190
6.148,-0.0505,-0.0505,-0.0900,-5.2803,-5.2803,0.0000,0.9245,0.9245,0.4191
6.154,-0.0489,-0.0489,-0.0899,-5.2355,-5.2355,0.0000,0.9245,0.9245,0.4193
6.161,-0.0469,-0.0469,-0.0897,-5.1740,-5.1740,0.0000,0.9245,0.9245,0.4194
6.165,-0.0459,-0.0459,-0.0895,-5.1500,-5.1500,0.0000,0.7832,0.7832,0.4197
6.169,-0.0447,-0.0447,-0.0894,-5.1106,-5.1106,0.0000,0.7832,0.7832,0.4198
6.173,-0.0438,-0.0438,-0.0893,-5.0817,-5.0817,0.0000,0.7832,0.7832,0.4199
6.176,-0.0430,-0.0430,-0.0892,-5.0537,-5.0537,0.0000,0.7832,0.7832,0.4200
6.179,-0.0422,-0.0422,-0.0891,-5.0263,-5.0263,0.0000,0.7832,0.7832,0.4201
6.182,-0.0414,-0.0414,-0.0890,-4.9962,-4.9962,0.0000,0.7832,0.7832,0.4201
6.186,-0.0405,-0.0405,-0.0889,-4.9722,-4.9722,0.0000,0.6404,0.6404,0.4202
6.190,-0.0396,-0.0396,-0.0888,-4.9374,-4.9374,0.0000,0.6404,0.6404,0.4203
6.193,-0.0388,-0.0388,-0.0887,-4.9069,-4.9069,0.0000,0.6404,0.6404,0.4204
6.197,-0.0381,-0.0381,-0.0886,-4.8783,-4.8783,0.0000,0.6404,0.6404,0.4204
6.200,-0.0373,-0.0373,-0.0885,-4.8469,-4.8469,0.0000,0.6404,0.6404,0.4205
6.204,-0.0365,-0.0365,-0.0884,-4.8240,-4.8240,0.0000,0.5968,0.5968,0.4205
6.208,-0.0357,-0.0357,-0.0883,-4.7886,-4.7886,0.0000,0.5968,0.5968,0.4206
6.211,-0.0350,-0.0350,-0.0882,-4.7602,-4.7602,0.0000,0.5968,0.5968,0.4206
6.214,-0.0344,-0.0344,-0.0881,-4.7326,-4.7326,0.0000,0.5968,0.5968,0.4207
6.218,-0.0337,-0.0337,-0.0880,-4.7003,-4.7003,0.0000,0.5968,0.5968,0.4207
6.221,-0.0330,-0.0330,-0.0879,-4.6706,-4.6706,0.0000,0.5968,0.5968,0.4208
6.225,-0.0322,-0.0322,-0.0878,-4.6448,-4.6448,0.0000,0.5467,0.5467,0.4208
6.230,-0.0313,-0.0313,-0.0877,-4.6033,-4.6033,0.0000,0.5467,0.5467,0.4209
6.234,-0.0307,-0.0307,-0.0876,-4.5712,-4.5712,0.0000,0.5467,0.5467,0.4210
6.237,-0.0300,-0.0300,-0.0875,-4.5419,-4.5419,0.0000,0.5467,0.5467,0.4210
6.240,-0.0295,-0.0295,-0.0874,-4.5142,-4.5142,0.0000,0.5467,0.5467,0.4210
6.244,-0.0289,-0.0289,-0.0873,-4.4947,-4.4947,0.0000,0.4147,0.4147,0.4211
6.248,-0.0283,-0.0283,-0.0872,-4.4627,-4.4627,0.0000,0.4147,0.4147,0.4211
6.252,-0.0276,-0.0276,-0.0871,-4.4289,-4.4289,0.0000,0.4147,0.4147,0.4211
6.260,-0.0263,-0.0263,-0.0870,-4.3591,-4.3591,0.0000,0.4147,0.4147,0.4211
6.268,-0.0251,-0.0251,-0.0868,-4.3143,-4.3143,0.0000,0.4817,0.4817,0.4212
6.277,-0.0238,-0.0238,-0.0866,-4.2428,-4.2428,0.0000,0.4817,0.4817,0.4213
6.280,-0.0233,-0.0233,-0.0864,-4.2126,-4.2126,0.0000,0.4817,0.4817,0.4213
6.284,-0.0227,-0.0227,-0.0863,-4.1951,-4.1951,0.0000,0.4531,0.4531,0.4214
6.290,-0.0220,-0.0220,-0.0862,-4.1573,-4.1573,0.0000,0.4531,0.4531,0.4214
6.293,-0.0216,-0.0216,-0.0860,-4.1302,-4.1302,0.0000,0.4531,0.4531,0.4214
6.297,-0.0211,-0.0211,-0.0859,-4.1033,-4.1033,0.0000,0.4531,0.4531,0.4215
6.301,-0.0206,-0.0206,-0.0859,-4.0745,-4.0745,0.0000,0.4531,0.4531,0.4215
6.305,-0.0202,-0.0202,-0.0858,-4.0635,-4.0635,0.0000,0.4213,0.4213,0.4215
6.308,-0.0197,-0.0197,-0.0857,-4.0367,-4.0367,0.0000,0.4213,0.4213,0.4215
6.312,-0.0194,-0.0194,-0.0856,-4.0153,-4.0153,0.0000,0.4213,0.4213,0.4216
6.315,-0.0190,-0.0190,-0.0855,-3.9925,-3.9925,0.0000,0.4213,0.4213,0.4216
6.319,-0.0186,-0.0186,-0.0854,-3.9678,-3.9678,0.0000,0.4213,0.4213,0.4216
6.322,-0.0182,-0.0182,-0.0853,-3.9466,-3.9466,0.0000,0.4213,0.4213,0.4216
6.325,-0.0179,-0.0179,-0.0852,-3.9385,-3.9385,0.0000,0.3858,0.3858,0.4216
6.329,-0.0175,-0.0175,-0.0852,-3.9147,-3.9147,0.0000,0.3858,0.3858,0.4216
6.332,-0.0171,-0.0171,-0.0851,-3.8935,-3.8935,0.0000,0.3858,0.3858,0.4216
6.336,-0.0168,-0.0168,-0.0850,-3.8692,-3.8692,0.0000,0.3858,0.3858,0.4217
6.340,-0.0164,-0.0164,-0.0849,-3.8492,-3.8492,0.0000,0.3858,0.3858,0.4217
6.344,-0.0160,-0.0160,-0.0848,-3.8308,-3.8308,0.0000,0.2496,0.2496,0.4217
6.348,-0.0156,-0.0156,-0.0847,-3.8056,-3.8056,0.0000,0.2496,0.2496,0.4217
6.352,-0.0153,-0.0153,-0.0846,-3.7838,-3.7838,0.0000,0.2496,0.2496,0.4217
6.355,-0.0150,-0.0150,-0.0845,-3.7645,-3.7645,0.0000,0.2496,0.2496,0.4216
6.358,-0.0147,-0.0147,-0.0845,-3.7462,-3.7462,0.0000,0.2496,0.2496,0.4216
6.362,-0.0144,-0.0144,-0.0844,-3.7292,-3.7292,0.0000,0.2496,0.2496,0.4216
6.365,-0.0142,-0.0142,-0.0843,-3.7212,-3.7212,0.0000,0.1754,0.1754,0.4216
6.370,-0.0137,-0.0137,-0.0842,-3.6918,-3.6918,0.0000,0.1754,0.1754,0.4216
6.377,-0.0132,-0.0132,-0.0841,-3.6569,-3.6569,0.0000,0.1754,0.1754,0.4216
6.381,-0.0129,-0.0129,-0.0839,-3.6400,-3.6400,0.0000,0.1754,0.1754,0.4215
6.384,-0.0126,-0.0126,-0.0839,-3.6304,-3.6304,0.0000,0.0959,0.0959,0.4215
6.388,-0.0123,-0.0123,-0.0838,-3.6120,-3.6120,0.0000,0.0959,0.0959,0.4214
6.391,-0.0121,-0.0121,-0.0837,-3.5974,-3.5974,0.0000,0.0959,0.0959,0.4214
6.395,-0.0119,-0.0119,-0.0836,-3.5831,-3.5831,0.0000,0.0959,0.0959,0.4214
6.398,-0.0117,-0.0117,-0.0836,-3.5688,-3.5688,0.0000,0.0959,0.0959,0.4213
6.402,-0.0114,-0.0114,-0.0835,-3.5515,-3.5515,0.0000,0.0959,0.0959,0.4213
6.409,-0.0109,-0.0109,-0.0834,-3.5340,-3.5340,0.0000,0.0861,0.0861,0.4213
6.415,-0.0105,-0.0105,-0.0832,-3.5105,-3.5105,0.0000,0.0861,0.0861,0.4212
6.418,-0.0103,-0.0103,-0.0831,-3.4959,-3.4959,0.0000,0.0861,0.0861,0.4211
6.422,-0.0101,-0.0101,-0.0830,-3.4832,-3.4832,0.0000,0.0861,0.0861,0.4211
6.425,-0.0099,-0.0099,-0.0830,-3.4821,-3.4821,0.0000,0.0649,0.0649,0.4210
6.429,-0.0097,-0.0097,-0.0829,-3.4673,-3.4673,0.0000,0.0649,0.0649,0.4210
6.433,-0.0095,-0.0095,-0.0828,-3.4547,-3.4547,0.0000,0.0649,0.0649,0.4210
6.436,-0.0093,-0.0093,-0.0827,-3.4419,-3.4419,0.0000,0.0649,0.0649,0.4209
6.440,-0.0091,-0.0091,-0.0826,-3.4314,-3.4314,0.0000,0.0649,0.0649,0.4209
6.443,-0.0089,-0.0089,-0.0826,-3.4264,-3.4264,0.0000,-0.0295,-0.0295,0.4208
6.447,-0.0087,-0.0087,-0.0825,-3.4137,-3.4137,0.0000,-0.0295,-0.0295,0.4208
6.450,-0.0085,-0.0085,-0.0824,-3.4027,-3.4027,0.0000,-0.0295,-0.0295,0.4207
6.454,-0.0084,-0.0084,-0.0823,-3.3929,-3.3929,0.0000,-0.0295,-0.0295,0.4207
6.457,-0.0082,-0.0082,-0.0823,-3.3840,-3.3840,0.0000,-0.0295,-0.0295,0.4206
6.460,-0.0081,-0.0081,-0.0822,-3.3745,-3.3745,0.0000,-0.0295,-0.0295,0.4206
6.464,-0.0079,-0.0079,-0.0821,-3.3738,-3.3738,0.0000,-0.0615,-0.0615,0.4205
6.468,-0.0077,-0.0077,-0.0821,-3.3612,-3.3612,0.0000,-0.0615,-0.0615,0.4205
6.472,-0.0075,-0.0075,-0.0820,-3.3525,-3.3525,0.0000,-0.0615,-0.0615,0.4204
6.483,-0.0070,-0.0070,-0.0819,-3.3339,-3.3339,0.0000,-0.0968,-0.0968,0.4203
6.493,-0.0066,-0.0066,-0.0817,-3.3144,-3.3144,0.0000,-0.0968,-0.0968,0.4201
6.500,-0.0064,-0.0064,-0.0815,-3.3022,-3.3022,0.0000,-0.0968,-0.0968,0.4199
6.503,-0.0062,-0.0062,-0.0813,-3.3065,-3.3065,0.0000,-0.1351,-0.1351,0.4198
6.508,-0.0060,-0.0060,-0.0812,-3.2987,-3.2987,0.0000,-0.1351,-0.1351,0.4197
6.512,-0.0059,-0.0059,-0.0811,-3.2933,-3.2933,0.0000,-0.1351,-0.1351,0.4196
6.516,-0.0058,-0.0058,-0.0811,-3.2876,-3.2876,0.0000,-0.1351,-0.1351,0.4195
6.520,-0.0056,-0.0056,-0.0810,-3.2830,-3.2830,0.0000,-0.1351,-0.1351,0.4195
6.523,-0.0055,-0.0055,-0.0809,-3.2786,-3.2786,0.0000,-0.1762,-0.1762,0.4194
6.527,-0.0054,-0.0054,-0.0809,-3.2745,-3.2745,0.0000,-0.1762,-0.1762,0.4193
6.530,-0.0053,-0.0053,-0.0808,-3.2712,-3.2712,0.0000,-0.1762,-0.1762,0.4192
6.534,-0.0052,-0.0052,-0.0807,-3.2677,-3.2677,0.0000,-0.1762,-0.1762,0.4191
6.539,-0.0050,-0.0050,-0.0806,-3.2638,-3.2638,0.0000,-0.1762,-0.1762,0.4191
6.543,-0.0049,-0.0049,-0.0805,-3.2612,-3.2612,0.0000,-0.2364,-0.2364,0.4190
6.547,-0.0048,-0.0048,-0.0805,-3.2588,-3.2588,0.0000,-0.2364,-0.2364,0.4189
6.550,-0.0047,-0.0047,-0.0804,-3.2568,-3.2568,0.0000,-0.2364,-0.2364,0.4188
6.555,-0.0046,-0.0046,-0.0803,-3.2547,-3.2547,0.0000,-0.2364,-0.2364,0.4187
6.563,-0.0044,-0.0044,-0.0802,-3.2530,-3.2530,0.0000,-0.3604,-0.3604,0.4186
6.569,-0.0042,-0.0042,-0.0801,-3.2525,-3.2525,0.0000,-0.3604,-0.3604,0.4183
6.572,-0.0041,-0.0041,-0.0800,-3.2525,-3.2525,0.0000,-0.3604,-0.3604,0.4181
6.576,-0.0040,-0.0040,-0.0799,-3.2528,-3.2528,0.0000,-0.3604,-0.3604,0.4180
6.579,-0.0040,-0.0040,-0.0799,-3.2533,-3.2533,0.0000,-0.3604,-0.3604,0.4179
6.582,-0.0039,-0.0039,-0.0798,-3.2541,-3.2541,0.0000,-0.3604,-0.3604,0.4179
6.588,-0.0038,-0.0038,-0.0797,-3.2562,-3.2562,0.0000,-0.4203,-0.4203,0.4178
6.595,-0.0036,-0.0036,-0.0796,-3.2604,-3.2604,0.0000,-0.4203,-0.4203,0.4176
6.599,-0.0035,-0.0035,-0.0795,-3.2628,-3.2628,0.0000,-0.4203,-0.4203,0.4173
6.603,-0.0034,-0.0034,-0.0794,-3.2657,-3.2657,0.0000,-0.4874,-0.4874,0.4172
6.607,-0.0034,-0.0034,-0.0794,-3.2693,-3.2693,0.0000,-0.4874,-0.4874,0.4171
6.610,-0.0033,-0.0033,-0.0793,-3.2727,-3.2727,0.0000,-0.4874,-0.4874,0.4169
6.614,-0.0032,-0.0032,-0.0792,-3.2760,-3.2760,0.0000,-0.4874,-0.4874,0.4168
6.618,-0.0031,-0.0031,-0.0792,-3.2805,-3.2805,0.0000,-0.4874,-0.4874,0.4167
6.621,-0.0031,-0.0031,-0.0791,-3.2848,-3.2848,0.0000,-0.4874,-0.4874,0.4166
6.625,-0.0030,-0.0030,-0.0790,-3.2890,-3.2890,0.0000,-0.5434,-0.5434,0.4164
6.628,-0.0030,-0.0030,-0.0790,-3.2942,-3.2942,0.0000,-0.5434,-0.5434,0.4163
6.632,-0.0029,-0.0029,-0.0789,-3.2994,-3.2994,0.0000,-0.5434,-0.5434,0.4162
6.636,-0.0028,-0.0028,-0.0788,-3.3055,-3.3055,0.0000,-0.5434,-0.5434,0.4160
6.639,-0.0028,-0.0028,-0.0788,-3.3110,-3.3110,0.0000,-0.5434,-0.5434,0.4159
6.642,-0.0027,-0.0027,-0.0787,-3.3167,-3.3167,0.0000,-0.5434,-0.5434,0.4158
6.646,-0.0027,-0.0027,-0.0787,-3.3225,-3.3225,0.0000,-0.5927,-0.5927,0.4157
6.650,-0.0026,-0.0026,-0.0786,-3.3306,-3.3306,0.0000,-0.5927,-0.5927,0.4155
6.653,-0.0025,-0.0025,-0.0785,-3.3378,-3.3378,0.0000,-0.5927,-0.5927,0.4154
6.657,-0.0025,-0.0025,-0.0785,-3.3448,-3.3448,0.0000,-0.5927,-0.5927,0.4152
6.660,-0.0025,-0.0025,-0.0784,-3.3519,-3.3519,0.0000,-0.5927,-0.5927,0.4151
6.663,-0.0024,-0.0024,-0.0784,-3.3592,-3.3592,0.0000,-0.6402,-0.6402,0.4150
6.667,-0.0023,-0.0023,-0.0783,-3.3693,-3.3693,0.0000,-0.6402,-0.6402,0.4148
6.671,-0.0023,-0.0023,-0.0782,-3.3779,-3.3779,0.0000,-0.6402,-0.6402,0.4147
6.674,-0.0023,-0.0023,-0.0782,-3.3865,-3.3865,0.0000,-0.6402,-0.6402,0.4145
6.678,-0.0022,-0.0022,-0.0781,-3.3959,-3.3959,0.0000,-0.6402,-0.6402,0.4144
6.681,-0.0022,-0.0022,-0.0781,-3.4053,-3.4053,0.0000,-0.6402,-0.6402,0.4143
6.685,-0.0021,-0.0021,-0.0780,-3.4161,-3.4161,0.0000,-0.6858,-0.6858,0.4141
6.690,-0.0021,-0.0021,-0.0779,-3.4308,-3.4308,0.0000,-0.6858,-0.6858,0.4140
6.697,-0.0020,-0.0020,-0.0779,-3.4534,-3.4534,0.0000,-0.6858,-0.6858,0.4138
6.700,-0.0019,-0.0019,-0.0778,-3.4658,-3.4658,0.0000,-0.6858,-0.6858,0.4135
6.704,-0.0019,-0.0019,-0.0777,-3.4777,-3.4777,0.0000,-0.7294,-0.7294,0.4133
6.708,-0.0018,-0.0018,-0.0776,-3.4918,-3.4918,0.0000,-0.7294,-0.7294,0.4132
6.715,-0.0018,-0.0018,-0.0776,-3.5201,-3.5201,0.0000,-0.7294,-0.7294,0.4130
6.720,-0.0017,-0.0017,-0.0775,-3.5385,-3.5385,0.0000,-0.7294,-0.7294,0.4127
6.723,-0.0017,-0.0017,-0.0774,-3.5518,-3.5518,0.0000,-0.7827,-0.7827,0.4125
6.728,-0.0016,-0.0016,-0.0773,-3.5696,-3.5696,0.0000,-0.7827,-0.7827,0.4123
6.732,-0.0016,-0.0016,-0.0773,-3.5864,-3.5864,0.0000,-0.7827,-0.7827,0.4121
6.736,-0.0016,-0.0016,-0.0772,-3.6034,-3.6034,0.0000,-0.7827,-0.7827,0.4120
6.739,-0.0015,-0.0015,-0.0771,-3.6196,-3.6196,0.0000,-0.7827,-0.7827,0.4118
6.743,-0.0015,-0.0015,-0.0771,-3.6354,-3.6354,0.0000,-0.8271,-0.8271,0.4116
6.746,-0.0015,-0.0015,-0.0770,-3.6533,-3.6533,0.0000,-0.8271,-0.8271,0.4115
6.750,-0.0014,-0.0014,-0.0770,-3.6712,-3.6712,0.0000,-0.8271,-0.8271,0.4113
6.754,-0.0014,-0.0014,-0.0769,-3.6879,-3.6879,0.0000,-0.8271,-0.8271,0.4111
6.757,-0.0014,-0.0014,-0.0769,-3.7043,-3.7043,0.0000,-0.8271,-0.8271,0.4110
6.760,-0.0013,-0.0013,-0.0768,-3.7206,-3.7206,0.0000,-0.8271,-0.8271,0.4108
6.763,-0.0013,-0.0013,-0.0768,-3.7383,-3.7383,0.0000,-0.8671,-0.8671,0.4107
6.768,-0.0013,-0.0013,-0.0767,-3.7621,-3.7621,0.0000,-0.8671,-0.8671,0.4105
6.771,-0.0013,-0.0013,-0.0766,-3.7812,-3.7812,0.0000,-0.8671,-0.8671,0.4103
6.774,-0.0012,-0.0012,-0.0766,-3.8001,-3.8001,0.0000,-0.8671,-0.8671,0.4101
6.778,-0.0012,-0.0012,-0.0765,-3.8188,-3.8188,0.0000,-0.8671,-0.8671,0.4100
6.781,-0.0012,-0.0012,-0.0765,-3.8378,-3.8378,0.0000,-0.8671,-0.8671,0.4098
6.785,-0.0012,-0.0012,-0.0764,-3.8600,-3.8600,0.0000,-0.9195,-0.9195,0.4097
6.789,-0.0011,-0.0011,-0.0764,-3.8850,-3.8850,0.0000,-0.9195,-0.9195,0.4095
6.792,-0.0011,-0.0011,-0.0763,-3.9052,-3.9052,0.0000,-0.9195,-0.9195,0.4093
6.796,-0.0011,-0.0011,-0.0763,-3.9328,-3.9328,0.0000,-0.9195,-0.9195,0.4091
6.804,-0.0010,-0.0010,-0.0762,-3.9845,-3.9845,0.0000,-0.9895,-0.9895,0.4089
6.808,-0.0010,-0.0010,-0.0761,-4.0117,-4.0117,0.0000,-0.9895,-0.9895,0.4085
6.811,-0.0010,-0.0010,-0.0760,-4.0342,-4.0342,0.0000,-0.9895,-0.9895,0.4083
6.814,-0.0010,-0.0010,-0.0760,-4.0567,-4.0567,0.0000,-0.9895,-0.9895,0.4082
6.818,-0.0009,-0.0009,-0.0760,-4.0880,-4.0880,0.0000,-0.9895,-0.9895,0.4080
6.822,-0.0009,-0.0009,-0.0759,-4.1154,-4.1154,0.0000,-0.9895,-0.9895,0.4078
6.825,-0.0009,-0.0009,-0.0758,-4.1403,-4.1403,0.0000,-1.0542,-1.0542,0.4076
6.829,-0.0009,-0.0009,-0.0758,-4.1691,-4.1691,0.0000,-1.0542,-1.0542,0.4074
6.832,-0.0009,-0.0009,-0.0757,-4.1957,-4.1957,0.0000,-1.0542,-1.0542,0.4073
6.836,-0.0009,-0.0009,-0.0757,-4.2274,-4.2274,0.0000,-1.0542,-1.0542,0.4071
6.839,-0.0008,-0.0008,-0.0756,-4.2549,-4.2549,0.0000,-1.0542,-1.0542,0.4069
6.843,-0.0008,-0.0008,-0.0756,-4.2845,-4.2845,0.0000,-1.1115,-1.1115,0.4067
6.847,-0.0008,-0.0008,-0.0755,-4.3197,-4.3197,0.0000,-1.1115,-1.1115,0.4065
6.858,-0.0007,-0.0007,-0.0755,-4.4284,-4.4284,0.0000,-1.1115,-1.1115,0.4063
6.863,-0.0007,-0.0007,-0.0753,-4.4759,-4.4759,0.0000,-1.1613,-1.1613,0.4057
6.874,-0.0007,-0.0007,-0.0753,-4.5851,-4.5851,0.0000,-1.1613,-1.1613,0.4054
6.878,-0.0007,-0.0007,-0.0751,-4.6296,-4.6296,0.0000,-1.1613,-1.1613,0.4048
6.881,-0.0006,-0.0006,-0.0751,-4.6646,-4.6646,0.0000,-1.1613,-1.1613,0.4045
6.885,-0.0006,-0.0006,-0.0750,-4.7088,-4.7088,0.0000,-1.2037,-1.2037,0.4044
6.889,-0.0006,-0.0006,-0.0750,-4.7510,-4.7510,0.0000,-1.2037,-1.2037,0.4041
6.893,-0.0006,-0.0006,-0.0749,-4.7874,-4.7874,0.0000,-1.2037,-1.2037,0.4039
6.897,-0.0006,-0.0006,-0.0749,-4.8382,-4.8382,0.0000,-1.2037,-1.2037,0.4037
6.905,-0.0006,-0.0006,-0.0748,-4.9278,-4.9278,0.0000,-1.2381,-1.2381,0.4035
6.908,-0.0005,-0.0005,-0.0747,-4.9747,-4.9747,0.0000,-1.2381,-1.2381,0.4030
6.912,-0.0005,-0.0005,-0.0747,-5.0180,-5.0180,0.0000,-1.2381,-1.2381,0.4028
6.915,-0.0005,-0.0005,-0.0746,-5.0611,-5.0611,0.0000,-1.2381,-1.2381,0.4026
6.919,-0.0005,-0.0005,-0.0746,-5.1088,-5.1088,0.0000,-1.2381,-1.2381,0.4024
6.922,-0.0005,-0.0005,-0.0745,-5.1512,-5.1512,0.0000,-1.2381,-1.2381,0.4022
6.926,-0.0005,-0.0005,-0.0745,-5.1928,-5.1928,0.0000,-1.2650,-1.2650,0.4020
6.929,-0.0005,-0.0005,-0.0744,-5.2450,-5.2450,0.0000,-1.2650,-1.2650,0.4018
6.933,-0.0005,-0.0005,-0.0744,-5.2965,-5.2965,0.0000,-1.2650,-1.2650,0.4016
6.937,-0.0005,-0.0005,-0.0743,-5.3466,-5.3466,0.0000,-1.2650,-1.2650,0.4014
6.940,-0.0005,-0.0005,-0.0743,-5.3935,-5.3935,0.0000,-1.2650,-1.2650,0.4012
6.943,-0.0004,-0.0004,-0.0743,-5.4434,-5.4434,0.0000,-1.2589,-1.2589,0.4010
6.947,-0.0004,-0.0004,-0.0742,-5.5011,-5.5011,0.0000,-1.2589,-1.2589,0.4008
6.952,-0.0004,-0.0004,-0.0742,-5.5668,-5.5668,0.0000,-1.2589,-1.2589,0.4006
6.955,-0.0004,-0.0004,-0.0741,-5.6181,-5.6181,0.0000,-1.2589,-1.2589,0.4003
6.959,-0.0004,-0.0004,-0.0741,-5.6747,-5.6747,0.0000,-1.2589,-1.2589,0.4001
6.962,-0.0004,-0.0004,-0.0740,-5.7306,-5.7306,0.0000,-1.2589,-1.2589,0.3999
6.965,-0.0004,-0.0004,-0.0740,-5.7876,-5.7876,0.0000,-1.2410,-1.2410,0.3998
6.970,-0.0004,-0.0004,-0.0739,-5.8581,-5.8581,0.0000,-1.2410,-1.2410,0.3996
6.973,-0.0004,-0.0004,-0.0739,-5.9163,-5.9163,0.0000,-1.2410,-1.2410,0.3993
6.976,-0.0004,-0.0004,-0.0738,-5.9761,-5.9761,0.0000,-1.2410,-1.2410,0.3991
6.980,-0.0004,-0.0004,-0.0738,-6.0375,-6.0375,0.0000,-1.2410,-1.2410,0.3990
6.984,-0.0003,-0.0003,-0.0738,-6.0941,-6.0941,0.0000,-1.2028,-1.2028,0.3988
6.988,-0.0003,-0.0003,-0.0737,-6.1682,-6.1682,0.0000,-1.2028,-1.2028,0.3986
6.992,-0.0003,-0.0003,-0.0737,-6.2467,-6.2467,0.0000,-1.2028,-1.2028,0.3984
6.995,-0.0003,-0.0003,-0.0736,-6.3117,-6.3117,0.0000,-1.2028,-1.2028,0.3982
6.999,-0.0003,-0.0003,-0.0736,-6.3791,-6.3791,0.0000,-1.2028,-1.2028,0.3980
7.002,-0.0003,-0.0003,-0.0735,-6.4563,-6.4563,0.0000,-1.2028,-1.2028,0.3978
7.007,-0.0003,-0.0003,-0.0735,-6.5388,-6.5388,0.0000,-1.1577,-1.1577,0.3976
7.015,-0.0003,-0.0003,-0.0734,-6.7125,-6.7125,0.0000,-1.1577,-1.1577,0.3974
7.024,-0.0003,-0.0003,-0.0733,-6.9099,-6.9099,0.0000,-1.1088,-1.1088,0.3970
7.030,-0.0003,-0.0003,-0.0732,-7.0425,-7.0425,0.0000,-1.1088,-1.1088,0.3966
7.034,-0.0003,-0.0003,-0.0732,-7.1439,-7.1439,0.0000,-1.1088,-1.1088,0.3964
7.038,-0.0002,-0.0002,-0.0731,-7.2335,-7.2335,0.0000,-1.1088,-1.1088,0.3962
7.041,-0.0002,-0.0002,-0.0731,-7.3171,-7.3171,0.0000,-1.1088,-1.1088,0.3960
7.045,-0.0002,-0.0002,-0.0730,-7.3824,-7.3824,0.0000,-1.0558,-1.0558,0.3959
7.049,-0.0002,-0.0002,-0.0730,-7.4787,-7.4787,0.0000,-1.0558,-1.0558,0.3957
7.053,-0.0002,-0.0002,-0.0730,-7.5816,-7.5816,0.0000,-1.0558,-1.0558,0.3956
7.057,-0.0002,-0.0002,-0.0729,-7.6789,-7.6789,0.0000,-1.0558,-1.0558,0.3954
7.060,-0.0002,-0.0002,-0.0729,-7.7623,-7.7623,0.0000,-1.0558,-1.0558,0.3952
7.064,-0.0002,-0.0002,-0.0728,-7.8426,-7.8426,0.0000,-0.9986,-0.9986,0.3951
7.069,-0.0002,-0.0002,-0.0728,-7.9605,-7.9605,0.0000,-0.9986,-0.9986,0.3949
7.073,-0.0002,-0.0002,-0.0727,-8.0436,-8.0436,0.0000,-0.9986,-0.9986,0.3947
7.076,-0.0002,-0.0002,-0.0727,-8.1154,-8.1154,0.0000,-0.9986,-0.9986,0.3946
7.079,-0.0002,-0.0002,-0.0726,-8.1847,-8.1847,0.0000,-0.9986,-0.9986,0.3945
7.083,-0.0002,-0.0002,-0.0726,-8.2350,-8.2350,0.0000,-0.9127,-0.9127,0.3944
7.087,-0.0002,-0.0002,-0.0726,-8.3152,-8.3152,0.0000,-0.9127,-0.9127,0.3943
7.091,-0.0002,-0.0002,-0.0725,-8.3796,-8.3796,0.0000,-0.9127,-0.9127,0.3941
7.095,-0.0002,-0.0002,-0.0725,-8.4405,-8.4405,0.0000,-0.9127,-0.9127,0.3940
7.098,-0.0002,-0.0002,-0.0724,-8.4974,-8.4974,0.0000,-0.9127,-0.9127,0.3939
7.102,-0.0002,-0.0002,-0.0724,-8.5506,-8.5506,0.0000,-0.9127,-0.9127,0.3938
7.106,-0.0002,-0.0002,-0.0724,-8.5719,-8.5719,0.0000,-0.8186,-0.8186,0.3936
7.110,-0.0002,-0.0002,-0.0723,-8.6177,-8.6177,0.0000,-0.8186,-0.8186,0.3935
7.114,-0.0002,-0.0002,-0.0723,-8.6626,-8.6626,0.0000,-0.8186,-0.8186,0.3934
7.121,-0.0002,-0.0002,-0.0722,-8.7243,-8.7243,0.0000,-0.8186,-0.8186,0.3933
7.125,-0.0001,-0.0001,-0.0722,-8.7224,-8.7224,0.0000,-0.6890,-0.6890,0.3931
7.131,-0.0001,-0.0001,-0.0721,-8.7569,-8.7569,0.0000,-0.6890,-0.6890,0.3930
7.135,-0.0001,-0.0001,-0.0721,-8.7782,-8.7782,0.0000,-0.6890,-0.6890,0.3929
7.138,-0.0001,-0.0001,-0.0720,-8.7923,-8.7923,0.0000,-0.6890,-0.6890,0.3928
7.142,-0.0001,-0.0001,-0.0720,-8.8033,-8.8033,0.0000,-0.6890,-0.6890,0.3928
7.145,-0.0001,-0.0001,-0.0720,-8.7812,-8.7812,0.0000,-0.5515,-0.5515,0.3927
7.149,-0.0001,-0.0001,-0.0719,-8.7882,-8.7882,0.0000,-0.5515,-0.5515,0.3927
7.153,-0.0001,-0.0001,-0.0719,-8.7917,-8.7917,0.0000,-0.5515,-0.5515,0.3926
7.156,-0.0001,-0.0001,-0.0718,-8.7929,-8.7929,0.0000,-0.5515,-0.5515,0.3926
7.159,-0.0001,-0.0001,-0.0718,-8.7922,-8.7922,0.0000,-0.5515,-0.5515,0.3925
7.163,0.0197,0.0197,-0.0718,-8.7581,-8.7581,0.0000,-0.4160,-0.4160,0.3925
7.167,0.0197,0.0197,-0.0717,-8.7507,-8.7507,0.0000,-0.4160,-0.4160,0.3925
7.174,0.0198,0.0198,-0.0717,-8.7302,-8.7302,0.0000,-0.4160,-0.4160,0.3924
7.179,0.0198,0.0198,-0.0716,-8.7145,-8.7145,0.0000,-0.4160,-0.4160,0.3924
7.182,0.0198,0.0198,-0.0716,-8.7002,-8.7002,0.0000,-0.4160,-0.4160,0.3924
7.186,0.0563,0.0563,-0.0715,-8.6518,-8.6518,0.0000,-0.2832,-0.2832,0.3924
7.190,0.0563,0.0563,-0.0715,-8.6322,-8.6322,0.0000,-0.2832,-0.2832,0.3924
7.193,0.0563,0.0563,-0.0715,-8.6142,-8.6142,0.0000,-0.2832,-0.2832,0.3924
7.197,0.0563,0.0563,-0.0714,-8.5944,-8.5944,0.0000,-0.2832,-0.2832,0.3924
7.201,0.0563,0.0563,-0.0714,-8.5701,-8.5701,0.0000,-0.2832,-0.2832,0.3924
7.204,0.1138,0.1138,-0.0713,-8.5156,-8.5156,0.0000,-0.1539,-0.1539,0.3924
7.208,0.1138,0.1138,-0.0713,-8.4872,-8.4872,0.0000,-0.1539,-0.1539,0.3924
7.211,0.1138,0.1138,-0.0712,-8.4624,-8.4624,0.0000,-0.1539,-0.1539,0.3924
7.215,0.1138,0.1138,-0.0712,-8.4359,-8.4359,0.0000,-0.1539,-0.1539,0.3925
7.219,0.1138,0.1138,-0.0711,-8.3965,-8.3965,0.0000,-0.1539,-0.1539,0.3925
7.226,0.1844,0.1844,-0.0710,-8.3022,-8.3022,0.0000,-0.0283,-0.0283,0.3925
7.231,0.1844,0.1844,-0.0709,-8.2636,-8.2636,0.0000,-0.0283,-0.0283,0.3926
7.234,0.1844,0.1844,-0.0708,-8.2282,-8.2282,0.0000,-0.0283,-0.0283,0.3927
7.238,0.1844,0.1844,-0.0708,-8.1944,-8.1944,0.0000,-0.0283,-0.0283,0.3927
7.241,0.1844,0.1844,-0.0707,-8.1598,-8.1598,0.0000,-0.0283,-0.0283,0.3928
7.245,0.2713,0.2713,-0.0706,-8.0963,-8.0963,0.0000,0.0932,0.0932,0.3928
7.249,0.2713,0.2713,-0.0706,-8.0547,-8.0547,0.0000,0.0932,0.0932,0.3929
7.252,0.2713,0.2713,-0.0705,-8.0147,-8.0147,0.0000,0.0932,0.0932,0.3930
7.256,0.2713,0.2713,-0.0704,-7.9788,-7.9788,0.0000,0.0932,0.0932,0.3930
7.259,0.2713,0.2713,-0.0703,-7.9421,-7.9421,0.0000,0.0932,0.0932,0.3931
7.262,0.2713,0.2713,-0.0702,-7.9061,-7.9061,0.0000,0.0932,0.0932,0.3932
7.266,0.3683,0.3683,-0.0702,-7.8389,-7.8389,0.0000,0.2101,0.2101,0.3932
7.270,0.3683,0.3683,-0.0701,-7.7886,-7.7886,0.0000,0.2101,0.2101,0.3933
7.273,0.3683,0.3683,-0.0700,-7.7481,-7.7481,0.0000,0.2101,0.2101,0.3934
7.277,0.3683,0.3683,-0.0699,-7.7058,-7.7058,0.0000,0.2101,0.2101,0.3935
7.281,0.3683,0.3683,-0.0698,-7.6636,-7.6636,0.0000,0.2101,0.2101,0.3936
7.284,0.4770,0.4770,-0.0697,-7.5896,-7.5896,0.0000,0.3316,0.3316,0.3937
7.288,0.4770,0.4770,-0.0696,-7.5394,-7.5394,0.0000,0.3316,0.3316,0.3938
7.292,0.4770,0.4770,-0.0694,-7.5002,-7.5002,0.0000,0.3316,0.3316,0.3939
7.295,0.4770,0.4770,-0.0693,-7.4582,-7.4582,0.0000,0.3316,0.3316,0.3940
7.299,0.4770,0.4770,-0.0692,-7.4134,-7.4134,0.0000,0.3316,0.3316,0.3941
7.303,0.5938,0.5938,-0.0691,-7.3260,-7.3260,0.0000,0.4491,0.4491,0.3942
7.309,0.5938,0.5938,-0.0690,-7.2594,-7.2594,0.0000,0.4491,0.4491,0.3944
7.312,0.5938,0.5938,-0.0688,-7.2144,-7.2144,0.0000,0.4491,0.4491,0.3946
7.316,0.5938,0.5938,-0.0686,-7.1699,-7.1699,0.0000,0.4491,0.4491,0.3947
7.321,0.5938,0.5938,-0.0685,-7.1054,-7.1054,0.0000,0.4491,0.4491,0.3948
7.329,0.7182,0.7182,-0.0683,-6.9746,-6.9746,0.0000,0.5578,0.5578,0.3950
7.335,0.7182,0.7182,-0.0680,-6.8869,-6.8869,0.0000,0.5578,0.5578,0.3953
7.339,0.7182,0.7182,-0.0677,-6.8401,-6.8401,0.0000,0.5578,0.5578,0.3956
7.342,0.7182,0.7182,-0.0676,-6.7984,-6.7984,0.0000,0.5578,0.5578,0.3957
7.345,0.8553,0.8553,-0.0674,-6.7321,-6.7321,0.0000,0.6829,0.6829,0.3958
7.350,0.8553,0.8553,-0.0673,-6.6744,-6.6744,0.0000,0.6829,0.6829,0.3960
7.354,0.8553,0.8553,-0.0671,-6.6204,-6.6204,0.0000,0.6829,0.6829,0.3962
7.358,0.8553,0.8553,-0.0669,-6.5714,-6.5714,0.0000,0.6829,0.6829,0.3964
7.362,0.8553,0.8553,-0.0667,-6.5185,-6.5185,0.0000,0.6829,0.6829,0.3966
7.366,0.9946,0.9946,-0.0665,-6.4364,-6.4364,0.0000,0.8209,0.8209,0.3967
7.372,0.9946,0.9946,-0.0663,-6.3642,-6.3642,0.0000,0.8209,0.8209,0.3970
7.376,0.9946,0.9946,-0.0660,-6.3173,-6.3173,0.0000,0.8209,0.8209,0.3972
7.379,0.9946,0.9946,-0.0658,-6.2704,-6.2704,0.0000,0.8209,0.8209,0.3974
7.384,1.1401,1.1401,-0.0656,-6.1900,-6.1900,0.0000,0.9521,0.9521,0.3976
7.389,1.1401,1.1401,-0.0653,-6.1248,-6.1248,0.0000,0.9521,0.9521,0.3979
7.393,1.1401,1.1401,-0.0650,-6.0747,-6.0747,0.0000,0.9521,0.9521,0.3982
7.396,1.1401,1.1401,-0.0648,-6.0317,-6.0317,0.0000,0.9521,0.9521,0.3984
7.400,1.1401,1.1401,-0.0646,-5.9856,-5.9856,0.0000,0.9521,0.9521,0.3986
7.403,1.2873,1.2873,-0.0643,-5.9208,-5.9208,0.0000,1.0722,1.0722,0.3988
7.407,1.2874,1.2874,-0.0641,-5.8712,-5.8712,0.0000,1.0722,1.0722,0.3990
7.411,1.2874,1.2874,-0.0638,-5.8308,-5.8308,0.0000,1.0722,1.0722,0.3992
7.414,1.2874,1.2874,-0.0636,-5.7908,-5.7908,0.0000,1.0722,1.0722,0.3994
7.418,1.2874,1.2874,-0.0634,-5.7470,-5.7470,0.0000,1.0722,1.0722,0.3996
7.421,1.2874,1.2874,-0.0632,-5.7068,-5.7068,0.0000,1.0722,1.0722,0.3999
7.424,1.4384,1.4384,-0.0630,-5.6508,-5.6508,0.0000,1.1805,1.1805,0.4001
7.429,1.4384,1.4384,-0.0627,-5.5912,-5.5912,0.0000,1.1805,1.1805,0.4003
7.436,1.4384,1.4384,-0.0624,-5.5009,-5.5009,0.0000,1.1805,1.1805,0.4006
7.440,1.4384,1.4384,-0.0618,-5.4591,-5.4591,0.0000,1.1805,1.1805,0.4011
7.444,1.5935,1.5935,-0.0616,-5.4036,-5.4036,0.0000,1.2772,1.2772,0.4013
7.448,1.5935,1.5935,-0.0613,-5.3573,-5.3573,0.0000,1.2772,1.2772,0.4016
7.451,1.5935,1.5935,-0.0610,-5.3144,-5.3144,0.0000,1.2772,1.2772,0.4018
7.455,1.5935,1.5935,-0.0607,-5.2740,-5.2740,0.0000,1.2772,1.2772,0.4021
7.458,1.5935,1.5935,-0.0604,-5.2357,-5.2357,0.0000,1.2772,1.2772,0.4023
7.461,1.5935,1.5935,-0.0602,-5.1996,-5.1996,0.0000,1.2772,1.2772,0.4026
7.465,1.7502,1.7502,-0.0599,-5.1484,-5.1484,0.0000,1.3930,1.3930,0.4028
7.469,1.7502,1.7502,-0.0597,-5.1006,-5.1006,0.0000,1.3930,1.3930,0.4030
7.473,1.7502,1.7502,-0.0593,-5.0594,-5.0594,0.0000,1.3930,1.3930,0.4033
7.480,1.7502,1.7502,-0.0590,-4.9799,-4.9799,0.0000,1.3930,1.3930,0.4036
7.485,1.9024,1.9024,-0.0584,-4.9019,-4.9019,0.0000,1.5753,1.5753,0.4041
7.489,1.9024,1.9024,-0.0579,-4.8586,-4.8586,0.0000,1.5753,1.5753,0.4045
7.492,1.9024,1.9024,-0.0576,-4.8241,-4.8241,0.0000,1.5753,1.5753,0.4048
7.495,1.9024,1.9024,-0.0573,-4.7907,-4.7907,0.0000,1.5753,1.5753,0.4051
7.498,1.9024,1.9024,-0.0570,-4.7570,-4.7570,0.0000,1.5753,1.5753,0.4054
7.502,1.9024,1.9024,-0.0567,-4.7172,-4.7172,0.0000,1.5753,1.5753,0.4056
7.506,2.0354,2.0354,-0.0564,-4.6586,-4.6586,0.0000,1.7587,1.7587,0.4059
7.510,2.0354,2.0354,-0.0560,-4.6136,-4.6136,0.0000,1.7587,1.7587,0.4063
7.514,2.0354,2.0354,-0.0556,-4.5813,-4.5813,0.0000,1.7587,1.7587,0.4066
7.517,2.0354,2.0354,-0.0553,-4.5455,-4.5455,0.0000,1.7587,1.7587,0.4069
7.521,2.0354,2.0354,-0.0549,-4.5103,-4.5103,0.0000,1.7587,1.7587,0.4072
7.524,2.1510,2.1510,-0.0546,-4.4609,-4.4609,0.0000,1.9226,1.9226,0.4075
7.530,2.1510,2.1510,-0.0543,-4.4091,-4.4091,0.0000,1.9226,1.9226,0.4079
7.537,2.1510,2.1510,-0.0537,-4.3346,-4.3346,0.0000,1.9226,1.9226,0.4084
7.541,2.1510,2.1510,-0.0530,-4.2975,-4.2975,0.0000,1.9226,1.9226,0.4091
7.545,2.2507,2.2507,-0.0526,-4.2572,-4.2572,0.0000,2.0638,2.0638,0.4095
7.550,2.2507,2.2507,-0.0522,-4.2147,-4.2147,0.0000,2.0638,2.0638,0.4099
7.554,2.2507,2.2507,-0.0518,-4.1798,-4.1798,0.0000,2.0638,2.0638,0.4103
7.557,2.2507,2.2507,-0.0514,-4.1506,-4.1506,0.0000,2.0638,2.0638,0.4107
7.560,2.2507,2.2507,-0.0510,-4.1222,-4.1222,0.0000,2.0638,2.0638,0.4110
7.563,2.3372,2.3372,-0.0507,-4.1136,-4.1136,0.0000,2.0602,2.0602,0.4113
7.568,2.3372,2.3372,-0.0504,-4.0716,-4.0716,0.0000,2.0602,2.0602,0.4116
7.572,2.3372,2.3372,-0.0499,-4.0410,-4.0410,0.0000,2.0602,2.0602,0.4121
7.575,2.3372,2.3372,-0.0495,-4.0128,-4.0128,0.0000,2.0602,2.0602,0.4125
7.578,2.3372,2.3372,-0.0492,-3.9859,-3.9859,0.0000,2.0602,2.0602,0.4128
7.581,2.3372,2.3372,-0.0489,-3.9586,-3.9586,0.0000,2.0602,2.0602,0.4131
7.586,2.4127,2.4127,-0.0485,-3.9877,-3.9877,0.0000,1.7682,1.7682,0.4134
7.590,2.4127,2.4127,-0.0481,-3.9532,-3.9532,0.0000,1.7682,1.7682,0.4137
7.593,2.4127,2.4127,-0.0476,-3.9271,-3.9271,0.0000,1.7682,1.7682,0.4141
7.596,2.4127,2.4127,-0.0473,-3.9019,-3.9019,0.0000,1.7682,1.7682,0.4143
7.600,2.4127,2.4127,-0.0470,-3.8738,-3.8738,0.0000,1.7682,1.7682,0.4146
7.603,2.4731,2.4731,-0.0466,-3.8722,-3.8722,0.0000,1.7590,1.7590,0.4149
7.608,2.4731,2.4731,-0.0462,-3.8393,-3.8393,0.0000,1.7590,1.7590,0.4152
7.611,2.4731,2.4731,-0.0458,-3.8110,-3.8110,0.0000,1.7590,1.7590,0.4155
7.615,2.4731,2.4731,-0.0454,-3.7829,-3.7829,0.0000,1.7590,1.7590,0.4158
7.619,2.4731,2.4731,-0.0450,-3.7535,-3.7535,0.0000,1.7590,1.7590,0.4161
7.623,2.4731,2.4731,-0.0446,-3.7270,-3.7270,0.0000,1.7590,1.7590,0.4164
7.631,2.5238,2.5238,-0.0442,-3.7330,-3.7330,0.0000,1.4777,1.4777,0.4167
7.640,2.5238,2.5238,-0.0433,-3.6672,-3.6672,0.0000,1.4777,1.4777,0.4172
7.643,2.5616,2.5616,-0.0423,-3.6606,-3.6606,0.0000,1.6087,1.6087,0.4177
7.647,2.5616,2.5616,-0.0420,-3.6334,-3.6334,0.0000,1.6087,1.6087,0.4180
7.651,2.5616,2.5616,-0.0415,-3.6073,-3.6073,0.0000,1.6087,1.6087,0.4183
7.655,2.5616,2.5616,-0.0411,-3.5833,-3.5833,0.0000,1.6087,1.6087,0.4185
7.658,2.5616,2.5616,-0.0408,-3.5621,-3.5621,0.0000,1.6087,1.6087,0.4188
7.662,2.5616,2.5616,-0.0404,-3.5377,-3.5377,0.0000,1.6087,1.6087,0.4190
7.667,2.5919,2.5919,-0.0400,-3.5748,-3.5748,0.0000,1.3596,1.3596,0.4192
7.672,2.5919,2.5919,-0.0395,-3.5448,-3.5448,0.0000,1.3596,1.3596,0.4195
7.675,2.5919,2.5919,-0.0390,-3.5206,-3.5206,0.0000,1.3596,1.3596,0.4198
7.679,2.5919,2.5919,-0.0386,-3.4975,-3.4975,0.0000,1.3596,1.3596,0.4200
7.683,2.6130,2.6130,-0.0382,-3.5259,-3.5259,0.0000,1.2553,1.2553,0.4202
7.688,2.6130,2.6130,-0.0378,-3.4991,-3.4991,0.0000,1.2553,1.2553,0.4204
7.692,2.6130,2.6130,-0.0373,-3.4775,-3.4775,0.0000,1.2553,1.2553,0.4206
7.695,2.6130,2.6130,-0.0369,-3.4580,-3.4580,0.0000,1.2553,1.2553,0.4208
7.699,2.6130,2.6130,-0.0365,-3.4381,-3.4381,0.0000,1.2553,1.2553,0.4209
7.703,2.6130,2.6130,-0.0362,-3.4169,-3.4169,0.0000,1.2553,1.2553,0.4211
7.706,2.6273,2.6273,-0.0358,-3.4686,-3.4686,0.0000,1.0300,1.0300,0.4213
7.710,2.6273,2.6273,-0.0354,-3.4478,-3.4478,0.0000,1.0300,1.0300,0.4214
7.713,2.6273,2.6273,-0.0351,-3.4311,-3.4311,0.0000,1.0300,1.0300,0.4215
7.716,2.6273,2.6273,-0.0347,-3.4127,-3.4127,0.0000,1.0300,1.0300,0.4217
7.720,2.6273,2.6273,-0.0344,-3.3945,-3.3945,0.0000,1.0300,1.0300,0.4218
7.723,2.6316,2.6316,-0.0340,-3.4050,-3.4050,0.0000,1.1942,1.1942,0.4219
7.727,2.6316,2.6316,-0.0337,-3.3856,-3.3856,0.0000,1.1942,1.1942,0.4221
7.732,2.6316,2.6316,-0.0333,-3.3637,-3.3637,0.0000,1.1942,1.1942,0.4222
7.739,2.6316,2.6316,-0.0328,-3.3269,-3.3269,0.0000,1.1942,1.1942,0.4224
7.744,2.6320,2.6320,-0.0321,-3.3648,-3.3648,0.0000,1.1070,1.1070,0.4227
7.748,2.6320,2.6320,-0.0316,-3.3468,-3.3468,0.0000,1.1070,1.1070,0.4229
7.752,2.6320,2.6320,-0.0312,-3.3300,-3.3300,0.0000,1.1070,1.1070,0.4231
7.755,2.6320,2.6320,-0.0308,-3.3137,-3.3137,0.0000,1.1070,1.1070,0.4232
7.759,2.6320,2.6320,-0.0305,-3.2973,-3.2973,0.0000,1.1070,1.1070,0.4234
7.763,2.6269,2.6269,-0.0301,-3.3445,-3.3445,0.0000,1.0320,1.0320,0.4235
7.767,2.6269,2.6269,-0.0298,-3.3264,-3.3264,0.0000,1.0320,1.0320,0.4236
7.771,2.6269,2.6269,-0.0293,-3.3120,-3.3120,0.0000,1.0320,1.0320,0.4238
7.774,2.6269,2.6269,-0.0290,-3.2983,-3.2983,0.0000,1.0320,1.0320,0.4239
7.781,2.6269,2.6269,-0.0287,-3.2705,-3.2705,0.0000,1.0320,1.0320,0.4240
7.786,2.6172,2.6172,-0.0280,-3.3167,-3.3167,0.0000,0.9556,0.9556,0.4242
7.790,2.6172,2.6172,-0.0275,-3.3025,-3.3025,0.0000,0.9556,0.9556,0.4244
7.793,2.6172,2.6172,-0.0271,-3.2908,-3.2908,0.0000,0.9556,0.9556,0.4245
7.797,2.6172,2.6172,-0.0268,-3.2795,-3.2795,0.0000,0.9556,0.9556,0.4246
7.801,2.6172,2.6172,-0.0265,-3.2644,-3.2644,0.0000,0.9556,0.9556,0.4247
7.806,2.6004,2.6004,-0.0261,-3.3042,-3.3042,0.0000,1.0065,1.0065,0.4248
7.810,2.6004,2.6004,-0.0257,-3.2905,-3.2905,0.0000,1.0065,1.0065,0.4249
7.813,2.6004,2.6004,-0.0253,-3.2803,-3.2803,0.0000,1.0065,1.0065,0.4251
7.818,2.6004,2.6004,-0.0250,-3.2664,-3.2664,0.0000,1.0065,1.0065,0.4252
7.821,2.6004,2.6004,-0.0246,-3.2561,-3.2561,0.0000,1.0065,1.0065,0.4253
7.825,2.5801,2.5801,-0.0243,-3.3058,-3.3058,0.0000,1.0398,1.0398,0.4254
7.829,2.5801,2.5801,-0.0240,-3.2949,-3.2949,0.0000,1.0398,1.0398,0.4255
7.833,2.5801,2.5801,-0.0236,-3.2830,-3.2830,0.0000,1.0398,1.0398,0.4257
7.837,2.5801,2.5801,-0.0233,-3.2731,-3.2731,0.0000,1.0398,1.0398,0.4258
7.842,2.5801,2.5801,-0.0229,-3.2608,-3.2608,0.0000,1.0398,1.0398,0.4259
7.851,2.5656,2.5656,-0.0225,-3.3304,-3.3304,0.0000,0.7997,0.7997,0.4261
7.855,2.5656,2.5656,-0.0217,-3.3209,-3.3209,0.0000,0.7997,0.7997,0.4262
7.858,2.5656,2.5656,-0.0214,-3.3135,-3.3135,0.0000,0.7997,0.7997,0.4263
7.862,2.5656,2.5656,-0.0211,-3.3064,-3.3064,0.0000,0.7997,0.7997,0.4264
7.866,2.5340,2.5340,-0.0208,-3.3551,-3.3551,0.0000,0.9490,0.9490,0.4265
7.870,2.5340,2.5340,-0.0205,-3.3470,-3.3470,0.0000,0.9490,0.9490,0.4266
7.874,2.5340,2.5340,-0.0201,-3.3401,-3.3401,0.0000,0.9490,0.9490,0.4267
7.878,2.5340,2.5340,-0.0198,-3.3333,-3.3333,0.0000,0.9490,0.9490,0.4268
7.883,2.5051,2.5051,-0.0195,-3.3975,-3.3975,0.0000,0.9659,0.9659,0.4269
7.887,2.5051,2.5051,-0.0191,-3.3913,-3.3913,0.0000,0.9659,0.9659,0.4270
7.891,2.5051,2.5051,-0.0187,-3.3863,-3.3863,0.0000,0.9659,0.9659,0.4271
7.894,2.5051,2.5051,-0.0184,-3.3819,-3.3819,0.0000,0.9659,0.9659,0.4272
7.898,2.5051,2.5051,-0.0182,-3.3774,-3.3774,0.0000,0.9659,0.9659,0.4273
7.902,2.5051,2.5051,-0.0179,-3.3730,-3.3730,0.0000,0.9659,0.9659,0.4274
7.906,2.4794,2.4794,-0.0176,-3.4550,-3.4550,0.0000,0.8524,0.8524,0.4275
7.911,2.4794,2.4794,-0.0173,-3.4504,-3.4504,0.0000,0.8524,0.8524,0.4276
7.915,2.4794,2.4794,-0.0169,-3.4472,-3.4472,0.0000,0.8524,0.8524,0.4277
7.919,2.4794,2.4794,-0.0166,-3.4447,-3.4447,0.0000,0.8524,0.8524,0.4278
7.922,2.4794,2.4794,-0.0163,-3.4425,-3.4425,0.0000,0.8524,0.8524,0.4279
7.926,2.4507,2.4507,-0.0160,-3.5269,-3.5269,0.0000,0.7581,0.7581,0.4279
7.935,2.4507,2.4507,-0.0157,-3.5245,-3.5245,0.0000,0.7581,0.7581,0.4280
7.941,2.4507,2.4507,-0.0151,-3.5239,-3.5239,0.0000,0.7581,0.7581,0.4281
7.945,2.4198,2.4198,-0.0147,-3.6114,-3.6114,0.0000,0.6688,0.6688,0.4282
7.950,2.4198,2.4198,-0.0144,-3.6124,-3.6124,0.0000,0.6688,0.6688,0.4283
7.955,2.4198,2.4198,-0.0140,-3.6143,-3.6143,0.0000,0.6688,0.6688,0.4283
7.962,2.4198,2.4198,-0.0137,-3.6187,-3.6187,0.0000,0.6688,0.6688,0.4284
7.966,2.3826,2.3826,-0.0132,-3.7034,-3.7034,0.0000,0.6827,0.6827,0.4284
7.971,2.3826,2.3826,-0.0129,-3.7075,-3.7075,0.0000,0.6827,0.6827,0.4285
7.975,2.3826,2.3826,-0.0126,-3.7123,-3.7123,0.0000,0.6827,0.6827,0.4285
7.980,2.3826,2.3826,-0.0123,-3.7175,-3.7175,0.0000,0.6827,0.6827,0.4286
7.984,2.3493,2.3493,-0.0120,-3.8144,-3.8144,0.0000,0.5725,0.5725,0.4286
7.989,2.3493,2.3493,-0.0117,-3.8215,-3.8215,0.0000,0.5725,0.5725,0.4287
7.993,2.3493,2.3493,-0.0114,-3.8286,-3.8286,0.0000,0.5725,0.5725,0.4287
7.996,2.3493,2.3493,-0.0112,-3.8353,-3.8353,0.0000,0.5725,0.5725,0.4287
8.000,2.3493,2.3493,-0.0109,-3.8411,-3.8411,0.0000,0.5725,0.5725,0.4287
8.005,2.3108,2.3108,-0.0107,-3.9324,-3.9324,0.0000,0.5586,0.5586,0.4288
8.019,2.3108,2.3108,-0.0104,-3.9277,-3.9277,0.0000,0.5586,0.5586,0.4288
8.024,2.2718,2.2718,-0.0096,-4.0126,-4.0126,0.0000,0.5340,0.5340,0.4288
8.030,2.2718,2.2718,-0.0093,-4.0064,-4.0064,0.0000,0.5340,0.5340,0.4289
8.035,2.2718,2.2718,-0.0090,-3.9978,-3.9978,0.0000,0.5340,0.5340,0.4289
8.039,2.2718,2.2718,-0.0086,-3.9907,-3.9907,0.0000,0.5340,0.5340,0.4289
8.043,2.2322,2.2322,-0.0084,-4.0731,-4.0731,0.0000,0.5080,0.5080,0.4289
8.048,2.2322,2.2322,-0.0082,-4.0636,-4.0636,0.0000,0.5080,0.5080,0.4289
8.053,2.2322,2.2322,-0.0080,-4.0556,-4.0556,0.0000,0.5080,0.5080,0.4289
8.057,2.2322,2.2322,-0.0077,-4.0515,-4.0515,0.0000,0.5080,0.5080,0.4289
8.061,2.2322,2.2322,-0.0075,-4.0486,-4.0486,0.0000,0.5080,0.5080,0.4289
8.069,2.1900,2.1900,-0.0072,-4.1383,-4.1383,0.0000,0.5509,0.5509,0.4289
8.074,2.1901,2.1901,-0.0068,-4.1412,-4.1412,0.0000,0.5509,0.5509,0.4290
8.078,2.1901,2.1901,-0.0066,-4.1454,-4.1454,0.0000,0.5509,0.5509,0.4290
8.088,2.1554,2.1554,-0.0064,-4.2644,-4.2644,0.0000,0.3110,0.3110,0.4290
8.093,2.1554,2.1554,-0.0059,-4.2797,-4.2797,0.0000,0.3110,0.3110,0.4289
8.097,2.1554,2.1554,-0.0056,-4.2912,-4.2912,0.0000,0.3110,0.3110,0.4289
8.102,2.1554,2.1554,-0.0054,-4.3057,-4.3057,0.0000,0.3110,0.3110,0.4289
8.106,2.1130,2.1130,-0.0052,-4.4085,-4.4085,0.0000,0.3625,0.3625,0.4288
8.110,2.1130,2.1130,-0.0050,-4.4258,-4.4258,0.0000,0.3625,0.3625,0.4288
8.115,2.1130,2.1130,-0.0048,-4.4459,-4.4459,0.0000,0.3625,0.3625,0.4288
8.119,2.1130,2.1130,-0.0046,-4.4671,-4.4671,0.0000,0.3625,0.3625,0.4288
8.123,2.0727,2.0727,-0.0044,-4.5776,-4.5776,0.0000,0.3313,0.3313,0.4287
8.127,2.0727,2.0727,-0.0043,-4.6001,-4.6001,0.0000,0.3313,0.3313,0.4287
8.131,2.0727,2.0727,-0.0041,-4.6189,-4.6189,0.0000,0.3313,0.3313,0.4287
8.134,2.0727,2.0727,-0.0040,-4.6408,-4.6408,0.0000,0.3313,0.3313,0.4287
8.138,2.0727,2.0727,-0.0038,-4.6617,-4.6617,0.0000,0.3313,0.3313,0.4286
8.141,2.0727,2.0727,-0.0037,-4.6818,-4.6818,0.0000,0.3313,0.3313,0.4286
8.145,2.0330,2.0330,-0.0035,-4.8001,-4.8001,0.0000,0.2822,0.2822,0.4286
8.149,2.0330,2.0330,-0.0034,-4.8303,-4.8303,0.0000,0.2822,0.2822,0.4286
8.153,2.0330,2.0330,-0.0032,-4.8562,-4.8562,0.0000,0.2822,0.2822,0.4285
8.156,2.0330,2.0330,-0.0031,-4.8798,-4.8798,0.0000,0.2822,0.2822,0.4285
8.159,2.0330,2.0330,-0.0029,-4.9046,-4.9046,0.0000,0.2822,0.2822,0.4285
8.163,1.9937,1.9937,-0.0028,-5.0235,-5.0235,0.0000,0.2312,0.2312,0.4284
8.168,1.9937,1.9937,-0.0027,-5.0680,-5.0680,0.0000,0.2312,0.2312,0.4284
8.177,1.9937,1.9937,-0.0025,-5.1400,-5.1400,0.0000,0.2312,0.2312,0.4283
8.181,1.9937,1.9937,-0.0022,-5.1742,-5.1742,0.0000,0.2312,0.2312,0.4282
8.184,1.9548,1.9548,-0.0020,-5.2978,-5.2978,0.0000,0.1818,0.1818,0.4282
8.189,1.9548,1.9548,-0.0019,-5.3390,-5.3390,0.0000,0.1818,0.1818,0.4281
8.192,1.9548,1.9548,-0.0017,-5.3698,-5.3698,0.0000,0.1818,0.1818,0.4281
8.196,1.9548,1.9548,-0.0016,-5.4005,-5.4005,0.0000,0.1818,0.1818,0.4280
8.199,1.9548,1.9548,-0.0015,-5.4353,-5.4353,0.0000,0.1818,0.1818,0.4280
8.204,1.9167,1.9167,-0.0014,-5.5655,-5.5655,0.0000,0.1269,0.1269,0.4279
8.208,1.9167,1.9167,-0.0013,-5.6103,-5.6103,0.0000,0.1269,0.1269,0.4279
8.212,1.9167,1.9167,-0.0011,-5.6514,-5.6514,0.0000,0.1269,0.1269,0.4278
8.216,1.9167,1.9167,-0.0010,-5.6901,-5.6901,0.0000,0.1269,0.1269,0.4277
8.221,1.9167,1.9167,-0.0009,-5.7309,-5.7309,0.0000,0.1269,0.1269,0.4277
8.224,1.8794,1.8794,-0.0007,-5.8540,-5.8540,0.0000,0.0695,0.0695,0.4276
8.228,1.8794,1.8794,-0.0006,-5.9003,-5.9003,0.0000,0.0695,0.0695,0.4275
8.238,1.8794,1.8794,-0.0005,-5.9996,-5.9996,0.0000,0.0695,0.0695,0.4274
8.244,1.8430,1.8430,-0.0002,-6.1500,-6.1500,0.0000,0.0044,0.0044,0.4273
8.248,1.8430,1.8430,-0.0001,-6.1936,-6.1936,0.0000,0.0044,0.0044,0.4271
8.253,1.8430,1.8430,0.0000,-6.2412,-6.2412,0.0000,0.0044,0.0044,0.4271
8.257,1.8430,1.8430,0.0002,-6.2802,-6.2802,0.0000,0.0044,0.0044,0.4270
8.261,1.8430,1.8430,0.0003,-6.3229,-6.3229,0.0000,0.0044,0.0044,0.4269
8.265,1.8064,1.8064,0.0004,-6.4455,-6.4455,0.0000,-0.0056,-0.0056,0.4268
8.271,1.8064,1.8064,0.0005,-6.5117,-6.5117,0.0000,-0.0056,-0.0056,0.4267
8.279,1.8064,1.8064,0.0006,-6.5846,-6.5846,0.0000,-0.0056,-0.0056,0.4266
8.284,1.7712,1.7712,0.0008,-6.7184,-6.7184,0.0000,-0.0359,-0.0359,0.4264
8.288,1.7712,1.7712,0.0009,-6.7620,-6.7620,0.0000,-0.0359,-0.0359,0.4263
8.292,1.7712,1.7712,0.0010,-6.7962,-6.7962,0.0000,-0.0359,-0.0359,0.4262
8.295,1.7712,1.7712,0.0011,-6.8266,-6.8266,0.0000,-0.0359,-0.0359,0.4261
8.299,1.7712,1.7712,0.0012,-6.8605,-6.8605,0.0000,-0.0359,-0.0359,0.4261
8.304,1.7371,1.7371,0.0013,-6.9887,-6.9887,0.0000,-0.0814,-0.0814,0.4260
8.308,1.7371,1.7371,0.0013,-7.0275,-7.0275,0.0000,-0.0814,-0.0814,0.4259
8.312,1.7371,1.7371,0.0014,-7.0555,-7.0555,0.0000,-0.0814,-0.0814,0.4258
8.315,1.7371,1.7371,0.0015,-7.0873,-7.0873,0.0000,-0.0814,-0.0814,0.4257
8.319,1.7371,1.7371,0.0016,-7.1182,-7.1182,0.0000,-0.0814,-0.0814,0.4256
8.323,1.7371,1.7371,0.0016,-7.1448,-7.1448,0.0000,-0.0814,-0.0814,0.4255
8.326,1.7041,1.7041,0.0017,-7.2553,-7.2553,0.0000,-0.1286,-0.1286,0.4254
8.329,1.7041,1.7041,0.0018,-7.2842,-7.2842,0.0000,-0.1286,-0.1286,0.4253
8.334,1.7041,1.7041,0.0018,-7.3204,-7.3204,0.0000,-0.1286,-0.1286,0.4252
8.338,1.7041,1.7041,0.0019,-7.3463,-7.3463,0.0000,-0.1286,-0.1286,0.4251
8.341,1.7041,1.7041,0.0020,-7.3695,-7.3695,0.0000,-0.1286,-0.1286,0.4250
8.345,1.6718,1.6718,0.0020,-7.4757,-7.4757,0.0000,-0.1693,-0.1693,0.4249
8.349,1.6718,1.6718,0.0021,-7.5062,-7.5062,0.0000,-0.1693,-0.1693,0.4248
8.353,1.6718,1.6718,0.0022,-7.5286,-7.5286,0.0000,-0.1693,-0.1693,0.4247
8.357,1.6718,1.6718,0.0022,-7.5504,-7.5504,0.0000,-0.1693,-0.1693,0.4246
8.360,1.6718,1.6718,0.0023,-7.5709,-7.5709,0.0000,-0.1693,-0.1693,0.4245
8.364,1.6414,1.6414,0.0023,-7.6761,-7.6761,0.0000,-0.2454,-0.2454,0.4244
8.368,1.6414,1.6414,0.0024,-7.6986,-7.6986,0.0000,-0.2454,-0.2454,0.4243
8.372,1.6414,1.6414,0.0025,-7.7183,-7.7183,0.0000,-0.2454,-0.2454,0.4242
8.377,1.6414,1.6414,0.0025,-7.7419,-7.7419,0.0000,-0.2454,-0.2454,0.4241
8.386,1.6126,1.6126,0.0026,-7.8647,-7.8647,0.0000,-0.3486,-0.3486,0.4239
8.394,1.6126,1.6126,0.0027,-7.8919,-7.8919,0.0000,-0.3486,-0.3486,0.4236
8.398,1.6126,1.6126,0.0028,-7.9068,-7.9068,0.0000,-0.3486,-0.3486,0.4233
8.402,1.6126,1.6126,0.0028,-7.9174,-7.9174,0.0000,-0.3486,-0.3486,0.4232
8.406,1.5849,1.5849,0.0029,-8.0128,-8.0128,0.0000,-0.4498,-0.4498,0.4230
8.411,1.5849,1.5849,0.0029,-8.0225,-8.0225,0.0000,-0.4498,-0.4498,0.4229
8.414,1.5849,1.5849,0.0030,-8.0293,-8.0293,0.0000,-0.4498,-0.4498,0.4227
8.418,1.5849,1.5849,0.0030,-8.0355,-8.0355,0.0000,-0.4498,-0.4498,0.4225
8.422,1.5849,1.5849,0.0030,-8.0402,-8.0402,0.0000,-0.4498,-0.4498,0.4224
8.425,1.5580,1.5580,0.0031,-8.1280,-8.1280,0.0000,-0.5458,-0.5458,0.4223
8.429,1.5580,1.5580,0.0031,-8.1313,-8.1313,0.0000,-0.5458,-0.5458,0.4221
8.433,1.5580,1.5580,0.0032,-8.1332,-8.1332,0.0000,-0.5458,-0.5458,0.4219
8.437,1.5580,1.5580,0.0032,-8.1340,-8.1340,0.0000,-0.5458,-0.5458,0.4218
8.441,1.5580,1.5580,0.0032,-8.1339,-8.1339,0.0000,-0.5458,-0.5458,0.4216
8.445,1.5321,1.5321,0.0033,-8.2152,-8.2152,0.0000,-0.6350,-0.6350,0.4214
8.449,1.5321,1.5321,0.0033,-8.2128,-8.2128,0.0000,-0.6350,-0.6350,0.4212
8.452,1.5321,1.5321,0.0033,-8.2096,-8.2096,0.0000,-0.6350,-0.6350,0.4211
8.456,1.5321,1.5321,0.0033,-8.2057,-8.2057,0.0000,-0.6350,-0.6350,0.4209
8.459,1.5321,1.5321,0.0034,-8.2010,-8.2010,0.0000,-0.6350,-0.6350,0.4207
8.463,1.5071,1.5071,0.0034,-8.2771,-8.2771,0.0000,-0.7226,-0.7226,0.4206
8.467,1.5071,1.5071,0.0034,-8.2694,-8.2694,0.0000,-0.7226,-0.7226,0.4204
8.471,1.5071,1.5071,0.0034,-8.2613,-8.2613,0.0000,-0.7226,-0.7226,0.4202
8.475,1.5071,1.5071,0.0035,-8.2518,-8.2518,0.0000,-0.7226,-0.7226,0.4200
8.480,1.5071,1.5071,0.0035,-8.2387,-8.2387,0.0000,-0.7226,-0.7226,0.4198
8.487,1.4836,1.4836,0.0035,-8.2960,-8.2960,0.0000,-0.8221,-0.8221,0.4195
8.491,1.4836,1.4836,0.0036,-8.2829,-8.2829,0.0000,-0.8221,-0.8221,0.4191
8.494,1.4836,1.4836,0.0036,-8.2716,-8.2716,0.0000,-0.8221,-0.8221,0.4189
8.498,1.4836,1.4836,0.0036,-8.2598,-8.2598,0.0000,-0.8221,-0.8221,0.4187
8.502,1.4836,1.4836,0.0036,-8.2428,-8.2428,0.0000,-0.8221,-0.8221,0.4186
8.506,1.4609,1.4609,0.0036,-8.3049,-8.3049,0.0000,-0.9152,-0.9152,0.4184
8.510,1.4609,1.4609,0.0036,-8.2873,-8.2873,0.0000,-0.9152,-0.9152,0.4181
8.513,1.4609,1.4609,0.0037,-8.2722,-8.2722,0.0000,-0.9152,-0.9152,0.4179
8.517,1.4609,1.4609,0.0037,-8.2548,-8.2548,0.0000,-0.9152,-0.9152,0.4177
8.520,1.4609,1.4609,0.0037,-8.2377,-8.2377,0.0000,-0.9152,-0.9152,0.4175
8.524,1.4388,1.4388,0.0037,-8.2987,-8.2987,0.0000,-0.9989,-0.9989,0.4173
8.527,1.4388,1.4388,0.0037,-8.2793,-8.2793,0.0000,-0.9989,-0.9989,0.4171
8.531,1.4388,1.4388,0.0037,-8.2622,-8.2622,0.0000,-0.9989,-0.9989,0.4169
8.536,1.4388,1.4388,0.0037,-8.2294,-8.2294,0.0000,-0.9989,-0.9989,0.4167
8.545,1.4174,1.4174,0.0037,-8.2532,-8.2532,0.0000,-1.0723,-1.0723,0.4163
8.552,1.4174,1.4174,0.0037,-8.2074,-8.2074,0.0000,-1.0723,-1.0723,0.4158
8.556,1.4174,1.4174,0.0037,-8.1809,-8.1809,0.0000,-1.0723,-1.0723,0.4153
8.559,1.4174,1.4174,0.0037,-8.1575,-8.1575,0.0000,-1.0723,-1.0723,0.4151
8.563,1.3966,1.3966,0.0038,-8.2092,-8.2092,0.0000,-1.1341,-1.1341,0.4149
8.568,1.3966,1.3966,0.0038,-8.1725,-8.1725,0.0000,-1.1341,-1.1341,0.4147
8.572,1.3966,1.3966,0.0038,-8.1452,-8.1452,0.0000,-1.1341,-1.1341,0.4143
8.576,1.3966,1.3966,0.0038,-8.1179,-8.1179,0.0000,-1.1341,-1.1341,0.4141
8.579,1.3966,1.3966,0.0038,-8.0943,-8.0943,0.0000,-1.1341,-1.1341,0.4138
8.583,1.3763,1.3763,0.0038,-8.1376,-8.1376,0.0000,-1.1857,-1.1857,0.4136
8.588,1.3763,1.3763,0.0038,-8.0975,-8.0975,0.0000,-1.1857,-1.1857,0.4133
8.596,1.3763,1.3763,0.0038,-8.0396,-8.0396,0.0000,-1.1857,-1.1857,0.4130
8.600,1.3763,1.3763,0.0037,-8.0022,-8.0022,0.0000,-1.1857,-1.1857,0.4125
8.605,1.3563,1.3563,0.0037,-8.0378,-8.0378,0.0000,-1.2203,-1.2203,0.4122
8.609,1.3563,1.3563,0.0037,-8.0074,-8.0074,0.0000,-1.2203,-1.2203,0.4119
8.612,1.3563,1.3563,0.0037,-7.9797,-7.9797,0.0000,-1.2203,-1.2203,0.4117
8.616,1.3563,1.3563,0.0037,-7.9500,-7.9500,0.0000,-1.2203,-1.2203,0.4114
8.619,1.3563,1.3563,0.0037,-7.9202,-7.9202,0.0000,-1.2203,-1.2203,0.4112
8.623,1.3369,1.3369,0.0037,-7.9563,-7.9563,0.0000,-1.2459,-1.2459,0.4109
8.629,1.3369,1.3369,0.0037,-7.9111,-7.9111,0.0000,-1.2459,-1.2459,0.4107
8.634,1.3369,1.3369,0.0037,-7.8620,-7.8620,0.0000,-1.2459,-1.2459,0.4103
8.638,1.3369,1.3369,0.0037,-7.8297,-7.8297,0.0000,-1.2459,-1.2459,0.4100
8.642,1.3369,1.3369,0.0037,-7.8023,-7.8023,0.0000,-1.2459,-1.2459,0.4097
8.645,1.3180,1.3180,0.0037,-7.8366,-7.8366,0.0000,-1.2634,-1.2634,0.4095
8.650,1.3180,1.3180,0.0036,-7.7989,-7.7989,0.0000,-1.2634,-1.2634,0.4092
8.654,1.3180,1.3180,0.0036,-7.7631,-7.7631,0.0000,-1.2634,-1.2634,0.4090
8.657,1.3180,1.3180,0.0036,-7.7344,-7.7344,0.0000,-1.2634,-1.2634,0.4087
8.661,1.3180,1.3180,0.0036,-7.6997,-7.6997,0.0000,-1.2634,-1.2634,0.4085
8.665,1.2994,1.2994,0.0036,-7.7323,-7.7323,0.0000,-1.2653,-1.2653,0.4082
8.669,1.2994,1.2994,0.0036,-7.6926,-7.6926,0.0000,-1.2653,-1.2653,0.4080
8.673,1.2994,1.2994,0.0035,-7.6638,-7.6638,0.0000,-1.2653,-1.2653,0.4077
8.677,1.2994,1.2994,0.0035,-7.6265,-7.6265,0.0000,-1.2653,-1.2653,0.4075
8.681,1.2994,1.2994,0.0035,-7.5951,-7.5951,0.0000,-1.2653,-1.2653,0.4072
8.684,1.2812,1.2812,0.0035,-7.6214,-7.6214,0.0000,-1.2572,-1.2572,0.4070
8.689,1.2812,1.2812,0.0035,-7.5857,-7.5857,0.0000,-1.2572,-1.2572,0.4067
8.697,1.2812,1.2812,0.0035,-7.5088,-7.5088,0.0000,-1.2572,-1.2572,0.4065
8.707,1.2634,1.2634,0.0034,-7.5158,-7.5158,0.0000,-1.2384,-1.2384,0.4059
8.711,1.2634,1.2634,0.0033,-7.5011,-7.5011,0.0000,-1.2384,-1.2384,0.4053
8.714,1.2634,1.2634,0.0033,-7.4935,-7.4935,0.0000,-1.2384,-1.2384,0.4051
8.718,1.2634,1.2634,0.0033,-7.4898,-7.4898,0.0000,-1.2384,-1.2384,0.4049
8.722,1.2634,1.2634,0.0033,-7.4905,-7.4905,0.0000,-1.2384,-1.2384,0.4047
8.725,1.2461,1.2461,0.0033,-7.5508,-7.5508,0.0000,-1.2081,-1.2081,0.4045
8.729,1.2461,1.2461,0.0032,-7.5608,-7.5608,0.0000,-1.2081,-1.2081,0.4043
8.733,1.2461,1.2461,0.0032,-7.5776,-7.5776,0.0000,-1.2081,-1.2081,0.4040
8.738,1.2461,1.2461,0.0032,-7.5987,-7.5987,0.0000,-1.2081,-1.2081,0.4038
8.741,1.2461,1.2461,0.0032,-7.6207,-7.6207,0.0000,-1.2081,-1.2081,0.4035
8.745,1.2291,1.2291,0.0031,-7.6995,-7.6995,0.0000,-1.1664,-1.1664,0.4033
8.749,1.2291,1.2291,0.0031,-7.7302,-7.7302,0.0000,-1.1664,-1.1664,0.4031
8.753,1.2291,1.2291,0.0031,-7.7583,-7.7583,0.0000,-1.1664,-1.1664,0.4029
8.756,1.2291,1.2291,0.0030,-7.7786,-7.7786,0.0000,-1.1664,-1.1664,0.4027
8.760,1.2291,1.2291,0.0030,-7.7968,-7.7968,0.0000,-1.1664,-1.1664,0.4025
8.763,1.2125,1.2125,0.0030,-7.8672,-7.8672,0.0000,-1.1141,-1.1141,0.4023
8.768,1.2125,1.2125,0.0030,-7.8867,-7.8867,0.0000,-1.1141,-1.1141,0.4021
8.772,1.2125,1.2125,0.0029,-7.9030,-7.9030,0.0000,-1.1141,-1.1141,0.4019
8.776,1.2125,1.2125,0.0029,-7.9146,-7.9146,0.0000,-1.1141,-1.1141,0.4017
8.779,1.2125,1.2125,0.0029,-7.9232,-7.9232,0.0000,-1.1141,-1.1141,0.4015
8.782,1.2125,1.2125,0.0028,-7.9299,-7.9299,0.0000,-1.1141,-1.1141,0.4014
8.787,1.1963,1.1963,0.0028,-7.9842,-7.9842,0.0000,-1.0523,-1.0523,0.4012
8.791,1.1963,1.1963,0.0028,-7.9861,-7.9861,0.0000,-1.0523,-1.0523,0.4010
8.795,1.1963,1.1963,0.0027,-7.9858,-7.9858,0.0000,-1.0523,-1.0523,0.4008
8.799,1.1963,1.1963,0.0027,-7.9819,-7.9819,0.0000,-1.0523,-1.0523,0.4006
8.807,1.1806,1.1806,0.0027,-8.0125,-8.0125,0.0000,-0.9817,-0.9817,0.4004
8.812,1.1806,1.1806,0.0026,-8.0020,-8.0020,0.0000,-0.9817,-0.9817,0.4001
8.815,1.1806,1.1806,0.0025,-7.9907,-7.9907,0.0000,-0.9817,-0.9817,0.3999
8.819,1.1806,1.1806,0.0025,-7.9781,-7.9781,0.0000,-0.9817,-0.9817,0.3997
8.822,1.1806,1.1806,0.0025,-7.9655,-7.9655,0.0000,-0.9817,-0.9817,0.3996
8.826,1.1653,1.1653,0.0024,-7.9966,-7.9966,0.0000,-0.9010,-0.9010,0.3994
8.829,1.1653,1.1653,0.0024,-7.9802,-7.9802,0.0000,-0.9010,-0.9010,0.3993
8.834,1.1653,1.1653,0.0024,-7.9577,-7.9577,0.0000,-0.9010,-0.9010,0.3992
8.838,1.1653,1.1653,0.0023,-7.9408,-7.9408,0.0000,-0.9010,-0.9010,0.3990
8.841,1.1653,1.1653,0.0023,-7.9246,-7.9246,0.0000,-0.9010,-0.9010,0.3989
8.849,1.1506,1.1506,0.0023,-7.9265,-7.9265,0.0000,-0.8176,-0.8176,0.3987
8.855,1.1506,1.1506,0.0022,-7.8984,-7.8984,0.0000,-0.8176,-0.8176,0.3985
8.858,1.1506,1.1506,0.0021,-7.8810,-7.8810,0.0000,-0.8176,-0.8176,0.3983
8.861,1.1506,1.1506,0.0021,-7.8632,-7.8632,0.0000,-0.8176,-0.8176,0.3982
8.868,1.1365,1.1365,0.0021,-7.8675,-7.8675,0.0000,-0.7275,-0.7275,0.3981
8.872,1.1365,1.1365,0.0020,-7.8419,-7.8419,0.0000,-0.7275,-0.7275,0.3979
8.875,1.1365,1.1365,0.0019,-7.8215,-7.8215,0.0000,-0.7275,-0.7275,0.3978
8.879,1.1365,1.1365,0.0019,-7.8009,-7.8009,0.0000,-0.7275,-0.7275,0.3977
8.882,1.1365,1.1365,0.0019,-7.7793,-7.7793,0.0000,-0.7275,-0.7275,0.3976
8.886,1.1228,1.1228,0.0018,-7.7892,-7.7892,0.0000,-0.6300,-0.6300,0.3975
8.890,1.1228,1.1228,0.0018,-7.7627,-7.7627,0.0000,-0.6300,-0.6300,0.3974
8.894,1.1228,1.1228,0.0017,-7.7356,-7.7356,0.0000,-0.6300,-0.6300,0.3974
8.898,1.1228,1.1228,0.0017,-7.7110,-7.7110,0.0000,-0.6300,-0.6300,0.3973
8.901,1.1228,1.1228,0.0017,-7.6838,-7.6838,0.0000,-0.6300,-0.6300,0.3972
8.906,1.1091,1.1091,0.0016,-7.6861,-7.6861,0.0000,-0.5120,-0.5120,0.3971
8.913,1.1091,1.1091,0.0016,-7.6290,-7.6290,0.0000,-0.5120,-0.5120,0.3970
8.917,1.1091,1.1091,0.0015,-7.6014,-7.6014,0.0000,-0.5120,-0.5120,0.3969
8.920,1.1091,1.1091,0.0014,-7.5762,-7.5762,0.0000,-0.5120,-0.5120,0.3969
8.924,1.0958,1.0958,0.0014,-7.5788,-7.5788,0.0000,-0.3834,-0.3834,0.3968
8.929,1.0958,1.0958,0.0013,-7.5485,-7.5485,0.0000,-0.3834,-0.3834,0.3968
8.932,1.0958,1.0958,0.0013,-7.5236,-7.5236,0.0000,-0.3834,-0.3834,0.3968
8.936,1.0958,1.0958,0.0012,-7.4964,-7.4964,0.0000,-0.3834,-0.3834,0.3967
8.939,1.0958,1.0958,0.0012,-7.4697,-7.4697,0.0000,-0.3834,-0.3834,0.3967
8.943,1.0836,1.0836,0.0012,-7.4733,-7.4733,0.0000,-0.2674,-0.2674,0.3967
8.947,1.0836,1.0836,0.0011,-7.4443,-7.4443,0.0000,-0.2674,-0.2674,0.3966
8.951,1.0836,1.0836,0.0011,-7.4185,-7.4185,0.0000,-0.2674,-0.2674,0.3966
8.954,1.0836,1.0836,0.0010,-7.3944,-7.3944,0.0000,-0.2674,-0.2674,0.3966
8.958,1.0836,1.0836,0.0010,-7.3711,-7.3711,0.0000,-0.2674,-0.2674,0.3966
8.961,1.0836,1.0836,0.0009,-7.3483,-7.3483,0.0000,-0.2674,-0.2674,0.3966
8.964,1.0719,1.0719,0.0009,-7.3549,-7.3549,0.0000,-0.1482,-0.1482,0.3966
8.968,1.0719,1.0719,0.0008,-7.3240,-7.3240,0.0000,-0.1482,-0.1482,0.3966
8.973,1.0719,1.0719,0.0008,-7.2925,-7.2925,0.0000,-0.1482,-0.1482,0.3966
8.976,1.0719,1.0719,0.0007,-7.2664,-7.2664,0.0000,-0.1482,-0.1482,0.3966
8.980,1.0719,1.0719,0.0007,-7.2419,-7.2419,0.0000,-0.1482,-0.1482,0.3966
8.984,1.0607,1.0607,0.0006,-7.2426,-7.2426,0.0000,-0.0227,-0.0227,0.3967
8.988,1.0607,1.0607,0.0006,-7.2133,-7.2133,0.0000,-0.0227,-0.0227,0.3967
8.991,1.0607,1.0607,0.0005,-7.1903,-7.1903,0.0000,-0.0227,-0.0227,0.3967
8.994,1.0607,1.0607,0.0005,-7.1656,-7.1656,0.0000,-0.0227,-0.0227,0.3968
9.003,1.0498,1.0498,0.0005,-7.1293,-7.1293,0.0000,0.1084,0.1084,0.3968
9.008,1.0498,1.0498,0.0003,-7.0922,-7.0922,0.0000,0.1084,0.1084,0.3969
9.011,1.0498,1.0498,0.0003,-7.0684,-7.0684,0.0000,0.1084,0.1084,0.3970
9.016,1.0498,1.0498,0.0002,-7.0353,-7.0353,0.0000,0.1084,0.1084,0.3971
9.023,1.0397,1.0397,0.0002,-7.0098,-7.0098,0.0000,0.2321,0.2321,0.3971
9.027,1.0397,1.0397,0.0001,-6.9828,-6.9828,0.0000,0.2321,0.2321,0.3973
9.030,1.0397,1.0397,0.0000,-6.9605,-6.9605,0.0000,0.2321,0.2321,0.3974
9.035,1.0397,1.0397,0.0000,-6.9288,-6.9288,0.0000,0.2321,0.2321,0.3975
9.039,1.0397,1.0397,-0.0001,-6.9049,-6.9049,0.0000,0.2321,0.2321,0.3976
9.042,1.0397,1.0397,-0.0001,-6.8837,-6.8837,0.0000,0.2321,0.2321,0.3976
9.045,1.0303,1.0303,-0.0002,-6.8875,-6.8875,0.0000,0.3551,0.3551,0.3977
9.050,1.0303,1.0303,-0.0002,-6.8580,-6.8580,0.0000,0.3551,0.3551,0.3978
9.054,1.0303,1.0303,-0.0003,-6.8328,-6.8328,0.0000,0.3551,0.3551,0.3979
9.057,1.0303,1.0303,-0.0004,-6.8119,-6.8119,0.0000,0.3551,0.3551,0.3980
9.060,1.0303,1.0303,-0.0004,-6.7909,-6.7909,0.0000,0.3551,0.3551,0.3981
9.065,1.0213,1.0213,-0.0004,-6.7896,-6.7896,0.0000,0.4817,0.4817,0.3982
9.069,1.0213,1.0213,-0.0005,-6.7619,-6.7619,0.0000,0.4817,0.4817,0.3983
9.072,1.0213,1.0213,-0.0006,-6.7420,-6.7420,0.0000,0.4817,0.4817,0.3985
9.076,1.0213,1.0213,-0.0006,-6.7230,-6.7230,0.0000,0.4817,0.4817,0.3986
9.079,1.0213,1.0213,-0.0007,-6.7036,-6.7036,0.0000,0.4817,0.4817,0.3987
9.083,1.0127,1.0127,-0.0007,-6.7020,-6.7020,0.0000,0.6099,0.6099,0.3988
9.087,1.0127,1.0127,-0.0008,-6.6770,-6.6770,0.0000,0.6099,0.6099,0.3990
9.091,1.0127,1.0127,-0.0008,-6.6545,-6.6545,0.0000,0.6099,0.6099,0.3991
9.094,1.0127,1.0127,-0.0009,-6.6349,-6.6349,0.0000,0.6099,0.6099,0.3993
9.098,1.0127,1.0127,-0.0009,-6.6121,-6.6121,0.0000,0.6099,0.6099,0.3994
9.102,1.0127,1.0127,-0.0010,-6.5885,-6.5885,0.0000,0.6099,0.6099,0.3995
9.107,1.0047,1.0047,-0.0010,-6.5867,-6.5867,0.0000,0.7391,0.7391,0.3997
9.111,1.0047,1.0047,-0.0011,-6.5624,-6.5624,0.0000,0.7391,0.7391,0.3999
9.115,1.0047,1.0047,-0.0012,-6.5422,-6.5422,0.0000,0.7391,0.7391,0.4001
9.120,1.0047,1.0047,-0.0012,-6.5125,-6.5125,0.0000,0.7391,0.7391,0.4002
9.128,0.9974,0.9974,-0.0013,-6.4901,-6.4901,0.0000,0.8691,0.8691,0.4005
9.133,0.9981,0.9981,-0.0014,-6.4599,-6.4599,0.0000,0.8691,0.8691,0.4009
9.139,0.9994,0.9994,-0.0015,-6.4329,-6.4329,0.0000,0.8691,0.8691,0.4011
9.142,1.0009,1.0009,-0.0016,-6.4145,-6.4145,0.0000,0.8691,0.8691,0.4014
9.146,0.9955,0.9955,-0.0016,-6.4188,-6.4188,0.0000,1.0085,1.0085,0.4016
9.154,1.0020,1.0020,-0.0016,-6.3781,-6.3781,0.0000,1.0085,1.0085,0.4018
9.159,1.0086,1.0086,-0.0018,-6.3492,-6.3492,0.0000,1.0085,1.0085,0.4022
9.163,1.0064,1.0064,-0.0018,-6.3546,-6.3546,0.0000,1.1516,1.1516,0.4025
9.167,1.0131,1.0131,-0.0019,-6.3346,-6.3346,0.0000,1.1516,1.1516,0.4027
9.171,1.0193,1.0193,-0.0019,-6.3187,-6.3187,0.0000,1.1516,1.1516,0.4030
9.174,1.0263,1.0263,-0.0020,-6.3028,-6.3028,0.0000,1.1516,1.1516,0.4032
9.177,1.0334,1.0334,-0.0020,-6.2883,-6.2883,0.0000,1.1516,1.1516,0.4034
9.180,1.0409,1.0409,-0.0021,-6.2743,-6.2743,0.0000,1.1516,1.1516,0.4036
9.185,1.0455,1.0455,-0.0021,-6.2787,-6.2787,0.0000,1.2947,1.2947,0.4038
9.190,1.0617,1.0617,-0.0021,-6.2545,-6.2545,0.0000,1.2947,1.2947,0.4041
9.194,1.0732,1.0732,-0.0022,-6.2392,-6.2392,0.0000,1.2947,1.2947,0.4045
9.197,1.0843,1.0843,-0.0022,-6.2253,-6.2253,0.0000,1.2947,1.2947,0.4047
9.201,1.0973,1.0973,-0.0023,-6.2102,-6.2102,0.0000,1.2947,1.2947,0.4049
9.204,1.1054,1.1054,-0.0023,-6.2190,-6.2190,0.0000,1.4348,1.4348,0.4052
9.209,1.1257,1.1257,-0.0023,-6.1985,-6.1985,0.0000,1.4348,1.4348,0.4054
9.213,1.1438,1.1438,-0.0024,-6.1815,-6.1815,0.0000,1.4348,1.4348,0.4058
9.218,1.1661,1.1661,-0.0024,-6.1621,-6.1621,0.0000,1.4348,1.4348,0.4061
9.223,1.1863,1.1863,-0.0024,-6.1667,-6.1667,0.0000,1.5668,1.5668,0.4064
9.231,1.2294,1.2294,-0.0024,-6.1345,-6.1345,0.0000,1.5668,1.5668,0.4068
9.238,1.2660,1.2660,-0.0024,-6.1098,-6.1098,0.0000,1.5668,1.5668,0.4075
9.242,1.2904,1.2904,-0.0024,-6.0945,-6.0945,0.0000,1.5668,1.5668,0.4080
9.246,1.3087,1.3087,-0.0024,-6.1077,-6.1077,0.0000,1.6884,1.6884,0.4083
9.250,1.3373,1.3373,-0.0024,-6.0917,-6.0917,0.0000,1.6884,1.6884,0.4086
9.257,1.3799,1.3799,-0.0024,-6.0692,-6.0692,0.0000,1.6884,1.6884,0.4090
9.267,1.4483,1.4483,-0.0024,-6.0626,-6.0626,0.0000,1.8016,1.8016,0.4095
9.274,1.4964,1.4964,-0.0023,-6.0414,-6.0414,0.0000,1.8016,1.8016,0.4104
9.279,1.5294,1.5294,-0.0022,-6.0277,-6.0277,0.0000,1.8016,1.8016,0.4110
9.283,1.5580,1.5580,-0.0021,-6.0474,-6.0474,0.0000,1.8672,1.8672,0.4114
9.289,1.6005,1.6005,-0.0021,-6.0313,-6.0313,0.0000,1.8672,1.8672,0.4117
9.292,1.6261,1.6261,-0.0020,-6.0220,-6.0220,0.0000,1.8672,1.8672,0.4122
9.296,1.6518,1.6518,-0.0019,-6.0129,-6.0129,0.0000,1.8672,1.8672,0.4125
9.305,1.7219,1.7219,-0.0019,-6.0218,-6.0218,0.0000,1.9206,1.9206,0.4128
9.310,1.7654,1.7654,-0.0017,-6.0079,-6.0079,0.0000,1.9206,1.9206,0.4136
9.314,1.7925,1.7925,-0.0015,-5.9995,-5.9995,0.0000,1.9206,1.9206,0.4141
9.318,1.8253,1.8253,-0.0014,-5.9896,-5.9896,0.0000,1.9206,1.9206,0.4144
9.321,1.8532,1.8532,-0.0013,-5.9813,-5.9813,0.0000,1.9206,1.9206,0.4148
9.325,1.8773,1.8773,-0.0012,-6.0070,-6.0070,0.0000,1.9697,1.9697,0.4151
9.330,1.9229,1.9229,-0.0011,-5.9938,-5.9938,0.0000,1.9697,1.9697,0.4154
9.338,1.9836,1.9836,-0.0010,-5.9768,-5.9768,0.0000,1.9697,1.9697,0.4159
9.341,2.0115,2.0115,-0.0007,-5.9693,-5.9693,0.0000,1.9697,1.9697,0.4166
9.345,2.0374,2.0374,-0.0006,-5.9950,-5.9950,0.0000,2.0198,2.0198,0.4169
9.348,2.0689,2.0689,-0.0004,-5.9867,-5.9867,0.0000,2.0198,2.0198,0.4172
9.352,2.0993,2.0993,-0.0003,-5.9789,-5.9789,0.0000,2.0198,2.0198,0.4175
9.356,2.1267,2.1267,-0.0002,-5.9720,-5.9720,0.0000,2.0198,2.0198,0.4178
9.359,2.1528,2.1528,0.0000,-5.9657,-5.9657,0.0000,2.0198,2.0198,0.4181
9.363,2.1887,2.1887,0.0001,-5.9910,-5.9910,0.0000,2.0486,2.0486,0.4184
9.368,2.2263,2.2263,0.0003,-5.9824,-5.9824,0.0000,2.0486,2.0486,0.4188
9.371,2.2533,2.2533,0.0005,-5.9763,-5.9763,0.0000,2.0486,2.0486,0.4193
9.375,2.2812,2.2812,0.0007,-5.9702,-5.9702,0.0000,2.0486,2.0486,0.4196
9.378,2.3067,2.3067,0.0009,-5.9647,-5.9647,0.0000,2.0486,2.0486,0.4199
9.381,2.3320,2.3320,0.0010,-5.9594,-5.9594,0.0000,2.0486,2.0486,0.4202
9.385,2.3612,2.3612,0.0012,-5.9875,-5.9875,0.0000,2.0665,2.0665,0.4204
9.389,2.3912,2.3912,0.0014,-5.9815,-5.9815,0.0000,2.0665,2.0665,0.4208
9.393,2.4245,2.4245,0.0016,-5.9750,-5.9750,0.0000,2.0665,2.0665,0.4211
9.397,2.4559,2.4559,0.0018,-5.9691,-5.9691,0.0000,2.0665,2.0665,0.4215
9.402,2.4884,2.4884,0.0020,-5.9632,-5.9632,0.0000,2.0665,2.0665,0.4218
9.406,2.5177,2.5177,0.0023,-5.9918,-5.9918,0.0000,2.0781,2.0781,0.4222
9.410,2.5500,2.5500,0.0025,-5.9862,-5.9862,0.0000,2.0781,2.0781,0.4226
9.414,2.5800,2.5800,0.0028,-5.9810,-5.9810,0.0000,2.0781,2.0781,0.4229
9.419,2.6136,2.6136,0.0030,-5.9754,-5.9754,0.0000,2.0781,2.0781,0.4233
9.423,2.6461,2.6461,0.0033,-6.0036,-6.0036,0.0000,2.0834,2.0834,0.4237
9.428,2.6763,2.6763,0.0036,-5.9985,-5.9985,0.0000,2.0834,2.0834,0.4241
9.431,2.6985,2.6985,0.0038,-5.9946,-5.9946,0.0000,2.0834,2.0834,0.4244
9.436,2.7327,2.7327,0.0041,-5.9886,-5.9886,0.0000,2.0834,2.0834,0.4247
9.444,2.7860,2.7860,0.0044,-6.0137,-6.0137,0.0000,2.0530,2.0530,0.4252
9.449,2.8186,2.8186,0.0050,-6.0079,-6.0079,0.0000,2.0530,2.0530,0.4258
9.459,2.8734,2.8734,0.0053,-5.9978,-5.9978,0.0000,2.0530,2.0530,0.4263
9.465,2.9104,2.9104,0.0060,-6.0252,-6.0252,0.0000,2.0109,2.0109,0.4270
9.470,2.9386,2.9386,0.0064,-6.0202,-6.0202,0.0000,2.0109,2.0109,0.4275
9.474,2.9615,2.9615,0.0068,-6.0162,-6.0162,0.0000,2.0109,2.0109,0.4279
9.479,2.9857,2.9857,0.0072,-6.0120,-6.0120,0.0000,2.0109,2.0109,0.4283
9.484,3.0100,3.0100,0.0075,-6.0405,-6.0405,0.0000,1.9734,1.9734,0.4286
9.490,3.0377,3.0377,0.0079,-6.0359,-6.0359,0.0000,1.9734,1.9734,0.4290
9.494,3.0568,3.0568,0.0083,-6.0328,-6.0328,0.0000,1.9734,1.9734,0.4294
9.497,3.0740,3.0740,0.0086,-6.0299,-6.0299,0.0000,1.9734,1.9734,0.4297
9.501,3.0914,3.0914,0.0089,-6.0271,-6.0271,0.0000,1.9734,1.9734,0.4300
9.505,3.1086,3.1086,0.0093,-6.0560,-6.0560,0.0000,1.9344,1.9344,0.4303
9.509,3.1252,3.1252,0.0095,-6.0534,-6.0534,0.0000,1.9344,1.9344,0.4305
9.512,3.1386,3.1386,0.0099,-6.0513,-6.0513,0.0000,1.9344,1.9344,0.4308
9.515,3.1522,3.1522,0.0101,-6.0491,-6.0491,0.0000,1.9344,1.9344,0.4310
9.519,3.1671,3.1671,0.0104,-6.0469,-6.0469,0.0000,1.9344,1.9344,0.4313
9.523,3.1800,3.1800,0.0107,-6.0450,-6.0450,0.0000,1.9344,1.9344,0.4315
9.526,3.1945,3.1945,0.0110,-6.0734,-6.0734,0.0000,1.8885,1.8885,0.4318
9.530,3.2085,3.2085,0.0112,-6.0710,-6.0710,0.0000,1.8885,1.8885,0.4320
9.535,3.2282,3.2282,0.0116,-6.0678,-6.0678,0.0000,1.8885,1.8885,0.4322
9.539,3.2426,3.2426,0.0120,-6.0654,-6.0654,0.0000,1.8885,1.8885,0.4326
9.542,3.2539,3.2539,0.0123,-6.0635,-6.0635,0.0000,1.8885,1.8885,0.4329
9.547,3.2708,3.2708,0.0126,-6.0902,-6.0902,0.0000,1.8345,1.8345,0.4331
9.556,3.3024,3.3024,0.0130,-6.0843,-6.0843,0.0000,1.8345,1.8345,0.4334
9.560,3.3131,3.3131,0.0138,-6.0823,-6.0823,0.0000,1.8345,1.8345,0.4340
9.564,3.3286,3.3286,0.0141,-6.1080,-6.1080,0.0000,1.7754,1.7754,0.4342
9.569,3.3434,3.3434,0.0145,-6.1054,-6.1054,0.0000,1.7754,1.7754,0.4344
9.572,3.3536,3.3536,0.0149,-6.1035,-6.1035,0.0000,1.7754,1.7754,0.4347
9.576,3.3628,3.3628,0.0152,-6.1019,-6.1019,0.0000,1.7754,1.7754,0.4349
9.579,3.3717,3.3717,0.0155,-6.1003,-6.1003,0.0000,1.7754,1.7754,0.4351
9.582,3.3811,3.3811,0.0158,-6.0985,-6.0985,0.0000,1.7754,1.7754,0.4353
9.586,3.3936,3.3936,0.0161,-6.1237,-6.1237,0.0000,1.7130,1.7130,0.4355
9.590,3.4038,3.4038,0.0164,-6.1220,-6.1220,0.0000,1.7130,1.7130,0.4357
9.594,3.4129,3.4129,0.0167,-6.1205,-6.1205,0.0000,1.7130,1.7130,0.4360
9.598,3.4235,3.4235,0.0170,-6.1186,-6.1186,0.0000,1.7130,1.7130,0.4362
9.602,3.4341,3.4341,0.0174,-6.1168,-6.1168,0.0000,1.7130,1.7130,0.4364
9.610,3.4590,3.4590,0.0178,-6.1431,-6.1431,0.0000,1.5476,1.5476,0.4366
9.616,3.4714,3.4714,0.0185,-6.1412,-6.1412,0.0000,1.5476,1.5476,0.4370
9.619,3.4793,3.4793,0.0190,-6.1401,-6.1401,0.0000,1.5476,1.5476,0.4372
9.623,3.4939,3.4939,0.0193,-6.1661,-6.1661,0.0000,1.3941,1.3941,0.4374
9.628,3.5038,3.5038,0.0196,-6.1644,-6.1644,0.0000,1.3941,1.3941,0.4375
9.632,3.5110,3.5110,0.0201,-6.1630,-6.1630,0.0000,1.3941,1.3941,0.4377
9.635,3.5186,3.5186,0.0204,-6.1616,-6.1616,0.0000,1.3941,1.3941,0.4378
9.639,3.5250,3.5250,0.0207,-6.1603,-6.1603,0.0000,1.3941,1.3941,0.4380
9.642,3.5316,3.5316,0.0210,-6.1589,-6.1589,0.0000,1.3941,1.3941,0.4381
9.646,3.5420,3.5420,0.0213,-6.1817,-6.1817,0.0000,1.2960,1.2960,0.4382
9.651,3.5515,3.5515,0.0216,-6.1793,-6.1793,0.0000,1.2960,1.2960,0.4383
9.659,3.5648,3.5648,0.0221,-6.1766,-6.1766,0.0000,1.2960,1.2960,0.4385
9.663,3.5712,3.5712,0.0228,-6.1752,-6.1752,0.0000,1.2960,1.2960,0.4387
9.666,3.5844,3.5844,0.0231,-6.1993,-6.1993,0.0000,1.1314,1.1314,0.4389
9.671,3.5913,3.5913,0.0235,-6.1978,-6.1978,0.0000,1.1314,1.1314,0.4389
9.674,3.5970,3.5970,0.0239,-6.1964,-6.1964,0.0000,1.1314,1.1314,0.4390
9.678,3.6020,3.6020,0.0242,-6.1953,-6.1953,0.0000,1.1314,1.1314,0.4391
9.681,3.6068,3.6068,0.0245,-6.1942,-6.1942,0.0000,1.1314,1.1314,0.4392
9.685,3.6163,3.6163,0.0248,-6.2151,-6.2151,0.0000,1.0326,1.0326,0.4393
9.690,3.6243,3.6243,0.0251,-6.2135,-6.2135,0.0000,1.0326,1.0326,0.4393
9.694,3.6291,3.6291,0.0256,-6.2125,-6.2125,0.0000,1.0326,1.0326,0.4394
9.697,3.6334,3.6334,0.0259,-6.2114,-6.2114,0.0000,1.0326,1.0326,0.4395
9.701,3.6387,3.6387,0.0262,-6.2102,-6.2102,0.0000,1.0326,1.0326,0.4396
9.705,3.6476,3.6476,0.0266,-6.2303,-6.2303,0.0000,0.9359,0.9359,0.4396
9.709,3.6525,3.6525,0.0269,-6.2292,-6.2292,0.0000,0.9359,0.9359,0.4397
9.712,3.6564,3.6564,0.0273,-6.2282,-6.2282,0.0000,0.9359,0.9359,0.4397
9.716,3.6608,3.6608,0.0275,-6.2270,-6.2270,0.0000,0.9359,0.9359,0.4398
9.720,3.6660,3.6660,0.0279,-6.2259,-6.2259,0.0000,0.9359,0.9359,0.4398
9.724,3.6744,3.6744,0.0283,-6.2448,-6.2448,0.0000,0.8420,0.8420,0.4398
9.728,3.6788,3.6788,0.0286,-6.2436,-6.2436,0.0000,0.8420,0.8420,0.4399
9.731,3.6824,3.6824,0.0290,-6.2426,-6.2426,0.0000,0.8420,0.8420,0.4399
9.735,3.6868,3.6868,0.0292,-6.2410,-6.2410,0.0000,0.8420,0.8420,0.4399
9.739,3.6902,3.6902,0.0296,-6.2398,-6.2398,0.0000,0.8420,0.8420,0.4400
9.743,3.6978,3.6978,0.0299,-6.2579,-6.2579,0.0000,0.7506,0.7506,0.4400
9.746,3.7017,3.7017,0.0302,-6.2567,-6.2567,0.0000,0.7506,0.7506,0.4400
9.751,3.7059,3.7059,0.0306,-6.2553,-6.2553,0.0000,0.7506,0.7506,0.4400
9.756,3.7106,3.7106,0.0310,-6.2535,-6.2535,0.0000,0.7506,0.7506,0.4400
9.765,3.7224,3.7224,0.0314,-6.2693,-6.2693,0.0000,0.6614,0.6614,0.4400
9.770,3.7271,3.7271,0.0322,-6.2677,-6.2677,0.0000,0.6614,0.6614,0.4400
9.774,3.7299,3.7299,0.0326,-6.2666,-6.2666,0.0000,0.6614,0.6614,0.4400
9.777,3.7326,3.7326,0.0329,-6.2656,-6.2656,0.0000,0.6614,0.6614,0.4400
9.780,3.7353,3.7353,0.0332,-6.2647,-6.2647,0.0000,0.6614,0.6614,0.4400
9.784,3.7424,3.7424,0.0335,-6.2818,-6.2818,0.0000,0.5585,0.5585,0.4400
9.788,3.7459,3.7459,0.0338,-6.2805,-6.2805,0.0000,0.5585,0.5585,0.4399
9.792,3.7484,3.7484,0.0342,-6.2797,-6.2797,0.0000,0.5585,0.5585,0.4399
9.796,3.7516,3.7516,0.0345,-6.2784,-6.2784,0.0000,0.5585,0.5585,0.4399
9.800,3.7477,3.7477,0.0349,-6.2771,-6.2771,0.0000,0.5585,0.5585,0.4399
9.804,3.7463,3.7463,0.0352,-6.2938,-6.2938,0.0000,0.4387,0.4387,0.4398
9.808,3.7386,3.7386,0.0355,-6.2926,-6.2926,0.0000,0.4387,0.4387,0.4398
9.812,3.7319,3.7319,0.0359,-6.2912,-6.2912,0.0000,0.4387,0.4387,0.4397
9.817,3.7232,3.7232,0.0362,-6.2897,-6.2897,0.0000,0.4387,0.4387,0.4397
9.822,3.7139,3.7139,0.0366,-6.2880,-6.2880,0.0000,0.4387,0.4387,0.4396
9.827,3.7102,3.7102,0.0370,-6.3033,-6.3033,0.0000,0.3219,0.3219,0.4395
9.832,3.7006,3.7006,0.0374,-6.3013,-6.3013,0.0000,0.3219,0.3219,0.4395
9.837,3.6906,3.6906,0.0378,-6.2991,-6.2991,0.0000,0.3219,0.3219,0.4394
9.841,3.6834,3.6834,0.0382,-6.2977,-6.2977,0.0000,0.3219,0.3219,0.4393
9.845,3.6787,3.6787,0.0385,-6.3120,-6.3120,0.0000,0.2121,0.2121,0.4392
9.851,3.6676,3.6676,0.0389,-6.3097,-6.3097,0.0000,0.2121,0.2121,0.4391
9.855,3.6591,3.6591,0.0393,-6.3082,-6.3082,0.0000,0.2121,0.2121,0.4390
9.861,3.6451,3.6451,0.0396,-6.3056,-6.3056,0.0000,0.2121,0.2121,0.4389
9.872,3.6271,3.6271,0.0401,-6.3164,-6.3164,0.0000,0.1085,0.1085,0.4387
9.877,3.6157,3.6157,0.0408,-6.3141,-6.3141,0.0000,0.1085,0.1085,0.4384
9.880,3.6080,3.6080,0.0412,-6.3127,-6.3127,0.0000,0.1085,0.1085,0.4383
9.885,3.6023,3.6023,0.0415,-6.3250,-6.3250,0.0000,0.0106,0.0106,0.4382
9.888,3.5937,3.5937,0.0418,-6.3234,-6.3234,0.0000,0.0106,0.0106,0.4380
9.893,3.5835,3.5835,0.0420,-6.3211,-6.3211,0.0000,0.0106,0.0106,0.4379
9.897,3.5756,3.5756,0.0424,-6.3195,-6.3195,0.0000,0.0106,0.0106,0.4378
9.901,3.5651,3.5651,0.0426,-6.3172,-6.3172,0.0000,0.0106,0.0106,0.4376
9.905,3.5608,3.5608,0.0429,-6.3295,-6.3295,0.0000,-0.0955,-0.0955,0.4375
9.910,3.5504,3.5504,0.0432,-6.3271,-6.3271,0.0000,-0.0955,-0.0955,0.4374
9.918,3.5317,3.5317,0.0435,-6.3230,-6.3230,0.0000,-0.0955,-0.0955,0.4372
9.923,3.5219,3.5219,0.0440,-6.3331,-6.3331,0.0000,-0.1961,-0.1961,0.4369
9.928,3.5111,3.5111,0.0443,-6.3308,-6.3308,0.0000,-0.1961,-0.1961,0.4367
9.931,3.5033,3.5033,0.0446,-6.3293,-6.3293,0.0000,-0.1961,-0.1961,0.4365
9.936,3.4933,3.4933,0.0449,-6.3271,-6.3271,0.0000,-0.1961,-0.1961,0.4363
9.939,3.4852,3.4852,0.0451,-6.3254,-6.3254,0.0000,-0.1961,-0.1961,0.4362
9.943,3.4794,3.4794,0.0453,-6.3356,-6.3356,0.0000,-0.3011,-0.3011,0.4360
9.947,3.4706,3.4706,0.0456,-6.3337,-6.3337,0.0000,-0.3011,-0.3011,0.4358
9.951,3.4606,3.4606,0.0458,-6.3318,-6.3318,0.0000,-0.3011,-0.3011,0.4357
9.955,3.4502,3.4502,0.0460,-6.3291,-6.3291,0.0000,-0.3011,-0.3011,0.4355
9.960,3.4398,3.4398,0.0463,-6.3267,-6.3267,0.0000,-0.3011,-0.3011,0.4353
9.963,3.4341,3.4341,0.0466,-6.3360,-6.3360,0.0000,-0.3967,-0.3967,0.4351
9.968,3.4226,3.4226,0.0468,-6.3332,-6.3332,0.0000,-0.3967,-0.3967,0.4349
9.973,3.4102,3.4102,0.0470,-6.3305,-6.3305,0.0000,-0.3967,-0.3967,0.4347
9.981,3.3927,3.3927,0.0473,-6.3263,-6.3263,0.0000,-0.3967,-0.3967,0.4344
9.985,3.3846,3.3846,0.0477,-6.3342,-6.3342,0.0000,-0.4803,-0.4803,0.4341
9.990,3.3720,3.3720,0.0479,-6.3311,-6.3311,0.0000,-0.4803,-0.4803,0.4338
9.994,3.3639,3.3639,0.0482,-6.3292,-6.3292,0.0000,-0.4803,-0.4803,0.4336
9.997,3.3547,3.3547,0.0484,-6.3269,-6.3269,0.0000,-0.4803,-0.4803,0.4334
10.001,3.3457,3.3457,0.0486,-6.3247,-6.3247,0.0000,-0.4803,-0.4803,0.4332
10.005,3.3379,3.3379,0.0488,-6.3312,-6.3312,0.0000,-0.5537,-0.5537,0.4330
10.009,3.3281,3.3281,0.0490,-6.3291,-6.3291,0.0000,-0.5537,-0.5537,0.4328
10.014,3.3178,3.3178,0.0492,-6.3266,-6.3266,0.0000,-0.5537,-0.5537,0.4325
10.018,3.3069,3.3069,0.0494,-6.3240,-6.3240,0.0000,-0.5537,-0.5537,0.4323
10.022,3.2972,3.2972,0.0496,-6.3215,-6.3215,0.0000,-0.5537,-0.5537,0.4320
10.026,3.2904,3.2904,0.0498,-6.3278,-6.3278,0.0000,-0.6184,-0.6184,0.4318
10.030,3.2805,3.2805,0.0500,-6.3255,-6.3255,0.0000,-0.6184,-0.6184,0.4316
10.034,3.2713,3.2713,0.0502,-6.3230,-6.3230,0.0000,-0.6184,-0.6184,0.4314
10.038,3.2619,3.2619,0.0503,-6.3206,-6.3206,0.0000,-0.6184,-0.6184,0.4312
10.041,3.2541,3.2541,0.0505,-6.3187,-6.3187,0.0000,-0.6184,-0.6184,0.4309
10.045,3.2468,3.2468,0.0507,-6.3243,-6.3243,0.0000,-0.6898,-0.6898,0.4308
10.050,3.2334,3.2334,0.0508,-6.3208,-6.3208,0.0000,-0.6898,-0.6898,0.4305
10.054,3.2239,3.2239,0.0511,-6.3185,-6.3185,0.0000,-0.6898,-0.6898,0.4302
10.058,3.2161,3.2161,0.0512,-6.3166,-6.3166,0.0000,-0.6898,-0.6898,0.4300
10.062,3.2068,3.2068,0.0514,-6.3140,-6.3140,0.0000,-0.6898,-0.6898,0.4298
10.071,3.1877,3.1877,0.0515,-6.3168,-6.3168,0.0000,-0.7698,-0.7698,0.4295
10.076,3.1742,3.1742,0.0519,-6.3137,-6.3137,0.0000,-0.7698,-0.7698,0.4290
10.082,3.1607,3.1607,0.0521,-6.3100,-6.3100,0.0000,-0.7698,-0.7698,0.4286
10.090,3.1431,3.1431,0.0523,-6.3116,-6.3116,0.0000,-0.8395,-0.8395,0.4283
10.095,3.1328,3.1328,0.0526,-6.3087,-6.3087,0.0000,-0.8395,-0.8395,0.4277
10.098,3.1254,3.1254,0.0528,-6.3067,-6.3067,0.0000,-0.8395,-0.8395,0.4275
10.102,3.1159,3.1159,0.0529,-6.3037,-6.3037,0.0000,-0.8395,-0.8395,0.4272
10.106,3.1088,3.1088,0.0530,-6.3076,-6.3076,0.0000,-0.8973,-0.8973,0.4270
10.110,3.0993,3.0993,0.0532,-6.3048,-6.3048,0.0000,-0.8973,-0.8973,0.4267
10.115,3.0898,3.0898,0.0533,-6.3016,-6.3016,0.0000,-0.8973,-0.8973,0.4265
10.120,3.0785,3.0785,0.0535,-6.2979,-6.2979,0.0000,-0.8973,-0.8973,0.4262
10.123,3.0717,3.0717,0.0536,-6.3012,-6.3012,0.0000,-0.9421,-0.9421,0.4258
10.127,3.0623,3.0623,0.0537,-6.2977,-6.2977,0.0000,-0.9421,-0.9421,0.4256
10.131,3.0553,3.0553,0.0539,-6.2952,-6.2952,0.0000,-0.9421,-0.9421,0.4253
10.135,3.0461,3.0461,0.0540,-6.2927,-6.2927,0.0000,-0.9421,-0.9421,0.4251
10.138,3.0389,3.0389,0.0541,-6.2903,-6.2903,0.0000,-0.9421,-0.9421,0.4248
10.142,3.0308,3.0308,0.0542,-6.2877,-6.2877,0.0000,-0.9421,-0.9421,0.4246
10.146,3.0240,3.0240,0.0543,-6.2903,-6.2903,0.0000,-0.9743,-0.9743,0.4243
10.150,3.0144,3.0144,0.0544,-6.2873,-6.2873,0.0000,-0.9743,-0.9743,0.4241
10.154,3.0073,3.0073,0.0545,-6.2853,-6.2853,0.0000,-0.9743,-0.9743,0.4238
10.158,2.9984,2.9984,0.0546,-6.2821,-6.2821,0.0000,-0.9743,-0.9743,0.4236
10.162,2.9910,2.9910,0.0547,-6.2796,-6.2796,0.0000,-0.9743,-0.9743,0.4233
10.166,2.9837,2.9837,0.0548,-6.2817,-6.2817,0.0000,-1.0266,-1.0266,0.4230
10.170,2.9754,2.9754,0.0549,-6.2785,-6.2785,0.0000,-1.0266,-1.0266,0.4228
10.174,2.9677,2.9677,0.0551,-6.2755,-6.2755,0.0000,-1.0266,-1.0266,0.4225
10.177,2.9614,2.9614,0.0552,-6.2732,-6.2732,0.0000,-1.0266,-1.0266,0.4222
10.181,2.9545,2.9545,0.0552,-6.2706,-6.2706,0.0000,-1.0266,-1.0266,0.4220
10.185,2.9475,2.9475,0.0553,-6.2721,-6.2721,0.0000,-1.0670,-1.0670,0.4217
10.191,2.9359,2.9359,0.0554,-6.2673,-6.2673,0.0000,-1.0670,-1.0670,0.4215
10.200,2.9199,2.9199,0.0556,-6.2595,-6.2595,0.0000,-1.0670,-1.0670,0.4211
10.204,2.9114,2.9114,0.0557,-6.2603,-6.2603,0.0000,-1.0926,-1.0926,0.4205
10.209,2.9030,2.9030,0.0558,-6.2573,-6.2573,0.0000,-1.0926,-1.0926,0.4201
10.213,2.8969,2.8969,0.0559,-6.2544,-6.2544,0.0000,-1.0926,-1.0926,0.4198
10.222,2.8811,2.8811,0.0560,-6.2476,-6.2476,0.0000,-1.0926,-1.0926,0.4196
10.227,2.8722,2.8722,0.0562,-6.2467,-6.2467,0.0000,-1.1061,-1.1061,0.4190
10.231,2.8647,2.8647,0.0563,-6.2437,-6.2437,0.0000,-1.1061,-1.1061,0.4186
10.235,2.8584,2.8584,0.0564,-6.2412,-6.2412,0.0000,-1.1061,-1.1061,0.4183
10.239,2.8523,2.8523,0.0564,-6.2381,-6.2381,0.0000,-1.1061,-1.1061,0.4181
10.242,2.8472,2.8472,0.0565,-6.2355,-6.2355,0.0000,-1.1061,-1.1061,0.4178
10.246,2.8404,2.8404,0.0566,-6.2349,-6.2349,0.0000,-1.1068,-1.1068,0.4176
10.250,2.8343,2.8343,0.0566,-6.2320,-6.2320,0.0000,-1.1068,-1.1068,0.4173
10.255,2.8276,2.8276,0.0567,-6.2288,-6.2288,0.0000,-1.1068,-1.1068,0.4171
10.258,2.8227,2.8227,0.0568,-6.2259,-6.2259,0.0000,-1.1068,-1.1068,0.4167
10.262,2.8181,2.8181,0.0568,-6.2231,-6.2231,0.0000,-1.1068,-1.1068,0.4165
10.266,2.8107,2.8107,0.0569,-6.2221,-6.2221,0.0000,-1.0933,-1.0933,0.4163
10.271,2.8047,2.8047,0.0569,-6.2186,-6.2186,0.0000,-1.0933,-1.0933,0.4160
10.274,2.8004,2.8004,0.0570,-6.2154,-6.2154,0.0000,-1.0933,-1.0933,0.4157
10.277,2.7964,2.7964,0.0571,-6.2131,-6.2131,0.0000,-1.0933,-1.0933,0.4155
10.281,2.7917,2.7917,0.0571,-6.2096,-6.2096,0.0000,-1.0933,-1.0933,0.4153
10.286,2.7843,2.7843,0.0572,-6.2075,-6.2075,0.0000,-1.0657,-1.0657,0.4151
10.290,2.7789,2.7789,0.0572,-6.2036,-6.2036,0.0000,-1.0657,-1.0657,0.4148
10.296,2.7729,2.7729,0.0573,-6.1992,-6.1992,0.0000,-1.0657,-1.0657,0.4145
10.304,2.7625,2.7625,0.0574,-6.1931,-6.1931,0.0000,-1.0382,-1.0382,0.4141
10.311,2.7564,2.7564,0.0574,-6.1873,-6.1873,0.0000,-1.0382,-1.0382,0.4137
10.315,2.7525,2.7525,0.0575,-6.1834,-6.1834,0.0000,-1.0382,-1.0382,0.4133
10.320,2.7486,2.7486,0.0576,-6.1795,-6.1795,0.0000,-1.0382,-1.0382,0.4130
10.323,2.7436,2.7436,0.0576,-6.1773,-6.1773,0.0000,-0.9989,-0.9989,0.4128
10.328,2.7405,2.7405,0.0577,-6.1730,-6.1730,0.0000,-0.9989,-0.9989,0.4125
10.331,2.7383,2.7383,0.0577,-6.1698,-6.1698,0.0000,-0.9989,-0.9989,0.4123
10.335,2.7356,2.7356,0.0577,-6.1657,-6.1657,0.0000,-0.9989,-0.9989,0.4121
10.338,2.7337,2.7337,0.0578,-6.1625,-6.1625,0.0000,-0.9989,-0.9989,0.4119
10.342,2.7317,2.7317,0.0578,-6.1592,-6.1592,0.0000,-0.9989,-0.9989,0.4117
10.346,2.7274,2.7274,0.0579,-6.1573,-6.1573,0.0000,-0.9475,-0.9475,0.4115
10.351,2.7254,2.7254,0.0579,-6.1533,-6.1533,0.0000,-0.9475,-0.9475,0.4113
10.354,2.7241,2.7241,0.0580,-6.1501,-6.1501,0.0000,-0.9475,-0.9475,0.4110
10.359,2.7230,2.7230,0.0580,-6.1443,-6.1443,0.0000,-0.9475,-0.9475,0.4109
10.362,2.7222,2.7222,0.0580,-6.1405,-6.1405,0.0000,-0.9475,-0.9475,0.4106
10.366,2.7189,2.7189,0.0581,-6.1383,-6.1383,0.0000,-0.8839,-0.8839,0.4105
10.375,2.7183,2.7183,0.0581,-6.1291,-6.1291,0.0000,-0.8839,-0.8839,0.4103
10.380,2.7185,2.7185,0.0582,-6.1250,-6.1250,0.0000,-0.8839,-0.8839,0.4098
10.384,2.7158,2.7158,0.0582,-6.1232,-6.1232,0.0000,-0.8106,-0.8106,0.4096
10.389,2.7160,2.7160,0.0583,-6.1191,-6.1191,0.0000,-0.8106,-0.8106,0.4094
10.393,2.7159,2.7159,0.0583,-6.1154,-6.1154,0.0000,-0.8106,-0.8106,0.4092
10.397,2.7156,2.7156,0.0583,-6.1123,-6.1123,0.0000,-0.8106,-0.8106,0.4090
10.403,2.7112,2.7112,0.0584,-6.1060,-6.1060,0.0000,-0.7272,-0.7272,0.4089
10.411,2.7078,2.7078,0.0584,-6.0948,-6.0948,0.0000,-0.7272,-0.7272,0.4086
10.414,2.7054,2.7054,0.0585,-6.0899,-6.0899,0.0000,-0.7272,-0.7272,0.4083
10.418,2.7021,2.7021,0.0585,-6.0847,-6.0847,0.0000,-0.7272,-0.7272,0.4082
10.423,2.6947,2.6947,0.0585,-6.0817,-6.0817,0.0000,-0.6534,-0.6534,0.4081
10.427,2.6886,2.6886,0.0586,-6.0735,-6.0735,0.0000,-0.6534,-0.6534,0.4079
10.431,2.6829,2.6829,0.0586,-6.0673,-6.0673,0.0000,-0.6534,-0.6534,0.4078
10.435,2.6757,2.6757,0.0586,-6.0606,-6.0606,0.0000,-0.6534,-0.6534,0.4076
10.438,2.6691,2.6691,0.0587,-6.0582,-6.0582,0.0000,-0.6534,-0.6534,0.4075
10.442,2.6624,2.6624,0.0587,-6.0526,-6.0526,0.0000,-0.6534,-0.6534,0.4074
10.445,2.6534,2.6534,0.0587,-6.0504,-6.0504,0.0000,-0.5727,-0.5727,0.4073
10.449,2.6444,2.6444,0.0587,-6.0381,-6.0381,0.0000,-0.5727,-0.5727,0.4072
10.454,2.6323,2.6323,0.0587,-6.0304,-6.0304,0.0000,-0.5727,-0.5727,0.4071
10.458,2.6235,2.6235,0.0588,-6.0255,-6.0255,0.0000,-0.5727,-0.5727,0.4069
10.461,2.6144,2.6144,0.0588,-6.0209,-6.0209,0.0000,-0.5727,-0.5727,0.4068
10.464,2.6016,2.6016,0.0588,-6.0196,-6.0196,0.0000,-0.4953,-0.4953,0.4067
10.469,2.5865,2.5865,0.0588,-6.0137,-6.0137,0.0000,-0.4953,-0.4953,0.4066
10.472,2.5723,2.5723,0.0588,-6.0090,-6.0090,0.0000,-0.4953,-0.4953,0.4065
10.476,2.5585,2.5585,0.0588,-6.0048,-6.0048,0.0000,-0.4953,-0.4953,0.4064
10.479,2.5417,2.5417,0.0588,-5.9957,-5.9957,0.0000,-0.4953,-0.4953,0.4064
10.484,2.5147,2.5147,0.0588,-5.9936,-5.9936,0.0000,-0.4108,-0.4108,0.4063
10.488,2.4895,2.4895,0.0588,-5.9885,-5.9885,0.0000,-0.4108,-0.4108,0.4062
10.492,2.4679,2.4679,0.0588,-5.9847,-5.9847,0.0000,-0.4108,-0.4108,0.4061
10.495,2.4464,2.4464,0.0588,-5.9770,-5.9770,0.0000,-0.4108,-0.4108,0.4060
10.499,2.4186,2.4186,0.0588,-5.9680,-5.9680,0.0000,-0.4108,-0.4108,0.4060
10.503,2.3853,2.3853,0.0587,-5.9627,-5.9627,0.0000,-0.3172,-0.3172,0.4059
10.508,2.3425,2.3425,0.0587,-5.9580,-5.9580,0.0000,-0.3172,-0.3172,0.4058
10.515,2.2685,2.2685,0.0587,-5.9407,-5.9407,0.0000,-0.3172,-0.3172,0.4057
10.520,2.2242,2.2242,0.0586,-5.9317,-5.9317,0.0000,-0.3172,-0.3172,0.4056
10.527,2.1438,2.1438,0.0585,-5.9213,-5.9213,0.0000,-0.2134,-0.2134,0.4056
10.532,2.0832,2.0832,0.0583,-5.9114,-5.9114,0.0000,-0.2134,-0.2134,0.4055
10.535,2.0335,2.0335,0.0582,-5.9039,-5.9039,0.0000,-0.2134,-0.2134,0.4055
10.539,1.9894,1.9894,0.0581,-5.8977,-5.8977,0.0000,-0.2134,-0.2134,0.4054
10.542,1.9439,1.9439,0.0580,-5.8916,-5.8916,0.0000,-0.2134,-0.2134,0.4054
10.546,1.8819,1.8819,0.0579,-5.8882,-5.8882,0.0000,-0.1006,-0.1006,0.4054
10.551,1.8154,1.8154,0.0578,-5.8804,-5.8804,0.0000,-0.1006,-0.1006,0.4053
10.554,1.7620,1.7620,0.0577,-5.8745,-5.8745,0.0000,-0.1006,-0.1006,0.4053
10.557,1.7103,1.7103,0.0575,-5.8633,-5.8633,0.0000,-0.1006,-0.1006,0.4053
10.561,1.6507,1.6507,0.0574,-5.8575,-5.8575,0.0000,-0.1006,-0.1006,0.4053
10.564,1.5926,1.5926,0.0572,-5.8566,-5.8566,0.0000,0.0059,0.0059,0.4053
10.569,1.5132,1.5132,0.0571,-5.8496,-5.8496,0.0000,0.0059,0.0059,0.4053
10.572,1.4533,1.4533,0.0569,-5.8446,-5.8446,0.0000,0.0059,0.0059,0.4053
10.576,1.3864,1.3864,0.0567,-5.8392,-5.8392,0.0000,0.0059,0.0059,0.4053
10.580,1.3104,1.3104,0.0565,-5.8335,-5.8335,0.0000,0.0059,0.0059,0.4053
10.583,1.2334,1.2334,0.0562,-5.8324,-5.8324,0.0000,0.1193,0.1193,0.4053
10.588,1.1533,1.1533,0.0560,-5.8197,-5.8197,0.0000,0.1193,0.1193,0.4053
10.591,1.0898,1.0898,0.0557,-5.8154,-5.8154,0.0000,0.1193,0.1193,0.4054
10.594,1.0253,1.0253,0.0555,-5.8110,-5.8110,0.0000,0.1193,0.1193,0.4054
10.598,0.9651,0.9651,0.0552,-5.8069,-5.8069,0.0000,0.1193,0.1193,0.4054
10.601,0.8971,0.8971,0.0550,-5.7958,-5.7958,0.0000,0.1193,0.1193,0.4055
10.605,0.8339,0.8339,0.0547,-5.7903,-5.7903,0.0000,0.2230,0.2230,0.4055
10.610,0.7468,0.7468,0.0544,-5.7761,-5.7761,0.0000,0.2230,0.2230,0.4055
10.617,0.6253,0.6253,0.0540,-5.7566,-5.7566,0.0000,0.2230,0.2230,0.4056
10.622,0.5531,0.5531,0.0533,-5.7450,-5.7450,0.0000,0.2230,0.2230,0.4057
10.625,0.4980,0.4980,0.0529,-5.7409,-5.7409,0.0000,0.3296,0.3296,0.4057
10.629,0.4398,0.4398,0.0526,-5.7316,-5.7316,0.0000,0.3296,0.3296,0.4058
10.633,0.3869,0.3869,0.0522,-5.7208,-5.7208,0.0000,0.3296,0.3296,0.4059
10.637,0.3278,0.3278,0.0518,-5.7088,-5.7088,0.0000,0.3296,0.3296,0.4059
10.640,0.2751,0.2751,0.0514,-5.6981,-5.6981,0.0000,0.3296,0.3296,0.4060
10.653,0.1000,0.1000,0.0510,-5.6614,-5.6614,0.0000,0.4410,0.4410,0.4060
10.659,0.0187,0.0187,0.0496,-5.6423,-5.6423,0.0000,0.4410,0.4410,0.4063
10.664,-0.0387,-0.0387,0.0488,-5.6317,-5.6317,0.0000,0.5568,0.5568,0.4065
10.669,-0.1005,-0.1005,0.0483,-5.6163,-5.6163,0.0000,0.5568,0.5568,0.4066
10.674,-0.1568,-0.1568,0.0477,-5.6005,-5.6005,0.0000,0.5568,0.5568,0.4067
10.682,-0.2507,-0.2507,0.0471,-5.5702,-5.5702,0.0000,0.5568,0.5568,0.4069
10.689,-0.3221,-0.3221,0.0460,-5.5493,-5.5493,0.0000,0.6835,0.6835,0.4071
10.693,-0.3700,-0.3700,0.0452,-5.5316,-5.5316,0.0000,0.6835,0.6835,0.4073
10.697,-0.4052,-0.4052,0.0445,-5.5182,-5.5182,0.0000,0.6835,0.6835,0.4075
10.701,-0.4423,-0.4423,0.0441,-5.5036,-5.5036,0.0000,0.6835,0.6835,0.4076
10.704,-0.4755,-0.4755,0.0436,-5.4951,-5.4951,0.0000,0.8159,0.8159,0.4077
10.708,-0.5116,-0.5116,0.0431,-5.4798,-5.4798,0.0000,0.8159,0.8159,0.4079
10.712,-0.5511,-0.5511,0.0426,-5.4621,-5.4621,0.0000,0.8159,0.8159,0.4080
10.720,-0.6236,-0.6236,0.0420,-5.4254,-5.4254,0.0000,0.8159,0.8159,0.4082
10.724,-0.6577,-0.6577,0.0409,-5.4123,-5.4123,0.0000,0.9507,0.9507,0.4085
10.728,-0.6907,-0.6907,0.0403,-5.3937,-5.3937,0.0000,0.9507,0.9507,0.4087
10.732,-0.7223,-0.7223,0.0397,-5.3750,-5.3750,0.0000,0.9507,0.9507,0.4089
10.736,-0.7525,-0.7525,0.0392,-5.3558,-5.3558,0.0000,0.9507,0.9507,0.4090
10.740,-0.7832,-0.7832,0.0386,-5.3352,-5.3352,0.0000,0.9507,0.9507,0.4092
10.744,-0.8106,-0.8106,0.0380,-5.3212,-5.3212,0.0000,1.0870,1.0870,0.4094
10.749,-0.8482,-0.8482,0.0375,-5.2934,-5.2934,0.0000,1.0870,1.0870,0.4096
10.753,-0.8773,-0.8773,0.0367,-5.2709,-5.2709,0.0000,1.0870,1.0870,0.4098
10.756,-0.9024,-0.9024,0.0361,-5.2508,-5.2508,0.0000,1.0870,1.0870,0.4100
10.759,-0.9246,-0.9246,0.0356,-5.2323,-5.2323,0.0000,1.0870,1.0870,0.4102
10.763,-0.9471,-0.9471,0.0351,-5.2166,-5.2166,0.0000,1.2083,1.2083,0.4104
10.767,-0.9761,-0.9761,0.0346,-5.1884,-5.1884,0.0000,1.2083,1.2083,0.4106
10.771,-1.0001,-1.0001,0.0339,-5.1635,-5.1635,0.0000,1.2083,1.2083,0.4108
10.775,-1.0213,-1.0213,0.0334,-5.1401,-5.1401,0.0000,1.2083,1.2083,0.4110
10.779,-1.0477,-1.0477,0.0329,-5.1085,-5.1085,0.0000,1.2083,1.2083,0.4112
10.783,-1.0717,-1.0717,0.0322,-5.0811,-5.0811,0.0000,1.3230,1.3230,0.4115
10.788,-1.0977,-1.0977,0.0315,-5.0453,-5.0453,0.0000,1.3230,1.3230,0.4117
10.791,-1.1163,-1.1163,0.0309,-5.0186,-5.0186,0.0000,1.3230,1.3230,0.4120
10.794,-1.1356,-1.1356,0.0304,-4.9895,-4.9895,0.0000,1.3230,1.3230,0.4122
10.798,-1.1539,-1.1539,0.0298,-4.9609,-4.9609,0.0000,1.3230,1.3230,0.4124
10.802,-1.1746,-1.1746,0.0293,-4.9267,-4.9267,0.0000,1.3230,1.3230,0.4126
10.805,-1.1914,-1.1914,0.0287,-4.8986,-4.8986,0.0000,1.4297,1.4297,0.4128
10.810,-1.2175,-1.2175,0.0281,-4.8461,-4.8461,0.0000,1.4297,1.4297,0.4131
10.814,-1.2347,-1.2347,0.0273,-4.8083,-4.8083,0.0000,1.4297,1.4297,0.4134
10.819,-1.2610,-1.2610,0.0268,-4.7436,-4.7436,0.0000,1.4297,1.4297,0.4136
10.827,-1.2951,-1.2951,0.0259,-4.6433,-4.6433,0.0000,1.5308,1.5308,0.4140
10.835,-1.3328,-1.3328,0.0247,-4.5176,-4.5176,0.0000,1.5308,1.5308,0.4145
10.840,-1.3515,-1.3515,0.0234,-4.4502,-4.4502,0.0000,1.5308,1.5308,0.4151
10.845,-1.3692,-1.3692,0.0227,-4.3724,-4.3724,0.0000,1.6278,1.6278,0.4154
10.849,-1.3882,-1.3882,0.0219,-4.2818,-4.2818,0.0000,1.6278,1.6278,0.4157
10.853,-1.4024,-1.4024,0.0212,-4.2070,-4.2070,0.0000,1.6278,1.6278,0.4160
10.857,-1.4155,-1.4155,0.0206,-4.1302,-4.1302,0.0000,1.6278,1.6278,0.4163
10.860,-1.4288,-1.4288,0.0201,-4.0447,-4.0447,0.0000,1.6278,1.6278,0.4166
10.863,-1.4380,-1.4380,0.0195,-3.9677,-3.9677,0.0000,1.7364,1.7364,0.4168
10.868,-1.4535,-1.4535,0.0190,-3.8468,-3.8468,0.0000,1.7364,1.7364,0.4170
10.872,-1.4683,-1.4683,0.0183,-3.7253,-3.7253,0.0000,1.7364,1.7364,0.4174
10.875,-1.4802,-1.4802,0.0176,-3.6443,-3.6443,0.0000,1.7364,1.7364,0.4177
10.879,-1.4909,-1.4909,0.0171,-3.5847,-3.5847,0.0000,1.7364,1.7364,0.4180
10.882,-1.5027,-1.5027,0.0166,-3.5375,-3.5375,0.0000,1.7364,1.7364,0.4182
10.886,-1.5124,-1.5124,0.0160,-3.5146,-3.5146,0.0000,1.8417,1.8417,0.4185
10.891,-1.5265,-1.5265,0.0154,-3.5147,-3.5147,0.0000,1.8417,1.8417,0.4188
10.894,-1.5375,-1.5375,0.0147,-3.5362,-3.5362,0.0000,1.8417,1.8417,0.4191
10.898,-1.5475,-1.5475,0.0141,-3.5750,-3.5750,0.0000,1.8417,1.8417,0.4194
10.902,-1.5587,-1.5587,0.0136,-3.6238,-3.6238,0.0000,1.8417,1.8417,0.4197
10.905,-1.5654,-1.5654,0.0129,-3.6688,-3.6688,0.0000,1.9370,1.9370,0.4200
10.909,-1.5756,-1.5756,0.0124,-3.7135,-3.7135,0.0000,1.9370,1.9370,0.4203
10.912,-1.5842,-1.5842,0.0118,-3.7509,-3.7509,0.0000,1.9370,1.9370,0.4206
10.915,-1.5929,-1.5929,0.0113,-3.7886,-3.7886,0.0000,1.9370,1.9370,0.4208
10.920,-1.6066,-1.6066,0.0108,-3.8482,-3.8482,0.0000,1.9370,1.9370,0.4211
10.924,-1.6125,-1.6125,0.0100,-3.8909,-3.8909,0.0000,2.0379,2.0379,0.4215
10.929,-1.6242,-1.6242,0.0095,-3.9417,-3.9417,0.0000,2.0379,2.0379,0.4218
10.937,-1.6438,-1.6438,0.0087,-4.0272,-4.0272,0.0000,2.0379,2.0379,0.4222
10.940,-1.6517,-1.6517,0.0074,-4.0612,-4.0612,0.0000,2.0379,2.0379,0.4229
10.943,-1.6558,-1.6558,0.0069,-4.0976,-4.0976,0.0000,2.1484,2.1484,0.4232
10.947,-1.6639,-1.6639,0.0064,-4.1329,-4.1329,0.0000,2.1484,2.1484,0.4235
10.951,-1.6732,-1.6732,0.0058,-4.1732,-4.1732,0.0000,2.1484,2.1484,0.4238
10.955,-1.6807,-1.6807,0.0052,-4.2060,-4.2060,0.0000,2.1484,2.1484,0.4242
10.958,-1.6874,-1.6874,0.0046,-4.2351,-4.2351,0.0000,2.1484,2.1484,0.4245
10.962,-1.6939,-1.6939,0.0041,-4.2631,-4.2631,0.0000,2.1484,2.1484,0.4248
10.965,-1.6980,-1.6980,0.0036,-4.3003,-4.3003,0.0000,2.2565,2.2565,0.4251
10.970,-1.7069,-1.7069,0.0030,-4.3388,-4.3388,0.0000,2.2565,2.2565,0.4255
10.973,-1.7135,-1.7135,0.0023,-4.3676,-4.3676,0.0000,2.2565,2.2565,0.4259
10.977,-1.7198,-1.7198,0.0018,-4.3950,-4.3950,0.0000,2.2565,2.2565,0.4262
10.983,-1.7279,-1.7279,0.0012,-4.4494,-4.4494,0.0000,2.3500,2.3500,0.4265
10.991,-1.7420,-1.7420,0.0003,-4.5106,-4.5106,0.0000,2.3500,2.3500,0.4271
10.995,-1.7478,-1.7478,-0.0010,-4.5357,-4.5357,0.0000,2.3500,2.3500,0.4279
10.998,-1.7530,-1.7530,-0.0015,-4.5583,-4.5583,0.0000,2.3500,2.3500,0.4283
11.002,-1.7588,-1.7588,-0.0020,-4.5838,-4.5838,0.0000,2.3500,2.3500,0.4286
11.005,-1.7606,-1.7606,-0.0026,-4.6102,-4.6102,0.0000,2.4308,2.4308,0.4289
11.009,-1.7663,-1.7663,-0.0031,-4.6349,-4.6349,0.0000,2.4308,2.4308,0.4292
11.013,-1.7725,-1.7725,-0.0036,-4.6620,-4.6620,0.0000,2.4308,2.4308,0.4296
11.017,-1.7781,-1.7781,-0.0043,-4.6861,-4.6861,0.0000,2.4308,2.4308,0.4300
11.020,-1.7828,-1.7828,-0.0049,-4.7068,-4.7068,0.0000,2.4308,2.4308,0.4304
11.024,-1.7842,-1.7842,-0.0054,-4.7303,-4.7303,0.0000,2.4938,2.4938,0.4307
11.027,-1.7893,-1.7893,-0.0058,-4.7525,-4.7525,0.0000,2.4938,2.4938,0.4310
11.031,-1.7934,-1.7934,-0.0064,-4.7705,-4.7705,0.0000,2.4938,2.4938,0.4314
11.035,-1.7997,-1.7997,-0.0069,-4.7976,-4.7976,0.0000,2.4938,2.4938,0.4317
11.044,-1.8144,-1.8144,-0.0076,-4.8415,-4.8415,0.0000,2.1671,2.1671,0.4322
11.049,-1.8201,-1.8201,-0.0088,-4.8665,-4.8665,0.0000,2.1671,2.1671,0.4329
11.053,-1.8247,-1.8247,-0.0096,-4.8864,-4.8864,0.0000,2.1671,2.1671,0.4333
11.056,-1.8287,-1.8287,-0.0101,-4.9038,-4.9038,0.0000,2.1671,2.1671,0.4336
11.060,-1.8324,-1.8324,-0.0106,-4.9201,-4.9201,0.0000,2.1671,2.1671,0.4339
11.063,-1.8351,-1.8351,-0.0111,-4.9381,-4.9381,0.0000,2.1006,2.1006,0.4341
11.067,-1.8395,-1.8395,-0.0116,-4.9571,-4.9571,0.0000,2.1006,2.1006,0.4344
11.071,-1.8431,-1.8431,-0.0122,-4.9730,-4.9730,0.0000,2.1006,2.1006,0.4347
11.075,-1.8473,-1.8473,-0.0127,-4.9910,-4.9910,0.0000,2.1006,2.1006,0.4350
11.078,-1.8507,-1.8507,-0.0133,-5.0058,-5.0058,0.0000,2.1006,2.1006,0.4353
11.081,-1.8538,-1.8538,-0.0138,-5.0192,-5.0192,0.0000,2.1006,2.1006,0.4355
11.085,-1.8652,-1.8652,-0.0143,-5.0294,-5.0294,0.0000,1.6657,1.6657,0.4358
11.089,-1.8687,-1.8687,-0.0148,-5.0448,-5.0448,0.0000,1.6657,1.6657,0.4359
11.092,-1.8717,-1.8717,-0.0154,-5.0578,-5.0578,0.0000,1.6657,1.6657,0.4361
11.095,-1.8746,-1.8746,-0.0158,-5.0702,-5.0702,0.0000,1.6657,1.6657,0.4363
11.099,-1.8775,-1.8775,-0.0163,-5.0831,-5.0831,0.0000,1.6657,1.6657,0.4365
11.103,-1.8760,-1.8760,-0.0168,-5.1027,-5.1027,0.0000,1.7491,1.7491,0.4367
11.108,-1.8809,-1.8809,-0.0173,-5.1240,-5.1240,0.0000,1.7491,1.7491,0.4369
11.112,-1.8839,-1.8839,-0.0181,-5.1373,-5.1373,0.0000,1.7491,1.7491,0.4372
11.116,-1.8867,-1.8867,-0.0186,-5.1494,-5.1494,0.0000,1.7491,1.7491,0.4374
11.120,-1.8895,-1.8895,-0.0191,-5.1618,-5.1618,0.0000,1.7491,1.7491,0.4376
11.123,-1.8939,-1.8939,-0.0197,-5.1735,-5.1735,0.0000,1.5966,1.5966,0.4378
11.127,-1.8967,-1.8967,-0.0201,-5.1857,-5.1857,0.0000,1.5966,1.5966,0.4380
11.130,-1.8991,-1.8991,-0.0207,-5.1959,-5.1959,0.0000,1.5966,1.5966,0.4381
11.135,-1.9024,-1.9024,-0.0211,-5.2104,-5.2104,0.0000,1.5966,1.5966,0.4383
11.145,-1.9074,-1.9074,-0.0218,-5.2455,-5.2455,0.0000,1.5859,1.5859,0.4385
11.155,-1.9138,-1.9138,-0.0232,-5.2734,-5.2734,0.0000,1.5859,1.5859,0.4390
11.159,-1.9160,-1.9160,-0.0246,-5.2829,-5.2829,0.0000,1.5859,1.5859,0.4394
11.162,-1.9181,-1.9181,-0.0251,-5.2921,-5.2921,0.0000,1.5859,1.5859,0.4396
11.167,-1.9266,-1.9266,-0.0255,-5.3012,-5.3012,0.0000,1.3313,1.3313,0.4397
11.174,-1.9304,-1.9304,-0.0261,-5.3178,-5.3178,0.0000,1.3313,1.3313,0.4399
11.178,-1.9326,-1.9326,-0.0270,-5.3274,-5.3274,0.0000,1.3313,1.3313,0.4401
11.182,-1.9346,-1.9346,-0.0276,-5.3360,-5.3360,0.0000,1.3313,1.3313,0.4402
11.186,-1.9384,-1.9384,-0.0281,-5.3475,-5.3475,0.0000,1.2132,1.2132,0.4403
11.191,-1.9407,-1.9407,-0.0287,-5.3574,-5.3574,0.0000,1.2132,1.2132,0.4405
11.195,-1.9427,-1.9427,-0.0293,-5.3661,-5.3661,0.0000,1.2132,1.2132,0.4406
11.199,-1.9447,-1.9447,-0.0298,-5.3748,-5.3748,0.0000,1.2132,1.2132,0.4407
11.203,-1.9372,-1.9372,-0.0304,-5.3931,-5.3931,0.0000,1.3842,1.3842,0.4408
11.208,-1.9393,-1.9393,-0.0309,-5.4020,-5.4020,0.0000,1.3842,1.3842,0.4409
11.212,-1.9414,-1.9414,-0.0315,-5.4112,-5.4112,0.0000,1.3842,1.3842,0.4411
11.218,-1.9440,-1.9440,-0.0321,-5.4225,-5.4225,0.0000,1.3842,1.3842,0.4412
11.223,-1.9524,-1.9524,-0.0329,-5.4284,-5.4284,0.0000,1.1617,1.1617,0.4414
11.227,-1.9540,-1.9540,-0.0335,-5.4354,-5.4354,0.0000,1.1617,1.1617,0.4415
11.232,-1.9560,-1.9560,-0.0340,-5.4444,-5.4444,0.0000,1.1617,1.1617,0.4416
11.237,-1.9579,-1.9579,-0.0346,-5.4524,-5.4524,0.0000,1.1617,1.1617,0.4417
11.241,-1.9592,-1.9592,-0.0353,-5.4581,-5.4581,0.0000,1.1617,1.1617,0.4418
11.245,-1.9617,-1.9617,-0.0357,-5.4676,-5.4676,0.0000,1.0801,1.0801,0.4419
11.250,-1.9637,-1.9637,-0.0362,-5.4764,-5.4764,0.0000,1.0801,1.0801,0.4420
11.257,-1.9659,-1.9659,-0.0369,-5.4858,-5.4858,0.0000,1.0801,1.0801,0.4421
11.265,-1.9748,-1.9748,-0.0377,-5.4958,-5.4958,0.0000,0.8737,0.8737,0.4422
11.272,-1.9768,-1.9768,-0.0387,-5.5046,-5.5046,0.0000,0.8737,0.8737,0.4422
11.276,-1.9781,-1.9781,-0.0395,-5.5103,-5.5103,0.0000,0.8737,0.8737,0.4422
11.282,-1.9798,-1.9798,-0.0401,-5.5175,-5.5175,0.0000,0.8737,0.8737,0.4423
11.288,-1.9766,-1.9766,-0.0408,-5.5379,-5.5379,0.0000,0.9472,0.9472,0.4423
11.297,-1.9791,-1.9791,-0.0415,-5.5487,-5.5487,0.0000,0.9472,0.9472,0.4424
11.303,-1.9810,-1.9810,-0.0427,-5.5617,-5.5617,0.0000,0.8904,0.8904,0.4425
11.307,-1.9822,-1.9822,-0.0433,-5.5665,-5.5665,0.0000,0.8904,0.8904,0.4425
11.312,-1.9832,-1.9832,-0.0439,-5.5711,-5.5711,0.0000,0.8904,0.8904,0.4425
11.316,-1.9841,-1.9841,-0.0444,-5.5749,-5.5749,0.0000,0.8904,0.8904,0.4426
11.320,-1.9850,-1.9850,-0.0448,-5.5790,-5.5790,0.0000,0.8904,0.8904,0.4426
11.323,-1.9808,-1.9808,-0.0453,-5.6015,-5.6015,0.0000,0.9832,0.9832,0.4426
11.327,-1.9817,-1.9817,-0.0457,-5.6056,-5.6056,0.0000,0.9832,0.9832,0.4426
11.331,-1.9825,-1.9825,-0.0462,-5.6089,-5.6089,0.0000,0.9832,0.9832,0.4427
11.335,-1.9833,-1.9833,-0.0466,-5.6124,-5.6124,0.0000,0.9832,0.9832,0.4427
11.338,-1.9840,-1.9840,-0.0470,-5.6154,-5.6154,0.0000,0.9832,0.9832,0.4428
11.343,-1.9910,-1.9910,-0.0474,-5.6147,-5.6147,0.0000,0.7864,0.7864,0.4428
11.347,-1.9918,-1.9918,-0.0480,-5.6182,-5.6182,0.0000,0.7864,0.7864,0.4428
11.351,-1.9925,-1.9925,-0.0485,-5.6215,-5.6215,0.0000,0.7864,0.7864,0.4428
11.355,-1.9932,-1.9932,-0.0489,-5.6244,-5.6244,0.0000,0.7864,0.7864,0.4428
11.358,-1.9938,-1.9938,-0.0493,-5.6272,-5.6272,0.0000,0.7864,0.7864,0.4428
11.362,-1.9944,-1.9944,-0.0497,-5.6297,-5.6297,0.0000,0.7864,0.7864,0.4428
11.366,-1.9953,-1.9953,-0.0501,-5.6427,-5.6427,0.0000,0.7511,0.7511,0.4428
11.375,-1.9967,-1.9967,-0.0506,-5.6490,-5.6490,0.0000,0.7511,0.7511,0.4428
11.379,-1.9973,-1.9973,-0.0516,-5.6515,-5.6515,0.0000,0.7511,0.7511,0.4428
11.382,-1.9978,-1.9978,-0.0520,-5.6538,-5.6538,0.0000,0.7511,0.7511,0.4428
11.386,-1.9985,-1.9985,-0.0524,-5.6654,-5.6654,0.0000,0.7139,0.7139,0.4428
11.390,-1.9992,-1.9992,-0.0528,-5.6682,-5.6682,0.0000,0.7139,0.7139,0.4428
11.393,-1.9996,-1.9996,-0.0533,-5.6702,-5.6702,0.0000,0.7139,0.7139,0.4428
11.397,-2.0001,-2.0001,-0.0536,-5.6722,-5.6722,0.0000,0.7139,0.7139,0.4428
11.401,-2.0007,-2.0007,-0.0540,-5.6748,-5.6748,0.0000,0.7139,0.7139,0.4428
11.405,-2.0114,-2.0114,-0.0544,-5.6543,-5.6543,0.0000,0.3700,0.3700,0.4428
11.409,-2.0119,-2.0119,-0.0549,-5.6567,-5.6567,0.0000,0.3700,0.3700,0.4427
11.413,-2.0123,-2.0123,-0.0553,-5.6586,-5.6586,0.0000,0.3700,0.3700,0.4426
11.417,-2.0129,-2.0129,-0.0557,-5.6608,-5.6608,0.0000,0.3700,0.3700,0.4426
11.421,-2.0133,-2.0133,-0.0561,-5.6629,-5.6629,0.0000,0.3700,0.3700,0.4425
11.425,-2.0087,-2.0087,-0.0566,-5.6908,-5.6908,0.0000,0.4872,0.4872,0.4424
11.430,-2.0094,-2.0094,-0.0570,-5.6936,-5.6936,0.0000,0.4872,0.4872,0.4423
11.436,-2.0100,-2.0100,-0.0576,-5.6962,-5.6962,0.0000,0.4872,0.4872,0.4423
11.442,-2.0106,-2.0106,-0.0581,-5.6990,-5.6990,0.0000,0.4872,0.4872,0.4422
11.450,-2.0208,-2.0208,-0.0587,-5.6793,-5.6793,0.0000,0.1551,0.1551,0.4421
11.454,-2.0213,-2.0213,-0.0596,-5.6811,-5.6811,0.0000,0.1551,0.1551,0.4419
11.458,-2.0216,-2.0216,-0.0601,-5.6825,-5.6825,0.0000,0.1551,0.1551,0.4418
11.461,-2.0219,-2.0219,-0.0604,-5.6838,-5.6838,0.0000,0.1551,0.1551,0.4417
11.465,-2.0164,-2.0164,-0.0607,-5.7140,-5.7140,0.0000,0.2969,0.2969,0.4416
11.470,-2.0168,-2.0168,-0.0612,-5.7160,-5.7160,0.0000,0.2969,0.2969,0.4415
11.475,-2.0172,-2.0172,-0.0617,-5.7178,-5.7178,0.0000,0.2969,0.2969,0.4414
11.482,-2.0178,-2.0178,-0.0622,-5.7204,-5.7204,0.0000,0.2969,0.2969,0.4413
11.486,-2.0170,-2.0170,-0.0629,-5.7327,-5.7327,0.0000,0.2952,0.2952,0.4411
11.490,-2.0173,-2.0173,-0.0633,-5.7341,-5.7341,0.0000,0.2952,0.2952,0.4410
11.493,-2.0176,-2.0176,-0.0637,-5.7352,-5.7352,0.0000,0.2952,0.2952,0.4409
11.497,-2.0179,-2.0179,-0.0640,-5.7364,-5.7364,0.0000,0.2952,0.2952,0.4409
11.501,-2.0182,-2.0182,-0.0643,-5.7377,-5.7377,0.0000,0.2952,0.2952,0.4408
11.504,-2.0175,-2.0175,-0.0647,-5.7474,-5.7474,0.0000,0.2871,0.2871,0.4407
11.508,-2.0178,-2.0178,-0.0651,-5.7486,-5.7486,0.0000,0.2871,0.2871,0.4406
11.512,-2.0181,-2.0181,-0.0654,-5.7499,-5.7499,0.0000,0.2871,0.2871,0.4405
11.516,-2.0184,-2.0184,-0.0658,-5.7511,-5.7511,0.0000,0.2871,0.2871,0.4405
11.520,-2.0186,-2.0186,-0.0662,-5.7521,-5.7521,0.0000,0.2871,0.2871,0.4404
11.523,-2.0225,-2.0225,-0.0666,-5.7471,-5.7471,0.0000,0.1349,0.1349,0.4403
11.527,-2.0227,-2.0227,-0.0669,-5.7482,-5.7482,0.0000,0.1349,0.1349,0.4402
11.531,-2.0229,-2.0229,-0.0673,-5.7491,-5.7491,0.0000,0.1349,0.1349,0.4401
11.535,-2.0232,-2.0232,-0.0676,-5.7503,-5.7503,0.0000,0.1349,0.1349,0.4400
11.538,-2.0234,-2.0234,-0.0680,-5.7512,-5.7512,0.0000,0.1349,0.1349,0.4399
11.542,-2.0236,-2.0236,-0.0683,-5.7522,-5.7522,0.0000,0.1349,0.1349,0.4398
11.546,-2.0226,-2.0226,-0.0687,-5.7591,-5.7591,0.0000,0.1366,0.1366,0.4397
11.551,-2.0228,-2.0228,-0.0691,-5.7602,-5.7602,0.0000,0.1366,0.1366,0.4396
11.554,-2.0230,-2.0230,-0.0695,-5.7610,-5.7610,0.0000,0.1366,0.1366,0.4394
11.558,-2.0232,-2.0232,-0.0698,-5.7618,-5.7618,0.0000,0.1366,0.1366,0.4393
11.561,-2.0234,-2.0234,-0.0701,-5.7626,-5.7626,0.0000,0.1366,0.1366,0.4392
11.564,-2.0267,-2.0267,-0.0705,-5.7574,-5.7574,0.0000,-0.0156,-0.0156,0.4391
11.569,-2.0270,-2.0270,-0.0708,-5.7585,-5.7585,0.0000,-0.0156,-0.0156,0.4390
11.573,-2.0272,-2.0272,-0.0712,-5.7594,-5.7594,0.0000,-0.0156,-0.0156,0.4389
11.578,-2.0274,-2.0274,-0.0716,-5.7603,-5.7603,0.0000,-0.0156,-0.0156,0.4387
11.586,-2.0253,-2.0253,-0.0720,-5.7662,-5.7662,0.0000,0.0246,0.0246,0.4386
11.592,-2.0256,-2.0256,-0.0727,-5.7674,-5.7674,0.0000,0.0246,0.0246,0.4383
11.601,-2.0260,-2.0260,-0.0733,-5.7690,-5.7690,0.0000,0.0246,0.0246,0.4381
11.607,-2.0277,-2.0277,-0.0741,-5.7666,-5.7666,0.0000,-0.0797,-0.0797,0.4378
11.612,-2.0279,-2.0279,-0.0746,-5.7674,-5.7674,0.0000,-0.0797,-0.0797,0.4376
11.616,-2.0280,-2.0280,-0.0750,-5.7680,-5.7680,0.0000,-0.0797,-0.0797,0.4374
11.620,-2.0282,-2.0282,-0.0753,-5.7687,-5.7687,0.0000,-0.0797,-0.0797,0.4373
11.624,-2.0249,-2.0249,-0.0757,-5.7723,-5.7723,0.0000,-0.0069,-0.0069,0.4371
11.628,-2.0251,-2.0251,-0.0761,-5.7729,-5.7729,0.0000,-0.0069,-0.0069,0.4370
11.631,-2.0252,-2.0252,-0.0764,-5.7734,-5.7734,0.0000,-0.0069,-0.0069,0.4369
11.636,-2.0253,-2.0253,-0.0767,-5.7741,-5.7741,0.0000,-0.0069,-0.0069,0.4368
11.640,-2.0255,-2.0255,-0.0771,-5.7746,-5.7746,0.0000,-0.0069,-0.0069,0.4366
11.643,-2.0180,-2.0180,-0.0774,-5.7803,-5.7803,0.0000,0.2076,0.2076,0.4365
11.647,-2.0181,-2.0181,-0.0777,-5.7808,-5.7808,0.0000,0.2076,0.2076,0.4364
11.652,-2.0182,-2.0182,-0.0780,-5.7814,-5.7814,0.0000,0.2076,0.2076,0.4363
11.655,-2.0183,-2.0183,-0.0784,-5.7819,-5.7819,0.0000,0.2076,0.2076,0.4362
11.659,-2.0184,-2.0184,-0.0787,-5.7823,-5.7823,0.0000,0.2076,0.2076,0.4362
11.662,-2.0185,-2.0185,-0.0790,-5.7827,-5.7827,0.0000,0.2076,0.2076,0.4361
11.667,-2.0162,-2.0162,-0.0793,-5.7822,-5.7822,0.0000,0.2512,0.2512,0.4360
11.672,-2.0164,-2.0164,-0.0797,-5.7828,-5.7828,0.0000,0.2512,0.2512,0.4359
11.675,-2.0165,-2.0165,-0.0801,-5.7831,-5.7831,0.0000,0.2512,0.2512,0.4358
11.680,-2.0166,-2.0166,-0.0804,-5.7836,-5.7836,0.0000,0.2512,0.2512,0.4358
11.688,-2.0213,-2.0213,-0.0807,-5.7795,-5.7795,0.0000,0.1021,0.1021,0.4357
11.692,-2.0214,-2.0214,-0.0814,-5.7799,-5.7799,0.0000,0.1021,0.1021,0.4355
11.697,-2.0215,-2.0215,-0.0817,-5.7804,-5.7804,0.0000,0.1021,0.1021,0.4354
11.701,-2.0216,-2.0216,-0.0821,-5.7808,-5.7808,0.0000,0.1021,0.1021,0.4353
11.704,-2.0266,-2.0266,-0.0824,-5.7765,-5.7765,0.0000,-0.0452,-0.0452,0.4352
11.708,-2.0266,-2.0266,-0.0827,-5.7768,-5.7768,0.0000,-0.0452,-0.0452,0.4351
11.711,-2.0267,-2.0267,-0.0830,-5.7771,-5.7771,0.0000,-0.0452,-0.0452,0.4350
11.715,-2.0268,-2.0268,-0.0832,-5.7774,-5.7774,0.0000,-0.0452,-0.0452,0.4349
11.718,-2.0269,-2.0269,-0.0835,-5.7777,-5.7777,0.0000,-0.0452,-0.0452,0.4348
11.721,-2.0269,-2.0269,-0.0838,-5.7780,-5.7780,0.0000,-0.0452,-0.0452,0.4347
11.725,-2.0253,-2.0253,-0.0840,-5.7769,-5.7769,0.0000,-0.0296,-0.0296,0.4346
11.729,-2.0254,-2.0254,-0.0843,-5.7772,-5.7772,0.0000,-0.0296,-0.0296,0.4345
11.732,-2.0254,-2.0254,-0.0846,-5.7775,-5.7775,0.0000,-0.0296,-0.0296,0.4343
11.736,-2.0255,-2.0255,-0.0849,-5.7777,-5.7777,0.0000,-0.0296,-0.0296,0.4342
11.739,-2.0255,-2.0255,-0.0851,-5.7780,-5.7780,0.0000,-0.0296,-0.0296,0.4341
11.745,-2.0314,-2.0314,-0.0854,-5.7745,-5.7745,0.0000,-0.1712,-0.1712,0.4340
11.754,-2.0315,-2.0315,-0.0859,-5.7751,-5.7751,0.0000,-0.1712,-0.1712,0.4338
11.757,-2.0316,-2.0316,-0.0865,-5.7753,-5.7753,0.0000,-0.1712,-0.1712,0.4335
11.760,-2.0317,-2.0317,-0.0868,-5.7755,-5.7755,0.0000,-0.1712,-0.1712,0.4334
11.764,-2.0300,-2.0300,-0.0870,-5.7769,-5.7769,0.0000,-0.1543,-0.1543,0.4333
11.768,-2.0301,-2.0301,-0.0872,-5.7772,-5.7772,0.0000,-0.1543,-0.1543,0.4331
11.771,-2.0301,-2.0301,-0.0876,-5.7774,-5.7774,0.0000,-0.1543,-0.1543,0.4330
11.775,-2.0302,-2.0302,-0.0878,-5.7776,-5.7776,0.0000,-0.1543,-0.1543,0.4329
11.779,-2.0302,-2.0302,-0.0881,-5.7778,-5.7778,0.0000,-0.1543,-0.1543,0.4327
11.782,-2.0303,-2.0303,-0.0884,-5.7780,-5.7780,0.0000,-0.1543,-0.1543,0.4326
11.786,-2.0355,-2.0355,-0.0886,-5.7755,-5.7755,0.0000,-0.2703,-0.2703,0.4325
11.791,-2.0356,-2.0356,-0.0889,-5.7758,-5.7758,0.0000,-0.2703,-0.2703,0.4323
11.797,-2.0357,-2.0357,-0.0892,-5.7762,-5.7762,0.0000,-0.2703,-0.2703,0.4321
11.802,-2.0357,-2.0357,-0.0897,-5.7764,-5.7764,0.0000,-0.2703,-0.2703,0.4319
11.807,-2.0325,-2.0325,-0.0901,-5.7825,-5.7825,0.0000,-0.2166,-0.2166,0.4317
11.811,-2.0326,-2.0326,-0.0904,-5.7827,-5.7827,0.0000,-0.2166,-0.2166,0.4315
11.814,-2.0326,-2.0326,-0.0907,-5.7829,-5.7829,0.0000,-0.2166,-0.2166,0.4314
11.818,-2.0327,-2.0327,-0.0909,-5.7830,-5.7830,0.0000,-0.2166,-0.2166,0.4313
11.821,-2.0327,-2.0327,-0.0912,-5.7832,-5.7832,0.0000,-0.2166,-0.2166,0.4311
11.824,-2.0222,-2.0222,-0.0914,-5.7986,-5.7986,0.0000,-0.0111,-0.0111,0.4310
11.828,-2.0222,-2.0222,-0.0916,-5.7988,-5.7988,0.0000,-0.0111,-0.0111,0.4309
11.831,-2.0222,-2.0222,-0.0919,-5.7989,-5.7989,0.0000,-0.0111,-0.0111,0.4308
11.836,-2.0223,-2.0223,-0.0921,-5.7991,-5.7991,0.0000,-0.0111,-0.0111,0.4307
11.839,-2.0223,-2.0223,-0.0924,-5.7993,-5.7993,0.0000,-0.0111,-0.0111,0.4306
11.843,-2.0369,-2.0369,-0.0927,-5.7841,-5.7841,0.0000,-0.3072,-0.3072,0.4305
11.846,-2.0369,-2.0369,-0.0929,-5.7842,-5.7842,0.0000,-0.3072,-0.3072,0.4304
11.850,-2.0369,-2.0369,-0.0932,-5.7843,-5.7843,0.0000,-0.3072,-0.3072,0.4303
11.854,-2.0370,-2.0370,-0.0934,-5.7845,-5.7845,0.0000,-0.3072,-0.3072,0.4301
11.857,-2.0370,-2.0370,-0.0937,-5.7846,-5.7846,0.0000,-0.3072,-0.3072,0.4300
11.861,-2.0370,-2.0370,-0.0939,-5.7848,-5.7848,0.0000,-0.3072,-0.3072,0.4298
11.864,-2.0263,-2.0263,-0.0941,-5.8032,-5.8032,0.0000,-0.1008,-0.1008,0.4297
11.871,-2.0264,-2.0264,-0.0944,-5.8034,-5.8034,0.0000,-0.1008,-0.1008,0.4296
11.875,-2.0264,-2.0264,-0.0948,-5.8036,-5.8036,0.0000,-0.1008,-0.1008,0.4294
11.879,-2.0264,-2.0264,-0.0951,-5.8037,-5.8037,0.0000,-0.1008,-0.1008,0.4293
11.882,-2.0265,-2.0265,-0.0953,-5.8038,-5.8038,0.0000,-0.1008,-0.1008,0.4292
11.886,-2.0314,-2.0314,-0.0956,-5.8005,-5.8005,0.0000,-0.2045,-0.2045,0.4291
11.890,-2.0315,-2.0315,-0.0958,-5.8006,-5.8006,0.0000,-0.2045,-0.2045,0.4289
11.896,-2.0315,-2.0315,-0.0961,-5.8008,-5.8008,0.0000,-0.2045,-0.2045,0.4288
11.906,-2.0363,-2.0363,-0.0965,-5.7979,-5.7979,0.0000,-0.3049,-0.3049,0.4286
11.910,-2.0363,-2.0363,-0.0971,-5.7980,-5.7980,0.0000,-0.3049,-0.3049,0.4282
11.914,-2.0364,-2.0364,-0.0974,-5.7981,-5.7981,0.0000,-0.3049,-0.3049,0.4280
11.918,-2.0364,-2.0364,-0.0976,-5.7982,-5.7982,0.0000,-0.3049,-0.3049,0.4279
11.921,-2.0364,-2.0364,-0.0979,-5.7983,-5.7983,0.0000,-0.3049,-0.3049,0.4278
11.924,-2.0412,-2.0412,-0.0981,-5.7952,-5.7952,0.0000,-0.4059,-0.4059,0.4277
11.928,-2.0412,-2.0412,-0.0983,-5.7953,-5.7953,0.0000,-0.4059,-0.4059,0.4275
11.932,-2.0413,-2.0413,-0.0985,-5.7954,-5.7954,0.0000,-0.4059,-0.4059,0.4274
11.936,-2.0413,-2.0413,-0.0988,-5.7955,-5.7955,0.0000,-0.4059,-0.4059,0.4272
11.940,-2.0413,-2.0413,-0.0991,-5.7956,-5.7956,0.0000,-0.4059,-0.4059,0.4270
11.943,-2.0340,-2.0340,-0.0993,-5.8045,-5.8045,0.0000,-0.2893,-0.2893,0.4269
11.947,-2.0340,-2.0340,-0.0995,-5.8046,-5.8046,0.0000,-0.2893,-0.2893,0.4267
11.950,-2.0340,-2.0340,-0.0997,-5.8046,-5.8046,0.0000,-0.2893,-0.2893,0.4266
11.954,-2.0340,-2.0340,-0.0999,-5.8047,-5.8047,0.0000,-0.2893,-0.2893,0.4265
11.957,-2.0340,-2.0340,-0.1001,-5.8048,-5.8048,0.0000,-0.2893,-0.2893,0.4264
11.961,-2.0341,-2.0341,-0.1003,-5.8048,-5.8048,0.0000,-0.2893,-0.2893,0.4263
11.964,-2.0159,-2.0159,-0.1006,-5.8200,-5.8200,0.0000,0.0231,0.0231,0.4261
11.969,-2.0159,-2.0159,-0.1008,-5.8201,-5.8201,0.0000,0.0231,0.0231,0.4261
11.972,-2.0159,-2.0159,-0.1010,-5.8201,-5.8201,0.0000,0.0231,0.0231,0.4260
11.975,-2.0159,-2.0159,-0.1012,-5.8202,-5.8202,0.0000,0.0231,0.0231,0.4259
11.979,-2.0159,-2.0159,-0.1014,-5.8202,-5.8202,0.0000,0.0231,0.0231,0.4258
11.983,-2.0105,-2.0105,-0.1016,-5.8230,-5.8230,0.0000,0.1263,0.1263,0.4258
11.987,-2.0105,-2.0105,-0.1019,-5.8231,-5.8231,0.0000,0.1263,0.1263,0.4257
11.990,-2.0105,-2.0105,-0.1021,-5.8231,-5.8231,0.0000,0.1263,0.1263,0.4256
11.996,-2.0106,-2.0106,-0.1023,-5.8232,-5.8232,0.0000,0.1263,0.1263,0.4256
11.999,-2.0106,-2.0106,-0.1026,-5.8233,-5.8233,0.0000,0.1263,0.1263,0.4255
12.003,-2.0274,-2.0274,-0.1028,-5.8121,-5.8121,0.0000,-0.1759,-0.1759,0.4255
12.010,-2.0274,-2.0274,-0.1030,-5.8122,-5.8122,0.0000,-0.1759,-0.1759,0.4254
12.020,-2.0275,-2.0275,-0.1034,-5.8123,-5.8123,0.0000,-0.1759,-0.1759,0.4252
12.024,-2.0323,-2.0323,-0.1040,-5.8072,-5.8072,0.0000,-0.2724,-0.2724,0.4249
12.029,-2.0323,-2.0323,-0.1042,-5.8072,-5.8072,0.0000,-0.2724,-0.2724,0.4247
12.034,-2.0324,-2.0324,-0.1045,-5.8073,-5.8073,0.0000,-0.2724,-0.2724,0.4246
12.041,-2.0324,-2.0324,-0.1048,-5.8074,-5.8074,0.0000,-0.2724,-0.2724,0.4244
12.048,-2.0284,-2.0284,-0.1052,-5.8042,-5.8042,0.0000,-0.1988,-0.1988,0.4242
12.059,-2.0284,-2.0284,-0.1056,-5.8043,-5.8043,0.0000,-0.1988,-0.1988,0.4240
12.064,-2.0409,-2.0409,-0.1062,-5.7981,-5.7981,0.0000,-0.4778,-0.4778,0.4237
12.072,-2.0409,-2.0409,-0.1065,-5.7982,-5.7982,0.0000,-0.4778,-0.4778,0.4235
12.078,-2.0409,-2.0409,-0.1069,-5.7983,-5.7983,0.0000,-0.4778,-0.4778,0.4232
12.083,-2.0295,-2.0295,-0.1072,-5.7915,-5.7915,0.0000,-0.2339,-0.2339,0.4229
12.090,-2.0295,-2.0295,-0.1075,-5.7916,-5.7916,0.0000,-0.2339,-0.2339,0.4228
12.094,-1.9426,-1.9426,-0.1078,-5.7916,-5.7916,0.0000,-0.2339,-0.2339,0.4226
12.102,-1.8110,-1.8110,-0.1081,-5.7917,-5.7917,0.0000,-0.2339,-0.2339,0.4225
12.107,-1.7335,-1.7335,-0.1084,-5.7884,-5.7884,0.0000,-0.5120,-0.5120,0.4222
12.112,-1.6495,-1.6495,-0.1086,-5.7884,-5.7884,0.0000,-0.5120,-0.5120,0.4220
12.119,-1.5437,-1.5437,-0.1087,-5.7885,-5.7885,0.0000,-0.5120,-0.5120,0.4218
12.138,-1.2306,-1.2306,-0.1089,-5.7751,-5.7751,0.0000,-0.2189,-0.2189,0.4215
12.145,-1.1370,-1.1370,-0.1091,-5.7642,-5.7642,0.0000,-0.1169,-0.1169,0.4210
12.151,-1.0512,-1.0512,-0.1092,-5.7643,-5.7643,0.0000,-0.1169,-0.1169,0.4209
12.156,-0.9955,-0.9955,-0.1092,-5.7643,-5.7643,0.0000,-0.1169,-0.1169,0.4208
12.160,-0.9457,-0.9457,-0.1092,-5.7643,-5.7643,0.0000,-0.1169,-0.1169,0.4207
12.165,-0.8858,-0.8858,-0.1092,-5.7594,-5.7594,0.0000,-0.2094,-0.2094,0.4206
12.170,-0.8277,-0.8277,-0.1092,-5.7594,-5.7594,0.0000,-0.2094,-0.2094,0.4204
12.174,-0.7795,-0.7795,-0.1091,-5.7594,-5.7594,0.0000,-0.2094,-0.2094,0.4203
12.179,-0.7320,-0.7320,-0.1091,-5.7594,-5.7594,0.0000,-0.2094,-0.2094,0.4202
12.183,-0.6925,-0.6925,-0.1090,-5.7550,-5.7550,0.0000,-0.3105,-0.3105,0.4201
12.187,-0.6455,-0.6455,-0.1090,-5.7551,-5.7551,0.0000,-0.3105,-0.3105,0.4200
12.191,-0.6086,-0.6086,-0.1089,-5.7551,-5.7551,0.0000,-0.3105,-0.3105,0.4199
12.196,-0.5547,-0.5547,-0.1088,-5.7551,-5.7551,0.0000,-0.3105,-0.3105,0.4198
12.202,-0.5008,-0.5008,-0.1087,-5.7551,-5.7551,0.0000,-0.3105,-0.3105,0.4196
12.209,-0.4299,-0.4299,-0.1086,-5.7413,-5.7413,0.0000,-0.2477,-0.2477,0.4194
12.213,-0.3947,-0.3947,-0.1084,-5.7413,-5.7413,0.0000,-0.2477,-0.2477,0.4192
12.217,-0.3637,-0.3637,-0.1082,-5.7413,-5.7413,0.0000,-0.2477,-0.2477,0.4191
12.221,-0.3262,-0.3262,-0.1081,-5.7413,-5.7413,0.0000,-0.2477,-0.2477,0.4191
12.229,-0.2651,-0.2651,-0.1080,-5.7503,-5.7503,0.0000,-0.5256,-0.5256,0.4189
12.234,-0.2277,-0.2277,-0.1077,-5.7503,-5.7503,0.0000,-0.5256,-0.5256,0.4187
12.237,-0.2003,-0.2003,-0.1076,-5.7503,-5.7503,0.0000,-0.5256,-0.5256,0.4185
12.240,-0.1755,-0.1755,-0.1074,-5.7503,-5.7503,0.0000,-0.5256,-0.5256,0.4183
12.244,-0.1476,-0.1476,-0.1073,-5.7260,-5.7260,0.0000,-0.3435,-0.3435,0.4182
12.248,-0.1206,-0.1206,-0.1072,-5.7260,-5.7260,0.0000,-0.3435,-0.3435,0.4181
12.251,-0.0955,-0.0955,-0.1070,-5.7260,-5.7260,0.0000,-0.3435,-0.3435,0.4180
12.255,-0.0711,-0.0711,-0.1068,-5.7260,-5.7260,0.0000,-0.3435,-0.3435,0.4179
12.258,-0.0495,-0.0495,-0.1067,-5.7261,-5.7261,0.0000,-0.3435,-0.3435,0.4178
12.261,-0.0287,-0.0287,-0.1065,-5.7261,-5.7261,0.0000,-0.3435,-0.3435,0.4177
12.265,-0.0042,-0.0042,-0.1064,-5.7249,-5.7249,0.0000,-0.4595,-0.4595,0.4176
12.269,0.0221,0.0221,-0.1062,-5.7249,-5.7249,0.0000,-0.4595,-0.4595,0.4175
12.273,0.0467,0.0467,-0.1061,-5.7250,-5.7250,0.0000,-0.4595,-0.4595,0.4173
12.276,0.0669,0.0669,-0.1059,-5.7250,-5.7250,0.0000,-0.4595,-0.4595,0.4172
12.279,0.0856,0.0856,-0.1057,-5.7250,-5.7250,0.0000,-0.4595,-0.4595,0.4171
12.283,0.1071,0.1071,-0.1055,-5.7005,-5.7005,0.0000,-0.2714,-0.2714,0.4170
12.287,0.1299,0.1299,-0.1054,-5.7005,-5.7005,0.0000,-0.2714,-0.2714,0.4169
12.290,0.1481,0.1481,-0.1052,-5.7005,-5.7005,0.0000,-0.2714,-0.2714,0.4168
12.294,0.1663,0.1663,-0.1050,-5.7005,-5.7005,0.0000,-0.2714,-0.2714,0.4167
12.297,0.1829,0.1829,-0.1048,-5.7005,-5.7005,0.0000,-0.2714,-0.2714,0.4166
12.300,0.2017,0.2017,-0.1046,-5.7005,-5.7005,0.0000,-0.2714,-0.2714,0.4166
12.305,0.2271,0.2271,-0.1044,-5.6886,-5.6886,0.0000,-0.2331,-0.2331,0.4165
12.309,0.2466,0.2466,-0.1042,-5.6886,-5.6886,0.0000,-0.2331,-0.2331,0.4164
12.312,0.2625,0.2625,-0.1040,-5.6886,-5.6886,0.0000,-0.2331,-0.2331,0.4163
12.315,0.2781,0.2781,-0.1038,-5.6886,-5.6886,0.0000,-0.2331,-0.2331,0.4162
12.319,0.2951,0.2951,-0.1036,-5.6886,-5.6886,0.0000,-0.2331,-0.2331,0.4161
12.323,0.3180,0.3180,-0.1034,-5.6785,-5.6785,0.0000,-0.2109,-0.2109,0.4161
12.331,0.3512,0.3512,-0.1031,-5.6785,-5.6785,0.0000,-0.2109,-0.2109,0.4160
12.336,0.3719,0.3719,-0.1027,-5.6785,-5.6785,0.0000,-0.2109,-0.2109,0.4158
12.339,0.3865,0.3865,-0.1024,-5.6785,-5.6785,0.0000,-0.2109,-0.2109,0.4157
12.343,0.4068,0.4068,-0.1022,-5.6795,-5.6795,0.0000,-0.3319,-0.3319,0.4157
12.348,0.4276,0.4276,-0.1019,-5.6795,-5.6795,0.0000,-0.3319,-0.3319,0.4156
12.353,0.4454,0.4454,-0.1016,-5.6795,-5.6795,0.0000,-0.3319,-0.3319,0.4154
12.359,0.4676,0.4676,-0.1013,-5.6795,-5.6795,0.0000,-0.3319,-0.3319,0.4153
12.362,0.4791,0.4791,-0.1009,-5.6795,-5.6795,0.0000,-0.3319,-0.3319,0.4152
12.367,0.4909,0.4909,-0.1007,-5.6516,-5.6516,0.0000,-0.0457,-0.0457,0.4151
12.371,0.5053,0.5053,-0.1004,-5.6516,-5.6516,0.0000,-0.0457,-0.0457,0.4150
12.374,0.5163,0.5163,-0.1001,-5.6516,-5.6516,0.0000,-0.0457,-0.0457,0.4150
12.377,0.5267,0.5267,-0.0999,-5.6516,-5.6516,0.0000,-0.0457,-0.0457,0.4150
12.381,0.5373,0.5373,-0.0997,-5.6516,-5.6516,0.0000,-0.0457,-0.0457,0.4149
12.384,0.5556,0.5556,-0.0995,-5.6533,-5.6533,0.0000,-0.1704,-0.1704,0.4149
12.388,0.5672,0.5672,-0.0992,-5.6533,-5.6533,0.0000,-0.1704,-0.1704,0.4148
12.391,0.5767,0.5767,-0.0990,-5.6533,-5.6533,0.0000,-0.1704,-0.1704,0.4148
12.395,0.5860,0.5860,-0.0988,-5.6533,-5.6533,0.0000,-0.1704,-0.1704,0.4147
12.399,0.5977,0.5977,-0.0986,-5.6533,-5.6533,0.0000,-0.1704,-0.1704,0.4147
12.403,0.6108,0.6108,-0.0983,-5.6460,-5.6460,0.0000,-0.1524,-0.1524,0.4146
12.407,0.6213,0.6213,-0.0980,-5.6460,-5.6460,0.0000,-0.1524,-0.1524,0.4145
12.410,0.6297,0.6297,-0.0978,-5.6460,-5.6460,0.0000,-0.1524,-0.1524,0.4145
12.413,0.6382,0.6382,-0.0975,-5.6460,-5.6460,0.0000,-0.1524,-0.1524,0.4144
12.417,0.6475,0.6475,-0.0973,-5.6461,-5.6461,0.0000,-0.1524,-0.1524,0.4144
12.420,0.6561,0.6561,-0.0971,-5.6461,-5.6461,0.0000,-0.1524,-0.1524,0.4143
12.423,0.6662,0.6662,-0.0968,-5.6399,-5.6399,0.0000,-0.1442,-0.1442,0.4143
12.428,0.6781,0.6781,-0.0966,-5.6399,-5.6399,0.0000,-0.1442,-0.1442,0.4142
12.436,0.6970,0.6970,-0.0962,-5.6399,-5.6399,0.0000,-0.1442,-0.1442,0.4141
12.440,0.7049,0.7049,-0.0957,-5.6399,-5.6399,0.0000,-0.1442,-0.1442,0.4140
12.443,0.7140,0.7140,-0.0954,-5.6352,-5.6352,0.0000,-0.1558,-0.1558,0.4140
12.447,0.7220,0.7220,-0.0952,-5.6352,-5.6352,0.0000,-0.1558,-0.1558,0.4139
12.451,0.7295,0.7295,-0.0949,-5.6352,-5.6352,0.0000,-0.1558,-0.1558,0.4139
12.454,0.7362,0.7362,-0.0947,-5.6352,-5.6352,0.0000,-0.1558,-0.1558,0.4138
12.457,0.7427,0.7427,-0.0944,-5.6352,-5.6352,0.0000,-0.1558,-0.1558,0.4138
12.461,0.7506,0.7506,-0.0942,-5.6352,-5.6352,0.0000,-0.1558,-0.1558,0.4137
12.465,0.7584,0.7584,-0.0939,-5.6302,-5.6302,0.0000,-0.1555,-0.1555,0.4136
12.469,0.7663,0.7663,-0.0937,-5.6302,-5.6302,0.0000,-0.1555,-0.1555,0.4136
12.472,0.7722,0.7722,-0.0934,-5.6302,-5.6302,0.0000,-0.1555,-0.1555,0.4135
12.476,0.7780,0.7780,-0.0931,-5.6302,-5.6302,0.0000,-0.1555,-0.1555,0.4135
12.479,0.7836,0.7836,-0.0929,-5.6302,-5.6302,0.0000,-0.1555,-0.1555,0.4134
12.482,0.7894,0.7894,-0.0927,-5.6302,-5.6302,0.0000,-0.1555,-0.1555,0.4134
12.486,0.7959,0.7959,-0.0924,-5.6259,-5.6259,0.0000,-0.1609,-0.1609,0.4133
12.490,0.8024,0.8024,-0.0922,-5.6259,-5.6259,0.0000,-0.1609,-0.1609,0.4133
12.494,0.8089,0.8089,-0.0919,-5.6259,-5.6259,0.0000,-0.1609,-0.1609,0.4132
12.499,0.8163,0.8163,-0.0916,-5.6259,-5.6259,0.0000,-0.1609,-0.1609,0.4132
12.503,0.8233,0.8233,-0.0913,-5.6219,-5.6219,0.0000,-0.1674,-0.1674,0.4131
12.510,0.8330,0.8330,-0.0909,-5.6219,-5.6219,0.0000,-0.1674,-0.1674,0.4130
12.513,0.8378,0.8378,-0.0905,-5.6219,-5.6219,0.0000,-0.1674,-0.1674,0.4129
12.517,0.8429,0.8429,-0.0902,-5.6219,-5.6219,0.0000,-0.1674,-0.1674,0.4129
12.520,0.8476,0.8476,-0.0900,-5.6219,-5.6219,0.0000,-0.1674,-0.1674,0.4128
12.525,0.8528,0.8528,-0.0897,-5.6186,-5.6186,0.0000,-0.1864,-0.1864,0.4128
12.529,0.8585,0.8585,-0.0894,-5.6186,-5.6186,0.0000,-0.1864,-0.1864,0.4127
12.534,0.8644,0.8644,-0.0891,-5.6186,-5.6186,0.0000,-0.1864,-0.1864,0.4126
12.541,0.8736,0.8736,-0.0888,-5.6186,-5.6186,0.0000,-0.1864,-0.1864,0.4125
12.545,0.8765,0.8765,-0.0882,-5.6160,-5.6160,0.0000,-0.2220,-0.2220,0.4124
12.550,0.8817,0.8817,-0.0880,-5.6160,-5.6160,0.0000,-0.2220,-0.2220,0.4124
12.555,0.8875,0.8875,-0.0876,-5.6160,-5.6160,0.0000,-0.2220,-0.2220,0.4123
12.559,0.8922,0.8922,-0.0873,-5.6160,-5.6160,0.0000,-0.2220,-0.2220,0.4122
12.563,0.8942,0.8942,-0.0870,-5.6137,-5.6137,0.0000,-0.2599,-0.2599,0.4121
12.568,0.8998,0.8998,-0.0867,-5.6137,-5.6137,0.0000,-0.2599,-0.2599,0.4121
12.574,0.9058,0.9058,-0.0863,-5.6137,-5.6137,0.0000,-0.2599,-0.2599,0.4120
12.579,0.9104,0.9104,-0.0859,-5.6137,-5.6137,0.0000,-0.2599,-0.2599,0.4118
12.584,0.9124,0.9124,-0.0856,-5.6117,-5.6117,0.0000,-0.3059,-0.3059,0.4118
12.591,0.9183,0.9183,-0.0852,-5.6117,-5.6117,0.0000,-0.3059,-0.3059,0.4117
12.596,0.9232,0.9232,-0.0848,-5.6117,-5.6117,0.0000,-0.3059,-0.3059,0.4115
12.604,0.9307,0.9307,-0.0844,-5.6073,-5.6073,0.0000,-0.1486,-0.1486,0.4114
12.609,0.9352,0.9352,-0.0839,-5.6073,-5.6073,0.0000,-0.1486,-0.1486,0.4113
12.615,0.9394,0.9394,-0.0835,-5.6073,-5.6073,0.0000,-0.1486,-0.1486,0.4113
12.620,0.9435,0.9435,-0.0831,-5.6073,-5.6073,0.0000,-0.1486,-0.1486,0.4112
12.624,0.9434,0.9434,-0.0827,-5.6064,-5.6064,0.0000,-0.1824,-0.1824,0.4111
12.629,0.9465,0.9465,-0.0824,-5.6064,-5.6064,0.0000,-0.1824,-0.1824,0.4111
12.635,0.9509,0.9509,-0.0821,-5.6064,-5.6064,0.0000,-0.1824,-0.1824,0.4110
12.641,0.9547,0.9547,-0.0817,-5.6064,-5.6064,0.0000,-0.1824,-0.1824,0.4109
12.652,0.9627,0.9627,-0.0813,-5.6068,-5.6068,0.0000,-0.0896,-0.0896,0.4108
12.658,0.9665,0.9665,-0.0806,-5.6068,-5.6068,0.0000,-0.0896,-0.0896,0.4107
12.668,0.9730,0.9730,-0.0802,-5.6094,-5.6094,0.0000,-0.0079,-0.0079,0.4107
12.672,0.9755,0.9755,-0.0795,-5.6094,-5.6094,0.0000,-0.0079,-0.0079,0.4106
12.676,0.9775,0.9775,-0.0792,-5.6094,-5.6094,0.0000,-0.0079,-0.0079,0.4106
12.681,0.9797,0.9797,-0.0790,-5.6094,-5.6094,0.0000,-0.0079,-0.0079,0.4106
12.685,0.9774,0.9774,-0.0787,-5.6115,-5.6115,0.0000,-0.0532,-0.0532,0.4106
12.689,0.9795,0.9795,-0.0784,-5.6115,-5.6115,0.0000,-0.0532,-0.0532,0.4106
12.693,0.9814,0.9814,-0.0781,-5.6115,-5.6115,0.0000,-0.0532,-0.0532,0.4105
12.699,0.9842,0.9842,-0.0778,-5.6115,-5.6115,0.0000,-0.0532,-0.0532,0.4105
12.704,0.9818,0.9818,-0.0775,-5.6144,-5.6144,0.0000,-0.0972,-0.0972,0.4105
12.708,0.9836,0.9836,-0.0771,-5.6144,-5.6144,0.0000,-0.0972,-0.0972,0.4104
12.712,0.9851,0.9851,-0.0769,-5.6144,-5.6144,0.0000,-0.0972,-0.0972,0.4104
12.716,0.9868,0.9868,-0.0766,-5.6144,-5.6144,0.0000,-0.0972,-0.0972,0.4104
12.720,0.9883,0.9883,-0.0764,-5.6144,-5.6144,0.0000,-0.0972,-0.0972,0.4103
12.723,0.9921,0.9921,-0.0761,-5.6231,-5.6231,0.0000,-0.0107,-0.0107,0.4103
12.729,0.9943,0.9943,-0.0759,-5.6231,-5.6231,0.0000,-0.0107,-0.0107,0.4103
12.733,0.9958,0.9958,-0.0756,-5.6231,-5.6231,0.0000,-0.0107,-0.0107,0.4103
12.737,0.9972,0.9972,-0.0753,-5.6231,-5.6231,0.0000,-0.0107,-0.0107,0.4102
12.741,0.9988,0.9988,-0.0751,-5.6231,-5.6231,0.0000,-0.0107,-0.0107,0.4102
12.748,0.9973,0.9973,-0.0748,-5.6283,-5.6283,0.0000,-0.0373,-0.0373,0.4102
12.753,0.9987,0.9987,-0.0743,-5.6283,-5.6283,0.0000,-0.0373,-0.0373,0.4102
12.757,1.0000,1.0000,-0.0741,-5.6283,-5.6283,0.0000,-0.0373,-0.0373,0.4102
12.760,1.0011,1.0011,-0.0738,-5.6283,-5.6283,0.0000,-0.0373,-0.0373,0.4101
12.763,0.9907,0.9907,-0.0736,-5.6276,-5.6276,0.0000,-0.1899,-0.1899,0.4101
12.767,0.9920,0.9920,-0.0734,-5.6276,-5.6276,0.0000,-0.1899,-0.1899,0.4101
12.771,0.9930,0.9930,-0.0731,-5.6276,-5.6276,0.0000,-0.1899,-0.1899,0.4100
12.774,0.9939,0.9939,-0.0729,-5.6276,-5.6276,0.0000,-0.1899,-0.1899,0.4100
12.777,0.9948,0.9948,-0.0727,-5.6276,-5.6276,0.0000,-0.1899,-0.1899,0.4100
12.780,0.9957,0.9957,-0.0725,-5.6276,-5.6276,0.0000,-0.1899,-0.1899,0.4099
12.784,1.0005,1.0005,-0.0724,-5.6412,-5.6412,0.0000,-0.0884,-0.0884,0.4099
12.789,1.0017,1.0017,-0.0721,-5.6412,-5.6412,0.0000,-0.0884,-0.0884,0.4098
12.792,1.0026,1.0026,-0.0719,-5.6412,-5.6412,0.0000,-0.0884,-0.0884,0.4098
12.795,1.0034,1.0034,-0.0717,-5.6412,-5.6412,0.0000,-0.0884,-0.0884,0.4098
12.799,1.0042,1.0042,-0.0715,-5.6412,-5.6412,0.0000,-0.0884,-0.0884,0.4098
12.802,1.0052,1.0052,-0.0713,-5.6412,-5.6412,0.0000,-0.0884,-0.0884,0.4097
12.807,0.9951,0.9951,-0.0710,-5.6399,-5.6399,0.0000,-0.2365,-0.2365,0.4097
12.812,0.9963,0.9963,-0.0708,-5.6399,-5.6399,0.0000,-0.2365,-0.2365,0.4096
12.819,0.9978,0.9978,-0.0705,-5.6399,-5.6399,0.0000,-0.2365,-0.2365,0.4096
12.822,0.9985,0.9985,-0.0701,-5.6399,-5.6399,0.0000,-0.2365,-0.2365,0.4095
12.826,0.9978,0.9978,-0.0699,-5.6490,-5.6490,0.0000,-0.2246,-0.2246,0.4094
12.829,0.9985,0.9985,-0.0697,-5.6490,-5.6490,0.0000,-0.2246,-0.2246,0.4094
12.833,0.9992,0.9992,-0.0695,-5.6490,-5.6490,0.0000,-0.2246,-0.2246,0.4093
12.836,1.0000,1.0000,-0.0693,-5.6490,-5.6490,0.0000,-0.2246,-0.2246,0.4093
12.840,1.0006,1.0006,-0.0691,-5.6490,-5.6490,0.0000,-0.2246,-0.2246,0.4092
12.844,0.9996,0.9996,-0.0689,-5.6576,-5.6576,0.0000,-0.2199,-0.2199,0.4092
12.852,1.0010,1.0010,-0.0686,-5.6576,-5.6576,0.0000,-0.2199,-0.2199,0.4091
12.856,1.0017,1.0017,-0.0682,-5.6576,-5.6576,0.0000,-0.2199,-0.2199,0.4090
12.859,1.0022,1.0022,-0.0680,-5.6576,-5.6576,0.0000,-0.2199,-0.2199,0.4089
12.862,1.0027,1.0027,-0.0678,-5.6576,-5.6576,0.0000,-0.2199,-0.2199,0.4089
12.868,1.0013,1.0013,-0.0676,-5.6653,-5.6653,0.0000,-0.2253,-0.2253,0.4089
12.872,1.0020,1.0020,-0.0673,-5.6654,-5.6654,0.0000,-0.2253,-0.2253,0.4088
12.876,1.0025,1.0025,-0.0671,-5.6654,-5.6654,0.0000,-0.2253,-0.2253,0.4087
12.879,1.0030,1.0030,-0.0669,-5.6654,-5.6654,0.0000,-0.2253,-0.2253,0.4087
12.883,0.9944,0.9944,-0.0667,-5.6619,-5.6619,0.0000,-0.3674,-0.3674,0.4086
12.887,0.9951,0.9951,-0.0665,-5.6619,-5.6619,0.0000,-0.3674,-0.3674,0.4086
12.890,0.9955,0.9955,-0.0663,-5.6619,-5.6619,0.0000,-0.3674,-0.3674,0.4085
12.894,0.9960,0.9960,-0.0661,-5.6619,-5.6619,0.0000,-0.3674,-0.3674,0.4084
12.898,0.9966,0.9966,-0.0659,-5.6619,-5.6619,0.0000,-0.3674,-0.3674,0.4083
12.903,0.9883,0.9883,-0.0657,-5.6565,-5.6565,0.0000,-0.5257,-0.5257,0.4082
12.908,0.9889,0.9889,-0.0654,-5.6565,-5.6565,0.0000,-0.5257,-0.5257,0.4081
12.912,0.9895,0.9895,-0.0652,-5.6565,-5.6565,0.0000,-0.5257,-0.5257,0.4080
12.920,0.9904,0.9904,-0.0649,-5.6565,-5.6565,0.0000,-0.5257,-0.5257,0.4079
12.930,0.9852,0.9852,-0.0645,-5.6540,-5.6540,0.0000,-0.6463,-0.6463,0.4076
12.940,0.9863,0.9863,-0.0640,-5.6540,-5.6540,0.0000,-0.6463,-0.6463,0.4073
12.948,0.9940,0.9940,-0.0635,-5.6829,-5.6829,0.0000,-0.4565,-0.4565,0.4070
12.959,0.9951,0.9951,-0.0631,-5.6829,-5.6829,0.0000,-0.4565,-0.4565,0.4068
12.975,0.9945,0.9945,-0.0626,-5.6870,-5.6870,0.0000,-0.4955,-0.4955,0.4066
12.992,0.9872,0.9872,-0.0618,-5.6651,-5.6651,0.0000,-0.7583,-0.7583,0.4062
13.000,0.9878,0.9878,-0.0610,-5.6651,-5.6651,0.0000,-0.7583,-0.7583,0.4056
13.006,0.9898,0.9898,-0.0606,-5.6795,-5.6795,0.0000,-0.7111,-0.7111,0.4053
13.011,0.9901,0.9901,-0.0603,-5.6795,-5.6795,0.0000,-0.7111,-0.7111,0.4051
13.015,0.9904,0.9904,-0.0601,-5.6795,-5.6795,0.0000,-0.7111,-0.7111,0.4049
13.021,0.9908,0.9908,-0.0599,-5.6795,-5.6795,0.0000,-0.7111,-0.7111,0.4048
13.027,0.9882,0.9882,-0.0596,-5.6712,-5.6712,0.0000,-0.8474,-0.8474,0.4046
13.033,0.9886,0.9886,-0.0593,-5.6712,-5.6712,0.0000,-0.8474,-0.8474,0.4043
13.038,0.9889,0.9889,-0.0590,-5.6712,-5.6712,0.0000,-0.8474,-0.8474,0.4041
13.042,0.9891,0.9891,-0.0588,-5.6712,-5.6712,0.0000,-0.8474,-0.8474,0.4039
13.046,0.9909,0.9909,-0.0586,-5.6837,-5.6837,0.0000,-0.8145,-0.8145,0.4037
13.051,0.9912,0.9912,-0.0585,-5.6837,-5.6837,0.0000,-0.8145,-0.8145,0.4036
13.055,0.9914,0.9914,-0.0582,-5.6837,-5.6837,0.0000,-0.8145,-0.8145,0.4034
13.060,0.9917,0.9917,-0.0580,-5.6837,-5.6837,0.0000,-0.8145,-0.8145,0.4032
13.067,0.9890,0.9890,-0.0578,-5.6679,-5.6679,0.0000,-1.0058,-1.0058,0.4031
13.072,0.9892,0.9892,-0.0575,-5.6679,-5.6679,0.0000,-1.0058,-1.0058,0.4027
13.075,0.9894,0.9894,-0.0573,-5.6679,-5.6679,0.0000,-1.0058,-1.0058,0.4025
13.079,0.9896,0.9896,-0.0571,-5.6679,-5.6679,0.0000,-1.0058,-1.0058,0.4024
13.082,0.9897,0.9897,-0.0570,-5.6679,-5.6679,0.0000,-1.0058,-1.0058,0.4022
13.086,0.9898,0.9898,-0.0568,-5.6668,-5.6668,0.0000,-1.0823,-1.0823,0.4020
13.092,0.9900,0.9900,-0.0567,-5.6668,-5.6668,0.0000,-1.0823,-1.0823,0.4018
13.096,0.9901,0.9901,-0.0564,-5.6668,-5.6668,0.0000,-1.0823,-1.0823,0.4016
13.100,1.0085,1.0085,-0.0562,-5.6668,-5.6668,0.0000,-1.0823,-1.0823,0.4014
13.105,1.0593,1.0593,-0.0560,-5.6689,-5.6689,0.0000,-1.1324,-1.1324,0.4011
13.109,1.1346,1.1346,-0.0558,-5.6689,-5.6689,0.0000,-1.1324,-1.1324,0.4009
13.116,1.2338,1.2338,-0.0556,-5.6689,-5.6689,0.0000,-1.1324,-1.1324,0.4007
13.121,1.3191,1.3191,-0.0553,-5.6689,-5.6689,0.0000,-1.1324,-1.1324,0.4004
13.125,1.3749,1.3749,-0.0550,-5.6722,-5.6722,0.0000,-1.1713,-1.1713,0.4001
13.130,1.4559,1.4559,-0.0547,-5.6722,-5.6722,0.0000,-1.1713,-1.1713,0.3999
13.138,1.5665,1.5665,-0.0544,-5.6722,-5.6722,0.0000,-1.1713,-1.1713,0.3997
13.145,1.6630,1.6630,-0.0539,-5.6717,-5.6717,0.0000,-1.2392,-1.2392,0.3993
13.152,1.7642,1.7642,-0.0533,-5.6717,-5.6717,0.0000,-1.2392,-1.2392,0.3989
13.157,1.8208,1.8208,-0.0527,-5.6716,-5.6716,0.0000,-1.2392,-1.2392,0.3985
13.164,1.9091,1.9091,-0.0524,-5.6704,-5.6704,0.0000,-1.3142,-1.3142,0.3982
13.176,2.0451,2.0451,-0.0518,-5.6702,-5.6702,0.0000,-1.3142,-1.3142,0.3978
13.179,2.0862,2.0862,-0.0507,-5.6701,-5.6701,0.0000,-1.3142,-1.3142,0.3972
13.183,2.1291,2.1291,-0.0504,-5.6797,-5.6797,0.0000,-1.2899,-1.2899,0.3970
13.187,2.1725,2.1725,-0.0500,-5.6796,-5.6796,0.0000,-1.2899,-1.2899,0.3968
13.191,2.2125,2.2125,-0.0496,-5.6795,-5.6795,0.0000,-1.2899,-1.2899,0.3965
13.195,2.2468,2.2468,-0.0492,-5.6794,-5.6794,0.0000,-1.2899,-1.2899,0.3963
13.198,2.2774,2.2774,-0.0489,-5.6793,-5.6793,0.0000,-1.2899,-1.2899,0.3961
13.202,2.3134,2.3134,-0.0486,-5.6792,-5.6792,0.0000,-1.2899,-1.2899,0.3960
13.205,2.3476,2.3476,-0.0482,-5.6823,-5.6823,0.0000,-1.3209,-1.3209,0.3958
13.209,2.3816,2.3816,-0.0479,-5.6822,-5.6822,0.0000,-1.3209,-1.3209,0.3956
13.212,2.4103,2.4103,-0.0475,-5.6820,-5.6820,0.0000,-1.3209,-1.3209,0.3954
13.219,2.4675,2.4675,-0.0471,-5.6818,-5.6818,0.0000,-1.3209,-1.3209,0.3952
13.223,2.5047,2.5047,-0.0464,-5.6853,-5.6853,0.0000,-1.3432,-1.3432,0.3949
13.227,2.5377,2.5377,-0.0460,-5.6851,-5.6851,0.0000,-1.3432,-1.3432,0.3946
13.231,2.5649,2.5649,-0.0455,-5.6849,-5.6849,0.0000,-1.3432,-1.3432,0.3944
13.234,2.5935,2.5935,-0.0452,-5.6848,-5.6848,0.0000,-1.3432,-1.3432,0.3942
13.238,2.6211,2.6211,-0.0447,-5.6846,-5.6846,0.0000,-1.3432,-1.3432,0.3940
13.241,2.6472,2.6472,-0.0443,-5.6844,-5.6844,0.0000,-1.3432,-1.3432,0.3938
13.245,2.6733,2.6733,-0.0439,-5.6915,-5.6915,0.0000,-1.3189,-1.3189,0.3936
13.249,2.7008,2.7008,-0.0436,-5.6913,-5.6913,0.0000,-1.3189,-1.3189,0.3935
13.252,2.7279,2.7279,-0.0431,-5.6911,-5.6911,0.0000,-1.3189,-1.3189,0.3933
13.257,2.7559,2.7559,-0.0427,-5.6908,-5.6908,0.0000,-1.3189,-1.3189,0.3931
13.260,2.7797,2.7797,-0.0422,-5.6906,-5.6906,0.0000,-1.3189,-1.3189,0.3929
13.264,2.8097,2.8097,-0.0418,-5.6961,-5.6961,0.0000,-1.3014,-1.3014,0.3927
13.271,2.8544,2.8544,-0.0413,-5.6956,-5.6956,0.0000,-1.3014,-1.3014,0.3925
13.278,2.8968,2.8968,-0.0404,-5.6951,-5.6951,0.0000,-1.3014,-1.3014,0.3921
13.282,2.9180,2.9180,-0.0396,-5.6949,-5.6949,0.0000,-1.3014,-1.3014,0.3918
13.289,2.9601,2.9601,-0.0391,-5.6968,-5.6968,0.0000,-1.3201,-1.3201,0.3916
13.293,2.9830,2.9830,-0.0383,-5.6965,-5.6965,0.0000,-1.3201,-1.3201,0.3912
13.297,3.0001,3.0001,-0.0378,-5.6962,-5.6962,0.0000,-1.3201,-1.3201,0.3910
13.300,3.0207,3.0207,-0.0374,-5.6958,-5.6958,0.0000,-1.3201,-1.3201,0.3909
13.304,3.0406,3.0406,-0.0369,-5.6966,-5.6966,0.0000,-1.3554,-1.3554,0.3907
13.308,3.0597,3.0597,-0.0364,-5.6963,-5.6963,0.0000,-1.3554,-1.3554,0.3905
13.311,3.0753,3.0753,-0.0360,-5.6960,-5.6960,0.0000,-1.3554,-1.3554,0.3903
13.314,3.0909,3.0909,-0.0356,-5.6957,-5.6957,0.0000,-1.3554,-1.3554,0.3901
13.319,3.1114,3.1114,-0.0351,-5.6952,-5.6952,0.0000,-1.3554,-1.3554,0.3900
13.322,3.1271,3.1271,-0.0346,-5.6949,-5.6949,0.0000,-1.3554,-1.3554,0.3898
13.325,3.1434,3.1434,-0.0341,-5.6979,-5.6979,0.0000,-1.3458,-1.3458,0.3896
13.329,3.1597,3.1597,-0.0337,-5.6975,-5.6975,0.0000,-1.3458,-1.3458,0.3894
13.333,3.1763,3.1763,-0.0333,-5.6971,-5.6971,0.0000,-1.3458,-1.3458,0.3892
13.337,3.1928,3.1928,-0.0328,-5.6967,-5.6967,0.0000,-1.3458,-1.3458,0.3891
13.340,3.2061,3.2061,-0.0323,-5.6963,-5.6963,0.0000,-1.3458,-1.3458,0.3889
13.343,3.2205,3.2205,-0.0318,-5.7000,-5.7000,0.0000,-1.3081,-1.3081,0.3887
13.348,3.2381,3.2381,-0.0314,-5.6995,-5.6995,0.0000,-1.3081,-1.3081,0.3886
13.352,3.2540,3.2540,-0.0309,-5.6990,-5.6990,0.0000,-1.3081,-1.3081,0.3884
13.356,3.2671,3.2671,-0.0303,-5.6986,-5.6986,0.0000,-1.3081,-1.3081,0.3882
13.359,3.2792,3.2792,-0.0299,-5.6982,-5.6982,0.0000,-1.3081,-1.3081,0.3880
13.362,3.2908,3.2908,-0.0294,-5.6978,-5.6978,0.0000,-1.3081,-1.3081,0.3879
13.366,3.3044,3.3044,-0.0290,-5.6996,-5.6996,0.0000,-1.2936,-1.2936,0.3877
13.370,3.3185,3.3185,-0.0286,-5.6990,-5.6990,0.0000,-1.2936,-1.2936,0.3876
13.373,3.3294,3.3294,-0.0280,-5.6986,-5.6986,0.0000,-1.2936,-1.2936,0.3874
13.376,3.3398,3.3398,-0.0276,-5.6982,-5.6982,0.0000,-1.2936,-1.2936,0.3872
13.379,3.3500,3.3500,-0.0272,-5.6977,-5.6977,0.0000,-1.2936,-1.2936,0.3871
13.384,3.3664,3.3664,-0.0268,-5.6984,-5.6984,0.0000,-1.2846,-1.2846,0.3869
13.392,3.3894,3.3894,-0.0262,-5.6973,-5.6973,0.0000,-1.2846,-1.2846,0.3867
13.396,3.4019,3.4019,-0.0252,-5.6966,-5.6966,0.0000,-1.2846,-1.2846,0.3864
13.400,3.4131,3.4131,-0.0246,-5.6961,-5.6961,0.0000,-1.2846,-1.2846,0.3862
13.404,3.4250,3.4250,-0.0241,-5.6960,-5.6960,0.0000,-1.2787,-1.2787,0.3861
13.407,3.4352,3.4352,-0.0236,-5.6955,-5.6955,0.0000,-1.2787,-1.2787,0.3859
13.411,3.4445,3.4445,-0.0231,-5.6949,-5.6949,0.0000,-1.2787,-1.2787,0.3857
13.416,3.4571,3.4571,-0.0227,-5.6942,-5.6942,0.0000,-1.2787,-1.2787,0.3856
13.420,3.4691,3.4691,-0.0220,-5.6934,-5.6934,0.0000,-1.2787,-1.2787,0.3854
13.424,3.4784,3.4784,-0.0214,-5.6931,-5.6931,0.0000,-1.2520,-1.2520,0.3852
13.429,3.4912,3.4912,-0.0210,-5.6923,-5.6923,0.0000,-1.2520,-1.2520,0.3851
13.433,3.5013,3.5013,-0.0203,-5.6916,-5.6916,0.0000,-1.2520,-1.2520,0.3849
13.440,3.5172,3.5172,-0.0197,-5.6904,-5.6904,0.0000,-1.2520,-1.2520,0.3847
13.445,3.5279,3.5279,-0.0188,-5.6894,-5.6894,0.0000,-1.1992,-1.1992,0.3844
13.449,3.5369,3.5369,-0.0182,-5.6887,-5.6887,0.0000,-1.1992,-1.1992,0.3843
13.453,3.5444,3.5444,-0.0177,-5.6881,-5.6881,0.0000,-1.1992,-1.1992,0.3841
13.457,3.5539,3.5539,-0.0172,-5.6874,-5.6874,0.0000,-1.1992,-1.1992,0.3840
13.462,3.5636,3.5636,-0.0166,-5.6866,-5.6866,0.0000,-1.1992,-1.1992,0.3838
13.467,3.5736,3.5736,-0.0159,-5.6845,-5.6845,0.0000,-1.1491,-1.1491,0.3836
13.472,3.5823,3.5823,-0.0153,-5.6838,-5.6838,0.0000,-1.1491,-1.1491,0.3835
13.476,3.5895,3.5895,-0.0147,-5.6832,-5.6832,0.0000,-1.1491,-1.1491,0.3833
13.480,3.5972,3.5972,-0.0142,-5.6824,-5.6824,0.0000,-1.1491,-1.1491,0.3832
13.486,3.6072,3.6072,-0.0136,-5.6794,-5.6794,0.0000,-1.1031,-1.1031,0.3830
13.495,3.6224,3.6224,-0.0130,-5.6779,-5.6779,0.0000,-1.1031,-1.1031,0.3829
13.499,3.6283,3.6283,-0.0118,-5.6773,-5.6773,0.0000,-1.1031,-1.1031,0.3826
13.503,3.6354,3.6354,-0.0113,-5.6737,-5.6737,0.0000,-1.0611,-1.0611,0.3825
13.507,3.6411,3.6411,-0.0108,-5.6730,-5.6730,0.0000,-1.0611,-1.0611,0.3824
13.510,3.6458,3.6458,-0.0103,-5.6725,-5.6725,0.0000,-1.0611,-1.0611,0.3823
13.513,3.6508,3.6508,-0.0098,-5.6720,-5.6720,0.0000,-1.0611,-1.0611,0.3822
13.517,3.6560,3.6560,-0.0094,-5.6714,-5.6714,0.0000,-1.0611,-1.0611,0.3821
13.522,3.6622,3.6622,-0.0089,-5.6706,-5.6706,0.0000,-1.0611,-1.0611,0.3820
13.525,3.6675,3.6675,-0.0083,-5.6664,-5.6664,0.0000,-1.0220,-1.0220,0.3819
13.529,3.6724,3.6724,-0.0079,-5.6658,-5.6658,0.0000,-1.0220,-1.0220,0.3818
13.532,3.6767,3.6767,-0.0074,-5.6652,-5.6652,0.0000,-1.0220,-1.0220,0.3817
13.536,3.6814,3.6814,-0.0070,-5.6645,-5.6645,0.0000,-1.0220,-1.0220,0.3816
13.540,3.6855,3.6855,-0.0065,-5.6640,-5.6640,0.0000,-1.0220,-1.0220,0.3815
13.543,3.6905,3.6905,-0.0061,-5.6584,-5.6584,0.0000,-0.9292,-0.9292,0.3814
13.547,3.6948,3.6948,-0.0057,-5.6577,-5.6577,0.0000,-0.9292,-0.9292,0.3814
13.551,3.7000,3.7000,-0.0052,-5.6570,-5.6570,0.0000,-0.9292,-0.9292,0.3813
13.555,3.7045,3.7045,-0.0047,-5.6563,-5.6563,0.0000,-0.9292,-0.9292,0.3812
13.558,3.7080,3.7080,-0.0042,-5.6557,-5.6557,0.0000,-0.9292,-0.9292,0.3811
13.562,3.7116,3.7116,-0.0038,-5.6551,-5.6551,0.0000,-0.9292,-0.9292,0.3811
13.567,3.7184,3.7184,-0.0034,-5.6484,-5.6484,0.0000,-0.8286,-0.8286,0.3810
13.573,3.7239,3.7239,-0.0027,-5.6474,-5.6474,0.0000,-0.8286,-0.8286,0.3809
13.576,3.7271,3.7271,-0.0020,-5.6469,-5.6469,0.0000,-0.8286,-0.8286,0.3808
13.579,3.7302,3.7302,-0.0016,-5.6464,-5.6464,0.0000,-0.8286,-0.8286,0.3808
13.584,3.7356,3.7356,-0.0012,-5.6393,-5.6393,0.0000,-0.7334,-0.7334,0.3807
13.590,3.7416,3.7416,-0.0007,-5.6381,-5.6381,0.0000,-0.7334,-0.7334,0.3807
13.595,3.7456,3.7456,0.0001,-5.6373,-5.6373,0.0000,-0.7334,-0.7334,0.3806
13.602,3.7520,3.7520,0.0007,-5.6359,-5.6359,0.0000,-0.7334,-0.7334,0.3806
13.606,3.7562,3.7562,0.0016,-5.6290,-5.6290,0.0000,-0.6508,-0.6508,0.3805
13.610,3.7592,3.7592,0.0020,-5.6283,-5.6283,0.0000,-0.6508,-0.6508,0.3805
13.614,3.7624,3.7624,0.0025,-5.6276,-5.6276,0.0000,-0.6508,-0.6508,0.3805
13.619,3.7661,3.7661,0.0030,-5.6267,-5.6267,0.0000,-0.6508,-0.6508,0.3805
13.622,3.7686,3.7686,0.0036,-5.6260,-5.6260,0.0000,-0.6508,-0.6508,0.3805
13.626,3.7723,3.7723,0.0040,-5.6191,-5.6191,0.0000,-0.5753,-0.5753,0.3804
13.630,3.7751,3.7751,0.0044,-5.6184,-5.6184,0.0000,-0.5753,-0.5753,0.3804
13.634,3.7780,3.7780,0.0049,-5.6176,-5.6176,0.0000,-0.5753,-0.5753,0.3804
13.638,3.7805,3.7805,0.0054,-5.6170,-5.6170,0.0000,-0.5753,-0.5753,0.3804
13.641,3.7826,3.7826,0.0058,-5.6164,-5.6164,0.0000,-0.5753,-0.5753,0.3804
13.645,3.7863,3.7863,0.0062,-5.6096,-5.6096,0.0000,-0.5033,-0.5033,0.3804
13.651,3.7897,3.7897,0.0067,-5.6087,-5.6087,0.0000,-0.5033,-0.5033,0.3804
13.654,3.7918,3.7918,0.0073,-5.6081,-5.6081,0.0000,-0.5033,-0.5033,0.3804
13.657,3.7937,3.7937,0.0077,-5.6076,-5.6076,0.0000,-0.5033,-0.5033,0.3804
13.661,3.7956,3.7956,0.0081,-5.6070,-5.6070,0.0000,-0.5033,-0.5033,0.3805
13.664,3.7985,3.7985,0.0085,-5.6008,-5.6008,0.0000,-0.4356,-0.4356,0.3805
13.668,3.8009,3.8009,0.0088,-5.6002,-5.6002,0.0000,-0.4356,-0.4356,0.3805
13.671,3.8027,3.8027,0.0093,-5.5997,-5.5997,0.0000,-0.4356,-0.4356,0.3805
13.675,3.8045,3.8045,0.0097,-5.5992,-5.5992,0.0000,-0.4356,-0.4356,0.3805
13.678,3.8063,3.8063,0.0101,-5.5987,-5.5987,0.0000,-0.4356,-0.4356,0.3805
13.681,3.8079,3.8079,0.0105,-5.5982,-5.5982,0.0000,-0.4356,-0.4356,0.3806
13.685,3.8108,3.8108,0.0109,-5.5927,-5.5927,0.0000,-0.3744,-0.3744,0.3806
13.689,3.8127,3.8127,0.0113,-5.5922,-5.5922,0.0000,-0.3744,-0.3744,0.3806
13.693,3.8147,3.8147,0.0117,-5.5916,-5.5916,0.0000,-0.3744,-0.3744,0.3806
13.697,3.8163,3.8163,0.0122,-5.5912,-5.5912,0.0000,-0.3744,-0.3744,0.3807
13.702,3.8185,3.8185,0.0126,-5.5905,-5.5905,0.0000,-0.3744,-0.3744,0.3807
13.709,3.8226,3.8226,0.0131,-5.5852,-5.5852,0.0000,-0.3193,-0.3193,0.3808
13.713,3.8243,3.8243,0.0140,-5.5846,-5.5846,0.0000,-0.3193,-0.3193,0.3808
13.719,3.8266,3.8266,0.0144,-5.5837,-5.5837,0.0000,-0.3193,-0.3193,0.3809
13.725,3.8297,3.8297,0.0150,-5.5798,-5.5798,0.0000,-0.2713,-0.2713,0.3809
13.729,3.8313,3.8313,0.0157,-5.5794,-5.5794,0.0000,-0.2713,-0.2713,0.3810
13.741,3.8359,3.8359,0.0161,-5.5776,-5.5776,0.0000,-0.2713,-0.2713,0.3811
13.751,3.8395,3.8395,0.0174,-5.5747,-5.5747,0.0000,-0.2526,-0.2526,0.3813
13.758,3.8417,3.8417,0.0185,-5.5739,-5.5739,0.0000,-0.2526,-0.2526,0.3814
13.762,3.8429,3.8429,0.0192,-5.5734,-5.5734,0.0000,-0.2526,-0.2526,0.3815
13.765,3.8439,3.8439,0.0196,-5.5722,-5.5722,0.0000,-0.2405,-0.2405,0.3815
13.769,3.8453,3.8453,0.0200,-5.5714,-5.5714,0.0000,-0.2405,-0.2405,0.3816
13.773,3.8462,3.8462,0.0205,-5.5709,-5.5709,0.0000,-0.2405,-0.2405,0.3817
13.776,3.8472,3.8472,0.0208,-5.5704,-5.5704,0.0000,-0.2405,-0.2405,0.3817
13.779,3.8481,3.8481,0.0212,-5.5700,-5.5700,0.0000,-0.2405,-0.2405,0.3817
13.785,3.8492,3.8492,0.0215,-5.5698,-5.5698,0.0000,-0.2459,-0.2459,0.3818
13.790,3.8505,3.8505,0.0221,-5.5690,-5.5690,0.0000,-0.2459,-0.2459,0.3819
13.793,3.8514,3.8514,0.0226,-5.5687,-5.5687,0.0000,-0.2459,-0.2459,0.3819
13.796,3.8522,3.8522,0.0229,-5.5682,-5.5682,0.0000,-0.2459,-0.2459,0.3820
13.801,3.8534,3.8534,0.0232,-5.5674,-5.5674,0.0000,-0.2459,-0.2459,0.3820
13.805,3.8542,3.8542,0.0237,-5.5679,-5.5679,0.0000,-0.2398,-0.2398,0.3821
13.811,3.8557,3.8557,0.0241,-5.5674,-5.5674,0.0000,-0.2398,-0.2398,0.3821
13.822,3.8582,3.8582,0.0248,-5.5664,-5.5664,0.0000,-0.2398,-0.2398,0.3822
13.826,3.8591,3.8591,0.0259,-5.5683,-5.5683,0.0000,-0.2246,-0.2246,0.3824
13.830,3.8600,3.8600,0.0263,-5.5678,-5.5678,0.0000,-0.2246,-0.2246,0.3824
13.834,3.8607,3.8607,0.0267,-5.5674,-5.5674,0.0000,-0.2246,-0.2246,0.3825
13.838,3.8614,3.8614,0.0271,-5.5672,-5.5672,0.0000,-0.2246,-0.2246,0.3826
13.841,3.8621,3.8621,0.0274,-5.5670,-5.5670,0.0000,-0.2246,-0.2246,0.3826
13.845,3.8628,3.8628,0.0277,-5.5698,-5.5698,0.0000,-0.2114,-0.2114,0.3827
13.850,3.8637,3.8637,0.0281,-5.5694,-5.5694,0.0000,-0.2114,-0.2114,0.3827
13.854,3.8644,3.8644,0.0286,-5.5691,-5.5691,0.0000,-0.2114,-0.2114,0.3828
13.857,3.8650,3.8650,0.0290,-5.5688,-5.5688,0.0000,-0.2114,-0.2114,0.3828
13.860,3.8656,3.8656,0.0293,-5.5688,-5.5688,0.0000,-0.2114,-0.2114,0.3829
13.864,3.8661,3.8661,0.0296,-5.5725,-5.5725,0.0000,-0.2017,-0.2017,0.3829
13.869,3.8670,3.8670,0.0300,-5.5719,-5.5719,0.0000,-0.2017,-0.2017,0.3830
13.874,3.8678,3.8678,0.0305,-5.5714,-5.5714,0.0000,-0.2017,-0.2017,0.3831
13.879,3.8685,3.8685,0.0310,-5.5712,-5.5712,0.0000,-0.2017,-0.2017,0.3831
13.883,3.8683,3.8683,0.0314,-5.5745,-5.5745,0.0000,-0.2314,-0.2314,0.3832
13.887,3.8689,3.8689,0.0318,-5.5738,-5.5738,0.0000,-0.2314,-0.2314,0.3833
13.893,3.8698,3.8698,0.0322,-5.5735,-5.5735,0.0000,-0.2314,-0.2314,0.3833
13.897,3.8702,3.8702,0.0328,-5.5728,-5.5728,0.0000,-0.2314,-0.2314,0.3834
13.900,3.8707,3.8707,0.0331,-5.5726,-5.5726,0.0000,-0.2314,-0.2314,0.3834
13.904,3.8701,3.8701,0.0334,-5.5761,-5.5761,0.0000,-0.2773,-0.2773,0.3835
13.909,3.8707,3.8707,0.0337,-5.5752,-5.5752,0.0000,-0.2773,-0.2773,0.3835
13.912,3.8711,3.8711,0.0342,-5.5750,-5.5750,0.0000,-0.2773,-0.2773,0.3836
13.917,3.8717,3.8717,0.0345,-5.5740,-5.5740,0.0000,-0.2773,-0.2773,0.3836
13.924,3.8717,3.8717,0.0349,-5.5783,-5.5783,0.0000,-0.3168,-0.3168,0.3837
13.929,3.8722,3.8722,0.0356,-5.5779,-5.5779,0.0000,-0.3168,-0.3168,0.3837
13.933,3.8727,3.8727,0.0360,-5.5776,-5.5776,0.0000,-0.3168,-0.3168,0.3838
13.937,3.8731,3.8731,0.0364,-5.5773,-5.5773,0.0000,-0.3168,-0.3168,0.3838
13.940,3.8734,3.8734,0.0367,-5.5770,-5.5770,0.0000,-0.3168,-0.3168,0.3838
13.943,3.8729,3.8729,0.0370,-5.5820,-5.5820,0.0000,-0.3555,-0.3555,0.3839
13.947,3.8733,3.8733,0.0373,-5.5816,-5.5816,0.0000,-0.3555,-0.3555,0.3839
13.951,3.8737,3.8737,0.0377,-5.5813,-5.5813,0.0000,-0.3555,-0.3555,0.3839
13.955,3.8741,3.8741,0.0380,-5.5808,-5.5808,0.0000,-0.3555,-0.3555,0.3839
13.958,3.8744,3.8744,0.0383,-5.5805,-5.5805,0.0000,-0.3555,-0.3555,0.3839
13.962,3.8747,3.8747,0.0386,-5.5801,-5.5801,0.0000,-0.3555,-0.3555,0.3840
13.965,3.8742,3.8742,0.0389,-5.5855,-5.5855,0.0000,-0.3945,-0.3945,0.3840
13.969,3.8746,3.8746,0.0392,-5.5849,-5.5849,0.0000,-0.3945,-0.3945,0.3840
13.973,3.8749,3.8749,0.0396,-5.5845,-5.5845,0.0000,-0.3945,-0.3945,0.3840
13.976,3.8752,3.8752,0.0399,-5.5848,-5.5848,0.0000,-0.3945,-0.3945,0.3840
13.979,3.8755,3.8755,0.0402,-5.5851,-5.5851,0.0000,-0.3945,-0.3945,0.3840
13.983,3.8751,3.8751,0.0405,-5.5914,-5.5914,0.0000,-0.4340,-0.4340,0.3841
13.988,3.8755,3.8755,0.0408,-5.5917,-5.5917,0.0000,-0.4340,-0.4340,0.3841
13.992,3.8758,3.8758,0.0412,-5.5920,-5.5920,0.0000,-0.4340,-0.4340,0.3841
13.995,3.8760,3.8760,0.0415,-5.5914,-5.5914,0.0000,-0.4340,-0.4340,0.3841
13.998,3.8763,3.8763,0.0418,-5.5916,-5.5916,0.0000,-0.4340,-0.4340,0.3841
14.003,3.8760,3.8760,0.0421,-5.5982,-5.5982,0.0000,-0.4734,-0.4734,0.3841
14.007,3.8763,3.8763,0.0425,-5.5974,-5.5974,0.0000,-0.4734,-0.4734,0.3841
14.010,3.8765,3.8765,0.0428,-5.5976,-5.5976,0.0000,-0.4734,-0.4734,0.3841
14.013,3.8767,3.8767,0.0431,-5.5970,-5.5970,0.0000,-0.4734,-0.4734,0.3841
14.020,3.8772,3.8772,0.0434,-5.5972,-5.5972,0.0000,-0.4734,-0.4734,0.3841
14.029,3.8771,3.8771,0.0439,-5.6030,-5.6030,0.0000,-0.5281,-0.5281,0.3841
14.036,3.8775,3.8775,0.0446,-5.6031,-5.6031,0.0000,-0.5281,-0.5281,0.3841
14.040,3.8777,3.8777,0.0452,-5.6026,-5.6026,0.0000,-0.5281,-0.5281,0.3841
14.045,3.8768,3.8768,0.0455,-5.6043,-5.6043,0.0000,-0.6386,-0.6386,0.3840
14.051,3.8771,3.8771,0.0459,-5.6035,-5.6035,0.0000,-0.6386,-0.6386,0.3840
14.055,3.8773,3.8773,0.0464,-5.6029,-5.6029,0.0000,-0.6386,-0.6386,0.3840
14.059,3.8775,3.8775,0.0468,-5.6029,-5.6029,0.0000,-0.6386,-0.6386,0.3839
14.064,3.8769,3.8769,0.0471,-5.6051,-5.6051,0.0000,-0.7396,-0.7396,0.3839
14.069,3.8771,3.8771,0.0474,-5.6051,-5.6051,0.0000,-0.7396,-0.7396,0.3838
14.072,3.8772,3.8772,0.0478,-5.6050,-5.6050,0.0000,-0.7396,-0.7396,0.3838
14.075,3.8774,3.8774,0.0480,-5.6049,-5.6049,0.0000,-0.7396,-0.7396,0.3837
14.079,3.8776,3.8776,0.0483,-5.6042,-5.6042,0.0000,-0.7396,-0.7396,0.3837
14.084,3.8769,3.8769,0.0486,-5.6038,-5.6038,0.0000,-0.8669,-0.8669,0.3836
14.088,3.8771,3.8771,0.0490,-5.6037,-5.6037,0.0000,-0.8669,-0.8669,0.3836
14.091,3.8772,3.8772,0.0493,-5.6035,-5.6035,0.0000,-0.8669,-0.8669,0.3835
14.095,3.8773,3.8773,0.0495,-5.6034,-5.6034,0.0000,-0.8669,-0.8669,0.3834
14.098,3.8775,3.8775,0.0498,-5.6032,-5.6032,0.0000,-0.8669,-0.8669,0.3833
14.102,3.8776,3.8776,0.0500,-5.6030,-5.6030,0.0000,-0.8669,-0.8669,0.3833
14.105,3.8772,3.8772,0.0503,-5.6025,-5.6025,0.0000,-0.9908,-0.9908,0.3832
14.110,3.8774,3.8774,0.0506,-5.6053,-5.6053,0.0000,-0.9908,-0.9908,0.3831
14.113,3.8775,3.8775,0.0509,-5.6073,-5.6073,0.0000,-0.9908,-0.9908,0.3830
14.117,3.8776,3.8776,0.0512,-5.6070,-5.6070,0.0000,-0.9908,-0.9908,0.3829
14.121,3.8778,3.8778,0.0515,-5.6065,-5.6065,0.0000,-0.9908,-0.9908,0.3828
14.129,3.8779,3.8779,0.0518,-5.6055,-5.6055,0.0000,-1.1089,-1.1089,0.3827
14.133,3.8780,3.8780,0.0523,-5.6050,-5.6050,0.0000,-1.1089,-1.1089,0.3825
14.137,3.8781,3.8781,0.0527,-5.6046,-5.6046,0.0000,-1.1089,-1.1089,0.3824
14.140,3.8782,3.8782,0.0529,-5.6042,-5.6042,0.0000,-1.1089,-1.1089,0.3823
14.145,3.8784,3.8784,0.0532,-5.6006,-5.6006,0.0000,-1.2490,-1.2490,0.3822
14.149,3.8786,3.8786,0.0535,-5.6001,-5.6001,0.0000,-1.2490,-1.2490,0.3820
14.153,3.8787,3.8787,0.0538,-5.6023,-5.6023,0.0000,-1.2490,-1.2490,0.3818
14.157,3.8788,3.8788,0.0541,-5.6019,-5.6019,0.0000,-1.2490,-1.2490,0.3817
14.160,3.8789,3.8789,0.0544,-5.6014,-5.6014,0.0000,-1.2490,-1.2490,0.3816
14.163,3.8794,3.8794,0.0546,-5.5986,-5.5986,0.0000,-1.3995,-1.3995,0.3815
14.167,3.8795,3.8795,0.0548,-5.6012,-5.6012,0.0000,-1.3995,-1.3995,0.3813
14.172,3.8796,3.8796,0.0551,-5.6004,-5.6004,0.0000,-1.3995,-1.3995,0.3811
14.177,3.8797,3.8797,0.0554,-5.6033,-5.6033,0.0000,-1.3995,-1.3995,0.3809
14.181,3.8798,3.8798,0.0558,-5.6058,-5.6058,0.0000,-1.3995,-1.3995,0.3807
14.185,3.8807,3.8807,0.0561,-5.5982,-5.5982,0.0000,-1.5612,-1.5612,0.3805
14.189,3.8808,3.8808,0.0564,-5.5982,-5.5982,0.0000,-1.5612,-1.5612,0.3804
14.193,3.8809,3.8809,0.0567,-5.5982,-5.5982,0.0000,-1.5612,-1.5612,0.3801
14.198,3.8810,3.8810,0.0569,-5.6013,-5.6013,0.0000,-1.5612,-1.5612,0.3800
14.202,3.8811,3.8811,0.0573,-5.6012,-5.6012,0.0000,-1.5612,-1.5612,0.3797
14.205,3.8823,3.8823,0.0575,-5.5972,-5.5972,0.0000,-1.6960,-1.6960,0.3795
14.209,3.8824,3.8824,0.0578,-5.5971,-5.5971,0.0000,-1.6960,-1.6960,0.3793
14.212,3.8825,3.8825,0.0580,-5.5970,-5.5970,0.0000,-1.6960,-1.6960,0.3791
14.216,3.8825,3.8825,0.0582,-5.5968,-5.5968,0.0000,-1.6960,-1.6960,0.3789
14.220,3.8826,3.8826,0.0585,-5.5966,-5.5966,0.0000,-1.6960,-1.6960,0.3787
14.224,3.8841,3.8841,0.0588,-5.5938,-5.5938,0.0000,-1.8175,-1.8175,0.3785
14.228,3.8842,3.8842,0.0590,-5.5964,-5.5964,0.0000,-1.8175,-1.8175,0.3783
14.236,3.8843,3.8843,0.0593,-5.6004,-5.6004,0.0000,-1.8175,-1.8175,0.3780
14.240,3.8844,3.8844,0.0598,-5.6000,-5.6000,0.0000,-1.8175,-1.8175,0.3775
14.243,3.8861,3.8861,0.0601,-5.6001,-5.6001,0.0000,-1.9282,-1.9282,0.3773
14.247,3.8861,3.8861,0.0603,-5.6019,-5.6019,0.0000,-1.9282,-1.9282,0.3771
14.251,3.8862,3.8862,0.0605,-5.6013,-5.6013,0.0000,-1.9282,-1.9282,0.3769
14.255,3.8863,3.8863,0.0608,-5.6030,-5.6030,0.0000,-1.9282,-1.9282,0.3766
14.258,3.8863,3.8863,0.0610,-5.6045,-5.6045,0.0000,-1.9282,-1.9282,0.3764
14.261,3.8863,3.8863,0.0612,-5.6040,-5.6040,0.0000,-1.9282,-1.9282,0.3761
14.264,3.8882,3.8882,0.0615,-5.6027,-5.6027,0.0000,-2.0295,-2.0295,0.3759
14.269,3.8883,3.8883,0.0617,-5.6020,-5.6020,0.0000,-2.0295,-2.0295,0.3757
14.272,3.8883,3.8883,0.0619,-5.6036,-5.6036,0.0000,-2.0295,-2.0295,0.3754
14.275,3.8884,3.8884,0.0622,-5.6051,-5.6051,0.0000,-2.0295,-2.0295,0.3752
14.279,3.8884,3.8884,0.0624,-5.6044,-5.6044,0.0000,-2.0295,-2.0295,0.3750
14.284,3.8909,3.8909,0.0626,-5.5997,-5.5997,0.0000,-2.1727,-2.1727,0.3747
14.288,3.8910,3.8910,0.0629,-5.6017,-5.6017,0.0000,-2.1727,-2.1727,0.3743
14.292,3.8910,3.8910,0.0632,-5.6031,-5.6031,0.0000,-2.1727,-2.1727,0.3740
14.295,3.8910,3.8910,0.0634,-5.6046,-5.6046,0.0000,-2.1727,-2.1727,0.3738
14.299,3.8911,3.8911,0.0636,-5.6060,-5.6060,0.0000,-2.1727,-2.1727,0.3735
14.303,3.8937,3.8937,0.0638,-5.6016,-5.6016,0.0000,-2.3059,-2.3059,0.3732
14.306,3.8937,3.8937,0.0641,-5.6005,-5.6005,0.0000,-2.3059,-2.3059,0.3729
14.310,3.8938,3.8938,0.0643,-5.6019,-5.6019,0.0000,-2.3059,-2.3059,0.3727
14.314,3.8938,3.8938,0.0645,-5.6007,-5.6007,0.0000,-2.3059,-2.3059,0.3724
14.318,3.8939,3.8939,0.0648,-5.6023,-5.6023,0.0000,-2.3059,-2.3059,0.3720
14.322,3.8939,3.8939,0.0650,-5.6038,-5.6038,0.0000,-2.3059,-2.3059,0.3717
14.327,3.8966,3.8966,0.0653,-5.6009,-5.6009,0.0000,-2.4289,-2.4289,0.3714
14.334,3.8967,3.8967,0.0656,-5.5986,-5.5986,0.0000,-2.4289,-2.4289,0.3710
14.342,3.8968,3.8968,0.0660,-5.6017,-5.6017,0.0000,-2.4289,-2.4289,0.3704
14.346,3.8999,3.8999,0.0664,-5.5956,-5.5956,0.0000,-2.5690,-2.5690,0.3698
14.355,3.9000,3.9000,0.0667,-5.5987,-5.5987,0.0000,-2.5690,-2.5690,0.3694
14.359,3.9000,3.9000,0.0672,-5.6002,-5.6002,0.0000,-2.5690,-2.5690,0.3686
14.363,3.9032,3.9032,0.0675,-5.5951,-5.5951,0.0000,-2.6998,-2.6998,0.3682
14.368,3.9032,3.9032,0.0677,-5.5965,-5.5965,0.0000,-2.6998,-2.6998,0.3678
14.372,3.9032,3.9032,0.0680,-5.5945,-5.5945,0.0000,-2.6998,-2.6998,0.3674
14.377,3.9033,3.9033,0.0683,-5.5924,-5.5924,0.0000,-2.6998,-2.6998,0.3670
14.382,3.9033,3.9033,0.0686,-5.5938,-5.5938,0.0000,-2.6998,-2.6998,0.3665
14.386,3.9064,3.9064,0.0688,-5.5901,-5.5901,0.0000,-2.8218,-2.8218,0.3661
14.391,3.9064,3.9064,0.0691,-5.5881,-5.5881,0.0000,-2.8218,-2.8218,0.3657
14.395,3.9064,3.9064,0.0693,-5.5896,-5.5896,0.0000,-2.8218,-2.8218,0.3653
14.399,3.9065,3.9065,0.0696,-5.5908,-5.5908,0.0000,-2.8218,-2.8218,0.3648
14.404,3.9095,3.9095,0.0698,-5.5885,-5.5885,0.0000,-2.9354,-2.9354,0.3645
14.409,3.9095,3.9095,0.0701,-5.5862,-5.5862,0.0000,-2.9354,-2.9354,0.3639
14.413,3.9095,3.9095,0.0703,-5.5875,-5.5875,0.0000,-2.9354,-2.9354,0.3635
14.417,3.9096,3.9096,0.0706,-5.5888,-5.5888,0.0000,-2.9354,-2.9354,0.3631
14.421,3.9096,3.9096,0.0708,-5.5900,-5.5900,0.0000,-2.9354,-2.9354,0.3627
14.424,3.9125,3.9125,0.0710,-5.5884,-5.5884,0.0000,-3.0412,-3.0412,0.3622
14.429,3.9125,3.9125,0.0712,-5.5896,-5.5896,0.0000,-3.0412,-3.0412,0.3619
14.432,3.9125,3.9125,0.0714,-5.5907,-5.5907,0.0000,-3.0412,-3.0412,0.3614
14.438,3.9126,3.9126,0.0717,-5.5878,-5.5878,0.0000,-3.0412,-3.0412,0.3610
14.445,3.9154,3.9154,0.0719,-5.5884,-5.5884,0.0000,-3.1395,-3.1395,0.3605
14.450,3.9154,3.9154,0.0723,-5.5857,-5.5857,0.0000,-3.1395,-3.1395,0.3597
14.454,3.9154,3.9154,0.0726,-5.5872,-5.5872,0.0000,-3.1395,-3.1395,0.3592
14.459,3.9154,3.9154,0.0728,-5.5884,-5.5884,0.0000,-3.1395,-3.1395,0.3587
14.462,3.9155,3.9155,0.0731,-5.5894,-5.5894,0.0000,-3.1395,-3.1395,0.3583
14.466,3.9181,3.9181,0.0733,-5.5901,-5.5901,0.0000,-3.2308,-3.2308,0.3579
14.471,3.9181,3.9181,0.0735,-5.5914,-5.5914,0.0000,-3.2308,-3.2308,0.3574
14.475,3.9181,3.9181,0.0737,-5.5924,-5.5924,0.0000,-3.2308,-3.2308,0.3569
14.480,3.9181,3.9181,0.0739,-5.5938,-5.5938,0.0000,-3.2308,-3.2308,0.3565
14.486,3.9206,3.9206,0.0742,-5.5959,-5.5959,0.0000,-3.3155,-3.3155,0.3559
14.490,3.9206,3.9206,0.0745,-5.5969,-5.5969,0.0000,-3.3155,-3.3155,0.3553
14.493,3.9207,3.9207,0.0747,-5.5976,-5.5976,0.0000,-3.3155,-3.3155,0.3548
14.497,3.9207,3.9207,0.0749,-5.5984,-5.5984,0.0000,-3.3155,-3.3155,0.3545
14.503,3.9230,3.9230,0.0751,-5.6015,-5.6015,0.0000,-3.3940,-3.3940,0.3541
14.507,3.9230,3.9230,0.0754,-5.5987,-5.5987,0.0000,-3.3940,-3.3940,0.3534
14.510,3.9230,3.9230,0.0756,-5.5995,-5.5995,0.0000,-3.3940,-3.3940,0.3529
14.514,3.9230,3.9230,0.0758,-5.6004,-5.6004,0.0000,-3.3940,-3.3940,0.3526
14.518,3.9230,3.9230,0.0760,-5.6012,-5.6012,0.0000,-3.3940,-3.3940,0.3521
14.521,3.9231,3.9231,0.0762,-5.6020,-5.6020,0.0000,-3.3940,-3.3940,0.3517
14.524,3.9248,3.9248,0.0763,-5.6086,-5.6086,0.0000,-3.4485,-3.4485,0.3513
14.528,3.9248,3.9248,0.0765,-5.6094,-5.6094,0.0000,-3.4485,-3.4485,0.3510
14.532,3.9248,3.9248,0.0767,-5.6101,-5.6101,0.0000,-3.4485,-3.4485,0.3505
14.536,3.9248,3.9248,0.0769,-5.6109,-5.6109,0.0000,-3.4485,-3.4485,0.3501
14.540,3.9248,3.9248,0.0771,-5.6075,-5.6075,0.0000,-3.4485,-3.4485,0.3497
14.548,3.9268,3.9268,0.0773,-5.6124,-5.6124,0.0000,-3.5168,-3.5168,0.3492
14.552,3.9268,3.9268,0.0777,-5.6133,-5.6133,0.0000,-3.5168,-3.5168,0.3483
14.556,3.9268,3.9268,0.0779,-5.6140,-5.6140,0.0000,-3.5168,-3.5168,0.3478
14.559,3.9268,3.9268,0.0780,-5.6114,-5.6114,0.0000,-3.5168,-3.5168,0.3474
14.562,3.9268,3.9268,0.0782,-5.6120,-5.6120,0.0000,-3.5168,-3.5168,0.3471
14.566,3.9286,3.9286,0.0784,-5.6168,-5.6168,0.0000,-3.5797,-3.5797,0.3467
14.570,3.9286,3.9286,0.0785,-5.6177,-5.6177,0.0000,-3.5797,-3.5797,0.3467
14.573,3.9286,3.9286,0.0787,-5.6183,-5.6183,0.0000,-3.5797,-3.5797,0.3467
14.577,3.9286,3.9286,0.0789,-5.6191,-5.6191,0.0000,-3.5797,-3.5797,0.3467
14.581,3.9287,3.9287,0.0791,-5.6198,-5.6198,0.0000,-3.5797,-3.5797,0.3467
14.584,3.9303,3.9303,0.0793,-5.6254,-5.6254,0.0000,-3.6377,-3.6377,0.3467
14.588,3.9303,3.9303,0.0794,-5.6261,-5.6261,0.0000,-3.6377,-3.6377,0.3467
14.592,3.9303,3.9303,0.0796,-5.6267,-5.6267,0.0000,-3.6377,-3.6377,0.3467
14.595,3.9303,3.9303,0.0798,-5.6272,-5.6272,0.0000,-3.6377,-3.6377,0.3467
14.598,3.9303,3.9303,0.0799,-5.6278,-5.6278,0.0000,-3.6377,-3.6377,0.3467
14.602,3.9303,3.9303,0.0801,-5.6284,-5.6284,0.0000,-3.6377,-3.6377,0.3467
14.606,3.9317,3.9317,0.0803,-5.6347,-5.6347,0.0000,-3.6909,-3.6909,0.3467
14.610,3.9317,3.9317,0.0805,-5.6353,-5.6353,0.0000,-3.6909,-3.6909,0.3467
14.613,3.9317,3.9317,0.0807,-5.6358,-5.6358,0.0000,-3.6909,-3.6909,0.3467
14.617,3.9317,3.9317,0.0808,-5.6364,-5.6364,0.0000,-3.6909,-3.6909,0.3467
14.620,3.9317,3.9317,0.0810,-5.6369,-5.6369,0.0000,-3.6909,-3.6909,0.3467
14.624,3.9330,3.9330,0.0811,-5.6437,-5.6437,0.0000,-3.7396,-3.7396,0.3467
14.628,3.9330,3.9330,0.0813,-5.6443,-5.6443,0.0000,-3.7396,-3.7396,0.3467
14.633,3.9330,3.9330,0.0815,-5.6449,-5.6449,0.0000,-3.7396,-3.7396,0.3467
14.639,3.9330,3.9330,0.0817,-5.6458,-5.6458,0.0000,-3.7396,-3.7396,0.3467
14.643,3.9340,3.9340,0.0820,-5.6531,-5.6531,0.0000,-3.7841,-3.7841,0.3467
14.647,3.9340,3.9340,0.0821,-5.6536,-5.6536,0.0000,-3.7841,-3.7841,0.3467
14.655,3.9341,3.9341,0.0823,-5.6547,-5.6547,0.0000,-3.7841,-3.7841,0.3467
14.663,3.9349,3.9349,0.0827,-5.6630,-5.6630,0.0000,-3.8247,-3.8247,0.3467
14.670,3.9349,3.9349,0.0831,-5.6637,-5.6637,0.0000,-3.8247,-3.8247,0.3467
14.674,3.9349,3.9349,0.0833,-5.6642,-5.6642,0.0000,-3.8247,-3.8247,0.3467
14.678,3.9349,3.9349,0.0835,-5.6646,-5.6646,0.0000,-3.8247,-3.8247,0.3467
14.681,3.9350,3.9350,0.0837,-5.6649,-5.6649,0.0000,-3.8247,-3.8247,0.3467
14.685,3.9351,3.9351,0.0839,-5.6768,-5.6768,0.0000,-3.8425,-3.8425,0.3467
14.690,3.9351,3.9351,0.0840,-5.6772,-5.6772,0.0000,-3.8425,-3.8425,0.3467
14.693,3.9351,3.9351,0.0842,-5.6775,-5.6775,0.0000,-3.8425,-3.8425,0.3467
14.697,3.9351,3.9351,0.0844,-5.6778,-5.6778,0.0000,-3.8425,-3.8425,0.3467
14.700,3.9352,3.9352,0.0845,-5.6782,-5.6782,0.0000,-3.8425,-3.8425,0.3467
14.704,3.9346,3.9346,0.0847,-5.6985,-5.6985,0.0000,-3.8351,-3.8351,0.3467
14.708,3.9346,3.9346,0.0848,-5.6987,-5.6987,0.0000,-3.8351,-3.8351,0.3467
14.711,3.9346,3.9346,0.0850,-5.6989,-5.6989,0.0000,-3.8351,-3.8351,0.3467
14.715,3.9346,3.9346,0.0851,-5.6991,-5.6991,0.0000,-3.8351,-3.8351,0.3467
14.719,3.9346,3.9346,0.0853,-5.6994,-5.6994,0.0000,-3.8351,-3.8351,0.3467
14.722,3.9346,3.9346,0.0854,-5.6996,-5.6996,0.0000,-3.8351,-3.8351,0.3467
14.725,3.9335,3.9335,0.0856,-5.7179,-5.7179,0.0000,-3.8125,-3.8125,0.3467
14.729,3.9335,3.9335,0.0857,-5.7181,-5.7181,0.0000,-3.8125,-3.8125,0.3467
14.733,3.9336,3.9336,0.0859,-5.7183,-5.7183,0.0000,-3.8125,-3.8125,0.3467
14.737,3.9336,3.9336,0.0860,-5.7185,-5.7185,0.0000,-3.8125,-3.8125,0.3467
14.740,3.9336,3.9336,0.0862,-5.7187,-5.7187,0.0000,-3.8125,-3.8125,0.3467
14.743,3.9321,3.9321,0.0863,-5.7392,-5.7392,0.0000,-3.7751,-3.7751,0.3467
14.748,3.9321,3.9321,0.0865,-5.7394,-5.7394,0.0000,-3.7751,-3.7751,0.3467
14.752,3.9321,3.9321,0.0866,-5.7396,-5.7396,0.0000,-3.7751,-3.7751,0.3467
14.755,3.9321,3.9321,0.0868,-5.7397,-5.7397,0.0000,-3.7751,-3.7751,0.3467
14.759,3.9321,3.9321,0.0869,-5.7399,-5.7399,0.0000,-3.7751,-3.7751,0.3467
14.766,3.9302,3.9302,0.0871,-5.7622,-5.7622,0.0000,-3.7256,-3.7256,0.3467
14.770,3.9302,3.9302,0.0874,-5.7624,-5.7624,0.0000,-3.7256,-3.7256,0.3467
14.774,3.9302,3.9302,0.0875,-5.7625,-5.7625,0.0000,-3.7256,-3.7256,0.3467
14.778,3.9302,3.9302,0.0877,-5.7627,-5.7627,0.0000,-3.7256,-3.7256,0.3467
14.783,3.9280,3.9280,0.0878,-5.7870,-5.7870,0.0000,-3.6607,-3.6607,0.3467
14.788,3.9280,3.9280,0.0880,-5.7872,-5.7872,0.0000,-3.6607,-3.6607,0.3467
14.792,3.9280,3.9280,0.0882,-5.7873,-5.7873,0.0000,-3.6607,-3.6607,0.3467
14.795,3.9280,3.9280,0.0883,-5.7874,-5.7874,0.0000,-3.6607,-3.6607,0.3467
14.798,3.9280,3.9280,0.0883,-5.7875,-5.7875,0.0000,-3.6607,-3.6607,0.3467
14.804,3.9262,3.9262,0.0883,-5.8081,-5.8081,0.0000,-3.6124,-3.6124,0.3467
14.809,3.9262,3.9262,0.0883,-5.8083,-5.8083,0.0000,-3.6124,-3.6124,0.3467
14.813,3.9262,3.9262,0.0883,-5.8084,-5.8084,0.0000,-3.6124,-3.6124,0.3467
14.817,3.9262,3.9262,0.0883,-5.8085,-5.8085,0.0000,-3.6124,-3.6124,0.3467
14.820,3.9262,3.9262,0.0883,-5.8087,-5.8087,0.0000,-3.6124,-3.6124,0.3467
14.824,3.9240,3.9240,0.0883,-5.8323,-5.8323,0.0000,-3.5438,-3.5438,0.3467
14.829,3.9240,3.9240,0.0883,-5.8324,-5.8324,0.0000,-3.5438,-3.5438,0.3467
14.832,3.9240,3.9240,0.0883,-5.8325,-5.8325,0.0000,-3.5438,-3.5438,0.3467
14.836,3.9240,3.9240,0.0883,-5.8326,-5.8326,0.0000,-3.5438,-3.5438,0.3467
14.840,3.9240,3.9240,0.0883,-5.8387,-5.8387,0.0000,-3.5438,-3.5438,0.3467
14.844,3.9215,3.9215,0.0883,-5.8652,-5.8652,0.0000,-3.4541,-3.4541,0.3467
14.849,3.9215,3.9215,0.0883,-5.8652,-5.8652,0.0000,-3.4541,-3.4541,0.3467
14.853,3.9216,3.9216,0.0883,-5.8708,-5.8708,0.0000,-3.4541,-3.4541,0.3467
14.856,3.9216,3.9216,0.0883,-5.8706,-5.8706,0.0000,-3.4541,-3.4541,0.3467
14.859,3.9216,3.9216,0.0883,-5.8705,-5.8705,0.0000,-3.4541,-3.4541,0.3467
14.863,3.9216,3.9216,0.0883,-5.8750,-5.8750,0.0000,-3.4541,-3.4541,0.3467
14.866,3.9190,3.9190,0.0883,-5.9036,-5.9036,0.0000,-3.3467,-3.3467,0.3467
14.873,3.8447,3.8447,0.0883,-5.9032,-5.9032,0.0000,-3.3467,-3.3467,0.3467
14.880,3.7122,3.7122,0.0883,-5.9136,-5.9136,0.0000,-3.3467,-3.3467,0.3467
14.885,3.6307,3.6307,0.0883,-5.9487,-5.9487,0.0000,-3.1947,-3.1947,0.3467
14.889,3.5609,3.5609,0.0883,-5.9482,-5.9482,0.0000,-3.1947,-3.1947,0.3467
14.892,3.5094,3.5094,0.0883,-5.9478,-5.9478,0.0000,-3.1947,-3.1947,0.3467
14.896,3.4466,3.4466,0.0883,-5.9473,-5.9473,0.0000,-3.1947,-3.1947,0.3467
14.901,3.3791,3.3791,0.0883,-5.9468,-5.9468,0.0000,-3.1947,-3.1947,0.3467
14.904,3.3246,3.3246,0.0883,-5.9862,-5.9862,0.0000,-3.0115,-3.0115,0.3467
14.908,3.2701,3.2701,0.0883,-5.9858,-5.9858,0.0000,-3.0115,-3.0115,0.3467
14.911,3.2237,3.2237,0.0883,-5.9855,-5.9855,0.0000,-3.0115,-3.0115,0.3467
14.914,3.1783,3.1783,0.0883,-5.9851,-5.9851,0.0000,-3.0115,-3.0115,0.3467
14.919,3.1182,3.1182,0.0883,-5.9847,-5.9847,0.0000,-3.0115,-3.0115,0.3467
14.922,3.0678,3.0678,0.0883,-5.9843,-5.9843,0.0000,-3.0115,-3.0115,0.3467
14.926,3.0220,3.0220,0.0883,-6.0211,-6.0211,0.0000,-2.8331,-2.8331,0.3467
14.930,2.9717,2.9717,0.0883,-6.0207,-6.0207,0.0000,-2.8331,-2.8331,0.3467
14.935,2.9011,2.9011,0.0883,-6.0202,-6.0202,0.0000,-2.8331,-2.8331,0.3467
14.939,2.8489,2.8489,0.0883,-6.0198,-6.0198,0.0000,-2.8331,-2.8331,0.3467
14.943,2.8068,2.8068,0.0883,-6.0517,-6.0517,0.0000,-2.6703,-2.6703,0.3467
14.947,2.7629,2.7629,0.0883,-6.0514,-6.0514,0.0000,-2.6703,-2.6703,0.3467
14.950,2.7189,2.7189,0.0883,-6.0566,-6.0566,0.0000,-2.6703,-2.6703,0.3467
14.957,2.6497,2.6497,0.0883,-6.0559,-6.0559,0.0000,-2.6703,-2.6703,0.3467
14.961,2.6055,2.6055,0.0883,-6.0555,-6.0555,0.0000,-2.6703,-2.6703,0.3467
14.965,2.5614,2.5614,0.0883,-6.0961,-6.0961,0.0000,-2.4713,-2.4713,0.3467
14.970,2.5095,2.5095,0.0883,-6.0954,-6.0954,0.0000,-2.4713,-2.4713,0.3467
14.973,2.4755,2.4755,0.0883,-6.0949,-6.0949,0.0000,-2.4713,-2.4713,0.3467
14.976,2.4437,2.4437,0.0883,-6.0945,-6.0945,0.0000,-2.4713,-2.4713,0.3467
14.981,2.4017,2.4017,0.0883,-6.0939,-6.0939,0.0000,-2.4713,-2.4713,0.3467
14.988,2.3326,2.3326,0.0883,-6.1304,-6.1304,0.0000,-2.2348,-2.2348,0.3467
14.992,2.2981,2.2981,0.0883,-6.1299,-6.1299,0.0000,-2.2348,-2.2348,0.3467
14.995,2.2686,2.2686,0.0883,-6.1295,-6.1295,0.0000,-2.2348,-2.2348,0.3467
14.998,2.2391,2.2391,0.0883,-6.1291,-6.1291,0.0000,-2.2348,-2.2348,0.3467
15.002,2.2068,2.2068,0.0883,-6.1341,-6.1341,0.0000,-2.2348,-2.2348,0.3467
15.005,2.1786,2.1786,0.0883,-6.1746,-6.1746,0.0000,-1.9670,-1.9670,0.3467
15.009,2.1479,2.1479,0.0883,-6.1740,-6.1740,0.0000,-1.9670,-1.9670,0.3467
15.013,2.1186,2.1186,0.0883,-6.1734,-6.1734,0.0000,-1.9670,-1.9670,0.3467
15.017,2.0870,2.0870,0.0883,-6.1728,-6.1728,0.0000,-1.9670,-1.9670,0.3467
15.020,2.0595,2.0595,0.0883,-6.1773,-6.1773,0.0000,-1.9670,-1.9670,0.3467
15.024,2.0350,2.0350,0.0882,-6.2095,-6.2095,0.0000,-1.6701,-1.6701,0.3467
15.027,2.0074,2.0074,0.0880,-6.2141,-6.2141,0.0000,-1.6701,-1.6701,0.3467
15.031,1.9835,1.9835,0.0878,-6.2134,-6.2134,0.0000,-1.6701,-1.6701,0.3467
15.034,1.9571,1.9571,0.0876,-6.2127,-6.2127,0.0000,-1.6701,-1.6701,0.3467
15.038,1.9331,1.9331,0.0874,-6.2169,-6.2169,0.0000,-1.6701,-1.6701,0.3467
15.041,1.9087,1.9087,0.0872,-6.2161,-6.2161,0.0000,-1.6701,-1.6701,0.3467
15.045,1.8848,1.8848,0.0869,-6.2417,-6.2417,0.0000,-1.3507,-1.3507,0.3467
15.049,1.8588,1.8588,0.0867,-6.2409,-6.2409,0.0000,-1.3507,-1.3507,0.3467
15.052,1.8352,1.8352,0.0865,-6.2453,-6.2453,0.0000,-1.3507,-1.3507,0.3467
15.056,1.8145,1.8145,0.0862,-6.2492,-6.2492,0.0000,-1.3507,-1.3507,0.3467
15.059,1.7941,1.7941,0.0860,-6.2530,-6.2530,0.0000,-1.3507,-1.3507,0.3467
15.062,1.7742,1.7742,0.0858,-6.2567,-6.2567,0.0000,-1.3507,-1.3507,0.3467
15.066,1.7539,1.7539,0.0856,-6.2743,-6.2743,0.0000,-1.0079,-1.0079,0.3467
15.070,1.7287,1.7287,0.0854,-6.2730,-6.2730,0.0000,-1.0079,-1.0079,0.3467
15.073,1.7083,1.7083,0.0851,-6.2720,-6.2720,0.0000,-1.0079,-1.0079,0.3467
15.077,1.6857,1.6857,0.0848,-6.2709,-6.2709,0.0000,-1.0079,-1.0079,0.3467
15.082,1.6590,1.6590,0.0845,-6.2695,-6.2695,0.0000,-1.0079,-1.0079,0.3467
15.090,1.6158,1.6158,0.0842,-6.2766,-6.2766,0.0000,-0.6435,-0.6435,0.3467
15.095,1.5885,1.5885,0.0836,-6.2752,-6.2752,0.0000,-0.6435,-0.6435,0.3467
15.099,1.5719,1.5719,0.0832,-6.2791,-6.2791,0.0000,-0.6435,-0.6435,0.3467
15.102,1.5530,1.5530,0.0830,-6.2780,-6.2780,0.0000,-0.6435,-0.6435,0.3467
15.109,1.5222,1.5222,0.0827,-6.2840,-6.2840,0.0000,-0.2575,-0.2575,0.3467
15.113,1.5030,1.5030,0.0822,-6.2827,-6.2827,0.0000,-0.2575,-0.2575,0.3467
15.116,1.4871,1.4871,0.0819,-6.2865,-6.2865,0.0000,-0.2575,-0.2575,0.3467
15.120,1.4710,1.4710,0.0816,-6.2853,-6.2853,0.0000,-0.2575,-0.2575,0.3467
15.123,1.4563,1.4563,0.0813,-6.2754,-6.2754,0.0000,0.1443,0.1443,0.3467
15.127,1.4393,1.4393,0.0811,-6.2741,-6.2741,0.0000,0.1443,0.1443,0.3467
15.130,1.4254,1.4254,0.0808,-6.2776,-6.2776,0.0000,0.1443,0.1443,0.3467
15.135,1.4071,1.4071,0.0805,-6.2822,-6.2822,0.0000,0.1443,0.1443,0.3467
15.138,1.3912,1.3912,0.0802,-6.2861,-6.2861,0.0000,0.1443,0.1443,0.3467
15.142,1.3768,1.3768,0.0799,-6.2897,-6.2897,0.0000,0.1443,0.1443,0.3467
15.145,1.3637,1.3637,0.0796,-6.2662,-6.2662,0.0000,0.5584,0.5584,0.3467
15.149,1.3475,1.3475,0.0793,-6.2644,-6.2644,0.0000,0.5584,0.5584,0.3467
15.153,1.3327,1.3327,0.0790,-6.2627,-6.2627,0.0000,0.5584,0.5584,0.3467
15.156,1.3207,1.3207,0.0787,-6.2658,-6.2658,0.0000,0.5584,0.5584,0.3467
15.159,1.3090,1.3090,0.0784,-6.2688,-6.2688,0.0000,0.5584,0.5584,0.3467
15.163,1.2968,1.2968,0.0781,-6.2276,-6.2276,0.0000,0.9968,0.9968,0.3467
15.168,1.2788,1.2788,0.0779,-6.2323,-6.2323,0.0000,0.9968,0.9968,0.3467
15.171,1.2666,1.2666,0.0775,-6.2307,-6.2307,0.0000,0.9968,0.9968,0.3467
15.174,1.2554,1.2554,0.0772,-6.2337,-6.2337,0.0000,0.9968,0.9968,0.3467
15.177,1.2448,1.2448,0.0769,-6.2365,-6.2365,0.0000,0.9968,0.9968,0.3467
15.181,1.2343,1.2343,0.0766,-6.2393,-6.2393,0.0000,0.9968,0.9968,0.3467
15.184,1.2221,1.2221,0.0764,-6.1895,-6.1895,0.0000,1.4661,1.4661,0.3467
15.188,1.2093,1.2093,0.0761,-6.1874,-6.1874,0.0000,1.4661,1.4661,0.3467
15.193,1.1942,1.1942,0.0757,-6.1915,-6.1915,0.0000,1.4661,1.4661,0.3467
15.200,1.1719,1.1719,0.0753,-6.1876,-6.1876,0.0000,1.4661,1.4661,0.3467
15.203,1.1598,1.1598,0.0747,-6.1180,-6.1180,0.0000,1.9405,1.9405,0.3467
15.207,1.1485,1.1485,0.0744,-6.1212,-6.1212,0.0000,1.9405,1.9405,0.3467
15.210,1.1390,1.1390,0.0741,-6.1240,-6.1240,0.0000,1.9405,1.9405,0.3467
15.214,1.1285,1.1285,0.0738,-6.1270,-6.1270,0.0000,1.9405,1.9405,0.3467
15.218,1.1161,1.1161,0.0735,-6.1305,-6.1305,0.0000,1.9405,1.9405,0.3467
15.222,1.1060,1.1060,0.0731,-6.1333,-6.1333,0.0000,1.9405,1.9405,0.3467
15.225,1.0950,1.0950,0.0728,-6.0555,-6.0555,0.0000,2.4091,2.4091,0.3467
15.229,1.0842,1.0842,0.0725,-6.0530,-6.0530,0.0000,2.4091,2.4091,0.3467
15.232,1.0742,1.0742,0.0722,-6.0559,-6.0559,0.0000,2.4091,2.4091,0.3467
15.238,1.0590,1.0590,0.0719,-6.0600,-6.0600,0.0000,2.4091,2.4091,0.3467
15.242,1.0473,1.0473,0.0714,-6.0632,-6.0632,0.0000,2.4091,2.4091,0.3467
15.246,1.0347,1.0347,0.0710,-5.9690,-5.9690,0.0000,2.8485,2.8485,0.3467
15.250,1.0240,1.0240,0.0707,-5.9718,-5.9718,0.0000,2.8485,2.8485,0.3467
15.253,1.0151,1.0151,0.0703,-5.9693,-5.9693,0.0000,2.8485,2.8485,0.3467
15.259,1.0001,1.0001,0.0700,-5.9733,-5.9733,0.0000,2.8485,2.8485,0.3467
15.263,0.9862,0.9862,0.0695,-5.8659,-5.8659,0.0000,3.2530,3.2530,0.3467
15.267,0.9761,0.9761,0.0692,-5.8686,-5.8686,0.0000,3.2530,3.2530,0.3467
15.270,0.9678,0.9678,0.0688,-5.8707,-5.8707,0.0000,3.2530,3.2530,0.3467
15.274,0.9594,0.9594,0.0685,-5.8728,-5.8728,0.0000,3.2530,3.2530,0.3467
15.277,0.9505,0.9505,0.0682,-5.8751,-5.8751,0.0000,3.2530,3.2530,0.3467
15.281,0.9425,0.9425,0.0679,-5.8770,-5.8770,0.0000,3.2530,3.2530,0.3467
15.284,0.9273,0.9273,0.0676,-5.7580,-5.7580,0.0000,3.6352,3.6352,0.3467
15.288,0.9182,0.9182,0.0672,-5.7602,-5.7602,0.0000,3.6352,3.6352,0.3467
15.292,0.9085,0.9085,0.0669,-5.7625,-5.7625,0.0000,3.6352,3.6352,0.3467
15.297,0.8971,0.8971,0.0665,-5.7651,-5.7651,0.0000,3.6352,3.6352,0.3467
15.305,0.8712,0.8712,0.0661,-5.6377,-5.6377,0.0000,4.0162,4.0162,0.3467
15.310,0.8600,0.8600,0.0653,-5.6401,-5.6401,0.0000,4.0162,4.0162,0.3482
15.314,0.8525,0.8525,0.0649,-5.6417,-5.6417,0.0000,4.0162,4.0162,0.3495
15.317,0.8447,0.8447,0.0646,-5.6434,-5.6434,0.0000,4.0162,4.0162,0.3504
15.321,0.8369,0.8369,0.0642,-5.6450,-5.6450,0.0000,4.0162,4.0162,0.3513
15.324,0.8207,0.8207,0.0639,-5.5055,-5.5055,0.0000,4.3787,4.3787,0.3522
15.328,0.8127,0.8127,0.0636,-5.5091,-5.5091,0.0000,4.3787,4.3787,0.3531
15.331,0.8057,0.8057,0.0633,-5.5123,-5.5123,0.0000,4.3787,4.3787,0.3541
15.335,0.7975,0.7975,0.0630,-5.5159,-5.5159,0.0000,4.3787,4.3787,0.3550
15.339,0.7895,0.7895,0.0626,-5.5173,-5.5173,0.0000,4.3787,4.3787,0.3560
15.349,0.7566,0.7566,0.0623,-5.3718,-5.3718,0.0000,4.7095,4.7095,0.3571
15.358,0.7378,0.7378,0.0613,-5.3796,-5.3796,0.0000,4.7095,4.7095,0.3600
15.369,0.7016,0.7016,0.0605,-5.2329,-5.2329,0.0000,5.0064,5.0064,0.3625
15.375,0.6884,0.6884,0.0595,-5.2405,-5.2405,0.0000,5.0064,5.0064,0.3658
15.380,0.6783,0.6783,0.0589,-5.2461,-5.2461,0.0000,5.0064,5.0064,0.3676
15.385,0.6541,0.6541,0.0584,-5.0897,-5.0897,0.0000,5.2652,5.2652,0.3690
15.391,0.6409,0.6409,0.0579,-5.0965,-5.0965,0.0000,5.2652,5.2652,0.3705
15.396,0.6301,0.6301,0.0574,-5.1018,-5.1018,0.0000,5.2652,5.2652,0.3723
15.400,0.6222,0.6222,0.0569,-5.1055,-5.1055,0.0000,5.2652,5.2652,0.3738
15.405,0.5966,0.5966,0.0565,-4.9435,-4.9435,0.0000,5.4840,5.4840,0.3749
15.412,0.5801,0.5801,0.0561,-4.9506,-4.9506,0.0000,5.4840,5.4840,0.3764
15.416,0.5721,0.5721,0.0554,-4.9539,-4.9539,0.0000,5.4840,5.4840,0.3787
15.419,0.5641,0.5641,0.0550,-4.9572,-4.9572,0.0000,5.4840,5.4840,0.3798
15.423,0.5162,0.5162,0.0547,-4.8199,-4.8199,0.0000,4.8473,4.8473,0.3809
15.426,0.5075,0.5075,0.0544,-4.8245,-4.8245,0.0000,4.8473,4.8473,0.3817
15.430,0.4998,0.4998,0.0540,-4.8273,-4.8273,0.0000,4.8473,4.8473,0.3828
15.434,0.4913,0.4913,0.0536,-4.8303,-4.8303,0.0000,4.8473,4.8473,0.3837
15.437,0.4832,0.4832,0.0533,-4.8342,-4.8342,0.0000,4.8473,4.8473,0.3847
15.440,0.4756,0.4756,0.0529,-4.8378,-4.8378,0.0000,4.8473,4.8473,0.3856
15.444,0.4416,0.4416,0.0526,-4.6783,-4.6783,0.0000,4.6915,4.6915,0.3865
15.448,0.4318,0.4318,0.0523,-4.6812,-4.6812,0.0000,4.6915,4.6915,0.3873
15.451,0.4230,0.4230,0.0519,-4.6850,-4.6850,0.0000,4.6915,4.6915,0.3883
15.455,0.4148,0.4148,0.0515,-4.6884,-4.6884,0.0000,4.6915,4.6915,0.3893
15.458,0.4069,0.4069,0.0512,-4.6904,-4.6904,0.0000,4.6915,4.6915,0.3901
15.461,0.3987,0.3987,0.0509,-4.6936,-4.6936,0.0000,4.6915,4.6915,0.3909
15.465,0.3481,0.3481,0.0506,-4.5470,-4.5470,0.0000,4.1043,4.1043,0.3917
15.470,0.3369,0.3369,0.0501,-4.5510,-4.5510,0.0000,4.1043,4.1043,0.3927
15.473,0.3285,0.3285,0.0497,-4.5528,-4.5528,0.0000,4.1043,4.1043,0.3936
15.476,0.3200,0.3200,0.0493,-4.5556,-4.5556,0.0000,4.1043,4.1043,0.3943
15.480,0.3107,0.3107,0.0490,-4.5586,-4.5586,0.0000,4.1043,4.1043,0.3950
15.484,0.2751,0.2751,0.0487,-4.3939,-4.3939,0.0000,3.9759,3.9759,0.3958
15.488,0.2640,0.2640,0.0483,-4.3972,-4.3972,0.0000,3.9759,3.9759,0.3966
15.491,0.2549,0.2549,0.0479,-4.3997,-4.3997,0.0000,3.9759,3.9759,0.3974
15.495,0.2425,0.2425,0.0475,-4.4031,-4.4031,0.0000,3.9759,3.9759,0.3981
15.500,0.2291,0.2291,0.0471,-4.4065,-4.4065,0.0000,3.9759,3.9759,0.3990
15.504,0.1907,0.1907,0.0466,-4.2439,-4.2439,0.0000,3.8426,3.8426,0.4000
15.510,0.1732,0.1732,0.0461,-4.2478,-4.2478,0.0000,3.8426,3.8426,0.4008
15.519,0.1454,0.1454,0.0455,-4.2586,-4.2586,0.0000,3.8426,3.8426,0.4020
15.523,0.0937,0.0937,0.0446,-4.0924,-4.0924,0.0000,3.3073,3.3073,0.4037
15.528,0.0762,0.0762,0.0441,-4.0984,-4.0984,0.0000,3.3073,3.3073,0.4044
15.533,0.0622,0.0622,0.0435,-4.1029,-4.1029,0.0000,3.3073,3.3073,0.4053
15.537,0.0489,0.0489,0.0431,-4.1047,-4.1047,0.0000,3.3073,3.3073,0.4060
15.542,0.0310,0.0310,0.0427,-4.1071,-4.1071,0.0000,3.3073,3.3073,0.4066
15.546,-0.0091,-0.0091,0.0421,-3.9416,-3.9416,0.0000,3.1851,3.1851,0.4075
15.551,-0.0261,-0.0261,0.0416,-3.9461,-3.9461,0.0000,3.1851,3.1851,0.4082
15.554,-0.0401,-0.0401,0.0411,-3.9495,-3.9495,0.0000,3.1851,3.1851,0.4089
15.558,-0.0552,-0.0552,0.0407,-3.9531,-3.9531,0.0000,3.1851,3.1851,0.4095
15.565,-0.1113,-0.1113,0.0403,-3.7864,-3.7864,0.0000,2.8789,2.8789,0.4101
15.570,-0.1332,-0.1332,0.0396,-3.7907,-3.7907,0.0000,2.8789,2.8789,0.4110
15.574,-0.1527,-0.1527,0.0390,-3.7943,-3.7943,0.0000,2.8789,2.8789,0.4117
15.578,-0.1689,-0.1689,0.0384,-3.7987,-3.7987,0.0000,2.8789,2.8789,0.4123
15.582,-0.1865,-0.1865,0.0380,-3.8015,-3.8015,0.0000,2.8789,2.8789,0.4128
15.586,-0.2330,-0.2330,0.0376,-3.6276,-3.6276,0.0000,2.5828,2.5828,0.4134
15.590,-0.2520,-0.2520,0.0371,-3.6321,-3.6321,0.0000,2.5828,2.5828,0.4138
15.593,-0.2675,-0.2675,0.0367,-3.6340,-3.6340,0.0000,2.5828,2.5828,0.4143
15.596,-0.2835,-0.2835,0.0363,-3.6374,-3.6374,0.0000,2.5828,2.5828,0.4147
15.600,-0.3023,-0.3023,0.0359,-3.6413,-3.6413,0.0000,2.5828,2.5828,0.4151
15.605,-0.3483,-0.3483,0.0355,-3.4863,-3.4863,0.0000,2.6553,2.6553,0.4155
15.609,-0.3716,-0.3716,0.0348,-3.4903,-3.4903,0.0000,2.6553,2.6553,0.4162
15.613,-0.3901,-0.3901,0.0343,-3.4933,-3.4933,0.0000,2.6553,2.6553,0.4167
15.617,-0.4180,-0.4180,0.0339,-3.4995,-3.4995,0.0000,2.6553,2.6553,0.4171
15.624,-0.4924,-0.4924,0.0334,-3.3084,-3.3084,0.0000,2.1956,2.1956,0.4177
15.628,-0.5171,-0.5171,0.0325,-3.3130,-3.3130,0.0000,2.1956,2.1956,0.4183
15.631,-0.5383,-0.5383,0.0320,-3.3167,-3.3167,0.0000,2.1956,2.1956,0.4187
15.636,-0.5709,-0.5709,0.0316,-3.3219,-3.3219,0.0000,2.1956,2.1956,0.4190
15.640,-0.5977,-0.5977,0.0310,-3.3273,-3.3273,0.0000,2.1956,2.1956,0.4195
15.643,-0.6352,-0.6352,0.0305,-3.1864,-3.1864,0.0000,2.4483,2.4483,0.4198
15.647,-0.6632,-0.6632,0.0301,-3.1900,-3.1900,0.0000,2.4483,2.4483,0.4202
15.651,-0.6924,-0.6924,0.0296,-3.1949,-3.1949,0.0000,2.4483,2.4483,0.4206
15.654,-0.7196,-0.7196,0.0291,-3.1991,-3.1991,0.0000,2.4483,2.4483,0.4210
15.657,-0.7459,-0.7459,0.0286,-3.2029,-3.2029,0.0000,2.4483,2.4483,0.4214
15.661,-0.7729,-0.7729,0.0282,-3.2066,-3.2066,0.0000,2.4483,2.4483,0.4217
15.664,-0.8299,-0.8299,0.0278,-3.0057,-3.0057,0.0000,1.9991,1.9991,0.4221
15.669,-0.8804,-0.8804,0.0273,-3.0132,-3.0132,0.0000,1.9991,1.9991,0.4223
15.673,-0.9185,-0.9185,0.0266,-3.0185,-3.0185,0.0000,1.9991,1.9991,0.4228
15.677,-0.9490,-0.9490,0.0260,-3.0226,-3.0226,0.0000,1.9991,1.9991,0.4231
15.680,-0.9789,-0.9789,0.0256,-3.0266,-3.0266,0.0000,1.9991,1.9991,0.4234
15.684,-1.0382,-1.0382,0.0251,-2.8446,-2.8446,0.0000,1.7734,1.7734,0.4237
15.688,-1.0742,-1.0742,0.0245,-2.8504,-2.8504,0.0000,1.7734,1.7734,0.4239
15.692,-1.1092,-1.1092,0.0239,-2.8554,-2.8554,0.0000,1.7734,1.7734,0.4242
15.696,-1.1427,-1.1427,0.0233,-2.8612,-2.8612,0.0000,1.7734,1.7734,0.4245
15.702,-1.1850,-1.1850,0.0227,-2.8683,-2.8683,0.0000,1.7734,1.7734,0.4248
15.705,-1.2310,-1.2310,0.0219,-2.7032,-2.7032,0.0000,1.7460,1.7460,0.4252
15.709,-1.2610,-1.2610,0.0214,-2.7080,-2.7080,0.0000,1.7460,1.7460,0.4254
15.715,-1.3039,-1.3039,0.0208,-2.7162,-2.7162,0.0000,1.7460,1.7460,0.4257
15.719,-1.3332,-1.3332,0.0199,-2.7217,-2.7217,0.0000,1.7460,1.7460,0.4261
15.722,-1.3565,-1.3565,0.0193,-2.7260,-2.7260,0.0000,1.7460,1.7460,0.4263
15.727,-1.4029,-1.4029,0.0188,-2.5585,-2.5585,0.0000,1.7176,1.7176,0.4266
15.736,-1.4658,-1.4658,0.0181,-2.5744,-2.5744,0.0000,1.7176,1.7176,0.4268
15.740,-1.4931,-1.4931,0.0166,-2.5812,-2.5812,0.0000,1.7176,1.7176,0.4274
15.744,-1.5307,-1.5307,0.0159,-2.4098,-2.4098,0.0000,1.6776,1.6776,0.4277
15.748,-1.5552,-1.5552,0.0154,-2.4161,-2.4161,0.0000,1.6776,1.6776,0.4279
15.751,-1.5765,-1.5765,0.0147,-2.4215,-2.4215,0.0000,1.6776,1.6776,0.4282
15.755,-1.5958,-1.5958,0.0142,-2.4269,-2.4269,0.0000,1.6776,1.6776,0.4284
15.758,-1.6138,-1.6138,0.0136,-2.4319,-2.4319,0.0000,1.6776,1.6776,0.4286
15.762,-1.6367,-1.6367,0.0131,-2.4385,-2.4385,0.0000,1.6776,1.6776,0.4288
15.766,-1.6764,-1.6764,0.0124,-2.2525,-2.2525,0.0000,1.4507,1.4507,0.4290
15.770,-1.6986,-1.6986,0.0118,-2.2591,-2.2591,0.0000,1.4507,1.4507,0.4292
15.773,-1.7155,-1.7155,0.0111,-2.2643,-2.2643,0.0000,1.4507,1.4507,0.4294
15.777,-1.7320,-1.7320,0.0106,-2.2696,-2.2696,0.0000,1.4507,1.4507,0.4296
15.780,-1.7478,-1.7478,0.0101,-2.2745,-2.2745,0.0000,1.4507,1.4507,0.4297
15.784,-1.7841,-1.7841,0.0095,-2.0889,-2.0889,0.0000,1.2266,1.2266,0.4299
15.788,-1.8028,-1.8028,0.0089,-2.0949,-2.0949,0.0000,1.2266,1.2266,0.4300
15.792,-1.8217,-1.8217,0.0083,-2.1011,-2.1011,0.0000,1.2266,1.2266,0.4302
15.795,-1.8375,-1.8375,0.0076,-2.1068,-2.1068,0.0000,1.2266,1.2266,0.4303
15.799,-1.8525,-1.8525,0.0070,-2.1121,-2.1121,0.0000,1.2266,1.2266,0.4305
15.803,-1.8845,-1.8845,0.0065,-1.9349,-1.9349,0.0000,1.1620,1.1620,0.4306
15.807,-1.9019,-1.9019,0.0058,-1.9423,-1.9423,0.0000,1.1620,1.1620,0.4307
15.810,-1.9156,-1.9156,0.0051,-1.9488,-1.9488,0.0000,1.1620,1.1620,0.4309
15.814,-1.9286,-1.9286,0.0045,-1.9550,-1.9550,0.0000,1.1620,1.1620,0.4310
15.817,-1.9430,-1.9430,0.0040,-1.9625,-1.9625,0.0000,1.1620,1.1620,0.4311
15.821,-1.9561,-1.9561,0.0034,-1.9693,-1.9693,0.0000,1.1620,1.1620,0.4312
15.825,-1.9925,-1.9925,0.0028,-1.7855,-1.7855,0.0000,0.7862,0.7862,0.4313
15.830,-2.0117,-2.0117,0.0021,-1.7963,-1.7963,0.0000,0.7862,0.7862,0.4314
15.837,-2.0376,-2.0376,0.0012,-1.8116,-1.8116,0.0000,0.7862,0.7862,0.4314
15.841,-2.0498,-2.0498,0.0000,-1.8189,-1.8189,0.0000,0.7862,0.7862,0.4315
15.845,-2.0700,-2.0700,-0.0006,-1.6444,-1.6444,0.0000,1.0079,1.0079,0.4316
15.851,-2.0867,-2.0867,-0.0014,-1.6557,-1.6557,0.0000,1.0079,1.0079,0.4317
15.856,-2.1026,-2.1026,-0.0022,-1.6663,-1.6663,0.0000,1.0079,1.0079,0.4318
15.860,-2.1143,-2.1143,-0.0031,-1.6745,-1.6745,0.0000,1.0079,1.0079,0.4319
15.866,-2.1518,-2.1518,-0.0037,-1.5033,-1.5033,0.0000,0.6424,0.6424,0.4320
15.870,-2.1651,-2.1651,-0.0048,-1.5141,-1.5141,0.0000,0.6424,0.6424,0.4320
15.874,-2.1744,-2.1744,-0.0056,-1.5220,-1.5220,0.0000,0.6424,0.6424,0.4321
15.877,-2.1832,-2.1832,-0.0061,-1.5302,-1.5302,0.0000,0.6424,0.6424,0.4321
15.880,-2.1920,-2.1920,-0.0067,-1.5387,-1.5387,0.0000,0.6424,0.6424,0.4321
15.884,-2.2051,-2.2051,-0.0072,-1.3584,-1.3584,0.0000,0.8442,0.8442,0.4321
15.888,-2.2154,-2.2154,-0.0078,-1.3702,-1.3702,0.0000,0.8442,0.8442,0.4322
15.891,-2.2235,-2.2235,-0.0085,-1.3797,-1.3797,0.0000,0.8442,0.8442,0.4322
15.894,-2.2313,-2.2313,-0.0091,-1.3892,-1.3892,0.0000,0.8442,0.8442,0.4323
15.898,-2.2391,-2.2391,-0.0096,-1.3989,-1.3989,0.0000,0.8442,0.8442,0.4323
15.902,-2.2501,-2.2501,-0.0101,-1.4131,-1.4131,0.0000,0.8442,0.8442,0.4324
15.906,-2.2727,-2.2727,-0.0109,-1.2442,-1.2442,0.0000,0.6430,0.6430,0.4324
15.910,-2.2816,-2.2816,-0.0116,-1.2565,-1.2565,0.0000,0.6430,0.6430,0.4325
15.914,-2.2888,-2.2888,-0.0122,-1.2666,-1.2666,0.0000,0.6430,0.6430,0.4325
15.917,-2.2967,-2.2967,-0.0128,-1.2779,-1.2779,0.0000,0.6430,0.6430,0.4325
15.921,-2.3039,-2.3039,-0.0134,-1.2884,-1.2884,0.0000,0.6430,0.6430,0.4325
15.924,-2.3223,-2.3223,-0.0140,-1.1194,-1.1194,0.0000,0.4565,0.4565,0.4325
15.928,-2.3308,-2.3308,-0.0145,-1.1328,-1.1328,0.0000,0.4565,0.4565,0.4325
15.933,-2.3402,-2.3402,-0.0152,-1.1481,-1.1481,0.0000,0.4565,0.4565,0.4325
15.938,-2.3506,-2.3506,-0.0160,-1.1671,-1.1671,0.0000,0.4565,0.4565,0.4325
15.945,-2.3668,-2.3668,-0.0169,-1.0071,-1.0071,0.0000,0.5670,0.5670,0.4325
15.951,-2.3766,-2.3766,-0.0181,-1.0298,-1.0298,0.0000,0.5670,0.5670,0.4325
15.955,-2.3830,-2.3830,-0.0190,-1.0456,-1.0456,0.0000,0.5670,0.5670,0.4325
15.958,-2.3886,-2.3886,-0.0196,-1.0605,-1.0605,0.0000,0.5670,0.5670,0.4325
15.961,-2.3939,-2.3939,-0.0202,-1.0754,-1.0754,0.0000,0.5670,0.5670,0.4325
15.966,-2.4039,-2.4039,-0.0207,-0.9125,-0.9125,0.0000,0.6615,0.6615,0.4325
15.970,-2.4109,-2.4109,-0.0214,-0.9340,-0.9340,0.0000,0.6615,0.6615,0.4325
15.974,-2.4160,-2.4160,-0.0221,-0.9502,-0.9502,0.0000,0.6615,0.6615,0.4325
15.977,-2.4208,-2.4208,-0.0227,-0.9659,-0.9659,0.0000,0.6615,0.6615,0.4326
15.980,-2.4258,-2.4258,-0.0232,-0.9827,-0.9827,0.0000,0.6615,0.6615,0.4326
15.984,-2.4432,-2.4432,-0.0238,-0.8371,-0.8371,0.0000,0.3212,0.3212,0.4326
15.988,-2.4489,-2.4489,-0.0244,-0.8574,-0.8574,0.0000,0.3212,0.3212,0.4326
15.991,-2.4535,-2.4535,-0.0250,-0.8745,-0.8745,0.0000,0.3212,0.3212,0.4325
15.998,-2.4622,-2.4622,-0.0256,-0.9089,-0.9089,0.0000,0.3212,0.3212,0.4325
16.004,-2.4712,-2.4712,-0.0266,-0.7652,-0.7652,0.0000,0.4220,0.4220,0.4324
16.008,-2.4768,-2.4768,-0.0276,-0.7933,-0.7933,0.0000,0.4220,0.4220,0.4324
16.012,-2.4808,-2.4808,-0.0283,-0.8154,-0.8154,0.0000,0.4220,0.4220,0.4323
16.018,-2.4880,-2.4880,-0.0288,-0.8592,-0.8592,0.0000,0.4220,0.4220,0.4323
16.022,-2.4923,-2.4923,-0.0298,-0.8877,-0.8877,0.0000,0.4220,0.4220,0.4323
16.026,-2.5024,-2.5024,-0.0304,-0.7548,-0.7548,0.0000,0.2495,0.2495,0.4323
16.031,-2.5079,-2.5079,-0.0310,-0.7970,-0.7970,0.0000,0.2495,0.2495,0.4322
16.035,-2.5124,-2.5124,-0.0318,-0.8339,-0.8339,0.0000,0.2495,0.2495,0.4321
16.039,-2.5162,-2.5162,-0.0325,-0.8652,-0.8652,0.0000,0.2495,0.2495,0.4321
16.042,-2.5196,-2.5196,-0.0331,-0.8948,-0.8948,0.0000,0.2495,0.2495,0.4320
16.046,-2.5241,-2.5241,-0.0336,-0.7633,-0.7633,0.0000,0.3244,0.3244,0.4320
16.055,-2.5322,-2.5322,-0.0343,-0.8446,-0.8446,0.0000,0.3244,0.3244,0.4319
16.059,-2.5360,-2.5360,-0.0356,-0.8869,-0.8869,0.0000,0.3244,0.3244,0.4318
16.062,-2.5392,-2.5392,-0.0362,-0.9252,-0.9252,0.0000,0.3244,0.3244,0.4318
16.066,-2.5453,-2.5453,-0.0368,-0.8075,-0.8075,0.0000,0.1455,0.1455,0.4318
16.070,-2.5490,-2.5490,-0.0373,-0.8616,-0.8616,0.0000,0.1455,0.1455,0.4317
16.074,-2.5517,-2.5517,-0.0380,-0.9056,-0.9056,0.0000,0.1455,0.1455,0.4316
16.077,-2.5544,-2.5544,-0.0385,-0.9517,-0.9517,0.0000,0.1455,0.1455,0.4315
16.080,-2.5569,-2.5569,-0.0390,-0.9991,-0.9991,0.0000,0.1455,0.1455,0.4315
16.084,-2.5602,-2.5602,-0.0394,-0.9010,-0.9010,0.0000,0.0914,0.0914,0.4314
16.089,-2.5642,-2.5642,-0.0400,-0.9900,-0.9900,0.0000,0.0914,0.0914,0.4313
16.092,-2.5667,-2.5667,-0.0408,-1.0506,-1.0506,0.0000,0.0914,0.0914,0.4312
16.096,-2.5691,-2.5691,-0.0413,-1.1092,-1.1092,0.0000,0.0914,0.0914,0.4312
16.099,-2.5715,-2.5715,-0.0418,-1.1719,-1.1719,0.0000,0.0914,0.0914,0.4311
16.103,-2.5735,-2.5735,-0.0423,-1.0891,-1.0891,0.0000,0.0296,0.0296,0.4310
16.107,-2.5763,-2.5763,-0.0429,-1.1659,-1.1659,0.0000,0.0296,0.0296,0.4309
16.110,-2.5784,-2.5784,-0.0435,-1.2115,-1.2115,0.0000,0.0296,0.0296,0.4308
16.113,-2.5804,-2.5804,-0.0439,-1.2438,-1.2438,0.0000,0.0296,0.0296,0.4307
16.117,-2.5828,-2.5828,-0.0444,-1.2636,-1.2636,0.0000,0.0296,0.0296,0.4307
16.121,-2.5854,-2.5854,-0.0449,-1.2635,-1.2635,0.0000,0.0296,0.0296,0.4306
16.125,-2.5861,-2.5861,-0.0456,-1.0990,-1.0990,0.0000,-0.0408,-0.0408,0.4305
16.129,-2.5885,-2.5885,-0.0461,-1.0631,-1.0631,0.0000,-0.0408,-0.0408,0.4304
16.135,-2.5922,-2.5922,-0.0467,-0.9568,-0.9568,0.0000,-0.0408,-0.0408,0.4303
16.143,-2.5939,-2.5939,-0.0476,-0.6549,-0.6549,0.0000,0.0092,0.0092,0.4301
16.150,-2.5978,-2.5978,-0.0487,-0.5283,-0.5283,0.0000,0.0092,0.0092,0.4299
16.159,-2.6025,-2.6025,-0.0498,-0.4074,-0.4074,0.0000,0.0092,0.0092,0.4297
16.164,-2.6015,-2.6015,-0.0511,-0.2169,-0.2169,0.0000,0.0452,0.0452,0.4295
16.172,-2.6051,-2.6051,-0.0517,-0.1633,-0.1633,0.0000,0.0452,0.0452,0.4294
16.175,-2.6067,-2.6067,-0.0528,-0.1464,-0.1464,0.0000,0.0452,0.0452,0.4292
16.179,-2.6081,-2.6081,-0.0533,-0.1376,-0.1376,0.0000,0.0452,0.0452,0.4291
16.182,-2.6096,-2.6096,-0.0538,-0.1357,-0.1357,0.0000,0.0452,0.0452,0.4291
16.186,-2.6063,-2.6063,-0.0543,0.0002,0.0002,0.0000,-0.1521,-0.1521,0.4290
16.190,-2.6079,-2.6079,-0.0548,-0.0179,-0.0179,0.0002,-0.1521,-0.1521,0.4289
16.193,-2.6092,-2.6092,-0.0553,-0.0406,-0.0406,0.0000,-0.1521,-0.1521,0.4287
16.197,-2.6109,-2.6109,-0.0557,-0.0852,-0.0852,0.0000,-0.1521,-0.1521,0.4286
16.202,-2.6126,-2.6126,-0.0563,-0.1472,-0.1472,0.0000,-0.1521,-0.1521,0.4285
16.205,-2.6100,-2.6100,-0.0569,-0.0817,-0.0817,0.0000,-0.0224,-0.0224,0.4284
16.209,-2.6114,-2.6114,-0.0574,-0.1598,-0.1598,0.0000,-0.0224,-0.0224,0.4283
16.212,-2.6126,-2.6126,-0.0579,-0.2405,-0.2405,0.0000,-0.0224,-0.0224,0.4282
16.216,-2.6138,-2.6138,-0.0583,-0.3364,-0.3364,0.0000,-0.0224,-0.0224,0.4281
16.219,-2.6151,-2.6151,-0.0588,-0.4496,-0.4496,0.0000,-0.0224,-0.0224,0.4281
16.222,-2.6162,-2.6162,-0.0593,-0.5627,-0.5627,0.0000,-0.0224,-0.0224,0.4280
16.226,-2.6122,-2.6122,-0.0597,-0.5609,-0.5609,0.0000,-0.0022,-0.0022,0.4279
16.231,-2.6138,-2.6138,-0.0602,-0.7761,-0.7761,0.0000,-0.0022,-0.0022,0.4278
16.235,-2.6150,-2.6150,-0.0608,-0.9715,-0.9715,0.0000,-0.0022,-0.0022,0.4277
16.238,-2.6160,-2.6160,-0.0613,-1.1477,-1.1477,0.0000,-0.0022,-0.0022,0.4276
16.241,-2.6170,-2.6170,-0.0618,-1.3305,-1.3305,0.0000,-0.0022,-0.0022,0.4276
16.245,-2.6105,-2.6105,-0.0622,-1.4016,-1.4016,0.0000,-0.1888,-0.1888,0.4275
16.249,-2.6117,-2.6117,-0.0626,-1.6738,-1.6738,0.0000,-0.1888,-0.1888,0.4274
16.252,-2.6128,-2.6128,-0.0632,-1.9233,-1.9233,0.0000,-0.1888,-0.1888,0.4273
16.256,-2.6136,-2.6136,-0.0637,-2.1492,-2.1492,0.0000,-0.1888,-0.1888,0.4271
16.261,-2.6151,-2.6151,-0.0641,-2.5579,-2.5579,0.0000,-0.1888,-0.1888,0.4270
16.269,-2.6112,-2.6112,-0.0648,-3.0580,-3.0580,0.0000,-0.1679,-0.1679,0.4269
16.273,-2.6122,-2.6122,-0.0657,-3.3795,-3.3795,0.0000,-0.1679,-0.1679,0.4267
16.276,-2.6130,-2.6130,-0.0662,-3.6543,-3.6543,0.0000,-0.1679,-0.1679,0.4265
16.279,-2.6138,-2.6138,-0.0666,-3.9257,-3.9257,0.0000,-0.1679,-0.1679,0.4264
16.284,-2.6088,-2.6088,-0.0671,-4.2251,-4.2251,0.0000,-0.1547,-0.1547,0.4263
16.289,-2.6097,-2.6097,-0.0677,-4.5560,-4.5560,0.0000,-0.1547,-0.1547,0.4262
16.293,-2.6106,-2.6106,-0.0682,-4.8648,-4.8648,0.0000,-0.1547,-0.1547,0.4261
16.296,-2.6114,-2.6114,-0.0687,-5.1385,-5.1385,0.0000,-0.1547,-0.1547,0.4260
16.300,-2.6122,-2.6122,-0.0692,-5.4098,-5.4098,0.0000,-0.1547,-0.1547,0.4259
16.305,-2.6066,-2.6066,-0.0696,-5.6287,-5.6287,0.0000,-0.1491,-0.1491,0.4258
16.310,-2.6076,-2.6076,-0.0703,-5.9233,-5.9233,0.0000,-0.1491,-0.1491,0.4256
16.314,-2.6082,-2.6082,-0.0709,-6.0957,-6.0957,0.0000,-0.1491,-0.1491,0.4255
16.317,-2.6089,-2.6089,-0.0713,-6.2723,-6.2723,0.0000,-0.1491,-0.1491,0.4254
16.325,-2.6033,-2.6033,-0.0717,-6.4626,-6.4626,0.0000,-0.1560,-0.1560,0.4253
16.329,-2.6041,-2.6041,-0.0726,-6.6120,-6.6120,0.0000,-0.1560,-0.1560,0.4251
16.333,-2.6047,-2.6047,-0.0731,-6.7069,-6.7069,0.0000,-0.1560,-0.1560,0.4250
16.337,-2.6053,-2.6053,-0.0736,-6.7917,-6.7917,0.0000,-0.1560,-0.1560,0.4249
16.340,-2.6059,-2.6059,-0.0740,-6.8520,-6.8520,0.0000,-0.1560,-0.1560,0.4248
16.343,-2.5991,-2.5991,-0.0744,-6.7906,-6.7906,0.0000,-0.1705,-0.1705,0.4247
16.347,-2.5997,-2.5997,-0.0748,-6.8259,-6.8259,0.0000,-0.1705,-0.1705,0.4246
16.351,-2.6003,-2.6003,-0.0752,-6.8439,-6.8439,0.0000,-0.1705,-0.1705,0.4245
16.355,-2.6009,-2.6009,-0.0756,-6.8440,-6.8440,0.0000,-0.1705,-0.1705,0.4244
16.359,-2.6015,-2.6015,-0.0761,-6.8322,-6.8322,0.0000,-0.1705,-0.1705,0.4243
16.362,-2.6019,-2.6019,-0.0766,-6.8125,-6.8125,0.0000,-0.1705,-0.1705,0.4242
16.365,-2.5949,-2.5949,-0.0769,-6.6801,-6.6801,0.0000,-0.1912,-0.1912,0.4241
16.371,-2.5956,-2.5956,-0.0773,-6.6157,-6.6157,0.0000,-0.1912,-0.1912,0.4240
16.378,-2.5966,-2.5966,-0.0779,-6.5057,-6.5057,0.0000,-0.1912,-0.1912,0.4238
16.382,-2.5971,-2.5971,-0.0787,-6.4389,-6.4389,0.0000,-0.1912,-0.1912,0.4236
16.387,-2.5900,-2.5900,-0.0792,-6.2596,-6.2596,0.0000,-0.2188,-0.2188,0.4235
16.391,-2.5904,-2.5904,-0.0797,-6.1875,-6.1875,0.0000,-0.2188,-0.2188,0.4234
16.394,-2.5908,-2.5908,-0.0801,-6.1295,-6.1295,0.0000,-0.2188,-0.2188,0.4233
16.397,-2.5912,-2.5912,-0.0805,-6.0729,-6.0729,0.0000,-0.2188,-0.2188,0.4232
16.401,-2.5916,-2.5916,-0.0809,-6.0067,-6.0067,0.0000,-0.2188,-0.2188,0.4231
16.405,-2.5844,-2.5844,-0.0813,-5.8520,-5.8520,0.0000,-0.1869,-0.1869,0.4230
16.408,-2.5848,-2.5848,-0.0817,-5.7875,-5.7875,0.0000,-0.1869,-0.1869,0.4229
16.412,-2.5852,-2.5852,-0.0821,-5.7323,-5.7323,0.0000,-0.1869,-0.1869,0.4228
16.415,-2.5855,-2.5855,-0.0824,-5.6759,-5.6759,0.0000,-0.1869,-0.1869,0.4227
16.420,-2.5860,-2.5860,-0.0828,-5.5968,-5.5968,0.0000,-0.1869,-0.1869,0.4226
16.424,-2.5786,-2.5786,-0.0833,-5.4360,-5.4360,0.0000,-0.1637,-0.1637,0.4225
16.428,-2.5790,-2.5790,-0.0837,-5.3678,-5.3678,0.0000,-0.1637,-0.1637,0.4224
16.431,-2.5793,-2.5793,-0.0842,-5.3161,-5.3161,0.0000,-0.1637,-0.1637,0.4223
16.435,-2.5796,-2.5796,-0.0845,-5.2509,-5.2509,0.0000,-0.1637,-0.1637,0.4222
16.439,-2.5799,-2.5799,-0.0849,-5.1966,-5.1966,0.0000,-0.1637,-0.1637,0.4221
16.442,-2.5802,-2.5802,-0.0853,-5.1457,-5.1457,0.0000,-0.1637,-0.1637,0.4220
16.445,-2.5724,-2.5724,-0.0856,-5.0035,-5.0035,0.0000,-0.1548,-0.1548,0.4220
16.451,-2.5413,-2.5413,-0.0859,-4.9142,-4.9142,0.0000,-0.1548,-0.1548,0.4219
16.456,-2.4490,-2.4490,-0.0865,-4.8314,-4.8314,0.0000,-0.1548,-0.1548,0.4217
16.461,-2.3742,-2.3742,-0.0870,-4.7650,-4.7650,0.0000,-0.1548,-0.1548,0.4216
16.464,-2.3121,-2.3121,-0.0875,-4.6243,-4.6243,0.0000,-0.2185,-0.2185,0.4215
16.469,-2.2440,-2.2440,-0.0878,-4.5652,-4.5652,0.0000,-0.2185,-0.2185,0.4214
16.476,-2.1406,-2.1406,-0.0881,-4.4769,-4.4769,0.0000,-0.2185,-0.2185,0.4213
16.484,-2.0133,-2.0133,-0.0887,-4.2873,-4.2873,0.0000,-0.2821,-0.2821,0.4211
16.488,-1.9485,-1.9485,-0.0893,-4.2341,-4.2341,0.0000,-0.2821,-0.2821,0.4209
16.492,-1.8994,-1.8994,-0.0896,-4.1944,-4.1944,0.0000,-0.2821,-0.2821,0.4207
16.497,-1.8381,-1.8381,-0.0898,-4.1456,-4.1456,0.0000,-0.2821,-0.2821,0.4206
16.501,-1.7814,-1.7814,-0.0901,-4.1010,-4.1010,0.0000,-0.2821,-0.2821,0.4205
16.504,-1.7286,-1.7286,-0.0904,-3.9805,-3.9805,0.0000,-0.2904,-0.2904,0.4204
16.508,-1.6818,-1.6818,-0.0906,-3.9448,-3.9448,0.0000,-0.2904,-0.2904,0.4203
16.512,-1.6409,-1.6409,-0.0908,-3.9140,-3.9140,0.0000,-0.2904,-0.2904,0.4202
16.515,-1.6023,-1.6023,-0.0909,-3.8854,-3.8854,0.0000,-0.2904,-0.2904,0.4201
16.519,-1.5599,-1.5599,-0.0911,-3.8543,-3.8543,0.0000,-0.2904,-0.2904,0.4200
16.522,-1.5224,-1.5224,-0.0913,-3.8272,-3.8272,0.0000,-0.2904,-0.2904,0.4199
16.525,-1.4778,-1.4778,-0.0914,-3.7174,-3.7174,0.0000,-0.3046,-0.3046,0.4198
16.530,-1.4265,-1.4265,-0.0916,-3.6816,-3.6816,0.0000,-0.3046,-0.3046,0.4197
16.534,-1.3845,-1.3845,-0.0917,-3.6529,-3.6529,0.0000,-0.3046,-0.3046,0.4196
16.537,-1.3484,-1.3484,-0.0919,-3.6286,-3.6286,0.0000,-0.3046,-0.3046,0.4194
16.540,-1.3149,-1.3149,-0.0920,-3.6066,-3.6066,0.0000,-0.3046,-0.3046,0.4194
16.544,-1.2713,-1.2713,-0.0921,-3.5017,-3.5017,0.0000,-0.3244,-0.3244,0.4193
16.548,-1.2322,-1.2322,-0.0922,-3.4769,-3.4769,0.0000,-0.3244,-0.3244,0.4192
16.551,-1.1960,-1.1960,-0.0923,-3.4544,-3.4544,0.0000,-0.3244,-0.3244,0.4190
16.555,-1.1637,-1.1637,-0.0924,-3.4348,-3.4348,0.0000,-0.3244,-0.3244,0.4189
16.558,-1.1336,-1.1336,-0.0925,-3.4168,-3.4168,0.0000,-0.3244,-0.3244,0.4188
16.562,-1.0964,-1.0964,-0.0926,-3.3952,-3.3952,0.0000,-0.3244,-0.3244,0.4187
16.565,-1.0561,-1.0561,-0.0927,-3.2970,-3.2970,0.0000,-0.3561,-0.3561,0.4186
16.570,-1.0180,-1.0180,-0.0928,-3.2761,-3.2761,0.0000,-0.3561,-0.3561,0.4185
16.573,-0.9894,-0.9894,-0.0929,-3.2607,-3.2607,0.0000,-0.3561,-0.3561,0.4184
16.577,-0.9518,-0.9518,-0.0929,-3.2412,-3.2412,0.0000,-0.3561,-0.3561,0.4183
16.585,-0.8840,-0.8840,-0.0930,-3.1343,-3.1343,0.0000,-0.3900,-0.3900,0.4182
16.588,-0.8526,-0.8526,-0.0931,-3.1195,-3.1195,0.0000,-0.3900,-0.3900,0.4179
16.593,-0.8212,-0.8212,-0.0931,-3.1051,-3.1051,0.0000,-0.3900,-0.3900,0.4178
16.596,-0.7945,-0.7945,-0.0931,-3.0934,-3.0934,0.0000,-0.3900,-0.3900,0.4177
16.600,-0.7677,-0.7677,-0.0932,-3.0821,-3.0821,0.0000,-0.3900,-0.3900,0.4176
16.604,-0.7299,-0.7299,-0.0932,-2.9945,-2.9945,0.0000,-0.4271,-0.4271,0.4175
16.609,-0.6920,-0.6920,-0.0932,-2.9801,-2.9801,0.0000,-0.4271,-0.4271,0.4173
16.613,-0.6600,-0.6600,-0.0932,-2.9686,-2.9686,0.0000,-0.4271,-0.4271,0.4172
16.617,-0.6353,-0.6353,-0.0932,-2.9601,-2.9601,0.0000,-0.4271,-0.4271,0.4170
16.622,-0.6055,-0.6055,-0.0932,-2.9506,-2.9506,0.0000,-0.4271,-0.4271,0.4169
16.628,-0.5561,-0.5561,-0.0932,-2.8653,-2.8653,0.0000,-0.4695,-0.4695,0.4168
16.632,-0.5317,-0.5317,-0.0932,-2.8587,-2.8587,0.0000,-0.4695,-0.4695,0.4165
16.636,-0.5072,-0.5072,-0.0931,-2.8526,-2.8526,0.0000,-0.4695,-0.4695,0.4164
16.639,-0.4859,-0.4859,-0.0931,-2.8477,-2.8477,0.0000,-0.4695,-0.4695,0.4163
16.643,-0.4573,-0.4573,-0.0931,-2.7721,-2.7721,0.0000,-0.5132,-0.5132,0.4162
16.646,-0.4354,-0.4354,-0.0930,-2.7679,-2.7679,0.0000,-0.5132,-0.5132,0.4160
16.650,-0.4149,-0.4149,-0.0930,-2.7644,-2.7644,0.0000,-0.5132,-0.5132,0.4159
16.655,-0.3905,-0.3905,-0.0930,-2.7607,-2.7607,0.0000,-0.5132,-0.5132,0.4158
16.658,-0.3718,-0.3718,-0.0929,-2.7582,-2.7582,0.0000,-0.5132,-0.5132,0.4156
16.661,-0.3543,-0.3543,-0.0929,-2.7563,-2.7563,0.0000,-0.5132,-0.5132,0.4155
16.665,-0.3277,-0.3277,-0.0928,-2.6855,-2.6855,0.0000,-0.5609,-0.5609,0.4154
16.669,-0.3052,-0.3052,-0.0928,-2.6839,-2.6839,0.0000,-0.5609,-0.5609,0.4153
16.672,-0.2890,-0.2890,-0.0927,-2.6831,-2.6831,0.0000,-0.5609,-0.5609,0.4151
16.675,-0.2737,-0.2737,-0.0926,-2.6826,-2.6826,0.0000,-0.5609,-0.5609,0.4150
16.679,-0.2583,-0.2583,-0.0926,-2.6824,-2.6824,0.0000,-0.5609,-0.5609,0.4149
16.682,-0.2417,-0.2417,-0.0925,-2.6825,-2.6825,0.0000,-0.5609,-0.5609,0.4147
16.689,-0.2018,-0.2018,-0.0924,-2.6169,-2.6169,0.0000,-0.6147,-0.6147,0.4146
16.697,-0.1633,-0.1633,-0.0923,-2.6205,-2.6205,0.0000,-0.6147,-0.6147,0.4144
16.702,-0.1424,-0.1424,-0.0921,-2.6231,-2.6231,0.0000,-0.6147,-0.6147,0.4140
16.706,-0.1178,-0.1178,-0.0920,-2.5606,-2.5606,0.0000,-0.6693,-0.6693,0.4138
16.710,-0.1022,-0.1022,-0.0919,-2.5632,-2.5632,0.0000,-0.6693,-0.6693,0.4137
16.714,-0.0859,-0.0859,-0.0918,-2.5664,-2.5664,0.0000,-0.6693,-0.6693,0.4135
16.718,-0.0689,-0.0689,-0.0917,-2.5701,-2.5701,0.0000,-0.6693,-0.6693,0.4134
16.722,-0.0549,-0.0549,-0.0915,-2.5735,-2.5735,0.0000,-0.6693,-0.6693,0.4132
16.726,-0.0328,-0.0328,-0.0914,-2.5144,-2.5144,0.0000,-0.7370,-0.7370,0.4130
16.730,-0.0178,-0.0178,-0.0913,-2.5187,-2.5187,0.0000,-0.7370,-0.7370,0.4129
16.733,-0.0045,-0.0045,-0.0912,-2.5228,-2.5228,0.0000,-0.7370,-0.7370,0.4127
16.737,0.0091,0.0091,-0.0911,-2.5274,-2.5274,0.0000,-0.7370,-0.7370,0.4126
16.741,0.0218,0.0218,-0.0910,-2.5319,-2.5319,0.0000,-0.7370,-0.7370,0.4124
16.746,0.0488,0.0488,-0.0909,-2.4784,-2.4784,0.0000,-0.8117,-0.8117,0.4122
16.751,0.0640,0.0640,-0.0907,-2.4846,-2.4846,0.0000,-0.8117,-0.8117,0.4120
16.755,0.0750,0.0750,-0.0906,-2.4894,-2.4894,0.0000,-0.8117,-0.8117,0.4118
16.759,0.0890,0.0890,-0.0904,-2.4959,-2.4959,0.0000,-0.8117,-0.8117,0.4116
16.764,0.1140,0.1140,-0.0903,-2.4453,-2.4453,0.0000,-0.8833,-0.8833,0.4114
16.769,0.1276,0.1276,-0.0901,-2.4523,-2.4523,0.0000,-0.8833,-0.8833,0.4112
16.772,0.1373,0.1373,-0.0899,-2.4574,-2.4574,0.0000,-0.8833,-0.8833,0.4109
16.778,0.1538,0.1538,-0.0898,-2.4667,-2.4667,0.0000,-0.8833,-0.8833,0.4108
16.782,0.1629,0.1629,-0.0896,-2.4720,-2.4720,0.0000,-0.8833,-0.8833,0.4105
16.785,0.1828,0.1828,-0.0895,-2.4221,-2.4221,0.0000,-0.9488,-0.9488,0.4103
16.791,0.1960,0.1960,-0.0893,-2.4259,-2.4259,0.0000,-0.9488,-0.9488,0.4101
16.799,0.2162,0.2162,-0.0891,-2.4169,-2.4169,0.0000,-0.9488,-0.9488,0.4099
16.803,0.2367,0.2367,-0.0888,-2.3543,-2.3543,0.0000,-1.0087,-1.0087,0.4094
16.807,0.2462,0.2462,-0.0886,-2.3417,-2.3417,0.0000,-1.0087,-1.0087,0.4092
16.810,0.2537,0.2537,-0.0885,-2.3290,-2.3290,0.0000,-1.0087,-1.0087,0.4090
16.814,0.2608,0.2608,-0.0884,-2.3140,-2.3140,0.0000,-1.0087,-1.0087,0.4088
16.818,0.2694,0.2694,-0.0882,-2.2910,-2.2910,0.0000,-1.0087,-1.0087,0.4087
16.821,0.2776,0.2776,-0.0881,-2.2646,-2.2646,0.0000,-1.0087,-1.0087,0.4084
16.826,0.2962,0.2962,-0.0879,-2.1806,-2.1806,0.0000,-1.0622,-1.0622,0.4082
16.830,0.3047,0.3047,-0.0877,-2.1428,-2.1428,0.0000,-1.0622,-1.0622,0.4080
16.833,0.3116,0.3116,-0.0876,-2.1080,-2.1080,0.0000,-1.0622,-1.0622,0.4078
16.838,0.3204,0.3204,-0.0874,-2.0572,-2.0572,0.0000,-1.0622,-1.0622,0.4076
16.842,0.3280,0.3280,-0.0872,-2.0114,-2.0114,0.0000,-1.0622,-1.0622,0.4074
16.845,0.3444,0.3444,-0.0871,-1.9226,-1.9226,0.0000,-1.1175,-1.1175,0.4071
16.849,0.3515,0.3515,-0.0869,-1.8759,-1.8759,0.0000,-1.1175,-1.1175,0.4070
16.854,0.3596,0.3596,-0.0867,-1.8207,-1.8207,0.0000,-1.1175,-1.1175,0.4067
16.857,0.3662,0.3662,-0.0865,-1.7735,-1.7735,0.0000,-1.1175,-1.1175,0.4065
16.861,0.3719,0.3719,-0.0864,-1.7317,-1.7317,0.0000,-1.1175,-1.1175,0.4063
16.864,0.3872,0.3872,-0.0862,-1.6434,-1.6434,0.0000,-1.1667,-1.1667,0.4061
16.869,0.3955,0.3955,-0.0861,-1.5777,-1.5777,0.0000,-1.1667,-1.1667,0.4059
16.872,0.4011,0.4011,-0.0859,-1.5329,-1.5329,0.0000,-1.1667,-1.1667,0.4056
16.876,0.4062,0.4062,-0.0857,-1.4905,-1.4905,0.0000,-1.1667,-1.1667,0.4054
16.879,0.4109,0.4109,-0.0856,-1.4500,-1.4500,0.0000,-1.1667,-1.1667,0.4052
16.882,0.4159,0.4159,-0.0854,-1.4067,-1.4067,0.0000,-1.1667,-1.1667,0.4051
16.887,0.4328,0.4328,-0.0853,-1.2989,-1.2989,0.0000,-1.2204,-1.2204,0.4049
16.891,0.4387,0.4387,-0.0851,-1.2441,-1.2441,0.0000,-1.2204,-1.2204,0.4046
16.894,0.4432,0.4432,-0.0849,-1.2021,-1.2021,0.0000,-1.2204,-1.2204,0.4043
16.899,0.4492,0.4492,-0.0847,-1.1440,-1.1440,0.0000,-1.2204,-1.2204,0.4042
16.906,0.4695,0.4695,-0.0845,-0.9933,-0.9933,0.0000,-1.2597,-1.2597,0.4039
16.913,0.4773,0.4773,-0.0841,-0.9131,-0.9131,0.0000,-1.2597,-1.2597,0.4034
16.919,0.4850,0.4850,-0.0839,-0.8309,-0.8309,0.0000,-1.2597,-1.2597,0.4031
16.923,0.4994,0.4994,-0.0836,-0.7356,-0.7356,0.0000,-1.2901,-1.2901,0.4027
16.930,0.5075,0.5075,-0.0834,-0.6444,-0.6444,0.0000,-1.2901,-1.2901,0.4025
16.934,0.5125,0.5125,-0.0831,-0.5873,-0.5873,0.0000,-1.2901,-1.2901,0.4020
16.938,0.5163,0.5163,-0.0828,-0.5432,-0.5432,0.0000,-1.2901,-1.2901,0.4018
16.941,0.5199,0.5199,-0.0827,-0.5022,-0.5022,0.0000,-1.2901,-1.2901,0.4016
16.944,0.5325,0.5325,-0.0825,-0.4215,-0.4215,0.0000,-1.3139,-1.3139,0.4014
16.950,0.5379,0.5379,-0.0824,-0.3567,-0.3567,0.0000,-1.3139,-1.3139,0.4012
16.954,0.5423,0.5423,-0.0821,-0.3032,-0.3032,0.0000,-1.3139,-1.3139,0.4009
16.958,0.5459,0.5459,-0.0819,-0.2576,-0.2576,0.0000,-1.3139,-1.3139,0.4006
16.961,0.5494,0.5494,-0.0817,-0.2138,-0.2138,0.0000,-1.3139,-1.3139,0.4004
16.965,0.5616,0.5616,-0.0815,-0.1347,-0.1347,0.0000,-1.3306,-1.3306,0.4002
16.969,0.5659,0.5659,-0.0814,-0.0799,-0.0799,0.0000,-1.3306,-1.3306,0.4000
16.973,0.5693,0.5693,-0.0812,-0.0354,-0.0354,0.0000,-1.3306,-1.3306,0.3997
16.977,0.5725,0.5725,-0.0810,0.0065,0.0065,0.0000,-1.3306,-1.3306,0.3995
16.981,0.5761,0.5761,-0.0808,0.0542,0.0542,0.0065,-1.3306,-1.3306,0.3993
16.985,0.5883,0.5883,-0.0806,0.1374,0.1374,0.0542,-1.3392,-1.3392,0.3990
16.989,0.5914,0.5914,-0.0804,0.1799,0.1799,0.1374,-1.3392,-1.3392,0.3988
16.993,0.5946,0.5946,-0.0802,0.2232,0.2232,0.1799,-1.3392,-1.3392,0.3985
16.997,0.5974,0.5974,-0.0800,0.2622,0.2622,0.2232,-1.3392,-1.3392,0.3983
17.001,0.6007,0.6007,-0.0798,0.3083,0.3083,0.2622,-1.3392,-1.3392,0.3981
17.006,0.6127,0.6127,-0.0796,0.3925,0.3925,0.3083,-1.3402,-1.3402,0.3979
17.014,0.6183,0.6183,-0.0794,0.4741,0.4741,0.3925,-1.3402,-1.3402,0.3976
17.017,0.6209,0.6209,-0.0790,0.5106,0.5106,0.4741,-1.3402,-1.3402,0.3971
17.021,0.6232,0.6232,-0.0789,0.5442,0.5442,0.5106,-1.3402,-1.3402,0.3969
17.025,0.6345,0.6345,-0.0787,0.6225,0.6225,0.5442,-1.3369,-1.3369,0.3967
17.030,0.6375,0.6375,-0.0785,0.6666,0.6666,0.6225,-1.3369,-1.3369,0.3965
17.033,0.6399,0.6399,-0.0782,0.7021,0.7021,0.6666,-1.3369,-1.3369,0.3962
17.037,0.6420,0.6420,-0.0781,0.7345,0.7345,0.7021,-1.3369,-1.3369,0.3960
17.041,0.6441,0.6441,-0.0779,0.7664,0.7664,0.7345,-1.3369,-1.3369,0.3958
17.044,0.6543,0.6543,-0.0777,0.8292,0.8292,0.7664,-1.3333,-1.3333,0.3956
17.048,0.6567,0.6567,-0.0776,0.8661,0.8661,0.8292,-1.3333,-1.3333,0.3954
17.052,0.6589,0.6589,-0.0774,0.8999,0.8999,0.8661,-1.3333,-1.3333,0.3952
17.057,0.6617,0.6617,-0.0772,0.9431,0.9431,0.8999,-1.3333,-1.3333,0.3950
17.062,0.6644,0.6644,-0.0769,0.9856,0.9856,0.9431,-1.3333,-1.3333,0.3947
17.067,0.6751,0.6751,-0.0767,1.0595,1.0595,0.9856,-1.3235,-1.3235,0.3945
17.071,0.6772,0.6772,-0.0764,1.0927,1.0927,1.0595,-1.3235,-1.3235,0.3942
17.075,0.6789,0.6789,-0.0762,1.1201,1.1201,1.0927,-1.3235,-1.3235,0.3940
17.081,0.6817,0.6817,-0.0760,1.1642,1.1642,1.1201,-1.3235,-1.3235,0.3938
17.084,0.6911,0.6911,-0.0758,1.2228,1.2228,1.1642,-1.2959,-1.2959,0.3935
17.089,0.6933,0.6933,-0.0756,1.2582,1.2582,1.2228,-1.2959,-1.2959,0.3933
17.093,0.6948,0.6948,-0.0754,1.2825,1.2825,1.2582,-1.2959,-1.2959,0.3930
17.096,0.6962,0.6962,-0.0752,1.3044,1.3044,1.2825,-1.2959,-1.2959,0.3929
17.099,0.6977,0.6977,-0.0750,1.3285,1.3285,1.3044,-1.2959,-1.2959,0.3927
17.103,0.7066,0.7066,-0.0749,1.3853,1.3853,1.3285,-1.2416,-1.2416,0.3925
17.107,0.7082,0.7082,-0.0747,1.4115,1.4115,1.3853,-1.2416,-1.2416,0.3924
17.111,0.7095,0.7095,-0.0745,1.4327,1.4327,1.4115,-1.2416,-1.2416,0.3922
17.115,0.7112,0.7112,-0.0743,1.4606,1.4606,1.4327,-1.2416,-1.2416,0.3920
17.123,0.7215,0.7215,-0.0741,1.5424,1.5424,1.4606,-1.1754,-1.1754,0.3918
17.128,0.7231,0.7231,-0.0737,1.5671,1.5671,1.5424,-1.1754,-1.1754,0.3915
17.131,0.7242,0.7242,-0.0735,1.5853,1.5853,1.5671,-1.1754,-1.1754,0.3913
17.135,0.7256,0.7256,-0.0734,1.6078,1.6078,1.5853,-1.1754,-1.1754,0.3911
17.138,0.7268,0.7268,-0.0732,1.6266,1.6266,1.6078,-1.1754,-1.1754,0.3910
17.142,0.7279,0.7279,-0.0730,1.6441,1.6441,1.6266,-1.1754,-1.1754,0.3908
17.145,0.7358,0.7358,-0.0728,1.6899,1.6899,1.6441,-1.0876,-1.0876,0.3907
17.150,0.7375,0.7375,-0.0727,1.7180,1.7180,1.6899,-1.0876,-1.0876,0.3906
17.155,0.7389,0.7389,-0.0724,1.7389,1.7389,1.7180,-1.0876,-1.0876,0.3904
17.158,0.7399,0.7399,-0.0722,1.7558,1.7558,1.7389,-1.0876,-1.0876,0.3902
17.161,0.7409,0.7409,-0.0721,1.7714,1.7714,1.7558,-1.0876,-1.0876,0.3901
17.165,0.7486,0.7486,-0.0719,1.8143,1.8143,1.7714,-0.9768,-0.9768,0.3899
17.169,0.7498,0.7498,-0.0718,1.8335,1.8335,1.8143,-0.9768,-0.9768,0.3898
17.172,0.7508,0.7508,-0.0715,1.8481,1.8481,1.8335,-0.9768,-0.9768,0.3897
17.175,0.7516,0.7516,-0.0714,1.8614,1.8614,1.8481,-0.9768,-0.9768,0.3896
17.179,0.7527,0.7527,-0.0712,1.8778,1.8778,1.8614,-0.9768,-0.9768,0.3895
17.183,0.7605,0.7605,-0.0711,1.9204,1.9204,1.8778,-0.8605,-0.8605,0.3894
17.187,0.7615,0.7615,-0.0709,1.9357,1.9357,1.9204,-0.8605,-0.8605,0.3893
17.199,0.7644,0.7644,-0.0707,1.9773,1.9773,1.9357,-0.8605,-0.8605,0.3892
17.205,0.7727,0.7727,-0.0702,2.0231,2.0231,1.9773,-0.7509,-0.7509,0.3889
17.211,0.7741,0.7741,-0.0699,2.0432,2.0432,2.0231,-0.7509,-0.7509,0.3888
17.219,0.7758,0.7758,-0.0696,2.0666,2.0666,2.0432,-0.7509,-0.7509,0.3887
17.228,0.7847,0.7847,-0.0692,2.1155,2.1155,2.0666,-0.6363,-0.6363,0.3885
17.236,0.7863,0.7863,-0.0688,2.1352,2.1352,2.1155,-0.6363,-0.6363,0.3884
17.240,0.7871,0.7871,-0.0684,2.1444,2.1444,2.1352,-0.6363,-0.6363,0.3883
17.245,0.7952,0.7952,-0.0682,2.1776,2.1776,2.1444,-0.5037,-0.5037,0.3883
17.249,0.7959,0.7959,-0.0680,2.1861,2.1861,2.1776,-0.5037,-0.5037,0.3883
17.253,0.7966,0.7966,-0.0678,2.1930,2.1930,2.1861,-0.5037,-0.5037,0.3882
17.256,0.7972,0.7972,-0.0677,2.1988,2.1988,2.1930,-0.5037,-0.5037,0.3882
17.259,0.7977,0.7977,-0.0675,2.2041,2.2041,2.1988,-0.5037,-0.5037,0.3882
17.262,0.7982,0.7982,-0.0674,2.2092,2.2092,2.2041,-0.5037,-0.5037,0.3882
17.266,0.8065,0.8065,-0.0672,2.2382,2.2382,2.2092,-0.3420,-0.3420,0.3882
17.270,0.8072,0.8072,-0.0671,2.2438,2.2438,2.2382,-0.3420,-0.3420,0.3882
17.273,0.8077,0.8077,-0.0669,2.2482,2.2482,2.2438,-0.3420,-0.3420,0.3882
17.277,0.8083,0.8083,-0.0667,2.2527,2.2527,2.2482,-0.3420,-0.3420,0.3882
17.281,0.8089,0.8089,-0.0666,2.2568,2.2568,2.2527,-0.3420,-0.3420,0.3882
17.285,0.8177,0.8177,-0.0664,2.2835,2.2835,2.2568,-0.1653,-0.1653,0.3882
17.291,0.8185,0.8185,-0.0662,2.2877,2.2877,2.2835,-0.1653,-0.1653,0.3882
17.295,0.8191,0.8191,-0.0660,2.2901,2.2901,2.2877,-0.1653,-0.1653,0.3883
17.298,0.8195,0.8195,-0.0658,2.2919,2.2919,2.2901,-0.1653,-0.1653,0.3883
17.302,0.8200,0.8200,-0.0656,2.2934,2.2934,2.2919,-0.1653,-0.1653,0.3884
17.306,0.8291,0.8291,-0.0655,2.3168,2.3168,2.2934,0.0088,0.0088,0.3884
17.309,0.8296,0.8296,-0.0653,2.3175,2.3175,2.3168,0.0088,0.0088,0.3885
17.313,0.8300,0.8300,-0.0651,2.3177,2.3177,2.3175,0.0088,0.0088,0.3886
17.317,0.8305,0.8305,-0.0650,2.3176,2.3176,2.3177,0.0088,0.0088,0.3886
17.321,0.8310,0.8310,-0.0648,2.3169,2.3169,2.3176,0.0088,0.0088,0.3887
17.326,0.8406,0.8406,-0.0646,2.3367,2.3367,2.3169,0.1760,0.1760,0.3888
17.334,0.8415,0.8415,-0.0644,2.3323,2.3323,2.3367,0.1760,0.1760,0.3889
17.337,0.8418,0.8418,-0.0641,2.3300,2.3300,2.3323,0.1760,0.1760,0.3891
17.340,0.8422,0.8422,-0.0639,2.3276,2.3276,2.3300,0.1760,0.1760,0.3892
17.344,0.8519,0.8519,-0.0638,2.3451,2.3451,2.3276,0.3367,0.3367,0.3893
17.348,0.8523,0.8523,-0.0636,2.3413,2.3413,2.3451,0.3367,0.3367,0.3894
17.352,0.8527,0.8527,-0.0634,2.3362,2.3362,2.3413,0.3367,0.3367,0.3896
17.356,0.8531,0.8531,-0.0632,2.3315,2.3315,2.3362,0.3367,0.3367,0.3897
17.359,0.8534,0.8534,-0.0631,2.3271,2.3271,2.3315,0.3367,0.3367,0.3899
17.363,0.8636,0.8636,-0.0629,2.3417,2.3417,2.3271,0.5008,0.5008,0.3900
17.369,0.8641,0.8641,-0.0628,2.3319,2.3319,2.3417,0.5008,0.5008,0.3901
17.373,0.8645,0.8645,-0.0625,2.3242,2.3242,2.3319,0.5008,0.5008,0.3904
17.376,0.8647,0.8647,-0.0623,2.3181,2.3181,2.3242,0.5008,0.5008,0.3906
17.380,0.8650,0.8650,-0.0622,2.3117,2.3117,2.3181,0.5008,0.5008,0.3907
17.387,0.8762,0.8762,-0.0621,2.3142,2.3142,2.3117,0.6820,0.6820,0.3908
17.391,0.8766,0.8766,-0.0617,2.3044,2.3044,2.3142,0.6820,0.6820,0.3912
17.394,0.8768,0.8768,-0.0616,2.2964,2.2964,2.3044,0.6820,0.6820,0.3914
17.398,0.8771,0.8771,-0.0614,2.2878,2.2878,2.2964,0.6820,0.6820,0.3916
17.402,0.8774,0.8774,-0.0613,2.2768,2.2768,2.2878,0.6820,0.6820,0.3917
17.405,0.8892,0.8892,-0.0611,2.2856,2.2856,2.2768,0.8872,0.8872,0.3919
17.409,0.8895,0.8895,-0.0610,2.2739,2.2739,2.2856,0.8872,0.8872,0.3921
17.414,0.8898,0.8898,-0.0608,2.2603,2.2603,2.2739,0.8872,0.8872,0.3924
17.418,0.8901,0.8901,-0.0606,2.2467,2.2467,2.2603,0.8872,0.8872,0.3926
17.421,0.8903,0.8903,-0.0604,2.2352,2.2352,2.2467,0.8872,0.8872,0.3929
17.425,0.9022,0.9022,-0.0603,2.2414,2.2414,2.2352,1.0877,1.0877,0.3931
17.429,0.9025,0.9025,-0.0601,2.2270,2.2270,2.2414,1.0877,1.0877,0.3933
17.433,0.9028,0.9028,-0.0600,2.2095,2.2095,2.2270,1.0877,1.0877,0.3936
17.440,0.9032,0.9032,-0.0598,2.1792,2.1792,2.2095,1.0877,1.0877,0.3939
17.445,0.9151,0.9151,-0.0595,2.1748,2.1748,2.1792,1.2807,1.2807,0.3944
17.450,0.9154,0.9154,-0.0593,2.1534,2.1534,2.1748,1.2807,1.2807,0.3948
17.453,0.9155,0.9155,-0.0591,2.1379,2.1379,2.1534,1.2807,1.2807,0.3951
17.457,0.9157,0.9157,-0.0589,2.1225,2.1225,2.1379,1.2807,1.2807,0.3954
17.460,0.9159,0.9159,-0.0588,2.1064,2.1064,2.1225,1.2807,1.2807,0.3956
17.463,0.9275,0.9275,-0.0586,2.1056,2.1056,2.1064,1.4696,1.4696,0.3959
17.468,0.9277,0.9277,-0.0585,2.0838,2.0838,2.1056,1.4696,1.4696,0.3962
17.471,0.9279,0.9279,-0.0583,2.0658,2.0658,2.0838,1.4696,1.4696,0.3965
17.475,0.9281,0.9281,-0.0582,2.0420,2.0420,2.0658,1.4696,1.4696,0.3968
17.479,0.9282,0.9282,-0.0580,2.0212,2.0212,2.0420,1.4696,1.4696,0.3972
17.483,0.9391,0.9391,-0.0578,2.0146,2.0146,2.0212,1.6423,1.6423,0.3975
17.487,0.9393,0.9393,-0.0577,1.9896,1.9896,2.0146,1.6423,1.6423,0.3978
17.490,0.9395,0.9395,-0.0575,1.9667,1.9667,1.9896,1.6423,1.6423,0.3982
17.494,0.9396,0.9396,-0.0574,1.9436,1.9436,1.9667,1.6423,1.6423,0.3985
17.498,0.9398,0.9398,-0.0572,1.9192,1.9192,1.9436,1.6423,1.6423,0.3988
17.503,0.9497,0.9497,-0.0571,1.8998,1.8998,1.9192,1.7951,1.7951,0.3992
17.509,0.9499,0.9499,-0.0569,1.8551,1.8551,1.8998,1.7951,1.7951,0.3996
17.513,0.9501,0.9501,-0.0566,1.8225,1.8225,1.8551,1.7951,1.7951,0.4002
17.520,0.9504,0.9504,-0.0564,1.7675,1.7675,1.8225,1.7951,1.7951,0.4007
17.525,0.9558,0.9558,-0.0561,1.7354,1.7354,1.7675,1.8312,1.8312,0.4013
17.530,0.9559,0.9559,-0.0559,1.7006,1.7006,1.7354,1.8312,1.8312,0.4018
17.534,0.9560,0.9560,-0.0557,1.6631,1.6631,1.7006,1.8312,1.8312,0.4022
17.543,0.9576,0.9576,-0.0556,1.5834,1.5834,1.6631,1.7628,1.7628,0.4027
17.555,0.9580,0.9580,-0.0552,1.4683,1.4683,1.5834,1.7628,1.7628,0.4035
17.559,0.9581,0.9581,-0.0547,1.4236,1.4236,1.4683,1.7628,1.7628,0.4045
17.563,0.9594,0.9594,-0.0546,1.3885,1.3885,1.4236,1.6943,1.6943,0.4049
17.568,0.9595,0.9595,-0.0544,1.3323,1.3323,1.3885,1.6943,1.6943,0.4053
17.572,0.9596,0.9596,-0.0542,1.2891,1.2891,1.3323,1.6943,1.6943,0.4057
17.576,0.9597,0.9597,-0.0540,1.2456,1.2456,1.2891,1.6943,1.6943,0.4060
17.580,0.9598,0.9598,-0.0539,1.2023,1.2023,1.2456,1.6943,1.6943,0.4064
17.586,0.9608,0.9608,-0.0538,1.1309,1.1309,1.2023,1.6194,1.6194,0.4067
17.591,0.9610,0.9610,-0.0535,1.0675,1.0675,1.1309,1.6194,1.6194,0.4072
17.594,0.9610,0.9610,-0.0533,1.0211,1.0211,1.0675,1.6194,1.6194,0.4076
17.598,0.9611,0.9611,-0.0532,0.9724,0.9724,1.0211,1.6194,1.6194,0.4079
17.603,0.9619,0.9619,-0.0530,0.9126,0.9126,0.9724,1.5309,1.5309,0.4082
17.607,0.9620,0.9620,-0.0529,0.8519,0.8519,0.9126,1.5309,1.5309,0.4085
17.611,0.9621,0.9621,-0.0527,0.8027,0.8027,0.8519,1.5309,1.5309,0.4088
17.614,0.9622,0.9622,-0.0526,0.7475,0.7475,0.8027,1.5309,1.5309,0.4091
17.619,0.9623,0.9623,-0.0524,0.6708,0.6708,0.7475,1.5309,1.5309,0.4094
17.623,0.9632,0.9632,-0.0522,0.6102,0.6102,0.6708,1.4339,1.4339,0.4097
17.628,0.9633,0.9633,-0.0521,0.5350,0.5350,0.6102,1.4339,1.4339,0.4100
17.632,0.9634,0.9634,-0.0519,0.4639,0.4639,0.5350,1.4339,1.4339,0.4103
17.637,0.9634,0.9634,-0.0518,0.3917,0.3917,0.4639,1.4339,1.4339,0.4106
17.640,0.9635,0.9635,-0.0516,0.3270,0.3270,0.3917,1.4339,1.4339,0.4109
17.644,0.9637,0.9637,-0.0515,0.2626,0.2626,0.3270,1.1925,1.1925,0.4112
17.649,0.9638,0.9638,-0.0513,0.1751,0.1751,0.2626,1.1925,1.1925,0.4114
17.655,0.9639,0.9639,-0.0511,0.0856,0.0856,0.1751,1.1925,1.1925,0.4116
17.662,0.9640,0.9640,-0.0509,-0.0268,-0.0268,0.0856,1.1925,1.1925,0.4119
17.665,0.9660,0.9660,-0.0507,-0.0787,-0.0787,0.0000,1.0901,1.0901,0.4123
17.671,0.9661,0.9661,-0.0506,-0.1579,-0.1579,0.0000,1.0901,1.0901,0.4125
17.675,0.9662,0.9662,-0.0504,-0.2133,-0.2133,0.0000,1.0901,1.0901,0.4127
17.679,0.9662,0.9662,-0.0502,-0.2678,-0.2678,0.0000,1.0901,1.0901,0.4129
17.683,0.9691,0.9691,-0.0501,-0.3100,-0.3100,0.0000,0.9750,0.9750,0.4131
17.688,0.9692,0.9692,-0.0499,-0.3621,-0.3621,0.0000,0.9750,0.9750,0.4133
17.694,0.9693,0.9693,-0.0498,-0.4214,-0.4214,0.0000,0.9750,0.9750,0.4135
17.698,0.9693,0.9693,-0.0495,-0.4526,-0.4526,0.0000,0.9750,0.9750,0.4138
17.701,0.9694,0.9694,-0.0494,-0.4822,-0.4822,0.0000,0.9750,0.9750,0.4139
17.705,0.9759,0.9759,-0.0493,-0.5167,-0.5167,0.0000,0.6163,0.6163,0.4141
17.710,0.9759,0.9759,-0.0492,-0.5485,-0.5485,0.0000,0.6163,0.6163,0.4141
17.713,0.9760,0.9760,-0.0490,-0.5697,-0.5697,0.0000,0.6163,0.6163,0.4143
17.717,0.9760,0.9760,-0.0489,-0.5901,-0.5901,0.0000,0.6163,0.6163,0.4143
17.720,0.9760,0.9760,-0.0488,-0.6081,-0.6081,0.0000,0.6163,0.6163,0.4144
17.723,0.9790,0.9790,-0.0486,-0.6187,-0.6187,0.0000,0.5981,0.5981,0.4145
17.728,0.9790,0.9790,-0.0485,-0.6372,-0.6372,0.0000,0.5981,0.5981,0.4146
17.731,0.9790,0.9790,-0.0484,-0.6499,-0.6499,0.0000,0.5981,0.5981,0.4147
17.735,0.9791,0.9791,-0.0482,-0.6617,-0.6617,0.0000,0.5981,0.5981,0.4147
17.738,0.9791,0.9791,-0.0481,-0.6712,-0.6712,0.0000,0.5981,0.5981,0.4148
17.743,0.9824,0.9824,-0.0480,-0.6772,-0.6772,0.0000,0.5791,0.5791,0.4149
17.748,0.9824,0.9824,-0.0479,-0.6862,-0.6862,0.0000,0.5791,0.5791,0.4150
17.753,0.9825,0.9825,-0.0477,-0.6921,-0.6921,0.0000,0.5791,0.5791,0.4151
17.757,0.9825,0.9825,-0.0475,-0.6955,-0.6955,0.0000,0.5791,0.5791,0.4152
17.760,0.9826,0.9826,-0.0474,-0.6973,-0.6973,0.0000,0.5791,0.5791,0.4153
17.765,0.9919,0.9919,-0.0473,-0.7016,-0.7016,0.0000,0.3592,0.3592,0.4153
17.775,0.9919,0.9919,-0.0471,-0.6936,-0.6936,0.0000,0.3592,0.3592,0.4154
17.779,0.9920,0.9920,-0.0468,-0.6891,-0.6891,0.0000,0.3592,0.3592,0.4155
17.783,1.0017,1.0017,-0.0466,-0.6867,-0.6867,0.0000,0.1498,0.1498,0.4155
17.788,1.0018,1.0018,-0.0465,-0.6772,-0.6772,0.0000,0.1498,0.1498,0.4155
17.793,1.0018,1.0018,-0.0463,-0.6685,-0.6685,0.0000,0.1498,0.1498,0.4155
17.797,1.0018,1.0018,-0.0462,-0.6593,-0.6593,0.0000,0.1498,0.1498,0.4155
17.801,1.0019,1.0019,-0.0461,-0.6470,-0.6470,0.0000,0.1498,0.1498,0.4155
17.807,1.0083,1.0083,-0.0459,-0.6306,-0.6306,0.0000,0.0455,0.0455,0.4154
17.811,1.0083,1.0083,-0.0457,-0.6158,-0.6158,0.0000,0.0455,0.0455,0.4154
17.815,1.0084,1.0084,-0.0456,-0.6041,-0.6041,0.0000,0.0455,0.0455,0.4154
17.819,1.0084,1.0084,-0.0455,-0.5889,-0.5889,0.0000,0.0455,0.0455,0.4153
17.825,1.0137,1.0137,-0.0453,-0.5656,-0.5656,0.0000,-0.0292,-0.0292,0.4153
17.830,1.0137,1.0137,-0.0452,-0.5445,-0.5445,0.0000,-0.0292,-0.0292,0.4152
17.834,1.0137,1.0137,-0.0450,-0.5273,-0.5273,0.0000,-0.0292,-0.0292,0.4152
17.837,1.0137,1.0137,-0.0449,-0.5114,-0.5114,0.0000,-0.0292,-0.0292,0.4152
17.841,1.0138,1.0138,-0.0447,-0.4955,-0.4955,0.0000,-0.0292,-0.0292,0.4151
17.847,1.0162,1.0162,-0.0446,-0.4636,-0.4636,0.0000,-0.0333,-0.0333,0.4151
17.852,1.0162,1.0162,-0.0444,-0.4386,-0.4386,0.0000,-0.0333,-0.0333,0.4150
17.856,1.0162,1.0162,-0.0443,-0.4201,-0.4201,0.0000,-0.0333,-0.0333,0.4150
17.859,1.0162,1.0162,-0.0442,-0.4034,-0.4034,0.0000,-0.0333,-0.0333,0.4150
17.862,1.0162,1.0162,-0.0440,-0.3864,-0.3864,0.0000,-0.0333,-0.0333,0.4149
17.866,1.0189,1.0189,-0.0439,-0.3637,-0.3637,0.0000,-0.0496,-0.0496,0.4149
17.870,1.0189,1.0189,-0.0438,-0.3410,-0.3410,0.0000,-0.0496,-0.0496,0.4149
17.875,1.0189,1.0189,-0.0437,-0.3174,-0.3174,0.0000,-0.0496,-0.0496,0.4148
17.884,1.0250,1.0250,-0.0436,-0.2650,-0.2650,0.0000,-0.1638,-0.1638,0.4148
17.888,1.0250,1.0250,-0.0433,-0.2408,-0.2408,0.0000,-0.1638,-0.1638,0.4146
17.891,1.0250,1.0250,-0.0431,-0.2218,-0.2218,0.0000,-0.1638,-0.1638,0.4146
17.895,1.0250,1.0250,-0.0430,-0.2027,-0.2027,0.0000,-0.1638,-0.1638,0.4145
17.898,1.0250,1.0250,-0.0429,-0.1838,-0.1838,0.0000,-0.1638,-0.1638,0.4145
17.901,1.0250,1.0250,-0.0428,-0.1626,-0.1626,0.0000,-0.1638,-0.1638,0.4144
17.905,1.0288,1.0288,-0.0427,-0.1417,-0.1417,0.0000,-0.2309,-0.2309,0.4144
17.909,1.0289,1.0289,-0.0426,-0.1190,-0.1190,0.0000,-0.2309,-0.2309,0.4143
17.913,1.0289,1.0289,-0.0425,-0.0941,-0.0941,0.0000,-0.2309,-0.2309,0.4142
17.917,1.0289,1.0289,-0.0424,-0.0706,-0.0706,0.0000,-0.2309,-0.2309,0.4141
17.920,1.0289,1.0289,-0.0423,-0.0487,-0.0487,0.0000,-0.2309,-0.2309,0.4141
17.924,1.0298,1.0298,-0.0422,-0.0275,-0.0275,0.0000,-0.2288,-0.2288,0.4140
17.927,1.0298,1.0298,-0.0421,-0.0048,-0.0048,0.0000,-0.2288,-0.2288,0.4139
17.931,1.0298,1.0298,-0.0419,0.0147,0.0147,0.0000,-0.2288,-0.2288,0.4139
17.934,1.0299,1.0299,-0.0418,0.0366,0.0366,0.0147,-0.2288,-0.2288,0.4138
17.938,1.0299,1.0299,-0.0417,0.0572,0.0572,0.0366,-0.2288,-0.2288,0.4137
17.941,1.0299,1.0299,-0.0416,0.0775,0.0775,0.0572,-0.2288,-0.2288,0.4137
17.945,1.0299,1.0299,-0.0415,0.1034,0.1034,0.0775,-0.2073,-0.2073,0.4136
17.950,1.0300,1.0300,-0.0414,0.1325,0.1325,0.1034,-0.2073,-0.2073,0.4135
17.953,1.0300,1.0300,-0.0413,0.1541,0.1541,0.1325,-0.2073,-0.2073,0.4134
17.957,1.0300,1.0300,-0.0412,0.1744,0.1744,0.1541,-0.2073,-0.2073,0.4134
17.960,1.0300,1.0300,-0.0411,0.1943,0.1943,0.1744,-0.2073,-0.2073,0.4133
17.963,1.0299,1.0299,-0.0410,0.2137,0.2137,0.1943,-0.1866,-0.1866,0.4133
17.967,1.0299,1.0299,-0.0409,0.2397,0.2397,0.2137,-0.1866,-0.1866,0.4132
17.971,1.0299,1.0299,-0.0408,0.2611,0.2611,0.2397,-0.1866,-0.1866,0.4131
17.976,1.0300,1.0300,-0.0407,0.2926,0.2926,0.2611,-0.1866,-0.1866,0.4131
17.982,1.0300,1.0300,-0.0405,0.3288,0.3288,0.2926,-0.1866,-0.1866,0.4130
17.991,1.0299,1.0299,-0.0403,0.3823,0.3823,0.3288,-0.1699,-0.1699,0.4129
17.999,1.0300,1.0300,-0.0401,0.4298,0.4298,0.3823,-0.1699,-0.1699,0.4128
18.003,1.0303,1.0303,-0.0399,0.4521,0.4521,0.4298,-0.1713,-0.1713,0.4127
18.008,1.0303,1.0303,-0.0398,0.4791,0.4791,0.4521,-0.1713,-0.1713,0.4126
18.012,1.0303,1.0303,-0.0396,0.4994,0.4994,0.4791,-0.1713,-0.1713,0.4125
18.015,1.0303,1.0303,-0.0395,0.5184,0.5184,0.4994,-0.1713,-0.1713,0.4125
18.019,1.0303,1.0303,-0.0394,0.5405,0.5405,0.5184,-0.1713,-0.1713,0.4124
18.023,1.0311,1.0311,-0.0393,0.5589,0.5589,0.5405,-0.1939,-0.1939,0.4124
18.026,1.0311,1.0311,-0.0392,0.5797,0.5797,0.5589,-0.1939,-0.1939,0.4123
18.030,1.0311,1.0311,-0.0391,0.5972,0.5972,0.5797,-0.1939,-0.1939,0.4122
18.033,1.0311,1.0311,-0.0390,0.6174,0.6174,0.5972,-0.1939,-0.1939,0.4122
18.038,1.0311,1.0311,-0.0389,0.6409,0.6409,0.6174,-0.1939,-0.1939,0.4121
18.042,1.0311,1.0311,-0.0388,0.6615,0.6615,0.6409,-0.1939,-0.1939,0.4121
18.045,1.0315,1.0315,-0.0387,0.6753,0.6753,0.6615,-0.2089,-0.2089,0.4120
18.050,1.0316,1.0316,-0.0386,0.6986,0.6986,0.6753,-0.2089,-0.2089,0.4120
18.054,1.0316,1.0316,-0.0385,0.7232,0.7232,0.6986,-0.2089,-0.2089,0.4119
18.058,1.0316,1.0316,-0.0384,0.7424,0.7424,0.7232,-0.2089,-0.2089,0.4118
18.062,1.0316,1.0316,-0.0383,0.7605,0.7605,0.7424,-0.2089,-0.2089,0.4117
18.066,1.0321,1.0321,-0.0382,0.7788,0.7788,0.7605,-0.2343,-0.2343,0.4117
18.071,1.0321,1.0321,-0.0381,0.8005,0.8005,0.7788,-0.2343,-0.2343,0.4116
18.075,1.0321,1.0321,-0.0379,0.8175,0.8175,0.8005,-0.2343,-0.2343,0.4115
18.078,1.0321,1.0321,-0.0378,0.8323,0.8323,0.8175,-0.2343,-0.2343,0.4115
18.081,1.0321,1.0321,-0.0378,0.8471,0.8471,0.8323,-0.2343,-0.2343,0.4114
18.086,1.0327,1.0327,-0.0377,0.8664,0.8664,0.8471,-0.2653,-0.2653,0.4114
18.094,1.0327,1.0327,-0.0376,0.9009,0.9009,0.8664,-0.2653,-0.2653,0.4113
18.098,1.0327,1.0327,-0.0374,0.9164,0.9164,0.9009,-0.2653,-0.2653,0.4111
18.102,1.0327,1.0327,-0.0373,0.9323,0.9323,0.9164,-0.2653,-0.2653,0.4111
18.105,1.0332,1.0332,-0.0372,0.9424,0.9424,0.9323,-0.2959,-0.2959,0.4110
18.109,1.0332,1.0332,-0.0371,0.9575,0.9575,0.9424,-0.2959,-0.2959,0.4109
18.113,1.0332,1.0332,-0.0370,0.9728,0.9728,0.9575,-0.2959,-0.2959,0.4109
18.117,1.0332,1.0332,-0.0369,0.9873,0.9873,0.9728,-0.2959,-0.2959,0.4108
18.120,1.0332,1.0332,-0.0368,1.0004,1.0004,0.9873,-0.2959,-0.2959,0.4107
18.124,1.0335,1.0335,-0.0367,1.0077,1.0077,1.0004,-0.3199,-0.3199,0.4106
18.129,1.0335,1.0335,-0.0366,1.0261,1.0261,1.0077,-0.3199,-0.3199,0.4106
18.134,1.0335,1.0335,-0.0365,1.0428,1.0428,1.0261,-0.3199,-0.3199,0.4105
18.137,1.0335,1.0335,-0.0364,1.0540,1.0540,1.0428,-0.3199,-0.3199,0.4104
18.140,1.0335,1.0335,-0.0363,1.0644,1.0644,1.0540,-0.3199,-0.3199,0.4103
18.145,1.0338,1.0338,-0.0362,1.0726,1.0726,1.0644,-0.3449,-0.3449,0.4102
18.152,1.0339,1.0339,-0.0361,1.0950,1.0950,1.0726,-0.3449,-0.3449,0.4101
18.156,1.0339,1.0339,-0.0359,1.1044,1.1044,1.0950,-0.3449,-0.3449,0.4100
18.159,1.0339,1.0339,-0.0358,1.1134,1.1134,1.1044,-0.3449,-0.3449,0.4099
18.162,1.0339,1.0339,-0.0358,1.1221,1.1221,1.1134,-0.3449,-0.3449,0.4099
18.166,1.0341,1.0341,-0.0357,1.1252,1.1252,1.1221,-0.3679,-0.3679,0.4098
18.170,1.0341,1.0341,-0.0356,1.1350,1.1350,1.1252,-0.3679,-0.3679,0.4097
18.173,1.0341,1.0341,-0.0355,1.1429,1.1429,1.1350,-0.3679,-0.3679,0.4096
18.177,1.0341,1.0341,-0.0354,1.1519,1.1519,1.1429,-0.3679,-0.3679,0.4096
18.181,1.0341,1.0341,-0.0353,1.1591,1.1591,1.1519,-0.3679,-0.3679,0.4095
18.185,1.0347,1.0347,-0.0352,1.1614,1.1614,1.1591,-0.4113,-0.4113,0.4094
18.190,1.0347,1.0347,-0.0352,1.1708,1.1708,1.1614,-0.4113,-0.4113,0.4093
18.197,1.0347,1.0347,-0.0350,1.1824,1.1824,1.1708,-0.4113,-0.4113,0.4092
18.201,1.0347,1.0347,-0.0349,1.1896,1.1896,1.1824,-0.4113,-0.4113,0.4090
18.205,1.0352,1.0352,-0.0348,1.1888,1.1888,1.1896,-0.4456,-0.4456,0.4089
18.210,1.0352,1.0352,-0.0347,1.1944,1.1944,1.1888,-0.4456,-0.4456,0.4088
18.213,1.0352,1.0352,-0.0346,1.1982,1.1982,1.1944,-0.4456,-0.4456,0.4087
18.217,1.0352,1.0352,-0.0345,1.2019,1.2019,1.1982,-0.4456,-0.4456,0.4086
18.221,1.0352,1.0352,-0.0344,1.2051,1.2051,1.2019,-0.4456,-0.4456,0.4085
18.225,1.0353,1.0353,-0.0343,1.1998,1.1998,1.2051,-0.4575,-0.4575,0.4084
18.229,1.0353,1.0353,-0.0343,1.2018,1.2018,1.1998,-0.4575,-0.4575,0.4083
18.232,1.0353,1.0353,-0.0342,1.2031,1.2031,1.2018,-0.4575,-0.4575,0.4082
18.237,1.0353,1.0353,-0.0341,1.2042,1.2042,1.2031,-0.4575,-0.4575,0.4082
18.241,1.0353,1.0353,-0.0340,1.2045,1.2045,1.2042,-0.4575,-0.4575,0.4080
18.244,1.0353,1.0353,-0.0339,1.1955,1.1955,1.2045,-0.4535,-0.4535,0.4080
18.248,1.0353,1.0353,-0.0338,1.1946,1.1946,1.1955,-0.4535,-0.4535,0.4079
18.251,1.0353,1.0353,-0.0338,1.1932,1.1932,1.1946,-0.4535,-0.4535,0.4078
18.255,1.0353,1.0353,-0.0337,1.1912,1.1912,1.1932,-0.4535,-0.4535,0.4077
18.258,1.0353,1.0353,-0.0336,1.1891,1.1891,1.1912,-0.4535,-0.4535,0.4076
18.261,1.0353,1.0353,-0.0335,1.1867,1.1867,1.1891,-0.4535,-0.4535,0.4075
18.265,1.0356,1.0356,-0.0335,1.1765,1.1765,1.1867,-0.4708,-0.4708,0.4075
18.270,1.0356,1.0356,-0.0334,1.1700,1.1700,1.1765,-0.4708,-0.4708,0.4074
18.274,1.0356,1.0356,-0.0333,1.1643,1.1643,1.1700,-0.4708,-0.4708,0.4073
18.278,1.0356,1.0356,-0.0332,1.1575,1.1575,1.1643,-0.4708,-0.4708,0.4072
18.284,1.0360,1.0360,-0.0331,1.1410,1.1410,1.1575,-0.4928,-0.4928,0.4071
18.288,1.0360,1.0360,-0.0330,1.1314,1.1314,1.1410,-0.4928,-0.4928,0.4069
18.302,1.0360,1.0360,-0.0329,1.0894,1.0894,1.1314,-0.4928,-0.4928,0.4068
18.312,1.0369,1.0369,-0.0326,1.0499,1.0499,1.0894,-0.5384,-0.5384,0.4065
18.316,1.0369,1.0369,-0.0324,1.0330,1.0330,1.0499,-0.5384,-0.5384,0.4062
18.320,1.0369,1.0369,-0.0323,1.0187,1.0187,1.0330,-0.5384,-0.5384,0.4061
18.323,1.0379,1.0379,-0.0322,1.0005,1.0005,1.0187,-0.5870,-0.5870,0.4060
18.327,1.0379,1.0379,-0.0322,0.9838,0.9838,1.0005,-0.5870,-0.5870,0.4059
18.330,1.0379,1.0379,-0.0321,0.9671,0.9671,0.9838,-0.5870,-0.5870,0.4058
18.335,1.0379,1.0379,-0.0320,0.9366,0.9366,0.9671,-0.5870,-0.5870,0.4057
18.339,1.0379,1.0379,-0.0319,0.9083,0.9083,0.9366,-0.5870,-0.5870,0.4056
18.342,1.0379,1.0379,-0.0319,0.8802,0.8802,0.9083,-0.5870,-0.5870,0.4055
18.345,1.0387,1.0387,-0.0318,0.8449,0.8449,0.8802,-0.6287,-0.6287,0.4054
18.349,1.0387,1.0387,-0.0317,0.8023,0.8023,0.8449,-0.6287,-0.6287,0.4053
18.353,1.0387,1.0387,-0.0317,0.7610,0.7610,0.8023,-0.6287,-0.6287,0.4052
18.356,1.0387,1.0387,-0.0316,0.7193,0.7193,0.7610,-0.6287,-0.6287,0.4051
18.359,1.0387,1.0387,-0.0315,0.6772,0.6772,0.7193,-0.6287,-0.6287,0.4050
18.363,1.0400,1.0400,-0.0315,0.6278,0.6278,0.6772,-0.6913,-0.6913,0.4049
18.368,1.0400,1.0400,-0.0314,0.5500,0.5500,0.6278,-0.6913,-0.6913,0.4047
18.372,1.0400,1.0400,-0.0313,0.4928,0.4928,0.5500,-0.6913,-0.6913,0.4046
18.375,1.0400,1.0400,-0.0312,0.4389,0.4389,0.4928,-0.6913,-0.6913,0.4045
18.379,1.0400,1.0400,-0.0312,0.3832,0.3832,0.4389,-0.6913,-0.6913,0.4043
18.382,1.0400,1.0400,-0.0311,0.3252,0.3252,0.3832,-0.6913,-0.6913,0.4042
18.386,1.0413,1.0413,-0.0310,0.2653,0.2653,0.3252,-0.7543,-0.7543,0.4041
18.390,1.0413,1.0413,-0.0310,0.2070,0.2070,0.2653,-0.7543,-0.7543,0.4040
18.393,1.0413,1.0413,-0.0309,0.1580,0.1580,0.2070,-0.7543,-0.7543,0.4039
18.397,1.0413,1.0413,-0.0308,0.0978,0.0978,0.1580,-0.7543,-0.7543,0.4037
18.402,1.0413,1.0413,-0.0307,0.0255,0.0255,0.0978,-0.7543,-0.7543,0.4036
18.409,1.0424,1.0424,-0.0306,-0.0719,-0.0719,0.0255,-0.8113,-0.8113,0.4034
18.413,1.0424,1.0424,-0.0305,-0.1224,-0.1224,0.0000,-0.8113,-0.8113,0.4032
18.417,1.0424,1.0424,-0.0304,-0.1701,-0.1701,0.0000,-0.8113,-0.8113,0.4030
18.421,1.0424,1.0424,-0.0304,-0.2115,-0.2115,0.0000,-0.8113,-0.8113,0.4029
18.424,1.0437,1.0437,-0.0303,-0.2510,-0.2510,0.0000,-0.8775,-0.8775,0.4028
18.428,1.0437,1.0437,-0.0303,-0.2949,-0.2949,0.0000,-0.8775,-0.8775,0.4026
18.432,1.0437,1.0437,-0.0302,-0.3475,-0.3475,0.0000,-0.8775,-0.8775,0.4025
18.438,1.0437,1.0437,-0.0301,-0.4040,-0.4040,0.0000,-0.8775,-0.8775,0.4023
18.442,1.0437,1.0437,-0.0300,-0.4450,-0.4450,0.0000,-0.8775,-0.8775,0.4021
18.445,1.0447,1.0447,-0.0299,-0.4812,-0.4812,0.0000,-0.9347,-0.9347,0.4019
18.450,1.0447,1.0447,-0.0299,-0.5207,-0.5207,0.0000,-0.9347,-0.9347,0.4018
18.456,1.0447,1.0447,-0.0298,-0.5739,-0.5739,0.0000,-0.9347,-0.9347,0.4016
18.459,1.0447,1.0447,-0.0297,-0.6033,-0.6033,0.0000,-0.9347,-0.9347,0.4014
18.462,1.0447,1.0447,-0.0296,-0.6305,-0.6305,0.0000,-0.9347,-0.9347,0.4012
18.466,1.0456,1.0456,-0.0296,-0.6594,-0.6594,0.0000,-0.9816,-0.9816,0.4011
18.470,1.0456,1.0456,-0.0295,-0.6905,-0.6905,0.0000,-0.9816,-0.9816,0.4009
18.474,1.0456,1.0456,-0.0294,-0.7199,-0.7199,0.0000,-0.9816,-0.9816,0.4008
18.478,1.0456,1.0456,-0.0293,-0.7448,-0.7448,0.0000,-0.9816,-0.9816,0.4006
18.481,1.0456,1.0456,-0.0293,-0.7661,-0.7661,0.0000,-0.9816,-0.9816,0.4004
18.485,1.0461,1.0461,-0.0292,-0.7911,-0.7911,0.0000,-1.0185,-1.0185,0.4003
18.489,1.0461,1.0461,-0.0292,-0.8139,-0.8139,0.0000,-1.0185,-1.0185,0.4001
18.492,1.0461,1.0461,-0.0291,-0.8317,-0.8317,0.0000,-1.0185,-1.0185,0.3999
18.495,1.0461,1.0461,-0.0290,-0.8486,-0.8486,0.0000,-1.0185,-1.0185,0.3998
18.498,1.0461,1.0461,-0.0290,-0.8646,-0.8646,0.0000,-1.0185,-1.0185,0.3997
18.502,1.0461,1.0461,-0.0289,-0.8818,-0.8818,0.0000,-1.0185,-1.0185,0.3995
18.508,1.0465,1.0465,-0.0289,-0.9081,-0.9081,0.0000,-1.0451,-1.0451,0.3994
18.516,1.0465,1.0465,-0.0288,-0.9382,-0.9382,0.0000,-1.0451,-1.0451,0.3991
18.520,1.0465,1.0465,-0.0286,-0.9507,-0.9507,0.0000,-1.0451,-1.0451,0.3988
18.523,1.0466,1.0466,-0.0286,-0.9625,-0.9625,0.0000,-1.0584,-1.0584,0.3986
18.527,1.0466,1.0466,-0.0285,-0.9724,-0.9724,0.0000,-1.0584,-1.0584,0.3984
18.530,1.0466,1.0466,-0.0284,-0.9802,-0.9802,0.0000,-1.0584,-1.0584,0.3983
18.534,1.0466,1.0466,-0.0284,-0.9891,-0.9891,0.0000,-1.0584,-1.0584,0.3981
18.539,1.0466,1.0466,-0.0283,-0.9967,-0.9967,0.0000,-1.0584,-1.0584,0.3979
18.542,1.0466,1.0466,-0.0283,-1.0020,-1.0020,0.0000,-1.0584,-1.0584,0.3978
18.545,1.0463,1.0463,-0.0282,-1.0083,-1.0083,0.0000,-1.0453,-1.0453,0.3976
18.549,1.0463,1.0463,-0.0281,-1.0122,-1.0122,0.0000,-1.0453,-1.0453,0.3975
18.553,1.0463,1.0463,-0.0281,-1.0148,-1.0148,0.0000,-1.0453,-1.0453,0.3973
18.556,1.0463,1.0463,-0.0280,-1.0162,-1.0162,0.0000,-1.0453,-1.0453,0.3971
18.560,1.0463,1.0463,-0.0280,-1.0169,-1.0169,0.0000,-1.0453,-1.0453,0.3970
18.563,1.0459,1.0459,-0.0279,-1.0189,-1.0189,0.0000,-1.0187,-1.0187,0.3969
18.568,1.0459,1.0459,-0.0279,-1.0166,-1.0166,0.0000,-1.0187,-1.0187,0.3967
18.572,1.0459,1.0459,-0.0278,-1.0142,-1.0142,0.0000,-1.0187,-1.0187,0.3965
18.575,1.0459,1.0459,-0.0277,-1.0112,-1.0112,0.0000,-1.0187,-1.0187,0.3964
18.579,1.0459,1.0459,-0.0277,-1.0074,-1.0074,0.0000,-1.0187,-1.0187,0.3962
18.584,1.0455,1.0455,-0.0276,-1.0014,-1.0014,0.0000,-0.9827,-0.9827,0.3961
18.589,1.0455,1.0455,-0.0275,-0.9924,-0.9924,0.0000,-0.9827,-0.9827,0.3959
18.592,1.0455,1.0455,-0.0274,-0.9859,-0.9859,0.0000,-0.9827,-0.9827,0.3957
18.595,1.0455,1.0455,-0.0274,-0.9788,-0.9788,0.0000,-0.9827,-0.9827,0.3956
18.600,1.0455,1.0455,-0.0273,-0.9671,-0.9671,0.0000,-0.9827,-0.9827,0.3955
18.607,1.0450,1.0450,-0.0273,-0.9490,-0.9490,0.0000,-0.9396,-0.9396,0.3953
18.612,1.0450,1.0450,-0.0272,-0.9328,-0.9328,0.0000,-0.9396,-0.9396,0.3951
18.620,1.0450,1.0450,-0.0271,-0.8986,-0.8986,0.0000,-0.9396,-0.9396,0.3949
18.624,1.0446,1.0446,-0.0270,-0.8840,-0.8840,0.0000,-0.8598,-0.8598,0.3946
18.629,1.0446,1.0446,-0.0269,-0.8633,-0.8633,0.0000,-0.8598,-0.8598,0.3945
18.633,1.0446,1.0446,-0.0268,-0.8457,-0.8457,0.0000,-0.8598,-0.8598,0.3943
18.637,1.0446,1.0446,-0.0268,-0.8291,-0.8291,0.0000,-0.8598,-0.8598,0.3942
18.640,1.0446,1.0446,-0.0267,-0.8132,-0.8132,0.0000,-0.8598,-0.8598,0.3941
18.644,1.0443,1.0443,-0.0267,-0.7972,-0.7972,0.0000,-0.7336,-0.7336,0.3940
18.648,1.0443,1.0443,-0.0266,-0.7769,-0.7769,0.0000,-0.7336,-0.7336,0.3939
18.651,1.0443,1.0443,-0.0266,-0.7577,-0.7577,0.0000,-0.7336,-0.7336,0.3938
18.655,1.0443,1.0443,-0.0265,-0.7393,-0.7393,0.0000,-0.7336,-0.7336,0.3938
18.658,1.0443,1.0443,-0.0265,-0.7210,-0.7210,0.0000,-0.7336,-0.7336,0.3937
18.663,1.0445,1.0445,-0.0264,-0.6897,-0.6897,0.0000,-0.5859,-0.5859,0.3936
18.668,1.0445,1.0445,-0.0263,-0.6614,-0.6614,0.0000,-0.5859,-0.5859,0.3935
18.671,1.0445,1.0445,-0.0263,-0.6397,-0.6397,0.0000,-0.5859,-0.5859,0.3934
18.674,1.0445,1.0445,-0.0262,-0.6187,-0.6187,0.0000,-0.5859,-0.5859,0.3934
18.678,1.0445,1.0445,-0.0262,-0.5959,-0.5959,0.0000,-0.5859,-0.5859,0.3933
18.681,1.0445,1.0445,-0.0261,-0.5745,-0.5745,0.0000,-0.5859,-0.5859,0.3933
18.685,1.0454,1.0454,-0.0261,-0.5484,-0.5484,0.0000,-0.4341,-0.4341,0.3932
18.689,1.0454,1.0454,-0.0260,-0.5209,-0.5209,0.0000,-0.4341,-0.4341,0.3932
18.693,1.0454,1.0454,-0.0260,-0.4897,-0.4897,0.0000,-0.4341,-0.4341,0.3932
18.697,1.0454,1.0454,-0.0259,-0.4614,-0.4614,0.0000,-0.4341,-0.4341,0.3932
18.701,1.0454,1.0454,-0.0259,-0.4326,-0.4326,0.0000,-0.4341,-0.4341,0.3931
18.704,1.0471,1.0471,-0.0258,-0.4068,-0.4068,0.0000,-0.2574,-0.2574,0.3931
18.708,1.0471,1.0471,-0.0258,-0.3744,-0.3744,0.0000,-0.2574,-0.2574,0.3931
18.712,1.0471,1.0471,-0.0257,-0.3478,-0.3478,0.0000,-0.2574,-0.2574,0.3931
18.715,1.0471,1.0471,-0.0257,-0.3216,-0.3216,0.0000,-0.2574,-0.2574,0.3931
18.720,1.0471,1.0471,-0.0256,-0.2814,-0.2814,0.0000,-0.2574,-0.2574,0.3931
18.727,1.0499,1.0499,-0.0256,-0.2210,-0.2210,0.0000,-0.0458,-0.0458,0.3931
18.731,1.0499,1.0499,-0.0255,-0.1857,-0.1857,0.0000,-0.0458,-0.0458,0.3932
18.736,1.0499,1.0499,-0.0254,-0.1392,-0.1392,0.0000,-0.0458,-0.0458,0.3933
18.742,1.0499,1.0499,-0.0253,-0.0836,-0.0836,0.0000,-0.0458,-0.0458,0.3934
18.746,1.0543,1.0543,-0.0252,-0.0524,-0.0524,0.0000,0.2018,0.2018,0.3934
18.750,1.0543,1.0543,-0.0252,-0.0099,-0.0099,0.0000,0.2018,0.2018,0.3935
18.757,1.0543,1.0543,-0.0251,0.0488,0.0488,0.0000,0.2018,0.2018,0.3936
18.760,1.0543,1.0543,-0.0251,0.0798,0.0798,0.0488,0.2018,0.2018,0.3938
18.763,1.0598,1.0598,-0.0250,0.1093,0.1093,0.0798,0.4497,0.4497,0.3939
18.767,1.0598,1.0598,-0.0250,0.1494,0.1494,0.1093,0.4497,0.4497,0.3940
18.772,1.0598,1.0598,-0.0249,0.1916,0.1916,0.1494,0.4497,0.4497,0.3941
18.775,1.0598,1.0598,-0.0249,0.2261,0.2261,0.1916,0.4497,0.4497,0.3943
18.778,1.0598,1.0598,-0.0248,0.2582,0.2582,0.2261,0.4497,0.4497,0.3944
18.782,1.0598,1.0598,-0.0248,0.2899,0.2899,0.2582,0.4497,0.4497,0.3945
18.785,1.0666,1.0666,-0.0247,0.3267,0.3267,0.2899,0.7042,0.7042,0.3946
18.789,1.0666,1.0666,-0.0247,0.3659,0.3659,0.3267,0.7042,0.7042,0.3948
18.792,1.0666,1.0666,-0.0246,0.3987,0.3987,0.3659,0.7042,0.7042,0.3950
18.796,1.0666,1.0666,-0.0246,0.4310,0.4310,0.3987,0.7042,0.7042,0.3951
18.799,1.0666,1.0666,-0.0245,0.4606,0.4606,0.4310,0.7042,0.7042,0.3953
18.804,1.0752,1.0752,-0.0245,0.4991,0.4991,0.4606,0.9788,0.9788,0.3955
18.808,1.0752,1.0752,-0.0244,0.5234,0.5234,0.4991,0.9788,0.9788,0.3958
18.812,1.0752,1.0752,-0.0243,0.5394,0.5394,0.5234,0.9788,0.9788,0.3960
18.815,1.0752,1.0752,-0.0243,0.5518,0.5518,0.5394,0.9788,0.9788,0.3962
18.819,1.0752,1.0752,-0.0243,0.5619,0.5619,0.5518,0.9788,0.9788,0.3964
18.822,1.0752,1.0752,-0.0242,0.5670,0.5670,0.5619,0.9788,0.9788,0.3967
18.827,1.0851,1.0851,-0.0242,0.5662,0.5662,0.5670,1.2650,1.2650,0.3968
18.835,1.0851,1.0851,-0.0241,0.5457,0.5457,0.5662,1.2650,1.2650,0.3972
18.839,1.0851,1.0851,-0.0240,0.5339,0.5339,0.5457,1.2650,1.2650,0.3978
18.842,1.0851,1.0851,-0.0239,0.5196,0.5196,0.5339,1.2650,1.2650,0.3980
18.845,1.0966,1.0966,-0.0239,0.4998,0.4998,0.5196,1.5646,1.5646,0.3983
18.849,1.0966,1.0966,-0.0238,0.4793,0.4793,0.4998,1.5646,1.5646,0.3986
18.853,1.0966,1.0966,-0.0238,0.4618,0.4618,0.4793,1.5646,1.5646,0.3989
18.856,1.0966,1.0966,-0.0237,0.4463,0.4463,0.4618,1.5646,1.5646,0.3992
18.859,1.0966,1.0966,-0.0237,0.4322,0.4322,0.4463,1.5646,1.5646,0.3995
18.863,1.1086,1.1086,-0.0236,0.4151,0.4151,0.4322,1.8487,1.8487,0.3998
18.869,1.1086,1.1086,-0.0236,0.3907,0.3907,0.4151,1.8487,1.8487,0.4001
18.873,1.1086,1.1086,-0.0235,0.3775,0.3775,0.3907,1.8487,1.8487,0.4008
18.876,1.1086,1.1086,-0.0234,0.3670,0.3670,0.3775,1.8487,1.8487,0.4011
18.879,1.1086,1.1086,-0.0234,0.3568,0.3568,0.3670,1.8487,1.8487,0.4014
18.883,1.1229,1.1229,-0.0233,0.3412,0.3412,0.3568,2.1733,2.1733,0.4018
18.889,1.1229,1.1229,-0.0233,0.3275,0.3275,0.3412,2.1733,2.1733,0.4022
18.893,1.1229,1.1229,-0.0232,0.3185,0.3185,0.3275,2.1733,2.1733,0.4028
18.897,1.1229,1.1229,-0.0231,0.3101,0.3101,0.3185,2.1733,2.1733,0.4033
18.901,1.1229,1.1229,-0.0231,0.3032,0.3032,0.3101,2.1733,2.1733,0.4038
18.908,1.1380,1.1380,-0.0230,0.2888,0.2888,0.3032,2.5012,2.5012,0.4042
18.912,1.1380,1.1380,-0.0229,0.2847,0.2847,0.2888,2.5012,2.5012,0.4050
18.915,1.1380,1.1380,-0.0229,0.2819,0.2819,0.2847,2.5012,2.5012,0.4055
18.919,1.1380,1.1380,-0.0228,0.2796,0.2796,0.2819,2.5012,2.5012,0.4060
18.923,1.1518,1.1518,-0.0227,0.2713,0.2713,0.2796,2.8012,2.8012,0.4065
18.927,1.1518,1.1518,-0.0227,0.2710,0.2710,0.2713,2.8012,2.8012,0.4070
18.932,1.1518,1.1518,-0.0226,0.2720,0.2720,0.2710,2.8012,2.8012,0.4076
18.939,1.1518,1.1518,-0.0225,0.2764,0.2764,0.2720,2.8012,2.8012,0.4083
18.943,1.1486,1.1486,-0.0224,0.2788,0.2788,0.2764,2.7519,2.7519,0.4092
18.947,1.1486,1.1486,-0.0224,0.2827,0.2827,0.2788,2.7519,2.7519,0.4097
18.950,1.1486,1.1486,-0.0223,0.2872,0.2872,0.2827,2.7519,2.7519,0.4102
18.954,1.1486,1.1486,-0.0223,0.2921,0.2921,0.2872,2.7519,2.7519,0.4107
18.957,1.1486,1.1486,-0.0222,0.2977,0.2977,0.2921,2.7519,2.7519,0.4112
18.961,1.1486,1.1486,-0.0222,0.3049,0.3049,0.2977,2.7519,2.7519,0.4116
18.965,1.1375,1.1375,-0.0221,0.3147,0.3147,0.3049,2.5359,2.5359,0.4122
18.969,1.1375,1.1375,-0.0220,0.3244,0.3244,0.3147,2.5359,2.5359,0.4126
18.972,1.1375,1.1375,-0.0220,0.3325,0.3325,0.3244,2.5359,2.5359,0.4131
18.976,1.1375,1.1375,-0.0219,0.3406,0.3406,0.3325,2.5359,2.5359,0.4135
18.979,1.1375,1.1375,-0.0219,0.3497,0.3497,0.3406,2.5359,2.5359,0.4139
18.982,1.1375,1.1375,-0.0218,0.3599,0.3599,0.3497,2.5359,2.5359,0.4143
18.986,1.1275,1.1275,-0.0218,0.3727,0.3727,0.3599,2.3347,2.3347,0.4147
18.990,1.1275,1.1275,-0.0217,0.3852,0.3852,0.3727,2.3347,2.3347,0.4151
18.993,1.1275,1.1275,-0.0217,0.3962,0.3962,0.3852,2.3347,2.3347,0.4155
18.996,1.1275,1.1275,-0.0216,0.4080,0.4080,0.3962,2.3347,2.3347,0.4158
19.000,1.1275,1.1275,-0.0216,0.4217,0.4217,0.4080,2.3347,2.3347,0.4162
19.005,1.1272,1.1272,-0.0216,0.4324,0.4324,0.4217,2.3696,2.3696,0.4166
19.009,1.1272,1.1272,-0.0215,0.4505,0.4505,0.4324,2.3696,2.3696,0.4171
19.013,1.1272,1.1272,-0.0214,0.4661,0.4661,0.4505,2.3696,2.3696,0.4176
19.017,1.1272,1.1272,-0.0214,0.4839,0.4839,0.4661,2.3696,2.3696,0.4180
19.021,1.1272,1.1272,-0.0213,0.5035,0.5035,0.4839,2.3696,2.3696,0.4184
19.024,1.1256,1.1256,-0.0213,0.5102,0.5102,0.5035,2.3887,2.3887,0.4188
19.028,1.1256,1.1256,-0.0212,0.5284,0.5284,0.5102,2.3887,2.3887,0.4192
19.031,1.1256,1.1256,-0.0212,0.5444,0.5444,0.5284,2.3887,2.3887,0.4195
19.036,1.1256,1.1256,-0.0211,0.5699,0.5699,0.5444,2.3887,2.3887,0.4199
19.042,1.1256,1.1256,-0.0211,0.6053,0.6053,0.5699,2.3887,2.3887,0.4204
19.051,1.1225,1.1225,-0.0210,0.6493,0.6493,0.6053,2.3813,2.3813,0.4211
19.056,1.1225,1.1225,-0.0209,0.6807,0.6807,0.6493,2.3813,2.3813,0.4220
19.062,1.1225,1.1225,-0.0208,0.7183,0.7183,0.6807,2.3813,2.3813,0.4225
19.066,1.1100,1.1100,-0.0208,0.7576,0.7576,0.7183,1.9459,1.9459,0.4231
19.071,1.1100,1.1100,-0.0207,0.7903,0.7903,0.7576,1.9459,1.9459,0.4234
19.075,1.1100,1.1100,-0.0207,0.8163,0.8163,0.7903,1.9459,1.9459,0.4238
19.078,1.1100,1.1100,-0.0206,0.8371,0.8371,0.8163,1.9459,1.9459,0.4241
19.081,1.1100,1.1100,-0.0206,0.8588,0.8588,0.8371,1.9459,1.9459,0.4244
19.086,1.1070,1.1070,-0.0205,0.8801,0.8801,0.8588,1.9451,1.9451,0.4246
19.090,1.1070,1.1070,-0.0205,0.9108,0.9108,0.8801,1.9451,1.9451,0.4250
19.094,1.1070,1.1070,-0.0204,0.9360,0.9360,0.9108,1.9451,1.9451,0.4253
19.097,1.1070,1.1070,-0.0204,0.9589,0.9589,0.9360,1.9451,1.9451,0.4256
19.101,1.1070,1.1070,-0.0204,0.9922,0.9922,0.9589,1.9451,1.9451,0.4258
19.105,1.1026,1.1026,-0.0203,1.0246,1.0246,0.9922,1.7412,1.7412,0.4262
19.109,1.1026,1.1026,-0.0203,1.0531,1.0531,1.0246,1.7412,1.7412,0.4264
19.112,1.1026,1.1026,-0.0202,1.0778,1.0778,1.0531,1.7412,1.7412,0.4267
19.116,1.1026,1.1026,-0.0202,1.1054,1.1054,1.0778,1.7412,1.7412,0.4269
19.120,1.1026,1.1026,-0.0201,1.1324,1.1324,1.1054,1.7412,1.7412,0.4271
19.123,1.1000,1.1000,-0.0201,1.1630,1.1630,1.1324,1.5353,1.5353,0.4274
19.127,1.1000,1.1000,-0.0201,1.1917,1.1917,1.1630,1.5353,1.5353,0.4275
19.131,1.1000,1.1000,-0.0200,1.2235,1.2235,1.1917,1.5353,1.5353,0.4278
19.135,1.1000,1.1000,-0.0200,1.2545,1.2545,1.2235,1.5353,1.5353,0.4280
19.138,1.1000,1.1000,-0.0200,1.2817,1.2817,1.2545,1.5353,1.5353,0.4282
19.141,1.1000,1.1000,-0.0199,1.3081,1.3081,1.2817,1.5353,1.5353,0.4284
19.145,1.0993,1.0993,-0.0199,1.3409,1.3409,1.3081,1.3256,1.3256,0.4285
19.150,1.0993,1.0993,-0.0199,1.3818,1.3818,1.3409,1.3256,1.3256,0.4287
19.157,1.0993,1.0993,-0.0198,1.4417,1.4417,1.3818,1.3256,1.3256,0.4289
19.161,1.0993,1.0993,-0.0197,1.4770,1.4770,1.4417,1.3256,1.3256,0.4292
19.165,1.1006,1.1006,-0.0197,1.5122,1.5122,1.4770,1.1147,1.1147,0.4294
19.169,1.1006,1.1006,-0.0196,1.5490,1.5490,1.5122,1.1147,1.1147,0.4295
19.172,1.1006,1.1006,-0.0196,1.5767,1.5767,1.5490,1.1147,1.1147,0.4296
19.176,1.1006,1.1006,-0.0196,1.6041,1.6041,1.5767,1.1147,1.1147,0.4297
19.179,1.1006,1.1006,-0.0195,1.6306,1.6306,1.6041,1.1147,1.1147,0.4298
19.182,1.1006,1.1006,-0.0195,1.6596,1.6596,1.6306,1.1147,1.1147,0.4299
19.186,1.1040,1.1040,-0.0195,1.6986,1.6986,1.6596,0.9008,0.9008,0.4301
19.192,1.1040,1.1040,-0.0194,1.7511,1.7511,1.6986,0.9008,0.9008,0.4301
19.197,1.1040,1.1040,-0.0194,1.7916,1.7916,1.7511,0.9008,0.9008,0.4303
19.200,1.1040,1.1040,-0.0193,1.8230,1.8230,1.7916,0.9008,0.9008,0.4303
19.204,1.1048,1.1048,-0.0193,1.8555,1.8555,1.8230,0.8283,0.8283,0.4304
19.208,1.1048,1.1048,-0.0193,1.8899,1.8899,1.8555,0.8283,0.8283,0.4305
19.214,1.1048,1.1048,-0.0192,1.9419,1.9419,1.8899,0.8283,0.8283,0.4305
19.218,1.1048,1.1048,-0.0192,1.9784,1.9784,1.9419,0.8283,0.8283,0.4306
19.223,1.1048,1.1048,-0.0191,2.0180,2.0180,1.9784,0.8283,0.8283,0.4307
19.226,1.1116,1.1116,-0.0191,2.0529,2.0529,2.0180,0.6179,0.6179,0.4308
19.230,1.1116,1.1116,-0.0190,2.0879,2.0879,2.0529,0.6179,0.6179,0.4308
19.234,1.1116,1.1116,-0.0190,2.1198,2.1198,2.0879,0.6179,0.6179,0.4308
19.238,1.1116,1.1116,-0.0190,2.1533,2.1533,2.1198,0.6179,0.6179,0.4308
19.241,1.1116,1.1116,-0.0189,2.1825,2.1825,2.1533,0.6179,0.6179,0.4309
19.244,1.1144,1.1144,-0.0189,2.2143,2.2143,2.1825,0.5294,0.5294,0.4309
19.248,1.1144,1.1144,-0.0189,2.2474,2.2474,2.2143,0.5294,0.5294,0.4309
19.253,1.1144,1.1144,-0.0188,2.2909,2.2909,2.2474,0.5294,0.5294,0.4309
19.261,1.1144,1.1144,-0.0188,2.3668,2.3668,2.2909,0.5294,0.5294,0.4309
19.266,1.1229,1.1229,-0.0187,2.4046,2.4046,2.3668,0.3299,0.3299,0.4309
19.270,1.1229,1.1229,-0.0186,2.4449,2.4449,2.4046,0.3299,0.3299,0.4309
19.274,1.1229,1.1229,-0.0186,2.4743,2.4743,2.4449,0.3299,0.3299,0.4308
19.277,1.1229,1.1229,-0.0186,2.5016,2.5016,2.4743,0.3299,0.3299,0.4308
19.280,1.1229,1.1229,-0.0185,2.5290,2.5290,2.5016,0.3299,0.3299,0.4308
19.284,1.1318,1.1318,-0.0185,2.5599,2.5599,2.5290,0.1369,0.1369,0.4307
19.289,1.1318,1.1318,-0.0185,2.6053,2.6053,2.5599,0.1369,0.1369,0.4307
19.292,1.1318,1.1318,-0.0184,2.6353,2.6353,2.6053,0.1369,0.1369,0.4306
19.296,1.1318,1.1318,-0.0184,2.6633,2.6633,2.6353,0.1369,0.1369,0.4305
19.299,1.1318,1.1318,-0.0183,2.6931,2.6931,2.6633,0.1369,0.1369,0.4304
19.303,1.1428,1.1428,-0.0183,2.7217,2.7217,2.6931,-0.0926,-0.0926,0.4304
19.307,1.1428,1.1428,-0.0183,2.7549,2.7549,2.7217,-0.0926,-0.0926,0.4303
19.310,1.1428,1.1428,-0.0182,2.7824,2.7824,2.7549,-0.0926,-0.0926,0.4301
19.313,1.1428,1.1428,-0.0182,2.8095,2.8095,2.7824,-0.0926,-0.0926,0.4301
19.317,1.1428,1.1428,-0.0182,2.8435,2.8435,2.8095,-0.0926,-0.0926,0.4300
19.321,1.1428,1.1428,-0.0181,2.8743,2.8743,2.8435,-0.0926,-0.0926,0.4298
19.324,1.1492,1.1492,-0.0181,2.9019,2.9019,2.8743,-0.2351,-0.2351,0.4297
19.328,1.1492,1.1492,-0.0180,2.9324,2.9324,2.9019,-0.2351,-0.2351,0.4296
19.331,1.1492,1.1492,-0.0180,2.9591,2.9591,2.9324,-0.2351,-0.2351,0.4295
19.336,1.1492,1.1492,-0.0180,3.0006,3.0006,2.9591,-0.2351,-0.2351,0.4294
19.341,1.1492,1.1492,-0.0179,3.0425,3.0425,3.0006,-0.2351,-0.2351,0.4292
19.346,1.1551,1.1551,-0.0179,3.0704,3.0704,3.0425,-0.3728,-0.3728,0.4290
19.350,1.1551,1.1551,-0.0178,3.0902,3.0902,3.0704,-0.3728,-0.3728,0.4288
19.356,1.1551,1.1551,-0.0178,3.1054,3.1054,3.0902,-0.3728,-0.3728,0.4286
19.363,1.1592,1.1592,-0.0177,3.1117,3.1117,3.1054,-0.4827,-0.4827,0.4284
19.372,1.1592,1.1592,-0.0176,3.0922,3.0922,3.1117,-0.4827,-0.4827,0.4281
19.377,1.1592,1.1592,-0.0175,3.0782,3.0782,3.0922,-0.4827,-0.4827,0.4276
19.381,1.1592,1.1592,-0.0175,3.0622,3.0622,3.0782,-0.4827,-0.4827,0.4274
19.384,1.1655,1.1655,-0.0174,3.0392,3.0392,3.0622,-0.6432,-0.6432,0.4273
19.389,1.1655,1.1655,-0.0174,3.0125,3.0125,3.0392,-0.6432,-0.6432,0.4271
19.392,1.1655,1.1655,-0.0173,2.9919,2.9919,3.0125,-0.6432,-0.6432,0.4268
19.396,1.1655,1.1655,-0.0173,2.9696,2.9696,2.9919,-0.6432,-0.6432,0.4266
19.400,1.1655,1.1655,-0.0173,2.9498,2.9498,2.9696,-0.6432,-0.6432,0.4264
19.404,1.1936,1.1936,-0.0172,2.8738,2.8738,2.9498,-1.2386,-1.2386,0.4262
19.408,1.1936,1.1936,-0.0172,2.8580,2.8580,2.8738,-1.2386,-1.2386,0.4259
19.411,1.1936,1.1936,-0.0171,2.8459,2.8459,2.8580,-1.2386,-1.2386,0.4256
19.414,1.1936,1.1936,-0.0171,2.8348,2.8348,2.8459,-1.2386,-1.2386,0.4253
19.418,1.1936,1.1936,-0.0170,2.8243,2.8243,2.8348,-1.2386,-1.2386,0.4251
19.421,1.1936,1.1936,-0.0170,2.8157,2.8157,2.8243,-1.2386,-1.2386,0.4248
19.425,1.1964,1.1964,-0.0170,2.8105,2.8105,2.8157,-1.3679,-1.3679,0.4245
19.429,1.1964,1.1964,-0.0169,2.8019,2.8019,2.8105,-1.3679,-1.3679,0.4242
19.441,1.1964,1.1964,-0.0169,2.7926,2.7926,2.8019,-1.3679,-1.3679,0.4238
19.446,1.1996,1.1996,-0.0167,2.7899,2.7899,2.7926,-1.5157,-1.5157,0.4228
19.451,1.1996,1.1996,-0.0167,2.7901,2.7901,2.7899,-1.5157,-1.5157,0.4224
19.455,1.1996,1.1996,-0.0166,2.7910,2.7910,2.7901,-1.5157,-1.5157,0.4219
19.461,1.1996,1.1996,-0.0166,2.7950,2.7950,2.7910,-1.5157,-1.5157,0.4215
19.469,1.2016,1.2016,-0.0165,2.8040,2.8040,2.7950,-1.6550,-1.6550,0.4210
19.473,1.2016,1.2016,-0.0164,2.8094,2.8094,2.8040,-1.6550,-1.6550,0.4202
19.476,1.2016,1.2016,-0.0164,2.8145,2.8145,2.8094,-1.6550,-1.6550,0.4199
19.479,1.2016,1.2016,-0.0163,2.8203,2.8203,2.8145,-1.6550,-1.6550,0.4195
19.483,1.2028,1.2028,-0.0163,2.8289,2.8289,2.8203,-1.7865,-1.7865,0.4192
19.487,1.2028,1.2028,-0.0162,2.8376,2.8376,2.8289,-1.7865,-1.7865,0.4188
19.493,1.2028,1.2028,-0.0162,2.8505,2.8505,2.8376,-1.7865,-1.7865,0.4184
19.497,1.2028,1.2028,-0.0161,2.8622,2.8622,2.8505,-1.7865,-1.7865,0.4179
19.501,1.2028,1.2028,-0.0161,2.8719,2.8719,2.8622,-1.7865,-1.7865,0.4174
19.504,1.2029,1.2029,-0.0160,2.8850,2.8850,2.8719,-1.9102,-1.9102,0.4170
19.508,1.2029,1.2029,-0.0160,2.8962,2.8962,2.8850,-1.9102,-1.9102,0.4166
19.511,1.2029,1.2029,-0.0160,2.9058,2.9058,2.8962,-1.9102,-1.9102,0.4162
19.515,1.2029,1.2029,-0.0159,2.9161,2.9161,2.9058,-1.9102,-1.9102,0.4159
19.522,1.2033,1.2033,-0.0159,2.9401,2.9401,2.9161,-1.9102,-1.9102,0.4156
19.525,1.2039,1.2039,-0.0158,2.9543,2.9543,2.9401,-2.0431,-2.0431,0.4148
19.529,1.2055,1.2055,-0.0158,2.9677,2.9677,2.9543,-2.0431,-2.0431,0.4144
19.533,1.2082,1.2082,-0.0157,2.9806,2.9806,2.9677,-2.0431,-2.0431,0.4140
19.537,1.2138,1.2138,-0.0157,2.9985,2.9985,2.9806,-2.0431,-2.0431,0.4136
19.541,1.2200,1.2200,-0.0156,3.0127,3.0127,2.9985,-2.0431,-2.0431,0.4131
19.545,1.2278,1.2278,-0.0156,3.0311,3.0311,3.0127,-2.1710,-2.1710,0.4127
19.549,1.2397,1.2397,-0.0155,3.0481,3.0481,3.0311,-2.1710,-2.1710,0.4123
19.556,1.2624,1.2624,-0.0155,3.0736,3.0736,3.0481,-2.1710,-2.1710,0.4118
19.559,1.2791,1.2791,-0.0154,3.0887,3.0887,3.0736,-2.1710,-2.1710,0.4111
19.563,1.2958,1.2958,-0.0153,3.1039,3.1039,3.0887,-2.3119,-2.3119,0.4106
19.569,1.3339,1.3339,-0.0153,3.1303,3.1303,3.1039,-2.3119,-2.3119,0.4102
19.577,1.3939,1.3939,-0.0152,3.1646,3.1646,3.1303,-2.3119,-2.3119,0.4095
19.582,1.4307,1.4307,-0.0150,3.1824,3.1824,3.1646,-2.3119,-2.3119,0.4085
19.588,1.4945,1.4945,-0.0149,3.2137,3.2137,3.1824,-2.4419,-2.4419,0.4080
19.593,1.5478,1.5478,-0.0148,3.2336,3.2336,3.2137,-2.4419,-2.4419,0.4072
19.597,1.5894,1.5894,-0.0146,3.2478,3.2478,3.2336,-2.4419,-2.4419,0.4066
19.601,1.6401,1.6401,-0.0145,3.2640,3.2640,3.2478,-2.4419,-2.4419,0.4061
19.605,1.6904,1.6904,-0.0144,3.2850,3.2850,3.2640,-2.5605,-2.5605,0.4056
19.609,1.7462,1.7462,-0.0143,3.3004,3.3004,3.2850,-2.5605,-2.5605,0.4051
19.612,1.7914,1.7914,-0.0141,3.3129,3.3129,3.3004,-2.5605,-2.5605,0.4046
19.616,1.8401,1.8401,-0.0140,3.3266,3.3266,3.3129,-2.5605,-2.5605,0.4042
19.619,1.8892,1.8892,-0.0138,3.3404,3.3404,3.3266,-2.5605,-2.5605,0.4038
19.623,1.9290,1.9290,-0.0137,3.3601,3.3601,3.3404,-2.6678,-2.6678,0.4033
19.627,1.9763,1.9763,-0.0135,3.3738,3.3738,3.3601,-2.6678,-2.6678,0.4029
19.630,2.0172,2.0172,-0.0134,3.3857,3.3857,3.3738,-2.6678,-2.6678,0.4024
19.635,2.0782,2.0782,-0.0132,3.4039,3.4039,3.3857,-2.6678,-2.6678,0.4020
19.639,2.1292,2.1292,-0.0129,3.4194,3.4194,3.4039,-2.6678,-2.6678,0.4014
19.644,2.1767,2.1767,-0.0127,3.4443,3.4443,3.4194,-2.7651,-2.7651,0.4008
19.649,2.2334,2.2334,-0.0124,3.4621,3.4621,3.4443,-2.7651,-2.7651,0.4002
19.653,2.2789,2.2789,-0.0121,3.4766,3.4766,3.4621,-2.7651,-2.7651,0.3996
19.656,2.3136,2.3136,-0.0119,3.4879,3.4879,3.4766,-2.7651,-2.7651,0.3990
19.659,2.3473,2.3473,-0.0117,3.4989,3.4989,3.4879,-2.7651,-2.7651,0.3986
19.663,2.3857,2.3857,-0.0115,3.5219,3.5219,3.4989,-2.8634,-2.8634,0.3982
19.668,2.4304,2.4304,-0.0112,3.5372,3.5372,3.5219,-2.8634,-2.8634,0.3976
19.675,2.4961,2.4961,-0.0109,3.5603,3.5603,3.5372,-2.8634,-2.8634,0.3970
19.682,2.5594,2.5594,-0.0104,3.5833,3.5833,3.5603,-2.8634,-2.8634,0.3961
19.686,2.5929,2.5929,-0.0099,3.6075,3.6075,3.5833,-2.9526,-2.9526,0.3952
19.690,2.6270,2.6270,-0.0096,3.6204,3.6204,3.6075,-2.9526,-2.9526,0.3947
19.694,2.6615,2.6615,-0.0093,3.6337,3.6337,3.6204,-2.9526,-2.9526,0.3941
19.697,2.6908,2.6908,-0.0090,3.6452,3.6452,3.6337,-2.9526,-2.9526,0.3936
19.701,2.7209,2.7209,-0.0087,3.6573,3.6573,3.6452,-2.9526,-2.9526,0.3931
19.704,2.7431,2.7431,-0.0084,3.6795,3.6795,3.6573,-3.0324,-3.0324,0.3926
19.708,2.7728,2.7728,-0.0082,3.6919,3.6919,3.6795,-3.0324,-3.0324,0.3922
19.712,2.7971,2.7971,-0.0078,3.7023,3.7023,3.6919,-3.0324,-3.0324,0.3916
19.715,2.8208,2.8208,-0.0076,3.7125,3.7125,3.7023,-3.0324,-3.0324,0.3912
19.718,2.8476,2.8476,-0.0073,3.7244,3.7244,3.7125,-3.0324,-3.0324,0.3908
19.722,2.8717,2.8717,-0.0070,3.7353,3.7353,3.7244,-3.0324,-3.0324,0.3903
19.726,2.8978,2.8978,-0.0067,3.7617,3.7617,3.7353,-3.1035,-3.1035,0.3898
19.730,2.9259,2.9259,-0.0063,3.7751,3.7751,3.7617,-3.1035,-3.1035,0.3892
19.734,2.9505,2.9505,-0.0060,3.7870,3.7870,3.7751,-3.1035,-3.1035,0.3887
19.738,2.9748,2.9748,-0.0057,3.7991,3.7991,3.7870,-3.1035,-3.1035,0.3882
19.741,2.9977,2.9977,-0.0053,3.8107,3.8107,3.7991,-3.1035,-3.1035,0.3876
19.745,3.0139,3.0139,-0.0050,3.8379,3.8379,3.8107,-3.1430,-3.1430,0.3872
19.749,3.0382,3.0382,-0.0047,3.8509,3.8509,3.8379,-3.1430,-3.1430,0.3867
19.753,3.0618,3.0618,-0.0043,3.8639,3.8639,3.8509,-3.1430,-3.1430,0.3861
19.757,3.0864,3.0864,-0.0040,3.8776,3.8776,3.8639,-3.1430,-3.1430,0.3856
19.761,3.1070,3.1070,-0.0036,3.8896,3.8896,3.8776,-3.1430,-3.1430,0.3850
19.764,3.1203,3.1203,-0.0032,3.9177,3.9177,3.8896,-3.1683,-3.1683,0.3845
19.768,3.1431,3.1431,-0.0029,3.9316,3.9316,3.9177,-3.1683,-3.1683,0.3841
19.772,3.1616,3.1616,-0.0025,3.9431,3.9431,3.9316,-3.1683,-3.1683,0.3835
19.776,3.1839,3.1839,-0.0022,3.9573,3.9573,3.9431,-3.1683,-3.1683,0.3831
19.783,3.2145,3.2145,-0.0018,3.9981,3.9981,3.9573,-3.1899,-3.1899,0.3825
19.788,3.2375,3.2375,-0.0011,4.0141,4.0141,3.9981,-3.1899,-3.1899,0.3815
19.792,3.2541,3.2541,-0.0006,4.0261,4.0261,4.0141,-3.1899,-3.1899,0.3809
19.796,3.2740,3.2740,-0.0003,4.0409,4.0409,4.0261,-3.1899,-3.1899,0.3804
19.801,3.2961,3.2961,0.0002,4.0579,4.0579,4.0409,-3.1899,-3.1899,0.3799
19.804,3.3058,3.3058,0.0007,4.0886,4.0886,4.0579,-3.1832,-3.1832,0.3792
19.808,3.3216,3.3216,0.0010,4.1015,4.1015,4.0886,-3.1832,-3.1832,0.3788
19.811,3.3349,3.3349,0.0014,4.1126,4.1126,4.1015,-3.1832,-3.1832,0.3783
19.815,3.3485,3.3485,0.0017,4.1243,4.1243,4.1126,-3.1832,-3.1832,0.3779
19.820,3.3681,3.3681,0.0020,4.1418,4.1418,4.1243,-3.1832,-3.1832,0.3774
19.826,3.3879,3.3879,0.0025,4.1839,4.1839,4.1418,-3.1626,-3.1626,0.3768
19.830,3.4030,3.4030,0.0032,4.1987,4.1987,4.1839,-3.1626,-3.1626,0.3760
19.835,3.4197,3.4197,0.0036,4.2155,4.2155,4.1987,-3.1626,-3.1626,0.3755
19.839,3.3980,3.3980,0.0041,4.2299,4.2299,4.2155,-3.1626,-3.1626,0.3749
19.843,3.3336,3.3336,0.0045,4.2624,4.2624,4.2299,-3.1326,-3.1326,0.3744
19.847,3.2638,3.2638,0.0048,4.2796,4.2796,4.2624,-3.1326,-3.1326,0.3739
19.853,3.1738,3.1738,0.0052,4.3026,4.3026,4.2796,-3.1326,-3.1326,0.3734
19.857,3.1143,3.1143,0.0057,4.3182,4.3182,4.3026,-3.1326,-3.1326,0.3727
19.861,3.0544,3.0544,0.0061,4.3343,4.3343,4.3182,-3.1326,-3.1326,0.3722
19.864,3.0008,3.0008,0.0064,4.3652,4.3652,4.3343,-3.0900,-3.0900,0.3718
19.869,2.9351,2.9351,0.0066,4.3840,4.3840,4.3652,-3.0900,-3.0900,0.3714
19.872,2.8824,2.8824,0.0070,4.3997,4.3997,4.3840,-3.0900,-3.0900,0.3708
19.876,2.8355,2.8355,0.0072,4.4140,4.4140,4.3997,-3.0900,-3.0900,0.3704
19.879,2.7886,2.7886,0.0075,4.4290,4.4290,4.4140,-3.0900,-3.0900,0.3700
19.883,2.7369,2.7369,0.0077,4.4625,4.4625,4.4290,-3.0201,-3.0201,0.3696
19.888,2.6697,2.6697,0.0079,4.4865,4.4865,4.4625,-3.0201,-3.0201,0.3692
19.896,2.5707,2.5707,0.0082,4.5253,4.5253,4.4865,-3.0201,-3.0201,0.3687
19.900,2.5267,2.5267,0.0087,4.5439,4.5439,4.5253,-3.0201,-3.0201,0.3677
19.904,2.4857,2.4857,0.0089,4.5778,4.5778,4.5439,-2.9266,-2.9266,0.3673
19.907,2.4490,2.4490,0.0090,4.5958,4.5958,4.5778,-2.9266,-2.9266,0.3669
19.911,2.4194,2.4194,0.0092,4.6112,4.6112,4.5958,-2.9266,-2.9266,0.3665
19.914,2.3933,2.3933,0.0094,4.6260,4.6260,4.6112,-2.9266,-2.9266,0.3662
19.917,2.3655,2.3655,0.0095,4.6431,4.6431,4.6260,-2.9266,-2.9266,0.3659
19.921,2.3424,2.3424,0.0097,4.6592,4.6592,4.6431,-2.9266,-2.9266,0.3655
19.924,2.3184,2.3184,0.0098,4.6908,4.6908,4.6592,-2.8124,-2.8124,0.3652
19.930,2.2882,2.2882,0.0099,4.7191,4.7191,4.6908,-2.8124,-2.8124,0.3649
19.934,2.2692,2.2692,0.0102,4.7421,4.7421,4.7191,-2.8124,-2.8124,0.3643
19.939,2.2546,2.2546,0.0103,4.7664,4.7664,4.7421,-2.8124,-2.8124,0.3639
19.943,2.2437,2.2437,0.0105,4.8016,4.8016,4.7664,-2.6814,-2.6814,0.3634
19.950,2.2409,2.2409,0.0106,4.8379,4.8379,4.8016,-2.6814,-2.6814,0.3630
19.956,2.2477,2.2477,0.0109,4.8656,4.8656,4.8379,-2.6814,-2.6814,0.3624
19.961,2.2619,2.2619,0.0111,4.8934,4.8934,4.8656,-2.6814,-2.6814,0.3620
19.965,2.2761,2.2761,0.0113,4.9267,4.9267,4.8934,-2.5327,-2.5327,0.3615
19.970,2.3032,2.3032,0.0114,4.9518,4.9518,4.9267,-2.5327,-2.5327,0.3612
19.976,2.3484,2.3484,0.0116,4.9854,4.9854,4.9518,-2.5327,-2.5327,0.3608
19.980,2.3789,2.3789,0.0118,5.0036,5.0036,4.9854,-2.5327,-2.5327,0.3603
19.983,2.4116,2.4116,0.0120,5.0333,5.0333,5.0036,-2.3612,-2.3612,0.3600
19.988,2.4599,2.4599,0.0121,5.0613,5.0613,5.0333,-2.3612,-2.3612,0.3598
19.997,2.5337,2.5337,0.0124,5.1079,5.1079,5.0613,-2.3612,-2.3612,0.3594
20.001,2.5735,2.5735,0.0128,5.1341,5.1341,5.1079,-2.3612,-2.3612,0.3589
20.005,2.6009,2.6009,0.0130,5.1603,5.1603,5.1341,-2.1723,-2.1723,0.3586
20.008,2.6324,2.6324,0.0132,5.1827,5.1827,5.1603,-2.1723,-2.1723,0.3584
20.012,2.6582,2.6582,0.0134,5.2013,5.2013,5.1827,-2.1723,-2.1723,0.3582
20.015,2.6832,2.6832,0.0135,5.2202,5.2202,5.2013,-2.1723,-2.1723,0.3580
20.020,2.7194,2.7194,0.0137,5.2487,5.2487,5.2202,-2.1723,-2.1723,0.3578
20.023,2.7450,2.7450,0.0140,5.2741,5.2741,5.2487,-1.9626,-1.9626,0.3575
20.027,2.7727,2.7727,0.0142,5.2974,5.2974,5.2741,-1.9626,-1.9626,0.3574
20.030,2.7957,2.7957,0.0144,5.3175,5.3175,5.2974,-1.9626,-1.9626,0.3572
20.034,2.8244,2.8244,0.0146,5.3434,5.3434,5.3175,-1.9626,-1.9626,0.3571
20.038,2.8485,2.8485,0.0148,5.3663,5.3663,5.3434,-1.9626,-1.9626,0.3569
20.041,2.8702,2.8702,0.0150,5.3876,5.3876,5.3663,-1.9626,-1.9626,0.3567
20.044,2.8904,2.8904,0.0152,5.4095,5.4095,5.3876,-1.7348,-1.7348,0.3566
20.048,2.9143,2.9143,0.0154,5.4346,5.4346,5.4095,-1.7348,-1.7348,0.3565
20.053,2.9483,2.9483,0.0157,5.4723,5.4723,5.4346,-1.7348,-1.7348,0.3563
20.057,2.9698,2.9698,0.0160,5.4972,5.4972,5.4723,-1.7348,-1.7348,0.3561
20.060,2.9892,2.9892,0.0162,5.5205,5.5205,5.4972,-1.7348,-1.7348,0.3560
20.063,3.0077,3.0077,0.0165,5.5414,5.5414,5.5205,-1.4917,-1.4917,0.3559
20.068,3.0348,3.0348,0.0167,5.5769,5.5769,5.5414,-1.4917,-1.4917,0.3559
20.071,3.0543,3.0543,0.0170,5.6035,5.6035,5.5769,-1.4917,-1.4917,0.3558
20.074,3.0716,3.0716,0.0172,5.6281,5.6281,5.6035,-1.4917,-1.4917,0.3557
20.077,3.0886,3.0886,0.0175,5.6533,5.6533,5.6281,-1.4917,-1.4917,0.3556
20.082,3.1128,3.1128,0.0177,5.6910,5.6910,5.6533,-1.4917,-1.4917,0.3556
20.086,3.1335,3.1335,0.0180,5.7182,5.7182,5.6910,-1.2145,-1.2145,0.3555
20.090,3.1528,3.1528,0.0183,5.7513,5.7513,5.7182,-1.2145,-1.2145,0.3554
20.094,3.1748,3.1748,0.0186,5.7914,5.7914,5.7513,-1.2145,-1.2145,0.3554
20.103,3.2142,3.2142,0.0189,5.8703,5.8703,5.7914,-1.2145,-1.2145,0.3554
20.108,3.2400,3.2400,0.0195,5.9135,5.9135,5.8703,-0.8958,-0.8958,0.3553
20.113,3.2484,3.2484,0.0199,5.9685,5.9685,5.9135,-0.8958,-0.8958,0.3554
20.119,3.1390,3.1390,0.0203,6.0223,6.0223,5.9685,-0.8958,-0.8958,0.3554
20.122,3.0604,3.0604,0.0207,6.0598,6.0598,6.0223,-0.8958,-0.8958,0.3555
20.128,2.9214,2.9214,0.0209,6.1130,6.1130,6.0598,-0.5620,-0.5620,0.3555
20.133,2.8172,2.8172,0.0213,6.1622,6.1622,6.1130,-0.5620,-0.5620,0.3557
20.137,2.7314,2.7314,0.0215,6.2024,6.2024,6.1622,-0.5620,-0.5620,0.3558
20.140,2.6525,2.6525,0.0217,6.2395,6.2395,6.2024,-0.5620,-0.5620,0.3559
20.143,2.5731,2.5731,0.0219,6.2592,6.2592,6.2395,-0.2242,-0.2242,0.3560
20.147,2.4820,2.4820,0.0220,6.3015,6.3015,6.2592,-0.2242,-0.2242,0.3561
20.151,2.3840,2.3840,0.0221,6.3142,6.3142,6.3015,-0.2242,-0.2242,0.3563
20.154,2.3016,2.3016,0.0222,6.3041,6.3041,6.3142,-0.2242,-0.2242,0.3564
20.159,2.1909,2.1909,0.0223,6.2514,6.2514,6.3041,-0.2242,-0.2242,0.3566
20.164,2.0796,2.0796,0.0224,6.1365,6.1365,6.2514,0.1159,0.1159,0.3568
20.169,1.9595,1.9595,0.0225,5.9983,5.9983,6.1365,0.1159,0.1159,0.3570
20.172,1.8720,1.8720,0.0225,5.8740,5.8740,5.9983,0.1159,0.1159,0.3573
20.176,1.7964,1.7964,0.0226,5.7487,5.7487,5.8740,0.1159,0.1159,0.3575
20.179,1.7256,1.7256,0.0226,5.6153,5.6153,5.7487,0.1159,0.1159,0.3577
20.182,1.6503,1.6503,0.0226,5.4710,5.4710,5.6153,0.1159,0.1159,0.3579
20.186,1.5759,1.5759,0.0225,5.3001,5.3001,5.4710,0.4575,0.4575,0.3581
20.191,1.4684,1.4684,0.0225,5.1070,5.1070,5.3001,0.4575,0.4575,0.3584
20.195,1.3930,1.3930,0.0224,4.9755,4.9755,5.1070,0.4575,0.4575,0.3587
20.198,1.3281,1.3281,0.0223,4.8655,4.8655,4.9755,0.4575,0.4575,0.3590
20.203,1.2264,1.2264,0.0223,4.6616,4.6616,4.8655,0.8669,0.8669,0.3592
20.211,1.0868,1.0868,0.0221,4.4519,4.4519,4.6616,0.8669,0.8669,0.3597
20.214,1.0264,1.0264,0.0219,4.3643,4.3643,4.4519,0.8669,0.8669,0.3604
20.218,0.9614,0.9614,0.0217,4.2739,4.2739,4.3643,0.8669,0.8669,0.3607
20.222,0.8897,0.8897,0.0216,4.1791,4.1791,4.2739,0.8669,0.8669,0.3611
20.225,0.8335,0.8335,0.0214,4.0640,4.0640,4.1791,1.2938,1.2938,0.3614
20.229,0.7676,0.7676,0.0212,3.9850,3.9850,4.0640,1.2938,1.2938,0.3618
20.233,0.7069,0.7069,0.0210,3.9163,3.9163,3.9850,1.2938,1.2938,0.3623
20.237,0.6444,0.6444,0.0209,3.8497,3.8497,3.9163,1.2938,1.2938,0.3627
20.240,0.5950,0.5950,0.0206,3.7999,3.7999,3.8497,1.2938,1.2938,0.3631
20.243,0.5484,0.5484,0.0204,3.7064,3.7064,3.7999,1.7465,1.7465,0.3635
20.247,0.4901,0.4901,0.0203,3.6551,3.6551,3.7064,1.7465,1.7465,0.3639
20.253,0.4095,0.4095,0.0200,3.5923,3.5923,3.6551,1.7465,1.7465,0.3644
20.258,0.3441,0.3441,0.0196,3.5471,3.5471,3.5923,1.7465,1.7465,0.3652
20.261,0.2991,0.2991,0.0193,3.5188,3.5188,3.5471,1.7465,1.7465,0.3658
20.264,0.2553,0.2553,0.0191,3.4377,3.4377,3.5188,2.2450,2.2450,0.3662
20.269,0.1968,0.1968,0.0188,3.4098,3.4098,3.4377,2.2450,2.2450,0.3667
20.272,0.1507,0.1507,0.0185,3.3911,3.3911,3.4098,2.2450,2.2450,0.3674
20.279,0.0749,0.0749,0.0182,3.3695,3.3695,3.3911,2.2450,2.2450,0.3680
20.283,0.0207,0.0207,0.0177,3.2993,3.2993,3.3695,2.7280,2.7280,0.3689
20.287,-0.0289,-0.0289,0.0173,3.2941,3.2941,3.2993,2.7280,2.7280,0.3697
20.291,-0.0662,-0.0662,0.0170,3.2927,3.2927,3.2941,2.7280,2.7280,0.3705
20.294,-0.1022,-0.1022,0.0167,3.2938,3.2938,3.2927,2.7280,2.7280,0.3710
20.298,-0.1416,-0.1416,0.0164,3.2981,3.2981,3.2938,2.7280,2.7280,0.3716
20.302,-0.1902,-0.1902,0.0161,3.3080,3.3080,3.2981,2.7280,2.7280,0.3722
20.307,-0.2419,-0.2419,0.0157,3.2619,3.2619,3.3080,3.1740,3.1740,0.3730
20.315,-0.3274,-0.3274,0.0152,3.3040,3.3040,3.2619,3.1740,3.1740,0.3739
20.320,-0.3680,-0.3680,0.0144,3.3279,3.3279,3.3040,3.1740,3.1740,0.3756
20.323,-0.4017,-0.4017,0.0140,3.2854,3.2854,3.3279,3.5829,3.5829,0.3764
20.327,-0.4371,-0.4371,0.0136,3.3121,3.3121,3.2854,3.5829,3.5829,0.3771
20.330,-0.4667,-0.4667,0.0132,3.3365,3.3365,3.3121,3.5829,3.5829,0.3779
20.334,-0.4996,-0.4996,0.0129,3.3666,3.3666,3.3365,3.5829,3.5829,0.3786
20.337,-0.5286,-0.5286,0.0125,3.3954,3.3954,3.3666,3.5829,3.5829,0.3794
20.341,-0.5552,-0.5552,0.0121,3.4239,3.4239,3.3954,3.5829,3.5829,0.3801
20.345,-0.5975,-0.5975,0.0118,3.4058,3.4058,3.4239,3.9519,3.9519,0.3807
20.350,-0.6380,-0.6380,0.0113,3.4583,3.4583,3.4058,3.9519,3.9519,0.3818
20.355,-0.6706,-0.6706,0.0107,3.5045,3.5045,3.4583,3.9519,3.9519,0.3829
20.358,-0.6993,-0.6993,0.0103,3.5465,3.5465,3.5045,3.9519,3.9519,0.3838
20.362,-0.7269,-0.7269,0.0099,3.5899,3.5899,3.5465,3.9519,3.9519,0.3847
20.366,-0.7584,-0.7584,0.0094,3.5720,3.5720,3.5899,4.2784,4.2784,0.3855
20.370,-0.7874,-0.7874,0.0090,3.6234,3.6234,3.5720,4.2784,4.2784,0.3864
20.373,-0.8105,-0.8105,0.0085,3.6661,3.6661,3.6234,4.2784,4.2784,0.3873
20.376,-0.8324,-0.8324,0.0082,3.7085,3.7085,3.6661,4.2784,4.2784,0.3881
20.380,-0.8535,-0.8535,0.0078,3.7512,3.7512,3.7085,4.2784,4.2784,0.3889
20.383,-0.8766,-0.8766,0.0074,3.7363,3.7363,3.7512,4.5889,4.5889,0.3896
20.387,-0.8806,-0.8806,0.0070,3.7919,3.7919,3.7363,4.5889,4.5889,0.3905
20.391,-0.8836,-0.8836,0.0065,3.8514,3.8514,3.7919,4.5889,4.5889,0.3914
20.395,-0.8854,-0.8854,0.0061,3.9098,3.9098,3.8514,4.5889,4.5889,0.3925
20.399,-0.8863,-0.8863,0.0056,3.9611,3.9611,3.9098,4.5889,4.5889,0.3934
20.404,-0.8912,-0.8912,0.0052,4.0252,4.0252,3.9611,4.5060,4.5060,0.3943
20.410,-0.8890,-0.8890,0.0046,4.1271,4.1271,4.0252,4.5060,4.5060,0.3954
20.417,-0.8840,-0.8840,0.0039,4.2447,4.2447,4.1271,4.5060,4.5060,0.3970
20.422,-0.8798,-0.8798,0.0031,4.3140,4.3140,4.2447,4.5060,4.5060,0.3986
20.425,-0.8776,-0.8776,0.0026,4.3958,4.3958,4.3140,4.1924,4.1924,0.3996
20.431,-0.8690,-0.8690,0.0022,4.4995,4.4995,4.3958,4.1924,4.1924,0.4004
20.435,-0.8627,-0.8627,0.0015,4.5650,4.5650,4.4995,4.1924,4.1924,0.4017
20.439,-0.8564,-0.8564,0.0011,4.6255,4.6255,4.5650,4.1924,4.1924,0.4026
20.442,-0.8501,-0.8501,0.0007,4.6822,4.6822,4.6255,4.1924,4.1924,0.4033
20.445,-0.8440,-0.8440,0.0003,4.7622,4.7622,4.6822,3.8828,3.8828,0.4040
20.450,-0.8349,-0.8349,0.0000,4.8352,4.8352,4.7622,3.8828,3.8828,0.4047
20.454,-0.8239,-0.8239,-0.0005,4.9185,4.9185,4.8352,3.8828,3.8828,0.4055
20.458,-0.8151,-0.8151,-0.0010,4.9810,4.9810,4.9185,3.8828,3.8828,0.4064
20.461,-0.8069,-0.8069,-0.0014,5.0370,5.0370,4.9810,3.8828,3.8828,0.4071
20.464,-0.8087,-0.8087,-0.0017,5.0398,5.0398,5.0370,4.0200,4.0200,0.4077
20.469,-0.7953,-0.7953,-0.0020,5.1262,5.1262,5.0398,4.0200,4.0200,0.4084
20.472,-0.7855,-0.7855,-0.0025,5.1864,5.1864,5.1262,4.0200,4.0200,0.4093
20.476,-0.7760,-0.7760,-0.0028,5.2437,5.2437,5.1864,4.0200,4.0200,0.4100
20.479,-0.7661,-0.7661,-0.0032,5.3019,5.3019,5.2437,4.0200,4.0200,0.4106
20.482,-0.7556,-0.7556,-0.0035,5.3624,5.3624,5.3019,4.0200,4.0200,0.4112
20.487,-0.7317,-0.7317,-0.0038,5.5213,5.5213,5.3624,3.4763,3.4763,0.4119
20.491,-0.7174,-0.7174,-0.0043,5.5996,5.5996,5.5213,3.4763,3.4763,0.4126
20.494,-0.7059,-0.7059,-0.0047,5.6612,5.6612,5.5996,3.4763,3.4763,0.4133
20.497,-0.6947,-0.6947,-0.0050,5.7208,5.7208,5.6612,3.4763,3.4763,0.4139
20.501,-0.6810,-0.6810,-0.0053,5.7921,5.7921,5.7208,3.4763,3.4763,0.4144
20.505,-0.6802,-0.6802,-0.0057,5.7937,5.7937,5.7921,3.6020,3.6020,0.4151
20.508,-0.6665,-0.6665,-0.0060,5.8630,5.8630,5.7937,3.6020,3.6020,0.4156
20.511,-0.6545,-0.6545,-0.0063,5.9227,5.9227,5.8630,3.6020,3.6020,0.4163
20.518,-0.6292,-0.6292,-0.0066,6.0486,6.0486,5.9227,3.6020,3.6020,0.4168
20.526,-0.5872,-0.5872,-0.0072,6.2769,6.2769,6.0486,3.0824,3.0824,0.4179
20.531,-0.5668,-0.5668,-0.0079,6.3739,6.3739,6.2769,3.0824,3.0824,0.4190
20.536,-0.5477,-0.5477,-0.0083,6.4643,6.4643,6.3739,3.0824,3.0824,0.4197
20.539,-0.5319,-0.5319,-0.0087,6.5380,6.5380,6.4643,3.0824,3.0824,0.4204
20.543,-0.5239,-0.5239,-0.0090,6.5724,6.5724,6.5380,3.0229,3.0229,0.4209
20.547,-0.5044,-0.5044,-0.0093,6.6624,6.6624,6.5724,3.0229,3.0229,0.4213
20.551,-0.4870,-0.4870,-0.0097,6.7420,6.7420,6.6624,3.0229,3.0229,0.4220
20.557,-0.4627,-0.4627,-0.0100,6.8537,6.8537,6.7420,3.0229,3.0229,0.4225
20.562,-0.4406,-0.4406,-0.0104,6.9541,6.9541,6.8537,3.0229,3.0229,0.4233
20.566,-0.4281,-0.4281,-0.0108,7.0063,7.0063,6.9541,2.9545,2.9545,0.4240
20.571,-0.4088,-0.4088,-0.0111,7.0933,7.0933,7.0063,2.9545,2.9545,0.4245
20.575,-0.3929,-0.3929,-0.0115,7.1645,7.1645,7.0933,2.9545,2.9545,0.4251
20.580,-0.3709,-0.3709,-0.0117,7.2635,7.2635,7.1645,2.9545,2.9545,0.4255
20.587,-0.3514,-0.3514,-0.0121,7.3276,7.3276,7.2635,3.0993,3.0993,0.4262
20.592,-0.3309,-0.3309,-0.0126,7.4196,7.4196,7.3276,3.0993,3.0993,0.4272
20.596,-0.3137,-0.3137,-0.0129,7.4962,7.4962,7.4196,3.0993,3.0993,0.4278
20.600,-0.2967,-0.2967,-0.0132,7.5724,7.5724,7.4962,3.0993,3.0993,0.4283
20.603,-0.2856,-0.2856,-0.0135,7.6162,7.6162,7.5724,3.0405,3.0405,0.4288
20.608,-0.2657,-0.2657,-0.0137,7.7058,7.7058,7.6162,3.0405,3.0405,0.4293
20.611,-0.2504,-0.2504,-0.0140,7.7739,7.7739,7.7058,3.0405,3.0405,0.4299
20.615,-0.2366,-0.2366,-0.0142,7.8360,7.8360,7.7739,3.0405,3.0405,0.4303
20.618,-0.2211,-0.2211,-0.0144,7.9056,7.9056,7.8360,3.0405,3.0405,0.4308
20.623,-0.1896,-0.1896,-0.0147,8.0800,8.0800,7.9056,2.5516,2.5516,0.4312
20.631,-0.1570,-0.1570,-0.0149,8.2286,8.2286,8.0000,2.5516,2.5516,0.4317
20.634,-0.1412,-0.1412,-0.0154,8.3002,8.3002,8.0000,2.5516,2.5516,0.4324
20.638,-0.1242,-0.1242,-0.0156,8.3773,8.3773,8.0000,2.5516,2.5516,0.4328
20.642,-0.1090,-0.1090,-0.0158,8.4462,8.4462,8.0000,2.5516,2.5516,0.4332
20.645,-0.1001,-0.1001,-0.0160,8.4808,8.4808,8.0000,2.5094,2.5094,0.4336
20.649,-0.0834,-0.0834,-0.0162,8.5571,8.5571,8.0000,2.5094,2.5094,0.4339
20.653,-0.0670,-0.0670,-0.0164,8.6327,8.6327,8.0000,2.5094,2.5094,0.4343
20.658,-0.0479,-0.0479,-0.0166,8.7204,8.7204,8.0000,2.5094,2.5094,0.4347
20.662,-0.0313,-0.0313,-0.0168,8.7972,8.7972,8.0000,2.5094,2.5094,0.4351
20.666,-0.0189,-0.0189,-0.0170,8.8526,8.8526,8.0000,2.4586,2.4586,0.4355
20.671,-0.0006,-0.0006,-0.0172,8.9375,8.9375,8.0000,2.4586,2.4586,0.4359
20.675,0.0147,0.0147,-0.0174,9.0087,9.0087,8.0000,2.4586,2.4586,0.4363
20.678,0.0288,0.0288,-0.0176,9.0749,9.0749,8.0000,2.4586,2.4586,0.4367
20.685,0.0459,0.0459,-0.0178,9.1466,9.1466,8.0000,2.5935,2.5935,0.4370
20.697,0.0912,0.0912,-0.0181,9.3643,9.3643,8.0000,2.5935,2.5935,0.4377
20.703,0.1180,0.1180,-0.0186,9.5080,9.5080,8.0000,2.3230,2.3230,0.4388
20.710,0.1434,0.1434,-0.0189,9.6301,9.6301,8.0000,2.3230,2.3230,0.4393
20.716,0.1638,0.1638,-0.0191,9.7280,9.7280,8.0000,2.3230,2.3230,0.4399
20.721,0.1808,0.1808,-0.0193,9.8100,9.8100,8.0000,2.3230,2.3230,0.4403
20.725,0.1858,0.1858,-0.0195,9.8296,9.8296,8.0000,2.4505,2.4505,0.4407
20.730,0.2057,0.2057,-0.0196,9.9258,9.9258,8.0000,2.4505,2.4505,0.4410
20.739,0.2352,0.2352,-0.0198,10.0701,10.0701,8.0000,2.4505,2.4505,0.4415
20.743,0.2516,0.2516,-0.0201,10.1708,10.1708,8.0000,2.1821,2.1821,0.4423
20.747,0.2656,0.2656,-0.0203,10.2389,10.2389,8.0000,2.1821,2.1821,0.4426
20.753,0.2846,0.2846,-0.0204,10.3183,10.3183,8.0000,2.1821,2.1821,0.4429
20.757,0.2968,0.2968,-0.0206,10.3613,10.3613,8.0000,2.1821,2.1821,0.4433
20.760,0.3083,0.3083,-0.0207,10.3945,10.3945,8.0000,2.1821,2.1821,0.4435
20.764,0.3093,0.3093,-0.0208,10.3511,10.3511,8.0000,2.4898,2.4898,0.4438
20.770,0.3258,0.3258,-0.0209,10.3714,10.3714,8.0000,2.4898,2.4898,0.4441
20.773,0.3366,0.3366,-0.0210,10.3777,10.3777,8.0000,2.4898,2.4898,0.4446
20.777,0.3476,0.3476,-0.0211,10.3768,10.3768,8.0000,2.4898,2.4898,0.4449
20.782,0.3627,0.3627,-0.0212,10.3615,10.3615,8.0000,2.4898,2.4898,0.4452
20.786,0.3816,0.3816,-0.0213,10.4053,10.4053,8.0000,2.0226,2.0226,0.4456
20.791,0.3940,0.3940,-0.0215,10.3726,10.3726,8.0000,2.0226,2.0226,0.4459
20.794,0.4044,0.4044,-0.0215,10.3378,10.3378,8.0000,2.0226,2.0226,0.4461
20.798,0.4147,0.4147,-0.0216,10.2961,10.2961,8.0000,2.0226,2.0226,0.4463
20.802,0.4270,0.4270,-0.0217,10.2464,10.2464,8.0000,2.0226,2.0226,0.4466
20.806,0.4344,0.4344,-0.0218,10.2013,10.2013,8.0000,1.9794,1.9794,0.4468
20.811,0.4478,0.4478,-0.0219,10.1477,10.1477,8.0000,1.9794,1.9794,0.4470
20.815,0.4573,0.4573,-0.0220,10.1098,10.1098,8.0000,1.9794,1.9794,0.4473
20.819,0.4672,0.4672,-0.0221,10.0704,10.0704,8.0000,1.9794,1.9794,0.4475
20.822,0.4758,0.4758,-0.0221,10.0366,10.0366,8.0000,1.9794,1.9794,0.4477
20.825,0.4825,0.4825,-0.0222,9.9998,9.9998,8.0000,1.9325,1.9325,0.4479
20.829,0.4924,0.4924,-0.0223,9.9610,9.9610,8.0000,1.9325,1.9325,0.4481
20.837,0.5104,0.5104,-0.0223,9.8911,9.8911,8.0000,1.9325,1.9325,0.4483
20.845,0.5293,0.5293,-0.0224,9.8117,9.8117,8.0000,1.8838,1.8838,0.4487
20.850,0.5402,0.5402,-0.0226,9.7701,9.7701,8.0000,1.8838,1.8838,0.4491
20.854,0.5491,0.5491,-0.0226,9.7365,9.7365,8.0000,1.8838,1.8838,0.4493
20.859,0.5603,0.5603,-0.0227,9.6942,9.6942,8.0000,1.8838,1.8838,0.4495
20.863,0.5694,0.5694,-0.0228,9.6600,9.6600,8.0000,1.8239,1.8239,0.4498
20.868,0.5791,0.5791,-0.0228,9.6241,9.6241,8.0000,1.8239,1.8239,0.4500
20.871,0.5868,0.5868,-0.0229,9.5957,9.5957,8.0000,1.8239,1.8239,0.4502
20.875,0.5953,0.5953,-0.0229,9.5644,9.5644,8.0000,1.8239,1.8239,0.4503
20.879,0.6027,0.6027,-0.0230,9.5374,9.5374,8.0000,1.8239,1.8239,0.4505
20.882,0.6100,0.6100,-0.0230,9.5111,9.5111,8.0000,1.8239,1.8239,0.4507
20.889,0.6324,0.6324,-0.0231,9.5149,9.5149,8.0000,1.4068,1.4068,0.4508
20.893,0.6403,0.6403,-0.0231,9.4866,9.4866,8.0000,1.4068,1.4068,0.4510
20.896,0.6467,0.6467,-0.0232,9.4641,9.4641,8.0000,1.4068,1.4068,0.4511
20.900,0.6536,0.6536,-0.0232,9.4398,9.4398,8.0000,1.4068,1.4068,0.4512
20.903,0.6532,0.6532,-0.0232,9.3986,9.3986,8.0000,1.5406,1.5406,0.4512
20.908,0.6618,0.6618,-0.0232,9.3690,9.3690,8.0000,1.5406,1.5406,0.4514
20.911,0.6681,0.6681,-0.0233,9.3474,9.3474,8.0000,1.5406,1.5406,0.4515
20.915,0.6738,0.6738,-0.0233,9.3279,9.3279,8.0000,1.5406,1.5406,0.4516
20.918,0.6801,0.6801,-0.0233,9.3063,9.3063,8.0000,1.5406,1.5406,0.4517
20.921,0.6859,0.6859,-0.0234,9.2867,9.2867,8.0000,1.5406,1.5406,0.4518
20.925,0.6902,0.6902,-0.0234,9.2730,9.2730,8.0000,1.5038,1.5038,0.4519
20.928,0.6966,0.6966,-0.0234,9.2516,9.2516,8.0000,1.5038,1.5038,0.4520
20.932,0.7021,0.7021,-0.0234,9.2334,9.2334,8.0000,1.5038,1.5038,0.4521
20.935,0.7084,0.7084,-0.0234,9.2127,9.2127,8.0000,1.5038,1.5038,0.4522
20.940,0.7154,0.7154,-0.0235,9.1901,9.1901,8.0000,1.5038,1.5038,0.4523
20.943,0.7194,0.7194,-0.0235,9.1738,9.1738,8.0000,1.4857,1.4857,0.4524
20.948,0.7271,0.7271,-0.0235,9.1492,9.1492,8.0000,1.4857,1.4857,0.4525
20.955,0.7384,0.7384,-0.0235,9.1139,9.1139,8.0000,1.4857,1.4857,0.4526
20.959,0.7435,0.7435,-0.0235,9.0984,9.0984,8.0000,1.4857,1.4857,0.4528
20.962,0.7483,0.7483,-0.0236,9.0838,9.0838,8.0000,1.4857,1.4857,0.4529
20.965,0.7515,0.7515,-0.0236,9.0705,9.0705,8.0000,1.4657,1.4657,0.4529
20.970,0.7583,0.7583,-0.0236,9.0502,9.0502,8.0000,1.4657,1.4657,0.4530
20.973,0.7629,0.7629,-0.0236,9.0366,9.0366,8.0000,1.4657,1.4657,0.4531
20.976,0.7673,0.7673,-0.0236,9.0239,9.0239,8.0000,1.4657,1.4657,0.4532
20.979,0.7719,0.7719,-0.0236,9.0106,9.0106,8.0000,1.4657,1.4657,0.4533
20.984,0.7697,0.7697,-0.0236,8.9695,8.9695,8.0000,1.6001,1.6001,0.4534
20.989,0.7763,0.7763,-0.0236,8.9512,8.9512,8.0000,1.6001,1.6001,0.4535
20.992,0.7811,0.7811,-0.0236,8.9380,8.9380,8.0000,1.6001,1.6001,0.4537
20.995,0.7853,0.7853,-0.0236,8.9265,8.9265,8.0000,1.6001,1.6001,0.4538
20.999,0.7899,0.7899,-0.0236,8.9144,8.9144,8.0000,1.6001,1.6001,0.4539
21.003,0.8042,0.8042,-0.0237,8.9411,8.9411,8.0000,1.3448,1.3448,0.4540
21.007,0.8090,0.8090,-0.0237,8.9287,8.9287,8.0000,1.3448,1.3448,0.4540
21.011,0.8145,0.8145,-0.0237,8.9149,8.9149,8.0000,1.3448,1.3448,0.4541
21.018,0.8224,0.8224,-0.0237,8.8954,8.8954,8.0000,1.3448,1.3448,0.4542
21.022,0.8274,0.8274,-0.0237,8.8837,8.8837,8.0000,1.3448,1.3448,0.4543
21.025,0.8327,0.8327,-0.0236,8.8822,8.8822,8.0000,1.2664,1.2664,0.4544
21.029,0.8369,0.8369,-0.0236,8.8726,8.8726,8.0000,1.2664,1.2664,0.4544
21.033,0.8409,0.8409,-0.0236,8.8638,8.8638,8.0000,1.2664,1.2664,0.4545
21.039,0.8480,0.8480,-0.0236,8.8487,8.8487,8.0000,1.2664,1.2664,0.4545
21.043,0.8545,0.8545,-0.0236,8.8493,8.8493,8.0000,1.1798,1.1798,0.4546
21.048,0.8593,0.8593,-0.0236,8.8398,8.8398,8.0000,1.1798,1.1798,0.4546
21.053,0.8644,0.8644,-0.0236,8.8301,8.8301,8.0000,1.1798,1.1798,0.4547
21.060,0.8711,0.8711,-0.0236,8.8181,8.8181,8.0000,1.1798,1.1798,0.4547
21.063,0.8684,0.8684,-0.0236,8.7859,8.7859,8.0000,1.2607,1.2607,0.4548
21.068,0.8724,0.8724,-0.0236,8.7794,8.7794,8.0000,1.2607,1.2607,0.4548
21.071,0.8755,0.8755,-0.0236,8.7746,8.7746,8.0000,1.2607,1.2607,0.4549
21.074,0.8785,0.8785,-0.0235,8.7700,8.7700,8.0000,1.2607,1.2607,0.4549
21.079,0.8823,0.8823,-0.0235,8.7647,8.7647,8.0000,1.2607,1.2607,0.4549
21.082,0.8856,0.8856,-0.0235,8.7604,8.7604,8.0000,1.2607,1.2607,0.4550
21.086,0.8909,0.8909,-0.0235,8.7598,8.7598,8.0000,1.2051,1.2051,0.4550
21.090,0.8941,0.8941,-0.0235,8.7561,8.7561,8.0000,1.2051,1.2051,0.4551
21.093,0.8968,0.8968,-0.0235,8.7532,8.7532,8.0000,1.2051,1.2051,0.4551
21.096,0.8994,0.8994,-0.0235,8.7506,8.7506,8.0000,1.2051,1.2051,0.4551
21.100,0.9024,0.9024,-0.0235,8.7481,8.7481,8.0000,1.2051,1.2051,0.4552
21.104,0.9079,0.9079,-0.0234,8.7504,8.7504,8.0000,1.1458,1.1458,0.4552
21.110,0.9126,0.9126,-0.0234,8.7475,8.7475,8.0000,1.1458,1.1458,0.4552
21.114,0.9155,0.9155,-0.0234,8.7460,8.7460,8.0000,1.1458,1.1458,0.4553
21.118,0.9183,0.9183,-0.0234,8.7449,8.7449,8.0000,1.1458,1.1458,0.4553
21.121,0.9206,0.9206,-0.0234,8.7441,8.7441,8.0000,1.1458,1.1458,0.4553
21.124,0.9175,0.9175,-0.0233,8.7249,8.7249,8.0000,1.2052,1.2052,0.4553
21.128,0.9202,0.9202,-0.0233,8.7247,8.7247,8.0000,1.2052,1.2052,0.4554
21.131,0.9224,0.9224,-0.0233,8.7247,8.7247,8.0000,1.2052,1.2052,0.4554
21.135,0.9251,0.9251,-0.0233,8.7251,8.7251,8.0000,1.2052,1.2052,0.4554
21.139,0.9274,0.9274,-0.0233,8.7258,8.7258,8.0000,1.2052,1.2052,0.4555
21.143,0.9432,0.9432,-0.0233,8.7618,8.7618,8.0000,1.0036,1.0036,0.4555
21.148,0.9461,0.9461,-0.0232,8.7635,8.7635,8.0000,1.0036,1.0036,0.4555
21.152,0.9489,0.9489,-0.0232,8.7657,8.7657,8.0000,1.0036,1.0036,0.4555
21.158,0.9522,0.9522,-0.0232,8.7690,8.7690,8.0000,1.0036,1.0036,0.4555
21.167,0.9522,0.9522,-0.0231,8.7617,8.7617,8.0000,1.0584,1.0584,0.4555
21.174,0.9560,0.9560,-0.0231,8.7682,8.7682,8.0000,1.0584,1.0584,0.4555
21.178,0.9584,0.9584,-0.0230,8.7728,8.7728,8.0000,1.0584,1.0584,0.4555
21.181,0.9601,0.9601,-0.0230,8.7764,8.7764,8.0000,1.0584,1.0584,0.4555
21.185,0.9576,0.9576,-0.0230,8.7708,8.7708,8.0000,1.0978,1.0978,0.4555
21.192,0.9611,0.9611,-0.0230,8.7800,8.7800,8.0000,1.0978,1.0978,0.4555
21.196,0.9629,0.9629,-0.0229,8.7852,8.7852,8.0000,1.0978,1.0978,0.4555
21.199,0.9646,0.9646,-0.0229,8.7905,8.7905,8.0000,1.0978,1.0978,0.4555
21.204,0.9620,0.9620,-0.0229,8.7890,8.7890,8.0000,1.1442,1.1442,0.4555
21.209,0.9643,0.9643,-0.0228,8.7975,8.7975,8.0000,1.1442,1.1442,0.4556
21.212,0.9658,0.9658,-0.0228,8.8033,8.8033,8.0000,1.1442,1.1442,0.4556
21.216,0.9674,0.9674,-0.0228,8.8097,8.8097,8.0000,1.1442,1.1442,0.4556
21.219,0.9690,0.9690,-0.0228,8.8169,8.8169,8.0000,1.1442,1.1442,0.4556
21.223,0.9663,0.9663,-0.0227,8.8181,8.8181,8.0000,1.1794,1.1794,0.4557
21.226,0.9679,0.9679,-0.0227,8.8260,8.8260,8.0000,1.1794,1.1794,0.4557
21.230,0.9693,0.9693,-0.0227,8.8333,8.8333,8.0000,1.1794,1.1794,0.4557
21.235,0.9713,0.9713,-0.0227,8.8443,8.8443,8.0000,1.1794,1.1794,0.4557
21.238,0.9728,0.9728,-0.0226,8.8529,8.8529,8.0000,1.1794,1.1794,0.4558
21.242,0.9741,0.9741,-0.0226,8.8607,8.8607,8.0000,1.1794,1.1794,0.4558
21.245,0.9723,0.9723,-0.0226,8.8677,8.8677,8.0000,1.1973,1.1973,0.4558
21.248,0.9737,0.9737,-0.0226,8.8776,8.8776,8.0000,1.1973,1.1973,0.4558
21.252,0.9752,0.9752,-0.0225,8.8876,8.8876,8.0000,1.1973,1.1973,0.4559
21.255,0.9763,0.9763,-0.0225,8.8963,8.8963,8.0000,1.1973,1.1973,0.4559
21.260,0.9779,0.9779,-0.0225,8.9082,8.9082,8.0000,1.1973,1.1973,0.4559
21.267,0.9782,0.9782,-0.0225,8.9322,8.9322,8.0000,1.1996,1.1996,0.4560
21.271,0.9796,0.9796,-0.0224,8.9447,8.9447,8.0000,1.1996,1.1996,0.4560
21.274,0.9807,0.9807,-0.0224,8.9545,8.9545,8.0000,1.1996,1.1996,0.4561
21.277,0.9818,0.9818,-0.0224,8.9647,8.9647,8.0000,1.1996,1.1996,0.4561
21.280,0.9828,0.9828,-0.0223,8.9751,8.9751,8.0000,1.1996,1.1996,0.4561
21.285,0.9828,0.9828,-0.0223,8.9970,8.9970,8.0000,1.1892,1.1892,0.4561
21.289,0.9841,0.9841,-0.0223,9.0113,9.0113,8.0000,1.1892,1.1892,0.4562
21.292,0.9851,0.9851,-0.0223,9.0227,9.0227,8.0000,1.1892,1.1892,0.4562
21.295,0.9861,0.9861,-0.0222,9.0344,9.0344,8.0000,1.1892,1.1892,0.4562
21.299,0.9872,0.9872,-0.0222,9.0483,9.0483,8.0000,1.1892,1.1892,0.4562
21.303,0.9873,0.9873,-0.0222,9.0710,9.0710,8.0000,1.1670,1.1670,0.4563
21.307,0.9884,0.9884,-0.0222,9.0857,9.0857,8.0000,1.1670,1.1670,0.4563
21.310,0.9894,0.9894,-0.0221,9.0989,9.0989,8.0000,1.1670,1.1670,0.4563
21.315,0.9908,0.9908,-0.0221,9.1202,9.1202,8.0000,1.1670,1.1670,0.4563
21.320,0.9922,0.9922,-0.0221,9.1416,9.1416,8.0000,1.1670,1.1670,0.4564
21.324,0.9926,0.9926,-0.0220,9.1669,9.1669,8.0000,1.1310,1.1310,0.4564
21.327,0.9935,0.9935,-0.0220,9.1829,9.1829,8.0000,1.1310,1.1310,0.4564
21.331,0.9943,0.9943,-0.0220,9.1975,9.1975,8.0000,1.1310,1.1310,0.4564
21.334,0.9953,0.9953,-0.0220,9.2146,9.2146,8.0000,1.1310,1.1310,0.4564
21.338,0.9962,0.9962,-0.0219,9.2313,9.2313,8.0000,1.1310,1.1310,0.4565
21.346,1.0031,1.0031,-0.0219,9.2914,9.2914,8.0000,0.9707,0.9707,0.4565
21.351,1.0043,1.0043,-0.0218,9.3166,9.3166,8.0000,0.9707,0.9707,0.4564
21.355,1.0052,1.0052,-0.0218,9.3372,9.3372,8.0000,0.9707,0.9707,0.4564
21.359,1.0060,1.0060,-0.0218,9.3571,9.3571,8.0000,0.9707,0.9707,0.4564
21.363,1.0113,1.0113,-0.0217,9.4002,9.4002,8.0000,0.8095,0.8095,0.4564
21.368,1.0123,1.0123,-0.0217,9.4249,9.4249,8.0000,0.8095,0.8095,0.4563
21.372,1.0131,1.0131,-0.0217,9.4487,9.4487,8.0000,0.8095,0.8095,0.4563
21.380,1.0147,1.0147,-0.0216,9.4932,9.4932,8.0000,0.8095,0.8095,0.4562
21.385,1.0154,1.0154,-0.0216,9.5402,9.5402,8.0000,0.7535,0.7535,0.4561
21.389,1.0162,1.0162,-0.0215,9.5642,9.5642,8.0000,0.7535,0.7535,0.4561
21.393,1.0168,1.0168,-0.0215,9.5836,9.5836,8.0000,0.7535,0.7535,0.4560
21.396,1.0173,1.0173,-0.0215,9.6034,9.6034,8.0000,0.7535,0.7535,0.4559
21.400,1.0180,1.0180,-0.0215,9.6247,9.6247,8.0000,0.7535,0.7535,0.4559
21.403,1.0206,1.0206,-0.0214,9.6651,9.6651,8.0000,0.6367,0.6367,0.4559
21.408,1.0214,1.0214,-0.0214,9.6957,9.6957,8.0000,0.6367,0.6367,0.4558
21.412,1.0220,1.0220,-0.0214,9.7185,9.7185,8.0000,0.6367,0.6367,0.4557
21.415,1.0225,1.0225,-0.0213,9.7393,9.7393,8.0000,0.6367,0.6367,0.4556
21.419,1.0231,1.0231,-0.0213,9.7642,9.7642,8.0000,0.6367,0.6367,0.4556
21.422,1.0237,1.0237,-0.0213,9.7898,9.7898,8.0000,0.6367,0.6367,0.4555
21.426,1.0258,1.0258,-0.0212,9.8292,9.8292,8.0000,0.5305,0.5305,0.4554
21.429,1.0264,1.0264,-0.0212,9.8559,9.8559,8.0000,0.5305,0.5305,0.4553
21.433,1.0269,1.0269,-0.0212,9.8815,9.8815,8.0000,0.5305,0.5305,0.4552
21.437,1.0275,1.0275,-0.0212,9.9074,9.9074,8.0000,0.5305,0.5305,0.4551
21.441,1.0280,1.0280,-0.0211,9.9372,9.9372,8.0000,0.5305,0.5305,0.4550
21.444,1.0312,1.0312,-0.0211,9.9789,9.9789,8.0000,0.4012,0.4012,0.4550
21.448,1.0317,1.0317,-0.0211,10.0072,10.0072,8.0000,0.4012,0.4012,0.4548
21.452,1.0322,1.0322,-0.0210,10.0351,10.0351,8.0000,0.4012,0.4012,0.4547
21.455,1.0326,1.0326,-0.0210,10.0620,10.0620,8.0000,0.4012,0.4012,0.4546
21.458,1.0330,1.0330,-0.0210,10.0868,10.0868,8.0000,0.4012,0.4012,0.4545
21.462,1.0334,1.0334,-0.0210,10.1131,10.1131,8.0000,0.4012,0.4012,0.4544
21.467,1.0370,1.0370,-0.0209,10.1678,10.1678,8.0000,0.2690,0.2690,0.4543
21.473,1.0378,1.0378,-0.0209,10.2210,10.2210,8.0000,0.2690,0.2690,0.4541
21.477,1.0383,1.0383,-0.0208,10.2589,10.2589,8.0000,0.2690,0.2690,0.4539
21.485,1.0398,1.0398,-0.0208,10.3413,10.3413,8.0000,0.2029,0.2029,0.4537
21.489,1.0403,1.0403,-0.0207,10.3779,10.3779,8.0000,0.2029,0.2029,0.4534
21.495,1.0409,1.0409,-0.0207,10.4298,10.4298,8.0000,0.2029,0.2029,0.4533
21.499,1.0413,1.0413,-0.0207,10.4640,10.4640,8.0000,0.2029,0.2029,0.4531
21.504,1.0430,1.0430,-0.0206,10.5298,10.5298,8.0000,0.1305,0.1305,0.4529
21.509,1.0435,1.0435,-0.0206,10.5759,10.5759,8.0000,0.1305,0.1305,0.4527
21.513,1.0439,1.0439,-0.0205,10.6100,10.6100,8.0000,0.1305,0.1305,0.4525
21.517,1.0442,1.0442,-0.0205,10.6473,10.6473,8.0000,0.1305,0.1305,0.4523
21.520,1.0445,1.0445,-0.0205,10.6816,10.6816,8.0000,0.1305,0.1305,0.4522
21.523,1.0455,1.0455,-0.0205,10.7292,10.7292,8.0000,0.0785,0.0785,0.4520
21.527,1.0458,1.0458,-0.0204,10.7632,10.7632,8.0000,0.0785,0.0785,0.4519
21.531,1.0461,1.0461,-0.0204,10.7880,10.7880,8.0000,0.0785,0.0785,0.4517
21.536,1.0465,1.0465,-0.0204,10.8161,10.8161,8.0000,0.0785,0.0785,0.4516
21.539,1.0468,1.0468,-0.0203,10.8315,10.8315,8.0000,0.0785,0.0785,0.4514
21.542,1.0471,1.0471,-0.0203,10.8410,10.8410,8.0000,0.0785,0.0785,0.4512
21.546,1.0461,1.0461,-0.0203,10.8626,10.8626,8.0000,0.0726,0.0726,0.4511
21.550,1.0465,1.0465,-0.0202,10.8625,10.8625,8.0000,0.0726,0.0726,0.4509
21.554,1.0468,1.0468,-0.0202,10.8573,10.8573,8.0000,0.0726,0.0726,0.4507
21.558,1.0470,1.0470,-0.0202,10.8488,10.8488,8.0000,0.0726,0.0726,0.4506
21.561,1.0472,1.0472,-0.0202,10.8369,10.8369,8.0000,0.0726,0.0726,0.4504
21.565,1.0467,1.0467,-0.0201,10.8322,10.8322,8.0000,0.0633,0.0633,0.4503
21.569,1.0470,1.0470,-0.0201,10.8016,10.8016,8.0000,0.0633,0.0633,0.4501
21.573,1.0472,1.0472,-0.0201,10.7771,10.7771,8.0000,0.0633,0.0633,0.4499
21.576,1.0475,1.0475,-0.0200,10.7508,10.7508,8.0000,0.0633,0.0633,0.4498
21.579,1.0477,1.0477,-0.0200,10.7238,10.7238,8.0000,0.0633,0.0633,0.4496
21.584,1.0476,1.0476,-0.0200,10.7037,10.7037,8.0000,0.0495,0.0495,0.4495
21.592,1.0481,1.0481,-0.0199,10.6547,10.6547,8.0000,0.0495,0.0495,0.4493
21.596,1.0483,1.0483,-0.0199,10.6340,10.6340,8.0000,0.0495,0.0495,0.4489
21.600,1.0485,1.0485,-0.0199,10.6104,10.6104,8.0000,0.0495,0.0495,0.4488
21.604,1.0499,1.0499,-0.0198,10.6042,10.6042,8.0000,0.0101,0.0101,0.4486
21.608,1.0501,1.0501,-0.0198,10.5854,10.5854,8.0000,0.0101,0.0101,0.4484
21.615,1.0505,1.0505,-0.0198,10.5621,10.5621,8.0000,0.0101,0.0101,0.4482
21.621,1.0508,1.0508,-0.0197,10.5422,10.5422,8.0000,0.0101,0.0101,0.4479
21.626,1.0526,1.0526,-0.0197,10.5436,10.5436,8.0000,-0.0348,-0.0348,0.4476
21.630,1.0528,1.0528,-0.0196,10.5349,10.5349,8.0000,-0.0348,-0.0348,0.4474
21.633,1.0530,1.0530,-0.0196,10.5280,10.5280,8.0000,-0.0348,-0.0348,0.4473
21.637,1.0532,1.0532,-0.0196,10.5223,10.5223,8.0000,-0.0348,-0.0348,0.4471
21.640,1.0533,1.0533,-0.0195,10.5178,10.5178,8.0000,-0.0348,-0.0348,0.4470
21.646,1.0555,1.0555,-0.0195,10.5246,10.5246,8.0000,-0.0816,-0.0816,0.4468
21.651,1.0557,1.0557,-0.0195,10.5224,10.5224,8.0000,-0.0816,-0.0816,0.4465
21.654,1.0558,1.0558,-0.0194,10.5215,10.5215,8.0000,-0.0816,-0.0816,0.4463
21.658,1.0560,1.0560,-0.0194,10.5214,10.5214,8.0000,-0.0816,-0.0816,0.4462
21.661,1.0561,1.0561,-0.0194,10.5220,10.5220,8.0000,-0.0816,-0.0816,0.4460
21.664,1.0587,1.0587,-0.0194,10.5348,10.5348,8.0000,-0.1355,-0.1355,0.4459
21.668,1.0588,1.0588,-0.0193,10.5376,10.5376,8.0000,-0.1355,-0.1355,0.4457
21.672,1.0590,1.0590,-0.0193,10.5403,10.5403,8.0000,-0.1355,-0.1355,0.4455
21.676,1.0591,1.0591,-0.0193,10.5453,10.5453,8.0000,-0.1355,-0.1355,0.4454
21.680,1.0593,1.0593,-0.0192,10.5500,10.5500,8.0000,-0.1355,-0.1355,0.4452
21.683,1.0621,1.0621,-0.0192,10.5665,10.5665,8.0000,-0.1921,-0.1921,0.4450
21.687,1.0623,1.0623,-0.0192,10.5729,10.5729,8.0000,-0.1921,-0.1921,0.4448
21.692,1.0624,1.0624,-0.0192,10.5808,10.5808,8.0000,-0.1921,-0.1921,0.4446
21.698,1.0627,1.0627,-0.0191,10.5953,10.5953,8.0000,-0.1921,-0.1921,0.4444
21.704,1.0657,1.0657,-0.0191,10.6174,10.6174,8.0000,-0.2494,-0.2494,0.4441
21.709,1.0659,1.0659,-0.0190,10.6310,10.6310,8.0000,-0.2494,-0.2494,0.4438
21.713,1.0660,1.0660,-0.0190,10.6397,10.6397,8.0000,-0.2494,-0.2494,0.4435
21.716,1.0661,1.0661,-0.0190,10.6487,10.6487,8.0000,-0.2494,-0.2494,0.4433
21.720,1.0662,1.0662,-0.0189,10.6584,10.6584,8.0000,-0.2494,-0.2494,0.4432
21.723,1.0709,1.0709,-0.0189,10.6771,10.6771,8.0000,-0.3333,-0.3333,0.4430
21.727,1.0711,1.0711,-0.0189,10.6902,10.6902,8.0000,-0.3333,-0.3333,0.4428
21.732,1.0712,1.0712,-0.0188,10.7023,10.7023,8.0000,-0.3333,-0.3333,0.4426
21.736,1.0713,1.0713,-0.0188,10.7152,10.7152,8.0000,-0.3333,-0.3333,0.4423
21.740,1.0714,1.0714,-0.0188,10.7272,10.7272,8.0000,-0.3333,-0.3333,0.4421
21.744,1.0761,1.0761,-0.0188,10.7495,10.7495,8.0000,-0.4163,-0.4163,0.4419
21.749,1.0762,1.0762,-0.0187,10.7645,10.7645,8.0000,-0.4163,-0.4163,0.4416
21.753,1.0763,1.0763,-0.0187,10.7758,10.7758,8.0000,-0.4163,-0.4163,0.4413
21.756,1.0764,1.0764,-0.0186,10.7856,10.7856,8.0000,-0.4163,-0.4163,0.4411
21.759,1.0765,1.0765,-0.0186,10.7953,10.7953,8.0000,-0.4163,-0.4163,0.4409
21.763,1.0805,1.0805,-0.0186,10.8140,10.8140,8.0000,-0.4932,-0.4932,0.4408
21.767,1.0806,1.0806,-0.0186,10.8276,10.8276,8.0000,-0.4932,-0.4932,0.4406
21.772,1.0807,1.0807,-0.0185,10.8419,10.8419,8.0000,-0.4932,-0.4932,0.4403
21.777,1.0808,1.0808,-0.0185,10.8540,10.8540,8.0000,-0.4932,-0.4932,0.4400
21.780,1.0809,1.0809,-0.0185,10.8633,10.8633,8.0000,-0.4932,-0.4932,0.4397
21.784,1.0841,1.0841,-0.0184,10.8815,10.8815,8.0000,-0.5634,-0.5634,0.4395
21.788,1.0842,1.0842,-0.0184,10.8918,10.8918,8.0000,-0.5634,-0.5634,0.4393
21.792,1.0842,1.0842,-0.0184,10.9029,10.9029,8.0000,-0.5634,-0.5634,0.4390
21.800,1.0844,1.0844,-0.0183,10.9202,10.9202,8.0000,-0.5634,-0.5634,0.4388
21.803,1.0866,1.0866,-0.0183,10.9335,10.9335,8.0000,-0.6275,-0.6275,0.4383
21.807,1.0866,1.0866,-0.0183,10.9413,10.9413,8.0000,-0.6275,-0.6275,0.4381
21.810,1.0867,1.0867,-0.0182,10.9475,10.9475,8.0000,-0.6275,-0.6275,0.4378
21.813,1.0867,1.0867,-0.0182,10.9539,10.9539,8.0000,-0.6275,-0.6275,0.4376
21.817,1.0868,1.0868,-0.0182,10.9606,10.9606,8.0000,-0.6275,-0.6275,0.4374
21.821,1.0869,1.0869,-0.0181,10.9661,10.9661,8.0000,-0.6275,-0.6275,0.4372
21.824,1.0879,1.0879,-0.0181,10.9733,10.9733,8.0000,-0.6866,-0.6866,0.4370
21.828,1.0880,1.0880,-0.0181,10.9784,10.9784,8.0000,-0.6866,-0.6866,0.4368
21.831,1.0880,1.0880,-0.0181,10.9826,10.9826,8.0000,-0.6866,-0.6866,0.4365
21.834,1.0881,1.0881,-0.0180,10.9867,10.9867,8.0000,-0.6866,-0.6866,0.4363
21.838,1.0881,1.0881,-0.0180,10.9900,10.9900,8.0000,-0.6866,-0.6866,0.4361
21.841,1.0882,1.0882,-0.0180,10.9928,10.9928,8.0000,-0.6866,-0.6866,0.4358
21.844,1.0879,1.0879,-0.0180,10.9934,10.9934,8.0000,-0.7394,-0.7394,0.4356
21.848,1.0880,1.0880,-0.0179,10.9956,10.9956,8.0000,-0.7394,-0.7394,0.4354
21.852,1.0880,1.0880,-0.0179,10.9971,10.9971,8.0000,-0.7394,-0.7394,0.4351
21.856,1.0881,1.0881,-0.0179,10.9979,10.9979,8.0000,-0.7394,-0.7394,0.4349
21.859,1.0881,1.0881,-0.0178,10.9983,10.9983,8.0000,-0.7394,-0.7394,0.4347
21.862,1.0881,1.0881,-0.0178,10.9981,10.9981,8.0000,-0.7394,-0.7394,0.4344
21.865,1.0863,1.0863,-0.0178,10.9907,10.9907,8.0000,-0.7847,-0.7847,0.4342
21.870,1.0864,1.0864,-0.0178,10.9891,10.9891,8.0000,-0.7847,-0.7847,0.4340
21.873,1.0864,1.0864,-0.0177,10.9874,10.9874,8.0000,-0.7847,-0.7847,0.4337
21.877,1.0865,1.0865,-0.0177,10.9843,10.9843,8.0000,-0.7847,-0.7847,0.4335
21.880,1.0865,1.0865,-0.0177,10.9813,10.9813,8.0000,-0.7847,-0.7847,0.4332
21.884,1.0851,1.0851,-0.0177,10.9659,10.9659,8.0000,-0.8538,-0.8538,0.4330
21.888,1.0852,1.0852,-0.0176,10.9610,10.9610,8.0000,-0.8538,-0.8538,0.4327
21.892,1.0852,1.0852,-0.0176,10.9559,10.9559,8.0000,-0.8538,-0.8538,0.4325
21.895,1.0853,1.0853,-0.0176,10.9505,10.9505,8.0000,-0.8538,-0.8538,0.4322
21.898,1.0853,1.0853,-0.0176,10.9451,10.9451,8.0000,-0.8538,-0.8538,0.4320
21.903,1.0821,1.0821,-0.0175,10.9185,10.9185,8.0000,-0.9159,-0.9159,0.4318
21.910,1.0822,1.0822,-0.0175,10.9002,10.9002,8.0000,-0.9159,-0.9159,0.4314
21.914,1.0822,1.0822,-0.0174,10.8915,10.8915,8.0000,-0.9159,-0.9159,0.4309
21.918,1.0823,1.0823,-0.0174,10.8811,10.8811,8.0000,-0.9159,-0.9159,0.4306
21.922,1.0823,1.0823,-0.0174,10.8681,10.8681,8.0000,-0.9159,-0.9159,0.4303
21.927,1.0772,1.0772,-0.0174,10.8296,10.8296,8.0000,-0.9688,-0.9688,0.4300
21.931,1.0772,1.0772,-0.0173,10.8168,10.8168,8.0000,-0.9688,-0.9688,0.4297
21.935,1.0772,1.0772,-0.0173,10.8032,10.8032,8.0000,-0.9688,-0.9688,0.4294
21.938,1.0773,1.0773,-0.0173,10.7908,10.7908,8.0000,-0.9688,-0.9688,0.4291
21.942,1.0773,1.0773,-0.0173,10.7787,10.7787,8.0000,-0.9688,-0.9688,0.4289
21.945,1.0700,1.0700,-0.0172,10.7356,10.7356,8.0000,-1.0112,-1.0112,0.4286
21.952,1.0701,1.0701,-0.0172,10.7067,10.7067,8.0000,-1.0112,-1.0112,0.4284
21.955,1.0701,1.0701,-0.0172,10.6922,10.6922,8.0000,-1.0112,-1.0112,0.4279
21.958,1.0701,1.0701,-0.0172,10.6783,10.6783,8.0000,-1.0112,-1.0112,0.4276
21.961,1.0702,1.0702,-0.0171,10.6641,10.6641,8.0000,-1.0112,-1.0112,0.4274
21.965,1.0609,1.0609,-0.0171,10.6125,10.6125,8.0000,-1.0440,-1.0440,0.4272
21.969,1.0609,1.0609,-0.0171,10.5918,10.5918,8.0000,-1.0440,-1.0440,0.4270
21.972,1.0609,1.0609,-0.0171,10.5747,10.5747,8.0000,-1.0440,-1.0440,0.4267
21.975,1.0609,1.0609,-0.0171,10.5577,10.5577,8.0000,-1.0440,-1.0440,0.4264
21.979,1.0610,1.0610,-0.0170,10.5404,10.5404,8.0000,-1.0440,-1.0440,0.4262
21.982,1.0610,1.0610,-0.0170,10.5229,10.5229,8.0000,-1.0440,-1.0440,0.4259
21.986,1.0497,1.0497,-0.0170,10.4551,10.4551,8.0000,-1.0674,-1.0674,0.4257
21.990,1.0497,1.0497,-0.0170,10.4332,10.4332,8.0000,-1.0674,-1.0674,0.4254
21.993,1.0497,1.0497,-0.0170,10.4145,10.4145,8.0000,-1.0674,-1.0674,0.4251
21.997,1.0498,1.0498,-0.0170,10.3957,10.3957,8.0000,-1.0674,-1.0674,0.4249
22.000,1.0498,1.0498,-0.0169,10.3728,10.3728,8.0000,-1.0674,-1.0674,0.4246
22.004,1.0395,1.0395,-0.0169,10.3011,10.3011,8.0000,-1.1292,-1.1292,0.4244
22.012,1.0395,1.0395,-0.0169,10.2493,10.2493,8.0000,-1.1292,-1.1292,0.4241
22.025,1.0261,1.0261,-0.0169,10.0934,10.0934,8.0000,-1.1630,-1.1630,0.4235
22.030,1.0261,1.0261,-0.0168,10.0584,10.0584,8.0000,-1.1630,-1.1630,0.4225
22.035,1.0262,1.0262,-0.0168,10.0223,10.0223,8.0000,-1.1630,-1.1630,0.4221
22.039,1.0262,1.0262,-0.0168,9.9956,9.9956,8.0000,-1.1630,-1.1630,0.4217
22.043,1.0107,1.0107,-0.0168,9.9062,9.9062,8.0000,-1.1850,-1.1850,0.4215
22.046,1.0107,1.0107,-0.0168,9.8785,9.8785,8.0000,-1.1850,-1.1850,0.4212
22.050,1.0107,1.0107,-0.0168,9.8502,9.8502,8.0000,-1.1850,-1.1850,0.4209
22.054,1.0107,1.0107,-0.0168,9.8246,9.8246,8.0000,-1.1850,-1.1850,0.4207
22.057,1.0107,1.0107,-0.0168,9.8006,9.8006,8.0000,-1.1850,-1.1850,0.4204
22.060,1.0107,1.0107,-0.0167,9.7767,9.7767,8.0000,-1.1850,-1.1850,0.4202
22.063,0.9932,0.9932,-0.0167,9.6778,9.6778,8.0000,-1.1940,-1.1940,0.4199
22.068,0.9933,0.9933,-0.0167,9.6436,9.6436,8.0000,-1.1940,-1.1940,0.4197
22.073,0.9933,0.9933,-0.0167,9.6076,9.6076,8.0000,-1.1940,-1.1940,0.4194
22.077,0.9933,0.9933,-0.0167,9.5693,9.5693,8.0000,-1.1940,-1.1940,0.4190
22.081,0.9933,0.9933,-0.0167,9.5413,9.5413,8.0000,-1.1940,-1.1940,0.4187
22.085,0.9740,0.9740,-0.0167,9.4319,9.4319,8.0000,-1.1895,-1.1895,0.4184
22.088,0.9740,0.9740,-0.0167,9.4010,9.4010,8.0000,-1.1895,-1.1895,0.4182
22.092,0.9740,0.9740,-0.0167,9.3753,9.3753,8.0000,-1.1895,-1.1895,0.4179
22.095,0.9740,0.9740,-0.0167,9.3494,9.3494,8.0000,-1.1895,-1.1895,0.4176
22.098,0.9740,0.9740,-0.0167,9.3230,9.3230,8.0000,-1.1895,-1.1895,0.4174
22.105,0.9530,0.9530,-0.0167,9.1775,9.1775,8.0000,-1.1719,-1.1719,0.4172
22.110,0.9531,0.9531,-0.0167,9.1406,9.1406,8.0000,-1.1719,-1.1719,0.4167
22.113,0.9531,0.9531,-0.0167,9.1114,9.1114,8.0000,-1.1719,-1.1719,0.4164
22.118,0.9531,0.9531,-0.0167,9.0698,9.0698,8.0000,-1.1719,-1.1719,0.4162
22.125,0.9308,0.9308,-0.0167,8.9165,8.9165,8.0000,-1.1436,-1.1436,0.4158
22.129,0.9308,0.9308,-0.0167,8.8829,8.8829,8.0000,-1.1436,-1.1436,0.4154
22.132,0.9308,0.9308,-0.0167,8.8549,8.8549,8.0000,-1.1436,-1.1436,0.4151
22.136,0.9308,0.9308,-0.0167,8.8250,8.8250,8.0000,-1.1436,-1.1436,0.4149
22.139,0.9308,0.9308,-0.0167,8.7966,8.7966,8.0000,-1.1436,-1.1436,0.4146
22.143,0.9073,0.9073,-0.0167,8.6655,8.6655,8.0000,-1.1047,-1.1047,0.4144
22.147,0.9074,0.9074,-0.0167,8.6341,8.6341,8.0000,-1.1047,-1.1047,0.4142
22.150,0.9074,0.9074,-0.0168,8.6031,8.6031,8.0000,-1.1047,-1.1047,0.4140
22.154,0.9074,0.9074,-0.0168,8.5746,8.5746,8.0000,-1.1047,-1.1047,0.4137
22.157,0.9074,0.9074,-0.0168,8.5475,8.5475,8.0000,-1.1047,-1.1047,0.4135
22.160,0.9074,0.9074,-0.0168,8.5211,8.5211,8.0000,-1.1047,-1.1047,0.4133
22.163,0.8830,0.8830,-0.0168,8.3836,8.3836,8.0000,-1.0558,-1.0558,0.4131
22.168,0.8830,0.8830,-0.0168,8.3483,8.3483,8.0000,-1.0558,-1.0558,0.4129
22.171,0.8830,0.8830,-0.0168,8.3193,8.3193,8.0000,-1.0558,-1.0558,0.4127
22.175,0.8830,0.8830,-0.0168,8.2887,8.2887,8.0000,-1.0558,-1.0558,0.4125
22.178,0.8830,0.8830,-0.0168,8.2598,8.2598,8.0000,-1.0558,-1.0558,0.4122
22.182,0.8830,0.8830,-0.0169,8.2334,8.2334,8.0000,-1.0558,-1.0558,0.4120
22.185,0.8579,0.8579,-0.0169,8.0857,8.0857,8.0000,-0.9961,-0.9961,0.4119
22.190,0.8579,0.8579,-0.0169,8.0496,8.0496,8.0000,-0.9961,-0.9961,0.4116
22.193,0.8579,0.8579,-0.0169,8.0216,8.0216,8.0000,-0.9961,-0.9961,0.4114
22.197,0.8579,0.8579,-0.0169,7.9920,7.9920,8.0000,-0.9961,-0.9961,0.4112
22.201,0.8579,0.8579,-0.0169,7.9568,7.9568,7.9920,-0.9961,-0.9961,0.4110
22.205,0.8321,0.8321,-0.0170,7.7991,7.7991,7.9568,-0.9257,-0.9257,0.4108
22.210,0.8321,0.8321,-0.0170,7.7601,7.7601,7.7991,-0.9257,-0.9257,0.4106
22.214,0.8322,0.8322,-0.0170,7.7263,7.7263,7.7601,-0.9257,-0.9257,0.4103
22.219,0.8322,0.8322,-0.0170,7.6846,7.6846,7.7263,-0.9257,-0.9257,0.4101
22.227,0.8060,0.8060,-0.0171,7.4933,7.4933,7.6846,-0.8450,-0.8450,0.4099
22.240,0.8061,0.8061,-0.0171,7.3877,7.3877,7.4933,-0.8450,-0.8450,0.4095
22.244,0.7809,0.7809,-0.0172,7.2161,7.2161,7.3877,-0.7907,-0.7907,0.4090
22.252,0.7809,0.7809,-0.0173,7.1549,7.1549,7.2161,-0.7907,-0.7907,0.4088
22.260,0.7810,0.7810,-0.0173,7.0918,7.0918,7.1549,-0.7907,-0.7907,0.4084
22.265,0.7558,0.7558,-0.0174,6.9160,6.9160,7.0918,-0.7300,-0.7300,0.4081
22.271,0.7558,0.7558,-0.0174,6.8700,6.8700,6.9160,-0.7300,-0.7300,0.4079
22.275,0.7558,0.7558,-0.0175,6.8389,6.8389,6.8700,-0.7300,-0.7300,0.4077
22.280,0.7558,0.7558,-0.0175,6.8011,6.8011,6.8389,-0.7300,-0.7300,0.4076
22.287,0.7310,0.7310,-0.0176,6.6068,6.6068,6.8011,-0.6731,-0.6731,0.4074
22.291,0.7310,0.7310,-0.0177,6.5726,6.5726,6.6068,-0.6731,-0.6731,0.4071
22.296,0.7310,0.7310,-0.0177,6.5375,6.5375,6.5726,-0.6731,-0.6731,0.4070
22.301,0.7310,0.7310,-0.0178,6.5044,6.5044,6.5375,-0.6731,-0.6731,0.4068
22.306,0.7064,0.7064,-0.0178,6.3179,6.3179,6.5044,-0.6080,-0.6080,0.4067
22.310,0.7064,0.7064,-0.0179,6.2878,6.2878,6.3179,-0.6080,-0.6080,0.4065
22.315,0.7064,0.7064,-0.0179,6.2513,6.2513,6.2878,-0.6080,-0.6080,0.4064
22.320,0.7064,0.7064,-0.0180,6.2163,6.2163,6.2513,-0.6080,-0.6080,0.4062
22.324,0.6821,0.6821,-0.0180,6.0346,6.0346,6.2163,-0.5340,-0.5340,0.4061
22.330,0.6821,0.6821,-0.0181,5.9914,5.9914,6.0346,-0.5340,-0.5340,0.4060
22.338,0.6821,0.6821,-0.0182,5.9381,5.9381,5.9914,-0.5340,-0.5340,0.4058
22.344,0.6584,0.6584,-0.0183,5.7472,5.7472,5.9381,-0.4589,-0.4589,0.4056
22.349,0.6584,0.6584,-0.0183,5.7260,5.7260,5.7472,-0.4589,-0.4589,0.4055
22.354,0.6584,0.6584,-0.0184,5.7154,5.7154,5.7260,-0.4589,-0.4589,0.4054
22.358,0.6584,0.6584,-0.0185,5.7110,5.7110,5.7154,-0.4589,-0.4589,0.4053
22.362,0.6584,0.6584,-0.0185,5.7114,5.7114,5.7110,-0.4589,-0.4589,0.4052
22.365,0.6353,0.6353,-0.0186,5.5520,5.5520,5.7114,-0.3752,-0.3752,0.4051
22.370,0.6353,0.6353,-0.0186,5.5646,5.5646,5.5520,-0.3752,-0.3752,0.4050
22.376,0.6353,0.6353,-0.0187,5.5872,5.5872,5.5646,-0.3752,-0.3752,0.4050
22.381,0.6353,0.6353,-0.0188,5.6135,5.6135,5.5872,-0.3752,-0.3752,0.4049
22.385,0.6128,0.6128,-0.0188,5.4724,5.4724,5.6135,-0.2809,-0.2809,0.4048
22.389,0.6128,0.6128,-0.0189,5.5029,5.5029,5.4724,-0.2809,-0.2809,0.4047
22.393,0.6128,0.6128,-0.0190,5.5291,5.5291,5.5029,-0.2809,-0.2809,0.4047
22.396,0.6128,0.6128,-0.0190,5.5518,5.5518,5.5291,-0.2809,-0.2809,0.4046
22.400,0.6128,0.6128,-0.0191,5.5746,5.5746,5.5518,-0.2809,-0.2809,0.4046
22.403,0.5914,0.5914,-0.0191,5.4253,5.4253,5.5746,-0.1999,-0.1999,0.4046
22.410,0.5914,0.5914,-0.0192,5.4614,5.4614,5.4253,-0.1999,-0.1999,0.4045
22.413,0.5914,0.5914,-0.0193,5.4780,5.4780,5.4614,-0.1999,-0.1999,0.4045
22.417,0.5914,0.5914,-0.0193,5.4944,5.4944,5.4780,-0.1999,-0.1999,0.4045
22.420,0.5914,0.5914,-0.0194,5.5098,5.5098,5.4944,-0.1999,-0.1999,0.4044
22.424,0.5709,0.5709,-0.0194,5.3512,5.3512,5.5098,-0.1235,-0.1235,0.4044
22.429,0.5709,0.5709,-0.0195,5.3680,5.3680,5.3512,-0.1235,-0.1235,0.4044
22.432,0.5709,0.5709,-0.0196,5.3795,5.3795,5.3680,-0.1235,-0.1235,0.4044
22.436,0.5709,0.5709,-0.0196,5.3908,5.3908,5.3795,-0.1235,-0.1235,0.4044
22.440,0.5709,0.5709,-0.0197,5.4029,5.4029,5.3908,-0.1235,-0.1235,0.4043
22.447,0.5514,0.5514,-0.0198,5.2392,5.2392,5.4029,-0.0429,-0.0429,0.4043
22.451,0.5514,0.5514,-0.0199,5.2473,5.2473,5.2392,-0.0429,-0.0429,0.4043
22.456,0.5514,0.5514,-0.0200,5.2539,5.2539,5.2473,-0.0429,-0.0429,0.4044
22.459,0.5514,0.5514,-0.0200,5.2582,5.2582,5.2539,-0.0429,-0.0429,0.4044
22.462,0.5514,0.5514,-0.0201,5.2611,5.2611,5.2582,-0.0429,-0.0429,0.4044
22.466,0.5329,0.5329,-0.0201,5.0816,5.0816,5.2611,0.0420,0.0420,0.4044
22.470,0.5329,0.5329,-0.0202,5.0821,5.0821,5.0816,0.0420,0.0420,0.4044
22.473,0.5329,0.5329,-0.0203,5.0815,5.0815,5.0821,0.0420,0.0420,0.4044
22.477,0.5329,0.5329,-0.0203,5.0799,5.0799,5.0815,0.0420,0.0420,0.4044
22.480,0.5329,0.5329,-0.0204,5.0775,5.0775,5.0799,0.0420,0.0420,0.4044
22.483,0.5154,0.5154,-0.0205,4.8902,4.8902,5.0775,0.1300,0.1300,0.4044
22.488,0.5154,0.5154,-0.0205,4.8829,4.8829,4.8902,0.1300,0.1300,0.4045
22.492,0.5154,0.5154,-0.0206,4.8766,4.8766,4.8829,0.1300,0.1300,0.4045
22.495,0.5154,0.5154,-0.0207,4.8701,4.8701,4.8766,0.1300,0.1300,0.4045
22.499,0.5154,0.5154,-0.0207,4.8631,4.8631,4.8701,0.1300,0.1300,0.4046
22.502,0.5154,0.5154,-0.0208,4.8535,4.8535,4.8631,0.1300,0.1300,0.4046
22.506,0.4989,0.4989,-0.0209,4.6590,4.6590,4.8535,0.2222,0.2222,0.4046
22.510,0.4989,0.4989,-0.0209,4.6483,4.6483,4.6590,0.2222,0.2222,0.4047
22.513,0.4989,0.4989,-0.0210,4.6392,4.6392,4.6483,0.2222,0.2222,0.4047
22.517,0.4989,0.4989,-0.0211,4.6278,4.6278,4.6392,0.2222,0.2222,0.4048
22.521,0.4989,0.4989,-0.0211,4.6146,4.6146,4.6278,0.2222,0.2222,0.4048
22.526,0.4836,0.4836,-0.0212,4.4142,4.4142,4.6146,0.3194,0.3194,0.4049
22.531,0.4836,0.4836,-0.0213,4.3993,4.3993,4.4142,0.3194,0.3194,0.4050
22.535,0.4836,0.4836,-0.0214,4.3866,4.3866,4.3993,0.3194,0.3194,0.4050
22.538,0.4836,0.4836,-0.0215,4.3757,4.3757,4.3866,0.3194,0.3194,0.4051
22.541,0.4836,0.4836,-0.0215,4.3654,4.3654,4.3757,0.3194,0.3194,0.4052
22.546,0.4693,0.4693,-0.0216,4.1633,4.1633,4.3654,0.4228,0.4228,0.4052
22.555,0.4693,0.4693,-0.0217,4.1326,4.1326,4.1633,0.4228,0.4228,0.4053
22.560,0.4693,0.4693,-0.0218,4.1125,4.1125,4.1326,0.4228,0.4228,0.4055
22.564,0.4562,0.4562,-0.0220,3.9117,3.9117,4.1125,0.5310,0.5310,0.4056
22.569,0.4562,0.4562,-0.0220,3.8955,3.8955,3.9117,0.5310,0.5310,0.4057
22.572,0.4562,0.4562,-0.0221,3.8837,3.8837,3.8955,0.5310,0.5310,0.4059
22.575,0.4562,0.4562,-0.0222,3.8725,3.8725,3.8837,0.5310,0.5310,0.4060
22.578,0.4562,0.4562,-0.0222,3.8613,3.8613,3.8725,0.5310,0.5310,0.4061
22.583,0.4441,0.4441,-0.0223,3.6552,3.6552,3.8613,0.6403,0.6403,0.4061
22.587,0.4441,0.4441,-0.0224,3.6394,3.6394,3.6552,0.6403,0.6403,0.4063
22.591,0.4441,0.4441,-0.0225,3.6276,3.6276,3.6394,0.6403,0.6403,0.4064
22.594,0.4441,0.4441,-0.0225,3.6156,3.6156,3.6276,0.6403,0.6403,0.4065
22.597,0.4441,0.4441,-0.0226,3.6028,3.6028,3.6156,0.6403,0.6403,0.4066
22.601,0.4441,0.4441,-0.0227,3.5885,3.5885,3.6028,0.6403,0.6403,0.4067
22.605,0.4331,0.4331,-0.0227,3.3841,3.3841,3.5885,0.7479,0.7479,0.4069
22.608,0.4331,0.4331,-0.0228,3.3681,3.3681,3.3841,0.7479,0.7479,0.4070
22.613,0.4331,0.4331,-0.0229,3.3505,3.3505,3.3681,0.7479,0.7479,0.4071
22.617,0.4331,0.4331,-0.0230,3.3331,3.3331,3.3505,0.7479,0.7479,0.4073
22.620,0.4331,0.4331,-0.0231,3.3168,3.3168,3.3331,0.7479,0.7479,0.4074
22.624,0.4231,0.4231,-0.0231,3.1136,3.1136,3.3168,0.8447,0.8447,0.4076
22.628,0.4231,0.4231,-0.0232,3.0939,3.0939,3.1217,0.8447,0.8447,0.4077
22.632,0.4231,0.4231,-0.0233,3.0783,3.0783,3.0939,0.8447,0.8447,0.4079
22.635,0.4231,0.4231,-0.0234,3.0607,3.0607,3.0783,0.8447,0.8447,0.4080
22.639,0.4231,0.4231,-0.0234,3.0450,3.0450,3.0607,0.8447,0.8447,0.4082
22.643,0.4140,0.4140,-0.0235,2.8368,2.8368,3.0450,0.9298,0.9298,0.4083
22.648,0.4140,0.4140,-0.0236,2.8175,2.8175,2.8368,0.9298,0.9298,0.4085
22.653,0.4140,0.4140,-0.0237,2.7954,2.7954,2.8175,0.9298,0.9298,0.4087
22.660,0.4140,0.4140,-0.0238,2.7629,2.7629,2.7954,0.9298,0.9298,0.4089
22.663,0.4059,0.4059,-0.0239,2.5610,2.5610,2.7629,1.0127,1.0127,0.4093
22.667,0.4059,0.4059,-0.0240,2.5425,2.5425,2.5610,1.0127,1.0127,0.4094
22.671,0.4059,0.4059,-0.0241,2.5281,2.5281,2.5425,1.0127,1.0127,0.4096
22.675,0.4059,0.4059,-0.0241,2.5106,2.5106,2.5281,1.0127,1.0127,0.4098
22.680,0.4059,0.4059,-0.0242,2.4907,2.4907,2.5106,1.0127,1.0127,0.4100
22.685,0.3987,0.3987,-0.0243,2.2843,2.2843,2.4907,1.0959,1.0959,0.4102
22.689,0.3987,0.3987,-0.0244,2.2656,2.2656,2.2843,1.0959,1.0959,0.4105
22.693,0.3987,0.3987,-0.0245,2.2517,2.2517,2.2656,1.0959,1.0959,0.4107
22.696,0.3987,0.3987,-0.0246,2.2386,2.2386,2.2517,1.0959,1.0959,0.4109
22.699,0.3987,0.3987,-0.0246,2.2242,2.2242,2.2386,1.0959,1.0959,0.4110
22.705,0.3924,0.3924,-0.0247,2.0190,2.0190,2.2242,1.1766,1.1766,0.4112
22.712,0.3924,0.3924,-0.0248,1.9898,1.9898,2.0190,1.1766,1.1766,0.4115
22.716,0.3924,0.3924,-0.0250,1.9749,1.9749,1.9898,1.1766,1.1766,0.4119
22.721,0.3924,0.3924,-0.0250,1.9552,1.9552,1.9749,1.1766,1.1766,0.4121
22.725,0.3871,0.3871,-0.0251,1.7585,1.7585,1.9552,1.2515,1.2515,0.4123
22.730,0.3878,0.3878,-0.0252,1.7376,1.7376,1.7585,1.2515,1.2515,0.4126
22.736,0.3891,0.3891,-0.0253,1.7182,1.7182,1.7376,1.2515,1.2515,0.4129
22.741,0.3914,0.3914,-0.0254,1.6985,1.6985,1.7182,1.2515,1.2515,0.4132
22.746,0.3898,0.3898,-0.0255,1.4999,1.4999,1.6985,1.3203,1.3203,0.4135
22.755,0.3986,0.3986,-0.0256,1.4649,1.4649,1.4999,1.3203,1.3203,0.4137
22.762,0.4083,0.4083,-0.0258,1.4380,1.4380,1.4649,1.3203,1.3203,0.4143
22.773,0.4261,0.4261,-0.0259,1.2161,1.2161,1.4380,1.3819,1.3819,0.4147
22.779,0.4407,0.4407,-0.0261,1.1933,1.1933,1.2161,1.3819,1.3819,0.4154
22.787,0.4586,0.4586,-0.0262,0.9907,0.9907,1.1933,1.4282,1.4282,0.4157
22.793,0.4793,0.4793,-0.0263,0.9680,0.9680,0.9907,1.4282,1.4282,0.4162
22.798,0.4987,0.4987,-0.0264,0.9494,0.9494,0.9680,1.4282,1.4282,0.4166
22.804,0.5174,0.5174,-0.0265,0.7595,0.7595,0.9494,1.4629,1.4629,0.4169
22.808,0.5381,0.5381,-0.0265,0.7435,0.7435,0.7595,1.4629,1.4629,0.4172
22.812,0.5572,0.5572,-0.0266,0.7299,0.7299,0.7435,1.4629,1.4629,0.4175
22.819,0.5898,0.5898,-0.0266,0.7086,0.7086,0.7299,1.4629,1.4629,0.4177
22.824,0.6140,0.6140,-0.0267,0.5247,0.5247,0.7086,1.4915,1.4915,0.4182
22.829,0.6419,0.6419,-0.0267,0.5093,0.5093,0.5247,1.4915,1.4915,0.4185
22.835,0.6787,0.6787,-0.0267,0.4906,0.4906,0.5093,1.4915,1.4915,0.4188
22.840,0.7097,0.7097,-0.0268,0.4760,0.4760,0.4906,1.4915,1.4915,0.4192
22.846,0.7431,0.7431,-0.0268,0.2956,0.2956,0.4760,1.5147,1.5147,0.4195
22.851,0.7765,0.7765,-0.0268,0.2818,0.2818,0.2956,1.5147,1.5147,0.4198
22.856,0.8087,0.8087,-0.0268,0.2693,0.2693,0.2818,1.5147,1.5147,0.4201
22.864,0.8689,0.8689,-0.0268,0.0855,0.0855,0.2693,1.5307,1.5307,0.4204
22.873,0.9350,0.9350,-0.0267,0.0637,0.0637,0.0855,1.5307,1.5307,0.4209
22.878,0.9681,0.9681,-0.0266,0.0534,0.0534,0.0637,1.5307,1.5307,0.4215
22.881,0.9960,0.9960,-0.0266,0.0452,0.0452,0.0534,1.5307,1.5307,0.4217
22.885,1.0278,1.0278,-0.0265,-0.1220,-0.1220,0.0452,1.5385,1.5385,0.4220
22.890,1.0605,1.0605,-0.0265,-0.1309,-0.1309,0.0000,1.5385,1.5385,0.4222
22.893,1.0897,1.0897,-0.0264,-0.1387,-0.1387,0.0000,1.5385,1.5385,0.4225
22.897,1.1214,1.1214,-0.0263,-0.1469,-0.1469,0.0000,1.5385,1.5385,0.4227
22.901,1.1539,1.1539,-0.0263,-0.1551,-0.1551,0.0000,1.5385,1.5385,0.4229
22.905,1.1839,1.1839,-0.0262,-0.3168,-0.3168,0.0000,1.5391,1.5391,0.4232
22.910,1.2242,1.2242,-0.0261,-0.3267,-0.3267,0.0000,1.5391,1.5391,0.4234
22.913,1.2529,1.2529,-0.0260,-0.3337,-0.3337,0.0000,1.5391,1.5391,0.4237
22.917,1.2822,1.2822,-0.0259,-0.3407,-0.3407,0.0000,1.5391,1.5391,0.4239
22.920,1.3109,1.3109,-0.0258,-0.3475,-0.3475,0.0000,1.5391,1.5391,0.4241
22.924,1.3404,1.3404,-0.0257,-0.5047,-0.5047,0.0000,1.5316,1.5316,0.4243
22.927,1.3721,1.3721,-0.0256,-0.5120,-0.5120,0.0000,1.5316,1.5316,0.4245
22.931,1.3999,1.3999,-0.0255,-0.5184,-0.5184,0.0000,1.5316,1.5316,0.4247
22.934,1.4313,1.4313,-0.0254,-0.5255,-0.5255,0.0000,1.5316,1.5316,0.4249
22.939,1.4663,1.4663,-0.0253,-0.5334,-0.5334,0.0000,1.5316,1.5316,0.4251
22.942,1.4961,1.4961,-0.0252,-0.5400,-0.5400,0.0000,1.5316,1.5316,0.4253
22.945,1.5251,1.5251,-0.0250,-0.6925,-0.6925,0.0000,1.5150,1.5150,0.4255
22.949,1.5596,1.5596,-0.0249,-0.6997,-0.6997,0.0000,1.5150,1.5150,0.4257
22.953,1.5918,1.5918,-0.0248,-0.7062,-0.7062,0.0000,1.5150,1.5150,0.4259
22.957,1.6196,1.6196,-0.0246,-0.7117,-0.7117,0.0000,1.5150,1.5150,0.4262
22.960,1.6464,1.6464,-0.0245,-0.7168,-0.7168,0.0000,1.5150,1.5150,0.4263
22.963,1.6765,1.6765,-0.0243,-0.8647,-0.8647,0.0000,1.4887,1.4887,0.4265
22.968,1.7229,1.7229,-0.0242,-0.8731,-0.8731,0.0000,1.4887,1.4887,0.4267
22.976,1.7888,1.7888,-0.0239,-0.8845,-0.8845,0.0000,1.4887,1.4887,0.4270
22.980,1.8194,1.8194,-0.0236,-0.8895,-0.8895,0.0000,1.4887,1.4887,0.4274
22.985,1.8633,1.8633,-0.0234,-1.0314,-1.0314,0.0000,1.3673,1.3673,0.4276
22.990,1.9020,1.9020,-0.0231,-1.0375,-1.0375,0.0000,1.3673,1.3673,0.4278
22.993,1.9292,1.9292,-0.0229,-1.0415,-1.0415,0.0000,1.3673,1.3673,0.4280
22.996,1.9544,1.9544,-0.0227,-1.0453,-1.0453,0.0000,1.3673,1.3673,0.4282
23.000,1.9853,1.9853,-0.0225,-1.0498,-1.0498,0.0000,1.3673,1.3673,0.4283
23.004,2.0164,2.0164,-0.0223,-1.1824,-1.1824,0.0000,1.1606,1.1606,0.4285
23.008,2.0451,2.0451,-0.0221,-1.1864,-1.1864,0.0000,1.1606,1.1606,0.4286
23.014,2.0865,2.0865,-0.0218,-1.1923,-1.1923,0.0000,1.1606,1.1606,0.4288
23.019,2.1229,2.1229,-0.0215,-1.1973,-1.1973,0.0000,1.1606,1.1606,0.4290
23.023,2.1473,2.1473,-0.0211,-1.2006,-1.2006,0.0000,1.1606,1.1606,0.4292
23.026,2.1737,2.1737,-0.0209,-1.3344,-1.3344,0.0000,1.1275,1.1275,0.4293
23.030,2.1988,2.1988,-0.0207,-1.3377,-1.3377,0.0000,1.1275,1.1275,0.4294
23.033,2.2216,2.2216,-0.0204,-1.3406,-1.3406,0.0000,1.1275,1.1275,0.4295
23.037,2.2431,2.2431,-0.0202,-1.3435,-1.3435,0.0000,1.1275,1.1275,0.4296
23.040,2.2628,2.2628,-0.0200,-1.3460,-1.3460,0.0000,1.1275,1.1275,0.4297
23.043,2.2874,2.2874,-0.0197,-1.4728,-1.4728,0.0000,1.0077,1.0077,0.4298
23.049,2.3201,2.3201,-0.0195,-1.4770,-1.4770,0.0000,1.0077,1.0077,0.4299
23.053,2.3442,2.3442,-0.0191,-1.4802,-1.4802,0.0000,1.0077,1.0077,0.4301
23.057,2.3623,2.3623,-0.0188,-1.4827,-1.4827,0.0000,1.0077,1.0077,0.4302
23.060,2.3799,2.3799,-0.0186,-1.4853,-1.4853,0.0000,1.0077,1.0077,0.4303
23.063,2.4032,2.4032,-0.0183,-1.6085,-1.6085,0.0000,0.8883,0.8883,0.4304
23.068,2.4253,2.4253,-0.0181,-1.6120,-1.6120,0.0000,0.8883,0.8883,0.4304
23.071,2.4424,2.4424,-0.0178,-1.6146,-1.6146,0.0000,0.8883,0.8883,0.4305
23.074,2.4583,2.4583,-0.0175,-1.6172,-1.6172,0.0000,0.8883,0.8883,0.4306
23.079,2.4827,2.4827,-0.0173,-1.6214,-1.6214,0.0000,0.8883,0.8883,0.4306
23.087,2.5242,2.5242,-0.0169,-1.7465,-1.7465,0.0000,0.8484,0.8484,0.4307
23.091,2.5421,2.5421,-0.0163,-1.7496,-1.7496,0.0000,0.8484,0.8484,0.4309
23.094,2.5573,2.5573,-0.0160,-1.7522,-1.7522,0.0000,0.8484,0.8484,0.4309
23.098,2.5711,2.5711,-0.0157,-1.7547,-1.7547,0.0000,0.8484,0.8484,0.4310
23.101,2.5863,2.5863,-0.0154,-1.7573,-1.7573,0.0000,0.8484,0.8484,0.4310
23.105,2.6077,2.6077,-0.0151,-1.8734,-1.8734,0.0000,0.7284,0.7284,0.4311
23.110,2.6271,2.6271,-0.0149,-1.8767,-1.8767,0.0000,0.7284,0.7284,0.4311
23.113,2.6408,2.6408,-0.0145,-1.8791,-1.8791,0.0000,0.7284,0.7284,0.4312
23.117,2.6547,2.6547,-0.0142,-1.8814,-1.8814,0.0000,0.7284,0.7284,0.4312
23.120,2.6674,2.6674,-0.0139,-1.8835,-1.8835,0.0000,0.7284,0.7284,0.4313
23.124,2.6866,2.6866,-0.0136,-1.9966,-1.9966,0.0000,0.6773,0.6773,0.4313
23.128,2.7004,2.7004,-0.0133,-1.9988,-1.9988,0.0000,0.6773,0.6773,0.4313
23.131,2.7120,2.7120,-0.0130,-2.0006,-2.0006,0.0000,0.6773,0.6773,0.4314
23.136,2.7295,2.7295,-0.0127,-2.0033,-2.0033,0.0000,0.6773,0.6773,0.4314
23.141,2.7470,2.7470,-0.0123,-2.0059,-2.0059,0.0000,0.6773,0.6773,0.4314
23.145,2.7660,2.7660,-0.0118,-2.1147,-2.1147,0.0000,0.5574,0.5574,0.4315
23.149,2.7788,2.7788,-0.0115,-2.1166,-2.1166,0.0000,0.5574,0.5574,0.4315
23.153,2.7899,2.7899,-0.0112,-2.1182,-2.1182,0.0000,0.5574,0.5574,0.4315
23.156,2.8002,2.8002,-0.0109,-2.1198,-2.1198,0.0000,0.5574,0.5574,0.4315
23.160,2.8101,2.8101,-0.0106,-2.1212,-2.1212,0.0000,0.5574,0.5574,0.4315
23.166,2.8349,2.8349,-0.0103,-2.2277,-2.2277,0.0000,0.4406,0.4406,0.4315
23.170,2.8470,2.8470,-0.0098,-2.2294,-2.2294,0.0000,0.4406,0.4406,0.4315
23.174,2.8576,2.8576,-0.0094,-2.2308,-2.2308,0.0000,0.4406,0.4406,0.4314
23.177,2.8667,2.8667,-0.0090,-2.2320,-2.2320,0.0000,0.4406,0.4406,0.4314
23.182,2.8781,2.8781,-0.0087,-2.2336,-2.2336,0.0000,0.4406,0.4406,0.4314
23.189,2.9043,2.9043,-0.0083,-2.3377,-2.3377,0.0000,0.3896,0.3896,0.4314
23.193,2.9140,2.9140,-0.0077,-2.3394,-2.3394,0.0000,0.3896,0.3896,0.4314
23.197,2.9215,2.9215,-0.0073,-2.3407,-2.3407,0.0000,0.3896,0.3896,0.4313
23.200,2.9300,2.9300,-0.0071,-2.3425,-2.3425,0.0000,0.3896,0.3896,0.4313
23.206,2.9501,2.9501,-0.0067,-2.4436,-2.4436,0.0000,0.3370,0.3370,0.4313
23.211,2.9611,2.9611,-0.0063,-2.4463,-2.4463,0.0000,0.3370,0.3370,0.4312
23.215,2.9694,2.9694,-0.0058,-2.4484,-2.4484,0.0000,0.3370,0.3370,0.4312
23.219,2.9775,2.9775,-0.0055,-2.4505,-2.4505,0.0000,0.3370,0.3370,0.4312
23.222,2.9845,2.9845,-0.0051,-2.4524,-2.4524,0.0000,0.3370,0.3370,0.4311
23.225,2.9992,2.9992,-0.0048,-2.5494,-2.5494,0.0000,0.2807,0.2807,0.4311
23.229,3.0070,3.0070,-0.0045,-2.5515,-2.5515,0.0000,0.2807,0.2807,0.4310
23.235,3.0169,3.0169,-0.0041,-2.5542,-2.5542,0.0000,0.2807,0.2807,0.4310
23.239,3.0241,3.0241,-0.0037,-2.5562,-2.5562,0.0000,0.2807,0.2807,0.4309
23.242,3.0297,3.0297,-0.0033,-2.5576,-2.5576,0.0000,0.2807,0.2807,0.4309
23.245,3.0440,3.0440,-0.0030,-2.6515,-2.6515,0.0000,0.2273,0.2273,0.4309
23.249,3.0511,3.0511,-0.0027,-2.6534,-2.6534,0.0000,0.2273,0.2273,0.4308
23.253,3.0570,3.0570,-0.0024,-2.6549,-2.6549,0.0000,0.2273,0.2273,0.4308
23.256,3.0623,3.0623,-0.0020,-2.6563,-2.6563,0.0000,0.2273,0.2273,0.4307
23.259,3.0673,3.0673,-0.0018,-2.6575,-2.6575,0.0000,0.2273,0.2273,0.4307
23.263,3.0723,3.0723,-0.0015,-2.6588,-2.6588,0.0000,0.2273,0.2273,0.4306
23.267,3.0883,3.0883,-0.0012,-2.7503,-2.7503,0.0000,0.1737,0.1737,0.4306
23.272,3.0949,3.0949,-0.0008,-2.7519,-2.7519,0.0000,0.1737,0.1737,0.4305
23.275,3.0996,3.0996,-0.0004,-2.7531,-2.7531,0.0000,0.1737,0.1737,0.4304
23.278,3.1041,3.1041,-0.0001,-2.7543,-2.7543,0.0000,0.1737,0.1737,0.4304
23.281,3.1087,3.1087,0.0002,-2.7555,-2.7555,0.0000,0.1737,0.1737,0.4303
23.287,3.1251,3.1251,0.0005,-2.8442,-2.8442,0.0000,0.1184,0.1184,0.4303
23.293,3.1332,3.1332,0.0010,-2.8462,-2.8462,0.0000,0.1184,0.1184,0.4302
23.301,3.1429,3.1429,0.0015,-2.8489,-2.8489,0.0000,0.1184,0.1184,0.4300
23.305,3.1570,3.1570,0.0022,-2.9343,-2.9343,0.0000,0.0624,0.0624,0.4299
23.309,3.1620,3.1620,0.0026,-2.9356,-2.9356,0.0000,0.0624,0.0624,0.4298
23.314,3.1677,3.1677,0.0030,-2.9371,-2.9371,0.0000,0.0624,0.0624,0.4297
23.321,3.1758,3.1758,0.0034,-2.9399,-2.9399,0.0000,0.0624,0.0624,0.4296
23.325,3.1894,3.1894,0.0041,-3.0229,-3.0229,0.0000,0.0069,0.0069,0.4295
23.329,3.1935,3.1935,0.0044,-3.0244,-3.0244,0.0000,0.0069,0.0069,0.4294
23.333,3.1970,3.1970,0.0048,-3.0260,-3.0260,0.0000,0.0069,0.0069,0.4293
23.336,3.2007,3.2007,0.0051,-3.0276,-3.0276,0.0000,0.0069,0.0069,0.4292
23.340,3.2039,3.2039,0.0054,-3.0291,-3.0291,0.0000,0.0069,0.0069,0.4291
23.344,3.2173,3.2173,0.0057,-3.1103,-3.1103,0.0000,-0.0485,-0.0485,0.4290
23.349,3.2219,3.2219,0.0061,-3.1128,-3.1128,0.0000,-0.0485,-0.0485,0.4289
23.353,3.2253,3.2253,0.0065,-3.1145,-3.1145,0.0000,-0.0485,-0.0485,0.4288
23.356,3.2286,3.2286,0.0069,-3.1162,-3.1162,0.0000,-0.0485,-0.0485,0.4287
23.360,3.2316,3.2316,0.0072,-3.1179,-3.1179,0.0000,-0.0485,-0.0485,0.4286
23.363,3.2438,3.2438,0.0075,-3.1956,-3.1956,0.0000,-0.1047,-0.1047,0.4286
23.367,3.2474,3.2474,0.0078,-3.1975,-3.1975,0.0000,-0.1047,-0.1047,0.4285
23.371,3.2505,3.2505,0.0082,-3.1992,-3.1992,0.0000,-0.1047,-0.1047,0.4283
23.375,3.2537,3.2537,0.0085,-3.2008,-3.2008,0.0000,-0.1047,-0.1047,0.4282
23.379,3.2567,3.2567,0.0089,-3.2026,-3.2026,0.0000,-0.1047,-0.1047,0.4281
23.383,3.2689,3.2689,0.0092,-3.2777,-3.2777,0.0000,-0.1613,-0.1613,0.4280
23.387,3.2719,3.2719,0.0095,-3.2795,-3.2795,0.0000,-0.1613,-0.1613,0.4279
23.390,3.2743,3.2743,0.0099,-3.2809,-3.2809,0.0000,-0.1613,-0.1613,0.4278
23.393,3.2765,3.2765,0.0102,-3.2824,-3.2824,0.0000,-0.1613,-0.1613,0.4277
23.397,3.2787,3.2787,0.0105,-3.2835,-3.2835,0.0000,-0.1613,-0.1613,0.4276
23.400,3.2812,3.2812,0.0107,-3.2851,-3.2851,0.0000,-0.1613,-0.1613,0.4275
23.406,3.2945,3.2945,0.0110,-3.3590,-3.3590,0.0000,-0.2091,-0.2091,0.4274
23.414,3.2995,3.2995,0.0115,-3.3619,-3.3619,0.0000,-0.2091,-0.2091,0.4272
23.417,3.3018,3.3018,0.0122,-3.3633,-3.3633,0.0000,-0.2091,-0.2091,0.4270
23.421,3.3040,3.3040,0.0125,-3.3650,-3.3650,0.0000,-0.2091,-0.2091,0.4268
23.424,3.3156,3.3156,0.0129,-3.4353,-3.4353,0.0000,-0.2542,-0.2542,0.4267
23.428,3.3178,3.3178,0.0131,-3.4368,-3.4368,0.0000,-0.2542,-0.2542,0.4266
23.432,3.3197,3.3197,0.0135,-3.4382,-3.4382,0.0000,-0.2542,-0.2542,0.4265
23.437,3.3228,3.3228,0.0138,-3.4402,-3.4402,0.0000,-0.2542,-0.2542,0.4264
23.442,3.3253,3.3253,0.0143,-3.4419,-3.4419,0.0000,-0.2542,-0.2542,0.4262
23.445,3.3367,3.3367,0.0147,-3.5097,-3.5097,0.0000,-0.2986,-0.2986,0.4260
23.449,3.3387,3.3387,0.0149,-3.5117,-3.5117,0.0000,-0.2986,-0.2986,0.4259
23.453,3.3405,3.3405,0.0153,-3.5135,-3.5135,0.0000,-0.2986,-0.2986,0.4258
23.456,3.3421,3.3421,0.0156,-3.5151,-3.5151,0.0000,-0.2986,-0.2986,0.4256
23.460,3.3436,3.3436,0.0159,-3.5168,-3.5168,0.0000,-0.2986,-0.2986,0.4255
23.463,3.3549,3.3549,0.0162,-3.5829,-3.5829,0.0000,-0.3427,-0.3427,0.4254
23.467,3.3569,3.3569,0.0164,-3.5852,-3.5852,0.0000,-0.3427,-0.3427,0.4253
23.475,3.3602,3.3602,0.0168,-3.5890,-3.5890,0.0000,-0.3427,-0.3427,0.4251
23.479,3.3617,3.3617,0.0175,-3.5907,-3.5907,0.0000,-0.3427,-0.3427,0.4248
23.491,3.3766,3.3766,0.0178,-3.6602,-3.6602,0.0000,-0.3853,-0.3853,0.4247
23.496,3.3786,3.3786,0.0188,-3.6628,-3.6628,0.0000,-0.3853,-0.3853,0.4242
23.503,3.3906,3.3906,0.0192,-3.7256,-3.7256,0.0000,-0.4252,-0.4252,0.4240
23.508,3.3926,3.3926,0.0198,-3.7287,-3.7287,0.0000,-0.4252,-0.4252,0.4238
23.516,3.3716,3.3716,0.0202,-3.7324,-3.7324,0.0000,-0.4252,-0.4252,0.4236
23.519,3.3590,3.3590,0.0208,-3.7340,-3.7340,0.0000,-0.4252,-0.4252,0.4233
23.523,3.3574,3.3574,0.0211,-3.7931,-3.7931,0.0000,-0.4658,-0.4658,0.4231
23.527,3.3442,3.3442,0.0214,-3.7954,-3.7954,0.0000,-0.4658,-0.4658,0.4230
23.530,3.3321,3.3321,0.0217,-3.7973,-3.7973,0.0000,-0.4658,-0.4658,0.4228
23.535,3.3156,3.3156,0.0220,-3.7997,-3.7997,0.0000,-0.4658,-0.4658,0.4227
23.539,3.3035,3.3035,0.0224,-3.8017,-3.8017,0.0000,-0.4658,-0.4658,0.4225
23.542,3.2925,3.2925,0.0226,-3.8041,-3.8041,0.0000,-0.4658,-0.4658,0.4224
23.545,3.2913,3.2913,0.0229,-3.8613,-3.8613,0.0000,-0.5051,-0.5051,0.4222
23.549,3.2776,3.2776,0.0231,-3.8640,-3.8640,0.0000,-0.5051,-0.5051,0.4221
23.553,3.2656,3.2656,0.0234,-3.8663,-3.8663,0.0000,-0.5051,-0.5051,0.4219
23.556,3.2545,3.2545,0.0237,-3.8683,-3.8683,0.0000,-0.5051,-0.5051,0.4218
23.560,3.2438,3.2438,0.0239,-3.8702,-3.8702,0.0000,-0.5051,-0.5051,0.4216
23.564,3.2397,3.2397,0.0242,-3.9268,-3.9268,0.0000,-0.5432,-0.5432,0.4215
23.569,3.2237,3.2237,0.0245,-3.9292,-3.9292,0.0000,-0.5432,-0.5432,0.4213
23.572,3.2127,3.2127,0.0248,-3.9315,-3.9315,0.0000,-0.5432,-0.5432,0.4211
23.575,3.2022,3.2022,0.0250,-3.9335,-3.9335,0.0000,-0.5432,-0.5432,0.4210
23.579,3.1913,3.1913,0.0253,-3.9356,-3.9356,0.0000,-0.5432,-0.5432,0.4208
23.583,3.1791,3.1791,0.0255,-3.9378,-3.9378,0.0000,-0.5432,-0.5432,0.4207
23.588,3.1703,3.1703,0.0257,-3.9939,-3.9939,0.0000,-0.5730,-0.5730,0.4205
23.593,3.1534,3.1534,0.0261,-3.9977,-3.9977,0.0000,-0.5730,-0.5730,0.4203
23.597,3.1427,3.1427,0.0265,-3.9999,-3.9999,0.0000,-0.5730,-0.5730,0.4201
23.601,3.1310,3.1310,0.0267,-4.0023,-4.0023,0.0000,-0.5730,-0.5730,0.4199
23.604,3.1296,3.1296,0.0269,-4.0543,-4.0543,0.0000,-0.6000,-0.6000,0.4198
23.608,3.1174,3.1174,0.0271,-4.0566,-4.0566,0.0000,-0.6000,-0.6000,0.4196
23.613,3.1010,3.1010,0.0274,-4.0607,-4.0607,0.0000,-0.6000,-0.6000,0.4194
23.621,3.0770,3.0770,0.0277,-4.0663,-4.0663,0.0000,-0.6000,-0.6000,0.4192
23.627,3.0674,3.0674,0.0281,-4.1183,-4.1183,0.0000,-0.6262,-0.6262,0.4189
23.631,3.0538,3.0538,0.0285,-4.1211,-4.1211,0.0000,-0.6262,-0.6262,0.4186
23.635,3.0413,3.0413,0.0287,-4.1235,-4.1235,0.0000,-0.6262,-0.6262,0.4184
23.639,3.0301,3.0301,0.0290,-4.1266,-4.1266,0.0000,-0.6262,-0.6262,0.4183
23.644,3.0255,3.0255,0.0292,-4.1762,-4.1762,0.0000,-0.6507,-0.6507,0.4181
23.648,3.0112,3.0112,0.0294,-4.1797,-4.1797,0.0000,-0.6507,-0.6507,0.4179
23.652,2.9991,2.9991,0.0297,-4.1826,-4.1826,0.0000,-0.6507,-0.6507,0.4177
23.656,2.9891,2.9891,0.0299,-4.1858,-4.1858,0.0000,-0.6507,-0.6507,0.4175
23.660,2.9754,2.9754,0.0301,-4.1888,-4.1888,0.0000,-0.6507,-0.6507,0.4174
23.664,2.9743,2.9743,0.0303,-4.2352,-4.2352,0.0000,-0.6719,-0.6719,0.4172
23.668,2.9608,2.9608,0.0305,-4.2391,-4.2391,0.0000,-0.6719,-0.6719,0.4170
23.671,2.9509,2.9509,0.0307,-4.2420,-4.2420,0.0000,-0.6719,-0.6719,0.4168
23.676,2.9387,2.9387,0.0309,-4.2453,-4.2453,0.0000,-0.6719,-0.6719,0.4167
23.679,2.9279,2.9279,0.0311,-4.2492,-4.2492,0.0000,-0.6719,-0.6719,0.4165
23.683,2.9266,2.9266,0.0312,-4.2944,-4.2944,0.0000,-0.6903,-0.6903,0.4163
23.687,2.9142,2.9142,0.0314,-4.2974,-4.2974,0.0000,-0.6903,-0.6903,0.4162
23.690,2.9048,2.9048,0.0316,-4.3006,-4.3006,0.0000,-0.6903,-0.6903,0.4160
23.694,2.8958,2.8958,0.0318,-4.3027,-4.3027,0.0000,-0.6903,-0.6903,0.4158
23.697,2.8867,2.8867,0.0319,-4.3056,-4.3056,0.0000,-0.6903,-0.6903,0.4157
23.700,2.8760,2.8760,0.0321,-4.3079,-4.3079,0.0000,-0.6903,-0.6903,0.4156
23.705,2.8733,2.8733,0.0322,-4.3523,-4.3523,0.0000,-0.7061,-0.7061,0.4154
23.709,2.8617,2.8617,0.0324,-4.3558,-4.3558,0.0000,-0.7061,-0.7061,0.4152
23.712,2.8525,2.8525,0.0326,-4.3595,-4.3595,0.0000,-0.7061,-0.7061,0.4150
23.715,2.8433,2.8433,0.0327,-4.3621,-4.3621,0.0000,-0.7061,-0.7061,0.4149
23.719,2.8331,2.8331,0.0329,-4.3649,-4.3649,0.0000,-0.7061,-0.7061,0.4147
23.723,2.8299,2.8299,0.0330,-4.4087,-4.4087,0.0000,-0.7199,-0.7199,0.4146
23.730,2.8095,2.8095,0.0332,-4.4161,-4.4161,0.0000,-0.7199,-0.7199,0.4144
23.735,2.7959,2.7959,0.0335,-4.4192,-4.4192,0.0000,-0.7199,-0.7199,0.4141
23.740,2.7819,2.7819,0.0337,-4.4239,-4.4239,0.0000,-0.7199,-0.7199,0.4139
23.745,2.7770,2.7770,0.0339,-4.4642,-4.4642,0.0000,-0.7310,-0.7310,0.4136
23.750,2.7653,2.7653,0.0340,-4.4679,-4.4679,0.0000,-0.7310,-0.7310,0.4134
23.753,2.7557,2.7557,0.0342,-4.4709,-4.4709,0.0000,-0.7310,-0.7310,0.4132
23.757,2.7470,2.7470,0.0343,-4.4735,-4.4735,0.0000,-0.7310,-0.7310,0.4131
23.760,2.7386,2.7386,0.0345,-4.4760,-4.4760,0.0000,-0.7310,-0.7310,0.4129
23.763,2.7391,2.7391,0.0346,-4.5146,-4.5146,0.0000,-0.7320,-0.7320,0.4128
23.768,2.7250,2.7250,0.0347,-4.5206,-4.5206,0.0000,-0.7320,-0.7320,0.4127
23.772,2.7148,2.7148,0.0349,-4.5233,-4.5233,0.0000,-0.7320,-0.7320,0.4124
23.778,2.6996,2.6996,0.0350,-4.5271,-4.5271,0.0000,-0.7320,-0.7320,0.4123
23.781,2.6901,2.6901,0.0352,-4.5309,-4.5309,0.0000,-0.7320,-0.7320,0.4120
23.785,2.6883,2.6883,0.0353,-4.5698,-4.5698,0.0000,-0.7245,-0.7245,0.4119
23.790,2.6778,2.6778,0.0354,-4.5737,-4.5737,0.0000,-0.7245,-0.7245,0.4117
23.793,2.6694,2.6694,0.0355,-4.5768,-4.5768,0.0000,-0.7245,-0.7245,0.4115
23.796,2.6613,2.6613,0.0356,-4.5812,-4.5812,0.0000,-0.7245,-0.7245,0.4114
23.801,2.6497,2.6497,0.0357,-4.5852,-4.5852,0.0000,-0.7245,-0.7245,0.4113
23.805,2.6480,2.6480,0.0359,-4.6239,-4.6239,0.0000,-0.7139,-0.7139,0.4111
23.809,2.6381,2.6381,0.0360,-4.6271,-4.6271,0.0000,-0.7139,-0.7139,0.4109
23.812,2.6300,2.6300,0.0361,-4.6296,-4.6296,0.0000,-0.7139,-0.7139,0.4108
23.816,2.6195,2.6195,0.0362,-4.6328,-4.6328,0.0000,-0.7139,-0.7139,0.4106
23.820,2.6090,2.6090,0.0363,-4.6379,-4.6379,0.0000,-0.7139,-0.7139,0.4105
23.824,2.6086,2.6086,0.0364,-4.6722,-4.6722,0.0000,-0.7022,-0.7022,0.4103
23.830,2.5947,2.5947,0.0365,-4.6786,-4.6786,0.0000,-0.7022,-0.7022,0.4102
23.838,2.5733,2.5733,0.0367,-4.6881,-4.6881,0.0000,-0.7022,-0.7022,0.4099
23.842,2.5637,2.5637,0.0369,-4.6922,-4.6922,0.0000,-0.7022,-0.7022,0.4096
23.846,2.5629,2.5629,0.0370,-4.7264,-4.7264,0.0000,-0.6894,-0.6894,0.4095
23.852,2.5486,2.5486,0.0371,-4.7321,-4.7321,0.0000,-0.6894,-0.6894,0.4093
23.856,2.5394,2.5394,0.0372,-4.7357,-4.7357,0.0000,-0.6894,-0.6894,0.4091
23.862,2.5268,2.5268,0.0373,-4.7405,-4.7405,0.0000,-0.6894,-0.6894,0.4089
23.866,2.5236,2.5236,0.0374,-4.7736,-4.7736,0.0000,-0.6754,-0.6754,0.4087
23.871,2.5133,2.5133,0.0375,-4.7800,-4.7800,0.0000,-0.6754,-0.6754,0.4086
23.875,2.5048,2.5048,0.0376,-4.7829,-4.7829,0.0000,-0.6754,-0.6754,0.4084
23.878,2.4962,2.4962,0.0377,-4.7880,-4.7880,0.0000,-0.6754,-0.6754,0.4083
23.882,2.4878,2.4878,0.0377,-4.7930,-4.7930,0.0000,-0.6754,-0.6754,0.4081
23.886,2.4866,2.4866,0.0378,-4.8233,-4.8233,0.0000,-0.6602,-0.6602,0.4080
23.893,2.4714,2.4714,0.0379,-4.8319,-4.8319,0.0000,-0.6602,-0.6602,0.4079
23.898,2.4603,2.4603,0.0380,-4.8379,-4.8379,0.0000,-0.6602,-0.6602,0.4076
23.903,2.4512,2.4512,0.0381,-4.8427,-4.8427,0.0000,-0.6602,-0.6602,0.4075
23.906,2.4511,2.4511,0.0382,-4.8732,-4.8732,0.0000,-0.6438,-0.6438,0.4073
23.911,2.4419,2.4419,0.0382,-4.8779,-4.8779,0.0000,-0.6438,-0.6438,0.4072
23.914,2.4343,2.4343,0.0383,-4.8817,-4.8817,0.0000,-0.6438,-0.6438,0.4071
23.918,2.4254,2.4254,0.0384,-4.8860,-4.8860,0.0000,-0.6438,-0.6438,0.4069
23.922,2.4173,2.4173,0.0384,-4.8899,-4.8899,0.0000,-0.6438,-0.6438,0.4068
23.929,2.4117,2.4117,0.0385,-4.9235,-4.9235,0.0000,-0.6270,-0.6270,0.4067
23.934,2.4015,2.4015,0.0386,-4.9300,-4.9300,0.0000,-0.6270,-0.6270,0.4065
23.940,2.3888,2.3888,0.0387,-4.9354,-4.9354,0.0000,-0.6270,-0.6270,0.4063
23.948,2.3806,2.3806,0.0387,-4.9654,-4.9654,0.0000,-0.6092,-0.6092,0.4061
23.953,2.3707,2.3707,0.0388,-4.9693,-4.9693,0.0000,-0.6092,-0.6092,0.4059
23.956,2.3636,2.3636,0.0389,-4.9720,-4.9720,0.0000,-0.6092,-0.6092,0.4058
23.960,2.3567,2.3567,0.0389,-4.9746,-4.9746,0.0000,-0.6092,-0.6092,0.4056
23.964,2.3572,2.3572,0.0390,-5.0012,-5.0012,0.0000,-0.5886,-0.5886,0.4055
23.969,2.3474,2.3474,0.0390,-5.0046,-5.0046,0.0000,-0.5886,-0.5886,0.4054
23.973,2.3393,2.3393,0.0391,-5.0092,-5.0092,0.0000,-0.5886,-0.5886,0.4053
23.977,2.3326,2.3326,0.0391,-5.0114,-5.0114,0.0000,-0.5886,-0.5886,0.4052
23.980,2.3263,2.3263,0.0391,-5.0148,-5.0148,0.0000,-0.5886,-0.5886,0.4051
23.984,2.3268,2.3268,0.0392,-5.0399,-5.0399,0.0000,-0.5649,-0.5649,0.4050
23.988,2.3192,2.3192,0.0392,-5.0438,-5.0438,0.0000,-0.5649,-0.5649,0.4049
23.991,2.3135,2.3135,0.0393,-5.0468,-5.0468,0.0000,-0.5649,-0.5649,0.4048
23.994,2.3077,2.3077,0.0393,-5.0497,-5.0497,0.0000,-0.5649,-0.5649,0.4047
23.997,2.3021,2.3021,0.0393,-5.0512,-5.0512,0.0000,-0.5649,-0.5649,0.4046
24.002,2.2931,2.2931,0.0393,-5.0536,-5.0536,0.0000,-0.5649,-0.5649,0.4045
24.006,2.2944,2.2944,0.0394,-5.0772,-5.0772,0.0000,-0.5274,-0.5274,0.4044
24.010,2.2877,2.2877,0.0394,-5.0874,-5.0874,0.0000,-0.5274,-0.5274,0.4043
24.013,2.2821,2.2821,0.0394,-5.0958,-5.0958,0.0000,-0.5274,-0.5274,0.4042
24.017,2.2756,2.2756,0.0395,-5.0985,-5.0985,0.0000,-0.5274,-0.5274,0.4041
24.020,2.2697,2.2697,0.0395,-5.1074,-5.1074,0.0000,-0.5274,-0.5274,0.4041
24.024,2.2715,2.2715,0.0395,-5.1289,-5.1289,0.0000,-0.4875,-0.4875,0.4040
24.028,2.2651,2.2651,0.0395,-5.1313,-5.1313,0.0000,-0.4875,-0.4875,0.4039
24.032,2.2583,2.2583,0.0395,-5.1414,-5.1414,0.0000,-0.4875,-0.4875,0.4038
24.036,2.2517,2.2517,0.0396,-5.1436,-5.1436,0.0000,-0.4875,-0.4875,0.4037
24.039,2.2462,2.2462,0.0396,-5.1454,-5.1454,0.0000,-0.4875,-0.4875,0.4036
24.044,2.2459,2.2459,0.0396,-5.1743,-5.1743,0.0000,-0.4491,-0.4491,0.4036
24.051,2.2351,2.2351,0.0396,-5.1899,-5.1899,0.0000,-0.4491,-0.4491,0.4035
24.058,2.2239,2.2239,0.0397,-5.2056,-5.2056,0.0000,-0.4491,-0.4491,0.4034
24.061,2.2185,2.2185,0.0397,-5.2065,-5.2065,0.0000,-0.4491,-0.4491,0.4032
24.065,2.2192,2.2192,0.0397,-5.2242,-5.2242,0.0000,-0.4134,-0.4134,0.4032
24.070,2.2124,2.2124,0.0397,-5.2253,-5.2253,0.0000,-0.4134,-0.4134,0.4031
24.073,2.2075,2.2075,0.0397,-5.2260,-5.2260,0.0000,-0.4134,-0.4134,0.4030
24.079,2.1990,2.1990,0.0397,-5.2272,-5.2272,0.0000,-0.4134,-0.4134,0.4030
24.082,2.1939,2.1939,0.0398,-5.2345,-5.2345,0.0000,-0.4134,-0.4134,0.4029
24.086,2.1954,2.1954,0.0398,-5.2508,-5.2508,0.0000,-0.3750,-0.3750,0.4028
24.090,2.1899,2.1899,0.0398,-5.2513,-5.2513,0.0000,-0.3750,-0.3750,0.4027
24.095,2.1838,2.1838,0.0398,-5.2603,-5.2603,0.0000,-0.3750,-0.3750,0.4027
24.098,2.1790,2.1790,0.0398,-5.2671,-5.2671,0.0000,-0.3750,-0.3750,0.4026
24.102,2.1739,2.1739,0.0398,-5.2743,-5.2743,0.0000,-0.3750,-0.3750,0.4026
24.105,2.1757,2.1757,0.0398,-5.2954,-5.2954,0.0000,-0.3364,-0.3364,0.4025
24.109,2.1701,2.1701,0.0398,-5.3029,-5.3029,0.0000,-0.3364,-0.3364,0.4025
24.113,2.1654,2.1654,0.0398,-5.3026,-5.3026,0.0000,-0.3364,-0.3364,0.4024
24.116,2.1606,2.1606,0.0398,-5.3087,-5.3087,0.0000,-0.3364,-0.3364,0.4024
24.120,2.1551,2.1551,0.0398,-5.3082,-5.3082,0.0000,-0.3364,-0.3364,0.4023
24.123,2.1567,2.1567,0.0398,-5.3275,-5.3275,0.0000,-0.2923,-0.2923,0.4023
24.128,2.1491,2.1491,0.0398,-5.3267,-5.3267,0.0000,-0.2923,-0.2923,0.4023
24.131,2.1433,2.1433,0.0398,-5.3261,-5.3261,0.0000,-0.2923,-0.2923,0.4022
24.135,2.1367,2.1367,0.0398,-5.3328,-5.3328,0.0000,-0.2923,-0.2923,0.4022
24.139,2.1305,2.1305,0.0398,-5.3388,-5.3388,0.0000,-0.2923,-0.2923,0.4021
24.142,2.1245,2.1245,0.0398,-5.3443,-5.3443,0.0000,-0.2923,-0.2923,0.4021
24.145,2.1247,2.1247,0.0398,-5.3623,-5.3623,0.0000,-0.2481,-0.2481,0.4021
24.149,2.1168,2.1168,0.0398,-5.3688,-5.3688,0.0000,-0.2481,-0.2481,0.4021
24.154,2.1073,2.1073,0.0398,-5.3761,-5.3761,0.0000,-0.2481,-0.2481,0.4020
24.161,2.0919,2.0919,0.0398,-5.3868,-5.3868,0.0000,-0.2481,-0.2481,0.4020
24.164,2.0906,2.0906,0.0398,-5.4033,-5.4033,0.0000,-0.2043,-0.2043,0.4019
24.168,2.0808,2.0808,0.0398,-5.4093,-5.4093,0.0000,-0.2043,-0.2043,0.4019
24.173,2.0698,2.0698,0.0397,-5.4156,-5.4156,0.0000,-0.2043,-0.2043,0.4019
24.176,2.0611,2.0611,0.0397,-5.4203,-5.4203,0.0000,-0.2043,-0.2043,0.4019
24.180,2.0528,2.0528,0.0397,-5.4246,-5.4246,0.0000,-0.2043,-0.2043,0.4019
24.183,2.0493,2.0493,0.0397,-5.4400,-5.4400,0.0000,-0.1613,-0.1613,0.4018
24.187,2.0380,2.0380,0.0397,-5.4453,-5.4453,0.0000,-0.1613,-0.1613,0.4018
24.191,2.0285,2.0285,0.0397,-5.4495,-5.4495,0.0000,-0.1613,-0.1613,0.4018
24.195,2.0153,2.0153,0.0396,-5.4549,-5.4549,0.0000,-0.1613,-0.1613,0.4018
24.200,2.0002,2.0002,0.0396,-5.4609,-5.4609,0.0000,-0.1613,-0.1613,0.4018
24.205,1.9911,1.9911,0.0396,-5.4764,-5.4764,0.0000,-0.1176,-0.1176,0.4018
24.209,1.9775,1.9775,0.0395,-5.4812,-5.4812,0.0000,-0.1176,-0.1176,0.4018
24.213,1.9668,1.9668,0.0395,-5.4847,-5.4847,0.0000,-0.1176,-0.1176,0.4018
24.216,1.9550,1.9550,0.0395,-5.4885,-5.4885,0.0000,-0.1176,-0.1176,0.4018
24.220,1.9425,1.9425,0.0394,-5.4924,-5.4924,0.0000,-0.1176,-0.1176,0.4018
24.223,1.9364,1.9364,0.0394,-5.5051,-5.5051,0.0000,-0.0727,-0.0727,0.4018
24.230,1.9140,1.9140,0.0394,-5.5114,-5.5114,0.0000,-0.0727,-0.0727,0.4018
24.235,1.8930,1.8930,0.0393,-5.5169,-5.5169,0.0000,-0.0727,-0.0727,0.4018
24.241,1.8734,1.8734,0.0392,-5.5218,-5.5218,0.0000,-0.0727,-0.0727,0.4018
24.245,1.8639,1.8639,0.0391,-5.5340,-5.5340,0.0000,-0.0235,-0.0235,0.4018
24.249,1.8456,1.8456,0.0391,-5.5381,-5.5381,0.0000,-0.0235,-0.0235,0.4018
24.253,1.8291,1.8291,0.0390,-5.5417,-5.5417,0.0000,-0.0235,-0.0235,0.4018
24.257,1.8152,1.8152,0.0390,-5.5446,-5.5446,0.0000,-0.0235,-0.0235,0.4019
24.261,1.7978,1.7978,0.0389,-5.5481,-5.5481,0.0000,-0.0235,-0.0235,0.4019
24.270,1.7658,1.7658,0.0388,-5.5631,-5.5631,0.0000,0.0217,0.0217,0.4019
24.275,1.7446,1.7446,0.0387,-5.5669,-5.5669,0.0000,0.0217,0.0217,0.4019
24.279,1.7306,1.7306,0.0386,-5.5693,-5.5693,0.0000,0.0217,0.0217,0.4020
24.282,1.7146,1.7146,0.0385,-5.5719,-5.5719,0.0000,0.0217,0.0217,0.4020
24.286,1.7030,1.7030,0.0384,-5.5897,-5.5897,0.0000,0.0680,0.0680,0.4020
24.291,1.6830,1.6830,0.0384,-5.5926,-5.5926,0.0000,0.0680,0.0680,0.4020
24.294,1.6689,1.6689,0.0383,-5.5945,-5.5945,0.0000,0.0680,0.0680,0.4021
24.298,1.6507,1.6507,0.0382,-5.5970,-5.5970,0.0000,0.0680,0.0680,0.4021
24.302,1.6317,1.6317,0.0381,-5.5995,-5.5995,0.0000,0.0680,0.0680,0.4021
24.306,1.6215,1.6215,0.0380,-5.6081,-5.6081,0.0000,0.1114,0.1114,0.4022
24.310,1.6039,1.6039,0.0379,-5.6103,-5.6103,0.0000,0.1114,0.1114,0.4022
24.313,1.5875,1.5875,0.0378,-5.6123,-5.6123,0.0000,0.1114,0.1114,0.4022
24.317,1.5704,1.5704,0.0377,-5.6218,-5.6218,0.0000,0.1114,0.1114,0.4023
24.321,1.5546,1.5546,0.0376,-5.6235,-5.6235,0.0000,0.1114,0.1114,0.4023
24.324,1.5451,1.5451,0.0375,-5.6309,-5.6309,0.0000,0.1518,0.1518,0.4024
24.328,1.5234,1.5234,0.0374,-5.6331,-5.6331,0.0000,0.1518,0.1518,0.4024
24.332,1.5067,1.5067,0.0373,-5.6347,-5.6347,0.0000,0.1518,0.1518,0.4025
24.336,1.4890,1.4890,0.0372,-5.6440,-5.6440,0.0000,0.1518,0.1518,0.4025
24.339,1.4733,1.4733,0.0371,-5.6520,-5.6520,0.0000,0.1518,0.1518,0.4025
24.343,1.4620,1.4620,0.0370,-5.6585,-5.6585,0.0000,0.1897,0.1897,0.4026
24.348,1.4367,1.4367,0.0369,-5.6602,-5.6602,0.0000,0.1897,0.1897,0.4026
24.353,1.4136,1.4136,0.0367,-5.6618,-5.6618,0.0000,0.1897,0.1897,0.4027
24.357,1.3929,1.3929,0.0365,-5.6631,-5.6631,0.0000,0.1897,0.1897,0.4028
24.361,1.3761,1.3761,0.0364,-5.6642,-5.6642,0.0000,0.1897,0.1897,0.4028
24.365,1.3598,1.3598,0.0362,-5.6791,-5.6791,0.0000,0.2260,0.2260,0.4029
24.373,1.3218,1.3218,0.0361,-5.6810,-5.6810,0.0000,0.2260,0.2260,0.4029
24.379,1.2941,1.2941,0.0358,-5.6823,-5.6823,0.0000,0.2260,0.2260,0.4031
24.383,1.2814,1.2814,0.0356,-5.6944,-5.6944,0.0000,0.2579,0.2579,0.4032
24.388,1.2580,1.2580,0.0354,-5.7051,-5.7051,0.0000,0.2579,0.2579,0.4032
24.391,1.2415,1.2415,0.0352,-5.7124,-5.7124,0.0000,0.2579,0.2579,0.4033
24.395,1.2265,1.2265,0.0351,-5.7126,-5.7126,0.0000,0.2579,0.2579,0.4034
24.398,1.2117,1.2117,0.0349,-5.7128,-5.7128,0.0000,0.2579,0.2579,0.4034
24.401,1.1948,1.1948,0.0348,-5.7130,-5.7130,0.0000,0.2579,0.2579,0.4035
24.405,1.1827,1.1827,0.0347,-5.7239,-5.7239,0.0000,0.2892,0.2892,0.4035
24.409,1.1644,1.1644,0.0345,-5.7239,-5.7239,0.0000,0.2892,0.2892,0.4036
24.412,1.1495,1.1495,0.0343,-5.7239,-5.7239,0.0000,0.2892,0.2892,0.4036
24.415,1.1344,1.1344,0.0342,-5.7304,-5.7304,0.0000,0.2892,0.2892,0.4037
24.419,1.1169,1.1169,0.0340,-5.7377,-5.7377,0.0000,0.2892,0.2892,0.4038
24.422,1.1014,1.1014,0.0339,-5.7375,-5.7375,0.0000,0.2892,0.2892,0.4038
24.426,1.0908,1.0908,0.0337,-5.7468,-5.7468,0.0000,0.3177,0.3177,0.4039
24.429,1.0731,1.0731,0.0336,-5.7539,-5.7539,0.0000,0.3177,0.3177,0.4039
24.433,1.0562,1.0562,0.0334,-5.7534,-5.7534,0.0000,0.3177,0.3177,0.4040
24.438,1.0356,1.0356,0.0332,-5.7527,-5.7527,0.0000,0.3177,0.3177,0.4041
24.441,1.0198,1.0198,0.0330,-5.7590,-5.7590,0.0000,0.3177,0.3177,0.4042
24.444,1.0090,1.0090,0.0328,-5.7678,-5.7678,0.0000,0.3467,0.3467,0.4042
24.448,0.9912,0.9912,0.0327,-5.7745,-5.7745,0.0000,0.3467,0.3467,0.4043
24.453,0.9723,0.9723,0.0325,-5.7735,-5.7735,0.0000,0.3467,0.3467,0.4044
24.456,0.9575,0.9575,0.0322,-5.7727,-5.7727,0.0000,0.3467,0.3467,0.4045
24.459,0.9432,0.9432,0.0321,-5.7719,-5.7719,0.0000,0.3467,0.3467,0.4045
24.462,0.9289,0.9289,0.0319,-5.7773,-5.7773,0.0000,0.3467,0.3467,0.4046
24.468,0.9054,0.9054,0.0317,-5.7901,-5.7901,0.0000,0.3700,0.3700,0.4046
24.476,0.8706,0.8706,0.0314,-5.8025,-5.8025,0.0000,0.3700,0.3700,0.4048
24.479,0.8559,0.8559,0.0310,-5.8090,-5.8090,0.0000,0.3700,0.3700,0.4049
24.483,0.8435,0.8435,0.0308,-5.8167,-5.8167,0.0000,0.3874,0.3874,0.4050
24.487,0.8256,0.8256,0.0306,-5.8244,-5.8244,0.0000,0.3874,0.3874,0.4051
24.490,0.8114,0.8114,0.0304,-5.8304,-5.8304,0.0000,0.3874,0.3874,0.4052
24.494,0.7967,0.7967,0.0302,-5.8350,-5.8350,0.0000,0.3874,0.3874,0.4052
24.500,0.7719,0.7719,0.0300,-5.8426,-5.8426,0.0000,0.3874,0.3874,0.4053
24.505,0.7540,0.7540,0.0296,-5.8509,-5.8509,0.0000,0.3981,0.3981,0.4054
24.509,0.7350,0.7350,0.0293,-5.8584,-5.8584,0.0000,0.3981,0.3981,0.4055
24.512,0.7208,0.7208,0.0291,-5.8624,-5.8624,0.0000,0.3981,0.3981,0.4056
24.516,0.7057,0.7057,0.0289,-5.8680,-5.8680,0.0000,0.3981,0.3981,0.4057
24.520,0.6907,0.6907,0.0287,-5.8720,-5.8720,0.0000,0.3981,0.3981,0.4058
24.523,0.6805,0.6805,0.0284,-5.8787,-5.8787,0.0000,0.4037,0.4037,0.4058
24.527,0.6632,0.6632,0.0282,-5.8848,-5.8848,0.0000,0.4037,0.4037,0.4059
24.534,0.6335,0.6335,0.0280,-5.8951,-5.8951,0.0000,0.4037,0.4037,0.4060
24.538,0.6171,0.6171,0.0275,-5.9006,-5.9006,0.0000,0.4037,0.4037,0.4061
24.542,0.6018,0.6018,0.0273,-5.9055,-5.9055,0.0000,0.4037,0.4037,0.4062
24.545,0.5915,0.5915,0.0270,-5.9114,-5.9114,0.0000,0.4066,0.4066,0.4063
24.549,0.5741,0.5741,0.0268,-5.9168,-5.9168,0.0000,0.4066,0.4066,0.4064
24.553,0.5591,0.5591,0.0266,-5.9214,-5.9214,0.0000,0.4066,0.4066,0.4065
24.556,0.5463,0.5463,0.0263,-5.9252,-5.9252,0.0000,0.4066,0.4066,0.4065
24.560,0.5287,0.5287,0.0261,-5.9332,-5.9332,0.0000,0.4066,0.4066,0.4066
24.564,0.5169,0.5169,0.0258,-5.9388,-5.9388,0.0000,0.4082,0.4082,0.4067
24.568,0.5002,0.5002,0.0256,-5.9433,-5.9433,0.0000,0.4082,0.4082,0.4068
24.573,0.4824,0.4824,0.0253,-5.9510,-5.9510,0.0000,0.4082,0.4082,0.4068
24.579,0.4552,0.4552,0.0250,-5.9624,-5.9624,0.0000,0.4082,0.4082,0.4069
24.584,0.4412,0.4412,0.0245,-5.9704,-5.9704,0.0000,0.4073,0.4073,0.4071
24.588,0.4237,0.4237,0.0242,-5.9772,-5.9772,0.0000,0.4073,0.4073,0.4071
24.594,0.4018,0.4018,0.0239,-5.9856,-5.9856,0.0000,0.4073,0.4073,0.4072
24.598,0.3869,0.3869,0.0235,-5.9899,-5.9899,0.0000,0.4073,0.4073,0.4073
24.601,0.3725,0.3725,0.0233,-5.9951,-5.9951,0.0000,0.4073,0.4073,0.4074
24.605,0.3617,0.3617,0.0230,-6.0009,-6.0009,0.0000,0.4025,0.4025,0.4075
24.609,0.3442,0.3442,0.0227,-6.0069,-6.0069,0.0000,0.4025,0.4025,0.4076
24.613,0.3309,0.3309,0.0224,-6.0114,-6.0114,0.0000,0.4025,0.4025,0.4076
24.616,0.3175,0.3175,0.0222,-6.0158,-6.0158,0.0000,0.4025,0.4025,0.4077
24.620,0.3002,0.3002,0.0219,-6.0213,-6.0213,0.0000,0.4025,0.4025,0.4078
24.625,0.2864,0.2864,0.0216,-6.0295,-6.0295,0.0000,0.3979,0.3979,0.4079
24.629,0.2698,0.2698,0.0213,-6.0344,-6.0344,0.0000,0.3979,0.3979,0.4079
24.633,0.2561,0.2561,0.0210,-6.0417,-6.0417,0.0000,0.3979,0.3979,0.4080
24.637,0.2406,0.2406,0.0207,-6.0480,-6.0480,0.0000,0.3979,0.3979,0.4081
24.640,0.2278,0.2278,0.0204,-6.0531,-6.0531,0.0000,0.3979,0.3979,0.4082
24.643,0.2179,0.2179,0.0201,-6.0586,-6.0586,0.0000,0.3943,0.3943,0.4082
24.647,0.2014,0.2014,0.0199,-6.0648,-6.0648,0.0000,0.3943,0.3943,0.4083
24.654,0.1775,0.1775,0.0196,-6.0735,-6.0735,0.0000,0.3943,0.3943,0.4084
24.658,0.1596,0.1596,0.0191,-6.0818,-6.0818,0.0000,0.3943,0.3943,0.4085
24.661,0.1469,0.1469,0.0187,-6.0860,-6.0860,0.0000,0.3943,0.3943,0.4085
24.665,0.1373,0.1373,0.0185,-6.0904,-6.0904,0.0000,0.3849,0.3849,0.4086
24.669,0.1194,0.1194,0.0182,-6.0981,-6.0981,0.0000,0.3849,0.3849,0.4087
24.673,0.1065,0.1065,0.0179,-6.1035,-6.1035,0.0000,0.3849,0.3849,0.4087
24.677,0.0894,0.0894,0.0176,-6.1104,-6.1104,0.0000,0.3849,0.3849,0.4088
24.685,0.0622,0.0622,0.0173,-6.1221,-6.1221,0.0000,0.3679,0.3679,0.4089
24.689,0.0461,0.0461,0.0166,-6.1262,-6.1262,0.0000,0.3679,0.3679,0.4090
24.692,0.0337,0.0337,0.0163,-6.1307,-6.1307,0.0000,0.3679,0.3679,0.4091
24.695,0.0212,0.0212,0.0160,-6.1351,-6.1351,0.0000,0.3679,0.3679,0.4091
24.700,0.0022,0.0022,0.0158,-6.1434,-6.1434,0.0000,0.3679,0.3679,0.4092
24.704,-0.0104,-0.0104,0.0154,-6.1497,-6.1497,0.0000,0.3444,0.3444,0.4092
24.708,-0.0270,-0.0270,0.0151,-6.1564,-6.1564,0.0000,0.3444,0.3444,0.4093
24.711,-0.0399,-0.0399,0.0147,-6.1615,-6.1615,0.0000,0.3444,0.3444,0.4093
24.714,-0.0527,-0.0527,0.0145,-6.1664,-6.1664,0.0000,0.3444,0.3444,0.4094
24.720,-0.0766,-0.0766,0.0142,-6.1751,-6.1751,0.0000,0.3444,0.3444,0.4094
24.724,-0.0878,-0.0878,0.0137,-6.1796,-6.1796,0.0000,0.3101,0.3101,0.4095
24.728,-0.1034,-0.1034,0.0134,-6.1849,-6.1849,0.0000,0.3101,0.3101,0.4096
24.732,-0.1219,-0.1219,0.0131,-6.1909,-6.1909,0.0000,0.3101,0.3101,0.4096
24.736,-0.1384,-0.1384,0.0127,-6.1974,-6.1974,0.0000,0.3101,0.3101,0.4097
24.740,-0.1531,-0.1531,0.0123,-6.2030,-6.2030,0.0000,0.3101,0.3101,0.4097
24.744,-0.1662,-0.1662,0.0120,-6.2083,-6.2083,0.0000,0.2728,0.2728,0.4098
24.748,-0.1839,-0.1839,0.0117,-6.2145,-6.2145,0.0000,0.2728,0.2728,0.4098
24.752,-0.2005,-0.2005,0.0113,-6.2214,-6.2214,0.0000,0.2728,0.2728,0.4098
24.755,-0.2148,-0.2148,0.0110,-6.2260,-6.2260,0.0000,0.2728,0.2728,0.4099
24.759,-0.2287,-0.2287,0.0107,-6.2314,-6.2314,0.0000,0.2728,0.2728,0.4099
24.763,-0.2445,-0.2445,0.0104,-6.2377,-6.2377,0.0000,0.2356,0.2356,0.4100
24.768,-0.2662,-0.2662,0.0100,-6.2446,-6.2446,0.0000,0.2356,0.2356,0.4100
24.771,-0.2814,-0.2814,0.0096,-6.2503,-6.2503,0.0000,0.2356,0.2356,0.4100
24.775,-0.2952,-0.2952,0.0092,-6.2554,-6.2554,0.0000,0.2356,0.2356,0.4101
24.778,-0.3093,-0.3093,0.0090,-6.2603,-6.2603,0.0000,0.2356,0.2356,0.4101
24.781,-0.3231,-0.3231,0.0087,-6.2659,-6.2659,0.0000,0.2356,0.2356,0.4101
24.786,-0.3423,-0.3423,0.0084,-6.2734,-6.2734,0.0000,0.1962,0.1962,0.4101
24.794,-0.3802,-0.3802,0.0079,-6.2870,-6.2870,0.0000,0.1962,0.1962,0.4102
24.798,-0.3973,-0.3973,0.0072,-6.2928,-6.2928,0.0000,0.1962,0.1962,0.4102
24.803,-0.4183,-0.4183,0.0068,-6.2993,-6.2993,0.0000,0.1550,0.1550,0.4102
24.808,-0.4422,-0.4422,0.0063,-6.3078,-6.3078,0.0000,0.1550,0.1550,0.4103
24.812,-0.4576,-0.4576,0.0058,-6.3126,-6.3126,0.0000,0.1550,0.1550,0.4103
24.815,-0.4728,-0.4728,0.0055,-6.3176,-6.3176,0.0000,0.1550,0.1550,0.4103
24.819,-0.4904,-0.4904,0.0052,-6.3236,-6.3236,0.0000,0.1550,0.1550,0.4103
24.822,-0.5060,-0.5060,0.0049,-6.3286,-6.3286,0.0000,0.1550,0.1550,0.4103
24.826,-0.5243,-0.5243,0.0046,-6.3344,-6.3344,0.0000,0.1050,0.1050,0.4103
24.830,-0.5449,-0.5449,0.0041,-6.3410,-6.3410,0.0000,0.1050,0.1050,0.4103
24.836,-0.5753,-0.5753,0.0037,-6.3500,-6.3500,0.0000,0.1050,0.1050,0.4103
24.840,-0.5926,-0.5926,0.0031,-6.3548,-6.3548,0.0000,0.1050,0.1050,0.4104
24.843,-0.6072,-0.6072,0.0028,-6.3593,-6.3593,0.0000,0.0550,0.0550,0.4104
24.847,-0.6279,-0.6279,0.0025,-6.3654,-6.3654,0.0000,0.0550,0.0550,0.4104
24.851,-0.6469,-0.6469,0.0021,-6.3715,-6.3715,0.0000,0.0550,0.0550,0.4104
24.854,-0.6655,-0.6655,0.0017,-6.3769,-6.3769,0.0000,0.0550,0.0550,0.4103
24.858,-0.6874,-0.6874,0.0014,-6.3829,-6.3829,0.0000,0.0550,0.0550,0.4103
24.862,-0.7072,-0.7072,0.0009,-6.3885,-6.3885,0.0000,0.0550,0.0550,0.4103
24.866,-0.7238,-0.7238,0.0006,-6.3926,-6.3926,0.0000,0.0032,0.0032,0.4103
24.870,-0.7501,-0.7501,0.0002,-6.3997,-6.3997,0.0000,0.0032,0.0032,0.4103
24.874,-0.7695,-0.7695,-0.0003,-6.4046,-6.4046,0.0000,0.0032,0.0032,0.4103
24.877,-0.7877,-0.7877,-0.0006,-6.4090,-6.4090,0.0000,0.0032,0.0032,0.4103
24.880,-0.8060,-0.8060,-0.0010,-6.4139,-6.4139,0.0000,0.0032,0.0032,0.4103
24.884,-0.8286,-0.8286,-0.0013,-6.4191,-6.4191,0.0000,-0.0506,-0.0506,0.4103
24.890,-0.8634,-0.8634,-0.0018,-6.4277,-6.4277,0.0000,-0.0506,-0.0506,0.4102
24.898,-0.9096,-0.9096,-0.0024,-6.4387,-6.4387,0.0000,-0.0506,-0.0506,0.4102
24.903,-0.9382,-0.9382,-0.0032,-6.4439,-6.4439,0.0000,-0.1217,-0.1217,0.4102
24.907,-0.9649,-0.9649,-0.0037,-6.4497,-6.4497,0.0000,-0.1217,-0.1217,0.4101
24.910,-0.9851,-0.9851,-0.0042,-6.4539,-6.4539,0.0000,-0.1217,-0.1217,0.4101
24.914,-1.0061,-1.0061,-0.0046,-6.4588,-6.4588,0.0000,-0.1217,-0.1217,0.4100
24.918,-1.0303,-1.0303,-0.0049,-6.4643,-6.4643,0.0000,-0.1217,-0.1217,0.4100
24.922,-1.0568,-1.0568,-0.0054,-6.4704,-6.4704,0.0000,-0.1217,-0.1217,0.4100
24.926,-1.0784,-1.0784,-0.0058,-6.4746,-6.4746,0.0000,-0.1988,-0.1988,0.4099
24.930,-1.1012,-1.1012,-0.0063,-6.4806,-6.4806,0.0000,-0.1988,-0.1988,0.4099
24.933,-1.1226,-1.1226,-0.0067,-6.4863,-6.4863,0.0000,-0.1988,-0.1988,0.4098
24.937,-1.1436,-1.1436,-0.0072,-6.4922,-6.4922,0.0000,-0.1988,-0.1988,0.4098
24.940,-1.1617,-1.1617,-0.0076,-6.4968,-6.4968,0.0000,-0.1988,-0.1988,0.4097
24.944,-1.1773,-1.1773,-0.0080,-6.4996,-6.4996,0.0000,-0.2772,-0.2772,0.4097
24.947,-1.1965,-1.1965,-0.0083,-6.5051,-6.5051,0.0000,-0.2772,-0.2772,0.4096
24.952,-1.2207,-1.2207,-0.0088,-6.5119,-6.5119,0.0000,-0.2772,-0.2772,0.4096
24.958,-1.2504,-1.2504,-0.0093,-6.5203,-6.5203,0.0000,-0.2772,-0.2772,0.4095
24.963,-1.2742,-1.2742,-0.0100,-6.5255,-6.5255,0.0000,-0.3590,-0.3590,0.4094
24.969,-1.2991,-1.2991,-0.0107,-6.5328,-6.5328,0.0000,-0.3590,-0.3590,0.4093
24.972,-1.3153,-1.3153,-0.0113,-6.5376,-6.5376,0.0000,-0.3590,-0.3590,0.4092
24.976,-1.3297,-1.3297,-0.0117,-6.5419,-6.5419,0.0000,-0.3590,-0.3590,0.4091
24.979,-1.3442,-1.3442,-0.0121,-6.5463,-6.5463,0.0000,-0.3590,-0.3590,0.4090
24.983,-1.3581,-1.3581,-0.0125,-6.5494,-6.5494,0.0000,-0.4362,-0.4362,0.4090
24.990,-1.3870,-1.3870,-0.0130,-6.5586,-6.5586,0.0000,-0.4362,-0.4362,0.4089
24.993,-1.4009,-1.4009,-0.0138,-6.5629,-6.5629,0.0000,-0.4362,-0.4362,0.4087
24.997,-1.4167,-1.4167,-0.0142,-6.5679,-6.5679,0.0000,-0.4362,-0.4362,0.4086
25.011,-1.4682,-1.4682,-0.0147,-6.5840,-6.5840,0.0000,-0.5095,-0.5095,0.4085
25.021,-1.5042,-1.5042,-0.0164,-6.5979,-6.5979,0.0000,-0.5095,-0.5095,0.4081
25.026,-1.5171,-1.5171,-0.0177,-6.6020,-6.6020,0.0000,-0.5812,-0.5812,0.4079
25.031,-1.5325,-1.5325,-0.0183,-6.6085,-6.6085,0.0000,-0.5812,-0.5812,0.4077
25.035,-1.5450,-1.5450,-0.0188,-6.6142,-6.6142,0.0000,-0.5812,-0.5812,0.4076
25.038,-1.5554,-1.5554,-0.0193,-6.6191,-6.6191,0.0000,-0.5812,-0.5812,0.4075
25.042,-1.5657,-1.5657,-0.0198,-6.6240,-6.6240,0.0000,-0.5812,-0.5812,0.4074
25.045,-1.5736,-1.5736,-0.0202,-6.6264,-6.6264,0.0000,-0.6496,-0.6496,0.4073
25.049,-1.5847,-1.5847,-0.0206,-6.6319,-6.6319,0.0000,-0.6496,-0.6496,0.4071
25.053,-1.5946,-1.5946,-0.0211,-6.6367,-6.6367,0.0000,-0.6496,-0.6496,0.4070
25.056,-1.6034,-1.6034,-0.0215,-6.6410,-6.6410,0.0000,-0.6496,-0.6496,0.4069
25.062,-1.6185,-1.6185,-0.0219,-6.6490,-6.6490,0.0000,-0.6496,-0.6496,0.4068
25.067,-1.6288,-1.6288,-0.0226,-6.6533,-6.6533,0.0000,-0.7348,-0.7348,0.4066
25.071,-1.6393,-1.6393,-0.0232,-6.6586,-6.6586,0.0000,-0.7348,-0.7348,0.4064
25.075,-1.6488,-1.6488,-0.0237,-6.6635,-6.6635,0.0000,-0.7348,-0.7348,0.4063
25.078,-1.6574,-1.6574,-0.0242,-6.6682,-6.6682,0.0000,-0.7348,-0.7348,0.4061
25.082,-1.6648,-1.6648,-0.0247,-6.6720,-6.6720,0.0000,-0.7348,-0.7348,0.4060
25.085,-1.6708,-1.6708,-0.0251,-6.6747,-6.6747,0.0000,-0.8370,-0.8370,0.4059
25.090,-1.6812,-1.6812,-0.0255,-6.6801,-6.6801,0.0000,-0.8370,-0.8370,0.4057
25.093,-1.6887,-1.6887,-0.0261,-6.6842,-6.6842,0.0000,-0.8370,-0.8370,0.4055
25.097,-1.6955,-1.6955,-0.0265,-6.6881,-6.6881,0.0000,-0.8370,-0.8370,0.4054
25.100,-1.7030,-1.7030,-0.0269,-6.6923,-6.6923,0.0000,-0.8370,-0.8370,0.4053
25.104,-1.7085,-1.7085,-0.0274,-6.6950,-6.6950,0.0000,-0.9441,-0.9441,0.4051
25.110,-1.7190,-1.7190,-0.0278,-6.7012,-6.7012,0.0000,-0.9441,-0.9441,0.4049
25.115,-1.7293,-1.7293,-0.0285,-6.7071,-6.7071,0.0000,-0.9441,-0.9441,0.4047
25.123,-1.7420,-1.7420,-0.0291,-6.7148,-6.7148,0.0000,-1.0487,-1.0487,0.4045
25.127,-1.7492,-1.7492,-0.0301,-6.7197,-6.7197,0.0000,-1.0487,-1.0487,0.4041
25.130,-1.7548,-1.7548,-0.0306,-6.7236,-6.7236,0.0000,-1.0487,-1.0487,0.4039
25.134,-1.7611,-1.7611,-0.0310,-6.7284,-6.7284,0.0000,-1.0487,-1.0487,0.4037
25.140,-1.7709,-1.7709,-0.0315,-6.7364,-6.7364,0.0000,-1.0487,-1.0487,0.4035
25.143,-1.7736,-1.7736,-0.0322,-6.7388,-6.7388,0.0000,-1.1431,-1.1431,0.4032
25.147,-1.7794,-1.7794,-0.0326,-6.7441,-6.7441,0.0000,-1.1431,-1.1431,0.4030
25.151,-1.7849,-1.7849,-0.0330,-6.7492,-6.7492,0.0000,-1.1431,-1.1431,0.4029
25.155,-1.7912,-1.7912,-0.0334,-6.7551,-6.7551,0.0000,-1.1431,-1.1431,0.4027
25.158,-1.7962,-1.7962,-0.0339,-6.7598,-6.7598,0.0000,-1.1431,-1.1431,0.4024
25.162,-1.8007,-1.8007,-0.0344,-6.7642,-6.7642,0.0000,-1.1431,-1.1431,0.4023
25.165,-1.8029,-1.8029,-0.0347,-6.7660,-6.7660,0.0000,-1.2264,-1.2264,0.4021
25.169,-1.8089,-1.8089,-0.0351,-6.7718,-6.7718,0.0000,-1.2264,-1.2264,0.4019
25.173,-1.8134,-1.8134,-0.0356,-6.7762,-6.7762,0.0000,-1.2264,-1.2264,0.4017
25.176,-1.8176,-1.8176,-0.0360,-6.7803,-6.7803,0.0000,-1.2264,-1.2264,0.4015
25.179,-1.8217,-1.8217,-0.0364,-6.7843,-6.7843,0.0000,-1.2264,-1.2264,0.4013
25.182,-1.8259,-1.8259,-0.0368,-6.7884,-6.7884,0.0000,-1.2264,-1.2264,0.4011
25.187,-1.8290,-1.8290,-0.0372,-6.7909,-6.7909,0.0000,-1.2990,-1.2990,0.4009
25.191,-1.8337,-1.8337,-0.0377,-6.7957,-6.7957,0.0000,-1.2990,-1.2990,0.4007
25.194,-1.8375,-1.8375,-0.0382,-6.7995,-6.7995,0.0000,-1.2990,-1.2990,0.4004
25.197,-1.8411,-1.8411,-0.0385,-6.8032,-6.8032,0.0000,-1.2990,-1.2990,0.4003
25.201,-1.8460,-1.8460,-0.0389,-6.8080,-6.8080,0.0000,-1.2990,-1.2990,0.4001
25.205,-1.8478,-1.8478,-0.0394,-6.8090,-6.8090,0.0000,-1.3650,-1.3650,0.3998
25.209,-1.8519,-1.8519,-0.0398,-6.8134,-6.8134,0.0000,-1.3650,-1.3650,0.3996
25.212,-1.8552,-1.8552,-0.0403,-6.8168,-6.8168,0.0000,-1.3650,-1.3650,0.3994
25.216,-1.8589,-1.8589,-0.0406,-6.8207,-6.8207,0.0000,-1.3650,-1.3650,0.3992
25.222,-1.8649,-1.8649,-0.0411,-6.8271,-6.8271,0.0000,-1.3650,-1.3650,0.3990
25.229,-1.8695,-1.8695,-0.0417,-6.8322,-6.8322,0.0000,-1.4513,-1.4513,0.3986
25.235,-1.8747,-1.8747,-0.0426,-6.8383,-6.8383,0.0000,-1.4513,-1.4513,0.3981
25.238,-1.8782,-1.8782,-0.0432,-6.8428,-6.8428,0.0000,-1.4513,-1.4513,0.3978
25.242,-1.8815,-1.8815,-0.0437,-6.8471,-6.8471,0.0000,-1.4513,-1.4513,0.3975
25.246,-1.8821,-1.8821,-0.0441,-6.8488,-6.8488,0.0000,-1.5320,-1.5320,0.3973
25.251,-1.8865,-1.8865,-0.0445,-6.8558,-6.8558,0.0000,-1.5320,-1.5320,0.3971
25.255,-1.8895,-1.8895,-0.0451,-6.8609,-6.8609,0.0000,-1.5320,-1.5320,0.3967
25.260,-1.8933,-1.8933,-0.0455,-6.8676,-6.8676,0.0000,-1.5320,-1.5320,0.3965
25.264,-1.8946,-1.8946,-0.0460,-6.8708,-6.8708,0.0000,-1.5992,-1.5992,0.3962
25.270,-1.8987,-1.8987,-0.0465,-6.8787,-6.8787,0.0000,-1.5992,-1.5992,0.3958
25.273,-1.9014,-1.9014,-0.0472,-6.8839,-6.8839,0.0000,-1.5992,-1.5992,0.3955
25.277,-1.9037,-1.9037,-0.0476,-6.8882,-6.8882,0.0000,-1.5992,-1.5992,0.3952
25.281,-1.9065,-1.9065,-0.0479,-6.8936,-6.8936,0.0000,-1.5992,-1.5992,0.3950
25.285,-1.9073,-1.9073,-0.0484,-6.8968,-6.8968,0.0000,-1.6734,-1.6734,0.3947
25.293,-1.9119,-1.9119,-0.0489,-6.9059,-6.9059,0.0000,-1.6734,-1.6734,0.3944
25.297,-1.9145,-1.9145,-0.0497,-6.9109,-6.9109,0.0000,-1.6734,-1.6734,0.3939
25.300,-1.9169,-1.9169,-0.0501,-6.9155,-6.9155,0.0000,-1.6734,-1.6734,0.3936
25.304,-1.9166,-1.9166,-0.0505,-6.9165,-6.9165,0.0000,-1.7451,-1.7451,0.3933
25.308,-1.9189,-1.9189,-0.0509,-6.9210,-6.9210,0.0000,-1.7451,-1.7451,0.3931
25.311,-1.9209,-1.9209,-0.0513,-6.9251,-6.9251,0.0000,-1.7451,-1.7451,0.3928
25.315,-1.9228,-1.9228,-0.0517,-6.9288,-6.9288,0.0000,-1.7451,-1.7451,0.3925
25.319,-1.9249,-1.9249,-0.0521,-6.9330,-6.9330,0.0000,-1.7451,-1.7451,0.3923
25.322,-1.9266,-1.9266,-0.0525,-6.9365,-6.9365,0.0000,-1.7451,-1.7451,0.3920
25.327,-1.9274,-1.9274,-0.0528,-6.9380,-6.9380,0.0000,-1.8016,-1.8016,0.3918
25.335,-1.9314,-1.9314,-0.0534,-6.9461,-6.9461,0.0000,-1.8016,-1.8016,0.3914
25.338,-1.9330,-1.9330,-0.0542,-6.9495,-6.9495,0.0000,-1.8016,-1.8016,0.3908
25.342,-1.9346,-1.9346,-0.0545,-6.9527,-6.9527,0.0000,-1.8016,-1.8016,0.3906
25.345,-1.9346,-1.9346,-0.0549,-6.9505,-6.9505,0.0000,-1.8403,-1.8403,0.3903
25.349,-1.9364,-1.9364,-0.0552,-6.9544,-6.9544,0.0000,-1.8403,-1.8403,0.3901
25.353,-1.9381,-1.9381,-0.0556,-6.9584,-6.9584,0.0000,-1.8403,-1.8403,0.3898
25.358,-1.9403,-1.9403,-0.0560,-6.9639,-6.9639,0.0000,-1.8403,-1.8403,0.3895
25.361,-1.9419,-1.9419,-0.0565,-6.9684,-6.9684,0.0000,-1.8403,-1.8403,0.3891
25.365,-1.9416,-1.9416,-0.0569,-6.9674,-6.9674,0.0000,-1.8852,-1.8852,0.3889
25.369,-1.9434,-1.9434,-0.0573,-6.9731,-6.9731,0.0000,-1.8852,-1.8852,0.3886
25.373,-1.9448,-1.9448,-0.0577,-6.9781,-6.9781,0.0000,-1.8852,-1.8852,0.3883
25.376,-1.9461,-1.9461,-0.0581,-6.9828,-6.9828,0.0000,-1.8852,-1.8852,0.3880
25.380,-1.9474,-1.9474,-0.0584,-6.9874,-6.9874,0.0000,-1.8852,-1.8852,0.3878
25.383,-1.9474,-1.9474,-0.0588,-6.9867,-6.9867,0.0000,-1.9161,-1.9161,0.3875
25.388,-1.9493,-1.9493,-0.0591,-6.9942,-6.9942,0.0000,-1.9161,-1.9161,0.3872
25.392,-1.9505,-1.9505,-0.0596,-6.9992,-6.9992,0.0000,-1.9161,-1.9161,0.3869
25.395,-1.9517,-1.9517,-0.0600,-7.0038,-7.0038,0.0000,-1.9161,-1.9161,0.3866
25.398,-1.9528,-1.9528,-0.0603,-7.0084,-7.0084,0.0000,-1.9161,-1.9161,0.3864
25.402,-1.9540,-1.9540,-0.0607,-7.0135,-7.0135,0.0000,-1.9161,-1.9161,0.3861
25.406,-1.9543,-1.9543,-0.0610,-7.0112,-7.0112,0.0000,-1.9335,-1.9335,0.3858
25.411,-1.9560,-1.9560,-0.0614,-7.0177,-7.0177,0.0000,-1.9335,-1.9335,0.3856
25.415,-1.9573,-1.9573,-0.0619,-7.0230,-7.0230,0.0000,-1.9335,-1.9335,0.3852
25.420,-1.9587,-1.9587,-0.0623,-7.0288,-7.0288,0.0000,-1.9335,-1.9335,0.3849
25.424,-1.9594,-1.9594,-0.0628,-7.0246,-7.0246,0.0000,-1.9322,-1.9322,0.3845
25.427,-1.9604,-1.9604,-0.0631,-7.0289,-7.0289,0.0000,-1.9322,-1.9322,0.3843
25.432,-1.9616,-1.9616,-0.0635,-7.0337,-7.0337,0.0000,-1.9322,-1.9322,0.3840
25.439,-1.9636,-1.9636,-0.0639,-7.0417,-7.0417,0.0000,-1.9322,-1.9322,0.3837
25.445,-1.9643,-1.9643,-0.0646,-7.0407,-7.0407,0.0000,-1.9527,-1.9527,0.3831
25.449,-1.9654,-1.9654,-0.0652,-7.0451,-7.0451,0.0000,-1.9527,-1.9527,0.3827
25.454,-1.9665,-1.9665,-0.0656,-7.0497,-7.0497,0.0000,-1.9527,-1.9527,0.3824
25.458,-1.9674,-1.9674,-0.0660,-7.0528,-7.0528,0.0000,-1.9527,-1.9527,0.3820
25.461,-1.9681,-1.9681,-0.0664,-7.0558,-7.0558,0.0000,-1.9527,-1.9527,0.3818
25.464,-1.9688,-1.9688,-0.0667,-7.0498,-7.0498,0.0000,-1.9471,-1.9471,0.3816
25.469,-1.9698,-1.9698,-0.0670,-7.0536,-7.0536,0.0000,-1.9471,-1.9471,0.3813
25.472,-1.9705,-1.9705,-0.0674,-7.0566,-7.0566,0.0000,-1.9471,-1.9471,0.3810
25.475,-1.9711,-1.9711,-0.0677,-7.0596,-7.0596,0.0000,-1.9471,-1.9471,0.3808
25.478,-1.9718,-1.9718,-0.0680,-7.0630,-7.0630,0.0000,-1.9471,-1.9471,0.3806
25.483,-1.9729,-1.9729,-0.0683,-7.0594,-7.0594,0.0000,-1.9372,-1.9372,0.3803
25.488,-1.9737,-1.9737,-0.0687,-7.0644,-7.0644,0.0000,-1.9372,-1.9372,0.3800
25.491,-1.9743,-1.9743,-0.0691,-7.0685,-7.0685,0.0000,-1.9372,-1.9372,0.3797
25.494,-1.9750,-1.9750,-0.0694,-7.0727,-7.0727,0.0000,-1.9372,-1.9372,0.3795
25.498,-1.9756,-1.9756,-0.0697,-7.0772,-7.0772,0.0000,-1.9372,-1.9372,0.3793
25.501,-1.9762,-1.9762,-0.0700,-7.0822,-7.0822,0.0000,-1.9372,-1.9372,0.3790
25.505,-1.9783,-1.9783,-0.0704,-7.0740,-7.0740,0.0000,-1.8778,-1.8778,0.3788
25.508,-1.9790,-1.9790,-0.0707,-7.0796,-7.0796,0.0000,-1.8778,-1.8778,0.3786
25.511,-1.9795,-1.9795,-0.0710,-7.0842,-7.0842,0.0000,-1.8778,-1.8778,0.3783
25.516,-1.9803,-1.9803,-0.0713,-7.0915,-7.0915,0.0000,-1.8778,-1.8778,0.3781
25.520,-1.9810,-1.9810,-0.0717,-7.0970,-7.0970,0.0000,-1.8778,-1.8778,0.3778
25.524,-1.9837,-1.9837,-0.0721,-7.0870,-7.0870,0.0000,-1.7909,-1.7909,0.3776
25.528,-1.9843,-1.9843,-0.0724,-7.0921,-7.0921,0.0000,-1.7909,-1.7909,0.3774
25.531,-1.9848,-1.9848,-0.0727,-7.0966,-7.0966,0.0000,-1.7909,-1.7909,0.3771
25.535,-1.9854,-1.9854,-0.0730,-7.1015,-7.1015,0.0000,-1.7909,-1.7909,0.3769
25.540,-1.9861,-1.9861,-0.0734,-7.1074,-7.1074,0.0000,-1.7909,-1.7909,0.3767
25.549,-1.9898,-1.9898,-0.0738,-7.1013,-7.1013,0.0000,-1.6855,-1.6855,0.3764
25.554,-1.9905,-1.9905,-0.0746,-7.1068,-7.1068,0.0000,-1.6855,-1.6855,0.3760
25.558,-1.9909,-1.9909,-0.0750,-7.1105,-7.1105,0.0000,-1.6855,-1.6855,0.3757
25.563,-1.9944,-1.9944,-0.0753,-7.0988,-7.0988,0.0000,-1.5589,-1.5589,0.3755
25.569,-1.9951,-1.9951,-0.0758,-7.1042,-7.1042,0.0000,-1.5589,-1.5589,0.3753
25.573,-1.9955,-1.9955,-0.0763,-7.1074,-7.1074,0.0000,-1.5589,-1.5589,0.3750
25.577,-1.9403,-1.9403,-0.0766,-7.1111,-7.1111,0.0000,-1.5589,-1.5589,0.3748
25.580,-1.8878,-1.8878,-0.0769,-7.1145,-7.1145,0.0000,-1.5589,-1.5589,0.3747
25.584,-1.8357,-1.8357,-0.0772,-7.1025,-7.1025,0.0000,-1.4300,-1.4300,0.3745
25.588,-1.7771,-1.7771,-0.0775,-7.1069,-7.1069,0.0000,-1.4300,-1.4300,0.3744
25.592,-1.7250,-1.7250,-0.0778,-7.1110,-7.1110,0.0000,-1.4300,-1.4300,0.3742
25.598,-1.6419,-1.6419,-0.0780,-7.1191,-7.1191,0.0000,-1.4300,-1.4300,0.3741
25.602,-1.5855,-1.5855,-0.0784,-7.1256,-7.1256,0.0000,-1.4300,-1.4300,0.3738
25.606,-1.5411,-1.5411,-0.0787,-7.1172,-7.1172,0.0000,-1.3025,-1.3025,0.3737
25.610,-1.4891,-1.4891,-0.0789,-7.1248,-7.1248,0.0000,-1.3025,-1.3025,0.3736
25.613,-1.4479,-1.4479,-0.0791,-7.1313,-7.1313,0.0000,-1.3025,-1.3025,0.3735
25.617,-1.4038,-1.4038,-0.0793,-7.1390,-7.1390,0.0000,-1.3025,-1.3025,0.3734
25.620,-1.3591,-1.3591,-0.0795,-7.1476,-7.1476,0.0000,-1.3025,-1.3025,0.3732
25.625,-1.3080,-1.3080,-0.0797,-7.1454,-7.1454,0.0000,-1.1637,-1.1637,0.3731
25.629,-1.2609,-1.2609,-0.0799,-7.1563,-7.1563,0.0000,-1.1637,-1.1637,0.3730
25.632,-1.2216,-1.2216,-0.0801,-7.1661,-7.1661,0.0000,-1.1637,-1.1637,0.3729
25.636,-1.1780,-1.1780,-0.0802,-7.1779,-7.1779,0.0000,-1.1637,-1.1637,0.3729
25.640,-1.1398,-1.1398,-0.0804,-7.1889,-7.1889,0.0000,-1.1637,-1.1637,0.3728
25.643,-1.1069,-1.1069,-0.0805,-7.1843,-7.1843,0.0000,-0.9716,-0.9716,0.3727
25.648,-1.0556,-1.0556,-0.0806,-7.2007,-7.2007,0.0000,-0.9716,-0.9716,0.3727
25.656,-0.9689,-0.9689,-0.0808,-7.2304,-7.2304,0.0000,-0.9716,-0.9716,0.3726
25.660,-0.9269,-0.9269,-0.0810,-7.2453,-7.2453,0.0000,-0.9716,-0.9716,0.3725
25.663,-0.8937,-0.8937,-0.0811,-7.2433,-7.2433,0.0000,-0.7550,-0.7550,0.3725
25.669,-0.8371,-0.8371,-0.0812,-7.2652,-7.2652,0.0000,-0.7550,-0.7550,0.3724
25.673,-0.7996,-0.7996,-0.0813,-7.2803,-7.2803,0.0000,-0.7550,-0.7550,0.3724
25.677,-0.7656,-0.7656,-0.0814,-7.2944,-7.2944,0.0000,-0.7550,-0.7550,0.3724
25.680,-0.7357,-0.7357,-0.0815,-7.3071,-7.3071,0.0000,-0.7550,-0.7550,0.3724
25.685,-0.6938,-0.6938,-0.0815,-7.3102,-7.3102,0.0000,-0.4750,-0.4750,0.3724
25.689,-0.6565,-0.6565,-0.0816,-7.3275,-7.3275,0.0000,-0.4750,-0.4750,0.3725
25.692,-0.6283,-0.6283,-0.0816,-7.3410,-7.3410,0.0000,-0.4750,-0.4750,0.3725
25.696,-0.6006,-0.6006,-0.0817,-7.3546,-7.3546,0.0000,-0.4750,-0.4750,0.3726
25.699,-0.5716,-0.5716,-0.0817,-7.3694,-7.3694,0.0000,-0.4750,-0.4750,0.3726
25.703,-0.5405,-0.5405,-0.0817,-7.3718,-7.3718,0.0000,-0.1844,-0.1844,0.3727
25.707,-0.5102,-0.5102,-0.0817,-7.3883,-7.3883,0.0000,-0.1844,-0.1844,0.3728
25.710,-0.4816,-0.4816,-0.0818,-7.4044,-7.4044,0.0000,-0.1844,-0.1844,0.3729
25.716,-0.4396,-0.4396,-0.0818,-7.4259,-7.4259,0.0000,-0.1844,-0.1844,0.3729
25.721,-0.4018,-0.4018,-0.0818,-7.4376,-7.4376,0.0000,-0.1844,-0.1844,0.3731
25.724,-0.3734,-0.3734,-0.0818,-7.4309,-7.4309,0.0000,0.1132,0.1132,0.3732
25.728,-0.3441,-0.3441,-0.0818,-7.4308,-7.4308,0.0000,0.1132,0.1132,0.3734
25.732,-0.3190,-0.3190,-0.0818,-7.4269,-7.4269,0.0000,0.1132,0.1132,0.3735
25.736,-0.2930,-0.2930,-0.0817,-7.4186,-7.4186,0.0000,0.1132,0.1132,0.3737
25.739,-0.2686,-0.2686,-0.0817,-7.4070,-7.4070,0.0000,0.1132,0.1132,0.3738
25.743,-0.2408,-0.2408,-0.0817,-7.3840,-7.3840,0.0000,0.4188,0.4188,0.3740
25.751,-0.1883,-0.1883,-0.0817,-7.3310,-7.3310,0.0000,0.4188,0.4188,0.3742
25.755,-0.1585,-0.1585,-0.0816,-7.2943,-7.2943,0.0000,0.4188,0.4188,0.3746
25.762,-0.1151,-0.1151,-0.0815,-7.2255,-7.2255,0.0000,0.4188,0.4188,0.3749
25.766,-0.0869,-0.0869,-0.0814,-7.1855,-7.1855,0.0000,0.7258,0.7258,0.3752
25.770,-0.0615,-0.0615,-0.0814,-7.1453,-7.1453,0.0000,0.7258,0.7258,0.3755
25.774,-0.0428,-0.0428,-0.0813,-7.1156,-7.1156,0.0000,0.7258,0.7258,0.3758
25.777,-0.0239,-0.0239,-0.0812,-7.0860,-7.0860,0.0000,0.7258,0.7258,0.3760
25.781,-0.0014,-0.0014,-0.0812,-7.0512,-7.0512,0.0000,0.7258,0.7258,0.3762
25.785,0.0295,0.0295,-0.0811,-7.0158,-7.0158,0.0000,1.0655,1.0655,0.3765
25.789,0.0511,0.0511,-0.0810,-6.9832,-6.9832,0.0000,1.0655,1.0655,0.3769
25.793,0.0680,0.0680,-0.0809,-6.9580,-6.9580,0.0000,1.0655,1.0655,0.3772
25.796,0.0872,0.0872,-0.0808,-6.9295,-6.9295,0.0000,1.0655,1.0655,0.3775
25.800,0.1069,0.1069,-0.0807,-6.9008,-6.9008,0.0000,1.0655,1.0655,0.3778
25.804,0.1355,0.1355,-0.0806,-6.8781,-6.8781,0.0000,1.4064,1.4064,0.3781
25.807,0.1533,0.1533,-0.0806,-6.8527,-6.8527,0.0000,1.4064,1.4064,0.3785
25.811,0.1731,0.1731,-0.0805,-6.8248,-6.8248,0.0000,1.4064,1.4064,0.3788
25.815,0.1897,0.1897,-0.0803,-6.8018,-6.8018,0.0000,1.4064,1.4064,0.3792
25.819,0.2072,0.2072,-0.0802,-6.7778,-6.7778,0.0000,1.4064,1.4064,0.3796
25.822,0.2222,0.2222,-0.0801,-6.7577,-6.7577,0.0000,1.4064,1.4064,0.3800
25.825,0.2501,0.2501,-0.0800,-6.7444,-6.7444,0.0000,1.7359,1.7359,0.3803
25.829,0.2665,0.2665,-0.0799,-6.7229,-6.7229,0.0000,1.7359,1.7359,0.3807
25.833,0.2810,0.2810,-0.0798,-6.7041,-6.7041,0.0000,1.7359,1.7359,0.3811
25.836,0.2962,0.2962,-0.0797,-6.6847,-6.6847,0.0000,1.7359,1.7359,0.3815
25.840,0.3099,0.3099,-0.0796,-6.6676,-6.6676,0.0000,1.7359,1.7359,0.3819
25.844,0.3439,0.3439,-0.0795,-6.6553,-6.6553,0.0000,2.0830,2.0830,0.3823
25.848,0.3605,0.3605,-0.0793,-6.6353,-6.6353,0.0000,2.0830,2.0830,0.3828
25.852,0.3763,0.3763,-0.0792,-6.6166,-6.6166,0.0000,2.0830,2.0830,0.3834
25.857,0.3946,0.3946,-0.0790,-6.5957,-6.5957,0.0000,2.0830,2.0830,0.3839
25.864,0.4418,0.4418,-0.0788,-6.5791,-6.5791,0.0000,2.4601,2.4601,0.3845
25.870,0.4616,0.4616,-0.0786,-6.5580,-6.5580,0.0000,2.4601,2.4601,0.3856
25.875,0.4810,0.4810,-0.0783,-6.5381,-6.5381,0.0000,2.4601,2.4601,0.3864
25.879,0.4934,0.4934,-0.0781,-6.5258,-6.5258,0.0000,2.4601,2.4601,0.3872
25.883,0.5273,0.5273,-0.0780,-6.5321,-6.5321,0.0000,2.8260,2.8260,0.3877
25.887,0.5416,0.5416,-0.0778,-6.5188,-6.5188,0.0000,2.8260,2.8260,0.3883
25.890,0.5525,0.5525,-0.0776,-6.5089,-6.5089,0.0000,2.8260,2.8260,0.3890
25.894,0.5628,0.5628,-0.0775,-6.4998,-6.4998,0.0000,2.8260,2.8260,0.3895
25.900,0.5819,0.5819,-0.0773,-6.4839,-6.4839,0.0000,2.8260,2.8260,0.3900
25.904,0.6172,0.6172,-0.0770,-6.4968,-6.4968,0.0000,3.1711,3.1711,0.3910
25.909,0.6303,0.6303,-0.0769,-6.4869,-6.4869,0.0000,3.1711,3.1711,0.3917
25.912,0.6402,0.6402,-0.0766,-6.4798,-6.4798,0.0000,3.1711,3.1711,0.3925
25.915,0.6494,0.6494,-0.0765,-6.4734,-6.4734,0.0000,3.1711,3.1711,0.3931
25.919,0.6596,0.6596,-0.0763,-6.4667,-6.4667,0.0000,3.1711,3.1711,0.3937
25.922,0.6685,0.6685,-0.0761,-6.4612,-6.4612,0.0000,3.1711,3.1711,0.3943
25.926,0.7020,0.7020,-0.0760,-6.4828,-6.4828,0.0000,3.5124,3.5124,0.3949
25.929,0.7114,0.7114,-0.0758,-6.4777,-6.4777,0.0000,3.5124,3.5124,0.3955
25.933,0.7203,0.7203,-0.0756,-6.4732,-6.4732,0.0000,3.5124,3.5124,0.3962
25.937,0.7297,0.7297,-0.0755,-6.4689,-6.4689,0.0000,3.5124,3.5124,0.3968
25.940,0.7377,0.7377,-0.0753,-6.4655,-6.4655,0.0000,3.5124,3.5124,0.3975
25.943,0.7738,0.7738,-0.0751,-6.4932,-6.4932,0.0000,3.8739,3.8739,0.3981
25.947,0.7829,0.7829,-0.0749,-6.4902,-6.4902,0.0000,3.8739,3.8739,0.3989
25.951,0.7922,0.7922,-0.0747,-6.4874,-6.4874,0.0000,3.8739,3.8739,0.3996
25.956,0.8019,0.8019,-0.0745,-6.4851,-6.4851,0.0000,3.8739,3.8739,0.4004
25.960,0.8123,0.8123,-0.0743,-6.4832,-6.4832,0.0000,3.8739,3.8739,0.4013
25.967,0.8548,0.8548,-0.0740,-6.5156,-6.5156,0.0000,4.2234,4.2234,0.4022
25.972,0.8640,0.8640,-0.0737,-6.5156,-6.5156,0.0000,4.2234,4.2234,0.4037
25.975,0.8715,0.8715,-0.0734,-6.5160,-6.5160,0.0000,4.2234,4.2234,0.4047
25.979,0.8790,0.8790,-0.0732,-6.5168,-6.5168,0.0000,4.2234,4.2234,0.4055
25.983,0.8985,0.8985,-0.0730,-6.5464,-6.5464,0.0000,4.3464,4.3464,0.4063
25.989,0.9092,0.9092,-0.0728,-6.5492,-6.5492,0.0000,4.3464,4.3464,0.4071
25.993,0.9174,0.9174,-0.0725,-6.5519,-6.5519,0.0000,4.3464,4.3464,0.4083
25.997,0.9237,0.9237,-0.0722,-6.5544,-6.5544,0.0000,4.3464,4.3464,0.4093
26.001,0.9309,0.9309,-0.0720,-6.5578,-6.5578,0.0000,4.3464,4.3464,0.4100
26.004,0.9339,0.9339,-0.0718,-6.5812,-6.5812,0.0000,4.2748,4.2748,0.4109
26.008,0.9405,0.9405,-0.0716,-6.5853,-6.5853,0.0000,4.2748,4.2748,0.4116
26.011,0.9458,0.9458,-0.0714,-6.5890,-6.5890,0.0000,4.2748,4.2748,0.4124
26.016,0.9534,0.9534,-0.0712,-6.5950,-6.5950,0.0000,4.2748,4.2748,0.4130
26.022,0.9629,0.9629,-0.0709,-6.6037,-6.6037,0.0000,4.2748,4.2748,0.4140
26.027,0.9517,0.9517,-0.0706,-6.6189,-6.6189,0.0000,3.9759,3.9759,0.4152
26.031,0.9575,0.9575,-0.0703,-6.6254,-6.6254,0.0000,3.9759,3.9759,0.4162
26.034,0.9630,0.9630,-0.0701,-6.6320,-6.6320,0.0000,3.9759,3.9759,0.4169
26.038,0.9680,0.9680,-0.0699,-6.6384,-6.6384,0.0000,3.9759,3.9759,0.4176
26.041,0.9725,0.9725,-0.0697,-6.6446,-6.6446,0.0000,3.9759,3.9759,0.4182
26.044,0.9425,0.9425,-0.0695,-6.6439,-6.6439,0.0000,3.4434,3.4434,0.4188
26.052,0.9537,0.9537,-0.0693,-6.6631,-6.6631,0.0000,3.4434,3.4434,0.4194
26.056,0.9585,0.9585,-0.0689,-6.6718,-6.6718,0.0000,3.4434,3.4434,0.4206
26.059,0.9628,0.9628,-0.0687,-6.6801,-6.6801,0.0000,3.4434,3.4434,0.4212
26.064,0.9698,0.9698,-0.0685,-6.7152,-6.7152,0.0000,3.4528,3.4528,0.4217
26.072,0.9801,0.9801,-0.0683,-6.7389,-6.7389,0.0000,3.4528,3.4528,0.4224
26.076,0.9844,0.9844,-0.0678,-6.7494,-6.7494,0.0000,3.4528,3.4528,0.4237
26.080,0.9891,0.9891,-0.0676,-6.7616,-6.7616,0.0000,3.4528,3.4528,0.4242
26.083,0.9784,0.9784,-0.0674,-6.7804,-6.7804,0.0000,3.2104,3.2104,0.4249
26.088,0.9830,0.9830,-0.0672,-6.7938,-6.7938,0.0000,3.2104,3.2104,0.4254
26.091,0.9867,0.9867,-0.0670,-6.8051,-6.8051,0.0000,3.2104,3.2104,0.4260
26.095,0.9905,0.9905,-0.0668,-6.8175,-6.8175,0.0000,3.2104,3.2104,0.4264
26.099,0.9949,0.9949,-0.0666,-6.8322,-6.8322,0.0000,3.2104,3.2104,0.4270
26.104,0.9881,0.9881,-0.0664,-6.8607,-6.8607,0.0000,3.0040,3.0040,0.4275
26.111,0.9946,0.9946,-0.0661,-6.8860,-6.8860,0.0000,3.0040,3.0040,0.4283
26.117,1.0002,1.0002,-0.0657,-6.9096,-6.9096,0.0000,3.0040,3.0040,0.4291
26.121,1.0046,1.0046,-0.0654,-6.9292,-6.9292,0.0000,3.0040,3.0040,0.4298
26.126,0.9964,0.9964,-0.0652,-6.9535,-6.9535,0.0000,2.7965,2.7965,0.4304
26.131,1.0005,1.0005,-0.0649,-6.9739,-6.9739,0.0000,2.7965,2.7965,0.4309
26.135,1.0040,1.0040,-0.0647,-6.9923,-6.9923,0.0000,2.7965,2.7965,0.4314
26.138,1.0071,1.0071,-0.0645,-7.0086,-7.0086,0.0000,2.7965,2.7965,0.4319
26.142,1.0105,1.0105,-0.0643,-7.0282,-7.0282,0.0000,2.7965,2.7965,0.4323
26.146,0.9900,0.9900,-0.0641,-7.0297,-7.0297,0.0000,2.3346,2.3346,0.4328
26.150,0.9932,0.9932,-0.0639,-7.0495,-7.0495,0.0000,2.3346,2.3346,0.4331
26.154,0.9961,0.9961,-0.0637,-7.0678,-7.0678,0.0000,2.3346,2.3346,0.4334
26.157,0.9986,0.9986,-0.0635,-7.0845,-7.0845,0.0000,2.3346,2.3346,0.4338
26.160,1.0009,1.0009,-0.0633,-7.1007,-7.1007,0.0000,2.3346,2.3346,0.4341
26.163,0.9935,0.9935,-0.0632,-7.1210,-7.1210,0.0000,2.1381,2.1381,0.4343
26.169,0.9973,0.9973,-0.0630,-7.1499,-7.1499,0.0000,2.1381,2.1381,0.4346
26.178,1.0040,1.0040,-0.0627,-7.2055,-7.2055,0.0000,2.1381,2.1381,0.4350
26.185,0.9910,0.9910,-0.0622,-7.2288,-7.2288,0.0000,1.7140,1.7140,0.4357
26.189,0.9938,0.9938,-0.0619,-7.2543,-7.2543,0.0000,1.7140,1.7140,0.4361
26.193,0.9960,0.9960,-0.0617,-7.2761,-7.2761,0.0000,1.7140,1.7140,0.4363
26.196,0.9983,0.9983,-0.0615,-7.2980,-7.2980,0.0000,1.7140,1.7140,0.4365
26.204,1.0027,1.0027,-0.0614,-7.3634,-7.3634,0.0000,1.7675,1.7675,0.4367
26.208,1.0050,1.0050,-0.0610,-7.3888,-7.3888,0.0000,1.7675,1.7675,0.4371
26.211,1.0068,1.0068,-0.0608,-7.4095,-7.4095,0.0000,1.7675,1.7675,0.4373
26.214,1.0086,1.0086,-0.0607,-7.4306,-7.4306,0.0000,1.7675,1.7675,0.4375
26.218,1.0107,1.0107,-0.0605,-7.4568,-7.4568,0.0000,1.7675,1.7675,0.4377
26.221,1.0126,1.0126,-0.0603,-7.4798,-7.4798,0.0000,1.7675,1.7675,0.4379
26.225,1.0026,1.0026,-0.0601,-7.4869,-7.4869,0.0000,1.3638,1.3638,0.4381
26.229,1.0046,1.0046,-0.0600,-7.5137,-7.5137,0.0000,1.3638,1.3638,0.4382
26.232,1.0062,1.0062,-0.0598,-7.5370,-7.5370,0.0000,1.3638,1.3638,0.4384
26.237,1.0085,1.0085,-0.0596,-7.5696,-7.5696,0.0000,1.3638,1.3638,0.4385
26.240,1.0103,1.0103,-0.0594,-7.5967,-7.5967,0.0000,1.3638,1.3638,0.4386
26.244,1.0072,1.0072,-0.0592,-7.6207,-7.6207,0.0000,1.1943,1.1943,0.4388
26.247,1.0089,1.0089,-0.0591,-7.6484,-7.6484,0.0000,1.1943,1.1943,0.4388
26.251,1.0106,1.0106,-0.0589,-7.6760,-7.6760,0.0000,1.1943,1.1943,0.4389
26.254,1.0121,1.0121,-0.0587,-7.7020,-7.7020,0.0000,1.1943,1.1943,0.4390
26.258,1.0136,1.0136,-0.0586,-7.7270,-7.7270,0.0000,1.1943,1.1943,0.4391
26.261,1.0149,1.0149,-0.0584,-7.7518,-7.7518,0.0000,1.1943,1.1943,0.4392
26.264,1.0129,1.0129,-0.0583,-7.7759,-7.7759,0.0000,1.0195,1.0195,0.4393
26.269,1.0151,1.0151,-0.0581,-7.8188,-7.8188,0.0000,1.0195,1.0195,0.4393
26.277,1.0181,1.0181,-0.0579,-7.8799,-7.8799,0.0000,1.0195,1.0195,0.4394
26.280,1.0194,1.0194,-0.0576,-7.9078,-7.9078,0.0000,1.0195,1.0195,0.4396
26.285,1.0191,1.0191,-0.0574,-7.9434,-7.9434,0.0000,0.8388,0.8388,0.4396
26.289,1.0207,1.0207,-0.0572,-7.9808,-7.9808,0.0000,0.8388,0.8388,0.4396
26.293,1.0219,1.0219,-0.0570,-8.0088,-8.0088,0.0000,0.8388,0.8388,0.4397
26.296,1.0231,1.0231,-0.0568,-8.0370,-8.0370,0.0000,0.8388,0.8388,0.4397
26.300,1.0246,1.0246,-0.0567,-8.0757,-8.0757,0.0000,0.8388,0.8388,0.4397
26.304,1.0257,1.0257,-0.0565,-8.1008,-8.1008,0.0000,0.4869,0.4869,0.4398
26.309,1.0270,1.0270,-0.0563,-8.1377,-8.1377,0.0000,0.4869,0.4869,0.4397
26.313,1.0283,1.0283,-0.0561,-8.1735,-8.1735,0.0000,0.4869,0.4869,0.4397
26.316,1.0295,1.0295,-0.0559,-8.2072,-8.2072,0.0000,0.4869,0.4869,0.4396
26.320,1.0306,1.0306,-0.0558,-8.2405,-8.2405,0.0000,0.4869,0.4869,0.4396
26.325,1.0329,1.0329,-0.0556,-8.2790,-8.2790,0.0000,0.3138,0.3138,0.4395
26.330,1.0345,1.0345,-0.0554,-8.3322,-8.3322,0.0000,0.3138,0.3138,0.4395
26.334,1.0357,1.0357,-0.0552,-8.3693,-8.3693,0.0000,0.3138,0.3138,0.4394
26.338,1.0366,1.0366,-0.0550,-8.4007,-8.4007,0.0000,0.3138,0.3138,0.4393
26.341,1.0375,1.0375,-0.0548,-8.4312,-8.4312,0.0000,0.3138,0.3138,0.4392
26.345,1.0349,1.0349,-0.0547,-8.4835,-8.4835,0.0000,0.5737,0.5737,0.4392
26.349,1.0361,1.0361,-0.0545,-8.5262,-8.5262,0.0000,0.5737,0.5737,0.4391
26.356,1.0377,1.0377,-0.0543,-8.5883,-8.5883,0.0000,0.5737,0.5737,0.4391
26.359,1.0385,1.0385,-0.0540,-8.6221,-8.6221,0.0000,0.5737,0.5737,0.4391
26.362,1.0393,1.0393,-0.0539,-8.6535,-8.6535,0.0000,0.5737,0.5737,0.4391
26.366,1.0469,1.0469,-0.0538,-8.6788,-8.6788,0.0000,0.2321,0.2321,0.4390
26.370,1.0479,1.0479,-0.0536,-8.7199,-8.7199,0.0000,0.2321,0.2321,0.4390
26.373,1.0487,1.0487,-0.0534,-8.7551,-8.7551,0.0000,0.2321,0.2321,0.4389
26.384,1.0516,1.0516,-0.0533,-8.8692,-8.8692,0.0000,0.2170,0.2170,0.4388
26.398,1.0543,1.0543,-0.0528,-9.0108,-9.0108,0.0000,0.2170,0.2170,0.4385
26.403,1.0557,1.0557,-0.0523,-9.0709,-9.0709,0.0000,0.2105,0.2105,0.4382
26.409,1.0569,1.0569,-0.0520,-9.1343,-9.1343,0.0000,0.2105,0.2105,0.4381
26.416,1.0581,1.0581,-0.0518,-9.2061,-9.2061,0.0000,0.2105,0.2105,0.4380
26.422,1.0590,1.0590,-0.0515,-9.2575,-9.2575,0.0000,0.2105,0.2105,0.4378
26.425,1.0595,1.0595,-0.0513,-9.2931,-9.2931,0.0000,0.2095,0.2095,0.4377
26.429,1.0601,1.0601,-0.0511,-9.3304,-9.3304,0.0000,0.2095,0.2095,0.4376
26.432,1.0607,1.0607,-0.0510,-9.3660,-9.3660,0.0000,0.2095,0.2095,0.4375
26.436,1.0613,1.0613,-0.0508,-9.4079,-9.4079,0.0000,0.2095,0.2095,0.4375
26.440,1.0620,1.0620,-0.0507,-9.4501,-9.4501,0.0000,0.2095,0.2095,0.4374
26.444,1.0623,1.0623,-0.0505,-9.4868,-9.4868,0.0000,0.2023,0.2023,0.4373
26.448,1.0629,1.0629,-0.0503,-9.5256,-9.5256,0.0000,0.2023,0.2023,0.4372
26.452,1.0634,1.0634,-0.0502,-9.5625,-9.5625,0.0000,0.2023,0.2023,0.4371
26.455,1.0639,1.0639,-0.0500,-9.5953,-9.5953,0.0000,0.2023,0.2023,0.4370
26.458,1.0643,1.0643,-0.0499,-9.6270,-9.6270,0.0000,0.2023,0.2023,0.4370
26.461,1.0648,1.0648,-0.0498,-9.6582,-9.6582,0.0000,0.2023,0.2023,0.4369
26.465,1.0649,1.0649,-0.0497,-9.6896,-9.6896,0.0000,0.1835,0.1835,0.4368
26.470,1.0656,1.0656,-0.0495,-9.7417,-9.7417,0.0000,0.1835,0.1835,0.4368
26.473,1.0660,1.0660,-0.0493,-9.7779,-9.7779,0.0000,0.1835,0.1835,0.4366
26.478,1.0666,1.0666,-0.0492,-9.8243,-9.8243,0.0000,0.1835,0.1835,0.4366
26.485,1.0669,1.0669,-0.0490,-9.8881,-9.8881,0.0000,0.1522,0.1522,0.4365
26.492,1.0678,1.0678,-0.0487,-9.9585,-9.9585,0.0000,0.1522,0.1522,0.4363
26.496,1.0682,1.0682,-0.0484,-9.9902,-9.9902,0.0000,0.1522,0.1522,0.4361
26.499,1.0686,1.0686,-0.0483,-10.0240,-10.0240,0.0000,0.1522,0.1522,0.4360
26.506,1.0684,1.0684,-0.0482,-10.0809,-10.0809,0.0000,0.1101,0.1101,0.4360
26.509,1.0688,1.0688,-0.0479,-10.1159,-10.1159,0.0000,0.1101,0.1101,0.4358
26.513,1.0692,1.0692,-0.0478,-10.1448,-10.1448,0.0000,0.1101,0.1101,0.4357
26.517,1.0697,1.0697,-0.0477,-10.1864,-10.1864,0.0000,0.1101,0.1101,0.4356
26.521,1.0700,1.0700,-0.0475,-10.2184,-10.2184,0.0000,0.1101,0.1101,0.4355
26.524,1.0689,1.0689,-0.0473,-10.2452,-10.2452,0.0000,0.0690,0.0690,0.4354
26.528,1.0693,1.0693,-0.0472,-10.2774,-10.2774,0.0000,0.0690,0.0690,0.4353
26.531,1.0696,1.0696,-0.0471,-10.3043,-10.3043,0.0000,0.0690,0.0690,0.4352
26.535,1.0699,1.0699,-0.0470,-10.3345,-10.3345,0.0000,0.0690,0.0690,0.4351
26.538,1.0702,1.0702,-0.0468,-10.3616,-10.3616,0.0000,0.0690,0.0690,0.4350
26.542,1.0705,1.0705,-0.0467,-10.3884,-10.3884,0.0000,0.0690,0.0690,0.4349
26.546,1.0689,1.0689,-0.0466,-10.4189,-10.4189,0.0000,0.0191,0.0191,0.4349
26.550,1.0693,1.0693,-0.0464,-10.4538,-10.4538,0.0000,0.0191,0.0191,0.4347
26.554,1.0696,1.0696,-0.0462,-10.4795,-10.4795,0.0000,0.0191,0.0191,0.4346
26.557,1.0699,1.0699,-0.0461,-10.5032,-10.5032,0.0000,0.0191,0.0191,0.4345
26.561,1.0701,1.0701,-0.0460,-10.5285,-10.5285,0.0000,0.0191,0.0191,0.4344
26.564,1.0680,1.0680,-0.0459,-10.5516,-10.5516,0.0000,-0.0382,-0.0382,0.4343
26.568,1.0683,1.0683,-0.0458,-10.5816,-10.5816,0.0000,-0.0382,-0.0382,0.4342
26.572,1.0685,1.0685,-0.0456,-10.6039,-10.6039,0.0000,-0.0382,-0.0382,0.4341
26.575,1.0687,1.0687,-0.0455,-10.6251,-10.6251,0.0000,-0.0382,-0.0382,0.4340
26.579,1.0690,1.0690,-0.0454,-10.6521,-10.6521,0.0000,-0.0382,-0.0382,0.4339
26.583,1.0663,1.0663,-0.0452,-10.6759,-10.6759,0.0000,-0.1068,-0.1068,0.4338
26.588,1.0666,1.0666,-0.0451,-10.7066,-10.7066,0.0000,-0.1068,-0.1068,0.4336
26.595,1.0671,1.0671,-0.0449,-10.7454,-10.7454,0.0000,-0.1068,-0.1068,0.4335
26.599,1.0673,1.0673,-0.0447,-10.7678,-10.7678,0.0000,-0.1068,-0.1068,0.4332
26.603,1.0638,1.0638,-0.0445,-10.7861,-10.7861,0.0000,-0.1865,-0.1865,0.4331
26.607,1.0640,1.0640,-0.0444,-10.8062,-10.8062,0.0000,-0.1865,-0.1865,0.4330
26.611,1.0643,1.0643,-0.0443,-10.8278,-10.8278,0.0000,-0.1865,-0.1865,0.4328
26.616,1.0645,1.0645,-0.0441,-10.8476,-10.8476,0.0000,-0.1865,-0.1865,0.4327
26.620,1.0648,1.0648,-0.0440,-10.8654,-10.8654,0.0000,-0.1865,-0.1865,0.4325
26.634,1.0612,1.0612,-0.0438,-10.9185,-10.9185,0.0000,-0.2676,-0.2676,0.4324
26.643,1.0596,1.0596,-0.0434,-10.9449,-10.9449,0.0000,-0.2427,-0.2427,0.4318
26.651,1.0600,1.0600,-0.0430,-10.9656,-10.9656,0.0000,-0.2427,-0.2427,0.4314
26.658,1.0603,1.0603,-0.0428,-10.9826,-10.9826,0.0000,-0.2427,-0.2427,0.4311
26.662,1.0605,1.0605,-0.0426,-10.9911,-10.9911,0.0000,-0.2427,-0.2427,0.4309
26.666,1.0585,1.0585,-0.0424,-10.9946,-10.9946,0.0000,-0.2293,-0.2293,0.4307
26.672,1.0587,1.0587,-0.0423,-11.0028,-11.0028,0.0000,-0.2293,-0.2293,0.4306
26.675,1.0589,1.0589,-0.0421,-11.0056,-11.0056,0.0000,-0.2293,-0.2293,0.4304
26.678,1.0590,1.0590,-0.0420,-11.0066,-11.0066,0.0000,-0.2293,-0.2293,0.4302
26.681,1.0591,1.0591,-0.0419,-11.0058,-11.0058,0.0000,-0.2293,-0.2293,0.4301
26.685,1.0540,1.0540,-0.0418,-11.0003,-11.0003,0.0000,-0.2982,-0.2982,0.4300
26.689,1.0542,1.0542,-0.0417,-10.9942,-10.9942,0.0000,-0.2982,-0.2982,0.4299
26.693,1.0543,1.0543,-0.0416,-10.9878,-10.9878,0.0000,-0.2982,-0.2982,0.4297
26.697,1.0544,1.0544,-0.0415,-10.9774,-10.9774,0.0000,-0.2982,-0.2982,0.4296
26.705,1.0500,1.0500,-0.0413,-10.9492,-10.9492,0.0000,-0.3506,-0.3506,0.4294
26.709,1.0501,1.0501,-0.0411,-10.9344,-10.9344,0.0000,-0.3506,-0.3506,0.4291
26.712,1.0503,1.0503,-0.0410,-10.9217,-10.9217,0.0000,-0.3506,-0.3506,0.4289
26.715,1.0504,1.0504,-0.0409,-10.9080,-10.9080,0.0000,-0.3506,-0.3506,0.4288
26.719,1.0505,1.0505,-0.0408,-10.8917,-10.8917,0.0000,-0.3506,-0.3506,0.4286
26.722,1.0506,1.0506,-0.0407,-10.8773,-10.8773,0.0000,-0.3506,-0.3506,0.4285
26.726,1.0508,1.0508,-0.0406,-10.8602,-10.8602,0.0000,-0.2979,-0.2979,0.4284
26.730,1.0509,1.0509,-0.0405,-10.8451,-10.8451,0.0000,-0.2979,-0.2979,0.4282
26.733,1.0510,1.0510,-0.0404,-10.8316,-10.8316,0.0000,-0.2979,-0.2979,0.4281
26.738,1.0511,1.0511,-0.0403,-10.8170,-10.8170,0.0000,-0.2979,-0.2979,0.4280
26.742,1.0513,1.0513,-0.0401,-10.8056,-10.8056,0.0000,-0.2979,-0.2979,0.4278
26.745,1.0531,1.0531,-0.0400,-10.7921,-10.7921,0.0000,-0.2137,-0.2137,0.4276
26.749,1.0532,1.0532,-0.0399,-10.7824,-10.7824,0.0000,-0.2137,-0.2137,0.4275
26.753,1.0533,1.0533,-0.0398,-10.7739,-10.7739,0.0000,-0.2137,-0.2137,0.4274
26.756,1.0534,1.0534,-0.0397,-10.7674,-10.7674,0.0000,-0.2137,-0.2137,0.4273
26.759,1.0535,1.0535,-0.0396,-10.7615,-10.7615,0.0000,-0.2137,-0.2137,0.4272
26.762,1.0536,1.0536,-0.0395,-10.7562,-10.7562,0.0000,-0.2137,-0.2137,0.4271
26.767,1.0563,1.0563,-0.0394,-10.7450,-10.7450,0.0000,-0.1140,-0.1140,0.4270
26.771,1.0564,1.0564,-0.0393,-10.7403,-10.7403,0.0000,-0.1140,-0.1140,0.4268
26.775,1.0565,1.0565,-0.0392,-10.7372,-10.7372,0.0000,-0.1140,-0.1140,0.4267
26.778,1.0566,1.0566,-0.0391,-10.7346,-10.7346,0.0000,-0.1140,-0.1140,0.4266
26.783,1.0645,1.0645,-0.0390,-10.7249,-10.7249,0.0000,0.0860,0.0860,0.4265
26.788,1.0646,1.0646,-0.0388,-10.7234,-10.7234,0.0000,0.0860,0.0860,0.4265
26.791,1.0647,1.0647,-0.0387,-10.7228,-10.7228,0.0000,0.0860,0.0860,0.4264
26.794,1.0648,1.0648,-0.0386,-10.7228,-10.7228,0.0000,0.0860,0.0860,0.4263
26.799,1.0648,1.0648,-0.0385,-10.7236,-10.7236,0.0000,0.0860,0.0860,0.4263
26.805,1.0605,1.0605,-0.0384,-10.7250,-10.7250,0.0000,0.0488,0.0488,0.4262
26.813,1.0606,1.0606,-0.0382,-10.7310,-10.7310,0.0000,0.0488,0.0488,0.4261
26.818,1.0607,1.0607,-0.0380,-10.7348,-10.7348,0.0000,0.0488,0.0488,0.4259
26.821,1.0608,1.0608,-0.0379,-10.7383,-10.7383,0.0000,0.0488,0.0488,0.4258
26.825,1.0572,1.0572,-0.0378,-10.7403,-10.7403,0.0000,0.0263,0.0263,0.4258
26.829,1.0573,1.0573,-0.0377,-10.7460,-10.7460,0.0000,0.0263,0.0263,0.4257
26.834,1.0574,1.0574,-0.0376,-10.7525,-10.7525,0.0000,0.0263,0.0263,0.4256
26.838,1.0574,1.0574,-0.0374,-10.7577,-10.7577,0.0000,0.0263,0.0263,0.4255
26.841,1.0575,1.0575,-0.0373,-10.7626,-10.7626,0.0000,0.0263,0.0263,0.4254
26.844,1.0612,1.0612,-0.0373,-10.7620,-10.7620,0.0000,0.1513,0.1513,0.4254
26.848,1.0613,1.0613,-0.0372,-10.7684,-10.7684,0.0000,0.1513,0.1513,0.4253
26.852,1.0613,1.0613,-0.0371,-10.7746,-10.7746,0.0000,0.1513,0.1513,0.4253
26.855,1.0614,1.0614,-0.0370,-10.7809,-10.7809,0.0000,0.1513,0.1513,0.4252
26.858,1.0614,1.0614,-0.0369,-10.7868,-10.7868,0.0000,0.1513,0.1513,0.4252
26.862,1.0615,1.0615,-0.0368,-10.7934,-10.7934,0.0000,0.1513,0.1513,0.4252
26.865,1.0584,1.0584,-0.0367,-10.7981,-10.7981,0.0000,0.1366,0.1366,0.4251
26.870,1.0585,1.0585,-0.0366,-10.8077,-10.8077,0.0000,0.1366,0.1366,0.4251
26.874,1.0585,1.0585,-0.0365,-10.8158,-10.8158,0.0000,0.1366,0.1366,0.4250
26.878,1.0586,1.0586,-0.0364,-10.8249,-10.8249,0.0000,0.1366,0.1366,0.4250
26.881,1.0586,1.0586,-0.0363,-10.8327,-10.8327,0.0000,0.1366,0.1366,0.4249
26.886,1.0618,1.0618,-0.0362,-10.8364,-10.8364,0.0000,0.2634,0.2634,0.4249
26.890,1.0619,1.0619,-0.0361,-10.8452,-10.8452,0.0000,0.2634,0.2634,0.4248
26.893,1.0619,1.0619,-0.0360,-10.8525,-10.8525,0.0000,0.2634,0.2634,0.4248
26.896,1.0619,1.0619,-0.0359,-10.8596,-10.8596,0.0000,0.2634,0.2634,0.4248
26.900,1.0620,1.0620,-0.0358,-10.8674,-10.8674,0.0000,0.2634,0.2634,0.4248
26.903,1.0478,1.0478,-0.0357,-10.8830,-10.8830,0.0000,-0.0425,-0.0425,0.4248
26.909,1.0478,1.0478,-0.0356,-10.8960,-10.8960,0.0000,-0.0425,-0.0425,0.4247
26.917,1.0479,1.0479,-0.0355,-10.9128,-10.9128,0.0000,-0.0425,-0.0425,0.4246
26.920,1.0479,1.0479,-0.0353,-10.9208,-10.9208,0.0000,-0.0425,-0.0425,0.4244
26.924,1.0578,1.0578,-0.0352,-10.9191,-10.9191,0.0000,0.2657,0.2657,0.4244
26.928,1.0578,1.0578,-0.0352,-10.9274,-10.9274,0.0000,0.2657,0.2657,0.4244
26.931,1.0578,1.0578,-0.0351,-10.9346,-10.9346,0.0000,0.2657,0.2657,0.4243
26.936,1.0579,1.0579,-0.0350,-10.9452,-10.9452,0.0000,0.2657,0.2657,0.4243
26.941,1.0579,1.0579,-0.0349,-10.9562,-10.9562,0.0000,0.2657,0.2657,0.4243
26.945,1.0566,1.0566,-0.0347,-10.9618,-10.9618,0.0000,0.2752,0.2752,0.4243
26.950,1.0566,1.0566,-0.0346,-10.9705,-10.9705,0.0000,0.2752,0.2752,0.4242
26.953,1.0566,1.0566,-0.0345,-10.9774,-10.9774,0.0000,0.2752,0.2752,0.4242
26.957,1.0566,1.0566,-0.0345,-10.9835,-10.9835,0.0000,0.2752,0.2752,0.4242
26.962,1.0567,1.0567,-0.0344,-10.9936,-10.9936,0.0000,0.2752,0.2752,0.4242
26.966,1.0503,1.0503,-0.0342,-11.0030,-11.0030,0.0000,0.1214,0.1214,0.4242
26.971,1.0503,1.0503,-0.0342,-11.0113,-11.0113,0.0000,0.1214,0.1214,0.4241
26.974,1.0504,1.0504,-0.0341,-11.0167,-11.0167,0.0000,0.1214,0.1214,0.4241
26.978,1.0504,1.0504,-0.0340,-11.0216,-11.0216,0.0000,0.1214,0.1214,0.4240
26.981,1.0504,1.0504,-0.0339,-11.0270,-11.0270,0.0000,0.1214,0.1214,0.4240
26.986,1.0596,1.0596,-0.0338,-11.0159,-11.0159,0.0000,0.4832,0.4832,0.4239
26.990,1.0596,1.0596,-0.0337,-11.0217,-11.0217,0.0000,0.4832,0.4832,0.4240
26.994,1.0596,1.0596,-0.0336,-11.0259,-11.0259,0.0000,0.4832,0.4832,0.4240
26.997,1.0597,1.0597,-0.0335,-11.0300,-11.0300,0.0000,0.4832,0.4832,0.4240
27.003,1.0550,1.0550,-0.0334,-11.0385,-11.0385,0.0000,0.3504,0.3504,0.4240
27.007,1.0550,1.0550,-0.0333,-11.0423,-11.0423,0.0000,0.3504,0.3504,0.4240
27.011,1.0550,1.0550,-0.0332,-11.0451,-11.0451,0.0000,0.3504,0.3504,0.4240
27.016,1.0550,1.0550,-0.0331,-11.0485,-11.0485,0.0000,0.3504,0.3504,0.4240
27.024,1.0511,1.0511,-0.0330,-11.0554,-11.0554,0.0000,0.2159,0.2159,0.4240
27.028,1.0511,1.0511,-0.0329,-11.0569,-11.0569,0.0000,0.2159,0.2159,0.4240
27.034,1.0512,1.0512,-0.0328,-11.0580,-11.0580,0.0000,0.2159,0.2159,0.4239
27.038,1.0512,1.0512,-0.0327,-11.0583,-11.0583,0.0000,0.2159,0.2159,0.4239
27.041,1.0512,1.0512,-0.0326,-11.0583,-11.0583,0.0000,0.2159,0.2159,0.4238
27.045,1.0509,1.0509,-0.0325,-11.0518,-11.0518,0.0000,0.2381,0.2381,0.4238
27.050,1.0509,1.0509,-0.0324,-11.0504,-11.0504,0.0000,0.2381,0.2381,0.4238
27.054,1.0509,1.0509,-0.0323,-11.0490,-11.0490,0.0000,0.2381,0.2381,0.4238
27.058,1.0509,1.0509,-0.0322,-11.0473,-11.0473,0.0000,0.2381,0.2381,0.4237
27.061,1.0509,1.0509,-0.0322,-11.0452,-11.0452,0.0000,0.2381,0.2381,0.4237
27.068,1.0508,1.0508,-0.0321,-11.0335,-11.0335,0.0000,0.2620,0.2620,0.4237
27.072,1.0508,1.0508,-0.0319,-11.0292,-11.0292,0.0000,0.2620,0.2620,0.4237
27.076,1.0508,1.0508,-0.0318,-11.0255,-11.0255,0.0000,0.2620,0.2620,0.4236
27.080,1.0508,1.0508,-0.0318,-11.0214,-11.0214,0.0000,0.2620,0.2620,0.4236
27.084,1.0525,1.0525,-0.0317,-10.9966,-10.9966,0.0000,0.4642,0.4642,0.4236
27.090,1.0525,1.0525,-0.0316,-10.9884,-10.9884,0.0000,0.4642,0.4642,0.4236
27.095,1.0525,1.0525,-0.0315,-10.9805,-10.9805,0.0000,0.4642,0.4642,0.4237
27.100,1.0525,1.0525,-0.0314,-10.9715,-10.9715,0.0000,0.4642,0.4642,0.4237
27.104,1.0515,1.0515,-0.0313,-10.9709,-10.9709,0.0000,0.3078,0.3078,0.4237
27.109,1.0515,1.0515,-0.0312,-10.9623,-10.9623,0.0000,0.3078,0.3078,0.4237
27.115,1.0515,1.0515,-0.0311,-10.9476,-10.9476,0.0000,0.3078,0.3078,0.4237
27.121,1.0515,1.0515,-0.0310,-10.9358,-10.9358,0.0000,0.3078,0.3078,0.4237
27.129,1.0518,1.0518,-0.0309,-10.8979,-10.8979,0.0000,0.4798,0.4798,0.4237
27.135,1.0518,1.0518,-0.0307,-10.8827,-10.8827,0.0000,0.4798,0.4798,0.4237
27.138,1.0518,1.0518,-0.0306,-10.8725,-10.8725,0.0000,0.4798,0.4798,0.4237
27.142,1.0518,1.0518,-0.0305,-10.8628,-10.8628,0.0000,0.4798,0.4798,0.4238
27.145,1.0532,1.0532,-0.0305,-10.8727,-10.8727,0.0000,0.1498,0.1498,0.4238
27.149,1.0532,1.0532,-0.0304,-10.8605,-10.8605,0.0000,0.1498,0.1498,0.4238
27.153,1.0532,1.0532,-0.0303,-10.8487,-10.8487,0.0000,0.1498,0.1498,0.4237
27.156,1.0532,1.0532,-0.0303,-10.8376,-10.8376,0.0000,0.1498,0.1498,0.4237
27.159,1.0533,1.0533,-0.0302,-10.8265,-10.8265,0.0000,0.1498,0.1498,0.4236
27.163,1.0525,1.0525,-0.0301,-10.8025,-10.8025,0.0000,0.3101,0.3101,0.4236
27.167,1.0525,1.0525,-0.0301,-10.7872,-10.7872,0.0000,0.3101,0.3101,0.4236
27.170,1.0525,1.0525,-0.0300,-10.7745,-10.7745,0.0000,0.3101,0.3101,0.4236
27.175,1.0526,1.0526,-0.0299,-10.7591,-10.7591,0.0000,0.3101,0.3101,0.4236
27.178,1.0526,1.0526,-0.0299,-10.7453,-10.7453,0.0000,0.3101,0.3101,0.4236
27.181,1.0526,1.0526,-0.0298,-10.7327,-10.7327,0.0000,0.3101,0.3101,0.4236
27.185,1.0536,1.0536,-0.0297,-10.7178,-10.7178,0.0000,0.2950,0.2950,0.4236
27.189,1.0536,1.0536,-0.0297,-10.7020,-10.7020,0.0000,0.2950,0.2950,0.4235
27.192,1.0536,1.0536,-0.0296,-10.6886,-10.6886,0.0000,0.2950,0.2950,0.4235
27.195,1.0536,1.0536,-0.0295,-10.6751,-10.6751,0.0000,0.2950,0.2950,0.4235
27.199,1.0536,1.0536,-0.0295,-10.6609,-10.6609,0.0000,0.2950,0.2950,0.4235
27.202,1.0536,1.0536,-0.0294,-10.6450,-10.6450,0.0000,0.2950,0.2950,0.4235
27.207,1.0597,1.0597,-0.0294,-10.6413,-10.6413,0.0000,-0.0288,-0.0288,0.4235
27.211,1.0597,1.0597,-0.0293,-10.6227,-10.6227,0.0000,-0.0288,-0.0288,0.4234
27.214,1.0597,1.0597,-0.0292,-10.6077,-10.6077,0.0000,-0.0288,-0.0288,0.4233
27.218,1.0597,1.0597,-0.0291,-10.5906,-10.5906,0.0000,-0.0288,-0.0288,0.4233
27.221,1.0597,1.0597,-0.0291,-10.5734,-10.5734,0.0000,-0.0288,-0.0288,0.4232
27.225,1.0584,1.0584,-0.0290,-10.5484,-10.5484,0.0000,0.0920,0.0920,0.4232
27.233,1.0584,1.0584,-0.0289,-10.5087,-10.5087,0.0000,0.0920,0.0920,0.4231
27.238,1.0584,1.0584,-0.0288,-10.4853,-10.4853,0.0000,0.0920,0.0920,0.4230
27.243,1.0605,1.0605,-0.0287,-10.4615,-10.4615,0.0000,0.0584,0.0584,0.4230
27.248,1.0605,1.0605,-0.0286,-10.4349,-10.4349,0.0000,0.0584,0.0584,0.4229
27.252,1.0605,1.0605,-0.0285,-10.4144,-10.4144,0.0000,0.0584,0.0584,0.4228
27.255,1.0605,1.0605,-0.0285,-10.3960,-10.3960,0.0000,0.0584,0.0584,0.4228
27.258,1.0605,1.0605,-0.0284,-10.3785,-10.3785,0.0000,0.0584,0.0584,0.4227
27.262,1.0605,1.0605,-0.0284,-10.3605,-10.3605,0.0000,0.0584,0.0584,0.4227
27.269,1.0662,1.0662,-0.0283,-10.3264,-10.3264,0.0000,-0.1117,-0.1117,0.4226
27.273,1.0662,1.0662,-0.0282,-10.3029,-10.3029,0.0000,-0.1117,-0.1117,0.4225
27.276,1.0662,1.0662,-0.0281,-10.2846,-10.2846,0.0000,-0.1117,-0.1117,0.4224
27.279,1.0662,1.0662,-0.0281,-10.2662,-10.2662,0.0000,-0.1117,-0.1117,0.4223
27.283,1.0627,1.0627,-0.0280,-10.2491,-10.2491,0.0000,0.0613,0.0613,0.4222
27.287,1.0628,1.0628,-0.0279,-10.2236,-10.2236,0.0000,0.0613,0.0613,0.4222
27.291,1.0628,1.0628,-0.0279,-10.2041,-10.2041,0.0000,0.0613,0.0613,0.4221
27.294,1.0628,1.0628,-0.0278,-10.1852,-10.1852,0.0000,0.0613,0.0613,0.4221
27.297,1.0628,1.0628,-0.0278,-10.1655,-10.1655,0.0000,0.0613,0.0613,0.4220
27.303,1.0736,1.0736,-0.0277,-10.1301,-10.1301,0.0000,-0.2574,-0.2574,0.4220
27.308,1.0736,1.0736,-0.0276,-10.1005,-10.1005,0.0000,-0.2574,-0.2574,0.4218
27.312,1.0736,1.0736,-0.0275,-10.0802,-10.0802,0.0000,-0.2574,-0.2574,0.4217
27.315,1.0736,1.0736,-0.0275,-10.0599,-10.0599,0.0000,-0.2574,-0.2574,0.4216
27.319,1.0736,1.0736,-0.0274,-10.0371,-10.0371,0.0000,-0.2574,-0.2574,0.4215
27.322,1.0736,1.0736,-0.0273,-10.0166,-10.0166,0.0000,-0.2574,-0.2574,0.4214
27.326,1.0706,1.0706,-0.0273,-9.9985,-9.9985,0.0000,-0.1251,-0.1251,0.4213
27.336,1.0706,1.0706,-0.0272,-9.9367,-9.9367,0.0000,-0.1251,-0.1251,0.4212
27.340,1.0706,1.0706,-0.0271,-9.9092,-9.9092,0.0000,-0.1251,-0.1251,0.4210
27.343,1.0739,1.0739,-0.0270,-9.8926,-9.8926,0.0000,-0.1963,-0.1963,0.4209
27.347,1.0739,1.0739,-0.0269,-9.8687,-9.8687,0.0000,-0.1963,-0.1963,0.4208
27.351,1.0739,1.0739,-0.0269,-9.8456,-9.8456,0.0000,-0.1963,-0.1963,0.4207
27.354,1.0739,1.0739,-0.0268,-9.8229,-9.8229,0.0000,-0.1963,-0.1963,0.4206
27.358,1.0739,1.0739,-0.0268,-9.8020,-9.8020,0.0000,-0.1963,-0.1963,0.4205
27.363,1.0772,1.0772,-0.0267,-9.7694,-9.7694,0.0000,-0.2810,-0.2810,0.4205
27.370,1.0772,1.0772,-0.0266,-9.7272,-9.7272,0.0000,-0.2810,-0.2810,0.4203
27.374,1.0772,1.0772,-0.0265,-9.6982,-9.6982,0.0000,-0.2810,-0.2810,0.4201
27.378,1.0772,1.0772,-0.0264,-9.6745,-9.6745,0.0000,-0.2810,-0.2810,0.4200
27.381,1.0772,1.0772,-0.0264,-9.6537,-9.6537,0.0000,-0.2810,-0.2810,0.4199
27.385,1.0797,1.0797,-0.0263,-9.6335,-9.6335,0.0000,-0.3604,-0.3604,0.4198
27.389,1.0797,1.0797,-0.0263,-9.6073,-9.6073,0.0000,-0.3604,-0.3604,0.4197
27.397,1.0797,1.0797,-0.0262,-9.5550,-9.5550,0.0000,-0.3604,-0.3604,0.4196
27.402,1.0797,1.0797,-0.0261,-9.5181,-9.5181,0.0000,-0.3604,-0.3604,0.4193
27.407,1.0795,1.0795,-0.0260,-9.5003,-9.5003,0.0000,-0.3552,-0.3552,0.4191
27.410,1.0795,1.0795,-0.0259,-9.4746,-9.4746,0.0000,-0.3552,-0.3552,0.4190
27.414,1.0795,1.0795,-0.0259,-9.4513,-9.4513,0.0000,-0.3552,-0.3552,0.4189
27.420,1.0795,1.0795,-0.0258,-9.4091,-9.4091,0.0000,-0.3552,-0.3552,0.4188
27.425,1.0813,1.0813,-0.0257,-9.3855,-9.3855,0.0000,-0.4527,-0.4527,0.4186
27.429,1.0813,1.0813,-0.0256,-9.3604,-9.3604,0.0000,-0.4527,-0.4527,0.4184
27.432,1.0813,1.0813,-0.0256,-9.3401,-9.3401,0.0000,-0.4527,-0.4527,0.4183
27.437,1.0813,1.0813,-0.0255,-9.3082,-9.3082,0.0000,-0.4527,-0.4527,0.4182
27.443,1.0807,1.0807,-0.0255,-9.2708,-9.2708,0.0000,-0.4653,-0.4653,0.4180
27.448,1.0807,1.0807,-0.0254,-9.2448,-9.2448,0.0000,-0.4653,-0.4653,0.4178
27.451,1.0807,1.0807,-0.0253,-9.2199,-9.2199,0.0000,-0.4653,-0.4653,0.4176
27.455,1.0807,1.0807,-0.0252,-9.1981,-9.1981,0.0000,-0.4653,-0.4653,0.4175
27.458,1.0807,1.0807,-0.0252,-9.1775,-9.1775,0.0000,-0.4653,-0.4653,0.4174
27.461,1.0807,1.0807,-0.0251,-9.1569,-9.1569,0.0000,-0.4653,-0.4653,0.4173
27.465,1.0799,1.0799,-0.0251,-9.1435,-9.1435,0.0000,-0.4842,-0.4842,0.4172
27.469,1.0799,1.0799,-0.0250,-9.1159,-9.1159,0.0000,-0.4842,-0.4842,0.4170
27.473,1.0799,1.0799,-0.0250,-9.0899,-9.0899,0.0000,-0.4842,-0.4842,0.4169
27.476,1.0799,1.0799,-0.0249,-9.0678,-9.0678,0.0000,-0.4842,-0.4842,0.4168
27.480,1.0799,1.0799,-0.0249,-9.0462,-9.0462,0.0000,-0.4842,-0.4842,0.4166
27.484,1.0799,1.0799,-0.0248,-9.0268,-9.0268,0.0000,-0.5772,-0.5772,0.4165
27.488,1.0799,1.0799,-0.0248,-9.0016,-9.0016,0.0000,-0.5772,-0.5772,0.4164
27.491,1.0799,1.0799,-0.0247,-8.9812,-8.9812,0.0000,-0.5772,-0.5772,0.4162
27.494,1.0799,1.0799,-0.0247,-8.9610,-8.9610,0.0000,-0.5772,-0.5772,0.4161
27.497,1.0799,1.0799,-0.0246,-8.9411,-8.9411,0.0000,-0.5772,-0.5772,0.4160
27.502,1.0799,1.0799,-0.0246,-8.9130,-8.9130,0.0000,-0.5772,-0.5772,0.4158
27.505,1.0791,1.0791,-0.0245,-8.8959,-8.8959,0.0000,-0.6395,-0.6395,0.4157
27.509,1.0791,1.0791,-0.0245,-8.8735,-8.8735,0.0000,-0.6395,-0.6395,0.4155
27.513,1.0791,1.0791,-0.0244,-8.8554,-8.8554,0.0000,-0.6395,-0.6395,0.4154
27.516,1.0791,1.0791,-0.0243,-8.8404,-8.8404,0.0000,-0.6395,-0.6395,0.4152
27.520,1.0791,1.0791,-0.0243,-8.8282,-8.8282,0.0000,-0.6395,-0.6395,0.4151
27.523,1.0772,1.0772,-0.0243,-8.8261,-8.8261,0.0000,-0.6197,-0.6197,0.4149
27.527,1.0772,1.0772,-0.0242,-8.8190,-8.8190,0.0000,-0.6197,-0.6197,0.4148
27.531,1.0772,1.0772,-0.0241,-8.8148,-8.8148,0.0000,-0.6197,-0.6197,0.4146
27.535,1.0772,1.0772,-0.0241,-8.8138,-8.8138,0.0000,-0.6197,-0.6197,0.4145
27.539,1.0772,1.0772,-0.0240,-8.8151,-8.8151,0.0000,-0.6197,-0.6197,0.4143
27.542,1.0772,1.0772,-0.0240,-8.8184,-8.8184,0.0000,-0.6197,-0.6197,0.4142
27.548,1.0753,1.0753,-0.0239,-8.8362,-8.8362,0.0000,-0.6029,-0.6029,0.4141
27.556,1.0753,1.0753,-0.0239,-8.8656,-8.8656,0.0000,-0.6029,-0.6029,0.4138
27.560,1.0753,1.0753,-0.0238,-8.8769,-8.8769,0.0000,-0.6029,-0.6029,0.4135
27.564,1.0732,1.0732,-0.0237,-8.8940,-8.8940,0.0000,-0.5392,-0.5392,0.4134
27.568,1.0732,1.0732,-0.0237,-8.9056,-8.9056,0.0000,-0.5392,-0.5392,0.4132
27.574,1.0732,1.0732,-0.0236,-8.9178,-8.9178,0.0000,-0.5392,-0.5392,0.4131
27.578,1.0732,1.0732,-0.0235,-8.9238,-8.9238,0.0000,-0.5392,-0.5392,0.4129
27.581,1.0732,1.0732,-0.0235,-8.9288,-8.9288,0.0000,-0.5392,-0.5392,0.4128
27.585,1.0712,1.0712,-0.0234,-8.9363,-8.9363,0.0000,-0.4647,-0.4647,0.4127
27.589,1.0712,1.0712,-0.0234,-8.9393,-8.9393,0.0000,-0.4647,-0.4647,0.4126
27.592,1.0712,1.0712,-0.0233,-8.9407,-8.9407,0.0000,-0.4647,-0.4647,0.4124
27.596,1.0712,1.0712,-0.0233,-8.9408,-8.9408,0.0000,-0.4647,-0.4647,0.4123
27.601,1.0712,1.0712,-0.0233,-8.9390,-8.9390,0.0000,-0.4647,-0.4647,0.4122
27.604,1.0694,1.0694,-0.0232,-8.9370,-8.9370,0.0000,-0.3672,-0.3672,0.4121
27.608,1.0694,1.0694,-0.0232,-8.9329,-8.9329,0.0000,-0.3672,-0.3672,0.4120
27.611,1.0694,1.0694,-0.0231,-8.9285,-8.9285,0.0000,-0.3672,-0.3672,0.4119
27.614,1.0694,1.0694,-0.0231,-8.9233,-8.9233,0.0000,-0.3672,-0.3672,0.4119
27.618,1.0694,1.0694,-0.0230,-8.9163,-8.9163,0.0000,-0.3672,-0.3672,0.4118
27.621,1.0694,1.0694,-0.0230,-8.9089,-8.9089,0.0000,-0.3672,-0.3672,0.4117
27.624,1.0679,1.0679,-0.0229,-8.8989,-8.8989,0.0000,-0.2660,-0.2660,0.4116
27.630,1.0679,1.0679,-0.0229,-8.8834,-8.8834,0.0000,-0.2660,-0.2660,0.4116
27.635,1.0679,1.0679,-0.0228,-8.8666,-8.8666,0.0000,-0.2660,-0.2660,0.4115
27.639,1.0679,1.0679,-0.0228,-8.8531,-8.8531,0.0000,-0.2660,-0.2660,0.4114
27.643,1.0662,1.0662,-0.0227,-8.8370,-8.8370,0.0000,-0.2480,-0.2480,0.4113
27.647,1.0662,1.0662,-0.0227,-8.8226,-8.8226,0.0000,-0.2480,-0.2480,0.4112
27.651,1.0662,1.0662,-0.0226,-8.8093,-8.8093,0.0000,-0.2480,-0.2480,0.4111
27.656,1.0662,1.0662,-0.0226,-8.7913,-8.7913,0.0000,-0.2480,-0.2480,0.4111
27.664,1.0652,1.0652,-0.0225,-8.7518,-8.7518,0.0000,-0.1458,-0.1458,0.4110
27.669,1.0652,1.0652,-0.0225,-8.7310,-8.7310,0.0000,-0.1458,-0.1458,0.4109
27.674,1.0652,1.0652,-0.0224,-8.7140,-8.7140,0.0000,-0.1458,-0.1458,0.4108
27.677,1.0652,1.0652,-0.0223,-8.6979,-8.6979,0.0000,-0.1458,-0.1458,0.4108
27.681,1.0652,1.0652,-0.0223,-8.6841,-8.6841,0.0000,-0.1458,-0.1458,0.4107
27.685,1.0645,1.0645,-0.0223,-8.6568,-8.6568,0.0000,-0.0381,-0.0381,0.4107
27.690,1.0645,1.0645,-0.0222,-8.6324,-8.6324,0.0000,-0.0381,-0.0381,0.4107
27.695,1.0645,1.0645,-0.0222,-8.6097,-8.6097,0.0000,-0.0381,-0.0381,0.4107
27.700,1.0645,1.0645,-0.0221,-8.5835,-8.5835,0.0000,-0.0381,-0.0381,0.4106
27.706,1.0639,1.0639,-0.0221,-8.5428,-8.5428,0.0000,0.0596,0.0596,0.4106
27.711,1.0639,1.0639,-0.0220,-8.5188,-8.5188,0.0000,0.0596,0.0596,0.4106
27.714,1.0639,1.0639,-0.0219,-8.4996,-8.4996,0.0000,0.0596,0.0596,0.4106
27.719,1.0639,1.0639,-0.0219,-8.4786,-8.4786,0.0000,0.0596,0.0596,0.4106
27.724,1.0628,1.0628,-0.0219,-8.4370,-8.4370,0.0000,0.0998,0.0998,0.4106
27.728,1.0628,1.0628,-0.0218,-8.4152,-8.4152,0.0000,0.0998,0.0998,0.4106
27.732,1.0628,1.0628,-0.0218,-8.3978,-8.3978,0.0000,0.0998,0.0998,0.4106
27.737,1.0628,1.0628,-0.0217,-8.3727,-8.3727,0.0000,0.0998,0.0998,0.4106
27.741,1.0628,1.0628,-0.0217,-8.3514,-8.3514,0.0000,0.0998,0.0998,0.4106
27.744,1.0619,1.0619,-0.0216,-8.3206,-8.3206,0.0000,0.1448,0.1448,0.4106
27.748,1.0619,1.0619,-0.0216,-8.3005,-8.3005,0.0000,0.1448,0.1448,0.4106
27.752,1.0619,1.0619,-0.0216,-8.2811,-8.2811,0.0000,0.1448,0.1448,0.4106
27.755,1.0619,1.0619,-0.0215,-8.2644,-8.2644,0.0000,0.1448,0.1448,0.4107
27.758,1.0619,1.0619,-0.0215,-8.2483,-8.2483,0.0000,0.1448,0.1448,0.4107
27.762,1.0619,1.0619,-0.0214,-8.2322,-8.2322,0.0000,0.1448,0.1448,0.4107
27.766,1.0610,1.0610,-0.0214,-8.1950,-8.1950,0.0000,0.1743,0.1743,0.4107
27.775,1.0610,1.0610,-0.0214,-8.1501,-8.1501,0.0000,0.1743,0.1743,0.4107
27.779,1.0610,1.0610,-0.0213,-8.1317,-8.1317,0.0000,0.1743,0.1743,0.4107
27.782,1.0610,1.0610,-0.0213,-8.1140,-8.1140,0.0000,0.1743,0.1743,0.4108
27.786,1.0613,1.0613,-0.0212,-8.0649,-8.0649,0.0000,0.3360,0.3360,0.4108
27.790,1.0613,1.0613,-0.0212,-8.0449,-8.0449,0.0000,0.3360,0.3360,0.4108
27.793,1.0613,1.0613,-0.0211,-8.0286,-8.0286,0.0000,0.3360,0.3360,0.4109
27.796,1.0613,1.0613,-0.0211,-8.0116,-8.0116,0.0000,0.3360,0.3360,0.4109
27.801,1.0613,1.0613,-0.0211,-7.9883,-7.9883,0.0000,0.3360,0.3360,0.4110
27.805,1.0616,1.0616,-0.0210,-7.9355,-7.9355,0.0000,0.4919,0.4919,0.4110
27.809,1.0616,1.0616,-0.0210,-7.9151,-7.9151,0.0000,0.4919,0.4919,0.4111
27.812,1.0616,1.0616,-0.0210,-7.8980,-7.8980,0.0000,0.4919,0.4919,0.4112
27.816,1.0616,1.0616,-0.0209,-7.8793,-7.8793,0.0000,0.4919,0.4919,0.4112
27.820,1.0616,1.0616,-0.0209,-7.8598,-7.8598,0.0000,0.4919,0.4919,0.4113
27.823,1.0599,1.0599,-0.0209,-7.8411,-7.8411,0.0000,0.4052,0.4052,0.4114
27.827,1.0599,1.0599,-0.0208,-7.8215,-7.8215,0.0000,0.4052,0.4052,0.4114
27.831,1.0599,1.0599,-0.0208,-7.8015,-7.8015,0.0000,0.4052,0.4052,0.4115
27.835,1.0599,1.0599,-0.0208,-7.7822,-7.7822,0.0000,0.4052,0.4052,0.4115
27.838,1.0599,1.0599,-0.0207,-7.7650,-7.7650,0.0000,0.4052,0.4052,0.4116
27.842,1.0599,1.0599,-0.0207,-7.7496,-7.7496,0.0000,0.4052,0.4052,0.4117
27.845,1.0603,1.0603,-0.0207,-7.6947,-7.6947,0.0000,0.5673,0.5673,0.4117
27.851,1.0603,1.0603,-0.0206,-7.6671,-7.6671,0.0000,0.5673,0.5673,0.4118
27.856,1.0603,1.0603,-0.0206,-7.6440,-7.6440,0.0000,0.5673,0.5673,0.4119
27.860,1.0603,1.0603,-0.0205,-7.6237,-7.6237,0.0000,0.5673,0.5673,0.4120
27.865,1.0590,1.0590,-0.0205,-7.6005,-7.6005,0.0000,0.4955,0.4955,0.4121
27.871,1.0590,1.0590,-0.0204,-7.5730,-7.5730,0.0000,0.4955,0.4955,0.4122
27.878,1.0590,1.0590,-0.0204,-7.5400,-7.5400,0.0000,0.4955,0.4955,0.4123
27.882,1.0590,1.0590,-0.0203,-7.5248,-7.5248,0.0000,0.4955,0.4955,0.4125
27.886,1.0587,1.0587,-0.0203,-7.4858,-7.4858,0.0000,0.5505,0.5505,0.4125
27.890,1.0587,1.0587,-0.0203,-7.4671,-7.4671,0.0000,0.5505,0.5505,0.4126
27.894,1.0587,1.0587,-0.0202,-7.4496,-7.4496,0.0000,0.5505,0.5505,0.4127
27.897,1.0587,1.0587,-0.0202,-7.4343,-7.4343,0.0000,0.5505,0.5505,0.4128
27.901,1.0587,1.0587,-0.0202,-7.4178,-7.4178,0.0000,0.5505,0.5505,0.4129
27.905,1.0585,1.0585,-0.0201,-7.3803,-7.3803,0.0000,0.6179,0.6179,0.4130
27.909,1.0585,1.0585,-0.0201,-7.3635,-7.3635,0.0000,0.6179,0.6179,0.4130
27.912,1.0585,1.0585,-0.0201,-7.3485,-7.3485,0.0000,0.6179,0.6179,0.4131
27.916,1.0585,1.0585,-0.0200,-7.3328,-7.3328,0.0000,0.6179,0.6179,0.4132
27.920,1.0585,1.0585,-0.0200,-7.3164,-7.3164,0.0000,0.6179,0.6179,0.4133
27.924,1.0585,1.0585,-0.0200,-7.2749,-7.2749,0.0000,0.7057,0.7057,0.4134
27.928,1.0585,1.0585,-0.0199,-7.2574,-7.2574,0.0000,0.7057,0.7057,0.4135
27.931,1.0585,1.0585,-0.0199,-7.2440,-7.2440,0.0000,0.7057,0.7057,0.4136
27.935,1.0585,1.0585,-0.0199,-7.2297,-7.2297,0.0000,0.7057,0.7057,0.4137
27.939,1.0585,1.0585,-0.0198,-7.2153,-7.2153,0.0000,0.7057,0.7057,0.4138
27.942,1.0585,1.0585,-0.0198,-7.2025,-7.2025,0.0000,0.7057,0.7057,0.4139
27.945,1.0576,1.0576,-0.0198,-7.1857,-7.1857,0.0000,0.6720,0.6720,0.4140
27.949,1.0576,1.0576,-0.0198,-7.1708,-7.1708,0.0000,0.6720,0.6720,0.4141
27.953,1.0576,1.0576,-0.0197,-7.1559,-7.1559,0.0000,0.6720,0.6720,0.4142
27.957,1.0576,1.0576,-0.0197,-7.1405,-7.1405,0.0000,0.6720,0.6720,0.4143
27.960,1.0576,1.0576,-0.0197,-7.1277,-7.1277,0.0000,0.6720,0.6720,0.4144
27.964,1.0566,1.0566,-0.0196,-7.1146,-7.1146,0.0000,0.6309,0.6309,0.4145
27.968,1.0566,1.0566,-0.0196,-7.0989,-7.0989,0.0000,0.6309,0.6309,0.4146
27.972,1.0566,1.0566,-0.0196,-7.0832,-7.0832,0.0000,0.6309,0.6309,0.4147
27.979,1.0566,1.0566,-0.0195,-7.0598,-7.0598,0.0000,0.6309,0.6309,0.4148
27.983,1.0568,1.0568,-0.0195,-7.0324,-7.0324,0.0000,0.7180,0.7180,0.4149
27.987,1.0568,1.0568,-0.0195,-7.0172,-7.0172,0.0000,0.7180,0.7180,0.4150
27.990,1.0568,1.0568,-0.0194,-7.0063,-7.0063,0.0000,0.7180,0.7180,0.4151
27.994,1.0568,1.0568,-0.0194,-6.9956,-6.9956,0.0000,0.7180,0.7180,0.4152
27.997,1.0569,1.0569,-0.0194,-6.9845,-6.9845,0.0000,0.7180,0.7180,0.4153
28.003,1.0574,1.0574,-0.0194,-6.9526,-6.9526,0.0000,0.8014,0.8014,0.4154
28.009,1.0580,1.0580,-0.0193,-6.9326,-6.9326,0.0000,0.8014,0.8014,0.4156
28.013,1.0587,1.0587,-0.0193,-6.9221,-6.9221,0.0000,0.8014,0.8014,0.4158
28.016,1.0596,1.0596,-0.0192,-6.9110,-6.9110,0.0000,0.8014,0.8014,0.4159
28.020,1.0611,1.0611,-0.0192,-6.8984,-6.8984,0.0000,0.8014,0.8014,0.4160
28.023,1.0615,1.0615,-0.0192,-6.8929,-6.8929,0.0000,0.7535,0.7535,0.4161
28.030,1.0661,1.0661,-0.0192,-6.8702,-6.8702,0.0000,0.7535,0.7535,0.4162
28.034,1.0693,1.0693,-0.0191,-6.8579,-6.8579,0.0000,0.7535,0.7535,0.4164
28.038,1.0726,1.0726,-0.0191,-6.8472,-6.8472,0.0000,0.7535,0.7535,0.4165
28.041,1.0761,1.0761,-0.0190,-6.8376,-6.8376,0.0000,0.7535,0.7535,0.4166
28.044,1.0810,1.0810,-0.0190,-6.8196,-6.8196,0.0000,0.8719,0.8719,0.4167
28.048,1.0863,1.0863,-0.0190,-6.8081,-6.8081,0.0000,0.8719,0.8719,0.4168
28.052,1.0924,1.0924,-0.0190,-6.7964,-6.7964,0.0000,0.8719,0.8719,0.4169
28.056,1.0985,1.0985,-0.0189,-6.7860,-6.7860,0.0000,0.8719,0.8719,0.4170
28.059,1.1041,1.1041,-0.0189,-6.7773,-6.7773,0.0000,0.8719,0.8719,0.4172
28.063,1.1121,1.1121,-0.0189,-6.7709,-6.7709,0.0000,0.8358,0.8358,0.4173
28.069,1.1235,1.1235,-0.0188,-6.7565,-6.7565,0.0000,0.8358,0.8358,0.4174
28.072,1.1312,1.1312,-0.0188,-6.7478,-6.7478,0.0000,0.8358,0.8358,0.4176
28.076,1.1421,1.1421,-0.0187,-6.7363,-6.7363,0.0000,0.8358,0.8358,0.4177
28.084,1.1627,1.1627,-0.0187,-6.7158,-6.7158,0.0000,0.9387,0.9387,0.4178
28.088,1.1766,1.1766,-0.0186,-6.7041,-6.7041,0.0000,0.9387,0.9387,0.4180
28.093,1.1910,1.1910,-0.0185,-6.6928,-6.6928,0.0000,0.9387,0.9387,0.4182
28.096,1.2024,1.2024,-0.0185,-6.6844,-6.6844,0.0000,0.9387,0.9387,0.4184
28.100,1.2149,1.2149,-0.0184,-6.6757,-6.6757,0.0000,0.9387,0.9387,0.4185
28.104,1.2241,1.2241,-0.0184,-6.6854,-6.6854,0.0000,0.7341,0.7341,0.4186
28.108,1.2386,1.2386,-0.0183,-6.6761,-6.6761,0.0000,0.7341,0.7341,0.4187
28.111,1.2511,1.2511,-0.0182,-6.6686,-6.6686,0.0000,0.7341,0.7341,0.4188
28.114,1.2635,1.2635,-0.0182,-6.6614,-6.6614,0.0000,0.7341,0.7341,0.4189
28.118,1.2778,1.2778,-0.0181,-6.6533,-6.6533,0.0000,0.7341,0.7341,0.4189
28.121,1.2916,1.2916,-0.0181,-6.6458,-6.6458,0.0000,0.7341,0.7341,0.4190
28.126,1.3084,1.3084,-0.0180,-6.6461,-6.6461,0.0000,0.6991,0.6991,0.4191
28.130,1.3261,1.3261,-0.0179,-6.6372,-6.6372,0.0000,0.6991,0.6991,0.4192
28.133,1.3414,1.3414,-0.0179,-6.6298,-6.6298,0.0000,0.6991,0.6991,0.4193
28.137,1.3577,1.3577,-0.0178,-6.6222,-6.6222,0.0000,0.6991,0.6991,0.4194
28.140,1.3740,1.3740,-0.0177,-6.6148,-6.6148,0.0000,0.6991,0.6991,0.4194
28.144,1.3897,1.3897,-0.0176,-6.6179,-6.6179,0.0000,0.6622,0.6622,0.4195
28.148,1.4087,1.4087,-0.0176,-6.6098,-6.6098,0.0000,0.6622,0.6622,0.4196
28.153,1.4323,1.4323,-0.0175,-6.6002,-6.6002,0.0000,0.6622,0.6622,0.4197
28.158,1.4594,1.4594,-0.0173,-6.5897,-6.5897,0.0000,0.6622,0.6622,0.4198
28.162,1.4766,1.4766,-0.0172,-6.5833,-6.5833,0.0000,0.6622,0.6622,0.4199
28.165,1.4919,1.4919,-0.0171,-6.5884,-6.5884,0.0000,0.6320,0.6320,0.4199
28.169,1.5140,1.5140,-0.0170,-6.5807,-6.5807,0.0000,0.6320,0.6320,0.4200
28.173,1.5308,1.5308,-0.0169,-6.5751,-6.5751,0.0000,0.6320,0.6320,0.4201
28.176,1.5478,1.5478,-0.0168,-6.5696,-6.5696,0.0000,0.6320,0.6320,0.4201
28.183,1.5875,1.5875,-0.0167,-6.5650,-6.5650,0.0000,0.7687,0.7687,0.4202
28.192,1.6315,1.6315,-0.0165,-6.5521,-6.5521,0.0000,0.7687,0.7687,0.4204
28.195,1.6507,1.6507,-0.0162,-6.5467,-6.5467,0.0000,0.7687,0.7687,0.4206
28.198,1.6676,1.6676,-0.0161,-6.5421,-6.5421,0.0000,0.7687,0.7687,0.4206
28.202,1.6880,1.6880,-0.0160,-6.5367,-6.5367,0.0000,0.7687,0.7687,0.4207
28.206,1.7055,1.7055,-0.0158,-6.5426,-6.5426,0.0000,0.7485,0.7485,0.4208
28.209,1.7258,1.7258,-0.0157,-6.5375,-6.5375,0.0000,0.7485,0.7485,0.4209
28.213,1.7426,1.7426,-0.0156,-6.5334,-6.5334,0.0000,0.7485,0.7485,0.4210
28.216,1.7617,1.7617,-0.0155,-6.5288,-6.5288,0.0000,0.7485,0.7485,0.4210
28.221,1.7855,1.7855,-0.0153,-6.5231,-6.5231,0.0000,0.7485,0.7485,0.4211
28.224,1.8037,1.8037,-0.0151,-6.5284,-6.5284,0.0000,0.7222,0.7222,0.4212
28.228,1.8244,1.8244,-0.0150,-6.5237,-6.5237,0.0000,0.7222,0.7222,0.4213
28.231,1.8422,1.8422,-0.0148,-6.5196,-6.5196,0.0000,0.7222,0.7222,0.4214
28.235,1.8620,1.8620,-0.0147,-6.5152,-6.5152,0.0000,0.7222,0.7222,0.4214
28.238,1.8799,1.8799,-0.0145,-6.5113,-6.5113,0.0000,0.7222,0.7222,0.4215
28.242,1.8969,1.8969,-0.0144,-6.5075,-6.5075,0.0000,0.7222,0.7222,0.4216
28.245,1.9142,1.9142,-0.0143,-6.5163,-6.5163,0.0000,0.5490,0.5490,0.4217
28.249,1.9350,1.9350,-0.0141,-6.5118,-6.5118,0.0000,0.5490,0.5490,0.4217
28.252,1.9538,1.9538,-0.0139,-6.5078,-6.5078,0.0000,0.5490,0.5490,0.4217
28.256,1.9702,1.9702,-0.0138,-6.5044,-6.5044,0.0000,0.5490,0.5490,0.4218
28.259,1.9870,1.9870,-0.0136,-6.5009,-6.5009,0.0000,0.5490,0.5490,0.4218
28.262,2.0047,2.0047,-0.0134,-6.4973,-6.4973,0.0000,0.5490,0.5490,0.4218
28.267,2.0269,2.0269,-0.0133,-6.4989,-6.4989,0.0000,0.5423,0.5423,0.4219
28.271,2.0486,2.0486,-0.0131,-6.4948,-6.4948,0.0000,0.5423,0.5423,0.4219
28.274,2.0651,2.0651,-0.0128,-6.4917,-6.4917,0.0000,0.5423,0.5423,0.4220
28.278,2.0818,2.0818,-0.0127,-6.4887,-6.4887,0.0000,0.5423,0.5423,0.4220
28.281,2.0986,2.0986,-0.0125,-6.4856,-6.4856,0.0000,0.5423,0.5423,0.4221
28.285,2.1181,2.1181,-0.0123,-6.4868,-6.4868,0.0000,0.5220,0.5220,0.4221
28.289,2.1369,2.1369,-0.0121,-6.4837,-6.4837,0.0000,0.5220,0.5220,0.4221
28.294,2.1582,2.1582,-0.0119,-6.4802,-6.4802,0.0000,0.5220,0.5220,0.4222
28.303,2.2021,2.2021,-0.0116,-6.4853,-6.4853,0.0000,0.3558,0.3558,0.4222
28.309,2.2294,2.2294,-0.0111,-6.4812,-6.4812,0.0000,0.3558,0.3558,0.4222
28.314,2.2504,2.2504,-0.0108,-6.4782,-6.4782,0.0000,0.3558,0.3558,0.4222
28.318,2.2685,2.2685,-0.0105,-6.4757,-6.4757,0.0000,0.3558,0.3558,0.4222
28.322,2.2839,2.2839,-0.0103,-6.4736,-6.4736,0.0000,0.3558,0.3558,0.4223
28.326,2.2989,2.2989,-0.0100,-6.4514,-6.4514,0.0000,0.6044,0.6044,0.4223
28.330,2.3161,2.3161,-0.0098,-6.4491,-6.4491,0.0000,0.6044,0.6044,0.4223
28.336,2.3421,2.3421,-0.0095,-6.4457,-6.4457,0.0000,0.6044,0.6044,0.4224
28.340,2.3562,2.3562,-0.0091,-6.4438,-6.4438,0.0000,0.6044,0.6044,0.4225
28.343,2.3700,2.3700,-0.0089,-6.4557,-6.4557,0.0000,0.4201,0.4201,0.4225
28.347,2.3847,2.3847,-0.0087,-6.4538,-6.4538,0.0000,0.4201,0.4201,0.4225
28.351,2.3982,2.3982,-0.0085,-6.4520,-6.4520,0.0000,0.4201,0.4201,0.4225
28.363,2.4404,2.4404,-0.0082,-6.4447,-6.4447,0.0000,0.3806,0.3806,0.4226
28.373,2.4760,2.4760,-0.0075,-6.4401,-6.4401,0.0000,0.3806,0.3806,0.4226
28.385,2.5123,2.5123,-0.0068,-6.4143,-6.4143,0.0000,0.5054,0.5054,0.4226
28.393,2.5335,2.5335,-0.0060,-6.4119,-6.4119,0.0000,0.5054,0.5054,0.4227
28.398,2.5476,2.5476,-0.0055,-6.4104,-6.4104,0.0000,0.5054,0.5054,0.4228
28.404,2.5650,2.5650,-0.0052,-6.4207,-6.4207,0.0000,0.3383,0.3383,0.4228
28.412,2.5841,2.5841,-0.0047,-6.4190,-6.4190,0.0000,0.3383,0.3383,0.4228
28.415,2.5922,2.5922,-0.0042,-6.4184,-6.4184,0.0000,0.3383,0.3383,0.4228
28.419,2.6009,2.6009,-0.0040,-6.4177,-6.4177,0.0000,0.3383,0.3383,0.4228
28.423,2.6090,2.6090,-0.0037,-6.3913,-6.3913,0.0000,0.4690,0.4690,0.4228
28.428,2.6187,2.6187,-0.0034,-6.3907,-6.3907,0.0000,0.4690,0.4690,0.4228
28.431,2.6259,2.6259,-0.0031,-6.3902,-6.3902,0.0000,0.4690,0.4690,0.4229
28.435,2.6333,2.6333,-0.0029,-6.3896,-6.3896,0.0000,0.4690,0.4690,0.4229
28.438,2.6399,2.6399,-0.0026,-6.3891,-6.3891,0.0000,0.4690,0.4690,0.4229
28.441,2.6460,2.6460,-0.0024,-6.3887,-6.3887,0.0000,0.4690,0.4690,0.4229
28.445,2.6513,2.6513,-0.0022,-6.3802,-6.3802,0.0000,0.4641,0.4641,0.4229
28.448,2.6580,2.6580,-0.0020,-6.3797,-6.3797,0.0000,0.4641,0.4641,0.4230
28.453,2.6658,2.6658,-0.0017,-6.3790,-6.3790,0.0000,0.4641,0.4641,0.4230
28.458,2.6737,2.6737,-0.0014,-6.3782,-6.3782,0.0000,0.4641,0.4641,0.4230
28.463,2.6804,2.6804,-0.0010,-6.3775,-6.3775,0.0000,0.4641,0.4641,0.4230
28.466,2.6851,2.6851,-0.0007,-6.3703,-6.3703,0.0000,0.4557,0.4557,0.4231
28.470,2.6908,2.6908,-0.0005,-6.3698,-6.3698,0.0000,0.4557,0.4557,0.4231
28.474,2.6951,2.6951,-0.0002,-6.3694,-6.3694,0.0000,0.4557,0.4557,0.4231
28.477,2.6991,2.6991,0.0001,-6.3691,-6.3691,0.0000,0.4557,0.4557,0.4231
28.480,2.7028,2.7028,0.0003,-6.3688,-6.3688,0.0000,0.4557,0.4557,0.4231
28.487,2.7096,2.7096,0.0005,-6.3639,-6.3639,0.0000,0.4399,0.4399,0.4232
28.491,2.7138,2.7138,0.0010,-6.3637,-6.3637,0.0000,0.4399,0.4399,0.4232
28.494,2.7167,2.7167,0.0013,-6.3636,-6.3636,0.0000,0.4399,0.4399,0.4232
28.498,2.7195,2.7195,0.0015,-6.3634,-6.3634,0.0000,0.4399,0.4399,0.4232
28.501,2.7224,2.7224,0.0017,-6.3633,-6.3633,0.0000,0.4399,0.4399,0.4232
28.505,2.7242,2.7242,0.0020,-6.3618,-6.3618,0.0000,0.4142,0.4142,0.4233
28.510,2.7275,2.7275,0.0022,-6.3618,-6.3618,0.0000,0.4142,0.4142,0.4233
28.518,2.7320,2.7320,0.0025,-6.3621,-6.3621,0.0000,0.4142,0.4142,0.4233
28.522,2.7339,2.7339,0.0031,-6.3623,-6.3623,0.0000,0.4142,0.4142,0.4233
28.526,2.7346,2.7346,0.0034,-6.3641,-6.3641,0.0000,0.3758,0.3758,0.4233
28.530,2.7359,2.7359,0.0036,-6.3643,-6.3643,0.0000,0.3758,0.3758,0.4233
28.534,2.7368,2.7368,0.0039,-6.3645,-6.3645,0.0000,0.3758,0.3758,0.4233
28.537,2.7375,2.7375,0.0041,-6.3647,-6.3647,0.0000,0.3758,0.3758,0.4233
28.541,2.7380,2.7380,0.0044,-6.3649,-6.3649,0.0000,0.3758,0.3758,0.4233
28.544,2.7374,2.7374,0.0046,-6.3695,-6.3695,0.0000,0.3245,0.3245,0.4233
28.548,2.7375,2.7375,0.0048,-6.3696,-6.3696,0.0000,0.3245,0.3245,0.4233
28.552,2.7374,2.7374,0.0051,-6.3697,-6.3697,0.0000,0.3245,0.3245,0.4233
28.555,2.7371,2.7371,0.0053,-6.3698,-6.3698,0.0000,0.3245,0.3245,0.4233
28.558,2.7366,2.7366,0.0056,-6.3698,-6.3698,0.0000,0.3245,0.3245,0.4233
28.562,2.7360,2.7360,0.0058,-6.3699,-6.3699,0.0000,0.3245,0.3245,0.4233
28.565,2.7342,2.7342,0.0060,-6.3768,-6.3768,0.0000,0.2605,0.2605,0.4233
28.569,2.7329,2.7329,0.0062,-6.3769,-6.3769,0.0000,0.2605,0.2605,0.4233
28.573,2.7318,2.7318,0.0065,-6.3771,-6.3771,0.0000,0.2605,0.2605,0.4233
28.576,2.7304,2.7304,0.0067,-6.3771,-6.3771,0.0000,0.2605,0.2605,0.4233
28.580,2.7289,2.7289,0.0069,-6.3773,-6.3773,0.0000,0.2605,0.2605,0.4233
28.583,2.7258,2.7258,0.0072,-6.3860,-6.3860,0.0000,0.1865,0.1865,0.4232
28.587,2.7236,2.7236,0.0074,-6.3862,-6.3862,0.0000,0.1865,0.1865,0.4232
28.591,2.7217,2.7217,0.0076,-6.3864,-6.3864,0.0000,0.1865,0.1865,0.4232
28.594,2.7196,2.7196,0.0078,-6.3866,-6.3866,0.0000,0.1865,0.1865,0.4232
28.597,2.7174,2.7174,0.0080,-6.3869,-6.3869,0.0000,0.1865,0.1865,0.4231
28.601,2.7147,2.7147,0.0082,-6.3872,-6.3872,0.0000,0.1865,0.1865,0.4231
28.605,2.7110,2.7110,0.0085,-6.3967,-6.3967,0.0000,0.2223,0.2223,0.4231
28.611,2.7061,2.7061,0.0087,-6.3972,-6.3972,0.0000,0.2223,0.2223,0.4230
28.617,2.6998,2.6998,0.0091,-6.3979,-6.3979,0.0000,0.2223,0.2223,0.4230
28.626,2.6898,2.6898,0.0095,-6.4085,-6.4085,0.0000,0.1490,0.1490,0.4230
28.630,2.6847,2.6847,0.0099,-6.4090,-6.4090,0.0000,0.1490,0.1490,0.4229
28.637,2.6771,2.6771,0.0102,-6.4096,-6.4096,0.0000,0.1490,0.1490,0.4228
28.641,2.6721,2.6721,0.0106,-6.4100,-6.4100,0.0000,0.1490,0.1490,0.4228
28.644,2.6662,2.6662,0.0108,-6.4194,-6.4194,0.0000,0.0722,0.0722,0.4227
28.648,2.6613,2.6613,0.0110,-6.4198,-6.4198,0.0000,0.0722,0.0722,0.4227
28.652,2.6557,2.6557,0.0112,-6.4202,-6.4202,0.0000,0.0722,0.0722,0.4226
28.656,2.6501,2.6501,0.0114,-6.4204,-6.4204,0.0000,0.0722,0.0722,0.4226
28.659,2.6456,2.6456,0.0117,-6.4206,-6.4206,0.0000,0.0722,0.0722,0.4225
28.662,2.6409,2.6409,0.0118,-6.4208,-6.4208,0.0000,0.0722,0.0722,0.4225
28.666,2.6342,2.6342,0.0120,-6.4292,-6.4292,0.0000,-0.0081,-0.0081,0.4225
28.671,2.6264,2.6264,0.0122,-6.4298,-6.4298,0.0000,-0.0081,-0.0081,0.4224
28.675,2.6205,2.6205,0.0125,-6.4300,-6.4300,0.0000,-0.0081,-0.0081,0.4223
28.678,2.6148,2.6148,0.0126,-6.4304,-6.4304,0.0000,-0.0081,-0.0081,0.4223
28.682,2.6088,2.6088,0.0128,-6.4308,-6.4308,0.0000,-0.0081,-0.0081,0.4222
28.685,2.6009,2.6009,0.0130,-6.4373,-6.4373,0.0000,-0.0966,-0.0966,0.4221
28.689,2.5944,2.5944,0.0132,-6.4376,-6.4376,0.0000,-0.0966,-0.0966,0.4221
28.692,2.5888,2.5888,0.0134,-6.4379,-6.4379,0.0000,-0.0966,-0.0966,0.4220
28.696,2.5816,2.5816,0.0135,-6.4384,-6.4384,0.0000,-0.0966,-0.0966,0.4219
28.701,2.5731,2.5731,0.0137,-6.4390,-6.4390,0.0000,-0.0966,-0.0966,0.4218
28.704,2.5654,2.5654,0.0140,-6.4430,-6.4430,0.0000,-0.1898,-0.1898,0.4217
28.708,2.5582,2.5582,0.0141,-6.4433,-6.4433,0.0000,-0.1898,-0.1898,0.4217
28.711,2.5521,2.5521,0.0143,-6.4436,-6.4436,0.0000,-0.1898,-0.1898,0.4216
28.715,2.5457,2.5457,0.0145,-6.4440,-6.4440,0.0000,-0.1898,-0.1898,0.4215
28.719,2.5364,2.5364,0.0146,-6.4445,-6.4445,0.0000,-0.1898,-0.1898,0.4214
28.726,2.5205,2.5205,0.0148,-6.4556,-6.4556,0.0000,-0.1859,-0.1859,0.4213
28.730,2.5120,2.5120,0.0151,-6.4561,-6.4561,0.0000,-0.1859,-0.1859,0.4211
28.734,2.5038,2.5038,0.0153,-6.4565,-6.4565,0.0000,-0.1859,-0.1859,0.4210
28.737,2.4964,2.4964,0.0155,-6.4570,-6.4570,0.0000,-0.1859,-0.1859,0.4209
28.741,2.4889,2.4889,0.0156,-6.4573,-6.4573,0.0000,-0.1859,-0.1859,0.4208
28.744,2.4794,2.4794,0.0158,-6.4559,-6.4559,0.0000,-0.2742,-0.2742,0.4208
28.748,2.4709,2.4709,0.0159,-6.4563,-6.4563,0.0000,-0.2742,-0.2742,0.4207
28.752,2.4624,2.4624,0.0161,-6.4568,-6.4568,0.0000,-0.2742,-0.2742,0.4205
28.755,2.4545,2.4545,0.0162,-6.4571,-6.4571,0.0000,-0.2742,-0.2742,0.4204
28.760,2.4436,2.4436,0.0164,-6.4575,-6.4575,0.0000,-0.2742,-0.2742,0.4203
28.764,2.4317,2.4317,0.0165,-6.4509,-6.4509,0.0000,-0.3775,-0.3775,0.4202
28.769,2.4216,2.4216,0.0167,-6.4512,-6.4512,0.0000,-0.3775,-0.3775,0.4201
28.772,2.4137,2.4137,0.0169,-6.4516,-6.4516,0.0000,-0.3775,-0.3775,0.4199
28.776,2.4049,2.4049,0.0170,-6.4520,-6.4520,0.0000,-0.3775,-0.3775,0.4198
28.782,2.3886,2.3886,0.0171,-6.4528,-6.4528,0.0000,-0.3775,-0.3775,0.4197
28.791,2.3640,2.3640,0.0174,-6.4340,-6.4340,0.0000,-0.5567,-0.5567,0.4195
28.795,2.3529,2.3529,0.0177,-6.4343,-6.4343,0.0000,-0.5567,-0.5567,0.4191
28.799,2.3439,2.3439,0.0178,-6.4348,-6.4348,0.0000,-0.5567,-0.5567,0.4189
28.803,2.3302,2.3302,0.0179,-6.4275,-6.4275,0.0000,-0.5932,-0.5932,0.4188
28.807,2.3197,2.3197,0.0180,-6.4281,-6.4281,0.0000,-0.5932,-0.5932,0.4186
28.810,2.3108,2.3108,0.0182,-6.4285,-6.4285,0.0000,-0.5932,-0.5932,0.4185
28.814,2.3005,2.3005,0.0183,-6.4288,-6.4288,0.0000,-0.5932,-0.5932,0.4183
28.818,2.2877,2.2877,0.0184,-6.4294,-6.4294,0.0000,-0.5932,-0.5932,0.4182
28.823,2.2766,2.2766,0.0185,-6.4298,-6.4298,0.0000,-0.5932,-0.5932,0.4180
28.830,2.2518,2.2518,0.0186,-6.4102,-6.4102,0.0000,-0.7005,-0.7005,0.4178
28.839,2.2272,2.2272,0.0188,-6.4110,-6.4110,0.0000,-0.7005,-0.7005,0.4175
28.843,2.2093,2.2093,0.0191,-6.3904,-6.3904,0.0000,-0.7665,-0.7665,0.4171
28.847,2.1975,2.1975,0.0192,-6.3908,-6.3908,0.0000,-0.7665,-0.7665,0.4169
28.851,2.1849,2.1849,0.0193,-6.3912,-6.3912,0.0000,-0.7665,-0.7665,0.4167
28.855,2.1736,2.1736,0.0194,-6.3915,-6.3915,0.0000,-0.7665,-0.7665,0.4165
28.859,2.1636,2.1636,0.0195,-6.3919,-6.3919,0.0000,-0.7665,-0.7665,0.4163
28.862,2.1534,2.1534,0.0195,-6.3923,-6.3923,0.0000,-0.7665,-0.7665,0.4161
28.866,2.1348,2.1348,0.0196,-6.3656,-6.3656,0.0000,-0.8375,-0.8375,0.4159
28.872,2.1180,2.1180,0.0197,-6.3660,-6.3660,0.0000,-0.8375,-0.8375,0.4157
28.875,2.1066,2.1066,0.0198,-6.3663,-6.3663,0.0000,-0.8375,-0.8375,0.4154
28.879,2.0966,2.0966,0.0199,-6.3665,-6.3665,0.0000,-0.8375,-0.8375,0.4153
28.882,2.0867,2.0867,0.0199,-6.3668,-6.3668,0.0000,-0.8375,-0.8375,0.4151
28.886,2.0650,2.0650,0.0200,-6.3398,-6.3398,0.0000,-0.8577,-0.8577,0.4149
28.890,2.0525,2.0525,0.0201,-6.3401,-6.3401,0.0000,-0.8577,-0.8577,0.4147
28.893,2.0424,2.0424,0.0201,-6.3404,-6.3404,0.0000,-0.8577,-0.8577,0.4145
28.896,2.0325,2.0325,0.0202,-6.3406,-6.3406,0.0000,-0.8577,-0.8577,0.4143
28.900,2.0202,2.0202,0.0202,-6.3410,-6.3410,0.0000,-0.8577,-0.8577,0.4142
28.904,1.9994,1.9994,0.0203,-6.3036,-6.3036,0.0000,-0.9152,-0.9152,0.4140
28.908,1.9867,1.9867,0.0203,-6.3040,-6.3040,0.0000,-0.9152,-0.9152,0.4138
28.912,1.9723,1.9723,0.0204,-6.3044,-6.3044,0.0000,-0.9152,-0.9152,0.4136
28.918,1.9548,1.9548,0.0204,-6.3049,-6.3049,0.0000,-0.9152,-0.9152,0.4133
28.921,1.9435,1.9435,0.0205,-6.3052,-6.3052,0.0000,-0.9152,-0.9152,0.4131
28.924,1.9228,1.9228,0.0205,-6.2571,-6.2571,0.0000,-1.0123,-1.0123,0.4129
28.929,1.9081,1.9081,0.0205,-6.2576,-6.2576,0.0000,-1.0123,-1.0123,0.4127
28.934,1.8913,1.8913,0.0206,-6.2580,-6.2580,0.0000,-1.0123,-1.0123,0.4124
28.941,1.8663,1.8663,0.0206,-6.2586,-6.2586,0.0000,-1.0123,-1.0123,0.4122
28.945,1.8433,1.8433,0.0207,-6.2086,-6.2086,0.0000,-1.0664,-1.0664,0.4117
28.949,1.8297,1.8297,0.0207,-6.2089,-6.2089,0.0000,-1.0664,-1.0664,0.4115
28.952,1.8172,1.8172,0.0207,-6.2090,-6.2090,0.0000,-1.0664,-1.0664,0.4113
28.956,1.8062,1.8062,0.0207,-6.2091,-6.2091,0.0000,-1.0664,-1.0664,0.4111
28.959,1.7954,1.7954,0.0207,-6.2094,-6.2094,0.0000,-1.0664,-1.0664,0.4109
28.962,1.7844,1.7844,0.0207,-6.2097,-6.2097,0.0000,-1.0664,-1.0664,0.4107
28.965,1.7595,1.7595,0.0207,-6.1522,-6.1522,0.0000,-1.1268,-1.1268,0.4106
28.970,1.7437,1.7437,0.0207,-6.1527,-6.1527,0.0000,-1.1268,-1.1268,0.4103
28.973,1.7323,1.7323,0.0207,-6.1529,-6.1529,0.0000,-1.1268,-1.1268,0.4101
28.976,1.7211,1.7211,0.0207,-6.1531,-6.1531,0.0000,-1.1268,-1.1268,0.4099
28.980,1.7072,1.7072,0.0207,-6.1534,-6.1534,0.0000,-1.1268,-1.1268,0.4097
28.984,1.6795,1.6795,0.0207,-6.0874,-6.0874,0.0000,-1.2016,-1.2016,0.4095
28.988,1.6652,1.6652,0.0207,-6.0877,-6.0877,0.0000,-1.2016,-1.2016,0.4092
28.991,1.6531,1.6531,0.0207,-6.0880,-6.0880,0.0000,-1.2016,-1.2016,0.4090
28.995,1.6404,1.6404,0.0207,-6.0882,-6.0882,0.0000,-1.2016,-1.2016,0.4088
28.998,1.6281,1.6281,0.0206,-6.0885,-6.0885,0.0000,-1.2016,-1.2016,0.4085
29.002,1.6141,1.6141,0.0206,-6.0887,-6.0887,0.0000,-1.2016,-1.2016,0.4083
29.006,1.5869,1.5869,0.0206,-6.0159,-6.0159,0.0000,-1.2747,-1.2747,0.4081
29.009,1.5725,1.5725,0.0206,-6.0163,-6.0163,0.0000,-1.2747,-1.2747,0.4079
29.013,1.5600,1.5600,0.0205,-6.0165,-6.0165,0.0000,-1.2747,-1.2747,0.4076
29.016,1.5465,1.5465,0.0205,-6.0168,-6.0168,0.0000,-1.2747,-1.2747,0.4074
29.020,1.5332,1.5332,0.0205,-6.0171,-6.0171,0.0000,-1.2747,-1.2747,0.4072
29.023,1.5044,1.5044,0.0204,-5.9365,-5.9365,0.0000,-1.3558,-1.3558,0.4069
29.028,1.4882,1.4882,0.0204,-5.9368,-5.9368,0.0000,-1.3558,-1.3558,0.4067
29.031,1.4756,1.4756,0.0203,-5.9370,-5.9370,0.0000,-1.3558,-1.3558,0.4064
29.036,1.4572,1.4572,0.0203,-5.9374,-5.9374,0.0000,-1.3558,-1.3558,0.4062
29.043,1.4106,1.4106,0.0202,-5.8486,-5.8486,0.0000,-1.4493,-1.4493,0.4059
29.047,1.3947,1.3947,0.0201,-5.8488,-5.8488,0.0000,-1.4493,-1.4493,0.4053
29.051,1.3795,1.3795,0.0200,-5.8489,-5.8489,0.0000,-1.4493,-1.4493,0.4050
29.055,1.3660,1.3660,0.0200,-5.8492,-5.8492,0.0000,-1.4493,-1.4493,0.4048
29.058,1.3524,1.3524,0.0199,-5.8493,-5.8493,0.0000,-1.4493,-1.4493,0.4045
29.063,1.3167,1.3167,0.0198,-5.7537,-5.7537,0.0000,-1.5365,-1.5365,0.4043
29.069,1.2937,1.2937,0.0197,-5.7538,-5.7538,0.0000,-1.5365,-1.5365,0.4040
29.072,1.2795,1.2795,0.0196,-5.7539,-5.7539,0.0000,-1.5365,-1.5365,0.4035
29.075,1.2664,1.2664,0.0195,-5.7540,-5.7540,0.0000,-1.5365,-1.5365,0.4033
29.078,1.2533,1.2533,0.0195,-5.7539,-5.7539,0.0000,-1.5365,-1.5365,0.4030
29.082,1.2401,1.2401,0.0194,-5.7542,-5.7542,0.0000,-1.5365,-1.5365,0.4028
29.086,1.2057,1.2057,0.0193,-5.6475,-5.6475,0.0000,-1.6678,-1.6678,0.4026
29.093,1.1765,1.1765,0.0192,-5.6479,-5.6479,0.0000,-1.6678,-1.6678,0.4023
29.096,1.1621,1.1621,0.0190,-5.6481,-5.6481,0.0000,-1.6678,-1.6678,0.4017
29.100,1.1457,1.1457,0.0189,-5.6482,-5.6482,0.0000,-1.6678,-1.6678,0.4014
29.104,1.1111,1.1111,0.0188,-5.5355,-5.5355,0.0000,-1.7893,-1.7893,0.4011
29.108,1.0949,1.0949,0.0187,-5.5357,-5.5357,0.0000,-1.7893,-1.7893,0.4008
29.111,1.0813,1.0813,0.0186,-5.5359,-5.5359,0.0000,-1.7893,-1.7893,0.4005
29.114,1.0672,1.0672,0.0185,-5.5362,-5.5362,0.0000,-1.7893,-1.7893,0.4002
29.118,1.0517,1.0517,0.0184,-5.5364,-5.5364,0.0000,-1.7893,-1.7893,0.4000
29.121,1.0361,1.0361,0.0183,-5.5367,-5.5367,0.0000,-1.7893,-1.7893,0.3997
29.125,1.0014,1.0014,0.0182,-5.4182,-5.4182,0.0000,-1.8994,-1.8994,0.3994
29.138,0.9420,0.9420,0.0180,-5.4182,-5.4182,0.0000,-1.8994,-1.8994,0.3991
29.143,0.8964,0.8964,0.0175,-5.2940,-5.2940,0.0000,-1.9985,-1.9985,0.3980
29.152,0.8587,0.8587,0.0173,-5.2944,-5.2944,0.0000,-1.9985,-1.9985,0.3975
29.155,0.8423,0.8423,0.0170,-5.2944,-5.2944,0.0000,-1.9985,-1.9985,0.3967
29.159,0.8270,0.8270,0.0168,-5.2944,-5.2944,0.0000,-1.9985,-1.9985,0.3964
29.162,0.8119,0.8119,0.0167,-5.2944,-5.2944,0.0000,-1.9985,-1.9985,0.3961
29.165,0.7750,0.7750,0.0166,-5.1622,-5.1622,0.0000,-2.1151,-2.1151,0.3958
29.170,0.7542,0.7542,0.0164,-5.1621,-5.1621,0.0000,-2.1151,-2.1151,0.3955
29.173,0.7384,0.7384,0.0162,-5.1621,-5.1621,0.0000,-2.1151,-2.1151,0.3951
29.176,0.7231,0.7231,0.0160,-5.1620,-5.1620,0.0000,-2.1151,-2.1151,0.3948
29.180,0.7077,0.7077,0.0159,-5.1619,-5.1619,0.0000,-2.1151,-2.1151,0.3945
29.183,0.6686,0.6686,0.0157,-5.0249,-5.0249,0.0000,-2.2206,-2.2206,0.3942
29.187,0.6485,0.6485,0.0156,-5.0249,-5.0249,0.0000,-2.2206,-2.2206,0.3938
29.191,0.6325,0.6325,0.0154,-5.0250,-5.0250,0.0000,-2.2206,-2.2206,0.3934
29.194,0.6167,0.6167,0.0152,-5.0250,-5.0250,0.0000,-2.2206,-2.2206,0.3931
29.198,0.5958,0.5958,0.0150,-5.0253,-5.0253,0.0000,-2.2206,-2.2206,0.3928
29.202,0.5747,0.5747,0.0148,-5.0253,-5.0253,0.0000,-2.2206,-2.2206,0.3924
29.206,0.5366,0.5366,0.0146,-4.8822,-4.8822,0.0000,-2.3293,-2.3293,0.3920
29.210,0.5161,0.5161,0.0144,-4.8822,-4.8822,0.0000,-2.3293,-2.3293,0.3916
29.214,0.4919,0.4919,0.0142,-4.8821,-4.8821,0.0000,-2.3293,-2.3293,0.3912
29.219,0.4660,0.4660,0.0139,-4.8820,-4.8820,0.0000,-2.3293,-2.3293,0.3908
29.223,0.4263,0.4263,0.0137,-4.7348,-4.7348,0.0000,-2.4236,-2.4236,0.3903
29.227,0.4058,0.4058,0.0135,-4.7347,-4.7347,0.0000,-2.4236,-2.4236,0.3899
29.231,0.3827,0.3827,0.0132,-4.7344,-4.7344,0.0000,-2.4236,-2.4236,0.3895
29.235,0.3612,0.3612,0.0130,-4.7342,-4.7342,0.0000,-2.4236,-2.4236,0.3891
29.238,0.3420,0.3420,0.0127,-4.7339,-4.7339,0.0000,-2.4236,-2.4236,0.3887
29.245,0.2864,0.2864,0.0125,-4.5808,-4.5808,0.0000,-2.5252,-2.5252,0.3883
29.250,0.2548,0.2548,0.0121,-4.5803,-4.5803,0.0000,-2.5252,-2.5252,0.3877
29.257,0.2138,0.2138,0.0117,-4.5795,-4.5795,0.0000,-2.5252,-2.5252,0.3871
29.262,0.1892,0.1892,0.0113,-4.5792,-4.5792,0.0000,-2.5252,-2.5252,0.3863
29.265,0.1470,0.1470,0.0110,-4.4208,-4.4208,0.0000,-2.6352,-2.6352,0.3859
29.270,0.1212,0.1212,0.0107,-4.4202,-4.4202,0.0000,-2.6352,-2.6352,0.3855
29.273,0.1020,0.1020,0.0104,-4.4199,-4.4199,0.0000,-2.6352,-2.6352,0.3850
29.276,0.0829,0.0829,0.0102,-4.4197,-4.4197,0.0000,-2.6352,-2.6352,0.3846
29.280,0.0632,0.0632,0.0099,-4.4194,-4.4194,0.0000,-2.6352,-2.6352,0.3843
29.283,0.0203,0.0203,0.0097,-4.2595,-4.2595,0.0000,-2.7142,-2.7142,0.3839
29.287,-0.0056,-0.0056,0.0094,-4.2592,-4.2592,0.0000,-2.7142,-2.7142,0.3835
29.291,-0.0261,-0.0261,0.0091,-4.2590,-4.2590,0.0000,-2.7142,-2.7142,0.3830
29.294,-0.0466,-0.0466,0.0088,-4.2587,-4.2587,0.0000,-2.7142,-2.7142,0.3827
29.297,-0.0667,-0.0667,0.0086,-4.2583,-4.2583,0.0000,-2.7142,-2.7142,0.3823
29.301,-0.0906,-0.0906,0.0083,-4.2579,-4.2579,0.0000,-2.7142,-2.7142,0.3820
29.304,-0.1331,-0.1331,0.0080,-4.0952,-4.0952,0.0000,-2.7786,-2.7786,0.3815
29.310,-0.1673,-0.1673,0.0078,-4.0944,-4.0944,0.0000,-2.7786,-2.7786,0.3812
29.313,-0.1906,-0.1906,0.0073,-4.0938,-4.0938,0.0000,-2.7786,-2.7786,0.3806
29.317,-0.2149,-0.2149,0.0070,-4.0932,-4.0932,0.0000,-2.7786,-2.7786,0.3802
29.321,-0.2379,-0.2379,0.0067,-4.0926,-4.0926,0.0000,-2.7786,-2.7786,0.3798
29.324,-0.2802,-0.2802,0.0064,-3.9274,-3.9274,0.0000,-2.8289,-2.8289,0.3794
29.328,-0.3059,-0.3059,0.0062,-3.9267,-3.9267,0.0000,-2.8289,-2.8289,0.3790
29.331,-0.3277,-0.3277,0.0058,-3.9261,-3.9261,0.0000,-2.8289,-2.8289,0.3786
29.334,-0.3527,-0.3527,0.0055,-3.9252,-3.9252,0.0000,-2.8289,-2.8289,0.3782
29.339,-0.3875,-0.3875,0.0052,-3.9239,-3.9239,0.0000,-2.8289,-2.8289,0.3778
29.343,-0.4343,-0.4343,0.0048,-3.7577,-3.7577,0.0000,-2.8490,-2.8490,0.3773
29.347,-0.4634,-0.4634,0.0044,-3.7566,-3.7566,0.0000,-2.8490,-2.8490,0.3769
29.352,-0.4986,-0.4986,0.0040,-3.7554,-3.7554,0.0000,-2.8490,-2.8490,0.3764
29.359,-0.5518,-0.5518,0.0036,-3.7532,-3.7532,0.0000,-2.8490,-2.8490,0.3759
29.363,-0.5992,-0.5992,0.0029,-3.5842,-3.5842,0.0000,-2.8685,-2.8685,0.3751
29.370,-0.6510,-0.6510,0.0025,-3.5823,-3.5823,0.0000,-2.8685,-2.8685,0.3747
29.375,-0.6915,-0.6915,0.0018,-3.5808,-3.5808,0.0000,-2.8685,-2.8685,0.3739
29.379,-0.7187,-0.7187,0.0013,-3.5798,-3.5798,0.0000,-2.8685,-2.8685,0.3734
29.382,-0.7459,-0.7459,0.0009,-3.5787,-3.5787,0.0000,-2.8685,-2.8685,0.3730
29.386,-0.7980,-0.7980,0.0006,-3.4074,-3.4074,0.0000,-2.8814,-2.8814,0.3726
29.391,-0.8337,-0.8337,0.0001,-3.4061,-3.4061,0.0000,-2.8814,-2.8814,0.3722
29.397,-0.8820,-0.8820,-0.0003,-3.4038,-3.4038,0.0000,-2.8814,-2.8814,0.3717
29.402,-0.9208,-0.9208,-0.0010,-3.4019,-3.4019,0.0000,-2.8814,-2.8814,0.3710
29.406,-0.9673,-0.9673,-0.0016,-3.2297,-3.2297,0.0000,-2.8755,-2.8755,0.3705
29.410,-0.9976,-0.9976,-0.0020,-3.2280,-3.2280,0.0000,-2.8755,-2.8755,0.3701
29.413,-1.0219,-1.0219,-0.0024,-3.2267,-3.2267,0.0000,-2.8755,-2.8755,0.3697
29.416,-1.0485,-1.0485,-0.0028,-3.2251,-3.2251,0.0000,-2.8755,-2.8755,0.3694
29.420,-1.0752,-1.0752,-0.0032,-3.2235,-3.2235,0.0000,-2.8755,-2.8755,0.3690
29.423,-1.1153,-1.1153,-0.0036,-3.0504,-3.0504,0.0000,-2.8544,-2.8544,0.3686
29.427,-1.1432,-1.1432,-0.0040,-3.0485,-3.0485,0.0000,-2.8544,-2.8544,0.3683
29.431,-1.1675,-1.1675,-0.0045,-3.0466,-3.0466,0.0000,-2.8544,-2.8544,0.3679
29.435,-1.1969,-1.1969,-0.0049,-3.0443,-3.0443,0.0000,-2.8544,-2.8544,0.3675
29.439,-1.2213,-1.2213,-0.0054,-3.0422,-3.0422,0.0000,-2.8544,-2.8544,0.3671
29.442,-1.2417,-1.2417,-0.0059,-3.0404,-3.0404,0.0000,-2.8544,-2.8544,0.3667
29.446,-1.2780,-1.2780,-0.0063,-2.8660,-2.8660,0.0000,-2.8246,-2.8246,0.3664
29.450,-1.3021,-1.3021,-0.0067,-2.8637,-2.8637,0.0000,-2.8246,-2.8246,0.3660
29.454,-1.3280,-1.3280,-0.0072,-2.8612,-2.8612,0.0000,-2.8246,-2.8246,0.3656
29.461,-1.3643,-1.3643,-0.0078,-2.8574,-2.8574,0.0000,-2.8246,-2.8246,0.3652
29.465,-1.4005,-1.4005,-0.0086,-2.6825,-2.6825,0.0000,-2.7776,-2.7776,0.3645
29.470,-1.4207,-1.4207,-0.0092,-2.6801,-2.6801,0.0000,-2.7776,-2.7776,0.3641
29.473,-1.4349,-1.4349,-0.0097,-2.6784,-2.6784,0.0000,-2.7776,-2.7776,0.3637
29.476,-1.4488,-1.4488,-0.0101,-2.6766,-2.6766,0.0000,-2.7776,-2.7776,0.3634
29.480,-1.4623,-1.4623,-0.0106,-2.6748,-2.6748,0.0000,-2.7776,-2.7776,0.3631
29.484,-1.4912,-1.4912,-0.0110,-2.5006,-2.5006,0.0000,-2.7104,-2.7104,0.3628
29.488,-1.5053,-1.5053,-0.0115,-2.4983,-2.4983,0.0000,-2.7104,-2.7104,0.3624
29.491,-1.5159,-1.5159,-0.0120,-2.4965,-2.4965,0.0000,-2.7104,-2.7104,0.3621
29.495,-1.5283,-1.5283,-0.0124,-2.4942,-2.4942,0.0000,-2.7104,-2.7104,0.3618
29.498,-1.5382,-1.5382,-0.0129,-2.4922,-2.4922,0.0000,-2.7104,-2.7104,0.3614
29.502,-1.5480,-1.5480,-0.0134,-2.4900,-2.4900,0.0000,-2.7104,-2.7104,0.3611
29.506,-1.5702,-1.5702,-0.0139,-2.3164,-2.3164,0.0000,-2.6220,-2.6220,0.3608
29.510,-1.5787,-1.5787,-0.0143,-2.3141,-2.3141,0.0000,-2.6220,-2.6220,0.3605
29.513,-1.5853,-1.5853,-0.0148,-2.3121,-2.3121,0.0000,-2.6220,-2.6220,0.3602
29.518,-1.5933,-1.5933,-0.0153,-2.3092,-2.3092,0.0000,-2.6220,-2.6220,0.3599
29.522,-1.5997,-1.5997,-0.0159,-2.3064,-2.3064,0.0000,-2.6220,-2.6220,0.3595
29.526,-1.6181,-1.6181,-0.0165,-2.1327,-2.1327,0.0000,-2.5180,-2.5180,0.3592
29.530,-1.6219,-1.6219,-0.0170,-2.1302,-2.1302,0.0000,-2.5180,-2.5180,0.3589
29.534,-1.6246,-1.6246,-0.0175,-2.1280,-2.1280,0.0000,-2.5180,-2.5180,0.3585
29.537,-1.6265,-1.6265,-0.0180,-2.1259,-2.1259,0.0000,-2.5180,-2.5180,0.3583
29.541,-1.6279,-1.6279,-0.0184,-2.1235,-2.1235,0.0000,-2.5180,-2.5180,0.3580
29.548,-1.6412,-1.6412,-0.0189,-1.9483,-1.9483,0.0000,-2.4076,-2.4076,0.3577
29.552,-1.6405,-1.6405,-0.0197,-1.9456,-1.9456,0.0000,-2.4076,-2.4076,0.3573
29.555,-1.6393,-1.6393,-0.0202,-1.9435,-1.9435,0.0000,-2.4076,-2.4076,0.3570
29.560,-1.6365,-1.6365,-0.0207,-1.9405,-1.9405,0.0000,-2.4076,-2.4076,0.3568
29.568,-1.6418,-1.6418,-0.0213,-1.7646,-1.7646,0.0000,-2.3007,-2.3007,0.3564
29.572,-1.6373,-1.6373,-0.0222,-1.7623,-1.7623,0.0000,-2.3007,-2.3007,0.3560
29.575,-1.6332,-1.6332,-0.0227,-1.7606,-1.7606,0.0000,-2.3007,-2.3007,0.3557
29.578,-1.6288,-1.6288,-0.0231,-1.7589,-1.7589,0.0000,-2.3007,-2.3007,0.3555
29.582,-1.6241,-1.6241,-0.0235,-1.7573,-1.7573,0.0000,-2.3007,-2.3007,0.3553
29.585,-1.6289,-1.6289,-0.0239,-1.5848,-1.5848,0.0000,-2.1777,-2.1777,0.3551
29.589,-1.6218,-1.6218,-0.0244,-1.5830,-1.5830,0.0000,-2.1777,-2.1777,0.3549
29.593,-1.6156,-1.6156,-0.0249,-1.5815,-1.5815,0.0000,-2.1777,-2.1777,0.3547
29.596,-1.6093,-1.6093,-0.0253,-1.5800,-1.5800,0.0000,-2.1777,-2.1777,0.3545
29.599,-1.6021,-1.6021,-0.0256,-1.5784,-1.5784,0.0000,-2.1777,-2.1777,0.3544
29.604,-1.6020,-1.6020,-0.0260,-1.4065,-1.4065,0.0000,-2.0456,-2.0456,0.3542
29.608,-1.5918,-1.5918,-0.0266,-1.4045,-1.4045,0.0000,-2.0456,-2.0456,0.3540
29.611,-1.5839,-1.5839,-0.0270,-1.4030,-1.4030,0.0000,-2.0456,-2.0456,0.3538
29.614,-1.5755,-1.5755,-0.0274,-1.4016,-1.4016,0.0000,-2.0456,-2.0456,0.3536
29.618,-1.5655,-1.5655,-0.0278,-1.4000,-1.4000,0.0000,-2.0456,-2.0456,0.3535
29.621,-1.5562,-1.5562,-0.0282,-1.3984,-1.3984,0.0000,-2.0456,-2.0456,0.3533
29.624,-1.5562,-1.5562,-0.0286,-1.2284,-1.2284,0.0000,-1.8955,-1.8955,0.3532
29.628,-1.5445,-1.5445,-0.0289,-1.2267,-1.2267,0.0000,-1.8955,-1.8955,0.3530
29.632,-1.5345,-1.5345,-0.0294,-1.2252,-1.2252,0.0000,-1.8955,-1.8955,0.3529
29.637,-1.5179,-1.5179,-0.0297,-1.2229,-1.2229,0.0000,-1.8955,-1.8955,0.3528
29.640,-1.5063,-1.5063,-0.0303,-1.2214,-1.2214,0.0000,-1.8955,-1.8955,0.3526
29.644,-1.5046,-1.5046,-0.0307,-1.0531,-1.0531,0.0000,-1.7265,-1.7265,0.3524
29.647,-1.4917,-1.4917,-0.0310,-1.0515,-1.0515,0.0000,-1.7265,-1.7265,0.3524
29.651,-1.4781,-1.4781,-0.0314,-1.0499,-1.0499,0.0000,-1.7265,-1.7265,0.3522
29.655,-1.4659,-1.4659,-0.0319,-1.0484,-1.0484,0.0000,-1.7265,-1.7265,0.3521
29.658,-1.4543,-1.4543,-0.0322,-1.0472,-1.0472,0.0000,-1.7265,-1.7265,0.3520
29.661,-1.4429,-1.4429,-0.0325,-1.0460,-1.0460,0.0000,-1.7265,-1.7265,0.3519
29.665,-1.4341,-1.4341,-0.0329,-0.8787,-0.8787,0.0000,-1.5437,-1.5437,0.3519
29.677,-1.3885,-1.3885,-0.0333,-0.8753,-0.8753,0.0000,-1.5437,-1.5437,0.3518
29.682,-1.3681,-1.3681,-0.0345,-0.8739,-0.8739,0.0000,-1.5437,-1.5437,0.3515
29.686,-1.3588,-1.3588,-0.0350,-0.7087,-0.7087,0.0000,-1.3464,-1.3464,0.3515
29.691,-1.3411,-1.3411,-0.0354,-0.7077,-0.7077,0.0000,-1.3464,-1.3464,0.3514
29.694,-1.3275,-1.3275,-0.0358,-0.7071,-0.7071,0.0000,-1.3464,-1.3464,0.3514
29.701,-1.2981,-1.2981,-0.0361,-0.7060,-0.7060,0.0000,-1.3464,-1.3464,0.3513
29.705,-1.2894,-1.2894,-0.0367,-0.5423,-0.5423,0.0000,-1.1422,-1.1422,0.3513
29.709,-1.2712,-1.2712,-0.0371,-0.5417,-0.5417,0.0000,-1.1422,-1.1422,0.3513
29.713,-1.2566,-1.2566,-0.0375,-0.5413,-0.5413,0.0000,-1.1422,-1.1422,0.3513
29.717,-1.2378,-1.2378,-0.0378,-0.5407,-0.5407,0.0000,-1.1422,-1.1422,0.3513
29.721,-1.2190,-1.2190,-0.0382,-0.5403,-0.5403,0.0000,-1.1422,-1.1422,0.3513
29.725,-1.2076,-1.2076,-0.0385,-0.3784,-0.3784,0.0000,-0.9233,-0.9233,0.3513
29.731,-1.1837,-1.1837,-0.0389,-0.3779,-0.3779,0.0000,-0.9233,-0.9233,0.3514
29.736,-1.1598,-1.1598,-0.0394,-0.3774,-0.3774,0.0000,-0.9233,-0.9233,0.3514
29.742,-1.1373,-1.1373,-0.0398,-0.3770,-0.3770,0.0000,-0.9233,-0.9233,0.3515
29.746,-1.1253,-1.1253,-0.0402,-0.2155,-0.2155,0.0000,-0.7208,-0.7208,0.3516
29.750,-1.1069,-1.1069,-0.0405,-0.2152,-0.2152,0.0000,-0.7208,-0.7208,0.3516
29.753,-1.0913,-1.0913,-0.0409,-0.2150,-0.2150,0.0000,-0.7208,-0.7208,0.3517
29.757,-1.0771,-1.0771,-0.0411,-0.2149,-0.2149,0.0000,-0.7208,-0.7208,0.3518
29.760,-1.0629,-1.0629,-0.0414,-0.2147,-0.2147,0.0000,-0.7208,-0.7208,0.3519
29.764,-1.0490,-1.0490,-0.0416,-0.0544,-0.0544,0.0000,-0.5110,-0.5110,0.3520
29.770,-1.0263,-1.0263,-0.0419,-0.0544,-0.0544,0.0000,-0.5110,-0.5110,0.3521
29.774,-1.0060,-1.0060,-0.0423,-0.0546,-0.0546,0.0000,-0.5110,-0.5110,0.3523
29.782,-0.9746,-0.9746,-0.0427,-0.0552,-0.0552,0.0000,-0.5110,-0.5110,0.3524
29.786,-0.9592,-0.9592,-0.0432,0.1031,0.1031,0.0000,-0.2873,-0.2873,0.3526
29.791,-0.9396,-0.9396,-0.0435,0.1024,0.1024,0.1031,-0.2873,-0.2873,0.3528
29.795,-0.9210,-0.9210,-0.0438,0.1016,0.1016,0.1024,-0.2873,-0.2873,0.3530
29.799,-0.9061,-0.9061,-0.0441,0.1009,0.1009,0.1016,-0.2873,-0.2873,0.3532
29.802,-0.8900,-0.8900,-0.0443,0.1000,0.1000,0.1009,-0.2873,-0.2873,0.3534
29.806,-0.8793,-0.8793,-0.0445,0.2563,0.2563,0.1000,-0.0344,-0.0344,0.3535
29.810,-0.8627,-0.8627,-0.0447,0.2552,0.2552,0.2563,-0.0344,-0.0344,0.3537
29.813,-0.8494,-0.8494,-0.0450,0.2542,0.2542,0.2552,-0.0344,-0.0344,0.3539
29.817,-0.8345,-0.8345,-0.0452,0.2530,0.2530,0.2542,-0.0344,-0.0344,0.3541
29.822,-0.8139,-0.8139,-0.0454,0.2513,0.2513,0.2530,-0.0344,-0.0344,0.3543
29.827,-0.7936,-0.7936,-0.0457,0.4056,0.4056,0.2513,0.2311,0.2311,0.3546
29.832,-0.7732,-0.7732,-0.0460,0.4037,0.4037,0.4056,0.2311,0.2311,0.3550
29.836,-0.7575,-0.7575,-0.0463,0.4023,0.4023,0.4037,0.2311,0.2311,0.3553
29.840,-0.7441,-0.7441,-0.0465,0.4011,0.4011,0.4023,0.2311,0.2311,0.3555
29.843,-0.7324,-0.7324,-0.0467,0.5549,0.5549,0.4011,0.5113,0.5113,0.3558
29.847,-0.7168,-0.7168,-0.0469,0.5534,0.5534,0.5549,0.5113,0.5113,0.3560
29.853,-0.6927,-0.6927,-0.0471,0.5509,0.5509,0.5534,0.5113,0.5113,0.3564
29.858,-0.6765,-0.6765,-0.0474,0.5492,0.5492,0.5509,0.5113,0.5113,0.3568
29.861,-0.6635,-0.6635,-0.0476,0.5478,0.5478,0.5492,0.5113,0.5113,0.3572
29.865,-0.6515,-0.6515,-0.0478,0.7008,0.7008,0.5478,0.7938,0.7938,0.3574
29.869,-0.6353,-0.6353,-0.0479,0.6989,0.6989,0.7008,0.7938,0.7938,0.3577
29.873,-0.6205,-0.6205,-0.0481,0.6972,0.6972,0.6989,0.7938,0.7938,0.3581
29.877,-0.6042,-0.6042,-0.0483,0.6951,0.6951,0.6972,0.7938,0.7938,0.3585
29.885,-0.5778,-0.5778,-0.0485,0.8449,0.8449,0.6951,1.0834,1.0834,0.3589
29.889,-0.5605,-0.5605,-0.0488,0.8421,0.8421,0.8449,1.0834,1.0834,0.3597
29.893,-0.5482,-0.5482,-0.0490,0.8400,0.8400,0.8421,1.0834,1.0834,0.3602
29.896,-0.5367,-0.5367,-0.0492,0.8378,0.8378,0.8400,1.0834,1.0834,0.3605
29.900,-0.5246,-0.5246,-0.0493,0.8355,0.8355,0.8378,1.0834,1.0834,0.3609
29.904,-0.5101,-0.5101,-0.0495,0.9855,0.9855,0.8355,1.3805,1.3805,0.3612
29.908,-0.4965,-0.4965,-0.0496,0.9826,0.9826,0.9855,1.3805,1.3805,0.3617
29.911,-0.4856,-0.4856,-0.0498,0.9801,0.9801,0.9826,1.3805,1.3805,0.3621
29.914,-0.4748,-0.4748,-0.0499,0.9774,0.9774,0.9801,1.3805,1.3805,0.3625
29.918,-0.4630,-0.4630,-0.0500,0.9744,0.9744,0.9774,1.3805,1.3805,0.3629
29.921,-0.4525,-0.4525,-0.0501,0.9717,0.9717,0.9744,1.3805,1.3805,0.3633
29.924,-0.4393,-0.4393,-0.0502,1.1206,1.1206,0.9717,1.6659,1.6659,0.3637
29.928,-0.4272,-0.4272,-0.0504,1.1171,1.1171,1.1206,1.6659,1.6659,0.3641
29.931,-0.4174,-0.4174,-0.0505,1.1143,1.1143,1.1171,1.6659,1.6659,0.3646
29.936,-0.4034,-0.4034,-0.0506,1.1102,1.1102,1.1143,1.6659,1.6659,0.3650
29.940,-0.3924,-0.3924,-0.0507,1.1069,1.1069,1.1102,1.6659,1.6659,0.3656
29.943,-0.3782,-0.3782,-0.0509,1.2543,1.2543,1.1069,1.9434,1.9434,0.3660
29.947,-0.3669,-0.3669,-0.0510,1.2508,1.2508,1.2543,1.9434,1.9434,0.3665
29.950,-0.3559,-0.3559,-0.0511,1.2473,1.2473,1.2508,1.9434,1.9434,0.3670
29.954,-0.3458,-0.3458,-0.0512,1.2440,1.2440,1.2473,1.9434,1.9434,0.3675
29.957,-0.3367,-0.3367,-0.0513,1.2410,1.2410,1.2440,1.9434,1.9434,0.3680
29.960,-0.3276,-0.3276,-0.0514,1.2379,1.2379,1.2410,1.9434,1.9434,0.3684
29.964,-0.3127,-0.3127,-0.0515,1.3836,1.3836,1.2379,2.2132,2.2132,0.3689
29.969,-0.2981,-0.2981,-0.0515,1.3784,1.3784,1.3836,2.2132,2.2132,0.3694
29.973,-0.2854,-0.2854,-0.0517,1.3738,1.3738,1.3784,2.2132,2.2132,0.3701
29.978,-0.2736,-0.2736,-0.0518,1.3694,1.3694,1.3738,2.2132,2.2132,0.3708
29.983,-0.2538,-0.2538,-0.0519,1.5113,1.5113,1.3694,2.4724,2.4724,0.3715
29.990,-0.2336,-0.2336,-0.0520,1.5024,1.5024,1.5113,2.4724,2.4724,0.3723
29.994,-0.2251,-0.2251,-0.0522,1.4985,1.4985,1.5024,2.4724,2.4724,0.3735
29.998,-0.2135,-0.2135,-0.0523,1.4928,1.4928,1.4985,2.4724,2.4724,0.3740
30.005,-0.1879,-0.1879,-0.0524,1.6280,1.6280,1.4928,2.7188,2.7188,0.3747
30.010,-0.1770,-0.1770,-0.0525,1.6218,1.6218,1.6280,2.7188,2.7188,0.3759
30.014,-0.1680,-0.1680,-0.0526,1.6164,1.6164,1.6218,2.7188,2.7188,0.3767
30.018,-0.1587,-0.1587,-0.0527,1.6106,1.6106,1.6164,2.7188,2.7188,0.3773
30.021,-0.1510,-0.1510,-0.0527,1.6056,1.6056,1.6106,2.7188,2.7188,0.3780
30.024,-0.1347,-0.1347,-0.0528,1.7429,1.7429,1.6056,2.9542,2.9542,0.3785
30.029,-0.1242,-0.1242,-0.0528,1.7354,1.7354,1.7429,2.9542,2.9542,0.3791
30.033,-0.1156,-0.1156,-0.0529,1.7291,1.7291,1.7354,2.9542,2.9542,0.3799
30.037,-0.1064,-0.1064,-0.0530,1.7222,1.7222,1.7291,2.9542,2.9542,0.3806
30.040,-0.0995,-0.0995,-0.0530,1.7168,1.7168,1.7222,2.9542,2.9542,0.3813
30.044,-0.0817,-0.0817,-0.0531,1.8505,1.8505,1.7168,3.1857,3.1857,0.3819
30.048,-0.0735,-0.0735,-0.0531,1.8439,1.8439,1.8505,3.1857,3.1857,0.3826
30.052,-0.0656,-0.0656,-0.0532,1.8375,1.8375,1.8439,3.1857,3.1857,0.3833
30.055,-0.0588,-0.0588,-0.0532,1.8318,1.8318,1.8375,3.1857,3.1857,0.3840
30.059,-0.0508,-0.0508,-0.0533,1.8249,1.8249,1.8318,3.1857,3.1857,0.3846
30.063,-0.0329,-0.0329,-0.0533,1.9555,1.9555,1.8249,3.4006,3.4006,0.3853
30.068,-0.0231,-0.0231,-0.0534,1.9466,1.9466,1.9555,3.4006,3.4006,0.3860
30.071,-0.0162,-0.0162,-0.0534,1.9403,1.9403,1.9466,3.4006,3.4006,0.3870
30.075,-0.0097,-0.0097,-0.0534,1.9342,1.9342,1.9403,3.4006,3.4006,0.3877
30.078,-0.0038,-0.0038,-0.0535,1.9285,1.9285,1.9342,3.4006,3.4006,0.3883
30.081,0.0021,0.0021,-0.0535,1.9227,1.9227,1.9285,3.4006,3.4006,0.3890
30.086,0.0221,0.0221,-0.0535,2.0471,2.0471,1.9227,3.5986,3.5986,0.3896
30.094,0.0372,0.0372,-0.0536,2.0292,2.0292,2.0471,3.5986,3.5986,0.3905
30.098,0.0437,0.0437,-0.0536,2.0210,2.0210,2.0292,3.5986,3.5986,0.3921
30.102,0.0500,0.0500,-0.0537,2.0128,2.0128,2.0210,3.5986,3.5986,0.3929
30.106,0.0682,0.0682,-0.0537,2.1342,2.1342,2.0128,3.7742,3.7742,0.3936
30.109,0.0745,0.0745,-0.0537,2.1251,2.1251,2.1342,3.7742,3.7742,0.3943
30.113,0.0795,0.0795,-0.0537,2.1176,2.1176,2.1251,3.7742,3.7742,0.3951
30.116,0.0849,0.0849,-0.0538,2.1093,2.1093,2.1176,3.7742,3.7742,0.3957
30.120,0.0911,0.0911,-0.0538,2.0991,2.0991,2.1093,3.7742,3.7742,0.3964
30.125,0.1122,0.1122,-0.0538,2.2106,2.2106,2.0991,3.9381,3.9381,0.3972
30.131,0.1201,0.1201,-0.0538,2.1962,2.1962,2.2106,3.9381,3.9381,0.3983
30.134,0.1256,0.1256,-0.0538,2.1860,2.1860,2.1962,3.9381,3.9381,0.3994
30.139,0.1315,0.1315,-0.0538,2.1746,2.1746,2.1860,3.9381,3.9381,0.4002
30.142,0.1366,0.1366,-0.0539,2.1647,2.1647,2.1746,3.9381,3.9381,0.4010
30.145,0.1540,0.1540,-0.0539,2.2774,2.2774,2.1647,4.0764,4.0764,0.4017
30.150,0.1605,0.1605,-0.0539,2.2640,2.2640,2.2774,4.0764,4.0764,0.4024
30.158,0.1718,0.1718,-0.0539,2.2395,2.2395,2.2640,4.0764,4.0764,0.4034
30.162,0.1770,0.1770,-0.0539,2.2278,2.2278,2.2395,4.0764,4.0764,0.4051
30.167,0.1894,0.1894,-0.0539,2.2989,2.2989,2.2278,3.5144,3.5144,0.4059
30.171,0.1952,0.1952,-0.0539,2.2852,2.2852,2.2989,3.5144,3.5144,0.4067
30.175,0.1994,0.1994,-0.0539,2.2746,2.2746,2.2852,3.5144,3.5144,0.4075
30.178,0.2036,0.2036,-0.0539,2.2636,2.2636,2.2746,3.5144,3.5144,0.4081
30.182,0.2079,0.2079,-0.0539,2.2519,2.2519,2.2636,3.5144,3.5144,0.4087
30.188,0.2220,0.2220,-0.0538,2.3118,2.3118,2.2519,2.9887,2.9887,0.4093
30.197,0.2320,0.2320,-0.0538,2.2782,2.2782,2.3118,2.9887,2.9887,0.4102
30.210,0.2593,0.2593,-0.0538,2.3252,2.3252,2.2782,2.9919,2.9919,0.4114
30.216,0.2655,0.2655,-0.0538,2.2992,2.2992,2.3252,2.9919,2.9919,0.4134
30.221,0.2703,0.2703,-0.0537,2.2777,2.2777,2.2992,2.9919,2.9919,0.4142
30.224,0.2845,0.2845,-0.0537,2.3530,2.3530,2.2777,2.8289,2.8289,0.4149
30.229,0.2888,0.2888,-0.0537,2.3327,2.3327,2.3530,2.8289,2.8289,0.4154
30.234,0.2940,0.2940,-0.0537,2.3068,2.3068,2.3327,2.8289,2.8289,0.4159
30.238,0.2978,0.2978,-0.0536,2.2877,2.2877,2.3068,2.8289,2.8289,0.4167
30.242,0.3012,0.3012,-0.0536,2.2698,2.2698,2.2877,2.8289,2.8289,0.4172
30.246,0.3112,0.3112,-0.0536,2.3264,2.3264,2.2698,2.3477,2.3477,0.4177
30.251,0.3153,0.3153,-0.0536,2.3033,2.3033,2.3264,2.3477,2.3477,0.4181
30.255,0.3186,0.3186,-0.0535,2.2844,2.2844,2.3033,2.3477,2.3477,0.4186
30.258,0.3218,0.3218,-0.0535,2.2649,2.2649,2.2844,2.3477,2.3477,0.4190
30.263,0.3383,0.3383,-0.0535,2.3305,2.3305,2.2649,2.3596,2.3596,0.4194
30.268,0.3425,0.3425,-0.0534,2.3009,2.3009,2.3305,2.3596,2.3596,0.4199
30.272,0.3455,0.3455,-0.0534,2.2787,2.2787,2.3009,2.3596,2.3596,0.4204
30.278,0.3500,0.3500,-0.0534,2.2418,2.2418,2.2787,2.3596,2.3596,0.4208
30.284,0.3634,0.3634,-0.0533,2.2808,2.2808,2.2418,2.0672,2.0672,0.4214
30.288,0.3665,0.3665,-0.0533,2.2521,2.2521,2.2808,2.0672,2.0672,0.4219
30.291,0.3691,0.3691,-0.0532,2.2269,2.2269,2.2521,2.0672,2.0672,0.4223
30.297,0.3732,0.3732,-0.0532,2.1836,2.1836,2.2269,2.0672,2.0672,0.4226
30.306,0.3916,0.3916,-0.0532,2.1947,2.1947,2.1836,2.0960,2.0960,0.4231
30.313,0.3960,0.3960,-0.0531,2.1401,2.1401,2.1947,2.0960,2.0960,0.4238
30.316,0.3983,0.3983,-0.0530,2.1106,2.1106,2.1401,2.0960,2.0960,0.4244
30.320,0.4005,0.4005,-0.0530,2.0817,2.0817,2.1106,2.0960,2.0960,0.4247
30.324,0.4127,0.4127,-0.0529,2.1189,2.1189,2.0817,1.8170,1.8170,0.4250
30.328,0.4151,0.4151,-0.0529,2.0844,2.0844,2.1189,1.8170,1.8170,0.4253
30.331,0.4170,0.4170,-0.0528,2.0585,2.0585,2.0844,1.8170,1.8170,0.4256
30.335,0.4191,0.4191,-0.0528,2.0310,2.0310,2.0585,1.8170,1.8170,0.4258
30.338,0.4211,0.4211,-0.0528,2.0068,2.0068,2.0310,1.8170,1.8170,0.4261
30.342,0.4230,0.4230,-0.0527,1.9844,1.9844,2.0068,1.8170,1.8170,0.4263
30.345,0.4359,0.4359,-0.0527,2.0332,2.0332,1.9844,1.6965,1.6965,0.4266
30.349,0.4380,0.4380,-0.0527,2.0120,2.0120,2.0332,1.6965,1.6965,0.4268
30.353,0.4399,0.4399,-0.0526,1.9938,1.9938,2.0120,1.6965,1.6965,0.4270
30.357,0.4421,0.4421,-0.0526,1.9755,1.9755,1.9938,1.6965,1.6965,0.4273
30.360,0.4439,0.4439,-0.0525,1.9626,1.9626,1.9755,1.6965,1.6965,0.4275
30.363,0.4565,0.4565,-0.0525,2.0175,2.0175,1.9626,1.5778,1.5778,0.4277
30.368,0.4586,0.4586,-0.0524,2.0060,2.0060,2.0175,1.5778,1.5778,0.4279
30.371,0.4604,0.4604,-0.0524,1.9979,1.9979,2.0060,1.5778,1.5778,0.4282
30.375,0.4622,0.4622,-0.0523,1.9917,1.9917,1.9979,1.5778,1.5778,0.4284
30.379,0.4638,0.4638,-0.0523,1.9879,1.9879,1.9917,1.5778,1.5778,0.4286
30.382,0.4653,0.4653,-0.0522,1.9841,1.9841,1.9879,1.5778,1.5778,0.4288
30.385,0.4779,0.4779,-0.0522,2.0416,2.0416,1.9841,1.4595,1.4595,0.4289
30.390,0.4800,0.4800,-0.0522,2.0347,2.0347,2.0416,1.4595,1.4595,0.4291
30.393,0.4814,0.4814,-0.0521,2.0293,2.0293,2.0347,1.4595,1.4595,0.4294
30.397,0.4828,0.4828,-0.0521,2.0238,2.0238,2.0293,1.4595,1.4595,0.4295
30.401,0.4848,0.4848,-0.0520,2.0144,2.0144,2.0238,1.4595,1.4595,0.4297
30.409,0.4981,0.4981,-0.0519,2.0596,2.0596,2.0144,1.2074,1.2074,0.4299
30.413,0.4999,0.4999,-0.0518,2.0490,2.0490,2.0596,1.2074,1.2074,0.4302
30.417,0.5012,0.5012,-0.0518,2.0403,2.0403,2.0490,1.2074,1.2074,0.4303
30.422,0.5032,0.5032,-0.0517,2.0266,2.0266,2.0403,1.2074,1.2074,0.4304
30.427,0.5165,0.5165,-0.0517,2.0663,2.0663,2.0266,1.2226,1.2226,0.4306
30.433,0.5189,0.5189,-0.0516,2.0459,2.0459,2.0663,1.2226,1.2226,0.4308
30.439,0.5209,0.5209,-0.0515,2.0257,2.0257,2.0459,1.2226,1.2226,0.4310
30.443,0.5328,0.5328,-0.0514,2.0706,2.0706,2.0257,0.9759,0.9759,0.4312
30.447,0.5342,0.5342,-0.0514,2.0553,2.0553,2.0706,0.9759,0.9759,0.4313
30.452,0.5359,0.5359,-0.0513,2.0360,2.0360,2.0553,0.9759,0.9759,0.4314
30.456,0.5371,0.5371,-0.0512,2.0206,2.0206,2.0360,0.9759,0.9759,0.4315
30.462,0.5389,0.5389,-0.0512,1.9965,1.9965,2.0206,0.9759,0.9759,0.4316
30.466,0.5512,0.5512,-0.0511,2.0304,2.0304,1.9965,0.9917,0.9917,0.4318
30.470,0.5525,0.5525,-0.0510,2.0110,2.0110,2.0304,0.9917,0.9917,0.4318
30.473,0.5534,0.5534,-0.0509,1.9964,1.9964,2.0110,0.9917,0.9917,0.4319
30.476,0.5543,0.5543,-0.0509,1.9819,1.9819,1.9964,0.9917,0.9917,0.4320
30.480,0.5552,0.5552,-0.0508,1.9672,1.9672,1.9819,0.9917,0.9917,0.4321
30.484,0.5675,0.5675,-0.0508,1.9961,1.9961,1.9672,0.8749,0.8749,0.4322
30.488,0.5687,0.5687,-0.0507,1.9746,1.9746,1.9961,0.8749,0.8749,0.4322
30.492,0.5696,0.5696,-0.0506,1.9558,1.9558,1.9746,0.8749,0.8749,0.4323
30.495,0.5705,0.5705,-0.0506,1.9392,1.9392,1.9558,0.8749,0.8749,0.4324
30.499,0.5714,0.5714,-0.0505,1.9200,1.9200,1.9392,0.8749,0.8749,0.4324
30.503,0.5835,0.5835,-0.0505,1.9475,1.9475,1.9200,0.7577,0.7577,0.4325
30.507,0.5844,0.5844,-0.0504,1.9259,1.9259,1.9475,0.7577,0.7577,0.4325
30.511,0.5854,0.5854,-0.0503,1.9010,1.9010,1.9259,0.7577,0.7577,0.4326
30.518,0.5870,0.5870,-0.0503,1.8590,1.8590,1.9010,0.7577,0.7577,0.4326
30.521,0.5878,0.5878,-0.0502,1.8389,1.8389,1.8590,0.7577,0.7577,0.4327
30.525,0.5997,0.5997,-0.0501,1.8644,1.8644,1.8389,0.6399,0.6399,0.4327
30.530,0.6007,0.6007,-0.0500,1.8343,1.8343,1.8644,0.6399,0.6399,0.4327
30.534,0.6016,0.6016,-0.0500,1.8082,1.8082,1.8343,0.6399,0.6399,0.4328
30.537,0.6023,0.6023,-0.0499,1.7848,1.7848,1.8082,0.6399,0.6399,0.4328
30.541,0.6030,0.6030,-0.0498,1.7624,1.7624,1.7848,0.6399,0.6399,0.4328
30.544,0.6144,0.6144,-0.0498,1.7812,1.7812,1.7624,0.6163,0.6163,0.4328
30.548,0.6152,0.6152,-0.0497,1.7545,1.7545,1.7812,0.6163,0.6163,0.4328
30.552,0.6159,0.6159,-0.0496,1.7292,1.7292,1.7545,0.6163,0.6163,0.4328
30.555,0.6165,0.6165,-0.0496,1.7061,1.7061,1.7292,0.6163,0.6163,0.4328
30.559,0.6171,0.6171,-0.0495,1.6829,1.6829,1.7061,0.6163,0.6163,0.4329
30.563,0.6299,0.6299,-0.0495,1.6985,1.6985,1.6829,0.3802,0.3802,0.4329
30.568,0.6308,0.6308,-0.0494,1.6628,1.6628,1.6985,0.3802,0.3802,0.4328
30.571,0.6314,0.6314,-0.0493,1.6380,1.6380,1.6628,0.3802,0.3802,0.4328
30.574,0.6319,0.6319,-0.0492,1.6137,1.6137,1.6380,0.3802,0.3802,0.4328
30.578,0.6325,0.6325,-0.0492,1.5890,1.5890,1.6137,0.3802,0.3802,0.4327
30.582,0.6332,0.6332,-0.0491,1.5528,1.5528,1.5890,0.3802,0.3802,0.4327
30.587,0.6445,0.6445,-0.0490,1.5554,1.5554,1.5528,0.3563,0.3563,0.4327
30.592,0.6452,0.6452,-0.0490,1.5174,1.5174,1.5554,0.3563,0.3563,0.4326
30.595,0.6458,0.6458,-0.0489,1.4896,1.4896,1.5174,0.3563,0.3563,0.4326
30.599,0.6463,0.6463,-0.0488,1.4591,1.4591,1.4896,0.3563,0.3563,0.4325
30.603,0.6576,0.6576,-0.0487,1.4617,1.4617,1.4591,0.3207,0.3207,0.4325
30.608,0.6582,0.6582,-0.0487,1.4254,1.4254,1.4617,0.3207,0.3207,0.4325
30.614,0.6591,0.6591,-0.0486,1.3745,1.3745,1.4254,0.3207,0.3207,0.4324
30.619,0.6598,0.6598,-0.0485,1.3301,1.3301,1.3745,0.3207,0.3207,0.4323
30.628,0.6716,0.6716,-0.0484,1.2887,1.2887,1.3301,0.2774,0.2774,0.4323
30.633,0.6723,0.6723,-0.0482,1.2438,1.2438,1.2887,0.2774,0.2774,0.4322
30.637,0.6728,0.6728,-0.0481,1.2082,1.2082,1.2438,0.2774,0.2774,0.4321
30.642,0.6733,0.6733,-0.0480,1.1711,1.1711,1.2082,0.2774,0.2774,0.4320
30.645,0.6845,0.6845,-0.0479,1.1743,1.1743,1.1711,0.2324,0.2324,0.4320
30.649,0.6850,0.6850,-0.0479,1.1385,1.1385,1.1743,0.2324,0.2324,0.4319
30.654,0.6855,0.6855,-0.0478,1.0978,1.0978,1.1385,0.2324,0.2324,0.4319
30.657,0.6859,0.6859,-0.0477,1.0663,1.0663,1.0978,0.2324,0.2324,0.4318
30.661,0.6862,0.6862,-0.0477,1.0378,1.0378,1.0663,0.2324,0.2324,0.4318
30.664,0.6975,0.6975,-0.0476,1.0412,1.0412,1.0378,0.1832,0.1832,0.4317
30.668,0.6979,0.6979,-0.0475,1.0022,1.0022,1.0412,0.1832,0.1832,0.4316
30.672,0.6983,0.6983,-0.0474,0.9728,0.9728,1.0022,0.1832,0.1832,0.4316
30.675,0.6986,0.6986,-0.0474,0.9430,0.9430,0.9728,0.1832,0.1832,0.4315
30.678,0.6989,0.6989,-0.0473,0.9140,0.9140,0.9430,0.1832,0.1832,0.4315
30.681,0.6992,0.6992,-0.0473,0.8865,0.8865,0.9140,0.1832,0.1832,0.4314
30.687,0.7108,0.7108,-0.0472,0.8683,0.8683,0.8865,0.1296,0.1296,0.4314
30.691,0.7112,0.7112,-0.0471,0.8280,0.8280,0.8683,0.1296,0.1296,0.4312
30.695,0.7115,0.7115,-0.0470,0.7997,0.7997,0.8280,0.1296,0.1296,0.4312
30.698,0.7118,0.7118,-0.0469,0.7709,0.7709,0.7997,0.1296,0.1296,0.4311
30.702,0.7121,0.7121,-0.0469,0.7386,0.7386,0.7709,0.1296,0.1296,0.4310
30.705,0.7219,0.7219,-0.0468,0.7327,0.7327,0.7386,0.1389,0.1389,0.4310
30.709,0.7222,0.7222,-0.0467,0.6992,0.6992,0.7327,0.1389,0.1389,0.4309
30.712,0.7224,0.7224,-0.0467,0.6710,0.6710,0.6992,0.1389,0.1389,0.4308
30.717,0.7228,0.7228,-0.0466,0.6261,0.6261,0.6710,0.1389,0.1389,0.4308
30.721,0.7231,0.7231,-0.0465,0.5953,0.5953,0.6261,0.1389,0.1389,0.4307
30.725,0.7333,0.7333,-0.0464,0.5825,0.5825,0.5953,0.1288,0.1288,0.4306
30.734,0.7340,0.7340,-0.0463,0.5099,0.5099,0.5825,0.1288,0.1288,0.4305
30.739,0.7343,0.7343,-0.0462,0.4694,0.4694,0.5099,0.1288,0.1288,0.4304
30.743,0.7459,0.7459,-0.0461,0.4591,0.4591,0.4694,0.0710,0.0710,0.4303
30.748,0.7462,0.7462,-0.0460,0.4218,0.4218,0.4591,0.0710,0.0710,0.4302
30.752,0.7465,0.7465,-0.0459,0.3911,0.3911,0.4218,0.0710,0.0710,0.4301
30.755,0.7467,0.7467,-0.0458,0.3649,0.3649,0.3911,0.0710,0.0710,0.4300
30.759,0.7469,0.7469,-0.0457,0.3399,0.3399,0.3649,0.0710,0.0710,0.4299
30.764,0.7608,0.7608,-0.0457,0.3267,0.3267,0.3399,-0.0552,-0.0552,0.4299
30.769,0.7611,0.7611,-0.0456,0.2946,0.2946,0.3267,-0.0552,-0.0552,0.4297
30.772,0.7613,0.7613,-0.0455,0.2711,0.2711,0.2946,-0.0552,-0.0552,0.4296
30.775,0.7614,0.7614,-0.0454,0.2486,0.2486,0.2711,-0.0552,-0.0552,0.4295
30.779,0.7616,0.7616,-0.0453,0.2261,0.2261,0.2486,-0.0552,-0.0552,0.4294
30.782,0.7618,0.7618,-0.0453,0.2036,0.2036,0.2261,-0.0552,-0.0552,0.4293
30.786,0.7779,0.7779,-0.0452,0.2129,0.2129,0.2036,-0.2392,-0.2392,0.4292
30.790,0.7781,0.7781,-0.0451,0.1885,0.1885,0.2129,-0.2392,-0.2392,0.4291
30.794,0.7783,0.7783,-0.0450,0.1634,0.1634,0.1885,-0.2392,-0.2392,0.4290
30.797,0.7785,0.7785,-0.0450,0.1421,0.1421,0.1634,-0.2392,-0.2392,0.4288
30.801,0.7787,0.7787,-0.0449,0.1210,0.1210,0.1421,-0.2392,-0.2392,0.4287
30.804,0.7919,0.7919,-0.0448,0.1272,0.1272,0.1210,-0.3448,-0.3448,0.4286
30.808,0.7921,0.7921,-0.0447,0.1060,0.1060,0.1272,-0.3448,-0.3448,0.4284
30.811,0.7922,0.7922,-0.0447,0.0886,0.0886,0.1060,-0.3448,-0.3448,0.4283
30.815,0.7924,0.7924,-0.0446,0.0724,0.0724,0.0886,-0.3448,-0.3448,0.4281
30.818,0.7925,0.7925,-0.0445,0.0549,0.0549,0.0724,-0.3448,-0.3448,0.4280
30.822,0.7927,0.7927,-0.0444,0.0391,0.0391,0.0549,-0.3448,-0.3448,0.4279
30.826,0.8057,0.8057,-0.0444,0.0447,0.0447,0.0391,-0.4445,-0.4445,0.4277
30.831,0.8059,0.8059,-0.0443,0.0223,0.0223,0.0447,-0.4445,-0.4445,0.4276
30.838,0.8062,0.8062,-0.0442,-0.0053,-0.0053,0.0223,-0.4445,-0.4445,0.4273
30.842,0.8064,0.8064,-0.0440,-0.0174,-0.0174,0.0000,-0.4445,-0.4445,0.4270
30.845,0.8191,0.8191,-0.0439,-0.0054,-0.0054,0.0000,-0.5379,-0.5379,0.4268
30.849,0.8193,0.8193,-0.0439,-0.0173,-0.0173,0.0000,-0.5379,-0.5379,0.4267
30.853,0.8194,0.8194,-0.0438,-0.0277,-0.0277,0.0000,-0.5379,-0.5379,0.4265
30.858,0.8196,0.8196,-0.0437,-0.0397,-0.0397,0.0000,-0.5379,-0.5379,0.4263
30.861,0.8197,0.8197,-0.0436,-0.0479,-0.0479,0.0000,-0.5379,-0.5379,0.4261
30.865,0.8337,0.8337,-0.0435,-0.0305,-0.0305,0.0000,-0.6574,-0.6574,0.4259
30.870,0.8338,0.8338,-0.0435,-0.0390,-0.0390,0.0000,-0.6574,-0.6574,0.4257
30.874,0.8339,0.8339,-0.0433,-0.0436,-0.0436,0.0000,-0.6574,-0.6574,0.4255
30.877,0.8340,0.8340,-0.0433,-0.0471,-0.0471,0.0000,-0.6574,-0.6574,0.4253
30.880,0.8341,0.8341,-0.0432,-0.0500,-0.0500,0.0000,-0.6574,-0.6574,0.4251
30.884,0.8482,0.8482,-0.0431,-0.0286,-0.0286,0.0000,-0.7823,-0.7823,0.4249
30.890,0.8484,0.8484,-0.0430,-0.0296,-0.0296,0.0000,-0.7823,-0.7823,0.4247
30.895,0.8486,0.8486,-0.0429,-0.0288,-0.0288,0.0000,-0.7823,-0.7823,0.4243
30.898,0.8487,0.8487,-0.0428,-0.0276,-0.0276,0.0000,-0.7823,-0.7823,0.4241
30.902,0.8488,0.8488,-0.0427,-0.0249,-0.0249,0.0000,-0.7823,-0.7823,0.4239
30.905,0.8623,0.8623,-0.0426,0.0002,0.0002,0.0000,-0.8998,-0.8998,0.4237
30.909,0.8624,0.8624,-0.0426,0.0050,0.0050,0.0002,-0.8998,-0.8998,0.4235
30.915,0.8626,0.8626,-0.0425,0.0146,0.0146,0.0050,-0.8998,-0.8998,0.4232
30.920,0.8627,0.8627,-0.0424,0.0244,0.0244,0.0146,-0.8998,-0.8998,0.4229
30.924,0.8781,0.8781,-0.0422,0.0586,0.0586,0.0244,-1.0566,-1.0566,0.4226
30.928,0.8782,0.8782,-0.0422,0.0685,0.0685,0.0586,-1.0566,-1.0566,0.4223
30.931,0.8783,0.8783,-0.0421,0.0774,0.0774,0.0685,-1.0566,-1.0566,0.4220
30.937,0.8784,0.8784,-0.0420,0.0968,0.0968,0.0774,-1.0566,-1.0566,0.4218
30.942,0.8785,0.8785,-0.0419,0.1139,0.1139,0.0968,-1.0566,-1.0566,0.4214
30.950,0.8957,0.8957,-0.0418,0.1756,0.1756,0.1139,-1.2453,-1.2453,0.4211
30.954,0.8958,0.8958,-0.0416,0.1947,0.1947,0.1756,-1.2453,-1.2453,0.4204
30.957,0.8958,0.8958,-0.0415,0.2096,0.2096,0.1947,-1.2453,-1.2453,0.4201
30.961,0.8959,0.8959,-0.0414,0.2248,0.2248,0.2096,-1.2453,-1.2453,0.4199
30.964,0.9121,0.9121,-0.0413,0.2665,0.2665,0.2248,-1.4206,-1.4206,0.4196
30.968,0.9122,0.9122,-0.0412,0.2888,0.2888,0.2665,-1.4206,-1.4206,0.4193
30.971,0.9122,0.9122,-0.0412,0.3074,0.3074,0.2888,-1.4206,-1.4206,0.4190
30.975,0.9123,0.9123,-0.0411,0.3262,0.3262,0.3074,-1.4206,-1.4206,0.4187
30.978,0.9123,0.9123,-0.0410,0.3448,0.3448,0.3262,-1.4206,-1.4206,0.4184
30.982,0.9124,0.9124,-0.0409,0.3698,0.3698,0.3448,-1.4206,-1.4206,0.4182
30.986,0.9291,0.9291,-0.0408,0.4202,0.4202,0.3698,-1.6055,-1.6055,0.4178
30.990,0.9291,0.9291,-0.0407,0.4458,0.4458,0.4202,-1.6055,-1.6055,0.4175
30.993,0.9292,0.9292,-0.0406,0.4674,0.4674,0.4458,-1.6055,-1.6055,0.4171
30.996,0.9292,0.9292,-0.0406,0.4914,0.4914,0.4674,-1.6055,-1.6055,0.4168
31.000,0.9293,0.9293,-0.0405,0.5182,0.5182,0.4914,-1.6055,-1.6055,0.4165
31.004,0.9450,0.9450,-0.0404,0.5675,0.5675,0.5182,-1.7771,-1.7771,0.4162
31.007,0.9451,0.9451,-0.0403,0.5964,0.5964,0.5675,-1.7771,-1.7771,0.4158
31.012,0.9451,0.9451,-0.0402,0.6291,0.6291,0.5964,-1.7771,-1.7771,0.4155
31.015,0.9452,0.9452,-0.0401,0.6573,0.6573,0.6291,-1.7771,-1.7771,0.4151
31.019,0.9452,0.9452,-0.0400,0.6881,0.6881,0.6573,-1.7771,-1.7771,0.4147
31.022,0.9453,0.9453,-0.0400,0.7141,0.7141,0.6881,-1.7771,-1.7771,0.4143
31.026,0.9590,0.9590,-0.0399,0.7584,0.7584,0.7141,-1.9173,-1.9173,0.4140
31.030,0.9590,0.9590,-0.0398,0.7871,0.7871,0.7584,-1.9173,-1.9173,0.4137
31.034,0.9591,0.9591,-0.0397,0.8159,0.8159,0.7871,-1.9173,-1.9173,0.4133
31.040,0.9592,0.9592,-0.0396,0.8519,0.8519,0.8159,-1.9173,-1.9173,0.4128
31.047,0.9709,0.9709,-0.0394,0.8960,0.8960,0.8519,-2.0270,-2.0270,0.4122
31.054,0.9710,0.9710,-0.0393,0.9236,0.9236,0.8960,-2.0270,-2.0270,0.4115
31.062,0.9710,0.9710,-0.0391,0.9468,0.9468,0.9236,-2.0270,-2.0270,0.4108
31.071,0.9816,0.9816,-0.0389,0.9715,0.9715,0.9468,-2.1210,-2.1210,0.4099
31.075,0.9817,0.9817,-0.0387,0.9791,0.9791,0.9715,-2.1210,-2.1210,0.4089
31.079,0.9817,0.9817,-0.0386,0.9855,0.9855,0.9791,-2.1210,-2.1210,0.4084
31.084,0.9921,0.9921,-0.0385,1.0044,1.0044,0.9855,-2.2150,-2.2150,0.4080
31.089,0.9921,0.9921,-0.0384,1.0148,1.0148,1.0044,-2.2150,-2.2150,0.4075
31.093,0.9922,0.9922,-0.0383,1.0218,1.0218,1.0148,-2.2150,-2.2150,0.4069
31.096,0.9922,0.9922,-0.0382,1.0284,1.0284,1.0218,-2.2150,-2.2150,0.4065
31.099,0.9922,0.9922,-0.0381,1.0354,1.0354,1.0284,-2.2150,-2.2150,0.4062
31.103,1.0034,1.0034,-0.0380,1.0556,1.0556,1.0354,-2.3242,-2.3242,0.4058
31.108,1.0034,1.0034,-0.0379,1.0658,1.0658,1.0556,-2.3242,-2.3242,0.4054
31.111,1.0035,1.0035,-0.0378,1.0737,1.0737,1.0658,-2.3242,-2.3242,0.4048
31.115,1.0035,1.0035,-0.0377,1.0809,1.0809,1.0737,-2.3242,-2.3242,0.4044
31.118,1.0035,1.0035,-0.0376,1.0889,1.0889,1.0809,-2.3242,-2.3242,0.4041
31.122,1.0035,1.0035,-0.0376,1.0983,1.0983,1.0889,-2.3242,-2.3242,0.4036
31.126,1.0167,1.0167,-0.0375,1.1220,1.1220,1.0983,-2.4659,-2.4659,0.4032
31.129,1.0167,1.0167,-0.0374,1.1306,1.1306,1.1220,-2.4659,-2.4659,0.4028
31.133,1.0168,1.0168,-0.0373,1.1387,1.1387,1.1306,-2.4659,-2.4659,0.4023
31.137,1.0168,1.0168,-0.0372,1.1475,1.1475,1.1387,-2.4659,-2.4659,0.4019
31.140,1.0168,1.0168,-0.0371,1.1553,1.1553,1.1475,-2.4659,-2.4659,0.4015
31.143,1.0290,1.0290,-0.0370,1.1766,1.1766,1.1553,-2.5970,-2.5970,0.4011
31.147,1.0290,1.0290,-0.0369,1.1853,1.1853,1.1766,-2.5970,-2.5970,0.4007
31.152,1.0290,1.0290,-0.0369,1.1978,1.1978,1.1853,-2.5970,-2.5970,0.4002
31.156,1.0291,1.0291,-0.0367,1.2068,1.2068,1.1978,-2.5970,-2.5970,0.3996
31.159,1.0291,1.0291,-0.0366,1.2149,1.2149,1.2068,-2.5970,-2.5970,0.3991
31.164,1.0403,1.0403,-0.0365,1.2369,1.2369,1.2149,-2.7181,-2.7181,0.3987
31.172,1.0403,1.0403,-0.0364,1.2554,1.2554,1.2369,-2.7181,-2.7181,0.3981
31.175,1.0404,1.0404,-0.0362,1.2629,1.2629,1.2554,-2.7181,-2.7181,0.3971
31.178,1.0404,1.0404,-0.0362,1.2699,1.2699,1.2629,-2.7181,-2.7181,0.3967
31.183,1.0495,1.0495,-0.0361,1.2875,1.2875,1.2699,-2.8138,-2.8138,0.3963
31.187,1.0495,1.0495,-0.0360,1.2970,1.2970,1.2875,-2.8138,-2.8138,0.3958
31.192,1.0495,1.0495,-0.0359,1.3069,1.3069,1.2970,-2.8138,-2.8138,0.3952
31.196,1.0496,1.0496,-0.0358,1.3154,1.3154,1.3069,-2.8138,-2.8138,0.3946
31.200,1.0496,1.0496,-0.0357,1.3234,1.3234,1.3154,-2.8138,-2.8138,0.3941
31.204,1.0564,1.0564,-0.0356,1.3349,1.3349,1.3234,-2.8800,-2.8800,0.3936
31.208,1.0564,1.0564,-0.0355,1.3429,1.3429,1.3349,-2.8800,-2.8800,0.3931
31.211,1.0564,1.0564,-0.0354,1.3489,1.3489,1.3429,-2.8800,-2.8800,0.3925
31.215,1.0564,1.0564,-0.0353,1.3566,1.3566,1.3489,-2.8800,-2.8800,0.3921
31.222,1.0565,1.0565,-0.0352,1.3687,1.3687,1.3566,-2.8800,-2.8800,0.3916
31.225,1.0611,1.0611,-0.0350,1.3746,1.3746,1.3687,-2.9193,-2.9193,0.3908
31.229,1.0611,1.0611,-0.0349,1.3815,1.3815,1.3746,-2.9193,-2.9193,0.3903
31.233,1.0612,1.0612,-0.0348,1.3875,1.3875,1.3815,-2.9193,-2.9193,0.3898
31.237,1.0612,1.0612,-0.0348,1.3934,1.3934,1.3875,-2.9193,-2.9193,0.3893
31.240,1.0612,1.0612,-0.0347,1.3988,1.3988,1.3934,-2.9193,-2.9193,0.3888
31.244,1.0644,1.0644,-0.0346,1.4009,1.4009,1.3988,-2.9399,-2.9399,0.3884
31.248,1.0644,1.0644,-0.0345,1.4076,1.4076,1.4009,-2.9399,-2.9399,0.3880
31.252,1.0644,1.0644,-0.0344,1.4130,1.4130,1.4076,-2.9399,-2.9399,0.3874
31.256,1.0644,1.0644,-0.0343,1.4173,1.4173,1.4130,-2.9399,-2.9399,0.3869
31.259,1.0644,1.0644,-0.0342,1.4213,1.4213,1.4173,-2.9399,-2.9399,0.3865
31.262,1.0644,1.0644,-0.0341,1.4253,1.4253,1.4213,-2.9399,-2.9399,0.3861
31.265,1.0661,1.0661,-0.0341,1.4234,1.4234,1.4253,-2.9417,-2.9417,0.3857
31.270,1.0662,1.0662,-0.0340,1.4293,1.4293,1.4234,-2.9417,-2.9417,0.3853
31.279,1.0662,1.0662,-0.0339,1.4373,1.4373,1.4293,-2.9417,-2.9417,0.3846
31.283,1.0653,1.0653,-0.0337,1.4310,1.4310,1.4373,-2.9089,-2.9089,0.3836
31.287,1.0653,1.0653,-0.0336,1.4345,1.4345,1.4310,-2.9089,-2.9089,0.3831
31.291,1.0653,1.0653,-0.0335,1.4372,1.4372,1.4345,-2.9089,-2.9089,0.3826
31.302,1.0654,1.0654,-0.0334,1.4439,1.4439,1.4372,-2.9089,-2.9089,0.3822
31.308,1.0670,1.0670,-0.0331,1.4414,1.4414,1.4439,-2.9109,-2.9109,0.3808
31.313,1.0670,1.0670,-0.0330,1.4431,1.4431,1.4414,-2.9109,-2.9109,0.3801
31.317,1.0670,1.0670,-0.0329,1.4442,1.4442,1.4431,-2.9109,-2.9109,0.3795
31.321,1.0670,1.0670,-0.0328,1.4449,1.4449,1.4442,-2.9109,-2.9109,0.3790
31.324,1.0661,1.0661,-0.0327,1.4363,1.4363,1.4449,-2.8796,-2.8796,0.3786
31.328,1.0661,1.0661,-0.0327,1.4366,1.4366,1.4363,-2.8796,-2.8796,0.3782
31.331,1.0661,1.0661,-0.0326,1.4366,1.4366,1.4366,-2.8796,-2.8796,0.3778
31.335,1.0661,1.0661,-0.0325,1.4363,1.4363,1.4366,-2.8796,-2.8796,0.3774
31.339,1.0661,1.0661,-0.0324,1.4358,1.4358,1.4363,-2.8796,-2.8796,0.3770
31.343,1.0633,1.0633,-0.0323,1.4227,1.4227,1.4358,-2.8216,-2.8216,0.3766
31.348,1.0633,1.0633,-0.0322,1.4210,1.4210,1.4227,-2.8216,-2.8216,0.3761
31.354,1.0633,1.0633,-0.0321,1.4186,1.4186,1.4210,-2.8216,-2.8216,0.3755
31.358,1.0633,1.0633,-0.0320,1.4164,1.4164,1.4186,-2.8216,-2.8216,0.3750
31.362,1.0633,1.0633,-0.0319,1.4141,1.4141,1.4164,-2.8216,-2.8216,0.3745
31.366,1.0577,1.0577,-0.0318,1.3951,1.3951,1.4141,-2.7233,-2.7233,0.3741
31.373,1.0577,1.0577,-0.0318,1.3889,1.3889,1.3951,-2.7233,-2.7233,0.3737
31.378,1.0577,1.0577,-0.0316,1.3844,1.3844,1.3889,-2.7233,-2.7233,0.3730
31.386,1.0524,1.0524,-0.0315,1.3600,1.3600,1.3844,-2.6243,-2.6243,0.3725
31.391,1.0524,1.0524,-0.0314,1.3539,1.3539,1.3600,-2.6243,-2.6243,0.3717
31.394,1.0524,1.0524,-0.0313,1.3497,1.3497,1.3539,-2.6243,-2.6243,0.3713
31.397,1.0524,1.0524,-0.0312,1.3453,1.3453,1.3497,-2.6243,-2.6243,0.3710
31.401,1.0524,1.0524,-0.0311,1.3398,1.3398,1.3453,-2.6243,-2.6243,0.3706
31.405,1.0459,1.0459,-0.0310,1.3176,1.3176,1.3398,-2.5015,-2.5015,0.3703
31.408,1.0459,1.0459,-0.0310,1.3116,1.3116,1.3176,-2.5015,-2.5015,0.3700
31.412,1.0459,1.0459,-0.0309,1.3063,1.3063,1.3116,-2.5015,-2.5015,0.3697
31.416,1.0459,1.0459,-0.0309,1.2989,1.2989,1.3063,-2.5015,-2.5015,0.3694
31.420,1.0459,1.0459,-0.0308,1.2917,1.2917,1.2989,-2.5015,-2.5015,0.3690
31.423,1.0383,1.0383,-0.0307,1.2667,1.2667,1.2917,-2.3543,-2.3543,0.3687
31.427,1.0383,1.0383,-0.0306,1.2592,1.2592,1.2667,-2.3543,-2.3543,0.3684
31.430,1.0383,1.0383,-0.0306,1.2522,1.2522,1.2592,-2.3543,-2.3543,0.3682
31.434,1.0383,1.0383,-0.0305,1.2442,1.2442,1.2522,-2.3543,-2.3543,0.3679
31.437,1.0383,1.0383,-0.0304,1.2364,1.2364,1.2442,-2.3543,-2.3543,0.3676
31.441,1.0383,1.0383,-0.0304,1.2290,1.2290,1.2364,-2.3543,-2.3543,0.3674
31.444,1.0292,1.0292,-0.0303,1.2007,1.2007,1.2290,-2.1704,-2.1704,0.3671
31.449,1.0292,1.0292,-0.0303,1.1862,1.1862,1.2007,-2.1704,-2.1704,0.3669
31.454,1.0293,1.0293,-0.0302,1.1753,1.1753,1.1862,-2.1704,-2.1704,0.3665
31.457,1.0293,1.0293,-0.0301,1.1665,1.1665,1.1753,-2.1704,-2.1704,0.3662
31.460,1.0293,1.0293,-0.0300,1.1578,1.1578,1.1665,-2.1704,-2.1704,0.3660
31.463,1.0193,1.0193,-0.0300,1.1264,1.1264,1.1578,-1.9538,-1.9538,0.3658
31.467,1.0193,1.0193,-0.0299,1.1141,1.1141,1.1264,-1.9538,-1.9538,0.3656
31.471,1.0193,1.0193,-0.0298,1.1036,1.1036,1.1141,-1.9538,-1.9538,0.3654
31.474,1.0193,1.0193,-0.0298,1.0936,1.0936,1.1036,-1.9538,-1.9538,0.3652
31.478,1.0193,1.0193,-0.0297,1.0808,1.0808,1.0936,-1.9538,-1.9538,0.3651
31.483,1.0108,1.0108,-0.0297,1.0447,1.0447,1.0808,-1.7392,-1.7392,0.3649
31.491,1.0108,1.0108,-0.0296,1.0166,1.0166,1.0447,-1.7392,-1.7392,0.3646
31.496,1.0108,1.0108,-0.0295,0.9982,0.9982,1.0166,-1.7392,-1.7392,0.3643
31.501,1.0108,1.0108,-0.0294,0.9789,0.9789,0.9982,-1.7392,-1.7392,0.3641
31.504,1.0019,1.0019,-0.0293,0.9447,0.9447,0.9789,-1.4910,-1.4910,0.3639
31.509,1.0019,1.0019,-0.0293,0.9264,0.9264,0.9447,-1.4910,-1.4910,0.3638
31.512,1.0019,1.0019,-0.0292,0.9117,0.9117,0.9264,-1.4910,-1.4910,0.3637
31.516,1.0019,1.0019,-0.0291,0.8979,0.8979,0.9117,-1.4910,-1.4910,0.3636
31.519,1.0019,1.0019,-0.0291,0.8809,0.8809,0.8979,-1.4910,-1.4910,0.3635
31.525,0.9949,0.9949,-0.0290,0.8354,0.8354,0.8809,-1.2452,-1.2452,0.3633
31.529,0.9949,0.9949,-0.0289,0.8174,0.8174,0.8354,-1.2452,-1.2452,0.3633
31.533,0.9949,0.9949,-0.0289,0.8006,0.8006,0.8174,-1.2452,-1.2452,0.3632
31.537,0.9949,0.9949,-0.0288,0.7836,0.7836,0.8006,-1.2452,-1.2452,0.3631
31.541,0.9949,0.9949,-0.0288,0.7636,0.7636,0.7836,-1.2452,-1.2452,0.3631
31.544,0.9894,0.9894,-0.0287,0.7286,0.7286,0.7636,-0.9933,-0.9933,0.3630
31.548,0.9894,0.9894,-0.0287,0.7090,0.7090,0.7286,-0.9933,-0.9933,0.3630
31.552,0.9894,0.9894,-0.0286,0.6901,0.6901,0.7090,-0.9933,-0.9933,0.3630
31.555,0.9894,0.9894,-0.0286,0.6724,0.6724,0.6901,-0.9933,-0.9933,0.3630
31.558,0.9894,0.9894,-0.0285,0.6546,0.6546,0.6724,-0.9933,-0.9933,0.3630
31.561,0.9894,0.9894,-0.0285,0.6377,0.6377,0.6546,-0.9933,-0.9933,0.3629
31.565,0.9854,0.9854,-0.0284,0.6036,0.6036,0.6377,-0.7285,-0.7285,0.3629
31.569,0.9854,0.9854,-0.0284,0.5789,0.5789,0.6036,-0.7285,-0.7285,0.3630
31.573,0.9854,0.9854,-0.0283,0.5546,0.5546,0.5789,-0.7285,-0.7285,0.3630
31.577,0.9854,0.9854,-0.0283,0.5339,0.5339,0.5546,-0.7285,-0.7285,0.3630
31.580,0.9854,0.9854,-0.0282,0.5143,0.5143,0.5339,-0.7285,-0.7285,0.3631
31.584,0.9825,0.9825,-0.0282,0.4747,0.4747,0.5143,-0.4317,-0.4317,0.3631
31.588,0.9825,0.9825,-0.0281,0.4453,0.4453,0.4747,-0.4317,-0.4317,0.3632
31.593,0.9825,0.9825,-0.0281,0.4170,0.4170,0.4453,-0.4317,-0.4317,0.3633
31.600,0.9825,0.9825,-0.0280,0.3664,0.3664,0.4170,-0.4317,-0.4317,0.3634
31.606,0.9811,0.9811,-0.0279,0.3112,0.3112,0.3664,-0.1066,-0.1066,0.3636
31.610,0.9811,0.9811,-0.0278,0.2829,0.2829,0.3112,-0.1066,-0.1066,0.3638
31.613,0.9811,0.9811,-0.0278,0.2600,0.2600,0.2829,-0.1066,-0.1066,0.3640
31.616,0.9811,0.9811,-0.0278,0.2346,0.2346,0.2600,-0.1066,-0.1066,0.3641
31.620,0.9811,0.9811,-0.0277,0.2081,0.2081,0.2346,-0.1066,-0.1066,0.3642
31.623,0.9813,0.9813,-0.0277,0.1675,0.1675,0.2081,0.2486,0.2486,0.3644
31.627,0.9813,0.9813,-0.0276,0.1387,0.1387,0.1675,0.2486,0.2486,0.3646
31.630,0.9813,0.9813,-0.0276,0.1144,0.1144,0.1387,0.2486,0.2486,0.3648
31.634,0.9813,0.9813,-0.0275,0.0855,0.0855,0.1144,0.2486,0.2486,0.3650
31.638,0.9813,0.9813,-0.0275,0.0520,0.0520,0.0855,0.2486,0.2486,0.3652
31.643,0.9838,0.9838,-0.0274,-0.0004,-0.0004,0.0520,0.6135,0.6135,0.3654
31.649,0.9838,0.9838,-0.0274,-0.0482,-0.0482,0.0000,0.6135,0.6135,0.3657
31.654,0.9838,0.9838,-0.0273,-0.0938,-0.0938,0.0000,0.6135,0.6135,0.3662
31.657,0.9838,0.9838,-0.0272,-0.1239,-0.1239,0.0000,0.6135,0.6135,0.3666
31.661,0.9838,0.9838,-0.0272,-0.1522,-0.1522,0.0000,0.6135,0.6135,0.3668
31.664,0.9883,0.9883,-0.0272,-0.1932,-0.1932,0.0000,0.9826,0.9826,0.3671
31.669,0.9883,0.9883,-0.0271,-0.2418,-0.2418,0.0000,0.9826,0.9826,0.3673
31.673,0.9883,0.9883,-0.0271,-0.2736,-0.2736,0.0000,0.9826,0.9826,0.3678
31.678,0.9883,0.9883,-0.0270,-0.3274,-0.3274,0.0000,0.9826,0.9826,0.3681
31.684,0.9945,0.9945,-0.0269,-0.3925,-0.3925,0.0000,1.3617,1.3617,0.3686
31.689,0.9945,0.9945,-0.0269,-0.4410,-0.4410,0.0000,1.3617,1.3617,0.3692
31.693,0.9945,0.9945,-0.0268,-0.4798,-0.4798,0.0000,1.3617,1.3617,0.3698
31.697,0.9945,0.9945,-0.0268,-0.5259,-0.5259,0.0000,1.3617,1.3617,0.3702
31.705,1.0022,1.0022,-0.0267,-0.6142,-0.6142,0.0000,1.7529,1.7529,0.3707
31.709,1.0022,1.0022,-0.0266,-0.6564,-0.6564,0.0000,1.7529,1.7529,0.3716
31.712,1.0022,1.0022,-0.0266,-0.6932,-0.6932,0.0000,1.7529,1.7529,0.3721
31.717,1.0022,1.0022,-0.0265,-0.7420,-0.7420,0.0000,1.7529,1.7529,0.3725
31.721,1.0022,1.0022,-0.0265,-0.7852,-0.7852,0.0000,1.7529,1.7529,0.3731
31.724,1.0112,1.0112,-0.0264,-0.8280,-0.8280,0.0000,2.1521,2.1521,0.3736
31.728,1.0112,1.0112,-0.0264,-0.8695,-0.8695,0.0000,2.1521,2.1521,0.3740
31.731,1.0112,1.0112,-0.0263,-0.9080,-0.9080,0.0000,2.1521,2.1521,0.3745
31.735,1.0112,1.0112,-0.0263,-0.9494,-0.9494,0.0000,2.1521,2.1521,0.3750
31.738,1.0112,1.0112,-0.0262,-0.9887,-0.9887,0.0000,2.1521,2.1521,0.3755
31.741,1.0112,1.0112,-0.0262,-1.0282,-1.0282,0.0000,2.1521,2.1521,0.3760
31.746,1.0209,1.0209,-0.0262,-1.0908,-1.0908,0.0000,2.5362,2.5362,0.3765
31.752,1.0209,1.0209,-0.0261,-1.1578,-1.1578,0.0000,2.5362,2.5362,0.3772
31.755,1.0209,1.0209,-0.0260,-1.2012,-1.2012,0.0000,2.5362,2.5362,0.3781
31.759,1.0209,1.0209,-0.0260,-1.2459,-1.2459,0.0000,2.5362,2.5362,0.3786
31.762,1.0209,1.0209,-0.0259,-1.2895,-1.2895,0.0000,2.5362,2.5362,0.3792
31.766,1.0309,1.0309,-0.0259,-1.3422,-1.3422,0.0000,2.8995,2.8995,0.3797
31.771,1.0309,1.0309,-0.0258,-1.4026,-1.4026,0.0000,2.8995,2.8995,0.3804
31.775,1.0309,1.0309,-0.0258,-1.4548,-1.4548,0.0000,2.8995,2.8995,0.3812
31.778,1.0309,1.0309,-0.0257,-1.4988,-1.4988,0.0000,2.8995,2.8995,0.3819
31.782,1.0309,1.0309,-0.0257,-1.5398,-1.5398,0.0000,2.8995,2.8995,0.3825
31.785,1.0405,1.0405,-0.0256,-1.5839,-1.5839,0.0000,3.2307,3.2307,0.3830
31.789,1.0405,1.0405,-0.0256,-1.6305,-1.6305,0.0000,3.2307,3.2307,0.3838
31.792,1.0405,1.0405,-0.0255,-1.6683,-1.6683,0.0000,3.2307,3.2307,0.3845
31.796,1.0405,1.0405,-0.0255,-1.7066,-1.7066,0.0000,3.2307,3.2307,0.3850
31.801,1.0405,1.0405,-0.0255,-1.7586,-1.7586,0.0000,3.2307,3.2307,0.3857
31.807,1.0496,1.0496,-0.0254,-1.8188,-1.8188,0.0000,3.5582,3.5582,0.3865
31.815,1.0496,1.0496,-0.0253,-1.8803,-1.8803,0.0000,3.5582,3.5582,0.3879
31.819,1.0496,1.0496,-0.0252,-1.9072,-1.9072,0.0000,3.5582,3.5582,0.3894
31.822,1.0496,1.0496,-0.0251,-1.9301,-1.9301,0.0000,3.5582,3.5582,0.3901
31.826,1.0578,1.0578,-0.0251,-1.9416,-1.9416,0.0000,3.8835,3.8835,0.3908
31.835,1.0578,1.0578,-0.0250,-1.9736,-1.9736,0.0000,3.8835,3.8835,0.3916
31.840,1.0578,1.0578,-0.0249,-1.9876,-1.9876,0.0000,3.8835,3.8835,0.3934
31.844,1.0648,1.0648,-0.0249,-1.9848,-1.9848,0.0000,4.1893,4.1893,0.3946
31.848,1.0648,1.0648,-0.0248,-1.9887,-1.9887,0.0000,4.1893,4.1893,0.3954
31.852,1.0648,1.0648,-0.0248,-1.9901,-1.9901,0.0000,4.1893,4.1893,0.3962
31.855,1.0648,1.0648,-0.0247,-1.9898,-1.9898,0.0000,4.1893,4.1893,0.3970
31.858,1.0648,1.0648,-0.0247,-1.9880,-1.9880,0.0000,4.1893,4.1893,0.3978
31.862,1.0648,1.0648,-0.0246,-1.9847,-1.9847,0.0000,4.1893,4.1893,0.3985
31.865,1.0704,1.0704,-0.0246,-1.9690,-1.9690,0.0000,4.4656,4.4656,0.3992
31.870,1.0704,1.0704,-0.0245,-1.9568,-1.9568,0.0000,4.4656,4.4656,0.3999
31.874,1.0704,1.0704,-0.0244,-1.9470,-1.9470,0.0000,4.4656,4.4656,0.4012
31.877,1.0704,1.0704,-0.0244,-1.9368,-1.9368,0.0000,4.4656,4.4656,0.4020
31.880,1.0704,1.0704,-0.0244,-1.9255,-1.9255,0.0000,4.4656,4.4656,0.4028
31.884,1.0745,1.0745,-0.0243,-1.8967,-1.8967,0.0000,4.7027,4.7027,0.4035
31.888,1.0745,1.0745,-0.0243,-1.8803,-1.8803,0.0000,4.7027,4.7027,0.4045
31.891,1.0745,1.0745,-0.0242,-1.8660,-1.8660,0.0000,4.7027,4.7027,0.4054
31.895,1.0745,1.0745,-0.0242,-1.8506,-1.8506,0.0000,4.7027,4.7027,0.4061
31.898,1.0745,1.0745,-0.0241,-1.8345,-1.8345,0.0000,4.7027,4.7027,0.4069
31.902,1.0745,1.0745,-0.0241,-1.8138,-1.8138,0.0000,4.7027,4.7027,0.4076
31.905,1.0773,1.0773,-0.0240,-1.7808,-1.7808,0.0000,4.9147,4.9147,0.4085
31.909,1.0773,1.0773,-0.0240,-1.7583,-1.7583,0.0000,4.9147,4.9147,0.4093
31.913,1.0773,1.0773,-0.0239,-1.7310,-1.7310,0.0000,4.9147,4.9147,0.4102
31.921,1.0773,1.0773,-0.0239,-1.6739,-1.6739,0.0000,4.9147,4.9147,0.4112
31.925,1.0788,1.0788,-0.0238,-1.6329,-1.6329,0.0000,5.1200,5.1200,0.4132
31.929,1.0788,1.0788,-0.0237,-1.6049,-1.6049,0.0000,5.1200,5.1200,0.4141
31.932,1.0788,1.0788,-0.0237,-1.5780,-1.5780,0.0000,5.1200,5.1200,0.4150
31.936,1.0788,1.0788,-0.0236,-1.5480,-1.5480,0.0000,5.1200,5.1200,0.4159
31.939,1.0788,1.0788,-0.0236,-1.5220,-1.5220,0.0000,5.1200,5.1200,0.4169
31.942,1.0788,1.0788,-0.0235,-1.4970,-1.4970,0.0000,5.1200,5.1200,0.4177
31.946,1.0791,1.0791,-0.0235,-1.4554,-1.4554,0.0000,5.3043,5.3043,0.4184
31.951,1.0791,1.0791,-0.0234,-1.4114,-1.4114,0.0000,5.3043,5.3043,0.4193
31.956,1.0791,1.0791,-0.0234,-1.3702,-1.3702,0.0000,5.3043,5.3043,0.4206
31.960,1.0791,1.0791,-0.0233,-1.3313,-1.3313,0.0000,5.3043,5.3043,0.4218
31.964,1.0786,1.0786,-0.0233,-1.2831,-1.2831,0.0000,5.4397,5.4397,0.4229
31.968,1.0786,1.0786,-0.0232,-1.2460,-1.2460,0.0000,5.4397,5.4397,0.4238
31.971,1.0786,1.0786,-0.0232,-1.2168,-1.2168,0.0000,5.4397,5.4397,0.4249
31.975,1.0786,1.0786,-0.0231,-1.1880,-1.1880,0.0000,5.4397,5.4397,0.4257
31.979,1.0786,1.0786,-0.0231,-1.1500,-1.1500,0.0000,5.4397,5.4397,0.4265
31.986,1.0777,1.0777,-0.0230,-1.0695,-1.0695,0.0000,5.5214,5.5214,0.4276
31.990,1.0777,1.0777,-0.0229,-1.0336,-1.0336,0.0000,5.5214,5.5214,0.4293
31.993,1.0777,1.0777,-0.0229,-1.0041,-1.0041,0.0000,5.5214,5.5214,0.4303
31.996,1.0777,1.0777,-0.0228,-0.9705,-0.9705,0.0000,5.5214,5.5214,0.4311
32.000,1.0777,1.0777,-0.0228,-0.9349,-0.9349,0.0000,5.5214,5.5214,0.4320
32.004,1.0786,1.0786,-0.0228,-0.8829,-0.8829,0.0000,5.4018,5.4018,0.4329
32.008,1.0786,1.0786,-0.0227,-0.8465,-0.8465,0.0000,5.4018,5.4018,0.4338
32.012,1.0786,1.0786,-0.0227,-0.8083,-0.8083,0.0000,5.4018,5.4018,0.4347
32.016,1.0786,1.0786,-0.0226,-0.7735,-0.7735,0.0000,5.4018,5.4018,0.4357
32.020,1.0786,1.0786,-0.0226,-0.7275,-0.7275,0.0000,5.4018,5.4018,0.4366
32.027,1.0875,1.0875,-0.0225,-0.6446,-0.6446,0.0000,4.7635,4.7635,0.4378
32.031,1.0875,1.0875,-0.0224,-0.6082,-0.6082,0.0000,4.7635,4.7635,0.4392
32.035,1.0875,1.0875,-0.0224,-0.5733,-0.5733,0.0000,4.7635,4.7635,0.4399
32.039,1.0875,1.0875,-0.0223,-0.5386,-0.5386,0.0000,4.7635,4.7635,0.4407
32.043,1.0877,1.0877,-0.0223,-0.4814,-0.4814,0.0000,4.6440,4.6440,0.4415
32.047,1.0877,1.0877,-0.0222,-0.4440,-0.4440,0.0000,4.6440,4.6440,0.4423
32.050,1.0877,1.0877,-0.0222,-0.4106,-0.4106,0.0000,4.6440,4.6440,0.4431
32.054,1.0877,1.0877,-0.0221,-0.3789,-0.3789,0.0000,4.6440,4.6440,0.4438
32.058,1.0877,1.0877,-0.0221,-0.3451,-0.3451,0.0000,4.6440,4.6440,0.4444
32.061,1.0877,1.0877,-0.0221,-0.3130,-0.3130,0.0000,4.6440,4.6440,0.4451
32.064,1.0967,1.0967,-0.0220,-0.2689,-0.2689,0.0000,4.0486,4.0486,0.4458
32.069,1.0967,1.0967,-0.0220,-0.2311,-0.2311,0.0000,4.0486,4.0486,0.4463
32.073,1.0967,1.0967,-0.0219,-0.1943,-0.1943,0.0000,4.0486,4.0486,0.4470
32.076,1.0967,1.0967,-0.0219,-0.1628,-0.1628,0.0000,4.0486,4.0486,0.4477
32.080,1.0967,1.0967,-0.0218,-0.1337,-0.1337,0.0000,4.0486,4.0486,0.4482
32.083,1.0986,1.0986,-0.0218,-0.0867,-0.0867,0.0000,3.8142,3.8142,0.4487
32.087,1.0986,1.0986,-0.0217,-0.0496,-0.0496,0.0000,3.8142,3.8142,0.4493
32.091,1.0986,1.0986,-0.0217,-0.0205,-0.0205,0.0000,3.8142,3.8142,0.4499
32.094,1.0986,1.0986,-0.0217,0.0075,0.0075,0.0000,3.8142,3.8142,0.4504
32.097,1.0986,1.0986,-0.0216,0.0347,0.0347,0.0075,3.8142,3.8142,0.4508
32.101,1.0986,1.0986,-0.0216,0.0653,0.0653,0.0347,3.8142,3.8142,0.4513
32.105,1.1002,1.1002,-0.0215,0.1173,0.1173,0.0653,3.5838,3.5838,0.4518
32.111,1.1002,1.1002,-0.0215,0.1639,0.1639,0.1173,3.5838,3.5838,0.4524
32.115,1.1002,1.1002,-0.0214,0.2027,0.2027,0.1639,3.5838,3.5838,0.4531
32.119,1.1002,1.1002,-0.0214,0.2354,0.2354,0.2027,3.5838,3.5838,0.4537
32.123,1.1014,1.1014,-0.0213,0.2765,0.2765,0.2354,3.3551,3.3551,0.4542
32.128,1.1014,1.1014,-0.0213,0.3172,0.3172,0.2765,3.3551,3.3551,0.4546
32.136,1.1014,1.1014,-0.0212,0.3842,0.3842,0.3172,3.3551,3.3551,0.4552
32.142,1.1014,1.1014,-0.0211,0.4315,0.4315,0.3842,3.3551,3.3551,0.4561
32.145,1.1021,1.1021,-0.0210,0.4697,0.4697,0.4315,3.1284,3.1284,0.4568
32.150,1.1021,1.1021,-0.0210,0.5021,0.5021,0.4697,3.1284,3.1284,0.4572
32.154,1.1021,1.1021,-0.0210,0.5330,0.5330,0.5021,3.1284,3.1284,0.4576
32.157,1.1021,1.1021,-0.0209,0.5605,0.5605,0.5330,3.1284,3.1284,0.4580
32.161,1.1021,1.1021,-0.0209,0.5847,0.5847,0.5605,3.1284,3.1284,0.4584
32.164,1.1022,1.1022,-0.0208,0.6195,0.6195,0.5847,2.9031,2.9031,0.4588
32.169,1.1022,1.1022,-0.0208,0.6593,0.6593,0.6195,2.9031,2.9031,0.4590
32.173,1.1022,1.1022,-0.0207,0.6847,0.6847,0.6593,2.9031,2.9031,0.4595
32.176,1.1022,1.1022,-0.0207,0.7068,0.7068,0.6847,2.9031,2.9031,0.4599
32.179,1.1022,1.1022,-0.0207,0.7298,0.7298,0.7068,2.9031,2.9031,0.4600
32.183,1.1020,1.1020,-0.0206,0.7658,0.7658,0.7298,2.5422,2.5422,0.4600
32.187,1.1020,1.1020,-0.0206,0.7938,0.7938,0.7658,2.5422,2.5422,0.4600
32.191,1.1020,1.1020,-0.0205,0.8153,0.8153,0.7938,2.5422,2.5422,0.4600
32.194,1.1020,1.1020,-0.0205,0.8367,0.8367,0.8153,2.5422,2.5422,0.4600
32.198,1.1020,1.1020,-0.0205,0.8664,0.8664,0.8367,2.5422,2.5422,0.4600
32.202,1.1020,1.1020,-0.0204,0.8915,0.8915,0.8664,2.5422,2.5422,0.4600
32.206,1.1008,1.1008,-0.0204,0.9219,0.9219,0.8915,2.3247,2.3247,0.4600
32.209,1.1008,1.1008,-0.0203,0.9456,0.9456,0.9219,2.3247,2.3247,0.4600
32.213,1.1008,1.1008,-0.0203,0.9663,0.9663,0.9456,2.3247,2.3247,0.4600
32.216,1.1008,1.1008,-0.0203,0.9874,0.9874,0.9663,2.3247,2.3247,0.4600
32.220,1.1008,1.1008,-0.0202,1.0087,1.0087,0.9874,2.3247,2.3247,0.4600
32.223,1.0999,1.0999,-0.0202,1.0368,1.0368,1.0087,2.2283,2.2283,0.4600
32.227,1.0999,1.0999,-0.0201,1.0579,1.0579,1.0368,2.2283,2.2283,0.4600
32.231,1.0999,1.0999,-0.0201,1.0859,1.0859,1.0579,2.2283,2.2283,0.4600
32.239,1.0999,1.0999,-0.0201,1.1285,1.1285,1.0859,2.2283,2.2283,0.4600
32.242,1.0999,1.0999,-0.0200,1.1469,1.1469,1.1285,2.2283,2.2283,0.4600
32.247,1.0943,1.0943,-0.0199,1.1783,1.1783,1.1469,1.7774,1.7774,0.4600
32.252,1.0943,1.0943,-0.0199,1.2050,1.2050,1.1783,1.7774,1.7774,0.4600
32.256,1.0943,1.0943,-0.0198,1.2275,1.2275,1.2050,1.7774,1.7774,0.4600
32.263,1.0956,1.0956,-0.0198,1.2675,1.2675,1.2275,1.8156,1.8156,0.4600
32.269,1.0956,1.0956,-0.0197,1.3015,1.3015,1.2675,1.8156,1.8156,0.4600
32.274,1.0956,1.0956,-0.0197,1.3212,1.3212,1.3015,1.8156,1.8156,0.4600
32.278,1.0956,1.0956,-0.0196,1.3442,1.3442,1.3212,1.8156,1.8156,0.4600
32.283,1.0930,1.0930,-0.0196,1.3692,1.3692,1.3442,1.6521,1.6521,0.4600
32.287,1.0930,1.0930,-0.0195,1.3879,1.3879,1.3692,1.6521,1.6521,0.4600
32.293,1.0930,1.0930,-0.0195,1.4145,1.4145,1.3879,1.6521,1.6521,0.4600
32.296,1.0930,1.0930,-0.0194,1.4282,1.4282,1.4145,1.6521,1.6521,0.4600
32.300,1.0930,1.0930,-0.0194,1.4429,1.4429,1.4282,1.6521,1.6521,0.4600
32.303,1.0904,1.0904,-0.0194,1.4634,1.4634,1.4429,1.5021,1.5021,0.4600
32.308,1.0904,1.0904,-0.0193,1.4822,1.4822,1.4634,1.5021,1.5021,0.4600
32.312,1.0904,1.0904,-0.0193,1.4956,1.4956,1.4822,1.5021,1.5021,0.4600
32.315,1.0904,1.0904,-0.0193,1.5078,1.5078,1.4956,1.5021,1.5021,0.4600
32.318,1.0904,1.0904,-0.0192,1.5214,1.5214,1.5078,1.5021,1.5021,0.4600
32.322,1.0904,1.0904,-0.0192,1.5337,1.5337,1.5214,1.5021,1.5021,0.4600
32.325,1.0879,1.0879,-0.0192,1.5501,1.5501,1.5337,1.3620,1.3620,0.4600
32.329,1.0879,1.0879,-0.0191,1.5629,1.5629,1.5501,1.3620,1.3620,0.4600
32.332,1.0879,1.0879,-0.0191,1.5736,1.5736,1.5629,1.3620,1.3620,0.4600
32.337,1.0879,1.0879,-0.0191,1.5901,1.5901,1.5736,1.3620,1.3620,0.4600
32.344,1.0855,1.0855,-0.0190,1.6185,1.6185,1.5901,1.2281,1.2281,0.4600
32.348,1.0855,1.0855,-0.0190,1.6304,1.6304,1.6185,1.2281,1.2281,0.4600
32.353,1.0855,1.0855,-0.0189,1.6439,1.6439,1.6304,1.2281,1.2281,0.4600
32.357,1.0855,1.0855,-0.0189,1.6554,1.6554,1.6439,1.2281,1.2281,0.4600
32.361,1.0855,1.0855,-0.0189,1.6657,1.6657,1.6554,1.2281,1.2281,0.4600
32.364,1.0832,1.0832,-0.0188,1.6795,1.6795,1.6657,1.0984,1.0984,0.4600
32.370,1.0832,1.0832,-0.0188,1.6949,1.6949,1.6795,1.0984,1.0984,0.4600
32.375,1.0832,1.0832,-0.0188,1.7048,1.7048,1.6949,1.0984,1.0984,0.4600
32.378,1.0832,1.0832,-0.0187,1.7132,1.7132,1.7048,1.0984,1.0984,0.4600
32.382,1.0832,1.0832,-0.0187,1.7219,1.7219,1.7132,1.0984,1.0984,0.4600
32.387,1.0811,1.0811,-0.0187,1.7362,1.7362,1.7219,0.9701,0.9701,0.4600
32.392,1.0811,1.0811,-0.0186,1.7459,1.7459,1.7362,0.9701,0.9701,0.4600
32.396,1.0811,1.0811,-0.0186,1.7539,1.7539,1.7459,0.9701,0.9701,0.4600
32.403,1.0811,1.0811,-0.0186,1.7659,1.7659,1.7539,0.9701,0.9701,0.4600
32.408,1.0792,1.0792,-0.0185,1.7778,1.7778,1.7659,0.8412,0.8412,0.4600
32.415,1.0792,1.0792,-0.0185,1.7887,1.7887,1.7778,0.8412,0.8412,0.4600
32.421,1.0792,1.0792,-0.0184,1.7973,1.7973,1.7887,0.8412,0.8412,0.4600
32.426,1.0786,1.0786,-0.0184,1.8049,1.8049,1.7973,0.7974,0.7974,0.4600
32.433,1.0786,1.0786,-0.0183,1.8125,1.8125,1.8049,0.7974,0.7974,0.4600
32.439,1.0786,1.0786,-0.0183,1.8183,1.8183,1.8125,0.7974,0.7974,0.4600
32.447,1.0780,1.0780,-0.0182,1.8267,1.8267,1.8183,0.7477,0.7477,0.4600
32.453,1.0780,1.0780,-0.0182,1.8300,1.8300,1.8267,0.7477,0.7477,0.4600
32.458,1.0780,1.0780,-0.0181,1.8321,1.8321,1.8300,0.7477,0.7477,0.4600
32.463,1.0775,1.0775,-0.0181,1.8367,1.8367,1.8321,0.6897,0.6897,0.4600
32.468,1.0775,1.0775,-0.0181,1.8376,1.8376,1.8367,0.6897,0.6897,0.4600
32.472,1.0775,1.0775,-0.0180,1.8379,1.8379,1.8376,0.6897,0.6897,0.4600
32.475,1.0775,1.0775,-0.0180,1.8379,1.8379,1.8379,0.6897,0.6897,0.4600
32.489,1.0772,1.0772,-0.0180,1.8355,1.8355,1.8379,0.7176,0.7176,0.4600
32.497,1.0772,1.0772,-0.0179,1.8316,1.8316,1.8355,0.7176,0.7176,0.4600
32.502,1.0772,1.0772,-0.0178,1.8276,1.8276,1.8316,0.7176,0.7176,0.4600
32.506,1.0772,1.0772,-0.0178,1.8278,1.8278,1.8276,0.6437,0.6437,0.4600
32.511,1.0772,1.0772,-0.0178,1.8235,1.8235,1.8278,0.6437,0.6437,0.4600
32.515,1.0772,1.0772,-0.0177,1.8192,1.8192,1.8235,0.6437,0.6437,0.4600
32.519,1.0772,1.0772,-0.0177,1.8150,1.8150,1.8192,0.6437,0.6437,0.4600
32.522,1.0772,1.0772,-0.0177,1.8106,1.8106,1.8150,0.6437,0.6437,0.4600
32.526,1.0773,1.0773,-0.0176,1.8094,1.8094,1.8106,0.5706,0.5706,0.4600
32.530,1.0773,1.0773,-0.0176,1.8035,1.8035,1.8094,0.5706,0.5706,0.4600
32.534,1.0773,1.0773,-0.0176,1.7972,1.7972,1.8035,0.5706,0.5706,0.4600
32.538,1.0773,1.0773,-0.0176,1.7906,1.7906,1.7972,0.5706,0.5706,0.4600
32.542,1.0773,1.0773,-0.0175,1.7818,1.7818,1.7906,0.5706,0.5706,0.4600
32.547,1.0782,1.0782,-0.0175,1.7760,1.7760,1.7818,0.4201,0.4201,0.4600
32.555,1.0782,1.0782,-0.0175,1.7594,1.7594,1.7760,0.4201,0.4201,0.4600
32.558,1.0782,1.0782,-0.0174,1.7512,1.7512,1.7594,0.4201,0.4201,0.4600
32.563,1.0777,1.0777,-0.0174,1.7436,1.7436,1.7512,0.4230,0.4230,0.4600
32.568,1.0777,1.0777,-0.0174,1.7305,1.7305,1.7436,0.4230,0.4230,0.4600
32.571,1.0777,1.0777,-0.0173,1.7202,1.7202,1.7305,0.4230,0.4230,0.4600
32.575,1.0777,1.0777,-0.0173,1.7089,1.7089,1.7202,0.4230,0.4230,0.4600
32.579,1.0777,1.0777,-0.0173,1.6988,1.6988,1.7089,0.4230,0.4230,0.4600
32.582,1.0777,1.0777,-0.0173,1.6888,1.6888,1.6988,0.4230,0.4230,0.4600
32.586,1.0782,1.0782,-0.0172,1.6802,1.6802,1.6888,0.3305,0.3305,0.4600
32.590,1.0782,1.0782,-0.0172,1.6661,1.6661,1.6802,0.3305,0.3305,0.4600
32.596,1.0782,1.0782,-0.0172,1.6453,1.6453,1.6661,0.3305,0.3305,0.4600
32.599,1.0782,1.0782,-0.0172,1.6326,1.6326,1.6453,0.3305,0.3305,0.4600
32.603,1.0769,1.0769,-0.0171,1.6216,1.6216,1.6326,0.4001,0.4001,0.4600
32.608,1.0769,1.0769,-0.0171,1.6023,1.6023,1.6216,0.4001,0.4001,0.4598
32.611,1.0769,1.0769,-0.0171,1.5879,1.5879,1.6023,0.4001,0.4001,0.4596
32.614,1.0769,1.0769,-0.0171,1.5742,1.5742,1.5879,0.4001,0.4001,0.4595
32.618,1.0769,1.0769,-0.0170,1.5580,1.5580,1.5742,0.4001,0.4001,0.4594
32.621,1.0769,1.0769,-0.0170,1.5427,1.5427,1.5580,0.4001,0.4001,0.4593
32.624,1.0769,1.0769,-0.0170,1.5304,1.5304,1.5427,0.3281,0.3281,0.4592
32.628,1.0769,1.0769,-0.0170,1.5119,1.5119,1.5304,0.3281,0.3281,0.4590
32.631,1.0769,1.0769,-0.0170,1.4959,1.4959,1.5119,0.3281,0.3281,0.4589
32.636,1.0769,1.0769,-0.0169,1.4724,1.4724,1.4959,0.3281,0.3281,0.4588
32.640,1.0769,1.0769,-0.0169,1.4525,1.4525,1.4724,0.3281,0.3281,0.4586
32.643,1.0766,1.0766,-0.0169,1.4374,1.4374,1.4525,0.2547,0.2547,0.4585
32.647,1.0766,1.0766,-0.0169,1.4161,1.4161,1.4374,0.2547,0.2547,0.4583
32.651,1.0766,1.0766,-0.0168,1.3878,1.3878,1.4161,0.2547,0.2547,0.4582
32.659,1.0766,1.0766,-0.0168,1.3409,1.3409,1.3878,0.2547,0.2547,0.4580
32.662,1.0766,1.0766,-0.0168,1.3192,1.3192,1.3409,0.2547,0.2547,0.4577
32.666,1.0759,1.0759,-0.0168,1.2987,1.2987,1.3192,0.1787,0.1787,0.4575
32.671,1.0759,1.0759,-0.0167,1.2625,1.2625,1.2987,0.1787,0.1787,0.4574
32.674,1.0759,1.0759,-0.0167,1.2366,1.2366,1.2625,0.1787,0.1787,0.4571
32.678,1.0759,1.0759,-0.0167,1.2130,1.2130,1.2366,0.1787,0.1787,0.4570
32.681,1.0759,1.0759,-0.0167,1.1878,1.1878,1.2130,0.1787,0.1787,0.4568
32.685,1.0750,1.0750,-0.0166,1.1568,1.1568,1.1878,0.2393,0.2393,0.4567
32.689,1.0750,1.0750,-0.0166,1.1252,1.1252,1.1568,0.2393,0.2393,0.4565
32.693,1.0750,1.0750,-0.0166,1.0992,1.0992,1.1252,0.2393,0.2393,0.4564
32.696,1.0750,1.0750,-0.0166,1.0726,1.0726,1.0992,0.2393,0.2393,0.4562
32.702,1.0750,1.0750,-0.0166,1.0170,1.0170,1.0726,0.2393,0.2393,0.4561
32.706,1.0739,1.0739,-0.0165,0.9821,0.9821,1.0170,0.2204,0.2204,0.4558
32.710,1.0739,1.0739,-0.0165,0.9474,0.9474,0.9821,0.2204,0.2204,0.4557
32.715,1.0739,1.0739,-0.0165,0.9073,0.9073,0.9474,0.2204,0.2204,0.4555
32.720,1.0739,1.0739,-0.0165,0.8664,0.8664,0.9073,0.2204,0.2204,0.4553
32.724,1.0737,1.0737,-0.0164,0.8386,0.8386,0.8664,0.3302,0.3302,0.4551
32.728,1.0737,1.0737,-0.0164,0.8110,0.8110,0.8386,0.3302,0.3302,0.4550
32.732,1.0737,1.0737,-0.0164,0.7828,0.7828,0.8110,0.3302,0.3302,0.4549
32.736,1.0737,1.0737,-0.0164,0.7580,0.7580,0.7828,0.3302,0.3302,0.4547
32.739,1.0737,1.0737,-0.0164,0.7379,0.7379,0.7580,0.3302,0.3302,0.4546
32.743,1.0723,1.0723,-0.0163,0.7184,0.7184,0.7379,0.2954,0.2954,0.4545
32.751,1.0723,1.0723,-0.0163,0.6834,0.6834,0.7184,0.2954,0.2954,0.4543
32.756,1.0723,1.0723,-0.0163,0.6646,0.6646,0.6834,0.2954,0.2954,0.4541
32.763,1.0706,1.0706,-0.0163,0.6365,0.6365,0.6646,0.2487,0.2487,0.4539
32.768,1.0706,1.0706,-0.0162,0.6194,0.6194,0.6365,0.2487,0.2487,0.4536
32.771,1.0706,1.0706,-0.0162,0.6076,0.6076,0.6194,0.2487,0.2487,0.4534
32.775,1.0706,1.0706,-0.0162,0.5953,0.5953,0.6076,0.2487,0.2487,0.4533
32.779,1.0706,1.0706,-0.0162,0.5835,0.5835,0.5953,0.2487,0.2487,0.4532
32.782,1.0706,1.0706,-0.0161,0.5718,0.5718,0.5835,0.2487,0.2487,0.4530
32.786,1.0729,1.0729,-0.0161,0.5564,0.5564,0.5718,0.3842,0.3842,0.4529
32.790,1.0729,1.0729,-0.0161,0.5446,0.5446,0.5564,0.3842,0.3842,0.4528
32.794,1.0729,1.0729,-0.0161,0.5328,0.5328,0.5446,0.3842,0.3842,0.4527
32.797,1.0729,1.0729,-0.0161,0.5230,0.5230,0.5328,0.3842,0.3842,0.4526
32.801,1.0729,1.0729,-0.0160,0.5126,0.5126,0.5230,0.3842,0.3842,0.4525
32.805,1.0756,1.0756,-0.0160,0.4980,0.4980,0.5126,0.5041,0.5041,0.4524
32.808,1.0756,1.0756,-0.0160,0.4875,0.4875,0.4980,0.5041,0.5041,0.4523
32.812,1.0756,1.0756,-0.0160,0.4790,0.4790,0.4875,0.5041,0.5041,0.4522
32.815,1.0756,1.0756,-0.0160,0.4709,0.4709,0.4790,0.5041,0.5041,0.4521
32.819,1.0756,1.0756,-0.0160,0.4621,0.4621,0.4709,0.5041,0.5041,0.4520
32.822,1.0756,1.0756,-0.0159,0.4544,0.4544,0.4621,0.5041,0.5041,0.4520
32.826,1.0751,1.0751,-0.0159,0.4416,0.4416,0.4544,0.5092,0.5092,0.4519
32.830,1.0751,1.0751,-0.0159,0.4326,0.4326,0.4416,0.5092,0.5092,0.4518
32.834,1.0751,1.0751,-0.0159,0.4250,0.4250,0.4326,0.5092,0.5092,0.4517
32.837,1.0751,1.0751,-0.0159,0.4180,0.4180,0.4250,0.5092,0.5092,0.4516
32.841,1.0751,1.0751,-0.0158,0.4111,0.4111,0.4180,0.5092,0.5092,0.4515
32.844,1.0750,1.0750,-0.0158,0.3991,0.3991,0.4111,0.5188,0.5188,0.4515
32.848,1.0750,1.0750,-0.0158,0.3923,0.3923,0.3991,0.5188,0.5188,0.4514
32.852,1.0750,1.0750,-0.0158,0.3857,0.3857,0.3923,0.5188,0.5188,0.4513
32.857,1.0750,1.0750,-0.0158,0.3777,0.3777,0.3857,0.5188,0.5188,0.4512
32.864,1.0719,1.0719,-0.0158,0.3626,0.3626,0.3777,0.4513,0.4513,0.4511
32.871,1.0719,1.0719,-0.0157,0.3524,0.3524,0.3626,0.4513,0.4513,0.4510
32.876,1.0719,1.0719,-0.0157,0.3465,0.3465,0.3524,0.4513,0.4513,0.4508
32.880,1.0719,1.0719,-0.0157,0.3425,0.3425,0.3465,0.4513,0.4513,0.4507
32.884,1.0750,1.0750,-0.0157,0.3246,0.3246,0.3425,0.5203,0.5203,0.4506
32.889,1.0750,1.0750,-0.0156,0.3200,0.3200,0.3246,0.5203,0.5203,0.4505
32.892,1.0750,1.0750,-0.0156,0.3167,0.3167,0.3200,0.5203,0.5203,0.4504
32.896,1.0750,1.0750,-0.0156,0.3135,0.3135,0.3167,0.5203,0.5203,0.4503
32.905,1.0797,1.0797,-0.0156,0.2897,0.2897,0.3135,0.6181,0.6181,0.4502
32.910,1.0797,1.0797,-0.0155,0.2870,0.2870,0.2897,0.6181,0.6181,0.4501
32.914,1.0797,1.0797,-0.0155,0.2851,0.2851,0.2870,0.6181,0.6181,0.4500
32.919,1.0797,1.0797,-0.0155,0.2833,0.2833,0.2851,0.6181,0.6181,0.4500
32.924,1.0910,1.0910,-0.0155,0.2513,0.2513,0.2833,0.8405,0.8405,0.4499
32.929,1.0910,1.0910,-0.0154,0.2505,0.2505,0.2513,0.8405,0.8405,0.4499
32.936,1.0910,1.0910,-0.0154,0.2504,0.2504,0.2505,0.8405,0.8405,0.4499
32.941,1.0910,1.0910,-0.0154,0.2509,0.2509,0.2504,0.8405,0.8405,0.4498
32.946,1.0892,1.0892,-0.0154,0.2404,0.2404,0.2509,0.8195,0.8195,0.4498
32.952,1.0892,1.0892,-0.0153,0.2421,0.2421,0.2404,0.8195,0.8195,0.4498
32.956,1.0892,1.0892,-0.0153,0.2437,0.2437,0.2421,0.8195,0.8195,0.4498
32.960,1.0892,1.0892,-0.0153,0.2458,0.2458,0.2437,0.8195,0.8195,0.4498
32.966,1.0874,1.0874,-0.0153,0.2372,0.2372,0.2458,0.7998,0.7998,0.4497
32.977,1.0874,1.0874,-0.0152,0.2455,0.2455,0.2372,0.7998,0.7998,0.4497
32.983,1.0874,1.0874,-0.0152,0.2506,0.2506,0.2455,0.7998,0.7998,0.4496
32.987,1.0851,1.0851,-0.0152,0.2444,0.2444,0.2506,0.7728,0.7728,0.4496
32.992,1.0851,1.0851,-0.0151,0.2494,0.2494,0.2444,0.7728,0.7728,0.4496
32.996,1.0851,1.0851,-0.0151,0.2541,0.2541,0.2494,0.7728,0.7728,0.4496
33.002,1.0851,1.0851,-0.0151,0.2609,0.2609,0.2541,0.7728,0.7728,0.4495
33.006,1.0764,1.0764,-0.0151,0.2719,0.2719,0.2609,0.6043,0.6043,0.4495
33.011,1.0764,1.0764,-0.0151,0.2789,0.2789,0.2719,0.6043,0.6043,0.4494
33.016,1.0764,1.0764,-0.0150,0.2852,0.2852,0.2789,0.6043,0.6043,0.4494
33.022,1.0764,1.0764,-0.0150,0.2946,0.2946,0.2852,0.6043,0.6043,0.4493
33.027,1.0750,1.0750,-0.0150,0.2926,0.2926,0.2946,0.5904,0.5904,0.4492
33.034,1.0750,1.0750,-0.0150,0.3046,0.3046,0.2926,0.5904,0.5904,0.4491
33.038,1.0750,1.0750,-0.0150,0.3121,0.3121,0.3046,0.5904,0.5904,0.4490
33.041,1.0750,1.0750,-0.0149,0.3186,0.3186,0.3121,0.5904,0.5904,0.4490
33.046,1.0742,1.0742,-0.0149,0.3150,0.3150,0.3186,0.5958,0.5958,0.4489
33.050,1.0742,1.0742,-0.0149,0.3249,0.3249,0.3150,0.5958,0.5958,0.4488
33.057,1.0742,1.0742,-0.0149,0.3392,0.3392,0.3249,0.5958,0.5958,0.4488
33.062,1.0742,1.0742,-0.0149,0.3494,0.3494,0.3392,0.5958,0.5958,0.4487
33.065,1.0733,1.0733,-0.0148,0.3475,0.3475,0.3494,0.5966,0.5966,0.4486
33.069,1.0733,1.0733,-0.0148,0.3575,0.3575,0.3475,0.5966,0.5966,0.4486
33.074,1.0733,1.0733,-0.0148,0.3687,0.3687,0.3575,0.5966,0.5966,0.4485
33.081,1.0733,1.0733,-0.0148,0.3859,0.3859,0.3687,0.5966,0.5966,0.4484
33.084,1.0730,1.0730,-0.0148,0.3858,0.3858,0.3859,0.6176,0.6176,0.4483
33.089,1.0730,1.0730,-0.0148,0.3983,0.3983,0.3858,0.6176,0.6176,0.4483
33.093,1.0730,1.0730,-0.0147,0.4076,0.4076,0.3983,0.6176,0.6176,0.4482
33.096,1.0730,1.0730,-0.0147,0.4162,0.4162,0.4076,0.6176,0.6176,0.4482
33.099,1.0730,1.0730,-0.0147,0.4256,0.4256,0.4162,0.6176,0.6176,0.4481
33.103,1.0723,1.0723,-0.0147,0.4315,0.4315,0.4256,0.6237,0.6237,0.4481
33.107,1.0723,1.0723,-0.0147,0.4430,0.4430,0.4315,0.6237,0.6237,0.4480
33.110,1.0723,1.0723,-0.0147,0.4524,0.4524,0.4430,0.6237,0.6237,0.4480
33.114,1.0723,1.0723,-0.0147,0.4618,0.4618,0.4524,0.6237,0.6237,0.4480
33.117,1.0723,1.0723,-0.0147,0.4726,0.4726,0.4618,0.6237,0.6237,0.4479
33.121,1.0723,1.0723,-0.0147,0.4833,0.4833,0.4726,0.6237,0.6237,0.4479
33.124,1.0715,1.0715,-0.0146,0.4932,0.4932,0.4833,0.6143,0.6143,0.4478
33.128,1.0715,1.0715,-0.0146,0.5049,0.5049,0.4932,0.6143,0.6143,0.4478
33.131,1.0715,1.0715,-0.0146,0.5148,0.5148,0.5049,0.6143,0.6143,0.4477
33.135,1.0715,1.0715,-0.0146,0.5294,0.5294,0.5148,0.6143,0.6143,0.4477
33.139,1.0715,1.0715,-0.0146,0.5415,0.5415,0.5294,0.6143,0.6143,0.4476
33.142,1.0715,1.0715,-0.0146,0.5522,0.5522,0.5415,0.6143,0.6143,0.4476
33.146,1.0706,1.0706,-0.0146,0.5672,0.5672,0.5522,0.5880,0.5880,0.4476
33.150,1.0706,1.0706,-0.0146,0.5814,0.5814,0.5672,0.5880,0.5880,0.4475
33.153,1.0706,1.0706,-0.0145,0.5936,0.5936,0.5814,0.5880,0.5880,0.4475
33.157,1.0706,1.0706,-0.0145,0.6046,0.6046,0.5936,0.5880,0.5880,0.4474
33.160,1.0706,1.0706,-0.0145,0.6157,0.6157,0.6046,0.5880,0.5880,0.4474
33.163,1.0713,1.0713,-0.0145,0.6272,0.6272,0.6157,0.6869,0.6869,0.4473
33.169,1.0713,1.0713,-0.0145,0.6486,0.6486,0.6272,0.6869,0.6869,0.4473
33.175,1.0713,1.0713,-0.0145,0.6706,0.6706,0.6486,0.6869,0.6869,0.4472
33.183,1.0693,1.0693,-0.0145,0.7173,0.7173,0.6706,0.4974,0.4974,0.4472
33.187,1.0693,1.0693,-0.0144,0.7325,0.7325,0.7173,0.4974,0.4974,0.4470
33.191,1.0693,1.0693,-0.0144,0.7446,0.7446,0.7325,0.4974,0.4974,0.4470
33.194,1.0693,1.0693,-0.0144,0.7566,0.7566,0.7446,0.4974,0.4974,0.4469
33.198,1.0693,1.0693,-0.0144,0.7719,0.7719,0.7566,0.4974,0.4974,0.4469
33.202,1.0693,1.0693,-0.0144,0.7872,0.7872,0.7719,0.4974,0.4974,0.4468
33.208,1.0698,1.0698,-0.0144,0.8197,0.8197,0.7872,0.5909,0.5909,0.4467
33.212,1.0698,1.0698,-0.0144,0.8365,0.8365,0.8197,0.5909,0.5909,0.4466
33.215,1.0698,1.0698,-0.0144,0.8506,0.8506,0.8365,0.5909,0.5909,0.4466
33.219,1.0698,1.0698,-0.0143,0.8655,0.8655,0.8506,0.5909,0.5909,0.4466
33.222,1.0698,1.0698,-0.0143,0.8790,0.8790,0.8655,0.5909,0.5909,0.4465
33.226,1.0679,1.0679,-0.0143,0.9049,0.9049,0.8790,0.3906,0.3906,0.4465
33.231,1.0679,1.0679,-0.0143,0.9245,0.9245,0.9049,0.3906,0.3906,0.4464
33.235,1.0679,1.0679,-0.0143,0.9411,0.9411,0.9245,0.3906,0.3906,0.4463
33.238,1.0679,1.0679,-0.0143,0.9554,0.9554,0.9411,0.3906,0.3906,0.4462
33.241,1.0679,1.0679,-0.0143,0.9686,0.9686,0.9554,0.3906,0.3906,0.4461
33.245,1.0676,1.0676,-0.0143,0.9970,0.9970,0.9686,0.3728,0.3728,0.4460
33.248,1.0676,1.0676,-0.0143,1.0133,1.0133,0.9970,0.3728,0.3728,0.4460
33.252,1.0676,1.0676,-0.0142,1.0287,1.0287,1.0133,0.3728,0.3728,0.4459
33.255,1.0676,1.0676,-0.0142,1.0426,1.0426,1.0287,0.3728,0.3728,0.4458
33.259,1.0676,1.0676,-0.0142,1.0559,1.0559,1.0426,0.3728,0.3728,0.4457
33.263,1.0692,1.0692,-0.0142,1.0944,1.0944,1.0559,0.5340,0.5340,0.4457
33.267,1.0692,1.0692,-0.0142,1.1140,1.1140,1.0944,0.5340,0.5340,0.4456
33.271,1.0692,1.0692,-0.0142,1.1285,1.1285,1.1140,0.5340,0.5340,0.4455
33.274,1.0692,1.0692,-0.0142,1.1424,1.1424,1.1285,0.5340,0.5340,0.4455
33.277,1.0692,1.0692,-0.0142,1.1567,1.1567,1.1424,0.5340,0.5340,0.4454
33.281,1.0692,1.0692,-0.0142,1.1754,1.1754,1.1567,0.5340,0.5340,0.4454
33.290,1.0693,1.0693,-0.0142,1.2304,1.2304,1.1754,0.5598,0.5598,0.4453
33.295,1.0693,1.0693,-0.0141,1.2533,1.2533,1.2304,0.5598,0.5598,0.4452
33.299,1.0693,1.0693,-0.0141,1.2720,1.2720,1.2533,0.5598,0.5598,0.4452
33.303,1.0662,1.0662,-0.0141,1.2994,1.2994,1.2720,0.4216,0.4216,0.4451
33.307,1.0662,1.0662,-0.0141,1.3171,1.3171,1.2994,0.4216,0.4216,0.4450
33.311,1.0662,1.0662,-0.0141,1.3353,1.3353,1.3171,0.4216,0.4216,0.4450
33.315,1.0662,1.0662,-0.0141,1.3517,1.3517,1.3353,0.4216,0.4216,0.4449
33.319,1.0662,1.0662,-0.0141,1.3718,1.3718,1.3517,0.4216,0.4216,0.4448
33.325,1.0668,1.0668,-0.0141,1.4200,1.4200,1.3718,0.4611,0.4611,0.4447
33.331,1.0668,1.0668,-0.0140,1.4468,1.4468,1.4200,0.4611,0.4611,0.4446
33.336,1.0668,1.0668,-0.0140,1.4675,1.4675,1.4468,0.4611,0.4611,0.4445
33.340,1.0668,1.0668,-0.0140,1.4873,1.4873,1.4675,0.4611,0.4611,0.4444
33.344,1.0674,1.0674,-0.0140,1.5209,1.5209,1.4873,0.4986,0.4986,0.4444
33.348,1.0674,1.0674,-0.0140,1.5400,1.5400,1.5209,0.4986,0.4986,0.4443
33.352,1.0674,1.0674,-0.0140,1.5584,1.5584,1.5400,0.4986,0.4986,0.4442
33.360,1.0674,1.0674,-0.0140,1.5955,1.5955,1.5584,0.4986,0.4986,0.4442
33.365,1.0688,1.0688,-0.0140,1.6329,1.6329,1.5955,0.5536,0.5536,0.4441
33.370,1.0688,1.0688,-0.0139,1.6571,1.6571,1.6329,0.5536,0.5536,0.4440
33.374,1.0688,1.0688,-0.0139,1.6737,1.6737,1.6571,0.5536,0.5536,0.4440
33.377,1.0688,1.0688,-0.0139,1.6899,1.6899,1.6737,0.5536,0.5536,0.4439
33.382,1.0688,1.0688,-0.0139,1.7126,1.7126,1.6899,0.5536,0.5536,0.4439
33.392,1.0710,1.0710,-0.0139,1.7693,1.7693,1.7126,0.6290,0.6290,0.4438
33.397,1.0710,1.0710,-0.0139,1.7925,1.7925,1.7693,0.6290,0.6290,0.4437
33.401,1.0710,1.0710,-0.0139,1.8125,1.8125,1.7925,0.6290,0.6290,0.4437
33.405,1.0721,1.0721,-0.0139,1.8361,1.8361,1.8125,0.6703,0.6703,0.4437
33.409,1.0721,1.0721,-0.0139,1.8561,1.8561,1.8361,0.6703,0.6703,0.4436
33.413,1.0721,1.0721,-0.0138,1.8720,1.8720,1.8561,0.6703,0.6703,0.4436
33.417,1.0721,1.0721,-0.0138,1.8926,1.8926,1.8720,0.6703,0.6703,0.4436
33.421,1.0721,1.0721,-0.0138,1.9105,1.9105,1.8926,0.6703,0.6703,0.4436
33.425,1.0656,1.0656,-0.0138,1.9304,1.9304,1.9105,0.5163,0.5163,0.4436
33.429,1.0656,1.0656,-0.0138,1.9505,1.9505,1.9304,0.5163,0.5163,0.4435
33.435,1.0656,1.0656,-0.0138,1.9757,1.9757,1.9505,0.5163,0.5163,0.4435
33.439,1.0656,1.0656,-0.0138,1.9973,1.9973,1.9757,0.5163,0.5163,0.4434
33.443,1.0519,1.0519,-0.0138,2.0227,2.0227,1.9973,0.1831,0.1831,0.4433
33.447,1.0519,1.0519,-0.0138,2.0420,2.0420,2.0227,0.1831,0.1831,0.4432
33.452,1.0519,1.0519,-0.0138,2.0613,2.0613,2.0420,0.1831,0.1831,0.4431
33.455,1.0519,1.0519,-0.0138,2.0778,2.0778,2.0613,0.1831,0.1831,0.4430
33.459,1.0519,1.0519,-0.0137,2.0941,2.0941,2.0778,0.1831,0.1831,0.4429
33.462,1.0519,1.0519,-0.0137,2.1105,2.1105,2.0941,0.1831,0.1831,0.4428
33.467,1.0602,1.0602,-0.0137,2.1204,2.1204,2.1105,0.3802,0.3802,0.4427
33.472,1.0602,1.0602,-0.0137,2.1398,2.1398,2.1204,0.3802,0.3802,0.4426
33.476,1.0602,1.0602,-0.0137,2.1600,2.1600,2.1398,0.3802,0.3802,0.4425
33.481,1.0602,1.0602,-0.0137,2.1830,2.1830,2.1600,0.3802,0.3802,0.4424
33.486,1.0471,1.0471,-0.0137,2.2162,2.2162,2.1830,0.0605,0.0605,0.4423
33.491,1.0471,1.0471,-0.0137,2.2388,2.2388,2.2162,0.0605,0.0605,0.4422
33.499,1.0471,1.0471,-0.0137,2.2765,2.2765,2.2388,0.0605,0.0605,0.4420
33.503,1.0511,1.0511,-0.0137,2.2795,2.2795,2.2765,0.1497,0.1497,0.4417
33.510,1.0511,1.0511,-0.0137,2.3096,2.3096,2.2795,0.1497,0.1497,0.4416
33.514,1.0511,1.0511,-0.0137,2.3273,2.3273,2.3096,0.1497,0.1497,0.4414
33.518,1.0511,1.0511,-0.0137,2.3455,2.3455,2.3273,0.1497,0.1497,0.4413
33.521,1.0511,1.0511,-0.0137,2.3604,2.3604,2.3455,0.1497,0.1497,0.4411
33.525,1.0549,1.0549,-0.0137,2.3567,2.3567,2.3604,0.2477,0.2477,0.4410
33.529,1.0549,1.0549,-0.0136,2.3770,2.3770,2.3567,0.2477,0.2477,0.4410
33.533,1.0549,1.0549,-0.0136,2.3948,2.3948,2.3770,0.2477,0.2477,0.4409
33.537,1.0549,1.0549,-0.0136,2.4094,2.4094,2.3948,0.2477,0.2477,0.4408
33.540,1.0549,1.0549,-0.0136,2.4162,2.4162,2.4094,0.2477,0.2477,0.4407
33.543,1.0585,1.0585,-0.0136,2.3963,2.3963,2.4162,0.3544,0.3544,0.4406
33.547,1.0585,1.0585,-0.0136,2.3889,2.3889,2.3963,0.3544,0.3544,0.4405
33.551,1.0585,1.0585,-0.0136,2.3752,2.3752,2.3889,0.3544,0.3544,0.4405
33.554,1.0585,1.0585,-0.0136,2.3569,2.3569,2.3752,0.3544,0.3544,0.4404
33.558,1.0585,1.0585,-0.0136,2.3225,2.3225,2.3569,0.3544,0.3544,0.4404
33.562,1.0585,1.0585,-0.0136,2.2888,2.2888,2.3225,0.3544,0.3544,0.4403
33.565,1.0610,1.0610,-0.0136,2.2312,2.2312,2.2888,0.4461,0.4461,0.4402
33.570,1.0610,1.0610,-0.0136,2.1748,2.1748,2.2312,0.4461,0.4461,0.4402
33.573,1.0610,1.0610,-0.0136,2.1263,2.1263,2.1748,0.4461,0.4461,0.4401
33.576,1.0610,1.0610,-0.0136,2.0752,2.0752,2.1263,0.4461,0.4461,0.4401
33.580,1.0610,1.0610,-0.0136,2.0200,2.0200,2.0752,0.4461,0.4461,0.4400
33.583,1.0633,1.0633,-0.0136,1.9343,1.9343,2.0200,0.5403,0.5403,0.4400
33.587,1.0633,1.0633,-0.0136,1.8547,1.8547,1.9343,0.5403,0.5403,0.4400
33.591,1.0633,1.0633,-0.0135,1.7821,1.7821,1.8547,0.5403,0.5403,0.4399
33.596,1.0633,1.0633,-0.0135,1.7059,1.7059,1.7821,0.5403,0.5403,0.4399
33.603,1.0649,1.0649,-0.0135,1.5800,1.5800,1.7059,0.6182,0.6182,0.4399
33.607,1.0649,1.0649,-0.0135,1.5240,1.5240,1.5800,0.6182,0.6182,0.4398
33.610,1.0649,1.0649,-0.0135,1.4808,1.4808,1.5240,0.6182,0.6182,0.4398
33.613,1.0649,1.0649,-0.0135,1.4408,1.4408,1.4808,0.6182,0.6182,0.4398
33.617,1.0649,1.0649,-0.0135,1.3988,1.3988,1.4408,0.6182,0.6182,0.4398
33.621,1.0649,1.0649,-0.0135,1.3535,1.3535,1.3988,0.6182,0.6182,0.4398
33.625,1.0619,1.0619,-0.0135,1.3476,1.3476,1.3535,0.2860,0.2860,0.4398
33.630,1.0619,1.0619,-0.0135,1.3027,1.3027,1.3476,0.2860,0.2860,0.4397
33.634,1.0619,1.0619,-0.0135,1.2651,1.2651,1.3027,0.2860,0.2860,0.4396
33.638,1.0619,1.0619,-0.0135,1.2403,1.2403,1.2651,0.2860,0.2860,0.4395
33.641,1.0619,1.0619,-0.0135,1.2181,1.2181,1.2403,0.2860,0.2860,0.4394
33.644,1.0632,1.0632,-0.0135,1.1867,1.1867,1.2181,0.3547,0.3547,0.4394
33.648,1.0632,1.0632,-0.0134,1.1655,1.1655,1.1867,0.3547,0.3547,0.4393
33.653,1.0632,1.0632,-0.0134,1.1436,1.1436,1.1655,0.3547,0.3547,0.4392
33.656,1.0632,1.0632,-0.0134,1.1289,1.1289,1.1436,0.3547,0.3547,0.4392
33.662,1.0632,1.0632,-0.0134,1.1092,1.1092,1.1289,0.3547,0.3547,0.4391
33.666,1.0637,1.0637,-0.0134,1.1028,1.1028,1.1092,0.2503,0.2503,0.4390
33.671,1.0637,1.0637,-0.0134,1.0928,1.0928,1.1028,0.2503,0.2503,0.4389
33.674,1.0637,1.0637,-0.0134,1.0869,1.0869,1.0928,0.2503,0.2503,0.4388
33.677,1.0637,1.0637,-0.0134,1.0825,1.0825,1.0869,0.2503,0.2503,0.4388
33.680,1.0637,1.0637,-0.0134,1.0793,1.0793,1.0825,0.2503,0.2503,0.4387
33.685,1.0652,1.0652,-0.0134,1.0577,1.0577,1.0793,0.5031,0.5031,0.4386
33.690,1.0652,1.0652,-0.0134,1.0579,1.0579,1.0577,0.5031,0.5031,0.4386
33.693,1.0652,1.0652,-0.0134,1.0591,1.0591,1.0579,0.5031,0.5031,0.4385
33.697,1.0652,1.0652,-0.0134,1.0621,1.0621,1.0591,0.5031,0.5031,0.4385
33.702,1.0652,1.0652,-0.0134,1.0683,1.0683,1.0621,0.5031,0.5031,0.4385
33.710,1.0661,1.0661,-0.0133,1.0797,1.0797,1.0683,0.5645,0.5645,0.4384
33.715,1.0661,1.0661,-0.0133,1.0916,1.0916,1.0797,0.5645,0.5645,0.4384
33.719,1.0661,1.0661,-0.0133,1.1029,1.1029,1.0916,0.5645,0.5645,0.4384
33.722,1.0661,1.0661,-0.0133,1.1129,1.1129,1.1029,0.5645,0.5645,0.4383
33.726,1.0662,1.0662,-0.0133,1.1322,1.1322,1.1129,0.4203,0.4203,0.4383
33.731,1.0662,1.0662,-0.0133,1.1525,1.1525,1.1322,0.4203,0.4203,0.4383
33.736,1.0662,1.0662,-0.0133,1.1717,1.1717,1.1525,0.4203,0.4203,0.4382
33.740,1.0662,1.0662,-0.0133,1.1864,1.1864,1.1717,0.4203,0.4203,0.4382
33.744,1.0659,1.0659,-0.0133,1.2103,1.2103,1.1864,0.2942,0.2942,0.4381
33.748,1.0659,1.0659,-0.0133,1.2300,1.2300,1.2103,0.2942,0.2942,0.4380
33.752,1.0659,1.0659,-0.0133,1.2471,1.2471,1.2300,0.2942,0.2942,0.4380
33.755,1.0659,1.0659,-0.0133,1.2625,1.2625,1.2471,0.2942,0.2942,0.4379
33.759,1.0659,1.0659,-0.0133,1.2847,1.2847,1.2625,0.2942,0.2942,0.4378
33.763,1.0650,1.0650,-0.0133,1.3103,1.3103,1.2847,0.1699,0.1699,0.4378
33.767,1.0650,1.0650,-0.0132,1.3330,1.3330,1.3103,0.1699,0.1699,0.4377
33.774,1.0650,1.0650,-0.0132,1.3702,1.3702,1.3330,0.1699,0.1699,0.4376
33.785,1.0634,1.0634,-0.0132,1.4492,1.4492,1.3702,0.0391,0.0391,0.4374
33.795,1.0634,1.0634,-0.0132,1.5097,1.5097,1.4492,0.0391,0.0391,0.4370
33.802,1.0634,1.0634,-0.0132,1.5571,1.5571,1.5097,0.0391,0.0391,0.4367
33.807,1.0610,1.0610,-0.0132,1.5952,1.5952,1.5571,-0.0979,-0.0979,0.4365
33.815,1.0610,1.0610,-0.0132,1.6483,1.6483,1.5952,-0.0979,-0.0979,0.4363
33.819,1.0610,1.0610,-0.0132,1.6768,1.6768,1.6483,-0.0979,-0.0979,0.4361
33.823,1.0637,1.0637,-0.0132,1.7228,1.7228,1.6768,0.0590,0.0590,0.4359
33.827,1.0637,1.0637,-0.0132,1.7507,1.7507,1.7228,0.0590,0.0590,0.4358
33.830,1.0637,1.0637,-0.0132,1.7733,1.7733,1.7507,0.0590,0.0590,0.4357
33.834,1.0637,1.0637,-0.0132,1.7996,1.7996,1.7733,0.0590,0.0590,0.4356
33.838,1.0637,1.0637,-0.0132,1.8241,1.8241,1.7996,0.0590,0.0590,0.4355
33.841,1.0637,1.0637,-0.0132,1.8467,1.8467,1.8241,0.0590,0.0590,0.4354
33.844,1.0623,1.0623,-0.0131,1.8803,1.8803,1.8467,0.0321,0.0321,0.4353
33.848,1.0623,1.0623,-0.0131,1.9073,1.9073,1.8803,0.0321,0.0321,0.4352
33.853,1.0623,1.0623,-0.0131,1.9450,1.9450,1.9073,0.0321,0.0321,0.4351
33.857,1.0623,1.0623,-0.0131,1.9722,1.9722,1.9450,0.0321,0.0321,0.4349
33.860,1.0623,1.0623,-0.0131,1.9955,1.9955,1.9722,0.0321,0.0321,0.4348
33.864,1.0522,1.0522,-0.0131,2.0071,2.0071,1.9955,-0.2844,-0.2844,0.4347
33.868,1.0522,1.0522,-0.0131,2.0417,2.0417,2.0071,-0.2844,-0.2844,0.4346
33.872,1.0522,1.0522,-0.0131,2.0660,2.0660,2.0417,-0.2844,-0.2844,0.4344
33.875,1.0522,1.0522,-0.0131,2.0899,2.0899,2.0660,-0.2844,-0.2844,0.4342
33.878,1.0522,1.0522,-0.0131,2.1131,2.1131,2.0899,-0.2844,-0.2844,0.4341
33.882,1.0522,1.0522,-0.0131,2.1376,2.1376,2.1131,-0.2844,-0.2844,0.4339
33.887,1.0497,1.0497,-0.0131,2.1851,2.1851,2.1376,-0.3306,-0.3306,0.4338
33.891,1.0497,1.0497,-0.0131,2.2143,2.2143,2.1851,-0.3306,-0.3306,0.4336
33.894,1.0497,1.0497,-0.0131,2.2375,2.2375,2.2143,-0.3306,-0.3306,0.4334
33.897,1.0497,1.0497,-0.0131,2.2614,2.2614,2.2375,-0.3306,-0.3306,0.4332
33.901,1.0497,1.0497,-0.0131,2.2880,2.2880,2.2614,-0.3306,-0.3306,0.4331
33.904,1.0381,1.0381,-0.0131,2.2955,2.2955,2.2880,-0.6201,-0.6201,0.4329
33.909,1.0381,1.0381,-0.0131,2.3305,2.3305,2.2955,-0.6201,-0.6201,0.4327
33.918,1.0381,1.0381,-0.0131,2.3948,2.3948,2.3305,-0.6201,-0.6201,0.4325
33.921,1.0381,1.0381,-0.0131,2.4218,2.4218,2.3948,-0.6201,-0.6201,0.4320
33.925,1.0412,1.0412,-0.0131,2.4784,2.4784,2.4218,-0.5174,-0.5174,0.4317
33.929,1.0412,1.0412,-0.0131,2.5061,2.5061,2.4784,-0.5174,-0.5174,0.4316
33.932,1.0412,1.0412,-0.0131,2.5318,2.5318,2.5061,-0.5174,-0.5174,0.4314
33.937,1.0412,1.0412,-0.0131,2.5665,2.5665,2.5318,-0.5174,-0.5174,0.4312
33.941,1.0412,1.0412,-0.0131,2.5961,2.5961,2.5665,-0.5174,-0.5174,0.4309
33.945,1.0394,1.0394,-0.0131,2.6384,2.6384,2.5961,-0.5323,-0.5323,0.4307
33.949,1.0399,1.0399,-0.0131,2.6654,2.6654,2.6384,-0.5323,-0.5323,0.4305
33.953,1.0410,1.0410,-0.0131,2.6914,2.6914,2.6654,-0.5323,-0.5323,0.4303
33.956,1.0427,1.0427,-0.0131,2.7146,2.7146,2.6914,-0.5323,-0.5323,0.4301
33.959,1.0452,1.0452,-0.0131,2.7373,2.7373,2.7146,-0.5323,-0.5323,0.4300
33.966,1.0520,1.0520,-0.0131,2.8030,2.8030,2.7373,-0.5363,-0.5363,0.4298
33.970,1.0597,1.0597,-0.0131,2.8326,2.8326,2.8030,-0.5363,-0.5363,0.4294
33.974,1.0671,1.0671,-0.0131,2.8551,2.8551,2.8326,-0.5363,-0.5363,0.4292
33.977,1.0763,1.0763,-0.0131,2.8785,2.8785,2.8551,-0.5363,-0.5363,0.4291
33.981,1.0877,1.0877,-0.0131,2.9026,2.9026,2.8785,-0.5363,-0.5363,0.4289
33.985,1.1000,1.1000,-0.0131,2.9448,2.9448,2.9026,-0.5390,-0.5390,0.4287
33.989,1.1164,1.1164,-0.0130,2.9701,2.9701,2.9448,-0.5390,-0.5390,0.4285
33.993,1.1361,1.1361,-0.0130,2.9963,2.9963,2.9701,-0.5390,-0.5390,0.4283
33.996,1.1549,1.1549,-0.0130,3.0183,3.0183,2.9963,-0.5390,-0.5390,0.4281
34.000,1.1767,1.1767,-0.0130,3.0412,3.0412,3.0183,-0.5390,-0.5390,0.4279
34.004,1.1962,1.1962,-0.0130,3.0644,3.0644,3.0412,-0.6643,-0.6643,0.4278
34.011,1.2509,1.2509,-0.0129,3.1092,3.1092,3.0644,-0.6643,-0.6643,0.4275
34.018,1.3159,1.3159,-0.0129,3.1541,3.1541,3.1092,-0.6643,-0.6643,0.4272
34.023,1.3536,1.3536,-0.0128,3.1800,3.1800,3.1541,-0.7810,-0.7810,0.4267
34.028,1.4017,1.4017,-0.0127,3.2065,3.2065,3.1800,-0.7810,-0.7810,0.4265
34.031,1.4382,1.4382,-0.0126,3.2251,3.2251,3.2065,-0.7810,-0.7810,0.4262
34.035,1.4825,1.4825,-0.0125,3.2462,3.2462,3.2251,-0.7810,-0.7810,0.4260
34.038,1.5270,1.5270,-0.0125,3.2661,3.2661,3.2462,-0.7810,-0.7810,0.4258
34.041,1.5684,1.5684,-0.0124,3.2834,3.2834,3.2661,-0.7810,-0.7810,0.4256
34.045,1.6100,1.6100,-0.0123,3.3152,3.3152,3.2834,-0.7836,-0.7836,0.4254
34.048,1.6616,1.6616,-0.0122,3.3350,3.3350,3.3152,-0.7836,-0.7836,0.4252
34.052,1.7104,1.7104,-0.0121,3.3537,3.3537,3.3350,-0.7836,-0.7836,0.4250
34.056,1.7656,1.7656,-0.0120,3.3751,3.3751,3.3537,-0.7836,-0.7836,0.4248
34.060,1.8094,1.8094,-0.0118,3.3921,3.3921,3.3751,-0.7836,-0.7836,0.4245
34.063,1.8428,1.8428,-0.0117,3.4060,3.4060,3.3921,-0.8955,-0.8955,0.4243
34.067,1.8943,1.8943,-0.0116,3.4263,3.4263,3.4060,-0.8955,-0.8955,0.4241
34.071,1.9377,1.9377,-0.0114,3.4435,3.4435,3.4263,-0.8955,-0.8955,0.4238
34.074,1.9757,1.9757,-0.0112,3.4586,3.4586,3.4435,-0.8955,-0.8955,0.4236
34.078,2.0131,2.0131,-0.0111,3.4736,3.4736,3.4586,-0.8955,-0.8955,0.4234
34.081,2.0481,2.0481,-0.0109,3.4878,3.4878,3.4736,-0.8955,-0.8955,0.4232
34.085,2.0914,2.0914,-0.0108,3.5192,3.5192,3.4878,-0.8886,-0.8886,0.4230
34.091,2.1578,2.1578,-0.0106,3.5467,3.5467,3.5192,-0.8886,-0.8886,0.4228
34.096,2.2059,2.2059,-0.0102,3.5669,3.5669,3.5467,-0.8886,-0.8886,0.4224
34.099,2.2401,2.2401,-0.0100,3.5814,3.5814,3.5669,-0.8886,-0.8886,0.4221
34.103,2.2780,2.2780,-0.0098,3.6091,3.6091,3.5814,-0.8872,-0.8872,0.4219
34.107,2.3146,2.3146,-0.0096,3.6248,3.6248,3.6091,-0.8872,-0.8872,0.4216
34.110,2.3453,2.3453,-0.0093,3.6382,3.6382,3.6248,-0.8872,-0.8872,0.4214
34.119,2.4239,2.4239,-0.0091,3.6731,3.6731,3.6382,-0.8872,-0.8872,0.4212
34.127,2.4955,2.4955,-0.0086,3.7153,3.7153,3.6731,-0.8907,-0.8907,0.4207
34.133,2.5414,2.5414,-0.0080,3.7367,3.7367,3.7153,-0.8907,-0.8907,0.4202
34.137,2.5748,2.5748,-0.0076,3.7525,3.7525,3.7367,-0.8907,-0.8907,0.4199
34.141,2.6035,2.6035,-0.0073,3.7663,3.7663,3.7525,-0.8907,-0.8907,0.4196
34.144,2.6289,2.6289,-0.0071,3.7857,3.7857,3.7663,-0.9031,-0.9031,0.4194
34.149,2.6634,2.6634,-0.0068,3.8029,3.8029,3.7857,-0.9031,-0.9031,0.4192
34.152,2.6909,2.6909,-0.0065,3.8168,3.8168,3.8029,-0.9031,-0.9031,0.4190
34.156,2.7153,2.7153,-0.0062,3.8294,3.8294,3.8168,-0.9031,-0.9031,0.4187
34.159,2.7374,2.7374,-0.0059,3.8409,3.8409,3.8294,-0.9031,-0.9031,0.4185
34.162,2.7591,2.7591,-0.0057,3.8524,3.8524,3.8409,-0.9031,-0.9031,0.4184
34.166,2.7811,2.7811,-0.0054,3.8686,3.8686,3.8524,-0.9258,-0.9258,0.4182
34.170,2.8084,2.8084,-0.0051,3.8835,3.8835,3.8686,-0.9258,-0.9258,0.4180
34.173,2.8288,2.8288,-0.0048,3.8948,3.8948,3.8835,-0.9258,-0.9258,0.4177
34.176,2.8486,2.8486,-0.0045,3.9060,3.9060,3.8948,-0.9258,-0.9258,0.4175
34.181,2.8742,2.8742,-0.0043,3.9207,3.9207,3.9060,-0.9258,-0.9258,0.4174
34.184,2.8927,2.8927,-0.0039,3.9212,3.9212,3.9207,-1.0910,-1.0910,0.4171
34.188,2.9151,2.9151,-0.0036,3.9347,3.9347,3.9212,-1.0910,-1.0910,0.4169
34.192,2.9333,2.9333,-0.0033,3.9458,3.9458,3.9347,-1.0910,-1.0910,0.4166
34.195,2.9514,2.9514,-0.0030,3.9571,3.9571,3.9458,-1.0910,-1.0910,0.4164
34.198,2.9692,2.9692,-0.0027,3.9684,3.9684,3.9571,-1.0910,-1.0910,0.4162
34.202,2.9899,2.9899,-0.0025,3.9818,3.9818,3.9684,-1.0910,-1.0910,0.4160
34.205,3.0039,3.0039,-0.0021,3.9797,3.9797,3.9818,-1.2631,-1.2631,0.4157
34.210,3.0273,3.0273,-0.0018,3.9957,3.9957,3.9797,-1.2631,-1.2631,0.4155
34.213,3.0451,3.0451,-0.0014,4.0081,4.0081,3.9957,-1.2631,-1.2631,0.4152
34.217,3.0628,3.0628,-0.0011,4.0206,4.0206,4.0081,-1.2631,-1.2631,0.4149
34.221,3.0796,3.0796,-0.0008,4.0329,4.0329,4.0206,-1.2631,-1.2631,0.4146
34.225,3.1001,3.1001,-0.0005,4.0476,4.0476,4.0329,-1.3116,-1.3116,0.4144
34.233,3.1350,3.1350,-0.0001,4.0751,4.0751,4.0476,-1.3116,-1.3116,0.4141
34.237,3.1526,3.1526,0.0006,4.0893,4.0893,4.0751,-1.3116,-1.3116,0.4135
34.241,3.1722,3.1722,0.0010,4.1056,4.1056,4.0893,-1.3116,-1.3116,0.4132
34.246,3.1908,3.1908,0.0014,4.1207,4.1207,4.1056,-1.3584,-1.3584,0.4129
34.250,3.2079,3.2079,0.0018,4.1359,4.1359,4.1207,-1.3584,-1.3584,0.4126
34.254,3.2223,3.2223,0.0022,4.1490,4.1490,4.1359,-1.3584,-1.3584,0.4122
34.258,3.2392,3.2392,0.0025,4.1649,4.1649,4.1490,-1.3584,-1.3584,0.4120
34.262,3.2525,3.2525,0.0030,4.1779,4.1779,4.1649,-1.3584,-1.3584,0.4116
34.268,3.2765,3.2765,0.0033,4.2011,4.2011,4.1779,-1.4032,-1.4032,0.4114
34.272,3.2908,3.2908,0.0039,4.2162,4.2162,4.2011,-1.4032,-1.4032,0.4109
34.275,3.3020,3.3020,0.0043,4.2282,4.2282,4.2162,-1.4032,-1.4032,0.4106
34.279,3.3126,3.3126,0.0046,4.2400,4.2400,4.2282,-1.4032,-1.4032,0.4104
34.282,3.3230,3.3230,0.0049,4.2518,4.2518,4.2400,-1.4032,-1.4032,0.4101
34.286,3.3357,3.3357,0.0052,4.2653,4.2653,4.2518,-1.4471,-1.4471,0.4099
34.290,3.3503,3.3503,0.0056,4.2828,4.2828,4.2653,-1.4471,-1.4471,0.4096
34.294,3.3609,3.3609,0.0060,4.2962,4.2962,4.2828,-1.4471,-1.4471,0.4093
34.297,3.3705,3.3705,0.0063,4.3085,4.3085,4.2962,-1.4471,-1.4471,0.4090
34.301,3.3817,3.3817,0.0066,4.3233,4.3233,4.3085,-1.4471,-1.4471,0.4088
34.305,3.3938,3.3938,0.0070,4.3387,4.3387,4.3233,-1.4916,-1.4916,0.4085
34.308,3.4042,3.4042,0.0074,4.3533,4.3533,4.3387,-1.4916,-1.4916,0.4082
34.311,3.4128,3.4128,0.0078,4.3657,4.3657,4.3533,-1.4916,-1.4916,0.4079
34.315,3.4214,3.4214,0.0081,4.3784,4.3784,4.3657,-1.4916,-1.4916,0.4077
34.319,3.4339,3.4339,0.0084,4.3978,4.3978,4.3784,-1.4916,-1.4916,0.4074
34.323,3.4442,3.4442,0.0088,4.4132,4.4132,4.3978,-1.5360,-1.5360,0.4071
34.327,3.4538,3.4538,0.0092,4.4290,4.4290,4.4132,-1.5360,-1.5360,0.4068
34.331,3.4642,3.4642,0.0096,4.4469,4.4469,4.4290,-1.5360,-1.5360,0.4065
34.339,3.4826,3.4826,0.0100,4.4806,4.4806,4.4469,-1.5360,-1.5360,0.4062
34.343,3.4904,3.4904,0.0107,4.4953,4.4953,4.4806,-1.5360,-1.5360,0.4056
34.346,3.4978,3.4978,0.0111,4.5089,4.5089,4.4953,-1.5890,-1.5890,0.4053
34.350,3.5071,3.5071,0.0114,4.5279,4.5279,4.5089,-1.5890,-1.5890,0.4051
34.354,3.5165,3.5165,0.0118,4.5479,4.5479,4.5279,-1.5890,-1.5890,0.4047
34.358,3.5237,3.5237,0.0122,4.5640,4.5640,4.5479,-1.5890,-1.5890,0.4044
34.361,3.5304,3.5304,0.0126,4.5791,4.5791,4.5640,-1.5890,-1.5890,0.4041
34.365,3.5377,3.5377,0.0129,4.5974,4.5974,4.5791,-1.6072,-1.6072,0.4039
34.369,3.5468,3.5468,0.0132,4.6197,4.6197,4.5974,-1.6072,-1.6072,0.4036
34.373,3.5532,3.5532,0.0137,4.6355,4.6355,4.6197,-1.6072,-1.6072,0.4032
34.376,3.5593,3.5593,0.0140,4.6513,4.6513,4.6355,-1.6072,-1.6072,0.4030
34.379,3.5651,3.5651,0.0143,4.6669,4.6669,4.6513,-1.6072,-1.6072,0.4027
34.384,3.5750,3.5750,0.0147,4.6981,4.6981,4.6669,-1.5913,-1.5913,0.4025
34.388,3.5828,3.5828,0.0151,4.7203,4.7203,4.6981,-1.5913,-1.5913,0.4021
34.393,3.5911,3.5911,0.0156,4.7454,4.7454,4.7203,-1.5913,-1.5913,0.4018
34.398,3.5984,3.5984,0.0160,4.7695,4.7695,4.7454,-1.5913,-1.5913,0.4014
34.402,3.6055,3.6055,0.0165,4.7928,4.7928,4.7695,-1.5913,-1.5913,0.4011
34.406,3.6117,3.6117,0.0169,4.8179,4.8179,4.7928,-1.5787,-1.5787,0.4008
34.409,3.6174,3.6174,0.0172,4.8387,4.8387,4.8179,-1.5787,-1.5787,0.4005
34.414,3.6235,3.6235,0.0176,4.8608,4.8608,4.8387,-1.5787,-1.5787,0.4003
34.420,3.4652,3.4652,0.0180,4.8963,4.8963,4.8608,-1.5787,-1.5787,0.4000
34.424,3.3514,3.3514,0.0186,4.9218,4.9218,4.8963,-1.5683,-1.5683,0.3995
34.428,3.2267,3.2267,0.0189,4.9447,4.9447,4.9218,-1.5683,-1.5683,0.3992
34.431,3.1187,3.1187,0.0192,4.9645,4.9645,4.9447,-1.5683,-1.5683,0.3990
34.436,2.9737,2.9737,0.0194,4.9923,4.9923,4.9645,-1.5683,-1.5683,0.3987
34.443,2.7543,2.7543,0.0197,5.0433,5.0433,4.9923,-1.5523,-1.5523,0.3984
34.448,2.6140,2.6140,0.0201,5.0734,5.0734,5.0433,-1.5523,-1.5523,0.3979
34.452,2.5019,2.5019,0.0203,5.0980,5.0980,5.0734,-1.5523,-1.5523,0.3976
34.455,2.4086,2.4086,0.0204,5.1191,5.1191,5.0980,-1.5523,-1.5523,0.3973
34.459,2.3211,2.3211,0.0206,5.1390,5.1390,5.1191,-1.5523,-1.5523,0.3971
34.462,2.2379,2.2379,0.0206,5.1587,5.1587,5.1390,-1.5523,-1.5523,0.3968
34.465,2.1569,2.1569,0.0207,5.1846,5.1846,5.1587,-1.5380,-1.5380,0.3966
34.469,2.0469,2.0469,0.0208,5.2118,5.2118,5.1846,-1.5380,-1.5380,0.3964
34.473,1.9653,1.9653,0.0209,5.2326,5.2326,5.2118,-1.5380,-1.5380,0.3961
34.477,1.8669,1.8669,0.0209,5.2584,5.2584,5.2326,-1.5380,-1.5380,0.3959
34.480,1.7824,1.7824,0.0209,5.2810,5.2810,5.2584,-1.5380,-1.5380,0.3957
34.484,1.6957,1.6957,0.0209,5.3106,5.3106,5.2810,-1.5267,-1.5267,0.3954
34.488,1.6077,1.6077,0.0209,5.3356,5.3356,5.3106,-1.5267,-1.5267,0.3952
34.491,1.5350,1.5350,0.0209,5.3566,5.3566,5.3356,-1.5267,-1.5267,0.3949
34.495,1.4667,1.4667,0.0208,5.3767,5.3767,5.3566,-1.5267,-1.5267,0.3947
34.498,1.3989,1.3989,0.0208,5.3971,5.3971,5.3767,-1.5267,-1.5267,0.3945
34.501,1.3244,1.3244,0.0207,5.4199,5.4199,5.3971,-1.5267,-1.5267,0.3943
34.505,1.2545,1.2545,0.0207,5.4472,5.4472,5.4199,-1.5189,-1.5189,0.3941
34.509,1.1806,1.1806,0.0206,5.4707,5.4707,5.4472,-1.5189,-1.5189,0.3939
34.512,1.1171,1.1171,0.0205,5.4915,5.4915,5.4707,-1.5189,-1.5189,0.3936
34.515,1.0568,1.0568,0.0204,5.5115,5.5115,5.4915,-1.5189,-1.5189,0.3934
34.519,0.9880,0.9880,0.0203,5.5349,5.5349,5.5115,-1.5189,-1.5189,0.3932
34.523,0.9114,0.9114,0.0201,5.5665,5.5665,5.5349,-1.5159,-1.5159,0.3930
34.528,0.8244,0.8244,0.0200,5.5976,5.5976,5.5665,-1.5159,-1.5159,0.3927
34.531,0.7666,0.7666,0.0197,5.6186,5.6186,5.5976,-1.5159,-1.5159,0.3924
34.535,0.7031,0.7031,0.0196,5.6422,5.6422,5.6186,-1.5159,-1.5159,0.3922
34.540,0.6154,0.6154,0.0194,5.6758,5.6758,5.6422,-1.5159,-1.5159,0.3920
34.549,0.4839,0.4839,0.0191,5.7331,5.7331,5.6758,-1.5142,-1.5142,0.3917
34.555,0.3837,0.3837,0.0186,5.7742,5.7742,5.7331,-1.5142,-1.5142,0.3912
34.559,0.3326,0.3326,0.0181,5.7956,5.7956,5.7742,-1.5142,-1.5142,0.3908
34.562,0.2873,0.2873,0.0179,5.8149,5.8149,5.7956,-1.5142,-1.5142,0.3906
34.565,0.2411,0.2411,0.0177,5.8390,5.8390,5.8149,-1.5192,-1.5192,0.3904
34.572,0.1450,0.1450,0.0175,5.8822,5.8822,5.8390,-1.5192,-1.5192,0.3902
34.575,0.1013,0.1013,0.0169,5.9021,5.9021,5.8822,-1.5192,-1.5192,0.3898
34.579,0.0597,0.0597,0.0167,5.9213,5.9213,5.9021,-1.5192,-1.5192,0.3896
34.582,0.0191,0.0191,0.0164,5.9405,5.9405,5.9213,-1.5192,-1.5192,0.3894
34.586,-0.0387,-0.0387,0.0161,5.9723,5.9723,5.9405,-1.5236,-1.5236,0.3893
34.591,-0.0881,-0.0881,0.0157,5.9965,5.9965,5.9723,-1.5236,-1.5236,0.3890
34.594,-0.1269,-0.1269,0.0154,6.0158,6.0158,5.9965,-1.5236,-1.5236,0.3888
34.597,-0.1639,-0.1639,0.0151,6.0345,6.0345,6.0158,-1.5236,-1.5236,0.3886
34.601,-0.2068,-0.2068,0.0148,6.0564,6.0564,6.0345,-1.5236,-1.5236,0.3884
34.604,-0.2472,-0.2472,0.0145,6.0803,6.0803,6.0564,-1.5378,-1.5378,0.3882
34.608,-0.2889,-0.2889,0.0141,6.1024,6.1024,6.0803,-1.5378,-1.5378,0.3880
34.612,-0.3232,-0.3232,0.0138,6.1208,6.1208,6.1024,-1.5378,-1.5378,0.3877
34.616,-0.3668,-0.3668,0.0135,6.1447,6.1447,6.1208,-1.5378,-1.5378,0.3876
34.620,-0.4053,-0.4053,0.0130,6.1661,6.1661,6.1447,-1.5378,-1.5378,0.3873
34.623,-0.4382,-0.4382,0.0127,6.1877,6.1877,6.1661,-1.5509,-1.5509,0.3871
34.627,-0.4740,-0.4740,0.0123,6.2082,6.2082,6.1877,-1.5509,-1.5509,0.3869
34.630,-0.5047,-0.5047,0.0120,6.2262,6.2262,6.2082,-1.5509,-1.5509,0.3867
34.633,-0.5384,-0.5384,0.0116,6.2461,6.2461,6.2262,-1.5509,-1.5509,0.3865
34.637,-0.5699,-0.5699,0.0112,6.2651,6.2651,6.2461,-1.5509,-1.5509,0.3863
34.641,-0.6075,-0.6075,0.0109,6.2881,6.2881,6.2651,-1.5509,-1.5509,0.3861
34.649,-0.6763,-0.6763,0.0104,6.3340,6.3340,6.2881,-1.5661,-1.5661,0.3859
34.653,-0.7120,-0.7120,0.0095,6.3569,6.3569,6.3340,-1.5661,-1.5661,0.3855
34.657,-0.7376,-0.7376,0.0091,6.3735,6.3735,6.3569,-1.5661,-1.5661,0.3852
34.660,-0.7625,-0.7625,0.0087,6.3898,6.3898,6.3735,-1.5661,-1.5661,0.3850
34.663,-0.7890,-0.7890,0.0084,6.4099,6.4099,6.3898,-1.5812,-1.5812,0.3849
34.667,-0.8204,-0.8204,0.0080,6.4311,6.4311,6.4099,-1.5812,-1.5812,0.3847
34.671,-0.8455,-0.8455,0.0075,6.4483,6.4483,6.4311,-1.5812,-1.5812,0.3844
34.674,-0.8688,-0.8688,0.0071,6.4644,6.4644,6.4483,-1.5812,-1.5812,0.3843
34.677,-0.8918,-0.8918,0.0067,6.4806,6.4806,6.4644,-1.5812,-1.5812,0.3841
34.681,-0.9214,-0.9214,0.0063,6.5017,6.5017,6.4806,-1.5812,-1.5812,0.3839
34.685,-0.9477,-0.9477,0.0058,6.5235,6.5235,6.5017,-1.5929,-1.5929,0.3837
34.689,-0.9727,-0.9727,0.0054,6.5420,6.5420,6.5235,-1.5929,-1.5929,0.3835
34.692,-0.9948,-0.9948,0.0049,6.5584,6.5584,6.5420,-1.5929,-1.5929,0.3832
34.697,-1.0252,-1.0252,0.0045,6.5815,6.5815,6.5584,-1.5929,-1.5929,0.3831
34.702,-1.0546,-1.0546,0.0039,6.6041,6.6041,6.5815,-1.5929,-1.5929,0.3828
34.706,-1.0771,-1.0771,0.0034,6.6248,6.6248,6.6041,-1.6006,-1.6006,0.3825
34.710,-1.1048,-1.1048,0.0029,6.6466,6.6466,6.6248,-1.6006,-1.6006,0.3823
34.714,-1.1261,-1.1261,0.0023,6.6636,6.6636,6.6466,-1.6006,-1.6006,0.3821
34.718,-1.1482,-1.1482,0.0019,6.6815,6.6815,6.6636,-1.6006,-1.6006,0.3819
34.724,-1.1428,-1.1428,0.0014,6.7127,6.7127,6.6815,-1.6053,-1.6053,0.3817
34.729,-1.1228,-1.1228,0.0006,6.7334,6.7334,6.7127,-1.6053,-1.6053,0.3813
34.733,-1.1057,-1.1057,0.0000,6.7507,6.7507,6.7334,-1.6053,-1.6053,0.3811
34.737,-1.0863,-1.0863,-0.0004,6.7702,6.7702,6.7507,-1.6053,-1.6053,0.3809
34.743,-1.0578,-1.0578,-0.0009,6.8023,6.8023,6.7702,-1.6036,-1.6036,0.3807
34.752,-1.0134,-1.0134,-0.0017,6.8460,6.8460,6.8023,-1.6036,-1.6036,0.3803
34.757,-0.9922,-0.9922,-0.0027,6.8662,6.8662,6.8460,-1.6036,-1.6036,0.3799
34.761,-0.9733,-0.9733,-0.0032,6.8840,6.8840,6.8662,-1.6036,-1.6036,0.3796
34.764,-0.9550,-0.9550,-0.0036,6.9049,6.9049,6.8840,-1.6001,-1.6001,0.3794
34.769,-0.9331,-0.9331,-0.0040,6.9253,6.9253,6.9049,-1.6001,-1.6001,0.3792
34.773,-0.9096,-0.9096,-0.0045,6.9470,6.9470,6.9253,-1.6001,-1.6001,0.3790
34.777,-0.8907,-0.8907,-0.0050,6.9646,6.9646,6.9470,-1.6001,-1.6001,0.3788
34.781,-0.8732,-0.8732,-0.0054,6.9808,6.9808,6.9646,-1.6001,-1.6001,0.3786
34.784,-0.8543,-0.8543,-0.0058,7.0023,7.0023,6.9808,-1.5880,-1.5880,0.3784
34.788,-0.8331,-0.8331,-0.0061,7.0222,7.0222,7.0023,-1.5880,-1.5880,0.3782
34.792,-0.8164,-0.8164,-0.0065,7.0378,7.0378,7.0222,-1.5880,-1.5880,0.3780
34.795,-0.8002,-0.8002,-0.0069,7.0530,7.0530,7.0378,-1.5880,-1.5880,0.3779
34.798,-0.7839,-0.7839,-0.0072,7.0684,7.0684,7.0530,-1.5880,-1.5880,0.3777
34.802,-0.7645,-0.7645,-0.0075,7.0869,7.0869,7.0684,-1.5880,-1.5880,0.3776
34.805,-0.7459,-0.7459,-0.0078,7.1085,7.1085,7.0869,-1.5733,-1.5733,0.3774
34.809,-0.7265,-0.7265,-0.0082,7.1272,7.1272,7.1085,-1.5733,-1.5733,0.3772
34.812,-0.7096,-0.7096,-0.0085,7.1435,7.1435,7.1272,-1.5733,-1.5733,0.3770
34.816,-0.6929,-0.6929,-0.0088,7.1599,7.1599,7.1435,-1.5733,-1.5733,0.3769
34.820,-0.6690,-0.6690,-0.0091,7.1833,7.1833,7.1599,-1.5733,-1.5733,0.3767
34.824,-0.6487,-0.6487,-0.0095,7.2077,7.2077,7.1833,-1.5364,-1.5364,0.3765
34.828,-0.6290,-0.6290,-0.0098,7.2272,7.2272,7.2077,-1.5364,-1.5364,0.3764
34.831,-0.6125,-0.6125,-0.0102,7.2438,7.2438,7.2272,-1.5364,-1.5364,0.3762
34.835,-0.5907,-0.5907,-0.0104,7.2661,7.2661,7.2438,-1.5364,-1.5364,0.3760
34.839,-0.5717,-0.5717,-0.0108,7.2858,7.2858,7.2661,-1.5364,-1.5364,0.3759
34.842,-0.5549,-0.5549,-0.0111,7.3034,7.3034,7.2858,-1.5364,-1.5364,0.3757
34.846,-0.5310,-0.5310,-0.0114,7.3326,7.3326,7.3034,-1.5046,-1.5046,0.3755
34.857,-0.4755,-0.4755,-0.0117,7.3954,7.3954,7.3326,-1.5046,-1.5046,0.3754
34.863,-0.4445,-0.4445,-0.0126,7.4341,7.4341,7.3954,-1.4748,-1.4748,0.3749
34.869,-0.4164,-0.4164,-0.0130,7.4671,7.4671,7.4341,-1.4748,-1.4748,0.3747
34.875,-0.3846,-0.3846,-0.0134,7.5055,7.5055,7.4671,-1.4748,-1.4748,0.3745
34.879,-0.3647,-0.3647,-0.0139,7.5296,7.5296,7.5055,-1.4748,-1.4748,0.3742
34.884,-0.3404,-0.3404,-0.0141,7.5624,7.5624,7.5296,-1.4458,-1.4458,0.3740
34.888,-0.3210,-0.3210,-0.0145,7.5872,7.5872,7.5624,-1.4458,-1.4458,0.3739
34.891,-0.3048,-0.3048,-0.0147,7.6082,7.6082,7.5872,-1.4458,-1.4458,0.3737
34.895,-0.2889,-0.2889,-0.0149,7.6293,7.6293,7.6082,-1.4458,-1.4458,0.3736
34.898,-0.2730,-0.2730,-0.0152,7.6507,7.6507,7.6293,-1.4458,-1.4458,0.3735
34.902,-0.2538,-0.2538,-0.0154,7.6774,7.6774,7.6507,-1.4458,-1.4458,0.3733
34.906,-0.2367,-0.2367,-0.0156,7.7034,7.7034,7.6774,-1.4173,-1.4173,0.3732
34.909,-0.2194,-0.2194,-0.0158,7.7284,7.7284,7.7034,-1.4173,-1.4173,0.3731
34.913,-0.2034,-0.2034,-0.0161,7.7520,7.7520,7.7284,-1.4173,-1.4173,0.3729
34.916,-0.1874,-0.1874,-0.0163,7.7762,7.7762,7.7520,-1.4173,-1.4173,0.3728
34.920,-0.1715,-0.1715,-0.0165,7.8006,7.8006,7.7762,-1.4173,-1.4173,0.3727
34.923,-0.1559,-0.1559,-0.0167,7.8265,7.8265,7.8006,-1.3895,-1.3895,0.3726
34.927,-0.1395,-0.1395,-0.0168,7.8530,7.8530,7.8265,-1.3895,-1.3895,0.3725
34.930,-0.1253,-0.1253,-0.0170,7.8761,7.8761,7.8530,-1.3895,-1.3895,0.3723
34.934,-0.1091,-0.1091,-0.0172,7.9032,7.9032,7.8761,-1.3895,-1.3895,0.3722
34.937,-0.0941,-0.0941,-0.0174,7.9288,7.9288,7.9032,-1.3895,-1.3895,0.3721
34.940,-0.0805,-0.0805,-0.0176,7.9526,7.9526,7.9288,-1.3895,-1.3895,0.3720
34.944,-0.0635,-0.0635,-0.0178,7.9837,7.9837,7.9526,-1.3629,-1.3629,0.3719
34.948,-0.0459,-0.0459,-0.0179,8.0164,8.0164,7.9837,-1.3629,-1.3629,0.3718
34.952,-0.0307,-0.0307,-0.0181,8.0453,8.0453,8.0000,-1.3629,-1.3629,0.3716
34.956,-0.0117,-0.0117,-0.0183,8.0828,8.0828,8.0000,-1.3629,-1.3629,0.3715
34.963,0.0169,0.0169,-0.0185,8.1421,8.1421,8.0000,-1.3365,-1.3365,0.3714
34.967,0.0338,0.0338,-0.0188,8.1781,8.1781,8.0000,-1.3365,-1.3365,0.3712
34.971,0.0472,0.0472,-0.0190,8.2075,8.2075,8.0000,-1.3365,-1.3365,0.3711
34.975,0.0629,0.0629,-0.0192,8.2430,8.2430,8.0000,-1.3365,-1.3365,0.3710
34.979,0.0789,0.0789,-0.0193,8.2804,8.2804,8.0000,-1.3365,-1.3365,0.3708
34.982,0.0922,0.0922,-0.0195,8.3121,8.3121,8.0000,-1.3365,-1.3365,0.3707
34.986,0.1061,0.1061,-0.0197,8.3450,8.3450,8.0000,-1.3225,-1.3225,0.3706
34.990,0.1212,0.1212,-0.0198,8.3832,8.3832,8.0000,-1.3225,-1.3225,0.3705
34.993,0.1336,0.1336,-0.0199,8.4155,8.4155,8.0000,-1.3225,-1.3225,0.3704
34.997,0.1459,0.1459,-0.0201,8.4482,8.4482,8.0000,-1.3225,-1.3225,0.3703
35.002,0.1648,0.1648,-0.0202,8.5013,8.5013,8.0000,-1.3225,-1.3225,0.3702
35.007,0.1820,0.1820,-0.0204,8.5503,8.5503,8.0000,-1.3156,-1.3156,0.3701
35.011,0.1957,0.1957,-0.0206,8.5916,8.5916,8.0000,-1.3156,-1.3156,0.3699
35.014,0.2070,0.2070,-0.0207,8.6266,8.6266,8.0000,-1.3156,-1.3156,0.3698
35.018,0.2195,0.2195,-0.0208,8.6666,8.6666,8.0000,-1.3156,-1.3156,0.3698
35.021,0.2312,0.2312,-0.0209,8.7051,8.7051,8.0000,-1.3156,-1.3156,0.3697
35.027,0.2514,0.2514,-0.0210,8.7740,8.7740,8.0000,-1.3074,-1.3074,0.3696
35.032,0.2666,0.2666,-0.0212,8.8287,8.8287,8.0000,-1.3074,-1.3074,0.3694
35.036,0.2786,0.2786,-0.0214,8.8732,8.8732,8.0000,-1.3074,-1.3074,0.3693
35.039,0.2893,0.2893,-0.0215,8.9144,8.9144,8.0000,-1.3074,-1.3074,0.3692
35.042,0.2994,0.2994,-0.0216,8.9541,8.9541,8.0000,-1.3074,-1.3074,0.3691
35.045,0.3081,0.3081,-0.0216,8.9882,8.9882,8.0000,-1.2964,-1.2964,0.3690
35.049,0.3202,0.3202,-0.0217,9.0394,9.0394,8.0000,-1.2964,-1.2964,0.3689
35.054,0.3345,0.3345,-0.0218,9.1023,9.1023,8.0000,-1.2964,-1.2964,0.3688
35.057,0.3447,0.3447,-0.0220,9.1491,9.1491,8.0000,-1.2964,-1.2964,0.3687
35.062,0.3572,0.3572,-0.0220,9.2084,9.2084,8.0000,-1.2964,-1.2964,0.3686
35.069,0.3766,0.3766,-0.0221,9.3067,9.3067,8.0000,-1.2832,-1.2832,0.3685
35.073,0.3887,0.3887,-0.0223,9.3704,9.3704,8.0000,-1.2832,-1.2832,0.3684
35.076,0.3977,0.3977,-0.0224,9.4195,9.4195,8.0000,-1.2832,-1.2832,0.3683
35.079,0.4063,0.4063,-0.0225,9.4675,9.4675,8.0000,-1.2832,-1.2832,0.3682
35.083,0.4131,0.4131,-0.0226,9.5050,9.5050,8.0000,-1.2671,-1.2671,0.3681
35.087,0.4240,0.4240,-0.0226,9.5544,9.5544,8.0000,-1.2671,-1.2671,0.3680
35.100,0.4602,0.4602,-0.0227,9.5988,9.5988,8.0000,-1.2671,-1.2671,0.3679
35.106,0.4713,0.4713,-0.0230,9.5749,9.5749,8.0000,-1.2566,-1.2566,0.3676
35.112,0.4848,0.4848,-0.0231,9.5503,9.5503,8.0000,-1.2566,-1.2566,0.3675
35.116,0.4940,0.4940,-0.0232,9.5240,9.5240,8.0000,-1.2566,-1.2566,0.3674
35.119,0.5028,0.5028,-0.0232,9.4896,9.4896,8.0000,-1.2566,-1.2566,0.3673
35.123,0.5053,0.5053,-0.0233,9.4277,9.4277,8.0000,-1.2609,-1.2609,0.3672
35.126,0.5141,0.5141,-0.0233,9.3756,9.3756,8.0000,-1.2609,-1.2609,0.3672
35.130,0.5216,0.5216,-0.0234,9.3231,9.3231,8.0000,-1.2609,-1.2609,0.3671
35.133,0.5298,0.5298,-0.0234,9.2627,9.2627,8.0000,-1.2609,-1.2609,0.3670
35.137,0.5378,0.5378,-0.0235,9.2047,9.2047,8.0000,-1.2609,-1.2609,0.3669
35.140,0.5450,0.5450,-0.0235,9.1535,9.1535,8.0000,-1.2609,-1.2609,0.3669
35.144,0.5461,0.5461,-0.0236,9.0721,9.0721,8.0000,-1.2638,-1.2638,0.3668
35.148,0.5545,0.5545,-0.0236,9.0142,9.0142,8.0000,-1.2638,-1.2638,0.3667
35.153,0.5661,0.5661,-0.0237,8.9363,8.9363,8.0000,-1.2638,-1.2638,0.3666
35.158,0.5753,0.5753,-0.0238,8.8763,8.8763,8.0000,-1.2638,-1.2638,0.3665
35.161,0.5823,0.5823,-0.0238,8.8316,8.8316,8.0000,-1.2638,-1.2638,0.3664
35.166,0.5851,0.5851,-0.0239,8.7326,8.7326,8.0000,-1.2638,-1.2638,0.3664
35.175,0.6024,0.6024,-0.0239,8.6294,8.6294,8.0000,-1.2638,-1.2638,0.3663
35.182,0.6144,0.6144,-0.0240,8.5607,8.5607,8.0000,-1.2638,-1.2638,0.3661
35.186,0.6140,0.6140,-0.0241,8.4738,8.4738,8.0000,-1.2604,-1.2604,0.3659
35.191,0.6221,0.6221,-0.0241,8.4302,8.4302,8.0000,-1.2604,-1.2604,0.3659
35.194,0.6284,0.6284,-0.0241,8.3972,8.3972,8.0000,-1.2604,-1.2604,0.3658
35.198,0.6342,0.6342,-0.0242,8.3677,8.3677,8.0000,-1.2604,-1.2604,0.3657
35.202,0.6403,0.6403,-0.0242,8.3369,8.3369,8.0000,-1.2604,-1.2604,0.3656
35.205,0.6367,0.6367,-0.0242,8.2595,8.2595,8.0000,-1.2526,-1.2526,0.3656
35.209,0.6431,0.6431,-0.0243,8.2295,8.2295,8.0000,-1.2526,-1.2526,0.3655
35.212,0.6483,0.6483,-0.0243,8.2057,8.2057,8.0000,-1.2526,-1.2526,0.3654
35.215,0.6534,0.6534,-0.0243,8.1832,8.1832,8.0000,-1.2526,-1.2526,0.3653
35.219,0.6592,0.6592,-0.0243,8.1583,8.1583,8.0000,-1.2526,-1.2526,0.3653
35.222,0.6641,0.6641,-0.0244,8.1377,8.1377,8.0000,-1.2526,-1.2526,0.3652
35.226,0.6588,0.6588,-0.0244,8.0620,8.0620,8.0000,-1.2276,-1.2276,0.3652
35.230,0.6645,0.6645,-0.0244,8.0397,8.0397,8.0000,-1.2276,-1.2276,0.3651
35.233,0.6698,0.6698,-0.0244,8.0203,8.0203,8.0000,-1.2276,-1.2276,0.3650
35.237,0.6750,0.6750,-0.0245,8.0016,8.0016,8.0000,-1.2276,-1.2276,0.3650
35.240,0.6797,0.6797,-0.0245,7.9857,7.9857,8.0000,-1.2276,-1.2276,0.3649
35.243,0.6729,0.6729,-0.0245,7.9087,7.9087,7.9857,-1.1861,-1.1861,0.3648
35.247,0.6780,0.6780,-0.0245,7.8928,7.8928,7.9087,-1.1861,-1.1861,0.3648
35.251,0.6827,0.6827,-0.0245,7.8790,7.8790,7.8928,-1.1861,-1.1861,0.3647
35.254,0.6875,0.6875,-0.0246,7.8657,7.8657,7.8790,-1.1861,-1.1861,0.3647
35.257,0.6917,0.6917,-0.0246,7.8549,7.8549,7.8657,-1.1861,-1.1861,0.3646
35.261,0.6958,0.6958,-0.0246,7.8448,7.8448,7.8549,-1.1861,-1.1861,0.3646
35.264,0.6874,0.6874,-0.0246,7.7658,7.7658,7.8448,-1.1406,-1.1406,0.3645
35.269,0.6941,0.6941,-0.0246,7.7523,7.7523,7.7658,-1.1406,-1.1406,0.3645
35.274,0.6998,0.6998,-0.0247,7.7421,7.7421,7.7523,-1.1406,-1.1406,0.3644
35.281,0.7085,0.7085,-0.0247,7.7299,7.7299,7.7421,-1.1406,-1.1406,0.3644
35.285,0.6995,0.6995,-0.0247,7.6476,7.6476,7.7299,-1.0908,-1.0908,0.3643
35.289,0.7040,0.7040,-0.0247,7.6434,7.6434,7.6476,-1.0908,-1.0908,0.3642
35.292,0.7076,0.7076,-0.0248,7.6406,7.6406,7.6434,-1.0908,-1.0908,0.3642
35.296,0.7112,0.7112,-0.0248,7.6386,7.6386,7.6406,-1.0908,-1.0908,0.3642
35.300,0.7157,0.7157,-0.0248,7.6371,7.6371,7.6386,-1.0908,-1.0908,0.3641
35.307,0.7080,0.7080,-0.0248,7.5537,7.5537,7.6371,-1.0367,-1.0367,0.3641
35.312,0.7136,0.7136,-0.0248,7.5561,7.5561,7.5537,-1.0367,-1.0367,0.3641
35.316,0.7176,0.7176,-0.0248,7.5589,7.5589,7.5561,-1.0367,-1.0367,0.3640
35.320,0.7211,0.7211,-0.0249,7.5623,7.5623,7.5589,-1.0367,-1.0367,0.3640
35.323,0.7082,0.7082,-0.0249,7.4739,7.4739,7.5623,-1.0016,-1.0016,0.3640
35.327,0.7120,0.7120,-0.0249,7.4793,7.4793,7.4739,-1.0016,-1.0016,0.3639
35.333,0.7175,0.7175,-0.0249,7.4899,7.4899,7.4793,-1.0016,-1.0016,0.3639
35.337,0.7214,0.7214,-0.0249,7.4983,7.4983,7.4899,-1.0016,-1.0016,0.3639
35.341,0.7245,0.7245,-0.0249,7.5061,7.5061,7.4983,-1.0016,-1.0016,0.3639
35.344,0.7106,0.7106,-0.0249,7.4153,7.4153,7.5061,-0.9648,-0.9648,0.3639
35.349,0.7146,0.7146,-0.0250,7.4280,7.4280,7.4153,-0.9648,-0.9648,0.3638
35.354,0.7186,0.7186,-0.0250,7.4421,7.4421,7.4280,-0.9648,-0.9648,0.3638
35.357,0.7215,0.7215,-0.0250,7.4532,7.4532,7.4421,-0.9648,-0.9648,0.3638
35.361,0.7242,0.7242,-0.0250,7.4641,7.4641,7.4532,-0.9648,-0.9648,0.3638
35.364,0.7091,0.7091,-0.0250,7.3704,7.3704,7.4641,-0.9242,-0.9242,0.3638
35.369,0.7129,0.7129,-0.0250,7.3890,7.3890,7.3704,-0.9242,-0.9242,0.3638
35.373,0.7157,0.7157,-0.0250,7.4038,7.4038,7.3890,-0.9242,-0.9242,0.3638
35.376,0.7182,0.7182,-0.0251,7.4175,7.4175,7.4038,-0.9242,-0.9242,0.3638
35.380,0.7214,0.7214,-0.0251,7.4368,7.4368,7.4175,-0.9242,-0.9242,0.3638
35.388,0.7082,0.7082,-0.0251,7.3611,7.3611,7.4368,-0.8799,-0.8799,0.3638
35.393,0.7113,0.7113,-0.0251,7.3836,7.3836,7.3611,-0.8799,-0.8799,0.3638
35.396,0.7134,0.7134,-0.0251,7.4002,7.4002,7.3836,-0.8799,-0.8799,0.3638
35.399,0.7157,0.7157,-0.0251,7.4183,7.4183,7.4002,-0.8799,-0.8799,0.3638
35.403,0.6986,0.6986,-0.0251,7.3188,7.3188,7.4183,-0.8299,-0.8299,0.3638
35.407,0.7011,0.7011,-0.0252,7.3404,7.3404,7.3188,-0.8299,-0.8299,0.3638
35.410,0.7031,0.7031,-0.0252,7.3593,7.3593,7.3404,-0.8299,-0.8299,0.3638
35.413,0.7051,0.7051,-0.0252,7.3784,7.3784,7.3593,-0.8299,-0.8299,0.3638
35.417,0.7072,0.7072,-0.0252,7.4004,7.4004,7.3784,-0.8299,-0.8299,0.3639
35.420,0.7095,0.7095,-0.0252,7.4246,7.4246,7.4004,-0.8299,-0.8299,0.3639
35.424,0.6914,0.6914,-0.0252,7.3190,7.3190,7.4246,-0.7913,-0.7913,0.3639
35.428,0.6937,0.6937,-0.0252,7.3455,7.3455,7.3190,-0.7913,-0.7913,0.3639
35.431,0.6955,0.6955,-0.0253,7.3677,7.3677,7.3455,-0.7913,-0.7913,0.3639
35.435,0.6975,0.6975,-0.0253,7.3936,7.3936,7.3677,-0.7913,-0.7913,0.3639
35.438,0.6994,0.6994,-0.0253,7.4182,7.4182,7.3936,-0.7913,-0.7913,0.3640
35.441,0.7012,0.7012,-0.0253,7.4430,7.4430,7.4182,-0.7913,-0.7913,0.3640
35.445,0.6825,0.6825,-0.0253,7.3344,7.3344,7.4430,-0.7537,-0.7537,0.3640
35.448,0.6844,0.6844,-0.0253,7.3635,7.3635,7.3344,-0.7537,-0.7537,0.3640
35.452,0.6864,0.6864,-0.0254,7.3931,7.3931,7.3635,-0.7537,-0.7537,0.3640
35.457,0.6888,0.6888,-0.0254,7.4323,7.4323,7.3931,-0.7537,-0.7537,0.3641
35.461,0.6908,0.6908,-0.0254,7.4662,7.4662,7.4323,-0.7537,-0.7537,0.3641
35.464,0.6716,0.6716,-0.0254,7.3532,7.3532,7.4662,-0.7383,-0.7383,0.3641
35.469,0.6737,0.6737,-0.0254,7.3904,7.3904,7.3532,-0.7383,-0.7383,0.3642
35.472,0.6752,0.6752,-0.0254,7.4200,7.4200,7.3904,-0.7383,-0.7383,0.3642
35.475,0.6768,0.6768,-0.0255,7.4498,7.4498,7.4200,-0.7383,-0.7383,0.3642
35.479,0.6783,0.6783,-0.0255,7.4805,7.4805,7.4498,-0.7383,-0.7383,0.3642
35.485,0.6604,0.6604,-0.0255,7.3955,7.3955,7.4805,-0.7458,-0.7458,0.3643
35.491,0.6629,0.6629,-0.0255,7.4534,7.4534,7.3955,-0.7458,-0.7458,0.3643
35.498,0.6658,0.6658,-0.0256,7.5228,7.5228,7.4534,-0.7458,-0.7458,0.3644
35.503,0.6468,0.6468,-0.0256,7.4196,7.4196,7.5228,-0.7501,-0.7501,0.3644
35.508,0.6487,0.6487,-0.0256,7.4686,7.4686,7.4196,-0.7501,-0.7501,0.3645
35.512,0.6501,0.6501,-0.0257,7.5063,7.5063,7.4686,-0.7501,-0.7501,0.3645
35.515,0.6513,0.6513,-0.0257,7.5413,7.5413,7.5063,-0.7501,-0.7501,0.3645
35.519,0.6527,0.6527,-0.0257,7.5804,7.5804,7.5413,-0.7501,-0.7501,0.3645
35.523,0.6335,0.6335,-0.0257,7.4662,7.4662,7.5804,-0.7761,-0.7761,0.3646
35.527,0.6348,0.6348,-0.0258,7.5092,7.5092,7.4662,-0.7761,-0.7761,0.3646
35.530,0.6359,0.6359,-0.0258,7.5441,7.5441,7.5092,-0.7761,-0.7761,0.3646
35.534,0.6372,0.6372,-0.0258,7.5838,7.5838,7.5441,-0.7761,-0.7761,0.3646
35.537,0.6383,0.6383,-0.0258,7.6235,7.6235,7.5838,-0.7761,-0.7761,0.3646
35.541,0.6394,0.6394,-0.0259,7.6601,7.6601,7.6235,-0.7761,-0.7761,0.3647
35.544,0.6200,0.6200,-0.0259,7.5354,7.5354,7.6601,-0.8045,-0.8045,0.3647
35.548,0.6212,0.6212,-0.0259,7.5785,7.5785,7.5354,-0.8045,-0.8045,0.3647
35.552,0.6226,0.6226,-0.0259,7.6317,7.6317,7.5785,-0.8045,-0.8045,0.3647
35.556,0.6238,0.6238,-0.0260,7.6795,7.6795,7.6317,-0.8045,-0.8045,0.3647
35.559,0.6247,0.6247,-0.0260,7.7170,7.7170,7.6795,-0.8045,-0.8045,0.3647
35.563,0.6054,0.6054,-0.0260,7.5904,7.5904,7.7170,-0.8244,-0.8244,0.3648
35.567,0.6066,0.6066,-0.0260,7.6435,7.6435,7.5904,-0.8244,-0.8244,0.3648
35.571,0.6078,0.6078,-0.0261,7.6947,7.6947,7.6435,-0.8244,-0.8244,0.3648
35.575,0.6089,0.6089,-0.0261,7.7431,7.7431,7.6947,-0.8244,-0.8244,0.3648
35.579,0.6098,0.6098,-0.0261,7.7873,7.7873,7.7431,-0.8244,-0.8244,0.3648
35.582,0.6108,0.6108,-0.0262,7.8311,7.8311,7.7873,-0.8244,-0.8244,0.3648
35.587,0.5918,0.5918,-0.0262,7.7180,7.7180,7.8311,-0.8354,-0.8354,0.3648
35.591,0.5928,0.5928,-0.0262,7.7694,7.7694,7.7180,-0.8354,-0.8354,0.3648
35.595,0.5939,0.5939,-0.0263,7.8243,7.8243,7.7694,-0.8354,-0.8354,0.3648
35.602,0.5956,0.5956,-0.0263,7.9183,7.9183,7.8243,-0.8354,-0.8354,0.3649
35.607,0.5770,0.5770,-0.0264,7.8127,7.8127,7.9183,-0.8384,-0.8384,0.3649
35.612,0.5781,0.5781,-0.0264,7.8746,7.8746,7.8127,-0.8384,-0.8384,0.3649
35.617,0.5791,0.5791,-0.0264,7.9348,7.9348,7.8746,-0.8384,-0.8384,0.3649
35.621,0.5799,0.5799,-0.0265,7.9841,7.9841,7.9348,-0.8384,-0.8384,0.3649
35.624,0.5613,0.5613,-0.0265,7.8529,7.8529,7.9841,-0.8435,-0.8435,0.3649
35.628,0.5621,0.5621,-0.0265,7.9025,7.9025,7.8529,-0.8435,-0.8435,0.3649
35.631,0.5628,0.5628,-0.0266,7.9470,7.9470,7.9025,-0.8435,-0.8435,0.3649
35.637,0.5640,0.5640,-0.0266,8.0283,8.0283,7.9470,-0.8435,-0.8435,0.3649
35.640,0.5646,0.5646,-0.0267,8.0731,8.0731,8.0000,-0.8435,-0.8435,0.3649
35.644,0.5465,0.5465,-0.0267,7.9425,7.9425,8.0000,-0.8410,-0.8410,0.3649
35.648,0.5473,0.5473,-0.0267,8.0049,8.0049,7.9425,-0.8410,-0.8410,0.3650
35.652,0.5481,0.5481,-0.0268,8.0582,8.0582,8.0000,-0.8410,-0.8410,0.3650
35.656,0.5486,0.5486,-0.0268,8.1021,8.1021,8.0000,-0.8410,-0.8410,0.3650
35.659,0.5492,0.5492,-0.0269,8.1458,8.1458,8.0000,-0.8410,-0.8410,0.3650
35.662,0.5497,0.5497,-0.0269,8.1875,8.1875,8.0000,-0.8410,-0.8410,0.3650
35.666,0.5319,0.5319,-0.0269,8.0553,8.0553,8.0000,-0.8294,-0.8294,0.3650
35.670,0.5326,0.5326,-0.0270,8.1140,8.1140,8.0000,-0.8294,-0.8294,0.3650
35.673,0.5332,0.5332,-0.0270,8.1568,8.1568,8.0000,-0.8294,-0.8294,0.3650
35.678,0.5339,0.5339,-0.0270,8.2167,8.2167,8.0000,-0.8294,-0.8294,0.3650
35.682,0.5344,0.5344,-0.0271,8.2664,8.2664,8.0000,-0.8294,-0.8294,0.3650
35.685,0.5171,0.5171,-0.0271,8.1408,8.1408,8.0000,-0.8082,-0.8082,0.3650
35.689,0.5176,0.5176,-0.0272,8.1915,8.1915,8.0000,-0.8082,-0.8082,0.3650
35.693,0.5182,0.5182,-0.0272,8.2382,8.2382,8.0000,-0.8082,-0.8082,0.3651
35.697,0.5187,0.5187,-0.0272,8.2851,8.2851,8.0000,-0.8082,-0.8082,0.3651
35.700,0.5192,0.5192,-0.0273,8.3339,8.3339,8.0000,-0.8082,-0.8082,0.3651
35.705,0.5023,0.5023,-0.0273,8.2149,8.2149,8.0000,-0.7762,-0.7762,0.3651
35.713,0.5034,0.5034,-0.0274,8.3255,8.3255,8.0000,-0.7762,-0.7762,0.3651
35.717,0.5039,0.5039,-0.0275,8.3724,8.3724,8.0000,-0.7762,-0.7762,0.3652
35.721,0.5043,0.5043,-0.0275,8.4158,8.4158,8.0000,-0.7762,-0.7762,0.3652
35.724,0.4876,0.4876,-0.0276,8.2802,8.2802,8.0000,-0.7335,-0.7335,0.3652
35.728,0.4880,0.4880,-0.0276,8.3275,8.3275,8.0000,-0.7335,-0.7335,0.3652
35.731,0.4884,0.4884,-0.0276,8.3673,8.3673,8.0000,-0.7335,-0.7335,0.3652
35.735,0.4888,0.4888,-0.0277,8.4115,8.4115,8.0000,-0.7335,-0.7335,0.3653
35.738,0.4892,0.4892,-0.0277,8.4540,8.4540,8.0000,-0.7335,-0.7335,0.3653
35.742,0.4896,0.4896,-0.0278,8.4942,8.4942,8.0000,-0.7335,-0.7335,0.3653
35.745,0.4735,0.4735,-0.0278,8.3627,8.3627,8.0000,-0.6839,-0.6839,0.3653
35.749,0.4739,0.4739,-0.0279,8.4094,8.4094,8.0000,-0.6839,-0.6839,0.3654
35.753,0.4743,0.4743,-0.0279,8.4550,8.4550,8.0000,-0.6839,-0.6839,0.3654
35.759,0.4749,0.4749,-0.0280,8.5213,8.5213,8.0000,-0.6839,-0.6839,0.3655
35.764,0.4595,0.4595,-0.0280,8.4008,8.4008,8.0000,-0.6295,-0.6295,0.3655
35.769,0.4599,0.4599,-0.0281,8.4498,8.4498,8.0000,-0.6295,-0.6295,0.3656
35.772,0.4603,0.4603,-0.0282,8.4877,8.4877,8.0000,-0.6295,-0.6295,0.3656
35.776,0.4606,0.4606,-0.0282,8.5218,8.5218,8.0000,-0.6295,-0.6295,0.3657
35.779,0.4609,0.4609,-0.0282,8.5552,8.5552,8.0000,-0.6295,-0.6295,0.3657
35.782,0.4612,0.4612,-0.0283,8.5906,8.5906,8.0000,-0.6295,-0.6295,0.3657
35.790,0.4476,0.4476,-0.0283,8.4841,8.4841,8.0000,-0.6015,-0.6015,0.3658
35.795,0.4480,0.4480,-0.0284,8.5230,8.5230,8.0000,-0.6015,-0.6015,0.3659
35.798,0.4483,0.4483,-0.0285,8.5463,8.5463,8.0000,-0.6015,-0.6015,0.3659
35.802,0.4486,0.4486,-0.0285,8.5696,8.5696,8.0000,-0.6015,-0.6015,0.3660
35.806,0.4355,0.4355,-0.0286,8.4096,8.4096,8.0000,-0.5684,-0.5684,0.3660
35.810,0.4358,0.4358,-0.0286,8.4234,8.4234,8.0000,-0.5684,-0.5684,0.3661
35.816,0.4362,0.4362,-0.0287,8.4333,8.4333,8.0000,-0.5684,-0.5684,0.3661
35.826,0.4250,0.4250,-0.0288,8.2477,8.2477,8.0000,-0.5524,-0.5524,0.3662
35.831,0.4253,0.4253,-0.0289,8.2369,8.2369,8.0000,-0.5524,-0.5524,0.3664
35.835,0.4256,0.4256,-0.0290,8.2251,8.2251,8.0000,-0.5524,-0.5524,0.3665
35.839,0.4258,0.4258,-0.0291,8.2121,8.2121,8.0000,-0.5524,-0.5524,0.3665
35.842,0.4261,0.4261,-0.0291,8.2004,8.2004,8.0000,-0.5524,-0.5524,0.3666
35.845,0.4150,0.4150,-0.0291,8.0134,8.0134,8.0000,-0.5313,-0.5313,0.3666
35.852,0.4154,0.4154,-0.0292,7.9970,7.9970,8.0000,-0.5313,-0.5313,0.3667
35.856,0.4157,0.4157,-0.0293,7.9870,7.9870,7.9970,-0.5313,-0.5313,0.3668
35.860,0.4159,0.4159,-0.0293,7.9798,7.9798,7.9870,-0.5313,-0.5313,0.3668
35.863,0.4053,0.4053,-0.0294,7.7992,7.7992,7.9798,-0.4997,-0.4997,0.3669
35.868,0.4055,0.4055,-0.0294,7.7933,7.7933,7.7992,-0.4997,-0.4997,0.3670
35.871,0.4057,0.4057,-0.0295,7.7895,7.7895,7.7933,-0.4997,-0.4997,0.3670
35.874,0.4059,0.4059,-0.0296,7.7866,7.7866,7.7895,-0.4997,-0.4997,0.3671
35.880,0.4062,0.4062,-0.0296,7.7837,7.7837,7.7866,-0.4997,-0.4997,0.3671
35.884,0.3970,0.3970,-0.0297,7.6075,7.6075,7.7837,-0.4786,-0.4786,0.3672
35.889,0.3972,0.3972,-0.0297,7.6074,7.6074,7.6075,-0.4786,-0.4786,0.3673
35.892,0.3974,0.3974,-0.0298,7.6078,7.6078,7.6074,-0.4786,-0.4786,0.3674
35.895,0.3975,0.3975,-0.0299,7.6087,7.6087,7.6078,-0.4786,-0.4786,0.3674
35.899,0.3977,0.3977,-0.0299,7.6100,7.6100,7.6087,-0.4786,-0.4786,0.3675
35.902,0.3978,0.3978,-0.0299,7.6122,7.6122,7.6100,-0.4786,-0.4786,0.3676
35.906,0.3892,0.3892,-0.0300,7.4416,7.4416,7.6122,-0.4514,-0.4514,0.3676
35.912,0.3894,0.3894,-0.0300,7.4472,7.4472,7.4416,-0.4514,-0.4514,0.3677
35.918,0.3897,0.3897,-0.0301,7.4539,7.4539,7.4472,-0.4514,-0.4514,0.3678
35.925,0.3826,0.3826,-0.0302,7.2903,7.2903,7.4539,-0.4361,-0.4361,0.3679
35.929,0.3828,0.3828,-0.0303,7.2958,7.2958,7.2903,-0.4361,-0.4361,0.3680
35.933,0.3829,0.3829,-0.0304,7.3007,7.3007,7.2958,-0.4361,-0.4361,0.3681
35.939,0.3831,0.3831,-0.0304,7.3100,7.3100,7.3007,-0.4361,-0.4361,0.3682
35.944,0.3779,0.3779,-0.0305,7.1431,7.1431,7.3100,-0.4445,-0.4445,0.3683
35.948,0.3781,0.3781,-0.0306,7.1494,7.1494,7.1431,-0.4445,-0.4445,0.3684
35.952,0.3782,0.3782,-0.0307,7.1548,7.1548,7.1494,-0.4445,-0.4445,0.3685
35.955,0.3783,0.3783,-0.0307,7.1597,7.1597,7.1548,-0.4445,-0.4445,0.3685
35.959,0.3784,0.3784,-0.0308,7.1647,7.1647,7.1597,-0.4445,-0.4445,0.3686
35.962,0.3785,0.3785,-0.0308,7.1693,7.1693,7.1647,-0.4445,-0.4445,0.3687
35.965,0.3737,0.3737,-0.0309,7.0028,7.0028,7.1693,-0.4432,-0.4432,0.3687
35.969,0.3738,0.3738,-0.0309,7.0087,7.0087,7.0028,-0.4432,-0.4432,0.3688
35.973,0.3739,0.3739,-0.0310,7.0128,7.0128,7.0087,-0.4432,-0.4432,0.3688
35.977,0.3740,0.3740,-0.0310,7.0179,7.0179,7.0128,-0.4432,-0.4432,0.3689
35.980,0.3741,0.3741,-0.0311,7.0219,7.0219,7.0179,-0.4432,-0.4432,0.3690
35.984,0.3706,0.3706,-0.0311,6.8558,6.8558,7.0219,-0.4517,-0.4517,0.3690
35.988,0.3707,0.3707,-0.0312,6.8599,6.8599,6.8558,-0.4517,-0.4517,0.3691
35.992,0.3709,0.3709,-0.0312,6.8634,6.8634,6.8599,-0.4517,-0.4517,0.3692
35.995,0.3709,0.3709,-0.0313,6.8661,6.8661,6.8634,-0.4517,-0.4517,0.3692
35.998,0.3710,0.3710,-0.0313,6.8683,6.8683,6.8661,-0.4517,-0.4517,0.3693
36.002,0.3711,0.3711,-0.0314,6.8705,6.8705,6.8683,-0.4517,-0.4517,0.3693
36.008,0.3681,0.3681,-0.0314,6.7054,6.7054,6.8705,-0.4516,-0.4516,0.3694
36.012,0.3682,0.3682,-0.0315,6.7065,6.7065,6.7054,-0.4516,-0.4516,0.3695
36.015,0.3682,0.3682,-0.0316,6.7070,6.7070,6.7065,-0.4516,-0.4516,0.3696
36.019,0.3683,0.3683,-0.0316,6.7069,6.7069,6.7070,-0.4516,-0.4516,0.3696
36.022,0.3684,0.3684,-0.0317,6.7064,6.7064,6.7069,-0.4516,-0.4516,0.3697
36.026,0.3655,0.3655,-0.0317,6.5412,6.5412,6.7064,-0.4382,-0.4382,0.3697
36.034,0.3656,0.3656,-0.0318,6.5361,6.5361,6.5412,-0.4382,-0.4382,0.3698
36.038,0.3657,0.3657,-0.0319,6.5324,6.5324,6.5361,-0.4382,-0.4382,0.3699
36.042,0.3658,0.3658,-0.0319,6.5288,6.5288,6.5324,-0.4382,-0.4382,0.3700
36.045,0.3629,0.3629,-0.0320,6.3648,6.3648,6.5288,-0.4115,-0.4115,0.3701
36.049,0.3630,0.3630,-0.0320,6.3594,6.3594,6.3648,-0.4115,-0.4115,0.3701
36.053,0.3631,0.3631,-0.0321,6.3533,6.3533,6.3594,-0.4115,-0.4115,0.3702
36.056,0.3632,0.3632,-0.0321,6.3473,6.3473,6.3533,-0.4115,-0.4115,0.3703
36.061,0.3632,0.3632,-0.0322,6.3384,6.3384,6.3473,-0.4115,-0.4115,0.3703
36.065,0.3620,0.3620,-0.0322,6.1700,6.1700,6.3384,-0.4015,-0.4015,0.3704
36.069,0.3621,0.3621,-0.0323,6.1594,6.1594,6.1700,-0.4015,-0.4015,0.3705
36.073,0.3622,0.3622,-0.0324,6.1510,6.1510,6.1594,-0.4015,-0.4015,0.3706
36.076,0.3622,0.3622,-0.0324,6.1423,6.1423,6.1510,-0.4015,-0.4015,0.3706
36.079,0.3623,0.3623,-0.0324,6.1332,6.1332,6.1423,-0.4015,-0.4015,0.3707
36.083,0.3614,0.3614,-0.0325,5.9629,5.9629,6.1332,-0.3837,-0.3837,0.3707
36.090,0.3615,0.3615,-0.0325,5.9375,5.9375,5.9629,-0.3837,-0.3837,0.3708
36.094,0.3616,0.3616,-0.0326,5.9250,5.9250,5.9375,-0.3837,-0.3837,0.3709
36.097,0.3616,0.3616,-0.0327,5.9123,5.9123,5.9250,-0.3837,-0.3837,0.3710
36.101,0.3617,0.3617,-0.0327,5.8972,5.8972,5.9123,-0.3837,-0.3837,0.3711
36.104,0.3616,0.3616,-0.0328,5.7282,5.7282,5.8972,-0.3662,-0.3662,0.3711
36.108,0.3616,0.3616,-0.0328,5.7109,5.7109,5.7282,-0.3662,-0.3662,0.3712
36.112,0.3617,0.3617,-0.0329,5.6953,5.6953,5.7109,-0.3662,-0.3662,0.3713
36.116,0.3617,0.3617,-0.0329,5.6717,5.6717,5.6953,-0.3662,-0.3662,0.3713
36.120,0.3618,0.3618,-0.0330,5.6521,5.6521,5.6717,-0.3662,-0.3662,0.3714
36.123,0.3618,0.3618,-0.0330,5.4853,5.4853,5.6521,-0.3378,-0.3378,0.3715
36.128,0.3618,0.3618,-0.0331,5.4580,5.4580,5.4853,-0.3378,-0.3378,0.3716
36.136,0.3619,0.3619,-0.0331,5.4145,5.4145,5.4580,-0.3378,-0.3378,0.3717
36.139,0.3620,0.3620,-0.0332,5.3940,5.3940,5.4145,-0.3378,-0.3378,0.3718
36.142,0.3620,0.3620,-0.0333,5.3742,5.3742,5.3940,-0.3378,-0.3378,0.3719
36.146,0.3621,0.3621,-0.0333,5.2030,5.2030,5.3742,-0.2961,-0.2961,0.3719
36.150,0.3621,0.3621,-0.0333,5.1738,5.1738,5.2030,-0.2961,-0.2961,0.3720
36.154,0.3621,0.3621,-0.0334,5.1505,5.1505,5.1738,-0.2961,-0.2961,0.3721
36.157,0.3622,0.3622,-0.0334,5.1281,5.1281,5.1505,-0.2961,-0.2961,0.3722
36.161,0.3622,0.3622,-0.0335,5.1032,5.1032,5.1281,-0.2961,-0.2961,0.3723
36.164,0.3624,0.3624,-0.0335,4.9346,4.9346,5.1032,-0.2438,-0.2438,0.3723
36.169,0.3625,0.3625,-0.0336,4.9006,4.9006,4.9346,-0.2438,-0.2438,0.3724
36.172,0.3625,0.3625,-0.0336,4.8758,4.8758,4.9006,-0.2438,-0.2438,0.3725
36.176,0.3625,0.3625,-0.0337,4.8488,4.8488,4.8758,-0.2438,-0.2438,0.3726
36.180,0.3626,0.3626,-0.0337,4.8109,4.8109,4.8488,-0.2438,-0.2438,0.3727
36.185,0.3629,0.3629,-0.0338,4.6320,4.6320,4.8109,-0.1797,-0.1797,0.3728
36.190,0.3629,0.3629,-0.0338,4.5940,4.5940,4.6320,-0.1797,-0.1797,0.3729
36.193,0.3630,0.3630,-0.0339,4.5623,4.5623,4.5940,-0.1797,-0.1797,0.3731
36.197,0.3630,0.3630,-0.0339,4.5340,4.5340,4.5623,-0.1797,-0.1797,0.3732
36.200,0.3630,0.3630,-0.0340,4.5017,4.5017,4.5340,-0.1797,-0.1797,0.3732
36.204,0.3634,0.3634,-0.0340,4.3351,4.3351,4.5017,-0.1029,-0.1029,0.3733
36.209,0.3634,0.3634,-0.0340,4.2904,4.2904,4.3351,-0.1029,-0.1029,0.3734
36.214,0.3635,0.3635,-0.0341,4.2474,4.2474,4.2904,-0.1029,-0.1029,0.3736
36.218,0.3635,0.3635,-0.0341,4.2037,4.2037,4.2474,-0.1029,-0.1029,0.3737
36.222,0.3635,0.3635,-0.0342,4.1708,4.1708,4.2037,-0.1029,-0.1029,0.3739
36.225,0.3644,0.3644,-0.0342,4.0055,4.0055,4.1708,-0.0216,-0.0216,0.3740
36.229,0.3644,0.3644,-0.0343,3.9674,3.9674,4.0055,-0.0216,-0.0216,0.3741
36.234,0.3645,0.3645,-0.0343,3.9206,3.9206,3.9674,-0.0216,-0.0216,0.3742
36.243,0.3660,0.3660,-0.0344,3.7041,3.7041,3.9206,0.0626,0.0626,0.3744
36.247,0.3660,0.3660,-0.0345,3.6567,3.6567,3.7041,0.0626,0.0626,0.3747
36.251,0.3660,0.3660,-0.0345,3.6189,3.6189,3.6567,0.0626,0.0626,0.3749
36.255,0.3660,0.3660,-0.0346,3.5800,3.5800,3.6189,0.0626,0.0626,0.3750
36.258,0.3661,0.3661,-0.0346,3.5476,3.5476,3.5800,0.0626,0.0626,0.3752
36.261,0.3661,0.3661,-0.0346,3.5145,3.5145,3.5476,0.0626,0.0626,0.3753
36.265,0.3680,0.3680,-0.0347,3.3544,3.3544,3.5145,0.1524,0.1524,0.3754
36.269,0.3680,0.3680,-0.0347,3.3071,3.3071,3.3544,0.1524,0.1524,0.3755
36.273,0.3680,0.3680,-0.0348,3.2637,3.2637,3.3071,0.1524,0.1524,0.3757
36.277,0.3680,0.3680,-0.0348,3.2271,3.2271,3.2637,0.1524,0.1524,0.3759
36.280,0.3680,0.3680,-0.0348,3.1932,3.1932,3.2271,0.1524,0.1524,0.3760
36.284,0.3702,0.3702,-0.0349,3.0309,3.0309,3.1932,0.2495,0.2495,0.3761
36.288,0.3703,0.3703,-0.0349,2.9876,2.9876,3.0309,0.2495,0.2495,0.3763
36.291,0.3703,0.3703,-0.0350,2.9532,2.9532,2.9876,0.2495,0.2495,0.3765
36.294,0.3703,0.3703,-0.0350,2.9184,2.9184,2.9532,0.2495,0.2495,0.3766
36.297,0.3703,0.3703,-0.0350,2.8846,2.8846,2.9184,0.2495,0.2495,0.3768
36.301,0.3703,0.3703,-0.0350,2.8447,2.8447,2.8846,0.2495,0.2495,0.3769
36.306,0.3728,0.3728,-0.0351,2.6694,2.6694,2.8447,0.3535,0.3535,0.3771
36.310,0.3729,0.3729,-0.0351,2.6252,2.6252,2.6694,0.3535,0.3535,0.3773
36.313,0.3729,0.3729,-0.0352,2.5900,2.5900,2.6252,0.3535,0.3535,0.3775
36.317,0.3729,0.3729,-0.0352,2.5512,2.5512,2.5900,0.3535,0.3535,0.3777
36.320,0.3729,0.3729,-0.0352,2.5123,2.5123,2.5512,0.3535,0.3535,0.3778
36.324,0.3788,0.3788,-0.0353,2.3549,2.3549,2.5123,0.3982,0.3982,0.3780
36.328,0.3788,0.3788,-0.0353,2.3122,2.3122,2.3549,0.3982,0.3982,0.3782
36.331,0.3788,0.3788,-0.0353,2.2780,2.2780,2.3122,0.3982,0.3982,0.3784
36.337,0.3789,0.3789,-0.0354,2.2129,2.2129,2.2780,0.3982,0.3982,0.3785
36.344,0.3853,0.3853,-0.0354,2.0081,2.0081,2.2129,0.4423,0.4423,0.3788
36.349,0.3853,0.3853,-0.0355,1.9561,1.9561,2.0081,0.4423,0.4423,0.3792
36.353,0.3853,0.3853,-0.0355,1.9152,1.9152,1.9561,0.4423,0.4423,0.3794
36.356,0.3853,0.3853,-0.0356,1.8796,1.8796,1.9152,0.4423,0.4423,0.3796
36.360,0.3854,0.3854,-0.0356,1.8433,1.8433,1.8796,0.4423,0.4423,0.3798
36.364,0.3917,0.3917,-0.0356,1.6771,1.6771,1.8433,0.4981,0.4981,0.3800
36.370,0.3918,0.3918,-0.0357,1.6146,1.6146,1.6771,0.4981,0.4981,0.3802
36.374,0.3918,0.3918,-0.0357,1.5764,1.5764,1.6146,0.4981,0.4981,0.3805
36.377,0.3918,0.3918,-0.0358,1.5424,1.5424,1.5764,0.4981,0.4981,0.3807
36.381,0.3918,0.3918,-0.0358,1.4930,1.4930,1.5424,0.4981,0.4981,0.3809
36.386,0.3983,0.3983,-0.0358,1.3289,1.3289,1.4930,0.5623,0.5623,0.3811
36.393,0.3983,0.3983,-0.0359,1.2528,1.2528,1.3289,0.5623,0.5623,0.3814
36.397,0.3984,0.3984,-0.0359,1.2149,1.2149,1.2528,0.5623,0.5623,0.3818
36.401,0.3984,0.3984,-0.0359,1.1779,1.1779,1.2149,0.5623,0.5623,0.3820
36.404,0.4051,0.4051,-0.0360,1.0319,1.0319,1.1779,0.6332,0.6332,0.3822
36.408,0.4051,0.4051,-0.0360,0.9915,0.9915,1.0319,0.6332,0.6332,0.3824
36.412,0.4052,0.4052,-0.0360,0.9489,0.9489,0.9915,0.6332,0.6332,0.3826
36.416,0.4052,0.4052,-0.0361,0.9116,0.9116,0.9489,0.6332,0.6332,0.3828
36.419,0.4052,0.4052,-0.0361,0.8734,0.8734,0.9116,0.6332,0.6332,0.3830
36.423,0.4122,0.4122,-0.0361,0.7331,0.7331,0.8734,0.7107,0.7107,0.3832
36.427,0.4122,0.4122,-0.0361,0.6920,0.6920,0.7331,0.7107,0.7107,0.3834
36.430,0.4122,0.4122,-0.0362,0.6587,0.6587,0.6920,0.7107,0.7107,0.3837
36.434,0.4122,0.4122,-0.0362,0.6188,0.6188,0.6587,0.7107,0.7107,0.3839
36.439,0.4122,0.4122,-0.0362,0.5720,0.5720,0.6188,0.7107,0.7107,0.3841
36.446,0.4204,0.4204,-0.0362,0.3905,0.3905,0.5720,0.7725,0.7725,0.3844
36.451,0.4204,0.4204,-0.0363,0.3445,0.3445,0.3905,0.7725,0.7725,0.3848
36.455,0.4204,0.4204,-0.0363,0.3106,0.3106,0.3445,0.7725,0.7725,0.3851
36.458,0.4204,0.4204,-0.0363,0.2779,0.2779,0.3106,0.7725,0.7725,0.3853
36.461,0.4204,0.4204,-0.0364,0.2461,0.2461,0.2779,0.7725,0.7725,0.3855
36.465,0.4289,0.4289,-0.0364,0.1135,0.1135,0.2461,0.8374,0.8374,0.3857
36.469,0.4289,0.4289,-0.0364,0.0703,0.0703,0.1135,0.8374,0.8374,0.3860
36.473,0.4289,0.4289,-0.0364,0.0370,0.0370,0.0703,0.8374,0.8374,0.3862
36.477,0.4289,0.4289,-0.0365,-0.0064,-0.0064,0.0370,0.8374,0.8374,0.3865
36.481,0.4290,0.4290,-0.0365,-0.0434,-0.0434,0.0000,0.8374,0.8374,0.3868
36.485,0.4379,0.4379,-0.0365,-0.1795,-0.1795,0.0000,0.9033,0.9033,0.3870
36.490,0.4379,0.4379,-0.0365,-0.2224,-0.2224,0.0000,0.9033,0.9033,0.3873
36.494,0.4379,0.4379,-0.0365,-0.2615,-0.2615,0.0000,0.9033,0.9033,0.3876
36.498,0.4379,0.4379,-0.0366,-0.2944,-0.2944,0.0000,0.9033,0.9033,0.3879
36.502,0.4379,0.4379,-0.0366,-0.3319,-0.3319,0.0000,0.9033,0.9033,0.3881
36.507,0.4472,0.4472,-0.0366,-0.4724,-0.4724,0.0000,0.9738,0.9738,0.3884
36.512,0.4472,0.4472,-0.0366,-0.5146,-0.5146,0.0000,0.9738,0.9738,0.3887
36.526,0.4570,0.4570,-0.0367,-0.7410,-0.7410,0.0000,1.0401,1.0401,0.3890
36.534,0.4570,0.4570,-0.0367,-0.7965,-0.7965,0.0000,1.0401,1.0401,0.3900
36.541,0.4570,0.4570,-0.0368,-0.8314,-0.8314,0.0000,1.0401,1.0401,0.3906
36.549,0.4672,0.4672,-0.0368,-0.9491,-0.9491,0.0000,1.1055,1.1055,0.3910
36.557,0.4672,0.4672,-0.0368,-0.9613,-0.9613,0.0000,1.1055,1.1055,0.3916
36.561,0.4673,0.4673,-0.0368,-0.9635,-0.9635,0.0000,1.1055,1.1055,0.3922
36.565,0.4778,0.4778,-0.0369,-1.0503,-1.0503,0.0000,1.1742,1.1742,0.3925
36.571,0.4778,0.4778,-0.0369,-1.0416,-1.0416,0.0000,1.1742,1.1742,0.3928
36.575,0.4778,0.4778,-0.0369,-1.0334,-1.0334,0.0000,1.1742,1.1742,0.3932
36.579,0.4778,0.4778,-0.0369,-1.0234,-1.0234,0.0000,1.1742,1.1742,0.3935
36.583,0.4886,0.4886,-0.0369,-1.0986,-1.0986,0.0000,1.2437,1.2437,0.3937
36.587,0.4886,0.4886,-0.0369,-1.0890,-1.0890,0.0000,1.2437,1.2437,0.3941
36.591,0.4886,0.4886,-0.0369,-1.0829,-1.0829,0.0000,1.2437,1.2437,0.3944
36.595,0.4886,0.4886,-0.0369,-1.0779,-1.0779,0.0000,1.2437,1.2437,0.3947
36.600,0.4886,0.4886,-0.0369,-1.0724,-1.0724,0.0000,1.2437,1.2437,0.3949
36.605,0.4999,0.4999,-0.0369,-1.1512,-1.1512,0.0000,1.3079,1.3079,0.3953
36.610,0.4999,0.4999,-0.0370,-1.1495,-1.1495,0.0000,1.3079,1.3079,0.3957
36.614,0.4999,0.4999,-0.0370,-1.1491,-1.1491,0.0000,1.3079,1.3079,0.3961
36.618,0.4999,0.4999,-0.0370,-1.1502,-1.1502,0.0000,1.3079,1.3079,0.3964
36.622,0.4999,0.4999,-0.0370,-1.1525,-1.1525,0.0000,1.3079,1.3079,0.3967
36.626,0.5116,0.5116,-0.0370,-1.2359,-1.2359,0.0000,1.3598,1.3598,0.3970
36.631,0.5116,0.5116,-0.0370,-1.2427,-1.2427,0.0000,1.3598,1.3598,0.3973
36.635,0.5116,0.5116,-0.0370,-1.2495,-1.2495,0.0000,1.3598,1.3598,0.3977
36.638,0.5116,0.5116,-0.0370,-1.2561,-1.2561,0.0000,1.3598,1.3598,0.3980
36.642,0.5116,0.5116,-0.0370,-1.2630,-1.2630,0.0000,1.3598,1.3598,0.3983
36.645,0.5234,0.5234,-0.0370,-1.3490,-1.3490,0.0000,1.4098,1.4098,0.3985
36.649,0.5234,0.5234,-0.0370,-1.3606,-1.3606,0.0000,1.4098,1.4098,0.3988
36.653,0.5234,0.5234,-0.0370,-1.3710,-1.3710,0.0000,1.4098,1.4098,0.3992
36.657,0.5234,0.5234,-0.0370,-1.3847,-1.3847,0.0000,1.4098,1.4098,0.3994
36.665,0.5354,0.5354,-0.0370,-1.4858,-1.4858,0.0000,1.4585,1.4585,0.3998
36.671,0.5354,0.5354,-0.0370,-1.5086,-1.5086,0.0000,1.4585,1.4585,0.4004
36.675,0.5355,0.5355,-0.0370,-1.5243,-1.5243,0.0000,1.4585,1.4585,0.4009
36.680,0.5355,0.5355,-0.0370,-1.5399,-1.5399,0.0000,1.4585,1.4585,0.4012
36.684,0.5476,0.5476,-0.0370,-1.6275,-1.6275,0.0000,1.5047,1.5047,0.4015
36.688,0.5476,0.5476,-0.0370,-1.6431,-1.6431,0.0000,1.5047,1.5047,0.4018
36.691,0.5476,0.5476,-0.0370,-1.6561,-1.6561,0.0000,1.5047,1.5047,0.4022
36.697,0.5476,0.5476,-0.0370,-1.6791,-1.6791,0.0000,1.5047,1.5047,0.4024
36.701,0.5476,0.5476,-0.0370,-1.6951,-1.6951,0.0000,1.5047,1.5047,0.4029
36.704,0.5602,0.5602,-0.0370,-1.7788,-1.7788,0.0000,1.4945,1.4945,0.4032
36.710,0.5602,0.5602,-0.0370,-1.7997,-1.7997,0.0000,1.4945,1.4945,0.4035
36.713,0.5602,0.5602,-0.0370,-1.8139,-1.8139,0.0000,1.4945,1.4945,0.4039
36.717,0.5602,0.5602,-0.0370,-1.8293,-1.8293,0.0000,1.4945,1.4945,0.4042
36.720,0.5602,0.5602,-0.0370,-1.8444,-1.8444,0.0000,1.4945,1.4945,0.4045
36.724,0.5729,0.5729,-0.0370,-1.9265,-1.9265,0.0000,1.4686,1.4686,0.4047
36.728,0.5729,0.5729,-0.0370,-1.9436,-1.9436,0.0000,1.4686,1.4686,0.4050
36.731,0.5729,0.5729,-0.0370,-1.9585,-1.9585,0.0000,1.4686,1.4686,0.4053
36.735,0.5729,0.5729,-0.0369,-1.9758,-1.9758,0.0000,1.4686,1.4686,0.4055
36.738,0.5729,0.5729,-0.0369,-1.9911,-1.9911,0.0000,1.4686,1.4686,0.4058
36.743,0.5854,0.5854,-0.0369,-2.0785,-2.0785,0.0000,1.4443,1.4443,0.4061
36.747,0.5854,0.5854,-0.0369,-2.0977,-2.0977,0.0000,1.4443,1.4443,0.4064
36.751,0.5854,0.5854,-0.0369,-2.1180,-2.1180,0.0000,1.4443,1.4443,0.4067
36.755,0.5854,0.5854,-0.0369,-2.1355,-2.1355,0.0000,1.4443,1.4443,0.4070
36.758,0.5854,0.5854,-0.0369,-2.1518,-2.1518,0.0000,1.4443,1.4443,0.4073
36.762,0.5854,0.5854,-0.0369,-2.1674,-2.1674,0.0000,1.4443,1.4443,0.4075
36.765,0.5977,0.5977,-0.0369,-2.2455,-2.2455,0.0000,1.4241,1.4241,0.4078
36.771,0.5977,0.5977,-0.0369,-2.2729,-2.2729,0.0000,1.4241,1.4241,0.4080
36.778,0.5977,0.5977,-0.0368,-2.3101,-2.3101,0.0000,1.4241,1.4241,0.4084
36.782,0.5977,0.5977,-0.0368,-2.3266,-2.3266,0.0000,1.4241,1.4241,0.4089
36.786,0.6099,0.6099,-0.0368,-2.4041,-2.4041,0.0000,1.4059,1.4059,0.4091
36.789,0.6099,0.6099,-0.0368,-2.4224,-2.4224,0.0000,1.4059,1.4059,0.4094
36.793,0.6099,0.6099,-0.0368,-2.4372,-2.4372,0.0000,1.4059,1.4059,0.4097
36.796,0.6099,0.6099,-0.0368,-2.4517,-2.4517,0.0000,1.4059,1.4059,0.4099
36.799,0.6099,0.6099,-0.0368,-2.4674,-2.4674,0.0000,1.4059,1.4059,0.4101
36.804,0.6219,0.6219,-0.0368,-2.5464,-2.5464,0.0000,1.3885,1.3885,0.4103
36.808,0.6219,0.6219,-0.0367,-2.5643,-2.5643,0.0000,1.3885,1.3885,0.4106
36.811,0.6219,0.6219,-0.0367,-2.5781,-2.5781,0.0000,1.3885,1.3885,0.4109
36.815,0.6219,0.6219,-0.0367,-2.5920,-2.5920,0.0000,1.3885,1.3885,0.4111
36.819,0.6219,0.6219,-0.0367,-2.6108,-2.6108,0.0000,1.3885,1.3885,0.4113
36.823,0.6337,0.6337,-0.0367,-2.6857,-2.6857,0.0000,1.3694,1.3694,0.4116
36.829,0.6337,0.6337,-0.0366,-2.7087,-2.7087,0.0000,1.3694,1.3694,0.4119
36.832,0.6337,0.6337,-0.0366,-2.7233,-2.7233,0.0000,1.3694,1.3694,0.4122
36.837,0.6337,0.6337,-0.0366,-2.7441,-2.7441,0.0000,1.3694,1.3694,0.4124
36.840,0.6337,0.6337,-0.0366,-2.7603,-2.7603,0.0000,1.3694,1.3694,0.4127
36.844,0.6453,0.6453,-0.0366,-2.8275,-2.8275,0.0000,1.3482,1.3482,0.4129
36.851,0.6458,0.6458,-0.0366,-2.8607,-2.8607,0.0000,1.3482,1.3482,0.4131
36.855,0.6463,0.6463,-0.0365,-2.8766,-2.8766,0.0000,1.3482,1.3482,0.4136
36.858,0.6472,0.6472,-0.0365,-2.8915,-2.8915,0.0000,1.3482,1.3482,0.4138
36.862,0.6485,0.6485,-0.0365,-2.9058,-2.9058,0.0000,1.3482,1.3482,0.4140
36.868,0.6632,0.6632,-0.0365,-2.9822,-2.9822,0.0000,1.3220,1.3220,0.4142
36.873,0.6673,0.6673,-0.0364,-3.0050,-3.0050,0.0000,1.3220,1.3220,0.4145
36.880,0.6756,0.6756,-0.0364,-3.0368,-3.0368,0.0000,1.3220,1.3220,0.4149
36.885,0.6926,0.6926,-0.0363,-3.1021,-3.1021,0.0000,1.2875,1.2875,0.4153
36.889,0.6989,0.6989,-0.0363,-3.1179,-3.1179,0.0000,1.2875,1.2875,0.4155
36.892,0.7048,0.7048,-0.0363,-3.1307,-3.1307,0.0000,1.2875,1.2875,0.4157
36.896,0.7131,0.7131,-0.0363,-3.1470,-3.1470,0.0000,1.2875,1.2875,0.4159
36.900,0.7224,0.7224,-0.0362,-3.1629,-3.1629,0.0000,1.2875,1.2875,0.4161
36.904,0.7422,0.7422,-0.0362,-3.2222,-3.2222,0.0000,1.2514,1.2514,0.4164
36.907,0.7526,0.7526,-0.0362,-3.2367,-3.2367,0.0000,1.2514,1.2514,0.4165
36.911,0.7620,0.7620,-0.0361,-3.2487,-3.2487,0.0000,1.2514,1.2514,0.4167
36.914,0.7722,0.7722,-0.0361,-3.2607,-3.2607,0.0000,1.2514,1.2514,0.4169
36.918,0.7850,0.7850,-0.0360,-3.2747,-3.2747,0.0000,1.2514,1.2514,0.4171
36.921,0.7964,0.7964,-0.0360,-3.2862,-3.2862,0.0000,1.2514,1.2514,0.4173
36.924,0.8184,0.8184,-0.0360,-3.3405,-3.3405,0.0000,1.2145,1.2145,0.4174
36.929,0.8370,0.8370,-0.0359,-3.3569,-3.3569,0.0000,1.2145,1.2145,0.4176
36.933,0.8526,0.8526,-0.0359,-3.3696,-3.3696,0.0000,1.2145,1.2145,0.4178
36.936,0.8682,0.8682,-0.0358,-3.3816,-3.3816,0.0000,1.2145,1.2145,0.4180
36.940,0.8829,0.8829,-0.0357,-3.3924,-3.3924,0.0000,1.2145,1.2145,0.4182
36.943,0.9085,0.9085,-0.0357,-3.4447,-3.4447,0.0000,1.1756,1.1756,0.4183
36.947,0.9273,0.9273,-0.0356,-3.4573,-3.4573,0.0000,1.1756,1.1756,0.4185
36.951,0.9458,0.9458,-0.0356,-3.4691,-3.4691,0.0000,1.1756,1.1756,0.4187
36.954,0.9635,0.9635,-0.0355,-3.4800,-3.4800,0.0000,1.1756,1.1756,0.4188
36.957,0.9819,0.9819,-0.0354,-3.4909,-3.4909,0.0000,1.1756,1.1756,0.4190
36.961,1.0008,1.0008,-0.0354,-3.5017,-3.5017,0.0000,1.1756,1.1756,0.4192
36.964,1.0291,1.0291,-0.0353,-3.5514,-3.5514,0.0000,1.1380,1.1380,0.4193
36.968,1.0533,1.0533,-0.0352,-3.5643,-3.5643,0.0000,1.1380,1.1380,0.4195
36.972,1.0740,1.0740,-0.0351,-3.5749,-3.5749,0.0000,1.1380,1.1380,0.4196
36.977,1.1050,1.1050,-0.0350,-3.5902,-3.5902,0.0000,1.1380,1.1380,0.4198
36.981,1.1346,1.1346,-0.0349,-3.6043,-3.6043,0.0000,1.1380,1.1380,0.4200
36.986,1.1773,1.1773,-0.0348,-3.6571,-3.6571,0.0000,1.1049,1.1049,0.4202
36.994,1.2286,1.2286,-0.0346,-3.6789,-3.6789,0.0000,1.1049,1.1049,0.4204
37.000,1.2696,1.2696,-0.0344,-3.6952,-3.6952,0.0000,1.1049,1.1049,0.4207
37.004,1.3050,1.3050,-0.0342,-3.7410,-3.7410,0.0000,1.0704,1.0704,0.4210
37.009,1.3402,1.3402,-0.0340,-3.7538,-3.7538,0.0000,1.0704,1.0704,0.4211
37.012,1.3661,1.3661,-0.0338,-3.7629,-3.7629,0.0000,1.0704,1.0704,0.4213
37.016,1.3941,1.3941,-0.0337,-3.7723,-3.7723,0.0000,1.0704,1.0704,0.4214
37.020,1.4224,1.4224,-0.0336,-3.7816,-3.7816,0.0000,1.0704,1.0704,0.4216
37.024,1.4609,1.4609,-0.0334,-3.8253,-3.8253,0.0000,1.0313,1.0313,0.4217
37.028,1.4895,1.4895,-0.0332,-3.8340,-3.8340,0.0000,1.0313,1.0313,0.4219
37.031,1.5135,1.5135,-0.0331,-3.8411,-3.8411,0.0000,1.0313,1.0313,0.4220
37.035,1.5416,1.5416,-0.0329,-3.8492,-3.8492,0.0000,1.0313,1.0313,0.4221
37.040,1.5768,1.5768,-0.0327,-3.8591,-3.8591,0.0000,1.0313,1.0313,0.4222
37.044,1.6161,1.6161,-0.0325,-3.9002,-3.9002,0.0000,0.9952,0.9952,0.4224
37.048,1.6454,1.6454,-0.0323,-3.9079,-3.9079,0.0000,0.9952,0.9952,0.4225
37.052,1.6734,1.6734,-0.0321,-3.9150,-3.9150,0.0000,0.9952,0.9952,0.4227
37.055,1.6983,1.6983,-0.0319,-3.9212,-3.9212,0.0000,0.9952,0.9952,0.4228
37.058,1.7226,1.7226,-0.0317,-3.9272,-3.9272,0.0000,0.9952,0.9952,0.4229
37.061,1.7471,1.7471,-0.0316,-3.9332,-3.9332,0.0000,0.9952,0.9952,0.4230
37.065,1.7801,1.7801,-0.0314,-3.9705,-3.9705,0.0000,0.9596,0.9596,0.4231
37.070,1.8204,1.8204,-0.0312,-3.9802,-3.9802,0.0000,0.9596,0.9596,0.4232
37.073,1.8460,1.8460,-0.0309,-3.9862,-3.9862,0.0000,0.9596,0.9596,0.4234
37.077,1.8701,1.8701,-0.0307,-3.9918,-3.9918,0.0000,0.9596,0.9596,0.4235
37.080,1.8944,1.8944,-0.0305,-3.9975,-3.9975,0.0000,0.9596,0.9596,0.4236
37.084,1.9299,1.9299,-0.0303,-4.0339,-4.0339,0.0000,0.9188,0.9188,0.4237
37.088,1.9600,1.9600,-0.0301,-4.0407,-4.0407,0.0000,0.9188,0.9188,0.4238
37.092,1.9917,1.9917,-0.0298,-4.0479,-4.0479,0.0000,0.9188,0.9188,0.4239
37.100,2.0519,2.0519,-0.0295,-4.0615,-4.0615,0.0000,0.9188,0.9188,0.4240
37.104,2.0900,2.0900,-0.0290,-4.0969,-4.0969,0.0000,0.8744,0.8744,0.4242
37.108,2.1180,2.1180,-0.0287,-4.1028,-4.1028,0.0000,0.8744,0.8744,0.4243
37.112,2.1412,2.1412,-0.0284,-4.1075,-4.1075,0.0000,0.8744,0.8744,0.4244
37.115,2.1644,2.1644,-0.0282,-4.1123,-4.1123,0.0000,0.8744,0.8744,0.4245
37.119,2.1898,2.1898,-0.0279,-4.1173,-4.1173,0.0000,0.8744,0.8744,0.4246
37.122,2.2133,2.2133,-0.0277,-4.1218,-4.1218,0.0000,0.8744,0.8744,0.4247
37.127,2.2517,2.2517,-0.0274,-4.1551,-4.1551,0.0000,0.8247,0.8247,0.4248
37.132,2.2908,2.2908,-0.0271,-4.1622,-4.1622,0.0000,0.8247,0.8247,0.4249
37.136,2.3167,2.3167,-0.0266,-4.1668,-4.1668,0.0000,0.8247,0.8247,0.4250
37.140,2.3384,2.3384,-0.0263,-4.1705,-4.1705,0.0000,0.8247,0.8247,0.4251
37.143,2.3671,2.3671,-0.0261,-4.2005,-4.2005,0.0000,0.7734,0.7734,0.4252
37.147,2.3937,2.3937,-0.0258,-4.2050,-4.2050,0.0000,0.7734,0.7734,0.4252
37.154,2.4369,2.4369,-0.0255,-4.2119,-4.2119,0.0000,0.7734,0.7734,0.4253
37.158,2.4601,2.4601,-0.0249,-4.2155,-4.2155,0.0000,0.7734,0.7734,0.4254
37.162,2.4851,2.4851,-0.0246,-4.2193,-4.2193,0.0000,0.7734,0.7734,0.4255
37.166,2.5170,2.5170,-0.0242,-4.2482,-4.2482,0.0000,0.7220,0.7220,0.4256
37.170,2.5418,2.5418,-0.0239,-4.2519,-4.2519,0.0000,0.7220,0.7220,0.4257
37.174,2.5603,2.5603,-0.0235,-4.2546,-4.2546,0.0000,0.7220,0.7220,0.4257
37.177,2.5787,2.5787,-0.0232,-4.2573,-4.2573,0.0000,0.7220,0.7220,0.4258
37.180,2.5963,2.5963,-0.0229,-4.2600,-4.2600,0.0000,0.7220,0.7220,0.4258
37.184,2.6240,2.6240,-0.0226,-4.2874,-4.2874,0.0000,0.6698,0.6698,0.4259
37.188,2.6457,2.6457,-0.0223,-4.2908,-4.2908,0.0000,0.6698,0.6698,0.4259
37.191,2.6640,2.6640,-0.0219,-4.2937,-4.2937,0.0000,0.6698,0.6698,0.4260
37.196,2.6850,2.6850,-0.0216,-4.2970,-4.2970,0.0000,0.6698,0.6698,0.4260
37.201,2.7101,2.7101,-0.0213,-4.3011,-4.3011,0.0000,0.6698,0.6698,0.4261
37.208,2.7520,2.7520,-0.0208,-4.3300,-4.3300,0.0000,0.6156,0.6156,0.4261
37.212,2.7745,2.7745,-0.0201,-4.3336,-4.3336,0.0000,0.6156,0.6156,0.4262
37.217,2.7938,2.7938,-0.0197,-4.3367,-4.3367,0.0000,0.6156,0.6156,0.4263
37.220,2.8102,2.8102,-0.0193,-4.3392,-4.3392,0.0000,0.6156,0.6156,0.4263
37.225,2.8353,2.8353,-0.0189,-4.3642,-4.3642,0.0000,0.5600,0.5600,0.4263
37.229,2.8536,2.8536,-0.0185,-4.3669,-4.3669,0.0000,0.5600,0.5600,0.4264
37.232,2.8677,2.8677,-0.0181,-4.3690,-4.3690,0.0000,0.5600,0.5600,0.4264
37.236,2.8830,2.8830,-0.0178,-4.3712,-4.3712,0.0000,0.5600,0.5600,0.4264
37.240,2.8965,2.8965,-0.0174,-4.3731,-4.3731,0.0000,0.5600,0.5600,0.4265
37.243,2.9161,2.9161,-0.0171,-4.3963,-4.3963,0.0000,0.5189,0.5189,0.4265
37.247,2.9305,2.9305,-0.0168,-4.3983,-4.3983,0.0000,0.5189,0.5189,0.4265
37.250,2.9435,2.9435,-0.0164,-4.3999,-4.3999,0.0000,0.5189,0.5189,0.4265
37.254,2.9564,2.9564,-0.0160,-4.4016,-4.4016,0.0000,0.5189,0.5189,0.4265
37.257,2.9677,2.9677,-0.0157,-4.4031,-4.4031,0.0000,0.5189,0.5189,0.4266
37.261,2.9784,2.9784,-0.0153,-4.4044,-4.4044,0.0000,0.5189,0.5189,0.4266
37.264,2.9956,2.9956,-0.0150,-4.4263,-4.4263,0.0000,0.4776,0.4776,0.4266
37.268,3.0092,3.0092,-0.0147,-4.4279,-4.4279,0.0000,0.4776,0.4776,0.4266
37.273,3.0231,3.0231,-0.0143,-4.4294,-4.4294,0.0000,0.4776,0.4776,0.4266
37.277,3.0366,3.0366,-0.0138,-4.4309,-4.4309,0.0000,0.4776,0.4776,0.4266
37.282,3.0500,3.0500,-0.0133,-4.4327,-4.4327,0.0000,0.4776,0.4776,0.4266
37.286,3.0676,3.0676,-0.0129,-4.4542,-4.4542,0.0000,0.4498,0.4498,0.4267
37.291,3.0789,3.0789,-0.0124,-4.4559,-4.4559,0.0000,0.4498,0.4498,0.4267
37.294,3.0870,3.0870,-0.0120,-4.4572,-4.4572,0.0000,0.4498,0.4498,0.4267
37.297,3.0945,3.0945,-0.0117,-4.4583,-4.4583,0.0000,0.4498,0.4498,0.4267
37.306,3.1201,3.1201,-0.0113,-4.4812,-4.4812,0.0000,0.4289,0.4289,0.4267
37.314,3.1373,3.1373,-0.0105,-4.4845,-4.4845,0.0000,0.4289,0.4289,0.4267
37.319,3.1456,3.1456,-0.0096,-4.4861,-4.4861,0.0000,0.4289,0.4289,0.4267
37.323,3.1585,3.1585,-0.0091,-4.5060,-4.5060,0.0000,0.4091,0.4091,0.4267
37.326,3.1647,3.1647,-0.0087,-4.5072,-4.5072,0.0000,0.4091,0.4091,0.4267
37.330,3.1697,3.1697,-0.0084,-4.5081,-4.5081,0.0000,0.4091,0.4091,0.4267
37.335,3.1769,3.1769,-0.0080,-4.5095,-4.5095,0.0000,0.4091,0.4091,0.4267
37.339,3.1823,3.1823,-0.0075,-4.5105,-4.5105,0.0000,0.4091,0.4091,0.4267
37.342,3.1869,3.1869,-0.0071,-4.5115,-4.5115,0.0000,0.4091,0.4091,0.4267
37.346,3.1968,3.1968,-0.0067,-4.5302,-4.5302,0.0000,0.3856,0.3856,0.4267
37.350,3.2021,3.2021,-0.0064,-4.5311,-4.5311,0.0000,0.3856,0.3856,0.4267
37.354,3.2060,3.2060,-0.0059,-4.5319,-4.5319,0.0000,0.3856,0.3856,0.4267
37.358,3.2092,3.2092,-0.0055,-4.5325,-4.5325,0.0000,0.3856,0.3856,0.4266
37.362,3.2121,3.2121,-0.0052,-4.5331,-4.5331,0.0000,0.3856,0.3856,0.4266
37.368,3.2223,3.2223,-0.0048,-4.5511,-4.5511,0.0000,0.3563,0.3563,0.4266
37.372,3.2251,3.2251,-0.0042,-4.5518,-4.5518,0.0000,0.3563,0.3563,0.4266
37.375,3.2268,3.2268,-0.0038,-4.5522,-4.5522,0.0000,0.3563,0.3563,0.4266
37.379,3.2282,3.2282,-0.0034,-4.5525,-4.5525,0.0000,0.3563,0.3563,0.4266
37.382,3.2296,3.2296,-0.0031,-4.5532,-4.5532,0.0000,0.3563,0.3563,0.4266
37.386,3.2365,3.2365,-0.0028,-4.5701,-4.5701,0.0000,0.3216,0.3216,0.4266
37.390,3.2375,3.2375,-0.0024,-4.5708,-4.5708,0.0000,0.3216,0.3216,0.4265
37.393,3.2380,3.2380,-0.0020,-4.5714,-4.5714,0.0000,0.3216,0.3216,0.4265
37.397,3.2384,3.2384,-0.0017,-4.5724,-4.5724,0.0000,0.3216,0.3216,0.4265
37.401,3.2385,3.2385,-0.0013,-4.5733,-4.5733,0.0000,0.3216,0.3216,0.4265
37.405,3.2440,3.2440,-0.0009,-4.5899,-4.5899,0.0000,0.2939,0.2939,0.4265
37.409,3.2435,3.2435,-0.0006,-4.5908,-4.5908,0.0000,0.2939,0.2939,0.4265
37.413,3.2426,3.2426,-0.0002,-4.5918,-4.5918,0.0000,0.2939,0.2939,0.4264
37.421,3.2403,3.2403,0.0003,-4.5934,-4.5934,0.0000,0.2939,0.2939,0.4264
37.424,3.2444,3.2444,0.0010,-4.6093,-4.6093,0.0000,0.2659,0.2659,0.4264
37.430,3.2415,3.2415,0.0013,-4.6103,-4.6103,0.0000,0.2659,0.2659,0.4263
37.435,3.2385,3.2385,0.0019,-4.6112,-4.6112,0.0000,0.2659,0.2659,0.4263
37.439,3.2361,3.2361,0.0024,-4.6118,-4.6118,0.0000,0.2659,0.2659,0.4262
37.442,3.2337,3.2337,0.0027,-4.6122,-4.6122,0.0000,0.2659,0.2659,0.4262
37.446,3.2365,3.2365,0.0030,-4.6273,-4.6273,0.0000,0.2446,0.2446,0.4262
37.450,3.2327,3.2327,0.0033,-4.6279,-4.6279,0.0000,0.2446,0.2446,0.4262
37.456,3.2271,3.2271,0.0038,-4.6285,-4.6285,0.0000,0.2446,0.2446,0.4261
37.461,3.2231,3.2231,0.0043,-4.6289,-4.6289,0.0000,0.2446,0.2446,0.4261
37.464,3.2247,3.2247,0.0047,-4.6432,-4.6432,0.0000,0.2215,0.2215,0.4260
37.468,3.2198,3.2198,0.0050,-4.6437,-4.6437,0.0000,0.2215,0.2215,0.4260
37.472,3.2158,3.2158,0.0054,-4.6439,-4.6439,0.0000,0.2215,0.2215,0.4260
37.476,3.2114,3.2114,0.0057,-4.6443,-4.6443,0.0000,0.2215,0.2215,0.4259
37.479,3.2066,3.2066,0.0060,-4.6446,-4.6446,0.0000,0.2215,0.2215,0.4259
37.483,3.2066,3.2066,0.0064,-4.6583,-4.6583,0.0000,0.1956,0.1956,0.4259
37.489,3.1984,3.1984,0.0067,-4.6593,-4.6593,0.0000,0.1956,0.1956,0.4258
37.493,3.1931,3.1931,0.0072,-4.6598,-4.6598,0.0000,0.1956,0.1956,0.4258
37.496,3.1884,3.1884,0.0076,-4.6604,-4.6604,0.0000,0.1956,0.1956,0.4257
37.500,3.1827,3.1827,0.0078,-4.6610,-4.6610,0.0000,0.1956,0.1956,0.4257
37.504,3.1815,3.1815,0.0081,-4.6748,-4.6748,0.0000,0.1823,0.1823,0.4257
37.508,3.1752,3.1752,0.0085,-4.6755,-4.6755,0.0000,0.1823,0.1823,0.4256
37.511,3.1699,3.1699,0.0088,-4.6761,-4.6761,0.0000,0.1823,0.1823,0.4256
37.515,3.1626,3.1626,0.0091,-4.6768,-4.6768,0.0000,0.1823,0.1823,0.4255
37.523,3.1537,3.1537,0.0094,-4.6898,-4.6898,0.0000,0.1658,0.1658,0.4255
37.528,3.1453,3.1453,0.0101,-4.6903,-4.6903,0.0000,0.1658,0.1658,0.4254
37.531,3.1385,3.1385,0.0104,-4.6909,-4.6909,0.0000,0.1658,0.1658,0.4253
37.537,3.1280,3.1280,0.0107,-4.6916,-4.6916,0.0000,0.1658,0.1658,0.4253
37.541,3.1197,3.1197,0.0112,-4.6923,-4.6923,0.0000,0.1658,0.1658,0.4252
37.544,3.1175,3.1175,0.0115,-4.7042,-4.7042,0.0000,0.1417,0.1417,0.4252
37.548,3.1096,3.1096,0.0118,-4.7047,-4.7047,0.0000,0.1417,0.1417,0.4252
37.552,3.1016,3.1016,0.0121,-4.7051,-4.7051,0.0000,0.1417,0.1417,0.4251
37.555,3.0947,3.0947,0.0124,-4.7053,-4.7053,0.0000,0.1417,0.1417,0.4251
37.559,3.0878,3.0878,0.0126,-4.7056,-4.7056,0.0000,0.1417,0.1417,0.4250
37.562,3.0809,3.0809,0.0129,-4.7059,-4.7059,0.0000,0.1417,0.1417,0.4250
37.565,3.0781,3.0781,0.0131,-4.7167,-4.7167,0.0000,0.1124,0.1124,0.4249
37.570,3.0665,3.0665,0.0133,-4.7173,-4.7173,0.0000,0.1124,0.1124,0.4249
37.574,3.0588,3.0588,0.0137,-4.7177,-4.7177,0.0000,0.1124,0.1124,0.4248
37.577,3.0513,3.0513,0.0140,-4.7179,-4.7179,0.0000,0.1124,0.1124,0.4248
37.582,3.0406,3.0406,0.0142,-4.7186,-4.7186,0.0000,0.1124,0.1124,0.4247
37.587,3.0337,3.0337,0.0145,-4.7294,-4.7294,0.0000,0.0886,0.0886,0.4247
37.591,3.0237,3.0237,0.0149,-4.7302,-4.7302,0.0000,0.0886,0.0886,0.4246
37.594,3.0159,3.0159,0.0152,-4.7308,-4.7308,0.0000,0.0886,0.0886,0.4245
37.598,3.0057,3.0057,0.0154,-4.7320,-4.7320,0.0000,0.0886,0.0886,0.4245
37.602,2.9957,2.9957,0.0157,-4.7326,-4.7326,0.0000,0.0886,0.0886,0.4244
37.608,2.9853,2.9853,0.0160,-4.7438,-4.7438,0.0000,0.0687,0.0687,0.4244
37.613,2.9736,2.9736,0.0164,-4.7442,-4.7442,0.0000,0.0687,0.0687,0.4243
37.617,2.9631,2.9631,0.0167,-4.7449,-4.7449,0.0000,0.0687,0.0687,0.4242
37.621,2.9519,2.9519,0.0169,-4.7455,-4.7455,0.0000,0.0687,0.0687,0.4242
37.626,2.9446,2.9446,0.0172,-4.7557,-4.7557,0.0000,0.0446,0.0446,0.4241
37.636,2.9169,2.9169,0.0175,-4.7573,-4.7573,0.0000,0.0446,0.0446,0.4240
37.640,2.9057,2.9057,0.0181,-4.7581,-4.7581,0.0000,0.0446,0.0446,0.4238
37.643,2.9005,2.9005,0.0184,-4.7679,-4.7679,0.0000,0.0236,0.0236,0.4238
37.648,2.8895,2.8895,0.0186,-4.7688,-4.7688,0.0000,0.0236,0.0236,0.4237
37.651,2.8794,2.8794,0.0188,-4.7693,-4.7693,0.0000,0.0236,0.0236,0.4236
37.655,2.8696,2.8696,0.0190,-4.7696,-4.7696,0.0000,0.0236,0.0236,0.4236
37.658,2.8604,2.8604,0.0192,-4.7702,-4.7702,0.0000,0.0236,0.0236,0.4235
37.662,2.8485,2.8485,0.0194,-4.7705,-4.7705,0.0000,0.0236,0.0236,0.4234
37.667,2.8399,2.8399,0.0197,-4.7796,-4.7796,0.0000,-0.0059,-0.0059,0.4234
37.671,2.8268,2.8268,0.0199,-4.7807,-4.7807,0.0000,-0.0059,-0.0059,0.4233
37.675,2.8173,2.8173,0.0202,-4.7810,-4.7810,0.0000,-0.0059,-0.0059,0.4232
37.678,2.8079,2.8079,0.0203,-4.7816,-4.7816,0.0000,-0.0059,-0.0059,0.4231
37.681,2.7988,2.7988,0.0205,-4.7822,-4.7822,0.0000,-0.0059,-0.0059,0.4231
37.685,2.7911,2.7911,0.0207,-4.7897,-4.7897,0.0000,-0.0521,-0.0521,0.4230
37.689,2.7799,2.7799,0.0209,-4.7906,-4.7906,0.0000,-0.0521,-0.0521,0.4229
37.694,2.7672,2.7672,0.0211,-4.7916,-4.7916,0.0000,-0.0521,-0.0521,0.4229
37.697,2.7564,2.7564,0.0213,-4.7920,-4.7920,0.0000,-0.0521,-0.0521,0.4228
37.701,2.7459,2.7459,0.0215,-4.7927,-4.7927,0.0000,-0.0521,-0.0521,0.4227
37.704,2.7394,2.7394,0.0217,-4.7993,-4.7993,0.0000,-0.1011,-0.1011,0.4226
37.708,2.7278,2.7278,0.0219,-4.7999,-4.7999,0.0000,-0.1011,-0.1011,0.4226
37.712,2.7185,2.7185,0.0220,-4.8005,-4.8005,0.0000,-0.1011,-0.1011,0.4225
37.715,2.7092,2.7092,0.0222,-4.8011,-4.8011,0.0000,-0.1011,-0.1011,0.4224
37.718,2.6986,2.6986,0.0223,-4.8017,-4.8017,0.0000,-0.1011,-0.1011,0.4223
37.722,2.6881,2.6881,0.0225,-4.8022,-4.8022,0.0000,-0.1011,-0.1011,0.4223
37.726,2.6788,2.6788,0.0227,-4.8086,-4.8086,0.0000,-0.1478,-0.1478,0.4222
37.731,2.6657,2.6657,0.0229,-4.8091,-4.8091,0.0000,-0.1478,-0.1478,0.4221
37.737,2.6460,2.6460,0.0230,-4.8105,-4.8105,0.0000,-0.1478,-0.1478,0.4220
37.745,2.6240,2.6240,0.0233,-4.8174,-4.8174,0.0000,-0.1919,-0.1919,0.4218
37.750,2.6109,2.6109,0.0237,-4.8175,-4.8175,0.0000,-0.1919,-0.1919,0.4216
37.754,2.5976,2.5976,0.0238,-4.8181,-4.8181,0.0000,-0.1919,-0.1919,0.4215
37.760,2.5789,2.5789,0.0240,-4.8196,-4.8196,0.0000,-0.1919,-0.1919,0.4214
37.764,2.5719,2.5719,0.0242,-4.8248,-4.8248,0.0000,-0.2377,-0.2377,0.4212
37.768,2.5576,2.5576,0.0244,-4.8257,-4.8257,0.0000,-0.2377,-0.2377,0.4212
37.772,2.5473,2.5473,0.0245,-4.8263,-4.8263,0.0000,-0.2377,-0.2377,0.4210
37.775,2.5375,2.5375,0.0247,-4.8269,-4.8269,0.0000,-0.2377,-0.2377,0.4209
37.778,2.5280,2.5280,0.0248,-4.8274,-4.8274,0.0000,-0.2377,-0.2377,0.4208
37.781,2.5183,2.5183,0.0249,-4.8279,-4.8279,0.0000,-0.2377,-0.2377,0.4208
37.786,2.5080,2.5080,0.0250,-4.8334,-4.8334,0.0000,-0.2727,-0.2727,0.4207
37.790,2.4960,2.4960,0.0251,-4.8338,-4.8338,0.0000,-0.2727,-0.2727,0.4206
37.793,2.4863,2.4863,0.0253,-4.8341,-4.8341,0.0000,-0.2727,-0.2727,0.4204
37.796,2.4766,2.4766,0.0254,-4.8344,-4.8344,0.0000,-0.2727,-0.2727,0.4204
37.801,2.4622,2.4622,0.0255,-4.8348,-4.8348,0.0000,-0.2727,-0.2727,0.4203
37.805,2.4529,2.4529,0.0256,-4.8395,-4.8395,0.0000,-0.3103,-0.3103,0.4201
37.809,2.4407,2.4407,0.0257,-4.8402,-4.8402,0.0000,-0.3103,-0.3103,0.4200
37.812,2.4307,2.4307,0.0259,-4.8407,-4.8407,0.0000,-0.3103,-0.3103,0.4199
37.816,2.4200,2.4200,0.0260,-4.8413,-4.8413,0.0000,-0.3103,-0.3103,0.4198
37.819,2.4085,2.4085,0.0260,-4.8418,-4.8418,0.0000,-0.3103,-0.3103,0.4197
37.823,2.4015,2.4015,0.0262,-4.8464,-4.8464,0.0000,-0.3455,-0.3455,0.4196
37.826,2.3901,2.3901,0.0262,-4.8469,-4.8469,0.0000,-0.3455,-0.3455,0.4195
37.830,2.3797,2.3797,0.0263,-4.8472,-4.8472,0.0000,-0.3455,-0.3455,0.4194
37.835,2.3628,2.3628,0.0264,-4.8477,-4.8477,0.0000,-0.3455,-0.3455,0.4193
37.839,2.3501,2.3501,0.0266,-4.8481,-4.8481,0.0000,-0.3455,-0.3455,0.4191
37.844,2.3389,2.3389,0.0267,-4.8521,-4.8521,0.0000,-0.3821,-0.3821,0.4190
37.853,2.3107,2.3107,0.0268,-4.8538,-4.8538,0.0000,-0.3821,-0.3821,0.4188
37.857,2.2977,2.2977,0.0270,-4.8545,-4.8545,0.0000,-0.3821,-0.3821,0.4185
37.861,2.2865,2.2865,0.0270,-4.8550,-4.8550,0.0000,-0.3821,-0.3821,0.4184
37.867,2.2709,2.2709,0.0271,-4.8590,-4.8590,0.0000,-0.4236,-0.4236,0.4183
37.871,2.2572,2.2572,0.0272,-4.8596,-4.8596,0.0000,-0.4236,-0.4236,0.4181
37.875,2.2472,2.2472,0.0273,-4.8604,-4.8604,0.0000,-0.4236,-0.4236,0.4180
37.878,2.2371,2.2371,0.0274,-4.8612,-4.8612,0.0000,-0.4236,-0.4236,0.4178
37.881,2.2268,2.2268,0.0274,-4.8615,-4.8615,0.0000,-0.4236,-0.4236,0.4177
37.886,2.2145,2.2145,0.0275,-4.8660,-4.8660,0.0000,-0.4540,-0.4540,0.4176
37.891,2.1989,2.1989,0.0276,-4.8670,-4.8670,0.0000,-0.4540,-0.4540,0.4175
37.896,2.1854,2.1854,0.0276,-4.8672,-4.8672,0.0000,-0.4540,-0.4540,0.4173
37.900,2.1733,2.1733,0.0277,-4.8679,-4.8679,0.0000,-0.4540,-0.4540,0.4171
37.903,2.1644,2.1644,0.0278,-4.8714,-4.8714,0.0000,-0.4924,-0.4924,0.4170
37.907,2.1521,2.1521,0.0278,-4.8720,-4.8720,0.0000,-0.4924,-0.4924,0.4169
37.913,2.1335,2.1335,0.0279,-4.8729,-4.8729,0.0000,-0.4924,-0.4924,0.4167
37.917,2.1221,2.1221,0.0279,-4.8734,-4.8734,0.0000,-0.4924,-0.4924,0.4165
37.921,2.1116,2.1116,0.0280,-4.8735,-4.8735,0.0000,-0.4924,-0.4924,0.4164
37.925,2.1004,2.1004,0.0280,-4.8776,-4.8776,0.0000,-0.5244,-0.5244,0.4163
37.929,2.0872,2.0872,0.0281,-4.8780,-4.8780,0.0000,-0.5244,-0.5244,0.4161
37.933,2.0764,2.0764,0.0281,-4.8781,-4.8781,0.0000,-0.5244,-0.5244,0.4159
37.937,2.0654,2.0654,0.0281,-4.8784,-4.8784,0.0000,-0.5244,-0.5244,0.4158
37.940,2.0551,2.0551,0.0282,-4.8786,-4.8786,0.0000,-0.5244,-0.5244,0.4157
37.943,2.0479,2.0479,0.0282,-4.8813,-4.8813,0.0000,-0.5601,-0.5601,0.4156
37.948,2.0330,2.0330,0.0282,-4.8816,-4.8816,0.0000,-0.5601,-0.5601,0.4155
37.956,2.0082,2.0082,0.0282,-4.8833,-4.8833,0.0000,-0.5601,-0.5601,0.4153
37.960,1.9972,1.9972,0.0283,-4.8834,-4.8834,0.0000,-0.5601,-0.5601,0.4150
37.963,1.9898,1.9898,0.0283,-4.8863,-4.8863,0.0000,-0.5962,-0.5962,0.4148
37.967,1.9769,1.9769,0.0283,-4.8870,-4.8870,0.0000,-0.5962,-0.5962,0.4147
37.971,1.9660,1.9660,0.0283,-4.8870,-4.8870,0.0000,-0.5962,-0.5962,0.4146
37.974,1.9557,1.9557,0.0283,-4.8876,-4.8876,0.0000,-0.5962,-0.5962,0.4144
37.977,1.9462,1.9462,0.0283,-4.8881,-4.8881,0.0000,-0.5962,-0.5962,0.4143
37.981,1.9362,1.9362,0.0284,-4.8886,-4.8886,0.0000,-0.5962,-0.5962,0.4142
37.984,1.9277,1.9277,0.0284,-4.8912,-4.8912,0.0000,-0.6314,-0.6314,0.4140
37.989,1.9131,1.9131,0.0284,-4.8918,-4.8918,0.0000,-0.6314,-0.6314,0.4139
37.993,1.9021,1.9021,0.0284,-4.8923,-4.8923,0.0000,-0.6314,-0.6314,0.4137
37.996,1.8919,1.8919,0.0284,-4.8922,-4.8922,0.0000,-0.6314,-0.6314,0.4136
38.000,1.8816,1.8816,0.0284,-4.8926,-4.8926,0.0000,-0.6314,-0.6314,0.4134
38.003,1.8727,1.8727,0.0284,-4.8952,-4.8952,0.0000,-0.6486,-0.6486,0.4133
38.007,1.8608,1.8608,0.0283,-4.8957,-4.8957,0.0000,-0.6486,-0.6486,0.4132
38.010,1.8509,1.8509,0.0283,-4.8960,-4.8960,0.0000,-0.6486,-0.6486,0.4130
38.014,1.8414,1.8414,0.0283,-4.8963,-4.8963,0.0000,-0.6486,-0.6486,0.4129
38.018,1.8270,1.8270,0.0283,-4.8967,-4.8967,0.0000,-0.6486,-0.6486,0.4128
38.022,1.8156,1.8156,0.0283,-4.8970,-4.8970,0.0000,-0.6486,-0.6486,0.4126
38.025,1.8080,1.8080,0.0283,-4.9003,-4.9003,0.0000,-0.6609,-0.6609,0.4124
38.029,1.7963,1.7963,0.0283,-4.9005,-4.9005,0.0000,-0.6609,-0.6609,0.4123
38.033,1.7850,1.7850,0.0282,-4.9008,-4.9008,0.0000,-0.6609,-0.6609,0.4122
38.038,1.7698,1.7698,0.0282,-4.9011,-4.9011,0.0000,-0.6609,-0.6609,0.4120
38.053,1.7244,1.7244,0.0282,-4.9051,-4.9051,0.0000,-0.6677,-0.6677,0.4118
38.060,1.7028,1.7028,0.0280,-4.9054,-4.9054,0.0000,-0.6677,-0.6677,0.4112
38.070,1.6763,1.6763,0.0280,-4.9102,-4.9102,0.0000,-0.6765,-0.6765,0.4110
38.074,1.6635,1.6635,0.0279,-4.9110,-4.9110,0.0000,-0.6765,-0.6765,0.4106
38.077,1.6536,1.6536,0.0278,-4.9110,-4.9110,0.0000,-0.6765,-0.6765,0.4105
38.080,1.6438,1.6438,0.0278,-4.9106,-4.9106,0.0000,-0.6765,-0.6765,0.4103
38.085,1.6329,1.6329,0.0277,-4.9135,-4.9135,0.0000,-0.6857,-0.6857,0.4102
38.089,1.6207,1.6207,0.0277,-4.9143,-4.9143,0.0000,-0.6857,-0.6857,0.4100
38.092,1.6107,1.6107,0.0276,-4.9143,-4.9143,0.0000,-0.6857,-0.6857,0.4099
38.096,1.5984,1.5984,0.0276,-4.9150,-4.9150,0.0000,-0.6857,-0.6857,0.4098
38.100,1.5854,1.5854,0.0275,-4.9150,-4.9150,0.0000,-0.6857,-0.6857,0.4096
38.104,1.5759,1.5759,0.0274,-4.9173,-4.9173,0.0000,-0.6944,-0.6944,0.4095
38.108,1.5639,1.5639,0.0274,-4.9173,-4.9173,0.0000,-0.6944,-0.6944,0.4093
38.111,1.5540,1.5540,0.0273,-4.9173,-4.9173,0.0000,-0.6944,-0.6944,0.4092
38.115,1.5444,1.5444,0.0273,-4.9173,-4.9173,0.0000,-0.6944,-0.6944,0.4090
38.118,1.5332,1.5332,0.0272,-4.9168,-4.9168,0.0000,-0.6944,-0.6944,0.4089
38.122,1.5230,1.5230,0.0271,-4.9168,-4.9168,0.0000,-0.6944,-0.6944,0.4088
38.126,1.5122,1.5122,0.0271,-4.9199,-4.9199,0.0000,-0.6982,-0.6982,0.4087
38.130,1.4997,1.4997,0.0270,-4.9193,-4.9193,0.0000,-0.6982,-0.6982,0.4085
38.133,1.4888,1.4888,0.0269,-4.9193,-4.9193,0.0000,-0.6982,-0.6982,0.4084
38.137,1.4777,1.4777,0.0269,-4.9193,-4.9193,0.0000,-0.6982,-0.6982,0.4082
38.140,1.4675,1.4675,0.0268,-4.9189,-4.9189,0.0000,-0.6982,-0.6982,0.4081
38.143,1.4591,1.4591,0.0267,-4.9216,-4.9216,0.0000,-0.7031,-0.7031,0.4080
38.147,1.4480,1.4480,0.0267,-4.9213,-4.9213,0.0000,-0.7031,-0.7031,0.4079
38.151,1.4366,1.4366,0.0266,-4.9211,-4.9211,0.0000,-0.7031,-0.7031,0.4077
38.154,1.4250,1.4250,0.0265,-4.9209,-4.9209,0.0000,-0.7031,-0.7031,0.4076
38.159,1.4119,1.4119,0.0264,-4.9213,-4.9213,0.0000,-0.7031,-0.7031,0.4075
38.162,1.4008,1.4008,0.0263,-4.9211,-4.9211,0.0000,-0.7031,-0.7031,0.4073
38.165,1.3919,1.3919,0.0262,-4.9243,-4.9243,0.0000,-0.6961,-0.6961,0.4072
38.171,1.3751,1.3751,0.0262,-4.9241,-4.9241,0.0000,-0.6961,-0.6961,0.4071
38.178,1.3525,1.3525,0.0260,-4.9237,-4.9237,0.0000,-0.6961,-0.6961,0.4069
38.181,1.3418,1.3418,0.0259,-4.9230,-4.9230,0.0000,-0.6961,-0.6961,0.4066
38.186,1.3285,1.3285,0.0258,-4.9253,-4.9253,0.0000,-0.6921,-0.6921,0.4065
38.191,1.3107,1.3107,0.0256,-4.9251,-4.9251,0.0000,-0.6921,-0.6921,0.4064
38.196,1.2971,1.2971,0.0255,-4.9244,-4.9244,0.0000,-0.6921,-0.6921,0.4062
38.199,1.2857,1.2857,0.0254,-4.9238,-4.9238,0.0000,-0.6921,-0.6921,0.4060
38.204,1.2728,1.2728,0.0253,-4.9259,-4.9259,0.0000,-0.6897,-0.6897,0.4059
38.207,1.2607,1.2607,0.0252,-4.9253,-4.9253,0.0000,-0.6897,-0.6897,0.4058
38.210,1.2503,1.2503,0.0250,-4.9248,-4.9248,0.0000,-0.6897,-0.6897,0.4056
38.218,1.2266,1.2266,0.0250,-4.9238,-4.9238,0.0000,-0.6897,-0.6897,0.4055
38.222,1.2117,1.2117,0.0247,-4.9239,-4.9239,0.0000,-0.6897,-0.6897,0.4053
38.226,1.2018,1.2018,0.0246,-4.9265,-4.9265,0.0000,-0.6915,-0.6915,0.4052
38.230,1.1886,1.1886,0.0245,-4.9266,-4.9266,0.0000,-0.6915,-0.6915,0.4050
38.233,1.1761,1.1761,0.0244,-4.9261,-4.9261,0.0000,-0.6915,-0.6915,0.4049
38.237,1.1638,1.1638,0.0242,-4.9257,-4.9257,0.0000,-0.6915,-0.6915,0.4048
38.240,1.1529,1.1529,0.0241,-4.9258,-4.9258,0.0000,-0.6915,-0.6915,0.4047
38.243,1.1433,1.1433,0.0240,-4.9281,-4.9281,0.0000,-0.6974,-0.6974,0.4046
38.248,1.1272,1.1272,0.0239,-4.9276,-4.9276,0.0000,-0.6974,-0.6974,0.4045
38.253,1.1111,1.1111,0.0237,-4.9271,-4.9271,0.0000,-0.6974,-0.6974,0.4043
38.257,1.0984,1.0984,0.0236,-4.9268,-4.9268,0.0000,-0.6974,-0.6974,0.4042
38.260,1.0860,1.0860,0.0234,-4.9260,-4.9260,0.0000,-0.6974,-0.6974,0.4040
38.264,1.0732,1.0732,0.0233,-4.9276,-4.9276,0.0000,-0.6999,-0.6999,0.4039
38.269,1.0573,1.0573,0.0232,-4.9270,-4.9270,0.0000,-0.6999,-0.6999,0.4038
38.272,1.0441,1.0441,0.0230,-4.9265,-4.9265,0.0000,-0.6999,-0.6999,0.4037
38.277,1.0266,1.0266,0.0229,-4.9259,-4.9259,0.0000,-0.6999,-0.6999,0.4035
38.286,0.9966,0.9966,0.0227,-4.9273,-4.9273,0.0000,-0.6985,-0.6985,0.4034
38.291,0.9785,0.9785,0.0223,-4.9262,-4.9262,0.0000,-0.6985,-0.6985,0.4031
38.294,0.9659,0.9659,0.0221,-4.9254,-4.9254,0.0000,-0.6985,-0.6985,0.4030
38.298,0.9543,0.9543,0.0220,-4.9248,-4.9248,0.0000,-0.6985,-0.6985,0.4028
38.301,0.9410,0.9410,0.0219,-4.9246,-4.9246,0.0000,-0.6985,-0.6985,0.4028
38.305,0.9294,0.9294,0.0217,-4.9256,-4.9256,0.0000,-0.7037,-0.7037,0.4026
38.308,0.9160,0.9160,0.0216,-4.9250,-4.9250,0.0000,-0.7037,-0.7037,0.4025
38.312,0.9030,0.9030,0.0214,-4.9244,-4.9244,0.0000,-0.7037,-0.7037,0.4024
38.315,0.8911,0.8911,0.0213,-4.9239,-4.9239,0.0000,-0.7037,-0.7037,0.4023
38.318,0.8776,0.8776,0.0211,-4.9234,-4.9234,0.0000,-0.7037,-0.7037,0.4022
38.322,0.8648,0.8648,0.0210,-4.9230,-4.9230,0.0000,-0.7037,-0.7037,0.4021
38.325,0.8532,0.8532,0.0208,-4.9245,-4.9245,0.0000,-0.6989,-0.6989,0.4020
38.329,0.8360,0.8360,0.0207,-4.9237,-4.9237,0.0000,-0.6989,-0.6989,0.4019
38.333,0.8209,0.8209,0.0205,-4.9230,-4.9230,0.0000,-0.6989,-0.6989,0.4018
38.337,0.8057,0.8057,0.0203,-4.9219,-4.9219,0.0000,-0.6989,-0.6989,0.4017
38.342,0.7860,0.7860,0.0201,-4.9213,-4.9213,0.0000,-0.6989,-0.6989,0.4016
38.346,0.7685,0.7685,0.0199,-4.9226,-4.9226,0.0000,-0.6904,-0.6904,0.4014
38.351,0.7495,0.7495,0.0197,-4.9221,-4.9221,0.0000,-0.6904,-0.6904,0.4013
38.355,0.7341,0.7341,0.0195,-4.9213,-4.9213,0.0000,-0.6904,-0.6904,0.4012
38.359,0.7150,0.7150,0.0193,-4.9203,-4.9203,0.0000,-0.6904,-0.6904,0.4010
38.366,0.6889,0.6889,0.0190,-4.9191,-4.9191,0.0000,-0.6954,-0.6954,0.4009
38.375,0.6455,0.6455,0.0187,-4.9164,-4.9164,0.0000,-0.6954,-0.6954,0.4007
38.380,0.6266,0.6266,0.0182,-4.9157,-4.9157,0.0000,-0.6954,-0.6954,0.4005
38.384,0.6093,0.6093,0.0180,-4.9151,-4.9151,0.0000,-0.6982,-0.6982,0.4003
38.391,0.5786,0.5786,0.0177,-4.9134,-4.9134,0.0000,-0.6982,-0.6982,0.4002
38.399,0.5382,0.5382,0.0174,-4.9115,-4.9115,0.0000,-0.6982,-0.6982,0.4000
38.405,0.5139,0.5139,0.0169,-4.9108,-4.9108,0.0000,-0.7009,-0.7009,0.3998
38.409,0.4913,0.4913,0.0166,-4.9095,-4.9095,0.0000,-0.7009,-0.7009,0.3996
38.413,0.4728,0.4728,0.0163,-4.9085,-4.9085,0.0000,-0.7009,-0.7009,0.3995
38.418,0.4487,0.4487,0.0161,-4.9070,-4.9070,0.0000,-0.7009,-0.7009,0.3994
38.423,0.4240,0.4240,0.0158,-4.9050,-4.9050,0.0000,-0.7173,-0.7173,0.3993
38.429,0.3954,0.3954,0.0154,-4.9037,-4.9037,0.0000,-0.7173,-0.7173,0.3991
38.434,0.3711,0.3711,0.0151,-4.9025,-4.9025,0.0000,-0.7173,-0.7173,0.3990
38.440,0.3382,0.3382,0.0148,-4.9011,-4.9011,0.0000,-0.7173,-0.7173,0.3988
38.444,0.3169,0.3169,0.0144,-4.8991,-4.8991,0.0000,-0.7376,-0.7376,0.3987
38.448,0.2948,0.2948,0.0141,-4.8980,-4.8980,0.0000,-0.7376,-0.7376,0.3986
38.453,0.2648,0.2648,0.0139,-4.8963,-4.8963,0.0000,-0.7376,-0.7376,0.3984
38.458,0.2419,0.2419,0.0135,-4.8949,-4.8949,0.0000,-0.7376,-0.7376,0.3983
38.463,0.2143,0.2143,0.0132,-4.8921,-4.8921,0.0000,-0.7561,-0.7561,0.3982
38.469,0.1741,0.1741,0.0129,-4.8904,-4.8904,0.0000,-0.7561,-0.7561,0.3980
38.474,0.1479,0.1479,0.0124,-4.8887,-4.8887,0.0000,-0.7561,-0.7561,0.3978
38.478,0.1234,0.1234,0.0121,-4.8875,-4.8875,0.0000,-0.7561,-0.7561,0.3977
38.482,0.0971,0.0971,0.0118,-4.8864,-4.8864,0.0000,-0.7561,-0.7561,0.3976
38.487,0.0664,0.0664,0.0115,-4.8834,-4.8834,0.0000,-0.7767,-0.7767,0.3975
38.494,0.0237,0.0237,0.0111,-4.8819,-4.8819,0.0000,-0.7767,-0.7767,0.3973
38.502,-0.0344,-0.0344,0.0106,-4.8797,-4.8797,0.0000,-0.7767,-0.7767,0.3971
38.506,-0.0581,-0.0581,0.0100,-4.8772,-4.8772,0.0000,-0.7926,-0.7926,0.3969
38.510,-0.0869,-0.0869,0.0097,-4.8765,-4.8765,0.0000,-0.7926,-0.7926,0.3968
38.514,-0.1141,-0.1141,0.0093,-4.8757,-4.8757,0.0000,-0.7926,-0.7926,0.3967
38.520,-0.1556,-0.1556,0.0090,-4.8745,-4.8745,0.0000,-0.7926,-0.7926,0.3966
38.527,-0.2095,-0.2095,0.0085,-4.8716,-4.8716,0.0000,-0.7939,-0.7939,0.3964
38.531,-0.2407,-0.2407,0.0079,-4.8706,-4.8706,0.0000,-0.7939,-0.7939,0.3962
38.535,-0.2731,-0.2731,0.0076,-4.8696,-4.8696,0.0000,-0.7939,-0.7939,0.3961
38.539,-0.3008,-0.3008,0.0072,-4.8687,-4.8687,0.0000,-0.7939,-0.7939,0.3959
38.542,-0.3291,-0.3291,0.0069,-4.8678,-4.8678,0.0000,-0.7939,-0.7939,0.3958
38.547,-0.3624,-0.3624,0.0066,-4.8645,-4.8645,0.0000,-0.7999,-0.7999,0.3958
38.552,-0.4051,-0.4051,0.0062,-4.8632,-4.8632,0.0000,-0.7999,-0.7999,0.3956
38.555,-0.4352,-0.4352,0.0057,-4.8625,-4.8625,0.0000,-0.7999,-0.7999,0.3955
38.558,-0.4643,-0.4643,0.0054,-4.8617,-4.8617,0.0000,-0.7999,-0.7999,0.3954
38.562,-0.4992,-0.4992,0.0051,-4.8610,-4.8610,0.0000,-0.7999,-0.7999,0.3953
38.566,-0.5336,-0.5336,0.0047,-4.8584,-4.8584,0.0000,-0.7992,-0.7992,0.3952
38.570,-0.5708,-0.5708,0.0043,-4.8575,-4.8575,0.0000,-0.7992,-0.7992,0.3951
38.574,-0.5995,-0.5995,0.0039,-4.8571,-4.8571,0.0000,-0.7992,-0.7992,0.3950
38.577,-0.6276,-0.6276,0.0036,-4.8567,-4.8567,0.0000,-0.7992,-0.7992,0.3949
38.580,-0.6544,-0.6544,0.0033,-4.8564,-4.8564,0.0000,-0.7992,-0.7992,0.3948
38.584,-0.6839,-0.6839,0.0030,-4.8537,-4.8537,0.0000,-0.8071,-0.8071,0.3947
38.588,-0.7169,-0.7169,0.0026,-4.8534,-4.8534,0.0000,-0.8071,-0.8071,0.3946
38.592,-0.7519,-0.7519,0.0022,-4.8532,-4.8532,0.0000,-0.8071,-0.8071,0.3945
38.596,-0.7793,-0.7793,0.0017,-4.8532,-4.8532,0.0000,-0.8071,-0.8071,0.3944
38.601,-0.8144,-0.8144,0.0013,-4.8530,-4.8530,0.0000,-0.8071,-0.8071,0.3943
38.608,-0.8671,-0.8671,0.0008,-4.8498,-4.8498,0.0000,-0.8119,-0.8119,0.3941
38.612,-0.8925,-0.8925,0.0000,-4.8496,-4.8496,0.0000,-0.8119,-0.8119,0.3939
38.615,-0.9146,-0.9146,-0.0004,-4.8492,-4.8492,0.0000,-0.8119,-0.8119,0.3938
38.618,-0.9393,-0.9393,-0.0008,-4.8489,-4.8489,0.0000,-0.8119,-0.8119,0.3938
38.623,-0.9658,-0.9658,-0.0012,-4.8459,-4.8459,0.0000,-0.8044,-0.8044,0.3937
38.627,-0.9907,-0.9907,-0.0016,-4.8454,-4.8454,0.0000,-0.8044,-0.8044,0.3935
38.630,-1.0105,-1.0105,-0.0021,-4.8448,-4.8448,0.0000,-0.8044,-0.8044,0.3934
38.633,-1.0322,-1.0322,-0.0024,-4.8442,-4.8442,0.0000,-0.8044,-0.8044,0.3934
38.637,-1.0538,-1.0538,-0.0028,-4.8437,-4.8437,0.0000,-0.8044,-0.8044,0.3933
38.640,-1.0737,-1.0737,-0.0033,-4.8433,-4.8433,0.0000,-0.8044,-0.8044,0.3932
38.645,-1.0992,-1.0992,-0.0037,-4.8401,-4.8401,0.0000,-0.8025,-0.8025,0.3931
38.650,-1.1260,-1.1260,-0.0042,-4.8398,-4.8398,0.0000,-0.8025,-0.8025,0.3930
38.654,-1.1508,-1.1508,-0.0048,-4.8394,-4.8394,0.0000,-0.8025,-0.8025,0.3928
38.658,-1.1696,-1.1696,-0.0053,-4.8393,-4.8393,0.0000,-0.8025,-0.8025,0.3927
38.661,-1.1878,-1.1878,-0.0057,-4.8393,-4.8393,0.0000,-0.8025,-0.8025,0.3926
38.665,-1.2037,-1.2037,-0.0061,-4.8367,-4.8367,0.0000,-0.7903,-0.7903,0.3925
38.672,-1.2412,-1.2412,-0.0065,-4.8370,-4.8370,0.0000,-0.7903,-0.7903,0.3925
38.678,-1.2702,-1.2702,-0.0074,-4.8370,-4.8370,0.0000,-0.7903,-0.7903,0.3923
38.682,-1.2853,-1.2853,-0.0082,-4.8372,-4.8372,0.0000,-0.7903,-0.7903,0.3921
38.686,-1.3049,-1.3049,-0.0086,-4.8347,-4.8347,0.0000,-0.7761,-0.7761,0.3921
38.690,-1.3222,-1.3222,-0.0091,-4.8348,-4.8348,0.0000,-0.7761,-0.7761,0.3919
38.693,-1.3360,-1.3360,-0.0096,-4.8351,-4.8351,0.0000,-0.7761,-0.7761,0.3919
38.697,-1.3496,-1.3496,-0.0100,-4.8351,-4.8351,0.0000,-0.7761,-0.7761,0.3918
38.701,-1.3654,-1.3654,-0.0104,-4.8352,-4.8352,0.0000,-0.7761,-0.7761,0.3917
38.704,-1.3787,-1.3787,-0.0109,-4.8321,-4.8321,0.0000,-0.7588,-0.7588,0.3916
38.709,-1.3974,-1.3974,-0.0113,-4.8319,-4.8319,0.0000,-0.7588,-0.7588,0.3915
38.717,-1.4280,-1.4280,-0.0119,-4.8313,-4.8313,0.0000,-0.7588,-0.7588,0.3914
38.721,-1.4413,-1.4413,-0.0129,-4.8309,-4.8309,0.0000,-0.7588,-0.7588,0.3913
38.724,-1.4525,-1.4525,-0.0134,-4.8275,-4.8275,0.0000,-0.7370,-0.7370,0.3912
38.728,-1.4652,-1.4652,-0.0138,-4.8273,-4.8273,0.0000,-0.7370,-0.7370,0.3911
38.731,-1.4772,-1.4772,-0.0142,-4.8270,-4.8270,0.0000,-0.7370,-0.7370,0.3910
38.735,-1.4904,-1.4904,-0.0147,-4.8268,-4.8268,0.0000,-0.7370,-0.7370,0.3910
38.739,-1.5014,-1.5014,-0.0152,-4.8266,-4.8266,0.0000,-0.7370,-0.7370,0.3909
38.742,-1.5135,-1.5135,-0.0156,-4.8264,-4.8264,0.0000,-0.7370,-0.7370,0.3908
38.746,-1.5237,-1.5237,-0.0161,-4.8233,-4.8233,0.0000,-0.7061,-0.7061,0.3907
38.751,-1.5404,-1.5404,-0.0165,-4.8235,-4.8235,0.0000,-0.7061,-0.7061,0.3907
38.755,-1.5514,-1.5514,-0.0172,-4.8236,-4.8236,0.0000,-0.7061,-0.7061,0.3906
38.759,-1.5617,-1.5617,-0.0177,-4.8237,-4.8237,0.0000,-0.7061,-0.7061,0.3905
38.762,-1.5713,-1.5713,-0.0181,-4.8239,-4.8239,0.0000,-0.7061,-0.7061,0.3904
38.766,-1.5809,-1.5809,-0.0185,-4.8210,-4.8210,0.0000,-0.6618,-0.6618,0.3904
38.770,-1.5923,-1.5923,-0.0190,-4.8212,-4.8212,0.0000,-0.6618,-0.6618,0.3903
38.773,-1.6011,-1.6011,-0.0195,-4.8216,-4.8216,0.0000,-0.6618,-0.6618,0.3903
38.777,-1.6095,-1.6095,-0.0199,-4.8219,-4.8219,0.0000,-0.6618,-0.6618,0.3902
38.781,-1.6198,-1.6198,-0.0203,-4.8224,-4.8224,0.0000,-0.6618,-0.6618,0.3901
38.785,-1.6295,-1.6295,-0.0209,-4.8195,-4.8195,0.0000,-0.6058,-0.6058,0.3901
38.789,-1.6389,-1.6389,-0.0213,-4.8197,-4.8197,0.0000,-0.6058,-0.6058,0.3900
38.792,-1.6467,-1.6467,-0.0218,-4.8199,-4.8199,0.0000,-0.6058,-0.6058,0.3900
38.797,-1.6579,-1.6579,-0.0222,-4.8199,-4.8199,0.0000,-0.6058,-0.6058,0.3899
38.802,-1.6687,-1.6687,-0.0229,-4.8198,-4.8198,0.0000,-0.6058,-0.6058,0.3899
38.805,-1.6760,-1.6760,-0.0235,-4.8162,-4.8162,0.0000,-0.5477,-0.5477,0.3898
38.809,-1.6839,-1.6839,-0.0239,-4.8160,-4.8160,0.0000,-0.5477,-0.5477,0.3898
38.814,-1.6944,-1.6944,-0.0244,-4.8155,-4.8155,0.0000,-0.5477,-0.5477,0.3897
38.822,-1.7096,-1.7096,-0.0250,-4.8148,-4.8148,0.0000,-0.5477,-0.5477,0.3897
38.825,-1.7162,-1.7162,-0.0259,-4.8108,-4.8108,0.0000,-0.4895,-0.4895,0.3896
38.831,-1.7278,-1.7278,-0.0264,-4.8105,-4.8105,0.0000,-0.4895,-0.4895,0.3896
38.835,-1.7345,-1.7345,-0.0271,-4.8104,-4.8104,0.0000,-0.4895,-0.4895,0.3896
38.838,-1.7405,-1.7405,-0.0276,-4.8104,-4.8104,0.0000,-0.4895,-0.4895,0.3895
38.842,-1.7474,-1.7474,-0.0280,-4.8102,-4.8102,0.0000,-0.4895,-0.4895,0.3895
38.846,-1.7533,-1.7533,-0.0285,-4.8064,-4.8064,0.0000,-0.4346,-0.4346,0.3895
38.850,-1.7602,-1.7602,-0.0289,-4.8065,-4.8065,0.0000,-0.4346,-0.4346,0.3895
38.854,-1.7659,-1.7659,-0.0295,-4.8067,-4.8067,0.0000,-0.4346,-0.4346,0.3895
38.857,-1.7712,-1.7712,-0.0299,-4.8069,-4.8069,0.0000,-0.4346,-0.4346,0.3895
38.860,-1.7763,-1.7763,-0.0303,-4.8071,-4.8071,0.0000,-0.4346,-0.4346,0.3894
38.864,-1.7810,-1.7810,-0.0307,-4.8033,-4.8033,0.0000,-0.3651,-0.3651,0.3894
38.868,-1.7869,-1.7869,-0.0311,-4.8037,-4.8037,0.0000,-0.3651,-0.3651,0.3894
38.872,-1.7932,-1.7932,-0.0316,-4.8043,-4.8043,0.0000,-0.3651,-0.3651,0.3894
38.876,-1.7981,-1.7981,-0.0321,-4.8047,-4.8047,0.0000,-0.3651,-0.3651,0.3894
38.879,-1.8027,-1.8027,-0.0325,-4.8050,-4.8050,0.0000,-0.3651,-0.3651,0.3894
38.882,-1.8071,-1.8071,-0.0329,-4.8052,-4.8052,0.0000,-0.3651,-0.3651,0.3894
38.886,-1.8125,-1.8125,-0.0334,-4.8014,-4.8014,0.0000,-0.2900,-0.2900,0.3894
38.891,-1.8187,-1.8187,-0.0339,-4.8016,-4.8016,0.0000,-0.2900,-0.2900,0.3894
38.895,-1.8233,-1.8233,-0.0344,-4.8016,-4.8016,0.0000,-0.2900,-0.2900,0.3895
38.898,-1.8271,-1.8271,-0.0349,-4.8015,-4.8015,0.0000,-0.2900,-0.2900,0.3895
38.902,-1.8322,-1.8322,-0.0353,-4.8013,-4.8013,0.0000,-0.2900,-0.2900,0.3895
38.906,-1.8361,-1.8361,-0.0358,-4.7970,-4.7970,0.0000,-0.2106,-0.2106,0.3895
38.910,-1.8405,-1.8405,-0.0362,-4.7966,-4.7966,0.0000,-0.2106,-0.2106,0.3895
38.913,-1.8441,-1.8441,-0.0367,-4.7963,-4.7963,0.0000,-0.2106,-0.2106,0.3896
38.917,-1.8479,-1.8479,-0.0370,-4.7959,-4.7959,0.0000,-0.2106,-0.2106,0.3896
38.921,-1.8525,-1.8525,-0.0375,-4.7954,-4.7954,0.0000,-0.2106,-0.2106,0.3896
38.925,-1.8569,-1.8569,-0.0380,-4.7911,-4.7911,0.0000,-0.1366,-0.1366,0.3896
38.933,-1.8647,-1.8647,-0.0385,-4.7907,-4.7907,0.0000,-0.1366,-0.1366,0.3897
38.937,-1.8684,-1.8684,-0.0394,-4.7906,-4.7906,0.0000,-0.1366,-0.1366,0.3898
38.940,-1.8715,-1.8715,-0.0399,-4.7906,-4.7906,0.0000,-0.1366,-0.1366,0.3898
38.943,-1.8741,-1.8741,-0.0402,-4.7866,-4.7866,0.0000,-0.0804,-0.0804,0.3899
38.949,-1.8794,-1.8794,-0.0406,-4.7868,-4.7868,0.0000,-0.0804,-0.0804,0.3899
38.955,-1.8843,-1.8843,-0.0413,-4.7872,-4.7872,0.0000,-0.0804,-0.0804,0.3900
38.959,-1.8874,-1.8874,-0.0419,-4.7875,-4.7875,0.0000,-0.0804,-0.0804,0.3901
38.962,-1.8902,-1.8902,-0.0424,-4.7877,-4.7877,0.0000,-0.0804,-0.0804,0.3901
38.965,-1.8924,-1.8924,-0.0428,-4.7842,-4.7842,0.0000,-0.0197,-0.0197,0.3901
38.970,-1.8958,-1.8958,-0.0431,-4.7847,-4.7847,0.0000,-0.0197,-0.0197,0.3902
38.973,-1.8984,-1.8984,-0.0436,-4.7851,-4.7851,0.0000,-0.0197,-0.0197,0.3903
38.976,-1.9008,-1.9008,-0.0440,-4.7856,-4.7856,0.0000,-0.0197,-0.0197,0.3903
38.984,-1.8952,-1.8952,-0.0444,-4.7826,-4.7826,0.0000,0.0413,0.0413,0.3904
38.988,-1.8492,-1.8492,-0.0452,-4.7826,-4.7826,0.0000,0.0413,0.0413,0.3905
38.991,-1.8154,-1.8154,-0.0457,-4.7825,-4.7825,0.0000,0.0413,0.0413,0.3906
38.995,-1.7816,-1.7816,-0.0461,-4.7822,-4.7822,0.0000,0.0413,0.0413,0.3907
38.998,-1.7474,-1.7474,-0.0464,-4.7817,-4.7817,0.0000,0.0413,0.0413,0.3907
39.002,-1.7101,-1.7101,-0.0467,-4.7810,-4.7810,0.0000,0.0413,0.0413,0.3908
39.005,-1.6757,-1.6757,-0.0471,-4.7767,-4.7767,0.0000,0.1006,0.1006,0.3908
39.009,-1.6367,-1.6367,-0.0474,-4.7754,-4.7754,0.0000,0.1006,0.1006,0.3909
39.013,-1.5965,-1.5965,-0.0478,-4.7740,-4.7740,0.0000,0.1006,0.1006,0.3910
39.017,-1.5568,-1.5568,-0.0482,-4.7722,-4.7722,0.0000,0.1006,0.1006,0.3911
39.020,-1.5217,-1.5217,-0.0486,-4.7704,-4.7704,0.0000,0.1006,0.1006,0.3912
39.024,-1.4893,-1.4893,-0.0489,-4.7655,-4.7655,0.0000,0.1495,0.1495,0.3912
39.029,-1.4403,-1.4403,-0.0492,-4.7626,-4.7626,0.0000,0.1495,0.1495,0.3913
39.036,-1.3708,-1.3708,-0.0496,-4.7583,-4.7583,0.0000,0.1495,0.1495,0.3914
39.040,-1.3392,-1.3392,-0.0502,-4.7563,-4.7563,0.0000,0.1495,0.1495,0.3916
39.044,-1.2964,-1.2964,-0.0505,-4.7504,-4.7504,0.0000,0.1751,0.1751,0.3917
39.048,-1.2592,-1.2592,-0.0508,-4.7477,-4.7477,0.0000,0.1751,0.1751,0.3918
39.052,-1.2268,-1.2268,-0.0512,-4.7453,-4.7453,0.0000,0.1751,0.1751,0.3919
39.055,-1.1978,-1.1978,-0.0514,-4.7431,-4.7431,0.0000,0.1751,0.1751,0.3920
39.059,-1.1680,-1.1680,-0.0517,-4.7407,-4.7407,0.0000,0.1751,0.1751,0.3921
39.062,-1.1375,-1.1375,-0.0519,-4.7382,-4.7382,0.0000,0.1751,0.1751,0.3921
39.065,-1.1091,-1.1091,-0.0521,-4.7331,-4.7331,0.0000,0.1942,0.1942,0.3922
39.070,-1.0727,-1.0727,-0.0523,-4.7298,-4.7298,0.0000,0.1942,0.1942,0.3923
39.073,-1.0445,-1.0445,-0.0526,-4.7272,-4.7272,0.0000,0.1942,0.1942,0.3924
39.077,-1.0095,-1.0095,-0.0528,-4.7238,-4.7238,0.0000,0.1942,0.1942,0.3925
39.081,-0.9808,-0.9808,-0.0531,-4.7207,-4.7207,0.0000,0.1942,0.1942,0.3926
39.084,-0.9501,-0.9501,-0.0533,-4.7146,-4.7146,0.0000,0.2124,0.2124,0.3927
39.088,-0.9186,-0.9186,-0.0535,-4.7105,-4.7105,0.0000,0.2124,0.2124,0.3928
39.092,-0.8922,-0.8922,-0.0537,-4.7068,-4.7068,0.0000,0.2124,0.2124,0.3929
39.095,-0.8653,-0.8653,-0.0539,-4.7027,-4.7027,0.0000,0.2124,0.2124,0.3930
39.100,-0.8302,-0.8302,-0.0541,-4.6969,-4.6969,0.0000,0.2124,0.2124,0.3930
39.105,-0.7890,-0.7890,-0.0543,-4.6871,-4.6871,0.0000,0.2143,0.2143,0.3932
39.110,-0.7523,-0.7523,-0.0545,-4.6797,-4.6797,0.0000,0.2143,0.2143,0.3933
39.113,-0.7256,-0.7256,-0.0547,-4.6740,-4.6740,0.0000,0.2143,0.2143,0.3934
39.117,-0.6956,-0.6956,-0.0549,-4.6671,-4.6671,0.0000,0.2143,0.2143,0.3935
39.121,-0.6703,-0.6703,-0.0551,-4.6610,-4.6610,0.0000,0.2143,0.2143,0.3936
39.124,-0.6466,-0.6466,-0.0552,-4.6531,-4.6531,0.0000,0.2147,0.2147,0.3937
39.128,-0.6202,-0.6202,-0.0554,-4.6461,-4.6461,0.0000,0.2147,0.2147,0.3938
39.136,-0.5660,-0.5660,-0.0555,-4.6309,-4.6309,0.0000,0.2147,0.2147,0.3938
39.144,-0.5091,-0.5091,-0.0558,-4.6123,-4.6123,0.0000,0.1830,0.1830,0.3940
39.149,-0.4749,-0.4749,-0.0560,-4.6018,-4.6018,0.0000,0.1830,0.1830,0.3942
39.153,-0.4465,-0.4465,-0.0562,-4.5928,-4.5928,0.0000,0.1830,0.1830,0.3943
39.157,-0.4242,-0.4242,-0.0563,-4.5856,-4.5856,0.0000,0.1830,0.1830,0.3944
39.160,-0.4040,-0.4040,-0.0564,-4.5788,-4.5788,0.0000,0.1830,0.1830,0.3945
39.163,-0.3829,-0.3829,-0.0565,-4.5702,-4.5702,0.0000,0.1332,0.1332,0.3946
39.168,-0.3545,-0.3545,-0.0566,-4.5601,-4.5601,0.0000,0.1332,0.1332,0.3946
39.171,-0.3337,-0.3337,-0.0567,-4.5525,-4.5525,0.0000,0.1332,0.1332,0.3947
39.175,-0.3142,-0.3142,-0.0568,-4.5450,-4.5450,0.0000,0.1332,0.1332,0.3948
39.178,-0.2951,-0.2951,-0.0568,-4.5372,-4.5372,0.0000,0.1332,0.1332,0.3949
39.181,-0.2765,-0.2765,-0.0569,-4.5291,-4.5291,0.0000,0.1332,0.1332,0.3949
39.186,-0.2463,-0.2463,-0.0570,-4.5135,-4.5135,0.0000,0.0860,0.0860,0.3950
39.191,-0.2203,-0.2203,-0.0570,-4.5002,-4.5002,0.0000,0.0860,0.0860,0.3951
39.194,-0.2020,-0.2020,-0.0571,-4.4903,-4.4903,0.0000,0.0860,0.0860,0.3951
39.197,-0.1843,-0.1843,-0.0572,-4.4803,-4.4803,0.0000,0.0860,0.0860,0.3952
39.201,-0.1649,-0.1649,-0.0572,-4.4687,-4.4687,0.0000,0.0860,0.0860,0.3952
39.204,-0.1462,-0.1462,-0.0573,-4.4559,-4.4559,0.0000,0.0283,0.0283,0.3953
39.208,-0.1256,-0.1256,-0.0573,-4.4421,-4.4421,0.0000,0.0283,0.0283,0.3953
39.211,-0.1086,-0.1086,-0.0574,-4.4302,-4.4302,0.0000,0.0283,0.0283,0.3954
39.215,-0.0907,-0.0907,-0.0574,-4.4170,-4.4170,0.0000,0.0283,0.0283,0.3954
39.220,-0.0671,-0.0671,-0.0574,-4.3985,-4.3985,0.0000,0.0283,0.0283,0.3955
39.223,-0.0490,-0.0490,-0.0575,-4.3833,-4.3833,0.0000,-0.0315,-0.0315,0.3955
39.227,-0.0301,-0.0301,-0.0575,-4.3675,-4.3675,0.0000,-0.0315,-0.0315,0.3956
39.230,-0.0134,-0.0134,-0.0575,-4.3531,-4.3531,0.0000,-0.0315,-0.0315,0.3956
39.234,0.0047,0.0047,-0.0575,-4.3372,-4.3372,0.0000,-0.0315,-0.0315,0.3957
39.238,0.0209,0.0209,-0.0575,-4.3225,-4.3225,0.0000,-0.0315,-0.0315,0.3957
39.242,0.0409,0.0409,-0.0576,-4.3037,-4.3037,0.0000,-0.0315,-0.0315,0.3957
39.251,0.0821,0.0821,-0.0576,-4.2620,-4.2620,0.0000,-0.1020,-0.1020,0.3958
39.256,0.1077,0.1077,-0.0576,-4.2350,-4.2350,0.0000,-0.1020,-0.1020,0.3958
39.261,0.1263,0.1263,-0.0576,-4.2184,-4.2184,0.0000,-0.1020,-0.1020,0.3959
39.264,0.1421,0.1421,-0.0576,-4.2067,-4.2067,0.0000,-0.1871,-0.1871,0.3959
39.268,0.1595,0.1595,-0.0576,-4.1970,-4.1970,0.0000,-0.1871,-0.1871,0.3959
39.272,0.1733,0.1733,-0.0576,-4.1915,-4.1915,0.0000,-0.1871,-0.1871,0.3959
39.275,0.1864,0.1864,-0.0575,-4.1881,-4.1881,0.0000,-0.1871,-0.1871,0.3959
39.279,0.2031,0.2031,-0.0575,-4.1870,-4.1870,0.0000,-0.1871,-0.1871,0.3959
39.285,0.2293,0.2293,-0.0575,-4.1917,-4.1917,0.0000,-0.2850,-0.2850,0.3959
39.289,0.2445,0.2445,-0.0575,-4.1981,-4.1981,0.0000,-0.2850,-0.2850,0.3959
39.293,0.2572,0.2572,-0.0574,-4.2055,-4.2055,0.0000,-0.2850,-0.2850,0.3959
39.296,0.2693,0.2693,-0.0574,-4.2145,-4.2145,0.0000,-0.2850,-0.2850,0.3959
39.300,0.2821,0.2821,-0.0574,-4.2262,-4.2262,0.0000,-0.2850,-0.2850,0.3959
39.303,0.2965,0.2965,-0.0573,-4.2399,-4.2399,0.0000,-0.3615,-0.3615,0.3959
39.307,0.3099,0.3099,-0.0573,-4.2566,-4.2566,0.0000,-0.3615,-0.3615,0.3959
39.312,0.3257,0.3257,-0.0573,-4.2757,-4.2757,0.0000,-0.3615,-0.3615,0.3958
39.316,0.3395,0.3395,-0.0572,-4.2916,-4.2916,0.0000,-0.3615,-0.3615,0.3958
39.319,0.3521,0.3521,-0.0572,-4.3058,-4.3058,0.0000,-0.3615,-0.3615,0.3958
39.323,0.3649,0.3649,-0.0571,-4.3175,-4.3175,0.0000,-0.4269,-0.4269,0.3957
39.327,0.3773,0.3773,-0.0571,-4.3304,-4.3304,0.0000,-0.4269,-0.4269,0.3957
39.330,0.3880,0.3880,-0.0570,-4.3410,-4.3410,0.0000,-0.4269,-0.4269,0.3957
39.334,0.3999,0.3999,-0.0570,-4.3521,-4.3521,0.0000,-0.4269,-0.4269,0.3956
39.337,0.4110,0.4110,-0.0569,-4.3621,-4.3621,0.0000,-0.4269,-0.4269,0.3956
39.342,0.4241,0.4241,-0.0569,-4.3729,-4.3729,0.0000,-0.4269,-0.4269,0.3956
39.347,0.4420,0.4420,-0.0568,-4.3843,-4.3843,0.0000,-0.5220,-0.5220,0.3955
39.356,0.4672,0.4672,-0.0567,-4.4008,-4.4008,0.0000,-0.5220,-0.5220,0.3955
39.359,0.4783,0.4783,-0.0566,-4.4074,-4.4074,0.0000,-0.5220,-0.5220,0.3953
39.363,0.4886,0.4886,-0.0565,-4.4118,-4.4118,0.0000,-0.5800,-0.5800,0.3953
39.367,0.4999,0.4999,-0.0565,-4.4172,-4.4172,0.0000,-0.5800,-0.5800,0.3952
39.372,0.5122,0.5122,-0.0564,-4.4222,-4.4222,0.0000,-0.5800,-0.5800,0.3952
39.376,0.5226,0.5226,-0.0563,-4.4257,-4.4257,0.0000,-0.5800,-0.5800,0.3951
39.379,0.5327,0.5327,-0.0562,-4.4285,-4.4285,0.0000,-0.5800,-0.5800,0.3950
39.384,0.5448,0.5448,-0.0561,-4.4300,-4.4300,0.0000,-0.6458,-0.6458,0.3949
39.389,0.5575,0.5575,-0.0560,-4.4315,-4.4315,0.0000,-0.6458,-0.6458,0.3949
39.393,0.5678,0.5678,-0.0559,-4.4319,-4.4319,0.0000,-0.6458,-0.6458,0.3948
39.396,0.5758,0.5758,-0.0558,-4.4316,-4.4316,0.0000,-0.6458,-0.6458,0.3947
39.400,0.5840,0.5840,-0.0558,-4.4308,-4.4308,0.0000,-0.6458,-0.6458,0.3946
39.404,0.5958,0.5958,-0.0557,-4.4280,-4.4280,0.0000,-0.7045,-0.7045,0.3945
39.410,0.6082,0.6082,-0.0556,-4.4243,-4.4243,0.0000,-0.7045,-0.7045,0.3944
39.414,0.6174,0.6174,-0.0555,-4.4207,-4.4207,0.0000,-0.7045,-0.7045,0.3943
39.418,0.6260,0.6260,-0.0554,-4.4166,-4.4166,0.0000,-0.7045,-0.7045,0.3942
39.422,0.6334,0.6334,-0.0553,-4.4124,-4.4124,0.0000,-0.7045,-0.7045,0.3941
39.425,0.6404,0.6404,-0.0552,-4.4076,-4.4076,0.0000,-0.7240,-0.7240,0.3941
39.428,0.6479,0.6479,-0.0551,-4.4021,-4.4021,0.0000,-0.7240,-0.7240,0.3940
39.432,0.6553,0.6553,-0.0550,-4.3959,-4.3959,0.0000,-0.7240,-0.7240,0.3939
39.438,0.6676,0.6676,-0.0549,-4.3838,-4.3838,0.0000,-0.7240,-0.7240,0.3938
39.442,0.6740,0.6740,-0.0548,-4.3769,-4.3769,0.0000,-0.7240,-0.7240,0.3937
39.445,0.6804,0.6804,-0.0547,-4.3689,-4.3689,0.0000,-0.7439,-0.7439,0.3936
39.450,0.6896,0.6896,-0.0546,-4.3569,-4.3569,0.0000,-0.7439,-0.7439,0.3935
39.454,0.6964,0.6964,-0.0545,-4.3472,-4.3472,0.0000,-0.7439,-0.7439,0.3934
39.458,0.7042,0.7042,-0.0544,-4.3351,-4.3351,0.0000,-0.7439,-0.7439,0.3933
39.465,0.7170,0.7170,-0.0542,-4.3117,-4.3117,0.0000,-0.7736,-0.7736,0.3932
39.470,0.7250,0.7250,-0.0541,-4.2963,-4.2963,0.0000,-0.7736,-0.7736,0.3931
39.473,0.7306,0.7306,-0.0539,-4.2848,-4.2848,0.0000,-0.7736,-0.7736,0.3929
39.476,0.7358,0.7358,-0.0538,-4.2733,-4.2733,0.0000,-0.7736,-0.7736,0.3929
39.481,0.7427,0.7427,-0.0537,-4.2572,-4.2572,0.0000,-0.7736,-0.7736,0.3928
39.484,0.7489,0.7489,-0.0536,-4.2404,-4.2404,0.0000,-0.7911,-0.7911,0.3927
39.488,0.7548,0.7548,-0.0535,-4.2245,-4.2245,0.0000,-0.7911,-0.7911,0.3926
39.492,0.7599,0.7599,-0.0534,-4.2105,-4.2105,0.0000,-0.7911,-0.7911,0.3925
39.495,0.7649,0.7649,-0.0533,-4.1957,-4.1957,0.0000,-0.7911,-0.7911,0.3924
39.498,0.7696,0.7696,-0.0532,-4.1813,-4.1813,0.0000,-0.7911,-0.7911,0.3923
39.502,0.7749,0.7749,-0.0531,-4.1642,-4.1642,0.0000,-0.7911,-0.7911,0.3922
39.505,0.7783,0.7783,-0.0530,-4.1461,-4.1461,0.0000,-0.7598,-0.7598,0.3922
39.509,0.7836,0.7836,-0.0529,-4.1273,-4.1273,0.0000,-0.7598,-0.7598,0.3921
39.513,0.7891,0.7891,-0.0528,-4.1066,-4.1066,0.0000,-0.7598,-0.7598,0.3920
39.517,0.7942,0.7942,-0.0527,-4.0864,-4.0864,0.0000,-0.7598,-0.7598,0.3919
39.520,0.7987,0.7987,-0.0526,-4.0678,-4.0678,0.0000,-0.7598,-0.7598,0.3918
39.524,0.8017,0.8017,-0.0525,-4.0461,-4.0461,0.0000,-0.7260,-0.7260,0.3917
39.527,0.8066,0.8066,-0.0524,-4.0240,-4.0240,0.0000,-0.7260,-0.7260,0.3917
39.531,0.8108,0.8108,-0.0523,-4.0046,-4.0046,0.0000,-0.7260,-0.7260,0.3916
39.534,0.8153,0.8153,-0.0522,-3.9823,-3.9823,0.0000,-0.7260,-0.7260,0.3915
39.538,0.8194,0.8194,-0.0521,-3.9612,-3.9612,0.0000,-0.7260,-0.7260,0.3915
39.542,0.8243,0.8243,-0.0520,-3.9349,-3.9349,0.0000,-0.7260,-0.7260,0.3914
39.545,0.8261,0.8261,-0.0518,-3.9074,-3.9074,0.0000,-0.6349,-0.6349,0.3913
39.549,0.8306,0.8306,-0.0517,-3.8810,-3.8810,0.0000,-0.6349,-0.6349,0.3913
39.553,0.8346,0.8346,-0.0516,-3.8563,-3.8563,0.0000,-0.6349,-0.6349,0.3912
39.557,0.8385,0.8385,-0.0515,-3.8317,-3.8317,0.0000,-0.6349,-0.6349,0.3911
39.561,0.8434,0.8434,-0.0514,-3.7990,-3.7990,0.0000,-0.6349,-0.6349,0.3911
39.565,0.8455,0.8455,-0.0512,-3.7625,-3.7625,0.0000,-0.5258,-0.5258,0.3910
39.571,0.8512,0.8512,-0.0511,-3.7197,-3.7197,0.0000,-0.5258,-0.5258,0.3910
39.579,0.8596,0.8596,-0.0510,-3.6521,-3.6521,0.0000,-0.5258,-0.5258,0.3909
39.584,0.8622,0.8622,-0.0507,-3.6078,-3.6078,0.0000,-0.4141,-0.4141,0.3908
39.590,0.8686,0.8686,-0.0506,-3.5495,-3.5495,0.0000,-0.4141,-0.4141,0.3908
39.594,0.8717,0.8717,-0.0503,-3.5203,-3.5203,0.0000,-0.4141,-0.4141,0.3908
39.597,0.8748,0.8748,-0.0502,-3.4905,-3.4905,0.0000,-0.4141,-0.4141,0.3908
39.601,0.8780,0.8780,-0.0501,-3.4580,-3.4580,0.0000,-0.4141,-0.4141,0.3908
39.607,0.8826,0.8826,-0.0500,-3.3879,-3.3879,0.0000,-0.3024,-0.3024,0.3908
39.611,0.8859,0.8859,-0.0498,-3.3514,-3.3514,0.0000,-0.3024,-0.3024,0.3908
39.615,0.8886,0.8886,-0.0497,-3.3203,-3.3203,0.0000,-0.3024,-0.3024,0.3908
39.619,0.8922,0.8922,-0.0496,-3.2777,-3.2777,0.0000,-0.3024,-0.3024,0.3908
39.623,0.8949,0.8949,-0.0495,-3.2261,-3.2261,0.0000,-0.1730,-0.1730,0.3908
39.627,0.8978,0.8978,-0.0493,-3.1890,-3.1890,0.0000,-0.1730,-0.1730,0.3908
39.630,0.9002,0.9002,-0.0492,-3.1571,-3.1571,0.0000,-0.1730,-0.1730,0.3908
39.634,0.9031,0.9031,-0.0491,-3.1180,-3.1180,0.0000,-0.1730,-0.1730,0.3909
39.639,0.9065,0.9065,-0.0490,-3.0696,-3.0696,0.0000,-0.1730,-0.1730,0.3909
39.643,0.9096,0.9096,-0.0488,-3.0117,-3.0117,0.0000,0.0246,0.0246,0.3909
39.647,0.9126,0.9126,-0.0487,-2.9662,-2.9662,0.0000,0.0246,0.0246,0.3910
39.651,0.9156,0.9156,-0.0486,-2.9189,-2.9189,0.0000,0.0246,0.0246,0.3911
39.656,0.9188,0.9188,-0.0485,-2.8674,-2.8674,0.0000,0.0246,0.0246,0.3911
39.660,0.9215,0.9215,-0.0483,-2.8215,-2.8215,0.0000,0.0246,0.0246,0.3912
39.664,0.9259,0.9259,-0.0482,-2.7559,-2.7559,0.0000,0.2750,0.2750,0.3913
39.670,0.9294,0.9294,-0.0481,-2.6910,-2.6910,0.0000,0.2750,0.2750,0.3914
39.674,0.9320,0.9320,-0.0479,-2.6421,-2.6421,0.0000,0.2750,0.2750,0.3916
39.678,0.9341,0.9341,-0.0477,-2.6015,-2.6015,0.0000,0.2750,0.2750,0.3917
39.683,0.9409,0.9409,-0.0476,-2.5095,-2.5095,0.0000,0.5279,0.5279,0.3918
39.692,0.9461,0.9461,-0.0475,-2.3972,-2.3972,0.0000,0.5279,0.5279,0.3920
39.709,0.9597,0.9597,-0.0472,-2.1599,-2.1599,0.0000,0.7669,0.7669,0.3924
39.719,0.9646,0.9646,-0.0467,-2.0356,-2.0356,0.0000,0.7669,0.7669,0.3933
39.727,0.9746,0.9746,-0.0464,-1.9050,-1.9050,0.0000,0.9942,0.9942,0.3938
39.734,0.9781,0.9781,-0.0461,-1.8084,-1.8084,0.0000,0.9942,0.9942,0.3943
39.742,0.9812,0.9812,-0.0459,-1.7169,-1.7169,0.0000,0.9942,0.9942,0.3948
39.749,0.9926,0.9926,-0.0456,-1.5932,-1.5932,0.0000,1.2508,1.2508,0.3952
39.754,0.9948,0.9948,-0.0454,-1.5236,-1.5236,0.0000,1.2508,1.2508,0.3958
39.759,0.9964,0.9964,-0.0452,-1.4741,-1.4741,0.0000,1.2508,1.2508,0.3962
39.763,1.0087,1.0087,-0.0451,-1.3850,-1.3850,0.0000,1.5410,1.5410,0.3965
39.768,1.0105,1.0105,-0.0450,-1.3239,-1.3239,0.0000,1.5410,1.5410,0.3968
39.772,1.0120,1.0120,-0.0448,-1.2773,-1.2773,0.0000,1.5410,1.5410,0.3973
39.777,1.0138,1.0138,-0.0447,-1.2162,-1.2162,0.0000,1.5410,1.5410,0.3976
39.781,1.0151,1.0151,-0.0445,-1.1706,-1.1706,0.0000,1.5410,1.5410,0.3981
39.785,1.0282,1.0282,-0.0444,-1.0782,-1.0782,0.0000,1.8248,1.8248,0.3984
39.791,1.0302,1.0302,-0.0442,-1.0080,-1.0080,0.0000,1.8248,1.8248,0.3988
39.799,1.0328,1.0328,-0.0440,-0.9153,-0.9153,0.0000,1.8248,1.8248,0.3994
39.803,1.0480,1.0480,-0.0438,-0.8250,-0.8250,0.0000,2.1433,2.1433,0.4002
39.808,1.0494,1.0494,-0.0437,-0.7718,-0.7718,0.0000,2.1433,2.1433,0.4007
39.811,1.0504,1.0504,-0.0435,-0.7339,-0.7339,0.0000,2.1433,2.1433,0.4012
39.815,1.0514,1.0514,-0.0434,-0.6993,-0.6993,0.0000,2.1433,2.1433,0.4016
39.819,1.0524,1.0524,-0.0433,-0.6600,-0.6600,0.0000,2.1433,2.1433,0.4020
39.822,1.0534,1.0534,-0.0431,-0.6248,-0.6248,0.0000,2.1433,2.1433,0.4024
39.825,1.0689,1.0689,-0.0430,-0.5428,-0.5428,0.0000,2.4554,2.4554,0.4028
39.829,1.0699,1.0699,-0.0429,-0.5059,-0.5059,0.0000,2.4554,2.4554,0.4032
39.833,1.0708,1.0708,-0.0428,-0.4736,-0.4736,0.0000,2.4554,2.4554,0.4037
39.836,1.0717,1.0717,-0.0427,-0.4385,-0.4385,0.0000,2.4554,2.4554,0.4041
39.840,1.0727,1.0727,-0.0426,-0.4011,-0.4011,0.0000,2.4554,2.4554,0.4046
39.844,1.0874,1.0874,-0.0424,-0.3243,-0.3243,0.0000,2.7354,2.7354,0.4051
39.848,1.0883,1.0883,-0.0423,-0.2920,-0.2920,0.0000,2.7354,2.7354,0.4056
39.851,1.0892,1.0892,-0.0422,-0.2608,-0.2608,0.0000,2.7354,2.7354,0.4061
39.855,1.0900,1.0900,-0.0421,-0.2309,-0.2309,0.0000,2.7354,2.7354,0.4066
39.858,1.0908,1.0908,-0.0420,-0.2040,-0.2040,0.0000,2.7354,2.7354,0.4071
39.861,1.0915,1.0915,-0.0418,-0.1795,-0.1795,0.0000,2.7354,2.7354,0.4075
39.865,1.1082,1.1082,-0.0417,-0.1023,-0.1023,0.0000,3.0543,3.0543,0.4080
39.871,1.1095,1.1095,-0.0416,-0.0589,-0.0589,0.0000,3.0543,3.0543,0.4085
39.876,1.1106,1.1106,-0.0414,-0.0232,-0.0232,0.0000,3.0543,3.0543,0.4094
39.881,1.1116,1.1116,-0.0412,0.0086,0.0086,0.0000,3.0543,3.0543,0.4102
39.886,1.1121,1.1121,-0.0411,0.0475,0.0475,0.0086,3.0374,3.0374,0.4109
39.895,1.1136,1.1136,-0.0409,0.0926,0.0926,0.0475,3.0374,3.0374,0.4117
39.903,1.1138,1.1138,-0.0406,0.1396,0.1396,0.0926,3.0131,3.0131,0.4129
39.907,1.1145,1.1145,-0.0404,0.1573,0.1573,0.1396,3.0131,3.0131,0.4141
39.910,1.1151,1.1151,-0.0402,0.1703,0.1703,0.1573,3.0131,3.0131,0.4147
39.914,1.1156,1.1156,-0.0401,0.1823,0.1823,0.1703,3.0131,3.0131,0.4151
39.917,1.1162,1.1162,-0.0400,0.1954,0.1954,0.1823,3.0131,3.0131,0.4156
39.921,1.1168,1.1168,-0.0399,0.2064,0.2064,0.1954,3.0131,3.0131,0.4161
39.924,1.1149,1.1149,-0.0398,0.2201,0.2201,0.2064,2.9770,2.9770,0.4166
39.928,1.1154,1.1154,-0.0397,0.2296,0.2296,0.2201,2.9770,2.9770,0.4171
39.931,1.1159,1.1159,-0.0396,0.2371,0.2371,0.2296,2.9770,2.9770,0.4176
39.936,1.1166,1.1166,-0.0395,0.2458,0.2458,0.2371,2.9770,2.9770,0.4180
39.940,1.1171,1.1171,-0.0393,0.2514,0.2514,0.2458,2.9770,2.9770,0.4187
39.943,1.0986,1.0986,-0.0392,0.2046,0.2046,0.2514,2.5098,2.5098,0.4192
39.947,1.0991,1.0991,-0.0391,0.2082,0.2082,0.2046,2.5098,2.5098,0.4195
39.950,1.0996,1.0996,-0.0390,0.2106,0.2106,0.2082,2.5098,2.5098,0.4199
39.954,1.1000,1.1000,-0.0389,0.2119,0.2119,0.2106,2.5098,2.5098,0.4203
39.957,1.1005,1.1005,-0.0388,0.2123,0.2123,0.2119,2.5098,2.5098,0.4207
39.960,1.1009,1.1009,-0.0387,0.2118,0.2118,0.2123,2.5098,2.5098,0.4211
39.965,1.0987,1.0987,-0.0386,0.2121,0.2121,0.2118,2.4687,2.4687,0.4215
39.970,1.0993,1.0993,-0.0384,0.2078,0.2078,0.2121,2.4687,2.4687,0.4220
39.973,1.0997,1.0997,-0.0383,0.2040,0.2040,0.2078,2.4687,2.4687,0.4225
39.976,1.1001,1.1001,-0.0382,0.1993,0.1993,0.2040,2.4687,2.4687,0.4228
39.980,1.1005,1.1005,-0.0381,0.1929,0.1929,0.1993,2.4687,2.4687,0.4232
39.984,1.0924,1.0924,-0.0380,0.1612,0.1612,0.1929,2.2293,2.2293,0.4236
39.988,1.0929,1.0929,-0.0379,0.1523,0.1523,0.1612,2.2293,2.2293,0.4239
39.991,1.0932,1.0932,-0.0378,0.1429,0.1429,0.1523,2.2293,2.2293,0.4243
39.995,1.0937,1.0937,-0.0377,0.1256,0.1256,0.1429,2.2293,2.2293,0.4246
40.002,1.0944,1.0944,-0.0375,0.0875,0.0875,0.1256,2.2293,2.2293,0.4250
40.006,1.0971,1.0971,-0.0373,0.0930,0.0930,0.0875,2.4167,2.4167,0.4256
40.010,1.0975,1.0975,-0.0372,0.0635,0.0635,0.0930,2.4167,2.4167,0.4260
40.014,1.0979,1.0979,-0.0371,0.0374,0.0374,0.0635,2.4167,2.4167,0.4264
40.018,1.0983,1.0983,-0.0370,0.0070,0.0070,0.0374,2.4167,2.4167,0.4268
40.022,1.0986,1.0986,-0.0369,-0.0204,-0.0204,0.0070,2.4167,2.4167,0.4272
40.027,1.0932,1.0932,-0.0368,-0.0885,-0.0885,0.0000,2.2076,2.2076,0.4275
40.033,1.0937,1.0937,-0.0367,-0.1400,-0.1400,0.0000,2.2076,2.2076,0.4280
40.036,1.0940,1.0940,-0.0365,-0.1744,-0.1744,0.0000,2.2076,2.2076,0.4285
40.043,1.0899,1.0899,-0.0364,-0.2588,-0.2588,0.0000,1.9948,1.9948,0.4288
40.047,1.0902,1.0902,-0.0362,-0.2911,-0.2911,0.0000,1.9948,1.9948,0.4293
40.051,1.0905,1.0905,-0.0361,-0.3248,-0.3248,0.0000,1.9948,1.9948,0.4296
40.055,1.0908,1.0908,-0.0360,-0.3510,-0.3510,0.0000,1.9948,1.9948,0.4300
40.058,1.0910,1.0910,-0.0359,-0.3738,-0.3738,0.0000,1.9948,1.9948,0.4302
40.061,1.0913,1.0913,-0.0358,-0.3958,-0.3958,0.0000,1.9948,1.9948,0.4305
40.064,1.0882,1.0882,-0.0357,-0.4431,-0.4431,0.0000,1.7778,1.7778,0.4307
40.069,1.0885,1.0885,-0.0356,-0.4694,-0.4694,0.0000,1.7778,1.7778,0.4309
40.073,1.0888,1.0888,-0.0355,-0.4945,-0.4945,0.0000,1.7778,1.7778,0.4312
40.077,1.0891,1.0891,-0.0354,-0.5148,-0.5148,0.0000,1.7778,1.7778,0.4314
40.080,1.0893,1.0893,-0.0353,-0.5316,-0.5316,0.0000,1.7778,1.7778,0.4317
40.084,1.0879,1.0879,-0.0352,-0.5756,-0.5756,0.0000,1.5564,1.5564,0.4319
40.088,1.0881,1.0881,-0.0351,-0.5945,-0.5945,0.0000,1.5564,1.5564,0.4321
40.091,1.0883,1.0883,-0.0350,-0.6084,-0.6084,0.0000,1.5564,1.5564,0.4323
40.094,1.0885,1.0885,-0.0350,-0.6213,-0.6213,0.0000,1.5564,1.5564,0.4324
40.097,1.0887,1.0887,-0.0349,-0.6334,-0.6334,0.0000,1.5564,1.5564,0.4326
40.102,1.0890,1.0890,-0.0348,-0.6513,-0.6513,0.0000,1.5564,1.5564,0.4328
40.111,1.0878,1.0878,-0.0347,-0.6933,-0.6933,0.0000,1.5148,1.5148,0.4330
40.117,1.0881,1.0881,-0.0344,-0.7077,-0.7077,0.0000,1.5148,1.5148,0.4334
40.121,1.0883,1.0883,-0.0343,-0.7168,-0.7168,0.0000,1.5148,1.5148,0.4337
40.124,1.0894,1.0894,-0.0342,-0.7483,-0.7483,0.0000,1.3048,1.3048,0.4339
40.128,1.0896,1.0896,-0.0341,-0.7557,-0.7557,0.0000,1.3048,1.3048,0.4340
40.132,1.0898,1.0898,-0.0340,-0.7618,-0.7618,0.0000,1.3048,1.3048,0.4342
40.136,1.0900,1.0900,-0.0339,-0.7680,-0.7680,0.0000,1.3048,1.3048,0.4343
40.140,1.0901,1.0901,-0.0338,-0.7721,-0.7721,0.0000,1.3048,1.3048,0.4344
40.143,1.0894,1.0894,-0.0337,-0.7960,-0.7960,0.0000,1.2604,1.2604,0.4346
40.147,1.0895,1.0895,-0.0337,-0.7994,-0.7994,0.0000,1.2604,1.2604,0.4347
40.150,1.0897,1.0897,-0.0336,-0.8022,-0.8022,0.0000,1.2604,1.2604,0.4348
40.154,1.0899,1.0899,-0.0335,-0.8042,-0.8042,0.0000,1.2604,1.2604,0.4349
40.157,1.0900,1.0900,-0.0334,-0.8056,-0.8056,0.0000,1.2604,1.2604,0.4350
40.160,1.0901,1.0901,-0.0333,-0.8066,-0.8066,0.0000,1.2604,1.2604,0.4351
40.164,1.0929,1.0929,-0.0332,-0.8267,-0.8267,0.0000,1.0483,1.0483,0.4353
40.168,1.0930,1.0930,-0.0332,-0.8268,-0.8268,0.0000,1.0483,1.0483,0.4353
40.171,1.0932,1.0932,-0.0331,-0.8265,-0.8265,0.0000,1.0483,1.0483,0.4354
40.174,1.0933,1.0933,-0.0330,-0.8257,-0.8257,0.0000,1.0483,1.0483,0.4355
40.179,1.0935,1.0935,-0.0329,-0.8239,-0.8239,0.0000,1.0483,1.0483,0.4356
40.184,1.0965,1.0965,-0.0328,-0.8385,-0.8385,0.0000,0.8397,0.8397,0.4357
40.188,1.0967,1.0967,-0.0327,-0.8355,-0.8355,0.0000,0.8397,0.8397,0.4357
40.194,1.0969,1.0969,-0.0326,-0.8303,-0.8303,0.0000,0.8397,0.8397,0.4358
40.198,1.0970,1.0970,-0.0324,-0.8270,-0.8270,0.0000,0.8397,0.8397,0.4358
40.201,1.0971,1.0971,-0.0324,-0.8233,-0.8233,0.0000,0.8397,0.8397,0.4359
40.206,1.0939,1.0939,-0.0323,-0.8498,-0.8498,0.0000,0.9206,0.9206,0.4359
40.213,1.0941,1.0941,-0.0322,-0.8401,-0.8401,0.0000,0.9206,0.9206,0.4360
40.217,1.0943,1.0943,-0.0320,-0.8352,-0.8352,0.0000,0.9206,0.9206,0.4361
40.220,1.0944,1.0944,-0.0319,-0.8304,-0.8304,0.0000,0.9206,0.9206,0.4361
40.223,1.0944,1.0944,-0.0318,-0.8468,-0.8468,0.0000,0.8438,0.8438,0.4362
40.228,1.0945,1.0945,-0.0318,-0.8406,-0.8406,0.0000,0.8438,0.8438,0.4362
40.231,1.0946,1.0946,-0.0317,-0.8352,-0.8352,0.0000,0.8438,0.8438,0.4363
40.235,1.0947,1.0947,-0.0316,-0.8292,-0.8292,0.0000,0.8438,0.8438,0.4363
40.238,1.0948,1.0948,-0.0315,-0.8235,-0.8235,0.0000,0.8438,0.8438,0.4364
40.241,1.0949,1.0949,-0.0314,-0.8179,-0.8179,0.0000,0.8438,0.8438,0.4364
40.245,1.0978,1.0978,-0.0314,-0.8167,-0.8167,0.0000,0.6006,0.6006,0.4364
40.249,1.0979,1.0979,-0.0313,-0.8097,-0.8097,0.0000,0.6006,0.6006,0.4364
40.252,1.0980,1.0980,-0.0312,-0.8032,-0.8032,0.0000,0.6006,0.6006,0.4364
40.255,1.0981,1.0981,-0.0311,-0.7972,-0.7972,0.0000,0.6006,0.6006,0.4364
40.259,1.0982,1.0982,-0.0311,-0.7912,-0.7912,0.0000,0.6006,0.6006,0.4364
40.262,1.0982,1.0982,-0.0310,-0.7851,-0.7851,0.0000,0.6006,0.6006,0.4364
40.265,1.1000,1.1000,-0.0309,-0.7821,-0.7821,0.0000,0.3727,0.3727,0.4364
40.270,1.1001,1.1001,-0.0308,-0.7736,-0.7736,0.0000,0.3727,0.3727,0.4364
40.273,1.1002,1.1002,-0.0307,-0.7674,-0.7674,0.0000,0.3727,0.3727,0.4363
40.276,1.1003,1.1003,-0.0307,-0.7611,-0.7611,0.0000,0.3727,0.3727,0.4363
40.279,1.1003,1.1003,-0.0306,-0.7551,-0.7551,0.0000,0.3727,0.3727,0.4362
40.283,1.1004,1.1004,-0.0305,-0.7487,-0.7487,0.0000,0.3727,0.3727,0.4362
40.286,1.0973,1.0973,-0.0305,-0.7729,-0.7729,0.0000,0.4016,0.4016,0.4361
40.290,1.0974,1.0974,-0.0304,-0.7654,-0.7654,0.0000,0.4016,0.4016,0.4361
40.294,1.0974,1.0974,-0.0303,-0.7586,-0.7586,0.0000,0.4016,0.4016,0.4361
40.297,1.0975,1.0975,-0.0302,-0.7525,-0.7525,0.0000,0.4016,0.4016,0.4360
40.301,1.0976,1.0976,-0.0302,-0.7451,-0.7451,0.0000,0.4016,0.4016,0.4360
40.304,1.0975,1.0975,-0.0301,-0.7360,-0.7360,0.0000,0.1873,0.1873,0.4359
40.308,1.0976,1.0976,-0.0300,-0.7281,-0.7281,0.0000,0.1873,0.1873,0.4359
40.312,1.0977,1.0977,-0.0299,-0.7223,-0.7223,0.0000,0.1873,0.1873,0.4358
40.316,1.0977,1.0977,-0.0299,-0.7139,-0.7139,0.0000,0.1873,0.1873,0.4357
40.324,1.0954,1.0954,-0.0298,-0.7119,-0.7119,0.0000,0.0991,0.0991,0.4356
40.328,1.0955,1.0955,-0.0296,-0.7051,-0.7051,0.0000,0.0991,0.0991,0.4354
40.334,1.0956,1.0956,-0.0295,-0.6963,-0.6963,0.0000,0.0991,0.0991,0.4353
40.339,1.0957,1.0957,-0.0294,-0.6870,-0.6870,0.0000,0.0991,0.0991,0.4352
40.345,1.0927,1.0927,-0.0293,-0.6870,-0.6870,0.0000,0.0107,0.0107,0.4350
40.350,1.0928,1.0928,-0.0292,-0.6805,-0.6805,0.0000,0.0107,0.0107,0.4349
40.354,1.0928,1.0928,-0.0291,-0.6744,-0.6744,0.0000,0.0107,0.0107,0.4347
40.357,1.0929,1.0929,-0.0290,-0.6700,-0.6700,0.0000,0.0107,0.0107,0.4346
40.361,1.0929,1.0929,-0.0289,-0.6659,-0.6659,0.0000,0.0107,0.0107,0.4345
40.364,1.0895,1.0895,-0.0289,-0.6636,-0.6636,0.0000,-0.1034,-0.1034,0.4344
40.369,1.0896,1.0896,-0.0288,-0.6583,-0.6583,0.0000,-0.1034,-0.1034,0.4343
40.373,1.0896,1.0896,-0.0287,-0.6540,-0.6540,0.0000,-0.1034,-0.1034,0.4341
40.376,1.0897,1.0897,-0.0286,-0.6501,-0.6501,0.0000,-0.1034,-0.1034,0.4340
40.380,1.0897,1.0897,-0.0286,-0.6467,-0.6467,0.0000,-0.1034,-0.1034,0.4339
40.384,1.0864,1.0864,-0.0285,-0.6288,-0.6288,0.0000,-0.3171,-0.3171,0.4337
40.388,1.0864,1.0864,-0.0284,-0.6250,-0.6250,0.0000,-0.3171,-0.3171,0.4336
40.392,1.0865,1.0865,-0.0284,-0.6223,-0.6223,0.0000,-0.3171,-0.3171,0.4334
40.395,1.0865,1.0865,-0.0283,-0.6200,-0.6200,0.0000,-0.3171,-0.3171,0.4332
40.398,1.0865,1.0865,-0.0282,-0.6177,-0.6177,0.0000,-0.3171,-0.3171,0.4331
40.403,1.0815,1.0815,-0.0282,-0.6117,-0.6117,0.0000,-0.4252,-0.4252,0.4329
40.407,1.0815,1.0815,-0.0281,-0.6097,-0.6097,0.0000,-0.4252,-0.4252,0.4327
40.410,1.0816,1.0816,-0.0280,-0.6083,-0.6083,0.0000,-0.4252,-0.4252,0.4325
40.414,1.0816,1.0816,-0.0280,-0.6070,-0.6070,0.0000,-0.4252,-0.4252,0.4324
40.419,1.0817,1.0817,-0.0279,-0.6057,-0.6057,0.0000,-0.4252,-0.4252,0.4322
40.427,1.0758,1.0758,-0.0278,-0.5982,-0.5982,0.0000,-0.5305,-0.5305,0.4319
40.432,1.0759,1.0759,-0.0277,-0.5980,-0.5980,0.0000,-0.5305,-0.5305,0.4315
40.435,1.0759,1.0759,-0.0276,-0.5982,-0.5982,0.0000,-0.5305,-0.5305,0.4313
40.439,1.0759,1.0759,-0.0275,-0.5987,-0.5987,0.0000,-0.5305,-0.5305,0.4311
40.442,1.0759,1.0759,-0.0275,-0.5994,-0.5994,0.0000,-0.5305,-0.5305,0.4309
40.446,1.0690,1.0690,-0.0274,-0.5949,-0.5949,0.0000,-0.5932,-0.5932,0.4307
40.450,1.0690,1.0690,-0.0273,-0.5965,-0.5965,0.0000,-0.5932,-0.5932,0.4305
40.454,1.0691,1.0691,-0.0273,-0.5982,-0.5982,0.0000,-0.5932,-0.5932,0.4303
40.457,1.0691,1.0691,-0.0272,-0.5997,-0.5997,0.0000,-0.5932,-0.5932,0.4301
40.460,1.0691,1.0691,-0.0272,-0.6017,-0.6017,0.0000,-0.5932,-0.5932,0.4299
40.464,1.0617,1.0617,-0.0271,-0.5880,-0.5880,0.0000,-0.7076,-0.7076,0.4297
40.468,1.0617,1.0617,-0.0270,-0.5913,-0.5913,0.0000,-0.7076,-0.7076,0.4295
40.472,1.0617,1.0617,-0.0270,-0.5941,-0.5941,0.0000,-0.7076,-0.7076,0.4293
40.475,1.0618,1.0618,-0.0269,-0.5970,-0.5970,0.0000,-0.7076,-0.7076,0.4291
40.478,1.0618,1.0618,-0.0269,-0.6004,-0.6004,0.0000,-0.7076,-0.7076,0.4289
40.484,1.0537,1.0537,-0.0268,-0.5862,-0.5862,0.0000,-0.8163,-0.8163,0.4287
40.490,1.0538,1.0538,-0.0267,-0.5936,-0.5936,0.0000,-0.8163,-0.8163,0.4283
40.497,1.0538,1.0538,-0.0266,-0.6033,-0.6033,0.0000,-0.8163,-0.8163,0.4279
40.501,1.0538,1.0538,-0.0265,-0.6091,-0.6091,0.0000,-0.8163,-0.8163,0.4275
40.504,1.0447,1.0447,-0.0265,-0.5970,-0.5970,0.0000,-0.8474,-0.8474,0.4272
40.508,1.0447,1.0447,-0.0264,-0.6033,-0.6033,0.0000,-0.8474,-0.8474,0.4270
40.512,1.0447,1.0447,-0.0264,-0.6089,-0.6089,0.0000,-0.8474,-0.8474,0.4268
40.515,1.0448,1.0448,-0.0263,-0.6144,-0.6144,0.0000,-0.8474,-0.8474,0.4266
40.519,1.0448,1.0448,-0.0263,-0.6215,-0.6215,0.0000,-0.8474,-0.8474,0.4264
40.523,1.0354,1.0354,-0.0262,-0.6021,-0.6021,0.0000,-0.9381,-0.9381,0.4261
40.531,1.0354,1.0354,-0.0262,-0.6178,-0.6178,0.0000,-0.9381,-0.9381,0.4258
40.535,1.0354,1.0354,-0.0261,-0.6266,-0.6266,0.0000,-0.9381,-0.9381,0.4253
40.539,1.0354,1.0354,-0.0260,-0.6338,-0.6338,0.0000,-0.9381,-0.9381,0.4250
40.542,1.0355,1.0355,-0.0260,-0.6415,-0.6415,0.0000,-0.9381,-0.9381,0.4248
40.545,1.0251,1.0251,-0.0259,-0.6203,-0.6203,0.0000,-0.9838,-0.9838,0.4246
40.550,1.0252,1.0252,-0.0259,-0.6315,-0.6315,0.0000,-0.9838,-0.9838,0.4243
40.554,1.0252,1.0252,-0.0258,-0.6401,-0.6401,0.0000,-0.9838,-0.9838,0.4240
40.557,1.0252,1.0252,-0.0258,-0.6493,-0.6493,0.0000,-0.9838,-0.9838,0.4238
40.561,1.0252,1.0252,-0.0257,-0.6579,-0.6579,0.0000,-0.9838,-0.9838,0.4235
40.564,1.0144,1.0144,-0.0257,-0.6318,-0.6318,0.0000,-1.0555,-1.0555,0.4233
40.569,1.0145,1.0145,-0.0256,-0.6434,-0.6434,0.0000,-1.0555,-1.0555,0.4231
40.572,1.0145,1.0145,-0.0256,-0.6533,-0.6533,0.0000,-1.0555,-1.0555,0.4228
40.576,1.0145,1.0145,-0.0255,-0.6629,-0.6629,0.0000,-1.0555,-1.0555,0.4225
40.579,1.0145,1.0145,-0.0255,-0.6722,-0.6722,0.0000,-1.0555,-1.0555,0.4223
40.583,1.0145,1.0145,-0.0254,-0.6828,-0.6828,0.0000,-1.0555,-1.0555,0.4221
40.586,1.0032,1.0032,-0.0254,-0.6525,-0.6525,0.0000,-1.1385,-1.1385,0.4218
40.590,1.0032,1.0032,-0.0254,-0.6652,-0.6652,0.0000,-1.1385,-1.1385,0.4215
40.593,1.0032,1.0032,-0.0253,-0.6752,-0.6752,0.0000,-1.1385,-1.1385,0.4212
40.597,1.0032,1.0032,-0.0253,-0.6860,-0.6860,0.0000,-1.1385,-1.1385,0.4210
40.601,1.0033,1.0033,-0.0252,-0.6981,-0.6981,0.0000,-1.1385,-1.1385,0.4208
40.605,0.9913,0.9913,-0.0252,-0.6656,-0.6656,0.0000,-1.2173,-1.2173,0.4205
40.609,0.9913,0.9913,-0.0252,-0.6788,-0.6788,0.0000,-1.2173,-1.2173,0.4202
40.612,0.9913,0.9913,-0.0251,-0.6898,-0.6898,0.0000,-1.2173,-1.2173,0.4199
40.615,0.9913,0.9913,-0.0251,-0.7008,-0.7008,0.0000,-1.2173,-1.2173,0.4197
40.619,0.9914,0.9914,-0.0251,-0.7134,-0.7134,0.0000,-1.2173,-1.2173,0.4194
40.622,0.9914,0.9914,-0.0250,-0.7255,-0.7255,0.0000,-1.2173,-1.2173,0.4192
40.625,0.9788,0.9788,-0.0250,-0.6878,-0.6878,0.0000,-1.2901,-1.2901,0.4189
40.629,0.9788,0.9788,-0.0250,-0.7020,-0.7020,0.0000,-1.2901,-1.2901,0.4187
40.635,0.9788,0.9788,-0.0249,-0.7254,-0.7254,0.0000,-1.2901,-1.2901,0.4184
40.644,0.9657,0.9657,-0.0249,-0.7035,-0.7035,0.0000,-1.3682,-1.3682,0.4179
40.651,0.9657,0.9657,-0.0248,-0.7339,-0.7339,0.0000,-1.3682,-1.3682,0.4172
40.655,0.9657,0.9657,-0.0247,-0.7495,-0.7495,0.0000,-1.3682,-1.3682,0.4166
40.659,0.9658,0.9658,-0.0247,-0.7647,-0.7647,0.0000,-1.3682,-1.3682,0.4163
40.663,0.9658,0.9658,-0.0247,-0.7787,-0.7787,0.0000,-1.3682,-1.3682,0.4160
40.666,0.9521,0.9521,-0.0246,-0.7365,-0.7365,0.0000,-1.4393,-1.4393,0.4157
40.671,0.9521,0.9521,-0.0246,-0.7576,-0.7576,0.0000,-1.4393,-1.4393,0.4154
40.675,0.9521,0.9521,-0.0246,-0.7730,-0.7730,0.0000,-1.4393,-1.4393,0.4150
40.678,0.9521,0.9521,-0.0245,-0.7871,-0.7871,0.0000,-1.4393,-1.4393,0.4147
40.683,0.9379,0.9379,-0.0245,-0.7435,-0.7435,0.0000,-1.5114,-1.5114,0.4145
40.687,0.9380,0.9380,-0.0245,-0.7614,-0.7614,0.0000,-1.5114,-1.5114,0.4141
40.690,0.9380,0.9380,-0.0244,-0.7752,-0.7752,0.0000,-1.5114,-1.5114,0.4138
40.693,0.9380,0.9380,-0.0244,-0.7892,-0.7892,0.0000,-1.5114,-1.5114,0.4135
40.696,0.9380,0.9380,-0.0244,-0.8029,-0.8029,0.0000,-1.5114,-1.5114,0.4132
40.701,0.9380,0.9380,-0.0244,-0.8209,-0.8209,0.0000,-1.5114,-1.5114,0.4130
40.704,0.9232,0.9232,-0.0243,-0.7728,-0.7728,0.0000,-1.5712,-1.5712,0.4126
40.708,0.9233,0.9233,-0.0243,-0.7902,-0.7902,0.0000,-1.5712,-1.5712,0.4123
40.711,0.9233,0.9233,-0.0243,-0.8049,-0.8049,0.0000,-1.5712,-1.5712,0.4120
40.715,0.9233,0.9233,-0.0243,-0.8199,-0.8199,0.0000,-1.5712,-1.5712,0.4117
40.718,0.9233,0.9233,-0.0243,-0.8362,-0.8362,0.0000,-1.5712,-1.5712,0.4114
40.722,0.9233,0.9233,-0.0242,-0.8513,-0.8513,0.0000,-1.5712,-1.5712,0.4111
40.725,0.9081,0.9081,-0.0242,-0.7992,-0.7992,0.0000,-1.6273,-1.6273,0.4109
40.729,0.9081,0.9081,-0.0242,-0.8170,-0.8170,0.0000,-1.6273,-1.6273,0.4106
40.733,0.9081,0.9081,-0.0242,-0.8349,-0.8349,0.0000,-1.6273,-1.6273,0.4102
40.737,0.9081,0.9081,-0.0242,-0.8545,-0.8545,0.0000,-1.6273,-1.6273,0.4099
40.741,0.9081,0.9081,-0.0241,-0.8708,-0.8708,0.0000,-1.6273,-1.6273,0.4096
40.745,0.8925,0.8925,-0.0241,-0.8228,-0.8228,0.0000,-1.6825,-1.6825,0.4093
40.753,0.8925,0.8925,-0.0241,-0.8626,-0.8626,0.0000,-1.6825,-1.6825,0.4089
40.757,0.8925,0.8925,-0.0241,-0.8784,-0.8784,0.0000,-1.6825,-1.6825,0.4081
40.760,0.8925,0.8925,-0.0240,-0.8930,-0.8930,0.0000,-1.6825,-1.6825,0.4079
40.763,0.8766,0.8766,-0.0240,-0.8356,-0.8356,0.0000,-1.7498,-1.7498,0.4076
40.767,0.8766,0.8766,-0.0240,-0.8549,-0.8549,0.0000,-1.7498,-1.7498,0.4073
40.771,0.8766,0.8766,-0.0240,-0.8706,-0.8706,0.0000,-1.7498,-1.7498,0.4069
40.774,0.8766,0.8766,-0.0240,-0.8857,-0.8857,0.0000,-1.7498,-1.7498,0.4067
40.777,0.8766,0.8766,-0.0240,-0.9015,-0.9015,0.0000,-1.7498,-1.7498,0.4064
40.781,0.8766,0.8766,-0.0240,-0.9173,-0.9173,0.0000,-1.7498,-1.7498,0.4061
40.785,0.8603,0.8603,-0.0240,-0.8649,-0.8649,0.0000,-1.8087,-1.8087,0.4058
40.790,0.8603,0.8603,-0.0239,-0.8883,-0.8883,0.0000,-1.8087,-1.8087,0.4054
40.794,0.8603,0.8603,-0.0239,-0.9055,-0.9055,0.0000,-1.8087,-1.8087,0.4050
40.799,0.8603,0.8603,-0.0239,-0.9333,-0.9333,0.0000,-1.8087,-1.8087,0.4046
40.804,0.8436,0.8436,-0.0239,-0.8785,-0.8785,0.0000,-1.8575,-1.8575,0.4041
40.808,0.8436,0.8436,-0.0239,-0.8902,-0.8902,0.0000,-1.8575,-1.8575,0.4037
40.811,0.8436,0.8436,-0.0239,-0.8956,-0.8956,0.0000,-1.8575,-1.8575,0.4034
40.815,0.8436,0.8436,-0.0239,-0.8960,-0.8960,0.0000,-1.8575,-1.8575,0.4031
40.818,0.8436,0.8436,-0.0239,-0.8904,-0.8904,0.0000,-1.8575,-1.8575,0.4028
40.822,0.8436,0.8436,-0.0239,-0.8814,-0.8814,0.0000,-1.8575,-1.8575,0.4024
40.825,0.8266,0.8266,-0.0239,-0.7902,-0.7902,0.0000,-1.8953,-1.8953,0.4021
40.829,0.8266,0.8266,-0.0239,-0.7698,-0.7698,0.0000,-1.8953,-1.8953,0.4018
40.832,0.8266,0.8266,-0.0239,-0.7489,-0.7489,0.0000,-1.8953,-1.8953,0.4015
40.837,0.8266,0.8266,-0.0239,-0.7134,-0.7134,0.0000,-1.8953,-1.8953,0.4012
40.840,0.8266,0.8266,-0.0239,-0.6818,-0.6818,0.0000,-1.8953,-1.8953,0.4008
40.843,0.8093,0.8093,-0.0239,-0.5698,-0.5698,0.0000,-1.9283,-1.9283,0.4005
40.848,0.8093,0.8093,-0.0239,-0.5148,-0.5148,0.0000,-1.9283,-1.9283,0.4002
40.855,0.8093,0.8093,-0.0239,-0.4232,-0.4232,0.0000,-1.9283,-1.9283,0.3998
40.859,0.8093,0.8093,-0.0239,-0.3799,-0.3799,0.0000,-1.9283,-1.9283,0.3991
40.862,0.8093,0.8093,-0.0239,-0.3443,-0.3443,0.0000,-1.9283,-1.9283,0.3988
40.866,0.7917,0.7917,-0.0239,-0.2299,-0.2299,0.0000,-1.9432,-1.9432,0.3985
40.870,0.7917,0.7917,-0.0239,-0.1869,-0.1869,0.0000,-1.9432,-1.9432,0.3982
40.874,0.7917,0.7917,-0.0239,-0.1571,-0.1571,0.0000,-1.9432,-1.9432,0.3978
40.877,0.7917,0.7917,-0.0239,-0.1311,-0.1311,0.0000,-1.9432,-1.9432,0.3975
40.880,0.7917,0.7917,-0.0239,-0.1071,-0.1071,0.0000,-1.9432,-1.9432,0.3973
40.884,0.7740,0.7740,-0.0239,-0.0008,-0.0008,0.0000,-1.9326,-1.9326,0.3970
40.888,0.7740,0.7740,-0.0239,0.0281,0.0281,0.0000,-1.9326,-1.9326,0.3967
40.892,0.7740,0.7740,-0.0239,0.0453,0.0453,0.0281,-1.9326,-1.9326,0.3963
40.895,0.7740,0.7740,-0.0239,0.0598,0.0598,0.0453,-1.9326,-1.9326,0.3960
40.898,0.7740,0.7740,-0.0239,0.0723,0.0723,0.0598,-1.9326,-1.9326,0.3957
40.901,0.7740,0.7740,-0.0239,0.0846,0.0846,0.0723,-1.9326,-1.9326,0.3955
40.905,0.7561,0.7561,-0.0239,0.1766,0.1766,0.0846,-1.9098,-1.9098,0.3952
40.909,0.7561,0.7561,-0.0239,0.1846,0.1846,0.1766,-1.9098,-1.9098,0.3949
40.912,0.7561,0.7561,-0.0239,0.1896,0.1896,0.1846,-1.9098,-1.9098,0.3945
40.916,0.7561,0.7561,-0.0239,0.1929,0.1929,0.1896,-1.9098,-1.9098,0.3943
40.920,0.7561,0.7561,-0.0239,0.1939,0.1939,0.1929,-1.9098,-1.9098,0.3940
40.924,0.7383,0.7383,-0.0240,0.2756,0.2756,0.1939,-1.8728,-1.8728,0.3936
40.928,0.7383,0.7383,-0.0240,0.2715,0.2715,0.2756,-1.8728,-1.8728,0.3933
40.932,0.7383,0.7383,-0.0240,0.2659,0.2659,0.2715,-1.8728,-1.8728,0.3930
40.938,0.7383,0.7383,-0.0240,0.2565,0.2565,0.2659,-1.8728,-1.8728,0.3927
40.942,0.7383,0.7383,-0.0240,0.2474,0.2474,0.2565,-1.8728,-1.8728,0.3922
40.946,0.7205,0.7205,-0.0240,0.3225,0.3225,0.2474,-1.8263,-1.8263,0.3919
40.954,0.7205,0.7205,-0.0240,0.2971,0.2971,0.3225,-1.8263,-1.8263,0.3916
40.962,0.7205,0.7205,-0.0241,0.2724,0.2724,0.2971,-1.8263,-1.8263,0.3910
40.966,0.7029,0.7029,-0.0241,0.3440,0.3440,0.2724,-1.7732,-1.7732,0.3904
40.970,0.7029,0.7029,-0.0241,0.3271,0.3271,0.3440,-1.7732,-1.7732,0.3902
40.974,0.7029,0.7029,-0.0242,0.3131,0.3131,0.3271,-1.7732,-1.7732,0.3898
40.978,0.7029,0.7029,-0.0242,0.2963,0.2963,0.3131,-1.7732,-1.7732,0.3896
40.981,0.7029,0.7029,-0.0242,0.2794,0.2794,0.2963,-1.7732,-1.7732,0.3893
40.986,0.6854,0.6854,-0.0242,0.3395,0.3395,0.2794,-1.7257,-1.7257,0.3890
40.991,0.6854,0.6854,-0.0242,0.3151,0.3151,0.3395,-1.7257,-1.7257,0.3887
40.995,0.6854,0.6854,-0.0243,0.2935,0.2935,0.3151,-1.7257,-1.7257,0.3884
40.998,0.6854,0.6854,-0.0243,0.2734,0.2734,0.2935,-1.7257,-1.7257,0.3881
41.003,0.6681,0.6681,-0.0243,0.3329,0.3329,0.2734,-1.6735,-1.6735,0.3879
41.007,0.6681,0.6681,-0.0243,0.3086,0.3086,0.3329,-1.6735,-1.6735,0.3876
41.010,0.6681,0.6681,-0.0244,0.2856,0.2856,0.3086,-1.6735,-1.6735,0.3874
41.014,0.6681,0.6681,-0.0244,0.2633,0.2633,0.2856,-1.6735,-1.6735,0.3871
41.018,0.6681,0.6681,-0.0244,0.2373,0.2373,0.2633,-1.6735,-1.6735,0.3869
41.021,0.6681,0.6681,-0.0244,0.2147,0.2147,0.2373,-1.6735,-1.6735,0.3867
41.025,0.6512,0.6512,-0.0245,0.2739,0.2739,0.2147,-1.6123,-1.6123,0.3865
41.029,0.6512,0.6512,-0.0245,0.2472,0.2472,0.2739,-1.6123,-1.6123,0.3862
41.033,0.6512,0.6512,-0.0245,0.2223,0.2223,0.2472,-1.6123,-1.6123,0.3860
41.037,0.6512,0.6512,-0.0245,0.1955,0.1955,0.2223,-1.6123,-1.6123,0.3858
41.040,0.6512,0.6512,-0.0246,0.1698,0.1698,0.1955,-1.6123,-1.6123,0.3856
41.044,0.6347,0.6347,-0.0246,0.2308,0.2308,0.1698,-1.5262,-1.5262,0.3853
41.048,0.6347,0.6347,-0.0246,0.2018,0.2018,0.2308,-1.5262,-1.5262,0.3852
41.052,0.6348,0.6348,-0.0247,0.1752,0.1752,0.2018,-1.5262,-1.5262,0.3849
41.056,0.6348,0.6348,-0.0247,0.1497,0.1497,0.1752,-1.5262,-1.5262,0.3847
41.060,0.6348,0.6348,-0.0247,0.1169,0.1169,0.1497,-1.5262,-1.5262,0.3845
41.068,0.6190,0.6190,-0.0248,0.1461,0.1461,0.1169,-1.4112,-1.4112,0.3843
41.072,0.6190,0.6190,-0.0248,0.1163,0.1163,0.1461,-1.4112,-1.4112,0.3839
41.076,0.6190,0.6190,-0.0249,0.0928,0.0928,0.1163,-1.4112,-1.4112,0.3837
41.079,0.6190,0.6190,-0.0249,0.0701,0.0701,0.0928,-1.4112,-1.4112,0.3836
41.083,0.6038,0.6038,-0.0249,0.1254,0.1254,0.0701,-1.2868,-1.2868,0.3834
41.089,0.6038,0.6038,-0.0250,0.0804,0.0804,0.1254,-1.2868,-1.2868,0.3833
41.094,0.6038,0.6038,-0.0250,0.0450,0.0450,0.0804,-1.2868,-1.2868,0.3830
41.097,0.6038,0.6038,-0.0251,0.0191,0.0191,0.0450,-1.2868,-1.2868,0.3828
41.104,0.5891,0.5891,-0.0251,0.0510,0.0510,0.0191,-1.1623,-1.1623,0.3827
41.108,0.5891,0.5891,-0.0251,0.0160,0.0160,0.0510,-1.1623,-1.1623,0.3825
41.112,0.5891,0.5891,-0.0252,-0.0114,-0.0114,0.0160,-1.1623,-1.1623,0.3823
41.116,0.5891,0.5891,-0.0252,-0.0379,-0.0379,0.0000,-1.1623,-1.1623,0.3822
41.121,0.5891,0.5891,-0.0253,-0.0777,-0.0777,0.0000,-1.1623,-1.1623,0.3821
41.126,0.5752,0.5752,-0.0253,-0.0303,-0.0303,0.0000,-1.0188,-1.0188,0.3819
41.130,0.5752,0.5752,-0.0254,-0.0612,-0.0612,0.0000,-1.0188,-1.0188,0.3818
41.134,0.5752,0.5752,-0.0254,-0.0879,-0.0879,0.0000,-1.0188,-1.0188,0.3817
41.137,0.5752,0.5752,-0.0254,-0.1150,-0.1150,0.0000,-1.0188,-1.0188,0.3816
41.141,0.5752,0.5752,-0.0255,-0.1412,-0.1412,0.0000,-1.0188,-1.0188,0.3815
41.144,0.5618,0.5618,-0.0255,-0.0848,-0.0848,0.0000,-0.8706,-0.8706,0.3814
41.148,0.5618,0.5618,-0.0256,-0.1123,-0.1123,0.0000,-0.8706,-0.8706,0.3814
41.153,0.5618,0.5618,-0.0256,-0.1432,-0.1432,0.0000,-0.8706,-0.8706,0.3813
41.156,0.5618,0.5618,-0.0256,-0.1655,-0.1655,0.0000,-0.8706,-0.8706,0.3812
41.159,0.5618,0.5618,-0.0257,-0.1877,-0.1877,0.0000,-0.8706,-0.8706,0.3812
41.164,0.5490,0.5490,-0.0257,-0.1391,-0.1391,0.0000,-0.7195,-0.7195,0.3811
41.173,0.5490,0.5490,-0.0258,-0.1991,-0.1991,0.0000,-0.7195,-0.7195,0.3811
41.177,0.5490,0.5490,-0.0259,-0.2264,-0.2264,0.0000,-0.7195,-0.7195,0.3810
41.180,0.5490,0.5490,-0.0259,-0.2492,-0.2492,0.0000,-0.7195,-0.7195,0.3810
41.184,0.5366,0.5366,-0.0259,-0.1971,-0.1971,0.0000,-0.5694,-0.5694,0.3809
41.189,0.5366,0.5366,-0.0260,-0.2274,-0.2274,0.0000,-0.5694,-0.5694,0.3809
41.192,0.5366,0.5366,-0.0260,-0.2496,-0.2496,0.0000,-0.5694,-0.5694,0.3809
41.195,0.5366,0.5366,-0.0261,-0.2725,-0.2725,0.0000,-0.5694,-0.5694,0.3809
41.199,0.5366,0.5366,-0.0261,-0.2945,-0.2945,0.0000,-0.5694,-0.5694,0.3809
41.203,0.5245,0.5245,-0.0261,-0.2443,-0.2443,0.0000,-0.4192,-0.4192,0.3809
41.207,0.5245,0.5245,-0.0262,-0.2703,-0.2703,0.0000,-0.4192,-0.4192,0.3809
41.210,0.5245,0.5245,-0.0262,-0.2934,-0.2934,0.0000,-0.4192,-0.4192,0.3810
41.214,0.5245,0.5245,-0.0263,-0.3166,-0.3166,0.0000,-0.4192,-0.4192,0.3810
41.218,0.5245,0.5245,-0.0263,-0.3448,-0.3448,0.0000,-0.4192,-0.4192,0.3810
41.222,0.5245,0.5245,-0.0264,-0.3674,-0.3674,0.0000,-0.4192,-0.4192,0.3810
41.225,0.5130,0.5130,-0.0264,-0.3117,-0.3117,0.0000,-0.2620,-0.2620,0.3811
41.229,0.5130,0.5130,-0.0265,-0.3405,-0.3405,0.0000,-0.2620,-0.2620,0.3811
41.234,0.5130,0.5130,-0.0265,-0.3657,-0.3657,0.0000,-0.2620,-0.2620,0.3812
41.238,0.5130,0.5130,-0.0266,-0.3946,-0.3946,0.0000,-0.2620,-0.2620,0.3812
41.243,0.5021,0.5021,-0.0266,-0.3463,-0.3463,0.0000,-0.0940,-0.0940,0.3813
41.247,0.5021,0.5021,-0.0267,-0.3708,-0.3708,0.0000,-0.0940,-0.0940,0.3814
41.250,0.5021,0.5021,-0.0267,-0.3925,-0.3925,0.0000,-0.0940,-0.0940,0.3815
41.256,0.5021,0.5021,-0.0268,-0.4279,-0.4279,0.0000,-0.0940,-0.0940,0.3816
41.260,0.5021,0.5021,-0.0268,-0.4469,-0.4469,0.0000,-0.0940,-0.0940,0.3817
41.263,0.4921,0.4921,-0.0269,-0.3922,-0.3922,0.0000,0.0914,0.0914,0.3818
41.267,0.4921,0.4921,-0.0269,-0.4174,-0.4174,0.0000,0.0914,0.0914,0.3819
41.272,0.4921,0.4921,-0.0270,-0.4424,-0.4424,0.0000,0.0914,0.0914,0.3820
41.279,0.4921,0.4921,-0.0270,-0.4811,-0.4811,0.0000,0.0914,0.0914,0.3821
41.283,0.4921,0.4921,-0.0271,-0.5009,-0.5009,0.0000,0.0914,0.0914,0.3823
41.286,0.4829,0.4829,-0.0272,-0.4514,-0.4514,0.0000,0.3017,0.3017,0.3824
41.291,0.4829,0.4829,-0.0272,-0.4742,-0.4742,0.0000,0.3017,0.3017,0.3826
41.294,0.4829,0.4829,-0.0273,-0.4921,-0.4921,0.0000,0.3017,0.3017,0.3828
41.297,0.4829,0.4829,-0.0273,-0.5094,-0.5094,0.0000,0.3017,0.3017,0.3829
41.301,0.4829,0.4829,-0.0274,-0.5298,-0.5298,0.0000,0.3017,0.3017,0.3830
41.304,0.4740,0.4740,-0.0274,-0.4785,-0.4785,0.0000,0.5143,0.5143,0.3832
41.309,0.4740,0.4740,-0.0274,-0.5005,-0.5005,0.0000,0.5143,0.5143,0.3834
41.312,0.4740,0.4740,-0.0275,-0.5177,-0.5177,0.0000,0.5143,0.5143,0.3836
41.315,0.4740,0.4740,-0.0275,-0.5344,-0.5344,0.0000,0.5143,0.5143,0.3837
41.319,0.4740,0.4740,-0.0276,-0.5546,-0.5546,0.0000,0.5143,0.5143,0.3839
41.323,0.4650,0.4650,-0.0276,-0.5072,-0.5072,0.0000,0.7183,0.7183,0.3841
41.327,0.4650,0.4650,-0.0277,-0.5273,-0.5273,0.0000,0.7183,0.7183,0.3843
41.330,0.4650,0.4650,-0.0277,-0.5438,-0.5438,0.0000,0.7183,0.7183,0.3846
41.334,0.4650,0.4650,-0.0278,-0.5639,-0.5639,0.0000,0.7183,0.7183,0.3848
41.339,0.4650,0.4650,-0.0278,-0.5841,-0.5841,0.0000,0.7183,0.7183,0.3850
41.343,0.4560,0.4560,-0.0279,-0.5394,-0.5394,0.0000,0.9101,0.9101,0.3852
41.348,0.4567,0.4567,-0.0280,-0.5632,-0.5632,0.0000,0.9101,0.9101,0.3856
41.353,0.4580,0.4580,-0.0280,-0.5842,-0.5842,0.0000,0.9101,0.9101,0.3859
41.356,0.4594,0.4594,-0.0281,-0.6007,-0.6007,0.0000,0.9101,0.9101,0.3862
41.360,0.4613,0.4613,-0.0281,-0.6161,-0.6161,0.0000,0.9101,0.9101,0.3864
41.363,0.4535,0.4535,-0.0282,-0.5654,-0.5654,0.0000,1.0606,1.0606,0.3867
41.368,0.4581,0.4581,-0.0282,-0.5876,-0.5876,0.0000,1.0606,1.0606,0.3869
41.372,0.4629,0.4629,-0.0283,-0.6055,-0.6055,0.0000,1.0606,1.0606,0.3873
41.377,0.4689,0.4689,-0.0283,-0.6239,-0.6239,0.0000,1.0606,1.0606,0.3876
41.384,0.4720,0.4720,-0.0284,-0.5917,-0.5917,0.0000,1.2049,1.2049,0.3879
41.392,0.4886,0.4886,-0.0285,-0.6231,-0.6231,0.0000,1.2049,1.2049,0.3885
41.397,0.5011,0.5011,-0.0286,-0.6426,-0.6426,0.0000,1.2049,1.2049,0.3891
41.401,0.5128,0.5128,-0.0286,-0.6588,-0.6588,0.0000,1.2049,1.2049,0.3895
41.407,0.5233,0.5233,-0.0287,-0.6211,-0.6211,0.0000,1.3345,1.3345,0.3898
41.412,0.5381,0.5381,-0.0287,-0.6371,-0.6371,0.0000,1.3345,1.3345,0.3904
41.415,0.5512,0.5512,-0.0288,-0.6502,-0.6502,0.0000,1.3345,1.3345,0.3907
41.419,0.5670,0.5670,-0.0288,-0.6648,-0.6648,0.0000,1.3345,1.3345,0.3910
41.422,0.5808,0.5808,-0.0288,-0.6768,-0.6768,0.0000,1.3345,1.3345,0.3913
41.432,0.6188,0.6188,-0.0288,-0.6530,-0.6530,0.0000,1.4492,1.4492,0.3916
41.440,0.6615,0.6615,-0.0289,-0.6819,-0.6819,0.0000,1.4492,1.4492,0.3925
41.451,0.7122,0.7122,-0.0289,-0.6583,-0.6583,0.0000,1.5792,1.5792,0.3932
41.456,0.7451,0.7451,-0.0289,-0.6756,-0.6756,0.0000,1.5792,1.5792,0.3941
41.460,0.7731,0.7731,-0.0289,-0.6893,-0.6893,0.0000,1.5792,1.5792,0.3946
41.466,0.7990,0.7990,-0.0289,-0.6475,-0.6475,0.0000,1.6685,1.6685,0.3950
41.471,0.8354,0.8354,-0.0288,-0.6631,-0.6631,0.0000,1.6685,1.6685,0.3955
41.474,0.8589,0.8589,-0.0288,-0.6726,-0.6726,0.0000,1.6685,1.6685,0.3960
41.478,0.8827,0.8827,-0.0288,-0.6820,-0.6820,0.0000,1.6685,1.6685,0.3963
41.481,0.9081,0.9081,-0.0287,-0.6915,-0.6915,0.0000,1.6685,1.6685,0.3966
41.486,0.9323,0.9323,-0.0287,-0.6469,-0.6469,0.0000,1.7422,1.7422,0.3970
41.493,0.9948,0.9948,-0.0287,-0.6679,-0.6679,0.0000,1.7422,1.7422,0.3974
41.497,1.0228,1.0228,-0.0286,-0.6768,-0.6768,0.0000,1.7422,1.7422,0.3982
41.501,1.0586,1.0586,-0.0285,-0.6877,-0.6877,0.0000,1.7422,1.7422,0.3985
41.505,1.0744,1.0744,-0.0284,-0.6362,-0.6362,0.0000,1.6999,1.6999,0.3989
41.509,1.1106,1.1106,-0.0284,-0.6466,-0.6466,0.0000,1.6999,1.6999,0.3992
41.513,1.1394,1.1394,-0.0283,-0.6545,-0.6545,0.0000,1.6999,1.6999,0.3996
41.517,1.1793,1.1793,-0.0282,-0.6653,-0.6653,0.0000,1.6999,1.6999,0.3999
41.521,1.2110,1.2110,-0.0281,-0.6736,-0.6736,0.0000,1.6999,1.6999,0.4004
41.524,1.2289,1.2289,-0.0280,-0.6228,-0.6228,0.0000,1.6455,1.6455,0.4007
41.528,1.2664,1.2664,-0.0279,-0.6321,-0.6321,0.0000,1.6455,1.6455,0.4010
41.532,1.2973,1.2973,-0.0278,-0.6396,-0.6396,0.0000,1.6455,1.6455,0.4014
41.536,1.3345,1.3345,-0.0277,-0.6485,-0.6485,0.0000,1.6455,1.6455,0.4017
41.541,1.3811,1.3811,-0.0276,-0.6592,-0.6592,0.0000,1.6455,1.6455,0.4020
41.546,1.4112,1.4112,-0.0274,-0.6115,-0.6115,0.0000,1.5833,1.5833,0.4025
41.551,1.4568,1.4568,-0.0273,-0.6214,-0.6214,0.0000,1.5833,1.5833,0.4029
41.554,1.4903,1.4903,-0.0271,-0.6284,-0.6284,0.0000,1.5833,1.5833,0.4033
41.561,1.5481,1.5481,-0.0269,-0.6400,-0.6400,0.0000,1.5833,1.5833,0.4036
41.564,1.5664,1.5664,-0.0267,-0.5898,-0.5898,0.0000,1.5161,1.5161,0.4041
41.568,1.6067,1.6067,-0.0266,-0.5974,-0.5974,0.0000,1.5161,1.5161,0.4044
41.572,1.6385,1.6385,-0.0264,-0.6031,-0.6031,0.0000,1.5161,1.5161,0.4047
41.575,1.6693,1.6693,-0.0262,-0.6086,-0.6086,0.0000,1.5161,1.5161,0.4050
41.578,1.6982,1.6982,-0.0261,-0.6138,-0.6138,0.0000,1.5161,1.5161,0.4052
41.581,1.7265,1.7265,-0.0259,-0.6187,-0.6187,0.0000,1.5161,1.5161,0.4055
41.586,1.7581,1.7581,-0.0258,-0.5709,-0.5709,0.0000,1.4402,1.4402,0.4057
41.594,1.8229,1.8229,-0.0255,-0.5821,-0.5821,0.0000,1.4402,1.4402,0.4061
41.597,1.8498,1.8498,-0.0251,-0.5866,-0.5866,0.0000,1.4402,1.4402,0.4066
41.601,1.8786,1.8786,-0.0250,-0.5915,-0.5915,0.0000,1.4402,1.4402,0.4069
41.604,1.8929,1.8929,-0.0248,-0.5344,-0.5344,0.0000,1.2684,1.2684,0.4071
41.608,1.9223,1.9223,-0.0246,-0.5393,-0.5393,0.0000,1.2684,1.2684,0.4073
41.612,1.9476,1.9476,-0.0244,-0.5435,-0.5435,0.0000,1.2684,1.2684,0.4076
41.615,1.9718,1.9718,-0.0242,-0.5475,-0.5475,0.0000,1.2684,1.2684,0.4078
41.619,1.9994,1.9994,-0.0240,-0.5522,-0.5522,0.0000,1.2684,1.2684,0.4080
41.623,2.0161,2.0161,-0.0237,-0.4946,-0.4946,0.0000,1.0889,1.0889,0.4082
41.627,2.0426,2.0426,-0.0235,-0.4992,-0.4992,0.0000,1.0889,1.0889,0.4084
41.630,2.0640,2.0640,-0.0233,-0.5029,-0.5029,0.0000,1.0889,1.0889,0.4086
41.634,2.0867,2.0867,-0.0231,-0.5069,-0.5069,0.0000,1.0889,1.0889,0.4088
41.638,2.1137,2.1137,-0.0228,-0.5118,-0.5118,0.0000,1.0889,1.0889,0.4090
41.641,2.1349,2.1349,-0.0226,-0.5156,-0.5156,0.0000,1.0889,1.0889,0.4092
41.645,2.1436,2.1436,-0.0223,-0.4710,-0.4710,0.0000,1.0872,1.0872,0.4094
41.648,2.1664,2.1664,-0.0221,-0.4752,-0.4752,0.0000,1.0872,1.0872,0.4096
41.652,2.1894,2.1894,-0.0219,-0.4796,-0.4796,0.0000,1.0872,1.0872,0.4098
41.656,2.2076,2.2076,-0.0216,-0.4830,-0.4830,0.0000,1.0872,1.0872,0.4100
41.659,2.2249,2.2249,-0.0214,-0.4862,-0.4862,0.0000,1.0872,1.0872,0.4101
41.662,2.2431,2.2431,-0.0212,-0.4897,-0.4897,0.0000,1.0872,1.0872,0.4103
41.665,2.2512,2.2512,-0.0210,-0.4264,-0.4264,0.0000,0.8756,0.8756,0.4105
41.670,2.2744,2.2744,-0.0207,-0.4307,-0.4307,0.0000,0.8756,0.8756,0.4106
41.673,2.2906,2.2906,-0.0204,-0.4338,-0.4338,0.0000,0.8756,0.8756,0.4108
41.676,2.3064,2.3064,-0.0202,-0.4368,-0.4368,0.0000,0.8756,0.8756,0.4109
41.679,2.3221,2.3221,-0.0200,-0.4398,-0.4398,0.0000,0.8756,0.8756,0.4110
41.683,2.3302,2.3302,-0.0197,-0.3857,-0.3857,0.0000,0.7759,0.7759,0.4111
41.688,2.3561,2.3561,-0.0195,-0.3905,-0.3905,0.0000,0.7759,0.7759,0.4113
41.697,2.3943,2.3943,-0.0191,-0.3977,-0.3977,0.0000,0.7759,0.7759,0.4114
41.703,2.4127,2.4127,-0.0185,-0.3344,-0.3344,0.0000,0.5779,0.5779,0.4117
41.707,2.4292,2.4292,-0.0180,-0.3374,-0.3374,0.0000,0.5779,0.5779,0.4119
41.713,2.4541,2.4541,-0.0177,-0.3421,-0.3421,0.0000,0.5779,0.5779,0.4120
41.717,2.4700,2.4700,-0.0173,-0.3452,-0.3452,0.0000,0.5779,0.5779,0.4121
41.721,2.4835,2.4835,-0.0170,-0.3478,-0.3478,0.0000,0.5779,0.5779,0.4122
41.724,2.4878,2.4878,-0.0167,-0.2829,-0.2829,0.0000,0.4061,0.4061,0.4123
41.728,2.5049,2.5049,-0.0164,-0.2864,-0.2864,0.0000,0.4061,0.4061,0.4123
41.732,2.5184,2.5184,-0.0161,-0.2893,-0.2893,0.0000,0.4061,0.4061,0.4124
41.736,2.5320,2.5320,-0.0158,-0.2923,-0.2923,0.0000,0.4061,0.4061,0.4124
41.740,2.5436,2.5436,-0.0155,-0.2950,-0.2950,0.0000,0.4061,0.4061,0.4125
41.743,2.5483,2.5483,-0.0152,-0.2250,-0.2250,0.0000,0.2061,0.2061,0.4125
41.748,2.5631,2.5631,-0.0150,-0.2285,-0.2285,0.0000,0.2061,0.2061,0.4126
41.751,2.5746,2.5746,-0.0146,-0.2313,-0.2313,0.0000,0.2061,0.2061,0.4126
41.755,2.5850,2.5850,-0.0143,-0.2339,-0.2339,0.0000,0.2061,0.2061,0.4126
41.758,2.5947,2.5947,-0.0141,-0.2363,-0.2363,0.0000,0.2061,0.2061,0.4126
41.761,2.6055,2.6055,-0.0138,-0.2391,-0.2391,0.0000,0.2061,0.2061,0.4126
41.765,2.6091,2.6091,-0.0135,-0.1810,-0.1810,0.0000,0.1212,0.1212,0.4126
41.770,2.6235,2.6235,-0.0132,-0.1848,-0.1848,0.0000,0.1212,0.1212,0.4126
41.774,2.6325,2.6325,-0.0128,-0.1871,-0.1871,0.0000,0.1212,0.1212,0.4126
41.777,2.6415,2.6415,-0.0125,-0.1894,-0.1894,0.0000,0.1212,0.1212,0.4126
41.780,2.6499,2.6499,-0.0123,-0.1915,-0.1915,0.0000,0.1212,0.1212,0.4126
41.784,2.6519,2.6519,-0.0120,-0.1297,-0.1297,0.0000,0.0297,0.0297,0.4126
41.788,2.6621,2.6621,-0.0117,-0.1324,-0.1324,0.0000,0.0297,0.0297,0.4126
41.791,2.6704,2.6704,-0.0114,-0.1347,-0.1347,0.0000,0.0297,0.0297,0.4126
41.796,2.6815,2.6815,-0.0112,-0.1379,-0.1379,0.0000,0.0297,0.0297,0.4126
41.803,2.6922,2.6922,-0.0108,-0.0763,-0.0763,0.0000,-0.0592,-0.0592,0.4125
41.807,2.7015,2.7015,-0.0102,-0.0791,-0.0791,0.0000,-0.0592,-0.0592,0.4125
41.810,2.7086,2.7086,-0.0099,-0.0813,-0.0813,0.0000,-0.0592,-0.0592,0.4124
41.814,2.7155,2.7155,-0.0096,-0.0835,-0.0835,0.0000,-0.0592,-0.0592,0.4124
41.817,2.7231,2.7231,-0.0094,-0.0860,-0.0860,0.0000,-0.0592,-0.0592,0.4124
41.821,2.7302,2.7302,-0.0091,-0.0885,-0.0885,0.0000,-0.0592,-0.0592,0.4123
41.824,2.7312,2.7312,-0.0088,-0.0174,-0.0174,0.0000,-0.1727,-0.1727,0.4123
41.828,2.7388,2.7388,-0.0085,-0.0202,-0.0202,0.0000,-0.1727,-0.1727,0.4123
41.831,2.7449,2.7449,-0.0082,-0.0224,-0.0224,0.0000,-0.1727,-0.1727,0.4122
41.835,2.7517,2.7517,-0.0080,-0.0251,-0.0251,0.0000,-0.1727,-0.1727,0.4122
41.838,2.7588,2.7588,-0.0077,-0.0279,-0.0279,0.0000,-0.1727,-0.1727,0.4121
41.843,2.7612,2.7612,-0.0074,0.0451,0.0451,0.0000,-0.2836,-0.2836,0.4120
41.848,2.7704,2.7704,-0.0070,0.0411,0.0411,0.0451,-0.2836,-0.2836,0.4120
41.852,2.7773,2.7773,-0.0066,0.0380,0.0380,0.0411,-0.2836,-0.2836,0.4119
41.856,2.7832,2.7832,-0.0063,0.0351,0.0351,0.0380,-0.2836,-0.2836,0.4118
41.859,2.7885,2.7885,-0.0060,0.0326,0.0326,0.0351,-0.2836,-0.2836,0.4117
41.865,2.7922,2.7922,-0.0057,0.1076,0.1076,0.0326,-0.3899,-0.3899,0.4116
41.869,2.7996,2.7996,-0.0053,0.1039,0.1039,0.1076,-0.3899,-0.3899,0.4115
41.873,2.8047,2.8047,-0.0049,0.1014,0.1014,0.1039,-0.3899,-0.3899,0.4114
41.876,2.8093,2.8093,-0.0046,0.0988,0.0988,0.1014,-0.3899,-0.3899,0.4113
41.879,2.8138,2.8138,-0.0044,0.0964,0.0964,0.0988,-0.3899,-0.3899,0.4112
41.882,2.8185,2.8185,-0.0041,0.0938,0.0938,0.0964,-0.3899,-0.3899,0.4112
41.886,2.8184,2.8184,-0.0039,0.1730,0.1730,0.0938,-0.4909,-0.4909,0.4111
41.890,2.8237,2.8237,-0.0036,0.1698,0.1698,0.1730,-0.4909,-0.4909,0.4110
41.893,2.8280,2.8280,-0.0033,0.1672,0.1672,0.1698,-0.4909,-0.4909,0.4109
41.896,2.8324,2.8324,-0.0030,0.1647,0.1647,0.1672,-0.4909,-0.4909,0.4108
41.900,2.8374,2.8374,-0.0027,0.1616,0.1616,0.1647,-0.4909,-0.4909,0.4107
41.906,2.8389,2.8389,-0.0024,0.2418,0.2418,0.1616,-0.5854,-0.5854,0.4106
41.915,2.8502,2.8502,-0.0020,0.2335,0.2335,0.2418,-0.5854,-0.5854,0.4104
41.919,2.8547,2.8547,-0.0013,0.2301,0.2301,0.2335,-0.5854,-0.5854,0.4101
41.923,2.8546,2.8546,-0.0010,0.3178,0.3178,0.2301,-0.6974,-0.6974,0.4099
41.927,2.8592,2.8592,-0.0007,0.3138,0.3138,0.3178,-0.6974,-0.6974,0.4098
41.930,2.8628,2.8628,-0.0004,0.3107,0.3107,0.3138,-0.6974,-0.6974,0.4096
41.934,2.8670,2.8670,-0.0001,0.3068,0.3068,0.3107,-0.6974,-0.6974,0.4095
41.938,2.8705,2.8705,0.0002,0.3036,0.3036,0.3068,-0.6974,-0.6974,0.4094
41.941,2.8738,2.8738,0.0005,0.3005,0.3005,0.3036,-0.6974,-0.6974,0.4092
41.945,2.8730,2.8730,0.0007,0.3907,0.3907,0.3005,-0.8032,-0.8032,0.4091
41.949,2.8770,2.8770,0.0010,0.3868,0.3868,0.3907,-0.8032,-0.8032,0.4090
41.953,2.8805,2.8805,0.0013,0.3833,0.3833,0.3868,-0.8032,-0.8032,0.4088
41.956,2.8836,2.8836,0.0016,0.3802,0.3802,0.3833,-0.8032,-0.8032,0.4086
41.959,2.8864,2.8864,0.0019,0.3770,0.3770,0.3802,-0.8032,-0.8032,0.4085
41.962,2.8894,2.8894,0.0021,0.3737,0.3737,0.3770,-0.8032,-0.8032,0.4083
41.966,2.8887,2.8887,0.0024,0.4653,0.4653,0.3737,-0.8991,-0.8991,0.4082
41.971,2.8927,2.8927,0.0027,0.4602,0.4602,0.4653,-0.8991,-0.8991,0.4080
41.974,2.8954,2.8954,0.0030,0.4569,0.4569,0.4602,-0.8991,-0.8991,0.4078
41.979,2.8997,2.8997,0.0033,0.4514,0.4514,0.4569,-0.8991,-0.8991,0.4077
41.984,2.8994,2.8994,0.0037,0.5435,0.5435,0.4514,-0.9853,-0.9853,0.4074
41.988,2.9026,2.9026,0.0040,0.5390,0.5390,0.5435,-0.9853,-0.9853,0.4072
41.992,2.9053,2.9053,0.0043,0.5349,0.5349,0.5390,-0.9853,-0.9853,0.4070
41.997,2.9088,2.9088,0.0046,0.5295,0.5295,0.5349,-0.9853,-0.9853,0.4068
42.002,2.9127,2.9127,0.0050,0.5233,0.5233,0.5295,-0.9853,-0.9853,0.4066
42.006,2.9127,2.9127,0.0054,0.6254,0.6254,0.5233,-1.1069,-1.1069,0.4063
42.012,2.9167,2.9167,0.0057,0.6182,0.6182,0.6254,-1.1069,-1.1069,0.4061
42.020,2.9216,2.9216,0.0061,0.6087,0.6087,0.6182,-1.1069,-1.1069,0.4058
42.024,2.9218,2.9218,0.0067,0.7108,0.7108,0.6087,-1.2171,-1.2171,0.4054
42.028,2.9242,2.9242,0.0070,0.7060,0.7060,0.7108,-1.2171,-1.2171,0.4051
42.031,2.9261,2.9261,0.0072,0.7019,0.7019,0.7060,-1.2171,-1.2171,0.4049
42.035,2.9284,2.9284,0.0075,0.6972,0.6972,0.7019,-1.2171,-1.2171,0.4047
42.038,2.9303,2.9303,0.0078,0.6928,0.6928,0.6972,-1.2171,-1.2171,0.4045
42.044,2.9310,2.9310,0.0080,0.7996,0.7996,0.6928,-1.2924,-1.2924,0.4043
42.048,2.9331,2.9331,0.0084,0.7941,0.7941,0.7996,-1.2924,-1.2924,0.4039
42.051,2.9350,2.9350,0.0087,0.7892,0.7892,0.7941,-1.2924,-1.2924,0.4037
42.055,2.9368,2.9368,0.0090,0.7845,0.7845,0.7892,-1.2924,-1.2924,0.4035
42.059,2.9386,2.9386,0.0092,0.7796,0.7796,0.7845,-1.2924,-1.2924,0.4032
42.062,2.9402,2.9402,0.0095,0.7749,0.7749,0.7796,-1.2924,-1.2924,0.4030
42.065,2.9400,2.9400,0.0097,0.8744,0.8744,0.7749,-1.3578,-1.3578,0.4028
42.069,2.9420,2.9420,0.0099,0.8687,0.8687,0.8744,-1.3578,-1.3578,0.4026
42.074,2.9439,2.9439,0.0103,0.8630,0.8630,0.8687,-1.3578,-1.3578,0.4023
42.077,2.9454,2.9454,0.0105,0.8583,0.8583,0.8630,-1.3578,-1.3578,0.4021
42.080,2.9467,2.9467,0.0108,0.8540,0.8540,0.8583,-1.3578,-1.3578,0.4019
42.084,2.9469,2.9469,0.0110,0.9525,0.9525,0.8540,-1.4052,-1.4052,0.4017
42.088,2.9486,2.9486,0.0113,0.9460,0.9460,0.9525,-1.4052,-1.4052,0.4014
42.091,2.9499,2.9499,0.0116,0.9414,0.9414,0.9460,-1.4052,-1.4052,0.4012
42.094,2.9512,2.9512,0.0118,0.9367,0.9367,0.9414,-1.4052,-1.4052,0.4009
42.098,2.9524,2.9524,0.0120,0.9322,0.9322,0.9367,-1.4052,-1.4052,0.4007
42.101,2.9538,2.9538,0.0122,0.9264,0.9264,0.9322,-1.4052,-1.4052,0.4005
42.106,2.9546,2.9546,0.0125,1.0210,1.0210,0.9264,-1.4358,-1.4358,0.4003
42.111,2.9564,2.9564,0.0128,1.0135,1.0135,1.0210,-1.4358,-1.4358,0.4000
42.116,2.9581,2.9581,0.0132,1.0047,1.0047,1.0135,-1.4358,-1.4358,0.3997
42.124,2.9602,2.9602,0.0135,1.0930,1.0930,1.0047,-1.4546,-1.4546,0.3993
42.129,2.9617,2.9617,0.0141,1.0851,1.0851,1.0930,-1.4546,-1.4546,0.3988
42.133,2.9629,2.9629,0.0144,1.0791,1.0791,1.0851,-1.4546,-1.4546,0.3985
42.138,2.9646,2.9646,0.0146,1.0702,1.0702,1.0791,-1.4546,-1.4546,0.3983
42.143,2.9657,2.9657,0.0150,1.1627,1.1627,1.0702,-1.4468,-1.4468,0.3979
42.150,2.9675,2.9675,0.0153,1.1520,1.1520,1.1627,-1.4468,-1.4468,0.3976
42.155,2.9690,2.9690,0.0157,1.1428,1.1428,1.1520,-1.4468,-1.4468,0.3972
42.158,2.9699,2.9699,0.0161,1.1371,1.1371,1.1428,-1.4468,-1.4468,0.3969
42.161,2.9707,2.9707,0.0163,1.1311,1.1311,1.1371,-1.4468,-1.4468,0.3967
42.165,2.9719,2.9719,0.0165,1.2261,1.2261,1.1311,-1.4404,-1.4404,0.3965
42.172,2.9739,2.9739,0.0167,1.2081,1.2081,1.2261,-1.4404,-1.4404,0.3963
42.176,2.9748,2.9748,0.0172,1.1998,1.1998,1.2081,-1.4404,-1.4404,0.3958
42.179,2.9756,2.9756,0.0175,1.1927,1.1927,1.1998,-1.4404,-1.4404,0.3956
42.184,2.9777,2.9777,0.0177,1.2916,1.2916,1.1927,-1.4490,-1.4490,0.3954
42.188,2.9786,2.9786,0.0180,1.2834,1.2834,1.2916,-1.4490,-1.4490,0.3951
42.191,2.9793,2.9793,0.0182,1.2757,1.2757,1.2834,-1.4490,-1.4490,0.3949
42.197,2.9806,2.9806,0.0184,1.2612,1.2612,1.2757,-1.4490,-1.4490,0.3947
42.206,2.9839,2.9839,0.0188,1.3433,1.3433,1.2612,-1.4136,-1.4136,0.3943
42.212,2.9849,2.9849,0.0194,1.3320,1.3320,1.3433,-1.4136,-1.4136,0.3938
42.215,2.9856,2.9856,0.0197,1.3207,1.3207,1.3320,-1.4136,-1.4136,0.3935
42.219,2.9863,2.9863,0.0200,1.3090,1.3090,1.3207,-1.4136,-1.4136,0.3933
42.224,2.9892,2.9892,0.0202,1.3996,1.3996,1.3090,-1.3730,-1.3730,0.3931
42.233,2.9908,2.9908,0.0205,1.3836,1.3836,1.3996,-1.3730,-1.3730,0.3928
42.237,2.9914,2.9914,0.0211,1.3727,1.3727,1.3836,-1.3730,-1.3730,0.3924
42.240,2.9920,2.9920,0.0213,1.3640,1.3640,1.3727,-1.3730,-1.3730,0.3921
42.244,2.9953,2.9953,0.0215,1.4580,1.4580,1.3640,-1.3223,-1.3223,0.3920
42.248,2.9959,2.9959,0.0218,1.4474,1.4474,1.4580,-1.3223,-1.3223,0.3918
42.252,2.9965,2.9965,0.0220,1.4372,1.4372,1.4474,-1.3223,-1.3223,0.3916
42.256,2.9970,2.9970,0.0223,1.4290,1.4290,1.4372,-1.3223,-1.3223,0.3913
42.259,2.9975,2.9975,0.0225,1.4212,1.4212,1.4290,-1.3223,-1.3223,0.3912
42.263,3.0013,3.0013,0.0227,1.5184,1.5184,1.4212,-1.2613,-1.2613,0.3910
42.267,3.0019,3.0019,0.0229,1.5089,1.5089,1.5184,-1.2613,-1.2613,0.3908
42.271,3.0024,3.0024,0.0231,1.5005,1.5005,1.5089,-1.2613,-1.2613,0.3907
42.275,3.0030,3.0030,0.0234,1.4915,1.4915,1.5005,-1.2613,-1.2613,0.3905
42.278,3.0035,3.0035,0.0236,1.4838,1.4838,1.4915,-1.2613,-1.2613,0.3903
42.282,3.0039,3.0039,0.0238,1.4770,1.4770,1.4838,-1.2613,-1.2613,0.3901
42.286,3.0084,3.0084,0.0240,1.5709,1.5709,1.4770,-1.1924,-1.1924,0.3900
42.290,3.0089,3.0089,0.0243,1.5633,1.5633,1.5709,-1.1924,-1.1924,0.3898
42.293,3.0094,3.0094,0.0245,1.5522,1.5522,1.5633,-1.1924,-1.1924,0.3896
42.298,3.0099,3.0099,0.0247,1.5385,1.5385,1.5522,-1.1924,-1.1924,0.3895
42.303,3.0153,3.0153,0.0250,1.6303,1.6303,1.5385,-1.1011,-1.1011,0.3893
42.308,3.0159,3.0159,0.0253,1.6127,1.6127,1.6303,-1.1011,-1.1011,0.3891
42.312,3.0162,3.0162,0.0256,1.6029,1.6029,1.6127,-1.1011,-1.1011,0.3889
42.315,3.0166,3.0166,0.0258,1.5922,1.5922,1.6029,-1.1011,-1.1011,0.3888
42.322,3.0173,3.0173,0.0260,1.5717,1.5717,1.5922,-1.1011,-1.1011,0.3887
42.325,3.0233,3.0233,0.0264,1.6644,1.6644,1.5717,-0.9493,-0.9493,0.3884
42.329,3.0236,3.0236,0.0266,1.6508,1.6508,1.6644,-0.9493,-0.9493,0.3883
42.334,3.0042,3.0042,0.0268,1.6339,1.6339,1.6508,-0.9493,-0.9493,0.3882
42.342,2.7882,2.7882,0.0271,1.6073,1.6073,1.6339,-0.9493,-0.9493,0.3881
42.345,2.6992,2.6992,0.0274,1.6967,1.6967,1.6073,-0.7585,-0.7585,0.3879
42.350,2.5878,2.5878,0.0276,1.6826,1.6826,1.6967,-0.7585,-0.7585,0.3878
42.354,2.4732,2.4732,0.0277,1.6675,1.6675,1.6826,-0.7585,-0.7585,0.3877
42.357,2.3827,2.3827,0.0278,1.6544,1.6544,1.6675,-0.7585,-0.7585,0.3877
42.360,2.2956,2.2956,0.0279,1.6421,1.6421,1.6544,-0.7585,-0.7585,0.3876
42.363,2.2182,2.2182,0.0280,1.7337,1.7337,1.6421,-0.5260,-0.5260,0.3875
42.369,2.0776,2.0776,0.0280,1.7137,1.7137,1.7337,-0.5260,-0.5260,0.3875
42.372,1.9835,1.9835,0.0281,1.7008,1.7008,1.7137,-0.5260,-0.5260,0.3875
42.375,1.8957,1.8957,0.0281,1.6883,1.6883,1.7008,-0.5260,-0.5260,0.3875
42.379,1.8079,1.8079,0.0281,1.6762,1.6762,1.6883,-0.5260,-0.5260,0.3875
42.382,1.7225,1.7225,0.0281,1.6641,1.6641,1.6762,-0.5260,-0.5260,0.3874
42.386,1.6263,1.6263,0.0281,1.7571,1.7571,1.6641,-0.2905,-0.2905,0.3874
42.390,1.5188,1.5188,0.0280,1.7415,1.7415,1.7571,-0.2905,-0.2905,0.3874
42.393,1.4336,1.4336,0.0279,1.7291,1.7291,1.7415,-0.2905,-0.2905,0.3875
42.396,1.3512,1.3512,0.0278,1.7167,1.7167,1.7291,-0.2905,-0.2905,0.3875
42.400,1.2589,1.2589,0.0278,1.7029,1.7029,1.7167,-0.2905,-0.2905,0.3875
42.405,1.1498,1.1498,0.0276,1.7962,1.7962,1.7029,-0.0574,-0.0574,0.3875
42.409,1.0481,1.0481,0.0275,1.7807,1.7807,1.7962,-0.0574,-0.0574,0.3876
42.412,0.9730,0.9730,0.0273,1.7684,1.7684,1.7807,-0.0574,-0.0574,0.3877
42.416,0.8944,0.8944,0.0271,1.7551,1.7551,1.7684,-0.0574,-0.0574,0.3877
42.419,0.8100,0.8100,0.0270,1.7406,1.7406,1.7551,-0.0574,-0.0574,0.3878
42.423,0.7414,0.7414,0.0268,1.8431,1.8431,1.7406,0.1435,0.1435,0.3878
42.427,0.6564,0.6564,0.0266,1.8277,1.8277,1.8431,0.1435,0.1435,0.3879
42.430,0.5873,0.5873,0.0263,1.8152,1.8152,1.8277,0.1435,0.1435,0.3881
42.435,0.4967,0.4967,0.0261,1.7986,1.7986,1.8152,0.1435,0.1435,0.3881
42.439,0.4049,0.4049,0.0258,1.7803,1.7803,1.7986,0.1435,0.1435,0.3883
42.447,0.2732,0.2732,0.0255,1.8710,1.8710,1.7803,0.3356,0.3356,0.3884
42.453,0.1582,0.1582,0.0249,1.8464,1.8464,1.8710,0.3356,0.3356,0.3886
42.457,0.0806,0.0806,0.0244,1.8292,1.8292,1.8464,0.3356,0.3356,0.3889
42.460,0.0249,0.0249,0.0240,1.8169,1.8169,1.8292,0.3356,0.3356,0.3890
42.465,-0.0324,-0.0324,0.0237,1.9230,1.9230,1.8169,0.5148,0.5148,0.3891
42.469,-0.1087,-0.1087,0.0233,1.9053,1.9053,1.9230,0.5148,0.5148,0.3893
42.475,-0.2017,-0.2017,0.0229,1.8830,1.8830,1.9053,0.5148,0.5148,0.3895
42.478,-0.2549,-0.2549,0.0223,1.8696,1.8696,1.8830,0.5148,0.5148,0.3898
42.482,-0.3074,-0.3074,0.0220,1.8559,1.8559,1.8696,0.5148,0.5148,0.3899
42.486,-0.3534,-0.3534,0.0216,1.9643,1.9643,1.8559,0.6861,0.6861,0.3901
42.489,-0.4096,-0.4096,0.0212,1.9488,1.9488,1.9643,0.6861,0.6861,0.3903
42.493,-0.4596,-0.4596,0.0208,1.9354,1.9354,1.9488,0.6861,0.6861,0.3905
42.497,-0.5166,-0.5166,0.0204,1.9191,1.9191,1.9354,0.6861,0.6861,0.3906
42.501,-0.5725,-0.5725,0.0200,1.9028,1.9028,1.9191,0.6861,0.6861,0.3908
42.504,-0.6038,-0.6038,0.0195,2.0145,2.0145,1.9028,0.8964,0.8964,0.3910
42.508,-0.6554,-0.6554,0.0191,1.9989,1.9989,2.0145,0.8964,0.8964,0.3913
42.512,-0.6994,-0.6994,0.0186,1.9855,1.9855,1.9989,0.8964,0.8964,0.3915
42.515,-0.7413,-0.7413,0.0182,1.9725,1.9725,1.9855,0.8964,0.8964,0.3917
42.519,-0.7880,-0.7880,0.0178,1.9579,1.9579,1.9725,0.8964,0.8964,0.3919
42.522,-0.8266,-0.8266,0.0173,1.9456,1.9456,1.9579,0.8964,0.8964,0.3921
42.527,-0.8645,-0.8645,0.0169,2.0545,2.0545,1.9456,1.1203,1.1203,0.3923
42.531,-0.9184,-0.9184,0.0164,2.0361,2.0361,2.0545,1.1203,1.1203,0.3926
42.536,-0.9660,-0.9660,0.0158,2.0194,2.0194,2.0361,1.1203,1.1203,0.3930
42.540,-1.0089,-1.0089,0.0152,2.0039,2.0039,2.0194,1.1203,1.1203,0.3933
42.545,-1.0460,-1.0460,0.0147,2.1116,2.1116,2.0039,1.3354,1.3354,0.3936
42.554,-1.1379,-1.1379,0.0140,2.0749,2.0749,2.1116,1.3354,1.3354,0.3939
42.558,-1.1814,-1.1814,0.0128,2.0571,2.0571,2.0749,1.3354,1.3354,0.3947
42.562,-1.2214,-1.2214,0.0122,2.0403,2.0403,2.0571,1.3354,1.3354,0.3950
42.567,-1.2477,-1.2477,0.0116,2.1496,2.1496,2.0403,1.5397,1.5397,0.3954
42.573,-1.3067,-1.3067,0.0110,2.1233,2.1233,2.1496,1.5397,1.5397,0.3957
42.578,-1.3468,-1.3468,0.0100,2.1052,2.1052,2.1233,1.5397,1.5397,0.3963
42.583,-1.3740,-1.3740,0.0094,2.2116,2.2116,2.1052,1.7162,1.7162,0.3967
42.589,-1.4205,-1.4205,0.0086,2.1893,2.1893,2.2116,1.7162,1.7162,0.3972
42.593,-1.4565,-1.4565,0.0078,2.1715,2.1715,2.1893,1.7162,1.7162,0.3978
42.598,-1.4952,-1.4952,0.0071,2.1519,2.1519,2.1715,1.7162,1.7162,0.3982
42.606,-1.5382,-1.5382,0.0064,2.2457,2.2457,2.1519,1.8746,1.8746,0.3987
42.613,-1.5841,-1.5841,0.0052,2.2197,2.2197,2.2457,1.8746,1.8746,0.3994
42.617,-1.6159,-1.6159,0.0043,2.2011,2.2011,2.2197,1.8746,1.8746,0.4001
42.623,-1.6386,-1.6386,0.0036,2.3006,2.3006,2.2011,2.0147,2.0147,0.4006
42.631,-1.6933,-1.6933,0.0027,2.2649,2.2649,2.3006,2.0147,2.0147,0.4012
42.637,-1.7293,-1.7293,0.0014,2.2407,2.2407,2.2649,2.0147,2.0147,0.4021
42.641,-1.7526,-1.7526,0.0005,2.2249,2.2249,2.2407,2.0147,2.0147,0.4027
42.646,-1.7638,-1.7638,-0.0001,2.3267,2.3267,2.2249,2.1365,2.1365,0.4031
42.651,-1.7922,-1.7922,-0.0008,2.3065,2.3065,2.3267,2.1365,2.1365,0.4036
42.656,-1.8225,-1.8225,-0.0015,2.2844,2.2844,2.3065,2.1365,2.1365,0.4041
42.664,-1.8472,-1.8472,-0.0024,2.3724,2.3724,2.2844,2.2707,2.2707,0.4048
42.670,-1.8788,-1.8788,-0.0035,2.3474,2.3474,2.3724,2.2707,2.2707,0.4056
42.674,-1.8991,-1.8991,-0.0045,2.3310,2.3310,2.3474,2.2707,2.2707,0.4063
42.678,-1.9164,-1.9164,-0.0052,2.3164,2.3164,2.3310,2.2707,2.2707,0.4068
42.682,-1.9354,-1.9354,-0.0058,2.2998,2.2998,2.3164,2.2707,2.2707,0.4072
42.687,-1.9428,-1.9428,-0.0064,2.3949,2.3949,2.2998,2.3955,2.3955,0.4077
42.691,-1.9628,-1.9628,-0.0071,2.3759,2.3759,2.3949,2.3955,2.3955,0.4082
42.695,-1.9778,-1.9778,-0.0079,2.3611,2.3611,2.3759,2.3955,2.3955,0.4088
42.700,-1.9982,-1.9982,-0.0084,2.3404,2.3404,2.3611,2.3955,2.3955,0.4092
42.704,-2.0043,-2.0043,-0.0092,2.4249,2.4249,2.3404,2.3753,2.3753,0.4098
42.708,-2.0204,-2.0204,-0.0098,2.4079,2.4079,2.4249,2.3753,2.3753,0.4102
42.712,-2.0367,-2.0367,-0.0105,2.3903,2.3903,2.4079,2.3753,2.3753,0.4107
42.717,-2.0522,-2.0522,-0.0112,2.3731,2.3731,2.3903,2.3753,2.3753,0.4112
42.720,-2.0657,-2.0657,-0.0118,2.3580,2.3580,2.3731,2.3753,2.3753,0.4117
42.724,-2.0683,-2.0683,-0.0124,2.4353,2.4353,2.3580,2.2289,2.2289,0.4121
42.728,-2.0816,-2.0816,-0.0129,2.4199,2.4199,2.4353,2.2289,2.2289,0.4125
42.732,-2.0962,-2.0962,-0.0135,2.4026,2.4026,2.4199,2.2289,2.2289,0.4129
42.736,-2.1109,-2.1109,-0.0142,2.3847,2.3847,2.4026,2.2289,2.2289,0.4133
42.740,-2.1225,-2.1225,-0.0149,2.3704,2.3704,2.3847,2.2289,2.2289,0.4138
42.744,-2.1257,-2.1257,-0.0155,2.4407,2.4407,2.3704,2.0779,2.0779,0.4142
42.748,-2.1382,-2.1382,-0.0161,2.4238,2.4238,2.4407,2.0779,2.0779,0.4146
42.754,-2.1541,-2.1541,-0.0167,2.4015,2.4015,2.4238,2.0779,2.0779,0.4150
42.759,-2.1704,-2.1704,-0.0176,2.3770,2.3770,2.4015,2.0779,2.0779,0.4155
42.769,-2.1853,-2.1853,-0.0185,2.4186,2.4186,2.3770,1.9194,1.9194,0.4160
42.773,-2.1967,-2.1967,-0.0199,2.3995,2.3995,2.4186,1.9194,1.9194,0.4168
42.779,-2.2123,-2.2123,-0.0205,2.3722,2.3722,2.3995,1.9194,1.9194,0.4171
42.782,-2.2208,-2.2208,-0.0215,2.3571,2.3571,2.3722,1.9194,1.9194,0.4177
42.786,-2.2182,-2.2182,-0.0220,2.4131,2.4131,2.3571,1.6414,1.6414,0.4180
42.791,-2.2284,-2.2284,-0.0226,2.3944,2.3944,2.4131,1.6414,1.6414,0.4182
42.795,-2.2392,-2.2392,-0.0233,2.3740,2.3740,2.3944,1.6414,1.6414,0.4185
42.799,-2.2482,-2.2482,-0.0240,2.3568,2.3568,2.3740,1.6414,1.6414,0.4189
42.803,-2.2433,-2.2433,-0.0246,2.4107,2.4107,2.3568,1.3725,1.3725,0.4191
42.808,-2.2524,-2.2524,-0.0252,2.3926,2.3926,2.4107,1.3725,1.3725,0.4193
42.811,-2.2601,-2.2601,-0.0258,2.3769,2.3769,2.3926,1.3725,1.3725,0.4196
42.815,-2.2673,-2.2673,-0.0264,2.3616,2.3616,2.3769,1.3725,1.3725,0.4198
42.819,-2.2754,-2.2754,-0.0269,2.3437,2.3437,2.3616,1.3725,1.3725,0.4200
42.824,-2.2712,-2.2712,-0.0275,2.3942,2.3942,2.3437,1.1935,1.1935,0.4202
42.828,-2.2795,-2.2795,-0.0283,2.3739,2.3739,2.3942,1.1935,1.1935,0.4204
42.832,-2.2861,-2.2861,-0.0289,2.3571,2.3571,2.3739,1.1935,1.1935,0.4206
42.836,-2.2938,-2.2938,-0.0295,2.3364,2.3364,2.3571,1.1935,1.1935,0.4208
42.840,-2.3011,-2.3011,-0.0301,2.3159,2.3159,2.3364,1.1935,1.1935,0.4210
42.844,-2.2908,-2.2908,-0.0307,2.3623,2.3623,2.3159,0.9257,0.9257,0.4212
42.849,-2.2984,-2.2984,-0.0313,2.3398,2.3398,2.3623,0.9257,0.9257,0.4213
42.854,-2.3062,-2.3062,-0.0320,2.3163,2.3163,2.3398,0.9257,0.9257,0.4214
42.858,-2.3139,-2.3139,-0.0327,2.2923,2.2923,2.3163,0.9257,0.9257,0.4216
42.863,-2.3022,-2.3022,-0.0334,2.3351,2.3351,2.2923,0.6653,0.6653,0.4217
42.869,-2.3111,-2.3111,-0.0340,2.3063,2.3063,2.3351,0.6653,0.6653,0.4218
42.876,-2.3219,-2.3219,-0.0349,2.2700,2.2700,2.3063,0.6653,0.6653,0.4219
42.880,-2.3270,-2.3270,-0.0360,2.2525,2.2525,2.2700,0.6653,0.6653,0.4220
42.885,-2.3186,-2.3186,-0.0365,2.2979,2.2979,2.2525,0.5549,0.5549,0.4221
42.889,-2.3242,-2.3242,-0.0371,2.2770,2.2770,2.2979,0.5549,0.5549,0.4221
42.892,-2.3287,-2.3287,-0.0378,2.2593,2.2593,2.2770,0.5549,0.5549,0.4222
42.896,-2.3331,-2.3331,-0.0383,2.2409,2.2409,2.2593,0.5549,0.5549,0.4222
42.902,-2.3404,-2.3404,-0.0388,2.2088,2.2088,2.2409,0.5549,0.5549,0.4223
42.908,-2.3330,-2.3330,-0.0396,2.2443,2.2443,2.2088,0.4814,0.4814,0.4223
42.913,-2.3394,-2.3394,-0.0404,2.2127,2.2127,2.2443,0.4814,0.4814,0.4224
42.919,-2.3452,-2.3452,-0.0412,2.1819,2.1819,2.2127,0.4814,0.4814,0.4224
42.923,-2.3342,-2.3342,-0.0419,2.2219,2.2219,2.1819,0.3900,0.3900,0.4225
42.927,-2.3386,-2.3386,-0.0425,2.1981,2.1981,2.2219,0.3900,0.3900,0.4225
42.935,-2.3463,-2.3463,-0.0430,2.1545,2.1545,2.1981,0.3900,0.3900,0.4225
42.939,-2.3501,-2.3501,-0.0441,2.1326,2.1326,2.1545,0.3900,0.3900,0.4225
42.942,-2.3534,-2.3534,-0.0446,2.1129,2.1129,2.1326,0.3900,0.3900,0.4225
42.946,-2.3383,-2.3383,-0.0451,2.1500,2.1500,2.1129,0.2348,0.2348,0.4225
42.951,-2.3426,-2.3426,-0.0456,2.1238,2.1238,2.1500,0.2348,0.2348,0.4225
42.955,-2.3459,-2.3459,-0.0463,2.1034,2.1034,2.1238,0.2348,0.2348,0.4225
42.958,-2.3491,-2.3491,-0.0468,2.0823,2.0823,2.1034,0.2348,0.2348,0.4225
42.963,-2.3340,-2.3340,-0.0473,2.1124,2.1124,2.0823,0.0843,0.0843,0.4224
42.968,-2.3379,-2.3379,-0.0479,2.0838,2.0838,2.1124,0.0843,0.0843,0.4224
42.972,-2.3415,-2.3415,-0.0485,2.0552,2.0552,2.0838,0.0843,0.0843,0.4223
42.979,-2.3465,-2.3465,-0.0491,2.0120,2.0120,2.0552,0.0843,0.0843,0.4223
42.983,-2.3300,-2.3300,-0.0500,2.0396,2.0396,2.0120,-0.0750,-0.0750,0.4222
42.987,-2.3331,-2.3331,-0.0505,2.0100,2.0100,2.0396,-0.0750,-0.0750,0.4221
42.991,-2.3354,-2.3354,-0.0511,1.9879,1.9879,2.0100,-0.0750,-0.0750,0.4220
42.995,-2.3385,-2.3385,-0.0515,1.9564,1.9564,1.9879,-0.0750,-0.0750,0.4220
42.999,-2.3410,-2.3410,-0.0521,1.9305,1.9305,1.9564,-0.0750,-0.0750,0.4219
43.003,-2.3252,-2.3252,-0.0525,1.9572,1.9572,1.9305,-0.2109,-0.2109,0.4218
43.007,-2.3276,-2.3276,-0.0530,1.9306,1.9306,1.9572,-0.2109,-0.2109,0.4217
43.010,-2.3297,-2.3297,-0.0535,1.9079,1.9079,1.9306,-0.2109,-0.2109,0.4216
43.013,-2.3317,-2.3317,-0.0539,1.8858,1.8858,1.9079,-0.2109,-0.2109,0.4215
43.017,-2.3339,-2.3339,-0.0544,1.8610,1.8610,1.8858,-0.2109,-0.2109,0.4214
43.020,-2.3359,-2.3359,-0.0548,1.8381,1.8381,1.8610,-0.2109,-0.2109,0.4213
43.025,-2.3051,-2.3051,-0.0552,1.8593,1.8593,1.8381,-0.6015,-0.6015,0.4212
43.029,-2.3074,-2.3074,-0.0557,1.8305,1.8305,1.8593,-0.6015,-0.6015,0.4210
43.032,-2.3093,-2.3093,-0.0563,1.8066,1.8066,1.8305,-0.6015,-0.6015,0.4209
43.036,-2.3113,-2.3113,-0.0567,1.7791,1.7791,1.8066,-0.6015,-0.6015,0.4207
43.040,-2.3131,-2.3131,-0.0571,1.7530,1.7530,1.7791,-0.6015,-0.6015,0.4205
43.043,-2.2958,-2.2958,-0.0576,1.7742,1.7742,1.7530,-0.7624,-0.7624,0.4204
43.047,-2.2979,-2.2979,-0.0580,1.7411,1.7411,1.7742,-0.7624,-0.7624,0.4202
43.051,-2.2999,-2.2999,-0.0585,1.7083,1.7083,1.7411,-0.7624,-0.7624,0.4200
43.056,-2.3019,-2.3019,-0.0590,1.6717,1.6717,1.7083,-0.7624,-0.7624,0.4198
43.062,-2.3048,-2.3048,-0.0595,1.6160,1.6160,1.6717,-0.7624,-0.7624,0.4195
43.068,-2.2894,-2.2894,-0.0602,1.6105,1.6105,1.6160,-0.9122,-0.9122,0.4192
43.076,-2.2927,-2.2927,-0.0609,1.5395,1.5395,1.6105,-0.9122,-0.9122,0.4189
43.085,-2.2794,-2.2794,-0.0618,1.5042,1.5042,1.5395,-1.0510,-1.0510,0.4184
43.094,-2.2828,-2.2828,-0.0629,1.4268,1.4268,1.5042,-1.0510,-1.0510,0.4178
43.099,-2.2846,-2.2846,-0.0638,1.3814,1.3814,1.4268,-1.0510,-1.0510,0.4173
43.105,-2.2709,-2.2709,-0.0644,1.3700,1.3700,1.3814,-1.1794,-1.1794,0.4169
43.110,-2.2727,-2.2727,-0.0651,1.3171,1.3171,1.3700,-1.1794,-1.1794,0.4165
43.115,-2.2742,-2.2742,-0.0657,1.2700,1.2700,1.3171,-1.1794,-1.1794,0.4162
43.121,-2.2761,-2.2761,-0.0662,1.2068,1.2068,1.2700,-1.1794,-1.1794,0.4158
43.126,-2.2631,-2.2631,-0.0668,1.1945,1.1945,1.2068,-1.2971,-1.2971,0.4154
43.131,-2.2645,-2.2645,-0.0673,1.1382,1.1382,1.1945,-1.2971,-1.2971,0.4151
43.137,-2.2663,-2.2663,-0.0679,1.0680,1.0680,1.1382,-1.2971,-1.2971,0.4147
43.142,-2.2678,-2.2678,-0.0685,1.0015,1.0015,1.0680,-1.2971,-1.2971,0.4143
43.147,-2.2557,-2.2557,-0.0691,0.9909,0.9909,1.0015,-1.4032,-1.4032,0.4139
43.153,-2.1744,-2.1744,-0.0695,0.9136,0.9136,0.9909,-1.4032,-1.4032,0.4135
43.157,-2.1078,-2.1078,-0.0702,0.8606,0.8606,0.9136,-1.4032,-1.4032,0.4130
43.161,-2.0509,-2.0509,-0.0706,0.8132,0.8132,0.8606,-1.4032,-1.4032,0.4127
43.166,-1.9518,-1.9518,-0.0709,0.7860,0.7860,0.8132,-1.5051,-1.5051,0.4125
43.171,-1.8799,-1.8799,-0.0714,0.7445,0.7445,0.7860,-1.5051,-1.5051,0.4120
43.175,-1.8254,-1.8254,-0.0718,0.7210,0.7210,0.7445,-1.5051,-1.5051,0.4116
43.181,-1.7446,-1.7446,-0.0721,0.7043,0.7043,0.7210,-1.5051,-1.5051,0.4113
43.189,-1.6159,-1.6159,-0.0725,0.7583,0.7583,0.7043,-1.5988,-1.5988,0.4108
43.194,-1.5563,-1.5563,-0.0731,0.7792,0.7792,0.7583,-1.5988,-1.5988,0.4101
43.198,-1.4963,-1.4963,-0.0734,0.8133,0.8133,0.7792,-1.5988,-1.5988,0.4098
43.204,-1.4144,-1.4144,-0.0737,0.9085,0.9085,0.8133,-1.6825,-1.6825,0.4094
43.208,-1.3614,-1.3614,-0.0741,0.9649,0.9649,0.9085,-1.6825,-1.6825,0.4089
43.213,-1.3030,-1.3030,-0.0743,1.0393,1.0393,0.9649,-1.6825,-1.6825,0.4085
43.219,-1.2442,-1.2442,-0.0746,1.1123,1.1123,1.0393,-1.6825,-1.6825,0.4081
43.222,-1.2046,-1.2046,-0.0748,1.1605,1.1605,1.1123,-1.6825,-1.6825,0.4076
43.226,-1.1575,-1.1575,-0.0750,1.2385,1.2385,1.1605,-1.7573,-1.7573,0.4073
43.231,-1.0985,-1.0985,-0.0751,1.3065,1.3065,1.2385,-1.7573,-1.7573,0.4070
43.235,-1.0533,-1.0533,-0.0754,1.3569,1.3569,1.3065,-1.7573,-1.7573,0.4065
43.241,-0.9910,-0.9910,-0.0755,1.4237,1.4237,1.3569,-1.7573,-1.7573,0.4062
43.245,-0.9446,-0.9446,-0.0757,1.4941,1.4941,1.4237,-1.8243,-1.8243,0.4056
43.250,-0.9002,-0.9002,-0.0759,1.5384,1.5384,1.4941,-1.8243,-1.8243,0.4053
43.254,-0.8648,-0.8648,-0.0760,1.5724,1.5724,1.5384,-1.8243,-1.8243,0.4049
43.257,-0.8347,-0.8347,-0.0761,1.6004,1.6004,1.5724,-1.8243,-1.8243,0.4045
43.261,-0.7942,-0.7942,-0.0762,1.6363,1.6363,1.6004,-1.8243,-1.8243,0.4043
43.265,-0.7558,-0.7558,-0.0763,1.6916,1.6916,1.6363,-1.8709,-1.8709,0.4039
43.269,-0.7182,-0.7182,-0.0764,1.7218,1.7218,1.6916,-1.8709,-1.8709,0.4035
43.273,-0.6904,-0.6904,-0.0765,1.7432,1.7432,1.7218,-1.8709,-1.8709,0.4031
43.276,-0.6604,-0.6604,-0.0765,1.7649,1.7649,1.7432,-1.8709,-1.8709,0.4029
43.280,-0.6337,-0.6337,-0.0766,1.7833,1.7833,1.7649,-1.8709,-1.8709,0.4025
43.283,-0.5990,-0.5990,-0.0767,1.8282,1.8282,1.7833,-1.9112,-1.9112,0.4022
43.288,-0.5581,-0.5581,-0.0767,1.8519,1.8519,1.8282,-1.9112,-1.9112,0.4019
43.296,-0.4996,-0.4996,-0.0768,1.8796,1.8796,1.8519,-1.9112,-1.9112,0.4014
43.300,-0.4718,-0.4718,-0.0769,1.8913,1.8913,1.8796,-1.9112,-1.9112,0.4008
43.303,-0.4408,-0.4408,-0.0769,1.9251,1.9251,1.8913,-1.9386,-1.9386,0.4004
43.308,-0.4115,-0.4115,-0.0769,1.9340,1.9340,1.9251,-1.9386,-1.9386,0.4001
43.311,-0.3853,-0.3853,-0.0769,1.9403,1.9403,1.9340,-1.9386,-1.9386,0.3997
43.314,-0.3640,-0.3640,-0.0769,1.9443,1.9443,1.9403,-1.9386,-1.9386,0.3994
43.318,-0.3400,-0.3400,-0.0770,1.9473,1.9473,1.9443,-1.9386,-1.9386,0.3991
43.322,-0.3129,-0.3129,-0.0770,1.9486,1.9486,1.9473,-1.9386,-1.9386,0.3988
43.326,-0.2863,-0.2863,-0.0770,1.9705,1.9705,1.9486,-1.9522,-1.9522,0.3984
43.330,-0.2629,-0.2629,-0.0770,1.9685,1.9685,1.9705,-1.9522,-1.9522,0.3981
43.333,-0.2417,-0.2417,-0.0769,1.9654,1.9654,1.9685,-1.9522,-1.9522,0.3978
43.337,-0.2186,-0.2186,-0.0769,1.9599,1.9599,1.9654,-1.9522,-1.9522,0.3975
43.340,-0.1999,-0.1999,-0.0769,1.9541,1.9541,1.9599,-1.9522,-1.9522,0.3971
43.343,-0.1775,-0.1775,-0.0769,1.9675,1.9675,1.9541,-1.9527,-1.9527,0.3969
43.347,-0.1564,-0.1564,-0.0769,1.9578,1.9578,1.9675,-1.9527,-1.9527,0.3966
43.351,-0.1358,-0.1358,-0.0768,1.9467,1.9467,1.9578,-1.9527,-1.9527,0.3962
43.363,-0.0662,-0.0662,-0.0768,1.9079,1.9079,1.9467,-1.9242,-1.9242,0.3959
43.371,-0.0249,-0.0249,-0.0767,1.8641,1.8641,1.9079,-1.9242,-1.9242,0.3949
43.376,-0.0025,-0.0025,-0.0765,1.8374,1.8374,1.8641,-1.9242,-1.9242,0.3942
43.379,0.0129,0.0129,-0.0765,1.8175,1.8175,1.8374,-1.9242,-1.9242,0.3938
43.383,0.0322,0.0322,-0.0764,1.8103,1.8103,1.8175,-1.8817,-1.8817,0.3936
43.388,0.0550,0.0550,-0.0764,1.7747,1.7747,1.8103,-1.8817,-1.8817,0.3933
43.395,0.0873,0.0873,-0.0763,1.7166,1.7166,1.7747,-1.8817,-1.8817,0.3929
43.402,0.1187,0.1187,-0.0761,1.6516,1.6516,1.7166,-1.8817,-1.8817,0.3923
43.406,0.1355,0.1355,-0.0760,1.6357,1.6357,1.6516,-1.8291,-1.8291,0.3917
43.410,0.1507,0.1507,-0.0759,1.6004,1.6004,1.6357,-1.8291,-1.8291,0.3915
43.413,0.1631,0.1631,-0.0758,1.5701,1.5701,1.6004,-1.8291,-1.8291,0.3912
43.417,0.1807,0.1807,-0.0758,1.5238,1.5238,1.5701,-1.8291,-1.8291,0.3909
43.421,0.1940,0.1940,-0.0757,1.4869,1.4869,1.5238,-1.8291,-1.8291,0.3906
43.424,0.2090,0.2090,-0.0756,1.4647,1.4647,1.4869,-1.7581,-1.7581,0.3903
43.428,0.2230,0.2230,-0.0755,1.4217,1.4217,1.4647,-1.7581,-1.7581,0.3901
43.432,0.2351,0.2351,-0.0754,1.3829,1.3829,1.4217,-1.7581,-1.7581,0.3898
43.435,0.2482,0.2482,-0.0753,1.3388,1.3388,1.3829,-1.7581,-1.7581,0.3896
43.439,0.2599,0.2599,-0.0752,1.2974,1.2974,1.3388,-1.7581,-1.7581,0.3893
43.442,0.2705,0.2705,-0.0751,1.2585,1.2585,1.2974,-1.7581,-1.7581,0.3891
43.445,0.2847,0.2847,-0.0750,1.2273,1.2273,1.2585,-1.6677,-1.6677,0.3889
43.450,0.2982,0.2982,-0.0749,1.1727,1.1727,1.2273,-1.6677,-1.6677,0.3886
43.453,0.3097,0.3097,-0.0748,1.1249,1.1249,1.1727,-1.6677,-1.6677,0.3884
43.457,0.3193,0.3193,-0.0747,1.0830,1.0830,1.1249,-1.6677,-1.6677,0.3881
43.460,0.3288,0.3288,-0.0746,1.0407,1.0407,1.0830,-1.6677,-1.6677,0.3879
43.464,0.3441,0.3441,-0.0745,0.9955,0.9955,1.0407,-1.5657,-1.5657,0.3877
43.468,0.3573,0.3573,-0.0744,0.9310,0.9310,0.9955,-1.5657,-1.5657,0.3875
43.472,0.3666,0.3666,-0.0743,0.8838,0.8838,0.9310,-1.5657,-1.5657,0.3872
43.475,0.3758,0.3758,-0.0742,0.8362,0.8362,0.8838,-1.5657,-1.5657,0.3871
43.478,0.3853,0.3853,-0.0741,0.7851,0.7851,0.8362,-1.5657,-1.5657,0.3869
43.482,0.3940,0.3940,-0.0740,0.7369,0.7369,0.7851,-1.5657,-1.5657,0.3867
43.485,0.4078,0.4078,-0.0739,0.6893,0.6893,0.7369,-1.4478,-1.4478,0.3865
43.489,0.4178,0.4178,-0.0737,0.6306,0.6306,0.6893,-1.4478,-1.4478,0.3863
43.493,0.4281,0.4281,-0.0736,0.5681,0.5681,0.6306,-1.4478,-1.4478,0.3861
43.498,0.4385,0.4385,-0.0735,0.5030,0.5030,0.5681,-1.4478,-1.4478,0.3859
43.502,0.4478,0.4478,-0.0733,0.4426,0.4426,0.5030,-1.4478,-1.4478,0.3857
43.506,0.4627,0.4627,-0.0732,0.3815,0.3815,0.4426,-1.3138,-1.3138,0.3855
43.515,0.4828,0.4828,-0.0730,0.2406,0.2406,0.3815,-1.3138,-1.3138,0.3853
43.521,0.4956,0.4956,-0.0727,0.1484,0.1484,0.2406,-1.3138,-1.3138,0.3849
43.528,0.5150,0.5150,-0.0725,0.0490,0.0490,0.1484,-1.1669,-1.1669,0.3846
43.532,0.5234,0.5234,-0.0723,-0.0147,-0.0147,0.0490,-1.1669,-1.1669,0.3844
43.536,0.5307,0.5307,-0.0721,-0.0702,-0.0702,0.0000,-1.1669,-1.1669,0.3843
43.539,0.5376,0.5376,-0.0720,-0.1237,-0.1237,0.0000,-1.1669,-1.1669,0.3841
43.545,0.5547,0.5547,-0.0718,-0.2080,-0.2080,0.0000,-1.0087,-1.0087,0.3840
43.550,0.5625,0.5625,-0.0716,-0.2695,-0.2695,0.0000,-1.0087,-1.0087,0.3838
43.553,0.5688,0.5688,-0.0715,-0.3197,-0.3197,0.0000,-1.0087,-1.0087,0.3837
43.558,0.5772,0.5772,-0.0713,-0.3869,-0.3869,0.0000,-1.0087,-1.0087,0.3836
43.563,0.5912,0.5912,-0.0711,-0.4439,-0.4439,0.0000,-0.8369,-0.8369,0.3835
43.567,0.5985,0.5985,-0.0710,-0.5016,-0.5016,0.0000,-0.8369,-0.8369,0.3834
43.571,0.6042,0.6042,-0.0708,-0.5473,-0.5473,0.0000,-0.8369,-0.8369,0.3834
43.574,0.6095,0.6095,-0.0706,-0.5894,-0.5894,0.0000,-0.8369,-0.8369,0.3833
43.577,0.6145,0.6145,-0.0705,-0.6285,-0.6285,0.0000,-0.8369,-0.8369,0.3832
43.580,0.6193,0.6193,-0.0704,-0.6661,-0.6661,0.0000,-0.8369,-0.8369,0.3832
43.584,0.6314,0.6314,-0.0703,-0.7018,-0.7018,0.0000,-0.6500,-0.6500,0.3831
43.590,0.6398,0.6398,-0.0701,-0.7648,-0.7648,0.0000,-0.6500,-0.6500,0.3831
43.594,0.6451,0.6451,-0.0699,-0.8033,-0.8033,0.0000,-0.6500,-0.6500,0.3831
43.597,0.6500,0.6500,-0.0697,-0.8387,-0.8387,0.0000,-0.6500,-0.6500,0.3830
43.601,0.6555,0.6555,-0.0696,-0.8774,-0.8774,0.0000,-0.6500,-0.6500,0.3830
43.605,0.6672,0.6672,-0.0694,-0.9021,-0.9021,0.0000,-0.4522,-0.4522,0.3830
43.610,0.6740,0.6740,-0.0693,-0.9459,-0.9459,0.0000,-0.4522,-0.4522,0.3830
43.618,0.6844,0.6844,-0.0691,-1.0064,-1.0064,0.0000,-0.4522,-0.4522,0.3830
43.622,0.6887,0.6887,-0.0687,-1.0300,-1.0300,0.0000,-0.4522,-0.4522,0.3830
43.625,0.7006,0.7006,-0.0686,-1.0467,-1.0467,0.0000,-0.2447,-0.2447,0.3830
43.629,0.7052,0.7052,-0.0684,-1.0684,-1.0684,0.0000,-0.2447,-0.2447,0.3831
43.633,0.7099,0.7099,-0.0683,-1.0887,-1.0887,0.0000,-0.2447,-0.2447,0.3831
43.637,0.7139,0.7139,-0.0681,-1.1045,-1.1045,0.0000,-0.2447,-0.2447,0.3832
43.641,0.7177,0.7177,-0.0679,-1.1178,-1.1178,0.0000,-0.2447,-0.2447,0.3832
43.644,0.7288,0.7288,-0.0678,-1.1215,-1.1215,0.0000,-0.0314,-0.0314,0.3833
43.649,0.7341,0.7341,-0.0677,-1.1344,-1.1344,0.0000,-0.0314,-0.0314,0.3833
43.653,0.7381,0.7381,-0.0675,-1.1421,-1.1421,0.0000,-0.0314,-0.0314,0.3835
43.656,0.7413,0.7413,-0.0673,-1.1468,-1.1468,0.0000,-0.0314,-0.0314,0.3836
43.659,0.7443,0.7443,-0.0671,-1.1497,-1.1497,0.0000,-0.0314,-0.0314,0.3836
43.663,0.7555,0.7555,-0.0670,-1.1436,-1.1436,0.0000,0.1852,0.1852,0.3837
43.667,0.7597,0.7597,-0.0669,-1.1423,-1.1423,0.0000,0.1852,0.1852,0.3838
43.672,0.7640,0.7640,-0.0667,-1.1379,-1.1379,0.0000,0.1852,0.1852,0.3840
43.676,0.7676,0.7676,-0.0665,-1.1315,-1.1315,0.0000,0.1852,0.1852,0.3841
43.679,0.7706,0.7706,-0.0663,-1.1243,-1.1243,0.0000,0.1852,0.1852,0.3843
43.683,0.7814,0.7814,-0.0662,-1.1070,-1.1070,0.0000,0.4043,0.4043,0.3844
43.687,0.7849,0.7849,-0.0660,-1.0936,-1.0936,0.0000,0.4043,0.4043,0.3845
43.691,0.7878,0.7878,-0.0658,-1.0805,-1.0805,0.0000,0.4043,0.4043,0.3847
43.697,0.7932,0.7932,-0.0657,-1.0485,-1.0485,0.0000,0.4043,0.4043,0.3849
43.702,0.7967,0.7967,-0.0654,-1.0241,-1.0241,0.0000,0.4043,0.4043,0.3852
43.705,0.8072,0.8072,-0.0652,-0.9948,-0.9948,0.0000,0.6242,0.6242,0.3854
43.709,0.8101,0.8101,-0.0650,-0.9699,-0.9699,0.0000,0.6242,0.6242,0.3855
43.714,0.8133,0.8133,-0.0649,-0.9398,-0.9398,0.0000,0.6242,0.6242,0.3858
43.721,0.8185,0.8185,-0.0647,-0.8807,-0.8807,0.0000,0.6242,0.6242,0.3860
43.727,0.8298,0.8298,-0.0643,-0.8258,-0.8258,0.0000,0.8442,0.8442,0.3864
43.733,0.8336,0.8336,-0.0641,-0.7727,-0.7727,0.0000,0.8442,0.8442,0.3867
43.737,0.8362,0.8362,-0.0639,-0.7331,-0.7331,0.0000,0.8442,0.8442,0.3871
43.740,0.8384,0.8384,-0.0637,-0.6981,-0.6981,0.0000,0.8442,0.8442,0.3874
43.744,0.8478,0.8478,-0.0635,-0.6521,-0.6521,0.0000,1.0635,1.0635,0.3876
43.748,0.8503,0.8503,-0.0634,-0.6076,-0.6076,0.0000,1.0635,1.0635,0.3878
43.752,0.8526,0.8526,-0.0632,-0.5646,-0.5646,0.0000,1.0635,1.0635,0.3881
43.756,0.8549,0.8549,-0.0630,-0.5196,-0.5196,0.0000,1.0635,1.0635,0.3884
43.760,0.8568,0.8568,-0.0628,-0.4839,-0.4839,0.0000,1.0635,1.0635,0.3887
43.763,0.8655,0.8655,-0.0627,-0.4383,-0.4383,0.0000,1.2804,1.2804,0.3890
43.768,0.8680,0.8680,-0.0625,-0.3899,-0.3899,0.0000,1.2804,1.2804,0.3892
43.772,0.8700,0.8700,-0.0623,-0.3530,-0.3530,0.0000,1.2804,1.2804,0.3896
43.775,0.8716,0.8716,-0.0622,-0.3226,-0.3226,0.0000,1.2804,1.2804,0.3900
43.778,0.8731,0.8731,-0.0620,-0.2940,-0.2940,0.0000,1.2804,1.2804,0.3902
43.782,0.8748,0.8748,-0.0619,-0.2630,-0.2630,0.0000,1.2804,1.2804,0.3905
43.786,0.8831,0.8831,-0.0617,-0.2159,-0.2159,0.0000,1.4929,1.4929,0.3908
43.790,0.8854,0.8854,-0.0616,-0.1752,-0.1752,0.0000,1.4929,1.4929,0.3911
43.794,0.8871,0.8871,-0.0614,-0.1450,-0.1450,0.0000,1.4929,1.4929,0.3916
43.798,0.8886,0.8886,-0.0612,-0.1188,-0.1188,0.0000,1.4929,1.4929,0.3919
43.802,0.8902,0.8902,-0.0610,-0.0919,-0.0919,0.0000,1.4929,1.4929,0.3922
43.805,0.8976,0.8976,-0.0609,-0.0527,-0.0527,0.0000,1.6971,1.6971,0.3926
43.809,0.8992,0.8992,-0.0607,-0.0251,-0.0251,0.0000,1.6971,1.6971,0.3929
43.812,0.9005,0.9005,-0.0606,-0.0012,-0.0012,0.0000,1.6971,1.6971,0.3933
43.815,0.9018,0.9018,-0.0604,0.0244,0.0244,0.0000,1.6971,1.6971,0.3936
43.821,0.9040,0.9040,-0.0603,0.0697,0.0697,0.0244,1.6971,1.6971,0.3939
43.832,0.9134,0.9134,-0.0600,0.1817,0.1817,0.0697,1.8894,1.8894,0.3945
43.838,0.9154,0.9154,-0.0596,0.2307,0.2307,0.1817,1.8894,1.8894,0.3957
43.841,0.9166,0.9166,-0.0593,0.2600,0.2600,0.2307,1.8894,1.8894,0.3963
43.847,0.9231,0.9231,-0.0592,0.3257,0.3257,0.2600,2.0701,2.0701,0.3966
43.853,0.9249,0.9249,-0.0589,0.3743,0.3743,0.3257,2.0701,2.0701,0.3973
43.857,0.9262,0.9262,-0.0587,0.4097,0.4097,0.3743,2.0701,2.0701,0.3979
43.860,0.9273,0.9273,-0.0585,0.4416,0.4416,0.4097,2.0701,2.0701,0.3983
43.863,0.9322,0.9322,-0.0584,0.4861,0.4861,0.4416,2.2385,2.2385,0.3988
43.868,0.9336,0.9336,-0.0582,0.5290,0.5290,0.4861,2.2385,2.2385,0.3991
43.872,0.9347,0.9347,-0.0580,0.5612,0.5612,0.5290,2.2385,2.2385,0.3997
43.875,0.9356,0.9356,-0.0579,0.5899,0.5899,0.5612,2.2385,2.2385,0.4002
43.878,0.9365,0.9365,-0.0577,0.6174,0.6174,0.5899,2.2385,2.2385,0.4005
43.882,0.9373,0.9373,-0.0576,0.6466,0.6466,0.6174,2.2385,2.2385,0.4009
43.886,0.9422,0.9422,-0.0575,0.7048,0.7048,0.6466,2.4101,2.4101,0.4013
43.891,0.9433,0.9433,-0.0573,0.7430,0.7430,0.7048,2.4101,2.4101,0.4019
43.894,0.9441,0.9441,-0.0571,0.7718,0.7718,0.7430,2.4101,2.4101,0.4024
43.897,0.9449,0.9449,-0.0570,0.8009,0.8009,0.7718,2.4101,2.4101,0.4029
43.901,0.9458,0.9458,-0.0568,0.8334,0.8334,0.8009,2.4101,2.4101,0.4033
43.905,0.9497,0.9497,-0.0567,0.8786,0.8786,0.8334,2.5695,2.5695,0.4037
43.908,0.9506,0.9506,-0.0565,0.9107,0.9107,0.8786,2.5695,2.5695,0.4042
43.912,0.9513,0.9513,-0.0564,0.9394,0.9394,0.9107,2.5695,2.5695,0.4047
43.916,0.9523,0.9523,-0.0562,0.9763,0.9763,0.9394,2.5695,2.5695,0.4051
43.921,0.9533,0.9533,-0.0560,1.0169,1.0169,0.9763,2.5695,2.5695,0.4057
43.929,0.9576,0.9576,-0.0558,1.0959,1.0959,1.0169,2.7240,2.7240,0.4063
43.934,0.9586,0.9586,-0.0555,1.1393,1.1393,1.0959,2.7240,2.7240,0.4073
43.938,0.9594,0.9594,-0.0553,1.1695,1.1695,1.1393,2.7240,2.7240,0.4081
43.941,0.9600,0.9600,-0.0552,1.1971,1.1971,1.1695,2.7240,2.7240,0.4086
43.946,0.9631,0.9631,-0.0550,1.2457,1.2457,1.1971,2.8632,2.8632,0.4090
43.951,0.9641,0.9641,-0.0548,1.2870,1.2870,1.2457,2.8632,2.8632,0.4097
43.955,0.9647,0.9647,-0.0546,1.3157,1.3157,1.2870,2.8632,2.8632,0.4104
43.958,0.9653,0.9653,-0.0545,1.3407,1.3407,1.3157,2.8632,2.8632,0.4109
43.962,0.9660,0.9660,-0.0544,1.3720,1.3720,1.3407,2.8632,2.8632,0.4114
43.966,0.9685,0.9685,-0.0542,1.4136,1.4136,1.3720,2.9801,2.9801,0.4120
43.970,0.9692,0.9692,-0.0540,1.4444,1.4444,1.4136,2.9801,2.9801,0.4125
43.974,0.9697,0.9697,-0.0539,1.4680,1.4680,1.4444,2.9801,2.9801,0.4131
43.979,0.9706,0.9706,-0.0537,1.5066,1.5066,1.4680,2.9801,2.9801,0.4136
43.984,0.9732,0.9732,-0.0535,1.5557,1.5557,1.5066,3.1038,3.1038,0.4143
43.988,0.9737,0.9737,-0.0533,1.5835,1.5835,1.5557,3.1038,3.1038,0.4151
43.992,0.9743,0.9743,-0.0532,1.6083,1.6083,1.5835,3.1038,3.1038,0.4157
43.998,0.9751,0.9751,-0.0530,1.6488,1.6488,1.6083,3.1038,3.1038,0.4162
44.002,0.9756,0.9756,-0.0528,1.6726,1.6726,1.6488,3.1038,3.1038,0.4171
44.005,0.9758,0.9758,-0.0526,1.6993,1.6993,1.6726,2.7929,2.7929,0.4177
44.009,0.9762,0.9762,-0.0525,1.7226,1.7226,1.6993,2.7929,2.7929,0.4181
44.012,0.9766,0.9766,-0.0524,1.7414,1.7414,1.7226,2.7929,2.7929,0.4186
44.016,0.9770,0.9770,-0.0522,1.7609,1.7609,1.7414,2.7929,2.7929,0.4190
44.019,0.9775,0.9775,-0.0521,1.7832,1.7832,1.7609,2.7929,2.7929,0.4194
44.024,0.9785,0.9785,-0.0520,1.8157,1.8157,1.7832,2.6352,2.6352,0.4199
44.028,0.9789,0.9789,-0.0518,1.8389,1.8389,1.8157,2.6352,2.6352,0.4204
44.032,0.9794,0.9794,-0.0516,1.8636,1.8636,1.8389,2.6352,2.6352,0.4208
44.040,0.9802,0.9802,-0.0515,1.9036,1.9036,1.8636,2.6352,2.6352,0.4214
44.043,0.9798,0.9798,-0.0512,1.9265,1.9265,1.9036,2.3408,2.3408,0.4222
44.047,0.9802,0.9802,-0.0511,1.9460,1.9460,1.9265,2.3408,2.3408,0.4226
44.050,0.9806,0.9806,-0.0509,1.9643,1.9643,1.9460,2.3408,2.3408,0.4229
44.055,0.9810,0.9810,-0.0508,1.9867,1.9867,1.9643,2.3408,2.3408,0.4233
44.059,0.9813,0.9813,-0.0506,2.0042,2.0042,1.9867,2.3408,2.3408,0.4238
44.062,0.9817,0.9817,-0.0505,2.0195,2.0195,2.0042,2.3408,2.3408,0.4241
44.065,0.9854,0.9854,-0.0504,2.0398,2.0398,2.0195,2.4746,2.4746,0.4244
44.069,0.9858,0.9858,-0.0503,2.0595,2.0595,2.0398,2.4746,2.4746,0.4248
44.073,0.9860,0.9860,-0.0501,2.0736,2.0736,2.0595,2.4746,2.4746,0.4252
44.076,0.9863,0.9863,-0.0500,2.0871,2.0871,2.0736,2.4746,2.4746,0.4256
44.079,0.9866,0.9866,-0.0499,2.1002,2.1002,2.0871,2.4746,2.4746,0.4259
44.082,0.9868,0.9868,-0.0498,2.1134,2.1134,2.1002,2.4746,2.4746,0.4262
44.087,0.9875,0.9875,-0.0497,2.1360,2.1360,2.1134,2.3331,2.3331,0.4265
44.091,0.9878,0.9878,-0.0495,2.1515,2.1515,2.1360,2.3331,2.3331,0.4270
44.094,0.9880,0.9880,-0.0493,2.1635,2.1635,2.1515,2.3331,2.3331,0.4273
44.097,0.9883,0.9883,-0.0492,2.1756,2.1756,2.1635,2.3331,2.3331,0.4276
44.101,0.9886,0.9886,-0.0491,2.1896,2.1896,2.1756,2.3331,2.3331,0.4279
44.105,0.9866,0.9866,-0.0490,2.2076,2.2076,2.1896,2.0584,2.0584,0.4283
44.109,0.9869,0.9869,-0.0488,2.2212,2.2212,2.2076,2.0584,2.0584,0.4286
44.112,0.9871,0.9871,-0.0487,2.2319,2.2319,2.2212,2.0584,2.0584,0.4289
44.115,0.9873,0.9873,-0.0486,2.2429,2.2429,2.2319,2.0584,2.0584,0.4292
44.120,0.9876,0.9876,-0.0485,2.2573,2.2573,2.2429,2.0584,2.0584,0.4294
44.123,0.9884,0.9884,-0.0483,2.2692,2.2692,2.2573,1.9438,1.9438,0.4298
44.127,0.9887,0.9887,-0.0482,2.2817,2.2817,2.2692,1.9438,1.9438,0.4301
44.136,0.9892,0.9892,-0.0481,2.3062,2.3062,2.2817,1.9438,1.9438,0.4304
44.146,0.9861,0.9861,-0.0478,2.3337,2.3337,2.3062,1.6805,1.6805,0.4310
44.156,0.9867,0.9867,-0.0474,2.3568,2.3568,2.3337,1.6805,1.6805,0.4315
44.160,0.9869,0.9869,-0.0471,2.3660,2.3660,2.3568,1.6805,1.6805,0.4321
44.163,0.9875,0.9875,-0.0470,2.3710,2.3710,2.3660,1.5697,1.5697,0.4323
44.168,0.9877,0.9877,-0.0469,2.3794,2.3794,2.3710,1.5697,1.5697,0.4325
44.171,0.9879,0.9879,-0.0467,2.3857,2.3857,2.3794,1.5697,1.5697,0.4327
44.174,0.9881,0.9881,-0.0466,2.3915,2.3915,2.3857,1.5697,1.5697,0.4329
44.179,0.9883,0.9883,-0.0465,2.3988,2.3988,2.3915,1.5697,1.5697,0.4331
44.183,0.9943,0.9943,-0.0463,2.3946,2.3946,2.3988,1.6175,1.6175,0.4333
44.188,0.9945,0.9945,-0.0462,2.4010,2.4010,2.3946,1.6175,1.6175,0.4335
44.191,0.9946,0.9946,-0.0461,2.4057,2.4057,2.4010,1.6175,1.6175,0.4338
44.195,0.9948,0.9948,-0.0459,2.4097,2.4097,2.4057,1.6175,1.6175,0.4340
44.198,0.9949,0.9949,-0.0458,2.4135,2.4135,2.4097,1.6175,1.6175,0.4341
44.202,0.9951,0.9951,-0.0457,2.4176,2.4176,2.4135,1.6175,1.6175,0.4343
44.205,0.9957,0.9957,-0.0456,2.4150,2.4150,2.4176,1.5233,1.5233,0.4345
44.209,0.9959,0.9959,-0.0455,2.4186,2.4186,2.4150,1.5233,1.5233,0.4346
44.213,0.9960,0.9960,-0.0454,2.4219,2.4219,2.4186,1.5233,1.5233,0.4348
44.217,0.9962,0.9962,-0.0452,2.4246,2.4246,2.4219,1.5233,1.5233,0.4350
44.220,0.9963,0.9963,-0.0451,2.4268,2.4268,2.4246,1.5233,1.5233,0.4352
44.224,0.9976,0.9976,-0.0450,2.4201,2.4201,2.4268,1.4500,1.4500,0.4353
44.227,0.9978,0.9978,-0.0449,2.4218,2.4218,2.4201,1.4500,1.4500,0.4355
44.231,0.9979,0.9979,-0.0448,2.4230,2.4230,2.4218,1.4500,1.4500,0.4356
44.234,0.9980,0.9980,-0.0447,2.4241,2.4241,2.4230,1.4500,1.4500,0.4358
44.238,0.9981,0.9981,-0.0446,2.4248,2.4248,2.4241,1.4500,1.4500,0.4359
44.242,0.9983,0.9983,-0.0445,2.4252,2.4252,2.4248,1.4500,1.4500,0.4361
44.246,1.0071,1.0071,-0.0443,2.4012,2.4012,2.4252,1.5546,1.5546,0.4362
44.254,1.0073,1.0073,-0.0442,2.3996,2.3996,2.4012,1.5546,1.5546,0.4365
44.258,1.0074,1.0074,-0.0439,2.3986,2.3986,2.3996,1.5546,1.5546,0.4368
44.261,1.0075,1.0075,-0.0438,2.3974,2.3974,2.3986,1.5546,1.5546,0.4370
44.264,1.0090,1.0090,-0.0437,2.3840,2.3840,2.3974,1.5003,1.5003,0.4371
44.269,1.0091,1.0091,-0.0436,2.3816,2.3816,2.3840,1.5003,1.5003,0.4373
44.272,1.0092,1.0092,-0.0435,2.3795,2.3795,2.3816,1.5003,1.5003,0.4375
44.275,1.0093,1.0093,-0.0434,2.3772,2.3772,2.3795,1.5003,1.5003,0.4376
44.279,1.0094,1.0094,-0.0433,2.3745,2.3745,2.3772,1.5003,1.5003,0.4377
44.283,1.0106,1.0106,-0.0432,2.3576,2.3576,2.3745,1.4465,1.4465,0.4379
44.289,1.0108,1.0108,-0.0431,2.3515,2.3515,2.3576,1.4465,1.4465,0.4381
44.293,1.0109,1.0109,-0.0429,2.3475,2.3475,2.3515,1.4465,1.4465,0.4383
44.296,1.0109,1.0109,-0.0428,2.3433,2.3433,2.3475,1.4465,1.4465,0.4384
44.302,1.0111,1.0111,-0.0427,2.3343,2.3343,2.3433,1.4465,1.4465,0.4386
44.306,1.0069,1.0069,-0.0425,2.3310,2.3310,2.3343,1.2605,1.2605,0.4388
44.310,1.0070,1.0070,-0.0424,2.3249,2.3249,2.3310,1.2605,1.2605,0.4389
44.313,1.0070,1.0070,-0.0423,2.3195,2.3195,2.3249,1.2605,1.2605,0.4390
44.317,1.0071,1.0071,-0.0422,2.3132,2.3132,2.3195,1.2605,1.2605,0.4391
44.321,1.0072,1.0072,-0.0421,2.3049,2.3049,2.3132,1.2605,1.2605,0.4392
44.324,1.0097,1.0097,-0.0419,2.2827,2.2827,2.3049,1.2418,1.2418,0.4393
44.328,1.0098,1.0098,-0.0418,2.2752,2.2752,2.2827,1.2418,1.2418,0.4394
44.331,1.0098,1.0098,-0.0417,2.2685,2.2685,2.2752,1.2418,1.2418,0.4395
44.335,1.0099,1.0099,-0.0417,2.2602,2.2602,2.2685,1.2418,1.2418,0.4396
44.338,1.0099,1.0099,-0.0415,2.2523,2.2523,2.2602,1.2418,1.2418,0.4397
44.342,1.0100,1.0100,-0.0414,2.2447,2.2447,2.2523,1.2418,1.2418,0.4398
44.345,1.0125,1.0125,-0.0414,2.2213,2.2213,2.2447,1.2328,1.2328,0.4399
44.349,1.0125,1.0125,-0.0413,2.2107,2.2107,2.2213,1.2328,1.2328,0.4400
44.354,1.0126,1.0126,-0.0412,2.1951,2.1951,2.2107,1.2328,1.2328,0.4401
44.362,1.0128,1.0128,-0.0410,2.1734,2.1734,2.1951,1.2328,1.2328,0.4402
44.365,1.0203,1.0203,-0.0408,2.1303,2.1303,2.1734,1.3960,1.3960,0.4404
44.369,1.0203,1.0203,-0.0407,2.1169,2.1169,2.1303,1.3960,1.3960,0.4405
44.373,1.0204,1.0204,-0.0406,2.1056,2.1056,2.1169,1.3960,1.3960,0.4407
44.377,1.0204,1.0204,-0.0405,2.0932,2.0932,2.1056,1.3960,1.3960,0.4408
44.382,1.0205,1.0205,-0.0404,2.0753,2.0753,2.0932,1.3960,1.3960,0.4409
44.386,1.0125,1.0125,-0.0402,2.0876,2.0876,2.0753,1.0220,1.0220,0.4411
44.390,1.0126,1.0126,-0.0401,2.0732,2.0732,2.0876,1.0220,1.0220,0.4412
44.393,1.0126,1.0126,-0.0400,2.0609,2.0609,2.0732,1.0220,1.0220,0.4412
44.396,1.0127,1.0127,-0.0399,2.0476,2.0476,2.0609,1.0220,1.0220,0.4413
44.400,1.0127,1.0127,-0.0398,2.0334,2.0334,2.0476,1.0220,1.0220,0.4413
44.404,1.0236,1.0236,-0.0397,1.9682,1.9682,2.0334,1.3746,1.3746,0.4414
44.407,1.0236,1.0236,-0.0396,1.9523,1.9523,1.9682,1.3746,1.3746,0.4415
44.411,1.0236,1.0236,-0.0395,1.9377,1.9377,1.9523,1.3746,1.3746,0.4416
44.415,1.0237,1.0237,-0.0394,1.9151,1.9151,1.9377,1.3746,1.3746,0.4417
44.419,1.0237,1.0237,-0.0393,1.8966,1.8966,1.9151,1.3746,1.3746,0.4419
44.423,1.0217,1.0217,-0.0392,1.8904,1.8904,1.8966,1.1946,1.1946,0.4420
44.427,1.0218,1.0218,-0.0391,1.8716,1.8716,1.8904,1.1946,1.1946,0.4421
44.430,1.0218,1.0218,-0.0390,1.8545,1.8545,1.8716,1.1946,1.1946,0.4421
44.443,1.0242,1.0242,-0.0389,1.7715,1.7715,1.8545,1.2025,1.2025,0.4422
44.451,1.0242,1.0242,-0.0386,1.7239,1.7239,1.7715,1.2025,1.2025,0.4425
44.457,1.0243,1.0243,-0.0384,1.6851,1.6851,1.7239,1.2025,1.2025,0.4427
44.462,1.0243,1.0243,-0.0382,1.6578,1.6578,1.6851,1.2025,1.2025,0.4428
44.469,1.0348,1.0348,-0.0381,1.5666,1.5666,1.6578,1.5908,1.5908,0.4429
44.474,1.0349,1.0349,-0.0379,1.5336,1.5336,1.5666,1.5908,1.5908,0.4432
44.478,1.0349,1.0349,-0.0378,1.5092,1.5092,1.5336,1.5908,1.5908,0.4434
44.481,1.0349,1.0349,-0.0377,1.4871,1.4871,1.5092,1.5908,1.5908,0.4436
44.484,1.0278,1.0278,-0.0376,1.4941,1.4941,1.4871,1.1913,1.1913,0.4437
44.488,1.0278,1.0278,-0.0375,1.4654,1.4654,1.4941,1.1913,1.1913,0.4438
44.492,1.0278,1.0278,-0.0374,1.4425,1.4425,1.4654,1.1913,1.1913,0.4439
44.495,1.0279,1.0279,-0.0373,1.4192,1.4192,1.4425,1.1913,1.1913,0.4439
44.498,1.0279,1.0279,-0.0373,1.3959,1.3959,1.4192,1.1913,1.1913,0.4440
44.502,1.0279,1.0279,-0.0372,1.3669,1.3669,1.3959,1.1913,1.1913,0.4440
44.506,1.0353,1.0353,-0.0371,1.3058,1.3058,1.3669,1.4385,1.4385,0.4441
44.510,1.0353,1.0353,-0.0370,1.2736,1.2736,1.3058,1.4385,1.4385,0.4443
44.513,1.0354,1.0354,-0.0369,1.2471,1.2471,1.2736,1.4385,1.4385,0.4444
44.516,1.0354,1.0354,-0.0368,1.2175,1.2175,1.2471,1.4385,1.4385,0.4445
44.520,1.0354,1.0354,-0.0367,1.1858,1.1858,1.2175,1.4385,1.4385,0.4446
44.523,1.0278,1.0278,-0.0366,1.1878,1.1878,1.1858,1.0465,1.0465,0.4447
44.527,1.0278,1.0278,-0.0366,1.1545,1.1545,1.1878,1.0465,1.0465,0.4448
44.530,1.0278,1.0278,-0.0365,1.1265,1.1265,1.1545,1.0465,1.0465,0.4448
44.534,1.0279,1.0279,-0.0364,1.0912,1.0912,1.1265,1.0465,1.0465,0.4448
44.538,1.0279,1.0279,-0.0363,1.0532,1.0532,1.0912,1.0465,1.0465,0.4449
44.542,1.0279,1.0279,-0.0362,1.0163,1.0163,1.0532,1.0465,1.0465,0.4449
44.546,1.0408,1.0408,-0.0361,0.9326,0.9326,1.0163,1.5110,1.5110,0.4450
44.550,1.0408,1.0408,-0.0360,0.8840,0.8840,0.9326,1.5110,1.5110,0.4451
44.555,1.0408,1.0408,-0.0359,0.8309,0.8309,0.8840,1.5110,1.5110,0.4453
44.559,1.0408,1.0408,-0.0358,0.7900,0.7900,0.8309,1.5110,1.5110,0.4454
44.564,1.0324,1.0324,-0.0357,0.7639,0.7639,0.7900,1.1143,1.1143,0.4456
44.572,1.0324,1.0324,-0.0356,0.6704,0.6704,0.7639,1.1143,1.1143,0.4457
44.576,1.0324,1.0324,-0.0354,0.6318,0.6318,0.6704,1.1143,1.1143,0.4458
44.579,1.0324,1.0324,-0.0353,0.5935,0.5935,0.6318,1.1143,1.1143,0.4458
44.583,1.0354,1.0354,-0.0352,0.5264,0.5264,0.5935,1.1803,1.1803,0.4459
44.589,1.0354,1.0354,-0.0351,0.4586,0.4586,0.5264,1.1803,1.1803,0.4459
44.593,1.0354,1.0354,-0.0350,0.4044,0.4044,0.4586,1.1803,1.1803,0.4460
44.596,1.0354,1.0354,-0.0349,0.3623,0.3623,0.4044,1.1803,1.1803,0.4461
44.600,1.0354,1.0354,-0.0348,0.3129,0.3129,0.3623,1.1803,1.1803,0.4462
44.604,1.0332,1.0332,-0.0347,0.2720,0.2720,0.3129,1.0201,1.0201,0.4462
44.610,1.0332,1.0332,-0.0347,0.1771,0.1771,0.2720,1.0201,1.0201,0.4463
44.615,1.0333,1.0333,-0.0345,0.1146,0.1146,0.1771,1.0201,1.0201,0.4463
44.619,1.0333,1.0333,-0.0344,0.0541,0.0541,0.1146,1.0201,1.0201,0.4464
44.622,1.0333,1.0333,-0.0343,0.0033,0.0033,0.0541,1.0201,1.0201,0.4464
44.625,1.0318,1.0318,-0.0342,-0.0375,-0.0375,0.0033,0.8756,0.8756,0.4464
44.629,1.0318,1.0318,-0.0342,-0.0972,-0.0972,0.0000,0.8756,0.8756,0.4464
44.633,1.0318,1.0318,-0.0341,-0.1509,-0.1509,0.0000,0.8756,0.8756,0.4464
44.636,1.0319,1.0319,-0.0340,-0.2093,-0.2093,0.0000,0.8756,0.8756,0.4465
44.640,1.0319,1.0319,-0.0339,-0.2616,-0.2616,0.0000,0.8756,0.8756,0.4465
44.643,1.0411,1.0411,-0.0339,-0.3667,-0.3667,0.0000,1.3656,1.3656,0.4465
44.647,1.0411,1.0411,-0.0338,-0.4480,-0.4480,0.0000,1.3656,1.3656,0.4466
44.651,1.0411,1.0411,-0.0337,-0.5178,-0.5178,0.0000,1.3656,1.3656,0.4467
44.655,1.0411,1.0411,-0.0336,-0.5782,-0.5782,0.0000,1.3656,1.3656,0.4468
44.658,1.0411,1.0411,-0.0335,-0.6364,-0.6364,0.0000,1.3656,1.3656,0.4469
44.661,1.0411,1.0411,-0.0335,-0.6960,-0.6960,0.0000,1.3656,1.3656,0.4469
44.664,1.0368,1.0368,-0.0334,-0.7205,-0.7205,0.0000,0.9810,0.9810,0.4470
44.670,1.0368,1.0368,-0.0333,-0.8283,-0.8283,0.0000,0.9810,0.9810,0.4471
44.678,1.0369,1.0369,-0.0332,-0.9980,-0.9980,0.0000,0.9810,0.9810,0.4471
44.682,1.0369,1.0369,-0.0330,-1.0709,-1.0709,0.0000,0.9810,0.9810,0.4471
44.685,1.0388,1.0388,-0.0330,-1.1639,-1.1639,0.0000,1.0528,1.0528,0.4472
44.689,1.0388,1.0388,-0.0329,-1.2470,-1.2470,0.0000,1.0528,1.0528,0.4472
44.693,1.0389,1.0389,-0.0328,-1.3231,-1.3231,0.0000,1.0528,1.0528,0.4472
44.696,1.0389,1.0389,-0.0327,-1.3961,-1.3961,0.0000,1.0528,1.0528,0.4473
44.700,1.0389,1.0389,-0.0327,-1.4764,-1.4764,0.0000,1.0528,1.0528,0.4473
44.703,1.0386,1.0386,-0.0326,-1.5495,-1.5495,0.0000,0.9030,0.9030,0.4473
44.709,1.0387,1.0387,-0.0325,-1.6716,-1.6716,0.0000,0.9030,0.9030,0.4473
44.713,1.0387,1.0387,-0.0324,-1.7693,-1.7693,0.0000,0.9030,0.9030,0.4474
44.717,1.0387,1.0387,-0.0323,-1.8674,-1.8674,0.0000,0.9030,0.9030,0.4474
44.720,1.0387,1.0387,-0.0322,-1.9530,-1.9530,0.0000,0.9030,0.9030,0.4474
44.724,1.0414,1.0414,-0.0322,-2.0734,-2.0734,0.0000,1.2096,1.2096,0.4474
44.727,1.0414,1.0414,-0.0321,-2.1701,-2.1701,0.0000,1.2096,1.2096,0.4474
44.731,1.0414,1.0414,-0.0320,-2.2542,-2.2542,0.0000,1.2096,1.2096,0.4475
44.735,1.0414,1.0414,-0.0320,-2.3497,-2.3497,0.0000,1.2096,1.2096,0.4476
44.756,1.0418,1.0418,-0.0319,-2.8036,-2.8036,0.0000,0.8320,0.8320,0.4476
44.780,0.6900,0.6900,-0.0315,-3.1235,-3.1235,0.0000,0.6971,0.6971,0.4476
44.788,0.3727,0.3727,-0.0314,-3.2150,-3.2150,0.0000,0.7644,0.7644,0.4474
44.793,0.3727,0.3727,-0.0316,-3.2550,-3.2550,0.0000,0.7644,0.7644,0.4473
44.796,0.3727,0.3727,-0.0316,-3.2814,-3.2814,0.0000,0.7644,0.7644,0.4473
44.800,0.3727,0.3727,-0.0317,-3.3113,-3.3113,0.0000,0.7644,0.7644,0.4473
44.804,0.0869,0.0869,-0.0317,-3.3187,-3.3187,0.0000,0.6211,0.6211,0.4473
44.808,0.0869,0.0869,-0.0318,-3.3398,-3.3398,0.0000,0.6211,0.6211,0.4472
44.811,0.0869,0.0869,-0.0319,-3.3542,-3.3542,0.0000,0.6211,0.6211,0.4472
44.815,0.0869,0.0869,-0.0320,-3.3665,-3.3665,0.0000,0.6211,0.6211,0.4472
44.818,0.0869,0.0869,-0.0321,-3.3776,-3.3776,0.0000,0.6211,0.6211,0.4471
44.822,0.0869,0.0869,-0.0322,-3.3849,-3.3849,0.0000,0.6211,0.6211,0.4471
44.826,-0.1692,-0.1692,-0.0323,-3.4078,-3.4078,0.0000,0.9006,0.9006,0.4470
44.831,-0.1691,-0.1691,-0.0325,-3.4093,-3.4093,0.0000,0.9006,0.9006,0.4471
44.835,-0.1691,-0.1691,-0.0327,-3.4081,-3.4081,0.0000,0.9006,0.9006,0.4471
44.839,-0.1691,-0.1691,-0.0328,-3.4027,-3.4027,0.0000,0.9006,0.9006,0.4471
44.843,-0.4007,-0.4007,-0.0330,-3.3806,-3.3806,0.0000,0.5344,0.5344,0.4471
44.847,-0.4007,-0.4007,-0.0332,-3.3687,-3.3687,0.0000,0.5344,0.5344,0.4470
44.852,-0.4007,-0.4007,-0.0334,-3.3541,-3.3541,0.0000,0.5344,0.5344,0.4470
44.856,-0.4006,-0.4006,-0.0336,-3.3392,-3.3392,0.0000,0.5344,0.5344,0.4469
44.859,-0.4006,-0.4006,-0.0338,-3.3255,-3.3255,0.0000,0.5344,0.5344,0.4468
44.862,-0.4006,-0.4006,-0.0340,-3.3101,-3.3101,0.0000,0.5344,0.5344,0.4468
44.866,-0.6050,-0.6050,-0.0342,-3.3183,-3.3183,0.0000,0.8028,0.8028,0.4467
44.870,-0.6050,-0.6050,-0.0344,-3.2922,-3.2922,0.0000,0.8028,0.8028,0.4467
44.874,-0.6050,-0.6050,-0.0346,-3.2718,-3.2718,0.0000,0.8028,0.8028,0.4467
44.877,-0.6050,-0.6050,-0.0348,-3.2506,-3.2506,0.0000,0.8028,0.8028,0.4467
44.881,-0.6049,-0.6049,-0.0350,-3.2183,-3.2183,0.0000,0.8028,0.8028,0.4467
44.889,-0.7899,-0.7899,-0.0353,-3.1586,-3.1586,0.0000,0.4420,0.4420,0.4467
44.894,-0.7899,-0.7899,-0.0358,-3.1130,-3.1130,0.0000,0.4420,0.4420,0.4465
44.899,-0.7899,-0.7899,-0.0362,-3.0738,-3.0738,0.0000,0.4420,0.4420,0.4464
44.903,-0.9511,-0.9511,-0.0365,-3.0713,-3.0713,0.0000,0.6883,0.6883,0.4463
44.907,-0.9511,-0.9511,-0.0368,-3.0351,-3.0351,0.0000,0.6883,0.6883,0.4463
44.913,-0.9511,-0.9511,-0.0370,-2.9715,-2.9715,0.0000,0.6883,0.6883,0.4463
44.917,-0.9511,-0.9511,-0.0375,-2.9320,-2.9320,0.0000,0.6883,0.6883,0.4462
44.921,-0.9511,-0.9511,-0.0378,-2.8964,-2.8964,0.0000,0.6883,0.6883,0.4462
44.924,-1.0951,-1.0951,-0.0381,-2.8861,-2.8861,0.0000,0.5334,0.5334,0.4462
44.928,-1.0951,-1.0951,-0.0383,-2.8453,-2.8453,0.0000,0.5334,0.5334,0.4461
44.931,-1.0951,-1.0951,-0.0386,-2.8116,-2.8116,0.0000,0.5334,0.5334,0.4461
44.934,-1.0951,-1.0951,-0.0389,-2.7715,-2.7715,0.0000,0.5334,0.5334,0.4460
44.938,-1.0951,-1.0951,-0.0392,-2.7323,-2.7323,0.0000,0.5334,0.5334,0.4460
44.942,-1.0951,-1.0951,-0.0394,-2.6855,-2.6855,0.0000,0.5334,0.5334,0.4459
44.945,-1.2214,-1.2214,-0.0398,-2.6781,-2.6781,0.0000,0.3805,0.3805,0.4459
44.950,-1.2214,-1.2214,-0.0401,-2.6295,-2.6295,0.0000,0.3805,0.3805,0.4458
44.953,-1.2214,-1.2214,-0.0404,-2.5878,-2.5878,0.0000,0.3805,0.3805,0.4457
44.956,-1.2214,-1.2214,-0.0407,-2.5492,-2.5492,0.0000,0.3805,0.3805,0.4456
44.960,-1.2214,-1.2214,-0.0410,-2.5114,-2.5114,0.0000,0.3805,0.3805,0.4455
44.963,-1.3314,-1.3314,-0.0412,-2.5118,-2.5118,0.0000,0.2302,0.2302,0.4455
44.967,-1.3314,-1.3314,-0.0415,-2.4611,-2.4611,0.0000,0.2302,0.2302,0.4454
44.970,-1.3314,-1.3314,-0.0419,-2.4178,-2.4178,0.0000,0.2302,0.2302,0.4453
44.974,-1.3314,-1.3314,-0.0422,-2.3704,-2.3704,0.0000,0.2302,0.2302,0.4452
44.978,-1.3314,-1.3314,-0.0425,-2.3274,-2.3274,0.0000,0.2302,0.2302,0.4451
44.982,-1.3314,-1.3314,-0.0428,-2.2679,-2.2679,0.0000,0.2302,0.2302,0.4450
44.990,-1.4279,-1.4279,-0.0432,-2.2328,-2.2328,0.0000,0.6104,0.6104,0.4448
44.994,-1.4279,-1.4279,-0.0439,-2.1825,-2.1825,0.0000,0.6104,0.6104,0.4447
44.997,-1.4279,-1.4279,-0.0442,-2.1402,-2.1402,0.0000,0.6104,0.6104,0.4447
45.001,-1.4279,-1.4279,-0.0445,-2.0936,-2.0936,0.0000,0.6104,0.6104,0.4447
45.004,-1.5083,-1.5083,-0.0449,-2.0910,-2.0910,0.0000,0.2583,0.2583,0.4446
45.008,-1.5083,-1.5083,-0.0452,-2.0415,-2.0415,0.0000,0.2583,0.2583,0.4445
45.011,-1.5083,-1.5083,-0.0456,-2.0015,-2.0015,0.0000,0.2583,0.2583,0.4444
45.014,-1.5083,-1.5083,-0.0459,-1.9593,-1.9593,0.0000,0.2583,0.2583,0.4444
45.018,-1.5083,-1.5083,-0.0462,-1.9121,-1.9121,0.0000,0.2583,0.2583,0.4443
45.021,-1.5083,-1.5083,-0.0465,-1.8707,-1.8707,0.0000,0.2583,0.2583,0.4442
45.024,-1.5760,-1.5760,-0.0468,-1.8809,-1.8809,0.0000,-0.0709,-0.0709,0.4441
45.028,-1.5760,-1.5760,-0.0471,-1.8289,-1.8289,0.0000,-0.0709,-0.0709,0.4440
45.032,-1.5760,-1.5760,-0.0475,-1.7805,-1.7805,0.0000,-0.0709,-0.0709,0.4438
45.037,-1.5760,-1.5760,-0.0478,-1.7132,-1.7132,0.0000,-0.0709,-0.0709,0.4436
45.041,-1.5760,-1.5760,-0.0483,-1.6632,-1.6632,0.0000,-0.0709,-0.0709,0.4434
45.047,-1.6380,-1.6380,-0.0487,-1.6670,-1.6670,0.0000,0.2807,0.2807,0.4432
45.055,-1.6380,-1.6380,-0.0492,-1.5663,-1.5663,0.0000,0.2807,0.2807,0.4431
45.059,-1.6380,-1.6380,-0.0499,-1.5115,-1.5115,0.0000,0.2807,0.2807,0.4429
45.066,-1.6835,-1.6835,-0.0503,-1.4780,-1.4780,0.0000,-0.0506,-0.0506,0.4428
45.073,-1.6835,-1.6835,-0.0510,-1.3951,-1.3951,0.0000,-0.0506,-0.0506,0.4425
45.077,-1.6835,-1.6835,-0.0517,-1.3409,-1.3409,0.0000,-0.0506,-0.0506,0.4422
45.081,-1.6835,-1.6835,-0.0521,-1.2868,-1.2868,0.0000,-0.0506,-0.0506,0.4421
45.087,-1.7252,-1.7252,-0.0525,-1.2977,-1.2977,0.0000,0.1234,0.1234,0.4419
45.093,-1.7252,-1.7252,-0.0530,-1.2260,-1.2260,0.0000,0.1234,0.1234,0.4417
45.102,-1.7252,-1.7252,-0.0536,-1.1130,-1.1130,0.0000,0.1234,0.1234,0.4416
45.107,-1.7528,-1.7528,-0.0544,-1.1188,-1.1188,0.0000,-0.1978,-0.1978,0.4413
45.113,-1.7528,-1.7528,-0.0549,-1.0454,-1.0454,0.0000,-0.1978,-0.1978,0.4410
45.120,-1.7528,-1.7528,-0.0555,-0.9737,-0.9737,0.0000,-0.1978,-0.1978,0.4407
45.123,-1.7806,-1.7806,-0.0561,-1.0153,-1.0153,0.0000,0.1034,0.1034,0.4405
45.128,-1.7806,-1.7806,-0.0565,-0.9623,-0.9623,0.0000,0.1034,0.1034,0.4403
45.132,-1.7806,-1.7806,-0.0569,-0.9224,-0.9224,0.0000,0.1034,0.1034,0.4402
45.136,-1.7806,-1.7806,-0.0572,-0.8774,-0.8774,0.0000,0.1034,0.1034,0.4401
45.139,-1.7806,-1.7806,-0.0576,-0.8402,-0.8402,0.0000,0.1034,0.1034,0.4400
45.145,-1.7936,-1.7936,-0.0579,-0.8467,-0.8467,0.0000,-0.2168,-0.2168,0.4399
45.152,-1.7936,-1.7936,-0.0585,-0.7765,-0.7765,0.0000,-0.2168,-0.2168,0.4396
45.155,-1.7936,-1.7936,-0.0591,-0.7361,-0.7361,0.0000,-0.2168,-0.2168,0.4393
45.159,-1.7936,-1.7936,-0.0594,-0.6964,-0.6964,0.0000,-0.2168,-0.2168,0.4391
45.162,-1.7936,-1.7936,-0.0598,-0.6617,-0.6617,0.0000,-0.2168,-0.2168,0.4390
45.165,-1.8087,-1.8087,-0.0601,-0.7190,-0.7190,0.0000,0.0783,0.0783,0.4388
45.170,-1.8087,-1.8087,-0.0604,-0.6680,-0.6680,0.0000,0.0783,0.0783,0.4387
45.174,-1.8087,-1.8087,-0.0608,-0.6299,-0.6299,0.0000,0.0783,0.0783,0.4386
45.177,-1.8087,-1.8087,-0.0612,-0.5950,-0.5950,0.0000,0.0783,0.0783,0.4385
45.181,-1.8087,-1.8087,-0.0615,-0.5627,-0.5627,0.0000,0.0783,0.0783,0.4384
45.185,-1.8125,-1.8125,-0.0618,-0.6086,-0.6086,0.0000,-0.0520,-0.0520,0.4383
45.189,-1.8125,-1.8125,-0.0621,-0.5656,-0.5656,0.0000,-0.0520,-0.0520,0.4381
45.192,-1.8125,-1.8125,-0.0625,-0.5311,-0.5311,0.0000,-0.0520,-0.0520,0.4380
45.198,-1.8125,-1.8125,-0.0628,-0.4727,-0.4727,0.0000,-0.0520,-0.0520,0.4379
45.207,-1.8118,-1.8118,-0.0633,-0.4717,-0.4717,0.0000,-0.1718,-0.1718,0.4377
45.211,-1.8118,-1.8118,-0.0642,-0.4344,-0.4344,0.0000,-0.1718,-0.1718,0.4373
45.217,-1.8118,-1.8118,-0.0645,-0.3780,-0.3780,0.0000,-0.1718,-0.1718,0.4371
45.221,-1.8118,-1.8118,-0.0650,-0.3434,-0.3434,0.0000,-0.1718,-0.1718,0.4369
45.224,-1.8070,-1.8070,-0.0653,-0.4011,-0.4011,0.0000,-0.2893,-0.2893,0.4367
45.228,-1.8070,-1.8070,-0.0657,-0.3660,-0.3660,0.0000,-0.2893,-0.2893,0.4366
45.232,-1.8070,-1.8070,-0.0660,-0.3364,-0.3364,0.0000,-0.2893,-0.2893,0.4364
45.236,-1.8070,-1.8070,-0.0663,-0.2995,-0.2995,0.0000,-0.2893,-0.2893,0.4362
45.240,-1.8070,-1.8070,-0.0666,-0.2677,-0.2677,0.0000,-0.2893,-0.2893,0.4361
45.243,-1.8000,-1.8000,-0.0669,-0.3362,-0.3362,0.0000,-0.2530,-0.2530,0.4359
45.246,-1.8000,-1.8000,-0.0672,-0.3040,-0.3040,0.0000,-0.2530,-0.2530,0.4357
45.250,-1.8000,-1.8000,-0.0675,-0.2731,-0.2731,0.0000,-0.2530,-0.2530,0.4356
45.254,-1.8000,-1.8000,-0.0678,-0.2419,-0.2419,0.0000,-0.2530,-0.2530,0.4354
45.257,-1.8000,-1.8000,-0.0681,-0.2148,-0.2148,0.0000,-0.2530,-0.2530,0.4353
45.260,-1.8000,-1.8000,-0.0684,-0.1892,-0.1892,0.0000,-0.2530,-0.2530,0.4351
45.264,-1.7894,-1.7894,-0.0687,-0.2592,-0.2592,0.0000,-0.2278,-0.2278,0.4350
45.269,-1.7894,-1.7894,-0.0690,-0.2164,-0.2164,0.0000,-0.2278,-0.2278,0.4349
45.272,-1.7894,-1.7894,-0.0694,-0.1889,-0.1889,0.0000,-0.2278,-0.2278,0.4346
45.276,-1.7894,-1.7894,-0.0697,-0.1634,-0.1634,0.0000,-0.2278,-0.2278,0.4345
45.279,-1.7894,-1.7894,-0.0699,-0.1356,-0.1356,0.0000,-0.2278,-0.2278,0.4344
45.283,-1.7759,-1.7759,-0.0702,-0.2019,-0.2019,0.0000,-0.2184,-0.2184,0.4342
45.288,-1.7759,-1.7759,-0.0706,-0.1674,-0.1674,0.0000,-0.2184,-0.2184,0.4341
45.291,-1.7759,-1.7759,-0.0709,-0.1423,-0.1423,0.0000,-0.2184,-0.2184,0.4339
45.295,-1.7759,-1.7759,-0.0712,-0.1181,-0.1181,0.0000,-0.2184,-0.2184,0.4337
45.298,-1.7759,-1.7759,-0.0714,-0.0926,-0.0926,0.0000,-0.2184,-0.2184,0.4336
45.304,-1.7589,-1.7589,-0.0717,-0.1569,-0.1569,0.0000,-0.0931,-0.0931,0.4335
45.313,-1.7589,-1.7589,-0.0722,-0.0920,-0.0920,0.0000,-0.0931,-0.0931,0.4333
45.317,-1.7589,-1.7589,-0.0728,-0.0602,-0.0602,0.0000,-0.0931,-0.0931,0.4330
45.321,-1.7589,-1.7589,-0.0732,-0.0335,-0.0335,0.0000,-0.0931,-0.0931,0.4329
45.325,-1.7424,-1.7424,-0.0735,-0.1013,-0.1013,0.0000,-0.2344,-0.2344,0.4327
45.329,-1.7424,-1.7424,-0.0738,-0.0728,-0.0728,0.0000,-0.2344,-0.2344,0.4326
45.333,-1.7424,-1.7424,-0.0741,-0.0454,-0.0454,0.0000,-0.2344,-0.2344,0.4324
45.337,-1.7424,-1.7424,-0.0744,-0.0202,-0.0202,0.0000,-0.2344,-0.2344,0.4323
45.341,-1.7424,-1.7424,-0.0747,-0.0002,-0.0002,0.0000,-0.2344,-0.2344,0.4321
45.344,-1.7169,-1.7169,-0.0749,-0.0971,-0.0971,0.0000,0.0526,0.0526,0.4320
45.350,-1.7169,-1.7169,-0.0752,-0.0617,-0.0617,0.0000,0.0526,0.0526,0.4319
45.355,-1.7169,-1.7169,-0.0756,-0.0301,-0.0301,0.0000,0.0526,0.0526,0.4318
45.360,-1.7169,-1.7169,-0.0760,-0.0045,-0.0045,0.0000,0.0526,0.0526,0.4316
45.363,-1.6948,-1.6948,-0.0763,-0.0841,-0.0841,0.0000,0.0527,0.0527,0.4315
45.371,-1.6948,-1.6948,-0.0765,-0.0396,-0.0396,0.0000,0.0527,0.0527,0.4314
45.375,-1.6948,-1.6948,-0.0771,-0.0164,-0.0164,0.0000,0.0527,0.0527,0.4313
45.379,-1.6948,-1.6948,-0.0774,0.0022,0.0022,0.0000,0.0527,0.0527,0.4312
45.382,-1.6948,-1.6948,-0.0776,0.0217,0.0217,0.0022,0.0527,0.0527,0.4311
45.387,-1.6714,-1.6714,-0.0778,-0.0582,-0.0582,0.0217,0.0399,0.0399,0.4310
45.391,-1.6714,-1.6714,-0.0781,-0.0371,-0.0371,0.0000,0.0399,0.0399,0.4309
45.394,-1.6714,-1.6714,-0.0784,-0.0189,-0.0189,0.0000,0.0399,0.0399,0.4308
45.398,-1.6714,-1.6714,-0.0786,-0.0018,-0.0018,0.0000,0.0399,0.0399,0.4307
45.402,-1.6714,-1.6714,-0.0789,0.0196,0.0196,0.0000,0.0399,0.0399,0.4306
45.405,-1.6414,-1.6414,-0.0791,-0.0851,-0.0851,0.0196,0.1953,0.1953,0.4305
45.411,-1.6414,-1.6414,-0.0794,-0.0594,-0.0594,0.0000,0.1953,0.1953,0.4305
45.418,-1.6414,-1.6414,-0.0797,-0.0226,-0.0226,0.0000,0.1953,0.1953,0.4304
45.422,-1.6414,-1.6414,-0.0802,-0.0058,-0.0058,0.0000,0.1953,0.1953,0.4303
45.426,-1.6200,-1.6200,-0.0804,-0.0779,-0.0779,0.0000,0.0467,0.0467,0.4302
45.430,-1.6200,-1.6200,-0.0806,-0.0601,-0.0601,0.0000,0.0467,0.0467,0.4301
45.434,-1.6200,-1.6200,-0.0809,-0.0434,-0.0434,0.0000,0.0467,0.0467,0.4300
45.437,-1.6200,-1.6200,-0.0811,-0.0281,-0.0281,0.0000,0.0467,0.0467,0.4299
45.441,-1.6200,-1.6200,-0.0813,-0.0143,-0.0143,0.0000,0.0467,0.0467,0.4298
45.444,-1.5863,-1.5863,-0.0815,-0.1311,-0.1311,0.0000,0.2097,0.2097,0.4297
45.448,-1.5863,-1.5863,-0.0817,-0.1153,-0.1153,0.0000,0.2097,0.2097,0.4297
45.452,-1.5863,-1.5863,-0.0820,-0.1004,-0.1004,0.0000,0.2097,0.2097,0.4296
45.455,-1.5863,-1.5863,-0.0822,-0.0863,-0.0863,0.0000,0.2097,0.2097,0.4296
45.459,-1.5863,-1.5863,-0.0824,-0.0733,-0.0733,0.0000,0.2097,0.2097,0.4295
45.462,-1.5863,-1.5863,-0.0826,-0.0610,-0.0610,0.0000,0.2097,0.2097,0.4295
45.466,-1.5518,-1.5518,-0.0828,-0.1799,-0.1799,0.0000,0.3606,0.3606,0.4294
45.470,-1.5518,-1.5518,-0.0830,-0.1637,-0.1637,0.0000,0.3606,0.3606,0.4294
45.474,-1.5518,-1.5518,-0.0832,-0.1520,-0.1520,0.0000,0.3606,0.3606,0.4294
45.477,-1.5518,-1.5518,-0.0834,-0.1411,-0.1411,0.0000,0.3606,0.3606,0.4294
45.481,-1.5518,-1.5518,-0.0836,-0.1280,-0.1280,0.0000,0.3606,0.3606,0.4294
45.485,-1.5284,-1.5284,-0.0838,-0.1966,-0.1966,0.0000,0.2151,0.2151,0.4293
45.490,-1.5284,-1.5284,-0.0840,-0.1823,-0.1823,0.0000,0.2151,0.2151,0.4293
45.493,-1.5284,-1.5284,-0.0843,-0.1725,-0.1725,0.0000,0.2151,0.2151,0.4292
45.497,-1.5284,-1.5284,-0.0845,-0.1608,-0.1608,0.0000,0.2151,0.2151,0.4292
45.503,-1.4974,-1.4974,-0.0847,-0.2554,-0.2554,0.0000,0.2331,0.2331,0.4291
45.509,-1.4974,-1.4974,-0.0850,-0.2395,-0.2395,0.0000,0.2331,0.2331,0.4291
45.513,-1.4974,-1.4974,-0.0853,-0.2297,-0.2297,0.0000,0.2331,0.2331,0.4290
45.517,-1.4974,-1.4974,-0.0855,-0.2175,-0.2175,0.0000,0.2331,0.2331,0.4289
45.525,-1.4662,-1.4662,-0.0857,-0.3079,-0.3079,0.0000,0.2419,0.2419,0.4289
45.530,-1.4662,-1.4662,-0.0861,-0.2979,-0.2979,0.0000,0.2419,0.2419,0.4288
45.534,-1.4662,-1.4662,-0.0863,-0.2878,-0.2878,0.0000,0.2419,0.2419,0.4287
45.538,-1.4662,-1.4662,-0.0865,-0.2797,-0.2797,0.0000,0.2419,0.2419,0.4287
45.543,-1.4280,-1.4280,-0.0867,-0.4097,-0.4097,0.0000,0.4055,0.4055,0.4287
45.548,-1.4280,-1.4280,-0.0869,-0.4010,-0.4010,0.0000,0.4055,0.4055,0.4286
45.553,-1.4280,-1.4280,-0.0871,-0.3921,-0.3921,0.0000,0.4055,0.4055,0.4286
45.557,-1.4280,-1.4280,-0.0874,-0.3857,-0.3857,0.0000,0.4055,0.4055,0.4286
45.561,-1.4280,-1.4280,-0.0876,-0.3799,-0.3799,0.0000,0.4055,0.4055,0.4286
45.565,-1.3962,-1.3962,-0.0877,-0.4794,-0.4794,0.0000,0.4151,0.4151,0.4286
45.570,-1.3962,-1.3962,-0.0879,-0.4730,-0.4730,0.0000,0.4151,0.4151,0.4286
45.574,-1.3962,-1.3962,-0.0881,-0.4690,-0.4690,0.0000,0.4151,0.4151,0.4286
45.577,-1.3962,-1.3962,-0.0882,-0.4650,-0.4650,0.0000,0.4151,0.4151,0.4286
45.581,-1.3962,-1.3962,-0.0884,-0.4616,-0.4616,0.0000,0.4151,0.4151,0.4285
45.585,-1.3713,-1.3713,-0.0885,-0.5270,-0.5270,0.0000,0.2619,0.2619,0.4285
45.589,-1.3713,-1.3713,-0.0887,-0.5235,-0.5235,0.0000,0.2619,0.2619,0.4285
45.592,-1.3713,-1.3713,-0.0889,-0.5212,-0.5212,0.0000,0.2619,0.2619,0.4285
45.596,-1.3713,-1.3713,-0.0890,-0.5193,-0.5193,0.0000,0.2619,0.2619,0.4284
45.599,-1.3713,-1.3713,-0.0891,-0.5177,-0.5177,0.0000,0.2619,0.2619,0.4284
45.603,-1.3314,-1.3314,-0.0893,-0.6517,-0.6517,0.0000,0.4451,0.4451,0.4284
45.607,-1.3314,-1.3314,-0.0894,-0.6506,-0.6506,0.0000,0.4451,0.4451,0.4284
45.611,-1.3314,-1.3314,-0.0896,-0.6498,-0.6498,0.0000,0.4451,0.4451,0.4284
45.614,-1.3314,-1.3314,-0.0897,-0.6495,-0.6495,0.0000,0.4451,0.4451,0.4284
45.618,-1.3314,-1.3314,-0.0898,-0.6495,-0.6495,0.0000,0.4451,0.4451,0.4284
45.623,-1.2979,-1.2979,-0.0900,-0.7524,-0.7524,0.0000,0.4823,0.4823,0.4283
45.631,-1.2979,-1.2979,-0.0902,-0.7563,-0.7563,0.0000,0.4823,0.4823,0.4284
45.635,-1.2979,-1.2979,-0.0904,-0.7588,-0.7588,0.0000,0.4823,0.4823,0.4284
45.639,-1.2979,-1.2979,-0.0906,-0.7612,-0.7612,0.0000,0.4823,0.4823,0.4284
45.643,-1.2979,-1.2979,-0.0907,-0.7640,-0.7640,0.0000,0.4823,0.4823,0.4284
45.646,-1.2649,-1.2649,-0.0908,-0.8642,-0.8642,0.0000,0.5108,0.5108,0.4284
45.650,-1.2649,-1.2649,-0.0910,-0.8689,-0.8689,0.0000,0.5108,0.5108,0.4284
45.656,-1.2649,-1.2649,-0.0911,-0.8757,-0.8757,0.0000,0.5108,0.5108,0.4284
45.660,-1.2649,-1.2649,-0.0913,-0.8826,-0.8826,0.0000,0.5108,0.5108,0.4284
45.673,-1.2321,-1.2321,-0.0914,-0.9978,-0.9978,0.0000,0.5348,0.5348,0.4284
45.681,-1.2321,-1.2321,-0.0918,-1.0041,-1.0041,0.0000,0.5348,0.5348,0.4285
45.686,-1.2041,-1.2041,-0.0921,-1.0625,-1.0625,0.0000,0.3837,0.3837,0.4285
45.690,-1.2041,-1.2041,-0.0922,-1.0622,-1.0622,0.0000,0.3837,0.3837,0.4285
45.694,-1.2041,-1.2041,-0.0923,-1.0608,-1.0608,0.0000,0.3837,0.3837,0.4285
45.697,-1.2041,-1.2041,-0.0924,-1.0587,-1.0587,0.0000,0.3837,0.3837,0.4285
45.701,-1.2041,-1.2041,-0.0925,-1.0550,-1.0550,0.0000,0.3837,0.3837,0.4284
45.705,-1.1684,-1.1684,-0.0926,-1.1635,-1.1635,0.0000,0.5522,0.5522,0.4284
45.709,-1.1684,-1.1684,-0.0927,-1.1566,-1.1566,0.0000,0.5522,0.5522,0.4284
45.713,-1.1684,-1.1684,-0.0928,-1.1507,-1.1507,0.0000,0.5522,0.5522,0.4285
45.717,-1.1684,-1.1684,-0.0929,-1.1432,-1.1432,0.0000,0.5522,0.5522,0.4285
45.720,-1.1684,-1.1684,-0.0930,-1.1356,-1.1356,0.0000,0.5522,0.5522,0.4285
45.724,-1.1364,-1.1364,-0.0931,-1.2092,-1.2092,0.0000,0.5598,0.5598,0.4285
45.729,-1.1364,-1.1364,-0.0932,-1.2024,-1.2024,0.0000,0.5598,0.5598,0.4285
45.737,-1.1364,-1.1364,-0.0933,-1.1985,-1.1985,0.0000,0.5598,0.5598,0.4286
45.742,-1.1364,-1.1364,-0.0935,-1.1985,-1.1985,0.0000,0.5598,0.5598,0.4286
45.746,-1.1067,-1.1067,-0.0936,-1.2504,-1.2504,0.0000,0.4066,0.4066,0.4286
45.751,-1.1067,-1.1067,-0.0937,-1.2558,-1.2558,0.0000,0.4066,0.4066,0.4286
45.755,-1.1067,-1.1067,-0.0938,-1.2613,-1.2613,0.0000,0.4066,0.4066,0.4286
45.758,-1.1067,-1.1067,-0.0939,-1.2668,-1.2668,0.0000,0.4066,0.4066,0.4286
45.762,-1.1067,-1.1067,-0.0940,-1.2731,-1.2731,0.0000,0.4066,0.4066,0.4286
45.766,-1.0751,-1.0751,-0.0940,-1.3615,-1.3615,0.0000,0.4320,0.4320,0.4286
45.771,-1.0751,-1.0751,-0.0941,-1.3755,-1.3755,0.0000,0.4320,0.4320,0.4286
45.774,-1.0751,-1.0751,-0.0942,-1.3862,-1.3862,0.0000,0.4320,0.4320,0.4286
45.777,-1.0751,-1.0751,-0.0943,-1.3980,-1.3980,0.0000,0.4320,0.4320,0.4285
45.781,-1.0751,-1.0751,-0.0944,-1.4127,-1.4127,0.0000,0.4320,0.4320,0.4285
45.785,-1.0441,-1.0441,-0.0944,-1.5038,-1.5038,0.0000,0.4515,0.4515,0.4285
45.790,-1.0441,-1.0441,-0.0945,-1.5243,-1.5243,0.0000,0.4515,0.4515,0.4285
45.793,-1.0441,-1.0441,-0.0946,-1.5396,-1.5396,0.0000,0.4515,0.4515,0.4285
45.797,-1.0441,-1.0441,-0.0946,-1.5590,-1.5590,0.0000,0.4515,0.4515,0.4285
45.801,-1.0441,-1.0441,-0.0947,-1.5808,-1.5808,0.0000,0.4515,0.4515,0.4285
45.806,-1.0154,-1.0154,-0.0948,-1.6586,-1.6586,0.0000,0.3043,0.3043,0.4285
45.813,-1.0154,-1.0154,-0.0949,-1.6983,-1.6983,0.0000,0.3043,0.3043,0.4285
45.817,-1.0154,-1.0154,-0.0950,-1.7232,-1.7232,0.0000,0.3043,0.3043,0.4284
45.821,-1.0154,-1.0154,-0.0950,-1.7535,-1.7535,0.0000,0.3043,0.3043,0.4284
45.829,-0.9831,-0.9831,-0.0951,-1.9197,-1.9197,0.0000,0.5142,0.5142,0.4284
45.838,-0.9831,-0.9831,-0.0952,-1.9907,-1.9907,0.0000,0.5142,0.5142,0.4284
45.842,-0.9831,-0.9831,-0.0954,-2.0233,-2.0233,0.0000,0.5142,0.5142,0.4284
45.846,-0.9537,-0.9537,-0.0954,-2.1223,-2.1223,0.0000,0.5462,0.5462,0.4284
45.850,-0.9537,-0.9537,-0.0955,-2.1570,-2.1570,0.0000,0.5462,0.5462,0.4284
45.854,-0.9537,-0.9537,-0.0955,-2.1932,-2.1932,0.0000,0.5462,0.5462,0.4285
45.858,-0.9537,-0.9537,-0.0956,-2.2284,-2.2284,0.0000,0.5462,0.5462,0.4285
45.862,-0.9537,-0.9537,-0.0956,-2.2586,-2.2586,0.0000,0.5462,0.5462,0.4285
45.865,-0.9281,-0.9281,-0.0957,-2.3300,-2.3300,0.0000,0.4062,0.4062,0.4285
45.871,-0.9281,-0.9281,-0.0957,-2.3867,-2.3867,0.0000,0.4062,0.4062,0.4285
45.876,-0.9281,-0.9281,-0.0958,-2.4348,-2.4348,0.0000,0.4062,0.4062,0.4285
45.880,-0.9281,-0.9281,-0.0958,-2.4721,-2.4721,0.0000,0.4062,0.4062,0.4285
45.884,-0.8999,-0.8999,-0.0959,-2.5803,-2.5803,0.0000,0.4358,0.4358,0.4285
45.889,-0.8999,-0.8999,-0.0959,-2.6213,-2.6213,0.0000,0.4358,0.4358,0.4285
45.892,-0.8999,-0.8999,-0.0959,-2.6600,-2.6600,0.0000,0.4358,0.4358,0.4285
45.896,-0.8999,-0.8999,-0.0960,-2.6927,-2.6927,0.0000,0.4358,0.4358,0.4284
45.900,-0.8999,-0.8999,-0.0960,-2.7379,-2.7379,0.0000,0.4358,0.4358,0.4284
45.904,-0.8774,-0.8774,-0.0960,-2.8131,-2.8131,0.0000,0.2880,0.2880,0.4284
45.909,-0.8774,-0.8774,-0.0961,-2.8588,-2.8588,0.0000,0.2880,0.2880,0.4284
45.912,-0.8774,-0.8774,-0.0961,-2.8927,-2.8927,0.0000,0.2880,0.2880,0.4284
45.915,-0.8774,-0.8774,-0.0961,-2.9269,-2.9269,0.0000,0.2880,0.2880,0.4283
45.919,-0.8774,-0.8774,-0.0962,-2.9678,-2.9678,0.0000,0.2880,0.2880,0.4283
45.923,-0.8504,-0.8504,-0.0962,-3.0691,-3.0691,0.0000,0.3169,0.3169,0.4283
45.927,-0.8504,-0.8504,-0.0962,-3.1098,-3.1098,0.0000,0.3169,0.3169,0.4283
45.931,-0.8504,-0.8504,-0.0962,-3.1424,-3.1424,0.0000,0.3169,0.3169,0.4282
45.936,-0.8504,-0.8504,-0.0963,-3.1982,-3.1982,0.0000,0.3169,0.3169,0.4282
45.945,-0.8245,-0.8245,-0.0963,-3.3405,-3.3405,0.0000,0.3345,0.3345,0.4282
45.949,-0.8245,-0.8245,-0.0963,-3.3861,-3.3861,0.0000,0.3345,0.3345,0.4281
45.953,-0.8245,-0.8245,-0.0964,-3.4252,-3.4252,0.0000,0.3345,0.3345,0.4281
45.958,-0.8245,-0.8245,-0.0964,-3.4732,-3.4732,0.0000,0.3345,0.3345,0.4281
45.963,-0.8057,-0.8057,-0.0964,-3.5508,-3.5508,0.0000,0.1887,0.1887,0.4280
45.969,-0.8057,-0.8057,-0.0964,-3.6045,-3.6045,0.0000,0.1887,0.1887,0.4280
45.974,-0.8057,-0.8057,-0.0965,-3.6550,-3.6550,0.0000,0.1887,0.1887,0.4279
45.982,-0.8057,-0.8057,-0.0965,-3.7285,-3.7285,0.0000,0.1887,0.1887,0.4278
45.988,-0.7792,-0.7792,-0.0965,-3.8307,-3.8307,0.0000,0.2452,0.2452,0.4277
45.993,-0.7792,-0.7792,-0.0965,-3.8793,-3.8793,0.0000,0.2452,0.2452,0.4277
45.998,-0.7792,-0.7792,-0.0965,-3.9183,-3.9183,0.0000,0.2452,0.2452,0.4276
46.003,-0.7532,-0.7532,-0.0966,-4.0084,-4.0084,0.0000,0.3030,0.3030,0.4276
46.008,-0.7532,-0.7532,-0.0966,-4.0453,-4.0453,0.0000,0.3030,0.3030,0.4275
46.012,-0.7532,-0.7532,-0.0966,-4.0739,-4.0739,0.0000,0.3030,0.3030,0.4275
46.017,-0.7532,-0.7532,-0.0966,-4.1103,-4.1103,0.0000,0.3030,0.3030,0.4275
46.022,-0.7532,-0.7532,-0.0966,-4.1420,-4.1420,0.0000,0.3030,0.3030,0.4274
46.026,-0.7283,-0.7283,-0.0966,-4.2198,-4.2198,0.0000,0.3479,0.3479,0.4274
46.031,-0.7283,-0.7283,-0.0966,-4.2515,-4.2515,0.0000,0.3479,0.3479,0.4274
46.036,-0.7283,-0.7283,-0.0966,-4.2795,-4.2795,0.0000,0.3479,0.3479,0.4274
46.041,-0.7283,-0.7283,-0.0966,-4.3062,-4.3062,0.0000,0.3479,0.3479,0.4273
46.046,-0.7045,-0.7045,-0.0966,-4.3790,-4.3790,0.0000,0.3776,0.3776,0.4273
46.053,-0.7045,-0.7045,-0.0966,-4.4099,-4.4099,0.0000,0.3776,0.3776,0.4273
46.061,-0.7045,-0.7045,-0.0966,-4.4447,-4.4447,0.0000,0.3776,0.3776,0.4273
46.065,-0.6869,-0.6869,-0.0966,-4.4853,-4.4853,0.0000,0.2257,0.2257,0.4273
46.071,-0.6869,-0.6869,-0.0966,-4.5033,-4.5033,0.0000,0.2257,0.2257,0.4272
46.075,-0.6869,-0.6869,-0.0965,-4.5143,-4.5143,0.0000,0.2257,0.2257,0.4272
46.079,-0.6869,-0.6869,-0.0965,-4.5259,-4.5259,0.0000,0.2257,0.2257,0.4271
46.083,-0.6646,-0.6646,-0.0965,-4.5771,-4.5771,0.0000,0.2268,0.2268,0.4271
46.088,-0.6646,-0.6646,-0.0965,-4.5870,-4.5870,0.0000,0.2268,0.2268,0.4270
46.092,-0.6646,-0.6646,-0.0965,-4.5932,-4.5932,0.0000,0.2268,0.2268,0.4270
46.097,-0.6646,-0.6646,-0.0965,-4.5988,-4.5988,0.0000,0.2268,0.2268,0.4269
46.101,-0.6646,-0.6646,-0.0965,-4.6029,-4.6029,0.0000,0.2268,0.2268,0.4269
46.106,-0.6461,-0.6461,-0.0965,-4.6300,-4.6300,0.0000,0.0645,0.0645,0.4269
46.112,-0.6461,-0.6461,-0.0964,-4.6310,-4.6310,0.0000,0.0645,0.0645,0.4268
46.118,-0.6461,-0.6461,-0.0964,-4.6296,-4.6296,0.0000,0.0645,0.0645,0.4267
46.122,-0.6461,-0.6461,-0.0964,-4.6270,-4.6270,0.0000,0.0645,0.0645,0.4266
46.126,-0.6269,-0.6269,-0.0964,-4.6479,-4.6479,0.0000,-0.0981,-0.0981,0.4265
46.134,-0.6269,-0.6269,-0.0964,-4.6358,-4.6358,0.0000,-0.0981,-0.0981,0.4264
46.139,-0.6269,-0.6269,-0.0963,-4.6280,-4.6280,0.0000,-0.0981,-0.0981,0.4262
46.143,-0.6040,-0.6040,-0.0963,-4.6663,-4.6663,0.0000,0.0167,0.0167,0.4261
46.148,-0.6040,-0.6040,-0.0963,-4.6546,-4.6546,0.0000,0.0167,0.0167,0.4260
46.153,-0.6040,-0.6040,-0.0963,-4.6422,-4.6422,0.0000,0.0167,0.0167,0.4259
46.158,-0.6040,-0.6040,-0.0962,-4.6278,-4.6278,0.0000,0.0167,0.0167,0.4258
46.163,-0.5821,-0.5821,-0.0962,-4.6522,-4.6522,0.0000,0.1370,0.1370,0.4257
46.172,-0.5821,-0.5821,-0.0962,-4.6179,-4.6179,0.0000,0.1370,0.1370,0.4256
46.177,-0.5821,-0.5821,-0.0961,-4.6002,-4.6002,0.0000,0.1370,0.1370,0.4255
46.180,-0.5821,-0.5821,-0.0961,-4.5851,-4.5851,0.0000,0.1370,0.1370,0.4254
46.185,-0.5618,-0.5618,-0.0960,-4.5871,-4.5871,0.0000,-0.0118,-0.0118,0.4254
46.189,-0.5618,-0.5618,-0.0960,-4.5660,-4.5660,0.0000,-0.0118,-0.0118,0.4253
46.193,-0.5618,-0.5618,-0.0960,-4.5484,-4.5484,0.0000,-0.0118,-0.0118,0.4252
46.197,-0.5618,-0.5618,-0.0959,-4.5267,-4.5267,0.0000,-0.0118,-0.0118,0.4251
46.202,-0.5618,-0.5618,-0.0959,-4.5011,-4.5011,0.0000,-0.0118,-0.0118,0.4250
46.206,-0.5417,-0.5417,-0.0959,-4.5035,-4.5035,0.0000,-0.1532,-0.1532,0.4250
46.211,-0.5417,-0.5417,-0.0958,-4.4747,-4.4747,0.0000,-0.1532,-0.1532,0.4249
46.215,-0.5417,-0.5417,-0.0958,-4.4530,-4.4530,0.0000,-0.1532,-0.1532,0.4247
46.219,-0.5417,-0.5417,-0.0958,-4.4238,-4.4238,0.0000,-0.1532,-0.1532,0.4246
46.223,-0.5220,-0.5220,-0.0957,-4.4234,-4.4234,0.0000,-0.3000,-0.3000,0.4245
46.227,-0.5220,-0.5220,-0.0957,-4.3955,-4.3955,0.0000,-0.3000,-0.3000,0.4244
46.231,-0.5220,-0.5220,-0.0957,-4.3727,-4.3727,0.0000,-0.3000,-0.3000,0.4242
46.235,-0.5220,-0.5220,-0.0956,-4.3428,-4.3428,0.0000,-0.3000,-0.3000,0.4241
46.239,-0.5220,-0.5220,-0.0956,-4.3198,-4.3198,0.0000,-0.3000,-0.3000,0.4240
46.242,-0.5220,-0.5220,-0.0956,-4.2953,-4.2953,0.0000,-0.3000,-0.3000,0.4238
46.246,-0.5032,-0.5032,-0.0955,-4.3015,-4.3015,0.0000,-0.1772,-0.1772,0.4237
46.250,-0.5032,-0.5032,-0.0955,-4.2679,-4.2679,0.0000,-0.1772,-0.1772,0.4236
46.254,-0.5032,-0.5032,-0.0954,-4.2422,-4.2422,0.0000,-0.1772,-0.1772,0.4235
46.257,-0.5032,-0.5032,-0.0954,-4.2179,-4.2179,0.0000,-0.1772,-0.1772,0.4234
46.262,-0.5032,-0.5032,-0.0954,-4.1806,-4.1806,0.0000,-0.1772,-0.1772,0.4233
46.268,-0.4850,-0.4850,-0.0953,-4.1628,-4.1628,0.0000,-0.0912,-0.0912,0.4232
46.272,-0.4850,-0.4850,-0.0953,-4.1313,-4.1313,0.0000,-0.0912,-0.0912,0.4231
46.277,-0.4850,-0.4850,-0.0952,-4.0908,-4.0908,0.0000,-0.0912,-0.0912,0.4230
46.285,-0.4670,-0.4670,-0.0952,-4.0478,-4.0478,0.0000,-0.2595,-0.2595,0.4229
46.289,-0.4670,-0.4670,-0.0951,-4.0149,-4.0149,0.0000,-0.2595,-0.2595,0.4226
46.293,-0.4670,-0.4670,-0.0950,-3.9825,-3.9825,0.0000,-0.2595,-0.2595,0.4225
46.297,-0.4670,-0.4670,-0.0950,-3.9520,-3.9520,0.0000,-0.2595,-0.2595,0.4224
46.301,-0.4670,-0.4670,-0.0949,-3.9144,-3.9144,0.0000,-0.2595,-0.2595,0.4223
46.305,-0.4500,-0.4500,-0.0949,-3.9057,-3.9057,0.0000,-0.2955,-0.2955,0.4222
46.309,-0.4500,-0.4500,-0.0949,-3.8689,-3.8689,0.0000,-0.2955,-0.2955,0.4221
46.313,-0.4500,-0.4500,-0.0948,-3.8398,-3.8398,0.0000,-0.2955,-0.2955,0.4219
46.317,-0.4500,-0.4500,-0.0948,-3.8032,-3.8032,0.0000,-0.2955,-0.2955,0.4218
46.321,-0.4500,-0.4500,-0.0947,-3.7737,-3.7737,0.0000,-0.2955,-0.2955,0.4217
46.325,-0.4339,-0.4339,-0.0947,-3.7593,-3.7593,0.0000,-0.3368,-0.3368,0.4216
46.329,-0.4339,-0.4339,-0.0946,-3.7248,-3.7248,0.0000,-0.3368,-0.3368,0.4214
46.333,-0.4339,-0.4339,-0.0946,-3.6909,-3.6909,0.0000,-0.3368,-0.3368,0.4213
46.336,-0.4339,-0.4339,-0.0945,-3.6577,-3.6577,0.0000,-0.3368,-0.3368,0.4212
46.340,-0.4339,-0.4339,-0.0945,-3.6256,-3.6256,0.0000,-0.3368,-0.3368,0.4211
46.344,-0.4183,-0.4183,-0.0944,-3.6131,-3.6131,0.0000,-0.3035,-0.3035,0.4209
46.348,-0.4183,-0.4183,-0.0944,-3.5753,-3.5753,0.0000,-0.3035,-0.3035,0.4208
46.352,-0.4183,-0.4183,-0.0943,-3.5421,-3.5421,0.0000,-0.3035,-0.3035,0.4207
46.356,-0.4183,-0.4183,-0.0943,-3.5069,-3.5069,0.0000,-0.3035,-0.3035,0.4206
46.359,-0.4183,-0.4183,-0.0942,-3.4768,-3.4768,0.0000,-0.3035,-0.3035,0.4205
46.363,-0.4039,-0.4039,-0.0942,-3.4615,-3.4615,0.0000,-0.3708,-0.3708,0.4204
46.367,-0.4039,-0.4039,-0.0941,-3.4247,-3.4247,0.0000,-0.3708,-0.3708,0.4202
46.371,-0.4039,-0.4039,-0.0941,-3.3904,-3.3904,0.0000,-0.3708,-0.3708,0.4201
46.375,-0.4039,-0.4039,-0.0940,-3.3650,-3.3650,0.0000,-0.3708,-0.3708,0.4200
46.378,-0.4039,-0.4039,-0.0940,-3.3429,-3.3429,0.0000,-0.3708,-0.3708,0.4199
46.383,-0.3895,-0.3895,-0.0939,-3.3382,-3.3382,0.0000,-0.3390,-0.3390,0.4197
46.391,-0.3895,-0.3895,-0.0939,-3.3268,-3.3268,0.0000,-0.3390,-0.3390,0.4196
46.394,-0.3895,-0.3895,-0.0938,-3.3259,-3.3259,0.0000,-0.3390,-0.3390,0.4194
46.398,-0.3895,-0.3895,-0.0937,-3.3293,-3.3293,0.0000,-0.3390,-0.3390,0.4193
46.402,-0.3895,-0.3895,-0.0937,-3.3376,-3.3376,0.0000,-0.3390,-0.3390,0.4192
46.405,-0.3768,-0.3768,-0.0936,-3.3655,-3.3655,0.0000,-0.4358,-0.4358,0.4190
46.409,-0.3768,-0.3768,-0.0936,-3.3824,-3.3824,0.0000,-0.4358,-0.4358,0.4189
46.414,-0.3768,-0.3768,-0.0935,-3.4078,-3.4078,0.0000,-0.4358,-0.4358,0.4188
46.418,-0.3768,-0.3768,-0.0934,-3.4406,-3.4406,0.0000,-0.4358,-0.4358,0.4186
46.422,-0.3768,-0.3768,-0.0934,-3.4664,-3.4664,0.0000,-0.4358,-0.4358,0.4185
46.425,-0.3644,-0.3644,-0.0933,-3.5057,-3.5057,0.0000,-0.5105,-0.5105,0.4183
46.429,-0.3644,-0.3644,-0.0933,-3.5303,-3.5303,0.0000,-0.5105,-0.5105,0.4182
46.458,-0.3526,-0.3526,-0.0932,-3.6118,-3.6118,0.0000,-0.6088,-0.6088,0.4181
46.464,-0.3403,-0.3403,-0.0928,-3.6292,-3.6292,0.0000,-0.6323,-0.6323,0.4169
46.471,-0.3403,-0.3403,-0.0927,-3.6275,-3.6275,0.0000,-0.6323,-0.6323,0.4166
46.475,-0.3403,-0.3403,-0.0926,-3.6239,-3.6239,0.0000,-0.6323,-0.6323,0.4163
46.479,-0.3403,-0.3403,-0.0925,-3.6195,-3.6195,0.0000,-0.6323,-0.6323,0.4161
46.484,-0.3284,-0.3284,-0.0925,-3.6208,-3.6208,0.0000,-0.6590,-0.6590,0.4160
46.492,-0.3284,-0.3284,-0.0924,-3.5951,-3.5951,0.0000,-0.6590,-0.6590,0.4158
46.496,-0.3284,-0.3284,-0.0923,-3.5803,-3.5803,0.0000,-0.6590,-0.6590,0.4154
46.500,-0.3284,-0.3284,-0.0922,-3.5659,-3.5659,0.0000,-0.6590,-0.6590,0.4153
46.504,-0.3170,-0.3170,-0.0921,-3.5636,-3.5636,0.0000,-0.7100,-0.7100,0.4151
46.507,-0.3170,-0.3170,-0.0921,-3.5470,-3.5470,0.0000,-0.7100,-0.7100,0.4150
46.511,-0.3170,-0.3170,-0.0920,-3.5327,-3.5327,0.0000,-0.7100,-0.7100,0.4148
46.515,-0.3170,-0.3170,-0.0920,-3.5119,-3.5119,0.0000,-0.7100,-0.7100,0.4146
46.519,-0.3170,-0.3170,-0.0919,-3.4919,-3.4919,0.0000,-0.7100,-0.7100,0.4144
