Time,Input_Surge,Gain_Surge,Output_Surge,Input_Sway,Gain_Sway,Output_Sway,Input_Heave,Gain_Heave,Output_Heave
0.000,-0.0573,-0.1773,-0.1212,0.0273,0.1479,0.1479,-0.2359,-0.0141,0.8024
0.004,-0.0573,-0.1411,-0.1211,0.0273,0.1322,0.1322,-0.2359,-0.0190,0.8024
0.008,-0.0573,-0.1411,-0.1211,0.0273,0.1322,0.1322,-0.2359,-0.0190,0.8024
0.011,-0.0605,-0.1411,-0.1210,0.0305,0.1322,0.1322,-0.2395,-0.0190,0.8024
0.015,-0.0605,-0.1489,-0.1210,0.0316,0.1401,0.1401,-0.2052,-0.0278,0.8024
0.019,-0.0605,-0.1489,-0.1210,0.0316,0.1401,0.1401,-0.2052,-0.0278,0.8024
0.023,-0.0605,-0.1489,-0.1209,0.0316,0.1401,0.1401,-0.2052,-0.0278,0.8024
0.026,-0.0653,-0.1489,-0.1209,0.0328,0.1401,0.1401,-0.2068,-0.0278,0.8024
0.030,-0.0653,-0.1606,-0.1209,0.0328,0.1430,0.1430,-0.2068,-0.0317,0.8024
0.034,-0.0653,-0.1606,-0.1209,0.0338,0.1430,0.1430,-0.1752,-0.0317,0.8024
0.038,-0.0653,-0.1606,-0.1209,0.0338,0.1430,0.1430,-0.1752,-0.0317,0.8024
0.041,-0.0653,-0.1606,-0.1209,0.0338,0.1430,0.1430,-0.1752,-0.0317,0.8024
0.044,-0.0625,-0.1606,-0.1209,0.0330,0.1430,0.1430,-0.1712,-0.0317,0.8024
0.048,-0.0625,-0.1538,-0.1209,0.0330,0.1411,0.1411,-0.1712,-0.0219,0.8024
0.052,-0.0625,-0.1538,-0.1209,0.0330,0.1411,0.1411,-0.1712,-0.0219,0.8024
0.055,-0.0625,-0.1538,-0.1209,0.0338,0.1411,0.1411,-0.0973,-0.0219,0.8024
0.059,-0.0601,-0.1538,-0.1209,0.0310,0.1411,0.1411,-0.0937,-0.0219,0.8024
0.063,-0.0601,-0.1479,-0.1208,0.0310,0.1342,0.1342,-0.0937,-0.0131,0.8024
0.067,-0.0601,-0.1479,-0.1208,0.0310,0.1342,0.1342,-0.0937,-0.0131,0.8024
0.070,-0.0601,-0.1479,-0.1208,0.0310,0.1342,0.1342,-0.0937,-0.0131,0.8024
0.073,-0.0601,-0.1479,-0.1208,0.0316,0.1342,0.1342,-0.0153,-0.0131,0.8024
0.078,-0.0629,-0.1479,-0.1207,0.0308,0.1342,0.1342,-0.0173,-0.0131,0.8024
0.086,-0.0629,-0.1548,-0.1207,0.0308,0.1322,0.1322,-0.0173,-0.0180,0.8024
0.091,-0.0629,-0.1548,-0.1207,0.0308,0.1322,0.1322,-0.0173,-0.0180,0.8024
0.095,-0.0613,-0.1548,-0.1207,0.0341,0.1322,0.1322,0.0679,-0.0180,0.8024
0.101,-0.0613,-0.1509,-0.1207,0.0341,0.1391,0.1391,0.0679,-0.0092,0.8024
0.108,-0.0613,-0.1509,-0.1206,0.0341,0.1391,0.1391,0.0679,-0.0092,0.8025
0.112,-0.0617,-0.1509,-0.1206,0.0373,0.1391,0.1391,0.0619,-0.0092,0.8025
0.116,-0.0617,-0.1518,-0.1206,0.0377,0.1469,0.1469,0.1747,-0.0239,0.8025
0.120,-0.0617,-0.1518,-0.1205,0.0377,0.1469,0.1469,0.1747,-0.0239,0.8025
0.124,-0.0617,-0.1518,-0.1205,0.0377,0.1469,0.1469,0.1747,-0.0239,0.8025
0.127,-0.0657,-0.1518,-0.1205,0.0389,0.1469,0.1469,0.1822,-0.0239,0.8025
0.131,-0.0657,-0.1616,-0.1205,0.0389,0.1499,0.1499,0.1822,-0.0053,0.8025
0.134,-0.0657,-0.1616,-0.1205,0.0392,0.1499,0.1499,0.2925,-0.0053,0.8025
0.138,-0.0657,-0.1616,-0.1205,0.0392,0.1499,0.1499,0.2925,-0.0053,0.8025
0.141,-0.0657,-0.1616,-0.1205,0.0392,0.1499,0.1499,0.2925,-0.0053,0.8025
0.145,-0.0653,-0.1616,-0.1205,0.0416,0.1499,0.1499,0.2841,-0.0053,0.8025
0.149,-0.0653,-0.1606,-0.1205,0.0416,0.1557,0.1557,0.2841,-0.0258,0.8025
0.152,-0.0653,-0.1606,-0.1205,0.0416,0.1557,0.1557,0.2841,-0.0258,0.8025
0.156,-0.0653,-0.1606,-0.1205,0.0418,0.1557,0.1557,0.3817,-0.0258,0.8025
0.160,-0.0669,-0.1606,-0.1205,0.0454,0.1557,0.1557,0.3873,-0.0258,0.8025
0.164,-0.0669,-0.1646,-0.1205,0.0454,0.1646,0.1646,0.3873,-0.0121,0.8025
0.168,-0.0669,-0.1646,-0.1206,0.0454,0.1646,0.1646,0.3873,-0.0121,0.8025
0.171,-0.0669,-0.1646,-0.1206,0.0454,0.1646,0.1646,0.3873,-0.0121,0.8025
0.175,-0.0669,-0.1646,-0.1206,0.0456,0.1646,0.1646,0.4721,-0.0121,0.8025
0.179,-0.0661,-0.1646,-0.1206,0.0420,0.1646,0.1646,0.4713,-0.0121,0.8025
0.184,-0.0661,-0.1626,-0.1206,0.0420,0.1557,0.1557,0.4713,-0.0141,0.8025
0.187,-0.0661,-0.1626,-0.1206,0.0420,0.1557,0.1557,0.4713,-0.0141,0.8025
0.191,-0.0661,-0.1626,-0.1206,0.0420,0.1557,0.1557,0.4713,-0.0141,0.8025
0.195,-0.0645,-0.1626,-0.1206,0.0366,0.1557,0.1557,0.5459,-0.0141,0.8025
0.200,-0.0645,-0.1587,-0.1206,0.0366,0.1420,0.1420,0.5459,-0.0082,0.8025
0.204,-0.0645,-0.1587,-0.1206,0.0366,0.1420,0.1420,0.5459,-0.0082,0.8025
0.213,-0.0617,-0.1587,-0.1206,0.0379,0.1420,0.1420,0.6010,-0.0082,0.8025
0.218,-0.0617,-0.1518,-0.1206,0.0379,0.1450,0.1450,0.6010,-0.0199,0.8025
0.222,-0.0617,-0.1518,-0.1205,0.0379,0.1450,0.1450,0.6010,-0.0199,0.8025
0.226,-0.0673,-0.1518,-0.1205,0.0355,0.1450,0.1450,0.6006,-0.0199,0.8025
0.231,-0.0673,-0.1655,-0.1205,0.0355,0.1391,0.1391,0.6006,-0.0209,0.8025
0.239,-0.0673,-0.1655,-0.1205,0.0355,0.1391,0.1391,0.6665,-0.0209,0.8025
0.244,-0.0617,-0.1655,-0.1206,0.0363,0.1391,0.1391,0.6697,-0.0209,0.8025
0.249,-0.0617,-0.1518,-0.1205,0.0363,0.1411,0.1411,0.6697,-0.0131,0.8025
0.253,-0.0617,-0.1518,-0.1205,0.0362,0.1411,0.1411,0.7473,-0.0131,0.8025
0.257,-0.0617,-0.1518,-0.1205,0.0362,0.1411,0.1411,0.7473,-0.0131,0.8025
0.261,-0.0645,-0.1518,-0.1205,0.0330,0.1411,0.1411,0.7469,-0.0131,0.8025
0.266,-0.0645,-0.1587,-0.1205,0.0330,0.1332,0.1332,0.7469,-0.0141,0.8025
0.269,-0.0645,-0.1587,-0.1205,0.0330,0.1332,0.1332,0.7469,-0.0141,0.8025
0.273,-0.0645,-0.1587,-0.1205,0.0328,0.1332,0.1332,0.8153,-0.0141,0.8025
0.277,-0.0613,-0.1587,-0.1205,0.0340,0.1332,0.1332,0.8181,-0.0141,0.8025
0.281,-0.0613,-0.1509,-0.1205,0.0340,0.1362,0.1362,0.8181,-0.0072,0.8025
0.285,-0.0613,-0.1509,-0.1204,0.0340,0.1362,0.1362,0.8181,-0.0072,0.8025
0.289,-0.0613,-0.1509,-0.1204,0.0340,0.1362,0.1362,0.8181,-0.0072,0.8025
0.292,-0.0621,-0.1509,-0.1204,0.0348,0.1362,0.1362,0.7927,-0.0072,0.8025
0.297,-0.0621,-0.1528,-0.1204,0.0348,0.1381,0.1381,0.7927,-0.0160,0.8025
0.301,-0.0621,-0.1528,-0.1204,0.0348,0.1381,0.1381,0.7927,-0.0160,0.8025
0.305,-0.0621,-0.1528,-0.1203,0.0348,0.1381,0.1381,0.7927,-0.0160,0.8025
0.310,-0.0645,-0.1528,-0.1203,0.0328,0.1381,0.1381,0.7963,-0.0160,0.8025
0.318,-0.0645,-0.1587,-0.1203,0.0326,0.1332,0.1332,0.7991,-0.0072,0.8025
0.323,-0.0645,-0.1587,-0.1203,0.0326,0.1332,0.1332,0.7991,-0.0072,0.8025
0.327,-0.0629,-0.1587,-0.1203,0.0318,0.1332,0.1332,0.7987,-0.0072,0.8025
0.331,-0.0629,-0.1548,-0.1203,0.0318,0.1313,0.1313,0.7987,-0.0082,0.8025
0.335,-0.0629,-0.1548,-0.1203,0.0323,0.1313,0.1313,0.6896,-0.0082,0.8025
0.340,-0.0629,-0.1548,-0.1203,0.0323,0.1313,0.1313,0.6896,-0.0082,0.8025
0.344,-0.0673,-0.1548,-0.1203,0.0403,0.1313,0.1313,0.6876,-0.0082,0.8025
0.347,-0.0673,-0.1655,-0.1203,0.0403,0.1509,0.1509,0.6876,-0.0131,0.8025
0.351,-0.0673,-0.1655,-0.1203,0.0403,0.1509,0.1509,0.6876,-0.0131,0.8025
0.355,-0.0673,-0.1655,-0.1203,0.0408,0.1509,0.1509,0.5788,-0.0131,0.8025
0.359,-0.0657,-0.1655,-0.1203,0.0416,0.1509,0.1509,0.5764,-0.0131,0.8025
0.363,-0.0657,-0.1616,-0.1203,0.0416,0.1528,0.1528,0.5764,-0.0190,0.8025
0.367,-0.0657,-0.1616,-0.1203,0.0416,0.1528,0.1528,0.5764,-0.0190,0.8025
0.371,-0.0657,-0.1616,-0.1204,0.0416,0.1528,0.1528,0.5764,-0.0190,0.8025
0.374,-0.0657,-0.1616,-0.1204,0.0415,0.1528,0.1528,0.5762,-0.0190,0.8025
0.379,-0.0669,-0.1616,-0.1204,0.0427,0.1528,0.1528,0.5765,-0.0190,0.8025
0.383,-0.0669,-0.1646,-0.1204,0.0427,0.1557,0.1557,0.5765,-0.0180,0.8025
0.392,-0.0669,-0.1646,-0.1204,0.0427,0.1557,0.1557,0.5765,-0.0180,0.8025
0.397,-0.0649,-0.1646,-0.1204,0.0411,0.1557,0.1557,0.5719,-0.0180,0.8025
0.402,-0.0649,-0.1597,-0.1204,0.0411,0.1509,0.1509,0.5719,-0.0101,0.8025
0.405,-0.0649,-0.1597,-0.1204,0.0411,0.1509,0.1509,0.5719,-0.0101,0.8025
0.409,-0.0629,-0.1597,-0.1204,0.0419,0.1509,0.1509,0.5703,-0.0101,0.8025
0.412,-0.0629,-0.1548,-0.1204,0.0429,0.1528,0.1528,0.5520,-0.0141,0.8025
0.417,-0.0629,-0.1548,-0.1204,0.0429,0.1528,0.1528,0.5520,-0.0141,0.8025
0.422,-0.0629,-0.1548,-0.1204,0.0429,0.1528,0.1528,0.5520,-0.0141,0.8025
0.430,-0.0649,-0.1548,-0.1204,0.0441,0.1528,0.1528,0.5524,-0.0141,0.8025
0.434,-0.0649,-0.1597,-0.1204,0.0452,0.1557,0.1557,0.4441,-0.0131,0.8025
0.438,-0.0649,-0.1597,-0.1204,0.0452,0.1557,0.1557,0.4441,-0.0131,0.8025
0.442,-0.0637,-0.1597,-0.1204,0.0432,0.1557,0.1557,0.4445,-0.0131,0.8025
0.446,-0.0637,-0.1567,-0.1204,0.0432,0.1509,0.1509,0.4445,-0.0121,0.8025
0.450,-0.0637,-0.1567,-0.1204,0.0432,0.1509,0.1509,0.4445,-0.0121,0.8025
0.454,-0.0637,-0.1567,-0.1204,0.0452,0.1509,0.1509,0.4695,-0.0121,0.8025
0.458,-0.0637,-0.1567,-0.1203,0.0452,0.1509,0.1509,0.4695,-0.0121,0.8025
0.462,-0.0653,-0.1567,-0.1203,0.0412,0.1509,0.1509,0.4707,-0.0121,0.8025
0.467,-0.0653,-0.1606,-0.1203,0.0412,0.1411,0.1411,0.4707,-0.0092,0.8025
0.472,-0.0653,-0.1606,-0.1203,0.0412,0.1411,0.1411,0.4707,-0.0092,0.8025
0.476,-0.0637,-0.1606,-0.1204,0.0414,0.1411,0.1411,0.3905,-0.0092,0.8025
0.483,-0.0637,-0.1567,-0.1203,0.0414,0.1381,0.1381,0.3905,-0.0111,0.8025
0.488,-0.0637,-0.1567,-0.1203,0.0414,0.1381,0.1381,0.3905,-0.0111,0.8025
0.494,-0.0649,-0.1567,-0.1203,0.0450,0.1381,0.1381,0.5605,-0.0111,0.8025
0.500,-0.0649,-0.1597,-0.1203,0.0450,0.1371,0.1371,0.5605,-0.0121,0.8025
0.504,-0.0649,-0.1597,-0.1203,0.0450,0.1371,0.1371,0.5605,-0.0121,0.8025
0.508,-0.0649,-0.1597,-0.1203,0.0450,0.1371,0.1371,0.5605,-0.0121,0.8025
0.512,-0.0657,-0.1597,-0.1203,0.0462,0.1371,0.1371,0.5641,-0.0121,0.8025
0.517,-0.0657,-0.1616,-0.1203,0.0569,0.1401,0.1401,0.7141,-0.0033,0.8025
0.523,-0.0657,-0.1616,-0.1203,0.0569,0.1401,0.1401,0.7141,-0.0033,0.8025
0.533,-0.0783,-0.1616,-0.1204,0.0553,0.1401,0.1401,0.3601,-0.0033,0.8025
0.541,-0.0783,-0.1646,-0.1204,0.0553,0.1362,0.1362,0.3601,-0.0072,0.8025
0.548,-0.0759,-0.1646,-0.1204,0.0546,0.1362,0.1362,0.3566,-0.0072,0.8025
0.552,-0.0759,-0.1587,-0.1204,0.0546,0.1342,0.1342,0.3566,-0.0160,0.8025
0.556,-0.0645,-0.1587,-0.1204,0.0546,0.1342,0.1342,0.4965,-0.0160,0.8025
0.560,-0.0645,-0.1587,-0.1204,0.0605,0.1342,0.1342,0.4942,-0.0160,0.8025
0.564,-0.0645,-0.1587,-0.1204,0.0605,0.1489,0.1489,0.4942,-0.0219,0.8025
0.568,-0.0645,-0.1587,-0.1204,0.0605,0.1489,0.1489,0.4942,-0.0219,0.8025
0.572,-0.0645,-0.1587,-0.1204,0.0605,0.1489,0.1489,0.4942,-0.0219,0.8025
0.576,-0.0625,-0.1587,-0.1204,0.0565,0.1489,0.1489,0.5096,-0.0219,0.8025
0.580,-0.0625,-0.1538,-0.1204,0.0565,0.1391,0.1391,0.5096,-0.0141,0.8025
0.584,-0.0625,-0.1538,-0.1204,0.0565,0.1391,0.1391,0.5096,-0.0141,0.8025
0.589,-0.0625,-0.1538,-0.1203,0.0565,0.1391,0.1391,0.5096,-0.0141,0.8025
0.592,-0.0757,-0.1538,-0.1203,0.0573,0.1391,0.1391,0.1712,-0.0141,0.8025
0.597,-0.0757,-0.1587,-0.1203,0.0573,0.1411,0.1411,0.1712,-0.0111,0.8025
0.601,-0.0757,-0.1587,-0.1203,0.0573,0.1411,0.1411,0.1712,-0.0111,0.8025
0.605,-0.0757,-0.1587,-0.1203,0.0573,0.1411,0.1411,0.1712,-0.0111,0.8025
0.609,-0.0757,-0.1587,-0.1203,0.0573,0.1411,0.1411,0.1712,-0.0111,0.8026
0.613,-0.0621,-0.1587,-0.1203,0.0581,0.1411,0.1411,0.3160,-0.0111,0.8026
0.618,-0.0621,-0.1528,-0.1203,0.0581,0.1430,0.1430,0.3160,-0.0150,0.8026
0.622,-0.0621,-0.1528,-0.1203,0.0581,0.1430,0.1430,0.3160,-0.0150,0.8026
0.626,-0.0621,-0.1528,-0.1203,0.0609,0.1430,0.1430,0.3100,-0.0150,0.8026
0.633,-0.0621,-0.1528,-0.1203,0.0609,0.1499,0.1499,0.3434,-0.0297,0.8026
0.642,-0.0645,-0.1528,-0.1202,0.0597,0.1499,0.1499,0.3490,-0.0297,0.8026
0.659,-0.0649,-0.1587,-0.1202,0.0605,0.1469,0.1469,0.2628,-0.0160,0.8026
0.666,-0.0649,-0.1597,-0.1202,0.0605,0.1489,0.1489,0.2628,-0.0121,0.8026
0.670,-0.0649,-0.1597,-0.1202,0.0605,0.1489,0.1489,0.2628,-0.0121,0.8026
0.675,-0.0649,-0.1597,-0.1202,0.0605,0.1489,0.1489,0.2993,-0.0121,0.8026
0.680,-0.0649,-0.1597,-0.1202,0.0581,0.1489,0.1489,0.2981,-0.0121,0.8026
0.684,-0.0649,-0.1597,-0.1202,0.0581,0.1430,0.1430,0.2981,-0.0150,0.8026
0.693,-0.0657,-0.1597,-0.1202,0.0565,0.1430,0.1430,0.4530,-0.0150,0.8026
0.699,-0.0657,-0.1616,-0.1202,0.0565,0.1391,0.1391,0.4530,-0.0072,0.8026
0.703,-0.0657,-0.1616,-0.1203,0.0565,0.1391,0.1391,0.4530,-0.0072,0.8026
0.707,-0.0657,-0.1616,-0.1203,0.0565,0.1391,0.1391,0.4530,-0.0072,0.8026
0.711,-0.0613,-0.1616,-0.1203,0.0573,0.1391,0.1391,0.4490,-0.0072,0.8026
0.716,-0.0613,-0.1509,-0.1202,0.0573,0.1411,0.1411,0.2418,-0.0170,0.8026
0.721,-0.0613,-0.1509,-0.1202,0.0573,0.1411,0.1411,0.2418,-0.0170,0.8026
0.725,-0.0613,-0.1509,-0.1202,0.0573,0.1411,0.1411,0.2418,-0.0170,0.8026
0.730,-0.0661,-0.1509,-0.1202,0.0593,0.1411,0.1411,0.2414,-0.0170,0.8026
0.734,-0.0661,-0.1626,-0.1202,0.0593,0.1460,0.1460,0.1666,-0.0180,0.8026
0.739,-0.0661,-0.1626,-0.1202,0.0593,0.1460,0.1460,0.1666,-0.0180,0.8026
0.744,-0.0677,-0.1626,-0.1202,0.0601,0.1460,0.1460,0.1662,-0.0180,0.8026
0.753,-0.0677,-0.1665,-0.1202,0.0601,0.1479,0.1479,0.1927,-0.0190,0.8026
0.757,-0.0677,-0.1665,-0.1203,0.0601,0.1479,0.1479,0.1927,-0.0190,0.8026
0.761,-0.0609,-0.1665,-0.1203,0.0581,0.1479,0.1479,0.1963,-0.0190,0.8026
0.765,-0.0609,-0.1499,-0.1203,0.0581,0.1430,0.1430,0.1963,-0.0101,0.8026
0.769,-0.0609,-0.1499,-0.1202,0.0581,0.1430,0.1430,0.1963,-0.0101,0.8026
0.773,-0.0609,-0.1499,-0.1202,0.0581,0.1430,0.1430,0.1122,-0.0101,0.8026
0.777,-0.0665,-0.1499,-0.1202,0.0593,0.1430,0.1430,0.1078,-0.0101,0.8026
0.781,-0.0665,-0.1636,-0.1202,0.0593,0.1460,0.1460,0.1078,-0.0209,0.8026
0.785,-0.0665,-0.1636,-0.1202,0.0593,0.1460,0.1460,0.1078,-0.0209,0.8026
0.789,-0.0665,-0.1636,-0.1202,0.0593,0.1460,0.1460,0.1078,-0.0209,0.8026
0.793,-0.0625,-0.1636,-0.1202,0.0577,0.1460,0.1460,0.0211,-0.0209,0.8026
0.798,-0.0625,-0.1538,-0.1202,0.0577,0.1420,0.1420,0.0211,-0.0219,0.8026
0.802,-0.0625,-0.1538,-0.1202,0.0577,0.1420,0.1420,0.0211,-0.0219,0.8026
0.806,-0.0625,-0.1538,-0.1202,0.0577,0.1420,0.1420,0.0211,-0.0219,0.8026
0.809,-0.0637,-0.1538,-0.1202,0.0601,0.1420,0.1420,0.0195,-0.0219,0.8026
0.813,-0.0637,-0.1567,-0.1202,0.0601,0.1479,0.1479,0.1296,-0.0258,0.8026
0.818,-0.0637,-0.1567,-0.1202,0.0601,0.1479,0.1479,0.1296,-0.0258,0.8026
0.822,-0.0637,-0.1567,-0.1202,0.0601,0.1479,0.1479,0.1296,-0.0258,0.8026
0.826,-0.0637,-0.1567,-0.1202,0.0593,0.1479,0.1479,0.1391,-0.0258,0.8026
0.830,-0.0637,-0.1567,-0.1202,0.0593,0.1460,0.1460,0.1391,-0.0023,0.8026
0.834,-0.0637,-0.1567,-0.1202,0.0593,0.1460,0.1460,0.0326,-0.0023,0.8026
0.838,-0.0637,-0.1567,-0.1202,0.0593,0.1460,0.1460,0.0326,-0.0023,0.8026
0.848,-0.0621,-0.1567,-0.1202,0.0577,0.1460,0.1460,0.0338,-0.0023,0.8026
0.858,-0.0621,-0.1528,-0.1201,0.0577,0.1420,0.1420,0.1716,0.0006,0.8026
0.864,-0.0637,-0.1528,-0.1201,0.0581,0.1420,0.1420,0.1700,0.0006,0.8026
0.869,-0.0637,-0.1567,-0.1201,0.0581,0.1430,0.1430,0.1700,-0.0033,0.8026
0.873,-0.0637,-0.1567,-0.1201,0.0581,0.1430,0.1430,0.1009,-0.0033,0.8026
0.878,-0.0637,-0.1567,-0.1201,0.0593,0.1430,0.1430,0.1009,-0.0033,0.8026
0.883,-0.0637,-0.1567,-0.1201,0.0593,0.1460,0.1460,0.1009,-0.0033,0.8026
0.886,-0.0637,-0.1567,-0.1201,0.0593,0.1460,0.1460,0.1009,-0.0033,0.8026
0.890,-0.0637,-0.1567,-0.1201,0.0593,0.1460,0.1460,0.1009,-0.0033,0.8026
0.894,-0.0633,-0.1567,-0.1200,0.0617,0.1460,0.1460,0.0185,-0.0033,0.8026
0.900,-0.0633,-0.1557,-0.1200,0.0617,0.1518,0.1518,0.0185,-0.0180,0.8026
0.904,-0.0633,-0.1557,-0.1200,0.0617,0.1518,0.1518,0.0185,-0.0180,0.8026
0.908,-0.0633,-0.1557,-0.1200,0.0617,0.1518,0.1518,0.0185,-0.0180,0.8026
0.912,-0.0645,-0.1557,-0.1200,0.0585,0.1518,0.1518,0.0225,-0.0180,0.8026
0.916,-0.0645,-0.1587,-0.1200,0.0585,0.1440,0.1440,0.1427,-0.0082,0.8026
0.921,-0.0645,-0.1587,-0.1200,0.0585,0.1440,0.1440,0.1427,-0.0082,0.8026
0.924,-0.0645,-0.1587,-0.1200,0.0585,0.1440,0.1440,0.1427,-0.0082,0.8026
0.928,-0.0621,-0.1587,-0.1200,0.0585,0.1440,0.1440,0.1427,-0.0082,0.8026
0.933,-0.0621,-0.1528,-0.1200,0.0585,0.1440,0.1440,-0.0619,-0.0082,0.8026
0.937,-0.0621,-0.1528,-0.1200,0.0585,0.1440,0.1440,-0.0619,-0.0082,0.8026
0.941,-0.0621,-0.1528,-0.1200,0.0585,0.1440,0.1440,-0.0619,-0.0082,0.8026
0.944,-0.0621,-0.1528,-0.1200,0.0597,0.1440,0.1440,-0.0635,-0.0082,0.8026
0.948,-0.0621,-0.1528,-0.1200,0.0597,0.1469,0.1469,-0.0635,-0.0121,0.8026
0.952,-0.0621,-0.1528,-0.1199,0.0597,0.1469,0.1469,0.0423,-0.0121,0.8026
0.958,-0.0621,-0.1528,-0.1199,0.0597,0.1469,0.1469,0.0423,-0.0121,0.8026
0.967,-0.0641,-0.1528,-0.1199,0.0581,0.1469,0.1469,0.0415,-0.0121,0.8026
0.971,-0.0641,-0.1577,-0.1199,0.0581,0.1430,0.1430,0.0415,-0.0141,0.8026
0.975,-0.0621,-0.1577,-0.1199,0.0585,0.1430,0.1430,0.0402,-0.0141,0.8026
0.980,-0.0621,-0.1528,-0.1199,0.0585,0.1440,0.1440,0.0402,-0.0062,0.8026
0.984,-0.0621,-0.1528,-0.1199,0.0585,0.1440,0.1440,0.0402,-0.0062,0.8026
0.988,-0.0621,-0.1528,-0.1199,0.0585,0.1440,0.1440,0.0402,-0.0062,0.8026
0.997,-0.0621,-0.1528,-0.1199,0.0601,0.1440,0.1440,-0.1701,-0.0062,0.8026
1.003,-0.0621,-0.1528,-0.1198,0.0601,0.1479,0.1479,-0.1701,-0.0082,0.8026
1.007,-0.0621,-0.1528,-0.1198,0.0601,0.1479,0.1479,-0.1701,-0.0082,0.8026
1.012,-0.0633,-0.1528,-0.1198,0.0569,0.1479,0.1479,-0.1705,-0.0082,0.8026
1.016,-0.0633,-0.1557,-0.1198,0.0569,0.1401,0.1401,-0.1814,-0.0092,0.8026
1.021,-0.0633,-0.1557,-0.1198,0.0569,0.1401,0.1401,-0.1814,-0.0092,0.8026
1.026,-0.0621,-0.1557,-0.1198,0.0577,0.1401,0.1401,-0.1786,-0.0092,0.8026
1.030,-0.0621,-0.1528,-0.1198,0.0577,0.1420,0.1420,-0.1786,-0.0023,0.8026
1.034,-0.0621,-0.1528,-0.1198,0.0577,0.1420,0.1420,-0.1819,-0.0023,0.8026
1.037,-0.0621,-0.1528,-0.1197,0.0577,0.1420,0.1420,-0.1819,-0.0023,0.8026
1.041,-0.0621,-0.1528,-0.1197,0.0577,0.1420,0.1420,-0.1819,-0.0023,0.8026
1.046,-0.0649,-0.1528,-0.1197,0.0589,0.1420,0.1420,-0.1843,-0.0023,0.8026
1.050,-0.0649,-0.1597,-0.1197,0.0589,0.1450,0.1450,-0.1843,-0.0082,0.8026
1.054,-0.0649,-0.1597,-0.1197,0.0589,0.1450,0.1450,-0.1019,-0.0082,0.8026
1.059,-0.0597,-0.1597,-0.1197,0.0621,0.1450,0.1450,-0.1063,-0.0082,0.8026
1.068,-0.0597,-0.1469,-0.1197,0.0621,0.1528,0.1528,-0.1063,-0.0190,0.8026
1.072,-0.0597,-0.1469,-0.1197,0.0621,0.1528,0.1528,-0.1063,-0.0190,0.8026
1.076,-0.0649,-0.1469,-0.1196,0.0605,0.1528,0.1528,-0.0376,-0.0190,0.8026
1.081,-0.0649,-0.1597,-0.1196,0.0605,0.1489,0.1489,-0.0376,-0.0170,0.8026
1.085,-0.0649,-0.1597,-0.1196,0.0605,0.1489,0.1489,-0.0376,-0.0170,0.8026
1.090,-0.0649,-0.1597,-0.1196,0.0605,0.1489,0.1489,-0.0376,-0.0170,0.8026
1.094,-0.0653,-0.1597,-0.1197,0.0601,0.1489,0.1489,-0.1546,-0.0170,0.8026
1.099,-0.0653,-0.1606,-0.1197,0.0601,0.1479,0.1479,-0.1546,-0.0209,0.8026
1.103,-0.0653,-0.1606,-0.1197,0.0601,0.1479,0.1479,-0.1546,-0.0209,0.8026
1.107,-0.0653,-0.1606,-0.1197,0.0601,0.1479,0.1479,-0.1546,-0.0209,0.8026
1.111,-0.0649,-0.1606,-0.1197,0.0581,0.1479,0.1479,-0.1519,-0.0209,0.8026
1.116,-0.0649,-0.1597,-0.1197,0.0581,0.1430,0.1430,-0.1082,-0.0141,0.8026
1.120,-0.0649,-0.1597,-0.1197,0.0581,0.1430,0.1430,-0.1082,-0.0141,0.8026
1.124,-0.0649,-0.1597,-0.1197,0.0581,0.1430,0.1430,-0.1082,-0.0141,0.8026
1.128,-0.0649,-0.1597,-0.1197,0.0609,0.1430,0.1430,-0.1070,-0.0141,0.8026
1.132,-0.0649,-0.1597,-0.1197,0.0609,0.1499,0.1499,-0.2443,-0.0111,0.8026
1.137,-0.0649,-0.1597,-0.1197,0.0609,0.1499,0.1499,-0.2443,-0.0111,0.8026
1.140,-0.0649,-0.1597,-0.1197,0.0609,0.1499,0.1499,-0.2443,-0.0111,0.8026
1.148,-0.0669,-0.1597,-0.1197,0.0585,0.1499,0.1499,-0.2443,-0.0111,0.8026
1.153,-0.0669,-0.1646,-0.1198,0.0585,0.1440,0.1440,-0.2210,-0.0111,0.8026
1.157,-0.0669,-0.1646,-0.1198,0.0585,0.1440,0.1440,-0.2210,-0.0111,0.8026
1.162,-0.0637,-0.1646,-0.1198,0.0601,0.1440,0.1440,-0.2182,-0.0111,0.8026
1.169,-0.0637,-0.1567,-0.1198,0.0601,0.1479,0.1479,-0.2182,-0.0043,0.8026
1.173,-0.0637,-0.1567,-0.1198,0.0601,0.1479,0.1479,-0.2820,-0.0043,0.8026
1.177,-0.0657,-0.1567,-0.1198,0.0589,0.1479,0.1479,-0.2860,-0.0043,0.8026
1.180,-0.0657,-0.1616,-0.1198,0.0589,0.1450,0.1450,-0.2860,-0.0141,0.8026
1.184,-0.0657,-0.1616,-0.1198,0.0589,0.1450,0.1450,-0.2860,-0.0141,0.8026
1.187,-0.0657,-0.1616,-0.1198,0.0589,0.1450,0.1450,-0.2860,-0.0141,0.8026
1.191,-0.0657,-0.1616,-0.1198,0.0589,0.1450,0.1450,-0.2860,-0.0141,0.8026
1.194,-0.0653,-0.1616,-0.1198,0.0581,0.1450,0.1450,-0.3505,-0.0141,0.8026
1.199,-0.0653,-0.1606,-0.1198,0.0581,0.1430,0.1430,-0.3505,-0.0121,0.8026
1.202,-0.0653,-0.1606,-0.1198,0.0581,0.1430,0.1430,-0.3505,-0.0121,0.8026
1.206,-0.0653,-0.1606,-0.1198,0.0581,0.1430,0.1430,-0.3505,-0.0121,0.8026
1.209,-0.0629,-0.1606,-0.1198,0.0589,0.1430,0.1430,-0.3529,-0.0121,0.8026
1.213,-0.0629,-0.1548,-0.1198,0.0589,0.1450,0.1450,-0.4170,-0.0180,0.8026
1.217,-0.0629,-0.1548,-0.1198,0.0589,0.1450,0.1450,-0.4170,-0.0180,0.8026
1.220,-0.0629,-0.1548,-0.1198,0.0589,0.1450,0.1450,-0.4170,-0.0180,0.8026
1.224,-0.0629,-0.1548,-0.1198,0.0589,0.1450,0.1450,-0.4170,-0.0180,0.8026
1.227,-0.0633,-0.1548,-0.1198,0.0597,0.1450,0.1450,-0.4134,-0.0180,0.8026
1.231,-0.0633,-0.1557,-0.1198,0.0597,0.1469,0.1469,-0.4134,-0.0092,0.8026
1.234,-0.0633,-0.1557,-0.1198,0.0597,0.1469,0.1469,-0.4564,-0.0092,0.8026
1.238,-0.0633,-0.1557,-0.1198,0.0597,0.1469,0.1469,-0.4564,-0.0092,0.8026
1.242,-0.0633,-0.1557,-0.1198,0.0597,0.1469,0.1469,-0.4564,-0.0092,0.8026
1.245,-0.0633,-0.1557,-0.1198,0.0601,0.1469,0.1469,-0.4592,-0.0092,0.8026
1.249,-0.0633,-0.1557,-0.1198,0.0601,0.1479,0.1479,-0.4592,-0.0160,0.8026
1.252,-0.0633,-0.1557,-0.1198,0.0601,0.1479,0.1479,-0.4592,-0.0160,0.8026
1.256,-0.0633,-0.1557,-0.1198,0.0601,0.1479,0.1479,-0.4998,-0.0160,0.8026
1.260,-0.0649,-0.1557,-0.1198,0.0621,0.1479,0.1479,-0.4994,-0.0160,0.8026
1.265,-0.0649,-0.1597,-0.1198,0.0621,0.1528,0.1528,-0.4994,-0.0150,0.8026
1.273,-0.0649,-0.1597,-0.1198,0.0621,0.1528,0.1528,-0.4889,-0.0150,0.8026
1.277,-0.0621,-0.1597,-0.1198,0.0585,0.1528,0.1528,-0.4897,-0.0150,0.8026
1.282,-0.0621,-0.1528,-0.1198,0.0585,0.1440,0.1440,-0.4897,-0.0170,0.8026
1.285,-0.0621,-0.1528,-0.1198,0.0585,0.1440,0.1440,-0.4897,-0.0170,0.8026
1.289,-0.0621,-0.1528,-0.1198,0.0585,0.1440,0.1440,-0.4897,-0.0170,0.8026
1.292,-0.0653,-0.1528,-0.1197,0.0585,0.1440,0.1440,-0.4814,-0.0170,0.8026
1.300,-0.0653,-0.1606,-0.1198,0.0585,0.1440,0.1440,-0.4814,-0.0092,0.8026
1.305,-0.0653,-0.1606,-0.1198,0.0585,0.1440,0.1440,-0.4814,-0.0092,0.8026
1.309,-0.0621,-0.1606,-0.1198,0.0605,0.1440,0.1440,-0.4830,-0.0092,0.8026
1.312,-0.0621,-0.1528,-0.1198,0.0605,0.1489,0.1489,-0.4826,-0.0131,0.8026
1.316,-0.0621,-0.1528,-0.1198,0.0605,0.1489,0.1489,-0.4826,-0.0131,0.8026
1.320,-0.0621,-0.1528,-0.1197,0.0605,0.1489,0.1489,-0.4826,-0.0131,0.8026
1.323,-0.0621,-0.1528,-0.1197,0.0605,0.1489,0.1489,-0.4826,-0.0131,0.8026
1.327,-0.0645,-0.1528,-0.1197,0.0573,0.1489,0.1489,-0.4806,-0.0131,0.8026
1.331,-0.0645,-0.1587,-0.1197,0.0573,0.1411,0.1411,-0.4806,-0.0082,0.8026
1.335,-0.0645,-0.1587,-0.1197,0.0573,0.1411,0.1411,-0.4849,-0.0082,0.8026
1.338,-0.0645,-0.1587,-0.1197,0.0573,0.1411,0.1411,-0.4849,-0.0082,0.8026
1.342,-0.0645,-0.1587,-0.1197,0.0573,0.1411,0.1411,-0.4849,-0.0082,0.8026
1.345,-0.0653,-0.1587,-0.1197,0.0581,0.1411,0.1411,-0.4853,-0.0082,0.8026
1.349,-0.0653,-0.1606,-0.1197,0.0581,0.1430,0.1430,-0.4853,-0.0092,0.8026
1.352,-0.0653,-0.1606,-0.1197,0.0581,0.1430,0.1430,-0.5172,-0.0092,0.8026
1.356,-0.0653,-0.1606,-0.1198,0.0581,0.1430,0.1430,-0.5172,-0.0092,0.8026
1.359,-0.0641,-0.1606,-0.1198,0.0617,0.1430,0.1430,-0.5184,-0.0092,0.8026
1.363,-0.0641,-0.1577,-0.1198,0.0617,0.1518,0.1518,-0.5184,-0.0121,0.8026
1.368,-0.0641,-0.1577,-0.1198,0.0617,0.1518,0.1518,-0.5184,-0.0121,0.8026
1.375,-0.0641,-0.1577,-0.1198,0.0617,0.1518,0.1518,-0.5554,-0.0121,0.8026
1.379,-0.0621,-0.1577,-0.1198,0.0577,0.1518,0.1518,-0.5550,-0.0121,0.8026
1.383,-0.0621,-0.1528,-0.1197,0.0577,0.1420,0.1420,-0.5550,-0.0111,0.8026
1.387,-0.0621,-0.1528,-0.1197,0.0577,0.1420,0.1420,-0.5550,-0.0111,0.8026
1.390,-0.0621,-0.1528,-0.1197,0.0577,0.1420,0.1420,-0.5550,-0.0111,0.8026
1.393,-0.0605,-0.1528,-0.1197,0.0573,0.1420,0.1420,-0.5934,-0.0111,0.8026
1.397,-0.0605,-0.1489,-0.1197,0.0573,0.1411,0.1411,-0.5934,-0.0121,0.8026
1.401,-0.0605,-0.1489,-0.1197,0.0573,0.1411,0.1411,-0.5934,-0.0121,0.8026
1.405,-0.0605,-0.1489,-0.1197,0.0573,0.1411,0.1411,-0.5934,-0.0121,0.8026
1.408,-0.0605,-0.1489,-0.1196,0.0573,0.1411,0.1411,-0.5934,-0.0121,0.8026
1.412,-0.0649,-0.1489,-0.1196,0.0581,0.1411,0.1411,-0.5919,-0.0121,0.8026
1.415,-0.0649,-0.1597,-0.1196,0.0581,0.1430,0.1430,-0.6423,-0.0082,0.8026
1.419,-0.0649,-0.1597,-0.1196,0.0581,0.1430,0.1430,-0.6423,-0.0082,0.8026
1.423,-0.0649,-0.1597,-0.1196,0.0581,0.1430,0.1430,-0.6423,-0.0082,0.8026
1.426,-0.0617,-0.1597,-0.1196,0.0577,0.1430,0.1430,-0.6439,-0.0082,0.8026
1.430,-0.0617,-0.1518,-0.1196,0.0577,0.1420,0.1420,-0.6439,-0.0121,0.8026
1.434,-0.0617,-0.1518,-0.1196,0.0577,0.1420,0.1420,-0.6955,-0.0121,0.8026
1.438,-0.0617,-0.1518,-0.1196,0.0577,0.1420,0.1420,-0.6955,-0.0121,0.8026
1.441,-0.0617,-0.1518,-0.1196,0.0577,0.1420,0.1420,-0.6955,-0.0121,0.8026
1.444,-0.0613,-0.1518,-0.1196,0.0585,0.1420,0.1420,-0.6927,-0.0121,0.8026
1.453,-0.0613,-0.1509,-0.1196,0.0585,0.1440,0.1440,-0.7426,-0.0053,0.8026
1.459,-0.0645,-0.1509,-0.1195,0.0621,0.1440,0.1440,-0.7478,-0.0053,0.8026
1.464,-0.0645,-0.1587,-0.1196,0.0621,0.1528,0.1528,-0.7478,-0.0180,0.8026
1.468,-0.0645,-0.1587,-0.1196,0.0621,0.1528,0.1528,-0.7478,-0.0180,0.8026
1.473,-0.0645,-0.1587,-0.1196,0.0621,0.1528,0.1528,-0.7957,-0.0180,0.8026
1.483,-0.0661,-0.1587,-0.1196,0.0597,0.1528,0.1528,-0.7953,-0.0180,0.8026
1.488,-0.0661,-0.1626,-0.1196,0.0597,0.1469,0.1469,-0.7953,-0.0170,0.8026
1.492,-0.0645,-0.1626,-0.1196,0.0561,0.1469,0.1469,-0.7917,-0.0170,0.8026
1.496,-0.0645,-0.1587,-0.1196,0.0561,0.1381,0.1381,-0.8438,-0.0082,0.8026
1.500,-0.0645,-0.1587,-0.1196,0.0561,0.1381,0.1381,-0.8438,-0.0082,0.8026
1.504,-0.0645,-0.1587,-0.1196,0.0561,0.1381,0.1381,-0.8438,-0.0082,0.8026
1.507,-0.0645,-0.1587,-0.1196,0.0561,0.1381,0.1381,-0.8438,-0.0082,0.8026
1.511,-0.0641,-0.1587,-0.1196,0.0593,0.1381,0.1381,-0.8474,-0.0082,0.8026
1.515,-0.0641,-0.1577,-0.1196,0.0593,0.1460,0.1460,-0.9140,-0.0170,0.8026
1.520,-0.0641,-0.1577,-0.1196,0.0593,0.1460,0.1460,-0.9140,-0.0170,0.8026
1.524,-0.0641,-0.1577,-0.1196,0.0593,0.1460,0.1460,-0.9140,-0.0170,0.8026
1.527,-0.0641,-0.1577,-0.1196,0.0601,0.1460,0.1460,-0.9132,-0.0170,0.8026
1.531,-0.0641,-0.1577,-0.1196,0.0601,0.1479,0.1479,-0.9132,-0.0150,0.8026
1.535,-0.0641,-0.1577,-0.1196,0.0601,0.1479,0.1479,-0.9868,-0.0150,0.8026
1.539,-0.0641,-0.1577,-0.1196,0.0601,0.1479,0.1479,-0.9868,-0.0150,0.8026
1.542,-0.0637,-0.1577,-0.1196,0.0585,0.1479,0.1479,-0.9844,-0.0150,0.8026
1.546,-0.0637,-0.1567,-0.1196,0.0585,0.1440,0.1440,-0.9844,-0.0092,0.8026
1.550,-0.0637,-0.1567,-0.1196,0.0585,0.1440,0.1440,-0.9844,-0.0092,0.8026
1.554,-0.0637,-0.1567,-0.1196,0.0585,0.1440,0.1440,-1.0532,-0.0092,0.8026
1.558,-0.0637,-0.1567,-0.1196,0.0585,0.1440,0.1440,-1.0532,-0.0092,0.8026
1.561,-0.0641,-0.1567,-0.1196,0.0613,0.1440,0.1440,-1.0555,-0.0092,0.8026
1.565,-0.0641,-0.1577,-0.1196,0.0613,0.1509,0.1509,-1.0555,-0.0150,0.8026
1.568,-0.0641,-0.1577,-0.1196,0.0613,0.1509,0.1509,-1.0555,-0.0150,0.8026
1.572,-0.0641,-0.1577,-0.1196,0.0613,0.1509,0.1509,-1.0555,-0.0150,0.8026
1.575,-0.0641,-0.1577,-0.1196,0.0613,0.1509,0.1509,-1.1177,-0.0150,0.8026
1.580,-0.0641,-0.1577,-0.1196,0.0609,0.1509,0.1509,-1.1161,-0.0150,0.8026
1.589,-0.0641,-0.1577,-0.1196,0.0609,0.1499,0.1499,-1.1161,-0.0111,0.8026
1.593,-0.0657,-0.1577,-0.1196,0.0565,0.1499,0.1499,-1.1924,-0.0111,0.8026
1.597,-0.0657,-0.1616,-0.1196,0.0565,0.1391,0.1391,-1.1924,-0.0111,0.8026
1.605,-0.0657,-0.1616,-0.1196,0.0565,0.1391,0.1391,-1.1924,-0.0111,0.8026
1.610,-0.0629,-0.1616,-0.1197,0.0585,0.1391,0.1391,-1.1952,-0.0111,0.8026
1.613,-0.0629,-0.1548,-0.1197,0.0585,0.1440,0.1440,-1.2653,-0.0180,0.8026
1.618,-0.0629,-0.1548,-0.1197,0.0585,0.1440,0.1440,-1.2653,-0.0180,0.8026
1.622,-0.0629,-0.1548,-0.1196,0.0585,0.1440,0.1440,-1.2653,-0.0180,0.8026
1.626,-0.0617,-0.1548,-0.1196,0.0593,0.1440,0.1440,-1.2641,-0.0180,0.8026
1.630,-0.0617,-0.1518,-0.1196,0.0593,0.1460,0.1460,-1.2641,-0.0150,0.8026
1.634,-0.0617,-0.1518,-0.1196,0.0593,0.1460,0.1460,-1.3256,-0.0150,0.8026
1.638,-0.0617,-0.1518,-0.1196,0.0593,0.1460,0.1460,-1.3256,-0.0150,0.8026
1.642,-0.0617,-0.1518,-0.1196,0.0593,0.1460,0.1460,-1.3256,-0.0150,0.8026
1.645,-0.0617,-0.1518,-0.1196,0.0601,0.1460,0.1460,-1.3256,-0.0150,0.8026
1.649,-0.0617,-0.1518,-0.1196,0.0601,0.1479,0.1479,-1.3256,-0.0150,0.8026
1.653,-0.0617,-0.1518,-0.1196,0.0601,0.1479,0.1479,-1.3781,-0.0150,0.8026
1.657,-0.0617,-0.1518,-0.1195,0.0601,0.1479,0.1479,-1.3781,-0.0150,0.8026
1.660,-0.0629,-0.1518,-0.1195,0.0581,0.1479,0.1479,-1.3777,-0.0150,0.8026
1.664,-0.0629,-0.1548,-0.1195,0.0581,0.1430,0.1430,-1.3777,-0.0141,0.8026
1.667,-0.0629,-0.1548,-0.1195,0.0581,0.1430,0.1430,-1.3777,-0.0141,0.8026
1.671,-0.0629,-0.1548,-0.1195,0.0581,0.1430,0.1430,-1.3777,-0.0141,0.8026
1.674,-0.0629,-0.1548,-0.1195,0.0581,0.1430,0.1430,-1.4206,-0.0141,0.8026
1.678,-0.0609,-0.1548,-0.1195,0.0597,0.1430,0.1430,-1.4214,-0.0141,0.8026
1.681,-0.0609,-0.1499,-0.1195,0.0597,0.1469,0.1469,-1.4214,-0.0160,0.8026
1.686,-0.0609,-0.1499,-0.1195,0.0597,0.1469,0.1469,-1.4214,-0.0160,0.8026
1.693,-0.0653,-0.1499,-0.1195,0.0569,0.1469,0.1469,-1.4524,-0.0160,0.8026
1.698,-0.0653,-0.1606,-0.1195,0.0569,0.1401,0.1401,-1.4524,-0.0092,0.8026
1.701,-0.0653,-0.1606,-0.1195,0.0569,0.1401,0.1401,-1.4524,-0.0092,0.8026
1.704,-0.0653,-0.1606,-0.1195,0.0569,0.1401,0.1401,-1.4524,-0.0092,0.8026
1.708,-0.0653,-0.1606,-0.1195,0.0569,0.1401,0.1401,-1.4524,-0.0092,0.8026
1.711,-0.0641,-0.1606,-0.1195,0.0609,0.1401,0.1401,-1.4520,-0.0092,0.8026
1.715,-0.0641,-0.1577,-0.1195,0.0609,0.1499,0.1499,-1.4767,-0.0082,0.8026
1.719,-0.0641,-0.1577,-0.1195,0.0609,0.1499,0.1499,-1.4767,-0.0082,0.8026
1.723,-0.0641,-0.1577,-0.1195,0.0609,0.1499,0.1499,-1.4767,-0.0082,0.8026
1.726,-0.0641,-0.1577,-0.1195,0.0581,0.1499,0.1499,-1.4795,-0.0082,0.8026
1.730,-0.0641,-0.1577,-0.1195,0.0581,0.1430,0.1430,-1.4795,-0.0150,0.8026
1.733,-0.0641,-0.1577,-0.1195,0.0581,0.1430,0.1430,-1.5028,-0.0150,0.8026
1.737,-0.0641,-0.1577,-0.1195,0.0581,0.1430,0.1430,-1.5028,-0.0150,0.8026
1.741,-0.0641,-0.1577,-0.1195,0.0581,0.1430,0.1430,-1.5028,-0.0150,0.8026
1.745,-0.0609,-0.1577,-0.1195,0.0593,0.1430,0.1430,-1.5000,-0.0150,0.8026
1.749,-0.0609,-0.1499,-0.1195,0.0593,0.1460,0.1460,-1.5000,-0.0082,0.8026
1.758,-0.0609,-0.1499,-0.1195,0.0593,0.1460,0.1460,-1.5149,-0.0082,0.8026
1.764,-0.0665,-0.1499,-0.1194,0.0601,0.1460,0.1460,-1.5141,-0.0082,0.8026
1.768,-0.0665,-0.1636,-0.1195,0.0601,0.1479,0.1479,-1.5141,-0.0062,0.8026
1.772,-0.0665,-0.1636,-0.1195,0.0601,0.1479,0.1479,-1.5141,-0.0062,0.8026
1.775,-0.0665,-0.1636,-0.1195,0.0601,0.1479,0.1479,-1.5306,-0.0062,0.8026
1.779,-0.0645,-0.1636,-0.1195,0.0597,0.1479,0.1479,-1.5362,-0.0062,0.8026
1.783,-0.0645,-0.1587,-0.1195,0.0597,0.1469,0.1469,-1.5362,-0.0199,0.8026
1.786,-0.0645,-0.1587,-0.1195,0.0597,0.1469,0.1469,-1.5362,-0.0199,0.8026
1.791,-0.0645,-0.1587,-0.1195,0.0597,0.1469,0.1469,-1.5362,-0.0199,0.8026
1.796,-0.0677,-0.1587,-0.1195,0.0581,0.1469,0.1469,-1.5524,-0.0199,0.8026
1.804,-0.0677,-0.1665,-0.1196,0.0581,0.1430,0.1430,-1.5524,-0.0141,0.8026
1.808,-0.0677,-0.1665,-0.1196,0.0581,0.1430,0.1430,-1.5524,-0.0141,0.8026
1.812,-0.0645,-0.1665,-0.1196,0.0597,0.1430,0.1430,-1.5508,-0.0141,0.8026
1.816,-0.0645,-0.1587,-0.1196,0.0597,0.1469,0.1469,-1.5602,-0.0101,0.8026
1.820,-0.0645,-0.1587,-0.1196,0.0597,0.1469,0.1469,-1.5602,-0.0101,0.8026
1.823,-0.0645,-0.1587,-0.1196,0.0597,0.1469,0.1469,-1.5602,-0.0101,0.8026
1.826,-0.0617,-0.1587,-0.1196,0.0585,0.1469,0.1469,-1.5590,-0.0101,0.8026
1.831,-0.0617,-0.1518,-0.1196,0.0585,0.1440,0.1440,-1.5590,-0.0072,0.8026
1.835,-0.0617,-0.1518,-0.1196,0.0585,0.1440,0.1440,-1.5573,-0.0072,0.8026
1.838,-0.0617,-0.1518,-0.1196,0.0585,0.1440,0.1440,-1.5573,-0.0072,0.8026
1.842,-0.0617,-0.1518,-0.1196,0.0585,0.1440,0.1440,-1.5573,-0.0072,0.8026
1.845,-0.0637,-0.1518,-0.1196,0.0589,0.1440,0.1440,-1.5577,-0.0072,0.8026
1.849,-0.0637,-0.1567,-0.1196,0.0589,0.1450,0.1450,-1.5577,-0.0082,0.8026
1.853,-0.0637,-0.1567,-0.1196,0.0589,0.1450,0.1450,-1.5449,-0.0082,0.8026
1.857,-0.0637,-0.1567,-0.1196,0.0589,0.1450,0.1450,-1.5449,-0.0082,0.8026
1.860,-0.0629,-0.1567,-0.1196,0.0605,0.1450,0.1450,-1.5429,-0.0082,0.8026
1.864,-0.0629,-0.1548,-0.1196,0.0605,0.1489,0.1489,-1.5429,-0.0033,0.8026
1.868,-0.0629,-0.1548,-0.1196,0.0605,0.1489,0.1489,-1.5429,-0.0033,0.8026
1.871,-0.0629,-0.1548,-0.1196,0.0605,0.1489,0.1489,-1.5429,-0.0033,0.8026
1.874,-0.0629,-0.1548,-0.1196,0.0605,0.1489,0.1489,-1.5472,-0.0033,0.8026
1.878,-0.0665,-0.1548,-0.1195,0.0613,0.1489,0.1489,-1.5480,-0.0033,0.8026
1.882,-0.0665,-0.1636,-0.1196,0.0613,0.1509,0.1509,-1.5480,-0.0053,0.8026
1.886,-0.0665,-0.1636,-0.1196,0.0613,0.1509,0.1509,-1.5480,-0.0053,0.8026
1.889,-0.0665,-0.1636,-0.1196,0.0613,0.1509,0.1509,-1.5480,-0.0053,0.8026
1.892,-0.0657,-0.1636,-0.1196,0.0573,0.1509,0.1509,-1.5470,-0.0053,0.8026
1.898,-0.0657,-0.1616,-0.1196,0.0573,0.1411,0.1411,-1.5470,-0.0131,0.8026
1.906,-0.0657,-0.1616,-0.1196,0.0573,0.1411,0.1411,-1.5470,-0.0131,0.8026
1.914,-0.0645,-0.1616,-0.1196,0.0569,0.1411,0.1411,-1.5427,-0.0131,0.8026
1.919,-0.0645,-0.1587,-0.1196,0.0569,0.1401,0.1401,-1.5427,-0.0082,0.8026
1.922,-0.0645,-0.1587,-0.1196,0.0569,0.1401,0.1401,-1.5427,-0.0082,0.8026
1.925,-0.0641,-0.1587,-0.1197,0.0597,0.1401,0.1401,-1.5451,-0.0082,0.8026
1.929,-0.0641,-0.1577,-0.1197,0.0597,0.1469,0.1469,-1.5451,-0.0141,0.8026
1.933,-0.0641,-0.1577,-0.1197,0.0597,0.1469,0.1469,-1.5319,-0.0141,0.8026
1.937,-0.0641,-0.1577,-0.1197,0.0597,0.1469,0.1469,-1.5319,-0.0141,0.8026
1.940,-0.0641,-0.1577,-0.1197,0.0597,0.1469,0.1469,-1.5319,-0.0141,0.8026
1.943,-0.0637,-0.1577,-0.1197,0.0605,0.1469,0.1469,-1.5327,-0.0141,0.8026
1.947,-0.0637,-0.1567,-0.1197,0.0605,0.1489,0.1489,-1.5327,-0.0160,0.8026
1.950,-0.0637,-0.1567,-0.1197,0.0605,0.1489,0.1489,-1.5327,-0.0160,0.8026
1.954,-0.0637,-0.1567,-0.1197,0.0605,0.1489,0.1489,-1.5073,-0.0160,0.8026
1.958,-0.0637,-0.1567,-0.1197,0.0605,0.1489,0.1489,-1.5073,-0.0160,0.8026
1.961,-0.0633,-0.1567,-0.1196,0.0561,0.1489,0.1489,-1.5057,-0.0160,0.8026
1.965,-0.0633,-0.1557,-0.1196,0.0561,0.1381,0.1381,-1.5057,-0.0121,0.8026
1.968,-0.0633,-0.1557,-0.1196,0.0561,0.1381,0.1381,-1.5057,-0.0121,0.8026
1.972,-0.0633,-0.1557,-0.1196,0.0561,0.1381,0.1381,-1.5057,-0.0121,0.8026
1.975,-0.0633,-0.1557,-0.1196,0.0561,0.1381,0.1381,-1.4854,-0.0121,0.8026
1.979,-0.0633,-0.1557,-0.1196,0.0589,0.1381,0.1381,-1.4858,-0.0121,0.8026
1.983,-0.0633,-0.1557,-0.1196,0.0589,0.1450,0.1450,-1.4858,-0.0131,0.8026
1.986,-0.0633,-0.1557,-0.1196,0.0589,0.1450,0.1450,-1.4858,-0.0131,0.8026
1.990,-0.0633,-0.1557,-0.1196,0.0589,0.1450,0.1450,-1.4858,-0.0131,0.8026
1.993,-0.0629,-0.1557,-0.1196,0.0597,0.1450,0.1450,-1.4638,-0.0131,0.8026
1.997,-0.0629,-0.1548,-0.1196,0.0597,0.1469,0.1469,-1.4638,-0.0121,0.8026
2.002,-0.0629,-0.1548,-0.1196,0.0597,0.1469,0.1469,-1.4638,-0.0121,0.8026
2.009,-0.0637,-0.1548,-0.1196,0.0569,0.1469,0.1469,-1.4650,-0.0121,0.8026
2.013,-0.0637,-0.1567,-0.1196,0.0569,0.1401,0.1401,-1.4321,-0.0150,0.8026
2.017,-0.0637,-0.1567,-0.1196,0.0569,0.1401,0.1401,-1.4321,-0.0150,0.8026
2.021,-0.0637,-0.1567,-0.1196,0.0569,0.1401,0.1401,-1.4321,-0.0150,0.8026
2.024,-0.0637,-0.1567,-0.1196,0.0569,0.1401,0.1401,-1.4321,-0.0150,0.8026
2.027,-0.0637,-0.1567,-0.1196,0.0605,0.1401,0.1401,-1.4301,-0.0150,0.8026
2.032,-0.0637,-0.1567,-0.1196,0.0605,0.1489,0.1489,-1.4301,-0.0101,0.8026
2.035,-0.0637,-0.1567,-0.1196,0.0605,0.1489,0.1489,-1.3847,-0.0101,0.8026
2.039,-0.0637,-0.1567,-0.1196,0.0605,0.1489,0.1489,-1.3847,-0.0101,0.8026
2.043,-0.0641,-0.1567,-0.1196,0.0601,0.1489,0.1489,-1.3823,-0.0101,0.8026
2.046,-0.0641,-0.1577,-0.1196,0.0601,0.1479,0.1479,-1.3823,-0.0043,0.8026
2.050,-0.0641,-0.1577,-0.1196,0.0601,0.1479,0.1479,-1.3823,-0.0043,0.8026
2.053,-0.0641,-0.1577,-0.1196,0.0601,0.1479,0.1479,-1.3254,-0.0043,0.8026
2.057,-0.0641,-0.1577,-0.1196,0.0601,0.1479,0.1479,-1.3254,-0.0043,0.8026
2.065,-0.0645,-0.1577,-0.1196,0.0581,0.1479,0.1479,-1.3266,-0.0043,0.8026
2.071,-0.0645,-0.1587,-0.1196,0.0581,0.1430,0.1430,-1.3266,-0.0072,0.8026
2.074,-0.0645,-0.1587,-0.1196,0.0581,0.1430,0.1430,-1.2580,-0.0072,0.8026
2.079,-0.0649,-0.1587,-0.1196,0.0597,0.1430,0.1430,-1.2595,-0.0072,0.8026
2.084,-0.0649,-0.1597,-0.1196,0.0597,0.1469,0.1469,-1.2595,-0.0111,0.8026
2.088,-0.0649,-0.1597,-0.1196,0.0597,0.1469,0.1469,-1.2595,-0.0111,0.8026
2.092,-0.0649,-0.1597,-0.1196,0.0597,0.1469,0.1469,-1.2595,-0.0111,0.8026
2.095,-0.0621,-0.1597,-0.1196,0.0581,0.1469,0.1469,-1.2076,-0.0111,0.8026
2.100,-0.0621,-0.1528,-0.1196,0.0581,0.1430,0.1430,-1.2076,-0.0111,0.8026
2.104,-0.0621,-0.1528,-0.1196,0.0581,0.1430,0.1430,-1.2076,-0.0111,0.8026
2.109,-0.0637,-0.1528,-0.1196,0.0581,0.1430,0.1430,-1.2072,-0.0111,0.8026
2.117,-0.0637,-0.1567,-0.1196,0.0581,0.1430,0.1430,-1.1477,-0.0101,0.8026
2.121,-0.0637,-0.1567,-0.1196,0.0581,0.1430,0.1430,-1.1477,-0.0101,0.8026
2.125,-0.0637,-0.1567,-0.1196,0.0581,0.1430,0.1430,-1.1477,-0.0101,0.8026
2.128,-0.0669,-0.1567,-0.1196,0.0601,0.1430,0.1430,-1.1465,-0.0101,0.8026
2.133,-0.0669,-0.1646,-0.1196,0.0601,0.1479,0.1479,-1.0756,-0.0072,0.8026
2.138,-0.0669,-0.1646,-0.1196,0.0601,0.1479,0.1479,-1.0756,-0.0072,0.8026
2.141,-0.0669,-0.1646,-0.1196,0.0601,0.1479,0.1479,-1.0756,-0.0072,0.8026
2.144,-0.0657,-0.1646,-0.1197,0.0593,0.1479,0.1479,-1.0768,-0.0072,0.8026
2.149,-0.0657,-0.1616,-0.1197,0.0593,0.1460,0.1460,-1.0768,-0.0101,0.8026
2.152,-0.0657,-0.1616,-0.1197,0.0593,0.1460,0.1460,-1.0029,-0.0101,0.8026
2.156,-0.0657,-0.1616,-0.1197,0.0593,0.1460,0.1460,-1.0029,-0.0101,0.8026
2.160,-0.0625,-0.1616,-0.1197,0.0581,0.1460,0.1460,-1.0001,-0.0101,0.8026
2.164,-0.0625,-0.1538,-0.1197,0.0581,0.1430,0.1430,-1.0001,-0.0033,0.8026
2.168,-0.0625,-0.1538,-0.1197,0.0581,0.1430,0.1430,-1.0001,-0.0033,0.8026
2.171,-0.0625,-0.1538,-0.1197,0.0581,0.1430,0.1430,-1.0001,-0.0033,0.8026
2.174,-0.0625,-0.1538,-0.1197,0.0581,0.1430,0.1430,-0.9164,-0.0033,0.8026
2.178,-0.0637,-0.1538,-0.1197,0.0601,0.1430,0.1430,-0.9196,-0.0033,0.8026
2.182,-0.0637,-0.1567,-0.1197,0.0601,0.1479,0.1479,-0.9196,-0.0111,0.8026
2.186,-0.0637,-0.1567,-0.1197,0.0601,0.1479,0.1479,-0.9196,-0.0111,0.8026
2.190,-0.0637,-0.1567,-0.1197,0.0601,0.1479,0.1479,-0.9196,-0.0111,0.8026
2.194,-0.0641,-0.1567,-0.1197,0.0581,0.1479,0.1479,-0.8256,-0.0111,0.8026
2.199,-0.0641,-0.1577,-0.1197,0.0581,0.1430,0.1430,-0.8256,-0.0121,0.8026
2.202,-0.0641,-0.1577,-0.1197,0.0581,0.1430,0.1430,-0.8256,-0.0121,0.8026
2.205,-0.0641,-0.1577,-0.1197,0.0581,0.1430,0.1430,-0.8256,-0.0121,0.8026
2.209,-0.0641,-0.1577,-0.1197,0.0589,0.1430,0.1430,-0.8256,-0.0121,0.8026
2.218,-0.0641,-0.1577,-0.1197,0.0589,0.1450,0.1450,-0.7215,-0.0121,0.8026
2.227,-0.0625,-0.1577,-0.1197,0.0601,0.1450,0.1450,-0.7231,-0.0121,0.8026
2.231,-0.0625,-0.1538,-0.1196,0.0601,0.1479,0.1479,-0.7231,-0.0160,0.8026
2.235,-0.0625,-0.1538,-0.1196,0.0601,0.1479,0.1479,-0.6150,-0.0160,0.8026
2.239,-0.0625,-0.1538,-0.1196,0.0601,0.1479,0.1479,-0.6150,-0.0160,0.8026
2.242,-0.0625,-0.1538,-0.1196,0.0617,0.1479,0.1479,-0.6099,-0.0160,0.8026
2.246,-0.0625,-0.1538,-0.1196,0.0617,0.1518,0.1518,-0.6099,-0.0033,0.8026
2.250,-0.0625,-0.1538,-0.1196,0.0617,0.1518,0.1518,-0.6099,-0.0033,0.8026
2.253,-0.0625,-0.1538,-0.1196,0.0617,0.1518,0.1518,-0.5030,-0.0033,0.8026
2.257,-0.0625,-0.1538,-0.1196,0.0617,0.1518,0.1518,-0.5030,-0.0033,0.8026
2.261,-0.0629,-0.1538,-0.1196,0.0581,0.1518,0.1518,-0.5070,-0.0033,0.8026
2.264,-0.0629,-0.1548,-0.1196,0.0581,0.1430,0.1430,-0.5070,-0.0131,0.8026
2.268,-0.0629,-0.1548,-0.1196,0.0581,0.1430,0.1430,-0.5070,-0.0131,0.8026
2.272,-0.0629,-0.1548,-0.1196,0.0581,0.1430,0.1430,-0.5070,-0.0131,0.8026
2.275,-0.0653,-0.1548,-0.1196,0.0577,0.1430,0.1430,-0.3954,-0.0131,0.8026
2.280,-0.0653,-0.1606,-0.1196,0.0577,0.1420,0.1420,-0.3954,-0.0180,0.8026
2.283,-0.0653,-0.1606,-0.1196,0.0577,0.1420,0.1420,-0.3954,-0.0180,0.8026
2.286,-0.0653,-0.1606,-0.1196,0.0577,0.1420,0.1420,-0.3954,-0.0180,0.8026
2.290,-0.0653,-0.1606,-0.1196,0.0577,0.1420,0.1420,-0.3954,-0.0180,0.8026
2.293,-0.0649,-0.1606,-0.1196,0.0593,0.1420,0.1420,-0.3258,-0.0180,0.8026
2.297,-0.0649,-0.1597,-0.1196,0.0593,0.1460,0.1460,-0.3258,-0.0111,0.8026
2.301,-0.0649,-0.1597,-0.1196,0.0593,0.1460,0.1460,-0.3258,-0.0111,0.8026
2.304,-0.0649,-0.1597,-0.1196,0.0593,0.1460,0.1460,-0.3258,-0.0111,0.8026
2.307,-0.0649,-0.1597,-0.1196,0.0593,0.1460,0.1460,-0.3258,-0.0111,0.8026
2.311,-0.0665,-0.1597,-0.1196,0.0557,0.1460,0.1460,-0.3270,-0.0111,0.8026
2.314,-0.0665,-0.1636,-0.1196,0.0557,0.1371,0.1371,-0.2584,-0.0141,0.8026
2.319,-0.0665,-0.1636,-0.1196,0.0557,0.1371,0.1371,-0.2584,-0.0141,0.8026
2.323,-0.0665,-0.1636,-0.1197,0.0557,0.1371,0.1371,-0.2584,-0.0141,0.8026
2.328,-0.0637,-0.1636,-0.1197,0.0585,0.1371,0.1371,-0.2604,-0.0141,0.8026
2.335,-0.0637,-0.1567,-0.1197,0.0585,0.1440,0.1440,-0.1976,-0.0190,0.8026
2.339,-0.0637,-0.1567,-0.1197,0.0585,0.1440,0.1440,-0.1976,-0.0190,0.8026
2.343,-0.0653,-0.1567,-0.1197,0.0585,0.1440,0.1440,-0.1949,-0.0190,0.8026
2.346,-0.0653,-0.1606,-0.1197,0.0585,0.1440,0.1440,-0.1949,-0.0121,0.8026
2.350,-0.0653,-0.1606,-0.1197,0.0585,0.1440,0.1440,-0.1949,-0.0121,0.8026
2.354,-0.0653,-0.1606,-0.1197,0.0585,0.1440,0.1440,-0.1451,-0.0121,0.8026
2.357,-0.0653,-0.1606,-0.1197,0.0585,0.1440,0.1440,-0.1451,-0.0121,0.8026
2.361,-0.0649,-0.1606,-0.1197,0.0597,0.1440,0.1440,-0.1463,-0.0121,0.8026
2.369,-0.0649,-0.1597,-0.1197,0.0597,0.1469,0.1469,-0.1463,-0.0150,0.8026
2.374,-0.0649,-0.1597,-0.1197,0.0597,0.1469,0.1469,-0.0980,-0.0150,0.8026
2.378,-0.0673,-0.1597,-0.1197,0.0589,0.1469,0.1469,-0.0972,-0.0150,0.8026
2.382,-0.0673,-0.1655,-0.1197,0.0589,0.1450,0.1450,-0.0972,-0.0131,0.8026
2.386,-0.0673,-0.1655,-0.1198,0.0589,0.1450,0.1450,-0.0972,-0.0131,0.8026
2.389,-0.0673,-0.1655,-0.1198,0.0589,0.1450,0.1450,-0.0972,-0.0131,0.8026
2.392,-0.0605,-0.1655,-0.1198,0.0597,0.1450,0.1450,-0.0384,-0.0131,0.8026
2.397,-0.0605,-0.1489,-0.1198,0.0597,0.1469,0.1469,-0.0384,-0.0072,0.8026
2.400,-0.0605,-0.1489,-0.1197,0.0597,0.1469,0.1469,-0.0384,-0.0072,0.8026
2.404,-0.0605,-0.1489,-0.1197,0.0597,0.1469,0.1469,-0.0384,-0.0072,0.8026
2.407,-0.0605,-0.1489,-0.1197,0.0597,0.1469,0.1469,-0.0384,-0.0072,0.8026
2.410,-0.0629,-0.1489,-0.1197,0.0589,0.1469,0.1469,-0.0408,-0.0072,0.8026
2.414,-0.0629,-0.1548,-0.1197,0.0691,0.1450,0.1450,0.0247,-0.0131,0.8026
2.418,-0.0629,-0.1548,-0.1197,0.0691,0.1450,0.1450,0.0247,-0.0131,0.8026
2.421,-0.0629,-0.1548,-0.1197,0.0691,0.1450,0.1450,0.0247,-0.0131,0.8026
2.425,-0.0629,-0.1548,-0.1197,0.0691,0.1450,0.1450,0.0247,-0.0131,0.8026
2.430,-0.0653,-0.1548,-0.1197,0.0695,0.1450,0.1450,0.0223,-0.0131,0.8026
2.438,-0.0653,-0.1606,-0.1197,0.0801,0.1460,0.1460,0.0959,-0.0190,0.8026
2.442,-0.0641,-0.1606,-0.1197,0.0809,0.1460,0.1460,0.0995,-0.0190,0.8026
2.446,-0.0641,-0.1577,-0.1197,0.0809,0.1479,0.1479,0.0995,-0.0101,0.8026
2.450,-0.0641,-0.1577,-0.1197,0.0809,0.1479,0.1479,0.0995,-0.0101,0.8026
2.453,-0.0641,-0.1577,-0.1197,0.0920,0.1479,0.1479,0.1805,-0.0101,0.8026
2.458,-0.0641,-0.1577,-0.1197,0.0920,0.1479,0.1479,0.1805,-0.0101,0.8026
2.461,-0.0641,-0.1577,-0.1197,0.0908,0.1479,0.1479,0.1789,-0.0101,0.8026
2.465,-0.0641,-0.1577,-0.1197,0.0908,0.1450,0.1450,0.1789,-0.0141,0.8026
2.469,-0.0641,-0.1577,-0.1197,0.0908,0.1450,0.1450,0.1789,-0.0141,0.8026
2.472,-0.0641,-0.1577,-0.1197,0.0995,0.1450,0.1450,0.1930,-0.0141,0.8026
2.477,-0.0641,-0.1577,-0.1197,0.0995,0.1450,0.1450,0.1962,-0.0141,0.8026
2.480,-0.0641,-0.1577,-0.1197,0.0995,0.1450,0.1450,0.1962,-0.0062,0.8026
2.484,-0.0641,-0.1577,-0.1197,0.0995,0.1450,0.1450,0.1962,-0.0062,0.8026
2.488,-0.0641,-0.1577,-0.1197,0.0995,0.1450,0.1450,0.1962,-0.0062,0.8026
2.491,-0.0641,-0.1577,-0.1197,0.0995,0.1450,0.1450,0.1962,-0.0062,0.8026
2.494,-0.0625,-0.1577,-0.1197,0.1054,0.1450,0.1450,0.2088,-0.0062,0.8026
2.499,-0.0625,-0.1538,-0.1197,0.1054,0.1381,0.1381,0.2088,-0.0092,0.8026
2.502,-0.0625,-0.1538,-0.1197,0.1054,0.1381,0.1381,0.2088,-0.0092,0.8026
2.505,-0.0625,-0.1538,-0.1197,0.1054,0.1381,0.1381,0.2088,-0.0092,0.8026
2.509,-0.0629,-0.1538,-0.1197,0.1090,0.1381,0.1381,0.2076,-0.0092,0.8026
2.513,-0.0629,-0.1548,-0.1197,0.1176,0.1469,0.1469,0.2213,-0.0121,0.8026
2.521,-0.0629,-0.1548,-0.1197,0.1176,0.1469,0.1469,0.2213,-0.0121,0.8026
2.526,-0.0637,-0.1548,-0.1196,0.1168,0.1469,0.1469,0.2201,-0.0121,0.8026
2.530,-0.0637,-0.1567,-0.1196,0.1168,0.1450,0.1450,0.2201,-0.0150,0.8026
2.535,-0.0637,-0.1567,-0.1196,0.1247,0.1450,0.1450,0.2210,-0.0150,0.8026
2.543,-0.0629,-0.1567,-0.1196,0.1243,0.1450,0.1450,0.2210,-0.0150,0.8026
2.546,-0.0629,-0.1548,-0.1196,0.1243,0.1440,0.1440,0.2210,-0.0150,0.8026
2.551,-0.0629,-0.1548,-0.1196,0.1243,0.1440,0.1440,0.2210,-0.0150,0.8026
2.556,-0.0629,-0.1548,-0.1196,0.1324,0.1440,0.1440,0.2283,-0.0150,0.8026
2.560,-0.0625,-0.1548,-0.1196,0.1348,0.1440,0.1440,0.2275,-0.0150,0.8026
2.564,-0.0625,-0.1538,-0.1196,0.1348,0.1499,0.1499,0.2275,-0.0170,0.8026
2.567,-0.0625,-0.1538,-0.1196,0.1348,0.1499,0.1499,0.2275,-0.0170,0.8026
2.571,-0.0625,-0.1538,-0.1196,0.1348,0.1499,0.1499,0.2275,-0.0170,0.8026
2.574,-0.0625,-0.1538,-0.1196,0.1432,0.1499,0.1499,0.2446,-0.0170,0.8026
2.579,-0.0661,-0.1538,-0.1196,0.1456,0.1499,0.1499,0.2454,-0.0170,0.8026
2.583,-0.0661,-0.1626,-0.1196,0.1456,0.1557,0.1557,0.2454,-0.0150,0.8026
2.587,-0.0661,-0.1626,-0.1196,0.1456,0.1557,0.1557,0.2454,-0.0150,0.8026
2.590,-0.0661,-0.1626,-0.1196,0.1456,0.1557,0.1557,0.2454,-0.0150,0.8026
2.593,-0.0613,-0.1626,-0.1196,0.1507,0.1557,0.1557,0.2721,-0.0150,0.8026
2.598,-0.0613,-0.1509,-0.1196,0.1507,0.1469,0.1469,0.2721,-0.0141,0.8026
2.602,-0.0613,-0.1509,-0.1196,0.1507,0.1469,0.1469,0.2721,-0.0141,0.8026
2.605,-0.0613,-0.1509,-0.1196,0.1507,0.1469,0.1469,0.2721,-0.0141,0.8026
2.609,-0.0637,-0.1509,-0.1196,0.1519,0.1469,0.1469,0.2721,-0.0141,0.8026
2.613,-0.0637,-0.1567,-0.1196,0.1608,0.1499,0.1499,0.3070,-0.0141,0.8026
2.618,-0.0637,-0.1567,-0.1196,0.1608,0.1499,0.1499,0.3070,-0.0141,0.8026
2.622,-0.0637,-0.1567,-0.1196,0.1608,0.1499,0.1499,0.3070,-0.0141,0.8026
2.625,-0.0637,-0.1567,-0.1196,0.1608,0.1499,0.1499,0.3070,-0.0141,0.8026
2.628,-0.0629,-0.1567,-0.1196,0.1608,0.1499,0.1499,0.3074,-0.0141,0.8026
2.633,-0.0629,-0.1548,-0.1196,0.1704,0.1499,0.1499,0.3570,-0.0131,0.8026
2.637,-0.0629,-0.1548,-0.1196,0.1704,0.1499,0.1499,0.3570,-0.0131,0.8026
2.641,-0.0629,-0.1548,-0.1195,0.1704,0.1499,0.1499,0.3570,-0.0131,0.8026
2.649,-0.0641,-0.1548,-0.1195,0.1668,0.1499,0.1499,0.3539,-0.0131,0.8026
2.653,-0.0641,-0.1577,-0.1195,0.1750,0.1411,0.1411,0.3775,-0.0209,0.8026
2.658,-0.0641,-0.1577,-0.1195,0.1750,0.1411,0.1411,0.3775,-0.0209,0.8026
2.662,-0.0621,-0.1577,-0.1195,0.1774,0.1411,0.1411,0.3810,-0.0209,0.8026
2.667,-0.0621,-0.1528,-0.1195,0.1774,0.1469,0.1469,0.3810,-0.0121,0.8026
2.675,-0.0621,-0.1528,-0.1195,0.1837,0.1469,0.1469,0.3702,-0.0121,0.8026
2.681,-0.0585,-0.1528,-0.1195,0.1833,0.1469,0.1469,0.3702,-0.0121,0.8026
2.685,-0.0585,-0.1440,-0.1195,0.1833,0.1460,0.1460,0.3702,-0.0121,0.8026
2.688,-0.0585,-0.1440,-0.1194,0.1833,0.1460,0.1460,0.3702,-0.0121,0.8026
2.692,-0.0585,-0.1440,-0.1194,0.1833,0.1460,0.1460,0.3702,-0.0121,0.8026
2.695,-0.0649,-0.1440,-0.1194,0.1909,0.1460,0.1460,0.3602,-0.0121,0.8026
2.700,-0.0649,-0.1597,-0.1194,0.1909,0.1489,0.1489,0.3602,-0.0190,0.8026
2.703,-0.0649,-0.1597,-0.1194,0.1909,0.1489,0.1489,0.3602,-0.0190,0.8026
2.706,-0.0649,-0.1597,-0.1194,0.1909,0.1489,0.1489,0.3602,-0.0190,0.8026
2.710,-0.0657,-0.1597,-0.1194,0.1885,0.1489,0.1489,0.3630,-0.0190,0.8026
2.714,-0.0657,-0.1616,-0.1194,0.1912,0.1430,0.1430,0.2950,-0.0121,0.8026
2.718,-0.0657,-0.1616,-0.1194,0.1912,0.1430,0.1430,0.2950,-0.0121,0.8026
2.722,-0.0657,-0.1616,-0.1194,0.1912,0.1430,0.1430,0.2950,-0.0121,0.8026
2.725,-0.0657,-0.1616,-0.1194,0.1912,0.1430,0.1430,0.2950,-0.0121,0.8026
2.729,-0.0649,-0.1616,-0.1195,0.1923,0.1430,0.1430,0.2958,-0.0121,0.8026
2.734,-0.0649,-0.1597,-0.1195,0.1943,0.1460,0.1460,0.2177,-0.0101,0.8026
2.738,-0.0649,-0.1597,-0.1195,0.1943,0.1460,0.1460,0.2177,-0.0101,0.8026
2.742,-0.0641,-0.1597,-0.1195,0.1927,0.1460,0.1460,0.2169,-0.0101,0.8026
2.746,-0.0641,-0.1577,-0.1195,0.1927,0.1420,0.1420,0.2169,-0.0121,0.8026
2.751,-0.0641,-0.1577,-0.1195,0.1927,0.1420,0.1420,0.2169,-0.0121,0.8026
2.759,-0.0661,-0.1577,-0.1195,0.1977,0.1420,0.1420,0.1499,-0.0121,0.8026
2.764,-0.0661,-0.1626,-0.1195,0.1977,0.1479,0.1479,0.1499,-0.0150,0.8026
2.767,-0.0661,-0.1626,-0.1195,0.1977,0.1479,0.1479,0.1499,-0.0150,0.8026
2.770,-0.0661,-0.1626,-0.1195,0.1977,0.1479,0.1479,0.1499,-0.0150,0.8026
2.774,-0.0661,-0.1626,-0.1195,0.2010,0.1479,0.1479,0.0974,-0.0150,0.8026
2.778,-0.0665,-0.1626,-0.1196,0.1986,0.1479,0.1479,0.0978,-0.0150,0.8026
2.782,-0.0665,-0.1636,-0.1196,0.1986,0.1420,0.1420,0.0978,-0.0141,0.8026
2.786,-0.0665,-0.1636,-0.1196,0.1986,0.1420,0.1420,0.0978,-0.0141,0.8026
2.790,-0.0665,-0.1636,-0.1196,0.1986,0.1420,0.1420,0.0978,-0.0141,0.8026
2.793,-0.0641,-0.1636,-0.1196,0.2037,0.1420,0.1420,0.0598,-0.0141,0.8026
2.798,-0.0641,-0.1577,-0.1196,0.2037,0.1450,0.1450,0.0598,-0.0101,0.8026
2.801,-0.0641,-0.1577,-0.1196,0.2037,0.1450,0.1450,0.0598,-0.0101,0.8026
2.805,-0.0641,-0.1577,-0.1196,0.2037,0.1450,0.1450,0.0598,-0.0101,0.8026
2.809,-0.0661,-0.1577,-0.1196,0.2061,0.1450,0.1450,0.0610,-0.0101,0.8026
2.813,-0.0661,-0.1626,-0.1196,0.2106,0.1509,0.1509,0.0336,-0.0072,0.8026
2.818,-0.0661,-0.1626,-0.1196,0.2106,0.1509,0.1509,0.0336,-0.0072,0.8026
2.832,-0.0601,-0.1626,-0.1197,0.2090,0.1509,0.1509,0.0300,-0.0072,0.8026
2.845,-0.0657,-0.1479,-0.1196,0.2132,0.1469,0.1469,0.0165,-0.0160,0.8026
2.853,-0.0657,-0.1616,-0.1196,0.2158,0.1450,0.1450,-0.0305,-0.0101,0.8026
2.864,-0.0633,-0.1616,-0.1196,0.2146,0.1450,0.1450,-0.0317,-0.0101,0.8026
2.868,-0.0633,-0.1557,-0.1196,0.2146,0.1420,0.1420,-0.0317,-0.0131,0.8026
2.871,-0.0633,-0.1557,-0.1196,0.2146,0.1420,0.1420,-0.0317,-0.0131,0.8026
2.875,-0.0633,-0.1557,-0.1196,0.2173,0.1420,0.1420,-0.0718,-0.0131,0.8026
2.879,-0.0637,-0.1557,-0.1196,0.2205,0.1420,0.1420,-0.0726,-0.0131,0.8026
2.884,-0.0637,-0.1567,-0.1196,0.2205,0.1499,0.1499,-0.0726,-0.0150,0.8026
2.887,-0.0637,-0.1567,-0.1196,0.2205,0.1499,0.1499,-0.0726,-0.0150,0.8026
2.891,-0.0637,-0.1567,-0.1196,0.2205,0.1499,0.1499,-0.0726,-0.0150,0.8026
2.895,-0.0633,-0.1567,-0.1196,0.2152,0.1499,0.1499,-0.1657,-0.0150,0.8026
2.900,-0.0633,-0.1557,-0.1196,0.2152,0.1401,0.1401,-0.1657,-0.0111,0.8026
2.904,-0.0633,-0.1557,-0.1196,0.2152,0.1401,0.1401,-0.1657,-0.0111,0.8026
2.907,-0.0633,-0.1557,-0.1196,0.2152,0.1401,0.1401,-0.1657,-0.0111,0.8026
2.911,-0.0617,-0.1557,-0.1196,0.2172,0.1401,0.1401,-0.1653,-0.0111,0.8026
2.914,-0.0617,-0.1518,-0.1196,0.2164,0.1450,0.1450,-0.2484,-0.0101,0.8026
2.919,-0.0617,-0.1518,-0.1196,0.2164,0.1450,0.1450,-0.2484,-0.0101,0.8026
2.922,-0.0617,-0.1518,-0.1195,0.2164,0.1450,0.1450,-0.2484,-0.0101,0.8026
2.925,-0.0661,-0.1518,-0.1195,0.2168,0.1450,0.1450,-0.2524,-0.0101,0.8026
2.929,-0.0661,-0.1626,-0.1195,0.2168,0.1460,0.1460,-0.2524,-0.0199,0.8026
2.933,-0.0661,-0.1626,-0.1196,0.2168,0.1460,0.1460,-0.3188,-0.0199,0.8026
2.937,-0.0661,-0.1626,-0.1196,0.2168,0.1460,0.1460,-0.3188,-0.0199,0.8026
2.940,-0.0661,-0.1626,-0.1196,0.2168,0.1460,0.1460,-0.3188,-0.0199,0.8026
2.943,-0.0645,-0.1626,-0.1196,0.2172,0.1460,0.1460,-0.3152,-0.0199,0.8026
2.947,-0.0645,-0.1587,-0.1196,0.2172,0.1469,0.1469,-0.3152,-0.0111,0.8026
2.950,-0.0645,-0.1587,-0.1196,0.2172,0.1469,0.1469,-0.3152,-0.0111,0.8026
2.955,-0.0645,-0.1587,-0.1196,0.2178,0.1469,0.1469,-0.3663,-0.0111,0.8026
2.963,-0.0617,-0.1587,-0.1196,0.2186,0.1469,0.1469,-0.3655,-0.0111,0.8026
2.967,-0.0617,-0.1518,-0.1196,0.2186,0.1489,0.1489,-0.3655,-0.0092,0.8026
2.971,-0.0617,-0.1518,-0.1196,0.2186,0.1489,0.1489,-0.3655,-0.0092,0.8026
2.979,-0.0653,-0.1518,-0.1195,0.2185,0.1489,0.1489,-0.4032,-0.0092,0.8026
2.984,-0.0653,-0.1606,-0.1196,0.2185,0.1460,0.1460,-0.4032,-0.0131,0.8026
2.988,-0.0653,-0.1606,-0.1196,0.2185,0.1460,0.1460,-0.4032,-0.0131,0.8026
2.991,-0.0653,-0.1606,-0.1196,0.2185,0.1460,0.1460,-0.4032,-0.0131,0.8026
2.994,-0.0633,-0.1606,-0.1196,0.2210,0.1460,0.1460,-0.4206,-0.0131,0.8026
2.999,-0.0633,-0.1557,-0.1196,0.2210,0.1479,0.1479,-0.4206,-0.0121,0.8026
3.003,-0.0633,-0.1557,-0.1196,0.2210,0.1479,0.1479,-0.4206,-0.0121,0.8026
3.006,-0.0633,-0.1557,-0.1196,0.2210,0.1479,0.1479,-0.4206,-0.0121,0.8026
3.009,-0.0649,-0.1557,-0.1196,0.2202,0.1479,0.1479,-0.4234,-0.0121,0.8026
3.013,-0.0649,-0.1597,-0.1196,0.2229,0.1460,0.1460,-0.4160,-0.0190,0.8026
3.017,-0.0649,-0.1597,-0.1196,0.2229,0.1460,0.1460,-0.4160,-0.0190,0.8026
3.021,-0.0649,-0.1597,-0.1196,0.2229,0.1460,0.1460,-0.4160,-0.0190,0.8026
3.024,-0.0649,-0.1597,-0.1196,0.2229,0.1460,0.1460,-0.4160,-0.0190,0.8026
3.027,-0.0641,-0.1597,-0.1196,0.2209,0.1460,0.1460,-0.4144,-0.0190,0.8026
3.032,-0.0641,-0.1577,-0.1196,0.2209,0.1411,0.1411,-0.4144,-0.0150,0.8026
3.035,-0.0641,-0.1577,-0.1196,0.2238,0.1411,0.1411,-0.3927,-0.0150,0.8026
3.039,-0.0641,-0.1577,-0.1196,0.2238,0.1411,0.1411,-0.3927,-0.0150,0.8026
3.042,-0.0649,-0.1577,-0.1196,0.2269,0.1411,0.1411,-0.3935,-0.0150,0.8026
3.046,-0.0649,-0.1597,-0.1196,0.2269,0.1489,0.1489,-0.3935,-0.0170,0.8026
3.050,-0.0649,-0.1597,-0.1196,0.2269,0.1489,0.1489,-0.3935,-0.0170,0.8026
3.053,-0.0649,-0.1597,-0.1196,0.2299,0.1489,0.1489,-0.3605,-0.0170,0.8026
3.058,-0.0649,-0.1597,-0.1196,0.2299,0.1489,0.1489,-0.3605,-0.0170,0.8026
3.066,-0.0645,-0.1597,-0.1196,0.2295,0.1489,0.1489,-0.3581,-0.0170,0.8026
3.069,-0.0645,-0.1587,-0.1196,0.2295,0.1479,0.1479,-0.3581,-0.0111,0.8026
3.073,-0.0645,-0.1587,-0.1196,0.2324,0.1479,0.1479,-0.3146,-0.0111,0.8026
3.077,-0.0633,-0.1587,-0.1196,0.2312,0.1479,0.1479,-0.3186,-0.0111,0.8026
3.080,-0.0633,-0.1557,-0.1196,0.2312,0.1450,0.1450,-0.3186,-0.0209,0.8026
3.084,-0.0633,-0.1557,-0.1196,0.2312,0.1450,0.1450,-0.3186,-0.0209,0.8026
3.088,-0.0633,-0.1557,-0.1196,0.2312,0.1450,0.1450,-0.3186,-0.0209,0.8026
3.091,-0.0633,-0.1557,-0.1196,0.2312,0.1450,0.1450,-0.3186,-0.0209,0.8026
3.095,-0.0653,-0.1557,-0.1196,0.2305,0.1450,0.1450,-0.3308,-0.0209,0.8026
3.099,-0.0653,-0.1606,-0.1196,0.2305,0.1450,0.1450,-0.3308,-0.0190,0.8026
3.103,-0.0653,-0.1606,-0.1196,0.2305,0.1450,0.1450,-0.3308,-0.0190,0.8026
3.106,-0.0653,-0.1606,-0.1196,0.2305,0.1450,0.1450,-0.3308,-0.0190,0.8026
3.110,-0.0661,-0.1606,-0.1197,0.2317,0.1450,0.1450,-0.3304,-0.0190,0.8026
3.114,-0.0661,-0.1626,-0.1197,0.2304,0.1479,0.1479,-0.3490,-0.0180,0.8026
3.118,-0.0661,-0.1626,-0.1197,0.2304,0.1479,0.1479,-0.3490,-0.0180,0.8026
3.122,-0.0661,-0.1626,-0.1197,0.2304,0.1479,0.1479,-0.3490,-0.0180,0.8026
3.130,-0.0637,-0.1626,-0.1197,0.2292,0.1479,0.1479,-0.3458,-0.0180,0.8026
3.135,-0.0637,-0.1567,-0.1197,0.2282,0.1450,0.1450,-0.3520,-0.0101,0.8026
3.139,-0.0637,-0.1567,-0.1197,0.2282,0.1450,0.1450,-0.3520,-0.0101,0.8026
3.142,-0.0641,-0.1567,-0.1197,0.2278,0.1450,0.1450,-0.3524,-0.0101,0.8026
3.146,-0.0641,-0.1577,-0.1197,0.2278,0.1440,0.1440,-0.3524,-0.0111,0.8026
3.150,-0.0641,-0.1577,-0.1197,0.2278,0.1440,0.1440,-0.3524,-0.0111,0.8026
3.153,-0.0641,-0.1577,-0.1197,0.2271,0.1440,0.1440,-0.3456,-0.0111,0.8026
3.157,-0.0641,-0.1577,-0.1197,0.2271,0.1440,0.1440,-0.3456,-0.0111,0.8026
3.161,-0.0633,-0.1577,-0.1197,0.2263,0.1440,0.1440,-0.3436,-0.0111,0.8026
3.167,-0.0633,-0.1557,-0.1197,0.2263,0.1420,0.1420,-0.3436,-0.0062,0.8026
3.175,-0.0633,-0.1557,-0.1197,0.2258,0.1420,0.1420,-0.3246,-0.0062,0.8026
3.180,-0.0637,-0.1557,-0.1197,0.2274,0.1420,0.1420,-0.3278,-0.0062,0.8026
3.183,-0.0637,-0.1567,-0.1197,0.2274,0.1460,0.1460,-0.3278,-0.0141,0.8026
3.187,-0.0637,-0.1567,-0.1197,0.2274,0.1460,0.1460,-0.3278,-0.0141,0.8026
3.190,-0.0637,-0.1567,-0.1197,0.2274,0.1460,0.1460,-0.3278,-0.0141,0.8026
3.194,-0.0645,-0.1567,-0.1197,0.2315,0.1460,0.1460,-0.2984,-0.0141,0.8026
3.198,-0.0645,-0.1587,-0.1197,0.2315,0.1567,0.1567,-0.2984,-0.0180,0.8026
3.202,-0.0645,-0.1587,-0.1197,0.2315,0.1567,0.1567,-0.2984,-0.0180,0.8026
3.205,-0.0645,-0.1587,-0.1197,0.2315,0.1567,0.1567,-0.2984,-0.0180,0.8026
3.208,-0.0645,-0.1587,-0.1197,0.2315,0.1567,0.1567,-0.2984,-0.0180,0.8026
3.212,-0.0657,-0.1587,-0.1197,0.2272,0.1567,0.1567,-0.2948,-0.0180,0.8026
3.216,-0.0657,-0.1616,-0.1197,0.2271,0.1460,0.1460,-0.2523,-0.0092,0.8026
3.220,-0.0657,-0.1616,-0.1197,0.2271,0.1460,0.1460,-0.2523,-0.0092,0.8026
3.223,-0.0657,-0.1616,-0.1197,0.2271,0.1460,0.1460,-0.2523,-0.0092,0.8026
3.227,-0.0649,-0.1616,-0.1197,0.2271,0.1460,0.1460,-0.2551,-0.0092,0.8026
3.230,-0.0649,-0.1597,-0.1197,0.2271,0.1460,0.1460,-0.2551,-0.0160,0.8026
3.234,-0.0649,-0.1597,-0.1197,0.2271,0.1460,0.1460,-0.2019,-0.0160,0.8026
3.238,-0.0649,-0.1597,-0.1197,0.2271,0.1460,0.1460,-0.2019,-0.0160,0.8026
3.241,-0.0649,-0.1597,-0.1197,0.2271,0.1460,0.1460,-0.2019,-0.0160,0.8026
3.245,-0.0637,-0.1597,-0.1197,0.2279,0.1460,0.1460,-0.2007,-0.0160,0.8026
3.249,-0.0637,-0.1567,-0.1197,0.2279,0.1479,0.1479,-0.2007,-0.0131,0.8026
3.252,-0.0637,-0.1567,-0.1197,0.2279,0.1479,0.1479,-0.2007,-0.0131,0.8026
3.256,-0.0637,-0.1567,-0.1197,0.2280,0.1479,0.1479,-0.1375,-0.0131,0.8026
3.259,-0.0629,-0.1567,-0.1197,0.2244,0.1479,0.1479,-0.1387,-0.0131,0.8026
3.263,-0.0629,-0.1548,-0.1197,0.2244,0.1391,0.1391,-0.1387,-0.0160,0.8026
3.268,-0.0629,-0.1548,-0.1197,0.2244,0.1391,0.1391,-0.1387,-0.0160,0.8026
3.276,-0.0677,-0.1548,-0.1197,0.2269,0.1391,0.1391,-0.1070,-0.0160,0.8026
3.285,-0.0677,-0.1665,-0.1198,0.2269,0.1489,0.1489,-0.1070,-0.0141,0.8026
3.290,-0.0677,-0.1665,-0.1198,0.2269,0.1489,0.1489,-0.1070,-0.0141,0.8026
3.293,-0.0661,-0.1665,-0.1198,0.2244,0.1489,0.1489,-0.0685,-0.0141,0.8026
3.298,-0.0661,-0.1626,-0.1198,0.2244,0.1469,0.1469,-0.0685,-0.0082,0.8026
3.301,-0.0661,-0.1626,-0.1198,0.2244,0.1469,0.1469,-0.0685,-0.0082,0.8026
3.304,-0.0661,-0.1626,-0.1199,0.2244,0.1469,0.1469,-0.0685,-0.0082,0.8026
3.308,-0.0661,-0.1626,-0.1199,0.2244,0.1469,0.1469,-0.0685,-0.0082,0.8026
3.311,-0.0605,-0.1626,-0.1199,0.2248,0.1469,0.1469,-0.0709,-0.0082,0.8026
3.315,-0.0605,-0.1489,-0.1199,0.2231,0.1479,0.1479,-0.0248,-0.0141,0.8026
3.319,-0.0605,-0.1489,-0.1198,0.2231,0.1479,0.1479,-0.0248,-0.0141,0.8026
3.322,-0.0605,-0.1489,-0.1198,0.2231,0.1479,0.1479,-0.0248,-0.0141,0.8026
3.325,-0.0621,-0.1489,-0.1198,0.2204,0.1479,0.1479,-0.0252,-0.0141,0.8026
3.329,-0.0621,-0.1528,-0.1198,0.2204,0.1411,0.1411,-0.0252,-0.0150,0.8026
3.333,-0.0621,-0.1528,-0.1198,0.2186,0.1411,0.1411,0.0306,-0.0150,0.8026
3.338,-0.0621,-0.1528,-0.1198,0.2186,0.1411,0.1411,0.0306,-0.0150,0.8026
3.341,-0.0621,-0.1528,-0.1198,0.2186,0.1411,0.1411,0.0306,-0.0150,0.8026
3.344,-0.0669,-0.1528,-0.1197,0.2242,0.1411,0.1411,0.0310,-0.0150,0.8026
3.348,-0.0669,-0.1646,-0.1198,0.2242,0.1548,0.1548,0.0310,-0.0141,0.8026
3.351,-0.0669,-0.1646,-0.1198,0.2242,0.1548,0.1548,0.0310,-0.0141,0.8026
3.355,-0.0669,-0.1646,-0.1198,0.2223,0.1548,0.1548,0.0960,-0.0141,0.8026
3.359,-0.0629,-0.1646,-0.1198,0.2163,0.1548,0.1548,0.0980,-0.0141,0.8026
3.362,-0.0629,-0.1548,-0.1198,0.2163,0.1401,0.1401,0.0980,-0.0092,0.8026
3.366,-0.0629,-0.1548,-0.1198,0.2163,0.1401,0.1401,0.0980,-0.0092,0.8026
3.369,-0.0629,-0.1548,-0.1198,0.2163,0.1401,0.1401,0.0980,-0.0092,0.8026
3.374,-0.0629,-0.1548,-0.1198,0.2145,0.1401,0.1401,0.1828,-0.0092,0.8026
3.382,-0.0677,-0.1548,-0.1198,0.2177,0.1401,0.1401,0.1828,-0.0092,0.8026
3.386,-0.0677,-0.1665,-0.1198,0.2177,0.1479,0.1479,0.1828,-0.0092,0.8026
3.389,-0.0677,-0.1665,-0.1198,0.2177,0.1479,0.1479,0.1828,-0.0092,0.8026
3.393,-0.0649,-0.1665,-0.1198,0.2165,0.1479,0.1479,0.2842,-0.0092,0.8026
3.397,-0.0649,-0.1597,-0.1198,0.2165,0.1499,0.1499,0.2842,-0.0053,0.8026
3.401,-0.0649,-0.1597,-0.1198,0.2165,0.1499,0.1499,0.2842,-0.0053,0.8026
3.404,-0.0649,-0.1597,-0.1199,0.2165,0.1499,0.1499,0.2842,-0.0053,0.8026
3.408,-0.0649,-0.1597,-0.1199,0.2165,0.1499,0.1499,0.2842,-0.0053,0.8026
3.411,-0.0657,-0.1597,-0.1199,0.2149,0.1499,0.1499,0.2846,-0.0053,0.8026
3.415,-0.0657,-0.1616,-0.1199,0.2124,0.1460,0.1460,0.3911,-0.0043,0.8026
3.419,-0.0657,-0.1616,-0.1199,0.2124,0.1460,0.1460,0.3911,-0.0043,0.8026
3.423,-0.0657,-0.1616,-0.1199,0.2124,0.1460,0.1460,0.3911,-0.0043,0.8026
3.426,-0.0673,-0.1616,-0.1199,0.2116,0.1460,0.1460,0.3875,-0.0043,0.8026
3.434,-0.0673,-0.1655,-0.1199,0.2085,0.1440,0.1440,0.4987,-0.0131,0.8026
3.439,-0.0673,-0.1655,-0.1199,0.2085,0.1440,0.1440,0.4987,-0.0131,0.8026
3.443,-0.0617,-0.1655,-0.1200,0.2105,0.1440,0.1440,0.5007,-0.0131,0.8026
3.447,-0.0617,-0.1518,-0.1199,0.2105,0.1489,0.1489,0.5007,-0.0082,0.8026
3.450,-0.0617,-0.1518,-0.1199,0.2105,0.1489,0.1489,0.5007,-0.0082,0.8026
3.454,-0.0617,-0.1518,-0.1199,0.2068,0.1489,0.1489,0.6150,-0.0082,0.8026
3.458,-0.0617,-0.1518,-0.1199,0.2068,0.1489,0.1489,0.6150,-0.0082,0.8026
3.462,-0.0633,-0.1518,-0.1199,0.2052,0.1489,0.1489,0.6158,-0.0082,0.8026
3.466,-0.0633,-0.1557,-0.1199,0.2052,0.1450,0.1450,0.6158,-0.0062,0.8026
3.469,-0.0633,-0.1557,-0.1199,0.2052,0.1450,0.1450,0.6158,-0.0062,0.8026
3.472,-0.0633,-0.1557,-0.1199,0.2008,0.1450,0.1450,0.7318,-0.0062,0.8026
3.476,-0.0641,-0.1557,-0.1199,0.2016,0.1450,0.1450,0.7318,-0.0062,0.8026
3.481,-0.0641,-0.1577,-0.1199,0.2016,0.1469,0.1469,0.7318,-0.0062,0.8026
3.489,-0.0641,-0.1577,-0.1199,0.2016,0.1469,0.1469,0.7318,-0.0062,0.8026
3.493,-0.0641,-0.1577,-0.1199,0.1968,0.1469,0.1469,0.8571,-0.0062,0.8026
3.498,-0.0641,-0.1577,-0.1199,0.1968,0.1469,0.1469,0.8571,-0.0043,0.8026
3.501,-0.0641,-0.1577,-0.1199,0.1968,0.1469,0.1469,0.8571,-0.0043,0.8026
3.504,-0.0641,-0.1577,-0.1199,0.1968,0.1469,0.1469,0.8571,-0.0043,0.8026
3.508,-0.0641,-0.1577,-0.1199,0.1968,0.1469,0.1469,0.8571,-0.0043,0.8026
3.512,-0.0661,-0.1577,-0.1199,0.1956,0.1469,0.1469,0.8535,-0.0043,0.8026
3.516,-0.0661,-0.1626,-0.1199,0.1903,0.1440,0.1440,0.9792,-0.0131,0.8026
3.520,-0.0661,-0.1626,-0.1199,0.1903,0.1440,0.1440,0.9792,-0.0131,0.8026
3.523,-0.0661,-0.1626,-0.1199,0.1903,0.1440,0.1440,0.9792,-0.0131,0.8026
3.527,-0.0645,-0.1626,-0.1199,0.1899,0.1440,0.1440,0.9804,-0.0131,0.8026
3.531,-0.0645,-0.1587,-0.1199,0.1899,0.1430,0.1430,0.9804,-0.0101,0.8026
3.534,-0.0645,-0.1587,-0.1199,0.1841,0.1430,0.1430,1.1038,-0.0101,0.8026
3.538,-0.0645,-0.1587,-0.1199,0.1841,0.1430,0.1430,1.1038,-0.0101,0.8026
3.543,-0.0617,-0.1587,-0.1199,0.1833,0.1430,0.1430,1.1006,-0.0101,0.8026
3.548,-0.0617,-0.1518,-0.1199,0.1833,0.1411,0.1411,1.1006,-0.0180,0.8026
3.551,-0.0617,-0.1518,-0.1199,0.1833,0.1411,0.1411,1.1006,-0.0180,0.8026
3.555,-0.0617,-0.1518,-0.1199,0.1771,0.1411,0.1411,1.2205,-0.0180,0.8026
3.559,-0.0653,-0.1518,-0.1199,0.1803,0.1411,0.1411,1.2201,-0.0180,0.8026
3.564,-0.0653,-0.1606,-0.1199,0.1803,0.1489,0.1489,1.2201,-0.0190,0.8026
3.568,-0.0653,-0.1606,-0.1199,0.1803,0.1489,0.1489,1.2201,-0.0190,0.8026
3.573,-0.0653,-0.1606,-0.1199,0.1739,0.1489,0.1489,1.3354,-0.0190,0.8026
3.578,-0.0645,-0.1606,-0.1199,0.1739,0.1489,0.1489,1.3401,-0.0190,0.8026
3.587,-0.0645,-0.1587,-0.1199,0.1739,0.1489,0.1489,1.3401,-0.0072,0.8026
3.593,-0.0613,-0.1587,-0.1199,0.1657,0.1489,0.1489,1.4465,-0.0072,0.8026
3.602,-0.0613,-0.1509,-0.1199,0.1657,0.1450,0.1450,1.4465,-0.0170,0.8026
3.606,-0.0613,-0.1509,-0.1198,0.1657,0.1450,0.1450,1.4465,-0.0170,0.8026
3.610,-0.0633,-0.1509,-0.1198,0.1697,0.1450,0.1450,1.4449,-0.0170,0.8026
3.614,-0.0633,-0.1557,-0.1198,0.1630,0.1548,0.1548,1.5492,-0.0209,0.8026
3.618,-0.0633,-0.1557,-0.1198,0.1630,0.1548,0.1548,1.5492,-0.0209,0.8026
3.622,-0.0633,-0.1557,-0.1198,0.1630,0.1548,0.1548,1.5492,-0.0209,0.8026
3.626,-0.0649,-0.1557,-0.1198,0.1586,0.1548,0.1548,1.5548,-0.0209,0.8026
3.630,-0.0649,-0.1597,-0.1198,0.1586,0.1440,0.1440,1.5548,-0.0072,0.8026
3.634,-0.0649,-0.1597,-0.1198,0.1519,0.1440,0.1440,1.6518,-0.0072,0.8026
3.638,-0.0649,-0.1597,-0.1198,0.1519,0.1440,0.1440,1.6518,-0.0072,0.8026
3.642,-0.0661,-0.1597,-0.1198,0.1543,0.1440,0.1440,1.6506,-0.0072,0.8026
3.646,-0.0661,-0.1626,-0.1198,0.1543,0.1499,0.1499,1.6506,-0.0101,0.8026
3.650,-0.0661,-0.1626,-0.1198,0.1543,0.1499,0.1499,1.6506,-0.0101,0.8026
3.654,-0.0661,-0.1626,-0.1198,0.1477,0.1499,0.1499,1.7397,-0.0101,0.8026
3.658,-0.0661,-0.1626,-0.1198,0.1477,0.1499,0.1499,1.7397,-0.0101,0.8026
3.662,-0.0685,-0.1626,-0.1199,0.1438,0.1499,0.1499,1.7420,-0.0101,0.8026
3.666,-0.0685,-0.1685,-0.1199,0.1438,0.1401,0.1401,1.7420,-0.0043,0.8026
3.670,-0.0685,-0.1685,-0.1199,0.1438,0.1401,0.1401,1.7420,-0.0043,0.8026
3.673,-0.0685,-0.1685,-0.1199,0.1373,0.1401,0.1401,1.8224,-0.0043,0.8026
3.678,-0.0633,-0.1685,-0.1199,0.1385,0.1401,0.1401,1.8184,-0.0043,0.8026
3.682,-0.0633,-0.1557,-0.1199,0.1385,0.1430,0.1430,1.8184,-0.0141,0.8026
3.686,-0.0633,-0.1557,-0.1199,0.1385,0.1430,0.1430,1.8184,-0.0141,0.8026
3.689,-0.0633,-0.1557,-0.1199,0.1385,0.1430,0.1430,1.8184,-0.0141,0.8026
3.693,-0.0669,-0.1557,-0.1199,0.1323,0.1430,0.1430,1.8856,-0.0141,0.8026
3.699,-0.0669,-0.1646,-0.1199,0.1323,0.1430,0.1430,1.8856,-0.0229,0.8026
3.707,-0.0669,-0.1646,-0.1200,0.1323,0.1430,0.1430,1.8856,-0.0229,0.8026
3.711,-0.0637,-0.1646,-0.1200,0.1327,0.1430,0.1430,1.8864,-0.0229,0.8026
3.716,-0.0637,-0.1567,-0.1200,0.1268,0.1440,0.1440,1.9471,-0.0209,0.8026
3.720,-0.0637,-0.1567,-0.1200,0.1268,0.1440,0.1440,1.9471,-0.0209,0.8026
3.724,-0.0637,-0.1567,-0.1200,0.1268,0.1440,0.1440,1.9471,-0.0209,0.8026
3.727,-0.0641,-0.1567,-0.1200,0.1248,0.1440,0.1440,1.9491,-0.0209,0.8026
3.731,-0.0641,-0.1577,-0.1200,0.1248,0.1391,0.1391,1.9491,-0.0160,0.8026
3.740,-0.0641,-0.1577,-0.1200,0.1192,0.1391,0.1391,1.9993,-0.0160,0.8026
3.745,-0.0629,-0.1577,-0.1200,0.1235,0.1391,0.1391,2.0001,-0.0160,0.8026
3.749,-0.0629,-0.1548,-0.1200,0.1235,0.1499,0.1499,2.0001,-0.0141,0.8026
3.753,-0.0629,-0.1548,-0.1199,0.1183,0.1499,0.1499,2.0430,-0.0141,0.8026
3.758,-0.0629,-0.1548,-0.1199,0.1183,0.1499,0.1499,2.0430,-0.0141,0.8026
3.762,-0.0649,-0.1548,-0.1199,0.1198,0.1499,0.1499,2.0434,-0.0141,0.8026
3.767,-0.0649,-0.1597,-0.1199,0.1198,0.1538,0.1538,2.0434,-0.0131,0.8026
3.771,-0.0649,-0.1597,-0.1199,0.1198,0.1538,0.1538,2.0434,-0.0131,0.8026
3.774,-0.0649,-0.1597,-0.1199,0.1149,0.1538,0.1538,2.0751,-0.0131,0.8026
3.778,-0.0653,-0.1597,-0.1199,0.1137,0.1538,0.1538,2.0743,-0.0131,0.8026
3.783,-0.0653,-0.1606,-0.1199,0.1137,0.1509,0.1509,2.0743,-0.0150,0.8026
3.787,-0.0653,-0.1606,-0.1200,0.1137,0.1509,0.1509,2.0743,-0.0150,0.8026
3.790,-0.0653,-0.1606,-0.1200,0.1137,0.1509,0.1509,2.0743,-0.0150,0.8026
3.794,-0.0645,-0.1606,-0.1200,0.1083,0.1509,0.1509,2.0927,-0.0150,0.8026
3.799,-0.0645,-0.1587,-0.1200,0.1083,0.1489,0.1489,2.0927,-0.0170,0.8026
3.804,-0.0645,-0.1587,-0.1200,0.1083,0.1489,0.1489,2.0927,-0.0170,0.8026
3.812,-0.0621,-0.1587,-0.1200,0.1079,0.1489,0.1489,2.0943,-0.0170,0.8026
3.817,-0.0621,-0.1528,-0.1199,0.1037,0.1479,0.1479,2.1008,-0.0131,0.8026
3.822,-0.0621,-0.1528,-0.1199,0.1037,0.1479,0.1479,2.1008,-0.0131,0.8026
3.826,-0.0649,-0.1528,-0.1199,0.1041,0.1479,0.1479,2.0992,-0.0131,0.8026
3.830,-0.0649,-0.1597,-0.1199,0.1041,0.1489,0.1489,2.0992,-0.0170,0.8026
3.834,-0.0649,-0.1597,-0.1199,0.1001,0.1489,0.1489,1.8926,-0.0170,0.8026
3.839,-0.0649,-0.1597,-0.1199,0.1001,0.1489,0.1489,1.8926,-0.0170,0.8026
3.842,-0.0645,-0.1597,-0.1199,0.0981,0.1489,0.1489,1.8966,-0.0170,0.8026
3.846,-0.0645,-0.1587,-0.1199,0.0981,0.1440,0.1440,1.8966,-0.0072,0.8026
3.850,-0.0645,-0.1587,-0.1199,0.0981,0.1440,0.1440,1.8966,-0.0072,0.8026
3.854,-0.0645,-0.1587,-0.1199,0.0944,0.1440,0.1440,1.6933,-0.0072,0.8026
3.858,-0.0645,-0.1587,-0.1199,0.0944,0.1440,0.1440,1.6933,-0.0072,0.8026
3.863,-0.0653,-0.1587,-0.1199,0.0932,0.1440,0.1440,1.6901,-0.0072,0.8026
3.871,-0.0653,-0.1606,-0.1199,0.0932,0.1411,0.1411,1.6901,-0.0150,0.8026
3.878,-0.0669,-0.1606,-0.1199,0.0892,0.1411,0.1411,1.7078,-0.0150,0.8026
3.883,-0.0669,-0.1646,-0.1200,0.0892,0.1391,0.1391,1.7078,-0.0072,0.8026
3.892,-0.0641,-0.1646,-0.1200,0.0908,0.1391,0.1391,1.7070,-0.0072,0.8026
3.903,-0.0641,-0.1577,-0.1200,0.0876,0.1430,0.1430,1.5124,-0.0092,0.8026
3.910,-0.0645,-0.1577,-0.1200,0.0904,0.1430,0.1430,1.5104,-0.0092,0.8026
3.915,-0.0645,-0.1587,-0.1200,0.0880,0.1499,0.1499,1.5186,-0.0141,0.8026
3.924,-0.0645,-0.1587,-0.1200,0.0880,0.1499,0.1499,1.5186,-0.0141,0.8026
3.929,-0.0641,-0.1587,-0.1200,0.0868,0.1499,0.1499,1.5202,-0.0141,0.8026
3.934,-0.0641,-0.1577,-0.1200,0.0837,0.1469,0.1469,1.2234,-0.0101,0.8026
3.938,-0.0641,-0.1577,-0.1200,0.0837,0.1469,0.1469,1.2234,-0.0101,0.8026
3.945,-0.0653,-0.1577,-0.1200,0.0845,0.1469,0.1469,1.2222,-0.0101,0.8026
3.949,-0.0653,-0.1606,-0.1200,0.0845,0.1489,0.1489,1.2222,-0.0131,0.8026
3.953,-0.0653,-0.1606,-0.1200,0.0834,0.1489,0.1489,1.2291,-0.0131,0.8026
3.958,-0.0653,-0.1606,-0.1200,0.0834,0.1489,0.1489,1.2291,-0.0131,0.8026
3.961,-0.0621,-0.1606,-0.1200,0.0830,0.1489,0.1489,1.2299,-0.0131,0.8026
3.965,-0.0621,-0.1528,-0.1200,0.0830,0.1479,0.1479,1.2299,-0.0111,0.8026
3.969,-0.0621,-0.1528,-0.1200,0.0830,0.1479,0.1479,1.2299,-0.0111,0.8026
3.973,-0.0621,-0.1528,-0.1200,0.0818,0.1479,0.1479,1.1462,-0.0111,0.8026
3.977,-0.0637,-0.1528,-0.1199,0.0810,0.1479,0.1479,1.1474,-0.0111,0.8026
3.981,-0.0637,-0.1567,-0.1199,0.0810,0.1460,0.1460,1.1474,-0.0082,0.8026
3.985,-0.0637,-0.1567,-0.1199,0.0810,0.1460,0.1460,1.1474,-0.0082,0.8026
3.992,-0.0637,-0.1567,-0.1199,0.0810,0.1460,0.1460,1.1474,-0.0082,0.8026
3.998,-0.0625,-0.1567,-0.1199,0.0779,0.1460,0.1460,0.9767,-0.0082,0.8026
4.007,-0.0625,-0.1538,-0.1199,0.0779,0.1430,0.1430,0.9767,-0.0082,0.8026
4.013,-0.0645,-0.1538,-0.1199,0.0775,0.1430,0.1430,0.8147,-0.0082,0.8026
4.018,-0.0645,-0.1587,-0.1199,0.0775,0.1460,0.1460,0.8147,-0.0092,0.8026
4.022,-0.0645,-0.1587,-0.1199,0.0775,0.1460,0.1460,0.8147,-0.0092,0.8026
4.027,-0.0649,-0.1587,-0.1199,0.0732,0.1460,0.1460,0.8175,-0.0092,0.8026
4.035,-0.0649,-0.1597,-0.1199,0.0734,0.1352,0.1352,0.7430,-0.0023,0.8026
4.044,-0.0629,-0.1597,-0.1199,0.0753,0.1352,0.1352,0.7394,-0.0023,0.8026
4.049,-0.0629,-0.1548,-0.1199,0.0753,0.1401,0.1401,0.7394,-0.0111,0.8026
4.054,-0.0629,-0.1548,-0.1199,0.0760,0.1401,0.1401,0.6632,-0.0111,0.8026
4.060,-0.0645,-0.1548,-0.1199,0.0783,0.1401,0.1401,0.6640,-0.0111,0.8026
4.067,-0.0645,-0.1587,-0.1199,0.0783,0.1460,0.1460,0.6640,-0.0092,0.8026
4.074,-0.0645,-0.1587,-0.1199,0.0794,0.1460,0.1460,0.5856,-0.0092,0.8026
4.082,-0.0617,-0.1587,-0.1199,0.0790,0.1460,0.1460,0.5856,-0.0092,0.8026
4.088,-0.0617,-0.1518,-0.1198,0.0790,0.1450,0.1450,0.5856,-0.0092,0.8026
4.092,-0.0593,-0.1518,-0.1198,0.0798,0.1450,0.1450,0.5848,-0.0092,0.8026
4.097,-0.0593,-0.1460,-0.1198,0.0812,0.1469,0.1469,0.5042,-0.0111,0.8026
4.101,-0.0593,-0.1460,-0.1198,0.0812,0.1469,0.1469,0.5042,-0.0111,0.8026
4.105,-0.0593,-0.1460,-0.1197,0.0812,0.1469,0.1469,0.5042,-0.0111,0.8026
4.108,-0.0593,-0.1460,-0.1197,0.0812,0.1469,0.1469,0.5042,-0.0111,0.8026
4.113,-0.0637,-0.1460,-0.1197,0.0855,0.1469,0.1469,0.4885,-0.0111,0.8026
4.118,-0.0637,-0.1567,-0.1197,0.0855,0.1469,0.1469,0.4885,-0.0209,0.8026
4.121,-0.0637,-0.1567,-0.1197,0.0855,0.1469,0.1469,0.4885,-0.0209,0.8026
4.125,-0.0637,-0.1567,-0.1197,0.0855,0.1469,0.1469,0.4885,-0.0209,0.8026
4.130,-0.0621,-0.1567,-0.1197,0.0867,0.1469,0.1469,0.4897,-0.0209,0.8026
4.139,-0.0621,-0.1528,-0.1197,0.0905,0.1499,0.1499,0.4549,-0.0180,0.8026
4.147,-0.0625,-0.1528,-0.1196,0.0905,0.1499,0.1499,0.4549,-0.0180,0.8026
4.154,-0.0625,-0.1538,-0.1196,0.0942,0.1499,0.1499,0.4125,-0.0180,0.8026
4.163,-0.0633,-0.1538,-0.1196,0.0950,0.1499,0.1499,0.4156,-0.0180,0.8026
4.167,-0.0633,-0.1557,-0.1196,0.0950,0.1518,0.1518,0.4156,-0.0101,0.8026
4.171,-0.0633,-0.1557,-0.1196,0.0950,0.1518,0.1518,0.4156,-0.0101,0.8026
4.179,-0.0629,-0.1557,-0.1196,0.0952,0.1518,0.1518,0.3011,-0.0101,0.8026
4.188,-0.0629,-0.1548,-0.1196,0.0952,0.1509,0.1509,0.3011,-0.0219,0.8026
4.197,-0.0649,-0.1548,-0.1196,0.0962,0.1509,0.1509,0.2619,-0.0219,0.8026
4.208,-0.0649,-0.1597,-0.1196,0.0962,0.1440,0.1440,0.2619,-0.0062,0.8026
4.217,-0.0617,-0.1597,-0.1196,0.0980,0.1440,0.1440,0.1510,-0.0062,0.8026
4.225,-0.0617,-0.1518,-0.1196,0.0980,0.1469,0.1469,0.1510,-0.0180,0.8026
4.229,-0.0641,-0.1518,-0.1195,0.0956,0.1469,0.1469,0.1522,-0.0180,0.8026
4.234,-0.0641,-0.1577,-0.1195,0.0990,0.1411,0.1411,0.1052,-0.0150,0.8026
4.240,-0.0641,-0.1577,-0.1195,0.0990,0.1411,0.1411,0.1052,-0.0150,0.8026
4.248,-0.0625,-0.1577,-0.1195,0.0998,0.1411,0.1411,0.1064,-0.0150,0.8026
4.253,-0.0625,-0.1538,-0.1195,0.1036,0.1430,0.1430,0.0738,-0.0121,0.8026
4.257,-0.0625,-0.1538,-0.1195,0.1036,0.1430,0.1430,0.0738,-0.0121,0.8026
4.261,-0.0649,-0.1538,-0.1195,0.1024,0.1430,0.1430,0.0746,-0.0121,0.8026
4.267,-0.0649,-0.1597,-0.1195,0.1024,0.1401,0.1401,0.0746,-0.0101,0.8026
4.271,-0.0649,-0.1597,-0.1195,0.1024,0.1401,0.1401,0.0746,-0.0101,0.8026
4.275,-0.0649,-0.1597,-0.1195,0.1060,0.1401,0.1401,0.0426,-0.0101,0.8026
4.281,-0.0625,-0.1597,-0.1195,0.1076,0.1401,0.1401,0.0394,-0.0101,0.8026
4.286,-0.0625,-0.1538,-0.1195,0.1076,0.1440,0.1440,0.0394,-0.0180,0.8026
4.290,-0.0625,-0.1538,-0.1195,0.1076,0.1440,0.1440,0.0394,-0.0180,0.8026
4.294,-0.0657,-0.1538,-0.1195,0.1116,0.1440,0.1440,0.0058,-0.0180,0.8026
4.300,-0.0657,-0.1616,-0.1195,0.1116,0.1460,0.1460,0.0058,-0.0160,0.8026
4.304,-0.0657,-0.1616,-0.1195,0.1116,0.1460,0.1460,0.0058,-0.0160,0.8026
4.311,-0.0633,-0.1616,-0.1195,0.1108,0.1460,0.1460,0.0066,-0.0160,0.8026
4.316,-0.0633,-0.1557,-0.1195,0.1134,0.1440,0.1440,-0.0299,-0.0141,0.8026
4.320,-0.0633,-0.1557,-0.1195,0.1134,0.1440,0.1440,-0.0299,-0.0141,0.8026
4.324,-0.0633,-0.1557,-0.1195,0.1134,0.1440,0.1440,-0.0299,-0.0141,0.8026
4.330,-0.0665,-0.1557,-0.1195,0.1130,0.1440,0.1440,-0.0291,-0.0141,0.8026
4.334,-0.0665,-0.1636,-0.1195,0.1153,0.1430,0.1430,-0.0675,-0.0121,0.8026
4.338,-0.0665,-0.1636,-0.1196,0.1153,0.1430,0.1430,-0.0675,-0.0121,0.8026
4.343,-0.0617,-0.1636,-0.1196,0.1153,0.1430,0.1430,-0.0671,-0.0121,0.8026
4.354,-0.0617,-0.1518,-0.1196,0.1170,0.1430,0.1430,-0.1071,-0.0111,0.8026
4.359,-0.0637,-0.1518,-0.1195,0.1210,0.1430,0.1430,-0.1044,-0.0111,0.8026
4.364,-0.0637,-0.1567,-0.1195,0.1210,0.1528,0.1528,-0.1044,-0.0043,0.8026
4.368,-0.0637,-0.1567,-0.1195,0.1210,0.1528,0.1528,-0.1044,-0.0043,0.8026
4.373,-0.0637,-0.1567,-0.1195,0.1224,0.1528,0.1528,-0.1456,-0.0043,0.8026
4.377,-0.0665,-0.1567,-0.1195,0.1208,0.1528,0.1528,-0.1460,-0.0043,0.8026
4.381,-0.0665,-0.1636,-0.1195,0.1208,0.1489,0.1489,-0.1460,-0.0053,0.8026
4.385,-0.0665,-0.1636,-0.1195,0.1208,0.1489,0.1489,-0.1460,-0.0053,0.8026
4.389,-0.0665,-0.1636,-0.1196,0.1208,0.1489,0.1489,-0.1460,-0.0053,0.8026
4.393,-0.0629,-0.1636,-0.1196,0.1234,0.1489,0.1489,-0.1925,-0.0053,0.8026
4.397,-0.0629,-0.1548,-0.1196,0.1234,0.1528,0.1528,-0.1925,-0.0160,0.8026
4.401,-0.0629,-0.1548,-0.1196,0.1234,0.1528,0.1528,-0.1925,-0.0160,0.8026
4.405,-0.0629,-0.1548,-0.1196,0.1234,0.1528,0.1528,-0.1925,-0.0160,0.8026
4.410,-0.0641,-0.1548,-0.1196,0.1222,0.1528,0.1528,-0.1949,-0.0160,0.8026
4.414,-0.0641,-0.1577,-0.1196,0.1228,0.1499,0.1499,-0.2375,-0.0219,0.8026
4.418,-0.0641,-0.1577,-0.1196,0.1228,0.1499,0.1499,-0.2375,-0.0219,0.8026
4.423,-0.0641,-0.1577,-0.1196,0.1228,0.1499,0.1499,-0.2375,-0.0219,0.8026
4.426,-0.0649,-0.1577,-0.1196,0.1216,0.1499,0.1499,-0.2316,-0.0219,0.8026
4.431,-0.0649,-0.1597,-0.1196,0.1216,0.1469,0.1469,-0.2316,-0.0072,0.8026
4.434,-0.0649,-0.1597,-0.1196,0.1219,0.1469,0.1469,-0.2745,-0.0072,0.8026
4.439,-0.0649,-0.1597,-0.1196,0.1219,0.1469,0.1469,-0.2745,-0.0072,0.8026
4.443,-0.0637,-0.1597,-0.1196,0.1219,0.1469,0.1469,-0.2769,-0.0072,0.8026
4.447,-0.0637,-0.1567,-0.1196,0.1219,0.1469,0.1469,-0.2769,-0.0131,0.8026
4.452,-0.0637,-0.1567,-0.1196,0.1219,0.1469,0.1469,-0.2769,-0.0131,0.8026
4.460,-0.0629,-0.1567,-0.1196,0.1218,0.1469,0.1469,-0.3188,-0.0131,0.8026
4.465,-0.0629,-0.1548,-0.1196,0.1218,0.1469,0.1469,-0.3188,-0.0101,0.8026
4.469,-0.0629,-0.1548,-0.1196,0.1218,0.1469,0.1469,-0.3188,-0.0101,0.8026
4.473,-0.0629,-0.1548,-0.1196,0.1214,0.1469,0.1469,-0.3613,-0.0101,0.8026
4.477,-0.0633,-0.1548,-0.1195,0.1206,0.1469,0.1469,-0.3649,-0.0101,0.8026
4.481,-0.0633,-0.1557,-0.1195,0.1206,0.1450,0.1450,-0.3649,-0.0190,0.8026
4.485,-0.0633,-0.1557,-0.1195,0.1206,0.1450,0.1450,-0.3649,-0.0190,0.8026
4.489,-0.0633,-0.1557,-0.1195,0.1206,0.1450,0.1450,-0.3649,-0.0190,0.8026
4.493,-0.0637,-0.1557,-0.1195,0.1180,0.1450,0.1450,-0.4049,-0.0190,0.8026
4.502,-0.0637,-0.1567,-0.1195,0.1180,0.1401,0.1401,-0.4049,-0.0141,0.8026
4.507,-0.0637,-0.1567,-0.1195,0.1180,0.1401,0.1401,-0.4049,-0.0141,0.8026
4.511,-0.0637,-0.1567,-0.1195,0.1228,0.1401,0.1401,-0.4045,-0.0141,0.8026
4.515,-0.0637,-0.1567,-0.1195,0.1215,0.1518,0.1518,-0.4646,-0.0131,0.8026
4.519,-0.0637,-0.1567,-0.1195,0.1215,0.1518,0.1518,-0.4646,-0.0131,0.8026
4.523,-0.0637,-0.1567,-0.1195,0.1215,0.1518,0.1518,-0.4646,-0.0131,0.8026
4.527,-0.0641,-0.1567,-0.1195,0.1195,0.1518,0.1518,-0.4650,-0.0131,0.8026
4.534,-0.0641,-0.1567,-0.1195,0.1181,0.1401,0.1401,-0.5249,-0.0141,0.8026
4.543,-0.0653,-0.1981,-0.1197,0.1185,0.1846,0.1846,-0.5281,-0.0177,0.8026
4.547,-0.0653,-0.2018,-0.1199,0.1185,0.1858,0.1858,-0.5281,-0.0275,0.8026
4.550,-0.0653,-0.2018,-0.1200,0.1185,0.1858,0.1858,-0.5281,-0.0275,0.8026
4.556,-0.0653,-0.2018,-0.1201,0.1169,0.1858,0.1858,-0.5845,-0.0275,0.8026
4.564,-0.0633,-0.2018,-0.1202,0.1165,0.1858,0.1858,-0.5809,-0.0275,0.8026
4.568,-0.0633,-0.1956,-0.1204,0.1165,0.1846,0.1846,-0.5809,-0.0164,0.8026
4.572,-0.0633,-0.1956,-0.1205,0.1165,0.1846,0.1846,-0.5809,-0.0164,0.8026
4.576,-0.0649,-0.1956,-0.1206,0.1137,0.1846,0.1846,-0.6318,-0.0164,0.8026
4.581,-0.0649,-0.2006,-0.1207,0.1137,0.1809,0.1809,-0.6318,-0.0103,0.8026
4.585,-0.0649,-0.2006,-0.1208,0.1137,0.1809,0.1809,-0.6318,-0.0103,0.8026
4.588,-0.0649,-0.2006,-0.1209,0.1137,0.1809,0.1809,-0.6318,-0.0103,0.8026
4.592,-0.0613,-0.2006,-0.1210,0.1121,0.1809,0.1809,-0.6318,-0.0103,0.8026
4.597,-0.0613,-0.1895,-0.1210,0.1104,0.1759,0.1759,-0.6810,-0.0103,0.8026
4.603,-0.0613,-0.1895,-0.1211,0.1104,0.1759,0.1759,-0.6810,-0.0103,0.8026
4.607,-0.0613,-0.1895,-0.1212,0.1104,0.1759,0.1759,-0.6810,-0.0103,0.8026
4.611,-0.0637,-0.1895,-0.1213,0.1124,0.1759,0.1759,-0.6854,-0.0103,0.8026
4.617,-0.0637,-0.1969,-0.1213,0.1106,0.1821,0.1821,-0.7272,-0.0238,0.8026
4.625,-0.0637,-0.1969,-0.1214,0.1106,0.1821,0.1821,-0.7272,-0.0238,0.8026
4.632,-0.0637,-0.1969,-0.1216,0.1106,0.1821,0.1821,-0.7252,-0.0238,0.8026
4.635,-0.0637,-0.1969,-0.1217,0.1087,0.1821,0.1821,-0.7619,-0.0177,0.8026
4.643,-0.0661,-0.1969,-0.1218,0.1091,0.1821,0.1821,-0.7619,-0.0177,0.8026
4.647,-0.0661,-0.2042,-0.1219,0.1091,0.1833,0.1833,-0.7619,-0.0177,0.8026
4.657,-0.0661,-0.2042,-0.1219,0.1072,0.1833,0.1833,-0.7940,-0.0177,0.8026
4.668,-0.0629,-0.2042,-0.1219,0.1060,0.1833,0.1833,-0.7920,-0.0177,0.8026
4.672,-0.0629,-0.1944,-0.1219,0.1060,0.1796,0.1796,-0.7920,-0.0115,0.8026
4.676,-0.0633,-0.1944,-0.1219,0.1044,0.1796,0.1796,-0.8242,-0.0115,0.8026
4.680,-0.0633,-0.1956,-0.1219,0.1044,0.1809,0.1809,-0.8242,-0.0263,0.8026
4.684,-0.0633,-0.1956,-0.1219,0.1044,0.1809,0.1809,-0.8242,-0.0263,0.8026
4.688,-0.0633,-0.1956,-0.1219,0.1044,0.1809,0.1809,-0.8242,-0.0263,0.8026
4.692,-0.0633,-0.1956,-0.1219,0.1044,0.1809,0.1809,-0.8242,-0.0263,0.8026
4.696,-0.0657,-0.1956,-0.1219,0.1024,0.1809,0.1809,-0.8384,-0.0263,0.8026
4.700,-0.0657,-0.2030,-0.1219,0.1024,0.1809,0.1809,-0.8384,0.0008,0.8026
4.704,-0.0657,-0.2030,-0.1219,0.1024,0.1809,0.1809,-0.8384,0.0008,0.8026
4.708,-0.0657,-0.2030,-0.1219,0.1024,0.1809,0.1809,-0.8384,0.0008,0.8026
4.712,-0.0641,-0.2030,-0.1219,0.1044,0.1809,0.1809,-0.8440,0.0008,0.8026
4.717,-0.0641,-0.1981,-0.1219,0.1023,0.1870,0.1870,-0.8626,-0.0164,0.8026
4.721,-0.0641,-0.1981,-0.1219,0.1023,0.1870,0.1870,-0.8626,-0.0164,0.8026
4.725,-0.0641,-0.1981,-0.1219,0.1023,0.1870,0.1870,-0.8626,-0.0164,0.8026
4.729,-0.0633,-0.1981,-0.1219,0.0975,0.1870,0.1870,-0.8606,-0.0164,0.8026
4.733,-0.0633,-0.1956,-0.1219,0.0954,0.1723,0.1723,-0.8748,-0.0103,0.8026
4.739,-0.0633,-0.1956,-0.1219,0.0954,0.1723,0.1723,-0.8748,-0.0103,0.8026
4.743,-0.0645,-0.1956,-0.1219,0.0966,0.1723,0.1723,-0.8768,-0.0103,0.8026
4.747,-0.0645,-0.1993,-0.1219,0.0966,0.1759,0.1759,-0.8768,-0.0164,0.8026
4.751,-0.0645,-0.1993,-0.1219,0.0966,0.1759,0.1759,-0.8768,-0.0164,0.8026
4.755,-0.0645,-0.1993,-0.1219,0.0944,0.1759,0.1759,-0.8863,-0.0164,0.8026
4.760,-0.0649,-0.1993,-0.1219,0.0976,0.1759,0.1759,-0.8855,-0.0164,0.8026
4.764,-0.0649,-0.2006,-0.1219,0.0976,0.1858,0.1858,-0.8855,-0.0140,0.8026
4.769,-0.0649,-0.2006,-0.1219,0.0976,0.1858,0.1858,-0.8855,-0.0140,0.8026
4.776,-0.0645,-0.2006,-0.1219,0.0947,0.1858,0.1858,-0.8928,-0.0140,0.8026
4.781,-0.0645,-0.1993,-0.1219,0.0947,0.1833,0.1833,-0.8928,-0.0214,0.8026
4.785,-0.0645,-0.1993,-0.1219,0.0947,0.1833,0.1833,-0.8928,-0.0214,0.8026
4.789,-0.0645,-0.1993,-0.1219,0.0947,0.1833,0.1833,-0.8928,-0.0214,0.8026
4.792,-0.0653,-0.1993,-0.1219,0.0922,0.1833,0.1833,-0.8926,-0.0214,0.8026
4.798,-0.0653,-0.2018,-0.1219,0.0922,0.1821,0.1821,-0.8926,-0.0201,0.8026
4.806,-0.0653,-0.2018,-0.1219,0.0922,0.1821,0.1821,-0.8926,-0.0201,0.8026
4.811,-0.0669,-0.2018,-0.1219,0.0934,0.1821,0.1821,-0.8934,-0.0201,0.8026
4.816,-0.0669,-0.2067,-0.1219,0.0913,0.1858,0.1858,-0.8887,-0.0226,0.8026
4.821,-0.0669,-0.2067,-0.1219,0.0913,0.1858,0.1858,-0.8887,-0.0226,0.8026
4.824,-0.0669,-0.2067,-0.1219,0.0913,0.1858,0.1858,-0.8887,-0.0226,0.8026
4.828,-0.0617,-0.2067,-0.1219,0.0897,0.1858,0.1858,-0.8883,-0.0226,0.8026
4.832,-0.0617,-0.1907,-0.1219,0.0897,0.1809,0.1809,-0.8883,-0.0214,0.8026
4.835,-0.0617,-0.1907,-0.1219,0.0877,0.1809,0.1809,-0.8789,-0.0214,0.8026
4.839,-0.0617,-0.1907,-0.1219,0.0877,0.1809,0.1809,-0.8789,-0.0214,0.8026
4.843,-0.0657,-0.1907,-0.1219,0.0857,0.1809,0.1809,-0.8729,-0.0214,0.8026
4.847,-0.0657,-0.2030,-0.1219,0.0857,0.1747,0.1747,-0.8729,-0.0029,0.8026
4.850,-0.0657,-0.2030,-0.1219,0.0857,0.1747,0.1747,-0.8729,-0.0029,0.8026
4.854,-0.0657,-0.2030,-0.1219,0.0838,0.1747,0.1747,-0.8587,-0.0029,0.8026
4.858,-0.0657,-0.2030,-0.1219,0.0838,0.1747,0.1747,-0.8587,-0.0029,0.8026
4.861,-0.0637,-0.2030,-0.1219,0.0878,0.1747,0.1747,-0.8623,-0.0029,0.8026
4.866,-0.0637,-0.1969,-0.1219,0.0878,0.1870,0.1870,-0.8623,-0.0140,0.8026
4.869,-0.0637,-0.1969,-0.1219,0.0878,0.1870,0.1870,-0.8623,-0.0140,0.8026
4.873,-0.0637,-0.1969,-0.1219,0.0859,0.1870,0.1870,-0.8468,-0.0140,0.8026
4.878,-0.0641,-0.1969,-0.1219,0.0859,0.1870,0.1870,-0.8484,-0.0140,0.8026
4.886,-0.0641,-0.1981,-0.1219,0.0859,0.1870,0.1870,-0.8484,-0.0189,0.8026
4.891,-0.0641,-0.1981,-0.1219,0.0859,0.1870,0.1870,-0.8484,-0.0189,0.8026
4.894,-0.0629,-0.1981,-0.1219,0.0858,0.1870,0.1870,-0.8318,-0.0189,0.8026
4.899,-0.0629,-0.1944,-0.1219,0.0858,0.1919,0.1919,-0.8318,-0.0140,0.8026
4.902,-0.0629,-0.1944,-0.1219,0.0858,0.1919,0.1919,-0.8318,-0.0140,0.8026
4.906,-0.0629,-0.1944,-0.1219,0.0858,0.1919,0.1919,-0.8318,-0.0140,0.8026
4.910,-0.0637,-0.1944,-0.1219,0.0854,0.1919,0.1919,-0.8330,-0.0140,0.8026
4.915,-0.0637,-0.1969,-0.1219,0.0838,0.1907,0.1907,-0.8131,-0.0177,0.8026
4.919,-0.0637,-0.1969,-0.1219,0.0838,0.1907,0.1907,-0.8131,-0.0177,0.8026
4.924,-0.0637,-0.1969,-0.1219,0.0838,0.1907,0.1907,-0.8131,-0.0177,0.8026
4.929,-0.0609,-0.1969,-0.1219,0.0822,0.1907,0.1907,-0.8131,-0.0177,0.8026
4.934,-0.0609,-0.1883,-0.1219,0.0808,0.1858,0.1858,-0.7877,-0.0177,0.8026
4.938,-0.0609,-0.1883,-0.1219,0.0808,0.1858,0.1858,-0.7877,-0.0177,0.8026
4.941,-0.0609,-0.1883,-0.1219,0.0808,0.1858,0.1858,-0.7877,-0.0177,0.8026
4.944,-0.0641,-0.1883,-0.1219,0.0832,0.1858,0.1858,-0.7897,-0.0177,0.8026
4.948,-0.0641,-0.1981,-0.1219,0.0832,0.1932,0.1932,-0.7897,-0.0238,0.8026
4.956,-0.0641,-0.1981,-0.1219,0.0819,0.1932,0.1932,-0.7592,-0.0238,0.8026
4.961,-0.0657,-0.1981,-0.1219,0.0795,0.1932,0.1932,-0.7548,-0.0238,0.8026
4.965,-0.0657,-0.2030,-0.1219,0.0795,0.1858,0.1858,-0.7548,-0.0103,0.8026
4.969,-0.0657,-0.2030,-0.1219,0.0795,0.1858,0.1858,-0.7548,-0.0103,0.8026
4.972,-0.0657,-0.2030,-0.1219,0.0795,0.1858,0.1858,-0.7548,-0.0103,0.8026
4.975,-0.0657,-0.2030,-0.1219,0.0784,0.1858,0.1858,-0.7199,-0.0103,0.8026
4.980,-0.0625,-0.2030,-0.1219,0.0784,0.1858,0.1858,-0.7215,-0.0103,0.8026
4.988,-0.0625,-0.1932,-0.1219,0.0784,0.1858,0.1858,-0.7215,-0.0152,0.8026
4.991,-0.0625,-0.1932,-0.1219,0.0784,0.1858,0.1858,-0.7215,-0.0152,0.8026
4.994,-0.0625,-0.1932,-0.1219,0.0726,0.1858,0.1858,-0.6984,-0.0152,0.8026
4.999,-0.0625,-0.1932,-0.1219,0.0726,0.1710,0.1710,-0.6984,-0.0164,0.8026
5.002,-0.0625,-0.1932,-0.1219,0.0726,0.1710,0.1710,-0.6984,-0.0164,0.8026
5.005,-0.0625,-0.1932,-0.1219,0.0726,0.1710,0.1710,-0.6984,-0.0164,0.8026
5.008,-0.0625,-0.1932,-0.1219,0.0726,0.1710,0.1710,-0.6984,-0.0164,0.8026
5.012,-0.0641,-0.1932,-0.1219,0.0734,0.1710,0.1710,-0.6972,-0.0164,0.8026
5.016,-0.0641,-0.1981,-0.1219,0.0725,0.1735,0.1735,-0.6707,-0.0127,0.8026
5.019,-0.0641,-0.1981,-0.1219,0.0725,0.1735,0.1735,-0.6707,-0.0127,0.8026
5.023,-0.0641,-0.1981,-0.1219,0.0725,0.1735,0.1735,-0.6707,-0.0127,0.8026
5.026,-0.0621,-0.1981,-0.1219,0.0749,0.1735,0.1735,-0.6727,-0.0127,0.8026
5.030,-0.0621,-0.1919,-0.1219,0.0749,0.1809,0.1809,-0.6727,-0.0189,0.8026
5.033,-0.0621,-0.1919,-0.1219,0.0742,0.1809,0.1809,-0.6411,-0.0189,0.8026
5.037,-0.0621,-0.1919,-0.1219,0.0742,0.1809,0.1809,-0.6411,-0.0189,0.8026
5.041,-0.0621,-0.1919,-0.1219,0.0742,0.1809,0.1809,-0.6411,-0.0189,0.8026
5.044,-0.0661,-0.1919,-0.1219,0.0710,0.1809,0.1809,-0.6391,-0.0189,0.8026
5.048,-0.0661,-0.2042,-0.1219,0.0710,0.1710,0.1710,-0.6391,-0.0127,0.8026
5.051,-0.0661,-0.2042,-0.1219,0.0710,0.1710,0.1710,-0.6391,-0.0127,0.8026
5.054,-0.0661,-0.2042,-0.1219,0.0703,0.1710,0.1710,-0.6028,-0.0127,0.8026
5.058,-0.0661,-0.2042,-0.1219,0.0703,0.1710,0.1710,-0.6028,-0.0127,0.8026
5.061,-0.0645,-0.2042,-0.1219,0.0699,0.1710,0.1710,-0.6024,-0.0127,0.8026
5.066,-0.0645,-0.1993,-0.1219,0.0699,0.1698,0.1698,-0.6024,-0.0115,0.8026
5.069,-0.0645,-0.1993,-0.1219,0.0699,0.1698,0.1698,-0.6024,-0.0115,0.8026
5.073,-0.0645,-0.1993,-0.1219,0.0694,0.1698,0.1698,-0.5618,-0.0115,0.8026
5.077,-0.0621,-0.1993,-0.1219,0.0686,0.1698,0.1698,-0.5638,-0.0115,0.8026
5.082,-0.0621,-0.1919,-0.1219,0.0686,0.1673,0.1673,-0.5638,-0.0177,0.8026
5.090,-0.0621,-0.1919,-0.1219,0.0686,0.1673,0.1673,-0.5638,-0.0177,0.8026
5.094,-0.0653,-0.1919,-0.1219,0.0697,0.1673,0.1673,-0.5195,-0.0177,0.8026
5.100,-0.0653,-0.2018,-0.1219,0.0697,0.1723,0.1723,-0.5195,-0.0201,0.8026
5.108,-0.0653,-0.2018,-0.1219,0.0697,0.1723,0.1723,-0.5195,-0.0201,0.8026
5.115,-0.0625,-0.2018,-0.1219,0.0702,0.1723,0.1723,-0.4686,-0.0201,0.8026
5.120,-0.0625,-0.1932,-0.1219,0.0702,0.1747,0.1747,-0.4686,-0.0152,0.8026
5.130,-0.0661,-0.1932,-0.1219,0.0706,0.1747,0.1747,-0.4686,-0.0152,0.8026
5.138,-0.0661,-0.2042,-0.1219,0.0702,0.1759,0.1759,-0.4157,-0.0152,0.8026
5.146,-0.0613,-0.2042,-0.1219,0.0718,0.1759,0.1759,-0.4149,-0.0152,0.8026
5.157,-0.0613,-0.1895,-0.1219,0.0716,0.1809,0.1809,-0.3583,-0.0127,0.8026
5.164,-0.0669,-0.1895,-0.1219,0.0728,0.1809,0.1809,-0.3591,-0.0127,0.8026
5.168,-0.0669,-0.2067,-0.1219,0.0728,0.1846,0.1846,-0.3591,-0.0152,0.8026
5.173,-0.0669,-0.2067,-0.1219,0.0725,0.1846,0.1846,-0.2994,-0.0152,0.8026
5.178,-0.0677,-0.2067,-0.1219,0.0753,0.1846,0.1846,-0.2994,-0.0152,0.8026
5.182,-0.0677,-0.2092,-0.1219,0.0753,0.1932,0.1932,-0.2994,-0.0152,0.8026
5.186,-0.0677,-0.2092,-0.1219,0.0753,0.1932,0.1932,-0.2994,-0.0152,0.8026
5.191,-0.0677,-0.2092,-0.1219,0.0753,0.1932,0.1932,-0.2994,-0.0152,0.8026
5.199,-0.0641,-0.2092,-0.1219,0.0767,0.1932,0.1932,-0.2379,-0.0152,0.8026
5.203,-0.0641,-0.1981,-0.1219,0.0767,0.1981,0.1981,-0.2379,-0.0189,0.8026
5.207,-0.0641,-0.1981,-0.1219,0.0767,0.1981,0.1981,-0.2379,-0.0189,0.8026
5.211,-0.0669,-0.1981,-0.1219,0.0731,0.1981,0.1981,-0.2327,-0.0189,0.8026
5.214,-0.0669,-0.2067,-0.1219,0.0729,0.1870,0.1870,-0.1677,-0.0029,0.8026
5.218,-0.0669,-0.2067,-0.1219,0.0729,0.1870,0.1870,-0.1677,-0.0029,0.8026
5.222,-0.0669,-0.2067,-0.1219,0.0729,0.1870,0.1870,-0.1677,-0.0029,0.8026
5.225,-0.0669,-0.2067,-0.1219,0.0729,0.1870,0.1870,-0.1677,-0.0029,0.8026
5.228,-0.0621,-0.2067,-0.1219,0.0733,0.1870,0.1870,-0.1721,-0.0029,0.8026
5.232,-0.0621,-0.1919,-0.1219,0.0733,0.1883,0.1883,-0.1721,-0.0164,0.8026
5.235,-0.0621,-0.1919,-0.1219,0.0731,0.1883,0.1883,-0.1056,-0.0164,0.8026
5.239,-0.0621,-0.1919,-0.1219,0.0731,0.1883,0.1883,-0.1056,-0.0164,0.8026
5.243,-0.0613,-0.1919,-0.1219,0.0695,0.1883,0.1883,-0.1080,-0.0164,0.8026
5.247,-0.0613,-0.1895,-0.1219,0.0695,0.1772,0.1772,-0.1080,-0.0238,0.8026
5.251,-0.0613,-0.1895,-0.1219,0.0695,0.1772,0.1772,-0.1080,-0.0238,0.8026
5.258,-0.0613,-0.1895,-0.1219,0.0694,0.1772,0.1772,-0.0221,-0.0238,0.8026
5.264,-0.0633,-0.1895,-0.1219,0.0682,0.1772,0.1772,-0.0201,-0.0238,0.8026
5.267,-0.0633,-0.1956,-0.1219,0.0682,0.1735,0.1735,-0.0201,-0.0177,0.8026
5.271,-0.0633,-0.1956,-0.1219,0.0682,0.1735,0.1735,-0.0201,-0.0177,0.8026
5.274,-0.0633,-0.1956,-0.1219,0.0682,0.1735,0.1735,0.0696,-0.0177,0.8026
5.278,-0.0633,-0.1956,-0.1219,0.0701,0.1735,0.1735,0.0676,-0.0177,0.8026
5.282,-0.0633,-0.1956,-0.1219,0.0701,0.1796,0.1796,0.0676,-0.0238,0.8026
5.286,-0.0633,-0.1956,-0.1219,0.0701,0.1796,0.1796,0.0676,-0.0238,0.8026
5.290,-0.0633,-0.1956,-0.1219,0.0701,0.1796,0.1796,0.0676,-0.0238,0.8026
5.295,-0.0637,-0.1956,-0.1219,0.0682,0.1796,0.1796,0.1586,-0.0238,0.8026
5.303,-0.0637,-0.1969,-0.1219,0.0682,0.1735,0.1735,0.1586,-0.0152,0.8026
5.306,-0.0637,-0.1969,-0.1219,0.0682,0.1735,0.1735,0.1586,-0.0152,0.8026
5.310,-0.0605,-0.1969,-0.1219,0.0701,0.1735,0.1735,0.1582,-0.0152,0.8026
5.314,-0.0605,-0.1870,-0.1219,0.0702,0.1796,0.1796,0.2438,-0.0164,0.8026
5.318,-0.0605,-0.1870,-0.1219,0.0702,0.1796,0.1796,0.2438,-0.0164,0.8026
5.321,-0.0605,-0.1870,-0.1219,0.0702,0.1796,0.1796,0.2438,-0.0164,0.8026
5.325,-0.0605,-0.1870,-0.1219,0.0702,0.1796,0.1796,0.2438,-0.0164,0.8026
5.328,-0.0637,-0.1870,-0.1219,0.0714,0.1796,0.1796,0.2434,-0.0164,0.8026
5.332,-0.0637,-0.1969,-0.1219,0.0714,0.1833,0.1833,0.2434,-0.0177,0.8026
5.335,-0.0637,-0.1969,-0.1219,0.0716,0.1833,0.1833,0.3258,-0.0177,0.8026
5.339,-0.0637,-0.1969,-0.1219,0.0716,0.1833,0.1833,0.3258,-0.0177,0.8026
5.342,-0.0649,-0.1969,-0.1219,0.0724,0.1833,0.1833,0.3247,-0.0177,0.8026
5.346,-0.0649,-0.2006,-0.1219,0.0724,0.1858,0.1858,0.3247,-0.0214,0.8026
5.349,-0.0649,-0.2006,-0.1219,0.0724,0.1858,0.1858,0.3247,-0.0214,0.8026
5.353,-0.0649,-0.2006,-0.1219,0.0727,0.1858,0.1858,0.3946,-0.0214,0.8026
5.357,-0.0649,-0.2006,-0.1219,0.0727,0.1858,0.1858,0.3946,-0.0214,0.8026
5.360,-0.0637,-0.2006,-0.1219,0.0723,0.1858,0.1858,0.3958,-0.0214,0.8026
5.364,-0.0637,-0.1969,-0.1219,0.0723,0.1846,0.1846,0.3958,-0.0177,0.8026
5.367,-0.0637,-0.1969,-0.1219,0.0723,0.1846,0.1846,0.3958,-0.0177,0.8026
5.371,-0.0637,-0.1969,-0.1219,0.0723,0.1846,0.1846,0.3958,-0.0177,0.8026
5.374,-0.0637,-0.1969,-0.1219,0.0725,0.1846,0.1846,0.4497,-0.0177,0.8026
5.378,-0.0645,-0.1969,-0.1219,0.0749,0.1846,0.1846,0.4489,-0.0177,0.8026
5.382,-0.0645,-0.1993,-0.1219,0.0749,0.1919,0.1919,0.4489,-0.0201,0.8026
5.385,-0.0645,-0.1993,-0.1219,0.0749,0.1919,0.1919,0.4489,-0.0201,0.8026
5.389,-0.0645,-0.1993,-0.1219,0.0749,0.1919,0.1919,0.4489,-0.0201,0.8026
5.393,-0.0613,-0.1993,-0.1219,0.0765,0.1919,0.1919,0.4980,-0.0201,0.8026
5.398,-0.0613,-0.1895,-0.1219,0.0765,0.1956,0.1956,0.4980,-0.0201,0.8026
5.405,-0.0613,-0.1895,-0.1219,0.0765,0.1956,0.1956,0.4980,-0.0201,0.8026
5.413,-0.0629,-0.1895,-0.1219,0.0738,0.1956,0.1956,0.5467,-0.0201,0.8026
5.419,-0.0629,-0.1944,-0.1219,0.0738,0.1858,0.1858,0.5467,-0.0140,0.8026
5.422,-0.0629,-0.1944,-0.1219,0.0738,0.1858,0.1858,0.5467,-0.0140,0.8026
5.425,-0.0629,-0.1944,-0.1219,0.0738,0.1858,0.1858,0.5467,-0.0140,0.8026
5.428,-0.0617,-0.1944,-0.1219,0.0710,0.1858,0.1858,0.5459,-0.0140,0.8026
5.432,-0.0617,-0.1907,-0.1219,0.0715,0.1772,0.1772,0.5900,-0.0164,0.8026
5.436,-0.0617,-0.1907,-0.1219,0.0715,0.1772,0.1772,0.5900,-0.0164,0.8026
5.439,-0.0617,-0.1907,-0.1219,0.0715,0.1772,0.1772,0.5900,-0.0164,0.8026
5.443,-0.0637,-0.1907,-0.1219,0.0723,0.1772,0.1772,0.5900,-0.0164,0.8026
5.446,-0.0637,-0.1969,-0.1219,0.0723,0.1796,0.1796,0.5900,-0.0164,0.8026
5.450,-0.0637,-0.1969,-0.1219,0.0723,0.1796,0.1796,0.5900,-0.0164,0.8026
5.454,-0.0637,-0.1969,-0.1219,0.0730,0.1796,0.1796,0.6309,-0.0164,0.8026
5.458,-0.0637,-0.1969,-0.1219,0.0730,0.1796,0.1796,0.6309,-0.0164,0.8026
5.461,-0.0621,-0.1969,-0.1219,0.0698,0.1796,0.1796,0.6333,-0.0164,0.8026
5.465,-0.0621,-0.1919,-0.1219,0.0698,0.1698,0.1698,0.6333,-0.0091,0.8026
5.468,-0.0621,-0.1919,-0.1219,0.0698,0.1698,0.1698,0.6333,-0.0091,0.8026
5.472,-0.0621,-0.1919,-0.1219,0.0698,0.1698,0.1698,0.6333,-0.0091,0.8026
5.475,-0.0621,-0.1919,-0.1219,0.0706,0.1698,0.1698,0.6713,-0.0091,0.8026
5.479,-0.0657,-0.1919,-0.1219,0.0738,0.1698,0.1698,0.6685,-0.0091,0.8026
5.483,-0.0657,-0.2030,-0.1219,0.0738,0.1796,0.1796,0.6685,-0.0177,0.8026
5.486,-0.0657,-0.2030,-0.1219,0.0738,0.1796,0.1796,0.6685,-0.0177,0.8026
5.490,-0.0657,-0.2030,-0.1219,0.0738,0.1796,0.1796,0.6685,-0.0177,0.8026
5.493,-0.0605,-0.2030,-0.1219,0.0711,0.1796,0.1796,0.7036,-0.0177,0.8026
5.497,-0.0605,-0.1870,-0.1219,0.0711,0.1686,0.1686,0.7036,-0.0164,0.8026
5.501,-0.0605,-0.1870,-0.1219,0.0711,0.1686,0.1686,0.7036,-0.0164,0.8026
5.505,-0.0605,-0.1870,-0.1219,0.0711,0.1686,0.1686,0.7036,-0.0164,0.8026
5.512,-0.0625,-0.1870,-0.1219,0.0727,0.1686,0.1686,0.7016,-0.0164,0.8026
5.516,-0.0625,-0.1932,-0.1219,0.0737,0.1735,0.1735,0.7329,-0.0226,0.8026
5.520,-0.0625,-0.1932,-0.1219,0.0737,0.1735,0.1735,0.7329,-0.0226,0.8026
5.523,-0.0625,-0.1932,-0.1219,0.0737,0.1735,0.1735,0.7329,-0.0226,0.8026
5.527,-0.0633,-0.1932,-0.1219,0.0765,0.1735,0.1735,0.7317,-0.0226,0.8026
5.531,-0.0633,-0.1956,-0.1219,0.0765,0.1821,0.1821,0.7317,-0.0263,0.8026
5.535,-0.0633,-0.1956,-0.1219,0.0776,0.1821,0.1821,0.7590,-0.0263,0.8026
5.539,-0.0633,-0.1956,-0.1219,0.0776,0.1821,0.1821,0.7590,-0.0263,0.8026
5.543,-0.0653,-0.1956,-0.1219,0.0768,0.1821,0.1821,0.7598,-0.0263,0.8026
5.548,-0.0653,-0.2018,-0.1219,0.0768,0.1796,0.1796,0.7598,-0.0238,0.8026
5.551,-0.0653,-0.2018,-0.1219,0.0768,0.1796,0.1796,0.7598,-0.0238,0.8026
5.555,-0.0653,-0.2018,-0.1219,0.0780,0.1796,0.1796,0.7832,-0.0238,0.8026
5.564,-0.0641,-0.2018,-0.1219,0.0764,0.1796,0.1796,0.7872,-0.0238,0.8026
5.569,-0.0641,-0.1981,-0.1219,0.0764,0.1747,0.1747,0.7872,-0.0115,0.8026
5.573,-0.0641,-0.1981,-0.1219,0.0776,0.1747,0.1747,0.8065,-0.0115,0.8026
5.577,-0.0613,-0.1981,-0.1219,0.0832,0.1747,0.1747,0.8049,-0.0115,0.8026
5.580,-0.0613,-0.1895,-0.1219,0.0832,0.1919,0.1919,0.8049,-0.0164,0.8026
5.584,-0.0613,-0.1895,-0.1219,0.0832,0.1919,0.1919,0.8049,-0.0164,0.8026
5.587,-0.0613,-0.1895,-0.1219,0.0832,0.1919,0.1919,0.8049,-0.0164,0.8026
5.591,-0.0613,-0.1895,-0.1219,0.0832,0.1919,0.1919,0.8049,-0.0164,0.8026
5.594,-0.0653,-0.1895,-0.1219,0.0857,0.1919,0.1919,0.8171,-0.0164,0.8026
5.598,-0.0653,-0.2018,-0.1219,0.0857,0.1956,0.1956,0.8171,-0.0263,0.8026
5.601,-0.0653,-0.2018,-0.1219,0.0857,0.1956,0.1956,0.8171,-0.0263,0.8026
5.605,-0.0653,-0.2018,-0.1219,0.0857,0.1956,0.1956,0.8171,-0.0263,0.8026
5.608,-0.0653,-0.2018,-0.1219,0.0857,0.1956,0.1956,0.8171,-0.0263,0.8026
5.612,-0.0637,-0.2018,-0.1219,0.0867,0.1956,0.1956,0.8469,-0.0263,0.8026
5.621,-0.0637,-0.1969,-0.1219,0.0867,0.1944,0.1944,0.8469,-0.0103,0.8026
5.625,-0.0637,-0.1969,-0.1219,0.0867,0.1944,0.1944,0.8469,-0.0103,0.8026
5.629,-0.0657,-0.1969,-0.1219,0.0871,0.1944,0.1944,0.8441,-0.0103,0.8026
5.633,-0.0657,-0.2030,-0.1219,0.0887,0.1956,0.1956,0.8780,-0.0189,0.8026
5.638,-0.0657,-0.2030,-0.1219,0.0887,0.1956,0.1956,0.8780,-0.0189,0.8026
5.642,-0.0657,-0.2030,-0.1219,0.0887,0.1956,0.1956,0.8780,-0.0189,0.8026
5.645,-0.0649,-0.2030,-0.1219,0.0871,0.1956,0.1956,0.8804,-0.0189,0.8026
5.649,-0.0649,-0.2006,-0.1219,0.0871,0.1907,0.1907,0.8804,-0.0115,0.8026
5.652,-0.0649,-0.2006,-0.1219,0.0891,0.1907,0.1907,0.9385,-0.0115,0.8026
5.657,-0.0649,-0.2006,-0.1219,0.0891,0.1907,0.1907,0.9385,-0.0115,0.8026
5.660,-0.0669,-0.2006,-0.1219,0.0919,0.1907,0.1907,0.9361,-0.0115,0.8026
5.664,-0.0669,-0.2067,-0.1219,0.0919,0.1993,0.1993,0.9361,-0.0189,0.8026
5.667,-0.0669,-0.2067,-0.1219,0.0919,0.1993,0.1993,0.9361,-0.0189,0.8026
5.670,-0.0669,-0.2067,-0.1219,0.0919,0.1993,0.1993,0.9361,-0.0189,0.8026
5.674,-0.0669,-0.2067,-0.1219,0.0940,0.1993,0.1993,0.9921,-0.0189,0.8026
5.678,-0.0637,-0.2067,-0.1219,0.0900,0.1993,0.1993,0.9929,-0.0189,0.8026
5.681,-0.0637,-0.1969,-0.1219,0.0900,0.1870,0.1870,0.9929,-0.0164,0.8026
5.685,-0.0637,-0.1969,-0.1219,0.0900,0.1870,0.1870,0.9929,-0.0164,0.8026
5.688,-0.0637,-0.1969,-0.1219,0.0900,0.1870,0.1870,0.9929,-0.0164,0.8026
5.692,-0.0637,-0.1969,-0.1219,0.0900,0.1870,0.1870,0.9929,-0.0164,0.8026
5.695,-0.0621,-0.1969,-0.1219,0.0956,0.1870,0.1870,1.0386,-0.0164,0.8026
5.699,-0.0621,-0.1919,-0.1219,0.0956,0.1981,0.1981,1.0386,-0.0177,0.8026
5.703,-0.0621,-0.1919,-0.1219,0.0956,0.1981,0.1981,1.0386,-0.0177,0.8026
5.706,-0.0621,-0.1919,-0.1219,0.0956,0.1981,0.1981,1.0386,-0.0177,0.8026
5.716,-0.0617,-0.1919,-0.1219,0.0944,0.1981,0.1981,1.0793,-0.0177,0.8026
5.725,-0.0617,-0.1907,-0.1219,0.0944,0.1883,0.1883,1.0793,-0.0029,0.8026
5.729,-0.0629,-0.1907,-0.1219,0.0917,0.1883,0.1883,1.0789,-0.0029,0.8026
5.733,-0.0629,-0.1944,-0.1219,0.0935,0.1796,0.1796,1.0994,-0.0041,0.8026
5.737,-0.0629,-0.1944,-0.1219,0.0935,0.1796,0.1796,1.0994,-0.0041,0.8026
5.741,-0.0629,-0.1944,-0.1219,0.0935,0.1796,0.1796,1.0994,-0.0041,0.8026
5.748,-0.0629,-0.1944,-0.1219,0.0911,0.1796,0.1796,1.0990,-0.0041,0.8026
5.754,-0.0629,-0.1944,-0.1219,0.0928,0.1723,0.1723,1.1049,-0.0054,0.8026
5.759,-0.0649,-0.1944,-0.1219,0.0992,0.1723,0.1723,1.1013,-0.0054,0.8026
5.762,-0.0649,-0.2006,-0.1219,0.0992,0.1919,0.1919,1.1013,-0.0164,0.8026
5.766,-0.0649,-0.2006,-0.1219,0.0992,0.1919,0.1919,1.1013,-0.0164,0.8026
5.770,-0.0649,-0.2006,-0.1219,0.0992,0.1919,0.1919,1.1013,-0.0164,0.8026
5.773,-0.0649,-0.2006,-0.1219,0.1008,0.1919,0.1919,1.0969,-0.0164,0.8026
5.781,-0.0653,-0.2006,-0.1219,0.0956,0.1919,0.1919,1.0953,-0.0164,0.8026
5.785,-0.0653,-0.2018,-0.1219,0.0956,0.1759,0.1759,1.0953,-0.0214,0.8026
5.788,-0.0653,-0.2018,-0.1219,0.0956,0.1759,0.1759,1.0953,-0.0214,0.8026
5.792,-0.0653,-0.2018,-0.1219,0.0956,0.1759,0.1759,1.0953,-0.0214,0.8026
5.796,-0.0645,-0.2018,-0.1219,0.0940,0.1759,0.1759,0.9182,-0.0214,0.8026
5.804,-0.0645,-0.1993,-0.1219,0.0940,0.1759,0.1759,0.9182,-0.0238,0.8026
5.811,-0.0649,-0.1993,-0.1219,0.0952,0.1759,0.1759,0.9178,-0.0238,0.8026
5.819,-0.0649,-0.2006,-0.1219,0.0970,0.1796,0.1796,0.9073,-0.0251,0.8026
5.838,-0.0633,-0.2006,-0.1219,0.0970,0.1796,0.1796,0.8595,-0.0251,0.8026
5.845,-0.0621,-0.1956,-0.1219,0.0966,0.1772,0.1772,0.8611,-0.0214,0.8026
5.854,-0.0621,-0.1919,-0.1219,0.0972,0.1759,0.1759,0.8192,-0.0164,0.8026
5.861,-0.0661,-0.1919,-0.1219,0.1004,0.1759,0.1759,0.8220,-0.0164,0.8026
5.870,-0.0661,-0.2042,-0.1219,0.1004,0.1858,0.1858,0.8220,-0.0078,0.8026
5.874,-0.0661,-0.2042,-0.1219,0.1005,0.1858,0.1858,0.7733,-0.0078,0.8026
5.879,-0.0637,-0.2042,-0.1219,0.1002,0.1858,0.1858,0.7737,-0.0078,0.8026
5.884,-0.0637,-0.1969,-0.1219,0.1002,0.1846,0.1846,0.7737,-0.0066,0.8026
5.890,-0.0637,-0.1969,-0.1219,0.1002,0.1846,0.1846,0.7737,-0.0066,0.8026
5.897,-0.0617,-0.1969,-0.1219,0.0989,0.1846,0.1846,0.7133,-0.0066,0.8026
5.904,-0.0617,-0.1907,-0.1219,0.0989,0.1821,0.1821,0.7133,-0.0226,0.8026
5.911,-0.0653,-0.1907,-0.1219,0.0993,0.1821,0.1821,0.7161,-0.0226,0.8026
5.915,-0.0653,-0.2018,-0.1219,0.0983,0.1833,0.1833,0.6545,-0.0140,0.8026
5.920,-0.0653,-0.2018,-0.1219,0.0983,0.1833,0.1833,0.6545,-0.0140,0.8026
5.927,-0.0629,-0.2018,-0.1219,0.0999,0.1833,0.1833,0.6533,-0.0140,0.8026
5.935,-0.0629,-0.1944,-0.1219,0.0989,0.1883,0.1883,0.6678,-0.0177,0.8026
5.940,-0.0629,-0.1944,-0.1219,0.0989,0.1883,0.1883,0.6678,-0.0177,0.8026
5.947,-0.0637,-0.1944,-0.1219,0.0989,0.1883,0.1883,0.6674,-0.0177,0.8026
5.953,-0.0637,-0.1969,-0.1219,0.0970,0.1883,0.1883,0.5897,-0.0189,0.8026
5.962,-0.0605,-0.1969,-0.1219,0.0982,0.1883,0.1883,0.5853,-0.0189,0.8026
5.969,-0.0605,-0.1870,-0.1219,0.0982,0.1919,0.1919,0.5853,-0.0324,0.8026
5.976,-0.0637,-0.1870,-0.1219,0.0966,0.1919,0.1919,0.5921,-0.0324,0.8026
5.984,-0.0637,-0.1969,-0.1219,0.0966,0.1944,0.1944,0.5921,-0.0214,0.8026
5.990,-0.0637,-0.1969,-0.1219,0.0966,0.1944,0.1944,0.5921,-0.0214,0.8026
5.997,-0.0633,-0.1969,-0.1219,0.0903,0.1944,0.1944,0.5161,-0.0214,0.8026
6.005,-0.0633,-0.1956,-0.1219,0.0903,0.1821,0.1821,0.5161,-0.0103,0.8026
6.011,-0.0621,-0.1956,-0.1219,0.0911,0.1821,0.1821,0.5126,-0.0103,0.8026
6.016,-0.0621,-0.1919,-0.1219,0.0888,0.1846,0.1846,0.4463,-0.0214,0.8026
6.026,-0.0621,-0.1919,-0.1219,0.0880,0.1846,0.1846,0.4491,-0.0214,0.8026
6.034,-0.0621,-0.1919,-0.1219,0.0848,0.1821,0.1821,0.5013,-0.0127,0.8026
6.042,-0.0621,-0.1919,-0.1219,0.0848,0.1821,0.1821,0.5013,-0.0127,0.8026
6.050,-0.0605,-0.1919,-0.1219,0.0852,0.1821,0.1821,0.5037,-0.0127,0.8026
6.057,-0.0605,-0.1870,-0.1219,0.0821,0.1833,0.1833,0.5524,-0.0054,0.8026
6.064,-0.0609,-0.1870,-0.1219,0.0825,0.1833,0.1833,0.5456,-0.0054,0.8026
6.071,-0.0609,-0.1883,-0.1219,0.0825,0.1846,0.1846,0.5456,-0.0263,0.8026
6.078,-0.0673,-0.1883,-0.1219,0.0794,0.1846,0.1846,0.4100,-0.0263,0.8026
6.086,-0.0673,-0.2079,-0.1219,0.0794,0.1796,0.1796,0.4100,-0.0238,0.8026
6.093,-0.0709,-0.2079,-0.1219,0.0729,0.1796,0.1796,0.4786,-0.0238,0.8026
6.102,-0.0709,-0.2190,-0.1219,0.0729,0.1698,0.1698,0.4786,-0.0226,0.8026
6.108,-0.0709,-0.2190,-0.1219,0.0729,0.1698,0.1698,0.4786,-0.0226,0.8026
6.112,-0.0673,-0.2190,-0.1219,0.0737,0.1698,0.1698,0.4830,-0.0226,0.8026
6.116,-0.0673,-0.2079,-0.1219,0.0704,0.1723,0.1723,0.5590,-0.0091,0.8026
6.121,-0.0673,-0.2079,-0.1219,0.0704,0.1723,0.1723,0.5590,-0.0091,0.8026
6.124,-0.0673,-0.2079,-0.1219,0.0704,0.1723,0.1723,0.5590,-0.0091,0.8026
6.128,-0.0609,-0.2079,-0.1219,0.0716,0.1723,0.1723,0.5562,-0.0091,0.8026
6.132,-0.0609,-0.1883,-0.1219,0.0716,0.1759,0.1759,0.5562,-0.0177,0.8026
6.136,-0.0609,-0.1883,-0.1219,0.0703,0.1759,0.1759,0.4468,-0.0177,0.8026
6.143,-0.0617,-0.1883,-0.1219,0.0723,0.1759,0.1759,0.4456,-0.0177,0.8026
6.151,-0.0617,-0.1907,-0.1219,0.0723,0.1821,0.1821,0.4456,-0.0214,0.8026
6.158,-0.0617,-0.1907,-0.1219,0.0711,0.1821,0.1821,0.3401,-0.0214,0.8026
6.162,-0.0613,-0.1907,-0.1219,0.0715,0.1821,0.1821,0.3417,-0.0214,0.8026
6.167,-0.0613,-0.1895,-0.1219,0.0715,0.1833,0.1833,0.3417,-0.0164,0.8026
6.175,-0.0613,-0.1895,-0.1219,0.0593,0.1833,0.1833,0.4038,-0.0164,0.8026
6.184,-0.0633,-0.1895,-0.1219,0.0621,0.1833,0.1833,0.4058,-0.0164,0.8026
6.191,-0.0633,-0.1956,-0.1219,0.0621,0.1919,0.1919,0.4058,-0.0103,0.8026
6.199,-0.0621,-0.1956,-0.1219,0.0637,0.1919,0.1919,0.2895,-0.0103,0.8026
6.203,-0.0621,-0.1919,-0.1219,0.0637,0.1969,0.1969,0.2895,-0.0201,0.8026
6.207,-0.0621,-0.1919,-0.1219,0.0637,0.1969,0.1969,0.2895,-0.0201,0.8026
6.214,-0.0681,-0.1919,-0.1219,0.0621,0.1969,0.1969,0.1827,-0.0201,0.8026
6.222,-0.0681,-0.2104,-0.1219,0.0621,0.1919,0.1919,0.1827,-0.0017,0.8026
6.228,-0.0629,-0.2104,-0.1219,0.0665,0.1919,0.1919,0.1759,-0.0017,0.8026
6.233,-0.0629,-0.1944,-0.1219,0.0665,0.2055,0.2055,0.2348,-0.0226,0.8026
6.237,-0.0629,-0.1944,-0.1219,0.0665,0.2055,0.2055,0.2348,-0.0226,0.8026
6.240,-0.0629,-0.1944,-0.1219,0.0665,0.2055,0.2055,0.2348,-0.0226,0.8026
6.244,-0.0649,-0.1944,-0.1219,0.0637,0.2055,0.2055,0.2344,-0.0226,0.8026
6.248,-0.0649,-0.2006,-0.1219,0.0637,0.1969,0.1969,0.2344,-0.0238,0.8026
6.253,-0.0649,-0.2006,-0.1219,0.0637,0.1969,0.1969,0.2806,-0.0238,0.8026
6.261,-0.0661,-0.2006,-0.1219,0.0605,0.1969,0.1969,0.2861,-0.0238,0.8026
6.265,-0.0661,-0.2042,-0.1219,0.0605,0.1870,0.1870,0.2861,-0.0066,0.8026
6.269,-0.0661,-0.2042,-0.1219,0.0605,0.1870,0.1870,0.2861,-0.0066,0.8026
6.273,-0.0661,-0.2042,-0.1219,0.0605,0.1870,0.1870,0.2865,-0.0066,0.8026
6.281,-0.0653,-0.2042,-0.1219,0.0633,0.1870,0.1870,0.2802,-0.0066,0.8026
6.287,-0.0653,-0.2018,-0.1219,0.0633,0.1956,0.1956,0.2802,-0.0263,0.8026
6.291,-0.0653,-0.2018,-0.1219,0.0633,0.1956,0.1956,0.2802,-0.0263,0.8026
6.295,-0.0665,-0.2018,-0.1219,0.0581,0.1956,0.1956,0.2943,-0.0263,0.8026
6.299,-0.0665,-0.2055,-0.1219,0.0581,0.1796,0.1796,0.2943,0.0045,0.8026
6.303,-0.0665,-0.2055,-0.1219,0.0581,0.1796,0.1796,0.2943,0.0045,0.8026
6.306,-0.0665,-0.2055,-0.1219,0.0581,0.1796,0.1796,0.2943,0.0045,0.8026
6.310,-0.0605,-0.2055,-0.1219,0.0553,0.1796,0.1796,0.2880,0.0045,0.8026
6.314,-0.0605,-0.1870,-0.1219,0.0553,0.1710,0.1710,0.2819,-0.0152,0.8026
6.319,-0.0605,-0.1870,-0.1219,0.0553,0.1710,0.1710,0.2819,-0.0152,0.8026
6.327,-0.0637,-0.1870,-0.1219,0.0542,0.1710,0.1710,0.2855,-0.0152,0.8026
6.332,-0.0637,-0.1969,-0.1219,0.0542,0.1673,0.1673,0.2855,-0.0041,0.8026
6.336,-0.0637,-0.1969,-0.1219,0.0542,0.1673,0.1673,0.2692,-0.0041,0.8026
6.340,-0.0637,-0.1969,-0.1219,0.0542,0.1673,0.1673,0.2692,-0.0041,0.8026
6.343,-0.0637,-0.1969,-0.1219,0.0553,0.1673,0.1673,0.2641,-0.0041,0.8026
6.347,-0.0637,-0.1969,-0.1219,0.0553,0.1710,0.1710,0.2641,-0.0201,0.8026
6.351,-0.0637,-0.1969,-0.1219,0.0553,0.1710,0.1710,0.2641,-0.0201,0.8026
6.355,-0.0637,-0.1969,-0.1219,0.0553,0.1710,0.1710,0.1475,-0.0201,0.8026
6.359,-0.0637,-0.1969,-0.1219,0.0553,0.1710,0.1710,0.1475,-0.0201,0.8026
6.364,-0.0617,-0.1969,-0.1219,0.0561,0.1710,0.1710,0.1503,-0.0201,0.8026
6.372,-0.0617,-0.1907,-0.1219,0.0561,0.1735,0.1735,0.1503,-0.0115,0.8026
6.377,-0.0645,-0.1907,-0.1219,0.0569,0.1735,0.1735,0.1120,-0.0115,0.8026
6.381,-0.0645,-0.1993,-0.1219,0.0569,0.1759,0.1759,0.1120,-0.0226,0.8026
6.385,-0.0645,-0.1993,-0.1219,0.0569,0.1759,0.1759,0.1120,-0.0226,0.8026
6.388,-0.0645,-0.1993,-0.1219,0.0569,0.1759,0.1759,0.1120,-0.0226,0.8026
6.393,-0.0621,-0.1993,-0.1219,0.0585,0.1759,0.1759,0.1545,-0.0226,0.8026
6.397,-0.0621,-0.1919,-0.1219,0.0585,0.1809,0.1809,0.1545,-0.0177,0.8026
6.401,-0.0621,-0.1919,-0.1219,0.0585,0.1809,0.1809,0.1545,-0.0177,0.8026
6.405,-0.0621,-0.1919,-0.1219,0.0585,0.1809,0.1809,0.1545,-0.0177,0.8026
6.408,-0.0621,-0.1919,-0.1219,0.0585,0.1809,0.1809,0.1545,-0.0177,0.8026
6.411,-0.0633,-0.1919,-0.1219,0.0637,0.1809,0.1809,0.1569,-0.0177,0.8026
6.415,-0.0633,-0.1956,-0.1219,0.0637,0.1969,0.1969,0.0248,-0.0103,0.8026
6.419,-0.0633,-0.1956,-0.1219,0.0637,0.1969,0.1969,0.0248,-0.0103,0.8026
6.422,-0.0633,-0.1956,-0.1219,0.0637,0.1969,0.1969,0.0248,-0.0103,0.8026
6.426,-0.0661,-0.1956,-0.1219,0.0633,0.1969,0.1969,0.0260,-0.0103,0.8026
6.430,-0.0661,-0.2042,-0.1219,0.0633,0.1956,0.1956,0.0260,-0.0066,0.8026
6.434,-0.0661,-0.2042,-0.1219,0.0633,0.1956,0.1956,0.0562,-0.0066,0.8026
6.438,-0.0661,-0.2042,-0.1219,0.0633,0.1956,0.1956,0.0562,-0.0066,0.8026
6.441,-0.0661,-0.2042,-0.1219,0.0633,0.1956,0.1956,0.0562,-0.0066,0.8026
6.445,-0.0625,-0.2042,-0.1219,0.0613,0.1956,0.1956,0.0554,-0.0066,0.8026
6.449,-0.0625,-0.1932,-0.1219,0.0613,0.1895,0.1895,0.0554,-0.0091,0.8026
6.452,-0.0625,-0.1932,-0.1219,0.0613,0.1895,0.1895,0.0554,-0.0091,0.8026
6.455,-0.0625,-0.1932,-0.1219,0.0613,0.1895,0.1895,0.0216,-0.0091,0.8026
6.459,-0.0669,-0.1932,-0.1219,0.0625,0.1895,0.1895,0.0216,-0.0091,0.8026
6.463,-0.0669,-0.2067,-0.1219,0.0625,0.1932,0.1932,0.0216,-0.0091,0.8026
6.466,-0.0669,-0.2067,-0.1219,0.0625,0.1932,0.1932,0.0216,-0.0091,0.8026
6.471,-0.0669,-0.2067,-0.1219,0.0625,0.1932,0.1932,0.0216,-0.0091,0.8026
6.479,-0.0649,-0.2067,-0.1219,0.0593,0.1932,0.1932,0.0851,-0.0091,0.8026
6.485,-0.0649,-0.2006,-0.1219,0.0593,0.1833,0.1833,0.0851,-0.0103,0.8026
6.489,-0.0649,-0.2006,-0.1219,0.0593,0.1833,0.1833,0.0851,-0.0103,0.8026
6.492,-0.0629,-0.2006,-0.1219,0.0597,0.1833,0.1833,0.0839,-0.0103,0.8026
6.496,-0.0629,-0.1944,-0.1219,0.0597,0.1846,0.1846,0.1508,-0.0140,0.8026
6.500,-0.0629,-0.1944,-0.1219,0.0597,0.1846,0.1846,0.1508,-0.0140,0.8026
6.503,-0.0629,-0.1944,-0.1219,0.0597,0.1846,0.1846,0.1508,-0.0140,0.8026
6.506,-0.0629,-0.1944,-0.1219,0.0597,0.1846,0.1846,0.1508,-0.0140,0.8026
6.510,-0.0609,-0.1944,-0.1219,0.0589,0.1846,0.1846,0.1472,-0.0140,0.8026
6.513,-0.0609,-0.1883,-0.1219,0.0589,0.1821,0.1821,0.2039,-0.0251,0.8026
6.518,-0.0609,-0.1883,-0.1219,0.0589,0.1821,0.1821,0.2039,-0.0251,0.8026
6.521,-0.0609,-0.1883,-0.1219,0.0589,0.1821,0.1821,0.2039,-0.0251,0.8026
6.524,-0.0609,-0.1883,-0.1219,0.0589,0.1821,0.1821,0.2039,-0.0251,0.8026
6.528,-0.0621,-0.1883,-0.1219,0.0589,0.1821,0.1821,0.2071,-0.0251,0.8026
6.532,-0.0621,-0.1919,-0.1219,0.0589,0.1821,0.1821,0.2071,-0.0152,0.8026
6.535,-0.0621,-0.1919,-0.1219,0.0589,0.1821,0.1821,0.0727,-0.0152,0.8026
6.539,-0.0621,-0.1919,-0.1219,0.0589,0.1821,0.1821,0.0727,-0.0152,0.8026
6.542,-0.0645,-0.1919,-0.1219,0.0593,0.1821,0.1821,0.0687,-0.0152,0.8026
6.546,-0.0645,-0.1993,-0.1219,0.0593,0.1833,0.1833,0.0687,-0.0275,0.8026
6.549,-0.0645,-0.1993,-0.1219,0.0593,0.1833,0.1833,0.0687,-0.0275,0.8026
6.553,-0.0645,-0.1993,-0.1219,0.0593,0.1833,0.1833,0.1124,-0.0275,0.8026
6.557,-0.0645,-0.1993,-0.1219,0.0593,0.1833,0.1833,0.1124,-0.0275,0.8026
6.560,-0.0641,-0.1993,-0.1219,0.0585,0.1833,0.1833,0.1168,-0.0275,0.8026
6.564,-0.0641,-0.1981,-0.1219,0.0585,0.1809,0.1809,0.1168,-0.0140,0.8026
6.568,-0.0641,-0.1981,-0.1219,0.0585,0.1809,0.1809,0.1168,-0.0140,0.8026
6.573,-0.0641,-0.1981,-0.1219,0.0585,0.1809,0.1809,0.0670,-0.0140,0.8026
6.580,-0.0669,-0.1981,-0.1219,0.0581,0.1809,0.1809,0.0674,-0.0140,0.8026
6.584,-0.0669,-0.2067,-0.1219,0.0581,0.1796,0.1796,0.0674,-0.0127,0.8026
6.588,-0.0669,-0.2067,-0.1219,0.0581,0.1796,0.1796,0.0674,-0.0127,0.8026
6.592,-0.0669,-0.2067,-0.1219,0.0581,0.1796,0.1796,0.0674,-0.0127,0.8026
6.595,-0.0649,-0.2067,-0.1219,0.0589,0.1796,0.1796,0.0140,-0.0127,0.8026
6.599,-0.0649,-0.2006,-0.1219,0.0589,0.1821,0.1821,0.0140,-0.0103,0.8026
6.603,-0.0649,-0.2006,-0.1219,0.0589,0.1821,0.1821,0.0140,-0.0103,0.8026
6.607,-0.0649,-0.2006,-0.1219,0.0589,0.1821,0.1821,0.0140,-0.0103,0.8026
6.610,-0.0653,-0.2006,-0.1219,0.0601,0.1821,0.1821,0.0128,-0.0103,0.8026
6.614,-0.0653,-0.2018,-0.1219,0.0601,0.1858,0.1858,-0.0426,-0.0140,0.8026
6.618,-0.0653,-0.2018,-0.1219,0.0601,0.1858,0.1858,-0.0426,-0.0140,0.8026
6.621,-0.0653,-0.2018,-0.1219,0.0601,0.1858,0.1858,-0.0426,-0.0140,0.8026
6.630,-0.0677,-0.2018,-0.1219,0.0625,0.1858,0.1858,-0.0446,-0.0140,0.8026
6.635,-0.0677,-0.2092,-0.1219,0.0625,0.1932,0.1932,-0.0987,-0.0201,0.8026
6.639,-0.0677,-0.2092,-0.1219,0.0625,0.1932,0.1932,-0.0987,-0.0201,0.8026
6.642,-0.0633,-0.2092,-0.1219,0.0621,0.1932,0.1932,-0.0991,-0.0201,0.8026
6.646,-0.0633,-0.1956,-0.1219,0.0621,0.1919,0.1919,-0.0991,-0.0214,0.8026
6.650,-0.0633,-0.1956,-0.1219,0.0621,0.1919,0.1919,-0.0991,-0.0214,0.8026
6.654,-0.0633,-0.1956,-0.1219,0.0621,0.1919,0.1919,-0.0745,-0.0214,0.8026
6.657,-0.0633,-0.1956,-0.1219,0.0621,0.1919,0.1919,-0.0745,-0.0214,0.8026
6.661,-0.0633,-0.1956,-0.1219,0.0621,0.1919,0.1919,-0.0741,-0.0214,0.8026
6.666,-0.0633,-0.1956,-0.1219,0.0621,0.1919,0.1919,-0.0741,-0.0201,0.8026
6.670,-0.0633,-0.1956,-0.1219,0.0621,0.1919,0.1919,-0.0741,-0.0201,0.8026
6.674,-0.0633,-0.1956,-0.1219,0.0621,0.1919,0.1919,-0.0573,-0.0201,0.8026
6.679,-0.0605,-0.1956,-0.1219,0.0617,0.1919,0.1919,-0.0549,-0.0201,0.8026
6.687,-0.0605,-0.1870,-0.1219,0.0617,0.1907,0.1907,-0.0549,-0.0127,0.8026
6.690,-0.0605,-0.1870,-0.1219,0.0617,0.1907,0.1907,-0.0549,-0.0127,0.8026
6.694,-0.0629,-0.1870,-0.1219,0.0573,0.1907,0.1907,-0.0440,-0.0127,0.8026
6.698,-0.0629,-0.1944,-0.1219,0.0573,0.1772,0.1772,-0.0440,-0.0054,0.8026
6.702,-0.0629,-0.1944,-0.1219,0.0573,0.1772,0.1772,-0.0440,-0.0054,0.8026
6.705,-0.0629,-0.1944,-0.1219,0.0573,0.1772,0.1772,-0.0440,-0.0054,0.8026
6.709,-0.0625,-0.1944,-0.1219,0.0605,0.1772,0.1772,-0.0468,-0.0054,0.8026
6.712,-0.0625,-0.1932,-0.1219,0.0605,0.1870,0.1870,-0.1144,-0.0140,0.8026
6.717,-0.0625,-0.1932,-0.1219,0.0605,0.1870,0.1870,-0.1144,-0.0140,0.8026
6.720,-0.0625,-0.1932,-0.1219,0.0605,0.1870,0.1870,-0.1144,-0.0140,0.8026
6.724,-0.0625,-0.1932,-0.1219,0.0605,0.1870,0.1870,-0.1144,-0.0140,0.8026
6.727,-0.0605,-0.1932,-0.1219,0.0621,0.1870,0.1870,-0.1184,-0.0140,0.8026
6.731,-0.0605,-0.1870,-0.1219,0.0621,0.1919,0.1919,-0.1184,-0.0263,0.8026
6.735,-0.0605,-0.1870,-0.1219,0.0621,0.1919,0.1919,-0.1197,-0.0263,0.8026
6.739,-0.0605,-0.1870,-0.1219,0.0621,0.1919,0.1919,-0.1197,-0.0263,0.8026
6.742,-0.0605,-0.1870,-0.1219,0.0557,0.1919,0.1919,-0.1113,-0.0263,0.8026
6.747,-0.0605,-0.1870,-0.1219,0.0557,0.1723,0.1723,-0.1113,-0.0004,0.8026
6.751,-0.0605,-0.1870,-0.1219,0.0557,0.1723,0.1723,-0.1113,-0.0004,0.8026
6.755,-0.0605,-0.1870,-0.1219,0.0557,0.1723,0.1723,-0.2286,-0.0004,0.8026
6.759,-0.0665,-0.1870,-0.1219,0.0597,0.1723,0.1723,-0.2334,-0.0004,0.8026
6.763,-0.0665,-0.2055,-0.1219,0.0597,0.1846,0.1846,-0.2334,-0.0152,0.8026
6.767,-0.0665,-0.2055,-0.1219,0.0597,0.1846,0.1846,-0.2334,-0.0152,0.8026
6.772,-0.0665,-0.2055,-0.1219,0.0597,0.1846,0.1846,-0.2334,-0.0152,0.8026
6.781,-0.0641,-0.2055,-0.1219,0.0621,0.1846,0.1846,-0.3906,-0.0152,0.8026
6.788,-0.0641,-0.1981,-0.1219,0.0621,0.1919,0.1919,-0.3906,-0.0214,0.8026
6.795,-0.0621,-0.1981,-0.1219,0.0621,0.1919,0.1919,-0.4846,-0.0214,0.8026
6.800,-0.0621,-0.1919,-0.1219,0.0621,0.1919,0.1919,-0.4846,-0.0238,0.8026
6.804,-0.0621,-0.1919,-0.1219,0.0621,0.1919,0.1919,-0.4846,-0.0238,0.8026
6.807,-0.0621,-0.1919,-0.1219,0.0621,0.1919,0.1919,-0.4846,-0.0238,0.8026
6.811,-0.0653,-0.1919,-0.1219,0.0569,0.1919,0.1919,-0.4799,-0.0238,0.8026
6.814,-0.0653,-0.2018,-0.1219,0.0569,0.1759,0.1759,-0.5260,-0.0091,0.8026
6.819,-0.0653,-0.2018,-0.1219,0.0569,0.1759,0.1759,-0.5260,-0.0091,0.8026
6.826,-0.0609,-0.2018,-0.1219,0.0577,0.1759,0.1759,-0.5340,-0.0091,0.8026
6.834,-0.0609,-0.1883,-0.1219,0.0577,0.1784,0.1784,-0.5793,-0.0337,0.8026
6.842,-0.0633,-0.1883,-0.1219,0.0617,0.1784,0.1784,-0.5729,-0.0337,0.8026
6.847,-0.0633,-0.1956,-0.1219,0.0617,0.1907,0.1907,-0.5729,-0.0140,0.8026
6.851,-0.0633,-0.1956,-0.1219,0.0617,0.1907,0.1907,-0.5729,-0.0140,0.8026
6.855,-0.0633,-0.1956,-0.1219,0.0617,0.1907,0.1907,-0.6181,-0.0140,0.8026
6.859,-0.0637,-0.1956,-0.1219,0.0609,0.1907,0.1907,-0.6201,-0.0140,0.8026
6.862,-0.0637,-0.1969,-0.1219,0.0609,0.1883,0.1883,-0.6201,-0.0201,0.8026
6.867,-0.0637,-0.1969,-0.1219,0.0609,0.1883,0.1883,-0.6201,-0.0201,0.8026
6.870,-0.0637,-0.1969,-0.1219,0.0609,0.1883,0.1883,-0.6201,-0.0201,0.8026
6.874,-0.0637,-0.1969,-0.1219,0.0609,0.1883,0.1883,-0.6401,-0.0201,0.8026
6.878,-0.0633,-0.1969,-0.1219,0.0577,0.1883,0.1883,-0.6361,-0.0201,0.8026
6.882,-0.0633,-0.1956,-0.1219,0.0577,0.1784,0.1784,-0.6361,-0.0078,0.8026
6.886,-0.0633,-0.1956,-0.1219,0.0577,0.1784,0.1784,-0.6361,-0.0078,0.8026
6.894,-0.0637,-0.1956,-0.1219,0.0593,0.1784,0.1784,-0.6537,-0.0078,0.8026
6.903,-0.0637,-0.1969,-0.1219,0.0593,0.1833,0.1833,-0.6537,-0.0127,0.8026
6.909,-0.0494,-0.1969,-0.1219,0.0569,0.1833,0.1833,-0.6481,-0.0127,0.8026
6.913,-0.0494,-0.1526,-0.1219,0.0569,0.1759,0.1759,-0.6648,0.0045,0.8026
6.917,-0.0494,-0.1526,-0.1219,0.0569,0.1759,0.1759,-0.6648,0.0045,0.8026
6.921,-0.0494,-0.1526,-0.1219,0.0569,0.1759,0.1759,-0.6648,0.0045,0.8026
6.925,-0.0494,-0.1526,-0.1219,0.0569,0.1759,0.1759,-0.6648,0.0045,0.8026
6.935,-0.0577,-0.1526,-0.1219,0.0569,0.1759,0.1759,-0.6886,0.0045,0.8026
6.940,-0.0577,-0.1784,-0.1219,0.0569,0.1759,0.1759,-0.6886,-0.0177,0.8026
6.944,-0.0561,-0.1784,-0.1219,0.0585,0.1759,0.1759,-0.6914,-0.0177,0.8026
6.949,-0.0561,-0.1735,-0.1219,0.0585,0.1809,0.1809,-0.6914,-0.0263,0.8026
6.953,-0.0561,-0.1735,-0.1219,0.0585,0.1809,0.1809,-0.6914,-0.0263,0.8026
6.959,-0.0410,-0.1735,-0.1219,0.0593,0.1809,0.1809,-0.6835,-0.0263,0.8026
6.977,-0.0307,-0.1267,-0.1219,0.0557,0.1833,0.1833,-0.6820,-0.0017,0.8026
6.987,-0.0307,-0.0947,-0.1219,0.0557,0.1723,0.1723,-0.6820,-0.0029,0.8026
6.991,-0.0307,-0.0947,-0.1219,0.0557,0.1723,0.1723,-0.6820,-0.0029,0.8026
6.999,-0.0084,-0.0947,-0.1219,0.0573,0.1723,0.1723,-0.6826,-0.0029,0.8026
7.007,-0.0084,-0.0258,-0.1219,0.0573,0.1772,0.1772,-0.6826,-0.0078,0.8026
7.010,-0.0072,-0.0258,-0.1219,0.0553,0.1772,0.1772,-0.6802,-0.0078,0.8026
7.014,-0.0072,-0.0221,-0.1219,0.0553,0.1710,0.1710,-0.6853,-0.0004,0.8026
7.018,-0.0072,-0.0221,-0.1219,0.0553,0.1710,0.1710,-0.6853,-0.0004,0.8026
7.022,-0.0072,-0.0221,-0.1219,0.0553,0.1710,0.1710,-0.6853,-0.0004,0.8026
7.026,-0.0008,-0.0221,-0.1219,0.0573,0.1710,0.1710,-0.6817,-0.0004,0.8026
7.030,-0.0008,-0.0025,-0.1219,0.0573,0.1772,0.1772,-0.6817,0.0106,0.8026
7.037,-0.0008,-0.0025,-0.1219,0.0573,0.1772,0.1772,-0.6878,0.0106,0.8026
7.044,-0.0012,-0.0025,-0.1219,0.0585,0.1772,0.1772,-0.6925,0.0106,0.8026
7.048,-0.0012,-0.0037,-0.1219,0.0585,0.1809,0.1809,-0.6925,-0.0041,0.8026
7.052,-0.0012,-0.0037,-0.1219,0.0585,0.1809,0.1809,-0.6925,-0.0041,0.8026
7.055,-0.0012,-0.0037,-0.1219,0.0585,0.1809,0.1809,-0.6988,-0.0041,0.8026
7.060,0.0104,-0.0037,-0.1219,0.0522,0.1809,0.1809,-0.6913,-0.0041,0.8026
7.064,0.0104,0.0320,-0.1219,0.0522,0.1612,0.1612,-0.6913,0.0192,0.8026
7.068,0.0104,0.0320,-0.1219,0.0522,0.1612,0.1612,-0.6913,0.0192,0.8026
7.072,0.0104,0.0320,-0.1219,0.0522,0.1612,0.1612,-0.6913,0.0192,0.8026
7.076,0.0104,0.0320,-0.1219,0.0550,0.1612,0.1612,-0.7005,0.0192,0.8026
7.085,0.0104,0.0320,-0.1219,0.0550,0.1698,0.1698,-0.7005,0.0094,0.8026
7.093,0.0084,0.0320,-0.1213,0.0577,0.1698,0.1698,-0.7180,0.0094,0.8026
7.102,0.0084,0.0258,-0.1205,0.0577,0.1784,0.1784,-0.7180,-0.0275,0.8026
7.110,0.0092,0.0258,-0.1198,0.0557,0.1784,0.1784,-0.7148,-0.0275,0.8026
7.115,0.0092,0.0283,-0.1190,0.0557,0.1723,0.1723,-0.7191,-0.0177,0.8026
7.119,0.0092,0.0283,-0.1186,0.0557,0.1723,0.1723,-0.7191,-0.0177,0.8026
7.122,0.0092,0.0283,-0.1182,0.0557,0.1723,0.1723,-0.7191,-0.0177,0.8026
7.126,0.0068,0.0283,-0.1179,0.0514,0.1723,0.1723,-0.7135,-0.0177,0.8026
7.130,0.0068,0.0209,-0.1176,0.0514,0.1587,0.1587,-0.7135,-0.0004,0.8026
7.133,0.0068,0.0209,-0.1173,0.0514,0.1587,0.1587,-0.7685,-0.0004,0.8026
7.137,0.0068,0.0209,-0.1169,0.0514,0.1587,0.1587,-0.7685,-0.0004,0.8026
7.141,0.0068,0.0209,-0.1166,0.0514,0.1587,0.1587,-0.7685,-0.0004,0.8026
7.144,0.0131,0.0209,-0.1163,0.0530,0.1587,0.1587,-0.7669,-0.0004,0.8026
7.149,0.0131,0.0406,-0.1160,0.0530,0.1636,0.1636,-0.7669,0.0045,0.8026
7.152,0.0131,0.0406,-0.1156,0.0530,0.1636,0.1636,-0.8120,0.0045,0.8026
7.156,0.0131,0.0406,-0.1153,0.0530,0.1636,0.1636,-0.8120,0.0045,0.8026
7.160,0.0100,0.0406,-0.1150,0.0462,0.1636,0.1636,-0.8188,0.0045,0.8026
7.164,0.0100,0.0308,-0.1147,0.0462,0.1427,0.1427,-0.8188,-0.0164,0.8026
7.167,0.0100,0.0308,-0.1144,0.0462,0.1427,0.1427,-0.8188,-0.0164,0.8026
7.170,0.0100,0.0308,-0.1141,0.0462,0.1427,0.1427,-0.8188,-0.0164,0.8026
7.174,0.0100,0.0308,-0.1138,0.0462,0.1427,0.1427,-0.8570,-0.0164,0.8026
7.178,0.0155,0.0308,-0.1136,0.0422,0.1427,0.1427,-0.8491,-0.0164,0.8026
7.181,0.0155,0.0480,-0.1133,0.0422,0.1304,0.1304,-0.8491,0.0082,0.8026
7.185,0.0155,0.0480,-0.1130,0.0422,0.1304,0.1304,-0.8491,0.0082,0.8026
7.188,0.0155,0.0480,-0.1127,0.0422,0.1304,0.1304,-0.8491,0.0082,0.8026
7.191,0.0155,0.0480,-0.1124,0.0422,0.1304,0.1304,-0.8491,0.0082,0.8026
7.195,0.0119,0.0480,-0.1122,0.0414,0.1304,0.1304,-0.8801,0.0082,0.8026
7.199,0.0119,0.0369,-0.1119,0.0414,0.1280,0.1280,-0.8801,0.0069,0.8026
7.204,0.0119,0.0369,-0.1116,0.0414,0.1280,0.1280,-0.8801,0.0069,0.8026
7.212,0.0072,0.0369,-0.1112,0.0494,0.1280,0.1280,-0.8828,0.0069,0.8026
7.216,0.0072,0.0221,-0.1106,0.0494,0.1526,0.1526,-0.9077,-0.0017,0.8026
7.220,0.0072,0.0221,-0.1103,0.0494,0.1526,0.1526,-0.9077,-0.0017,0.8026
7.223,0.0072,0.0221,-0.1100,0.0494,0.1526,0.1526,-0.9077,-0.0017,0.8026
7.227,0.0143,0.0221,-0.1097,0.0430,0.1526,0.1526,-0.9101,-0.0017,0.8026
7.234,0.0143,0.0443,-0.1095,0.0430,0.1329,0.1329,-0.9367,-0.0091,0.8026
7.240,0.0143,0.0443,-0.1089,0.0430,0.1329,0.1329,-0.9367,-0.0091,0.8026
7.243,0.0084,0.0443,-0.1085,0.0382,0.1329,0.1329,-0.9347,-0.0091,0.8026
7.247,0.0084,0.0258,-0.1082,0.0382,0.1181,0.1181,-0.9347,-0.0029,0.8026
7.250,0.0084,0.0258,-0.1080,0.0382,0.1181,0.1181,-0.9347,-0.0029,0.8026
7.254,0.0084,0.0258,-0.1077,0.0382,0.1181,0.1181,-0.9566,-0.0029,0.8026
7.258,0.0084,0.0258,-0.1075,0.0382,0.1181,0.1181,-0.9566,-0.0029,0.8026
7.261,0.0147,0.0258,-0.1072,0.0378,0.1181,0.1181,-0.9642,-0.0029,0.8026
7.265,0.0147,0.0455,-0.1070,0.0378,0.1169,0.1169,-0.9642,-0.0263,0.8026
7.268,0.0147,0.0455,-0.1067,0.0378,0.1169,0.1169,-0.9642,-0.0263,0.8026
7.271,0.0147,0.0455,-0.1065,0.0378,0.1169,0.1169,-0.9642,-0.0263,0.8026
7.275,0.0147,0.0455,-0.1062,0.0378,0.1169,0.1169,-0.9800,-0.0263,0.8026
7.279,0.0111,0.0455,-0.1060,0.0398,0.1169,0.1169,-0.9740,-0.0263,0.8026
7.282,0.0111,0.0345,-0.1057,0.0398,0.1230,0.1230,-0.9740,-0.0078,0.8026
7.286,0.0111,0.0345,-0.1055,0.0398,0.1230,0.1230,-0.9740,-0.0078,0.8026
7.289,0.0111,0.0345,-0.1052,0.0398,0.1230,0.1230,-0.9740,-0.0078,0.8026
7.293,0.0139,0.0345,-0.1050,0.0402,0.1230,0.1230,-0.9845,-0.0078,0.8026
7.297,0.0139,0.0431,-0.1048,0.0402,0.1243,0.1243,-0.9845,-0.0103,0.8026
7.301,0.0139,0.0431,-0.1045,0.0402,0.1243,0.1243,-0.9845,-0.0103,0.8026
7.306,0.0139,0.0431,-0.1042,0.0402,0.1243,0.1243,-0.9845,-0.0103,0.8026
7.314,0.0167,0.0431,-0.1039,0.0370,0.1243,0.1243,-0.9867,-0.0103,0.8026
7.318,0.0167,0.0517,-0.1032,0.0370,0.1144,0.1144,-0.9867,-0.0054,0.8026
7.322,0.0167,0.0517,-0.1028,0.0370,0.1144,0.1144,-0.9867,-0.0054,0.8026
7.325,0.0167,0.0517,-0.1024,0.0370,0.1144,0.1144,-0.9867,-0.0054,0.8026
7.328,0.0187,0.0517,-0.1021,0.0342,0.1144,0.1144,-0.9867,-0.0054,0.8026
7.332,0.0187,0.0578,-0.1018,0.0342,0.1058,0.1058,-0.9745,-0.0054,0.8026
7.337,0.0187,0.0578,-0.1014,0.0342,0.1058,0.1058,-0.9745,-0.0054,0.8026
7.340,0.0187,0.0578,-0.1010,0.0342,0.1058,0.1058,-0.9745,-0.0054,0.8026
7.344,0.0131,0.0578,-0.1006,0.0374,0.1058,0.1058,-0.9805,-0.0054,0.8026
7.347,0.0131,0.0406,-0.1004,0.0374,0.1157,0.1157,-0.9805,-0.0238,0.8026
7.351,0.0131,0.0406,-0.1002,0.0374,0.1157,0.1157,-0.9805,-0.0238,0.8026
7.354,0.0131,0.0406,-0.1000,0.0374,0.1157,0.1157,-0.9611,-0.0238,0.8026
7.358,0.0131,0.0406,-0.0998,0.0374,0.1157,0.1157,-0.9611,-0.0238,0.8026
7.361,0.0048,0.0406,-0.0996,0.0374,0.1157,0.1157,-0.9563,-0.0238,0.8026
7.366,0.0048,0.0148,-0.0994,0.0374,0.1157,0.1157,-0.9563,-0.0091,0.8026
7.370,0.0048,0.0148,-0.0991,0.0374,0.1157,0.1157,-0.9563,-0.0091,0.8026
7.373,0.0048,0.0148,-0.0989,0.0374,0.1157,0.1157,-0.9149,-0.0091,0.8026
7.378,0.0068,0.0148,-0.0987,0.0330,0.1157,0.1157,-0.9121,-0.0091,0.8026
7.386,0.0068,0.0209,-0.0984,0.0330,0.1021,0.1021,-0.9121,-0.0004,0.8026
7.391,0.0068,0.0209,-0.0980,0.0330,0.1021,0.1021,-0.9121,-0.0004,0.8026
7.396,0.0183,0.0209,-0.0977,-0.0374,0.1021,0.1021,-0.8089,-0.0004,0.8026
7.400,0.0183,0.0566,-0.0973,-0.0374,-0.1157,-0.1157,-0.8089,0.1694,0.8030
7.404,0.0183,0.0566,-0.0969,-0.0374,-0.1157,-0.1157,-0.8089,0.1694,0.8035
7.407,0.0183,0.0566,-0.0966,-0.0374,-0.1157,-0.1157,-0.8089,0.1694,0.8038
7.412,0.1147,0.0566,-0.0963,0.0315,-0.1157,-0.1157,-0.8406,0.1694,0.8041
7.421,0.1147,0.3544,-0.0949,0.0315,0.0972,0.0972,-0.8406,-0.0866,0.8039
7.425,0.1147,0.3544,-0.0927,0.0315,0.0972,0.0972,-0.8406,-0.0866,0.8034
7.428,-0.0147,0.3544,-0.0918,0.0609,0.0972,0.0972,-0.7916,-0.0866,0.8032
7.432,-0.0147,-0.0455,-0.0917,0.0609,0.1883,0.1883,-0.7916,0.0648,0.8034
7.435,-0.0147,-0.0455,-0.0915,0.0609,0.1883,0.1883,-0.7377,0.0648,0.8035
7.439,-0.0147,-0.0455,-0.0913,0.0609,0.1883,0.1883,-0.7377,0.0648,0.8036
7.443,0.0036,-0.0455,-0.0911,0.0550,0.1883,0.1883,-0.7735,0.0648,0.8038
7.447,0.0036,0.0111,-0.0910,0.0550,0.1698,0.1698,-0.7735,-0.0460,0.8037
7.451,0.0036,0.0111,-0.0908,0.0550,0.1698,0.1698,-0.7735,-0.0460,0.8037
7.455,0.0036,0.0111,-0.0906,0.0550,0.1698,0.1698,-0.7165,-0.0460,0.8037
7.459,-0.0028,0.0111,-0.0904,0.0446,0.1698,0.1698,-0.6850,-0.0460,0.8037
7.462,-0.0028,-0.0086,-0.0903,0.0446,0.1378,0.1378,-0.6850,0.0512,0.8038
7.466,-0.0028,-0.0086,-0.0901,0.0446,0.1378,0.1378,-0.6850,0.0512,0.8039
7.470,-0.0028,-0.0086,-0.0899,0.0446,0.1378,0.1378,-0.6850,0.0512,0.8040
7.473,-0.0028,-0.0086,-0.0898,0.0446,0.1378,0.1378,-0.6248,0.0512,0.8041
7.477,-0.1394,-0.0086,-0.0896,-0.0159,0.1378,0.1378,-0.6315,0.0512,0.8042
7.480,-0.1394,-0.4306,-0.0904,-0.0159,-0.0492,-0.0247,-0.6315,0.0303,0.8042
7.484,-0.1394,-0.4306,-0.0912,-0.0159,-0.0492,-0.0492,-0.6315,0.0303,0.8042
7.487,-0.1394,-0.4306,-0.0919,-0.0159,-0.0492,-0.0492,-0.6315,0.0303,0.8042
7.490,-0.1394,-0.4306,-0.0925,-0.0159,-0.0492,-0.0492,-0.6315,0.0303,0.8042
7.494,-0.0458,-0.4306,-0.0932,0.1226,-0.0492,-0.0492,-0.6475,0.0303,0.8042
7.499,-0.0458,-0.1415,-0.0933,0.1226,0.3790,0.1192,-0.6475,-0.0177,0.8042
7.502,-0.0458,-0.1415,-0.0935,0.1226,0.3790,0.2445,-0.6475,-0.0177,0.8042
7.505,-0.0458,-0.1415,-0.0936,0.1226,0.3790,0.3429,-0.6475,-0.0177,0.8041
7.509,0.0271,-0.1415,-0.0937,0.0223,0.3790,0.3790,-0.6455,-0.0177,0.8041
7.512,0.0271,0.0837,-0.0933,0.0223,0.0689,0.2736,-0.6341,-0.0115,0.8041
7.517,0.0271,0.0837,-0.0930,0.0223,0.0689,0.1677,-0.6341,-0.0115,0.8041
7.521,0.0271,0.0837,-0.0926,0.0223,0.0689,0.0689,-0.6341,-0.0115,0.8041
7.530,0.0064,0.0837,-0.0921,0.0287,0.0689,0.0689,-0.6094,-0.0115,0.8041
7.538,0.0064,0.0197,-0.0917,0.0287,0.0886,0.0886,-0.5903,0.0648,0.8044
7.543,-0.0522,0.0197,-0.0914,0.0577,0.0886,0.0886,-0.5174,0.0648,0.8047
7.546,-0.0522,-0.1612,-0.0916,0.0577,0.1784,0.1784,-0.5174,0.2899,0.8055
7.550,-0.0522,-0.1612,-0.0918,0.0577,0.1784,0.1784,-0.5174,0.2899,0.8061
7.554,-0.0522,-0.1612,-0.0919,0.0577,0.1784,0.1784,-0.4929,0.2899,0.8067
7.557,-0.0522,-0.1612,-0.0921,0.0577,0.1784,0.1784,-0.4929,0.2899,0.8072
7.561,-0.1318,-0.1612,-0.0923,0.1637,0.1784,0.1784,-0.5674,0.2899,0.8079
7.565,-0.1318,-0.4073,-0.0929,0.1637,0.5057,0.2748,-0.5674,0.0598,0.8079
7.568,-0.1318,-0.4073,-0.0936,0.1637,0.5057,0.3980,-0.5674,0.0598,0.8081
7.571,-0.1318,-0.4073,-0.0943,0.1637,0.5057,0.5032,-0.5674,0.0598,0.8081
7.575,-0.1318,-0.4073,-0.0949,0.1637,0.5057,0.5057,-0.5174,0.0598,0.8082
7.578,0.0167,-0.4073,-0.0955,-0.1414,0.5057,0.5057,-0.4629,0.0598,0.8083
7.583,0.0167,0.0517,-0.0952,-0.1414,-0.4368,0.2786,-0.4629,0.2284,0.8088
7.587,0.0167,0.0517,-0.0948,-0.1414,-0.4368,0.0353,-0.4629,0.2284,0.8093
7.591,0.0167,0.0517,-0.0945,-0.1414,-0.4368,-0.2255,-0.4629,0.2284,0.8098
7.594,-0.0920,0.0517,-0.0942,-0.0398,-0.4368,-0.4093,-0.3977,0.2284,0.8103
7.599,-0.0920,-0.2842,-0.0946,-0.0398,-0.1230,-0.3359,-0.3977,0.3256,0.8108
7.602,-0.0920,-0.2842,-0.0951,-0.0398,-0.1230,-0.1989,-0.3977,0.3256,0.8116
7.605,-0.0920,-0.2842,-0.0954,-0.0398,-0.1230,-0.1230,-0.3977,0.3256,0.8122
7.608,-0.0920,-0.2842,-0.0958,-0.0398,-0.1230,-0.1230,-0.3977,0.3256,0.8128
7.611,0.0195,-0.2842,-0.0962,0.0350,-0.1230,-0.1230,-0.4598,0.3256,0.8133
7.616,0.0195,0.0603,-0.0959,0.0350,0.1083,0.0667,-0.4484,0.1337,0.8135
7.620,0.0195,0.0603,-0.0955,0.0350,0.1083,0.1083,-0.4484,0.1337,0.8138
7.624,0.0195,0.0603,-0.0951,0.0350,0.1083,0.1083,-0.4484,0.1337,0.8140
7.629,-0.0036,0.0603,-0.0948,0.0498,0.1083,0.1083,-0.5073,0.1337,0.8143
7.637,-0.0036,-0.0111,-0.0945,0.0498,0.1538,0.1538,-0.4934,-0.0484,0.8142
7.641,-0.0036,-0.0111,-0.0941,0.0498,0.1538,0.1538,-0.4934,-0.0484,0.8140
7.644,-0.0131,-0.0111,-0.0939,0.0438,0.1538,0.1538,-0.4779,-0.0484,0.8140
7.648,-0.0131,-0.0406,-0.0938,0.0438,0.1353,0.1353,-0.4779,-0.0004,0.8139
7.651,-0.0131,-0.0406,-0.0936,0.0438,0.1353,0.1353,-0.4779,-0.0004,0.8138
7.655,-0.0131,-0.0406,-0.0934,0.0438,0.1353,0.1353,-0.4577,-0.0004,0.8138
7.659,-0.0131,-0.0406,-0.0932,0.0438,0.1353,0.1353,-0.4577,-0.0004,0.8137
7.662,0.0032,-0.0406,-0.0931,0.0422,0.1353,0.1353,-0.4561,-0.0004,0.8137
7.666,0.0032,0.0098,-0.0929,0.0422,0.1304,0.1304,-0.4561,0.0045,0.8136
7.669,0.0032,0.0098,-0.0927,0.0422,0.1304,0.1304,-0.4561,0.0045,0.8135
7.672,0.0032,0.0098,-0.0925,0.0422,0.1304,0.1304,-0.4301,0.0045,0.8135
7.676,-0.0092,0.0098,-0.0924,0.0346,0.1304,0.1304,-0.4293,0.0045,0.8134
7.680,-0.0092,-0.0283,-0.0922,0.0346,0.1070,0.1070,-0.4293,0.0069,0.8134
7.687,-0.0092,-0.0283,-0.0920,0.0346,0.1070,0.1070,-0.4293,0.0069,0.8133
7.693,-0.0123,-0.0283,-0.0917,0.0398,0.1070,0.1070,-0.3982,0.0069,0.8132
7.698,-0.0123,-0.0381,-0.0914,0.0398,0.1230,0.1230,-0.3982,-0.0029,0.8131
7.701,-0.0123,-0.0381,-0.0912,0.0398,0.1230,0.1230,-0.3982,-0.0029,0.8130
7.705,-0.0123,-0.0381,-0.0910,0.0398,0.1230,0.1230,-0.3982,-0.0029,0.8129
7.709,-0.0123,-0.0381,-0.0909,0.0398,0.1230,0.1230,-0.3982,-0.0029,0.8129
7.712,-0.0068,-0.0381,-0.0907,0.0358,0.1230,0.1230,-0.4146,-0.0029,0.8128
7.716,-0.0068,-0.0209,-0.0906,0.0358,0.1107,0.1107,-0.3709,-0.0534,0.8127
7.720,-0.0068,-0.0209,-0.0904,0.0358,0.1107,0.1107,-0.3709,-0.0534,0.8125
7.723,-0.0068,-0.0209,-0.0902,0.0358,0.1107,0.1107,-0.3709,-0.0534,0.8123
7.726,-0.0721,-0.0209,-0.0901,0.0641,0.1107,0.1107,-0.3275,-0.0534,0.8121
7.731,-0.0721,-0.2227,-0.0903,0.0641,0.1981,0.1981,-0.3275,0.0808,0.8122
7.739,-0.0721,-0.2227,-0.0907,0.0641,0.1981,0.1981,-0.2784,0.0808,0.8124
7.743,-0.0442,-0.2227,-0.0914,0.0725,0.1981,0.1981,-0.3294,0.0808,0.8126
7.746,-0.0442,-0.1366,-0.0915,0.0725,0.2239,0.2239,-0.3294,-0.0767,0.8124
7.750,-0.0442,-0.1366,-0.0916,0.0725,0.2239,0.2239,-0.3294,-0.0767,0.8122
7.753,-0.0442,-0.1366,-0.0917,0.0725,0.2239,0.2239,-0.2659,-0.0767,0.8120
7.757,-0.0442,-0.1366,-0.0918,0.0725,0.2239,0.2239,-0.2659,-0.0767,0.8118
7.761,0.0036,-0.1366,-0.0920,0.0406,0.2239,0.2239,-0.2480,-0.0767,0.8115
7.765,0.0036,0.0111,-0.0918,0.0406,0.1255,0.1255,-0.2480,-0.0214,0.8115
7.769,0.0036,0.0111,-0.0916,0.0406,0.1255,0.1255,-0.2480,-0.0214,0.8114
7.773,0.0036,0.0111,-0.0914,0.0406,0.1255,0.1255,-0.1798,-0.0214,0.8114
7.776,-0.0139,0.0111,-0.0912,0.0546,0.1255,0.1255,-0.1914,-0.0214,0.8113
7.780,-0.0139,-0.0431,-0.0911,0.0546,0.1686,0.1686,-0.1914,-0.0570,0.8111
7.783,-0.0139,-0.0431,-0.0909,0.0546,0.1686,0.1686,-0.1914,-0.0570,0.8110
7.787,-0.0139,-0.0431,-0.0908,0.0546,0.1686,0.1686,-0.1914,-0.0570,0.8108
7.790,-0.0139,-0.0431,-0.0906,0.0546,0.1686,0.1686,-0.1914,-0.0570,0.8107
7.793,-0.0040,-0.0431,-0.0905,0.0283,0.1686,0.1686,-0.0974,-0.0570,0.8105
7.798,-0.0040,-0.0123,-0.0903,0.0283,0.0874,0.0874,-0.0974,0.0180,0.8105
7.801,-0.0040,-0.0123,-0.0901,0.0283,0.0874,0.0874,-0.0974,0.0180,0.8104
7.804,-0.0040,-0.0123,-0.0900,0.0283,0.0874,0.0874,-0.0974,0.0180,0.8104
7.807,-0.0040,-0.0123,-0.0898,0.0283,0.0874,0.0874,-0.0974,0.0180,0.8103
7.811,0.0024,-0.0123,-0.0897,0.0621,0.0874,0.0874,-0.1094,0.0180,0.8103
7.814,0.0024,0.0074,-0.0896,0.0621,0.1919,0.1844,-0.0385,-0.0189,0.8103
7.818,0.0024,0.0074,-0.0894,0.0621,0.1919,0.1919,-0.0385,-0.0189,0.8102
7.822,0.0024,0.0074,-0.0892,0.0621,0.1919,0.1919,-0.0385,-0.0189,0.8102
7.825,0.0024,0.0074,-0.0891,0.0621,0.1919,0.1919,-0.0385,-0.0189,0.8101
7.828,-0.0032,0.0074,-0.0889,0.0557,0.1919,0.1919,-0.0508,-0.0189,0.8101
7.835,-0.0032,-0.0098,-0.0888,0.0557,0.1723,0.1723,0.0208,-0.0570,0.8099
7.845,-0.0024,-0.0098,-0.0885,0.0585,0.1723,0.1723,0.0308,-0.0570,0.8097
7.851,-0.0024,-0.0074,-0.0881,0.0585,0.1809,0.1809,0.0308,-0.0263,0.8095
7.855,-0.0024,-0.0074,-0.0879,0.0585,0.1809,0.1809,0.1027,-0.0263,0.8095
7.859,-0.0032,-0.0074,-0.0877,0.0581,0.1809,0.1809,0.1071,-0.0263,0.8094
7.864,-0.0032,-0.0098,-0.0875,0.0581,0.1796,0.1796,0.1071,-0.0127,0.8094
7.869,-0.0032,-0.0098,-0.0873,0.0581,0.1796,0.1796,0.1071,-0.0127,0.8093
7.873,-0.0032,-0.0098,-0.0871,0.0581,0.1796,0.1796,0.1208,-0.0127,0.8093
7.877,-0.0072,-0.0098,-0.0870,0.0597,0.1796,0.1796,0.1184,-0.0127,0.8092
7.881,-0.0072,-0.0221,-0.0868,0.0597,0.1846,0.1846,0.1184,-0.0201,0.8092
7.885,-0.0072,-0.0221,-0.0867,0.0597,0.1846,0.1846,0.1184,-0.0201,0.8092
7.889,-0.0072,-0.0221,-0.0865,0.0597,0.1846,0.1846,0.1184,-0.0201,0.8091
7.894,-0.0139,-0.0221,-0.0864,0.0621,0.1846,0.1846,0.1318,-0.0201,0.8091
7.899,-0.0139,-0.0431,-0.0862,0.0621,0.1919,0.1919,0.1318,-0.0189,0.8090
7.903,-0.0139,-0.0431,-0.0860,0.0621,0.1919,0.1919,0.1318,-0.0189,0.8090
7.907,-0.0139,-0.0431,-0.0859,0.0621,0.1919,0.1919,0.1318,-0.0189,0.8089
7.910,0.0016,-0.0431,-0.0857,0.0553,0.1919,0.1919,0.1437,-0.0189,0.8089
7.914,0.0016,0.0049,-0.0856,0.0553,0.1710,0.1710,0.1609,0.0180,0.8089
7.919,0.0016,0.0049,-0.0854,0.0553,0.1710,0.1710,0.1609,0.0180,0.8088
7.923,0.0016,0.0049,-0.0852,0.0553,0.1710,0.1710,0.1609,0.0180,0.8088
7.927,-0.0139,0.0049,-0.0851,0.0649,0.1710,0.1710,0.1589,0.0180,0.8087
7.931,-0.0139,-0.0431,-0.0850,0.0649,0.2006,0.2006,0.1589,0.0119,0.8087
7.938,-0.0139,-0.0431,-0.0848,0.0649,0.2006,0.2006,0.1942,0.0119,0.8087
7.947,0.0080,-0.0431,-0.0846,0.0589,0.2006,0.2006,0.1819,0.0119,0.8086
7.951,0.0080,0.0246,-0.0843,0.0589,0.1821,0.1821,0.1819,-0.0263,0.8085
7.955,0.0080,0.0246,-0.0841,0.0589,0.1821,0.1821,0.2220,-0.0263,0.8085
7.960,-0.0044,0.0246,-0.0840,0.0538,0.1821,0.1821,0.2300,-0.0263,0.8084
7.964,-0.0044,-0.0135,-0.0838,0.0538,0.1661,0.1661,0.2300,-0.0017,0.8084
7.968,-0.0044,-0.0135,-0.0837,0.0538,0.1661,0.1661,0.2300,-0.0017,0.8084
7.971,-0.0044,-0.0135,-0.0836,0.0538,0.1661,0.1661,0.2300,-0.0017,0.8083
7.975,-0.0044,-0.0135,-0.0834,0.0538,0.1661,0.1661,0.2067,-0.0017,0.8083
7.980,-0.0203,-0.0135,-0.0833,0.0601,0.1661,0.1661,0.1943,-0.0017,0.8083
7.984,-0.0203,-0.0628,-0.0833,0.0601,0.1858,0.1858,0.1943,-0.0398,0.8082
7.988,-0.0203,-0.0628,-0.0833,0.0601,0.1858,0.1858,0.1943,-0.0398,0.8082
7.997,-0.0135,-0.0628,-0.0833,0.0665,0.1858,0.1858,0.1760,-0.0398,0.8081
8.003,-0.0135,-0.0418,-0.0830,0.0665,0.2055,0.2055,0.1760,-0.0078,0.8081
8.007,-0.0135,-0.0418,-0.0829,0.0665,0.2055,0.2055,0.1760,-0.0078,0.8080
8.010,-0.0036,-0.0418,-0.0827,0.0721,0.2055,0.2055,0.1680,-0.0078,0.8080
8.014,-0.0036,-0.0111,-0.0826,0.0721,0.2227,0.2227,0.1446,-0.0324,0.8079
8.019,-0.0036,-0.0111,-0.0825,0.0721,0.2227,0.2227,0.1446,-0.0324,0.8079
8.023,-0.0036,-0.0111,-0.0823,0.0721,0.2227,0.2227,0.1446,-0.0324,0.8079
8.026,-0.0267,-0.0111,-0.0822,0.0749,0.2227,0.2227,0.1450,-0.0324,0.8078
8.030,-0.0267,-0.0824,-0.0823,0.0749,0.2313,0.2313,0.1450,-0.0312,0.8078
8.035,-0.0267,-0.0824,-0.0823,0.0749,0.2313,0.2313,0.1262,-0.0312,0.8078
8.039,-0.0267,-0.0824,-0.0824,0.0749,0.2313,0.2313,0.1262,-0.0312,0.8077
8.043,-0.0183,-0.0824,-0.0825,0.0761,0.2313,0.2313,0.1082,-0.0312,0.8077
8.049,-0.0183,-0.0566,-0.0825,0.0761,0.2350,0.2350,0.1082,-0.0866,0.8075
8.058,-0.0183,-0.0566,-0.0825,0.0761,0.2350,0.2350,0.0935,-0.0866,0.8071
8.064,-0.0131,-0.0566,-0.0825,0.0657,0.2350,0.2350,0.1349,-0.0866,0.8066
8.068,-0.0131,-0.0406,-0.0823,0.0657,0.2030,0.2030,0.1349,0.0414,0.8066
8.073,-0.0131,-0.0406,-0.0822,0.0657,0.2030,0.2030,0.1351,0.0414,0.8065
8.077,-0.0108,-0.0406,-0.0820,0.0808,0.2030,0.2030,0.1232,0.0414,0.8065
8.083,-0.0108,-0.0332,-0.0819,0.0808,0.2498,0.2498,0.1232,0.0045,0.8065
8.087,-0.0108,-0.0332,-0.0817,0.0808,0.2498,0.2498,0.1232,0.0045,0.8065
8.092,-0.0108,-0.0332,-0.0816,0.0808,0.2498,0.2498,0.1232,0.0045,0.8064
8.098,-0.0251,-0.0332,-0.0815,0.0629,0.2498,0.2498,0.1342,0.0045,0.8064
8.104,-0.0251,-0.0775,-0.0815,0.0629,0.1944,0.1944,0.1342,0.0205,0.8064
8.108,-0.0251,-0.0775,-0.0816,0.0629,0.1944,0.1944,0.1342,0.0205,0.8063
8.115,-0.0235,-0.0775,-0.0817,0.0653,0.1944,0.1944,0.1484,0.0205,0.8063
8.122,-0.0235,-0.0726,-0.0818,0.0653,0.2018,0.2018,0.1484,0.0377,0.8063
8.127,-0.0275,-0.0726,-0.0818,0.0553,0.2018,0.2018,0.1385,0.0377,0.8062
8.133,-0.0275,-0.0849,-0.0819,0.0553,0.1710,0.1710,0.1556,0.0069,0.8062
8.138,-0.0275,-0.0849,-0.0820,0.0553,0.1710,0.1710,0.1556,0.0069,0.8062
8.150,-0.0227,-0.0849,-0.0821,0.0633,0.1710,0.1710,0.1544,0.0069,0.8061
8.169,-0.0259,-0.0701,-0.0822,0.0609,0.1956,0.1956,0.1632,0.0032,0.8061
8.183,-0.0267,-0.0800,-0.0825,0.0593,0.1883,0.1883,0.2006,-0.0312,0.8060
8.191,-0.0267,-0.0824,-0.0827,0.0593,0.1833,0.1833,0.2006,0.0180,0.8059
8.196,-0.0255,-0.0824,-0.0828,0.0561,0.1833,0.1833,0.2162,0.0180,0.8059
8.202,-0.0255,-0.0787,-0.0829,0.0561,0.1735,0.1735,0.2162,-0.0029,0.8058
8.207,-0.0255,-0.0787,-0.0830,0.0561,0.1735,0.1735,0.2162,-0.0029,0.8058
8.212,-0.0243,-0.0787,-0.0830,0.0510,0.1735,0.1735,0.2162,-0.0029,0.8058
8.216,-0.0243,-0.0751,-0.0831,0.0510,0.1575,0.1575,0.2391,-0.0029,0.8057
8.222,-0.0243,-0.0751,-0.0831,0.0510,0.1575,0.1575,0.2391,-0.0029,0.8057
8.226,-0.0291,-0.0751,-0.0832,0.0573,0.1575,0.1575,0.2364,-0.0029,0.8057
8.232,-0.0291,-0.0898,-0.0833,0.0573,0.1772,0.1772,0.2364,-0.0115,0.8057
8.236,-0.0291,-0.0898,-0.0834,0.0573,0.1772,0.1772,0.2599,-0.0115,0.8056
8.242,-0.0291,-0.0898,-0.0835,0.0573,0.1772,0.1772,0.2599,-0.0115,0.8056
8.246,-0.0319,-0.0898,-0.0836,0.0534,0.1772,0.1772,0.2571,-0.0115,0.8056
8.250,-0.0319,-0.0984,-0.0837,0.0534,0.1649,0.1649,0.2571,-0.0201,0.8056
8.256,-0.0319,-0.0984,-0.0838,0.0534,0.1649,0.1649,0.2704,-0.0201,0.8056
8.266,-0.0207,-0.0984,-0.0839,0.0657,0.1649,0.1649,0.2688,-0.0201,0.8055
8.270,-0.0207,-0.0640,-0.0839,0.0657,0.2030,0.2030,0.2688,-0.0251,0.8055
8.274,-0.0207,-0.0640,-0.0839,0.0657,0.2030,0.2030,0.2813,-0.0251,0.8055
8.278,-0.0115,-0.0640,-0.0839,0.0936,0.2030,0.2030,0.4091,-0.0251,0.8055
8.283,-0.0115,-0.0357,-0.0838,0.0936,0.2891,0.2891,0.4091,0.3699,0.8063
8.286,-0.0115,-0.0357,-0.0836,0.0936,0.2891,0.2891,0.4091,0.3699,0.8072
8.290,-0.0115,-0.0357,-0.0835,0.0936,0.2891,0.2891,0.4091,0.3699,0.8080
8.299,0.0040,-0.0357,-0.0834,0.0100,0.2891,0.2891,0.3521,0.3699,0.8089
8.306,0.0040,0.0123,-0.0831,0.0100,0.0308,0.0308,0.3521,0.1509,0.8095
8.309,-0.0299,0.0123,-0.0829,0.0565,0.0308,0.0308,0.3051,0.1509,0.8100
8.313,-0.0299,-0.0923,-0.0829,0.0565,0.1747,0.1417,0.3255,0.0057,0.8100
8.318,-0.0299,-0.0923,-0.0830,0.0565,0.1747,0.1747,0.3255,0.0057,0.8099
8.322,-0.0299,-0.0923,-0.0831,0.0565,0.1747,0.1747,0.3255,0.0057,0.8099
8.326,-0.0605,-0.0923,-0.0832,-0.0088,0.1747,0.1747,0.3864,0.0057,0.8098
8.330,-0.0605,-0.1870,-0.0835,-0.0088,-0.0271,0.0336,0.3864,0.1940,0.8102
8.334,-0.0605,-0.1870,-0.0838,-0.0088,-0.0271,-0.0271,0.4085,0.1940,0.8106
8.338,-0.0605,-0.1870,-0.0841,-0.0088,-0.0271,-0.0271,0.4085,0.1940,0.8111
8.342,-0.0553,-0.1870,-0.0844,0.0255,-0.0271,-0.0271,0.3468,0.1940,0.8115
8.347,-0.0553,-0.1710,-0.0847,0.0255,0.0787,0.0787,0.3468,0.0032,0.8114
8.351,-0.0553,-0.1710,-0.0850,0.0255,0.0787,0.0787,0.3468,0.0032,0.8114
8.355,-0.0553,-0.1710,-0.0852,0.0255,0.0787,0.0787,0.3053,0.0032,0.8113
8.359,-0.0283,-0.1710,-0.0854,0.0896,0.0787,0.0787,0.2730,0.0032,0.8113
8.363,-0.0283,-0.0874,-0.0855,0.0896,0.2768,0.2077,0.2730,-0.0964,0.8110
8.369,-0.0283,-0.0874,-0.0856,0.0896,0.2768,0.2768,0.2730,-0.0964,0.8107
8.377,-0.0052,-0.0874,-0.0856,0.0601,0.2768,0.2768,0.2426,-0.0964,0.8102
8.382,-0.0052,-0.0160,-0.0853,0.0601,0.1858,0.1858,0.2426,-0.0484,0.8102
8.386,-0.0052,-0.0160,-0.0852,0.0601,0.1858,0.1858,0.2426,-0.0484,0.8101
8.389,-0.0052,-0.0160,-0.0850,0.0601,0.1858,0.1858,0.2426,-0.0484,0.8101
8.393,-0.0052,-0.0160,-0.0849,0.0426,0.1858,0.1858,0.2013,-0.0484,0.8100
8.398,-0.0052,-0.0160,-0.0848,0.0426,0.1317,0.1317,0.2013,-0.0472,0.8100
8.402,-0.0052,-0.0160,-0.0846,0.0426,0.1317,0.1317,0.2013,-0.0472,0.8099
8.406,-0.0052,-0.0160,-0.0845,0.0426,0.1317,0.1317,0.2013,-0.0472,0.8099
8.410,0.0709,-0.0160,-0.0843,-0.0816,0.1317,0.1317,0.1734,-0.0472,0.8098
8.415,0.0709,0.2190,-0.0836,-0.0816,-0.2522,-0.1364,0.1359,-0.1333,0.8094
8.420,0.0709,0.2190,-0.0829,-0.0816,-0.2522,-0.2522,0.1359,-0.1333,0.8090
8.423,0.0709,0.2190,-0.0822,-0.0816,-0.2522,-0.2522,0.1359,-0.1333,0.8086
8.427,-0.0366,0.2190,-0.0815,0.0478,-0.2522,-0.2522,0.2131,-0.1333,0.8083
8.431,-0.0366,-0.1132,-0.0817,0.0478,0.1476,-0.0296,0.2131,0.1054,0.8085
8.435,-0.0366,-0.1132,-0.0818,0.0478,0.1476,0.1274,0.1795,0.1054,0.8087
8.439,-0.0366,-0.1132,-0.0819,0.0478,0.1476,0.1476,0.1795,0.1054,0.8089
8.443,-0.1935,-0.1132,-0.0821,-0.1740,0.1476,0.1476,0.1696,0.1054,0.8091
8.451,-0.1935,-0.5980,-0.0833,-0.1740,-0.5377,-0.0800,0.1696,0.0746,0.8092
8.457,-0.1935,-0.5980,-0.0859,-0.1740,-0.5377,-0.3655,0.1272,0.0746,0.8095
8.462,-0.1609,-0.5980,-0.0876,-0.0024,-0.5377,-0.5369,-0.0154,0.0746,0.8097
8.466,-0.1609,-0.4971,-0.0888,-0.0024,-0.0074,-0.3979,-0.0154,-0.3659,0.8087
8.472,-0.1609,-0.4971,-0.0899,-0.0024,-0.0074,-0.2570,-0.0555,-0.3659,0.8076
8.483,0.0378,-0.4971,-0.0913,0.1469,-0.0074,-0.0835,-0.0292,-0.3659,0.8064
8.488,0.0378,0.1169,-0.0901,0.1469,0.4540,0.3235,-0.0292,-0.2847,0.8045
8.493,0.0366,0.1169,-0.0895,0.0235,0.4540,0.4540,0.1152,-0.2847,0.8036
8.499,0.0366,0.1132,-0.0890,0.0235,0.0726,0.3034,0.1152,0.2702,0.8044
8.505,0.0366,0.1132,-0.0883,0.0235,0.0726,0.1251,0.1152,0.2702,0.8053
8.510,0.0203,0.1132,-0.0877,0.0438,0.0726,0.0726,0.0280,0.2702,0.8062
8.516,0.0203,0.0628,-0.0873,0.0438,0.1353,0.1353,0.0080,0.0008,0.8062
8.522,0.0203,0.0628,-0.0869,0.0438,0.1353,0.1353,0.0080,0.0008,0.8062
8.527,0.0267,0.0628,-0.0864,0.0502,0.1353,0.1353,0.0052,0.0008,0.8061
8.534,0.0267,0.0824,-0.0860,0.0502,0.1550,0.1550,-0.0090,-0.0078,0.8061
8.541,0.0267,0.0824,-0.0854,0.0502,0.1550,0.1550,-0.0090,-0.0078,0.8061
8.549,0.0315,0.0824,-0.0848,0.0534,0.1550,0.1550,-0.0031,-0.0078,0.8060
8.554,0.0315,0.0972,-0.0841,0.0534,0.1649,0.1649,-0.0140,0.0106,0.8060
8.559,0.0231,0.0972,-0.0836,0.0490,0.1649,0.1649,-0.0203,0.0106,0.8060
8.565,0.0231,0.0714,-0.0832,0.0490,0.1513,0.1513,-0.0203,-0.0091,0.8059
8.570,0.0231,0.0714,-0.0828,0.0490,0.1513,0.1513,-0.0203,-0.0091,0.8059
8.574,0.0231,0.0714,-0.0825,0.0490,0.1513,0.1513,-0.0278,-0.0091,0.8059
8.581,0.0319,0.0714,-0.0822,0.0673,0.1513,0.1513,-0.0238,-0.0091,0.8059
8.590,0.0319,0.0984,-0.0816,0.0673,0.2079,0.2079,-0.0238,0.0032,0.8058
8.595,0.0338,0.0984,-0.0807,0.0474,0.2079,0.2079,-0.0235,0.0032,0.8058
8.604,0.0338,0.1046,-0.0804,0.0474,0.1464,0.1464,-0.0235,0.0168,0.8058
8.610,0.0374,0.1046,-0.0795,0.0601,0.1464,0.1464,-0.0283,0.0168,0.8057
8.614,0.0374,0.1157,-0.0790,0.0601,0.1858,0.1858,-0.0291,0.0020,0.8057
8.619,0.0374,0.1157,-0.0786,0.0601,0.1858,0.1858,-0.0291,0.0020,0.8057
8.623,0.0374,0.1157,-0.0781,0.0601,0.1858,0.1858,-0.0291,0.0020,0.8056
8.627,0.0195,0.1157,-0.0778,0.0534,0.1858,0.1858,-0.0156,0.0020,0.8056
8.632,0.0195,0.0603,-0.0775,0.0534,0.1649,0.1649,-0.0156,0.0439,0.8056
8.636,0.0195,0.0603,-0.0772,0.0534,0.1649,0.1649,-0.0322,0.0439,0.8056
8.640,0.0195,0.0603,-0.0770,0.0534,0.1649,0.1649,-0.0322,0.0439,0.8056
8.644,0.0167,0.0603,-0.0768,0.0657,0.1649,0.1649,-0.0609,0.0439,0.8055
8.648,0.0167,0.0517,-0.0766,0.0657,0.2030,0.2030,-0.0609,-0.0447,0.8055
8.651,0.0167,0.0517,-0.0764,0.0657,0.2030,0.2030,-0.0609,-0.0447,0.8055
8.655,0.0167,0.0517,-0.0762,0.0657,0.2030,0.2030,-0.0763,-0.0447,0.8055
8.659,0.0131,0.0517,-0.0760,0.0593,0.2030,0.2030,-0.0767,-0.0447,0.8055
8.663,0.0131,0.0406,-0.0759,0.0593,0.1833,0.1833,-0.0767,-0.0460,0.8054
8.667,0.0131,0.0406,-0.0758,0.0593,0.1833,0.1833,-0.0767,-0.0460,0.8054
8.671,0.0131,0.0406,-0.0757,0.0593,0.1833,0.1833,-0.0767,-0.0460,0.8054
8.674,0.0131,0.0406,-0.0757,0.0593,0.1833,0.1833,-0.0880,-0.0460,0.8054
8.678,0.0036,0.0406,-0.0756,0.0633,0.1833,0.1833,-0.0797,-0.0460,0.8054
8.682,0.0036,0.0111,-0.0755,0.0633,0.1956,0.1956,-0.0797,-0.0201,0.8054
8.686,0.0036,0.0111,-0.0754,0.0633,0.1956,0.1956,-0.0797,-0.0201,0.8053
8.694,0.0458,0.0111,-0.0753,0.0593,0.1956,0.1956,-0.0696,-0.0201,0.8053
8.698,0.0458,0.1415,-0.0746,0.0593,0.1833,0.1833,-0.0696,0.0414,0.8053
8.701,0.0458,0.1415,-0.0742,0.0593,0.1833,0.1833,-0.0696,0.0414,0.8053
8.705,0.0458,0.1415,-0.0738,0.0593,0.1833,0.1833,-0.0696,0.0414,0.8053
8.709,0.0295,0.1415,-0.0735,0.0494,0.1833,0.1833,-0.0836,0.0414,0.8053
8.713,0.0295,0.0911,-0.0732,0.0494,0.1526,0.1526,-0.0897,-0.0017,0.8052
8.717,0.0295,0.0911,-0.0729,0.0494,0.1526,0.1526,-0.0897,-0.0017,0.8052
8.721,0.0295,0.0911,-0.0726,0.0494,0.1526,0.1526,-0.0897,-0.0017,0.8052
8.725,0.0295,0.0911,-0.0724,0.0494,0.1526,0.1526,-0.0897,-0.0017,0.8052
8.729,0.0279,0.0911,-0.0721,0.0494,0.1526,0.1526,-0.1072,-0.0017,0.8052
8.732,0.0279,0.0861,-0.0718,0.0494,0.1526,0.1526,-0.1661,-0.0558,0.8050
8.737,0.0279,0.0861,-0.0716,0.0494,0.1526,0.1526,-0.1661,-0.0558,0.8049
8.740,0.0279,0.0861,-0.0713,0.0494,0.1526,0.1526,-0.1661,-0.0558,0.8047
8.743,0.0195,0.0861,-0.0711,0.0418,0.1526,0.1526,-0.1470,-0.0558,0.8046
8.747,0.0195,0.0603,-0.0709,0.0418,0.1292,0.1292,-0.1470,0.0032,0.8046
8.755,0.0195,0.0603,-0.0707,0.0418,0.1292,0.1292,-0.2058,0.0032,0.8046
8.760,0.0275,0.0603,-0.0704,0.0629,0.1292,0.1292,-0.1955,0.0032,0.8046
8.764,0.0275,0.0849,-0.0701,0.0629,0.1944,0.1944,-0.1955,0.0352,0.8046
8.768,0.0275,0.0849,-0.0698,0.0629,0.1944,0.1944,-0.1955,0.0352,0.8045
8.771,0.0275,0.0849,-0.0696,0.0629,0.1944,0.1944,-0.1955,0.0352,0.8045
8.774,0.0275,0.0849,-0.0694,0.0629,0.1944,0.1944,-0.2468,0.0352,0.8045
8.778,0.0064,0.0849,-0.0692,0.0721,0.1944,0.1944,-0.2480,0.0352,0.8045
8.782,0.0064,0.0197,-0.0692,0.0721,0.2227,0.2227,-0.2480,0.0315,0.8045
8.785,0.0064,0.0197,-0.0691,0.0721,0.2227,0.2227,-0.2480,0.0315,0.8045
8.790,0.0064,0.0197,-0.0691,0.0721,0.2227,0.2227,-0.2480,0.0315,0.8045
8.797,0.0223,0.0197,-0.0690,0.0510,0.2227,0.2227,-0.2711,0.0315,0.8045
8.801,0.0223,0.0689,-0.0687,0.0510,0.1575,0.1575,-0.2711,0.0955,0.8049
8.804,0.0223,0.0689,-0.0685,0.0510,0.1575,0.1575,-0.2711,0.0955,0.8051
8.808,0.0223,0.0689,-0.0683,0.0510,0.1575,0.1575,-0.2711,0.0955,0.8052
8.811,0.0151,0.0689,-0.0681,0.0637,0.1575,0.1575,-0.2910,0.0955,0.8054
8.815,0.0151,0.0468,-0.0681,0.0637,0.1969,0.1969,-0.3380,0.0340,0.8054
8.819,0.0151,0.0468,-0.0681,0.0637,0.1969,0.1969,-0.3380,0.0340,0.8054
8.822,0.0151,0.0468,-0.0680,0.0637,0.1969,0.1969,-0.3380,0.0340,0.8054
8.826,0.0243,0.0468,-0.0680,0.0550,0.1969,0.1969,-0.3440,0.0340,0.8053
8.829,0.0243,0.0751,-0.0678,0.0550,0.1698,0.1698,-0.3440,0.0156,0.8053
8.833,0.0243,0.0751,-0.0677,0.0550,0.1698,0.1698,-0.3955,0.0156,0.8053
8.837,0.0243,0.0751,-0.0675,0.0550,0.1698,0.1698,-0.3955,0.0156,0.8053
8.840,0.0243,0.0751,-0.0673,0.0550,0.1698,0.1698,-0.3955,0.0156,0.8053
8.843,0.0366,0.0751,-0.0671,0.0581,0.1698,0.1698,-0.4007,0.0156,0.8053
8.847,0.0366,0.1132,-0.0669,0.0581,0.1796,0.1796,-0.4007,-0.0004,0.8053
8.851,0.0366,0.1132,-0.0666,0.0581,0.1796,0.1796,-0.4007,-0.0004,0.8052
8.855,0.0366,0.1132,-0.0663,0.0581,0.1796,0.1796,-0.4450,-0.0004,0.8052
8.859,0.0068,0.1132,-0.0660,0.0609,0.1796,0.1796,-0.4454,-0.0004,0.8052
8.863,0.0068,0.0209,-0.0660,0.0609,0.1883,0.1883,-0.4454,-0.0017,0.8052
8.867,0.0068,0.0209,-0.0660,0.0609,0.1883,0.1883,-0.4454,-0.0017,0.8052
8.870,0.0068,0.0209,-0.0660,0.0609,0.1883,0.1883,-0.4454,-0.0017,0.8052
8.873,0.0068,0.0209,-0.0659,0.0609,0.1883,0.1883,-0.4927,-0.0017,0.8051
8.877,0.0267,0.0209,-0.0659,0.0589,0.1883,0.1883,-0.4938,-0.0017,0.8051
8.880,0.0267,0.0824,-0.0657,0.0589,0.1821,0.1821,-0.4938,-0.0054,0.8051
8.884,0.0267,0.0824,-0.0655,0.0589,0.1821,0.1821,-0.4938,-0.0054,0.8051
8.887,0.0267,0.0824,-0.0653,0.0589,0.1821,0.1821,-0.4938,-0.0054,0.8051
8.892,0.0267,0.0824,-0.0652,0.0589,0.1821,0.1821,-0.4938,-0.0054,0.8051
8.900,0.0430,0.0824,-0.0649,0.0629,0.1821,0.1821,-0.5668,-0.0054,0.8051
8.909,0.0247,0.1329,-0.0643,0.0657,0.1944,0.1944,-0.5692,-0.1075,0.8045
8.915,0.0247,0.0763,-0.0638,0.0657,0.2030,0.2030,-0.5996,-0.1149,0.8039
8.920,0.0247,0.0763,-0.0636,0.0657,0.2030,0.2030,-0.5996,-0.1149,0.8035
8.923,0.0247,0.0763,-0.0634,0.0657,0.2030,0.2030,-0.5996,-0.1149,0.8032
8.926,0.0386,0.0763,-0.0632,0.0617,0.2030,0.2030,-0.5880,-0.1149,0.8030
8.930,0.0386,0.1193,-0.0630,0.0617,0.1907,0.1907,-0.5880,-0.0792,0.8028
8.934,0.0386,0.1193,-0.0627,0.0617,0.1907,0.1907,-0.6093,-0.0792,0.8026
8.937,0.0386,0.1193,-0.0625,0.0617,0.1907,0.1907,-0.6093,-0.0792,0.8025
8.941,0.0386,0.1193,-0.0622,0.0617,0.1907,0.1907,-0.6093,-0.0792,0.8023
8.944,0.0386,0.1193,-0.0620,0.0557,0.1907,0.1907,-0.6209,-0.0792,0.8021
8.948,0.0386,0.1193,-0.0617,0.0557,0.1723,0.1723,-0.6209,-0.1149,0.8019
8.951,0.0386,0.1193,-0.0615,0.0557,0.1723,0.1723,-0.6209,-0.1149,0.8017
8.954,0.0386,0.1193,-0.0613,0.0557,0.1723,0.1723,-0.6333,-0.1149,0.8015
8.958,0.0386,0.1193,-0.0610,0.0557,0.1723,0.1723,-0.6333,-0.1149,0.8013
8.962,0.0171,0.1193,-0.0608,0.0581,0.1723,0.1723,-0.6102,-0.1149,0.8010
8.965,0.0171,0.0529,-0.0607,0.0581,0.1796,0.1796,-0.6102,-0.0435,0.8010
8.969,0.0171,0.0529,-0.0606,0.0581,0.1796,0.1796,-0.6102,-0.0435,0.8010
8.972,0.0171,0.0529,-0.0605,0.0581,0.1796,0.1796,-0.6102,-0.0435,0.8010
8.976,0.0159,0.0529,-0.0604,0.0538,0.1796,0.1796,-0.5976,-0.0435,0.8010
8.980,0.0159,0.0492,-0.0604,0.0538,0.1661,0.1661,-0.5976,0.0069,0.8010
8.984,0.0159,0.0492,-0.0604,0.0538,0.1661,0.1661,-0.5976,0.0069,0.8011
8.988,0.0159,0.0492,-0.0604,0.0538,0.1661,0.1661,-0.5976,0.0069,0.8011
8.992,0.0303,0.0492,-0.0604,0.0223,0.1661,0.1661,-0.5868,0.0069,0.8011
8.998,0.0303,0.0935,-0.0602,0.0223,0.0689,0.0689,-0.5862,0.0402,0.8011
9.006,0.0303,0.0935,-0.0599,0.0223,0.0689,0.0689,-0.5862,0.0402,0.8011
9.009,0.0115,0.0935,-0.0596,0.0279,0.0689,0.0689,-0.5755,0.0402,0.8011
9.012,0.0115,0.0357,-0.0596,0.0279,0.0861,0.0861,-0.5741,0.0734,0.8013
9.016,0.0115,0.0357,-0.0596,0.0279,0.0861,0.0861,-0.5741,0.0734,0.8014
9.020,0.0115,0.0357,-0.0596,0.0279,0.0861,0.0861,-0.5741,0.0734,0.8016
9.023,0.0115,0.0357,-0.0596,0.0279,0.0861,0.0861,-0.5741,0.0734,0.8017
9.026,0.0195,0.0357,-0.0596,0.0402,0.0861,0.0861,-0.5841,0.0734,0.8019
9.030,0.0195,0.0603,-0.0595,0.0402,0.1243,0.1243,-0.5841,0.0426,0.8019
9.033,0.0195,0.0603,-0.0594,0.0402,0.1243,0.1243,-0.5756,0.0426,0.8019
9.037,0.0195,0.0603,-0.0593,0.0402,0.1243,0.1243,-0.5756,0.0426,0.8019
9.041,0.0195,0.0603,-0.0592,0.0402,0.1243,0.1243,-0.5756,0.0426,0.8019
9.044,0.0287,0.0603,-0.0591,0.0295,0.1243,0.1243,-0.5704,0.0426,0.8019
9.047,0.0287,0.0886,-0.0589,0.0295,0.0911,0.0911,-0.5704,0.0586,0.8020
9.051,0.0287,0.0886,-0.0588,0.0295,0.0911,0.0911,-0.5704,0.0586,0.8021
9.059,0.0227,0.0886,-0.0586,0.0307,0.0911,0.0911,-0.5993,0.0586,0.8023
9.065,0.0227,0.0701,-0.0583,0.0307,0.0947,0.0947,-0.5993,-0.0251,0.8023
9.069,0.0227,0.0701,-0.0581,0.0307,0.0947,0.0947,-0.5993,-0.0251,0.8023
9.072,0.0227,0.0701,-0.0580,0.0307,0.0947,0.0947,-0.5954,-0.0251,0.8023
9.076,0.0283,0.0701,-0.0579,0.0171,0.0947,0.0947,-0.5576,-0.0251,0.8023
9.079,0.0283,0.0874,-0.0577,0.0171,0.0529,0.0529,-0.5576,0.0918,0.8025
9.083,0.0283,0.0874,-0.0576,0.0171,0.0529,0.0529,-0.5576,0.0918,0.8027
9.087,0.0283,0.0874,-0.0574,0.0171,0.0529,0.0529,-0.5576,0.0918,0.8029
9.091,0.0283,0.0874,-0.0572,0.0171,0.0529,0.0529,-0.5576,0.0918,0.8031
9.094,0.0199,0.0874,-0.0571,0.0131,0.0529,0.0529,-0.5724,0.0918,0.8033
9.100,0.0199,0.0615,-0.0570,0.0131,0.0406,0.0406,-0.5724,0.0315,0.8033
9.107,0.0199,0.0615,-0.0569,0.0131,0.0406,0.0406,-0.5724,0.0315,0.8033
9.111,0.0088,0.0615,-0.0566,0.0243,0.0406,0.0406,-0.5760,0.0315,0.8032
9.115,0.0088,0.0271,-0.0567,0.0243,0.0751,0.0751,-0.5639,0.0205,0.8032
9.119,0.0088,0.0271,-0.0567,0.0243,0.0751,0.0751,-0.5639,0.0205,0.8032
9.122,0.0088,0.0271,-0.0568,0.0243,0.0751,0.0751,-0.5639,0.0205,0.8032
9.126,0.0048,0.0271,-0.0568,0.0191,0.0751,0.0751,-0.5755,0.0205,0.8032
9.129,0.0048,0.0148,-0.0568,0.0191,0.0591,0.0591,-0.5755,-0.0152,0.8032
9.133,0.0048,0.0148,-0.0568,0.0191,0.0591,0.0591,-0.5549,-0.0152,0.8032
9.137,0.0048,0.0148,-0.0569,0.0191,0.0591,0.0591,-0.5549,-0.0152,0.8032
9.140,0.0048,0.0148,-0.0569,0.0191,0.0591,0.0591,-0.5549,-0.0152,0.8032
9.143,0.0008,0.0148,-0.0569,0.0135,0.0591,0.0591,-0.5243,-0.0152,0.8032
9.147,0.0008,0.0025,-0.0570,0.0135,0.0418,0.0418,-0.5243,0.0795,0.8034
9.150,0.0008,0.0025,-0.0570,0.0135,0.0418,0.0418,-0.5243,0.0795,0.8035
9.153,0.0008,0.0025,-0.0570,0.0135,0.0418,0.0418,-0.4956,0.0795,0.8037
9.157,0.0008,0.0025,-0.0570,0.0135,0.0418,0.0418,-0.4956,0.0795,0.8038
9.161,0.0052,0.0025,-0.0571,0.0346,0.0418,0.0418,-0.5195,0.0795,0.8040
9.164,0.0052,0.0160,-0.0571,0.0346,0.1070,0.1070,-0.5195,0.0057,0.8040
9.168,0.0052,0.0160,-0.0571,0.0346,0.1070,0.1070,-0.5195,0.0057,0.8040
9.171,0.0052,0.0160,-0.0572,0.0346,0.1070,0.1070,-0.5195,0.0057,0.8040
9.175,0.0052,0.0160,-0.0572,0.0346,0.1070,0.1070,-0.4826,0.0057,0.8040
9.178,0.0080,0.0160,-0.0572,0.0414,0.1070,0.1070,-0.4619,0.0057,0.8040
9.182,0.0080,0.0246,-0.0572,0.0414,0.1280,0.1280,-0.4619,0.0697,0.8041
9.186,0.0080,0.0246,-0.0573,0.0414,0.1280,0.1280,-0.4619,0.0697,0.8042
9.189,0.0080,0.0246,-0.0573,0.0414,0.1280,0.1280,-0.4619,0.0697,0.8044
9.192,0.0036,0.0246,-0.0573,0.0406,0.1280,0.1280,-0.4639,0.0697,0.8045
9.196,0.0036,0.0111,-0.0574,0.0406,0.1255,0.1255,-0.4141,0.0635,0.8046
9.201,0.0036,0.0111,-0.0574,0.0406,0.1255,0.1255,-0.4141,0.0635,0.8047
9.209,-0.0052,0.0111,-0.0574,0.0450,0.1255,0.1255,-0.4073,0.0635,0.8049
9.215,-0.0052,-0.0160,-0.0575,0.0450,0.1390,0.1390,-0.3499,0.0845,0.8053
9.219,-0.0052,-0.0160,-0.0575,0.0450,0.1390,0.1390,-0.3499,0.0845,0.8055
9.223,-0.0052,-0.0160,-0.0576,0.0450,0.1390,0.1390,-0.3499,0.0845,0.8057
9.227,-0.0080,-0.0160,-0.0576,0.0462,0.1390,0.1390,-0.3674,0.0845,0.8059
9.231,-0.0080,-0.0246,-0.0576,0.0462,0.1427,0.1427,-0.3674,0.0303,0.8059
9.235,-0.0080,-0.0246,-0.0576,0.0462,0.1427,0.1427,-0.3036,0.0303,0.8059
9.240,-0.0080,-0.0246,-0.0577,0.0462,0.1427,0.1427,-0.3036,0.0303,0.8058
9.243,-0.0076,-0.0246,-0.0577,0.0498,0.1427,0.1427,-0.3307,0.0303,0.8058
9.247,-0.0076,-0.0234,-0.0577,0.0498,0.1538,0.1538,-0.3307,-0.0534,0.8057
9.250,-0.0076,-0.0234,-0.0578,0.0498,0.1538,0.1538,-0.3307,-0.0534,0.8055
9.254,-0.0076,-0.0234,-0.0578,0.0498,0.1538,0.1538,-0.2828,-0.0534,0.8054
9.258,-0.0076,-0.0234,-0.0578,0.0498,0.1538,0.1538,-0.2828,-0.0534,0.8053
9.261,0.0052,-0.0234,-0.0578,0.0386,0.1538,0.1538,-0.2688,-0.0534,0.8052
9.264,0.0052,0.0160,-0.0579,0.0386,0.1193,0.1193,-0.2688,-0.0103,0.8052
9.268,0.0052,0.0160,-0.0579,0.0386,0.1193,0.1193,-0.2688,-0.0103,0.8051
9.271,0.0052,0.0160,-0.0579,0.0386,0.1193,0.1193,-0.2688,-0.0103,0.8051
9.275,0.0052,0.0160,-0.0579,0.0386,0.1193,0.1193,-0.2183,-0.0103,0.8051
9.278,-0.0052,0.0160,-0.0580,0.0550,0.1193,0.1193,-0.2044,-0.0103,0.8051
9.282,-0.0052,-0.0160,-0.0580,0.0550,0.1698,0.1698,-0.2044,0.0328,0.8051
9.286,-0.0052,-0.0160,-0.0580,0.0550,0.1698,0.1698,-0.2044,0.0328,0.8051
9.289,-0.0052,-0.0160,-0.0580,0.0550,0.1698,0.1698,-0.2044,0.0328,0.8051
9.292,-0.0052,-0.0160,-0.0580,0.0514,0.1698,0.1698,-0.1838,0.0328,0.8050
9.296,-0.0052,-0.0160,-0.0581,0.0514,0.1587,0.1587,-0.1838,-0.0780,0.8049
9.300,-0.0052,-0.0160,-0.0581,0.0514,0.1587,0.1587,-0.1838,-0.0780,0.8047
9.305,-0.0052,-0.0160,-0.0581,0.0514,0.1587,0.1587,-0.1838,-0.0780,0.8045
9.312,-0.0167,-0.0160,-0.0582,0.0538,0.1587,0.1587,-0.0817,-0.0780,0.8043
9.317,-0.0167,-0.0517,-0.0584,0.0538,0.1661,0.1661,-0.0817,0.0475,0.8043
9.320,-0.0167,-0.0517,-0.0586,0.0538,0.1661,0.1661,-0.0817,0.0475,0.8042
9.323,-0.0167,-0.0517,-0.0587,0.0538,0.1661,0.1661,-0.0817,0.0475,0.8042
9.327,0.0119,-0.0517,-0.0588,0.0430,0.1661,0.1661,-0.1064,0.0475,0.8042
9.331,0.0119,0.0369,-0.0588,0.0430,0.1329,0.1329,-0.1064,-0.0287,0.8042
9.334,0.0119,0.0369,-0.0589,0.0430,0.1329,0.1329,-0.0404,-0.0287,0.8042
9.338,0.0119,0.0369,-0.0589,0.0430,0.1329,0.1329,-0.0404,-0.0287,0.8042
9.341,0.0119,0.0369,-0.0589,0.0430,0.1329,0.1329,-0.0404,-0.0287,0.8042
9.344,-0.0163,0.0369,-0.0589,0.0442,0.1329,0.1329,-0.0173,-0.0287,0.8042
9.348,-0.0163,-0.0504,-0.0590,0.0442,0.1366,0.1366,-0.0173,0.0426,0.8042
9.352,-0.0163,-0.0504,-0.0592,0.0442,0.1366,0.1366,-0.0173,0.0426,0.8042
9.360,-0.0032,-0.0504,-0.0593,0.0338,0.1366,0.1366,0.0491,0.0426,0.8042
9.366,-0.0032,-0.0098,-0.0593,0.0338,0.1046,0.1046,0.0491,0.0315,0.8041
9.369,-0.0032,-0.0098,-0.0593,0.0338,0.1046,0.1046,0.0491,0.0315,0.8041
9.372,-0.0032,-0.0098,-0.0594,0.0338,0.1046,0.1046,0.0491,0.0315,0.8041
9.375,0.0072,-0.0098,-0.0594,0.0394,0.1046,0.1046,0.1354,0.0315,0.8041
9.380,0.0072,0.0221,-0.0594,0.0394,0.1218,0.1218,0.1354,0.0365,0.8041
9.383,0.0072,0.0221,-0.0594,0.0394,0.1218,0.1218,0.1354,0.0365,0.8041
9.387,0.0072,0.0221,-0.0594,0.0394,0.1218,0.1218,0.1354,0.0365,0.8041
9.390,0.0072,0.0221,-0.0594,0.0394,0.1218,0.1218,0.1354,0.0365,0.8041
9.394,-0.0159,0.0221,-0.0595,0.0231,0.1218,0.1218,0.2125,0.0365,0.8041
9.398,-0.0159,-0.0492,-0.0595,0.0231,0.0714,0.0714,0.2125,-0.0017,0.8041
9.401,-0.0159,-0.0492,-0.0595,0.0231,0.0714,0.0714,0.2125,-0.0017,0.8041
9.406,-0.0159,-0.0492,-0.0595,0.0231,0.0714,0.0714,0.2125,-0.0017,0.8040
9.413,0.0346,-0.0492,-0.0595,0.0330,0.0714,0.0714,0.3089,-0.0017,0.8040
9.418,0.0346,0.1070,-0.0591,0.0330,0.1021,0.1021,0.3089,0.0168,0.8040
9.421,0.0346,0.1070,-0.0588,0.0330,0.1021,0.1021,0.3089,0.0168,0.8040
9.425,0.0346,0.1070,-0.0586,0.0330,0.1021,0.1021,0.3089,0.0168,0.8040
9.428,0.0183,0.1070,-0.0585,0.0195,0.1021,0.1021,0.2790,0.0168,0.8040
9.432,0.0183,0.0566,-0.0584,0.0195,0.0603,0.0603,0.2790,-0.0755,0.8038
9.435,0.0183,0.0566,-0.0583,0.0195,0.0603,0.0603,0.3585,-0.0755,0.8037
9.439,0.0183,0.0566,-0.0582,0.0195,0.0603,0.0603,0.3585,-0.0755,0.8035
9.442,-0.0139,0.0566,-0.0581,0.0514,0.0603,0.0603,0.3907,-0.0755,0.8034
9.446,-0.0139,-0.0431,-0.0581,0.0514,0.1587,0.1587,0.3907,0.0242,0.8034
9.449,-0.0139,-0.0431,-0.0581,0.0514,0.1587,0.1587,0.3907,0.0242,0.8033
9.453,-0.0139,-0.0431,-0.0582,0.0514,0.1587,0.1587,0.4682,0.0242,0.8033
9.457,-0.0139,-0.0431,-0.0582,0.0514,0.1587,0.1587,0.4682,0.0242,0.8033
9.460,-0.0402,-0.0431,-0.0582,0.0422,0.1587,0.1587,0.4598,0.0242,0.8033
9.464,-0.0402,-0.1243,-0.0585,0.0422,0.1304,0.1304,0.4598,-0.0017,0.8033
9.467,-0.0402,-0.1243,-0.0587,0.0422,0.1304,0.1304,0.4598,-0.0017,0.8033
9.471,-0.0402,-0.1243,-0.0590,0.0422,0.1304,0.1304,0.4598,-0.0017,0.8033
9.474,-0.0402,-0.1243,-0.0593,0.0422,0.1304,0.1304,0.5369,-0.0017,0.8033
9.478,-0.0048,-0.1243,-0.0595,0.0761,0.1304,0.1304,0.5278,-0.0017,0.8033
9.481,-0.0048,-0.0148,-0.0595,0.0761,0.2350,0.2350,0.5278,-0.0300,0.8033
9.485,-0.0048,-0.0148,-0.0595,0.0761,0.2350,0.2350,0.5278,-0.0300,0.8033
9.488,-0.0048,-0.0148,-0.0596,0.0761,0.2350,0.2350,0.5278,-0.0300,0.8033
9.491,-0.0048,-0.0148,-0.0596,0.0761,0.2350,0.2350,0.5278,-0.0300,0.8033
9.495,-0.0100,-0.0148,-0.0596,0.0553,0.2350,0.2350,0.6259,-0.0300,0.8033
9.499,-0.0100,-0.0308,-0.0596,0.0553,0.1710,0.1710,0.6259,0.0402,0.8033
9.506,-0.0100,-0.0308,-0.0596,0.0553,0.1710,0.1710,0.6259,0.0402,0.8033
9.522,-0.0171,-0.0308,-0.0596,0.0382,0.1710,0.1710,0.6668,0.0402,0.8033
9.534,0.0032,-0.0529,-0.0602,0.0490,0.1181,0.1181,0.7520,-0.0583,0.8027
9.539,0.0032,0.0098,-0.0602,0.0490,0.1513,0.1513,0.7520,-0.0103,0.8027
9.542,0.0000,0.0098,-0.0602,0.0438,0.1513,0.1513,0.7429,-0.0103,0.8027
9.546,0.0000,0.0000,-0.0603,0.0438,0.1353,0.1353,0.7429,-0.0386,0.8027
9.549,0.0000,0.0000,-0.0603,0.0438,0.1353,0.1353,0.7429,-0.0386,0.8027
9.553,0.0000,0.0000,-0.0603,0.0438,0.1353,0.1353,0.8097,-0.0386,0.8027
9.557,0.0000,0.0000,-0.0603,0.0438,0.1353,0.1353,0.8097,-0.0386,0.8027
9.560,0.0080,0.0000,-0.0603,0.0287,0.1353,0.1353,0.8248,-0.0386,0.8027
9.564,0.0080,0.0246,-0.0603,0.0287,0.0886,0.0886,0.8248,0.0082,0.8027
9.568,0.0080,0.0246,-0.0603,0.0287,0.0886,0.0886,0.8248,0.0082,0.8027
9.571,0.0080,0.0246,-0.0603,0.0287,0.0886,0.0886,0.8248,0.0082,0.8027
9.575,0.0080,0.0246,-0.0604,0.0287,0.0886,0.0886,0.9000,0.0082,0.8027
9.579,0.0100,0.0246,-0.0604,0.0366,0.0886,0.0886,0.8972,0.0082,0.8027
9.583,0.0100,0.0308,-0.0604,0.0366,0.1132,0.1132,0.8972,-0.0004,0.8027
9.586,0.0100,0.0308,-0.0604,0.0366,0.1132,0.1132,0.8972,-0.0004,0.8027
9.590,0.0100,0.0308,-0.0604,0.0366,0.1132,0.1132,0.8972,-0.0004,0.8027
9.593,-0.0028,0.0308,-0.0604,0.0203,0.1132,0.1132,0.9637,-0.0004,0.8027
9.597,-0.0028,-0.0086,-0.0604,0.0203,0.0628,0.0628,0.9637,-0.0214,0.8027
9.601,-0.0028,-0.0086,-0.0604,0.0203,0.0628,0.0628,0.9637,-0.0214,0.8027
9.605,-0.0028,-0.0086,-0.0604,0.0203,0.0628,0.0628,0.9637,-0.0214,0.8027
9.608,-0.0028,-0.0086,-0.0604,0.0203,0.0628,0.0628,0.9637,-0.0214,0.8027
9.614,0.0032,-0.0086,-0.0605,0.0307,0.0628,0.0628,1.0457,-0.0214,0.8027
9.618,0.0032,0.0098,-0.0605,0.0307,0.0947,0.0947,1.0457,0.0045,0.8027
9.621,0.0032,0.0098,-0.0605,0.0307,0.0947,0.0947,1.0457,0.0045,0.8027
9.626,-0.0012,0.0098,-0.0605,0.0235,0.0947,0.0947,1.0294,0.0045,0.8027
9.635,-0.0012,-0.0037,-0.0605,0.0235,0.0726,0.0726,1.0979,-0.0460,0.8027
9.639,-0.0012,-0.0037,-0.0605,0.0235,0.0726,0.0726,1.0979,-0.0460,0.8027
9.642,-0.0159,-0.0037,-0.0605,0.0402,0.0726,0.0726,1.1138,-0.0460,0.8027
9.645,-0.0159,-0.0492,-0.0606,0.0402,0.1243,0.1243,1.1138,0.0032,0.8027
9.649,-0.0159,-0.0492,-0.0606,0.0402,0.1243,0.1243,1.1138,0.0032,0.8027
9.653,-0.0159,-0.0492,-0.0606,0.0402,0.1243,0.1243,1.1753,0.0032,0.8027
9.657,-0.0159,-0.0492,-0.0606,0.0402,0.1243,0.1243,1.1753,0.0032,0.8027
9.664,-0.0044,-0.0492,-0.0606,0.0442,0.1243,0.1243,1.1259,0.0032,0.8027
9.669,-0.0044,-0.0135,-0.0606,0.0442,0.1366,0.1366,1.1259,-0.1493,0.8020
9.672,-0.0044,-0.0135,-0.0606,0.0442,0.1366,0.1366,1.1802,-0.1493,0.8016
9.676,-0.0187,-0.0135,-0.0606,0.0466,0.1366,0.1366,1.2096,-0.1493,0.8014
9.680,-0.0187,-0.0578,-0.0608,0.0466,0.1440,0.1440,1.2096,-0.0583,0.8012
9.683,-0.0187,-0.0578,-0.0609,0.0466,0.1440,0.1440,1.2096,-0.0583,0.8011
9.687,-0.0187,-0.0578,-0.0610,0.0466,0.1440,0.1440,1.2096,-0.0583,0.8010
9.690,-0.0187,-0.0578,-0.0611,0.0466,0.1440,0.1440,1.2096,-0.0583,0.8009
9.693,0.0036,-0.0578,-0.0613,0.0486,0.1440,0.1440,1.2439,-0.0583,0.8008
9.697,0.0036,0.0111,-0.0613,0.0486,0.1501,0.1501,1.2439,-0.0964,0.8006
9.701,0.0036,0.0111,-0.0613,0.0486,0.1501,0.1501,1.2439,-0.0964,0.8004
9.704,0.0036,0.0111,-0.0613,0.0486,0.1501,0.1501,1.2439,-0.0964,0.8002
9.708,0.0036,0.0111,-0.0613,0.0486,0.1501,0.1501,1.2439,-0.0964,0.8001
9.711,-0.0119,0.0111,-0.0613,0.0593,0.1501,0.1501,1.2499,-0.0964,0.7999
9.714,-0.0119,-0.0369,-0.0613,0.0593,0.1833,0.1833,1.2887,-0.0780,0.7998
9.718,-0.0119,-0.0369,-0.0613,0.0593,0.1833,0.1833,1.2887,-0.0780,0.7996
9.722,-0.0119,-0.0369,-0.0613,0.0593,0.1833,0.1833,1.2887,-0.0780,0.7994
9.725,-0.0119,-0.0369,-0.0613,0.0593,0.1833,0.1833,1.2887,-0.0780,0.7993
9.730,0.0084,-0.0369,-0.0613,0.0514,0.1833,0.1833,1.3035,-0.0780,0.7992
9.738,0.0084,0.0258,-0.0613,0.0514,0.1587,0.1587,1.3343,-0.0324,0.7992
9.742,0.0084,0.0258,-0.0613,0.0514,0.1587,0.1587,1.3343,-0.0324,0.7992
9.746,-0.0478,0.0258,-0.0613,0.0454,0.1587,0.1587,1.3721,-0.0324,0.7993
9.751,-0.0478,-0.1476,-0.0617,0.0454,0.1403,0.1403,1.3721,0.0845,0.7995
9.756,-0.0478,-0.1476,-0.0621,0.0454,0.1403,0.1403,1.3975,0.0845,0.7997
9.761,-0.0338,-0.1476,-0.0625,0.0263,0.1403,0.1403,1.3589,0.0845,0.8000
9.766,-0.0338,-0.1046,-0.0629,0.0263,0.0812,0.0812,1.3589,-0.0349,0.8000
9.769,-0.0338,-0.1046,-0.0631,0.0263,0.0812,0.0812,1.3589,-0.0349,0.8001
9.773,-0.0338,-0.1046,-0.0633,0.0263,0.0812,0.0812,1.3762,-0.0349,0.8001
9.777,-0.0072,-0.1046,-0.0635,0.0458,0.0812,0.0812,1.3985,-0.0349,0.8001
9.781,-0.0072,-0.0221,-0.0635,0.0458,0.1415,0.1415,1.3985,0.0340,0.8001
9.785,-0.0072,-0.0221,-0.0635,0.0458,0.1415,0.1415,1.3985,0.0340,0.8001
9.788,-0.0072,-0.0221,-0.0635,0.0458,0.1415,0.1415,1.3985,0.0340,0.8001
9.791,-0.0072,-0.0221,-0.0635,0.0458,0.1415,0.1415,1.3985,0.0340,0.8002
9.794,-0.0307,-0.0221,-0.0635,0.0410,0.1415,0.1415,1.3962,0.0340,0.8002
9.799,-0.0307,-0.0947,-0.0637,0.0410,0.1267,0.1267,1.3962,0.0020,0.8002
9.802,-0.0307,-0.0947,-0.0639,0.0410,0.1267,0.1267,1.3962,0.0020,0.8002
9.805,-0.0307,-0.0947,-0.0641,0.0410,0.1267,0.1267,1.3962,0.0020,0.8002
9.808,-0.0307,-0.0947,-0.0642,0.0410,0.1267,0.1267,1.3962,0.0020,0.8002
9.817,-0.0255,-0.0947,-0.0644,0.0319,0.1267,0.1267,1.4286,0.0020,0.8002
9.823,-0.0255,-0.0787,-0.0648,0.0319,0.0984,0.0984,1.4286,0.0697,0.8006
9.826,0.0004,-0.0787,-0.0650,0.0466,0.0984,0.0984,1.3876,0.0697,0.8009
9.832,0.0004,0.0012,-0.0650,0.0466,0.1440,0.1440,1.3876,-0.0570,0.8008
9.840,0.0004,0.0012,-0.0650,0.0466,0.1440,0.1440,1.3911,-0.0570,0.8006
9.845,-0.0076,0.0012,-0.0649,0.0502,0.1440,0.1440,1.4054,-0.0570,0.8004
9.849,-0.0076,-0.0234,-0.0649,0.0502,0.1550,0.1550,1.4054,-0.0127,0.8004
9.853,-0.0076,-0.0234,-0.0649,0.0502,0.1550,0.1550,1.3992,-0.0127,0.8004
9.857,-0.0076,-0.0234,-0.0649,0.0502,0.1550,0.1550,1.3992,-0.0127,0.8004
9.860,-0.0159,-0.0234,-0.0649,0.0498,0.1550,0.1550,1.3860,-0.0127,0.8004
9.864,-0.0159,-0.0492,-0.0649,0.0498,0.1538,0.1538,1.3860,-0.0534,0.8003
9.867,-0.0159,-0.0492,-0.0648,0.0498,0.1538,0.1538,1.3860,-0.0534,0.8002
9.870,-0.0159,-0.0492,-0.0648,0.0498,0.1538,0.1538,1.3860,-0.0534,0.8001
9.874,-0.0159,-0.0492,-0.0648,0.0498,0.1538,0.1538,1.1938,-0.0534,0.8000
9.878,-0.0191,-0.0492,-0.0648,0.0593,0.1538,0.1538,1.1994,-0.0534,0.7999
9.881,-0.0191,-0.0591,-0.0649,0.0593,0.1833,0.1833,1.1994,-0.0361,0.8000
9.885,-0.0191,-0.0591,-0.0650,0.0593,0.1833,0.1833,1.1994,-0.0361,0.8000
9.888,-0.0191,-0.0591,-0.0651,0.0593,0.1833,0.1833,1.1994,-0.0361,0.8000
9.891,-0.0191,-0.0591,-0.0652,0.0593,0.1833,0.1833,1.1994,-0.0361,0.8000
9.895,-0.0175,-0.0591,-0.0653,0.0434,0.1833,0.1833,1.2267,-0.0361,0.8000
9.899,-0.0175,-0.0541,-0.0654,0.0434,0.1341,0.1341,1.2267,0.0869,0.8002
9.902,-0.0175,-0.0541,-0.0655,0.0434,0.1341,0.1341,1.2267,0.0869,0.8004
9.905,-0.0175,-0.0541,-0.0656,0.0434,0.1341,0.1341,1.2267,0.0869,0.8006
9.909,-0.0076,-0.0541,-0.0657,0.0581,0.1341,0.1341,1.2048,0.0869,0.8008
9.912,-0.0076,-0.0234,-0.0657,0.0581,0.1796,0.1796,1.0127,0.0192,0.8008
9.916,-0.0076,-0.0234,-0.0657,0.0581,0.1796,0.1796,1.0127,0.0192,0.8008
9.920,-0.0076,-0.0234,-0.0656,0.0581,0.1796,0.1796,1.0127,0.0192,0.8008
9.923,-0.0076,-0.0234,-0.0656,0.0581,0.1796,0.1796,1.0127,0.0192,0.8008
9.926,-0.0307,-0.0234,-0.0656,0.0478,0.1796,0.1796,1.0302,0.0192,0.8008
9.930,-0.0307,-0.0947,-0.0658,0.0478,0.1476,0.1476,1.0302,0.0734,0.8010
9.935,-0.0307,-0.0947,-0.0660,0.0478,0.1476,0.1476,1.0012,0.0734,0.8011
9.943,-0.0279,-0.0947,-0.0662,0.0737,0.1476,0.1476,0.9868,0.0734,0.8014
9.947,-0.0279,-0.0861,-0.0665,0.0737,0.2276,0.2276,0.9868,0.0291,0.8014
9.950,-0.0279,-0.0861,-0.0667,0.0737,0.2276,0.2276,0.9868,0.0291,0.8014
9.953,-0.0279,-0.0861,-0.0668,0.0737,0.2276,0.2276,0.7945,0.0291,0.8014
9.958,-0.0279,-0.0861,-0.0670,0.0737,0.2276,0.2276,0.7945,0.0291,0.8014
9.961,-0.0303,-0.0861,-0.0672,0.0852,0.2276,0.2276,0.8028,0.0291,0.8014
9.969,-0.0303,-0.0935,-0.0673,0.0852,0.2633,0.2633,0.8028,0.0549,0.8015
9.975,-0.0303,-0.0935,-0.0677,0.0852,0.2633,0.2633,0.7700,0.0549,0.8018
9.980,-0.0291,-0.0935,-0.0679,0.0701,0.2633,0.2633,0.7716,0.0549,0.8020
9.984,-0.0291,-0.0898,-0.0682,0.0701,0.2166,0.2166,0.7716,0.0598,0.8022
9.988,-0.0291,-0.0898,-0.0683,0.0701,0.2166,0.2166,0.7716,0.0598,0.8023
9.991,-0.0291,-0.0898,-0.0685,0.0701,0.2166,0.2166,0.7716,0.0598,0.8025
9.995,-0.0247,-0.0898,-0.0686,0.0526,0.2166,0.2166,0.7406,0.0598,0.8026
9.999,-0.0247,-0.0763,-0.0688,0.0526,0.1624,0.1624,0.7406,0.0451,0.8026
10.003,-0.0247,-0.0763,-0.0689,0.0526,0.1624,0.1624,0.7406,0.0451,0.8026
10.006,-0.0247,-0.0763,-0.0690,0.0526,0.1624,0.1624,0.7406,0.0451,0.8026
10.010,-0.0211,-0.0763,-0.0691,0.0534,0.1624,0.1624,0.7267,0.0451,0.8026
10.013,-0.0211,-0.0652,-0.0692,0.0534,0.1649,0.1649,0.6974,0.0020,0.8026
10.018,-0.0211,-0.0652,-0.0693,0.0534,0.1649,0.1649,0.6974,0.0020,0.8026
10.022,-0.0211,-0.0652,-0.0695,0.0534,0.1649,0.1649,0.6974,0.0020,0.8026
10.026,-0.0478,-0.0652,-0.0696,0.0430,0.1649,0.1649,0.7153,0.0020,0.8026
10.030,-0.0478,-0.1476,-0.0698,0.0430,0.1329,0.1329,0.7153,0.0574,0.8027
10.033,-0.0478,-0.1476,-0.0701,0.0430,0.1329,0.1329,0.6042,0.0574,0.8028
10.039,-0.0478,-0.1476,-0.0704,0.0430,0.1329,0.1329,0.6042,0.0574,0.8029
10.047,-0.0327,-0.1476,-0.0708,0.0115,0.1329,0.1329,0.5560,0.0574,0.8031
10.051,-0.0327,-0.1009,-0.0711,0.0115,0.0357,0.0357,0.5560,-0.0915,0.8027
10.055,-0.0327,-0.1009,-0.0713,0.0115,0.0357,0.0357,0.5213,-0.0915,0.8025
10.058,-0.0327,-0.1009,-0.0715,0.0115,0.0357,0.0357,0.5213,-0.0915,0.8023
10.062,-0.0394,-0.1009,-0.0716,0.0327,0.0357,0.0357,0.5333,-0.0915,0.8021
10.065,-0.0394,-0.1218,-0.0718,0.0327,0.1009,0.1009,0.5333,-0.0546,0.8020
10.069,-0.0394,-0.1218,-0.0720,0.0327,0.1009,0.1009,0.5333,-0.0546,0.8019
10.072,-0.0394,-0.1218,-0.0722,0.0327,0.1009,0.1009,0.5333,-0.0546,0.8018
10.075,-0.0940,-0.1218,-0.0724,0.0418,0.1009,0.1009,0.4928,-0.0546,0.8017
10.079,-0.0940,-0.2904,-0.0729,0.0418,0.1292,0.1292,0.4928,-0.0583,0.8016
10.083,-0.0940,-0.2904,-0.0735,0.0418,0.1292,0.1292,0.4928,-0.0583,0.8014
10.087,-0.0940,-0.2904,-0.0741,0.0418,0.1292,0.1292,0.4928,-0.0583,0.8013
10.090,-0.0940,-0.2904,-0.0746,0.0418,0.1292,0.1292,0.4928,-0.0583,0.8012
10.094,-0.0653,-0.2904,-0.0751,0.0123,0.1292,0.1292,0.4683,-0.0583,0.8011
10.098,-0.0653,-0.2018,-0.0754,0.0123,0.0381,0.0381,0.4683,-0.0004,0.8011
10.101,-0.0653,-0.2018,-0.0759,0.0123,0.0381,0.0381,0.4683,-0.0004,0.8011
10.105,-0.0653,-0.2018,-0.0762,0.0123,0.0381,0.0381,0.4683,-0.0004,0.8011
10.108,-0.0653,-0.2018,-0.0765,0.0123,0.0381,0.0381,0.4683,-0.0004,0.8011
10.112,-0.0227,-0.2018,-0.0768,0.0860,0.0381,0.0381,0.4277,-0.0004,0.8011
10.120,-0.0227,-0.0701,-0.0769,0.0860,0.2658,0.1490,0.3058,-0.1259,0.8009
10.125,-0.0227,-0.0701,-0.0770,0.0860,0.2658,0.2658,0.3058,-0.1259,0.8003
10.129,0.0211,-0.0701,-0.0771,0.0052,0.2658,0.2658,0.3663,-0.1259,0.7999
10.132,0.0211,0.0652,-0.0769,0.0052,0.0160,0.1596,0.3048,0.0611,0.8001
10.136,0.0211,0.0652,-0.0766,0.0052,0.0160,0.0463,0.3048,0.0611,0.8002
10.140,0.0211,0.0652,-0.0764,0.0052,0.0160,0.0160,0.3048,0.0611,0.8004
10.144,-0.0542,0.0652,-0.0762,0.0315,0.0160,0.0160,0.2658,0.0611,0.8005
10.152,-0.0542,-0.1673,-0.0766,0.0315,0.0972,0.0972,0.2658,-0.0595,0.8004
10.155,-0.0542,-0.1673,-0.0771,0.0315,0.0972,0.0972,0.2013,-0.0595,0.8001
10.159,0.0092,-0.1673,-0.0774,0.0323,0.0972,0.0972,0.2137,-0.0595,0.8000
10.162,0.0092,0.0283,-0.0773,0.0323,0.0997,0.0997,0.2137,-0.0214,0.8000
10.166,0.0092,0.0283,-0.0772,0.0323,0.0997,0.0997,0.2137,-0.0214,0.8001
10.170,0.0092,0.0283,-0.0771,0.0323,0.0997,0.0997,0.2137,-0.0214,0.8001
10.173,0.0092,0.0283,-0.0770,0.0323,0.0997,0.0997,0.1504,-0.0214,0.8001
10.177,-0.0255,0.0283,-0.0770,0.0195,0.0997,0.0997,0.1329,-0.0214,0.8001
10.180,-0.0255,-0.0787,-0.0770,0.0195,0.0603,0.0603,0.1329,-0.0755,0.7999
10.184,-0.0255,-0.0787,-0.0771,0.0195,0.0603,0.0603,0.1329,-0.0755,0.7998
10.187,-0.0255,-0.0787,-0.0772,0.0195,0.0603,0.0603,0.1329,-0.0755,0.7997
10.190,-0.0255,-0.0787,-0.0773,0.0195,0.0603,0.0603,0.1329,-0.0755,0.7995
10.194,-0.0084,-0.0787,-0.0773,0.0342,0.0603,0.0603,0.0740,-0.0755,0.7994
10.198,-0.0084,-0.0258,-0.0773,0.0342,0.1058,0.1058,0.0740,-0.0607,0.7993
10.202,-0.0084,-0.0258,-0.0772,0.0342,0.1058,0.1058,0.0740,-0.0607,0.7992
10.205,-0.0084,-0.0258,-0.0771,0.0342,0.1058,0.1058,0.0740,-0.0607,0.7991
10.208,-0.0084,-0.0258,-0.0770,0.0342,0.1058,0.1058,0.0740,-0.0607,0.7990
10.212,-0.0235,-0.0258,-0.0769,0.0247,0.1058,0.1058,0.0971,-0.0607,0.7989
10.215,-0.0235,-0.0726,-0.0770,0.0247,0.0763,0.0763,0.0328,0.0106,0.7989
10.219,-0.0235,-0.0726,-0.0770,0.0247,0.0763,0.0763,0.0328,0.0106,0.7989
10.223,-0.0235,-0.0726,-0.0771,0.0247,0.0763,0.0763,0.0328,0.0106,0.7989
10.226,-0.0096,-0.0726,-0.0772,0.0649,0.0763,0.0763,-0.0010,0.0106,0.7990
10.229,-0.0096,-0.0295,-0.0771,0.0649,0.2006,0.1756,-0.0010,-0.0940,0.7988
10.233,-0.0096,-0.0295,-0.0770,0.0649,0.2006,0.2006,-0.0652,-0.0940,0.7986
10.237,-0.0096,-0.0295,-0.0769,0.0649,0.2006,0.2006,-0.0652,-0.0940,0.7985
10.240,-0.0096,-0.0295,-0.0768,0.0649,0.2006,0.2006,-0.0652,-0.0940,0.7983
10.245,-0.0183,-0.0295,-0.0768,0.0657,0.2006,0.2006,-0.0823,-0.0940,0.7981
10.253,-0.0183,-0.0566,-0.0768,0.0657,0.2030,0.2030,-0.1463,-0.1469,0.7978
10.258,-0.0183,-0.0566,-0.0769,0.0657,0.2030,0.2030,-0.1463,-0.1469,0.7971
10.261,-0.0283,-0.0566,-0.0769,0.0749,0.2030,0.2030,-0.1156,-0.1469,0.7968
10.266,-0.0283,-0.0874,-0.0770,0.0749,0.2313,0.2313,-0.1156,-0.0521,0.7967
10.285,-0.0108,-0.0874,-0.0772,0.0792,0.2313,0.2313,-0.1739,-0.0521,0.7966
10.297,0.0080,-0.0332,-0.0767,0.0625,0.2449,0.2449,-0.2257,-0.0361,0.7968
10.305,0.0080,0.0246,-0.0764,0.0625,0.1932,0.1932,-0.2257,-0.0041,0.7969
10.312,-0.0155,0.0246,-0.0763,0.0422,0.1932,0.1932,-0.2931,-0.0041,0.7970
10.319,-0.0155,-0.0480,-0.0761,0.0422,0.1304,0.1304,-0.2931,-0.0238,0.7970
10.327,0.0104,-0.0480,-0.0759,0.0681,0.1304,0.1304,-0.3034,-0.0238,0.7971
10.334,0.0104,0.0320,-0.0758,0.0681,0.2104,0.2104,-0.3690,-0.0558,0.7969
10.342,-0.0115,0.0320,-0.0756,0.0784,0.2104,0.2104,-0.3794,-0.0558,0.7967
10.348,-0.0115,-0.0357,-0.0755,0.0784,0.2424,0.2424,-0.3794,-0.0878,0.7964
10.356,-0.0115,-0.0357,-0.0753,0.0784,0.2424,0.2424,-0.4433,-0.0878,0.7962
10.370,-0.0195,-0.0357,-0.0752,0.0585,0.2424,0.2424,-0.3895,-0.0878,0.7958
10.375,-0.0127,-0.0603,-0.0753,0.0613,0.1809,0.1809,-0.4676,0.0783,0.7966
10.382,-0.0127,-0.0394,-0.0752,0.0613,0.1895,0.1895,-0.4676,0.0611,0.7968
10.388,-0.0127,-0.0394,-0.0751,0.0613,0.1895,0.1895,-0.4676,0.0611,0.7971
10.393,-0.0159,-0.0394,-0.0750,0.0741,0.1895,0.1895,-0.5604,0.0611,0.7974
10.398,-0.0159,-0.0492,-0.0749,0.0741,0.2289,0.2289,-0.5604,-0.0091,0.7974
10.402,-0.0159,-0.0492,-0.0748,0.0741,0.2289,0.2289,-0.5604,-0.0091,0.7975
10.405,-0.0159,-0.0492,-0.0747,0.0741,0.2289,0.2289,-0.5604,-0.0091,0.7975
10.410,-0.0255,-0.0492,-0.0746,0.0693,0.2289,0.2289,-0.5078,-0.0091,0.7975
10.416,-0.0255,-0.0787,-0.0747,0.0693,0.2141,0.2141,-0.5738,0.1534,0.7980
10.432,-0.0227,-0.0787,-0.0749,0.0852,0.2141,0.2141,-0.5805,0.1534,0.7986
10.440,-0.0227,-0.0701,-0.0752,0.0852,0.2633,0.2633,-0.6421,0.1324,0.7998
10.446,0.0028,-0.0701,-0.0754,0.0856,0.2633,0.2633,-0.6831,0.1324,0.8005
10.452,0.0028,0.0086,-0.0752,0.0856,0.2645,0.2645,-0.6831,0.0057,0.8005
10.459,-0.0255,0.0086,-0.0751,0.0753,0.2645,0.2645,-0.7229,0.0057,0.8005
10.469,-0.0255,-0.0787,-0.0753,0.0753,0.2325,0.2325,-0.7229,0.0586,0.8008
10.472,-0.0255,-0.0787,-0.0755,0.0753,0.2325,0.2325,-0.7229,0.0586,0.8012
10.475,-0.0394,-0.0787,-0.0756,0.1226,0.2325,0.2325,-0.7813,0.0586,0.8013
10.479,-0.0394,-0.1218,-0.0758,0.1226,0.3790,0.3282,-0.7813,0.0057,0.8013
10.483,-0.0394,-0.1218,-0.0760,0.1226,0.3790,0.3790,-0.7813,0.0057,0.8013
10.486,-0.0394,-0.1218,-0.0761,0.1226,0.3790,0.3790,-0.7813,0.0057,0.8013
10.489,-0.0394,-0.1218,-0.0763,0.1226,0.3790,0.3790,-0.7813,0.0057,0.8013
10.493,-0.0247,-0.1218,-0.0765,0.1055,0.3790,0.3790,-0.7819,0.0057,0.8013
10.497,-0.0247,-0.0763,-0.0765,0.1055,0.3261,0.3261,-0.7819,0.0598,0.8014
10.500,-0.0247,-0.0763,-0.0766,0.1055,0.3261,0.3261,-0.7819,0.0598,0.8016
10.503,-0.0247,-0.0763,-0.0767,0.1055,0.3261,0.3261,-0.7819,0.0598,0.8017
10.507,-0.0247,-0.0763,-0.0768,0.1055,0.3261,0.3261,-0.7819,0.0598,0.8018
10.510,-0.0669,-0.0763,-0.0768,0.0717,0.3261,0.3261,-0.8185,0.0598,0.8019
10.515,-0.0669,-0.2067,-0.0772,0.0717,0.2215,0.2215,-0.8305,-0.0534,0.8018
10.519,-0.0669,-0.2067,-0.0776,0.0717,0.2215,0.2215,-0.8305,-0.0534,0.8017
10.523,-0.0669,-0.2067,-0.0780,0.0717,0.2215,0.2215,-0.8305,-0.0534,0.8016
10.527,-0.0171,-0.2067,-0.0784,0.0462,0.2215,0.2215,-0.8532,-0.0534,0.8015
10.530,-0.0171,-0.0529,-0.0784,0.0462,0.1427,0.1427,-0.8532,-0.1235,0.8012
10.534,-0.0171,-0.0529,-0.0784,0.0462,0.1427,0.1427,-0.8625,-0.1235,0.8010
10.538,-0.0171,-0.0529,-0.0785,0.0462,0.1427,0.1427,-0.8625,-0.1235,0.8007
10.541,-0.0171,-0.0529,-0.0785,0.0462,0.1427,0.1427,-0.8625,-0.1235,0.8004
10.544,-0.0370,-0.0529,-0.0785,0.0478,0.1427,0.1427,-0.8211,-0.1235,0.8002
10.548,-0.0370,-0.1144,-0.0786,0.0478,0.1476,0.1476,-0.8211,0.0045,0.8002
10.551,-0.0370,-0.1144,-0.0788,0.0478,0.1476,0.1476,-0.8211,0.0045,0.8003
10.555,-0.0370,-0.1144,-0.0789,0.0478,0.1476,0.1476,-0.8411,0.0045,0.8003
10.558,-0.0370,-0.1144,-0.0790,0.0478,0.1476,0.1476,-0.8411,0.0045,0.8003
10.562,0.0004,-0.1144,-0.0792,0.0633,0.1476,0.1476,-0.8522,0.0045,0.8003
10.567,0.0004,0.0012,-0.0791,0.0633,0.1956,0.1956,-0.8522,-0.0300,0.8003
10.576,-0.0048,0.0012,-0.0790,0.0884,0.1956,0.1956,-0.9009,-0.0300,0.8003
10.583,-0.0048,-0.0148,-0.0787,0.0884,0.2732,0.2732,-0.9009,-0.1259,0.7997
10.587,-0.0048,-0.0148,-0.0785,0.0884,0.2732,0.2732,-0.9009,-0.1259,0.7993
10.591,-0.0048,-0.0148,-0.0784,0.0884,0.2732,0.2732,-0.9009,-0.1259,0.7990
10.595,-0.0040,-0.0148,-0.0783,0.0442,0.2732,0.2732,-0.8845,-0.1259,0.7987
10.599,-0.0040,-0.0123,-0.0782,0.0442,0.1366,0.1500,-0.8845,-0.0349,0.7988
10.603,-0.0040,-0.0123,-0.0781,0.0442,0.1366,0.1366,-0.8845,-0.0349,0.7988
10.606,-0.0040,-0.0123,-0.0780,0.0442,0.1366,0.1366,-0.8845,-0.0349,0.7988
10.610,-0.0211,-0.0123,-0.0779,0.0593,0.1366,0.1366,-0.8599,-0.0349,0.7988
10.614,-0.0211,-0.0652,-0.0780,0.0593,0.1833,0.1833,-0.8684,0.0414,0.7988
10.618,-0.0211,-0.0652,-0.0780,0.0593,0.1833,0.1833,-0.8684,0.0414,0.7989
10.622,-0.0211,-0.0652,-0.0781,0.0593,0.1833,0.1833,-0.8684,0.0414,0.7989
10.626,-0.0084,-0.0652,-0.0781,0.1111,0.1833,0.1833,-0.9130,0.0414,0.7989
10.630,-0.0084,-0.0258,-0.0780,0.1111,0.3433,0.3080,-0.9130,-0.0964,0.7987
10.635,-0.0084,-0.0258,-0.0779,0.1111,0.3433,0.3433,-0.9169,-0.0964,0.7985
10.639,-0.0084,-0.0258,-0.0778,0.1111,0.3433,0.3433,-0.9169,-0.0964,0.7983
10.642,-0.0008,-0.0258,-0.0777,0.0876,0.3433,0.3433,-0.9647,-0.0964,0.7981
10.646,-0.0008,-0.0025,-0.0776,0.0876,0.2707,0.2707,-0.9647,-0.2441,0.7976
10.650,-0.0008,-0.0025,-0.0776,0.0876,0.2707,0.2707,-0.9647,-0.2441,0.7971
10.654,-0.0008,-0.0025,-0.0774,0.0876,0.2707,0.2707,-0.9637,-0.2441,0.7966
10.658,-0.0008,-0.0025,-0.0774,0.0876,0.2707,0.2707,-0.9637,-0.2441,0.7961
10.661,-0.0036,-0.0025,-0.0773,0.0960,0.2707,0.2707,-0.9379,-0.2441,0.7956
10.665,-0.0036,-0.0111,-0.0772,0.0960,0.2965,0.2965,-0.9379,-0.1641,0.7953
10.668,-0.0036,-0.0111,-0.0771,0.0960,0.2965,0.2965,-0.9379,-0.1641,0.7950
10.671,-0.0036,-0.0111,-0.0770,0.0960,0.2965,0.2965,-0.9379,-0.1641,0.7947
10.676,0.0044,-0.0111,-0.0769,0.0629,0.2965,0.2965,-0.9250,-0.1641,0.7945
10.684,0.0044,0.0135,-0.0768,0.0629,0.1944,0.1944,-0.9250,-0.1715,0.7941
10.688,0.0044,0.0135,-0.0767,0.0629,0.1944,0.1944,-0.9250,-0.1715,0.7934
10.691,0.0044,0.0135,-0.0766,0.0629,0.1944,0.1944,-0.9250,-0.1715,0.7931
10.694,-0.0008,0.0135,-0.0765,0.0585,0.1944,0.1944,-0.8894,-0.1715,0.7928
10.698,-0.0008,-0.0025,-0.0764,0.0585,0.1809,0.1809,-0.8894,-0.1518,0.7926
10.702,-0.0008,-0.0025,-0.0763,0.0585,0.1809,0.1809,-0.8894,-0.1518,0.7923
10.705,-0.0008,-0.0025,-0.0763,0.0585,0.1809,0.1809,-0.8894,-0.1518,0.7920
10.708,-0.0008,-0.0025,-0.0762,0.0585,0.1809,0.1809,-0.8894,-0.1518,0.7918
10.712,0.0068,-0.0025,-0.0761,0.0685,0.1809,0.1809,-0.9129,-0.1518,0.7915
10.715,0.0068,0.0209,-0.0760,0.0685,0.2116,0.2116,-0.8792,-0.2244,0.7912
10.720,0.0068,0.0209,-0.0760,0.0685,0.2116,0.2116,-0.8792,-0.2244,0.7908
10.727,-0.0223,0.0209,-0.0759,0.0346,0.2116,0.2116,-0.8258,-0.2244,0.7903
10.732,-0.0223,-0.0689,-0.0760,0.0346,0.1070,0.1070,-0.7959,-0.0595,0.7902
10.736,-0.0223,-0.0689,-0.0761,0.0346,0.1070,0.1070,-0.7959,-0.0595,0.7901
10.739,-0.0223,-0.0689,-0.0762,0.0346,0.1070,0.1070,-0.7959,-0.0595,0.7901
10.743,-0.0060,-0.0689,-0.0762,0.0701,0.1070,0.1070,-0.7879,-0.0595,0.7900
10.746,-0.0060,-0.0185,-0.0761,0.0701,0.2166,0.2068,-0.7879,-0.0349,0.7901
10.750,-0.0060,-0.0185,-0.0761,0.0701,0.2166,0.2166,-0.7879,-0.0349,0.7901
10.754,-0.0060,-0.0185,-0.0760,0.0701,0.2166,0.2166,-0.7561,-0.0349,0.7902
10.758,-0.0060,-0.0185,-0.0759,0.0701,0.2166,0.2166,-0.7561,-0.0349,0.7903
10.761,-0.0092,-0.0185,-0.0758,0.0490,0.2166,0.2166,-0.7601,-0.0349,0.7904
10.765,-0.0092,-0.0283,-0.0758,0.0490,0.1513,0.1513,-0.7601,-0.0472,0.7904
10.769,-0.0092,-0.0283,-0.0757,0.0490,0.1513,0.1513,-0.7601,-0.0472,0.7905
10.773,-0.0092,-0.0283,-0.0756,0.0490,0.1513,0.1513,-0.7253,-0.0472,0.7906
10.778,-0.0151,-0.0283,-0.0755,0.0737,0.1513,0.1513,-0.6911,-0.0472,0.7907
10.787,-0.0151,-0.0468,-0.0754,0.0737,0.2276,0.2276,-0.6911,0.0586,0.7909
10.790,-0.0151,-0.0468,-0.0752,0.0737,0.2276,0.2276,-0.6911,0.0586,0.7914
10.794,-0.0040,-0.0468,-0.0751,0.0542,0.2276,0.2276,-0.6472,0.0586,0.7916
10.798,-0.0040,-0.0123,-0.0751,0.0542,0.1673,0.1673,-0.6472,0.0771,0.7918
10.802,-0.0040,-0.0123,-0.0750,0.0542,0.1673,0.1673,-0.6472,0.0771,0.7921
10.805,-0.0040,-0.0123,-0.0749,0.0542,0.1673,0.1673,-0.6472,0.0771,0.7923
10.808,-0.0040,-0.0123,-0.0748,0.0542,0.1673,0.1673,-0.6472,0.0771,0.7925
10.812,-0.0327,-0.0123,-0.0748,0.0812,0.1673,0.1673,-0.6588,0.0771,0.7927
10.815,-0.0327,-0.1009,-0.0749,0.0812,0.2510,0.2510,-0.6182,0.0414,0.7927
10.819,-0.0327,-0.1009,-0.0751,0.0812,0.2510,0.2510,-0.6182,0.0414,0.7928
10.823,-0.0327,-0.1009,-0.0752,0.0812,0.2510,0.2510,-0.6182,0.0414,0.7929
10.826,-0.0167,-0.1009,-0.0753,0.0765,0.2510,0.2510,-0.6150,0.0414,0.7929
10.830,-0.0167,-0.0517,-0.0754,0.0765,0.2362,0.2362,-0.6150,0.0512,0.7931
10.833,-0.0167,-0.0517,-0.0754,0.0765,0.2362,0.2362,-0.5717,0.0512,0.7932
10.837,-0.0167,-0.0517,-0.0754,0.0765,0.2362,0.2362,-0.5717,0.0512,0.7934
10.841,-0.0167,-0.0517,-0.0755,0.0765,0.2362,0.2362,-0.5717,0.0512,0.7936
10.844,-0.0163,-0.0517,-0.0755,0.0565,0.2362,0.2362,-0.5594,0.0512,0.7937
10.848,-0.0163,-0.0504,-0.0755,0.0565,0.1747,0.1747,-0.5594,0.0894,0.7939
10.851,-0.0163,-0.0504,-0.0755,0.0565,0.1747,0.1747,-0.5594,0.0894,0.7942
10.855,-0.0163,-0.0504,-0.0756,0.0565,0.1747,0.1747,-0.5061,0.0894,0.7944
10.859,-0.0342,-0.0504,-0.0756,0.0577,0.1747,0.1747,-0.5120,0.0894,0.7946
10.862,-0.0342,-0.1058,-0.0758,0.0577,0.1784,0.1784,-0.5120,0.0709,0.7948
10.866,-0.0342,-0.1058,-0.0759,0.0577,0.1784,0.1784,-0.5120,0.0709,0.7950
10.869,-0.0342,-0.1058,-0.0760,0.0577,0.1784,0.1784,-0.5120,0.0709,0.7952
10.873,-0.0342,-0.1058,-0.0762,0.0577,0.1784,0.1784,-0.4357,0.0709,0.7954
10.881,-0.0219,-0.1058,-0.0763,0.0330,0.1784,0.1784,-0.4229,0.0709,0.7956
10.887,-0.0219,-0.0677,-0.0764,0.0330,0.1021,0.1021,-0.4229,0.1103,0.7962
10.894,-0.0084,-0.0677,-0.0766,0.0442,0.1021,0.1021,-0.3594,0.1103,0.7966
10.899,-0.0084,-0.0258,-0.0764,0.0442,0.1366,0.1366,-0.3594,0.0537,0.7969
10.902,-0.0084,-0.0258,-0.0763,0.0442,0.1366,0.1366,-0.3594,0.0537,0.7971
10.905,-0.0084,-0.0258,-0.0762,0.0442,0.1366,0.1366,-0.3594,0.0537,0.7972
10.909,-0.0123,-0.0258,-0.0761,0.0283,0.1366,0.1366,-0.3311,0.0537,0.7974
10.923,-0.0123,-0.0381,-0.0761,0.0283,0.0874,0.0874,-0.2490,0.1411,0.7977
10.928,-0.0402,-0.0381,-0.0758,0.0311,0.0874,0.0874,-0.2585,0.1411,0.7989
10.933,-0.0402,-0.1243,-0.0760,0.0311,0.0960,0.0960,-0.1629,0.1115,0.7993
10.938,-0.0402,-0.1243,-0.0763,0.0311,0.0960,0.0960,-0.1629,0.1115,0.7996
10.942,-0.0366,-0.1243,-0.0765,0.0052,0.0960,0.0960,-0.1796,0.1115,0.7999
10.946,-0.0366,-0.1132,-0.0767,0.0052,0.0160,0.0160,-0.1796,0.0598,0.8001
10.950,-0.0366,-0.1132,-0.0769,0.0052,0.0160,0.0160,-0.1796,0.0598,0.8003
10.953,-0.0366,-0.1132,-0.0770,0.0052,0.0160,0.0160,-0.0823,0.0598,0.8004
10.957,-0.0366,-0.1132,-0.0772,0.0052,0.0160,0.0160,-0.0823,0.0598,0.8006
10.961,-0.0143,-0.1132,-0.0773,-0.0032,0.0160,0.0160,-0.0624,0.0598,0.8007
10.964,-0.0143,-0.0443,-0.0773,-0.0032,-0.0098,-0.0098,-0.0624,0.1214,0.8009
10.968,-0.0143,-0.0443,-0.0772,-0.0032,-0.0098,-0.0098,-0.0624,0.1214,0.8012
10.971,-0.0143,-0.0443,-0.0771,-0.0032,-0.0098,-0.0098,-0.0624,0.1214,0.8015
10.974,-0.0143,-0.0443,-0.0770,-0.0032,-0.0098,-0.0098,0.0330,0.1214,0.8017
10.978,-0.0303,-0.0443,-0.0769,0.0111,-0.0098,-0.0098,0.0099,0.1214,0.8019
10.982,-0.0303,-0.0935,-0.0771,0.0111,0.0345,0.0345,0.0099,0.0500,0.8020
10.986,-0.0303,-0.0935,-0.0772,0.0111,0.0345,0.0345,0.0099,0.0500,0.8022
10.990,-0.0303,-0.0935,-0.0773,0.0111,0.0345,0.0345,0.0099,0.0500,0.8023
10.998,0.0267,-0.0935,-0.0774,0.0338,0.0345,0.0345,0.0788,0.0500,0.8024
11.003,0.0267,0.0824,-0.0769,0.0338,0.1046,0.1046,0.0788,-0.0226,0.8024
11.006,0.0267,0.0824,-0.0765,0.0338,0.1046,0.1046,0.0788,-0.0226,0.8024
11.010,-0.0824,0.0824,-0.0763,0.0163,0.1046,0.1046,-0.0247,-0.0226,0.8024
11.014,-0.0824,-0.2547,-0.0767,0.0163,0.0504,0.0504,0.0646,-0.3425,0.8017
11.018,-0.0824,-0.2547,-0.0772,0.0163,0.0504,0.0504,0.0646,-0.3425,0.8009
11.022,-0.0824,-0.2547,-0.0778,0.0163,0.0504,0.0504,0.0646,-0.3425,0.8000
11.026,-0.0733,-0.2547,-0.0782,0.0139,0.0504,0.0504,0.2947,-0.3425,0.7993
11.034,-0.0733,-0.2264,-0.0786,0.0139,0.0431,0.0431,0.3802,0.3687,0.8001
11.039,-0.0733,-0.2264,-0.0794,0.0139,0.0431,0.0431,0.3802,0.3687,0.8018
11.042,0.0462,-0.2264,-0.0800,0.0398,0.0431,0.0431,0.2078,0.3687,0.8029
11.045,0.0462,0.1427,-0.0796,0.0398,0.1230,0.1230,0.2078,-0.1641,0.8026
11.049,0.0462,0.1427,-0.0792,0.0398,0.1230,0.1230,0.2078,-0.1641,0.8022
11.053,0.0462,0.1427,-0.0788,0.0398,0.1230,0.1230,0.2830,-0.1641,0.8019
11.056,0.0462,0.1427,-0.0785,0.0398,0.1230,0.1230,0.2830,-0.1641,0.8016
11.060,0.0143,0.1427,-0.0780,0.0251,0.1230,0.1230,0.2615,-0.1641,0.8012
11.063,0.0143,0.0443,-0.0780,0.0251,0.0775,0.0775,0.2615,-0.2305,0.8008
11.067,0.0143,0.0443,-0.0779,0.0251,0.0775,0.0775,0.2615,-0.2305,0.8003
11.070,0.0143,0.0443,-0.0778,0.0251,0.0775,0.0775,0.2615,-0.2305,0.7999
11.073,0.0143,0.0443,-0.0777,0.0251,0.0775,0.0775,0.3315,-0.2305,0.7995
11.077,-0.0040,0.0443,-0.0776,0.0816,0.0775,0.0775,0.3960,-0.2305,0.7991
11.081,-0.0040,-0.0123,-0.0775,0.0816,0.2522,0.1912,0.3960,-0.0312,0.7991
11.084,-0.0040,-0.0123,-0.0775,0.0816,0.2522,0.2522,0.3960,-0.0312,0.7991
11.087,-0.0040,-0.0123,-0.0774,0.0816,0.2522,0.2522,0.3960,-0.0312,0.7991
11.092,0.0362,-0.0123,-0.0773,0.0550,0.2522,0.2522,0.2968,-0.0312,0.7991
11.100,0.0362,0.1120,-0.0769,0.0550,0.1698,0.1698,0.3621,-0.3376,0.7982
11.104,0.0362,0.1120,-0.0762,0.0550,0.1698,0.1698,0.3621,-0.3376,0.7968
11.107,0.0362,0.1120,-0.0759,0.0550,0.1698,0.1698,0.3621,-0.3376,0.7960
11.111,-0.0283,0.1120,-0.0756,0.0796,0.1698,0.1698,0.4250,-0.3376,0.7954
11.115,-0.0283,-0.0874,-0.0757,0.0796,0.2461,0.2461,0.5042,-0.1432,0.7951
11.120,-0.0283,-0.0874,-0.0758,0.0796,0.2461,0.2461,0.5042,-0.1432,0.7948
11.123,-0.0283,-0.0874,-0.0759,0.0796,0.2461,0.2461,0.5042,-0.1432,0.7945
11.127,-0.0151,-0.0874,-0.0760,0.0677,0.2461,0.2461,0.4803,-0.1432,0.7943
11.131,-0.0151,-0.0468,-0.0759,0.0677,0.2092,0.2092,0.4803,-0.2170,0.7939
11.135,-0.0151,-0.0468,-0.0758,0.0677,0.2092,0.2092,0.5583,-0.2170,0.7934
11.139,-0.0151,-0.0468,-0.0758,0.0677,0.2092,0.2092,0.5583,-0.2170,0.7930
11.143,-0.0195,-0.0468,-0.0757,0.0422,0.2092,0.2092,0.5913,-0.2170,0.7925
11.148,-0.0195,-0.0603,-0.0757,0.0422,0.1304,0.1304,0.5913,-0.1149,0.7923
11.152,-0.0195,-0.0603,-0.0758,0.0422,0.1304,0.1304,0.6628,-0.1149,0.7921
11.157,-0.0195,-0.0603,-0.0759,0.0422,0.1304,0.1304,0.6628,-0.1149,0.7918
11.161,-0.0004,-0.0603,-0.0759,0.0542,0.1304,0.1304,0.6835,-0.1149,0.7916
11.169,-0.0004,-0.0012,-0.0758,0.0542,0.1673,0.1673,0.6835,-0.0509,0.7916
11.175,-0.0004,-0.0012,-0.0757,0.0542,0.1673,0.1673,0.7478,-0.0509,0.7915
11.180,-0.0072,-0.0012,-0.0755,0.0430,0.1673,0.1673,0.7382,-0.0509,0.7914
11.188,-0.0072,-0.0221,-0.0754,0.0430,0.1329,0.1329,0.7382,-0.0804,0.7913
11.195,0.0119,-0.0221,-0.0753,0.0534,0.1329,0.1329,0.7731,-0.0804,0.7910
11.204,0.0119,0.0369,-0.0751,0.0534,0.1649,0.1649,0.7731,-0.1481,0.7906
11.207,0.0119,0.0369,-0.0749,0.0534,0.1649,0.1649,0.7731,-0.1481,0.7900
11.211,0.0004,0.0369,-0.0749,0.0605,0.1649,0.1649,0.8583,-0.1481,0.7898
11.219,0.0004,0.0012,-0.0748,0.0605,0.1870,0.1870,0.9074,0.1152,0.7901
11.223,0.0004,0.0012,-0.0746,0.0605,0.1870,0.1870,0.9074,0.1152,0.7907
11.227,0.0088,0.0012,-0.0746,0.0482,0.1870,0.1870,0.9153,0.1152,0.7911
11.235,0.0088,0.0271,-0.0745,0.0482,0.1489,0.1489,0.9364,0.1398,0.7915
11.242,0.0187,0.0271,-0.0743,0.0478,0.1489,0.1489,0.9539,0.1398,0.7922
11.250,0.0187,0.0578,-0.0739,0.0478,0.1476,0.1476,0.9539,0.1940,0.7932
11.256,0.0187,0.0578,-0.0735,0.0478,0.1476,0.1476,0.9469,0.1940,0.7942
11.261,-0.0028,0.0578,-0.0732,0.0442,0.1476,0.1476,0.9676,0.1940,0.7950
11.266,-0.0028,-0.0086,-0.0731,0.0442,0.1366,0.1366,0.9676,0.2579,0.7958
11.272,-0.0028,-0.0086,-0.0730,0.0442,0.1366,0.1366,0.9676,0.2579,0.7965
11.276,0.0060,-0.0086,-0.0729,0.0581,0.1366,0.1366,0.9499,0.2579,0.7975
11.282,0.0060,0.0185,-0.0729,0.0581,0.1796,0.1796,0.9499,0.2493,0.7982
11.288,0.0060,0.0185,-0.0728,0.0581,0.1796,0.1796,0.9499,0.2493,0.7990
11.292,-0.0195,0.0185,-0.0727,0.0422,0.1796,0.1796,0.9745,0.2493,0.7999
11.301,-0.0195,-0.0603,-0.0727,0.0422,0.1304,0.1304,0.9743,0.3256,0.8007
11.309,0.0207,-0.0603,-0.0729,0.0641,0.1304,0.1304,0.9404,0.3256,0.8023
11.313,0.0207,0.0640,-0.0725,0.0641,0.1981,0.1981,0.9385,0.2210,0.8034
11.318,0.0207,0.0640,-0.0723,0.0641,0.1981,0.1981,0.9385,0.2210,0.8039
11.322,0.0207,0.0640,-0.0720,0.0641,0.1981,0.1981,0.9385,0.2210,0.8045
11.329,0.0119,0.0640,-0.0718,0.0629,0.1981,0.1981,0.9190,0.2210,0.8050
11.337,0.0119,0.0369,-0.0717,0.0629,0.1944,0.1944,0.9101,0.1607,0.8057
11.346,-0.0155,0.0369,-0.0715,0.0605,0.1944,0.1944,0.8806,0.1607,0.8063
11.354,-0.0155,-0.0480,-0.0714,0.0605,0.1870,0.1870,0.8814,0.0697,0.8067
11.359,0.0175,-0.0480,-0.0713,0.0836,0.1870,0.1870,0.8372,0.0697,0.8069
11.363,0.0175,0.0541,-0.0711,0.0836,0.2584,0.2584,0.8372,-0.0669,0.8067
11.370,0.0175,0.0541,-0.0709,0.0836,0.2584,0.2584,0.8372,-0.0669,0.8065
11.376,0.0056,0.0541,-0.0706,0.0729,0.2584,0.2584,0.7927,-0.0669,0.8062
11.381,0.0056,0.0172,-0.0705,0.0729,0.2252,0.2252,0.7927,-0.0103,0.8062
11.384,0.0056,0.0172,-0.0704,0.0729,0.2252,0.2252,0.7927,-0.0103,0.8062
11.389,0.0056,0.0172,-0.0704,0.0729,0.2252,0.2252,0.7927,-0.0103,0.8062
11.395,0.0040,0.0172,-0.0703,0.0812,0.2252,0.2252,0.7744,-0.0103,0.8061
11.403,0.0040,0.0123,-0.0703,0.0812,0.2510,0.2510,0.7744,-0.0484,0.8061
11.421,0.0076,0.0123,-0.0702,0.0796,0.2510,0.2510,0.6950,-0.0484,0.8061
11.432,0.0115,0.0234,-0.0699,0.0892,0.2461,0.2461,0.6874,-0.0620,0.8054
11.440,0.0115,0.0357,-0.0698,0.0892,0.2756,0.2756,0.6270,-0.0853,0.8048
11.448,0.0131,0.0357,-0.0697,0.1155,0.2756,0.2756,0.5920,-0.0853,0.8043
11.455,0.0131,0.0406,-0.0696,0.1155,0.3568,0.3568,0.4331,-0.1936,0.8034
11.464,0.0096,0.0406,-0.0695,0.1019,0.3568,0.3568,0.4371,-0.1936,0.8026
11.472,0.0096,0.0295,-0.0694,0.1019,0.3150,0.3150,0.2793,-0.1813,0.8016
11.484,0.0123,0.0295,-0.0693,0.0884,0.3150,0.3150,0.2626,-0.1813,0.8008
11.492,0.0155,0.0381,-0.0692,0.0836,0.2732,0.2732,0.1962,-0.2330,0.7992
11.503,0.0155,0.0480,-0.0691,0.0836,0.2584,0.2584,0.1962,-0.2355,0.7982
11.517,0.0139,0.0480,-0.0690,0.0924,0.2584,0.2584,0.1426,-0.2355,0.7968
11.526,0.0092,0.0431,-0.0689,0.0645,0.2855,0.2855,0.1940,-0.1936,0.7954
11.535,0.0092,0.0283,-0.0688,0.0645,0.1993,0.1993,0.1270,-0.0349,0.7955
11.545,0.0191,0.0283,-0.0687,0.0677,0.1993,0.1993,0.1095,-0.0349,0.7956
11.552,0.0191,0.0591,-0.0682,0.0677,0.2092,0.2092,0.1095,-0.0890,0.7952
11.559,0.0139,0.0591,-0.0679,0.0609,0.2092,0.2092,0.0504,-0.0890,0.7949
11.569,0.0139,0.0431,-0.0678,0.0609,0.1883,0.1883,0.0504,-0.0669,0.7948
11.576,0.0239,0.0431,-0.0678,0.0577,0.1883,0.1883,-0.0291,-0.0669,0.7945
11.581,0.0239,0.0738,-0.0674,0.0577,0.1784,0.1784,-0.0291,-0.1136,0.7941
11.585,0.0239,0.0738,-0.0671,0.0577,0.1784,0.1784,-0.0291,-0.1136,0.7938
11.589,0.0239,0.0738,-0.0669,0.0577,0.1784,0.1784,-0.0291,-0.1136,0.7936
11.593,0.0227,0.0738,-0.0667,0.0553,0.1784,0.1784,-0.0898,-0.1136,0.7934
11.599,0.0227,0.0701,-0.0665,0.0553,0.1710,0.1710,-0.0898,-0.0706,0.7933
11.604,0.0227,0.0701,-0.0663,0.0553,0.1710,0.1710,-0.0898,-0.0706,0.7932
11.608,0.0227,0.0701,-0.0660,0.0553,0.1710,0.1710,-0.0898,-0.0706,0.7930
11.613,0.0092,0.0701,-0.0658,0.0474,0.1710,0.1710,-0.1928,-0.0706,0.7929
11.618,0.0092,0.0283,-0.0658,0.0474,0.1464,0.1464,-0.1928,-0.0189,0.7930
11.623,0.0092,0.0283,-0.0658,0.0474,0.1464,0.1464,-0.1928,-0.0189,0.7931
11.628,-0.0064,0.0283,-0.0658,0.0526,0.1464,0.1464,-0.1713,-0.0189,0.7932
11.632,-0.0064,-0.0197,-0.0657,0.0526,0.1624,0.1624,-0.1713,0.0475,0.7932
11.636,-0.0064,-0.0197,-0.0657,0.0526,0.1624,0.1624,-0.2886,0.0475,0.7933
11.641,-0.0064,-0.0197,-0.0657,0.0526,0.1624,0.1624,-0.2886,0.0475,0.7934
11.648,0.0096,-0.0197,-0.0657,0.0530,0.1624,0.1624,-0.2799,0.0475,0.7934
11.658,0.0096,0.0295,-0.0656,0.0530,0.1636,0.1636,-0.3902,0.0746,0.7938
11.665,0.0167,0.0295,-0.0656,0.0514,0.1636,0.1636,-0.3918,0.0746,0.7944
11.670,0.0167,0.0517,-0.0653,0.0514,0.1587,0.1587,-0.3918,0.0697,0.7948
11.674,0.0167,0.0517,-0.0652,0.0514,0.1587,0.1587,-0.5267,0.0697,0.7950
11.680,0.0108,0.0517,-0.0650,0.0573,0.1587,0.1587,-0.5001,0.0697,0.7953
11.686,0.0108,0.0332,-0.0650,0.0573,0.1772,0.1772,-0.5001,0.1521,0.7959
11.691,0.0108,0.0332,-0.0650,0.0573,0.1772,0.1772,-0.5001,0.1521,0.7965
11.696,0.0068,0.0332,-0.0649,0.0593,0.1772,0.1772,-0.6281,0.1521,0.7969
11.704,0.0068,0.0209,-0.0649,0.0593,0.1833,0.1833,-0.6281,0.1521,0.7974
11.712,0.0012,0.0209,-0.0649,0.0673,0.1833,0.1833,-0.6229,0.1521,0.7981
11.720,0.0012,0.0037,-0.0648,0.0673,0.2079,0.2079,-0.7338,0.1681,0.7990
11.728,0.0127,0.0037,-0.0648,0.0769,0.2079,0.2079,-0.7187,0.1681,0.7998
11.736,0.0127,0.0394,-0.0648,0.0769,0.2375,0.2375,-0.8192,0.2149,0.8008
11.744,0.0175,0.0394,-0.0648,0.0844,0.2375,0.2375,-0.8463,0.2149,0.8019
11.750,0.0175,0.0541,-0.0645,0.0844,0.2608,0.2608,-0.8463,0.1312,0.8024
11.758,0.0175,0.0541,-0.0643,0.0844,0.2608,0.2608,-0.9371,0.1312,0.8029
11.763,0.0088,0.0541,-0.0640,0.0792,0.2608,0.2608,-0.9430,0.1312,0.8036
11.768,0.0088,0.0271,-0.0640,0.0792,0.2449,0.2449,-0.9430,0.1128,0.8039
11.772,0.0088,0.0271,-0.0640,0.0792,0.2449,0.2449,-0.9430,0.1128,0.8042
11.776,0.0207,0.0271,-0.0639,0.0892,0.2449,0.2449,-1.0180,0.1128,0.8044
11.782,0.0207,0.0640,-0.0638,0.0892,0.2756,0.2756,-1.0180,0.1312,0.8047
11.787,0.0207,0.0640,-0.0635,0.0892,0.2756,0.2756,-1.0180,0.1312,0.8052
11.791,0.0207,0.0640,-0.0633,0.0892,0.2756,0.2756,-1.0180,0.1312,0.8055
11.795,0.0187,0.0640,-0.0632,0.0769,0.2756,0.2756,-1.1286,0.1312,0.8058
11.801,0.0187,0.0578,-0.0630,0.0769,0.2375,0.2375,-1.1286,0.1300,0.8061
11.810,0.0295,0.0578,-0.0628,0.0816,0.2375,0.2375,-1.1422,0.1300,0.8065
11.821,0.0295,0.0911,-0.0624,0.0816,0.2522,0.2522,-1.2430,0.0881,0.8069
11.829,0.0119,0.0911,-0.0618,0.0976,0.2522,0.2522,-1.2574,0.0881,0.8074
11.834,0.0119,0.0369,-0.0618,0.0976,0.3015,0.3015,-1.3452,0.0439,0.8073
11.838,0.0119,0.0369,-0.0618,0.0976,0.3015,0.3015,-1.3452,0.0439,0.8073
11.842,0.0191,0.0369,-0.0618,0.1063,0.3015,0.3015,-1.3794,0.0439,0.8073
11.846,0.0191,0.0591,-0.0617,0.1063,0.3285,0.3285,-1.3794,-0.0620,0.8071
11.850,0.0191,0.0591,-0.0615,0.1063,0.3285,0.3285,-1.3794,-0.0620,0.8069
11.854,0.0295,0.0591,-0.0614,0.1063,0.3285,0.3285,-1.5187,-0.0620,0.8068
11.861,0.0307,0.0591,-0.0613,0.0836,0.3285,0.3285,-1.4892,-0.0620,0.8066
11.870,0.0307,0.0628,-0.0610,0.0836,0.2584,0.2584,-1.4892,0.0291,0.8065
11.874,0.0398,0.0628,-0.0607,0.0836,0.2584,0.2584,-1.6137,0.0291,0.8065
11.879,0.0446,0.0628,-0.0606,0.0948,0.2584,0.2584,-1.6503,0.0291,0.8065
11.883,0.0446,0.0775,-0.0604,0.0948,0.2928,0.2928,-1.6503,-0.0841,0.8062
11.888,0.0446,0.0775,-0.0602,0.0948,0.2928,0.2928,-1.6503,-0.0841,0.8059
11.895,0.0425,0.0775,-0.0600,0.0876,0.2928,0.2928,-1.7312,-0.0841,0.8057
11.900,0.0425,0.0468,-0.0600,0.0876,0.2707,0.2707,-1.7312,0.0069,0.8056
11.905,0.0425,0.0468,-0.0600,0.0876,0.2707,0.2707,-1.7312,0.0069,0.8056
11.912,0.0465,0.0468,-0.0601,0.0733,0.2707,0.2707,-1.7205,0.0069,0.8056
11.919,0.0523,0.0591,-0.0598,0.0733,0.2264,0.2264,-1.8007,0.0402,0.8056
11.927,0.0436,0.0591,-0.0596,0.0701,0.2264,0.2264,-1.7860,0.0402,0.8055
11.931,0.0436,0.0320,-0.0596,0.0701,0.2166,0.2166,-1.7860,0.0857,0.8059
11.935,0.0472,0.0320,-0.0597,0.0701,0.2166,0.2166,-1.8339,0.0857,0.8061
11.940,0.0472,0.0320,-0.0597,0.0701,0.2166,0.2166,-1.8339,0.0857,0.8062
11.944,0.0591,0.0320,-0.0597,0.0705,0.2166,0.2166,-1.8339,0.0857,0.8064
11.948,0.0591,0.0689,-0.0595,0.0705,0.2178,0.2178,-1.8339,0.0857,0.8066
11.952,0.0616,0.0689,-0.0594,0.0705,0.2178,0.2178,-1.8661,0.0857,0.8068
11.962,0.0560,0.0689,-0.0592,0.0725,0.2178,0.2178,-1.8513,0.0857,0.8070
11.970,0.0560,0.0517,-0.0590,0.0725,0.2239,0.2239,-1.8513,0.1312,0.8076
11.978,0.0568,0.0517,-0.0588,0.0677,0.2239,0.2239,-1.8775,0.1312,0.8082
11.984,0.0568,0.0492,-0.0589,0.0677,0.2092,0.2092,-1.8775,0.1140,0.8087
11.988,0.0568,0.0492,-0.0589,0.0677,0.2092,0.2092,-1.8775,0.1140,0.8090
11.992,0.0588,0.0492,-0.0589,0.0613,0.2092,0.2092,-1.9014,0.1140,0.8092
11.996,0.0598,0.0554,-0.0588,0.0613,0.1895,0.1895,-1.9125,0.0402,0.8091
12.001,0.0598,0.0554,-0.0587,0.0613,0.1895,0.1895,-1.9125,0.0402,0.8091
12.006,0.0598,0.0554,-0.0585,0.0613,0.1895,0.1895,-1.9125,0.0402,0.8090
12.013,0.0661,0.0554,-0.0584,0.0669,0.1895,0.1895,-1.9236,0.0402,0.8090
12.021,0.0661,0.0751,-0.0582,0.0669,0.2067,0.2067,-1.9236,-0.0066,0.8089
12.026,0.0816,0.0751,-0.0579,0.0729,0.2067,0.2067,-1.9260,-0.0066,0.8088
12.030,0.0816,0.1230,-0.0575,0.0729,0.2252,0.2252,-1.9260,-0.0140,0.8088
12.035,0.0837,0.1230,-0.0573,0.0729,0.2252,0.2252,-1.9628,-0.0140,0.8088
12.043,0.0689,0.1230,-0.0570,0.0657,0.2252,0.2252,-1.9604,-0.0140,0.8087
12.052,0.0689,0.0775,-0.0567,0.0657,0.2030,0.2030,-1.9604,-0.0066,0.8086
12.059,0.0708,0.0775,-0.0564,0.0832,0.2030,0.2030,-1.9616,-0.0066,0.8086
12.065,0.0708,0.0824,-0.0561,0.0832,0.2572,0.2572,-1.9616,0.0106,0.8085
12.068,0.0708,0.0824,-0.0559,0.0832,0.2572,0.2572,-1.9616,0.0106,0.8084
12.074,0.0703,0.0824,-0.0557,0.0832,0.2572,0.2572,-1.9548,0.0106,0.8084
12.083,0.0747,0.0824,-0.0555,0.0856,0.2572,0.2572,-1.9834,0.0106,0.8083
12.091,0.0747,0.0960,-0.0551,0.0856,0.2645,0.2645,-1.9834,-0.0780,0.8078
12.096,0.0702,0.0960,-0.0548,0.0836,0.2645,0.2645,-1.9525,-0.0780,0.8074
12.101,0.0702,0.0861,-0.0546,0.0836,0.2584,0.2584,-1.9525,-0.0534,0.8072
12.106,0.0702,0.0861,-0.0544,0.0836,0.2584,0.2584,-1.9525,-0.0534,0.8071
12.115,0.0670,0.0861,-0.0542,0.0824,0.2584,0.2584,-1.8840,-0.0534,0.8069
12.124,0.0670,0.0824,-0.0539,0.0824,0.2547,0.2547,-1.8840,0.0377,0.8068
12.132,0.0729,0.0824,-0.0536,0.0820,0.2547,0.2547,-1.8720,0.0377,0.8068
12.136,0.0703,0.1009,-0.0533,0.0820,0.2535,0.2535,-1.8170,0.0746,0.8070
12.141,0.0703,0.1009,-0.0531,0.0820,0.2535,0.2535,-1.8170,0.0746,0.8072
12.146,0.0643,0.1009,-0.0529,0.0860,0.2535,0.2535,-1.7987,0.0746,0.8074
12.151,0.0643,0.0824,-0.0527,0.0860,0.2658,0.2658,-1.7987,0.1312,0.8077
12.155,0.0611,0.0824,-0.0525,0.0860,0.2658,0.2658,-1.7281,0.1312,0.8080
12.160,0.0818,0.0824,-0.0524,0.0733,0.2658,0.2658,-1.7743,0.1312,0.8083
12.164,0.0818,0.1464,-0.0521,0.0733,0.2264,0.2264,-1.7743,-0.0115,0.8083
12.169,0.0818,0.1464,-0.0518,0.0733,0.2264,0.2264,-1.7743,-0.0115,0.8083
12.172,0.0783,0.1464,-0.0515,0.0733,0.2264,0.2264,-1.6887,-0.0115,0.8082
12.177,0.0950,0.1464,-0.0512,0.0629,0.2264,0.2264,-1.6565,-0.0115,0.8082
12.181,0.0950,0.1981,-0.0508,0.0629,0.1944,0.1944,-1.6565,0.0881,0.8084
12.186,0.0950,0.1981,-0.0504,0.0629,0.1944,0.1944,-1.6565,0.0881,0.8085
12.194,0.1004,0.1981,-0.0499,0.0709,0.1944,0.1944,-1.5710,0.0881,0.8088
12.199,0.1004,0.2264,-0.0490,0.0709,0.2190,0.2190,-1.5710,0.0426,0.8087
12.203,0.1004,0.2264,-0.0485,0.0709,0.2190,0.2190,-1.5710,0.0426,0.8086
12.207,0.1004,0.2264,-0.0481,0.0709,0.2190,0.2190,-1.5710,0.0426,0.8086
12.211,0.1175,0.2264,-0.0476,0.0780,0.2190,0.2190,-1.5885,0.0426,0.8086
12.215,0.1135,0.2793,-0.0471,0.0780,0.2412,0.2412,-1.4741,-0.0115,0.8085
12.220,0.1135,0.2793,-0.0465,0.0780,0.2412,0.2412,-1.4741,-0.0115,0.8085
12.223,0.1135,0.2793,-0.0459,0.0780,0.2412,0.2412,-1.4741,-0.0115,0.8084
12.227,0.1044,0.2793,-0.0454,0.0765,0.2412,0.2412,-1.4666,-0.0115,0.8084
12.231,0.1044,0.2510,-0.0449,0.0765,0.2362,0.2362,-1.4666,0.0119,0.8084
12.235,0.1018,0.2510,-0.0445,0.0765,0.2362,0.2362,-1.3802,0.0119,0.8083
12.239,0.1018,0.2510,-0.0440,0.0765,0.2362,0.2362,-1.3802,0.0119,0.8083
12.243,0.1090,0.2510,-0.0435,0.0665,0.2362,0.2362,-1.3918,0.0119,0.8083
12.247,0.1090,0.2732,-0.0431,0.0665,0.2055,0.2055,-1.3918,-0.0238,0.8082
12.252,0.1090,0.2732,-0.0426,0.0665,0.2055,0.2055,-1.3918,-0.0238,0.8082
12.257,0.1064,0.2732,-0.0419,0.0665,0.2055,0.2055,-1.2961,-0.0238,0.8082
12.268,0.0945,0.2732,-0.0413,0.0713,0.2055,0.2055,-1.2722,-0.0238,0.8081
12.273,0.0919,0.2362,-0.0401,0.0713,0.2202,0.2202,-1.1628,0.0500,0.8084
12.277,0.0979,0.2362,-0.0396,0.0518,0.2202,0.2202,-1.1883,0.0500,0.8084
12.282,0.0979,0.2547,-0.0392,0.0518,0.1600,0.1600,-1.1883,-0.0287,0.8084
12.285,0.0979,0.2547,-0.0387,0.0518,0.1600,0.1600,-1.1883,-0.0287,0.8084
12.290,0.0979,0.2547,-0.0383,0.0518,0.1600,0.1600,-1.1883,-0.0287,0.8083
12.294,0.0835,0.2547,-0.0378,0.0601,0.1600,0.1600,-1.0415,-0.0287,0.8083
12.304,0.0835,0.2178,-0.0374,0.0601,0.1858,0.1858,-1.0415,0.0451,0.8083
12.307,0.0835,0.2178,-0.0366,0.0601,0.1858,0.1858,-1.0415,0.0451,0.8082
12.311,0.0962,0.2178,-0.0363,0.0673,0.1858,0.1858,-1.0459,0.0451,0.8081
12.315,0.0940,0.2572,-0.0358,0.0673,0.2079,0.2079,-0.9107,0.0315,0.8081
12.319,0.0940,0.2572,-0.0354,0.0673,0.2079,0.2079,-0.9107,0.0315,0.8081
12.323,0.0940,0.2572,-0.0350,0.0673,0.2079,0.2079,-0.9107,0.0315,0.8080
12.327,0.0844,0.2572,-0.0346,0.0589,0.2079,0.2079,-0.8979,0.0315,0.8080
12.332,0.0844,0.2276,-0.0342,0.0589,0.1821,0.1821,-0.8979,0.0709,0.8081
12.335,0.0737,0.2276,-0.0338,0.0589,0.1821,0.1821,-0.7510,0.0709,0.8083
12.339,0.0737,0.2276,-0.0335,0.0589,0.1821,0.1821,-0.7510,0.0709,0.8084
12.343,0.0765,0.2276,-0.0332,0.0557,0.1821,0.1821,-0.7593,0.0709,0.8085
12.347,0.0765,0.2362,-0.0329,0.0557,0.1723,0.1723,-0.7593,0.0451,0.8085
12.350,0.0765,0.2362,-0.0325,0.0557,0.1723,0.1723,-0.7593,0.0451,0.8085
12.354,0.0765,0.2362,-0.0322,0.0557,0.1723,0.1723,-0.6012,0.0451,0.8084
12.358,0.0765,0.2362,-0.0319,0.0557,0.1723,0.1723,-0.6012,0.0451,0.8084
12.361,0.0769,0.2362,-0.0315,0.0518,0.1723,0.1723,-0.5928,0.0451,0.8084
12.365,0.0769,0.2375,-0.0312,0.0518,0.1600,0.1600,-0.5928,0.0709,0.8085
12.369,0.0769,0.2375,-0.0309,0.0518,0.1600,0.1600,-0.5928,0.0709,0.8086
12.373,0.0769,0.2375,-0.0306,0.0518,0.1600,0.1600,-0.4246,0.0709,0.8087
12.377,0.0637,0.2375,-0.0302,0.0769,0.1600,0.1600,-0.4135,0.0709,0.8088
12.381,0.0637,0.1969,-0.0300,0.0769,0.2375,0.2375,-0.4135,0.1054,0.8090
12.384,0.0637,0.1969,-0.0297,0.0769,0.2375,0.2375,-0.4135,0.1054,0.8093
12.389,0.0637,0.1969,-0.0295,0.0769,0.2375,0.2375,-0.4135,0.1054,0.8094
12.393,0.0916,0.1969,-0.0292,0.0836,0.2375,0.2375,-0.2618,0.1054,0.8097
12.399,0.0916,0.2830,-0.0288,0.0836,0.2584,0.2584,-0.2618,0.0279,0.8096
12.414,0.0832,0.2830,-0.0281,0.0709,0.2584,0.2584,-0.0775,0.0279,0.8096
12.430,0.0745,0.2572,-0.0268,0.0665,0.2190,0.2190,-0.0675,0.0475,0.8094
12.439,0.0745,0.2301,-0.0255,0.0665,0.2055,0.2055,0.1157,0.0783,0.8099
12.446,0.0864,0.2301,-0.0248,0.0772,0.2055,0.2055,0.0890,0.0783,0.8103
12.451,0.0864,0.2670,-0.0242,0.0772,0.2387,0.2387,0.0890,-0.0041,0.8102
12.454,0.0864,0.2670,-0.0238,0.0772,0.2387,0.2387,0.2773,-0.0041,0.8101
12.459,0.0844,0.2670,-0.0234,0.0701,0.2387,0.2387,0.2876,-0.0041,0.8101
12.462,0.0844,0.2608,-0.0230,0.0701,0.2166,0.2166,0.2876,0.0279,0.8100
12.466,0.0844,0.2608,-0.0227,0.0701,0.2166,0.2166,0.2876,0.0279,0.8100
12.469,0.0844,0.2608,-0.0224,0.0701,0.2166,0.2166,0.2876,0.0279,0.8100
12.473,0.0844,0.2608,-0.0221,0.0701,0.2166,0.2166,0.4622,0.0279,0.8099
12.476,0.0737,0.2608,-0.0218,0.0689,0.2166,0.2166,0.4626,0.0279,0.8099
12.480,0.0737,0.2276,-0.0215,0.0689,0.2129,0.2129,0.4626,0.0291,0.8098
12.484,0.0737,0.2276,-0.0213,0.0689,0.2129,0.2129,0.4626,0.0291,0.8098
12.487,0.0737,0.2276,-0.0210,0.0689,0.2129,0.2129,0.4626,0.0291,0.8098
12.490,0.0737,0.2276,-0.0208,0.0689,0.2129,0.2129,0.4626,0.0291,0.8097
12.494,0.0800,0.2276,-0.0206,0.0681,0.2129,0.2129,0.6153,0.0291,0.8097
12.498,0.0800,0.2473,-0.0203,0.0681,0.2104,0.2104,0.6153,-0.0349,0.8096
12.502,0.0800,0.2473,-0.0200,0.0681,0.2104,0.2104,0.6153,-0.0349,0.8096
12.506,0.0800,0.2473,-0.0197,0.0681,0.2104,0.2104,0.6153,-0.0349,0.8096
12.514,0.0812,0.2473,-0.0194,0.0661,0.2104,0.2104,0.8261,-0.0349,0.8095
12.518,0.0812,0.2510,-0.0188,0.0661,0.2042,0.2042,0.8261,0.0746,0.8098
12.523,0.0812,0.2510,-0.0185,0.0661,0.2042,0.2042,0.8261,0.0746,0.8099
12.530,0.0924,0.2510,-0.0181,0.0681,0.2042,0.2042,0.7895,0.0746,0.8100
12.536,0.0924,0.2855,-0.0175,0.0681,0.2104,0.2104,0.9649,-0.0386,0.8100
12.540,0.0924,0.2855,-0.0169,0.0681,0.2104,0.2104,0.9649,-0.0386,0.8099
12.543,0.0701,0.2855,-0.0165,0.0733,0.2104,0.2104,0.9716,-0.0386,0.8098
12.546,0.0701,0.2166,-0.0164,0.0733,0.2264,0.2264,0.9716,-0.0177,0.8098
12.550,0.0701,0.2166,-0.0162,0.0733,0.2264,0.2264,0.9716,-0.0177,0.8098
12.553,0.0701,0.2166,-0.0160,0.0733,0.2264,0.2264,1.1457,-0.0177,0.8097
12.557,0.0701,0.2166,-0.0158,0.0733,0.2264,0.2264,1.1457,-0.0177,0.8097
12.561,0.0836,0.2166,-0.0156,0.0733,0.2264,0.2264,1.1234,-0.0177,0.8096
12.568,0.0836,0.2584,-0.0153,0.0733,0.2264,0.2264,1.1234,-0.0866,0.8094
12.573,0.0836,0.2584,-0.0148,0.0733,0.2264,0.2264,1.2952,-0.0866,0.8090
12.577,0.0828,0.2584,-0.0144,0.0713,0.2264,0.2264,1.2836,-0.0866,0.8087
12.580,0.0828,0.2559,-0.0142,0.0713,0.2202,0.2202,1.2836,-0.1223,0.8084
12.584,0.0828,0.2559,-0.0139,0.0713,0.2202,0.2202,1.2836,-0.1223,0.8081
12.587,0.0828,0.2559,-0.0137,0.0713,0.2202,0.2202,1.2836,-0.1223,0.8078
12.591,0.0828,0.2559,-0.0134,0.0713,0.2202,0.2202,1.2836,-0.1223,0.8076
12.594,0.1035,0.2559,-0.0132,0.0701,0.2202,0.2202,1.4403,-0.1223,0.8073
12.598,0.1035,0.3199,-0.0128,0.0701,0.2166,0.2166,1.4403,-0.1579,0.8070
12.602,0.1035,0.3199,-0.0123,0.0701,0.2166,0.2166,1.4403,-0.1579,0.8065
12.605,0.1035,0.3199,-0.0120,0.0701,0.2166,0.2166,1.4403,-0.1579,0.8062
12.608,0.1035,0.3199,-0.0116,0.0701,0.2166,0.2166,1.4403,-0.1579,0.8059
12.614,0.0844,0.2584,-0.0153,0.0697,0.2264,0.2264,1.6484,-0.0866,0.8094
12.625,0.0844,-0.2608,-0.0126,0.0697,-0.2153,-0.1060,1.6484,0.0201,0.8056
12.635,0.0717,-0.2608,-0.0152,0.0510,-0.2153,-0.2153,1.7650,0.0201,0.8055
12.639,0.0717,-0.2215,-0.0172,0.0510,-0.1575,-0.1575,1.7650,0.1444,0.8063
12.643,0.0772,-0.2215,-0.0180,0.0565,-0.1575,-0.1575,1.8244,0.1444,0.8066
12.646,0.0772,-0.2387,-0.0188,0.0565,-0.1747,-0.1747,1.8244,-0.0389,0.8066
12.651,0.0772,-0.2387,-0.0195,0.0565,-0.1747,-0.1747,1.8244,-0.0389,0.8066
12.654,0.0772,-0.2387,-0.0203,0.0565,-0.1747,-0.1747,1.9729,-0.0389,0.8066
12.658,0.0772,-0.2387,-0.0211,0.0565,-0.1747,-0.1747,1.9729,-0.0389,0.8065
12.661,0.0741,-0.2387,-0.0219,0.0510,-0.1747,-0.1747,1.9780,-0.0389,0.8065
12.665,0.0741,-0.2289,-0.0225,0.0510,-0.1575,-0.1575,1.9780,-0.0549,0.8064
12.668,0.0741,-0.2289,-0.0232,0.0510,-0.1575,-0.1575,1.9780,-0.0549,0.8062
12.672,0.0741,-0.2289,-0.0239,0.0510,-0.1575,-0.1575,1.9780,-0.0549,0.8061
12.675,0.0741,-0.2289,-0.0245,0.0510,-0.1575,-0.1575,2.1174,-0.0549,0.8060
12.678,0.0717,-0.2289,-0.0251,0.0681,-0.1575,-0.1575,2.0916,-0.0549,0.8059
12.682,0.0717,-0.2215,-0.0258,0.0681,-0.2104,-0.2104,2.0916,0.0251,0.8059
12.686,0.0717,-0.2215,-0.0265,0.0681,-0.2104,-0.2104,2.0916,0.0251,0.8059
12.689,0.0717,-0.2215,-0.0272,0.0681,-0.2104,-0.2104,2.0916,0.0251,0.8058
12.692,0.0633,-0.2215,-0.0278,0.0561,-0.2104,-0.2104,2.2269,0.0251,0.8058
12.696,0.0633,-0.1956,-0.0283,0.0561,-0.1735,-0.1735,2.2269,0.0041,0.8058
12.700,0.0633,-0.1956,-0.0290,0.0561,-0.1735,-0.1735,2.2269,0.0041,0.8058
12.703,0.0633,-0.1956,-0.0296,0.0561,-0.1735,-0.1735,2.2269,0.0041,0.8058
12.707,0.0633,-0.1956,-0.0301,0.0561,-0.1735,-0.1735,2.2269,0.0041,0.8057
12.710,0.0808,-0.1956,-0.0307,0.0729,-0.1735,-0.1735,2.2249,0.0041,0.8057
12.715,0.0808,-0.2498,-0.0314,0.0729,-0.2252,-0.2252,2.3416,0.0103,0.8057
12.723,0.0808,-0.2498,-0.0322,0.0729,-0.2252,-0.2252,2.3416,0.0103,0.8057
12.728,0.0796,-0.2498,-0.0338,0.0665,-0.2252,-0.2252,2.3811,0.0103,0.8057
12.732,0.0796,-0.2461,-0.0348,0.0665,-0.2055,-0.2055,2.3811,-0.1115,0.8053
12.737,0.0796,-0.2461,-0.0355,0.0665,-0.2055,-0.2055,2.4842,-0.1115,0.8050
12.745,0.0769,-0.2461,-0.0364,0.0804,-0.2055,-0.2055,2.4415,-0.1115,0.8047
12.750,0.0769,-0.2375,-0.0378,0.0804,-0.2485,-0.2485,2.4415,0.0201,0.8047
12.753,0.0769,-0.2375,-0.0387,0.0804,-0.2485,-0.2485,2.5302,0.0201,0.8046
12.757,0.0769,-0.2375,-0.0393,0.0804,-0.2485,-0.2485,2.5302,0.0201,0.8046
12.761,0.0621,-0.2375,-0.0400,0.0637,-0.2485,-0.2485,2.5489,0.0201,0.8046
12.765,0.0621,-0.1919,-0.0406,0.0637,-0.1969,-0.1969,2.5489,-0.0377,0.8046
12.769,0.0621,-0.1919,-0.0411,0.0637,-0.1969,-0.1969,2.5489,-0.0377,0.8046
12.772,0.0621,-0.1919,-0.0416,0.0637,-0.1969,-0.1969,2.6226,-0.0377,0.8046
12.777,0.0705,-0.1919,-0.0422,0.0315,-0.1969,-0.1969,2.6067,-0.0377,0.8046
12.780,0.0705,-0.2178,-0.0428,0.0315,-0.0972,-0.0972,2.6067,0.0115,0.8046
12.784,0.0705,-0.2178,-0.0434,0.0315,-0.0972,-0.0972,2.6067,0.0115,0.8046
12.787,0.0705,-0.2178,-0.0440,0.0315,-0.0972,-0.0972,2.6067,0.0115,0.8045
12.791,0.0705,-0.2178,-0.0445,0.0315,-0.0972,-0.0972,2.6067,0.0115,0.8045
12.794,0.0765,-0.2178,-0.0450,0.0275,-0.0972,-0.0972,2.6791,0.0115,0.8045
12.798,0.0765,-0.2362,-0.0455,0.0275,-0.0849,-0.0849,2.6791,-0.0328,0.8045
12.801,0.0765,-0.2362,-0.0462,0.0275,-0.0849,-0.0849,2.6791,-0.0328,0.8045
12.804,0.0765,-0.2362,-0.0467,0.0275,-0.0849,-0.0849,2.6791,-0.0328,0.8045
12.808,0.0765,-0.2362,-0.0472,0.0275,-0.0849,-0.0849,2.6791,-0.0328,0.8045
12.811,0.0753,-0.2362,-0.0478,0.0131,-0.0849,-0.0849,2.6628,-0.0328,0.8045
12.816,0.0753,-0.2325,-0.0483,0.0131,-0.0406,-0.0406,2.7044,0.0177,0.8045
12.820,0.0753,-0.2325,-0.0490,0.0131,-0.0406,-0.0406,2.7044,0.0177,0.8044
12.824,0.0753,-0.2325,-0.0497,0.0131,-0.0406,-0.0406,2.7044,0.0177,0.8044
12.827,0.0860,-0.2325,-0.0502,0.0123,-0.0406,-0.0406,2.6729,0.0177,0.8044
12.830,0.0860,-0.2658,-0.0508,0.0123,-0.0381,-0.0381,2.6729,0.1149,0.8046
12.834,0.0860,-0.2658,-0.0514,0.0123,-0.0381,-0.0381,2.4567,0.1149,0.8049
12.838,0.0860,-0.2658,-0.0520,0.0123,-0.0381,-0.0381,2.4567,0.1149,0.8051
12.842,0.0828,-0.2658,-0.0527,0.0100,-0.0381,-0.0381,2.4631,0.1149,0.8053
12.850,0.0828,-0.2559,-0.0534,0.0100,-0.0308,-0.0308,2.4631,0.0952,0.8056
12.855,0.0828,-0.2559,-0.0547,0.0100,-0.0308,-0.0308,2.2498,0.0952,0.8060
12.860,0.0972,-0.2559,-0.0555,0.0159,-0.0308,-0.0308,2.2581,0.0952,0.8062
12.865,0.0972,-0.3002,-0.0564,0.0159,-0.0492,-0.0492,2.2581,0.0693,0.8064
12.873,0.0972,-0.3002,-0.0572,0.0159,-0.0492,-0.0492,2.2798,0.0693,0.8065
12.879,0.0784,-0.3002,-0.0587,0.0080,-0.0492,-0.0492,2.2703,0.0693,0.8068
12.884,0.0784,-0.2424,-0.0596,0.0080,-0.0246,-0.0246,2.2703,0.0989,0.8071
12.888,0.0784,-0.2424,-0.0603,0.0080,-0.0246,-0.0246,2.2703,0.0989,0.8073
12.891,0.0784,-0.2424,-0.0608,0.0080,-0.0246,-0.0246,2.2703,0.0989,0.8075
12.894,0.0932,-0.2424,-0.0613,0.0187,-0.0246,-0.0246,1.8445,0.0989,0.8077
12.899,0.0932,-0.2879,-0.0619,0.0187,-0.0578,-0.0578,1.8445,0.0287,0.8077
12.902,0.0932,-0.2879,-0.0626,0.0187,-0.0578,-0.0578,1.8445,0.0287,0.8076
12.906,0.0932,-0.2879,-0.0632,0.0187,-0.0578,-0.0578,1.8445,0.0287,0.8076
12.909,0.0972,-0.2879,-0.0637,0.0171,-0.0578,-0.0578,1.8529,0.0287,0.8076
12.913,0.0972,-0.3002,-0.0643,0.0171,-0.0529,-0.0529,1.8783,0.0029,0.8076
12.918,0.0972,-0.3002,-0.0650,0.0171,-0.0529,-0.0529,1.8783,0.0029,0.8075
12.922,0.0972,-0.3002,-0.0658,0.0171,-0.0529,-0.0529,1.8783,0.0029,0.8075
12.925,0.0721,-0.3002,-0.0664,0.0211,-0.0529,-0.0529,1.9022,0.0029,0.8075
12.929,0.0721,-0.2227,-0.0669,0.0211,-0.0652,-0.0652,1.9022,-0.0709,0.8073
12.933,0.0721,-0.2227,-0.0673,0.0211,-0.0652,-0.0652,1.7073,-0.0709,0.8071
12.937,0.0721,-0.2227,-0.0678,0.0211,-0.0652,-0.0652,1.7073,-0.0709,0.8069
12.941,0.0721,-0.2227,-0.0683,0.0211,-0.0652,-0.0652,1.7073,-0.0709,0.8067
12.945,0.0968,-0.2227,-0.0687,0.0183,-0.0652,-0.0652,1.6702,-0.0709,0.8066
12.953,0.0968,-0.2990,-0.0694,0.0183,-0.0566,-0.0566,1.4843,0.0435,0.8065
12.962,0.0661,-0.2990,-0.0707,0.0291,-0.0566,-0.0566,1.4910,0.0435,0.8065
12.966,0.0661,-0.2042,-0.0716,0.0291,-0.0898,-0.0898,1.4910,0.0226,0.8064
12.970,0.0661,-0.2042,-0.0721,0.0291,-0.0898,-0.0898,1.4910,0.0226,0.8064
12.974,0.0661,-0.2042,-0.0724,0.0291,-0.0898,-0.0898,1.4101,0.0226,0.8064
12.977,0.0605,-0.2042,-0.0728,0.0299,-0.0898,-0.0898,1.4396,0.0226,0.8064
12.982,0.0605,-0.1870,-0.0732,0.0299,-0.0923,-0.0923,1.4396,-0.0685,0.8062
12.985,0.0605,-0.1870,-0.0735,0.0299,-0.0923,-0.0923,1.4396,-0.0685,0.8060
12.988,0.0605,-0.1870,-0.0738,0.0299,-0.0923,-0.0923,1.4396,-0.0685,0.8058
12.992,0.0613,-0.1870,-0.0741,0.0550,-0.0923,-0.0923,1.2796,-0.0685,0.8057
12.999,0.0613,-0.1895,-0.0745,0.0550,-0.1698,-0.1698,1.2796,-0.1324,0.8054
13.003,0.0613,-0.1895,-0.0751,0.0550,-0.1698,-0.1698,1.2796,-0.1324,0.8048
13.007,0.0613,-0.1895,-0.0755,0.0550,-0.1698,-0.1698,1.2796,-0.1324,0.8045
13.010,0.0784,-0.1895,-0.0758,0.0398,-0.1698,-0.1698,1.2621,-0.1324,0.8042
13.014,0.0784,-0.2424,-0.0762,0.0398,-0.1230,-0.1230,1.2753,-0.0783,0.8040
13.019,0.0784,-0.2424,-0.0767,0.0398,-0.1230,-0.1230,1.2753,-0.0783,0.8038
13.026,0.0932,-0.2424,-0.0772,0.0247,-0.1230,-0.1230,1.2235,-0.0783,0.8036
13.033,0.0932,-0.2879,-0.0782,0.0247,-0.0763,-0.0763,1.0384,0.0817,0.8040
13.037,0.0932,-0.2879,-0.0792,0.0247,-0.0763,-0.0763,1.0384,0.0817,0.8043
13.041,0.0932,-0.2879,-0.0798,0.0247,-0.0763,-0.0763,1.0384,0.0817,0.8045
13.044,0.0697,-0.2879,-0.0803,-0.0008,-0.0763,-0.0763,1.0742,0.0817,0.8046
13.049,0.0697,-0.2153,-0.0806,-0.0008,0.0025,0.0025,1.0742,-0.0291,0.8046
13.053,0.0697,-0.2153,-0.0811,-0.0008,0.0025,0.0025,1.0783,-0.0291,0.8046
13.057,0.0697,-0.2153,-0.0814,-0.0008,0.0025,0.0025,1.0783,-0.0291,0.8046
13.061,0.0709,-0.2153,-0.0818,-0.0048,0.0025,0.0025,1.1269,-0.0291,0.8046
13.069,0.0709,-0.2190,-0.0822,-0.0048,0.0148,0.0148,1.1269,-0.1792,0.8041
13.073,0.0709,-0.2190,-0.0830,-0.0048,0.0148,0.0148,0.7549,-0.1792,0.8032
13.077,0.0605,-0.2190,-0.0833,0.0008,0.0148,0.0148,0.7251,-0.1792,0.8029
13.081,0.0605,-0.1870,-0.0836,0.0008,-0.0025,-0.0025,0.7251,-0.0869,0.8027
13.084,0.0605,-0.1870,-0.0839,0.0008,-0.0025,-0.0025,0.7251,-0.0869,0.8025
13.088,0.0605,-0.1870,-0.0842,0.0008,-0.0025,-0.0025,0.7251,-0.0869,0.8023
13.092,0.0605,-0.1870,-0.0845,0.0008,-0.0025,-0.0025,0.7251,-0.0869,0.8021
13.096,0.0701,-0.1870,-0.0847,-0.0139,-0.0025,-0.0025,0.6943,-0.0869,0.8019
13.104,0.0701,-0.2166,-0.0851,-0.0139,0.0431,0.0431,0.6943,0.0386,0.8019
13.107,0.0701,-0.2166,-0.0858,-0.0139,0.0431,0.0431,0.6943,0.0386,0.8019
13.111,0.0593,-0.2166,-0.0861,-0.0187,0.0431,0.0431,0.7405,0.0386,0.8019
13.118,0.0593,-0.1833,-0.0864,-0.0187,0.0578,0.0578,0.7533,-0.1041,0.8017
13.126,0.0776,-0.1833,-0.0868,-0.0239,0.0578,0.0578,0.7115,-0.1041,0.8013
13.132,0.0776,-0.2399,-0.0875,-0.0239,0.0738,0.0738,0.7115,0.0251,0.8013
13.138,0.0776,-0.2399,-0.0882,-0.0239,0.0738,0.0738,0.7180,0.0251,0.8013
13.145,0.0924,-0.2399,-0.0888,-0.0147,0.0738,0.0738,0.7084,0.0251,0.8013
13.149,0.0924,-0.2855,-0.0896,-0.0147,0.0455,0.0455,0.7084,0.0546,0.8016
13.153,0.0924,-0.2855,-0.0901,-0.0147,0.0455,0.0455,0.6260,0.0546,0.8017
13.157,0.0924,-0.2855,-0.0906,-0.0147,0.0455,0.0455,0.6260,0.0546,0.8018
13.161,0.0725,-0.2855,-0.0910,-0.0012,0.0455,0.0455,0.6136,0.0546,0.8019
13.165,0.0725,-0.2239,-0.0914,-0.0012,0.0037,0.0037,0.6136,0.0927,0.8022
13.170,0.0725,-0.2239,-0.0917,-0.0012,0.0037,0.0037,0.6136,0.0927,0.8024
13.180,0.0800,-0.2239,-0.0921,-0.0135,0.0037,0.0037,0.5654,0.0927,0.8027
13.186,0.0800,-0.2473,-0.0931,-0.0135,0.0418,0.0418,0.5654,-0.0131,0.8027
13.190,0.0800,-0.2473,-0.0937,-0.0135,0.0418,0.0418,0.5654,-0.0131,0.8027
13.194,0.0717,-0.2473,-0.0940,-0.0020,0.0418,0.0418,0.4885,-0.0131,0.8027
13.198,0.0717,-0.2215,-0.0943,-0.0020,0.0062,0.0062,0.4885,-0.0315,0.8027
13.202,0.0717,-0.2215,-0.0946,-0.0020,0.0062,0.0062,0.4885,-0.0315,0.8027
13.205,0.0717,-0.2215,-0.0949,-0.0020,0.0062,0.0062,0.4885,-0.0315,0.8027
13.209,0.0816,-0.2215,-0.0952,0.0167,0.0062,0.0062,0.4483,-0.0315,0.8027
13.213,0.0816,-0.2522,-0.0955,0.0167,-0.0517,-0.0517,0.3650,0.0927,0.8029
13.218,0.0816,-0.2522,-0.0959,0.0167,-0.0517,-0.0517,0.3650,0.0927,0.8031
13.222,0.0816,-0.2522,-0.0964,0.0167,-0.0517,-0.0517,0.3650,0.0927,0.8034
13.226,0.0792,-0.2522,-0.0967,-0.0032,-0.0517,-0.0517,0.3551,0.0927,0.8035
13.232,0.0792,-0.2449,-0.0970,-0.0032,0.0098,0.0098,0.3551,0.1235,0.8038
13.236,0.0792,-0.2449,-0.0976,-0.0032,0.0098,0.0098,0.3438,0.1235,0.8043
13.240,0.0792,-0.2449,-0.0979,-0.0032,0.0098,0.0098,0.3438,0.1235,0.8045
13.244,0.0709,-0.2449,-0.0983,-0.0271,0.0098,0.0098,0.4310,0.1235,0.8048
13.248,0.0709,-0.2190,-0.0985,-0.0271,0.0837,0.0837,0.4310,-0.1460,0.8045
13.251,0.0709,-0.2190,-0.0988,-0.0271,0.0837,0.0837,0.4310,-0.1460,0.8041
13.255,0.0709,-0.2190,-0.0990,-0.0271,0.0837,0.0837,0.4134,-0.1460,0.8038
13.259,0.0693,-0.2190,-0.0993,-0.0303,0.0837,0.0837,0.3532,-0.1460,0.8036
13.262,0.0693,-0.2141,-0.0995,-0.0303,0.0935,0.0935,0.3532,0.0398,0.8035
13.266,0.0693,-0.2141,-0.0998,-0.0303,0.0935,0.0935,0.3532,0.0398,0.8035
13.270,0.0693,-0.2141,-0.1000,-0.0303,0.0935,0.0935,0.3532,0.0398,0.8035
13.278,0.0769,-0.2141,-0.1003,-0.0386,0.0935,0.0935,0.2626,0.0398,0.8035
13.282,0.0769,-0.2375,-0.1008,-0.0386,0.1193,0.1193,0.2626,0.0275,0.8035
13.286,0.0769,-0.2375,-0.1012,-0.0386,0.1193,0.1193,0.2626,0.0275,0.8035
13.290,0.0769,-0.2375,-0.1015,-0.0386,0.1193,0.1193,0.2626,0.0275,0.8035
13.293,0.0633,-0.2375,-0.1017,-0.0279,0.1193,0.1193,0.2606,0.0275,0.8035
13.297,0.0633,-0.1956,-0.1019,-0.0279,0.0861,0.0861,0.2606,-0.0229,0.8035
13.300,0.0633,-0.1956,-0.1021,-0.0279,0.0861,0.0861,0.2606,-0.0229,0.8035
13.304,0.0633,-0.1956,-0.1023,-0.0279,0.0861,0.0861,0.2606,-0.0229,0.8035
13.307,0.0633,-0.1956,-0.1024,-0.0279,0.0861,0.0861,0.2606,-0.0229,0.8035
13.310,0.0784,-0.1956,-0.1026,-0.0398,0.0861,0.0861,0.2885,-0.0229,0.8035
13.314,0.0784,-0.2424,-0.1028,-0.0398,0.1230,0.1230,0.2662,-0.1091,0.8033
13.318,0.0784,-0.2424,-0.1031,-0.0398,0.1230,0.1230,0.2662,-0.1091,0.8030
13.322,0.0784,-0.2424,-0.1034,-0.0398,0.1230,0.1230,0.2662,-0.1091,0.8028
13.329,0.0689,-0.2424,-0.1037,-0.0354,0.1230,0.1230,0.2614,-0.1091,0.8025
13.334,0.0689,-0.2129,-0.1041,-0.0354,0.1095,0.1095,0.2345,-0.0943,0.8021
13.338,0.0689,-0.2129,-0.1044,-0.0354,0.1095,0.1095,0.2345,-0.0943,0.8019
13.342,0.0689,-0.2129,-0.1046,-0.0354,0.1095,0.1095,0.2345,-0.0943,0.8017
13.346,0.0581,-0.2129,-0.1048,-0.0430,0.1095,0.1095,0.2297,-0.0943,0.8015
13.350,0.0581,-0.1796,-0.1050,-0.0430,0.1329,0.1329,0.2297,-0.0795,0.8013
13.354,0.0581,-0.1796,-0.1051,-0.0430,0.1329,0.1329,0.1987,-0.0795,0.8011
13.357,0.0581,-0.1796,-0.1052,-0.0430,0.1329,0.1329,0.1987,-0.0795,0.8010
13.361,0.0565,-0.1796,-0.1054,-0.0510,0.1329,0.1329,0.2015,-0.0795,0.8008
13.364,0.0565,-0.1747,-0.1055,-0.0510,0.1575,0.1575,0.2015,-0.0881,0.8006
13.368,0.0565,-0.1747,-0.1056,-0.0510,0.1575,0.1575,0.2015,-0.0881,0.8005
13.371,0.0565,-0.1747,-0.1057,-0.0510,0.1575,0.1575,0.2015,-0.0881,0.8003
13.376,0.0721,-0.1747,-0.1058,-0.0255,0.1575,0.1575,0.1474,-0.0881,0.8001
13.385,0.0721,-0.2227,-0.1061,-0.0255,0.0787,0.0787,0.1474,-0.0303,0.8001
13.389,0.0721,-0.2227,-0.1066,-0.0255,0.0787,0.0787,0.1474,-0.0303,0.8002
13.392,0.0538,-0.2227,-0.1069,-0.0466,0.0787,0.0787,0.1151,-0.0303,0.8002
13.397,0.0538,-0.1661,-0.1070,-0.0466,0.1440,0.1440,0.1151,-0.0525,0.8001
13.402,0.0538,-0.1661,-0.1071,-0.0466,0.1440,0.1440,0.1151,-0.0525,0.8000
13.408,0.0538,-0.1661,-0.1072,-0.0466,0.1440,0.1440,0.1151,-0.0525,0.7999
13.415,0.0649,-0.1661,-0.1073,-0.0446,0.1440,0.1440,0.0571,-0.0525,0.7997
13.419,0.0649,-0.2006,-0.1076,-0.0446,0.1378,0.1378,0.0571,-0.0045,0.7997
13.423,0.0649,-0.2006,-0.1078,-0.0446,0.1378,0.1378,0.0571,-0.0045,0.7997
13.427,0.0601,-0.2006,-0.1080,-0.0323,0.1378,0.1378,0.0710,-0.0045,0.7998
13.431,0.0601,-0.1858,-0.1081,-0.0323,0.0997,0.0997,0.0710,-0.0475,0.7998
13.435,0.0601,-0.1858,-0.1083,-0.0323,0.0997,0.0997,0.0258,-0.0475,0.7998
13.440,0.0601,-0.1858,-0.1084,-0.0323,0.0997,0.0997,0.0258,-0.0475,0.7998
13.443,0.0637,-0.1858,-0.1086,-0.0581,0.0997,0.0997,-0.0092,-0.0475,0.7998
13.447,0.0637,-0.1969,-0.1087,-0.0581,0.1796,0.1796,-0.0092,0.0607,0.8000
13.450,0.0637,-0.1969,-0.1089,-0.0581,0.1796,0.1796,-0.0092,0.0607,0.8001
13.454,0.0637,-0.1969,-0.1090,-0.0581,0.1796,0.1796,-0.0567,0.0607,0.8003
13.458,0.0637,-0.1969,-0.1091,-0.0581,0.1796,0.1796,-0.0567,0.0607,0.8004
13.462,0.0733,-0.1969,-0.1093,-0.0737,0.1796,0.1796,-0.0627,0.0607,0.8006
13.466,0.0733,-0.2264,-0.1095,-0.0737,0.2276,0.2276,-0.0627,0.0792,0.8008
13.470,0.0733,-0.2264,-0.1097,-0.0737,0.2276,0.2276,-0.0627,0.0792,0.8009
13.474,0.0733,-0.2264,-0.1099,-0.0737,0.2276,0.2276,-0.1147,0.0792,0.8011
13.485,0.0784,-0.2264,-0.1102,-0.0681,0.2276,0.2276,-0.1027,0.0792,0.8013
13.495,0.0737,-0.2424,-0.1108,-0.0856,0.2104,0.2104,-0.1156,0.0423,0.8013
13.501,0.0737,-0.2276,-0.1114,-0.0856,0.2645,0.2645,-0.1156,-0.0845,0.8009
13.504,0.0737,-0.2276,-0.1117,-0.0856,0.2645,0.2645,-0.1156,-0.0845,0.8006
13.508,0.0737,-0.2276,-0.1119,-0.0856,0.2645,0.2645,-0.1156,-0.0845,0.8004
13.511,0.0553,-0.2276,-0.1121,-0.0800,0.2645,0.2645,-0.0941,-0.0845,0.8003
13.516,0.0553,-0.1710,-0.1122,-0.0800,0.2473,0.2473,-0.1487,-0.1509,0.8000
13.520,0.0553,-0.1710,-0.1122,-0.0800,0.2473,0.2473,-0.1487,-0.1509,0.7996
13.524,0.0553,-0.1710,-0.1123,-0.0800,0.2473,0.2473,-0.1487,-0.1509,0.7993
13.527,0.0721,-0.1710,-0.1124,-0.0561,0.2473,0.2473,-0.2024,-0.1509,0.7989
13.531,0.0721,-0.2227,-0.1126,-0.0561,0.1735,0.1735,-0.2024,0.0152,0.7990
13.535,0.0721,-0.2227,-0.1128,-0.0561,0.1735,0.1735,-0.2458,0.0152,0.7990
13.539,0.0721,-0.2227,-0.1129,-0.0561,0.1735,0.1735,-0.2458,0.0152,0.7990
13.542,0.1007,-0.2227,-0.1131,-0.0649,0.1735,0.1735,-0.2200,0.0152,0.7990
13.545,0.1007,-0.3113,-0.1134,-0.0649,0.2006,0.2006,-0.2200,-0.0648,0.7989
13.549,0.1007,-0.3113,-0.1138,-0.0649,0.2006,0.2006,-0.2200,-0.0648,0.7988
13.552,0.1007,-0.3113,-0.1141,-0.0649,0.2006,0.2006,-0.2623,-0.0648,0.7987
13.556,0.1007,-0.3113,-0.1145,-0.0649,0.2006,0.2006,-0.2623,-0.0648,0.7986
13.560,0.0908,-0.3113,-0.1148,-0.0633,0.2006,0.2006,-0.2954,-0.0648,0.7985
13.563,0.0908,-0.2805,-0.1151,-0.0633,0.1956,0.1956,-0.2954,0.0374,0.7985
13.567,0.0908,-0.2805,-0.1154,-0.0633,0.1956,0.1956,-0.2954,0.0374,0.7985
13.570,0.0908,-0.2805,-0.1156,-0.0633,0.1956,0.1956,-0.2954,0.0374,0.7985
13.573,0.0908,-0.2805,-0.1159,-0.0633,0.1956,0.1956,-0.3381,0.0374,0.7986
13.577,0.0673,-0.2805,-0.1161,-0.0546,0.1956,0.1956,-0.3123,0.0374,0.7986
13.580,0.0673,-0.2079,-0.1163,-0.0546,0.1686,0.1686,-0.3123,-0.0426,0.7986
13.585,0.0673,-0.2079,-0.1164,-0.0546,0.1686,0.1686,-0.3123,-0.0426,0.7986
13.593,0.0749,-0.2079,-0.1166,-0.0884,0.1686,0.1686,-0.3801,-0.0426,0.7987
13.597,0.0749,-0.2313,-0.1169,-0.0884,0.2732,0.2732,-0.3801,0.0337,0.7987
13.601,0.0749,-0.2313,-0.1171,-0.0884,0.2732,0.2732,-0.3801,0.0337,0.7987
13.604,0.0749,-0.2313,-0.1173,-0.0884,0.2732,0.2732,-0.3801,0.0337,0.7988
13.607,0.0749,-0.2313,-0.1174,-0.0884,0.2732,0.2732,-0.3801,0.0337,0.7988
13.610,0.0808,-0.2313,-0.1176,-0.0466,0.2732,0.2732,-0.3872,0.0337,0.7988
13.614,0.0808,-0.2498,-0.1178,-0.0466,0.1440,0.1781,-0.4297,0.0558,0.7989
13.618,0.0808,-0.2498,-0.1180,-0.0466,0.1440,0.1440,-0.4297,0.0558,0.7991
13.622,0.0808,-0.2498,-0.1182,-0.0466,0.1440,0.1440,-0.4297,0.0558,0.7992
13.626,0.0892,-0.2498,-0.1184,-0.0454,0.1440,0.1440,-0.4281,0.0558,0.7994
13.634,0.0892,-0.2756,-0.1187,-0.0454,0.1403,0.1403,-0.4697,0.0509,0.7995
13.639,0.0892,-0.2756,-0.1192,-0.0454,0.1403,0.1403,-0.4697,0.0509,0.7998
13.643,0.0705,-0.2756,-0.1196,-0.0593,0.1403,0.1403,-0.4184,0.0509,0.7999
13.646,0.0705,-0.2178,-0.1197,-0.0593,0.1833,0.1833,-0.4184,-0.1078,0.7998
13.650,0.0705,-0.2178,-0.1199,-0.0593,0.1833,0.1833,-0.4184,-0.1078,0.7995
13.654,0.0705,-0.2178,-0.1200,-0.0593,0.1833,0.1833,-0.4590,-0.1078,0.7993
13.658,0.0705,-0.2178,-0.1201,-0.0593,0.1833,0.1833,-0.4590,-0.1078,0.7991
13.661,0.0673,-0.2178,-0.1202,-0.0406,0.1833,0.1833,-0.5064,-0.1078,0.7989
13.665,0.0673,-0.2079,-0.1203,-0.0406,0.1255,0.1255,-0.5064,0.0386,0.7989
13.668,0.0673,-0.2079,-0.1204,-0.0406,0.1255,0.1255,-0.5064,0.0386,0.7989
13.672,0.0673,-0.2079,-0.1205,-0.0406,0.1255,0.1255,-0.5064,0.0386,0.7989
13.675,0.0673,-0.2079,-0.1206,-0.0406,0.1255,0.1255,-0.5564,0.0386,0.7990
13.679,0.0581,-0.2079,-0.1207,-0.0737,0.1255,0.1255,-0.5070,0.0386,0.7990
13.683,0.0581,-0.1796,-0.1208,-0.0737,0.2276,0.2276,-0.5070,-0.1140,0.7987
13.686,0.0581,-0.1796,-0.1208,-0.0737,0.2276,0.2276,-0.5070,-0.1140,0.7985
13.691,0.0581,-0.1796,-0.1208,-0.0737,0.2276,0.2276,-0.5070,-0.1140,0.7983
13.698,0.0852,-0.1796,-0.1209,-0.0725,0.2276,0.2276,-0.6031,-0.1140,0.7980
13.702,0.0852,-0.2633,-0.1213,-0.0725,0.2239,0.2239,-0.6031,0.0312,0.7981
13.705,0.0852,-0.2633,-0.1215,-0.0725,0.2239,0.2239,-0.6031,0.0312,0.7981
13.708,0.0721,-0.2633,-0.1217,-0.0565,0.2239,0.2239,-0.6074,0.0312,0.7981
13.712,0.0721,-0.2227,-0.1219,-0.0565,0.1747,0.1747,-0.6074,0.0447,0.7982
13.715,0.0721,-0.2227,-0.1219,-0.0565,0.1747,0.1747,-0.6521,0.0447,0.7982
13.719,0.0721,-0.2227,-0.1219,-0.0565,0.1747,0.1747,-0.6521,0.0447,0.7982
13.723,0.0721,-0.2227,-0.1219,-0.0565,0.1747,0.1747,-0.6521,0.0447,0.7982
13.726,0.0776,-0.2227,-0.1219,-0.0569,0.1747,0.1747,-0.6298,0.0447,0.7983
13.730,0.0776,-0.2399,-0.1219,-0.0569,0.1759,0.1759,-0.6298,-0.0242,0.7983
13.733,0.0776,-0.2399,-0.1219,-0.0569,0.1759,0.1759,-0.6669,-0.0242,0.7983
13.737,0.0776,-0.2399,-0.1219,-0.0569,0.1759,0.1759,-0.6669,-0.0242,0.7983
13.740,0.0776,-0.2399,-0.1219,-0.0569,0.1759,0.1759,-0.6669,-0.0242,0.7984
13.744,0.0661,-0.2399,-0.1219,-0.0761,0.1759,0.1759,-0.6187,-0.0242,0.7984
13.747,0.0661,-0.2042,-0.1219,-0.0761,0.2350,0.2350,-0.6187,-0.1730,0.7981
13.751,0.0661,-0.2042,-0.1219,-0.0761,0.2350,0.2350,-0.6187,-0.1730,0.7978
13.754,0.0661,-0.2042,-0.1219,-0.0761,0.2350,0.2350,-0.6520,-0.1730,0.7974
13.758,0.0661,-0.2042,-0.1219,-0.0761,0.2350,0.2350,-0.6520,-0.1730,0.7971
13.761,0.0836,-0.2042,-0.1219,-0.0864,0.2350,0.2350,-0.7069,-0.1730,0.7968
13.765,0.0836,-0.2584,-0.1219,-0.0864,0.2670,0.2670,-0.7069,-0.0032,0.7968
13.768,0.0836,-0.2584,-0.1219,-0.0864,0.2670,0.2670,-0.7069,-0.0032,0.7968
13.772,0.0836,-0.2584,-0.1219,-0.0864,0.2670,0.2670,-0.7069,-0.0032,0.7969
13.775,0.0836,-0.2584,-0.1219,-0.0864,0.2670,0.2670,-0.7371,-0.0032,0.7969
13.779,0.0824,-0.2584,-0.1219,-0.0613,0.2670,0.2670,-0.7430,-0.0032,0.7969
13.787,0.0824,-0.2547,-0.1219,-0.0613,0.1895,0.1895,-0.7430,0.0152,0.7970
13.793,0.0577,-0.2547,-0.1219,-0.0788,0.1895,0.1895,-0.7254,0.0152,0.7970
13.801,0.0577,-0.1784,-0.1219,-0.0788,0.2436,0.2436,-0.7254,-0.1226,0.7967
13.805,0.0577,-0.1784,-0.1219,-0.0788,0.2436,0.2436,-0.7254,-0.1226,0.7962
13.808,0.0577,-0.1784,-0.1219,-0.0788,0.2436,0.2436,-0.7254,-0.1226,0.7960
13.811,0.0534,-0.1784,-0.1219,-0.0737,0.2436,0.2436,-0.7382,-0.1226,0.7958
13.815,0.0534,-0.1649,-0.1219,-0.0737,0.2276,0.2276,-0.7617,-0.0832,0.7956
13.819,0.0534,-0.1649,-0.1219,-0.0737,0.2276,0.2276,-0.7617,-0.0832,0.7955
13.823,0.0534,-0.1649,-0.1219,-0.0737,0.2276,0.2276,-0.7617,-0.0832,0.7953
13.826,0.0776,-0.1649,-0.1219,-0.0737,0.2276,0.2276,-0.8127,-0.0832,0.7952
13.829,0.0776,-0.2399,-0.1219,-0.0737,0.2276,0.2276,-0.8127,0.0743,0.7954
13.833,0.0776,-0.2399,-0.1219,-0.0737,0.2276,0.2276,-0.8325,0.0743,0.7956
13.837,0.0776,-0.2399,-0.1219,-0.0737,0.2276,0.2276,-0.8325,0.0743,0.7958
13.841,0.0776,-0.2399,-0.1219,-0.0737,0.2276,0.2276,-0.8325,0.0743,0.7960
13.844,0.0657,-0.2399,-0.1219,-0.0609,0.2276,0.2276,-0.7719,0.0743,0.7962
13.848,0.0657,-0.2030,-0.1219,-0.0609,0.1883,0.1883,-0.7719,-0.1128,0.7960
13.851,0.0657,-0.2030,-0.1219,-0.0609,0.1883,0.1883,-0.7719,-0.1128,0.7958
13.855,0.0657,-0.2030,-0.1219,-0.0609,0.1883,0.1883,-0.7910,-0.1128,0.7956
13.858,0.0689,-0.2030,-0.1219,-0.0581,0.1883,0.1883,-0.8348,-0.1128,0.7954
13.862,0.0689,-0.2129,-0.1219,-0.0581,0.1796,0.1796,-0.8348,0.0226,0.7955
13.866,0.0689,-0.2129,-0.1219,-0.0581,0.1796,0.1796,-0.8348,0.0226,0.7955
13.869,0.0689,-0.2129,-0.1219,-0.0581,0.1796,0.1796,-0.8348,0.0226,0.7956
13.873,0.0689,-0.2129,-0.1219,-0.0581,0.1796,0.1796,-0.8502,0.0226,0.7956
13.876,0.0597,-0.2129,-0.1219,-0.0832,0.1796,0.1796,-0.8542,0.0226,0.7956
13.881,0.0597,-0.1846,-0.1219,-0.0832,0.2572,0.2572,-0.8542,0.0349,0.7957
13.885,0.0597,-0.1846,-0.1219,-0.0832,0.2572,0.2572,-0.8542,0.0349,0.7957
13.889,0.0597,-0.1846,-0.1219,-0.0832,0.2572,0.2572,-0.8542,0.0349,0.7958
13.892,0.0649,-0.1846,-0.1219,-0.0665,0.2572,0.2572,-0.7964,0.0349,0.7958
13.896,0.0649,-0.2006,-0.1219,-0.0665,0.2055,0.2055,-0.8076,-0.1435,0.7956
13.901,0.0649,-0.2006,-0.1219,-0.0665,0.2055,0.2055,-0.8076,-0.1435,0.7953
13.905,0.0649,-0.2006,-0.1219,-0.0665,0.2055,0.2055,-0.8076,-0.1435,0.7950
13.912,0.0466,-0.2006,-0.1219,-0.0526,0.2055,0.2055,-0.8915,-0.1435,0.7947
13.917,0.0466,-0.1440,-0.1219,-0.0526,0.1624,0.1624,-0.8915,0.0866,0.7951
13.920,0.0466,-0.1440,-0.1219,-0.0526,0.1624,0.1624,-0.8915,0.0866,0.7954
13.924,0.0466,-0.1440,-0.1219,-0.0526,0.1624,0.1624,-0.8915,0.0866,0.7956
13.927,0.0729,-0.1440,-0.1219,-0.0733,0.1624,0.1624,-0.8723,0.0866,0.7958
13.931,0.0729,-0.2252,-0.1219,-0.0733,0.2264,0.2264,-0.8723,0.0275,0.7959
13.945,0.0741,-0.2252,-0.1219,-0.0593,0.2264,0.2264,-0.8643,0.0275,0.7959
13.956,0.0741,-0.2289,-0.1219,-0.0593,0.1833,0.1833,-0.8648,-0.0131,0.7960
13.961,0.0414,-0.2289,-0.1219,-0.0458,0.1833,0.1833,-0.8314,-0.0131,0.7962
13.966,0.0414,-0.1280,-0.1219,-0.0458,0.1415,0.1415,-0.8314,-0.1164,0.7959
13.970,0.0414,-0.1280,-0.1219,-0.0458,0.1415,0.1415,-0.8314,-0.1164,0.7956
13.974,0.0414,-0.1280,-0.1219,-0.0458,0.1415,0.1415,-0.8273,-0.1164,0.7954
13.978,0.0828,-0.1280,-0.1219,-0.0625,0.1415,0.1415,-0.8348,-0.1164,0.7951
13.982,0.0828,-0.2559,-0.1219,-0.0625,0.1932,0.1932,-0.8348,-0.0931,0.7950
13.985,0.0828,-0.2559,-0.1219,-0.0625,0.1932,0.1932,-0.8348,-0.0931,0.7948
13.989,0.0828,-0.2559,-0.1219,-0.0625,0.1932,0.1932,-0.8348,-0.0931,0.7947
13.992,0.0685,-0.2559,-0.1219,-0.0526,0.1932,0.1932,-0.8699,-0.0931,0.7945
13.996,0.0685,-0.2116,-0.1219,-0.0526,0.1624,0.1624,-0.8613,0.0152,0.7946
14.000,0.0685,-0.2116,-0.1219,-0.0526,0.1624,0.1624,-0.8613,0.0152,0.7946
14.003,0.0685,-0.2116,-0.1219,-0.0526,0.1624,0.1624,-0.8613,0.0152,0.7947
14.008,0.0685,-0.2116,-0.1219,-0.0526,0.1624,0.1624,-0.8613,0.0152,0.7947
14.015,0.0350,-0.2116,-0.1219,-0.0701,0.1624,0.1624,-0.7705,0.0152,0.7948
14.019,0.0350,-0.1083,-0.1219,-0.0701,0.2166,0.2166,-0.7705,-0.2247,0.7939
14.023,0.0350,-0.1083,-0.1219,-0.0701,0.2166,0.2166,-0.7705,-0.2247,0.7934
14.026,0.0844,-0.1083,-0.1219,-0.0613,0.2166,0.2166,-0.7893,-0.2247,0.7930
14.030,0.0844,-0.2608,-0.1219,-0.0613,0.1895,0.1895,-0.7893,-0.1669,0.7927
14.033,0.0844,-0.2608,-0.1219,-0.0613,0.1895,0.1895,-0.7718,-0.1669,0.7925
14.037,0.0844,-0.2608,-0.1219,-0.0613,0.1895,0.1895,-0.7718,-0.1669,0.7922
14.040,0.0844,-0.2608,-0.1219,-0.0613,0.1895,0.1895,-0.7718,-0.1669,0.7919
14.044,0.0701,-0.2608,-0.1219,-0.0223,0.1895,0.1895,-0.8136,-0.1669,0.7916
14.047,0.0701,-0.2166,-0.1219,-0.0223,0.0689,0.0930,-0.8136,-0.0377,0.7917
14.051,0.0701,-0.2166,-0.1219,-0.0223,0.0689,0.0689,-0.8136,-0.0377,0.7917
14.054,0.0701,-0.2166,-0.1219,-0.0223,0.0689,0.0689,-0.7923,-0.0377,0.7918
14.058,0.0701,-0.2166,-0.1219,-0.0223,0.0689,0.0689,-0.7923,-0.0377,0.7918
14.061,0.0657,-0.2166,-0.1219,-0.0518,0.0689,0.0689,-0.8058,-0.0377,0.7919
14.065,0.0657,-0.2030,-0.1219,-0.0518,0.1600,0.1600,-0.8058,0.0041,0.7920
14.068,0.0657,-0.2030,-0.1219,-0.0518,0.1600,0.1600,-0.8058,0.0041,0.7920
14.071,0.0657,-0.2030,-0.1219,-0.0518,0.1600,0.1600,-0.8058,0.0041,0.7921
14.074,0.0657,-0.2030,-0.1219,-0.0518,0.1600,0.1600,-0.7808,0.0041,0.7921
14.078,0.0617,-0.2030,-0.1219,-0.0342,0.1600,0.1600,-0.7414,0.0041,0.7922
14.082,0.0617,-0.1907,-0.1219,-0.0342,0.1058,0.1058,-0.7414,-0.1177,0.7920
14.090,0.0617,-0.1907,-0.1219,-0.0342,0.1058,0.1058,-0.7414,-0.1177,0.7918
14.095,0.0844,-0.1907,-0.1219,-0.0303,0.1058,0.1058,-0.7516,-0.1177,0.7914
14.099,0.0844,-0.2608,-0.1219,-0.0303,0.0935,0.0935,-0.7516,-0.0315,0.7915
14.103,0.0844,-0.2608,-0.1219,-0.0303,0.0935,0.0935,-0.7516,-0.0315,0.7916
14.107,0.0844,-0.2608,-0.1219,-0.0303,0.0935,0.0935,-0.7516,-0.0315,0.7916
14.110,0.0864,-0.2608,-0.1219,-0.0211,0.0935,0.0935,-0.7659,-0.0315,0.7917
14.115,0.0864,-0.2670,-0.1219,-0.0211,0.0652,0.0652,-0.7452,0.0127,0.7918
14.121,0.0864,-0.2670,-0.1219,-0.0211,0.0652,0.0652,-0.7452,0.0127,0.7918
14.129,0.0709,-0.2670,-0.1219,-0.0486,0.0652,0.0652,-0.7050,0.0127,0.7919
14.134,0.0709,-0.2190,-0.1219,-0.0486,0.1501,0.1501,-0.6799,-0.1115,0.7916
14.138,0.0709,-0.2190,-0.1219,-0.0486,0.1501,0.1501,-0.6799,-0.1115,0.7913
14.142,0.0892,-0.2190,-0.1219,-0.0311,0.1501,0.1501,-0.7448,-0.1115,0.7911
14.147,0.0892,-0.2756,-0.1219,-0.0311,0.0960,0.0960,-0.7448,0.0890,0.7914
14.151,0.0892,-0.2756,-0.1219,-0.0311,0.0960,0.0960,-0.7448,0.0890,0.7917
14.156,0.0892,-0.2756,-0.1219,-0.0311,0.0960,0.0960,-0.7156,0.0890,0.7921
14.160,0.0494,-0.2756,-0.1219,-0.0295,0.0960,0.0960,-0.6479,0.0890,0.7923
14.164,0.0494,-0.1526,-0.1219,-0.0295,0.0911,0.0911,-0.6479,-0.1201,0.7921
14.168,0.0494,-0.1526,-0.1219,-0.0295,0.0911,0.0911,-0.6479,-0.1201,0.7919
14.172,0.0494,-0.1526,-0.1219,-0.0295,0.0911,0.0911,-0.6479,-0.1201,0.7917
14.176,0.0609,-0.1526,-0.1219,-0.0398,0.0911,0.0911,-0.6217,-0.1201,0.7915
14.182,0.0609,-0.1883,-0.1219,-0.0398,0.1230,0.1230,-0.6217,-0.0992,0.7913
14.186,0.0609,-0.1883,-0.1219,-0.0398,0.1230,0.1230,-0.6217,-0.0992,0.7911
14.190,0.0609,-0.1883,-0.1219,-0.0398,0.1230,0.1230,-0.6217,-0.0992,0.7909
14.193,0.0474,-0.1883,-0.1219,-0.0259,0.1230,0.1230,-0.6010,-0.0992,0.7908
14.198,0.0474,-0.1464,-0.1219,-0.0259,0.0800,0.0800,-0.6010,-0.0488,0.7909
14.202,0.0474,-0.1464,-0.1219,-0.0259,0.0800,0.0800,-0.6010,-0.0488,0.7909
14.206,0.0474,-0.1464,-0.1219,-0.0259,0.0800,0.0800,-0.6010,-0.0488,0.7910
14.210,0.0729,-0.1464,-0.1219,-0.0307,0.0800,0.0800,-0.5485,-0.0488,0.7911
14.214,0.0729,-0.2252,-0.1219,-0.0307,0.0947,0.0947,-0.4929,-0.2112,0.7907
14.218,0.0729,-0.2252,-0.1219,-0.0307,0.0947,0.0947,-0.4929,-0.2112,0.7903
14.224,0.0729,-0.2252,-0.1219,-0.0307,0.0947,0.0947,-0.4929,-0.2112,0.7898
14.232,0.0725,-0.2252,-0.1219,-0.0295,0.0947,0.0947,-0.5116,-0.2112,0.7893
14.236,0.0725,-0.2239,-0.1219,-0.0295,0.0911,0.0911,-0.4329,-0.1534,0.7887
14.245,0.0442,-0.2239,-0.1219,-0.0557,0.0911,0.0911,-0.4218,-0.1534,0.7885
14.251,0.0442,-0.1366,-0.1219,-0.0557,0.1723,0.1723,-0.4218,-0.1878,0.7877
14.255,0.0442,-0.1366,-0.1219,-0.0557,0.1723,0.1723,-0.3376,-0.1878,0.7872
14.260,0.0673,-0.1366,-0.1219,-0.0494,0.1723,0.1723,-0.3707,-0.1878,0.7868
14.264,0.0673,-0.2079,-0.1219,-0.0494,0.1526,0.1526,-0.3707,-0.0857,0.7867
14.268,0.0673,-0.2079,-0.1219,-0.0494,0.1526,0.1526,-0.3707,-0.0857,0.7866
14.272,0.0673,-0.2079,-0.1219,-0.0494,0.1526,0.1526,-0.3707,-0.0857,0.7865
14.276,0.0713,-0.2079,-0.1219,-0.0478,0.1526,0.1526,-0.2986,-0.0857,0.7864
14.281,0.0713,-0.2202,-0.1219,-0.0478,0.1476,0.1476,-0.2986,-0.0463,0.7865
14.285,0.0713,-0.2202,-0.1219,-0.0478,0.1476,0.1476,-0.2986,-0.0463,0.7866
14.289,0.0713,-0.2202,-0.1219,-0.0478,0.1476,0.1476,-0.2986,-0.0463,0.7867
14.293,0.0617,-0.2202,-0.1219,-0.0693,0.1476,0.1476,-0.1959,-0.0463,0.7868
14.298,0.0617,-0.1907,-0.1219,-0.0693,0.2141,0.2141,-0.1959,-0.1103,0.7867
14.302,0.0617,-0.1907,-0.1219,-0.0693,0.2141,0.2141,-0.1959,-0.1103,0.7865
14.306,0.0617,-0.1907,-0.1219,-0.0693,0.2141,0.2141,-0.1959,-0.1103,0.7864
14.309,0.0792,-0.1907,-0.1219,-0.0398,0.2141,0.2141,-0.2421,-0.1103,0.7862
14.313,0.0792,-0.2449,-0.1219,-0.0398,0.1230,0.1230,-0.1605,0.0324,0.7863
14.318,0.0792,-0.2449,-0.1219,-0.0398,0.1230,0.1230,-0.1605,0.0324,0.7864
14.322,0.0792,-0.2449,-0.1219,-0.0398,0.1230,0.1230,-0.1605,0.0324,0.7865
14.327,0.0884,-0.2449,-0.1219,-0.0804,0.1230,0.1230,-0.1295,0.0324,0.7866
14.335,0.0884,-0.2732,-0.1219,-0.0804,0.2485,0.2485,-0.0478,-0.0635,0.7866
14.339,0.0884,-0.2732,-0.1219,-0.0804,0.2485,0.2485,-0.0478,-0.0635,0.7865
14.343,0.0800,-0.2732,-0.1219,-0.0418,0.2485,0.2485,-0.0299,-0.0635,0.7864
14.348,0.0800,-0.2473,-0.1219,-0.0418,0.1292,0.1320,-0.0299,-0.1189,0.7862
14.352,0.0800,-0.2473,-0.1219,-0.0418,0.1292,0.1292,-0.0299,-0.1189,0.7861
14.356,0.0800,-0.2473,-0.1219,-0.0418,0.1292,0.1292,0.0511,-0.1189,0.7859
14.360,0.0342,-0.2473,-0.1219,-0.0506,0.1292,0.1292,-0.0365,-0.1189,0.7857
14.365,0.0342,-0.1058,-0.1219,-0.0506,0.1563,0.1563,-0.0365,0.1518,0.7862
14.369,0.0342,-0.1058,-0.1219,-0.0506,0.1563,0.1563,-0.0365,0.1518,0.7868
14.372,0.0342,-0.1058,-0.1219,-0.0506,0.1563,0.1563,0.0442,0.1518,0.7872
14.377,0.0916,-0.1058,-0.1219,-0.0697,0.1563,0.1563,0.1024,0.1518,0.7876
14.381,0.0916,-0.2830,-0.1219,-0.0697,0.2153,0.2153,0.1024,-0.0279,0.7877
14.385,0.0916,-0.2830,-0.1219,-0.0697,0.2153,0.2153,0.1024,-0.0279,0.7878
14.389,0.0916,-0.2830,-0.1219,-0.0697,0.2153,0.2153,0.1024,-0.0279,0.7879
14.398,0.0784,-0.2830,-0.1219,-0.0565,0.2153,0.2153,0.1611,-0.0279,0.7880
14.404,0.0784,-0.2424,-0.1219,-0.0565,0.1747,0.1747,0.1611,0.0349,0.7882
14.408,0.0784,-0.2424,-0.1219,-0.0565,0.1747,0.1747,0.1611,0.0349,0.7883
14.412,0.0852,-0.2424,-0.1219,-0.0434,0.1747,0.1747,0.1870,0.0349,0.7884
14.416,0.0852,-0.2633,-0.1219,-0.0434,0.1341,0.1341,0.2638,-0.0451,0.7885
14.421,0.0852,-0.2633,-0.1219,-0.0434,0.1341,0.1341,0.2638,-0.0451,0.7886
14.425,0.0852,-0.2633,-0.1219,-0.0434,0.1341,0.1341,0.2638,-0.0451,0.7887
14.430,0.0565,-0.2633,-0.1219,-0.0303,0.1341,0.1341,0.2327,-0.0451,0.7888
14.439,0.0565,-0.1747,-0.1219,-0.0303,0.0935,0.0935,0.3068,0.0509,0.7891
14.443,0.0398,-0.1747,-0.1219,-0.0534,0.0935,0.0935,0.3176,0.0509,0.7895
14.448,0.0398,-0.1230,-0.1219,-0.0534,0.1649,0.1649,0.3176,0.0177,0.7896
14.451,0.0398,-0.1230,-0.1219,-0.0534,0.1649,0.1649,0.3176,0.0177,0.7897
14.455,0.0398,-0.1230,-0.1219,-0.0534,0.1649,0.1649,0.3885,0.0177,0.7898
14.459,0.0685,-0.1230,-0.1219,-0.0641,0.1649,0.1649,0.4558,0.0177,0.7898
14.462,0.0685,-0.2116,-0.1219,-0.0641,0.1981,0.1981,0.4558,-0.1903,0.7895
14.466,0.0685,-0.2116,-0.1219,-0.0641,0.1981,0.1981,0.4558,-0.1903,0.7892
14.469,0.0685,-0.2116,-0.1219,-0.0641,0.1981,0.1981,0.4558,-0.1903,0.7889
14.473,0.0685,-0.2116,-0.1219,-0.0641,0.1981,0.1981,0.5229,-0.1903,0.7886
14.476,0.0323,-0.2116,-0.1219,-0.0601,0.1981,0.1981,0.4899,-0.1903,0.7882
14.480,0.0323,-0.0997,-0.1219,-0.0601,0.1858,0.1858,0.4899,-0.0881,0.7881
14.484,0.0323,-0.0997,-0.1219,-0.0601,0.1858,0.1858,0.4899,-0.0881,0.7880
14.487,0.0323,-0.0997,-0.1219,-0.0601,0.1858,0.1858,0.4899,-0.0881,0.7879
14.490,0.0323,-0.0997,-0.1219,-0.0601,0.1858,0.1858,0.4899,-0.0881,0.7878
14.493,0.0573,-0.0997,-0.1219,-0.0534,0.1858,0.1858,0.5029,-0.0881,0.7877
14.498,0.0573,-0.1772,-0.1219,-0.0534,0.1649,0.1649,0.5029,0.0669,0.7879
14.501,0.0573,-0.1772,-0.1219,-0.0534,0.1649,0.1649,0.5029,0.0669,0.7882
14.504,0.0573,-0.1772,-0.1219,-0.0534,0.1649,0.1649,0.5029,0.0669,0.7884
14.507,0.0573,-0.1772,-0.1219,-0.0534,0.1649,0.1649,0.5029,0.0669,0.7886
14.511,0.0311,-0.1772,-0.1219,-0.0462,0.1649,0.1649,0.5435,0.0669,0.7888
14.514,0.0311,-0.0960,-0.1219,-0.0462,0.1427,0.1427,0.6026,-0.0586,0.7888
14.518,0.0311,-0.0960,-0.1219,-0.0462,0.1427,0.1427,0.6026,-0.0586,0.7887
14.522,0.0311,-0.0960,-0.1219,-0.0462,0.1427,0.1427,0.6026,-0.0586,0.7887
14.525,0.0697,-0.0960,-0.1219,-0.0370,0.1427,0.1427,0.5473,-0.0586,0.7886
14.528,0.0697,-0.2153,-0.1219,-0.0370,0.1144,0.1144,0.5473,0.1124,0.7889
14.533,0.0697,-0.2153,-0.1219,-0.0370,0.1144,0.1144,0.6022,0.1124,0.7892
14.541,0.0697,-0.2153,-0.1219,-0.0370,0.1144,0.1144,0.6022,0.1124,0.7896
14.549,0.0494,-0.2153,-0.1219,-0.0498,0.1144,0.1144,0.5664,0.1124,0.7903
14.554,0.0494,-0.1526,-0.1219,-0.0498,0.1538,0.1538,0.6168,0.2231,0.7915
14.558,0.0494,-0.1526,-0.1219,-0.0498,0.1538,0.1538,0.6168,0.2231,0.7922
14.561,0.0466,-0.1526,-0.1219,-0.0800,0.1538,0.1538,0.6618,0.2231,0.7928
14.565,0.0466,-0.1440,-0.1219,-0.0800,0.2473,0.2473,0.6618,0.0841,0.7930
14.568,0.0466,-0.1440,-0.1219,-0.0800,0.2473,0.2473,0.6618,0.0841,0.7932
14.571,0.0466,-0.1440,-0.1219,-0.0800,0.2473,0.2473,0.6618,0.0841,0.7934
14.575,0.0466,-0.1440,-0.1219,-0.0800,0.2473,0.2473,0.7071,0.0841,0.7936
14.578,0.0625,-0.1440,-0.1219,-0.0980,0.2473,0.2473,0.7254,0.0841,0.7938
14.583,0.0625,-0.1932,-0.1219,-0.0980,0.3027,0.3027,0.7254,0.0275,0.7939
14.586,0.0625,-0.1932,-0.1219,-0.0980,0.3027,0.3027,0.7254,0.0275,0.7939
14.589,0.0625,-0.1932,-0.1219,-0.0980,0.3027,0.3027,0.7254,0.0275,0.7940
14.592,0.0486,-0.1932,-0.1219,-0.0454,0.3027,0.3027,0.8112,0.0275,0.7940
14.597,0.0486,-0.1501,-0.1219,-0.0454,0.1403,0.2058,0.8112,0.1223,0.7943
14.600,0.0486,-0.1501,-0.1219,-0.0454,0.1403,0.1403,0.8112,0.1223,0.7947
14.604,0.0486,-0.1501,-0.1219,-0.0454,0.1403,0.1403,0.8112,0.1223,0.7950
14.607,0.0486,-0.1501,-0.1219,-0.0454,0.1403,0.1403,0.8112,0.1223,0.7953
14.611,0.0546,-0.1501,-0.1219,-0.0561,0.1403,0.1403,0.7419,0.1223,0.7955
14.614,0.0546,-0.1686,-0.1219,-0.0561,0.1735,0.1735,0.8713,0.3363,0.7962
14.618,0.0546,-0.1686,-0.1219,-0.0561,0.1735,0.1735,0.8713,0.3363,0.7970
14.621,0.0546,-0.1686,-0.1219,-0.0561,0.1735,0.1735,0.8713,0.3363,0.7978
14.625,0.0546,-0.1686,-0.1219,-0.0561,0.1735,0.1735,0.8713,0.3363,0.7984
14.628,0.0498,-0.1686,-0.1219,-0.0490,0.1735,0.1735,0.9139,0.3363,0.7991
14.632,0.0498,-0.1538,-0.1219,-0.0490,0.1513,0.1513,0.9139,0.2047,0.7995
14.635,0.0498,-0.1538,-0.1219,-0.0490,0.1513,0.1513,1.0301,0.2047,0.7999
14.639,0.0498,-0.1538,-0.1219,-0.0490,0.1513,0.1513,1.0301,0.2047,0.8003
14.643,-0.0199,-0.1538,-0.1219,-0.0498,0.1513,0.1513,1.0882,0.2047,0.8008
14.651,-0.0199,0.0615,-0.1219,-0.0498,0.1538,0.1538,1.0882,0.0251,0.8008
14.656,-0.0199,0.0615,-0.1219,-0.0498,0.1538,0.1538,1.1904,0.0251,0.8008
14.660,0.0287,0.0615,-0.1219,-0.0629,0.1538,0.1538,1.1505,0.0251,0.8008
14.663,0.0287,-0.0886,-0.1219,-0.0629,0.1944,0.1944,1.1505,0.1481,0.8012
14.667,0.0287,-0.0886,-0.1219,-0.0629,0.1944,0.1944,1.1505,0.1481,0.8015
14.670,0.0287,-0.0886,-0.1219,-0.0629,0.1944,0.1944,1.1505,0.1481,0.8018
14.673,0.0287,-0.0886,-0.1219,-0.0629,0.1944,0.1944,1.2385,0.1481,0.8021
14.677,0.0510,-0.0886,-0.1219,-0.0227,0.1944,0.1944,1.3002,0.1481,0.8024
14.681,0.0510,-0.1575,-0.1219,-0.0227,0.0701,0.0767,1.3002,-0.0426,0.8024
14.684,0.0510,-0.1575,-0.1219,-0.0227,0.0701,0.0701,1.3002,-0.0426,0.8024
14.688,0.0510,-0.1575,-0.1219,-0.0227,0.0701,0.0701,1.3002,-0.0426,0.8024
14.691,0.0510,-0.1575,-0.1219,-0.0227,0.0701,0.0701,1.3002,-0.0426,0.8024
14.700,0.0482,-0.1575,-0.1219,-0.0613,0.0701,0.0701,1.3575,-0.0426,0.8024
14.706,0.0482,-0.1489,-0.1219,-0.0613,0.1895,0.1895,1.3575,0.0078,0.8024
14.709,0.0601,-0.1489,-0.1219,-0.0916,0.1895,0.1895,1.3057,0.0078,0.8024
14.714,0.0601,-0.1858,-0.1219,-0.0916,0.2830,0.2830,1.3654,0.1678,0.8028
14.718,0.0601,-0.1858,-0.1219,-0.0916,0.2830,0.2830,1.3654,0.1678,0.8032
14.722,0.0601,-0.1858,-0.1219,-0.0916,0.2830,0.2830,1.3654,0.1678,0.8036
14.726,0.0753,-0.1858,-0.1219,-0.0546,0.2830,0.2830,1.4072,0.1678,0.8040
14.729,0.0753,-0.2325,-0.1219,-0.0546,0.1686,0.1703,1.4072,0.0386,0.8040
14.733,0.0753,-0.2325,-0.1219,-0.0546,0.1686,0.1686,1.4530,0.0386,0.8040
14.737,0.0753,-0.2325,-0.1219,-0.0546,0.1686,0.1686,1.4530,0.0386,0.8040
14.741,0.0753,-0.2325,-0.1219,-0.0546,0.1686,0.1686,1.4530,0.0386,0.8039
14.746,0.0932,-0.2325,-0.1219,-0.0546,0.1686,0.1686,1.4530,0.0386,0.8039
14.753,0.0932,-0.2879,-0.1219,-0.0546,0.1686,0.1686,1.2914,0.0386,0.8039
14.757,0.0932,-0.2879,-0.1219,-0.0546,0.1686,0.1686,1.2914,0.0386,0.8039
14.760,0.0705,-0.2879,-0.1219,-0.0757,0.1686,0.1686,1.2977,0.0386,0.8039
14.764,0.0705,-0.2178,-0.1219,-0.0757,0.2338,0.2338,1.2977,0.0189,0.8039
14.767,0.0705,-0.2178,-0.1219,-0.0757,0.2338,0.2338,1.2977,0.0189,0.8039
14.771,0.0705,-0.2178,-0.1219,-0.0757,0.2338,0.2338,1.2977,0.0189,0.8039
14.774,0.0705,-0.2178,-0.1219,-0.0757,0.2338,0.2338,1.1362,0.0189,0.8039
14.778,0.0589,-0.2178,-0.1219,-0.1043,0.2338,0.2338,1.0892,0.0189,0.8039
14.781,0.0589,-0.1821,-0.1219,-0.1043,0.3224,0.3224,1.0892,0.1641,0.8042
14.785,0.0589,-0.1821,-0.1219,-0.1043,0.3224,0.3224,1.0892,0.1641,0.8046
14.789,0.0589,-0.1821,-0.1219,-0.1043,0.3224,0.3224,1.0892,0.1641,0.8049
14.792,0.0478,-0.1821,-0.1219,-0.1501,0.3224,0.3224,1.2115,0.1641,0.8052
14.795,0.0478,-0.1476,-0.1219,-0.1501,0.4639,0.4203,1.2430,-0.2136,0.8048
14.800,0.0478,-0.1476,-0.1219,-0.1501,0.4639,0.4639,1.2430,-0.2136,0.8044
14.803,0.0478,-0.1476,-0.1219,-0.1501,0.4639,0.4639,1.2430,-0.2136,0.8038
14.807,0.0478,-0.1476,-0.1219,-0.1501,0.4639,0.4639,1.2430,-0.2136,0.8034
14.810,-0.0271,-0.1476,-0.1219,-0.0155,0.4639,0.4639,0.9978,-0.2136,0.8030
14.814,-0.0271,0.0837,-0.1219,-0.0155,0.0480,0.3684,0.8223,0.5443,0.8040
14.818,-0.0271,0.0837,-0.1219,-0.0155,0.0480,0.2585,0.8223,0.5443,0.8051
14.821,-0.0271,0.0837,-0.1219,-0.0155,0.0480,0.1348,0.8223,0.5443,0.8064
14.824,-0.0271,0.0837,-0.1219,-0.0155,0.0480,0.0480,0.8223,0.5443,0.8075
14.828,0.0836,0.0837,-0.1219,-0.0808,0.0480,0.0480,0.9438,0.5443,0.8085
14.831,0.0836,-0.2584,-0.1219,-0.0808,0.2498,0.1445,0.9438,0.1690,0.8087
14.835,0.0836,-0.2584,-0.1219,-0.0808,0.2498,0.2498,0.9645,0.1690,0.8091
14.839,0.0836,-0.2584,-0.1219,-0.0808,0.2498,0.2498,0.9645,0.1690,0.8094
14.842,0.0924,-0.2584,-0.1219,-0.1398,0.2498,0.2498,1.1281,0.1690,0.8097
14.852,0.0813,-0.2855,-0.1219,-0.1398,0.4319,0.3494,0.8621,-0.3367,0.8090
14.863,-0.0461,-0.2855,-0.1219,-0.0307,0.4319,0.4319,0.8298,-0.3367,0.8069
14.868,-0.0461,0.1083,-0.1219,-0.0307,0.0947,0.1258,0.8298,-0.2370,0.8055
14.871,-0.0461,0.1083,-0.1219,-0.0307,0.0947,0.0947,0.8298,-0.2370,0.8048
14.875,-0.0350,0.1083,-0.1219,-0.0307,0.0947,0.0947,0.8480,-0.2370,0.8042
14.879,0.0896,0.1083,-0.1219,-0.0593,0.0947,0.0947,0.7632,-0.2370,0.8038
14.883,0.0896,-0.2768,-0.1219,-0.0593,0.1833,0.1833,0.7632,0.0251,0.8038
14.886,0.0896,-0.2768,-0.1219,-0.0593,0.1833,0.1833,0.7632,0.0251,0.8038
14.890,0.0896,-0.2768,-0.1219,-0.0593,0.1833,0.1833,0.7632,0.0251,0.8038
14.893,0.0645,-0.2768,-0.1219,-0.0235,0.1833,0.1833,0.5826,0.0251,0.8038
14.898,0.0645,-0.1993,-0.1219,-0.0235,0.0726,0.0812,0.5826,0.1099,0.8040
14.902,0.0645,-0.1993,-0.1219,-0.0235,0.0726,0.0726,0.5826,0.1099,0.8043
14.905,0.0645,-0.1993,-0.1219,-0.0235,0.0726,0.0726,0.5826,0.1099,0.8045
14.908,0.0645,-0.1993,-0.1219,-0.0235,0.0726,0.0726,0.5826,0.1099,0.8047
14.912,0.0024,-0.1993,-0.1219,-0.0510,0.0726,0.0726,0.6447,0.1099,0.8049
14.918,0.0024,-0.0074,-0.1219,-0.0510,0.1575,0.1575,0.5796,-0.0820,0.8047
14.923,0.0024,-0.0074,-0.1219,-0.0510,0.1575,0.1575,0.5796,-0.0820,0.8044
14.927,0.0717,-0.0074,-0.1219,-0.0876,0.1575,0.1575,0.6111,-0.0820,0.8041
14.931,0.0717,-0.2215,-0.1219,-0.0876,0.2707,0.2685,0.6111,-0.1792,0.8037
14.934,0.0717,-0.2215,-0.1219,-0.0876,0.2707,0.2707,0.5455,-0.1792,0.8034
14.938,0.0717,-0.2215,-0.1219,-0.0876,0.2707,0.2707,0.5455,-0.1792,0.8030
14.941,0.0717,-0.2215,-0.1219,-0.0876,0.2707,0.2707,0.5455,-0.1792,0.8026
14.945,0.0593,-0.2215,-0.1219,-0.0916,0.2707,0.2707,0.5618,-0.1792,0.8022
14.949,0.0593,-0.1833,-0.1219,-0.0916,0.2830,0.2830,0.5618,-0.2296,0.8018
14.952,0.0593,-0.1833,-0.1219,-0.0916,0.2830,0.2830,0.5618,-0.2296,0.8013
14.957,0.0593,-0.1833,-0.1219,-0.0916,0.2830,0.2830,0.4953,-0.2296,0.8009
14.965,0.0940,-0.1833,-0.1219,-0.0195,0.2830,0.2830,0.4435,-0.2296,0.8003
14.968,0.0940,-0.2904,-0.1219,-0.0195,0.0603,0.0603,0.4435,-0.0697,0.8000
14.972,0.0940,-0.2904,-0.1219,-0.0195,0.0603,0.0603,0.4435,-0.0697,0.7998
14.975,0.0940,-0.2904,-0.1219,-0.0195,0.0603,0.0603,0.4185,-0.0697,0.7997
14.979,0.1179,-0.2904,-0.1219,-0.0940,0.0603,0.0603,0.3588,-0.0697,0.7996
14.983,0.1179,-0.3642,-0.1219,-0.0940,0.2904,0.1747,0.3588,0.1149,0.7999
14.986,0.1179,-0.3642,-0.1219,-0.0940,0.2904,0.2904,0.3588,0.1149,0.8002
14.989,0.1179,-0.3642,-0.1219,-0.0940,0.2904,0.2904,0.3588,0.1149,0.8004
14.993,0.0159,-0.3642,-0.1219,-0.0896,0.2904,0.2904,0.5543,0.1149,0.8006
15.001,0.0159,-0.0492,-0.1219,-0.0896,0.2768,0.2768,0.5543,-0.1595,0.8003
15.006,0.0159,-0.0492,-0.1219,-0.0896,0.2768,0.2768,0.5543,-0.1595,0.7996
15.009,0.0972,-0.0492,-0.1219,-0.0844,0.2768,0.2768,0.5140,-0.1595,0.7992
15.012,0.0972,-0.3002,-0.1219,-0.0844,0.2608,0.2608,0.5140,-0.0352,0.7992
15.016,0.0972,-0.3002,-0.1219,-0.0844,0.2608,0.2608,0.6051,-0.0352,0.7992
15.020,0.0972,-0.3002,-0.1219,-0.0844,0.2608,0.2608,0.6051,-0.0352,0.7993
15.023,0.0972,-0.3002,-0.1219,-0.0844,0.2608,0.2608,0.6051,-0.0352,0.7993
15.027,0.0681,-0.3002,-0.1219,-0.0832,0.2608,0.2608,0.5983,-0.0352,0.7993
15.030,0.0681,-0.2104,-0.1219,-0.0832,0.2572,0.2572,0.5983,-0.0143,0.7993
15.034,0.0681,-0.2104,-0.1219,-0.0832,0.2572,0.2572,0.5922,-0.0143,0.7993
15.037,0.0681,-0.2104,-0.1219,-0.0832,0.2572,0.2572,0.5922,-0.0143,0.7994
15.041,0.0681,-0.2104,-0.1219,-0.0832,0.2572,0.2572,0.5922,-0.0143,0.7994
15.044,0.0422,-0.2104,-0.1219,-0.1011,0.2572,0.2572,0.5986,-0.0143,0.7994
15.048,0.0422,-0.1304,-0.1219,-0.1011,0.3125,0.3125,0.5986,-0.0340,0.7994
15.051,0.0422,-0.1304,-0.1219,-0.1011,0.3125,0.3125,0.5986,-0.0340,0.7994
15.054,0.0422,-0.1304,-0.1219,-0.1011,0.3125,0.3125,0.4946,-0.0340,0.7994
15.058,0.0422,-0.1304,-0.1219,-0.1011,0.3125,0.3125,0.4946,-0.0340,0.7995
15.061,0.0581,-0.1304,-0.1219,-0.0530,0.3125,0.3125,0.4759,-0.0340,0.7995
15.066,0.0581,-0.1796,-0.1219,-0.0530,0.1636,0.2168,0.4759,0.0238,0.7995
15.075,0.0689,-0.1796,-0.1219,-0.0852,0.1636,0.1636,0.4608,0.0238,0.7995
15.081,0.0689,-0.2129,-0.1219,-0.0852,0.2633,0.2633,0.4608,0.0706,0.7999
15.086,0.0689,-0.2129,-0.1219,-0.0852,0.2633,0.2633,0.4608,0.0706,0.8002
15.091,0.0689,-0.2129,-0.1219,-0.0852,0.2633,0.2633,0.4608,0.0706,0.8004
15.095,0.0530,-0.2129,-0.1219,-0.0553,0.2633,0.2633,0.6221,0.0706,0.8006
15.100,0.0530,-0.1636,-0.1219,-0.0553,0.1710,0.1710,0.6221,-0.1386,0.8003
15.103,0.0530,-0.1636,-0.1219,-0.0553,0.1710,0.1710,0.6221,-0.1386,0.7999
15.106,0.0530,-0.1636,-0.1219,-0.0553,0.1710,0.1710,0.6221,-0.1386,0.7996
15.110,0.0725,-0.1636,-0.1219,-0.0956,0.1710,0.1710,0.6667,-0.1386,0.7994
15.114,0.0725,-0.2239,-0.1219,-0.0956,0.2953,0.2685,0.6457,-0.2764,0.7989
15.118,0.0725,-0.2239,-0.1219,-0.0956,0.2953,0.2953,0.6457,-0.2764,0.7983
15.121,0.0725,-0.2239,-0.1219,-0.0956,0.2953,0.2953,0.6457,-0.2764,0.7976
15.124,0.0725,-0.2239,-0.1219,-0.0956,0.2953,0.2953,0.6457,-0.2764,0.7971
15.128,0.0864,-0.2239,-0.1219,-0.0506,0.2953,0.2953,0.5378,-0.2764,0.7966
15.131,0.0864,-0.2670,-0.1219,-0.0506,0.1563,0.1958,0.5378,0.0570,0.7968
15.135,0.0864,-0.2670,-0.1219,-0.0506,0.1563,0.1563,0.5084,0.0570,0.7969
15.139,0.0864,-0.2670,-0.1219,-0.0506,0.1563,0.1563,0.5084,0.0570,0.7971
15.142,0.0442,-0.2670,-0.1219,-0.0617,0.1563,0.1563,0.5275,0.0570,0.7973
15.146,0.0442,-0.1366,-0.1219,-0.0617,0.1907,0.1907,0.5275,-0.0020,0.7973
15.154,0.0442,-0.1366,-0.1219,-0.0617,0.1907,0.1907,0.4262,-0.0020,0.7973
15.160,0.0669,-0.1366,-0.1219,-0.0617,0.1907,0.1907,0.4103,-0.0020,0.7974
15.163,0.0669,-0.2067,-0.1219,-0.0617,0.1907,0.1907,0.4103,0.0472,0.7974
15.167,0.0669,-0.2067,-0.1219,-0.0617,0.1907,0.1907,0.4103,0.0472,0.7975
15.171,0.0669,-0.2067,-0.1219,-0.0617,0.1907,0.1907,0.4103,0.0472,0.7975
15.179,0.0542,-0.2067,-0.1219,-0.0800,0.1907,0.1907,0.6883,0.0472,0.7975
15.183,0.0542,-0.1673,-0.1219,-0.0800,0.2473,0.2473,0.6883,-0.4093,0.7958
15.187,0.0542,-0.1673,-0.1219,-0.0800,0.2473,0.2473,0.6883,-0.4093,0.7947
15.190,0.0542,-0.1673,-0.1219,-0.0800,0.2473,0.2473,0.6883,-0.4093,0.7940
15.193,0.0227,-0.1673,-0.1219,-0.0573,0.2473,0.2473,0.4748,-0.4093,0.7932
15.198,0.0227,-0.0701,-0.1219,-0.0573,0.1772,0.1772,0.4748,-0.0217,0.7933
15.201,0.0227,-0.0701,-0.1219,-0.0573,0.1772,0.1772,0.4748,-0.0217,0.7934
15.204,0.0227,-0.0701,-0.1219,-0.0573,0.1772,0.1772,0.4748,-0.0217,0.7934
15.208,0.0227,-0.0701,-0.1219,-0.0573,0.1772,0.1772,0.4748,-0.0217,0.7935
15.212,0.0458,-0.0701,-0.1219,-0.0737,0.1772,0.1772,0.4334,-0.0217,0.7935
15.215,0.0458,-0.1415,-0.1219,-0.0737,0.2276,0.2276,0.3404,0.1063,0.7938
15.220,0.0458,-0.1415,-0.1219,-0.0737,0.2276,0.2276,0.3404,0.1063,0.7941
15.223,0.0458,-0.1415,-0.1219,-0.0737,0.2276,0.2276,0.3404,0.1063,0.7944
15.227,0.0414,-0.1415,-0.1219,-0.0693,0.2276,0.2276,0.4384,0.1063,0.7947
15.230,0.0414,-0.1280,-0.1219,-0.0693,0.2141,0.2141,0.4384,-0.1964,0.7943
15.234,0.0414,-0.1280,-0.1219,-0.0693,0.2141,0.2141,0.5399,-0.1964,0.7939
15.238,0.0414,-0.1280,-0.1219,-0.0693,0.2141,0.2141,0.5399,-0.1964,0.7936
15.241,0.0414,-0.1280,-0.1219,-0.0693,0.2141,0.2141,0.5399,-0.1964,0.7932
15.244,0.0028,-0.1280,-0.1219,-0.0526,0.2141,0.2141,0.5363,-0.1964,0.7929
15.248,0.0028,-0.0086,-0.1219,-0.0526,0.1624,0.1624,0.5363,-0.1853,0.7926
15.253,-0.0144,-0.0086,-0.1219,-0.0526,0.1624,0.1624,0.3201,-0.1853,0.7923
15.257,-0.0144,-0.0086,-0.1219,-0.0526,0.1624,0.1624,0.3201,-0.1853,0.7918
15.261,0.0254,-0.0086,-0.1219,-0.0498,0.1624,0.1624,0.2835,-0.1853,0.7914
15.264,0.0254,-0.1317,-0.1219,-0.0498,0.1538,0.1538,0.2835,-0.0722,0.7913
15.268,0.0254,-0.1317,-0.1219,-0.0498,0.1538,0.1538,0.2835,-0.0722,0.7912
15.273,0.0426,-0.1317,-0.1219,-0.0498,0.1538,0.1538,0.3729,-0.0722,0.7911
15.282,0.0565,-0.1317,-0.1219,-0.0526,0.1538,0.1538,0.4290,-0.0722,0.7910
15.286,0.0565,-0.1747,-0.1219,-0.0526,0.1624,0.1624,0.4290,-0.2456,0.7900
15.290,0.0565,-0.1747,-0.1219,-0.0526,0.1624,0.1624,0.4290,-0.2456,0.7895
15.293,0.0637,-0.1747,-0.1219,-0.0761,0.1624,0.1624,0.4363,-0.2456,0.7890
15.299,0.0637,-0.1969,-0.1219,-0.0761,0.2350,0.2350,0.4363,-0.3158,0.7884
15.308,0.0637,-0.1969,-0.1219,-0.0761,0.2350,0.2350,0.4363,-0.3158,0.7876
15.314,0.0800,-0.1969,-0.1219,-0.0390,0.2350,0.2350,0.3788,-0.3158,0.7862
15.319,0.0800,-0.2473,-0.1219,-0.0390,0.1206,0.1206,0.3788,-0.1989,0.7856
15.323,0.0800,-0.2473,-0.1219,-0.0390,0.1206,0.1206,0.3788,-0.1989,0.7852
15.327,0.0311,-0.2473,-0.1219,-0.0673,0.1206,0.1206,0.3521,-0.1989,0.7849
15.331,0.0311,-0.0960,-0.1219,-0.0673,0.2079,0.2079,0.3521,-0.1164,0.7847
15.335,0.0199,-0.0960,-0.1219,-0.0673,0.2079,0.2079,0.2339,-0.1164,0.7845
15.339,0.0199,-0.0960,-0.1219,-0.0673,0.2079,0.2079,0.2339,-0.1164,0.7844
15.342,0.0450,-0.0960,-0.1219,-0.0940,0.2079,0.2079,0.2662,-0.1164,0.7842
15.347,0.0450,-0.1735,-0.1219,-0.0940,0.2904,0.2904,0.2662,-0.2161,0.7839
15.350,0.0450,-0.1735,-0.1219,-0.0940,0.2904,0.2904,0.2662,-0.2161,0.7835
15.354,0.0561,-0.1735,-0.1219,-0.0940,0.2904,0.2904,0.3008,-0.2161,0.7831
15.358,0.0701,-0.1735,-0.1219,-0.1127,0.2904,0.2904,0.2649,-0.2161,0.7828
15.362,0.0701,-0.2166,-0.1219,-0.1127,0.3482,0.3482,0.2649,-0.1054,0.7826
15.366,0.0701,-0.2166,-0.1219,-0.1127,0.3482,0.3482,0.2649,-0.1054,0.7825
15.370,0.0701,-0.2166,-0.1219,-0.1127,0.3482,0.3482,0.2649,-0.1054,0.7824
15.375,0.0843,-0.2166,-0.1219,-0.0956,0.3482,0.3482,0.4440,-0.1054,0.7823
15.384,0.0843,-0.2104,-0.1219,-0.0956,0.2953,0.2953,0.4440,-0.0660,0.7823
15.388,0.0843,-0.2104,-0.1219,-0.0956,0.2953,0.2953,0.4440,-0.0660,0.7822
15.392,0.0549,-0.2104,-0.1219,-0.0514,0.2953,0.2953,0.3711,-0.0660,0.7822
15.397,0.0512,-0.1193,-0.1219,-0.0514,0.1587,0.1788,0.3467,0.1592,0.7827
15.401,0.0512,-0.1193,-0.1219,-0.0514,0.1587,0.1587,0.3467,0.1592,0.7832
15.405,0.0512,-0.1193,-0.1219,-0.0514,0.1587,0.1587,0.3467,0.1592,0.7838
15.409,0.0862,-0.1193,-0.1219,-0.1063,0.1587,0.1587,0.4112,0.1592,0.7842
15.414,0.0925,-0.2276,-0.1219,-0.1063,0.3285,0.2807,0.4918,-0.0402,0.7844
15.418,0.0925,-0.2276,-0.1219,-0.1063,0.3285,0.3285,0.4918,-0.0402,0.7845
15.422,0.0925,-0.2276,-0.1219,-0.1063,0.3285,0.3285,0.4918,-0.0402,0.7846
15.427,0.0575,-0.2276,-0.1219,-0.0589,0.3285,0.3285,0.5527,-0.0402,0.7847
15.431,0.0575,-0.1193,-0.1219,-0.0589,0.1821,0.1885,0.5527,-0.2284,0.7842
15.434,0.0510,-0.1193,-0.1219,-0.0589,0.1821,0.1821,0.5028,-0.2284,0.7838
15.439,0.0510,-0.1193,-0.1219,-0.0589,0.1821,0.1821,0.5028,-0.2284,0.7834
15.443,0.0745,-0.1193,-0.1219,-0.0665,0.1821,0.1821,0.4610,-0.2284,0.7830
15.447,0.0745,-0.1919,-0.1219,-0.0665,0.2055,0.2055,0.4610,-0.0992,0.7829
15.451,0.0745,-0.1919,-0.1219,-0.0665,0.2055,0.2055,0.4610,-0.0992,0.7828
15.460,0.0776,-0.1919,-0.1219,-0.0418,0.2055,0.2055,0.3437,-0.0992,0.7827
15.466,0.0776,-0.2399,-0.1219,-0.0418,0.1292,0.1292,0.3437,0.0804,0.7834
15.469,0.0776,-0.2399,-0.1219,-0.0418,0.1292,0.1292,0.3437,0.0804,0.7838
15.473,0.1037,-0.2399,-0.1219,-0.0250,0.1292,0.1292,0.5959,0.0804,0.7841
15.478,0.0997,-0.2399,-0.1219,-0.0565,0.1292,0.1292,0.6007,0.0804,0.7844
15.482,0.0997,-0.2276,-0.1219,-0.0565,0.2264,0.2264,0.6007,0.0657,0.7847
15.487,0.0997,-0.2276,-0.1219,-0.0565,0.2264,0.2264,0.6007,0.0657,0.7850
15.494,0.0504,-0.2276,-0.1219,0.0013,0.2264,0.2264,0.6123,0.0657,0.7853
15.499,0.0504,-0.0861,-0.1219,0.0013,0.0652,0.0652,0.6123,-0.0205,0.7855
15.503,0.0504,-0.0861,-0.1219,0.0013,0.0652,0.0652,0.6123,-0.0205,0.7857
15.507,0.0504,-0.0861,-0.1219,0.0013,0.0652,0.0652,0.6123,-0.0205,0.7858
15.510,0.1077,-0.0861,-0.1219,-0.0210,0.0652,0.0652,0.6067,-0.0205,0.7859
15.514,0.1042,-0.2633,-0.1219,-0.0156,0.1341,0.1341,0.5886,-0.0032,0.7859
15.519,0.1042,-0.2633,-0.1219,-0.0156,0.1341,0.1341,0.5886,-0.0032,0.7861
15.523,0.1042,-0.2633,-0.1219,-0.0156,0.1341,0.1341,0.5886,-0.0032,0.7862
15.526,0.1089,-0.2633,-0.1219,-0.0609,0.1341,0.1341,0.6089,-0.0032,0.7863
15.530,0.1089,-0.2781,-0.1219,-0.0609,0.2744,0.2436,0.6089,-0.0660,0.7862
15.534,0.1050,-0.2781,-0.1219,-0.0559,0.2744,0.2744,0.5858,-0.0660,0.7862
15.539,0.1050,-0.2781,-0.1219,-0.0559,0.2744,0.2744,0.5858,-0.0660,0.7861
15.542,0.1182,-0.2781,-0.1219,-0.0415,0.2744,0.2744,0.5066,-0.0660,0.7861
15.546,0.1182,-0.3187,-0.1219,-0.0415,0.2301,0.2301,0.5066,0.1789,0.7866
15.550,0.1182,-0.3187,-0.1219,-0.0415,0.2301,0.2301,0.5066,0.1789,0.7871
15.554,0.1138,-0.3187,-0.1219,-0.0370,0.2301,0.2301,0.4762,0.1789,0.7876
15.559,0.0573,-0.3187,-0.1219,-0.0290,0.2301,0.2301,0.5809,0.1789,0.7881
15.562,0.0573,-0.1440,-0.1219,-0.0290,0.2055,0.2055,0.5809,-0.1447,0.7878
15.567,0.0573,-0.1440,-0.1219,-0.0290,0.2055,0.2055,0.5809,-0.1447,0.7876
15.570,0.0573,-0.1440,-0.1219,-0.0290,0.2055,0.2055,0.5809,-0.1447,0.7873
15.574,0.0588,-0.1440,-0.1219,-0.0222,0.2055,0.2055,0.6029,-0.1447,0.7871
15.578,0.0671,-0.1440,-0.1219,-0.0253,0.2055,0.2055,0.5288,-0.1447,0.7869
15.583,0.0671,-0.1698,-0.1219,-0.0253,0.2153,0.2153,0.5288,0.0841,0.7872
15.587,0.0671,-0.1698,-0.1219,-0.0253,0.2153,0.2153,0.5288,0.0841,0.7875
15.590,0.0671,-0.1698,-0.1219,-0.0253,0.2153,0.2153,0.5288,0.0841,0.7878
15.595,0.0310,-0.1698,-0.1219,-0.0109,0.2153,0.2153,0.6518,0.0841,0.7881
15.605,0.0310,-0.0517,-0.1219,-0.0109,0.1919,0.1919,0.6518,-0.2100,0.7876
15.613,0.1122,-0.0517,-0.1219,-0.0243,0.1919,0.1919,0.6383,-0.2100,0.7867
15.619,0.1122,-0.3015,-0.1219,-0.0243,0.2510,0.2510,0.6383,-0.1423,0.7863
15.623,0.1122,-0.3015,-0.1219,-0.0243,0.2510,0.2510,0.6383,-0.1423,0.7859
15.626,0.0752,-0.3015,-0.1219,0.0112,0.2510,0.2510,0.6136,-0.1423,0.7857
15.631,0.0752,-0.1870,-0.1219,0.0112,0.1415,0.1415,0.6136,-0.0660,0.7857
15.635,0.0740,-0.1870,-0.1219,0.0157,0.1415,0.1415,0.6018,-0.0660,0.7856
15.639,0.0740,-0.1870,-0.1219,0.0157,0.1415,0.1415,0.6018,-0.0660,0.7856
15.643,0.0329,-0.1870,-0.1219,0.0141,0.1415,0.1415,0.5894,-0.0660,0.7855
15.647,0.0329,-0.0603,-0.1219,0.0141,0.1464,0.1464,0.5894,-0.0279,0.7856
15.657,0.0195,-0.0603,-0.1219,0.0101,0.1464,0.1464,0.4057,-0.0279,0.7857
15.668,0.0585,-0.0603,-0.1219,0.0272,0.1464,0.1464,0.3452,-0.0279,0.7860
15.673,0.0585,-0.1809,-0.1219,0.0297,0.0935,0.0935,0.3029,0.1592,0.7873
15.681,0.0697,-0.1809,-0.1219,-0.0404,0.0935,0.0935,0.3487,0.1592,0.7878
15.687,0.0697,-0.2153,-0.1219,-0.0404,0.3101,0.3101,0.3487,0.0177,0.7880
15.691,0.0697,-0.2153,-0.1219,-0.0404,0.3101,0.3101,0.3487,0.0177,0.7881
15.694,0.0569,-0.2153,-0.1219,-0.0212,0.3101,0.3101,0.2131,0.0177,0.7882
15.700,0.0569,-0.2104,-0.1219,-0.0212,0.2375,0.2375,0.2131,-0.1583,0.7880
15.708,0.0565,-0.2104,-0.1219,0.0047,0.2375,0.2375,0.1936,-0.1583,0.7876
15.713,0.0677,-0.2092,-0.1219,0.0132,0.1575,0.1575,0.3322,-0.0980,0.7873
15.718,0.0677,-0.2092,-0.1219,0.0132,0.1575,0.1575,0.3322,-0.0980,0.7872
15.722,0.0677,-0.2092,-0.1219,0.0132,0.1575,0.1575,0.3322,-0.0980,0.7870
15.726,0.0139,-0.2092,-0.1219,0.0156,0.1575,0.1575,0.3648,-0.0980,0.7869
15.730,0.0139,-0.0431,-0.1219,0.0156,0.1501,0.1501,0.3648,-0.1989,0.7865
15.735,0.0139,-0.0431,-0.1219,0.0196,0.1501,0.1501,0.4172,-0.1989,0.7861
15.740,0.0139,-0.0431,-0.1219,0.0196,0.1501,0.1501,0.4172,-0.1989,0.7857
15.744,0.0096,-0.0431,-0.1219,0.0021,0.1501,0.1501,0.4263,-0.1989,0.7852
15.749,0.0096,-0.0295,-0.1219,0.0021,0.2042,0.2042,0.4263,-0.2272,0.7848
15.753,0.0096,-0.0295,-0.1219,0.0055,0.2042,0.2042,0.4883,-0.2272,0.7844
15.757,0.0096,-0.0295,-0.1219,0.0055,0.2042,0.2042,0.4883,-0.2272,0.7840
15.766,0.0713,-0.0295,-0.1219,0.0297,0.2042,0.2042,0.4509,-0.2272,0.7835
15.771,0.0713,-0.2202,-0.1219,0.0297,0.1292,0.1292,0.4509,-0.1115,0.7832
15.775,0.0784,-0.2202,-0.1219,-0.0077,0.1292,0.1292,0.4551,-0.1115,0.7830
15.780,0.0784,-0.2424,-0.1219,-0.0077,0.2522,0.2522,0.4551,0.0435,0.7831
15.784,0.0784,-0.2424,-0.1219,-0.0077,0.2522,0.2522,0.4551,0.0435,0.7833
15.789,0.0784,-0.2424,-0.1219,-0.0077,0.2522,0.2522,0.4551,0.0435,0.7834
15.793,0.0247,-0.2424,-0.1219,0.0187,0.2522,0.2522,0.5024,0.0435,0.7836
15.798,0.0247,-0.0763,-0.1219,0.0187,0.1747,0.1747,0.5024,0.0300,0.7837
15.802,0.0247,-0.0763,-0.1219,0.0187,0.1747,0.1747,0.5024,0.0300,0.7838
15.807,0.0247,-0.0763,-0.1219,0.0187,0.1747,0.1747,0.5024,0.0300,0.7839
15.815,0.0784,-0.0763,-0.1219,0.0105,0.1747,0.1747,0.5822,0.0300,0.7841
15.819,0.0784,-0.2424,-0.1219,0.0105,0.2018,0.2018,0.5822,-0.1287,0.7837
15.823,0.0784,-0.2424,-0.1219,0.0105,0.2018,0.2018,0.5822,-0.1287,0.7835
15.827,0.0131,-0.2424,-0.1219,-0.0046,0.2018,0.2018,0.5571,-0.1287,0.7834
15.831,0.0131,-0.0406,-0.1219,-0.0046,0.2485,0.2485,0.5571,-0.0512,0.7834
15.835,0.0131,-0.0406,-0.1219,-0.0077,0.2485,0.2485,0.4022,-0.0512,0.7834
15.839,0.0131,-0.0406,-0.1219,-0.0077,0.2485,0.2485,0.4022,-0.0512,0.7834
15.843,0.0510,-0.0406,-0.1219,-0.0065,0.2485,0.2485,0.4205,-0.0512,0.7834
15.847,0.0510,-0.1575,-0.1219,-0.0065,0.2449,0.2449,0.4205,-0.1078,0.7833
15.851,0.0510,-0.1575,-0.1219,-0.0065,0.2449,0.2449,0.4205,-0.1078,0.7831
15.855,0.0629,-0.1575,-0.1219,-0.0021,0.2449,0.2449,0.6018,-0.1078,0.7830
15.860,0.0637,-0.1575,-0.1219,0.0190,0.2449,0.2449,0.5946,-0.1078,0.7829
15.864,0.0637,-0.1600,-0.1219,0.0190,0.1796,0.1796,0.5946,-0.0857,0.7828
15.868,0.0637,-0.1600,-0.1219,0.0190,0.1796,0.1796,0.5946,-0.0857,0.7827
15.871,0.0637,-0.1600,-0.1219,0.0190,0.1796,0.1796,0.5946,-0.0857,0.7826
15.875,0.0446,-0.1600,-0.1219,-0.0120,0.1796,0.1796,0.2566,-0.0857,0.7826
15.880,0.0446,-0.1378,-0.1219,-0.0120,0.2510,0.2510,0.2566,-0.1066,0.7825
15.884,0.0446,-0.1378,-0.1219,-0.0120,0.2510,0.2510,0.2566,-0.1066,0.7823
15.887,0.0446,-0.1378,-0.1219,-0.0120,0.2510,0.2510,0.2566,-0.1066,0.7822
15.891,0.0446,-0.1378,-0.1219,-0.0120,0.2510,0.2510,0.2566,-0.1066,0.7821
15.895,0.0633,-0.1378,-0.1219,0.0131,0.2510,0.2510,0.3888,-0.1066,0.7820
15.900,0.0633,-0.1612,-0.1219,0.0131,0.1919,0.1919,0.3888,0.0017,0.7821
15.903,0.0633,-0.1612,-0.1219,0.0131,0.1919,0.1919,0.3888,0.0017,0.7823
15.907,0.0633,-0.1612,-0.1219,0.0131,0.1919,0.1919,0.3888,0.0017,0.7824
15.918,0.0438,-0.1612,-0.1219,-0.0213,0.1919,0.1919,0.0615,0.0017,0.7825
15.928,0.0609,-0.1686,-0.1219,0.0109,0.2695,0.2695,0.0702,-0.0156,0.7829
15.933,0.0717,-0.2215,-0.1219,0.0240,0.1698,0.1698,0.3681,-0.0426,0.7832
15.938,0.0717,-0.2215,-0.1219,0.0240,0.1698,0.1698,0.3681,-0.0426,0.7833
15.941,0.0717,-0.2215,-0.1219,0.0240,0.1698,0.1698,0.3681,-0.0426,0.7835
15.944,0.0482,-0.2215,-0.1219,0.0193,0.1698,0.1698,0.3354,-0.0426,0.7836
15.948,0.0482,-0.1489,-0.1219,0.0193,0.1846,0.1846,0.3354,0.0583,0.7838
15.952,0.0482,-0.1489,-0.1219,0.0193,0.1846,0.1846,0.3354,0.0583,0.7840
15.955,0.0263,-0.1489,-0.1219,0.0082,0.1846,0.1846,0.0050,0.0583,0.7842
15.960,0.0534,-0.1489,-0.1219,-0.0053,0.1846,0.1846,0.1065,0.0583,0.7845
15.964,0.0534,-0.2325,-0.1219,-0.0053,0.2264,0.2264,0.1065,-0.2555,0.7839
15.967,0.0534,-0.2325,-0.1219,-0.0053,0.2264,0.2264,0.1065,-0.2555,0.7835
15.971,0.0534,-0.2325,-0.1219,-0.0053,0.2264,0.2264,0.1065,-0.2555,0.7831
15.974,0.0753,-0.2325,-0.1219,0.0063,0.2264,0.2264,0.2942,-0.2555,0.7827
15.978,0.0968,-0.2325,-0.1219,0.0199,0.2264,0.2264,0.2500,-0.2555,0.7823
15.981,0.0968,-0.2990,-0.1219,0.0199,0.1846,0.1846,0.2500,-0.1189,0.7821
15.985,0.0968,-0.2990,-0.1219,0.0199,0.1846,0.1846,0.2500,-0.1189,0.7820
15.988,0.0968,-0.2990,-0.1219,0.0199,0.1846,0.1846,0.2500,-0.1189,0.7819
15.992,0.0968,-0.2990,-0.1219,0.0199,0.1846,0.1846,0.2500,-0.1189,0.7818
15.995,0.0502,-0.2990,-0.1219,0.0016,0.1846,0.1846,0.2711,-0.1189,0.7816
15.999,0.0502,-0.1550,-0.1219,0.0016,0.2572,0.2572,0.2711,-0.0623,0.7816
16.002,0.0502,-0.1550,-0.1219,0.0016,0.2572,0.2572,0.2711,-0.0623,0.7816
16.006,0.0502,-0.1550,-0.1219,0.0016,0.2572,0.2572,0.2711,-0.0623,0.7816
16.009,0.0605,-0.1550,-0.1219,0.0056,0.2572,0.2572,0.2309,-0.0623,0.7816
16.012,0.0605,-0.1870,-0.1219,0.0056,0.2449,0.2449,0.2309,0.0620,0.7818
16.016,0.0605,-0.1870,-0.1219,0.0105,0.2449,0.2449,0.2558,0.0620,0.7820
16.020,0.0605,-0.1870,-0.1219,0.0105,0.2449,0.2449,0.2558,0.0620,0.7823
16.024,0.0605,-0.1870,-0.1219,0.0105,0.2449,0.2449,0.2558,0.0620,0.7826
16.032,0.0665,-0.1870,-0.1219,0.0376,0.2449,0.2449,0.2371,0.0620,0.7829
16.035,0.0665,-0.2055,-0.1219,0.0419,0.1612,0.1612,0.2460,0.1198,0.7836
16.039,0.0665,-0.2055,-0.1219,0.0419,0.1612,0.1612,0.2460,0.1198,0.7840
16.042,0.1039,-0.2055,-0.1219,0.0108,0.1612,0.1612,0.2316,0.1198,0.7843
16.046,0.1039,-0.3211,-0.1219,0.0108,0.2572,0.2572,0.2316,0.1641,0.7848
16.049,0.1039,-0.3211,-0.1219,0.0108,0.2572,0.2572,0.2316,0.1641,0.7852
16.053,0.0870,-0.3211,-0.1219,-0.0053,0.2572,0.2572,-0.0957,0.1641,0.7856
16.057,0.0870,-0.3211,-0.1219,-0.0053,0.2572,0.2572,-0.0957,0.1641,0.7860
16.060,0.0216,-0.3211,-0.1219,-0.0140,0.2572,0.2572,-0.0053,0.1641,0.7865
16.068,0.0216,-0.1193,-0.1219,-0.0140,0.2842,0.2842,-0.0053,-0.1152,0.7864
16.072,0.0233,-0.1193,-0.1219,-0.0093,0.2842,0.2842,-0.0077,-0.1152,0.7861
16.076,0.0787,-0.1193,-0.1219,-0.0204,0.2842,0.2842,-0.0423,-0.1152,0.7859
16.080,0.0787,-0.2904,-0.1219,-0.0204,0.3187,0.3187,-0.0423,-0.0082,0.7860
16.084,0.0787,-0.2904,-0.1219,-0.0204,0.3187,0.3187,-0.0423,-0.0082,0.7861
16.087,0.0787,-0.2904,-0.1219,-0.0204,0.3187,0.3187,-0.0423,-0.0082,0.7862
16.090,0.0787,-0.2904,-0.1219,-0.0204,0.3187,0.3187,-0.0423,-0.0082,0.7863
16.094,0.0421,-0.2904,-0.1219,0.0207,0.3187,0.3187,-0.0062,-0.0082,0.7863
16.098,0.0421,-0.1735,-0.1219,0.0207,0.2030,0.2141,-0.0062,-0.1780,0.7861
16.101,0.0421,-0.1735,-0.1219,0.0207,0.2030,0.2030,-0.0062,-0.1780,0.7857
16.105,0.0421,-0.1735,-0.1219,0.0207,0.2030,0.2030,-0.0062,-0.1780,0.7855
16.108,0.0421,-0.1735,-0.1219,0.0207,0.2030,0.2030,-0.0062,-0.1780,0.7852
16.112,0.0473,-0.1735,-0.1219,-0.0055,0.2030,0.2030,-0.0320,-0.1780,0.7850
16.116,0.0433,-0.1895,-0.1219,-0.0117,0.2842,0.2842,-0.1954,-0.0980,0.7849
16.120,0.0433,-0.1895,-0.1219,-0.0117,0.2842,0.2842,-0.1954,-0.0980,0.7848
16.123,0.0433,-0.1895,-0.1219,-0.0117,0.2842,0.2842,-0.1954,-0.0980,0.7846
16.126,-0.0459,-0.1895,-0.1219,-0.0010,0.2842,0.2842,-0.1759,-0.0980,0.7846
16.130,-0.0459,0.0861,-0.1219,-0.0010,0.2510,0.2510,-0.1759,-0.1583,0.7843
16.135,-0.0398,0.0861,-0.1219,0.0106,0.2510,0.2510,-0.0762,-0.1583,0.7841
16.142,0.0502,0.0861,-0.1219,0.0385,0.2510,0.2510,-0.2036,-0.1583,0.7838
16.146,0.0502,-0.1919,-0.1219,0.0385,0.1649,0.1649,-0.2036,0.2355,0.7851
16.149,0.0502,-0.1919,-0.1219,0.0385,0.1649,0.1649,-0.2036,0.2355,0.7857
16.153,0.0438,-0.1919,-0.1219,0.0232,0.1649,0.1649,-0.5054,0.2355,0.7863
16.157,0.0438,-0.1919,-0.1219,0.0232,0.1649,0.1649,-0.5054,0.2355,0.7868
16.160,0.0665,-0.1919,-0.1219,0.0033,0.1649,0.1649,-0.3597,0.2355,0.7874
16.163,0.0665,-0.2621,-0.1219,0.0033,0.2264,0.2264,-0.3597,-0.2149,0.7871
16.167,0.0665,-0.2621,-0.1219,0.0033,0.2264,0.2264,-0.3597,-0.2149,0.7868
16.170,0.0665,-0.2621,-0.1219,0.0033,0.2264,0.2264,-0.3597,-0.2149,0.7864
16.174,0.0848,-0.2621,-0.1219,0.0235,0.2264,0.2264,-0.1182,-0.2149,0.7861
16.177,-0.0167,-0.2621,-0.1219,0.0315,0.2264,0.2264,-0.2229,-0.2149,0.7858
16.181,-0.0167,0.0517,-0.1219,0.0315,0.2018,0.2018,-0.2229,0.1087,0.7861
16.184,-0.0167,0.0517,-0.1219,0.0315,0.2018,0.2018,-0.2229,0.1087,0.7864
16.188,-0.0167,0.0517,-0.1219,0.0315,0.2018,0.2018,-0.2229,0.1087,0.7867
16.191,-0.0167,0.0517,-0.1219,0.0315,0.2018,0.2018,-0.2229,0.1087,0.7870
16.194,0.0378,0.0517,-0.1219,0.0113,0.2018,0.2018,-0.0446,0.1087,0.7873
16.199,0.0378,-0.1169,-0.1219,0.0113,0.2941,0.2941,-0.0446,-0.1423,0.7871
16.202,0.0378,-0.1169,-0.1219,0.0113,0.2941,0.2941,-0.0446,-0.1423,0.7869
16.206,0.0378,-0.1169,-0.1219,0.0113,0.2941,0.2941,-0.0446,-0.1423,0.7867
16.209,0.1003,-0.1169,-0.1219,0.0618,0.2941,0.2941,-0.1151,-0.1423,0.7865
16.212,0.1003,-0.3101,-0.1219,0.0551,0.1378,0.1991,-0.2861,0.0755,0.7867
16.221,0.1003,-0.3101,-0.1219,0.0551,0.1378,0.1378,-0.2861,0.0755,0.7870
16.225,0.0323,-0.3101,-0.1219,0.0192,0.1378,0.1378,-0.2571,0.0755,0.7875
16.229,0.0323,-0.0997,-0.1219,0.0192,0.2485,0.2485,-0.2571,-0.0143,0.7876
16.233,0.0323,-0.0997,-0.1219,0.0366,0.2485,0.2485,0.0245,-0.0143,0.7877
16.238,0.0323,-0.0997,-0.1219,0.0366,0.2485,0.2485,0.0245,-0.0143,0.7878
16.245,0.0613,-0.0997,-0.1219,0.0569,0.2485,0.2485,-0.0257,-0.0143,0.7879
16.249,0.0613,-0.1895,-0.1219,0.0569,0.1858,0.1858,-0.0257,0.1407,0.7887
16.252,0.0613,-0.1895,-0.1219,0.0569,0.1858,0.1858,-0.0257,0.1407,0.7891
16.255,0.0613,-0.1895,-0.1219,0.0578,0.1858,0.1858,-0.0416,0.1407,0.7894
16.259,0.0490,-0.1895,-0.1219,0.0327,0.1858,0.1858,-0.0050,0.1407,0.7897
16.263,0.0490,-0.1513,-0.1219,0.0327,0.2633,0.2633,-0.0050,0.0275,0.7898
16.267,0.0490,-0.1513,-0.1219,0.0327,0.2633,0.2633,-0.0050,0.0275,0.7899
16.270,0.0490,-0.1513,-0.1219,0.0327,0.2633,0.2633,-0.0050,0.0275,0.7900
16.273,0.0490,-0.1513,-0.1219,0.0326,0.2633,0.2633,-0.0338,0.0275,0.7900
16.277,0.0402,-0.1513,-0.1219,0.0027,0.2633,0.2633,0.0192,0.0275,0.7901
16.281,0.0402,-0.1243,-0.1219,0.0027,0.3556,0.3556,0.0192,-0.1361,0.7899
16.285,0.0402,-0.1243,-0.1219,0.0027,0.3556,0.3556,0.0192,-0.1361,0.7896
16.288,0.0402,-0.1243,-0.1219,0.0027,0.3556,0.3556,0.0192,-0.1361,0.7894
16.292,0.0689,-0.1243,-0.1219,0.0246,0.3556,0.3556,-0.0059,-0.1361,0.7892
16.296,0.0689,-0.2129,-0.1219,0.0180,0.2879,0.2879,-0.1797,-0.0586,0.7892
16.300,0.0689,-0.2129,-0.1219,0.0180,0.2879,0.2879,-0.1797,-0.0586,0.7891
16.304,0.0689,-0.2129,-0.1219,0.0180,0.2879,0.2879,-0.1797,-0.0586,0.7891
16.307,0.0689,-0.2129,-0.1219,0.0180,0.2879,0.2879,-0.1797,-0.0586,0.7890
16.311,0.0319,-0.2129,-0.1219,0.0192,0.2879,0.2879,-0.1403,-0.0586,0.7890
16.315,0.0319,-0.0984,-0.1219,0.0183,0.2842,0.2842,-0.1863,-0.1804,0.7887
16.319,0.0319,-0.0984,-0.1219,0.0183,0.2842,0.2842,-0.1863,-0.1804,0.7883
16.323,0.0319,-0.0984,-0.1219,0.0183,0.2842,0.2842,-0.1863,-0.1804,0.7880
16.326,0.0542,-0.0984,-0.1219,0.0713,0.2842,0.2842,-0.2393,-0.1804,0.7877
16.330,0.0542,-0.1673,-0.1219,0.0713,0.1206,0.1732,-0.2393,-0.0168,0.7878
16.334,0.0542,-0.1673,-0.1219,0.0700,0.1206,0.1206,-0.2919,-0.0168,0.7879
16.339,0.0542,-0.1673,-0.1219,0.0700,0.1206,0.1206,-0.2919,-0.0168,0.7880
16.346,0.0613,-0.1673,-0.1219,0.0215,0.1206,0.1206,-0.2978,-0.0168,0.7881
16.350,0.0613,-0.1895,-0.1219,0.0215,0.2707,0.2707,-0.2978,0.0017,0.7883
16.353,0.0613,-0.1895,-0.1219,0.0249,0.2707,0.2707,-0.2431,0.0017,0.7883
16.357,0.0613,-0.1895,-0.1219,0.0249,0.2707,0.2707,-0.2431,0.0017,0.7884
16.360,0.0398,-0.1895,-0.1219,0.0456,0.2707,0.2707,-0.2618,0.0017,0.7885
16.364,0.0398,-0.1230,-0.1219,0.0456,0.2067,0.2067,-0.2618,0.0595,0.7887
16.372,0.0398,-0.1230,-0.1219,0.0456,0.2067,0.2067,-0.2618,0.0595,0.7889
16.376,0.0649,-0.1230,-0.1219,0.0144,0.2067,0.2067,-0.3640,0.0595,0.7893
16.380,0.0649,-0.2006,-0.1219,0.0144,0.2830,0.2830,-0.3640,-0.1607,0.7890
16.384,0.0649,-0.2006,-0.1219,0.0144,0.2830,0.2830,-0.3640,-0.1607,0.7887
16.387,0.0649,-0.2006,-0.1219,0.0144,0.2830,0.2830,-0.3640,-0.1607,0.7885
16.391,0.0649,-0.2006,-0.1219,0.0144,0.2830,0.2830,-0.3640,-0.1607,0.7882
16.394,0.0406,-0.2006,-0.1219,0.0488,0.2830,0.2830,-0.2395,-0.1607,0.7880
16.398,0.0406,-0.1255,-0.1219,0.0488,0.2042,0.2042,-0.2395,-0.0648,0.7880
16.402,0.0406,-0.1255,-0.1219,0.0488,0.2042,0.2042,-0.2395,-0.0648,0.7879
16.405,0.0406,-0.1255,-0.1219,0.0488,0.2042,0.2042,-0.2395,-0.0648,0.7878
16.409,0.0434,-0.1255,-0.1219,0.0838,0.2042,0.2042,-0.2387,-0.0648,0.7878
16.412,0.0434,-0.1341,-0.1219,0.0838,0.0960,0.1065,-0.2387,-0.0672,0.7877
16.416,0.0434,-0.1341,-0.1219,0.0830,0.0960,0.0960,-0.2868,-0.0672,0.7877
16.420,0.0434,-0.1341,-0.1219,0.0830,0.0960,0.0960,-0.2868,-0.0672,0.7876
16.424,0.0434,-0.1341,-0.1219,0.0830,0.0960,0.0960,-0.2868,-0.0672,0.7876
16.427,0.0625,-0.1341,-0.1219,0.0252,0.0960,0.0960,-0.3119,-0.0672,0.7875
16.431,0.0625,-0.1932,-0.1219,0.0252,0.2744,0.1976,-0.3119,0.0103,0.7876
16.434,0.0625,-0.1932,-0.1219,0.0247,0.2744,0.2744,-0.3562,0.0103,0.7877
16.438,0.0625,-0.1932,-0.1219,0.0247,0.2744,0.2744,-0.3562,0.0103,0.7878
16.441,0.0625,-0.1932,-0.1219,0.0247,0.2744,0.2744,-0.3562,0.0103,0.7879
16.444,0.0510,-0.1932,-0.1219,0.0367,0.2744,0.2744,-0.3391,0.0103,0.7879
16.449,0.0510,-0.1575,-0.1219,0.0367,0.2375,0.2375,-0.3391,-0.0426,0.7880
16.457,0.0510,-0.1575,-0.1219,0.0363,0.2375,0.2375,-0.3823,-0.0426,0.7881
16.462,0.0526,-0.1575,-0.1219,0.0463,0.2375,0.2375,-0.4496,-0.0426,0.7883
16.466,0.0526,-0.1624,-0.1219,0.0463,0.2067,0.2067,-0.4496,0.1653,0.7888
16.469,0.0526,-0.1624,-0.1219,0.0463,0.2067,0.2067,-0.4496,0.1653,0.7893
16.472,0.0526,-0.1624,-0.1219,0.0434,0.2067,0.2067,-0.5431,0.1653,0.7897
16.476,0.0478,-0.1624,-0.1219,-0.0100,0.2067,0.2067,-0.5395,0.1653,0.7901
16.480,0.0478,-0.1476,-0.1219,-0.0100,0.3716,0.3217,-0.5395,0.1542,0.7905
16.484,0.0478,-0.1476,-0.1219,-0.0100,0.3716,0.3716,-0.5395,0.1542,0.7909
16.488,0.0478,-0.1476,-0.1219,-0.0100,0.3716,0.3716,-0.5395,0.1542,0.7913
16.491,0.0478,-0.1476,-0.1219,-0.0100,0.3716,0.3716,-0.5395,0.1542,0.7917
16.495,0.0330,-0.1476,-0.1219,-0.0019,0.3716,0.3716,-0.6560,0.1542,0.7921
16.499,0.0330,-0.1021,-0.1219,-0.0019,0.3199,0.3199,-0.6560,-0.0918,0.7920
16.502,0.0330,-0.1021,-0.1219,-0.0019,0.3199,0.3199,-0.6560,-0.0918,0.7918
16.506,0.0330,-0.1021,-0.1219,-0.0019,0.3199,0.3199,-0.6560,-0.0918,0.7917
16.509,0.0334,-0.1021,-0.1219,-0.0094,0.3199,0.3199,-0.6047,-0.0918,0.7916
16.512,0.0334,-0.1034,-0.1219,-0.0094,0.3433,0.3433,-0.6047,-0.2506,0.7912
16.517,0.0334,-0.1034,-0.1219,-0.0038,0.3433,0.3433,-0.5579,-0.2506,0.7908
16.525,0.0557,-0.1034,-0.1219,0.0193,0.3433,0.3433,-0.6630,-0.2506,0.7902
16.531,0.0557,-0.1723,-0.1219,0.0193,0.2719,0.2719,-0.6630,0.0743,0.7907
16.535,0.0557,-0.1723,-0.1219,0.0236,0.2719,0.2719,-0.6409,0.0743,0.7911
16.539,0.0557,-0.1723,-0.1219,0.0236,0.2719,0.2719,-0.6409,0.0743,0.7913
16.543,0.0625,-0.1723,-0.1219,0.0216,0.2719,0.2719,-0.6831,0.0743,0.7916
16.546,0.0625,-0.1932,-0.1219,0.0216,0.2781,0.2781,-0.6831,0.2047,0.7920
16.550,0.0625,-0.1932,-0.1219,0.0216,0.2781,0.2781,-0.6831,0.2047,0.7925
16.554,0.0625,-0.1932,-0.1219,0.0213,0.2781,0.2781,-0.7346,0.2047,0.7930
16.562,0.0044,-0.1932,-0.1219,-0.0341,0.2781,0.2781,-0.6259,0.2047,0.7936
16.566,0.0044,-0.0135,-0.1219,-0.0341,0.4491,0.4491,-0.6259,-0.1312,0.7931
16.569,0.0044,-0.0135,-0.1217,-0.0341,0.4491,0.4491,-0.6259,-0.1312,0.7929
16.572,0.0044,-0.0135,-0.1214,-0.0306,0.4491,0.4491,-0.6167,-0.1312,0.7927
16.576,0.0629,-0.0135,-0.1211,0.0363,0.4491,0.4491,-0.6872,-0.1312,0.7925
16.580,0.0629,-0.1944,-0.1212,0.0363,0.2424,0.3319,-0.6872,0.0866,0.7928
16.583,0.0629,-0.1944,-0.1212,0.0363,0.2424,0.2424,-0.6872,0.0866,0.7930
16.587,0.0629,-0.1944,-0.1213,0.0363,0.2424,0.2424,-0.6872,0.0866,0.7932
16.590,0.0629,-0.1944,-0.1214,0.0363,0.2424,0.2424,-0.6872,0.0866,0.7935
16.594,-0.0151,-0.1944,-0.1214,0.0217,0.2424,0.2424,-0.5710,0.0866,0.7937
16.598,-0.0151,0.0468,-0.1211,0.0217,0.3027,0.3027,-0.5710,-0.1669,0.7934
16.601,-0.0151,0.0468,-0.1207,0.0217,0.3027,0.3027,-0.5710,-0.1669,0.7930
16.604,-0.0151,0.0468,-0.1204,0.0217,0.3027,0.3027,-0.5710,-0.1669,0.7928
16.608,-0.0151,0.0468,-0.1201,0.0217,0.3027,0.3027,-0.5710,-0.1669,0.7925
16.611,0.0088,0.0468,-0.1198,0.0443,0.3027,0.3027,-0.6227,-0.1669,0.7923
16.615,0.0088,-0.0271,-0.1195,0.0490,0.2325,0.2325,-0.5899,-0.0069,0.7923
16.619,0.0088,-0.0271,-0.1192,0.0490,0.2325,0.2325,-0.5899,-0.0069,0.7924
16.623,0.0088,-0.0271,-0.1188,0.0490,0.2325,0.2325,-0.5899,-0.0069,0.7924
16.627,0.0506,-0.0271,-0.1185,0.0342,0.2325,0.2325,-0.5350,-0.0069,0.7925
16.631,0.0506,-0.1563,-0.1185,0.0342,0.2781,0.2781,-0.5350,-0.1767,0.7921
16.635,0.0506,-0.1563,-0.1185,0.0382,0.2781,0.2781,-0.5101,-0.1767,0.7918
16.639,0.0506,-0.1563,-0.1185,0.0382,0.2781,0.2781,-0.5101,-0.1767,0.7915
16.643,0.0749,-0.1563,-0.1185,0.0947,0.2781,0.2781,-0.6435,-0.1767,0.7911
16.647,0.0749,-0.2313,-0.1187,0.0947,0.1034,0.1562,-0.6435,0.2355,0.7918
16.650,0.0749,-0.2313,-0.1189,0.0947,0.1034,0.1034,-0.6435,0.2355,0.7924
16.654,0.0749,-0.2313,-0.1190,0.0968,0.1034,0.1034,-0.6467,0.2355,0.7929
16.659,0.0542,-0.2313,-0.1192,0.0279,0.1034,0.1034,-0.5376,0.2355,0.7934
16.667,0.0542,-0.1673,-0.1192,0.0279,0.3162,0.2701,-0.5376,-0.1017,0.7932
16.675,0.0542,-0.1673,-0.1193,0.0232,0.3162,0.3162,-0.6491,-0.1017,0.7928
16.680,0.0410,-0.1673,-0.1193,0.0300,0.3162,0.3162,-0.7519,-0.1017,0.7925
16.684,0.0410,-0.1267,-0.1192,0.0300,0.2953,0.2953,-0.7519,0.2158,0.7933
16.687,0.0410,-0.1267,-0.1191,0.0300,0.2953,0.2953,-0.7519,0.2158,0.7938
16.690,0.0410,-0.1267,-0.1191,0.0300,0.2953,0.2953,-0.7519,0.2158,0.7942
16.694,0.0709,-0.1267,-0.1190,0.0568,0.2953,0.2953,-0.7103,0.2158,0.7947
16.698,0.0709,-0.2190,-0.1192,0.0568,0.2178,0.2178,-0.7103,0.0632,0.7949
16.701,0.0709,-0.2190,-0.1193,0.0568,0.2178,0.2178,-0.7103,0.0632,0.7951
16.705,0.0709,-0.2190,-0.1194,0.0568,0.2178,0.2178,-0.7103,0.0632,0.7952
16.709,0.0542,-0.2190,-0.1196,0.0285,0.2178,0.2178,-0.6020,0.0632,0.7954
16.712,0.0542,-0.1673,-0.1196,0.0285,0.3051,0.3051,-0.6020,-0.2715,0.7949
16.716,0.0542,-0.1673,-0.1196,0.0281,0.3051,0.3051,-0.6439,-0.2715,0.7944
16.720,0.0542,-0.1673,-0.1196,0.0281,0.3051,0.3051,-0.6439,-0.2715,0.7938
16.723,0.0542,-0.1673,-0.1196,0.0281,0.3051,0.3051,-0.6439,-0.2715,0.7933
16.727,0.0593,-0.1673,-0.1197,0.0424,0.3051,0.3051,-0.6933,-0.2715,0.7928
16.730,0.0593,-0.1833,-0.1197,0.0424,0.2608,0.2608,-0.6933,-0.1189,0.7926
16.734,0.0593,-0.1833,-0.1198,0.0416,0.2608,0.2608,-0.7404,-0.1189,0.7924
16.739,0.0593,-0.1833,-0.1198,0.0416,0.2608,0.2608,-0.7404,-0.1189,0.7922
16.742,0.0498,-0.1833,-0.1199,0.0655,0.2608,0.2608,-0.7213,-0.1189,0.7919
16.746,0.0498,-0.1538,-0.1199,0.0655,0.1870,0.1870,-0.7213,-0.1780,0.7916
16.750,0.0498,-0.1538,-0.1199,0.0655,0.1870,0.1870,-0.7213,-0.1780,0.7913
16.754,0.0498,-0.1538,-0.1199,0.0647,0.1870,0.1870,-0.7685,-0.1780,0.7910
16.758,0.0498,-0.1538,-0.1199,0.0647,0.1870,0.1870,-0.7685,-0.1780,0.7907
16.761,0.0358,-0.1538,-0.1198,0.0551,0.1870,0.1870,-0.8465,-0.1780,0.7903
16.767,0.0358,-0.1107,-0.1198,0.0551,0.2166,0.2166,-0.8465,0.0632,0.7905
16.774,0.0358,-0.1107,-0.1196,0.0543,0.2166,0.2166,-0.8930,0.0632,0.7908
16.778,-0.0175,-0.1107,-0.1194,0.0228,0.2166,0.2166,-0.6975,0.0632,0.7912
16.783,-0.0175,0.0541,-0.1189,0.0228,0.3138,0.3138,-0.6975,-0.5409,0.7901
16.787,-0.0175,0.0541,-0.1184,0.0228,0.3138,0.3138,-0.6975,-0.5409,0.7887
16.790,-0.0175,0.0541,-0.1179,0.0228,0.3138,0.3138,-0.6975,-0.5409,0.7876
16.793,0.0661,0.0541,-0.1175,0.0494,0.3138,0.3138,-0.9390,-0.5409,0.7866
16.797,0.0661,-0.2042,-0.1176,0.0494,0.2289,0.2289,-0.9390,0.0644,0.7868
16.801,0.0661,-0.2042,-0.1177,0.0494,0.2289,0.2289,-0.9390,0.0644,0.7870
16.804,0.0661,-0.2042,-0.1178,0.0494,0.2289,0.2289,-0.9390,0.0644,0.7873
16.808,0.0661,-0.2042,-0.1179,0.0494,0.2289,0.2289,-0.9390,0.0644,0.7874
16.811,0.0207,-0.2042,-0.1180,0.1203,0.2289,0.2289,-0.9159,0.0644,0.7876
16.814,0.0207,-0.0640,-0.1178,0.1195,0.0098,0.1310,-0.9599,-0.0069,0.7877
16.818,0.0207,-0.0640,-0.1177,0.1195,0.0098,0.0230,-0.9599,-0.0069,0.7878
16.826,0.0283,-0.0640,-0.1175,0.0916,0.0098,0.0098,-0.9165,-0.0069,0.7879
16.831,0.0283,-0.0874,-0.1172,0.0916,0.0960,0.0960,-0.9165,-0.1411,0.7875
16.834,0.0283,-0.0874,-0.1170,0.0908,0.0960,0.0960,-0.9603,-0.1411,0.7872
16.838,0.0283,-0.0874,-0.1169,0.0908,0.0960,0.0960,-0.9603,-0.1411,0.7870
16.842,0.0283,-0.0874,-0.1167,0.0908,0.0960,0.0960,-0.9603,-0.1411,0.7868
16.845,0.0426,-0.0874,-0.1166,0.0936,0.0960,0.0960,-1.0136,-0.1411,0.7866
16.849,0.0426,-0.1317,-0.1166,0.0936,0.0874,0.0874,-1.0136,0.0238,0.7866
16.852,0.0426,-0.1317,-0.1165,0.0936,0.0874,0.0874,-1.0136,0.0238,0.7867
16.855,0.0426,-0.1317,-0.1165,0.0908,0.0874,0.0874,-1.0923,0.0238,0.7868
16.860,0.0585,-0.1317,-0.1165,0.1067,0.0874,0.0874,-1.1544,0.0238,0.7869
16.863,0.0585,-0.1809,-0.1165,0.1067,0.0381,0.0381,-1.1544,0.2158,0.7875
16.867,0.0585,-0.1809,-0.1166,0.1067,0.0381,0.0381,-1.1544,0.2158,0.7880
16.871,0.0585,-0.1809,-0.1167,0.1067,0.0381,0.0381,-1.1544,0.2158,0.7886
16.878,0.0442,-0.1809,-0.1168,0.0862,0.0381,0.0381,-1.0962,0.2158,0.7892
16.883,0.0442,-0.1366,-0.1167,0.0862,0.0935,0.0935,-1.0962,-0.2001,0.7885
16.886,0.0442,-0.1366,-0.1167,0.0862,0.0935,0.0935,-1.0962,-0.2001,0.7881
16.890,0.0442,-0.1366,-0.1166,0.0862,0.0935,0.0935,-1.0962,-0.2001,0.7878
16.893,0.0402,-0.1366,-0.1166,0.1120,0.0935,0.0935,-1.2251,-0.2001,0.7875
16.897,0.0402,-0.1243,-0.1166,0.1120,0.0012,0.0012,-1.2251,-0.1238,0.7874
16.901,0.0402,-0.1243,-0.1165,0.1120,0.0012,0.0012,-1.2251,-0.1238,0.7872
16.904,0.0402,-0.1243,-0.1165,0.1120,0.0012,0.0012,-1.2251,-0.1238,0.7870
16.907,0.0402,-0.1243,-0.1164,0.1120,0.0012,0.0012,-1.2251,-0.1238,0.7868
16.911,0.0450,-0.1243,-0.1164,0.1013,0.0012,0.0012,-1.2426,-0.1238,0.7867
16.915,0.0450,-0.1390,-0.1164,0.0977,0.0345,0.0345,-1.3406,-0.0697,0.7866
16.919,0.0450,-0.1390,-0.1163,0.0977,0.0345,0.0345,-1.3406,-0.0697,0.7866
16.923,0.0450,-0.1390,-0.1163,0.0977,0.0345,0.0345,-1.3406,-0.0697,0.7865
16.926,0.0621,-0.1390,-0.1163,0.0889,0.0345,0.0345,-1.2797,-0.0697,0.7864
16.930,0.0621,-0.1919,-0.1164,0.0889,0.0615,0.0615,-1.2797,-0.2579,0.7860
16.934,0.0621,-0.1919,-0.1165,0.0859,0.0615,0.0615,-1.3679,-0.2579,0.7855
16.939,0.0621,-0.1919,-0.1166,0.0859,0.0615,0.0615,-1.3679,-0.2579,0.7851
16.942,0.0346,-0.1919,-0.1167,0.1285,0.0615,0.0615,-1.4141,-0.2579,0.7845
16.945,0.0346,-0.1070,-0.1166,0.1285,-0.0701,-0.0701,-1.4141,-0.1152,0.7844
16.949,0.0346,-0.1070,-0.1165,0.1285,-0.0701,-0.0701,-1.4141,-0.1152,0.7843
16.952,0.0346,-0.1070,-0.1164,0.1261,-0.0701,-0.0701,-1.4923,-0.1152,0.7841
16.956,0.0346,-0.1070,-0.1164,0.1261,-0.0701,-0.0701,-1.4923,-0.1152,0.7840
16.960,0.0653,-0.1070,-0.1163,0.1237,-0.0701,-0.0701,-1.5066,-0.1152,0.7838
16.963,0.0653,-0.2018,-0.1164,0.1237,-0.0628,-0.0628,-1.5066,-0.0709,0.7838
16.967,0.0653,-0.2018,-0.1165,0.1237,-0.0628,-0.0628,-1.5066,-0.0709,0.7838
16.972,0.0653,-0.2018,-0.1166,0.1237,-0.0628,-0.0628,-1.5066,-0.0709,0.7837
16.981,0.0366,-0.2018,-0.1167,0.0910,-0.0628,-0.0628,-1.6249,-0.0709,0.7837
16.987,0.0366,-0.1132,-0.1165,0.0910,0.0332,0.0332,-1.6249,0.1050,0.7845
16.991,0.0366,-0.1132,-0.1164,0.0910,0.0332,0.0332,-1.6249,0.1050,0.7851
16.994,0.0323,-0.1132,-0.1163,0.1627,0.0332,0.0332,-1.6531,0.1050,0.7854
16.999,0.0323,-0.0997,-0.1162,0.1627,-0.1919,-0.1027,-1.6531,0.0361,0.7855
17.002,0.0323,-0.0997,-0.1161,0.1627,-0.1919,-0.1919,-1.6531,0.0361,0.7856
17.005,0.0323,-0.0997,-0.1160,0.1627,-0.1919,-0.1919,-1.6531,0.0361,0.7857
17.008,0.0323,-0.0997,-0.1159,0.1627,-0.1919,-0.1919,-1.6531,0.0361,0.7858
17.011,0.0334,-0.0997,-0.1158,0.0727,-0.1919,-0.1919,-1.6534,0.0361,0.7859
17.015,0.0334,-0.1034,-0.1158,0.0721,0.0861,-0.0110,-1.6938,0.0374,0.7859
17.019,0.0334,-0.1034,-0.1157,0.0721,0.0861,0.0861,-1.6938,0.0374,0.7860
17.022,0.0334,-0.1034,-0.1156,0.0721,0.0861,0.0861,-1.6938,0.0374,0.7861
17.026,0.0629,-0.1034,-0.1155,0.1051,0.0861,0.0861,-1.6878,0.0374,0.7862
17.029,0.0629,-0.1944,-0.1156,0.1051,-0.0160,-0.0160,-1.6878,0.0189,0.7863
17.033,0.0629,-0.1944,-0.1157,0.1054,-0.0160,-0.0160,-1.7060,0.0189,0.7864
17.037,0.0629,-0.1944,-0.1158,0.1054,-0.0160,-0.0160,-1.7060,0.0189,0.7865
17.040,0.0629,-0.1944,-0.1159,0.1054,-0.0160,-0.0160,-1.7060,0.0189,0.7866
17.043,0.0689,-0.1944,-0.1160,0.0942,-0.0160,-0.0160,-1.7642,0.0189,0.7867
17.047,0.0689,-0.2129,-0.1161,0.0942,0.0185,0.0185,-1.7642,0.1985,0.7871
17.050,0.0689,-0.2129,-0.1162,0.0942,0.0185,0.0185,-1.7642,0.1985,0.7876
17.053,0.0689,-0.2129,-0.1164,0.0949,0.0185,0.0185,-1.7716,0.1985,0.7881
17.057,0.0689,-0.2129,-0.1165,0.0949,0.0185,0.0185,-1.7716,0.1985,0.7886
17.061,0.0470,-0.2129,-0.1166,0.1284,0.0185,0.0185,-1.7385,0.1985,0.7891
17.064,0.0470,-0.1452,-0.1166,0.1284,-0.0849,-0.0849,-1.7385,0.0964,0.7893
17.067,0.0470,-0.1452,-0.1166,0.1284,-0.0849,-0.0849,-1.7385,0.0964,0.7896
17.071,0.0470,-0.1452,-0.1166,0.1284,-0.0849,-0.0849,-1.7385,0.0964,0.7899
17.074,0.0470,-0.1452,-0.1166,0.1294,-0.0849,-0.0849,-1.7366,0.0964,0.7901
17.079,0.0406,-0.1452,-0.1166,0.1094,-0.0849,-0.0849,-1.6976,0.0964,0.7903
17.087,0.0406,-0.1255,-0.1165,0.1094,-0.0234,-0.0234,-1.6976,-0.0242,0.7904
17.090,0.0406,-0.1255,-0.1164,0.1094,-0.0234,-0.0234,-1.6976,-0.0242,0.7906
17.093,0.0390,-0.1255,-0.1164,0.0995,-0.0234,-0.0234,-1.6913,-0.0242,0.7907
17.098,0.0390,-0.1206,-0.1163,0.0995,0.0086,0.0086,-1.6913,-0.0709,0.7906
17.102,0.0390,-0.1206,-0.1163,0.0995,0.0086,0.0086,-1.6913,-0.0709,0.7905
17.105,0.0390,-0.1206,-0.1162,0.0995,0.0086,0.0086,-1.6913,-0.0709,0.7904
17.109,0.0191,-0.1206,-0.1161,0.0780,0.0086,0.0086,-1.6574,-0.0709,0.7903
17.113,0.0191,-0.0591,-0.1160,0.0787,0.0751,0.0751,-1.6582,-0.1755,0.7900
17.120,0.0191,-0.0591,-0.1157,0.0787,0.0751,0.0751,-1.6582,-0.1755,0.7897
17.127,0.0796,-0.0591,-0.1154,0.0648,0.0751,0.0751,-1.6180,-0.1755,0.7891
17.134,0.0796,-0.2461,-0.1158,0.0658,0.1181,0.1181,-1.6083,-0.2998,0.7881
17.140,0.0796,-0.2461,-0.1162,0.0658,0.1181,0.1181,-1.6083,-0.2998,0.7870
17.143,0.0179,-0.2461,-0.1165,0.1263,0.1181,0.1181,-1.6788,-0.2998,0.7862
17.147,0.0179,-0.0554,-0.1163,0.1263,-0.0689,-0.0563,-1.6788,-0.0820,0.7861
17.150,0.0179,-0.0554,-0.1162,0.1263,-0.0689,-0.0689,-1.6788,-0.0820,0.7860
17.154,0.0179,-0.0554,-0.1160,0.1277,-0.0689,-0.0689,-1.6591,-0.0820,0.7859
17.158,0.0179,-0.0554,-0.1158,0.1277,-0.0689,-0.0689,-1.6591,-0.0820,0.7859
17.161,0.0609,-0.0554,-0.1156,0.0939,-0.0689,-0.0689,-1.6989,-0.0820,0.7858
17.165,0.0609,-0.1883,-0.1157,0.0939,0.0357,0.0357,-1.6989,0.0410,0.7859
17.168,0.0609,-0.1883,-0.1158,0.0939,0.0357,0.0357,-1.6989,0.0410,0.7860
17.171,0.0609,-0.1883,-0.1158,0.0939,0.0357,0.0357,-1.6989,0.0410,0.7861
17.175,0.0609,-0.1883,-0.1159,0.0956,0.0357,0.0357,-1.6687,0.0410,0.7861
17.178,0.0649,-0.1883,-0.1160,0.1131,0.0357,0.0357,-1.6456,0.0410,0.7862
17.183,0.0649,-0.2006,-0.1161,0.1131,-0.0185,-0.0185,-1.6456,-0.0303,0.7863
17.191,0.0649,-0.2006,-0.1163,0.1131,-0.0185,-0.0185,-1.6456,-0.0303,0.7865
17.195,0.0382,-0.2006,-0.1165,0.1323,-0.0185,-0.0185,-1.6014,-0.0303,0.7867
17.199,0.0382,-0.1181,-0.1164,0.1323,-0.0714,-0.0714,-1.6014,-0.0426,0.7867
17.202,0.0382,-0.1181,-0.1164,0.1323,-0.0714,-0.0714,-1.6014,-0.0426,0.7869
17.206,0.0382,-0.1181,-0.1163,0.1323,-0.0714,-0.0714,-1.6014,-0.0426,0.7869
17.209,0.0526,-0.1181,-0.1162,0.0642,-0.0714,-0.0714,-1.6162,-0.0426,0.7870
17.213,0.0526,-0.1624,-0.1163,0.0667,0.1390,0.1088,-1.5607,0.0029,0.7871
17.217,0.0526,-0.1624,-0.1163,0.0667,0.1390,0.1390,-1.5607,0.0029,0.7872
17.221,0.0526,-0.1624,-0.1163,0.0667,0.1390,0.1390,-1.5607,0.0029,0.7873
17.224,0.0526,-0.1624,-0.1164,0.0667,0.1390,0.1390,-1.5607,0.0029,0.7874
17.227,0.0279,-0.1624,-0.1164,0.0783,0.1390,0.1390,-1.5786,0.0029,0.7875
17.230,0.0279,-0.0861,-0.1163,0.0783,0.1034,0.1034,-1.5786,0.0583,0.7876
17.236,0.0279,-0.2006,-0.1163,0.0791,-0.0185,-0.0185,-1.5595,-0.0303,0.7865
17.243,0.0709,-0.0861,-0.1160,0.1313,0.4512,0.1535,-1.5897,-4.7022,0.7741
17.250,0.0709,-0.2190,-0.1163,0.1313,0.2901,0.2901,-1.5897,-4.6087,0.7536
17.255,0.0709,-0.2190,-0.1166,0.1323,0.2901,0.2901,-1.5647,-4.6087,0.7363
17.259,0.0370,-0.2190,-0.1167,0.0443,0.2932,0.2932,-1.5086,-4.5315,0.7254
17.263,0.0370,-0.1144,-0.1166,0.0443,0.5651,0.4239,-1.5086,-4.7050,0.7141
17.270,0.0370,-0.1144,-0.1166,0.0443,0.5651,0.5416,-1.5086,-4.7050,0.7040
17.273,0.0370,-0.1144,-0.1164,0.0457,0.5651,0.5651,-1.4719,-4.7050,0.6859
17.278,0.0354,-0.1144,-0.1164,0.1114,0.5694,0.5694,-1.4328,-4.5915,0.6842
17.289,0.0354,-0.1095,-0.1163,0.1114,0.3663,0.4467,-1.4328,-4.7121,0.6842
17.298,0.0840,-0.1095,-0.1160,0.1135,0.3663,0.3663,-1.4225,-4.7121,0.6842
17.303,0.0840,-0.2596,-0.1166,0.1135,0.3704,0.3704,-1.4225,-4.4463,0.6842
17.306,0.0840,-0.2596,-0.1169,0.1135,0.3704,0.3704,-1.4225,-4.4463,0.6842
17.310,-0.0135,-0.2596,-0.1171,0.0773,0.3704,0.3704,-1.3691,-4.4463,0.6842
17.314,-0.0135,0.0418,-0.1168,0.0793,0.4824,0.4788,-1.3103,-4.6112,0.6842
17.318,-0.0135,0.0418,-0.1165,0.0793,0.4886,0.4886,-1.3103,-4.4295,0.6842
17.321,-0.0135,0.0418,-0.1162,0.0793,0.4886,0.4886,-1.3103,-4.4295,0.6842
17.324,-0.0135,0.0418,-0.1159,0.0793,0.4886,0.4886,-1.3103,-4.4295,0.6842
17.327,0.0534,0.0418,-0.1156,0.0944,0.4886,0.4886,-1.3804,-4.4295,0.6842
17.331,0.0534,-0.1649,-0.1156,0.0944,0.4418,0.4418,-1.3804,-4.2129,0.6842
17.335,0.0534,-0.1649,-0.1157,0.0962,0.4418,0.4418,-1.3220,-4.2129,0.6842
17.339,0.0534,-0.1649,-0.1157,0.0962,0.4475,0.4475,-1.3220,-4.0325,0.6842
17.342,0.0418,-0.1649,-0.1158,0.0895,0.4475,0.4475,-1.2742,-4.0325,0.6842
17.346,0.0418,-0.1292,-0.1157,0.0895,0.4684,0.4684,-1.2742,-4.1801,0.6842
17.349,0.0418,-0.1292,-0.1157,0.0895,0.4684,0.4684,-1.2742,-4.1801,0.6842
17.353,0.0418,-0.1292,-0.1157,0.0911,0.4684,0.4684,-1.2162,-4.1801,0.6842
17.357,0.0418,-0.1292,-0.1156,0.0911,0.4735,0.4735,-1.2162,-4.0007,0.6842
17.360,0.0334,-0.1292,-0.1156,0.0704,0.4735,0.4735,-1.1859,-4.0007,0.6842
17.364,0.0334,-0.1034,-0.1155,0.0704,0.5374,0.5374,-1.1859,-4.0942,0.6842
17.368,0.0334,-0.1034,-0.1154,0.0704,0.5374,0.5374,-1.1859,-4.0942,0.6842
17.372,0.0334,-0.1034,-0.1153,0.0704,0.5374,0.5374,-1.1859,-4.0942,0.6842
17.375,0.0000,-0.1034,-0.1152,0.0618,0.5374,0.5374,-1.1490,-4.0942,0.6842
17.380,0.0000,0.0000,-0.1149,0.0618,0.5750,0.5750,-1.1490,-3.7980,0.6842
17.384,0.0000,0.0000,-0.1145,0.0618,0.5750,0.5750,-1.1490,-3.7980,0.6842
17.387,0.0000,0.0000,-0.1142,0.0618,0.5750,0.5750,-1.1490,-3.7980,0.6842
17.391,0.0000,0.0000,-0.1139,0.0618,0.5750,0.5750,-1.1490,-3.7980,0.6842
17.394,0.0494,0.0000,-0.1137,0.0663,0.5750,0.5750,-1.1229,-3.7980,0.6842
17.400,0.0494,-0.1526,-0.1137,0.0663,0.5739,0.5739,-1.1229,-3.3998,0.6842
17.407,0.0494,-0.1526,-0.1137,0.0663,0.5739,0.5739,-1.1229,-3.3998,0.6842
17.410,0.0139,-0.1526,-0.1138,0.0396,0.5739,0.5739,-1.0536,-3.3998,0.6842
17.414,0.0139,-0.0431,-0.1135,0.0418,0.6564,0.6564,-0.9677,-3.6139,0.6842
17.418,0.0139,-0.0431,-0.1132,0.0418,0.6631,0.6631,-0.9677,-3.3485,0.6842
17.422,0.0139,-0.0431,-0.1129,0.0418,0.6631,0.6631,-0.9677,-3.3485,0.6842
17.425,0.1266,-0.0431,-0.1126,0.0880,0.6631,0.6631,-0.9745,-3.3485,0.6842
17.429,0.1266,-0.3913,-0.1131,0.0880,0.5203,0.5544,-0.9745,-3.3276,0.6842
17.445,-0.0430,-0.3913,-0.1136,0.0433,0.5203,0.5203,-1.0147,-3.3276,0.6842
17.458,-0.0430,0.1329,-0.1111,0.0460,0.6726,0.6726,-0.9020,-2.6179,0.6842
17.464,0.1059,0.1329,-0.1092,0.0564,0.6812,0.6812,-0.6694,-2.2694,0.6842
17.473,0.1059,-0.3273,-0.1099,0.0595,0.6492,0.6492,-0.5427,-2.9880,0.6842
17.481,0.0060,-0.3273,-0.1109,0.0838,0.6588,0.6588,-0.6749,-2.5965,0.6842
17.488,0.0060,-0.0185,-0.1103,0.0838,0.5838,0.5838,-0.6749,-2.1881,0.6842
17.492,0.0892,-0.0185,-0.1098,0.0368,0.5838,0.5838,-0.5886,-2.1881,0.6842
17.500,0.0892,-0.2756,-0.1101,0.0368,0.7487,0.7104,-0.5886,-1.6283,0.6842
17.505,0.0892,-0.2756,-0.1107,0.0368,0.7487,0.7487,-0.5886,-1.6283,0.6842
17.513,0.0701,-0.2756,-0.1111,0.0891,0.7487,0.7487,-0.3141,-1.6283,0.6842
17.520,0.0701,-0.2166,-0.1115,0.0891,0.6074,0.6074,-0.3141,-1.6170,0.6842
17.527,0.0462,-0.2166,-0.1119,0.1122,0.6074,0.6074,-0.5985,-1.6170,0.6842
17.534,0.0462,-0.1427,-0.1119,0.1155,0.5360,0.5360,-0.4546,-0.7385,0.6842
17.542,-0.0207,-0.1427,-0.1119,0.0533,0.5462,0.5462,-0.2336,-0.2939,0.6842
17.549,-0.0207,0.0640,-0.1110,0.0533,0.7382,0.7382,-0.2336,-0.9767,0.6842
17.556,-0.0207,0.0640,-0.1103,0.0567,0.7382,0.7382,-0.0857,-0.9767,0.6842
17.564,0.0346,0.0640,-0.1095,0.0559,0.7485,0.7485,-0.1435,-0.5200,0.6842
17.570,0.0346,-0.1070,-0.1094,0.0559,0.7510,0.7510,-0.1435,-0.3416,0.6842
17.577,0.0068,-0.1070,-0.1093,0.0959,0.7510,0.7510,0.0490,-0.3416,0.6842
17.586,0.0068,-0.0209,-0.1088,0.0959,0.6481,0.6481,0.0490,-0.0053,0.6842
17.594,0.0629,-0.0209,-0.1081,0.0730,0.6481,0.6481,0.0777,-0.0053,0.6842
17.603,0.0629,-0.1944,-0.1085,0.0730,0.7374,0.7374,0.0777,0.7774,0.6842
17.608,0.0629,-0.1944,-0.1088,0.0730,0.7374,0.7374,0.0777,0.7774,0.6842
17.616,0.0108,-0.1944,-0.1090,0.0928,0.7374,0.7374,0.3226,0.7774,0.6842
17.622,0.0108,-0.0332,-0.1084,0.0928,0.6877,0.6877,0.3226,0.6975,0.6842
17.627,0.0354,-0.0332,-0.1079,0.1481,0.6877,0.6877,0.2768,0.6975,0.6842
17.630,0.0354,-0.1095,-0.1079,0.1481,0.5167,0.5586,0.2768,0.8390,0.6842
17.634,0.0354,-0.1095,-0.1079,0.1499,0.5167,0.5167,0.3831,0.8390,0.6842
17.639,0.0354,-0.1095,-0.1078,0.1499,0.5222,0.5222,0.3831,1.1676,0.6842
17.642,0.0462,-0.1095,-0.1078,0.1511,0.5222,0.5222,0.3230,1.1676,0.6842
17.646,0.0462,-0.1427,-0.1078,0.1511,0.5185,0.5185,0.3230,1.3534,0.6842
17.650,0.0462,-0.1427,-0.1079,0.1511,0.5185,0.5185,0.3230,1.3534,0.6842
17.653,0.0462,-0.1427,-0.1079,0.1533,0.5185,0.5185,0.4393,1.3534,0.6842
17.658,0.0462,-0.1427,-0.1079,0.1533,0.5253,0.5253,0.4393,1.7126,0.6842
17.661,0.0984,-0.1427,-0.1080,0.0967,0.5253,0.5253,0.3899,1.7126,0.6842
17.665,0.0984,-0.3039,-0.1083,0.0967,0.7000,0.6254,0.3899,1.8652,0.6842
17.669,0.0984,-0.3039,-0.1087,0.0967,0.7000,0.7000,0.3899,1.8652,0.6842
17.673,0.0984,-0.3039,-0.1091,0.0990,0.7000,0.7000,0.5086,1.8652,0.6842
17.678,0.0434,-0.3039,-0.1095,0.0763,0.7071,0.7071,0.6404,2.2321,0.6842
17.683,0.0434,-0.1341,-0.1095,0.0763,0.7773,0.7773,0.6404,1.8248,0.6842
17.686,0.0434,-0.1341,-0.1095,0.0763,0.7773,0.7773,0.6404,1.8248,0.6842
17.689,0.0434,-0.1341,-0.1095,0.0763,0.7773,0.7773,0.6404,1.8248,0.6842
17.693,0.0653,-0.1341,-0.1095,0.0615,0.7773,0.7773,0.6837,1.8248,0.6842
17.697,0.0653,-0.2018,-0.1096,0.0615,0.8373,0.8373,0.6837,2.4211,0.6842
17.700,0.0653,-0.2018,-0.1098,0.0615,0.8373,0.8373,0.6837,2.4211,0.6842
17.705,0.0653,-0.2018,-0.1100,0.0615,0.8373,0.8373,0.6837,2.4211,0.6842
17.709,0.0920,-0.2018,-0.1101,0.1539,0.8373,0.8373,0.6092,2.4211,0.6842
17.717,0.0920,-0.2842,-0.1105,0.1544,0.5518,0.6969,0.6802,2.6512,0.6842
17.721,0.0920,-0.2842,-0.1112,0.1544,0.5535,0.5535,0.6802,2.8706,0.6842
17.724,0.0920,-0.2842,-0.1116,0.1544,0.5535,0.5535,0.6802,2.8706,0.6842
17.728,0.0231,-0.2842,-0.1119,0.1059,0.5535,0.5535,0.7049,2.8706,0.6842
17.732,0.0231,-0.0714,-0.1117,0.1059,0.7036,0.6583,0.7049,2.7943,0.6842
17.735,0.0231,-0.0714,-0.1116,0.1061,0.7036,0.7036,0.7665,2.7943,0.6842
17.740,0.0231,-0.0714,-0.1114,0.1061,0.7043,0.7043,0.7665,2.9846,0.6842
17.747,0.0458,-0.0714,-0.1113,0.1132,0.7043,0.7043,0.8649,2.9846,0.6842
17.753,0.0458,-0.1415,-0.1113,0.1135,0.6821,0.6821,0.9266,2.6807,0.6842
17.757,0.0458,-0.1415,-0.1113,0.1135,0.6829,0.6829,0.9266,2.8715,0.6842
17.760,0.0645,-0.1415,-0.1114,0.0629,0.6829,0.6829,0.8585,2.8715,0.6842
17.763,0.0645,-0.1993,-0.1115,0.0629,0.8391,0.7774,0.8585,3.0819,0.6842
17.767,0.0645,-0.1993,-0.1116,0.0629,0.8391,0.8391,0.8585,3.0819,0.6842
17.770,0.0645,-0.1993,-0.1117,0.0629,0.8391,0.8391,0.8585,3.0819,0.6842
17.773,0.0645,-0.1993,-0.1119,0.0631,0.8391,0.8391,0.9195,3.0819,0.6842
17.777,0.0693,-0.1993,-0.1120,0.1292,0.8398,0.8398,1.0370,3.2704,0.6842
17.781,0.0693,-0.2141,-0.1121,0.1292,0.6355,0.7259,1.0370,2.9074,0.6842
17.784,0.0693,-0.2141,-0.1123,0.1292,0.6355,0.6355,1.0370,2.9074,0.6842
17.788,0.0693,-0.2141,-0.1125,0.1292,0.6355,0.6355,1.0370,2.9074,0.6894
17.791,0.0693,-0.2141,-0.1126,0.1292,0.6355,0.6355,1.0370,2.9074,0.6958
17.794,0.0510,-0.2141,-0.1128,0.1217,0.6355,0.6355,1.0455,2.9074,0.7018
17.799,0.0510,-0.1575,-0.1128,0.1217,0.6567,0.6567,1.0455,3.1799,0.7082
17.802,0.0510,-0.1575,-0.1128,0.1217,0.6567,0.6567,1.0455,3.1799,0.7169
17.805,0.0510,-0.1575,-0.1129,0.1217,0.6567,0.6567,1.0455,3.1799,0.7236
17.809,0.0522,-0.1575,-0.1129,0.1679,0.6567,0.6567,1.0201,3.1799,0.7301
17.813,0.0522,-0.1612,-0.1130,0.1674,0.5140,0.5624,1.0642,3.2587,0.7364
17.821,0.0522,-0.1612,-0.1130,0.1674,0.5125,0.5125,1.0642,3.3952,0.7461
17.825,0.0522,-0.1612,-0.1131,0.1674,0.5125,0.5125,1.0642,3.3952,0.7623
17.828,0.0450,-0.1612,-0.1132,0.1208,0.5125,0.5125,1.1172,3.3952,0.7691
17.832,0.0450,-0.1390,-0.1132,0.1202,0.6564,0.6180,1.1595,3.2315,0.7759
17.837,0.0450,-0.1390,-0.1132,0.1202,0.6544,0.6544,1.1595,3.3624,0.7843
17.841,0.0450,-0.1390,-0.1132,0.1202,0.6544,0.6544,1.1595,3.3624,0.7937
17.845,0.0171,-0.1390,-0.1132,0.2002,0.6544,0.6544,1.1130,3.3624,0.8010
17.849,0.0171,-0.0529,-0.1130,0.2002,0.4071,0.5359,1.1130,3.5064,0.8090
17.853,0.0171,-0.0529,-0.1127,0.1994,0.4071,0.4071,1.1524,3.5064,0.8179
17.857,0.0171,-0.0529,-0.1125,0.1994,0.4045,0.4045,1.1524,3.6284,0.8258
17.861,0.0231,-0.0529,-0.1123,0.1329,0.4045,0.4045,1.1652,3.6284,0.8350
17.865,0.0231,-0.0714,-0.1122,0.1329,0.6100,0.5234,1.1652,3.5890,0.8430
17.869,0.0231,-0.0714,-0.1120,0.1329,0.6100,0.6100,1.1652,3.5890,0.8508
17.872,0.0231,-0.0714,-0.1119,0.1329,0.6100,0.6100,1.1652,3.5890,0.8575
17.875,0.0231,-0.0714,-0.1118,0.1318,0.6100,0.6100,1.2015,3.5890,0.8637
17.879,0.0514,-0.0714,-0.1117,0.1243,0.6067,0.6067,1.2182,3.7013,0.8704
17.883,0.0514,-0.1587,-0.1117,0.1243,0.6300,0.6300,1.2182,3.6496,0.8784
17.886,0.0514,-0.1587,-0.1118,0.1243,0.6300,0.6300,1.2182,3.6496,0.8859
17.890,0.0514,-0.1587,-0.1118,0.1243,0.6300,0.6300,1.2182,3.6496,0.8924
17.897,0.0319,-0.1587,-0.1119,0.1854,0.6300,0.6300,1.2943,3.6496,0.8993
17.902,0.0319,-0.0984,-0.1117,0.1854,0.4327,0.4327,1.2943,3.6162,0.9079
17.906,0.0319,-0.0984,-0.1116,0.1854,0.4327,0.4327,1.2943,3.6162,0.9079
17.909,0.0183,-0.0984,-0.1115,0.1882,0.4327,0.4327,1.2011,3.6162,0.9079
17.912,0.0183,-0.0566,-0.1114,0.1866,0.4241,0.4241,1.2296,3.9042,0.9079
17.917,0.0183,-0.0566,-0.1112,0.1866,0.4190,0.4190,1.2296,3.9924,0.9079
17.921,0.0183,-0.0566,-0.1110,0.1866,0.4190,0.4190,1.2296,3.9924,0.9079
17.929,0.0816,-0.0566,-0.1108,0.1472,0.4190,0.4190,1.2703,3.9924,0.9079
17.933,0.0816,-0.2522,-0.1114,0.1452,0.5409,0.5409,1.2947,3.8669,0.9079
17.937,0.0816,-0.2522,-0.1116,0.1452,0.5349,0.5349,1.2947,3.9424,0.9079
17.940,0.0816,-0.2522,-0.1119,0.1452,0.5349,0.5349,1.2947,3.9424,0.9079
17.944,0.0119,-0.2522,-0.1121,0.2113,0.5349,0.5349,1.3130,3.9424,0.9079
17.948,0.0119,-0.0369,-0.1119,0.2113,0.3307,0.4389,1.3130,3.8858,0.9079
17.952,0.0119,-0.0369,-0.1115,0.2113,0.3307,0.3307,1.3130,3.8858,0.9079
17.956,0.0119,-0.0369,-0.1112,0.2091,0.3307,0.3307,1.3331,3.8858,0.9079
17.960,0.0470,-0.0369,-0.1109,0.1518,0.3239,0.3239,1.3180,3.9480,0.9079
17.964,0.0470,-0.1452,-0.1110,0.1518,0.5010,0.4444,1.3180,3.9948,0.9079
17.968,0.0470,-0.1452,-0.1110,0.1518,0.5010,0.5010,1.3180,3.9948,0.9079
17.972,0.0470,-0.1452,-0.1110,0.1518,0.5010,0.5010,1.3180,3.9948,0.9079
17.975,0.0470,-0.1452,-0.1110,0.1494,0.5010,0.5010,1.3362,3.9948,0.9079
17.979,0.0685,-0.1452,-0.1111,0.1562,0.4936,0.4936,1.3254,4.0510,0.9079
17.983,0.0685,-0.2116,-0.1112,0.1562,0.4727,0.4727,1.3254,4.0842,0.9079
17.987,0.0685,-0.2116,-0.1114,0.1562,0.4727,0.4727,1.3254,4.0842,0.9079
17.991,0.0685,-0.2116,-0.1116,0.1562,0.4727,0.4727,1.3254,4.0842,0.9079
17.994,0.0068,-0.2116,-0.1117,0.1627,0.4727,0.4727,1.4078,4.0842,0.9079
17.999,0.0068,-0.0209,-0.1115,0.1627,0.4363,0.4363,1.4078,3.9253,0.9079
18.003,0.0068,-0.0209,-0.1111,0.1627,0.4363,0.4363,1.4078,3.9253,0.9079
18.007,0.0068,-0.0209,-0.1108,0.1627,0.4363,0.4363,1.4078,3.9253,0.9079
18.010,0.0518,-0.0209,-0.1105,0.1611,0.4363,0.4363,1.3270,3.9253,0.9079
18.015,0.0518,-0.1600,-0.1105,0.1579,0.4412,0.4412,1.3266,4.1751,0.9079
18.020,0.0518,-0.1600,-0.1106,0.1579,0.4314,0.4314,1.3266,4.1740,0.9079
18.024,0.0518,-0.1600,-0.1107,0.1579,0.4314,0.4314,1.3266,4.1740,0.9079
18.029,0.0621,-0.1600,-0.1107,0.1623,0.4314,0.4314,1.4170,4.1740,0.9079
18.037,0.0621,-0.1919,-0.1109,0.1589,0.4179,0.4179,1.4097,3.8947,0.9079
18.041,0.0621,-0.1919,-0.1112,0.1589,0.4073,0.4073,1.4097,3.8720,0.9079
18.049,0.0625,-0.1919,-0.1113,0.1888,0.4073,0.4073,1.2934,3.8720,0.9079
18.055,0.0625,-0.1932,-0.1116,0.1852,0.3151,0.3151,1.2817,4.2313,0.9079
18.059,0.0394,-0.1932,-0.1118,0.1888,0.3041,0.3041,1.3095,4.1950,0.9079
18.063,0.0394,-0.1218,-0.1118,0.1888,0.2930,0.2930,1.3095,4.1089,0.9079
18.067,0.0394,-0.1218,-0.1117,0.1888,0.2930,0.2930,1.3095,4.1089,0.9079
18.071,0.0394,-0.1218,-0.1117,0.1888,0.2930,0.2930,1.3095,4.1089,0.9079
18.074,0.0394,-0.1218,-0.1117,0.1852,0.2930,0.2930,1.2930,4.1089,0.9079
18.079,0.0259,-0.1218,-0.1116,0.1736,0.2817,0.2817,1.3460,4.0578,0.9079
18.083,0.0259,-0.0800,-0.1115,0.1736,0.3174,0.3174,1.3460,3.8942,0.9079
18.086,0.0259,-0.0800,-0.1114,0.1736,0.3174,0.3174,1.3460,3.8942,0.9079
18.090,0.0259,-0.0800,-0.1112,0.1736,0.3174,0.3174,1.3460,3.8942,0.9079
18.094,0.0450,-0.0800,-0.1111,0.1527,0.3174,0.3174,1.2263,3.8942,0.9079
18.098,0.0450,-0.1390,-0.1111,0.1527,0.3513,0.3513,1.2263,3.8295,0.9079
18.102,0.0450,-0.1390,-0.1112,0.1527,0.3513,0.3513,1.2263,3.8295,0.9079
18.106,0.0450,-0.1390,-0.1112,0.1527,0.3513,0.3513,1.2263,3.8295,0.9079
18.109,0.0482,-0.1390,-0.1112,0.1507,0.3513,0.3513,1.2032,3.8295,0.9079
18.113,0.0482,-0.1489,-0.1112,0.1431,0.3575,0.3575,1.0175,3.9009,0.9079
18.118,0.0482,-0.1489,-0.1112,0.1431,0.3339,0.3339,1.0175,3.3270,0.9079
18.122,0.0482,-0.1489,-0.1113,0.1431,0.3339,0.3339,1.0175,3.3270,0.9079
18.125,0.0307,-0.1489,-0.1113,0.1686,0.3339,0.3339,1.0697,3.3270,0.9079
18.129,0.0307,-0.0947,-0.1112,0.1686,0.2552,0.2552,1.0697,3.1658,0.9079
18.134,0.0307,-0.0947,-0.1111,0.1639,0.2552,0.2552,0.9974,3.1658,0.9079
18.139,0.0307,-0.0947,-0.1110,0.1639,0.2408,0.2408,0.9974,2.9425,0.9079
18.147,0.0370,-0.0947,-0.1109,0.1524,0.2408,0.2408,1.0603,2.9425,0.9079
18.151,0.0370,-0.1144,-0.1108,0.1524,0.2765,0.2765,1.0603,2.7481,0.9079
18.155,0.0370,-0.1144,-0.1108,0.1480,0.2765,0.2765,0.9942,2.7481,0.9079
18.160,0.0024,-0.1144,-0.1107,0.1277,0.2629,0.2629,0.9842,2.5438,0.9079
18.163,0.0024,-0.0074,-0.1104,0.1277,0.3256,0.3256,0.9842,2.5746,0.9079
18.167,0.0024,-0.0074,-0.1101,0.1277,0.3256,0.3256,0.9842,2.5746,0.9079
18.171,0.0024,-0.0074,-0.1099,0.1277,0.3256,0.3256,0.9842,2.5746,0.9079
18.175,0.0024,-0.0074,-0.1096,0.1234,0.3256,0.3256,0.9184,2.5746,0.9079
18.179,0.0613,-0.0074,-0.1093,0.1676,0.3124,0.3124,0.7973,2.3711,0.9079
18.183,0.0613,-0.1895,-0.1094,0.1676,0.1758,0.1912,0.7973,2.7452,0.9079
18.186,0.0613,-0.1895,-0.1096,0.1676,0.1758,0.1758,0.7973,2.7452,0.9079
18.190,0.0613,-0.1895,-0.1097,0.1676,0.1758,0.1758,0.7973,2.7452,0.9079
18.194,0.0458,-0.1895,-0.1098,0.1244,0.1758,0.1758,0.6678,2.7452,0.9079
18.203,0.0458,-0.1415,-0.1098,0.1244,0.2835,0.2823,0.6678,2.7312,0.9079
18.208,0.0458,-0.1415,-0.1099,0.1244,0.2835,0.2835,0.6678,2.7312,0.9079
18.212,0.0219,-0.1415,-0.1099,0.0766,0.2835,0.2835,0.7371,2.7312,0.9079
18.216,0.0219,-0.0677,-0.1098,0.0723,0.4312,0.3838,0.6588,2.5172,0.9079
18.222,0.0219,-0.0677,-0.1096,0.0723,0.4179,0.4179,0.6588,2.2754,0.9079
18.225,0.0283,-0.0677,-0.1095,0.1504,0.4179,0.4179,0.7142,2.2754,0.9079
18.231,0.0283,-0.0874,-0.1094,0.1504,0.1768,0.3095,0.7142,2.1043,0.9079
18.235,0.0283,-0.0874,-0.1092,0.1462,0.1768,0.1768,0.6342,2.1043,0.9079
18.243,0.0530,-0.0874,-0.1091,0.0769,0.1639,0.1639,0.6171,1.8572,0.9079
18.252,0.0530,-0.1636,-0.1093,0.0729,0.3780,0.3780,0.5374,1.9101,0.9079
18.258,0.0530,-0.1636,-0.1095,0.0729,0.3655,0.3655,0.5374,1.6639,0.9079
18.263,0.0315,-0.1636,-0.1096,0.1426,0.3655,0.3655,0.5605,1.6639,0.9079
18.268,0.0315,-0.0972,-0.1095,0.1426,0.1501,0.2082,0.5605,1.5925,0.9079
18.272,0.0315,-0.0972,-0.1094,0.1387,0.1501,0.1501,0.4812,1.5925,0.9079
18.279,0.0199,-0.0972,-0.1093,0.1665,0.1381,0.1381,0.5203,1.3477,0.9079
18.284,0.0199,-0.0615,-0.1091,0.1665,0.0520,0.0520,0.5203,1.2271,0.9079
18.289,0.0199,-0.0615,-0.1089,0.1665,0.0520,0.0520,0.5203,1.2271,0.9079
18.295,0.0279,-0.0615,-0.1087,0.1214,0.0520,0.0520,0.4379,1.2271,0.9079
18.302,0.0279,-0.0861,-0.1085,0.1214,0.1683,0.1683,0.4379,0.9970,0.9079
18.306,0.0279,-0.0861,-0.1084,0.1214,0.1683,0.1683,0.4379,0.9970,0.9079
18.311,0.0442,-0.0861,-0.1083,0.1835,0.1683,0.1683,0.3502,0.9970,0.9079
18.317,0.0442,-0.1366,-0.1083,0.1799,-0.0236,-0.0039,0.2728,1.2677,0.9079
18.323,0.0442,-0.1366,-0.1083,0.1799,-0.0348,-0.0348,0.2728,1.0285,0.9079
18.327,-0.0004,-0.1366,-0.1084,0.1010,-0.0348,-0.0348,0.1590,1.0285,0.9079
18.332,-0.0004,0.0012,-0.1080,0.0977,0.2089,0.1473,0.0922,1.3804,0.9079
18.338,-0.0004,0.0012,-0.1077,0.0977,0.1987,0.1987,0.0922,1.1742,0.9079
18.343,-0.0402,0.0012,-0.1073,0.1615,0.1987,0.1987,0.3283,1.1742,0.9079
18.350,-0.0402,0.1243,-0.1066,0.1615,0.0018,0.0552,0.3283,0.4446,0.9079
18.362,0.0749,0.1243,-0.1055,0.0483,0.0018,0.0018,0.1537,0.4446,0.9079
18.370,0.0749,-0.2313,-0.1063,0.0483,0.3338,0.3338,0.1537,0.6999,0.9079
18.375,0.0749,-0.2313,-0.1068,0.0456,0.3338,0.3338,0.1114,0.6999,0.9079
18.381,0.0255,-0.2313,-0.1071,0.1002,0.3255,0.3255,0.1556,0.5689,0.9079
18.386,0.0255,-0.0787,-0.1069,0.1002,0.1569,0.1569,0.1556,0.4323,0.9079
18.390,0.0255,-0.0787,-0.1068,0.1002,0.1569,0.1569,0.1556,0.4323,0.9079
18.394,-0.0426,-0.0787,-0.1067,0.0881,0.1569,0.1569,0.1417,0.4323,0.9079
18.400,-0.0426,0.1317,-0.1060,0.0881,0.1786,0.1786,0.1417,0.2370,0.9079
18.403,-0.0426,0.1317,-0.1052,0.0881,0.1786,0.1786,0.1417,0.2370,0.9079
18.407,-0.0426,0.1317,-0.1047,0.0881,0.1786,0.1786,0.1417,0.2370,0.9079
18.412,0.0342,0.1317,-0.1041,0.1247,0.1786,0.1786,0.2062,0.2370,0.9079
18.417,0.0342,-0.1058,-0.1041,0.1223,0.0654,0.0654,0.1684,0.0377,0.9079
18.421,0.0342,-0.1058,-0.1041,0.1223,0.0580,0.0580,0.1684,-0.0791,0.9079
18.425,0.0342,-0.1058,-0.1040,0.1223,0.0580,0.0580,0.1684,-0.0791,0.9079
18.429,-0.0530,-0.1058,-0.1040,0.1076,0.0580,0.0580,0.1011,-0.0791,0.9079
18.433,-0.0530,0.1636,-0.1034,0.1053,0.1036,0.1036,0.0635,0.1288,0.9079
18.438,-0.0530,0.1636,-0.1028,0.1053,0.0966,0.0966,0.0635,0.0126,0.9079
18.442,-0.0530,0.1636,-0.1020,0.1053,0.0966,0.0966,0.0635,0.0126,0.9079
18.445,-0.0032,0.1636,-0.1014,0.0973,0.0966,0.0966,0.0404,0.0126,0.9079
18.451,-0.0032,0.0098,-0.1011,0.0973,0.1212,0.1212,0.0404,0.0840,0.9079
18.458,-0.0032,0.0098,-0.1008,0.0952,0.1212,0.1212,0.0033,0.0840,0.9079
18.463,-0.0299,0.0098,-0.1003,0.1195,0.1146,0.1146,-0.0386,-0.0309,0.9079
18.467,-0.0299,0.0923,-0.0999,0.1195,0.0395,0.0395,-0.0386,0.0983,0.9079
18.471,-0.0299,0.0923,-0.0993,0.1195,0.0395,0.0395,-0.0386,0.0983,0.9079
18.474,-0.0299,0.0923,-0.0990,0.1171,0.0395,0.0395,-0.1032,0.0983,0.9079
18.478,0.0231,0.0923,-0.0985,0.1175,0.0321,0.0321,-0.1127,-0.1013,0.9079
18.483,0.0231,-0.0714,-0.0985,0.1175,0.0308,0.0308,-0.1127,-0.0718,0.9079
18.487,0.0231,-0.0714,-0.0984,0.1175,0.0308,0.0308,-0.1127,-0.0718,0.9079
18.491,0.0231,-0.0714,-0.0983,0.1175,0.0308,0.0308,-0.1127,-0.0718,0.9079
18.494,-0.0227,-0.0714,-0.0983,0.1315,0.0308,0.0308,-0.1882,-0.0718,0.9079
18.499,-0.0227,0.0701,-0.0980,0.1315,-0.0267,-0.0267,-0.1882,-0.2459,0.9079
18.503,-0.0227,0.0701,-0.0974,0.1315,-0.0267,-0.0267,-0.1882,-0.2459,0.9079
18.512,-0.0127,0.0701,-0.0971,0.0996,-0.0267,-0.0267,-0.1844,-0.2459,0.9079
18.520,-0.0127,0.0394,-0.0966,0.0996,0.0591,0.0591,-0.1844,-0.6378,0.9079
18.523,-0.0127,0.0394,-0.0962,0.0996,0.0591,0.0591,-0.1844,-0.6378,0.9079
18.528,-0.0207,0.0394,-0.0960,0.0840,0.0591,0.0591,-0.1987,-0.6378,0.9079
18.531,-0.0207,0.0640,-0.0956,0.0840,0.1071,0.1071,-0.1987,-0.5936,0.9079
18.535,-0.0207,0.0640,-0.0953,0.0820,0.1071,0.1071,-0.2620,-0.5936,0.9079
18.539,-0.0207,0.0640,-0.0949,0.0820,0.1008,0.1008,-0.2620,-0.7891,0.9079
18.543,-0.0342,0.0640,-0.0946,0.0701,0.1008,0.1008,-0.2875,-0.7891,0.9079
18.547,-0.0342,0.1058,-0.0941,0.0701,0.1378,0.1378,-0.2875,-0.7104,0.9079
18.551,-0.0342,0.1058,-0.0937,0.0701,0.1378,0.1378,-0.2875,-0.7104,0.9079
18.555,-0.0342,0.1058,-0.0933,0.0682,0.1378,0.1378,-0.3481,-0.7104,0.9079
18.560,-0.0127,0.1058,-0.0929,0.0582,0.1319,0.1319,-0.2908,-0.8976,0.9079
18.568,-0.0127,0.0394,-0.0926,0.0582,0.1627,0.1627,-0.2908,-1.0748,0.9079
18.573,-0.0127,0.0394,-0.0922,0.0566,0.1627,0.1627,-0.3410,-1.0748,0.9079
18.578,0.0040,0.0394,-0.0920,0.0645,0.1576,0.1576,-0.3939,-1.2298,0.9079
18.582,0.0040,-0.0123,-0.0918,0.0645,0.1330,0.1330,-0.3939,-1.0662,0.9079
18.586,0.0040,-0.0123,-0.0916,0.0645,0.1330,0.1330,-0.3939,-1.0662,0.9079
18.589,0.0040,-0.0123,-0.0914,0.0645,0.1330,0.1330,-0.3939,-1.0662,0.9079
18.593,-0.0311,-0.0123,-0.0912,0.0614,0.1330,0.1330,-0.3756,-1.0662,0.9079
18.597,-0.0311,0.0960,-0.0909,0.0614,0.1332,0.1332,-0.3756,-1.4010,0.9079
18.600,-0.0311,0.0960,-0.0905,0.0614,0.1332,0.1332,-0.3756,-1.4010,0.9079
18.604,-0.0311,0.0960,-0.0901,0.0614,0.1332,0.1332,-0.3756,-1.4010,0.9079
18.607,-0.0311,0.0960,-0.0898,0.0614,0.1332,0.1332,-0.3756,-1.4010,0.9079
18.610,0.0267,0.0960,-0.0895,0.0774,0.1332,0.1332,-0.4139,-1.4010,0.9079
18.614,0.0267,-0.0824,-0.0895,0.0759,0.0840,0.0840,-0.4546,-1.2829,0.9079
18.618,0.0267,-0.0824,-0.0895,0.0759,0.0796,0.0796,-0.4546,-1.4087,0.9079
18.621,0.0267,-0.0824,-0.0895,0.0759,0.0796,0.0796,-0.4546,-1.4087,0.9079
18.624,0.0267,-0.0824,-0.0896,0.0759,0.0796,0.0796,-0.4546,-1.4087,0.9079
18.628,-0.0072,-0.0824,-0.0896,0.0576,0.0796,0.0796,-0.4438,-1.4087,0.9079
18.631,-0.0072,0.0221,-0.0894,0.0576,0.1362,0.1362,-0.4438,-1.4419,0.9079
18.635,-0.0072,0.0221,-0.0893,0.0563,0.1362,0.1362,-0.4803,-1.4419,0.9079
18.639,-0.0072,0.0221,-0.0891,0.0563,0.1321,0.1321,-0.4803,-1.5546,0.9079
18.642,-0.0024,0.0221,-0.0890,0.0917,0.1321,0.1321,-0.5627,-1.5546,0.9079
18.645,-0.0024,0.0074,-0.0888,0.0917,0.0226,0.0344,-0.5627,-1.2999,0.9079
18.649,-0.0024,0.0074,-0.0887,0.0917,0.0226,0.0226,-0.5627,-1.2999,0.9079
18.653,-0.0024,0.0074,-0.0885,0.0905,0.0226,0.0226,-0.5943,-1.2999,0.9079
18.662,-0.0159,0.0074,-0.0884,0.0634,0.0187,0.0187,-0.5999,-1.3976,0.9079
18.673,-0.0159,0.0492,-0.0880,0.0622,0.1024,0.1024,-0.6265,-1.3803,0.9079
18.684,-0.0227,0.0492,-0.0875,0.0717,0.0987,0.0987,-0.6389,-1.4626,0.9079
18.692,0.0115,0.0701,-0.0867,0.0487,0.0691,0.0691,-0.5849,-1.4244,0.9079
18.701,0.0115,-0.0357,-0.0864,0.0487,0.1332,0.1332,-0.5849,-1.7277,0.9079
18.707,0.0115,-0.0357,-0.0860,0.0487,0.1332,0.1332,-0.5849,-1.7277,0.9079
18.712,-0.0490,-0.0357,-0.0858,0.0790,0.1332,0.1332,-0.6279,-1.7277,0.9079
18.719,-0.0490,0.1513,-0.0852,0.0778,0.0397,0.0397,-0.6529,-1.5948,0.9079
18.726,-0.0327,0.1513,-0.0843,0.0714,0.0360,0.0360,-0.6525,-1.6721,0.9079
18.732,-0.0327,0.1009,-0.0837,0.0714,0.0557,0.0557,-0.6525,-1.6733,0.9079
18.739,-0.0327,0.1009,-0.0831,0.0702,0.0557,0.0557,-0.6733,-1.6733,0.9079
18.745,-0.0203,0.1009,-0.0825,0.0308,0.0521,0.0521,-0.6236,-1.7377,0.9079
18.751,-0.0203,0.0628,-0.0820,0.0308,0.1739,0.1739,-0.6236,-1.8915,0.9079
18.756,-0.0203,0.0628,-0.0816,0.0296,0.1739,0.1739,-0.6392,-1.8915,0.9079
18.761,-0.0358,0.0628,-0.0813,0.0579,0.1704,0.1704,-0.7507,-1.9397,0.9079
18.767,-0.0358,0.1107,-0.0808,0.0579,0.0830,0.0830,-0.7507,-1.5952,0.9079
18.772,-0.0358,0.1107,-0.0803,0.0579,0.0830,0.0830,-0.7507,-1.5952,0.9079
18.777,-0.0366,0.1107,-0.0799,0.0210,0.0830,0.0830,-0.6394,-1.5952,0.9079
18.785,-0.0366,0.1132,-0.0794,0.0210,0.1904,0.1904,-0.6394,-1.9479,0.9079
18.793,-0.0629,0.1132,-0.0786,0.0505,0.1904,0.1904,-0.6014,-1.9479,0.9052
18.799,-0.0629,0.1944,-0.0775,0.0505,0.0920,0.0920,-0.6014,-2.0371,0.8939
18.803,-0.0629,0.1944,-0.0767,0.0505,0.0920,0.0920,-0.6014,-2.0371,0.8865
18.807,-0.0629,0.1944,-0.0762,0.0505,0.0920,0.0920,-0.6014,-2.0371,0.8813
18.817,-0.0410,0.1944,-0.0756,0.0373,0.0920,0.0920,-0.6118,-2.0371,0.8753
18.823,-0.0410,0.1267,-0.0746,0.0373,0.1250,0.1250,-0.6118,-1.9510,0.8630
18.827,-0.0255,0.1267,-0.0741,0.0564,0.1250,0.1250,-0.6755,-1.9510,0.8558
18.833,-0.0255,0.0787,-0.0738,0.0550,0.0660,0.0660,-0.6614,-1.7541,0.8516
18.837,-0.0255,0.0787,-0.0735,0.0550,0.0616,0.0616,-0.6614,-1.7107,0.8459
18.841,-0.0255,0.0787,-0.0732,0.0550,0.0616,0.0616,-0.6614,-1.7107,0.8414
18.844,-0.0183,0.0787,-0.0730,0.0769,0.0616,0.0616,-0.5651,-1.7107,0.8375
18.848,-0.0183,0.0566,-0.0728,0.0769,-0.0060,-0.0060,-0.5651,-2.0084,0.8332
18.852,-0.0183,0.0566,-0.0726,0.0769,-0.0060,-0.0060,-0.5651,-2.0084,0.8282
18.856,-0.0183,0.0566,-0.0724,0.0753,-0.0060,-0.0060,-0.5489,-2.0084,0.8238
18.860,-0.0211,0.0566,-0.0723,0.0709,-0.0109,-0.0109,-0.6086,-1.9585,0.8195
18.864,-0.0211,0.0652,-0.0720,0.0709,0.0027,0.0027,-0.6086,-1.7739,0.8149
18.868,-0.0211,0.0652,-0.0718,0.0709,0.0027,0.0027,-0.6086,-1.7739,0.8103
18.871,-0.0211,0.0652,-0.0716,0.0709,0.0027,0.0027,-0.6086,-1.7739,0.8064
18.875,-0.0211,0.0652,-0.0714,0.0692,0.0027,0.0027,-0.5892,-1.7739,0.8029
18.879,-0.0550,0.0652,-0.0712,0.0410,-0.0026,-0.0026,-0.5761,-1.7140,0.7996
18.884,-0.0550,0.1698,-0.0708,0.0410,0.0847,0.0847,-0.5761,-1.7546,0.7955
18.890,-0.0550,0.1698,-0.0702,0.0410,0.0847,0.0847,-0.5761,-1.7546,0.7904
18.898,0.0195,0.1698,-0.0696,0.0454,0.0847,0.0847,-0.5809,-1.7546,0.7845
18.903,0.0195,-0.0603,-0.0698,0.0454,0.0591,0.0591,-0.5809,-1.7915,0.7762
18.906,0.0195,-0.0603,-0.0699,0.0454,0.0591,0.0591,-0.5809,-1.7915,0.7717
18.909,-0.0227,-0.0603,-0.0699,0.0641,0.0591,0.0591,-0.5223,-1.7915,0.7684
18.913,-0.0024,0.0701,-0.0698,0.0621,0.0013,0.0013,-0.5290,-1.9724,0.7649
18.918,-0.0024,0.1329,-0.0694,0.0621,-0.0050,-0.0050,-0.5290,-1.9931,0.7608
18.921,-0.0024,0.1329,-0.0690,0.0621,-0.0050,-0.0050,-0.5290,-1.9931,0.7557
18.925,-0.0024,0.1329,-0.0687,0.0621,-0.0050,-0.0050,-0.5290,-1.9931,0.7518
18.929,-0.0406,0.1329,-0.0684,0.0187,-0.0050,-0.0050,-0.5657,-1.9931,0.7480
18.933,-0.0066,0.2510,-0.0678,0.0166,0.1292,0.1142,-0.5664,-1.8799,0.7442
18.937,-0.0066,0.3561,-0.0669,0.0166,0.1226,0.1226,-0.5664,-1.8821,0.7400
18.941,-0.0066,0.3561,-0.0659,0.0166,0.1226,0.1226,-0.5664,-1.8821,0.7355
18.945,0.0201,0.3561,-0.0651,0.0333,0.1226,0.1226,-0.5871,-1.8821,0.7318
18.950,0.0201,0.2737,-0.0645,0.0333,0.0709,0.0709,-0.5871,-1.8182,0.7281
18.953,0.0718,0.2737,-0.0638,0.0311,0.0709,0.0709,-0.5858,-1.8182,0.7238
18.958,0.0718,0.4335,-0.0628,0.0311,0.0641,0.0641,-0.5858,-1.8142,0.7205
18.968,0.0666,0.4335,-0.0616,0.0319,0.0641,0.0641,-0.5954,-1.8142,0.7160
18.974,0.1347,0.4495,-0.0592,0.0296,0.0617,0.0617,-0.5887,-1.7847,0.7075
18.978,0.1726,0.6600,-0.0570,0.0061,0.0547,0.0547,-0.6775,-1.7642,0.7026
18.983,0.1726,0.5431,-0.0557,0.0061,0.1273,0.1273,-0.6775,-1.4898,0.6994
18.988,0.1726,0.5431,-0.0541,0.0061,0.1273,0.1273,-0.6775,-1.4898,0.6959
18.993,0.2677,0.5431,-0.0527,0.0110,0.1273,0.1273,-0.6209,-1.4898,0.6925
19.003,0.2677,0.7584,-0.0505,0.0110,0.0979,0.0979,-0.6209,-1.5904,0.6888
19.007,0.2677,0.7584,-0.0465,0.0110,0.0979,0.0979,-0.6209,-1.5904,0.6842
19.012,0.2255,0.7584,-0.0446,0.0213,0.0979,0.0979,-0.4768,-1.5904,0.6842
19.017,0.3200,0.8888,-0.0425,0.0190,0.0659,0.0659,-0.4587,-2.0358,0.6842
19.022,0.3200,1.1808,-0.0392,0.0190,0.0586,0.0586,-0.4587,-1.9802,0.6842
19.026,0.2499,1.1808,-0.0359,0.0078,0.0586,0.0586,-0.4834,-1.9802,0.6842
19.031,0.2499,1.3973,-0.0328,0.0078,0.0930,0.0930,-0.4834,-1.9039,0.6842
19.036,0.3595,1.3973,-0.0290,0.0054,0.0930,0.0930,-0.4605,-1.9039,0.6842
19.041,0.3595,1.7358,-0.0244,0.0054,0.0857,0.0857,-0.4605,-1.8329,0.6842
19.045,0.5112,1.7358,-0.0199,-0.1108,0.0857,0.0857,-0.3394,-1.8329,0.6842
19.050,0.5112,1.2670,-0.0168,-0.1108,0.4450,0.2253,-0.3394,-2.2070,0.6842
19.055,0.6291,1.2670,-0.0135,-0.1132,0.4450,0.3750,-0.3120,-2.2070,0.6842
19.060,0.6482,1.6315,-0.0095,0.1596,0.4377,0.4377,-0.3359,-2.1224,0.6842
19.064,0.6482,1.5724,-0.0053,0.1596,-0.4052,0.1285,-0.3359,-2.0486,0.6842
19.069,0.6482,1.5724,-0.0019,0.1596,-0.4052,-0.1188,-0.3359,-2.0486,0.6842
19.073,0.7737,1.5724,0.0018,0.1575,-0.4052,-0.3826,-0.3373,-2.0486,0.6842
19.078,0.5188,1.9600,0.0059,-0.0292,-0.4115,-0.4115,-0.5986,-2.0529,0.6842
19.082,0.5188,2.7474,0.0112,-0.0292,0.1656,-0.1095,-0.5986,-1.2457,0.6842
19.086,0.5188,2.7474,0.0158,-0.0292,0.1656,0.0368,-0.5986,-1.2457,0.6842
19.090,0.5188,2.7474,0.0202,-0.0292,0.1656,0.1640,-0.5986,-1.2457,0.6842
19.095,0.6202,2.7474,0.0243,0.0432,0.1656,0.1656,-0.4927,-1.2457,0.6842
19.101,0.6202,3.2404,0.0291,0.0432,-0.0707,-0.0422,-0.4927,-1.5733,0.6842
19.111,0.7070,3.2404,0.0358,-0.0010,-0.0707,-0.0707,-0.4844,-1.5733,0.6842
19.121,0.8463,2.9721,0.0466,-0.0111,0.0658,0.0658,-0.4788,-1.5992,0.6842
19.127,0.9049,3.4027,0.0566,-0.0072,0.0345,0.0345,-0.4892,-1.5820,0.6842
19.132,0.9049,3.2218,0.0627,-0.0072,0.0221,0.0221,-0.4892,-1.5501,0.6842
19.136,1.0564,3.2218,0.0676,-0.0072,0.0221,0.0221,-0.4957,-1.5501,0.6842
19.141,1.0564,3.6900,0.0718,-0.0072,0.0221,0.0221,-0.4957,-1.5703,0.6842
19.146,0.9859,3.6900,0.0773,-0.0131,0.0221,0.0221,-0.4380,-1.5703,0.6842
19.151,0.9859,3.9077,0.0827,-0.0131,0.0406,0.0406,-0.4380,-1.7487,0.6842
19.155,1.1355,3.9077,0.0874,-0.0131,0.0406,0.0406,-0.4410,-1.7487,0.6842
19.161,1.1586,4.3700,0.0883,-0.0295,0.0406,0.0406,-0.5354,-1.7581,0.6842
19.165,1.1586,4.2987,0.0883,-0.0295,0.0911,0.0911,-0.5354,-1.4665,0.6842
19.169,1.1586,4.2987,0.0883,-0.0295,0.0911,0.0911,-0.5354,-1.4665,0.6842
19.173,1.3111,4.2987,0.0883,-0.0295,0.0911,0.0911,-0.5135,-1.4665,0.6842
19.177,1.3099,4.7700,0.0883,0.0307,0.0911,0.0911,-0.5589,-1.3988,0.6842
19.182,1.3099,4.7737,0.0883,0.0307,-0.0947,-0.0947,-0.5589,-1.2585,0.6842
19.185,1.3099,4.7737,0.0883,0.0307,-0.0947,-0.0947,-0.5589,-1.2585,0.6842
19.189,1.3099,4.7737,0.0883,0.0307,-0.0947,-0.0947,-0.5589,-1.2585,0.6842
19.193,1.4888,4.7737,0.0883,0.0342,-0.0947,-0.0947,-0.4901,-1.2585,0.6842
19.198,1.4888,5.1688,0.0883,0.0342,-0.1058,-0.1058,-0.4901,-1.2749,0.6842
19.203,1.4888,5.1688,0.0883,0.0342,-0.1058,-0.1058,-0.4901,-1.2749,0.6842
19.211,1.4565,5.1688,0.0883,-0.0956,-0.1058,-0.1058,-0.3372,-1.2749,0.6842
19.217,1.6121,5.2685,0.0883,-0.0956,0.2953,0.2502,-0.2992,-1.7474,0.6842
19.221,1.6121,5.7492,0.0883,-0.0956,0.2953,0.2953,-0.2992,-1.6299,0.6842
19.225,1.6121,5.7492,0.0883,-0.0956,0.2953,0.2953,-0.2992,-1.6299,0.6842
19.229,1.5974,5.7492,0.0883,-0.0709,0.2953,0.2953,-0.3577,-1.6299,0.6842
19.233,1.7544,5.7947,0.0883,-0.0709,0.2190,0.2190,-0.3338,-1.4490,0.6842
19.237,1.7544,6.2798,0.0883,-0.0709,0.2190,0.2190,-0.3338,-1.3750,0.6842
19.241,1.7544,6.2798,0.0883,-0.0709,0.2190,0.2190,-0.3338,-1.3750,0.6842
19.245,1.7954,6.2798,0.0883,-0.0490,0.2190,0.2190,-0.3593,-1.3750,0.6842
19.249,1.7954,6.1530,0.0883,-0.0490,0.1513,0.1513,-0.3593,-1.2963,0.6842
19.253,1.9326,6.1530,0.0883,-0.0490,0.1513,0.1513,-0.3327,-1.2963,0.6842
19.257,1.9326,6.5772,0.0883,-0.0490,0.1513,0.1513,-0.3327,-1.2142,0.6842
19.262,1.9135,6.5772,0.0883,-0.0486,0.1513,0.1513,-0.3379,-1.2142,0.6842
19.270,1.9135,6.6363,0.0883,-0.0486,0.1501,0.1501,-0.3379,-1.1982,0.6842
19.275,2.0175,6.6363,0.0883,-0.0131,0.1501,0.1501,-0.3430,-1.1982,0.6842
19.280,2.0175,7.0534,0.0883,-0.0131,0.0406,0.0406,-0.3430,-1.0884,0.6842
19.285,2.0175,7.0534,0.0883,-0.0131,0.0406,0.0406,-0.3430,-1.0884,0.6842
19.288,2.0175,7.0534,0.0883,-0.0131,0.0406,0.0406,-0.3430,-1.0884,0.6842
19.292,2.0780,7.0534,0.0883,-0.0076,0.0406,0.0406,-0.4075,-1.0884,0.6842
19.296,2.1811,6.8664,0.0883,-0.0181,0.0234,0.0234,-0.4042,-0.8890,0.6842
19.301,2.1811,7.1851,0.0883,-0.0181,-0.0092,-0.0092,-0.4042,-0.8791,0.6842
19.304,2.1811,7.1851,0.0883,-0.0181,-0.0092,-0.0092,-0.4042,-0.8791,0.6842
19.309,2.1433,7.1851,0.0883,-0.0058,-0.0092,-0.0092,-0.4126,-0.8791,0.6842
19.317,2.2313,7.3020,0.0883,-0.0185,-0.0473,-0.0473,-0.4093,-0.8533,0.6842
19.322,2.2313,7.5739,0.0883,-0.0185,-0.0867,-0.0867,-0.4093,-0.8430,0.6842
19.326,2.2408,7.5739,0.0883,-0.0428,-0.0867,-0.0867,-0.3774,-0.8430,0.6842
19.330,2.2408,7.5443,0.0883,-0.0428,-0.0116,-0.0116,-0.3774,-0.9414,0.6842
19.334,2.3147,7.5443,0.0883,-0.0580,-0.0116,-0.0116,-0.3672,-0.9414,0.6842
19.339,2.3147,7.7727,0.0883,-0.0580,-0.0587,-0.0587,-0.3672,-0.9097,0.6842
19.343,2.3462,7.7727,0.0883,-0.0525,-0.0587,-0.0587,-0.3496,-0.9097,0.6842
19.347,2.3462,7.6754,0.0883,-0.0525,-0.0760,-0.0760,-0.3496,-0.9639,0.6842
19.351,2.3462,7.6754,0.0883,-0.0525,-0.0760,-0.0760,-0.3496,-0.9639,0.6842
19.355,2.4074,7.6754,0.0883,-0.0702,-0.0760,-0.0760,-0.3411,-0.9639,0.6842
19.360,2.3481,7.8646,0.0883,-0.0404,-0.1309,-0.1309,-0.3554,-0.9374,0.6842
19.364,2.3481,8.0480,0.0883,-0.0404,-0.2232,-0.2232,-0.3554,-0.8931,0.6842
19.368,2.3481,8.0480,0.0883,-0.0404,-0.2232,-0.2232,-0.3554,-0.8931,0.6842
19.372,2.3976,8.0480,0.0883,-0.0609,-0.2232,-0.2232,-0.3425,-0.8931,0.6842
19.377,2.4346,8.2009,0.0883,-0.0808,-0.2866,-0.2866,-0.3206,-0.8533,0.6842
19.382,2.4346,8.0865,0.0883,-0.0808,-0.2251,-0.2251,-0.3206,-0.9209,0.6842
19.386,2.4346,8.0865,0.0883,-0.0808,-0.2251,-0.2251,-0.3206,-0.9209,0.6842
19.390,2.4346,8.0865,0.0883,-0.0808,-0.2251,-0.2251,-0.3206,-0.9209,0.6842
19.394,2.4590,8.0865,0.0883,-0.1184,-0.2251,-0.2251,-0.2835,-0.9209,0.6842
19.399,2.4590,8.2528,0.0883,-0.1184,-0.2526,-0.2526,-0.2835,-0.9907,0.6842
19.404,2.4590,8.2528,0.0883,-0.1184,-0.2526,-0.2526,-0.2835,-0.9907,0.6842
19.410,2.4642,8.2528,0.0883,-0.0901,-0.2526,-0.2526,-0.2938,-0.9907,0.6842
19.418,2.4938,8.2368,0.0883,-0.1162,-0.3399,-0.3399,-0.2910,-0.9587,0.6842
19.427,2.4814,8.3283,0.0883,-0.1150,-0.4204,-0.4204,-0.3220,-0.9499,0.6842
19.434,2.5021,8.3665,0.0883,-0.1440,-0.4241,-0.4241,-0.3115,-0.8539,0.6842
19.439,2.5021,8.4303,0.0883,-0.1440,-0.5137,-0.5137,-0.3115,-0.8214,0.6842
19.443,2.5105,8.4303,0.0883,-0.1436,-0.5137,-0.5137,-0.2673,-0.8214,0.6842
19.447,2.5105,8.4045,0.0883,-0.1436,-0.5150,-0.5150,-0.2673,-0.9580,0.6842
19.452,2.5105,8.4045,0.0883,-0.1436,-0.5150,-0.5150,-0.2673,-0.9580,0.6842
19.455,2.5230,8.4045,0.0883,-0.1755,-0.5150,-0.5150,-0.2478,-0.9580,0.6842
19.460,2.5660,8.4432,0.0883,-0.1906,-0.6135,-0.6135,-0.2509,-0.8976,0.6842
19.465,2.5660,8.3103,0.0883,-0.1906,-0.5668,-0.5668,-0.2509,-0.8877,0.6842
19.469,2.5660,8.3103,0.0883,-0.1906,-0.5668,-0.5668,-0.2509,-0.8877,0.6842
19.473,2.5710,8.3103,0.0883,-0.2253,-0.5668,-0.5668,-0.2157,-0.8877,0.6842
19.477,2.5447,8.3257,0.0883,-0.2034,-0.6742,-0.6742,-0.2722,-0.7787,0.6842
19.481,2.5447,8.4069,0.0883,-0.2034,-0.7418,-0.7418,-0.2722,-0.6040,0.6842
19.485,2.5447,8.4069,0.0883,-0.2034,-0.7418,-0.7418,-0.2722,-0.6040,0.6842
19.489,2.5447,8.4069,0.0883,-0.2034,-0.7418,-0.7418,-0.2722,-0.6040,0.6842
19.493,2.5088,8.4069,0.0883,-0.2282,-0.7418,-0.7418,-0.2053,-0.6040,0.6842
19.498,2.5088,8.5103,0.0883,-0.2282,-0.8971,-0.8634,-0.2053,-0.6335,0.6842
19.502,2.5088,8.5103,0.0883,-0.2282,-0.8971,-0.8971,-0.2053,-0.6335,0.6842
19.506,2.5088,8.5103,0.0883,-0.2282,-0.8971,-0.8971,-0.2053,-0.6335,0.6842
19.510,2.5411,8.5103,0.0883,-0.2477,-0.8971,-0.8971,-0.1878,-0.6335,0.6842
19.523,2.5339,8.4106,0.0883,-0.2880,-0.8368,-0.8368,-0.1470,-0.6876,0.6842
19.538,2.5171,8.3883,0.0883,-0.3309,-0.9612,-0.9612,-0.1381,-0.5617,0.6842
19.547,2.4849,8.3660,0.0883,-0.3222,-1.0940,-1.0940,-0.1405,-0.4036,0.6842
19.552,2.4682,8.4656,0.0883,-0.3677,-1.1211,-1.1211,-0.1056,-0.3962,0.6842
19.558,2.4682,8.4143,0.0883,-0.3677,-1.2618,-1.2618,-0.1056,-0.2885,0.6842
19.562,2.4806,8.4143,0.0883,-0.3940,-1.2618,-1.2618,-0.1088,-0.2885,0.6842
19.567,2.4806,8.3762,0.0883,-0.3940,-1.1806,-1.1806,-0.1088,-0.2787,0.6842
19.571,2.4806,8.3762,0.0883,-0.3940,-1.1806,-1.1806,-0.1088,-0.2787,0.6842
19.582,2.4626,8.3762,0.0883,-0.4050,-1.1806,-1.1806,-0.0463,-0.2787,0.6842
19.589,2.4626,8.3034,0.0883,-0.4050,-1.4433,-1.4433,-0.0463,-0.2060,0.6842
19.593,2.4233,8.3034,0.0883,-0.4706,-1.4433,-1.4433,-0.0105,-0.2060,0.6842
19.598,2.4233,8.2729,0.0883,-0.4706,-1.5501,-1.5501,-0.0105,0.0424,0.6842
19.602,2.4233,8.2729,0.0883,-0.4706,-1.5501,-1.5501,-0.0105,0.0424,0.6842
19.607,2.4233,8.2729,0.0883,-0.4706,-1.5501,-1.5501,-0.0105,0.0424,0.6842
19.611,2.4121,8.2729,0.0883,-0.4491,-1.5501,-1.5501,-0.0113,0.0424,0.6842
19.615,2.3846,8.3074,0.0883,-0.5014,-1.6166,-1.6166,0.0478,0.0449,0.6842
19.621,2.3846,8.2223,0.0883,-0.5014,-1.7781,-1.7501,0.0478,0.2273,0.6842
19.628,2.4411,8.2223,0.0883,-0.5085,-1.7781,-1.7781,0.0183,0.2273,0.6842
19.632,2.4411,8.0475,0.0883,-0.5085,-1.7559,-1.7559,0.0183,0.3184,0.6842
19.637,2.4107,8.0475,0.0883,-0.5625,-1.7559,-1.7559,0.0919,0.3184,0.6842
19.641,2.4107,7.9536,0.0883,-0.5625,-1.9227,-1.9041,0.0919,0.5456,0.6842
19.645,2.3498,7.9536,0.0883,-0.5780,-1.9227,-1.9227,0.0616,0.5456,0.6842
19.649,2.3498,8.1419,0.0883,-0.5780,-1.8747,-1.8747,0.0616,0.6391,0.6842
19.653,2.3174,8.1419,0.0883,-0.6339,-1.8747,-1.8747,0.1318,0.6391,0.6842
19.657,2.3174,8.0417,0.0883,-0.6339,-2.0474,-1.9786,0.1318,0.8561,0.6842
19.660,2.3687,8.0417,0.0883,-0.6172,-2.0474,-2.0474,0.1752,0.8561,0.6842
19.664,2.3687,7.8830,0.0883,-0.6172,-2.0991,-2.0991,0.1752,0.7219,0.6842
19.669,2.3687,7.8830,0.0883,-0.6172,-2.0991,-2.0991,0.1752,0.7219,0.6842
19.673,2.3345,7.8830,0.0883,-0.6747,-2.0991,-2.0991,0.2493,0.7219,0.6842
19.678,2.2907,7.7771,0.0883,-0.6859,-2.2768,-2.2152,0.2314,0.9510,0.6842
19.682,2.2907,7.9124,0.0883,-0.6859,-2.2423,-2.2423,0.2314,1.0064,0.6842
19.685,2.2907,7.9124,0.0883,-0.6859,-2.2423,-2.2423,0.2314,1.0064,0.6842
19.688,2.2907,7.9124,0.0883,-0.6859,-2.2423,-2.2423,0.2314,1.0064,0.6842
19.692,2.2841,7.9124,0.0883,-0.7349,-2.2423,-2.2423,0.3680,1.0064,0.6842
19.697,2.2841,7.7099,0.0883,-0.7349,-2.4505,-2.3563,0.3680,1.1970,0.6842
19.701,2.2841,7.7099,0.0883,-0.7349,-2.4505,-2.4505,0.3680,1.1970,0.6842
19.705,2.2841,7.7099,0.0883,-0.7349,-2.4505,-2.4505,0.3680,1.1970,0.6842
19.709,2.3211,7.7099,0.0883,-0.7301,-2.4505,-2.4505,0.2935,1.1970,0.6842
19.713,2.2839,7.5955,0.0883,-0.7892,-2.4653,-2.4653,0.4018,1.4270,0.6842
19.717,2.2839,7.4804,0.0883,-0.7892,-2.6479,-2.5840,0.4018,1.7615,0.6842
19.721,2.2839,7.4804,0.0883,-0.7892,-2.6479,-2.6479,0.4018,1.7615,0.6842
19.730,2.2747,7.4804,0.0883,-0.7733,-2.6479,-2.6479,0.5041,1.7615,0.6842
19.740,2.2367,7.5087,0.0883,-0.8334,-2.6971,-2.6971,0.6130,1.4453,0.6842
19.745,2.1921,7.3911,0.0883,-0.8350,-2.8829,-2.8829,0.6006,1.7818,0.6842
19.750,2.1921,7.5289,0.0883,-0.8350,-2.8780,-2.8780,0.6006,1.8199,0.6842
19.754,2.1534,7.5289,0.0883,-0.8957,-2.8780,-2.8780,0.7170,1.8199,0.6842
19.759,2.1689,7.4095,0.0883,-0.9128,-3.0654,-2.9966,0.7338,2.1796,0.6842
19.762,2.1689,7.3615,0.0883,-0.9128,-3.0124,-3.0124,0.7338,2.1280,0.6842
19.766,2.1689,7.3615,0.0883,-0.9128,-3.0124,-3.0124,0.7338,2.1280,0.6894
19.770,2.1689,7.3615,0.0883,-0.9128,-3.0124,-3.0124,0.7338,2.1280,0.6948
19.774,2.1148,7.3615,0.0883,-0.9749,-3.0124,-3.0124,0.8481,2.1280,0.7002
19.778,2.1530,7.1943,0.0883,-0.9789,-3.2045,-3.1323,0.8175,2.4814,0.7066
19.783,2.1530,7.0761,0.0883,-0.9789,-3.1922,-3.1922,0.8175,2.5761,0.7130
19.787,2.1530,7.0761,0.0883,-0.9789,-3.1922,-3.1922,0.8175,2.5761,0.7207
19.790,2.1530,7.0761,0.0883,-0.9789,-3.1922,-3.1922,0.8175,2.5761,0.7271
19.794,2.0434,7.0761,0.0883,-1.0265,-3.1922,-3.1922,0.9267,2.5761,0.7329
19.799,2.0434,6.9589,0.0883,-1.0265,-3.4378,-3.2980,0.9267,2.9580,0.7393
19.803,2.0434,6.9589,0.0883,-1.0265,-3.4378,-3.4378,0.9267,2.9580,0.7486
19.806,2.0434,6.9589,0.0883,-1.0265,-3.4378,-3.4378,0.9267,2.9580,0.7552
19.809,2.0375,6.9589,0.0883,-1.0086,-3.4378,-3.4378,0.8909,2.9580,0.7611
19.813,1.9463,6.9774,0.0883,-1.0736,-3.4931,-3.4931,1.0051,3.0688,0.7671
19.817,1.9463,6.6958,0.0883,-1.0736,-3.6938,-3.5993,1.0051,3.4218,0.7743
19.821,1.9463,6.6958,0.0883,-1.0736,-3.6938,-3.6938,1.0051,3.4218,0.7831
19.824,1.9463,6.6958,0.0883,-1.0736,-3.6938,-3.6938,1.0051,3.4218,0.7901
19.827,1.9650,6.6958,0.0883,-1.0970,-3.6938,-3.6938,1.0685,3.4218,0.7967
19.833,1.8593,6.6379,0.0883,-1.1632,-3.6212,-3.6212,1.1780,3.2261,0.8028
19.841,1.8593,6.3112,0.0883,-1.1632,-3.8256,-3.7981,1.1780,3.5647,0.8149
19.845,1.8394,6.3112,0.0883,-1.1616,-3.8256,-3.8256,1.1868,3.5647,0.8313
19.849,1.8394,6.3727,0.0883,-1.1616,-3.8305,-3.8305,1.1868,3.5376,0.8386
19.852,1.7193,6.3727,0.0883,-1.2277,-3.8305,-3.8305,1.3101,3.5376,0.8465
19.856,1.7193,6.0017,0.0883,-1.2277,-4.0346,-3.9367,1.3101,3.9185,0.8543
19.860,1.7233,6.0017,0.0883,-1.2149,-4.0346,-4.0000,1.2917,3.9185,0.8631
19.863,1.7233,5.9894,0.0883,-1.2149,-4.0740,-4.0000,1.2917,3.9751,0.8703
19.867,1.7233,5.9894,0.0883,-1.2149,-4.0740,-4.0000,1.2917,3.9751,0.8782
19.870,1.7233,5.9894,0.0883,-1.2149,-4.0740,-4.0000,1.2917,3.9751,0.8863
19.874,1.5917,5.9894,0.0883,-1.2809,-4.0740,-4.0000,1.4219,3.9751,0.8936
19.882,1.5969,5.5827,0.0883,-1.2801,-4.2780,-4.0000,1.3566,4.3773,0.9019
19.887,1.5969,5.5667,0.0883,-1.2801,-4.2804,-4.0000,1.3566,4.5791,0.9079
19.890,1.5969,5.5667,0.0883,-1.2801,-4.2804,-4.0000,1.3566,4.5791,0.9079
19.893,1.4452,5.5667,0.0883,-1.3653,-4.2804,-4.0000,1.5830,4.5791,0.9079
19.898,1.4452,5.1450,0.0883,-1.3653,-4.4229,-4.0000,1.5830,4.7350,0.9079
19.901,1.4452,5.1450,0.0883,-1.3653,-4.4229,-4.0000,1.5830,4.7350,0.9079
19.904,1.4452,5.1450,0.0883,-1.3653,-4.4229,-4.0000,1.5830,4.7350,0.9079
19.908,1.4452,5.1450,0.0883,-1.3653,-4.4229,-4.0000,1.5830,4.7350,0.9079
19.911,1.4285,5.1450,0.0883,-1.3716,-4.4229,-4.0000,1.5807,4.7350,0.9079
19.915,1.2755,5.1967,0.0883,-1.4364,-4.4032,-4.0000,1.7247,4.7424,0.9079
19.919,1.2755,4.7238,0.0883,-1.4364,-4.6035,-4.0000,1.7247,5.1875,0.9079
19.922,1.2755,4.7238,0.0883,-1.4364,-4.6035,-4.0000,1.7247,5.1875,0.9079
19.926,1.3201,4.7238,0.0883,-1.4484,-4.6035,-4.0000,1.6909,5.1875,0.9079
19.930,1.3201,4.5860,0.0883,-1.4484,-4.5666,-4.0000,1.6909,5.2921,0.9079
19.934,1.1575,4.5860,0.0883,-1.5129,-4.5666,-4.0000,1.8269,5.2921,0.9079
19.938,1.1575,4.0835,0.0883,-1.5129,-4.7659,-4.0000,1.8269,5.7126,0.9079
19.946,1.1248,4.0835,0.0883,-1.4771,-4.7659,-4.0000,1.8445,5.7126,0.9079
19.949,1.1248,4.1844,0.0883,-1.4771,-4.8767,-4.0000,1.8445,5.6584,0.9079
19.953,0.9566,4.1844,0.0883,-1.5404,-4.8767,-4.0000,1.9771,5.6584,0.9079
19.957,0.9566,3.6646,0.0883,-1.5404,-5.0724,-4.0000,1.9771,6.0683,0.9079
19.961,0.9721,3.6646,0.0883,-1.5579,-5.0724,-4.0000,1.9592,6.0683,0.9079
19.965,0.9721,3.6166,0.0883,-1.5579,-5.0183,-4.0000,1.9592,6.1236,0.9079
19.968,0.9721,3.6166,0.0883,-1.5579,-5.0183,-4.0000,1.9592,6.1236,0.9079
19.971,0.9721,3.6166,0.0883,-1.5579,-5.0183,-4.0000,1.9592,6.1236,0.9079
19.975,0.7988,3.6166,0.0883,-1.6192,-5.0183,-4.0000,2.0940,6.1236,0.9079
19.979,0.7896,3.0809,0.0883,-1.5870,-5.2077,-4.0000,2.0812,6.5401,0.9079
19.983,0.7896,3.1092,0.0883,-1.5870,-5.3074,-4.0000,2.0812,6.5795,0.9079
19.986,0.7896,3.1092,0.0883,-1.5870,-5.3074,-4.0000,2.0812,6.5795,0.9079
19.990,0.7896,3.1092,0.0883,-1.5870,-5.3074,-4.0000,2.0812,6.5795,0.9079
19.993,0.6129,3.1092,0.0883,-1.6805,-5.3074,-4.0000,2.2398,6.5795,0.9079
19.998,0.6129,2.5387,0.0883,-1.6805,-5.3845,-4.0000,2.2398,6.9071,0.9079
20.001,0.6129,2.5387,0.0883,-1.6805,-5.3845,-4.0000,2.2398,6.9071,0.9079
20.005,0.6129,2.5387,0.0883,-1.6805,-5.3845,-4.0000,2.2398,6.9071,0.9079
20.009,0.6424,2.5387,0.0883,-1.6697,-5.3845,-4.0000,2.2346,6.9071,0.9079
20.012,0.6424,2.4477,0.0883,-1.6697,-5.4178,-4.0000,2.2346,6.9231,0.9079
20.016,0.4595,2.4477,0.0883,-1.7268,-5.4178,-4.0000,2.3557,6.9231,0.9079
20.020,0.4595,1.8825,0.0883,-1.7268,-5.5942,-4.0000,2.3557,7.2973,0.9079
20.024,0.4595,1.8825,0.0883,-1.7268,-5.5942,-4.0000,2.3557,7.2973,0.9079
20.032,0.2293,1.8825,0.0883,-1.7851,-5.5942,-4.0000,2.4574,7.2973,0.9079
20.038,0.2293,1.4222,0.0883,-1.7851,-5.7473,-4.0000,2.4574,7.7320,0.9079
20.041,0.2293,1.4222,0.0883,-1.7851,-5.7473,-4.0000,2.4574,7.7320,0.9079
20.045,0.2524,1.4222,0.0883,-1.7676,-5.7473,-4.0000,2.4454,7.7320,0.9079
20.053,0.0640,1.3508,0.0883,-1.8189,-5.8015,-4.0000,2.5509,7.7689,0.9079
20.058,0.0640,0.7688,0.0883,-1.8189,-5.9600,-4.0000,2.5509,8.0947,0.9079
20.061,0.0222,0.7688,0.0883,-1.8173,-5.9600,-4.0000,2.5787,8.0947,0.9079
20.065,0.0222,0.8980,0.0883,-1.8173,-5.9649,-4.0000,2.5787,8.0086,0.9079
20.068,0.0222,0.8980,0.0883,-1.8173,-5.9649,-4.0000,2.5787,8.0086,0.9079
20.072,-0.1718,0.8980,0.0883,-1.8753,-5.9649,-4.0000,2.5462,8.0086,0.9079
20.076,-0.1069,0.2985,0.0883,-1.8832,-6.1440,-4.0000,2.5745,7.9080,0.9079
20.080,-0.1069,0.0980,0.0883,-1.8832,-6.1194,-4.0000,2.5745,7.8206,0.9079
20.084,-0.1069,0.0980,0.0883,-1.8832,-6.1194,-4.0000,2.5745,7.8206,0.9079
20.088,-0.1069,0.0980,0.0883,-1.8832,-6.1194,-4.0000,2.5745,7.8206,0.9079
20.091,-0.1069,0.0980,0.0883,-1.8832,-6.1194,-4.0000,2.5745,7.8206,0.9079
20.096,-0.3175,0.0980,0.0883,-1.9477,-6.1194,-4.0000,2.2084,7.8206,0.9079
20.101,-0.3175,-0.4768,0.0883,-1.9477,-6.3704,-4.0000,2.2084,7.0291,0.9079
20.104,-0.3175,-0.4768,0.0883,-1.9477,-6.3704,-4.0000,2.2084,7.0291,0.9079
20.108,-0.3175,-0.4768,0.0883,-1.9477,-6.3704,-4.0000,2.2084,7.0291,0.9079
20.111,-0.3414,-0.4768,0.0883,-1.9661,-6.3704,-4.0000,2.2148,7.0291,0.9079
20.115,-0.5167,-0.4029,0.0883,-2.0140,-6.3138,-4.0000,2.1967,7.0095,0.9079
20.119,-0.5167,-0.9445,0.0883,-2.0140,-6.4621,-4.0000,2.1967,6.9537,0.9079
20.123,-0.5167,-0.9445,0.0883,-2.0140,-6.4621,-4.0000,2.1967,6.9537,0.9079
20.126,-0.5167,-0.9445,0.0883,-1.9933,-6.4621,-4.0000,2.2123,6.9537,0.9079
20.129,-0.5167,-0.9445,0.0883,-1.9933,-6.5261,-4.0000,2.2123,6.9057,0.9079
20.134,-0.6737,-0.9445,0.0883,-2.0377,-6.5261,-4.0000,2.1825,6.9057,0.9079
20.138,-0.6737,-1.4296,0.0883,-2.0377,-6.6632,-4.0000,2.1825,6.8136,0.9079
20.141,-0.6737,-1.4296,0.0883,-2.0377,-6.6632,-4.0000,2.1825,6.8136,0.9079
20.144,-0.6649,-1.4296,0.0883,-2.0533,-6.6632,-4.0000,2.1753,6.8136,0.9079
20.149,-0.6649,-1.4567,0.0883,-2.0533,-6.6152,-4.0000,2.1753,6.8358,0.9079
20.156,-0.8092,-1.4567,0.0883,-2.1129,-6.6152,-4.0000,1.7363,6.8358,0.9079
20.161,-0.8251,-1.9024,0.0883,-2.1009,-6.7995,-4.0000,1.7478,5.4791,0.9079
20.165,-0.8251,-1.8532,0.0883,-2.1009,-6.8364,-4.0000,1.7478,5.4434,0.9079
20.169,-0.8251,-1.8532,0.0883,-2.1009,-6.8364,-4.0000,1.7478,5.4434,0.9079
20.172,-0.9483,-1.8532,0.0883,-2.1298,-6.8364,-4.0000,1.8453,5.4434,0.9079
20.177,-0.9343,-2.2337,0.0883,-2.1306,-6.9255,-4.0000,1.8402,5.7448,0.9079
20.185,-0.9343,-2.2768,0.0883,-2.1306,-6.9230,-4.0000,1.8402,5.7608,0.9079
20.190,-0.9343,-2.2768,0.0883,-2.1306,-6.9230,-4.0000,1.8402,5.7608,0.9079
20.194,-1.0559,-2.2768,0.0883,-2.1784,-6.9230,-4.0000,1.6871,5.7608,0.9079
20.198,-1.0559,-2.5859,0.0883,-2.1784,-6.9847,-4.0000,1.6871,5.3100,0.9079
20.202,-1.0559,-2.5859,0.0883,-2.1784,-6.9847,-4.0000,1.6871,5.3100,0.9079
20.206,-1.0559,-2.5859,0.0883,-2.1784,-6.9847,-4.0000,1.6871,5.3100,0.9079
20.210,-1.0232,-2.5859,0.0883,-2.1903,-6.9847,-4.0000,1.7377,5.3100,0.9079
20.213,-1.1200,-2.6868,0.0883,-2.2149,-6.9478,-4.0000,1.7130,5.1537,0.9079
20.218,-1.1200,-2.9858,0.0883,-2.2149,-7.0237,-4.0000,1.7130,5.0775,0.9079
20.222,-1.1200,-2.9858,0.0883,-2.2149,-7.0237,-4.0000,1.7130,5.0775,0.9079
20.226,-1.1526,-2.9858,0.0883,-2.1691,-7.0237,-4.0000,1.6604,5.0775,0.9079
20.229,-1.1526,-2.8849,0.0883,-2.1691,-7.1652,-4.0000,1.6604,5.2399,0.9079
20.233,-1.2376,-2.8849,0.0883,-2.1952,-7.1652,-4.0000,1.3829,5.2399,0.9079
20.237,-1.2376,-3.1475,0.0883,-2.1952,-7.2458,-4.0000,1.3829,4.3823,0.9079
20.241,-1.2376,-3.1475,0.0883,-2.1952,-7.2458,-4.0000,1.3829,4.3823,0.9079
20.244,-1.2519,-3.1475,0.0883,-2.2171,-7.2458,-4.0000,1.3976,4.3823,0.9079
20.248,-1.2519,-3.1032,0.0883,-2.2171,-7.1782,-4.0000,1.3976,4.3368,0.9079
20.252,-1.2519,-3.1032,0.0883,-2.2171,-7.1782,-4.0000,1.3976,4.3368,0.9079
20.257,-1.3256,-3.1032,0.0883,-2.2296,-7.1782,-4.0000,1.4731,4.3368,0.9079
20.265,-1.3173,-3.3309,0.0883,-2.2133,-7.2167,-4.0000,1.4472,4.5700,0.9079
20.268,-1.3173,-3.3567,0.0883,-2.2133,-7.2672,-4.0000,1.4472,4.6500,0.9079
20.272,-1.3173,-3.3567,0.0883,-2.2133,-7.2672,-4.0000,1.4472,4.6500,0.9079
20.275,-1.3871,-3.3567,0.0883,-2.2285,-7.2672,-4.0000,1.0817,4.6500,0.9079
20.280,-1.3871,-3.5232,0.0883,-2.2285,-7.3217,-4.0000,1.0817,3.3138,0.9079
20.284,-1.3871,-3.5232,0.0883,-2.2285,-7.3217,-4.0000,1.0817,3.3138,0.9079
20.287,-1.3871,-3.5232,0.0883,-2.2285,-7.3217,-4.0000,1.0817,3.3138,0.9079
20.291,-1.3871,-3.5232,0.0883,-2.2285,-7.3217,-4.0000,1.0817,3.3138,0.9079
20.294,-1.4263,-3.5232,0.0883,-2.2441,-7.3217,-4.0000,1.1215,3.3138,0.9079
20.299,-1.4263,-3.7402,0.0883,-2.2441,-7.2961,-4.0000,1.1215,3.7421,0.9079
20.303,-1.4263,-3.7402,0.0883,-2.2441,-7.2961,-4.0000,1.1215,3.7421,0.9079
20.306,-1.4263,-3.7402,0.0883,-2.2441,-7.2961,-4.0000,1.1215,3.7421,0.9079
20.310,-1.4426,-3.7402,0.0883,-2.2374,-7.2961,-4.0000,1.1948,3.7421,0.9079
20.314,-1.4880,-3.6898,0.0883,-2.2382,-7.3171,-4.0000,1.1635,3.5157,0.9079
20.318,-1.4880,-3.8300,0.0883,-2.2382,-7.3196,-4.0000,1.1635,3.4188,0.9079
20.322,-1.4880,-3.8300,0.0883,-2.2382,-7.3196,-4.0000,1.1635,3.4188,0.9079
20.325,-1.4569,-3.8300,0.0883,-2.2716,-7.3196,-4.0000,1.1842,3.4188,0.9079
20.329,-1.4569,-3.9260,0.0883,-2.2716,-7.2162,-4.0000,1.1842,3.3548,0.9079
20.338,-1.4936,-3.9260,0.0883,-2.2692,-7.2162,-4.0000,1.0418,3.3548,0.9079
20.343,-1.5274,-4.0393,0.0883,-2.2477,-7.2088,-4.0000,1.0282,2.9148,0.9079
20.347,-1.5274,-3.9347,0.0883,-2.2477,-7.2753,-4.0000,1.0282,2.9566,0.9079
20.351,-1.5274,-3.9347,0.0883,-2.2477,-7.2753,-4.0000,1.0282,2.9566,0.9079
20.355,-1.5571,-3.9347,0.0883,-2.2411,-7.2753,-4.0000,0.8878,2.9566,0.9079
20.359,-1.5213,-4.0264,0.0883,-2.2315,-7.2547,-4.0000,0.8221,2.5227,0.9079
20.364,-1.5213,-4.1372,0.0883,-2.2315,-7.2842,-4.0000,0.8221,2.7257,0.9079
20.371,-1.5213,-4.1372,0.0883,-2.2315,-7.2842,-4.0000,0.8221,2.7257,0.9079
20.374,-1.5447,-4.1372,0.0883,-2.2209,-7.2842,-4.0000,0.6849,2.7257,0.9079
20.378,-1.5527,-4.2097,0.0883,-2.2487,-7.2513,-4.0000,0.7088,2.3017,0.9079
20.382,-1.5527,-4.1851,0.0883,-2.2487,-7.1652,-4.0000,0.7088,2.2279,0.9079
20.386,-1.5527,-4.1851,0.0883,-2.2487,-7.1652,-4.0000,0.7088,2.2279,0.9079
20.390,-1.5527,-4.1851,0.0883,-2.2487,-7.1652,-4.0000,0.7088,2.2279,0.9079
20.394,-1.5770,-4.1851,0.0883,-2.2238,-7.1652,-4.0000,0.7188,2.2279,0.9079
20.398,-1.5770,-4.2233,0.0883,-2.2238,-7.1520,-4.0000,0.7188,1.9736,0.9079
20.402,-1.5770,-4.2233,0.0883,-2.2238,-7.1520,-4.0000,0.7188,1.9736,0.9079
20.405,-1.5770,-4.2233,0.0883,-2.2238,-7.1520,-4.0000,0.7188,1.9736,0.9079
20.408,-1.5770,-4.2233,0.0883,-2.2238,-7.1520,-4.0000,0.7188,1.9736,0.9079
20.411,-1.6045,-4.2233,0.0883,-2.2325,-7.1520,-4.0000,0.6738,1.9736,0.9079
20.415,-1.6173,-4.1384,0.0883,-2.2150,-7.1250,-4.0000,0.5333,2.1126,0.9079
20.419,-1.6173,-4.1782,0.0883,-2.2150,-7.0706,-4.0000,0.5333,1.6784,0.9079
20.423,-1.6173,-4.1782,0.0883,-2.2150,-7.0706,-4.0000,0.5333,1.6784,0.9079
20.426,-1.5827,-4.1782,0.0883,-2.1648,-7.0706,-4.0000,0.4756,1.6784,0.9079
20.430,-1.5827,-4.2852,0.0883,-2.1648,-7.2256,-4.0000,0.4756,1.8568,0.9079
20.434,-1.5911,-4.2852,0.0883,-2.1445,-7.2256,-4.0000,0.4301,1.8568,0.9079
20.437,-1.5911,-4.3112,0.0883,-2.1445,-7.1629,-4.0000,0.4301,1.7162,0.9079
20.441,-1.5911,-4.3112,0.0883,-2.1445,-7.1629,-4.0000,0.4301,1.7162,0.9079
20.445,-1.5800,-4.3112,0.0883,-2.1604,-7.1629,-4.0000,0.4942,1.7162,0.9079
20.449,-1.5800,-4.3456,0.0883,-2.1604,-7.1137,-4.0000,0.4942,1.5181,0.9079
20.453,-1.5842,-4.3456,0.0883,-2.1377,-7.1137,-4.0000,0.4296,1.5181,0.9079
20.457,-1.5842,-4.3587,0.0883,-2.1377,-7.0434,-4.0000,0.4296,1.3185,0.9079
20.461,-1.5782,-4.3587,0.0883,-2.1397,-7.0434,-4.0000,0.4268,1.3185,0.9079
20.465,-1.5782,-4.3772,0.0883,-2.1397,-7.0373,-4.0000,0.4268,1.3271,0.9079
20.469,-1.5782,-4.3772,0.0883,-2.1397,-7.0373,-4.0000,0.4268,1.3271,0.9079
20.476,-1.6070,-4.3772,0.0883,-2.1448,-7.0373,-4.0000,0.2601,1.3271,0.9079
20.482,-1.6070,-4.2939,0.0883,-2.1448,-6.8612,-4.0000,0.2601,0.9646,0.9079
20.489,-1.6070,-4.2939,0.0883,-2.1448,-6.8612,-4.0000,0.2601,0.9646,0.9079
20.494,-1.6039,-4.2939,0.0883,-2.1188,-6.8612,-4.0000,0.1288,0.9646,0.9079
20.499,-1.6039,-4.2892,0.0883,-2.1188,-6.7686,-4.0000,0.1288,0.5342,0.9079
20.503,-1.6039,-4.2892,0.0883,-2.1188,-6.7686,-4.0000,0.1288,0.5342,0.9079
20.506,-1.6039,-4.2892,0.0883,-2.1188,-6.7686,-4.0000,0.1288,0.5342,0.9079
20.510,-1.6119,-4.2892,0.0883,-2.1316,-6.7686,-4.0000,0.1865,0.5342,0.9079
20.513,-1.6057,-4.2646,0.0883,-2.1046,-6.7293,-4.0000,0.1359,0.3558,0.9079
20.517,-1.6057,-4.2455,0.0883,-2.1046,-6.6458,-4.0000,0.1359,0.1993,0.9079
20.522,-1.6057,-4.2455,0.0883,-2.1046,-6.6458,-4.0000,0.1359,0.1993,0.9079
20.525,-1.6057,-4.2455,0.0883,-2.1046,-6.6458,-4.0000,0.1359,0.1993,0.9079
20.528,-1.6153,-4.2455,0.0883,-2.0886,-6.6458,-4.0000,0.0985,0.1993,0.9079
20.532,-1.6063,-4.2160,0.0883,-2.0605,-6.6950,-4.0000,0.0460,0.3150,0.9079
20.537,-1.6063,-4.1884,0.0883,-2.0605,-6.6081,-4.0000,0.0460,0.1530,0.9079
20.540,-1.6063,-4.1884,0.0883,-2.0605,-6.6081,-4.0000,0.0460,0.1530,0.9079
20.544,-1.5940,-4.1884,0.0883,-2.0661,-6.6081,-4.0000,0.0898,0.1530,0.9079
20.548,-1.5940,-4.2266,0.0848,-2.0661,-6.5909,-4.0000,0.0898,0.0176,0.9079
20.551,-1.5940,-4.2266,0.0808,-2.0661,-6.5909,-4.0000,0.0898,0.0176,0.9079
20.555,-1.5826,-4.2266,0.0769,-2.0369,-6.5909,-4.0000,0.0353,0.0176,0.9079
20.559,-1.5710,-4.1912,0.0733,-2.0290,-6.5008,-4.0000,0.0062,-0.1509,0.9079
20.562,-1.5710,-4.2269,0.0693,-2.0290,-6.5254,-4.0000,0.0062,-0.0611,0.9079
20.566,-1.5710,-4.2269,0.0656,-2.0290,-6.5254,-4.0000,0.0062,-0.0611,0.9079
20.570,-1.5710,-4.2269,0.0612,-2.0290,-6.5254,-4.0000,0.0062,-0.0611,0.9079
20.575,-1.5625,-4.2269,0.0569,-2.0036,-6.5254,-4.0000,-0.1086,-0.0611,0.9079
20.583,-1.5625,-4.1687,0.0516,-2.0036,-6.4176,-4.0000,-0.1086,-0.0665,0.9079
20.587,-1.5625,-4.1687,0.0436,-2.0036,-6.4176,-4.0000,-0.1086,-0.0665,0.9079
20.591,-1.5625,-4.1687,0.0393,-2.0036,-6.4176,-4.0000,-0.1086,-0.0665,0.9079
20.594,-1.5342,-4.1687,0.0357,-1.9347,-6.4176,-4.0000,-0.2045,-0.0665,0.9079
20.599,-1.5342,-4.1600,0.0318,-1.9347,-6.4334,-4.0000,-0.2045,-0.2201,0.9079
20.602,-1.5342,-4.1600,0.0272,-1.9347,-6.4334,-4.0000,-0.2045,-0.2201,0.9079
20.606,-1.5342,-4.1600,0.0236,-1.9347,-6.4334,-4.0000,-0.2045,-0.2201,0.9079
20.609,-1.5569,-4.1600,0.0201,-1.9578,-6.4334,-4.0000,-0.0711,-0.2201,0.9079
20.612,-1.5391,-4.0899,0.0167,-1.9287,-6.3621,-4.0000,-0.1043,-0.6323,0.9079
20.617,-1.5391,-4.0346,0.0131,-1.9287,-6.2721,-4.0000,-0.1043,-0.7347,0.9079
20.620,-1.5391,-4.0346,0.0085,-1.9287,-6.2721,-4.0000,-0.1043,-0.7347,0.9079
20.624,-1.5391,-4.0346,0.0046,-1.9287,-6.2721,-4.0000,-0.1043,-0.7347,0.9079
20.628,-1.5084,-4.0346,0.0006,-1.8789,-6.2721,-4.0000,-0.2265,-0.7347,0.9079
20.632,-1.4890,-4.1294,-0.0037,-1.8490,-6.4259,-4.0000,-0.2642,-0.3570,0.9079
20.640,-1.4890,-4.0694,-0.0079,-1.8490,-6.3335,-4.0000,-0.2642,-0.4733,0.9079
20.647,-1.4726,-4.0694,-0.0162,-1.9139,-6.3335,-4.0000,-0.2451,-0.4733,0.9079
20.651,-1.4726,-4.1198,-0.0237,-1.9139,-6.1330,-4.0000,-0.2451,-0.5324,0.9079
20.655,-1.4518,-4.1198,-0.0278,-1.8837,-6.1330,-4.0000,-0.2833,-0.5324,0.9079
20.659,-1.5279,-4.0555,-0.0314,-1.8423,-6.0396,-4.0000,-0.1850,-0.6506,0.9079
20.663,-1.5279,-3.8205,-0.0356,-1.8423,-6.1675,-4.0000,-0.1850,-0.9545,0.9079
20.667,-1.5279,-3.8205,-0.0400,-1.8423,-6.1675,-4.0000,-0.1850,-0.9545,0.9079
20.670,-1.5279,-3.8205,-0.0438,-1.8423,-6.1675,-4.0000,-0.1850,-0.9545,0.9079
20.674,-1.5059,-3.8205,-0.0474,-1.8117,-6.1675,-4.0000,-0.2243,-0.9545,0.9079
20.678,-1.4422,-3.7526,-0.0511,-1.8176,-6.0730,-4.0000,-0.2936,-1.0761,0.9079
20.684,-1.4422,-3.9494,-0.0562,-1.8176,-6.0546,-4.0000,-0.2936,-0.8620,0.9079
20.691,-1.4422,-3.9494,-0.0615,-1.8176,-6.0546,-4.0000,-0.2936,-0.8620,0.9079
20.694,-1.4528,-3.9494,-0.0693,-1.7771,-6.0546,-4.0000,-0.3452,-0.8620,0.9079
20.699,-1.4528,-3.7754,-0.0729,-1.7771,-5.9785,-4.0000,-0.3452,-1.0361,0.9079
20.702,-1.4528,-3.7754,-0.0774,-1.7771,-5.9785,-4.0000,-0.3452,-1.0361,0.9079
20.706,-1.4528,-3.7754,-0.0813,-1.7771,-5.9785,-4.0000,-0.3452,-1.0361,0.9079
20.709,-1.4408,-3.7754,-0.0850,-1.7823,-5.9785,-4.0000,-0.3360,-1.0361,0.9079
20.713,-1.4174,-3.8123,-0.0884,-1.7458,-5.9625,-4.0000,-0.4184,-1.0644,0.9079
20.717,-1.4174,-3.7400,-0.0921,-1.7458,-5.8499,-4.0000,-0.4184,-1.3192,0.9079
20.721,-1.4174,-3.7400,-0.0965,-1.7458,-5.8499,-4.0000,-0.4184,-1.3192,0.9079
20.724,-1.4174,-3.7400,-0.1001,-1.7458,-5.8499,-4.0000,-0.4184,-1.3192,0.9079
20.727,-1.4190,-3.7400,-0.1038,-1.7494,-5.8499,-4.0000,-0.4945,-1.3192,0.9079
20.731,-1.4190,-3.7351,-0.1073,-1.7494,-5.8388,-4.0000,-0.4945,-1.0842,0.9079
20.735,-1.3950,-3.7351,-0.1112,-1.7102,-5.8388,-4.0000,-0.5957,-1.0842,0.9079
20.739,-1.3950,-3.6609,-0.1148,-1.7102,-5.7177,-4.0000,-0.5957,-1.3969,0.9079
20.742,-1.4018,-3.6609,-0.1192,-1.7031,-5.7177,-4.0000,-0.5029,-1.3969,0.9079
20.746,-1.4018,-3.6400,-0.1219,-1.7031,-5.7399,-4.0000,-0.5029,-1.6836,0.9079
20.749,-1.4018,-3.6400,-0.1219,-1.7031,-5.7399,-4.0000,-0.5029,-1.6836,0.9079
20.753,-1.3771,-3.6400,-0.1219,-1.6640,-5.7399,-4.0000,-0.6018,-1.6836,0.9079
20.757,-1.3771,-3.5636,-0.1219,-1.6640,-5.6193,-4.0000,-0.6018,-1.9891,0.9079
20.760,-1.3396,-3.5636,-0.1219,-1.6302,-5.6193,-4.0000,-0.6862,-1.9891,0.9079
20.763,-1.3396,-3.6793,-0.1219,-1.6302,-5.7238,-4.0000,-0.6862,-1.7282,0.9079
20.767,-1.3396,-3.6793,-0.1219,-1.6302,-5.7238,-4.0000,-0.6862,-1.7282,0.9079
20.770,-1.3396,-3.6793,-0.1219,-1.6302,-5.7238,-4.0000,-0.6862,-1.7282,0.9079
20.773,-1.3143,-3.6793,-0.1219,-1.5919,-5.7238,-4.0000,-0.7792,-1.7282,0.9079
20.777,-1.3768,-3.6009,-0.1219,-1.6496,-5.6055,-4.0000,-0.7665,-2.0156,0.9079
20.781,-1.3768,-3.4077,-0.1219,-1.6496,-5.4271,-4.0000,-0.7665,-2.0550,0.9079
20.785,-1.3768,-3.4077,-0.1219,-1.6496,-5.4271,-4.0000,-0.7665,-2.0550,0.9079
20.794,-1.3465,-3.4077,-0.1219,-1.5983,-5.4271,-4.0000,-0.7942,-2.0550,0.9079
20.804,-1.3465,-3.3411,-0.1219,-1.5983,-5.3570,-4.0000,-0.7942,-2.4924,0.9079
20.807,-1.3465,-3.3411,-0.1219,-1.5983,-5.3570,-4.0000,-0.7942,-2.4924,0.9079
20.811,-1.2804,-3.3411,-0.1219,-1.5843,-5.3570,-4.0000,-0.8853,-2.4924,0.9079
20.815,-1.2539,-3.5453,-0.1219,-1.5501,-5.4000,-4.0000,-0.9519,-2.2107,0.9079
20.819,-1.2539,-3.4635,-0.1219,-1.5501,-5.2943,-4.0000,-0.9519,-2.4162,0.9079
20.822,-1.2539,-3.4635,-0.1219,-1.5501,-5.2943,-4.0000,-0.9519,-2.4162,0.9079
20.825,-1.2909,-3.4635,-0.1219,-1.5334,-5.2943,-4.0000,-0.9009,-2.4162,0.9079
20.829,-1.2909,-3.3491,-0.1219,-1.5334,-5.3460,-4.0000,-0.9009,-2.5737,0.9079
20.833,-1.2641,-3.3491,-0.1219,-1.5004,-5.3460,-4.0000,-0.9599,-2.5737,0.9079
20.837,-1.2641,-3.2662,-0.1219,-1.5004,-5.2441,-4.0000,-0.9599,-2.7560,0.9079
20.841,-1.2641,-3.2662,-0.1219,-1.5004,-5.2441,-4.0000,-0.9599,-2.7560,0.9079
20.844,-1.2450,-3.2662,-0.1219,-1.5187,-5.2441,-4.0000,-0.9440,-2.7560,0.9079
20.848,-1.2450,-3.3253,-0.1219,-1.5187,-5.1875,-4.0000,-0.9440,-2.8053,0.9079
20.851,-1.2450,-3.3253,-0.1219,-1.5187,-5.1875,-4.0000,-0.9440,-2.8053,0.9079
20.855,-1.2180,-3.3253,-0.1219,-1.4867,-5.1875,-4.0000,-0.9975,-2.8053,0.9079
20.859,-1.2454,-3.2418,-0.1219,-1.4537,-5.0886,-4.0000,-1.0019,-2.9707,0.9079
20.863,-1.2454,-3.1569,-0.1219,-1.4537,-5.1907,-4.0000,-1.0019,-2.9571,0.9079
20.867,-1.2454,-3.1569,-0.1219,-1.4537,-5.1907,-4.0000,-1.0019,-2.9571,0.9079
20.870,-1.2454,-3.1569,-0.1219,-1.4537,-5.1907,-4.0000,-1.0019,-2.9571,0.9079
20.873,-1.2186,-3.1569,-0.1219,-1.4176,-5.1907,-4.0000,-1.0802,-2.9571,0.9079
20.877,-1.2046,-3.0739,-0.1219,-1.4164,-5.0794,-4.0000,-1.0727,-3.1993,0.9079
20.881,-1.2046,-3.1170,-0.1219,-1.4164,-5.0831,-4.0000,-1.0727,-3.2226,0.9079
20.885,-1.2046,-3.1170,-0.1219,-1.4164,-5.0831,-4.0000,-1.0727,-3.2226,0.9079
20.888,-1.2046,-3.1170,-0.1219,-1.4164,-5.0831,-4.0000,-1.0727,-3.2226,0.9079
20.892,-1.2214,-3.1170,-0.1219,-1.4324,-5.0831,-4.0000,-1.0862,-3.2226,0.9079
20.896,-1.1946,-3.0653,-0.1219,-1.3957,-5.0339,-4.0000,-1.1698,-3.1808,0.9079
20.900,-1.1946,-2.9824,-0.1219,-1.3957,-4.9206,-4.0000,-1.1698,-3.4391,0.9079
20.905,-1.1946,-2.9824,-0.1219,-1.3957,-4.9206,-4.0000,-1.1698,-3.4391,0.9079
20.912,-1.1930,-2.9824,-0.1219,-1.4144,-4.9206,-4.0000,-1.1216,-3.4391,0.9079
20.917,-1.1662,-2.9874,-0.1219,-1.3793,-4.8627,-4.0000,-1.1976,-3.5880,0.9079
20.921,-1.1662,-2.9047,-0.1219,-1.3793,-4.7543,-4.0000,-1.1976,-3.8226,0.9079
20.924,-1.1662,-2.9047,-0.1219,-1.3793,-4.7543,-4.0000,-1.1976,-3.8226,0.9079
20.928,-1.1638,-2.9047,-0.1219,-1.3554,-4.7543,-4.0000,-1.2234,-3.8226,0.9079
20.933,-1.1371,-2.9120,-0.1219,-1.3220,-4.8281,-4.0000,-1.2913,-3.7426,0.9079
20.937,-1.1371,-2.8297,-0.1219,-1.3220,-4.7247,-4.0000,-1.2913,-3.9522,0.9079
20.945,-1.1152,-2.8297,-0.1219,-1.3160,-4.7247,-4.0000,-1.2550,-3.9522,0.9079
20.951,-1.1152,-2.8973,-0.1219,-1.3160,-4.7431,-4.0000,-1.2550,-4.0642,0.9079
20.955,-1.0887,-2.8973,-0.1219,-1.2859,-4.7431,-4.0000,-1.3049,-4.0642,0.9079
20.959,-1.0947,-2.8153,-0.1219,-1.2823,-4.6500,-4.0000,-1.3559,-4.2183,0.9079
20.962,-1.0947,-2.7968,-0.1219,-1.2823,-4.6611,-4.0000,-1.3559,-4.0608,0.9079
20.966,-1.0947,-2.7968,-0.1219,-1.2823,-4.6611,-4.0000,-1.3559,-4.0608,0.9079
20.970,-1.0947,-2.7968,-0.1219,-1.2823,-4.6611,-4.0000,-1.3559,-4.0608,0.9053
20.973,-1.0681,-2.7968,-0.1219,-1.2580,-4.6611,-4.0000,-1.3719,-4.0608,0.8967
20.977,-1.0538,-2.7148,-0.1219,-1.2381,-4.5861,-4.0000,-1.3580,-4.1103,0.8885
20.980,-1.0538,-2.7591,-0.1219,-1.2381,-4.6477,-4.0000,-1.3580,-4.1533,0.8788
20.985,-1.0538,-2.7591,-0.1219,-1.2381,-4.6477,-4.0000,-1.3580,-4.1533,0.8697
20.989,-1.0538,-2.7591,-0.1219,-1.2381,-4.6477,-4.0000,-1.3580,-4.1533,0.8584
20.993,-1.0492,-2.7591,-0.1219,-1.2133,-4.6477,-4.0000,-1.3782,-4.1533,0.8482
20.998,-1.0492,-2.6121,-0.1219,-1.2133,-4.5610,-4.0000,-1.3782,-4.2676,0.8373
21.002,-1.0492,-2.6121,-0.1219,-1.2133,-4.5610,-4.0000,-1.3782,-4.2676,0.8243
21.005,-1.0492,-2.6121,-0.1219,-1.2133,-4.5610,-4.0000,-1.3782,-4.2676,0.8153
21.008,-1.0134,-2.6121,-0.1219,-1.2232,-4.5610,-4.0000,-1.3388,-4.2676,0.8071
21.012,-1.0134,-2.7229,-0.1219,-1.2232,-4.5303,-4.0000,-1.3388,-4.3894,0.7988
21.017,-0.9925,-2.7229,-0.1219,-1.1933,-4.5303,-4.0000,-1.3885,-4.3894,0.7906
21.025,-0.9925,-2.6585,-0.1219,-1.1933,-4.4377,-4.0000,-1.3885,-4.5431,0.7773
21.029,-0.9738,-2.6585,-0.1219,-1.2104,-4.4377,-4.0000,-1.4662,-4.5431,0.7572
21.033,-0.9779,-2.7163,-0.1219,-1.1817,-4.3848,-4.0000,-1.5094,-4.3032,0.7478
21.037,-0.9779,-2.7289,-0.1219,-1.1817,-4.2961,-4.0000,-1.5094,-4.4367,0.7373
21.040,-0.9779,-2.7289,-0.1219,-1.1817,-4.2961,-4.0000,-1.5094,-4.4367,0.7278
21.043,-0.9859,-2.7289,-0.1219,-1.1920,-4.2961,-4.0000,-1.4652,-4.4367,0.7198
21.047,-0.9859,-2.7043,-0.1219,-1.1920,-4.2641,-4.0000,-1.4652,-4.5733,0.7117
21.051,-0.9859,-2.7043,-0.1219,-1.1920,-4.2641,-4.0000,-1.4652,-4.5733,0.7014
21.055,-1.0042,-2.7043,-0.1219,-1.1651,-4.2641,-4.0000,-1.4976,-4.5733,0.6913
21.059,-0.9819,-2.7610,-0.1219,-1.1464,-4.1810,-4.0000,-1.6103,-4.6735,0.6842
21.063,-0.9819,-2.8299,-0.1219,-1.1464,-4.2389,-4.0000,-1.6103,-4.3253,0.6842
21.067,-0.9819,-2.8299,-0.1219,-1.1464,-4.2389,-4.0000,-1.6103,-4.3253,0.6842
21.070,-0.9819,-2.8299,-0.1219,-1.1464,-4.2389,-4.0000,-1.6103,-4.3253,0.6842
21.073,-1.0196,-2.8299,-0.1219,-1.1238,-4.2389,-4.0000,-1.6156,-4.3253,0.6842
21.077,-0.9798,-2.9465,-0.1219,-1.1409,-4.1690,-4.0000,-1.5850,-4.3417,0.6842
21.082,-0.9798,-3.0695,-0.1219,-1.1409,-4.1161,-4.0000,-1.5850,-4.4365,0.6842
21.086,-0.9798,-3.0695,-0.1219,-1.1409,-4.1161,-4.0000,-1.5850,-4.4365,0.6842
21.090,-0.9798,-3.0695,-0.1219,-1.1409,-4.1161,-4.0000,-1.5850,-4.4365,0.6842
21.098,-1.0077,-3.0695,-0.1219,-1.1347,-4.1161,-4.0000,-1.4897,-4.4365,0.6842
21.104,-1.0077,-3.2985,-0.1219,-1.1347,-4.0058,-4.0000,-1.4897,-4.6858,0.6842
21.107,-1.0077,-3.2985,-0.1219,-1.1347,-4.0058,-4.0000,-1.4897,-4.6858,0.6842
21.111,-1.0233,-3.2985,-0.1219,-1.1136,-4.0058,-4.0000,-1.5151,-4.6858,0.6842
21.115,-1.0931,-3.2505,-0.1219,-1.0936,-4.0710,-4.0000,-1.4984,-4.6071,0.6842
21.119,-1.0931,-3.4663,-0.1219,-1.0936,-4.0093,-4.0000,-1.4984,-4.5554,0.6842
21.124,-1.0931,-3.4663,-0.1219,-1.0936,-4.0093,-4.0000,-1.4984,-4.5554,0.6842
21.131,-1.0852,-3.4663,-0.1219,-1.0928,-4.0093,-4.0000,-1.5247,-4.5554,0.6842
21.135,-1.1629,-3.4910,-0.1219,-1.0806,-4.0118,-4.0000,-1.4505,-4.4742,0.6842
21.139,-1.1629,-3.7312,-0.1219,-1.0806,-3.9739,-3.9739,-1.4505,-4.2450,0.6842
21.142,-1.1693,-3.7312,-0.1219,-1.0782,-3.9739,-3.9739,-1.4095,-4.2450,0.6842
21.145,-1.1693,-3.7115,-0.1219,-1.0782,-3.9813,-3.9813,-1.4095,-4.3718,0.6842
21.149,-1.1693,-3.7115,-0.1219,-1.0782,-3.9813,-3.9813,-1.4095,-4.3718,0.6842
21.153,-1.2567,-3.7115,-0.1219,-1.0672,-3.9813,-3.9813,-1.3178,-4.3718,0.6842
21.157,-1.2567,-3.9816,-0.1219,-1.0672,-3.9473,-3.9473,-1.3178,-4.0885,0.6842
21.161,-1.2153,-3.9816,-0.1219,-1.0799,-3.9473,-3.9473,-1.3143,-4.0885,0.6842
21.164,-1.2153,-4.1096,-0.1219,-1.0799,-3.9079,-3.9079,-1.3143,-4.0995,0.6842
21.168,-1.2153,-4.1096,-0.1219,-1.0799,-3.9079,-3.9079,-1.3143,-4.0995,0.6842
21.171,-1.2153,-4.1096,-0.1219,-1.0799,-3.9079,-3.9079,-1.3143,-4.0995,0.6842
21.174,-1.3101,-4.1096,-0.1219,-1.0682,-3.9079,-3.9079,-1.2172,-4.0995,0.6842
21.179,-1.3519,-4.4027,-0.1219,-1.0539,-3.8717,-3.8717,-1.2215,-3.7995,0.6842
21.183,-1.3519,-4.2735,-0.1219,-1.0539,-3.9160,-3.9160,-1.2215,-3.7860,0.6842
21.187,-1.3519,-4.2735,-0.1219,-1.0539,-3.9160,-3.9160,-1.2215,-3.7860,0.6842
21.191,-1.3519,-4.2735,-0.1219,-1.0539,-3.9160,-3.9160,-1.2215,-3.7860,0.6842
21.196,-1.4241,-4.2735,-0.1219,-1.0426,-3.9160,-3.9160,-1.1647,-3.7860,0.6842
21.201,-1.4241,-4.7055,-0.1219,-1.0426,-3.8418,-3.8418,-1.1647,-3.5759,0.6842
21.205,-1.4241,-4.7055,-0.1219,-1.0426,-3.8418,-3.8418,-1.1647,-3.5759,0.6842
21.208,-1.4241,-4.7055,-0.1219,-1.0426,-3.8418,-3.8418,-1.1647,-3.5759,0.6842
21.211,-1.4081,-4.7055,-0.1219,-1.0406,-3.8418,-3.8418,-1.1325,-3.5759,0.6842
21.215,-1.5232,-4.7547,-0.1219,-1.0221,-3.8480,-3.8480,-1.0680,-3.6756,0.6842
21.219,-1.5232,-5.1104,-0.1219,-1.0221,-3.7908,-3.7908,-1.0680,-3.4764,0.6842
21.223,-1.5232,-5.1104,-0.1219,-1.0221,-3.7908,-3.7908,-1.0680,-3.4764,0.6842
21.226,-1.5686,-5.1104,-0.1219,-1.0265,-3.7908,-3.7908,-1.0903,-3.4764,0.6842
21.230,-1.5686,-4.9701,-0.1219,-1.0265,-3.7773,-3.7773,-1.0903,-3.4075,0.6842
21.234,-1.6889,-4.9701,-0.1219,-1.0077,-3.7773,-3.7773,-1.0188,-3.4075,0.6842
21.242,-1.6658,-5.3416,-0.1219,-1.0057,-3.7191,-3.7191,-1.0315,-3.1866,0.6842
21.250,-1.6658,-5.4130,-0.1219,-1.0057,-3.7253,-3.7253,-1.0315,-3.1472,0.6842
21.256,-1.7893,-5.4130,-0.1219,-0.9912,-3.7253,-3.7253,-0.9090,-3.1472,0.6842
21.260,-1.8088,-5.7948,-0.1219,-1.0063,-3.6804,-3.6804,-0.8608,-2.7686,0.6842
21.264,-1.8088,-5.7345,-0.1219,-1.0063,-3.6336,-3.6336,-0.8608,-2.9175,0.6842
21.268,-1.8088,-5.7345,-0.1219,-1.0063,-3.6336,-3.6336,-0.8608,-2.9175,0.6842
21.272,-1.8088,-5.7345,-0.1219,-1.0063,-3.6336,-3.6336,-0.8608,-2.9175,0.6842
21.275,-1.9381,-5.7345,-0.1219,-0.9914,-3.6336,-3.6336,-0.7243,-2.9175,0.6842
21.279,-1.9317,-6.1339,-0.1219,-0.9611,-3.5876,-3.5876,-0.7502,-2.4957,0.6842
21.283,-1.9317,-6.1535,-0.1219,-0.9611,-3.6811,-3.6811,-0.7502,-2.4157,0.6842
21.286,-1.9317,-6.1535,-0.1219,-0.9611,-3.6811,-3.6811,-0.7502,-2.4157,0.6842
21.289,-1.9317,-6.1535,-0.1219,-0.9611,-3.6811,-3.6811,-0.7502,-2.4157,0.6842
21.293,-2.0549,-6.1535,-0.1219,-0.9458,-3.6811,-3.6811,-0.6644,-2.4157,0.6842
21.297,-2.0549,-6.5883,-0.1219,-0.9458,-3.6263,-3.6263,-0.6644,-1.8209,0.6842
21.300,-2.0549,-6.5883,-0.1219,-0.9458,-3.6263,-3.6263,-0.6644,-1.8209,0.6842
21.304,-2.0549,-6.5883,-0.1219,-0.9458,-3.6263,-3.6263,-0.6644,-1.8209,0.6842
21.308,-2.0549,-6.5883,-0.1219,-0.9458,-3.6263,-3.6263,-0.6644,-1.8209,0.6842
21.311,-2.0314,-6.5883,-0.1219,-0.9418,-3.6263,-3.6263,-0.7118,-1.8209,0.6842
21.315,-2.1640,-6.6609,-0.1219,-0.9235,-3.6386,-3.6386,-0.5703,-1.6745,0.6842
21.319,-2.1640,-7.0707,-0.1219,-0.9235,-3.5822,-3.5822,-0.5703,-1.2373,0.6842
21.322,-2.1640,-7.0707,-0.1219,-0.9235,-3.5822,-3.5822,-0.5703,-1.2373,0.6842
21.325,-2.1592,-7.0707,-0.1219,-0.9470,-3.5822,-3.5822,-0.4505,-1.2373,0.6842
21.329,-2.1592,-7.0854,-0.1219,-0.9470,-3.5096,-3.5096,-0.4505,-1.6077,0.6842
21.333,-2.2949,-7.0854,-0.1219,-0.9317,-3.5096,-3.5096,-0.2494,-1.6077,0.6842
21.337,-2.2949,-7.5048,-0.1219,-0.9317,-3.4620,-3.4620,-0.2494,-0.9864,0.6842
21.341,-2.2949,-7.5048,-0.1219,-0.9317,-3.4620,-3.4620,-0.2494,-0.9864,0.6842
21.349,-2.3013,-7.5048,-0.1219,-0.9181,-3.4620,-3.4620,-0.2825,-0.9864,0.6842
21.352,-2.3013,-7.4851,-0.1219,-0.9181,-3.5039,-3.5039,-0.2825,-0.8842,0.6842
21.356,-2.4251,-7.4851,-0.1219,-0.9014,-3.5039,-3.5039,-0.0662,-0.8842,0.6842
21.360,-2.4458,-7.8676,-0.1219,-0.9241,-3.4523,-3.4523,0.0067,-0.2160,0.6842
21.363,-2.4458,-7.8036,-0.1219,-0.9241,-3.3821,-3.3821,0.0067,-0.4412,0.6842
21.367,-2.4458,-7.8036,-0.1219,-0.9241,-3.3821,-3.3821,0.0067,-0.4412,0.6842
21.370,-2.4458,-7.8036,-0.1219,-0.9241,-3.3821,-3.3821,0.0067,-0.4412,0.6842
21.373,-2.5521,-7.8036,-0.1219,-0.9024,-3.3821,-3.3821,0.1867,-0.4412,0.6842
21.378,-2.5318,-8.1322,-0.1219,-0.8993,-3.3151,-3.3151,0.0680,0.1150,0.6842
21.382,-2.5318,-8.1949,-0.1219,-0.8993,-3.3250,-3.3250,0.0680,0.4817,0.6842
21.385,-2.5318,-8.1949,-0.1219,-0.8993,-3.3250,-3.3250,0.0680,0.4817,0.6842
21.389,-2.5318,-8.1949,-0.1219,-0.8993,-3.3250,-3.3250,0.0680,0.4817,0.6842
21.392,-2.5446,-8.1949,-0.1219,-0.9080,-3.3250,-3.3250,0.1182,0.4817,0.6842
21.395,-2.6346,-8.1556,-0.1219,-0.8828,-3.2979,-3.2979,0.2757,0.3267,0.6842
21.404,-2.6346,-8.4338,-0.1219,-0.8828,-3.2200,-3.2200,0.2757,0.8133,0.6842
21.408,-2.6322,-8.4338,-0.1219,-0.8673,-3.2200,-3.2200,0.2637,0.8133,0.6842
21.412,-2.6322,-8.4412,-0.1219,-0.8673,-3.2680,-3.2680,0.2637,0.8502,0.6842
21.416,-2.7069,-8.4412,-0.1219,-0.8398,-3.2680,-3.2680,0.4149,0.8502,0.6842
21.420,-2.7069,-8.6719,-0.1219,-0.8398,-3.1832,-3.1832,0.4149,1.3174,0.6842
21.423,-2.7069,-8.6719,-0.1219,-0.8398,-3.1832,-3.1832,0.4149,1.3174,0.6842
21.426,-2.6937,-8.6719,-0.1219,-0.8422,-3.1832,-3.1832,0.4085,1.3174,0.6842
21.430,-2.6937,-8.7125,-0.1219,-0.8422,-3.1759,-3.1759,0.4085,1.3371,0.6842
21.434,-2.7543,-8.7125,-0.1219,-0.8129,-3.1759,-3.1759,0.5559,1.3371,0.6842
21.438,-2.7543,-8.8996,-0.1219,-0.8129,-3.0851,-3.0851,0.5559,1.7925,0.6842
21.441,-2.7543,-8.8996,-0.1219,-0.8129,-3.0851,-3.0851,0.5559,1.7925,0.6842
21.444,-2.7658,-8.8996,-0.1219,-0.8097,-3.0851,-3.0851,0.5726,1.7925,0.6842
21.449,-2.7658,-8.8639,-0.1219,-0.8097,-3.0950,-3.0950,0.5726,1.7408,0.6842
21.457,-2.8136,-8.8639,-0.1219,-0.7786,-3.0950,-3.0950,0.7153,1.7408,0.6842
21.461,-2.8132,-9.0114,-0.1219,-0.7710,-2.9989,-2.9989,0.7110,2.1818,0.6842
21.465,-2.8132,-9.0126,-0.1219,-0.7710,-3.0223,-3.0223,0.7110,2.1953,0.6842
21.469,-2.8132,-9.0126,-0.1219,-0.7710,-3.0223,-3.0223,0.7110,2.1953,0.6842
21.473,-2.8468,-9.0126,-0.1219,-0.7402,-3.0223,-3.0223,0.9151,2.1953,0.6842
21.477,-2.8456,-9.1165,-0.1219,-0.7704,-2.9270,-2.9270,0.9473,2.8261,0.6842
21.480,-2.8456,-9.1202,-0.1219,-0.7704,-2.8335,-2.8335,0.9473,2.7264,0.6842
21.484,-2.8456,-9.1202,-0.1219,-0.7704,-2.8335,-2.8335,0.9473,2.7264,0.6842
21.488,-2.8456,-9.1202,-0.1219,-0.7704,-2.8335,-2.8335,0.9473,2.7264,0.6842
21.491,-2.8456,-9.1202,-0.1219,-0.7704,-2.8335,-2.8335,0.9473,2.7264,0.6842
21.495,-2.8813,-9.1202,-0.1219,-0.7365,-2.8335,-2.8335,1.1512,2.7264,0.6842
21.500,-2.8813,-9.1494,-0.1219,-0.7365,-2.7384,-2.7384,1.1512,3.4349,0.6842
21.504,-2.8813,-9.1494,-0.1219,-0.7365,-2.7384,-2.7384,1.1512,3.4349,0.6842
21.507,-2.8813,-9.1494,-0.1219,-0.7365,-2.7384,-2.7384,1.1512,3.4349,0.6842
21.511,-2.8495,-9.1494,-0.1219,-0.7150,-2.7384,-2.7384,1.1639,3.4349,0.6842
21.514,-2.8630,-9.2478,-0.1219,-0.6809,-2.8049,-2.8049,1.3683,3.3956,0.6842
21.519,-2.8630,-9.2896,-0.1219,-0.6809,-2.6994,-2.6994,1.3683,4.0272,0.6842
21.522,-2.8630,-9.2896,-0.1219,-0.6809,-2.6994,-2.6994,1.3683,4.0272,0.6842
21.525,-2.8574,-9.2896,-0.1219,-0.6777,-2.6994,-2.6994,1.3572,4.0272,0.6842
21.529,-2.8574,-9.3068,-0.1219,-0.6777,-2.7093,-2.7093,1.3572,4.0616,0.6842
21.534,-2.8633,-9.3068,-0.1219,-0.6420,-2.7093,-2.7093,1.5384,4.0616,0.6842
21.538,-2.8633,-9.3249,-0.1219,-0.6420,-2.5990,-2.5990,1.5384,4.6215,0.6842
21.541,-2.8633,-9.3249,-0.1219,-0.6420,-2.5990,-2.5990,1.5384,4.6215,0.6842
21.545,-2.8461,-9.3249,-0.1219,-0.6281,-2.5990,-2.5990,1.5451,4.6215,0.6842
21.549,-2.8461,-9.3778,-0.1219,-0.6281,-2.6421,-2.6421,1.5451,4.6006,0.6842
21.557,-2.8451,-9.3778,-0.1219,-0.5914,-2.6421,-2.6421,1.7063,4.6006,0.6842
21.568,-2.8554,-9.3745,-0.1219,-0.6021,-2.5287,-2.5287,1.6817,5.0988,0.6842
21.572,-2.8554,-9.3425,-0.1219,-0.6021,-2.4955,-2.4955,1.6817,5.1751,0.7127
21.575,-2.8878,-9.3425,-0.1219,-0.5569,-2.4955,-2.4955,1.7913,5.1751,0.7242
21.580,-2.8878,-9.1965,-0.1219,-0.5569,-2.4048,-2.4048,1.7913,5.7525,0.7357
21.584,-2.8878,-9.1965,-0.1219,-0.5569,-2.4048,-2.4048,1.7913,5.7525,0.7500
21.587,-2.8878,-9.1965,-0.1219,-0.5569,-2.4048,-2.4048,1.7913,5.7525,0.7637
21.591,-2.8878,-9.1965,-0.1219,-0.5569,-2.4048,-2.4048,1.7913,5.7525,0.7760
21.595,-2.8870,-9.1965,-0.1219,-0.5243,-2.4048,-2.4048,2.0230,5.7525,0.7873
21.600,-2.8870,-9.1079,-0.1219,-0.5243,-2.2699,-2.2699,2.0230,6.1954,0.8035
21.603,-2.8870,-9.1079,-0.1219,-0.5243,-2.2699,-2.2699,2.0230,6.1954,0.8208
21.607,-2.8870,-9.1079,-0.1219,-0.5243,-2.2699,-2.2699,2.0230,6.1954,0.8329
21.610,-2.8488,-9.1079,-0.1219,-0.5387,-2.2699,-2.2699,2.0369,6.1954,0.8443
21.617,-2.8288,-9.2260,-0.1219,-0.5003,-2.2256,-2.2256,2.2223,6.1523,0.8565
21.624,-2.8288,-9.1643,-0.1219,-0.5003,-2.1071,-2.1071,2.2223,6.7249,0.8825
21.635,-2.8222,-9.1643,-0.1219,-0.4629,-2.1071,-2.1071,2.3558,6.7249,0.9079
21.641,-2.8222,-9.0356,-0.1219,-0.4629,-1.9889,-1.9889,2.3558,7.3271,0.9079
21.646,-2.7601,-9.0356,-0.1219,-0.4633,-1.9889,-1.9889,2.4116,7.3271,0.9079
21.651,-2.7601,-9.2275,-0.1219,-0.4633,-1.9876,-1.9876,2.4116,7.1549,0.9079
21.655,-2.7323,-9.2275,-0.1219,-0.4263,-1.9876,-1.9876,2.5542,7.1549,0.9079
21.659,-2.7482,-9.1415,-0.1219,-0.4060,-1.8734,-1.8734,2.4599,7.5957,0.9079
21.662,-2.7482,-9.0923,-0.1219,-0.4060,-1.9361,-1.9361,2.4599,7.8873,0.9079
21.667,-2.7482,-9.0923,-0.1219,-0.4060,-1.9361,-1.9361,2.4599,7.8873,0.9079
21.675,-2.7280,-9.0923,-0.1219,-0.3859,-1.9361,-1.9361,2.6499,7.8873,0.9079
21.680,-2.7280,-8.9658,-0.1219,-0.3859,-1.7806,-1.7806,2.6499,7.8962,0.9079
21.684,-2.7280,-8.9658,-0.1219,-0.3859,-1.7806,-1.7806,2.6499,7.8962,0.9079
21.687,-2.7280,-8.9658,-0.1219,-0.3859,-1.7806,-1.7806,2.6499,7.8962,0.9079
21.691,-2.7280,-8.9658,-0.1219,-0.3859,-1.7806,-1.7806,2.6499,7.8962,0.9079
21.694,-2.7019,-8.9658,-0.1219,-0.3428,-1.7806,-1.7806,2.6456,7.8962,0.9079
21.698,-2.7019,-8.8411,-0.1219,-0.3428,-1.7089,-1.7089,2.6456,8.2546,0.9079
21.702,-2.7019,-8.8411,-0.1219,-0.3428,-1.7089,-1.7089,2.6456,8.2546,0.9079
21.710,-2.6585,-8.8411,-0.1219,-0.3193,-1.7089,-1.7089,2.6345,8.2546,0.9079
21.715,-2.6275,-8.9752,-0.1219,-0.2952,-1.7815,-1.7815,2.4412,8.2890,0.9079
21.719,-2.6275,-8.8793,-0.1219,-0.2952,-1.7070,-1.7070,2.4412,7.6917,0.9079
21.723,-2.6275,-8.8793,-0.1219,-0.2952,-1.7070,-1.7070,2.4412,7.6917,0.9079
21.726,-2.6948,-8.8793,-0.1219,-0.3398,-1.7070,-1.7070,2.4913,7.6917,0.9079
21.730,-2.6948,-8.6713,-0.1219,-0.3398,-1.5692,-1.6018,2.4913,7.5367,0.9079
21.734,-2.6605,-8.6713,-0.1219,-0.3167,-1.5692,-1.5692,2.3072,7.5367,0.9079
21.739,-2.6605,-8.5655,-0.1219,-0.3167,-1.4979,-1.4979,2.3072,6.9677,0.9079
21.743,-2.6287,-8.5655,-0.1219,-0.3032,-1.4979,-1.4979,2.3462,6.9677,0.9079
21.746,-2.6287,-8.6640,-0.1219,-0.3032,-1.5397,-1.5397,2.3462,6.8471,0.9079
21.750,-2.6287,-8.6640,-0.1219,-0.3032,-1.5397,-1.5397,2.3462,6.8471,0.9079
21.753,-2.5918,-8.6640,-0.1219,-0.2813,-1.5397,-1.5397,2.1678,6.8471,0.9079
21.757,-2.5918,-8.5501,-0.1219,-0.2813,-1.4722,-1.4722,2.1678,6.2957,0.9079
21.761,-2.6173,-8.5501,-0.1219,-0.2873,-1.4722,-1.4722,2.1256,6.2957,0.9079
21.765,-2.6173,-8.4714,-0.1219,-0.2873,-1.4537,-1.4537,2.1256,6.4261,0.9079
21.769,-2.6173,-8.4714,-0.1219,-0.2873,-1.4537,-1.4537,2.1256,6.4261,0.9079
21.773,-2.5751,-8.4714,-0.1219,-0.2625,-1.4537,-1.4537,2.0674,6.4261,0.9079
21.782,-2.5377,-8.3410,-0.1219,-0.2513,-1.3771,-1.3771,2.1012,6.2464,0.9079
21.785,-2.5377,-8.4567,-0.1219,-0.2513,-1.4115,-1.4115,2.1012,6.1418,0.9079
21.789,-2.5377,-8.4567,-0.1219,-0.2513,-1.4115,-1.4115,2.1012,6.1418,0.9079
21.792,-2.5687,-8.4567,-0.1219,-0.2402,-1.4115,-1.4115,2.0813,6.1418,0.9079
21.796,-2.5285,-8.3607,-0.1219,-0.2214,-1.4460,-1.4460,1.8985,6.2033,0.9079
21.801,-2.5285,-8.2364,-0.1219,-0.2214,-1.3880,-1.3880,1.8985,5.6384,0.9079
21.804,-2.5285,-8.2364,-0.1219,-0.2214,-1.3880,-1.3880,1.8985,5.6384,0.9079
21.808,-2.5285,-8.2364,-0.1219,-0.2214,-1.3880,-1.3880,1.8985,5.6384,0.9079
21.811,-2.5504,-8.2364,-0.1219,-0.2099,-1.3880,-1.3880,1.9140,5.6384,0.9079
21.815,-2.4987,-8.1687,-0.1219,-0.1816,-1.4237,-1.4237,2.0351,5.5904,0.9079
21.819,-2.4987,-8.0088,-0.1219,-0.1816,-1.3364,-1.3364,2.0351,5.9644,0.9079
21.822,-2.4987,-8.0088,-0.1219,-0.1816,-1.3364,-1.3364,2.0351,5.9644,0.9079
21.825,-2.4764,-8.0088,-0.1219,-0.1860,-1.3364,-1.3364,2.0024,5.9644,0.9079
21.830,-2.4764,-8.0777,-0.1219,-0.1860,-1.3229,-1.3229,2.0024,6.0653,0.9079
21.834,-2.4317,-8.0777,-0.1219,-0.1682,-1.3229,-1.3229,1.8727,6.0653,0.9079
21.838,-2.4317,-7.9398,-0.1219,-0.1682,-1.2678,-1.2678,1.8727,5.6645,0.9079
21.842,-2.4317,-7.9398,-0.1219,-0.1682,-1.2678,-1.2678,1.8727,5.6645,0.9079
21.846,-2.4146,-7.9398,-0.1219,-0.1785,-1.2678,-1.2678,1.8070,5.6645,0.9079
21.849,-2.4146,-7.9927,-0.1219,-0.1785,-1.2358,-1.2358,1.8070,5.8675,0.9079
21.853,-2.3685,-7.9927,-0.1219,-0.1617,-1.2358,-1.2358,1.6797,5.8675,0.9079
21.861,-2.3717,-7.8502,-0.1219,-0.1657,-1.1839,-1.1839,1.6761,5.4741,0.9079
21.867,-2.3717,-7.8404,-0.1219,-0.1657,-1.1716,-1.1716,1.6761,5.4852,0.9079
21.870,-2.3717,-7.8404,-0.1219,-0.1657,-1.1716,-1.1716,1.6761,5.4852,0.9079
21.874,-2.3079,-7.8404,-0.1219,-0.1499,-1.1716,-1.1716,1.5493,5.4852,0.9079
21.879,-2.3446,-7.6434,-0.1219,-0.1722,-1.1227,-1.1227,1.6162,5.0934,0.9079
21.887,-2.3446,-7.5302,-0.1219,-0.1722,-1.0538,-1.0538,1.6162,4.8867,0.9079
21.891,-2.3446,-7.5302,-0.1219,-0.1722,-1.0538,-1.0538,1.6162,4.8867,0.9079
21.895,-2.1947,-7.5302,-0.1219,-0.1387,-1.0538,-1.0538,1.4287,4.8867,0.9079
21.899,-2.1947,-7.4683,-0.1219,-0.1387,-1.0658,-1.0658,1.4287,4.6689,0.9079
21.902,-2.1947,-7.4683,-0.1219,-0.1387,-1.0658,-1.0658,1.4287,4.6689,0.9079
21.906,-2.1947,-7.4683,-0.1219,-0.1387,-1.0658,-1.0658,1.4287,4.6689,0.9079
21.909,-2.2250,-7.4683,-0.1219,-0.1554,-1.0658,-1.0658,1.5426,4.6689,0.9079
21.912,-2.1206,-7.3748,-0.1219,-0.1415,-1.0142,-1.0142,1.4099,4.3170,0.9079
21.916,-2.1206,-7.0521,-0.1219,-0.1415,-0.9713,-0.9713,1.4099,3.9071,0.9079
21.920,-2.1206,-7.0521,-0.1219,-0.1415,-0.9713,-0.9713,1.4099,3.9071,0.9079
21.924,-2.1206,-7.0521,-0.1219,-0.1415,-0.9713,-0.9713,1.4099,3.9071,0.9079
21.927,-2.1301,-7.0521,-0.1219,-0.1001,-0.9713,-0.9713,1.3215,3.9071,0.9079
21.932,-2.1301,-7.0225,-0.1219,-0.1001,-1.0992,-1.0831,1.3215,4.1803,0.9079
21.936,-2.0118,-7.0225,-0.1219,-0.0871,-1.0992,-1.0992,1.1837,4.1803,0.9079
21.940,-2.0118,-6.6568,-0.1219,-0.0871,-1.0591,-1.0591,1.1837,3.7545,0.9079
21.945,-2.0217,-6.6568,-0.1219,-0.1114,-1.0591,-1.0591,1.2677,3.7545,0.9079
21.949,-2.0217,-6.6261,-0.1219,-0.1114,-0.9841,-0.9841,1.2677,3.4949,0.9079
21.953,-1.8845,-6.6261,-0.1219,-0.0992,-0.9841,-0.9841,1.1250,3.4949,0.9079
21.957,-1.8845,-6.2020,-0.1219,-0.0992,-0.9465,-0.9465,1.1250,3.0540,0.9079
21.961,-1.8932,-6.2020,-0.1219,-0.1136,-0.9465,-0.9465,1.1398,3.0540,0.9079
21.965,-1.8932,-6.1750,-0.1219,-0.1136,-0.9022,-0.9022,1.1398,3.0085,0.9079
21.969,-1.8932,-6.1750,-0.1219,-0.1136,-0.9022,-0.9022,1.1398,3.0085,0.9079
21.972,-1.8932,-6.1750,-0.1219,-0.1136,-0.9022,-0.9022,1.1398,3.0085,0.9079
21.975,-1.4656,-6.1750,-0.1219,-0.0675,-0.9022,-0.9022,1.0436,3.0085,0.9079
21.979,-1.4656,-5.0996,-0.1219,-0.0675,-0.9566,-0.9566,1.0436,3.1099,0.9079
21.983,-1.4656,-5.0996,-0.1219,-0.0675,-0.9566,-0.9566,1.0436,3.1099,0.9079
21.988,-1.4656,-5.0996,-0.1219,-0.0675,-0.9566,-0.9566,1.0436,3.1099,0.9079
21.995,-1.0876,-5.0996,-0.1219,-0.0614,-0.9566,-0.9566,1.0296,3.1099,0.9079
22.000,-1.0876,-3.9315,-0.1219,-0.0614,-0.8934,-0.8934,1.0296,2.9535,0.9079
22.005,-1.0876,-3.9315,-0.1219,-0.0614,-0.8934,-0.8934,1.0296,2.9535,0.9079
22.013,-0.7591,-3.9315,-0.1219,-0.0394,-0.8934,-0.8934,0.8216,2.9535,0.9079
22.020,-0.7591,-2.6952,-0.1219,-0.0394,-0.8968,-0.8968,0.8216,2.8227,0.9079
22.024,-0.7591,-2.6952,-0.1219,-0.0394,-0.8968,-0.8968,0.8216,2.8227,0.9079
22.028,-0.7038,-2.6952,-0.1219,-0.0692,-0.8968,-0.8968,0.8483,2.8227,0.9079
22.031,-0.7038,-2.8662,-0.1219,-0.0692,-0.8045,-0.8045,0.8483,2.7402,0.9079
22.035,-0.3532,-2.8662,-0.1219,-0.0593,-0.8045,-0.8045,0.7320,2.7402,0.9079
22.040,-0.3532,-1.7829,-0.1219,-0.0593,-0.7738,-0.7738,0.7320,2.3809,0.9079
22.043,-0.3640,-1.7829,-0.1219,-0.0681,-0.7738,-0.7738,0.7129,2.3809,0.9079
22.046,-0.3640,-1.7497,-0.1219,-0.0681,-0.7468,-0.7468,0.7129,2.4400,0.9079
22.050,-0.3640,-1.7497,-0.1219,-0.0681,-0.7468,-0.7468,0.7129,2.4400,0.9079
22.054,-0.0228,-1.7497,-0.1219,-0.0587,-0.7468,-0.7468,0.6027,2.4400,0.9079
22.058,-0.0228,-0.6954,-0.1219,-0.0587,-0.7179,-0.7179,0.6027,2.0994,0.9079
22.061,-0.0220,-0.6954,-0.1219,-0.0444,-0.7179,-0.7179,0.5629,2.0994,0.9079
22.065,-0.0220,-0.6978,-0.1219,-0.0444,-0.7621,-0.7621,0.5629,2.2224,0.9079
22.069,-0.0220,-0.6978,-0.1219,-0.0444,-0.7621,-0.7621,0.5629,2.2224,0.9079
22.073,0.3061,-0.6978,-0.1219,-0.0356,-0.7621,-0.7621,0.4563,2.2224,0.9079
22.077,0.2232,0.3158,-0.1219,-0.0671,-0.7351,-0.7351,0.5554,1.8931,0.9079
22.081,0.2232,0.5717,-0.1219,-0.0671,-0.6379,-0.6379,0.5554,1.5867,0.9079
22.084,0.2232,0.5717,-0.1219,-0.0671,-0.6379,-0.6379,0.5554,1.5867,0.9079
22.088,0.2232,0.5717,-0.1219,-0.0671,-0.6379,-0.6379,0.5554,1.5867,0.9079
22.092,0.5894,0.5717,-0.1219,-0.0330,-0.6379,-0.6379,0.4099,1.5867,0.9079
22.101,0.5894,1.3906,-0.1219,-0.0330,-0.6927,-0.6927,0.4099,1.3857,0.9079
22.104,0.5894,1.3906,-0.1219,-0.0330,-0.6927,-0.6927,0.4099,1.3857,0.9079
22.107,0.5894,1.3906,-0.1219,-0.0330,-0.6927,-0.6927,0.4099,1.3857,0.9079
22.112,0.5635,1.3906,-0.1219,-0.0394,-0.6927,-0.6927,0.4517,1.3857,0.9079
22.117,0.8679,1.4706,-0.1219,-0.0319,-0.6730,-0.6730,0.3460,1.2565,0.9079
22.121,0.8679,2.4112,-0.1219,-0.0319,-0.6497,-0.6497,0.3460,0.9297,0.9079
22.124,0.8679,2.4112,-0.1219,-0.0319,-0.6497,-0.6497,0.3460,0.9297,0.9079
22.129,0.8727,2.4112,-0.1219,-0.0319,-0.6497,-0.6497,0.3683,0.9297,0.9079
22.133,1.1711,2.3964,-0.1219,-0.0249,-0.6497,-0.6497,0.2591,0.8608,0.9079
22.137,1.1711,3.3185,-0.1219,-0.0249,-0.6281,-0.6281,0.2591,0.5234,0.9079
22.141,1.1711,3.3185,-0.1219,-0.0249,-0.6281,-0.6281,0.2591,0.5234,0.9079
22.144,1.1552,3.3185,-0.1219,-0.0090,-0.6281,-0.6281,0.2523,0.5234,0.9079
22.148,1.1552,3.3678,-0.1219,-0.0090,-0.6773,-0.6773,0.2523,0.5443,0.9079
22.151,1.1552,3.3678,-0.1219,-0.0090,-0.6773,-0.6773,0.2523,0.5443,0.9079
22.155,1.4390,3.3678,-0.1219,-0.0025,-0.6773,-0.6773,0.1380,0.5443,0.9079
22.163,1.4445,4.2446,-0.1219,-0.0256,-0.6574,-0.6574,0.0719,0.1911,0.9079
22.168,1.4445,4.2274,-0.1219,-0.0256,-0.5860,-0.5860,0.0719,0.3953,0.9079
22.171,1.4445,4.2274,-0.1219,-0.0256,-0.5860,-0.5860,0.0719,0.3953,0.9079
22.175,1.7198,4.2274,-0.1219,-0.0196,-0.5860,-0.5860,-0.0484,0.3953,0.9079
22.179,1.7091,5.0781,-0.1219,-0.0057,-0.5675,-0.5675,-0.0771,0.0235,0.9079
22.183,1.7091,5.1113,-0.1219,-0.0057,-0.6106,-0.6106,-0.0771,0.1121,0.9079
22.187,1.7091,5.1113,-0.1219,-0.0057,-0.6106,-0.6106,-0.0771,0.1121,0.9079
22.190,1.7091,5.1113,-0.1219,-0.0057,-0.6106,-0.6106,-0.0771,0.1121,0.9079
22.193,1.9975,5.1113,-0.1219,-0.0321,-0.6106,-0.6106,0.1431,0.1121,0.9079
22.199,1.9975,5.8867,-0.1219,-0.0321,-0.4906,-0.5125,0.1431,-0.0467,0.9079
22.206,1.9975,5.8867,-0.1219,-0.0321,-0.4906,-0.4906,0.1431,-0.0467,0.9079
22.210,2.0333,5.8867,-0.1219,0.0089,-0.4906,-0.4906,-0.0039,-0.0467,0.9079
22.214,2.2916,5.7759,-0.1219,0.0143,-0.6173,-0.6163,0.0659,0.4073,0.9079
22.219,2.2916,6.5740,-0.1219,0.0143,-0.6007,-0.6007,0.0659,0.6229,0.9079
22.222,2.2916,6.5740,-0.1219,0.0143,-0.6007,-0.6007,0.0659,0.6229,0.9079
22.225,2.2665,6.5740,-0.1219,0.0003,-0.6007,-0.6007,0.0217,0.6229,0.9079
22.229,2.2665,6.6516,-0.1219,0.0003,-0.5576,-0.5576,0.0217,0.7595,0.9079
22.233,2.5122,6.6516,-0.1219,0.0052,-0.5576,-0.5576,-0.0862,0.7595,0.9079
22.237,2.5122,7.4109,-0.1219,0.0052,-0.5424,-0.5424,-0.0862,0.4261,0.9079
22.240,2.5122,7.4109,-0.1219,0.0052,-0.5424,-0.5424,-0.0862,0.4261,0.9079
22.244,2.4784,7.4109,-0.1219,-0.0513,-0.5424,-0.5424,0.0452,0.4261,0.9079
22.248,2.4784,7.5155,-0.1219,-0.0513,-0.3677,-0.4427,0.0452,0.0201,0.9079
22.251,2.4784,7.5155,-0.1219,-0.0513,-0.3677,-0.3677,0.0452,0.0201,0.9079
22.255,2.7137,7.5155,-0.1219,-0.0466,-0.3677,-0.3677,-0.0545,0.0201,0.9079
22.259,2.7579,8.2426,-0.1219,-0.0064,-0.3531,-0.3531,-0.0971,-0.2881,0.9079
22.262,2.7579,8.1060,-0.1219,-0.0064,-0.4773,-0.4681,-0.0971,-0.1565,0.9079
22.266,2.7579,8.1060,-0.1219,-0.0064,-0.4773,-0.4773,-0.0971,-0.1565,0.9079
22.270,2.7579,8.1060,-0.1219,-0.0064,-0.4773,-0.4773,-0.0971,-0.1565,0.9079
22.273,2.9875,8.1060,-0.1219,-0.0017,-0.4773,-0.4773,-0.1906,-0.1565,0.9079
22.277,2.9441,8.8155,-0.1219,0.0349,-0.4630,-0.4630,-0.1763,-0.4454,0.9079
22.280,2.9441,8.9496,-0.1219,0.0349,-0.5762,-0.5762,-0.1763,-0.4897,0.9079
22.284,2.9441,8.9496,-0.1219,0.0349,-0.5762,-0.5762,-0.1763,-0.4897,0.9079
22.288,2.9441,8.9496,-0.1219,0.0349,-0.5762,-0.5762,-0.1763,-0.4897,0.9079
22.291,2.9441,8.9496,-0.1219,0.0349,-0.5762,-0.5762,-0.1763,-0.4897,0.9079
22.295,3.1791,8.9496,-0.1219,0.0260,-0.5762,-0.5762,-0.2863,-0.4897,0.9079
22.301,3.1791,9.5823,-0.1219,0.0260,-0.5200,-0.5200,-0.2863,-0.7016,0.9079
22.308,3.1445,9.5823,-0.1219,0.0109,-0.5200,-0.5200,-0.3189,-0.7016,0.9079
22.318,3.3413,9.6893,-0.1219,0.0156,-0.4733,-0.4733,-0.4059,-0.6007,0.9079
22.324,3.3413,10.2975,-0.1219,0.0156,-0.4587,-0.4587,-0.4059,-0.8696,0.9079
22.328,3.3775,10.2975,-0.1219,-0.0111,-0.4587,-0.4587,-0.3375,-0.8696,0.9079
22.332,3.3775,10.1855,-0.1219,-0.0111,-0.3763,-0.3763,-0.3375,-1.0812,0.9079
22.336,3.5476,10.1855,-0.1219,-0.0063,-0.3763,-0.3763,-0.4242,-1.0812,0.9079
22.339,3.5476,10.7112,-0.1219,-0.0063,-0.3614,-0.3614,-0.4242,-1.3494,0.9079
22.343,3.5671,10.7112,-0.1219,-0.0083,-0.3614,-0.3614,-0.5250,-1.3494,0.9079
22.347,3.5671,10.6509,-0.1219,-0.0083,-0.3553,-0.3553,-0.5250,-1.0381,0.9079
22.350,3.5671,10.6509,-0.1219,-0.0083,-0.3553,-0.3553,-0.5250,-1.0381,0.9079
22.354,3.7159,10.6509,-0.1219,-0.0051,-0.3553,-0.3553,-0.4760,-1.0381,0.9079
22.358,3.7159,11.1107,-0.1219,-0.0051,-0.3454,-0.3454,-0.4760,-0.8866,0.9079
22.361,3.6908,11.1107,-0.1219,-0.0058,-0.3454,-0.3454,-0.3947,-0.8866,0.9079
22.365,3.6908,11.1882,-0.1219,-0.0058,-0.3429,-0.3429,-0.3947,-1.1376,0.9079
22.368,3.6908,11.1882,-0.1219,-0.0058,-0.3429,-0.3429,-0.3947,-1.1376,0.9079
22.372,3.6908,11.1882,-0.1219,-0.0058,-0.3429,-0.3429,-0.3947,-1.1376,0.9079
22.375,3.7944,11.1882,-0.1219,0.0475,-0.3429,-0.3429,-0.5315,-1.1376,0.9079
22.380,3.7944,11.6165,-0.1219,0.0475,-0.4686,-0.4575,-0.5315,-1.8827,0.9079
22.384,3.7944,11.6165,-0.1219,0.0475,-0.4686,-0.4686,-0.5315,-1.8827,0.9079
22.387,3.7944,11.6165,-0.1219,0.0475,-0.4686,-0.4686,-0.5315,-1.8827,0.9079
22.392,3.8099,11.6165,-0.1219,0.0252,-0.4686,-0.4686,-0.5845,-1.8827,0.9079
22.396,3.9155,11.5685,-0.1219,0.0280,-0.3997,-0.3997,-0.5155,-1.7190,0.9079
22.400,3.9155,11.8948,-0.1219,0.0280,-0.3908,-0.3908,-0.5155,-1.5058,0.9079
22.403,3.9155,11.8948,-0.1219,0.0280,-0.3908,-0.3908,-0.5155,-1.5058,0.9079
22.407,3.9155,11.8948,-0.1219,0.0280,-0.3908,-0.3908,-0.5155,-1.5058,0.9079
22.412,3.8757,11.8948,-0.1219,0.0527,-0.3908,-0.3908,-0.4765,-1.5058,0.9079
22.419,3.9621,12.0178,-0.1219,0.0555,-0.4671,-0.4671,-0.4132,-1.6264,0.9079
22.423,3.9621,12.2846,-0.1143,0.0555,-0.4585,-0.4585,-0.4132,-1.4310,0.9079
22.426,3.9923,12.2846,-0.1101,0.0750,-0.4585,-0.4585,-0.4654,-1.4310,0.9079
22.430,3.9923,12.1911,-0.1066,0.0750,-0.5187,-0.5187,-0.4654,-1.2699,0.9079
22.434,4.0589,12.1911,-0.1029,0.0797,-0.5187,-0.5187,-0.5648,-1.2699,0.9079
22.437,4.0589,12.3968,-0.0991,0.0797,-0.5041,-0.5041,-0.5648,-1.5770,0.9079
22.441,4.0589,12.3968,-0.0951,0.0797,-0.5041,-0.5041,-0.5648,-1.5770,0.9079
22.444,4.0267,12.3968,-0.0917,0.0626,-0.5041,-0.5041,-0.5771,-1.5770,0.9079
22.449,4.0267,12.4965,-0.0881,0.0626,-0.4512,-0.4512,-0.5771,-1.5388,0.9079
22.453,4.0794,12.4965,-0.0833,0.0647,-0.4512,-0.4512,-0.5256,-1.5388,0.9079
22.457,4.0794,12.6594,-0.0793,0.0647,-0.4448,-0.4448,-0.5256,-1.3797,0.9079
22.461,4.0674,12.6594,-0.0750,0.0484,-0.4448,-0.4448,-0.4667,-1.3797,0.9079
22.470,4.0674,12.6963,-0.0707,0.0484,-0.3943,-0.3943,-0.4667,-1.5618,0.9079
22.475,4.1055,12.6963,-0.0617,0.0500,-0.3943,-0.3943,-0.4335,-1.5618,0.9079
22.479,4.1066,12.8138,-0.0563,0.0257,-0.3893,-0.3893,-0.4426,-1.4592,0.9079
22.483,4.1066,12.8101,-0.0521,0.0257,-0.3142,-0.3142,-0.4426,-1.4309,0.9079
22.488,4.1066,12.8101,-0.0473,0.0257,-0.3142,-0.3142,-0.4426,-1.4309,0.9079
22.491,4.1066,12.8101,-0.0426,0.0257,-0.3142,-0.3142,-0.4426,-1.4309,0.9079
22.494,4.1010,12.8101,-0.0392,0.0728,-0.3142,-0.3142,-0.5450,-1.4309,0.9079
22.499,4.1010,12.9749,-0.0357,0.0728,-0.4419,-0.4137,-0.5450,-1.8531,0.9079
22.503,4.1010,12.9749,-0.0307,0.0728,-0.4419,-0.4419,-0.5450,-1.8531,0.9079
22.506,4.1010,12.9749,-0.0272,0.0728,-0.4419,-0.4419,-0.5450,-1.8531,0.9079
22.509,4.1138,12.9749,-0.0238,0.0581,-0.4419,-0.4419,-0.5618,-1.8531,0.9079
22.513,4.1266,12.9355,-0.0204,0.0576,-0.3963,-0.3963,-0.5374,-1.8014,0.9079
22.518,4.1266,12.9751,-0.0167,0.0576,-0.3977,-0.3977,-0.5374,-1.7260,0.9079
22.526,4.1174,12.9751,-0.0108,0.0608,-0.3977,-0.3977,-0.5672,-1.7260,0.9079
22.531,4.1174,13.0034,-0.0030,0.0608,-0.4076,-0.4076,-0.5672,-1.6337,0.9079
22.535,4.1194,13.0034,0.0026,0.0591,-0.4076,-0.4076,-0.5505,-1.6337,0.9079
22.539,4.1194,13.0094,0.0069,0.0591,-0.4130,-0.4130,-0.5505,-1.5820,0.9079
22.542,4.1261,13.0094,0.0108,0.0324,-0.4130,-0.4130,-0.5342,-1.5820,0.9079
22.546,4.1261,12.9885,0.0142,0.0324,-0.3306,-0.3306,-0.5342,-1.6324,0.9079
22.550,4.1261,12.9885,0.0183,0.0324,-0.3306,-0.3306,-0.5342,-1.6324,0.9079
22.553,4.1182,12.9885,0.0222,0.0299,-0.3306,-0.3306,-0.5829,-1.6324,0.9079
22.557,4.1182,12.9639,0.0258,0.0299,-0.3381,-0.3381,-0.5829,-1.7830,0.9079
22.560,4.0927,12.9639,0.0297,0.0411,-0.3381,-0.3381,-0.5749,-1.7830,0.9079
22.564,4.0927,13.0427,0.0333,0.0411,-0.3726,-0.3726,-0.5749,-1.8076,0.9079
22.567,4.0927,13.0427,0.0371,0.0411,-0.3726,-0.3726,-0.5749,-1.8076,0.9079
22.571,4.0927,13.0427,0.0407,0.0411,-0.3726,-0.3726,-0.5749,-1.8076,0.9079
22.574,4.0760,13.0427,0.0442,0.0358,-0.3726,-0.3726,-0.5555,-1.8076,0.9079
22.578,4.0645,12.9910,0.0481,0.0526,-0.3888,-0.3888,-0.5646,-1.7475,0.9079
22.582,4.0645,13.0267,0.0521,0.0526,-0.4405,-0.4405,-0.5646,-1.7192,0.9079
22.586,4.0645,13.0267,0.0563,0.0526,-0.4405,-0.4405,-0.5646,-1.7192,0.9079
22.589,4.0645,13.0267,0.0600,0.0526,-0.4405,-0.4405,-0.5646,-1.7192,0.9079
22.593,4.1051,13.0267,0.0638,0.0097,-0.4405,-0.4405,-0.5504,-1.7192,0.9079
22.597,4.1051,12.7487,0.0676,0.0097,-0.3538,-0.3538,-0.5504,-1.6827,0.9079
22.601,4.1051,12.7487,0.0720,0.0097,-0.3538,-0.3538,-0.5504,-1.6827,0.9079
22.604,4.1051,12.7487,0.0756,0.0097,-0.3538,-0.3538,-0.5504,-1.6827,0.9079
22.608,4.1051,12.7487,0.0792,0.0097,-0.3538,-0.3538,-0.5504,-1.6827,0.9079
22.611,4.0617,12.7487,0.0828,0.0336,-0.3538,-0.3538,-0.5281,-1.6827,0.9079
22.621,4.0300,12.8829,0.0865,0.0239,-0.4276,-0.4276,-0.5257,-1.7516,0.9079
22.631,3.9866,12.7848,0.0883,-0.0127,-0.4577,-0.4577,-0.5337,-1.7442,0.9079
22.635,3.9486,12.9189,0.0883,-0.0250,-0.3445,-0.3445,-0.5479,-1.7196,0.9079
22.639,3.9486,12.8015,0.0883,-0.0250,-0.3824,-0.3824,-0.5479,-1.7635,0.9079
22.643,3.9247,12.8015,0.0883,-0.0043,-0.3824,-0.3824,-0.5718,-1.7635,0.9079
22.648,3.9247,12.8753,0.0883,-0.0043,-0.4464,-0.4464,-0.5718,-1.6896,0.9079
22.652,3.9247,12.8753,0.0883,-0.0043,-0.4464,-0.4464,-0.5718,-1.6896,0.9079
22.656,3.8811,12.8753,0.0883,-0.0194,-0.4464,-0.4464,-0.5904,-1.6896,0.9079
22.660,3.8664,12.7407,0.0883,-0.0242,-0.4932,-0.4932,-0.6052,-1.7473,0.9079
22.664,3.8664,12.7862,0.0883,-0.0242,-0.4784,-0.4784,-0.6052,-1.7018,0.9079
22.669,3.8664,12.7862,0.0883,-0.0242,-0.4784,-0.4784,-0.6052,-1.7018,0.9079
22.673,3.8179,12.7862,0.0883,-0.0424,-0.4784,-0.4784,-0.6326,-1.7018,0.9079
22.677,3.8120,12.6365,0.0883,-0.0408,-0.5345,-0.5345,-0.5785,-1.7866,0.9079
22.681,3.8120,12.6550,0.0883,-0.0408,-0.5394,-0.5394,-0.5785,-1.9540,0.9079
22.686,3.8120,12.6550,0.0883,-0.0408,-0.5394,-0.5394,-0.5785,-1.9540,0.9079
22.690,3.8120,12.6550,0.0883,-0.0408,-0.5394,-0.5394,-0.5785,-1.9540,0.9079
22.694,3.7644,12.6550,0.0883,-0.0721,-0.5394,-0.5394,-0.6370,-1.9540,0.9079
22.699,3.7644,12.4761,0.0883,-0.0721,-0.5745,-0.5745,-0.6370,-1.9527,0.9079
22.702,3.7644,12.4761,0.0883,-0.0721,-0.5745,-0.5745,-0.6370,-1.9527,0.9038
22.706,3.7644,12.4761,0.0883,-0.0721,-0.5745,-0.5745,-0.6370,-1.9527,0.8990
22.710,3.7967,12.4761,0.0883,-0.0593,-0.5745,-0.5745,-0.6553,-1.9527,0.8940
22.715,3.7402,12.3764,0.0883,-0.0839,-0.6139,-0.6139,-0.6860,-1.8961,0.8893
22.721,3.7402,12.2020,0.0883,-0.0839,-0.6899,-0.6899,-0.6860,-1.9910,0.8827
22.729,3.7112,12.2020,0.0883,-0.0712,-0.6899,-0.6899,-0.6661,-1.9910,0.8750
22.733,3.6515,12.2918,0.0883,-0.0991,-0.7293,-0.7293,-0.6978,-2.0526,0.8647
22.738,3.6515,12.1076,0.0883,-0.0991,-0.8156,-0.8156,-0.6978,-2.1503,0.8592
22.741,3.6515,12.1076,0.0883,-0.0991,-0.8156,-0.8156,-0.6978,-2.1503,0.8535
22.747,3.7001,12.1076,0.0883,-0.1250,-0.8156,-0.8156,-0.6962,-2.1503,0.8483
22.751,3.7001,11.9575,0.0883,-0.1250,-0.7357,-0.7357,-0.6962,-2.1552,0.8414
22.756,3.6376,11.9575,0.0883,-0.1563,-0.7357,-0.7357,-0.7182,-2.1552,0.8355
22.760,3.6249,11.7645,0.0883,-0.1519,-0.8324,-0.8324,-0.7297,-2.2232,0.8297
22.765,3.6249,11.8039,0.0883,-0.1519,-0.8459,-0.8459,-0.7297,-2.1875,0.8239
22.773,3.5604,11.8039,0.0883,-0.1866,-0.8459,-0.8459,-0.7734,-2.1875,0.8176
22.781,3.5217,11.6044,0.0883,-0.1815,-0.9532,-0.9532,-0.7288,-2.3223,0.8059
22.785,3.5217,11.7238,0.0883,-0.1815,-0.9692,-0.9692,-0.7288,-2.4601,0.7946
22.789,3.5217,11.7238,0.0883,-0.1815,-0.9692,-0.9692,-0.7288,-2.4601,0.7889
22.793,3.5180,11.7238,0.0883,-0.2156,-0.9692,-0.9692,-0.8131,-2.4601,0.7837
22.798,3.5180,11.3258,0.0883,-0.2156,-1.0994,-1.0892,-0.8131,-2.5486,0.7779
22.802,3.5180,11.3258,0.0883,-0.2156,-1.0994,-1.0994,-0.8131,-2.5486,0.7712
22.805,3.5180,11.3258,0.0883,-0.2156,-1.0994,-1.0994,-0.8131,-2.5486,0.7658
22.810,3.4973,11.3258,0.0883,-0.2140,-1.0994,-1.0994,-0.7673,-2.5486,0.7605
22.815,3.4296,11.3897,0.0883,-0.2556,-1.1043,-1.1043,-0.8301,-2.6901,0.7538
22.819,3.4296,11.1805,0.0883,-0.2556,-1.2327,-1.2327,-0.8301,-2.8840,0.7464
22.824,3.4296,11.1805,0.0883,-0.2556,-1.2327,-1.2327,-0.8301,-2.8840,0.7395
22.832,3.3479,11.1805,0.0883,-0.2972,-1.2327,-1.2327,-0.9045,-2.8840,0.7312
22.837,3.3479,11.0069,0.0883,-0.2972,-1.3809,-1.3809,-0.9045,-2.9785,0.7182
22.841,3.3479,11.0069,0.0883,-0.2972,-1.3809,-1.3809,-0.9045,-2.9785,0.7109
22.846,3.3769,11.0069,0.0883,-0.2681,-1.3809,-1.3809,-0.9491,-2.9785,0.7040
22.850,3.3769,10.9170,0.0883,-0.2681,-1.4707,-1.4707,-0.9491,-2.8407,0.6977
22.854,3.3071,10.9170,0.0883,-0.3160,-1.4707,-1.4707,-0.9953,-2.8407,0.6910
22.859,3.2637,10.7013,0.0883,-0.3674,-1.6188,-1.5976,-0.9160,-2.9834,0.6845
22.863,3.2637,10.8354,0.0883,-0.3674,-1.4601,-1.4628,-0.9160,-3.2282,0.6842
22.867,3.2637,10.8354,0.0883,-0.3674,-1.4601,-1.4601,-0.9160,-3.2282,0.6842
22.872,3.2637,10.8354,0.0883,-0.3674,-1.4601,-1.4601,-0.9160,-3.2282,0.6842
22.876,3.2228,10.8354,0.0883,-0.3962,-1.4601,-1.4601,-0.9971,-3.2282,0.6842
22.881,3.2228,10.5270,0.0883,-0.3962,-1.6868,-1.5856,-0.9971,-3.2721,0.6842
22.885,3.2228,10.5270,0.0883,-0.3962,-1.6868,-1.6868,-0.9971,-3.2721,0.6842
22.889,3.2228,10.5270,0.0883,-0.3962,-1.6868,-1.6868,-0.9971,-3.2721,0.6842
22.892,3.1148,10.5270,0.0883,-0.4614,-1.6868,-1.6868,-1.0931,-3.2721,0.6842
22.897,3.1148,10.4245,0.0883,-0.4614,-1.8194,-1.7995,-1.0931,-3.2661,0.6842
22.902,3.1148,10.4245,0.0883,-0.4614,-1.8194,-1.8194,-1.0931,-3.2661,0.6842
22.906,3.1148,10.4245,0.0883,-0.4614,-1.8194,-1.8194,-1.0931,-3.2661,0.6842
22.910,3.1415,10.4245,0.0883,-0.4737,-1.8194,-1.8194,-1.0322,-3.2661,0.6842
22.914,3.0713,10.3420,0.0883,-0.5311,-1.7812,-1.7812,-1.1153,-3.4544,0.6842
22.919,3.0713,10.1253,0.0883,-0.5311,-1.9586,-1.9062,-1.1153,-3.7112,0.6842
22.929,3.0474,10.1253,0.0883,-0.5200,-1.9586,-1.9586,-1.1169,-3.7112,0.6842
22.939,2.9780,10.1991,0.0883,-0.5805,-1.9930,-1.9930,-1.2317,-3.7063,0.6842
22.944,3.0218,9.9844,0.0883,-0.5721,-2.1800,-2.1800,-1.2500,-4.0608,0.6842
22.948,3.0218,9.8491,0.0883,-0.5721,-2.2059,-2.2059,-1.2500,-4.0042,0.6842
22.952,3.0218,9.8491,0.0883,-0.5721,-2.2059,-2.2059,-1.2500,-4.0042,0.6842
22.956,2.9526,9.8491,0.0883,-0.6352,-2.2059,-2.2059,-1.3565,-4.0042,0.6842
22.960,2.9669,9.6353,0.0883,-0.6173,-2.4008,-2.3216,-1.4242,-4.3336,0.6842
22.965,2.9669,9.5910,0.0883,-0.6173,-2.4562,-2.4493,-1.4242,-4.1244,0.6842
22.969,2.9669,9.5910,0.0883,-0.6173,-2.4562,-2.4562,-1.4242,-4.1244,0.6842
22.973,2.8978,9.5910,0.0883,-0.6825,-2.4562,-2.4562,-1.4984,-4.1244,0.6842
22.977,2.8564,9.3775,0.0883,-0.7398,-2.6576,-2.5678,-1.3889,-4.3536,0.6842
22.982,2.8564,9.5055,0.0883,-0.7398,-2.4805,-2.4805,-1.3889,-4.6920,0.6842
22.986,2.8564,9.5055,0.0883,-0.7398,-2.4805,-2.4805,-1.3889,-4.6920,0.6842
22.990,2.8564,9.5055,0.0883,-0.7398,-2.4805,-2.4805,-1.3889,-4.6920,0.6842
22.994,2.8097,9.5055,0.0883,-0.7789,-2.4805,-2.4805,-1.5071,-4.6920,0.6842
22.999,2.8097,9.2259,0.0883,-0.7789,-2.7761,-2.5931,-1.5071,-4.7101,0.6842
23.003,2.8097,9.2259,0.0883,-0.7789,-2.7761,-2.7356,-1.5071,-4.7101,0.6842
23.006,2.8097,9.2259,0.0883,-0.7789,-2.7761,-2.7761,-1.5071,-4.7101,0.6842
23.010,2.7990,9.2259,0.0883,-0.7821,-2.7761,-2.7761,-1.5039,-4.7101,0.6842
23.015,2.7314,9.2591,0.0883,-0.8517,-2.7662,-2.7662,-1.5698,-4.7199,0.6842
23.020,2.7314,9.0502,0.0883,-0.8517,-2.9813,-2.9369,-1.5698,-4.9236,0.6842
23.024,2.7314,9.0502,0.0883,-0.8517,-2.9813,-2.9813,-1.5698,-4.9236,0.6842
23.027,2.7437,9.0502,0.0883,-0.8279,-2.9813,-2.9813,-1.6275,-4.9236,0.6842
23.032,2.7437,9.0120,0.0883,-0.8279,-3.0551,-3.0551,-1.6275,-4.7452,0.6842
23.035,2.6769,9.0120,0.0883,-0.8994,-3.0551,-3.0551,-1.6868,-4.7452,0.6842
23.041,2.6769,8.8057,0.0883,-0.8994,-3.2763,-3.1675,-1.6868,-4.9284,0.6842
23.049,2.6622,8.8057,0.0883,-0.9066,-3.2763,-3.2763,-1.6769,-4.9284,0.6842
23.055,2.5976,8.8513,0.0883,-0.9807,-3.2541,-3.2541,-1.7906,-4.9592,0.6842
23.059,2.5478,8.6516,0.0883,-1.0085,-3.4830,-3.4093,-1.7504,-5.3106,0.6842
23.064,2.5478,8.8054,0.0883,-1.0085,-3.3969,-3.3969,-1.7504,-5.4349,0.6842
23.069,2.5478,8.8054,0.0883,-1.0085,-3.3969,-3.3969,-1.7504,-5.4349,0.6842
23.073,2.4841,8.8054,0.0883,-1.0842,-3.3969,-3.3969,-1.8539,-5.4349,0.6842
23.085,2.5359,8.6086,0.0883,-1.0962,-3.6308,-3.5216,-1.8268,-5.7547,0.6842
23.092,2.4889,8.4487,0.0883,-1.0524,-3.5939,-3.5939,-1.8599,-5.8384,0.6842
23.096,2.4264,8.5939,0.0883,-1.1296,-3.7292,-3.7292,-1.9559,-5.7363,0.6842
23.100,2.4264,8.4006,0.0883,-1.1296,-3.9678,-3.8596,-1.9559,-6.0329,0.6842
23.105,2.4264,8.4006,0.0883,-1.1296,-3.9678,-3.9678,-1.9559,-6.0329,0.6842
23.111,2.4893,8.4006,0.0883,-1.1232,-3.9678,-3.9678,-1.9762,-6.0329,0.6842
23.116,2.4278,8.2062,0.0883,-1.2018,-3.9874,-3.9874,-2.0599,-5.9702,0.6842
23.121,2.4278,8.0162,0.0883,-1.2018,-4.2303,-4.0000,-2.0599,-6.2290,0.6842
23.126,2.3808,8.0162,0.0883,-1.2125,-4.2303,-4.0000,-1.9863,-6.2290,0.6842
23.131,2.3808,8.1614,0.0883,-1.2125,-4.1971,-4.0000,-1.9863,-6.4566,0.6842
23.135,2.3209,8.1614,0.0883,-1.2925,-4.1971,-4.0000,-2.0785,-6.4566,0.6842
23.140,2.3209,7.9764,0.0883,-1.2925,-4.4440,-4.0000,-2.0785,-6.7416,0.6842
23.144,2.3309,7.9764,0.0883,-1.3052,-4.4440,-4.0000,-2.1673,-6.7416,0.6842
23.149,2.3309,7.9456,0.0883,-1.3052,-4.4047,-4.0000,-2.1673,-6.4672,0.6842
23.158,2.2720,7.9456,0.0883,-1.3863,-4.4047,-4.0000,-2.2416,-6.4672,0.6842
23.163,2.2402,7.7638,0.0883,-1.3744,-4.6554,-4.0000,-2.2138,-6.6969,0.6842
23.168,2.2402,7.8622,0.0883,-1.3744,-4.6923,-4.0000,-2.2138,-6.7831,0.6842
23.172,2.1825,7.8622,0.0883,-1.4567,-4.6923,-4.0000,-2.2724,-6.7831,0.6842
23.177,2.1988,7.6838,0.0883,-1.4902,-4.9466,-4.0000,-2.2724,-6.9643,0.6842
23.181,2.1988,7.6334,0.0883,-1.4902,-4.8433,-4.0000,-2.2724,-6.9643,0.6842
23.185,2.1988,7.6334,0.0883,-1.4902,-4.8433,-4.0000,-2.2724,-6.9643,0.6842
23.189,2.1988,7.6334,0.0883,-1.4902,-4.8433,-4.0000,-2.2724,-6.9643,0.6842
23.193,2.2073,7.6334,0.0883,-1.5391,-4.8433,-4.0000,-2.4153,-6.9643,0.6842
23.197,2.2073,7.2610,0.0883,-1.5391,-5.2061,-4.0000,-2.4153,-6.9382,0.6842
23.202,2.2073,7.2610,0.0883,-1.5391,-5.2061,-4.0000,-2.4153,-6.9382,0.6842
23.206,2.2073,7.2610,0.0883,-1.5391,-5.2061,-4.0000,-2.4153,-6.9382,0.6842
23.210,2.1245,7.2610,0.0883,-1.5554,-5.2061,-4.0000,-2.3201,-6.9382,0.6842
23.215,2.0698,7.5170,0.0883,-1.6395,-5.1557,-4.0000,-2.3779,-7.2323,0.6842
23.220,2.0698,7.3480,0.0883,-1.6395,-5.4155,-4.0000,-2.3779,-7.4108,0.6842
23.224,2.0698,7.3480,0.0883,-1.6395,-5.4155,-4.0000,-2.3779,-7.4108,0.6842
23.234,2.0563,7.3480,0.0883,-1.7294,-5.4155,-4.0000,-2.4431,-7.4108,0.6842
23.241,2.0563,7.0651,0.0883,-1.7294,-5.6589,-4.0000,-2.4431,-7.7034,0.6842
23.245,2.0635,7.0651,0.0883,-1.6999,-5.6589,-4.0000,-2.4746,-7.7034,0.6842
23.249,2.0635,7.0430,0.0883,-1.6999,-5.7499,-4.0000,-2.4746,-7.6062,0.6842
23.253,2.0126,7.0430,0.0883,-1.7847,-5.7499,-4.0000,-2.5557,-7.6062,0.6842
23.258,2.0126,6.8857,0.0883,-1.7847,-6.0118,-4.0000,-2.5557,-7.8569,0.6842
23.267,1.9954,6.8857,0.0883,-1.7755,-6.0118,-4.0000,-2.5896,-7.8569,0.6842
23.271,1.9954,6.9386,0.0883,-1.7755,-6.0401,-4.0000,-2.5896,-7.7523,0.6842
23.275,1.9533,6.9386,0.0883,-1.8844,-6.0401,-4.0000,-2.6535,-7.7523,0.6842
23.280,1.9533,6.7592,0.0883,-1.8844,-6.2339,-4.0000,-2.6535,-7.8686,0.6842
23.284,1.9533,6.7592,0.0883,-1.8844,-6.2339,-4.0000,-2.6535,-7.8686,0.6842
23.288,1.9533,6.7592,0.0883,-1.8844,-6.2339,-4.0000,-2.6535,-7.8686,0.6842
23.292,1.9641,6.7592,0.0883,-1.8805,-6.2339,-4.0000,-2.6065,-7.8686,0.6842
23.295,1.9159,6.7260,0.0883,-1.9662,-6.2462,-4.0000,-2.6707,-8.0138,0.6842
23.300,1.9159,6.5771,0.0883,-1.9662,-6.5110,-4.0000,-2.6707,-8.2121,0.6842
23.304,1.9159,6.5771,0.0883,-1.9662,-6.5110,-4.0000,-2.6707,-8.2121,0.6842
23.308,1.8896,6.5771,0.0883,-1.9889,-6.5110,-4.0000,-2.6675,-8.2121,0.6842
23.312,1.8896,6.6583,0.0883,-1.9889,-6.4409,-4.0000,-2.6675,-8.2219,0.6842
23.316,1.8420,6.6583,0.0883,-2.0758,-6.4409,-4.0000,-2.6974,-8.2219,0.6842
23.320,1.8420,6.5113,0.0883,-2.0758,-6.7094,-4.0000,-2.6974,-8.3143,0.6842
23.323,1.8420,6.5113,0.0883,-2.0758,-6.7094,-4.0000,-2.6974,-8.3143,0.6842
23.326,1.8392,6.5113,0.0883,-2.0614,-6.7094,-4.0000,-2.7018,-8.3143,0.6842
23.330,1.8392,6.5199,0.0883,-2.0614,-6.7537,-4.0000,-2.7018,-8.3008,0.6842
23.334,1.7925,6.5199,0.0883,-2.1493,-6.7537,-4.0000,-2.7062,-8.3008,0.6842
23.338,1.7925,6.3756,0.0883,-2.1493,-7.0253,-4.0000,-2.7062,-8.3144,0.6842
23.342,1.7762,6.3756,0.0883,-2.1302,-7.0253,-4.0000,-2.7014,-8.3144,0.6842
23.345,1.7762,6.4260,0.0883,-2.1302,-7.0843,-4.0000,-2.7014,-8.3292,0.6842
23.349,1.7762,6.4260,0.0883,-2.1302,-7.0843,-4.0000,-2.7014,-8.3292,0.6842
23.352,1.7303,6.4260,0.0883,-2.2192,-7.0843,-4.0000,-2.6765,-8.3292,0.6842
23.356,1.7303,6.2842,0.0883,-2.2192,-7.3594,-4.0000,-2.6765,-8.2523,0.6842
23.360,1.7526,6.2842,0.0883,-2.2240,-7.3594,-4.0000,-2.6498,-8.2523,0.6842
23.364,1.7526,6.2153,0.0883,-2.2240,-7.3447,-4.0000,-2.6498,-8.3347,0.6842
23.373,1.7085,6.2153,0.0883,-2.3127,-7.3447,-4.0000,-2.6347,-8.3347,0.6842
23.378,1.7117,6.0791,0.0883,-2.3214,-7.6187,-4.0000,-2.6291,-8.2880,0.6842
23.386,1.7117,6.0692,0.0883,-2.3214,-7.5916,-4.0000,-2.6291,-8.3052,0.6842
23.392,1.7069,6.0692,0.0883,-2.3282,-7.5916,-4.0000,-2.6610,-8.3052,0.6842
23.397,1.6643,6.0840,0.0883,-2.4170,-7.5707,-4.0000,-2.6413,-8.2068,0.6842
23.403,1.6643,5.9522,0.0883,-2.4170,-7.8450,-4.0000,-2.6413,-8.1460,0.6842
23.407,1.6643,5.9522,0.0883,-2.4170,-7.8450,-4.0000,-2.6413,-8.1460,0.6842
23.410,1.6989,5.9522,0.0883,-2.4373,-7.8450,-4.0000,-2.6756,-8.1460,0.6842
23.414,1.6580,5.8452,0.0883,-2.5254,-7.7822,-4.0000,-2.6617,-8.0402,0.6842
23.418,1.6580,5.7186,0.0883,-2.5254,-8.0546,-4.0000,-2.6617,-7.9972,0.6842
23.422,1.6580,5.7186,0.0883,-2.5254,-8.0546,-4.0000,-2.6617,-7.9972,0.6842
23.425,1.6389,5.7186,0.0883,-2.4924,-8.0546,-4.0000,-2.6262,-7.9972,0.6842
23.428,1.6389,5.7777,0.0883,-2.4924,-8.1567,-4.0000,-2.6262,-8.1068,0.6842
23.433,1.5988,5.7777,0.0883,-2.5812,-8.1567,-4.0000,-2.5881,-8.1068,0.6842
23.437,1.5988,5.6540,0.0883,-2.5812,-8.4312,-4.0000,-2.5881,-7.9889,0.6842
23.441,1.5988,5.6540,0.0883,-2.5812,-8.4312,-4.0000,-2.5881,-7.9889,0.6842
23.444,1.5833,5.6540,0.0883,-2.5880,-8.4312,-4.0000,-2.5566,-7.9889,0.6842
23.449,1.5833,5.7020,0.0883,-2.5880,-8.4102,-4.0000,-2.5566,-8.0861,0.6842
23.453,1.5441,5.7020,0.0883,-2.6774,-8.4102,-4.0000,-2.4924,-8.0861,0.6842
23.457,1.5441,5.5810,0.0883,-2.6774,-8.6866,-4.0000,-2.4924,-7.8877,0.6842
23.460,1.5613,5.5810,0.0883,-2.6953,-8.6866,-4.0000,-2.5402,-7.8877,0.6842
23.464,1.5613,5.5281,0.0883,-2.6953,-8.6312,-4.0000,-2.5402,-7.7400,0.6842
23.468,1.5613,5.5281,0.0883,-2.6953,-8.6312,-4.0000,-2.5402,-7.7400,0.6842
23.472,1.5613,5.5281,0.0883,-2.6953,-8.6312,-4.0000,-2.5402,-7.7400,0.6842
23.479,1.5060,5.5281,0.0883,-2.7800,-8.6312,-4.0000,-2.4991,-7.7400,0.6842
23.484,1.5060,5.4632,0.0883,-2.7800,-8.9224,-4.0000,-2.4991,-7.3425,0.6842
23.488,1.5060,5.4632,0.0883,-2.7800,-8.9224,-4.0000,-2.4991,-7.3425,0.6842
23.491,1.5060,5.4632,0.0883,-2.7800,-8.9224,-4.0000,-2.4991,-7.3425,0.6842
23.494,1.4906,5.4632,0.0883,-2.8645,-8.9224,-4.0000,-2.3722,-7.3425,0.6842
23.499,1.4906,5.2801,0.0883,-2.8645,-9.2155,-4.0000,-2.3722,-7.0437,0.6842
23.502,1.4906,5.2801,0.0883,-2.8645,-9.2155,-4.0000,-2.3722,-7.0437,0.6842
23.506,1.4906,5.2801,0.0883,-2.8645,-9.2155,-4.0000,-2.3722,-7.0437,0.6842
23.509,1.4862,5.2801,0.0883,-2.8900,-9.2155,-4.0000,-2.3176,-7.0437,0.6842
23.512,1.4496,5.2937,0.0883,-2.9783,-9.1367,-4.0000,-2.1814,-7.2123,0.6842
23.517,1.4496,5.1806,0.0883,-2.9783,-9.4096,-4.0000,-2.1814,-6.7914,0.6842
23.520,1.4496,5.1806,0.0883,-2.9783,-9.4096,-4.0000,-2.1814,-6.7914,0.6842
23.523,1.4496,5.1806,0.0883,-2.9783,-9.4096,-4.0000,-2.1814,-6.7914,0.6842
23.527,1.4385,5.1806,0.0883,-2.9464,-9.4096,-4.0000,-2.2471,-6.7914,0.6842
23.531,1.4385,5.2151,0.0883,-2.9464,-9.5080,-4.0000,-2.2471,-6.5883,0.6842
23.538,1.4027,5.2151,0.0883,-3.0316,-9.5080,-4.0000,-2.0947,-6.5883,0.6842
23.543,1.4107,5.1046,0.0883,-3.0702,-9.7711,-4.0000,-2.0621,-6.1174,0.6842
23.547,1.4107,5.0800,0.0883,-3.0702,-9.6518,-4.0000,-2.0621,-6.2183,0.6842
23.551,1.4107,5.0800,0.0883,-3.0702,-9.6518,-4.0000,-2.0621,-6.2183,0.6842
23.554,1.3756,5.0800,0.0883,-3.1513,-9.6518,-4.0000,-1.8878,-6.2183,0.6842
23.558,1.3565,4.9715,0.0883,-3.1521,-9.9024,-4.0000,-1.8361,-5.6799,0.6842
23.562,1.3565,5.0306,0.0883,-3.1521,-9.8999,-4.0000,-1.8361,-5.8399,0.6842
23.565,1.3565,5.0306,0.0883,-3.1521,-9.8999,-4.0000,-1.8361,-5.8399,0.6842
23.569,1.3565,5.0306,0.0883,-3.1521,-9.8999,-4.0000,-1.8361,-5.8399,0.6842
23.573,1.3221,5.0306,0.0883,-3.2275,-9.8999,-4.0000,-1.6499,-5.8399,0.6842
23.580,1.3177,4.9245,0.0883,-3.2470,-10.1329,-4.0000,-1.6085,-5.2646,0.6842
23.584,1.3177,4.9380,0.0883,-3.2470,-10.0726,-4.0000,-1.6085,-5.3926,0.6842
23.587,1.3177,4.9380,0.0883,-3.2470,-10.0726,-4.0000,-1.6085,-5.3926,0.6842
23.591,1.3177,4.9380,0.0883,-3.2470,-10.0726,-4.0000,-1.6085,-5.3926,0.6842
23.595,1.3037,4.9380,0.0883,-3.2866,-10.0726,-4.0000,-1.4933,-5.3926,0.6842
23.599,1.3037,4.7715,0.0883,-3.2866,-10.3796,-4.0000,-1.4933,-4.4165,0.6842
23.603,1.3037,4.7715,0.0883,-3.2866,-10.3796,-4.0000,-1.4933,-4.4165,0.6842
23.606,1.3037,4.7715,0.0883,-3.2866,-10.3796,-4.0000,-1.4933,-4.4165,0.6842
23.609,1.2973,4.7715,0.0883,-3.3065,-10.3796,-4.0000,-1.5144,-4.4165,0.6842
23.613,1.2638,4.7912,0.0883,-3.3688,-10.3180,-4.0000,-1.2760,-4.3513,0.6842
23.617,1.2638,4.6876,0.0883,-3.3688,-10.5105,-4.0000,-1.2760,-3.6146,0.6842
23.621,1.2638,4.6876,0.0883,-3.3688,-10.5105,-4.0000,-1.2760,-3.6146,0.6842
23.625,1.2638,4.6876,0.0883,-3.3688,-10.5105,-4.0000,-1.2760,-3.6146,0.6842
23.628,1.2797,4.6876,0.0883,-3.3465,-10.5105,-4.0000,-1.2127,-3.6146,0.6842
23.632,1.2797,4.6383,0.0883,-3.3465,-10.5794,-4.0000,-1.2127,-3.8103,0.6842
23.636,1.2467,4.6383,0.0883,-3.4005,-10.5794,-4.0000,-0.9593,-3.8103,0.6842
23.640,1.2467,4.5364,0.0883,-3.4005,-10.7461,-4.0000,-0.9593,-3.0274,0.6842
23.643,1.2515,4.5364,0.0883,-3.4120,-10.7461,-4.0000,-1.0043,-3.0274,0.6842
23.647,1.2515,4.5216,0.0883,-3.4120,-10.7104,-4.0000,-1.0043,-2.8884,0.6842
23.651,1.2515,4.5216,0.0883,-3.4120,-10.7104,-4.0000,-1.0043,-2.8884,0.6842
23.654,1.2190,4.5216,0.0883,-3.4570,-10.7104,-4.0000,-0.7352,-2.8884,0.6842
23.658,1.2190,4.4212,0.0883,-3.4570,-10.8496,-4.0000,-0.7352,-2.0567,0.6842
23.661,1.2261,4.4212,0.0883,-3.4375,-10.8496,-4.0000,-0.7053,-2.0567,0.6842
23.665,1.2261,4.3990,0.0883,-3.4375,-10.9099,-4.0000,-0.7053,-2.1490,0.6842
23.669,1.2261,4.3990,0.0883,-3.4375,-10.9099,-4.0000,-0.7053,-2.1490,0.6842
23.672,1.1942,4.3990,0.0883,-3.4727,-10.9099,-4.0000,-0.4308,-2.1490,0.6842
23.676,1.1719,4.3005,0.0883,-3.5030,-11.0186,-4.0000,-0.4244,-1.3008,0.6842
23.679,1.1719,4.3694,0.0883,-3.5030,-10.9251,-4.0000,-0.4244,-1.3205,0.6842
23.685,1.1719,4.3694,0.0883,-3.5030,-10.9251,-4.0000,-0.4244,-1.3205,0.6842
23.693,1.1341,4.3694,0.0883,-3.5324,-10.9251,-4.0000,-0.1118,-1.3205,0.6842
23.698,1.1341,4.2919,0.0883,-3.5324,-10.9888,-4.0000,-0.1118,-0.4997,0.6842
23.702,1.1341,4.2919,0.0883,-3.5324,-10.9888,-4.0000,-0.1118,-0.4997,0.6842
23.705,1.1341,4.2919,0.0883,-3.5324,-10.9888,-4.0000,-0.1118,-0.4997,0.6842
23.709,1.1512,4.2919,0.0883,-3.5236,-10.9888,-4.0000,-0.1066,-0.4997,0.6842
23.712,1.1512,4.2390,0.0883,-3.5236,-11.0159,-4.0000,-0.1066,-0.5157,0.6842
23.716,1.1202,4.2390,0.0883,-3.5379,-11.0159,-4.0000,0.1960,-0.5157,0.6842
23.720,1.1202,4.1431,0.0883,-3.5379,-11.0600,-4.0000,0.1960,0.4195,0.6842
23.723,1.1202,4.1431,0.0883,-3.5379,-11.0600,-4.0000,0.1960,0.4195,0.6842
23.726,1.1210,4.1431,0.0883,-3.5359,-11.0600,-4.0000,0.1749,0.4195,0.6842
23.730,1.1210,4.1407,0.0883,-3.5359,-11.0661,-4.0000,0.1749,0.4847,0.6842
23.734,1.0904,4.1407,0.0883,-3.5390,-11.0661,-4.0000,0.4889,0.4847,0.6842
23.738,1.0904,4.0462,0.0883,-3.5390,-11.0757,-4.0000,0.4889,1.4551,0.6842
23.741,1.0904,4.0462,0.0883,-3.5390,-11.0757,-4.0000,0.4889,1.4551,0.6842
23.744,1.0689,4.0462,0.0883,-3.5521,-11.0757,-4.0000,0.5355,1.4551,0.6842
23.748,1.0689,4.1126,0.0883,-3.5521,-11.0351,-4.0000,0.5355,1.3111,0.6842
23.751,1.0689,4.1126,0.0883,-3.5521,-11.0351,-4.0000,0.5355,1.3111,0.6842
23.755,1.0388,4.1126,0.0883,-3.5437,-11.0351,-4.0000,0.8578,1.3111,0.6842
23.759,1.0161,4.0195,0.0883,-3.5480,-11.0089,-4.0000,0.8531,2.3071,0.6842
23.762,1.0161,4.0896,0.0883,-3.5480,-10.9954,-4.0000,0.8531,2.3219,0.6842
23.766,1.0161,4.0896,0.0883,-3.5480,-10.9954,-4.0000,0.8531,2.3219,0.6842
23.769,1.0161,4.0896,0.0883,-3.5480,-10.9954,-4.0000,0.8531,2.3219,0.6842
23.773,0.9864,4.0896,0.0883,-3.5279,-10.9954,-4.0000,1.1824,2.3219,0.6842
23.776,1.0353,3.9978,0.0883,-3.4972,-10.9331,-4.0000,1.0577,3.3394,0.6842
23.780,1.0353,3.8464,0.0883,-3.4972,-11.0278,-4.0000,1.0577,3.7245,0.6842
23.784,1.0353,3.8464,0.0883,-3.4972,-11.0278,-4.0000,1.0577,3.7245,0.6842
23.787,1.0353,3.8464,0.0883,-3.4972,-11.0278,-4.0000,1.0577,3.7245,0.6842
23.790,1.0353,3.8464,0.0883,-3.4972,-11.0278,-4.0000,1.0577,3.7245,0.6842
23.795,0.9482,3.8464,0.0883,-3.4746,-11.0278,-4.0000,1.4617,3.7245,0.6842
23.802,0.9482,3.9339,0.0883,-3.4746,-10.8990,-4.0000,1.4617,4.6405,0.6842
23.805,0.9482,3.9339,0.0883,-3.4746,-10.8990,-4.0000,1.4617,4.6405,0.6842
23.809,0.9749,3.9339,0.0883,-3.4691,-10.8990,-4.0000,1.4983,4.6405,0.6842
23.812,0.9749,3.8514,0.0883,-3.4691,-10.9163,-4.0000,1.4983,4.5274,0.6842
23.816,0.9458,3.8514,0.0883,-3.4251,-10.9163,-4.0000,1.8495,4.5274,0.6842
23.820,0.9458,3.7618,0.0883,-3.4251,-10.7806,-4.0000,1.8495,5.6125,0.6842
23.823,0.9458,3.7618,0.0883,-3.4251,-10.7806,-4.0000,1.8495,5.6125,0.6842
23.827,0.9813,3.7618,0.0883,-3.4172,-10.7806,-4.0000,1.8153,5.6125,0.6842
23.830,0.9813,3.6523,0.0883,-3.4172,-10.8052,-4.0000,1.8153,5.7183,0.6842
23.834,0.9527,3.6523,0.0883,-3.3618,-10.8052,-4.0000,2.1599,5.7183,0.6842
23.838,0.9527,3.5638,0.0883,-3.3618,-10.6341,-4.0000,2.1599,6.7831,0.6842
23.845,0.9503,3.5638,0.0883,-3.3638,-10.6341,-4.0000,2.1607,6.7831,0.6842
23.851,0.9503,3.5712,0.0883,-3.3638,-10.6279,-4.0000,2.1607,6.7807,0.6842
23.854,0.9220,3.5712,0.0883,-3.2975,-10.6279,-4.0000,2.4915,6.7807,0.6842
23.858,0.9220,3.4840,0.0883,-3.2975,-10.4230,-4.0000,2.4915,7.8029,0.6842
23.861,0.8886,3.4840,0.0883,-3.2899,-10.4230,-4.0000,2.4620,7.8029,0.6842
23.865,0.8886,3.5874,0.0883,-3.2899,-10.4464,-4.0000,2.4620,7.8939,0.6842
23.868,0.8886,3.5874,0.0883,-3.2899,-10.4464,-4.0000,2.4620,7.8939,0.6842
23.872,0.8886,3.5874,0.0883,-3.2899,-10.4464,-4.0000,2.4620,7.8939,0.6842
23.875,0.8906,3.5874,0.0883,-3.2362,-10.4464,-4.0000,2.8204,7.8939,0.6842
23.879,0.8906,3.4090,0.0883,-3.2362,-10.1378,-4.0000,2.8204,8.7453,0.6842
23.883,0.8906,3.4090,0.0883,-3.2362,-10.1378,-4.0000,2.8204,8.7453,0.6842
23.886,0.8906,3.4090,0.0883,-3.2362,-10.1378,-4.0000,2.8204,8.7453,0.6842
23.897,0.8368,3.4090,0.0883,-3.1521,-10.1378,-4.0000,3.0967,8.7453,0.6842
23.904,0.8368,3.4053,0.0883,-3.1521,-9.8629,-4.0000,3.0967,9.7518,0.6842
23.912,0.8400,3.4053,0.0883,-3.1493,-9.8629,-4.0000,3.1341,9.7518,0.6842
23.926,0.8109,3.3954,0.0883,-3.0553,-9.8716,-4.0000,3.4150,9.6362,0.6842
23.932,0.8109,3.3177,0.0883,-3.0553,-9.5689,-4.0000,3.4150,10.5878,0.6842
23.936,0.7841,3.3177,0.0883,-2.9511,-9.5689,-4.0000,3.6932,10.5878,0.6842
23.942,0.8057,3.2351,0.0883,-2.9456,-9.2470,-4.0000,3.6813,11.4473,0.6842
23.946,0.8057,3.1686,0.0883,-2.9456,-9.2642,-4.0000,3.6813,11.4842,0.6842
23.950,0.8057,3.1686,0.0883,-2.9456,-9.2642,-4.0000,3.6813,11.4842,0.6842
23.954,0.7794,3.1686,0.0883,-2.8337,-9.2642,-4.0000,3.9480,11.4842,0.6842
23.958,0.7794,3.0874,0.0883,-2.8337,-8.9185,-4.0000,3.9480,12.3083,0.6842
23.961,0.7666,3.0874,0.0883,-2.8444,-8.9185,-4.0000,3.9384,12.3083,0.6842
23.965,0.7666,3.1268,0.0883,-2.8444,-8.8853,-4.0000,3.9384,12.3379,0.6842
23.969,0.7666,3.1268,0.0883,-2.8444,-8.8853,-4.0000,3.9384,12.3379,0.6842
23.973,0.7408,3.1268,0.0883,-2.7257,-8.8853,-4.0000,4.1930,12.3379,0.6842
23.978,0.7472,3.0471,0.0883,-2.7392,-8.5184,-4.0000,4.2552,13.1247,0.6842
23.984,0.7472,3.0274,0.0883,-2.7392,-8.4765,-4.0000,4.2552,12.9328,0.6862
23.989,0.7472,3.0274,0.0883,-2.7392,-8.4765,-4.0000,4.2552,12.9328,0.7281
23.998,0.7044,3.0274,0.0883,-2.6079,-8.4765,-4.0000,4.4902,12.9328,0.7669
24.003,0.7044,3.0035,0.0883,-2.6079,-8.1150,-4.0000,4.4902,13.6198,0.8372
24.007,0.7044,3.0035,0.0883,-2.6079,-8.1150,-4.0000,4.4902,13.6198,0.8832
24.011,0.6877,3.0035,0.0883,-2.6127,-8.1150,-4.0000,4.4488,13.6198,0.9079
24.019,0.6630,3.0551,0.0883,-2.4841,-8.1002,-4.0000,4.6457,13.7477,0.9079
24.023,0.6630,2.9788,0.0883,-2.4841,-7.7030,-4.0000,4.6457,14.3562,0.9079
24.027,0.6841,2.9788,0.0883,-2.4778,-7.7030,-4.0000,4.6545,14.3562,0.9079
24.030,0.6841,2.9136,0.0883,-2.4778,-7.7227,-4.0000,4.6545,14.3291,0.9079
24.034,0.6583,2.9136,0.0883,-2.3654,-7.7227,-4.0000,4.4525,14.3291,0.9079
24.038,0.6583,2.8341,0.0883,-2.3654,-7.3754,-4.0000,4.4525,13.7051,0.9079
24.041,0.6583,2.8341,0.0883,-2.3654,-7.3754,-4.0000,4.4525,13.7051,0.9079
24.045,0.6583,2.8341,0.0883,-2.3785,-7.3754,-4.0000,4.4669,13.7051,0.9079
24.049,0.6583,2.8341,0.0883,-2.3785,-7.3348,-4.0000,4.4669,13.6608,0.9079
24.053,0.6312,2.8341,0.0883,-2.2778,-7.3348,-4.0000,3.8857,13.6608,0.9079
24.057,0.6312,2.7502,0.0883,-2.2778,-7.0235,-4.0000,3.8857,11.8650,0.9079
24.060,0.6169,2.7502,0.0883,-2.2515,-7.0235,-4.0000,3.8841,11.8650,0.9079
24.065,0.6169,2.7945,0.0883,-2.2515,-7.1047,-4.0000,3.8841,11.8700,0.9079
24.068,0.6169,2.7945,0.0883,-2.2515,-7.1047,-4.0000,3.8841,11.8700,0.9079
24.072,0.5943,2.7945,0.0883,-2.1139,-7.1047,-4.0000,4.0661,11.8700,0.9079
24.077,0.6198,2.7247,0.0883,-2.0900,-6.6796,-4.0000,4.0270,12.4321,0.9079
24.082,0.6198,2.6459,0.0883,-2.0900,-6.7534,-4.0000,4.0270,12.5527,0.9079
24.085,0.6198,2.6459,0.0883,-2.0900,-6.7534,-4.0000,4.0270,12.5527,0.9079
24.089,0.6198,2.6459,0.0883,-2.0900,-6.7534,-4.0000,4.0270,12.5527,0.9079
24.092,0.5846,2.6459,0.0883,-1.9918,-6.7534,-4.0000,3.4876,12.5527,0.9079
24.097,0.5846,2.5915,0.0883,-1.9918,-6.3589,-4.0000,3.4876,10.7752,0.9079
24.100,0.5846,2.5915,0.0883,-1.9918,-6.3589,-4.0000,3.4876,10.7752,0.9079
24.105,0.5846,2.5915,0.0883,-1.9918,-6.3589,-4.0000,3.4876,10.7752,0.9079
24.109,0.5930,2.5915,0.0883,-1.9842,-6.3589,-4.0000,3.4088,10.7752,0.9079
24.113,0.5687,2.5657,0.0883,-1.8586,-6.3823,-4.0000,3.0661,11.0188,0.9079
24.119,0.5687,2.4906,0.0883,-1.8586,-5.9941,-4.0000,3.0661,9.9600,0.9079
24.126,0.5575,2.4906,0.0883,-1.8757,-5.9941,-4.0000,3.1306,9.9600,0.9079
24.129,0.5575,2.5250,0.0883,-1.8757,-5.9412,-4.0000,3.1306,9.7606,0.9079
24.133,0.5362,2.5250,0.0883,-1.7321,-5.9412,-4.0000,3.1556,9.7606,0.9079
24.138,0.5362,2.4591,0.0883,-1.7321,-5.4973,-4.0000,3.1556,9.8377,0.9079
24.141,0.5362,2.4591,0.0883,-1.7321,-5.4973,-4.0000,3.1556,9.8377,0.9079
24.149,0.5282,2.4591,0.0883,-1.7484,-5.4973,-4.0000,3.1838,9.8377,0.9079
24.155,0.5041,2.4837,0.0883,-1.6221,-5.4469,-4.0000,2.6808,9.7503,0.9079
24.160,0.5220,2.4091,0.0883,-1.6225,-5.0564,-4.0000,2.6251,8.1961,0.9079
24.163,0.5220,2.3538,0.0883,-1.6225,-5.0552,-4.0000,2.6251,8.3684,0.9079
24.167,0.5220,2.3538,0.0883,-1.6225,-5.0552,-4.0000,2.6251,8.3684,0.9079
24.171,0.5220,2.3538,0.0883,-1.6225,-5.0552,-4.0000,2.6251,8.3684,0.9079
24.174,0.5036,2.3538,0.0883,-1.4644,-5.0552,-4.0000,2.8085,8.3684,0.9079
24.178,0.4976,2.2968,0.0883,-1.4851,-4.5668,-4.0000,2.7754,8.9350,0.9079
24.183,0.4976,2.3152,0.0883,-1.4851,-4.5029,-4.0000,2.7754,9.0371,0.9079
24.187,0.4976,2.3152,0.0883,-1.4851,-4.5029,-4.0000,2.7754,9.0371,0.9079
24.191,0.4976,2.3152,0.0883,-1.4851,-4.5029,-4.0000,2.7754,9.0371,0.9079
24.194,0.4725,2.3152,0.0883,-1.3424,-4.5029,-4.0000,2.3602,9.0371,0.9079
24.199,0.4725,2.2523,0.0883,-1.3424,-4.1283,-4.0000,2.3602,7.3308,0.9079
24.202,0.4725,2.2523,0.0883,-1.3424,-4.1283,-4.0000,2.3602,7.3308,0.9079
24.206,0.4725,2.2523,0.0883,-1.3424,-4.1283,-4.0000,2.3602,7.3308,0.9079
24.209,0.4860,2.2523,0.0883,-1.3101,-4.1283,-4.0000,2.3486,7.3308,0.9079
24.213,0.4655,2.2105,0.0883,-1.1671,-4.2279,-4.0000,2.0591,7.3665,0.9079
24.218,0.4655,2.1472,0.0883,-1.1671,-3.7860,-3.8669,2.0591,6.4718,0.9079
24.222,0.4655,2.1472,0.0883,-1.1671,-3.7860,-3.7860,2.0591,6.4718,0.9079
24.226,0.4349,2.1472,0.0883,-1.1639,-3.7860,-3.7860,2.1144,6.4718,0.9079
24.234,0.4199,2.2419,0.0883,-0.9946,-3.7958,-3.7958,2.3086,6.3007,0.9079
24.238,0.4199,2.1957,0.0883,-0.9946,-3.2726,-3.5685,2.3086,6.9007,0.9079
24.241,0.4199,2.1957,0.0883,-0.9946,-3.2726,-3.4453,2.3086,6.9007,0.9079
24.245,0.4347,2.1957,0.0883,-0.9898,-3.2726,-3.3478,2.3042,6.9007,0.9079
24.249,0.4347,2.1502,0.0883,-0.9898,-3.2873,-3.2873,2.3042,6.9142,0.9079
24.253,0.4137,2.1502,0.0883,-0.8527,-3.2873,-3.2873,1.8560,6.9142,0.9079
24.257,0.4137,2.0855,0.0883,-0.8527,-2.8637,-3.1845,1.8560,5.5291,0.9079
24.260,0.4480,2.0855,0.0883,-0.8444,-2.8637,-3.0652,1.7914,5.5291,0.9079
24.264,0.4480,1.9797,0.0883,-0.8444,-2.8896,-2.9647,1.7914,5.7284,0.9079
24.267,0.4480,1.9797,0.0883,-0.8444,-2.8896,-2.8896,1.7914,5.7284,0.9079
24.271,0.4480,1.9797,0.0883,-0.8444,-2.8896,-2.8896,1.7914,5.7284,0.9079
24.275,0.4298,1.9797,0.0883,-0.6957,-2.8896,-2.8896,1.5285,5.7284,0.9079
24.279,0.3792,1.9236,0.0883,-0.6862,-2.4303,-2.7647,1.5603,4.9159,0.9079
24.283,0.3792,2.0799,0.0883,-0.6862,-2.4598,-2.6362,1.5603,4.8174,0.9079
24.286,0.3792,2.0799,0.0883,-0.6862,-2.4598,-2.5234,1.5603,4.8174,0.9079
24.290,0.3792,2.0799,0.0883,-0.6862,-2.4598,-2.4598,1.5603,4.8174,0.9079
24.293,0.4063,2.0799,0.0883,-0.5082,-2.4598,-2.4598,1.7034,4.8174,0.9079
24.301,0.4063,1.9296,0.0883,-0.5082,-1.9271,-2.3556,1.7034,5.6582,0.9079
24.307,0.4063,1.9296,0.0883,-0.5082,-1.9271,-2.1074,1.7034,5.6582,0.9079
24.311,0.3581,1.9296,0.0883,-0.5146,-1.9271,-1.9403,1.7317,5.6582,0.9079
24.314,0.3413,2.0785,0.0883,-0.3643,-1.9074,-1.9074,1.4843,5.5709,0.9079
24.319,0.3413,2.0266,0.0883,-0.3643,-1.4431,-1.7938,1.4843,4.8065,0.9079
24.322,0.3413,2.0266,0.0883,-0.3643,-1.4431,-1.6724,1.4843,4.8065,0.9079
24.325,0.3516,2.0266,0.0883,-0.4037,-1.4431,-1.5698,1.5090,4.8065,0.9079
24.328,0.3516,1.9946,0.0883,-0.4037,-1.3213,-1.4730,1.5090,4.7303,0.9079
24.333,0.3386,1.9946,0.0883,-0.2450,-1.3213,-1.3752,1.4328,4.7303,0.9079
24.342,0.3685,1.9543,0.0883,-0.2100,-0.8310,-1.2235,1.3893,4.4945,0.9079
24.346,0.3685,1.8620,0.0883,-0.2100,-0.9393,-0.9695,1.3893,4.6286,0.9079
24.350,0.3685,1.8620,0.0883,-0.2100,-0.9393,-0.9393,1.3893,4.6286,0.9079
24.353,0.3563,1.8620,0.0883,-0.0530,-0.9393,-0.9393,1.3105,4.6286,0.9079
24.357,0.3563,1.8244,0.0883,-0.0530,-0.4542,-0.8327,1.3105,4.3851,0.9079
24.361,0.3372,1.8244,0.0883,-0.0566,-0.4542,-0.7078,1.3149,4.3851,0.9079
24.365,0.3372,1.8834,0.0883,-0.0566,-0.4431,-0.6044,1.3149,4.3716,0.9079
24.368,0.3372,1.8834,0.0883,-0.0566,-0.4431,-0.4904,1.3149,4.3716,0.9079
24.372,0.3257,1.8834,0.0883,0.0981,-0.4431,-0.4431,1.2282,4.3716,0.9079
24.377,0.3213,1.8481,0.0883,0.0193,0.0349,-0.2807,1.2071,4.1038,0.9079
24.380,0.3213,1.8616,0.0883,0.0193,0.2785,-0.0213,1.2071,4.1690,0.9079
24.384,0.3213,1.8616,0.0883,0.0193,0.2785,0.2019,1.2071,4.1690,0.9079
24.387,0.3213,1.8616,0.0883,0.0193,0.2785,0.2785,1.2071,4.1690,0.9079
24.391,0.3213,1.8616,0.0883,0.0193,0.2785,0.2785,1.2071,4.1690,0.9079
24.394,0.3157,1.8616,0.0883,0.2206,0.2785,0.2785,0.8288,4.1690,0.9079
24.398,0.3157,1.7728,0.0883,0.2206,0.5809,0.3763,0.8288,2.9678,0.9079
24.403,0.3157,1.7728,0.0883,0.2206,0.5809,0.5042,0.8288,2.9678,0.9079
24.406,0.3157,1.7728,0.0883,0.2206,0.5809,0.5809,0.8288,2.9678,0.9079
24.410,0.3065,1.7728,0.0883,0.2075,0.5809,0.5809,0.8853,2.9678,0.9079
24.413,0.3038,1.8011,0.0883,0.3585,0.6215,0.6215,1.0843,2.7931,0.9079
24.418,0.3038,1.7926,0.0883,0.3585,1.0882,0.7281,1.0843,3.4078,0.9079
24.421,0.3038,1.7926,0.0883,0.3585,1.0882,0.8552,1.0843,3.4078,0.9079
24.424,0.3038,1.7926,0.0883,0.3585,1.0882,0.9581,1.0843,3.4078,0.9079
24.428,0.2978,1.7926,0.0883,0.3868,1.0882,1.0601,1.0894,3.4078,0.9079
24.431,0.2978,1.8110,0.0883,0.3868,1.0009,1.0009,1.0894,3.3918,0.9079
24.436,0.2822,1.8110,0.0883,0.5389,1.0009,1.0009,0.7193,3.3918,0.9079
24.444,0.2953,1.7628,0.0883,0.5485,1.4708,1.1379,0.6894,2.2480,0.9079
24.453,0.2915,1.7222,0.0883,0.6933,1.4413,1.3669,0.7573,2.3403,0.9079
24.458,0.2915,1.7103,0.0883,0.6933,1.8889,1.6372,0.7573,2.5501,0.9079
24.462,0.3062,1.7103,0.0883,0.7176,1.8889,1.8055,0.7800,2.5501,0.9079
24.467,0.3062,1.6648,0.0883,0.7176,1.8138,1.8138,0.7800,2.4799,0.9079
24.470,0.3062,1.6648,0.0883,0.7176,1.8138,1.8138,0.7800,2.4799,0.9079
24.474,0.2998,1.6648,0.0883,0.8631,1.8138,1.8138,0.7090,2.4799,0.9079
24.478,0.2990,1.6449,0.0883,0.8739,2.2635,1.9256,0.6950,2.2605,0.9079
24.482,0.2990,1.6473,0.0883,0.8739,2.2303,2.0482,0.6950,2.3036,0.9079
24.486,0.2990,1.6473,0.0883,0.8739,2.2303,2.1824,0.6950,2.3036,0.9079
24.489,0.2990,1.6473,0.0883,0.8739,2.2303,2.2303,0.6950,2.3036,0.9079
24.493,0.2591,1.6473,0.0883,0.9850,2.2303,2.2303,0.6771,2.3036,0.9079
24.498,0.2591,1.7358,0.0883,0.9850,2.7754,2.3277,0.6771,1.9062,0.9079
24.501,0.2591,1.7358,0.0883,0.9850,2.7754,2.4799,0.6771,1.9062,0.9079
24.505,0.2591,1.7358,0.0883,0.9850,2.7754,2.5883,0.6771,1.9062,0.9079
24.508,0.2591,1.7358,0.0883,0.9850,2.7754,2.6869,0.6771,1.9062,0.9079
24.512,0.2772,1.7358,0.0883,1.1451,2.7754,2.7754,0.5607,1.9062,0.9079
24.517,0.2772,1.6514,0.0883,1.1451,3.1570,2.9018,0.5607,1.8345,0.9079
24.520,0.2772,1.6514,0.0883,1.1451,3.1570,3.0369,0.5607,1.8345,0.9079
24.524,0.2772,1.6514,0.0883,1.1451,3.1570,3.1396,0.5607,1.8345,0.9079
24.527,0.2744,1.6514,0.0883,1.1284,3.1570,3.1570,0.5333,1.8345,0.9079
24.531,0.2744,1.6600,0.0883,1.1284,3.2087,3.2087,0.5333,1.9194,0.9079
24.534,0.2707,1.6600,0.0883,1.2686,3.2087,3.2087,0.4598,1.9194,0.9079
24.538,0.2707,1.6485,0.0883,1.2686,3.6418,3.3138,0.4598,1.6922,0.9079
24.542,0.2687,1.6485,0.0883,1.2749,3.6418,3.4310,0.4809,1.6922,0.9079
24.548,0.2687,1.6546,0.0883,1.2749,3.6221,3.5555,0.4809,1.6270,0.9079
24.555,0.2664,1.6546,0.0883,1.4126,3.6221,3.6221,0.4342,1.6270,0.9079
24.559,0.2696,1.6476,0.0883,1.4058,4.0475,3.8408,0.4382,1.4828,0.9079
24.562,0.2696,1.6378,0.0883,1.4058,4.0684,3.9624,0.4382,1.4705,0.9079
24.566,0.2696,1.6378,0.0883,1.4058,4.0684,4.0000,0.4382,1.4705,0.9079
24.570,0.2696,1.6378,0.0883,1.4058,4.0684,4.0000,0.4382,1.4705,0.9079
24.574,0.2682,1.6378,0.0883,1.5424,4.0684,4.0000,0.3904,1.4705,0.9079
24.578,0.2451,1.6335,0.0883,1.5424,4.4904,4.0000,0.3896,1.3228,0.9079
24.582,0.2451,1.7049,0.0883,1.5424,4.4904,4.0000,0.3896,1.3253,0.9079
24.586,0.2451,1.7049,0.0883,1.5424,4.4904,4.0000,0.3896,1.3253,0.9079
24.589,0.2451,1.7049,0.0883,1.5424,4.4904,4.0000,0.3896,1.3253,0.9079
24.592,0.2525,1.7049,0.0883,1.6621,4.4904,4.0000,0.5125,1.3253,0.9079
24.597,0.2525,1.6906,0.0883,1.6621,4.9365,4.0000,0.5125,1.4097,0.9079
24.607,0.2525,1.6906,0.0883,1.6621,4.9365,4.0000,0.5125,1.4097,0.9079
24.612,0.2637,1.6906,0.0883,1.8166,4.9365,4.0000,0.4595,1.4097,0.9079
24.617,0.2637,1.6564,0.0883,1.8166,5.2909,4.0000,0.4595,1.2312,0.9079
24.621,0.2637,1.6564,0.0883,1.8166,5.2909,4.0000,0.4595,1.2312,0.9079
24.624,0.2637,1.6564,0.0883,1.8166,5.2909,4.0000,0.4595,1.2312,0.9079
24.628,0.2501,1.6564,0.0883,1.8258,5.2909,4.0000,0.4511,1.2312,0.9079
24.641,0.2528,1.6982,0.0883,1.9582,5.2626,4.0000,0.5278,1.2570,0.9079
24.647,0.2639,1.7063,0.0883,1.9626,5.6719,4.0000,0.5282,1.4939,0.9079
24.652,0.2639,1.6719,0.0883,1.9626,5.6584,4.0000,0.5282,1.4926,0.9079
24.655,0.2653,1.6719,0.0883,2.0949,5.6584,4.0000,0.4706,1.4926,0.9079
24.660,0.2498,1.6761,0.0883,2.0945,6.0672,4.0000,0.4328,1.3148,0.9079
24.668,0.2498,1.7241,0.0883,2.0945,6.0684,4.0000,0.4328,1.4316,0.9079
24.671,0.2498,1.7241,0.0883,2.0945,6.0684,4.0000,0.4328,1.4316,0.9079
24.674,0.2518,1.7241,0.0883,2.2254,6.0684,4.0000,0.3780,1.4316,0.9079
24.678,0.2585,1.7303,0.0883,2.2254,6.4730,4.0000,0.4003,1.2624,0.9079
24.683,0.2585,1.7093,0.0883,2.2254,6.4730,4.0000,0.4003,1.1935,0.9079
24.687,0.2585,1.7093,0.0883,2.2254,6.4730,4.0000,0.4003,1.1935,0.9079
24.691,0.2585,1.7093,0.0883,2.2254,6.4730,4.0000,0.4003,1.1935,0.9079
24.694,0.2696,1.7093,0.0883,2.3617,6.4730,4.0000,0.3168,1.1935,0.9079
24.699,0.2696,1.6896,0.0883,2.3617,6.8498,4.0000,0.3168,1.0732,0.9079
24.702,0.2696,1.6896,0.0883,2.3617,6.8498,4.0000,0.3168,1.0732,0.9079
24.706,0.2696,1.6896,0.0883,2.3617,6.8498,4.0000,0.3168,1.0732,0.9079
24.709,0.2573,1.6896,0.0883,2.3514,6.8498,4.0000,0.3136,1.0732,0.9079
24.713,0.2599,1.7277,0.0883,2.4783,6.8818,4.0000,0.2448,1.0830,0.9079
24.718,0.2599,1.7357,0.0883,2.4783,7.2742,4.0000,0.2448,0.8705,0.9079
24.721,0.2599,1.7357,0.0883,2.4783,7.2742,4.0000,0.2448,0.8705,0.9079
24.725,0.2599,1.7357,0.0883,2.4783,7.2742,4.0000,0.2448,0.8705,0.9079
24.728,0.2535,1.7357,0.0883,2.4736,7.2742,4.0000,0.2579,0.8705,0.9079
24.732,0.2535,1.7554,0.0883,2.4736,7.2889,4.0000,0.2579,0.8298,0.9079
24.735,0.2594,1.7554,0.0883,2.6047,7.2889,4.0000,0.3174,0.8298,0.9079
24.739,0.2594,1.7735,0.0883,2.6047,7.6943,4.0000,0.3174,1.0137,0.9079
24.743,0.2745,1.7735,0.0883,2.6095,7.6943,4.0000,0.3039,1.0137,0.9079
24.748,0.2745,1.7267,0.0883,2.6095,7.6795,4.0000,0.3039,1.0556,0.9079
24.757,0.2708,1.7267,0.0883,2.7167,7.6795,4.0000,-0.0249,1.0556,0.9079
24.763,0.2592,1.7151,0.0883,2.7080,8.0108,4.0000,0.0169,0.0395,0.9079
24.766,0.2592,1.7508,0.0883,2.7080,8.0378,4.0000,0.0169,-0.0897,0.9079
24.771,0.2592,1.7508,0.0883,2.7080,8.0378,4.0000,0.0169,-0.0897,0.9079
24.778,0.2745,1.7508,0.0883,2.8457,8.0378,4.0000,0.1854,-0.0897,0.9079
24.784,0.2745,1.7733,0.0883,2.8457,8.4609,4.0000,0.1854,0.6057,0.9079
24.787,0.2745,1.7733,0.0883,2.8457,8.4609,4.0000,0.1854,0.6057,0.9079
24.791,0.2745,1.7733,0.0883,2.8457,8.4609,4.0000,0.1854,0.6057,0.9079
24.794,0.2894,1.7733,0.0883,2.9812,8.4609,4.0000,-0.0071,0.6057,0.9079
24.799,0.2894,1.7309,0.0883,2.9812,8.7223,4.0000,-0.0071,0.1831,0.9079
24.802,0.2894,1.7309,0.0883,2.9812,8.7223,4.0000,-0.0071,0.1831,0.9079
24.806,0.2894,1.7309,0.0883,2.9812,8.7223,4.0000,-0.0071,0.1831,0.9079
24.810,0.2731,1.7309,0.0883,2.9450,8.7223,4.0000,0.0231,0.1831,0.9079
24.814,0.2782,1.7813,0.0883,3.0611,8.8343,4.0000,-0.0106,0.0896,0.9079
24.818,0.2782,1.7973,0.0883,3.0611,9.1929,4.0000,-0.0106,-0.0147,0.9079
24.821,0.2782,1.7973,0.0883,3.0611,9.1929,4.0000,-0.0106,-0.0147,0.9079
24.825,0.2782,1.7973,0.0883,3.0611,9.1929,4.0000,-0.0106,-0.0147,0.9079
24.828,0.3021,1.7973,0.0883,3.0758,9.1929,4.0000,-0.0038,-0.0147,0.9079
24.832,0.3021,1.7234,0.0883,3.0758,9.1474,4.0000,-0.0038,-0.0356,0.9079
24.836,0.3119,1.7234,0.0883,3.1969,9.1474,4.0000,0.0896,-0.0356,0.9079
24.840,0.3119,1.7536,0.0883,3.1969,9.5216,4.0000,0.0896,0.2531,0.9079
24.844,0.2884,1.7536,0.0883,3.2101,9.5216,4.0000,0.0179,0.2531,0.9079
24.847,0.2884,1.8262,0.0883,3.2101,9.4810,4.0000,0.0179,0.4746,0.9079
24.851,0.2884,1.8262,0.0883,3.2101,9.4810,4.0000,0.0179,0.4746,0.9079
24.855,0.2942,1.8262,0.0883,3.3189,9.4810,4.0000,-0.0125,0.4746,0.9079
24.858,0.3085,1.8440,0.0883,3.3197,9.8173,4.0000,0.0213,0.3806,0.9079
24.862,0.3085,1.7998,0.0883,3.3197,9.8149,4.0000,0.0213,0.2760,0.9079
24.866,0.3085,1.7998,0.0883,3.3197,9.8149,4.0000,0.0213,0.2760,0.9079
24.870,0.3085,1.7998,0.0883,3.3197,9.8149,4.0000,0.0213,0.2760,0.9079
24.875,0.3106,1.7998,0.0883,3.4168,9.8149,4.0000,-0.1336,0.2760,0.9079
24.882,0.3066,1.8063,0.0883,3.4391,10.1151,4.0000,-0.0464,-0.2029,0.9079
24.886,0.3066,1.8186,0.0883,3.4391,10.0462,4.0000,-0.0464,-0.4723,0.9079
24.889,0.3066,1.8186,0.0883,3.4391,10.0462,4.0000,-0.0464,-0.4723,0.9079
24.892,0.2843,1.8186,0.0883,3.4387,10.0462,4.0000,-0.1169,-0.4723,0.9079
24.896,0.2950,1.8875,0.0883,3.5485,10.0474,4.0000,-0.0189,-0.2546,0.9079
24.901,0.2950,1.9204,0.0883,3.5485,10.3867,4.0000,-0.0189,0.0484,0.9079
24.910,0.3424,1.9204,0.0883,3.5473,10.3867,4.0000,-0.0850,0.0484,0.9079
24.916,0.3492,1.7740,0.0883,3.6453,10.3904,4.0000,-0.1174,0.2526,0.9079
24.920,0.3492,1.7953,0.0883,3.6453,10.6929,4.0000,-0.1174,0.1524,0.9079
24.923,0.3492,1.7953,0.0883,3.6453,10.6929,4.0000,-0.1174,0.1524,0.9079
24.926,0.3146,1.7953,0.0883,3.6500,10.6929,4.0000,-0.0469,0.1524,0.9079
24.930,0.3146,1.9023,0.0883,3.6500,10.6782,4.0000,-0.0469,-0.0654,0.9079
24.934,0.3066,1.9023,0.0883,3.7453,10.6782,4.0000,-0.0761,-0.0654,0.9079
24.938,0.3066,1.8777,0.0883,3.7453,10.9726,4.0000,-0.0761,-0.1556,0.9079
24.941,0.3066,1.8777,0.0883,3.7453,10.9726,4.0000,-0.0761,-0.1556,0.9079
24.945,0.3098,1.8777,0.0883,3.7485,10.9726,4.0000,-0.0897,-0.1556,0.9079
24.948,0.3098,1.8678,0.0883,3.7485,10.9627,4.0000,-0.0897,-0.1138,0.9079
24.952,0.3098,1.8678,0.0883,3.7485,10.9627,4.0000,-0.0897,-0.1138,0.9079
24.955,0.2814,1.8678,0.0883,3.8338,10.9627,4.0000,-0.2427,-0.1138,0.9079
24.959,0.2878,1.7801,0.0883,3.7872,11.2262,4.0000,-0.1825,-0.5865,0.9079
24.963,0.2878,1.7605,0.0883,3.7872,11.3702,4.0000,-0.1825,-0.7723,0.9079
24.967,0.2878,1.7605,0.0883,3.7872,11.3702,4.0000,-0.1825,-0.7723,0.9079
24.971,0.2878,1.7605,0.0883,3.7872,11.3702,4.0000,-0.1825,-0.7723,0.9079
24.974,0.2484,1.7605,0.0883,3.8916,11.3702,4.0000,0.0425,-0.7723,0.9079
24.979,0.2381,1.6387,0.0883,3.9023,11.6928,4.0000,-0.0475,-0.0769,0.9079
24.987,0.2381,1.6707,0.0883,3.9023,11.6596,4.0000,-0.0475,0.2012,0.9079
24.991,0.2381,1.6707,0.0883,3.9023,11.6596,4.0000,-0.0475,0.2012,0.9079
24.994,0.1974,1.6707,0.0883,4.0002,11.6596,4.0000,-0.0690,0.2012,0.9079
24.999,0.1974,1.4367,0.0883,4.0002,11.8930,4.0000,-0.0690,0.0903,0.9079
25.002,0.1974,1.4367,0.0883,4.0002,11.8930,4.0000,-0.0690,0.0903,0.9079
25.005,0.1974,1.4367,0.0883,4.0002,11.8930,4.0000,-0.0690,0.0903,0.9079
25.009,0.1986,1.4367,0.0883,3.9719,11.8930,4.0000,-0.0404,0.0903,0.9079
25.012,0.1986,1.4330,0.0883,3.9719,11.9804,4.0000,-0.0404,0.0017,0.9079
25.016,0.1263,1.4330,0.0883,4.0548,11.9804,4.0000,-0.0853,0.0017,0.9079
25.020,0.1263,1.2098,0.0883,4.0548,12.2366,4.0000,-0.0853,-0.1371,0.9079
25.024,0.1263,1.2098,0.0883,4.0548,12.2366,4.0000,-0.0853,-0.1371,0.9079
25.027,0.1096,1.2098,0.0883,4.0461,12.2366,4.0000,-0.0709,-0.1371,0.9079
25.031,0.1096,1.2615,0.0883,4.0461,12.2637,4.0000,-0.0709,-0.1814,0.9079
25.035,0.0234,1.2615,0.0883,4.1192,12.2637,4.0000,-0.2473,-0.1814,0.9079
25.039,0.0234,0.9950,0.0883,4.1192,12.4898,4.0000,-0.2473,-0.7264,0.9079
25.043,0.0250,0.9950,0.0883,4.1443,12.4898,4.0000,-0.2525,-0.7264,0.9079
25.047,0.0250,0.9901,0.0883,4.1443,12.4123,4.0000,-0.2525,-0.7104,0.9079
25.051,0.0250,0.9901,0.0883,4.1443,12.4123,4.0000,-0.2525,-0.7104,0.9079
25.055,-0.0711,0.9901,0.0883,4.2345,12.4123,4.0000,-0.0333,-0.7104,0.9079
25.064,-0.0512,0.6933,0.0883,4.2301,12.6909,4.0000,-0.0524,-0.0330,0.9079
25.070,-0.0512,0.6318,0.0883,4.2301,12.7045,4.0000,-0.0524,0.0261,0.9079
25.073,-0.1557,0.6318,0.0883,4.2986,12.7045,4.0000,-0.1992,0.0261,0.9079
25.078,-0.1748,0.3087,0.0883,4.3121,12.9160,4.0000,-0.1300,-0.4277,0.9079
25.082,-0.1748,0.3678,0.0883,4.3121,12.8741,4.0000,-0.1300,-0.6418,0.9079
25.086,-0.1748,0.3678,0.0883,4.3121,12.8741,4.0000,-0.1300,-0.6418,0.9079
25.090,-0.1748,0.3678,0.0883,4.3121,12.8741,4.0000,-0.1300,-0.6418,0.9079
25.097,-0.2572,0.3678,0.0883,4.3994,12.8741,4.0000,-0.1763,-0.6418,0.9079
25.102,-0.2572,-0.0689,0.0883,4.3994,13.0526,4.0000,-0.1763,-0.5537,0.9079
25.105,-0.2572,-0.0689,0.0883,4.3994,13.0526,4.0000,-0.1763,-0.5537,0.9079
25.109,-0.2787,-0.0689,0.0883,4.4077,13.0526,4.0000,-0.1528,-0.5537,0.9079
25.113,-0.4020,-0.0025,0.0883,4.4771,13.0268,4.0000,-0.1648,-0.6263,0.9079
25.119,-0.4020,-0.3832,0.0883,4.4771,13.2412,4.0000,-0.1648,-0.6632,0.9079
25.122,-0.4020,-0.3832,0.0883,4.4771,13.2412,4.0000,-0.1648,-0.6632,0.9079
25.126,-0.4266,-0.3832,0.0883,4.4815,13.2412,4.0000,-0.1679,-0.6632,0.9079
25.130,-0.4266,-0.3069,0.0883,4.4815,13.2277,4.0000,-0.1679,-0.6534,0.9079
25.134,-0.5523,-0.3069,0.0883,4.5472,13.2277,4.0000,-0.1850,-0.6534,0.9079
25.137,-0.5523,-0.6951,0.0883,4.5472,13.4307,4.0000,-0.1850,-0.7062,0.9079
25.141,-0.5523,-0.6951,0.0883,4.5472,13.4307,4.0000,-0.1850,-0.7062,0.9079
25.144,-0.5447,-0.6951,0.0883,4.5448,13.4307,4.0000,-0.1743,-0.7062,0.9079
25.149,-0.5447,-0.7185,0.0883,4.5448,13.4381,4.0000,-0.1743,-0.7395,0.9079
25.153,-0.6769,-0.7185,0.0883,4.6072,13.4381,4.0000,-0.1918,-0.7395,0.9079
25.157,-0.6769,-1.1271,0.0883,4.6072,13.6309,4.0000,-0.1918,-0.7936,0.9079
25.160,-0.6757,-1.1271,0.0883,4.6032,13.6309,4.0000,-0.2436,-0.7936,0.9079
25.164,-0.6757,-1.1308,0.0883,4.6032,13.6432,4.0000,-0.2436,-0.6336,0.9079
25.168,-0.6757,-1.1308,0.0883,4.6032,13.6432,4.0000,-0.2436,-0.6336,0.9079
25.171,-0.6757,-1.1308,0.0883,4.6032,13.6432,4.0000,-0.2436,-0.6336,0.9079
25.174,-0.8122,-1.1308,0.0883,4.6617,13.6432,4.0000,-0.2683,-0.6336,0.9079
25.178,-0.8094,-1.5525,0.0883,4.6641,13.8240,4.0000,-0.2894,-0.7101,0.9079
25.182,-0.8094,-1.5611,0.0883,4.6641,13.8166,4.0000,-0.2894,-0.6449,0.9079
25.186,-0.8094,-1.5611,0.0883,4.6641,13.8166,4.0000,-0.2894,-0.6449,0.9079
25.189,-0.8094,-1.5611,0.0883,4.6641,13.8166,4.0000,-0.2894,-0.6449,0.9079
25.192,-0.7883,-1.5611,0.0883,4.6438,13.8166,4.0000,-0.3046,-0.6449,0.9079
25.197,-0.9309,-1.6263,0.0883,4.6914,13.8793,4.0000,-0.4512,-0.5981,0.9079
25.204,-0.9309,-2.0667,0.0883,4.6914,14.0264,4.0000,-0.4512,-1.0512,0.9079
25.208,-0.9309,-2.0667,0.0883,4.6914,14.0264,4.0000,-0.4512,-1.0512,0.9079
25.217,-1.0981,-2.0667,0.0883,4.7395,14.0264,4.0000,-0.4160,-1.0512,0.9079
25.223,-1.0981,-2.4727,0.0883,4.7395,14.2021,4.0000,-0.4160,-1.2403,0.9079
25.226,-1.1037,-2.4727,0.0883,4.7284,14.2021,4.0000,-0.4455,-1.2403,0.9079
25.230,-1.1037,-2.4555,0.0883,4.7284,14.2366,4.0000,-0.4455,-1.1492,0.9079
25.234,-1.2545,-2.4555,0.0883,4.7834,14.2366,4.0000,-0.3655,-1.1492,0.9079
25.237,-1.2545,-2.9216,0.0883,4.7834,14.4065,4.0000,-0.3655,-0.9020,0.9079
25.241,-1.2545,-2.9216,0.0883,4.7834,14.4065,4.0000,-0.3655,-0.9020,0.9079
25.245,-1.2382,-2.9216,0.0883,4.7822,14.4065,4.0000,-0.3153,-0.9020,0.9079
25.249,-1.2382,-2.9720,0.0883,4.7822,14.4102,4.0000,-0.3153,-1.0570,0.9079
25.253,-1.3885,-2.9720,0.0883,4.8271,14.4102,4.0000,-0.3197,-1.0570,0.9079
25.257,-1.3885,-3.4366,0.0883,4.8271,14.5490,4.0000,-0.3197,-1.0707,0.9079
25.261,-1.3782,-3.4366,0.0883,4.8518,14.5490,4.0000,-0.3480,-1.0707,0.9079
25.265,-1.3782,-3.4686,0.0883,4.8518,14.4727,4.0000,-0.3480,-0.9833,0.9079
25.269,-1.3782,-3.4686,0.0883,4.8518,14.4727,4.0000,-0.3480,-0.9833,0.9079
25.272,-1.5102,-3.4686,0.0883,4.8915,14.4727,4.0000,-0.3544,-0.9833,0.9079
25.276,-1.4923,-3.8765,0.0883,4.9015,14.5955,4.0000,-0.2998,-1.0030,0.9079
25.280,-1.4923,-3.9319,0.0883,4.9015,14.5648,4.0000,-0.2998,-1.1716,0.9079
25.283,-1.4923,-3.9319,0.0883,4.9015,14.5648,4.0000,-0.2998,-1.1716,0.9079
25.287,-1.4923,-3.9319,0.0883,4.9015,14.5648,4.0000,-0.2998,-1.1716,0.9079
25.290,-1.4923,-3.9319,0.0883,4.9015,14.5648,4.0000,-0.2998,-1.1716,0.9079
25.293,-1.6162,-3.9319,0.0883,4.9287,14.5648,4.0000,-0.1950,-1.1716,0.9079
25.298,-1.6162,-4.2384,0.0883,4.9287,14.7522,4.0000,-0.1950,-0.8306,0.9079
25.302,-1.6162,-4.2384,0.0883,4.9287,14.7522,4.0000,-0.1950,-0.8306,0.9079
25.309,-1.6177,-4.2384,0.0883,4.9565,14.7522,4.0000,-0.2289,-0.8306,0.9079
25.313,-1.7163,-4.2335,0.0883,4.9849,14.6660,4.0000,-0.2488,-0.7260,0.9079
25.317,-1.7163,-4.5380,0.0883,4.9849,14.7537,4.0000,-0.2488,-0.7877,0.9079
25.321,-1.7163,-4.5380,0.0883,4.9849,14.7537,4.0000,-0.2488,-0.7877,0.9079
25.324,-1.7163,-4.5380,0.0883,4.9849,14.7537,4.0000,-0.2488,-0.7877,0.9079
25.327,-1.7012,-4.5380,0.0883,4.9992,14.7537,4.0000,-0.3066,-0.7877,0.9079
25.331,-1.7012,-4.5848,0.0883,4.9992,14.7094,4.0000,-0.3066,-0.6093,0.9079
25.335,-1.7813,-4.5848,0.0883,5.0317,14.7094,4.0000,-0.2298,-0.6093,0.9079
25.338,-1.7813,-4.8323,0.0883,5.0317,14.8096,4.0000,-0.2298,-0.3721,0.9079
25.342,-1.8000,-4.8323,0.0883,4.9958,14.8096,4.0000,-0.1820,-0.3721,0.9079
25.345,-1.8000,-4.7745,0.0883,4.9958,14.9204,4.0000,-0.1820,-0.5198,0.9079
25.349,-1.8000,-4.7745,0.0883,4.9958,14.9204,4.0000,-0.1820,-0.5198,0.9079
25.352,-1.8000,-4.7745,0.0883,4.9958,14.9204,4.0000,-0.1820,-0.5198,0.9079
25.355,-1.8764,-4.7745,0.0883,5.0008,14.9204,4.0000,-0.3402,-0.5198,0.9079
25.360,-1.8600,-5.0105,0.0883,5.0056,14.9357,4.0000,-0.3366,-1.0085,0.9079
25.368,-1.8600,-5.0609,0.0883,5.0056,14.9209,4.0000,-0.3366,-1.0196,0.9079
25.373,-1.9127,-5.0609,0.0883,5.0307,14.9209,4.0000,-0.2580,-1.0196,0.9079
25.377,-1.9107,-5.2237,0.0883,5.0136,14.9986,4.0000,-0.2703,-0.7766,0.9079
25.381,-1.9107,-5.2298,0.0846,5.0136,15.0515,4.0000,-0.2703,-0.7385,0.9079
25.385,-1.9107,-5.2298,0.0804,5.0136,15.0515,4.0000,-0.2703,-0.7385,0.9079
25.388,-1.9107,-5.2298,0.0768,5.0136,15.0515,4.0000,-0.2703,-0.7385,0.9079
25.391,-1.9107,-5.2298,0.0731,5.0136,15.0515,4.0000,-0.2703,-0.7385,0.9079
25.395,-1.9477,-5.2298,0.0697,5.0682,15.0515,4.0000,-0.0087,-0.7385,0.9079
25.399,-1.9477,-5.3169,0.0663,5.0682,15.1170,4.0000,-0.0087,-0.1366,0.9079
25.404,-1.9477,-5.3169,0.0614,5.0682,15.1170,4.0000,-0.0087,-0.1366,0.9079
25.410,-1.9425,-5.3169,0.0567,5.0714,15.1170,4.0000,-0.0509,-0.1366,0.9079
25.415,-1.9784,-5.3329,0.0499,5.0758,15.1072,4.0000,-0.0635,-0.0062,0.9079
25.419,-1.9784,-5.4440,0.0450,5.0758,15.1207,4.0000,-0.0635,-0.0451,0.9079
25.423,-1.9784,-5.4440,0.0407,5.0758,15.1207,4.0000,-0.0635,-0.0451,0.9079
25.426,-1.9956,-5.4440,0.0372,5.0738,15.1207,4.0000,-0.0702,-0.0451,0.9079
25.430,-1.9956,-5.3911,0.0336,5.0738,15.1268,4.0000,-0.0702,-0.0242,0.9079
25.433,-2.0145,-5.3911,0.0297,5.0866,15.1268,4.0000,0.0323,-0.0242,0.9079
25.437,-2.0145,-5.4497,0.0259,5.0866,15.1663,4.0000,0.0323,0.2925,0.9079
25.441,-2.0145,-5.4497,0.0217,5.0866,15.1663,4.0000,0.0323,0.2925,0.9079
25.445,-2.0185,-5.4497,0.0182,5.0782,15.1663,4.0000,0.0681,0.2925,0.9079
25.449,-2.0185,-5.4374,0.0137,5.0782,15.1921,4.0000,0.0681,0.1818,0.9079
25.453,-2.0374,-5.4374,0.0094,5.0698,15.1921,4.0000,0.0407,0.1818,0.9079
25.457,-2.0374,-5.4959,0.0055,5.0698,15.1662,4.0000,0.0407,0.0972,0.9079
25.461,-2.0123,-5.4959,0.0009,5.0702,15.1662,4.0000,-0.0150,0.0972,0.9079
25.465,-2.0123,-5.5734,-0.0030,5.0702,15.1650,4.0000,-0.0150,0.2694,0.9079
25.468,-2.0123,-5.5734,-0.0070,5.0702,15.1650,4.0000,-0.0150,0.2694,0.9079
25.472,-2.0123,-5.5734,-0.0107,5.0702,15.1650,4.0000,-0.0150,0.2694,0.9079
25.476,-2.0425,-5.5734,-0.0144,5.0466,15.1650,4.0000,0.1295,0.2694,0.9079
25.480,-2.0425,-5.4943,-0.0187,5.0466,15.2373,4.0000,0.1295,0.4208,0.9079
25.484,-2.0425,-5.4943,-0.0234,5.0466,15.2373,4.0000,0.1295,0.4208,0.9079
25.487,-2.0425,-5.4943,-0.0272,5.0466,15.2373,4.0000,0.1295,0.4208,0.9079
25.491,-2.0425,-5.4943,-0.0308,5.0466,15.2373,4.0000,0.1295,0.4208,0.9079
25.494,-2.0486,-5.4943,-0.0344,5.0263,15.2373,4.0000,0.0797,0.4208,0.9079
25.499,-2.0486,-5.5032,-0.0381,5.0263,15.1768,4.0000,0.0797,0.3703,0.9079
25.503,-2.0486,-5.5032,-0.0431,5.0263,15.1768,4.0000,0.0797,0.3703,0.9079
25.507,-2.0486,-5.5032,-0.0467,5.0263,15.1768,4.0000,0.0797,0.3703,0.9079
25.516,-2.0371,-5.5032,-0.0515,5.0262,15.1768,4.0000,0.1531,0.3703,0.9079
25.524,-2.0371,-5.4603,-0.0604,5.0262,15.1201,4.0000,0.1531,0.8579,0.9079
25.529,-2.0331,-5.4603,-0.0691,5.0175,15.1201,4.0000,0.2144,0.8579,0.9079
25.533,-2.0056,-5.4727,-0.0745,5.0165,15.1471,4.0000,0.4600,0.6684,0.9079
25.538,-2.0056,-5.3877,-0.0785,5.0165,15.1442,4.0000,0.4600,1.4272,0.9079
25.542,-2.0004,-5.3877,-0.0838,5.0173,15.1442,4.0000,0.4305,1.4272,0.9079
25.545,-2.0004,-5.4036,-0.0877,5.0173,15.1417,4.0000,0.4305,1.5183,0.9079
25.549,-2.0004,-5.4036,-0.0911,5.0173,15.1417,4.0000,0.4305,1.5183,0.9079
25.552,-1.9884,-5.4036,-0.0951,4.9823,15.1417,4.0000,0.3949,1.5183,0.9079
25.557,-1.9884,-5.3664,-0.0987,4.9823,15.0335,4.0000,0.3949,1.4081,0.9079
25.560,-1.9720,-5.3664,-0.1030,4.9998,15.0335,4.0000,0.3762,1.4081,0.9079
25.564,-1.9720,-5.4169,-0.1064,4.9998,14.9793,4.0000,0.3762,1.4659,0.9079
25.567,-1.9720,-5.4169,-0.1103,4.9998,14.9793,4.0000,0.3762,1.4659,0.9079
25.570,-1.9720,-5.4169,-0.1140,4.9998,14.9793,4.0000,0.3762,1.4659,0.9079
25.574,-1.9654,-5.4169,-0.1174,4.9456,14.9793,4.0000,0.1918,1.4659,0.9079
25.578,-1.9817,-5.3963,-0.1208,4.9237,14.8119,4.0000,0.2037,0.8962,0.9079
25.581,-1.9817,-5.3459,-0.1219,4.9237,14.8795,4.0000,0.2037,0.8593,0.9079
25.587,-1.9817,-5.3459,-0.1219,4.9237,14.8795,4.0000,0.2037,0.8593,0.9079
25.591,-1.9817,-5.3459,-0.1219,4.9237,14.8795,4.0000,0.2037,0.8593,0.9079
25.594,-1.9862,-5.3459,-0.1219,4.8944,14.8795,4.0000,0.2049,0.8593,0.9079
25.599,-1.9862,-5.2048,-0.1219,4.8944,14.7030,4.0000,0.2049,0.5479,0.9079
25.602,-1.9862,-5.2048,-0.1219,4.8944,14.7030,4.0000,0.2049,0.5479,0.9079
25.606,-1.9862,-5.2048,-0.1219,4.8944,14.7030,4.0000,0.2049,0.5479,0.9079
25.609,-1.9357,-5.2048,-0.1219,4.8936,14.7030,4.0000,0.2061,0.5479,0.9079
25.612,-1.9357,-5.3611,-0.1219,4.8936,14.7055,4.0000,0.2061,0.5442,0.9079
25.619,-1.9022,-5.3611,-0.1219,4.8622,14.7055,4.0000,0.2989,0.5442,0.9079
25.627,-1.9321,-5.2578,-0.1219,4.8710,14.6083,4.0000,0.2663,0.8311,0.9079
25.631,-1.9321,-5.1655,-0.1219,4.8710,14.5812,4.0000,0.2663,0.9320,0.9079
25.635,-1.9032,-5.1655,-0.1219,4.8230,14.5812,4.0000,0.2383,0.9320,0.9079
25.639,-1.9032,-5.0763,-0.1219,4.8230,14.4331,4.0000,0.2383,0.8454,0.9079
25.642,-1.8782,-5.0763,-0.1219,4.8206,14.4331,4.0000,0.2853,0.8454,0.9079
25.646,-1.8782,-5.1538,-0.1219,4.8206,14.4405,4.0000,0.2853,0.7002,0.9079
25.651,-1.8782,-5.1538,-0.1219,4.8206,14.4405,4.0000,0.2853,0.7002,0.9079
25.654,-1.8287,-5.1538,-0.1219,4.8014,14.4405,4.0000,0.5544,0.7002,0.9079
25.659,-1.8601,-5.0010,-0.1219,4.8086,14.3812,4.0000,0.5242,1.5320,0.9079
25.663,-1.8601,-4.9038,-0.1219,4.8086,14.3591,4.0000,0.5242,1.6255,0.9079
25.667,-1.8601,-4.9038,-0.1219,4.8086,14.3591,4.0000,0.5242,1.6255,0.9079
25.674,-1.8349,-4.9038,-0.1219,4.7389,14.3591,4.0000,0.3554,1.6255,0.9079
25.681,-1.8285,-4.8258,-0.1219,4.7556,14.1436,4.0000,0.3152,1.1041,0.9079
25.685,-1.8285,-4.8455,-0.1219,4.7556,14.0919,4.0000,0.3152,1.2283,0.9079
25.688,-1.8285,-4.8455,-0.1219,4.7556,14.0919,4.0000,0.3152,1.2283,0.9079
25.692,-1.8046,-4.8455,-0.1219,4.7480,14.0919,4.0000,0.3021,1.2283,0.9079
25.695,-1.7766,-4.9193,-0.1219,4.6772,14.1153,4.0000,0.1407,1.2689,0.9079
25.700,-1.7766,-4.8328,-0.1219,4.6772,13.8965,4.0000,0.1407,0.7705,0.9079
25.704,-1.7766,-4.8328,-0.1219,4.6772,13.8965,4.0000,0.1407,0.7705,0.9079
25.707,-1.7766,-4.8328,-0.1219,4.6772,13.8965,4.0000,0.1407,0.7705,0.9079
25.712,-1.7989,-4.8328,-0.1219,4.7111,13.8965,4.0000,0.1368,0.7705,0.9079
25.716,-1.7514,-4.7639,-0.1219,4.6670,13.7920,4.0000,0.2707,0.7828,0.9079
25.720,-1.7514,-4.6169,-0.1219,4.6670,13.6557,4.0000,0.2707,1.1966,0.9079
25.723,-1.7514,-4.6169,-0.1219,4.6670,13.6557,4.0000,0.2707,1.1966,0.9079
25.728,-1.7482,-4.6169,-0.1219,4.6403,13.6557,4.0000,0.2982,1.1966,0.9079
25.735,-1.7087,-4.6268,-0.1219,4.5780,13.7381,4.0000,0.2796,1.1117,0.9079
25.739,-1.7087,-4.5046,-0.1219,4.5780,13.5457,4.0000,0.2796,1.0543,0.9079
25.743,-1.7290,-4.5046,-0.1219,4.5593,13.5457,4.0000,0.2859,1.0543,0.9079
25.748,-1.7290,-4.4419,-0.1219,4.5593,13.6035,4.0000,0.2859,1.0346,0.9079
25.751,-1.7290,-4.4419,-0.1219,4.5593,13.6035,4.0000,0.2859,1.0346,0.9079
25.755,-1.6889,-4.4419,-0.1219,4.4931,13.6035,4.0000,0.2574,1.0346,0.9079
25.759,-1.6638,-4.3180,-0.1219,4.4840,13.3990,4.0000,0.3059,0.9463,0.9079
25.762,-1.6638,-4.3955,-0.1219,4.4840,13.4273,4.0000,0.3059,0.7962,0.9079
25.766,-1.6638,-4.3955,-0.1219,4.4840,13.4273,4.0000,0.3059,0.7962,0.9079
25.770,-1.6638,-4.3955,-0.1219,4.4840,13.4273,4.0000,0.3059,0.7962,0.9079
25.774,-1.6321,-4.3955,-0.1219,4.4056,13.4273,4.0000,0.1271,0.7962,0.9079
25.779,-1.6643,-4.2975,-0.1219,4.4374,13.1850,4.0000,0.1223,0.2435,0.9079
25.783,-1.6643,-4.1978,-0.1219,4.4374,13.0866,4.0000,0.1223,0.2583,0.9079
25.786,-1.6643,-4.1978,-0.1219,4.4374,13.0866,4.0000,0.1223,0.2583,0.9079
25.790,-1.6643,-4.1978,-0.1219,4.4374,13.0866,4.0000,0.1223,0.2583,0.9079
25.793,-1.5865,-4.1978,-0.1219,4.3672,13.0866,4.0000,0.2285,0.2583,0.9079
25.797,-1.5865,-4.1198,-0.1219,4.3672,12.9089,4.0000,0.2285,0.6946,0.9079
25.801,-1.5865,-4.1198,-0.1219,4.3672,12.9089,4.0000,0.2285,0.6946,0.9079
25.805,-1.5865,-4.1198,-0.1219,4.3672,12.9089,4.0000,0.2285,0.6946,0.9079
25.808,-1.5650,-4.1198,-0.1219,4.3696,12.9089,4.0000,0.2309,0.6946,0.9079
25.812,-1.5650,-4.1862,-0.1219,4.3696,12.9015,4.0000,0.2309,0.6872,0.9079
25.815,-1.5210,-4.1862,-0.1219,4.2967,12.9015,4.0000,0.2333,0.6872,0.9079
25.820,-1.5210,-4.0502,-0.1219,4.2967,12.6764,4.0000,0.2333,0.6946,0.9079
25.828,-1.5353,-4.0502,-0.1219,4.2728,12.6764,4.0000,0.2205,0.6946,0.9079
25.844,-1.5152,-4.0059,-0.1219,4.2375,12.7503,4.0000,0.3802,0.7339,0.9079
25.855,-1.4735,-3.7369,-0.1219,4.1594,12.4197,4.0000,0.3502,1.1043,0.9079
25.859,-1.4588,-3.6082,-0.1219,4.1598,12.1783,4.0000,0.3136,1.0118,0.9079
25.863,-1.4588,-3.6537,-0.1219,4.1598,12.1771,4.0000,0.3136,1.1249,0.9079
25.867,-1.4588,-3.6537,-0.1219,4.1598,12.1771,4.0000,0.3136,1.1249,0.9079
25.870,-1.4588,-3.6537,-0.1219,4.1598,12.1771,4.0000,0.3136,1.1249,0.9079
25.874,-1.4389,-3.6537,-0.1219,4.0783,12.1771,4.0000,-0.0112,1.1249,0.9079
25.878,-1.4321,-3.5922,-0.1219,4.0568,11.9253,4.0000,0.0004,0.1214,0.9079
25.882,-1.4321,-3.6131,-0.1219,4.0568,11.9918,4.0000,0.0004,0.0857,0.9079
25.886,-1.4321,-3.6131,-0.1219,4.0568,11.9918,4.0000,0.0004,0.0857,0.9079
25.889,-1.4321,-3.6131,-0.1219,4.0568,11.9918,4.0000,0.0004,0.0857,0.9079
25.892,-1.3333,-3.6131,-0.1219,3.9931,11.9918,4.0000,0.3092,0.0857,0.9079
25.897,-1.3333,-3.4949,-0.1219,3.9931,11.6793,4.0000,0.3092,1.1139,0.9079
25.900,-1.3333,-3.4949,-0.1219,3.9931,11.6793,4.0000,0.3092,1.1139,0.9079
25.904,-1.3333,-3.4949,-0.1219,3.9931,11.6793,4.0000,0.3092,1.1139,0.9079
25.907,-1.3333,-3.4949,-0.1219,3.9931,11.6793,4.0000,0.3092,1.1139,0.9079
25.910,-1.3680,-3.4949,-0.1219,3.9780,11.6793,4.0000,0.3315,1.1139,0.9079
25.915,-1.3214,-3.3879,-0.1219,3.8950,11.7261,4.0000,0.3745,1.0450,0.9079
25.919,-1.3214,-3.2440,-0.1219,3.8950,11.4697,4.0000,0.3745,1.1776,0.9079
25.923,-1.3214,-3.2440,-0.1219,3.8950,11.4697,4.0000,0.3745,1.1776,0.9079
25.926,-1.3437,-3.2440,-0.1219,3.8950,11.4697,4.0000,0.3605,1.1776,0.9079
25.930,-1.3437,-3.1751,-0.1219,3.8950,11.4697,4.0000,0.3605,1.2207,0.9079
25.934,-1.2983,-3.1751,-0.1219,3.8110,11.4697,4.0000,0.3937,1.2207,0.9079
25.939,-1.2983,-3.0349,-0.1219,3.8110,11.2101,4.0000,0.3937,1.3232,0.9079
25.946,-1.2788,-3.0349,-0.1219,3.8134,11.2101,4.0000,0.4176,1.3232,0.9079
25.950,-1.2788,-3.0952,-0.1219,3.8134,11.2027,4.0000,0.4176,1.2494,0.9079
25.954,-1.2349,-3.0952,-0.1219,3.7289,11.2027,4.0000,0.4374,1.2494,0.9079
25.958,-1.2349,-2.9596,-0.1219,3.7289,10.9417,4.0000,0.4374,1.3105,0.9079
25.961,-1.2333,-2.9596,-0.1219,3.7281,10.9417,4.0000,0.4254,1.3105,0.9079
25.965,-1.2333,-2.9645,-0.1219,3.7281,10.9441,4.0000,0.4254,1.3474,0.9079
25.968,-1.2333,-2.9645,-0.1219,3.7281,10.9441,4.0000,0.4254,1.3474,0.9079
25.972,-1.2333,-2.9645,-0.1219,3.7281,10.9441,4.0000,0.4254,1.3474,0.9079
25.981,-1.1847,-2.9645,-0.1219,3.6525,10.9441,4.0000,0.3961,1.3474,0.9079
25.986,-1.1847,-2.8535,-0.1219,3.6525,10.6563,4.0000,0.3961,1.4585,0.9079
25.990,-1.1847,-2.8535,-0.1219,3.6525,10.6563,4.0000,0.3961,1.4585,0.9079
25.994,-1.1526,-2.8535,-0.1219,3.5725,10.6563,4.0000,0.2629,1.4585,0.9079
25.998,-1.1526,-2.7568,-0.1219,3.5725,10.4114,4.0000,0.2629,0.8798,0.9079
26.001,-1.1526,-2.7568,-0.1219,3.5725,10.4114,4.0000,0.2629,0.8798,0.9079
26.005,-1.1526,-2.7568,-0.1219,3.5725,10.4114,4.0000,0.2629,0.8798,0.9079
26.009,-1.1653,-2.7568,-0.1219,3.5621,10.4114,4.0000,0.2681,0.8798,0.9079
26.013,-1.1229,-2.7174,-0.1219,3.4779,10.4434,4.0000,0.2855,0.8638,0.9079
26.017,-1.1229,-2.5863,-0.1219,3.4779,10.1832,4.0000,0.2855,0.9176,0.9079
26.020,-1.1229,-2.5863,-0.1219,3.4779,10.1832,4.0000,0.2855,0.9176,0.9079
26.024,-1.1229,-2.5863,-0.1219,3.4779,10.1832,4.0000,0.2855,0.9176,0.9079
26.027,-1.1301,-2.5863,-0.1219,3.4867,10.1832,4.0000,0.2800,0.9176,0.9079
26.031,-1.1301,-2.5642,-0.1219,3.4867,10.1561,4.0000,0.2800,0.9349,0.9079
26.034,-1.0893,-2.5642,-0.1219,3.4037,10.1561,4.0000,0.2767,0.9349,0.9079
26.039,-1.0893,-2.4384,-0.1219,3.4037,9.8999,4.0000,0.2767,0.9248,0.9079
26.044,-1.0822,-2.4384,-0.1219,3.4061,9.8999,4.0000,0.2918,0.9248,0.9079
26.051,-1.0822,-2.4605,-0.1219,3.4061,9.8925,4.0000,0.2918,0.8780,0.9079
26.054,-1.0490,-2.4605,-0.1219,3.3277,9.8925,4.0000,0.1277,0.8780,0.9079
26.058,-1.0509,-2.3578,-0.1219,3.3345,9.6502,4.0000,0.1353,0.3709,0.9079
26.062,-1.0509,-2.3517,-0.1219,3.3345,9.6293,4.0000,0.1353,0.3475,0.9079
26.066,-1.0509,-2.3517,-0.1219,3.3345,9.6293,4.0000,0.1353,0.3475,0.9079
26.070,-1.0509,-2.3517,-0.1219,3.3345,9.6293,4.0000,0.1353,0.3475,0.9079
26.074,-1.0171,-2.3517,-0.1219,3.2564,9.6293,4.0000,-0.0301,0.3475,0.9079
26.080,-1.0071,-2.2470,-0.1219,3.2599,9.3879,4.0000,-0.0082,-0.1634,0.9079
26.084,-1.0071,-2.2778,-0.1219,3.2599,9.3768,4.0000,-0.0082,-0.2311,0.9079
26.087,-1.0071,-2.2778,-0.1219,3.2599,9.3768,4.0000,-0.0082,-0.2311,0.9079
26.091,-1.0071,-2.2778,-0.1219,3.2599,9.3768,4.0000,-0.0082,-0.2311,0.9079
26.094,-0.9462,-2.2778,-0.1219,3.1921,9.3768,4.0000,0.1456,-0.2311,0.9079
26.098,-0.9462,-2.1535,-0.1219,3.1921,9.0835,4.0000,0.1456,0.6524,0.9079
26.102,-0.9462,-2.1535,-0.1219,3.1921,9.0835,4.0000,0.1456,0.6524,0.9079
26.105,-0.9462,-2.1535,-0.1219,3.1921,9.0835,4.0000,0.1456,0.6524,0.9079
26.108,-0.9641,-2.1535,-0.1219,3.1770,9.0835,4.0000,0.1456,0.6524,0.9079
26.112,-0.9641,-2.0981,-0.1219,3.1770,9.1302,4.0000,0.1456,0.6524,0.9079
26.116,-0.9091,-2.0981,-0.1219,3.0988,9.1302,4.0000,-0.1749,0.6524,0.9079
26.120,-0.9091,-1.9282,-0.1219,3.0988,8.8888,4.0000,-0.1749,-0.3377,0.9079
26.124,-0.9091,-1.9282,-0.1219,3.0988,8.8888,4.0000,-0.1749,-0.3377,0.9079
26.132,-0.8357,-1.9282,-0.1219,3.0250,8.8888,4.0000,-0.1876,-0.3377,0.9079
26.138,-0.8357,-1.6447,-0.1219,3.0250,8.6336,4.0000,-0.1876,-0.5568,0.9079
26.141,-0.8357,-1.6447,-0.1219,3.0250,8.6336,4.0000,-0.1876,-0.5568,0.9079
26.145,-0.8413,-1.6447,-0.1219,3.0126,8.6336,4.0000,-0.1952,-0.5568,0.9079
26.152,-0.7426,-1.6275,-0.1219,2.9397,8.6717,4.0000,0.0237,-0.5334,0.9079
26.156,-0.7426,-1.3226,-0.1219,2.9397,8.4462,4.0000,0.0237,0.1430,0.9079
26.160,-0.7211,-1.3226,-0.1219,2.9500,8.4462,4.0000,0.0388,0.1430,0.9079
26.163,-0.7211,-1.3890,-0.1219,2.9500,8.4143,4.0000,0.0388,0.0963,0.9079
26.167,-0.7211,-1.3890,-0.1219,2.9500,8.4143,4.0000,0.0388,0.0963,0.9079
26.170,-0.7211,-1.3890,-0.1219,2.9500,8.4143,4.0000,0.0388,0.0963,0.9079
26.173,-0.6124,-1.3890,-0.1219,2.8736,8.4143,4.0000,-0.0018,0.0963,0.9079
26.177,-0.6291,-1.0531,-0.1219,2.8756,8.1781,4.0000,-0.0297,-0.0294,0.9079
26.181,-0.6291,-1.0014,-0.1219,2.8756,8.1720,4.0000,-0.0297,0.0568,0.9079
26.185,-0.6291,-1.0014,-0.1219,2.8756,8.1720,4.0000,-0.0297,0.0568,0.9079
26.189,-0.6291,-1.0014,-0.1219,2.8756,8.1720,4.0000,-0.0297,0.0568,0.9079
26.192,-0.6235,-1.0014,-0.1219,2.8684,8.1720,4.0000,-0.0377,0.0568,0.9079
26.196,-0.5016,-1.0186,-0.1219,2.7892,8.1941,4.0000,-0.2024,0.0814,0.9079
26.200,-0.5016,-0.6418,-0.1219,2.7892,7.9493,4.0000,-0.2024,-0.4277,0.9079
26.203,-0.5016,-0.6418,-0.1219,2.7892,7.9493,4.0000,-0.2024,-0.4277,0.9079
26.207,-0.5016,-0.6418,-0.1219,2.7892,7.9493,4.0000,-0.2024,-0.4277,0.9079
26.210,-0.4956,-0.6418,-0.1219,2.7944,7.9493,4.0000,-0.1893,-0.4277,0.9079
26.214,-0.3593,-0.6603,-0.1219,2.7204,7.9333,4.0000,-0.2165,-0.4683,0.9079
26.218,-0.3593,-0.2392,-0.1219,2.7204,7.7046,4.0000,-0.2165,-0.5525,0.9079
26.221,-0.3593,-0.2392,-0.1219,2.7204,7.7046,4.0000,-0.2165,-0.5525,0.9079
26.224,-0.3593,-0.2392,-0.1219,2.7204,7.7046,4.0000,-0.2165,-0.5525,0.9079
26.228,-0.3450,-0.2392,-0.1219,2.7156,7.7046,4.0000,-0.2213,-0.5525,0.9079
26.232,-0.3450,-0.2835,-0.1219,2.7156,7.7193,4.0000,-0.2213,-0.5378,0.9079
26.235,-0.2013,-0.2835,-0.1219,2.6465,7.7193,4.0000,-0.1363,-0.5378,0.9079
26.239,-0.2013,0.1605,-0.1219,2.6465,7.5058,4.0000,-0.1363,-0.2752,0.9079
26.243,-0.2208,0.1605,-0.1219,2.6612,7.5058,4.0000,-0.1519,-0.2752,0.9079
26.248,-0.2208,0.2208,-0.1219,2.6612,7.4602,4.0000,-0.1519,-0.2272,0.9079
26.252,-0.2208,0.2208,-0.1219,2.6612,7.4602,4.0000,-0.1519,-0.2272,0.9079
26.256,-0.0670,0.2208,-0.1219,2.5883,7.4602,4.0000,-0.2140,-0.2272,0.9079
26.264,-0.0595,0.6960,-0.1219,2.5640,7.2351,4.0000,-0.2176,-0.4192,0.9079
26.268,-0.0595,0.6726,-0.1219,2.5640,7.3101,4.0000,-0.2176,-0.4081,0.9079
26.272,-0.0595,0.6726,-0.1219,2.5640,7.3101,4.0000,-0.2176,-0.4081,0.9079
26.276,0.1202,0.6726,-0.1219,2.4948,7.3101,4.0000,-0.1478,-0.4081,0.9079
26.285,0.1202,1.1147,-0.1219,2.4948,7.1036,4.0000,-0.1478,-0.3204,0.9079
26.291,0.1202,1.1147,-0.1219,2.4948,7.1036,4.0000,-0.1478,-0.3204,0.9079
26.295,0.2671,1.1147,-0.1219,2.4237,7.1036,4.0000,-0.2706,-0.3204,0.9079
26.300,0.2671,1.7064,-0.1219,2.4237,6.8740,4.0000,-0.2706,-1.1035,0.9079
26.304,0.2671,1.7064,-0.1219,2.4237,6.8740,4.0000,-0.2706,-1.1035,0.9079
26.307,0.2671,1.7064,-0.1219,2.4237,6.8740,4.0000,-0.2706,-1.1035,0.9079
26.310,0.2751,1.7064,-0.1219,2.4520,6.8740,4.0000,-0.3271,-1.1035,0.9079
26.314,0.4437,1.6818,-0.1219,2.3901,6.7866,4.0000,-0.1815,-0.9288,0.9079
26.318,0.4437,2.2027,-0.1219,2.3901,6.5954,4.0000,-0.1815,-0.4788,0.9079
26.322,0.4437,2.2027,-0.1219,2.3901,6.5954,4.0000,-0.1815,-0.4788,0.9079
26.325,0.4246,2.2027,-0.1219,2.3733,6.5954,4.0000,-0.1775,-0.4788,0.9079
26.329,0.4246,2.2617,-0.1219,2.3733,6.6471,4.0000,-0.1775,-0.4911,0.9079
26.334,0.5995,2.2617,-0.1219,2.3086,6.6471,4.0000,-0.2456,-0.4911,0.9079
26.339,0.5995,2.8023,-0.1219,2.3086,6.4471,4.0000,-0.2456,-0.7014,0.9079
26.343,0.6182,2.8023,-0.1219,2.2855,6.4471,4.0000,-0.2245,-0.7014,0.9079
26.348,0.6182,2.7445,-0.1219,2.2855,6.5185,4.0000,-0.2245,-0.7666,0.9079
26.351,0.6182,2.7445,-0.1219,2.2855,6.5185,4.0000,-0.2245,-0.7666,0.9079
26.356,0.7973,2.7445,-0.1219,2.2230,6.5185,4.0000,-0.3217,-0.7666,0.9079
26.361,0.7861,3.2978,-0.1219,2.2358,6.3253,4.0000,-0.3456,-1.0671,0.9079
26.369,0.7861,3.3322,-0.1219,2.2358,6.2859,4.0000,-0.3456,-0.9933,0.9079
26.373,0.9671,3.3322,-0.1219,2.1783,6.2859,4.0000,-0.3354,-0.9933,0.9079
26.378,0.9695,3.8914,-0.1219,2.1850,6.1083,4.0000,-0.3036,-0.9617,0.9079
26.382,0.9695,3.8840,-0.1219,2.1850,6.0874,4.0000,-0.3036,-1.0601,0.9079
26.386,0.9695,3.8840,-0.1219,2.1850,6.0874,4.0000,-0.3036,-1.0601,0.9079
26.390,0.9695,3.8840,-0.1219,2.1850,6.0874,4.0000,-0.3036,-1.0601,0.9079
26.394,1.1652,3.8840,-0.1219,2.1504,6.0874,4.0000,-0.3363,-1.0601,0.9079
26.399,1.1652,4.3929,-0.1219,2.1504,5.8573,4.0000,-0.3363,-0.9154,0.9079
26.404,1.1652,4.3929,-0.1219,2.1504,5.8573,4.0000,-0.3363,-0.9154,0.9076
26.408,1.1652,4.3929,-0.1219,2.1504,5.8573,4.0000,-0.3363,-0.9154,0.9046
26.412,1.3472,4.3929,-0.1219,2.0866,5.8573,4.0000,-0.3738,-0.9154,0.9015
26.417,1.3472,4.9578,-0.1219,2.0866,5.7340,4.0000,-0.3738,-0.9574,0.8986
26.421,1.3472,4.9578,-0.1219,2.0866,5.7340,4.0000,-0.3738,-0.9574,0.8950
26.425,1.3365,4.9578,-0.1219,2.0822,5.7340,4.0000,-0.3452,-0.9574,0.8923
26.430,1.3365,4.9910,-0.1219,2.0822,5.7475,4.0000,-0.3452,-1.0460,0.8893
26.438,1.5105,4.9910,-0.1219,2.0340,5.7475,4.0000,-0.4470,-1.0460,0.8861
26.444,1.4989,5.5286,-0.1219,2.0252,5.5984,4.0000,-0.4378,-1.3605,0.8782
26.448,1.4989,5.5643,-0.1219,2.0252,5.6255,4.0000,-0.4378,-1.3888,0.8733
26.452,1.4989,5.5643,-0.1219,2.0252,5.6255,4.0000,-0.4378,-1.3888,0.8694
26.456,1.6517,5.5643,-0.1219,1.9820,5.6255,4.0000,-0.4616,-1.3888,0.8659
26.461,1.6560,6.0363,-0.1219,1.9927,5.4918,4.0000,-0.4800,-1.4625,0.8616
26.466,1.6560,6.0227,-0.1219,1.9927,5.4586,4.0000,-0.4800,-1.4059,0.8576
26.474,1.7906,6.0227,-0.1219,1.9543,5.4586,4.0000,-0.5073,-1.4059,0.8525
26.478,1.8057,6.4386,-0.1219,1.9643,5.3400,4.0000,-0.5173,-1.4904,0.8453
26.483,1.8057,6.3918,-0.1219,1.9643,5.3092,4.0000,-0.5173,-1.4596,0.8413
26.487,1.8057,6.3918,-0.1219,1.9643,5.3092,4.0000,-0.5173,-1.4596,0.8373
26.490,1.8057,6.3918,-0.1219,1.9643,5.3092,4.0000,-0.5173,-1.4596,0.8339
26.494,1.9077,6.3918,-0.1219,1.9169,5.3092,4.0000,-0.5402,-1.4596,0.8306
26.499,1.9077,6.8053,-0.1219,1.9169,5.2491,4.0000,-0.5402,-1.5822,0.8270
26.502,1.9077,6.8053,-0.1219,1.9169,5.2491,4.0000,-0.5402,-1.5822,0.8227
26.506,1.9077,6.8053,-0.1219,1.9169,5.2491,4.0000,-0.5402,-1.5822,0.8190
26.510,1.9463,6.8053,-0.1179,1.9197,5.2491,4.0000,-0.5685,-1.5822,0.8154
26.514,2.0493,6.6859,-0.1141,1.8914,5.2405,4.0000,-0.6192,-1.4949,0.8122
26.518,2.0493,7.0040,-0.1098,1.8914,5.1530,4.0000,-0.6192,-1.6517,0.8082
26.523,2.0493,7.0040,-0.1054,1.8914,5.1530,4.0000,-0.6192,-1.6517,0.8041
26.527,2.0078,7.0040,-0.1006,1.8771,5.1530,4.0000,-0.5961,-1.6517,0.7997
26.531,2.0078,7.1320,-0.0962,1.8771,5.1973,4.0000,-0.5961,-1.7230,0.7955
26.535,2.0964,7.1320,-0.0919,1.8538,5.1973,4.0000,-0.6358,-1.7230,0.7914
26.539,2.0964,7.4057,-0.0879,1.8538,5.1254,4.0000,-0.6358,-1.8456,0.7874
26.543,2.1036,7.4057,-0.0834,1.8705,5.1254,4.0000,-0.6310,-1.8456,0.7830
26.547,2.1036,7.3836,-0.0796,1.8705,5.0737,4.0000,-0.6310,-1.8603,0.7792
26.551,2.1036,7.3836,-0.0752,1.8705,5.0737,4.0000,-0.6310,-1.8603,0.7748
26.555,2.1797,7.3836,-0.0711,1.8523,5.0737,4.0000,-0.6886,-1.8603,0.7708
26.559,2.1845,7.6188,-0.0670,1.8288,5.0173,4.0000,-0.6807,-2.0384,0.7664
26.564,2.1845,7.6040,-0.0625,1.8288,5.0899,4.0000,-0.6807,-2.0630,0.7615
26.567,2.1845,7.6040,-0.0582,1.8288,5.0899,4.0000,-0.6807,-2.0630,0.7568
26.571,2.1845,7.6040,-0.0541,1.8288,5.0899,4.0000,-0.6807,-2.0630,0.7524
26.576,2.2576,7.6040,-0.0500,1.8417,5.0899,4.0000,-1.2805,-2.0630,0.7481
26.586,2.2576,7.8544,-0.0449,1.8417,4.9625,4.0000,-1.2805,-3.7541,0.7379
26.595,2.3154,7.8544,-0.0343,1.8640,4.9625,4.0000,-1.2929,-3.7541,0.7171
26.602,2.3154,8.0035,-0.0255,1.8640,4.8418,4.0000,-1.2929,-4.0213,0.6989
26.605,2.3154,8.0035,-0.0184,1.8640,4.8418,4.0000,-1.2929,-4.0213,0.6842
26.609,2.3293,8.0035,-0.0145,1.8508,4.8418,4.0000,-1.2917,-4.0213,0.6842
26.613,2.3725,7.9605,-0.0105,1.8472,4.8824,4.0000,-1.3377,-4.0250,0.6842
26.619,2.3725,8.0940,-0.0061,1.8472,4.8712,4.0000,-1.3377,-4.1671,0.6842
26.623,2.3725,8.0940,-0.0001,1.8472,4.8712,4.0000,-1.3377,-4.1671,0.6842
26.627,2.3606,8.0940,0.0041,1.8707,4.8712,4.0000,-1.3461,-4.1671,0.6842
26.632,2.3606,8.1309,0.0083,1.8707,4.7986,4.0000,-1.3461,-4.1413,0.6842
26.635,2.3954,8.1309,0.0130,1.8716,4.7986,4.0000,-1.4076,-4.1413,0.6842
26.640,2.3954,8.2385,0.0171,1.8716,4.8013,4.0000,-1.4076,-4.3313,0.6842
26.644,2.4074,8.2385,0.0221,1.8640,4.8013,4.0000,-1.4339,-4.3313,0.6842
26.650,2.4074,8.2016,0.0265,1.8640,4.8247,4.0000,-1.4339,-4.2501,0.6842
26.654,2.4348,8.2016,0.0320,1.8691,4.8247,4.0000,-1.5161,-4.2501,0.6842
26.658,2.4348,8.2863,0.0362,1.8691,4.8403,4.0000,-1.5161,-4.5042,0.6842
26.662,2.4256,8.2863,0.0405,1.8639,4.8403,4.0000,-1.5153,-4.5042,0.6842
26.667,2.4256,8.3146,0.0447,1.8639,4.8563,4.0000,-1.5153,-4.5067,0.6842
26.670,2.4256,8.3146,0.0497,1.8639,4.8563,4.0000,-1.5153,-4.5067,0.6842
26.674,2.4456,8.3146,0.0535,1.8733,4.8563,4.0000,-1.5929,-4.5067,0.6842
26.681,2.4444,8.3763,0.0574,1.8490,4.8854,4.0000,-1.5774,-4.7464,0.6842
26.689,2.4444,8.3800,0.0649,1.8490,4.9605,4.0000,-1.5774,-4.7944,0.6842
26.693,2.4546,8.3800,0.0730,1.8529,4.9605,4.0000,-1.6426,-4.7944,0.6842
26.698,2.4546,8.4286,0.0771,1.8529,5.0339,4.0000,-1.6426,-5.0034,0.6842
26.702,2.4546,8.4286,0.0821,1.8529,5.0339,4.0000,-1.6426,-5.0034,0.6842
26.705,2.4546,8.4286,0.0863,1.8529,5.0339,4.0000,-1.6426,-5.0034,0.6842
26.711,2.4382,8.4286,0.0883,1.8756,5.0339,4.0000,-1.6645,-5.0034,0.6842
26.715,2.4452,8.4791,0.0883,1.8934,4.9638,4.0000,-1.7311,-4.9357,0.6842
26.720,2.4452,8.5006,0.0883,1.8934,5.0188,4.0000,-1.7311,-5.1416,0.6842
26.723,2.4452,8.5006,0.0883,1.8934,5.0188,4.0000,-1.7311,-5.1416,0.6842
26.727,2.4974,8.5006,0.0883,1.8902,5.0188,4.0000,-1.6981,-5.1416,0.6842
26.731,2.4974,8.3395,0.0883,1.8902,5.0286,4.0000,-1.6981,-5.2437,0.6842
26.735,2.4985,8.3395,0.0883,1.9122,5.0286,4.0000,-1.7540,-5.2437,0.6842
26.742,2.4985,8.3431,0.0883,1.9122,5.0966,4.0000,-1.7540,-5.4164,0.6842
26.752,2.4523,8.3431,0.0883,1.9026,5.0966,4.0000,-1.7727,-5.4164,0.6842
26.757,2.4516,8.4858,0.0883,1.9254,5.1261,4.0000,-1.9068,-5.3585,0.6842
26.762,2.4536,8.4836,0.0883,1.9130,5.1964,4.0000,-1.8944,-5.7730,0.6842
26.766,2.4536,8.4774,0.0883,1.9130,5.2345,4.0000,-1.8944,-5.8111,0.6842
26.770,2.4536,8.4774,0.0883,1.9130,5.2345,4.0000,-1.8944,-5.8111,0.6842
26.775,2.4478,8.4774,0.0883,1.9398,5.2345,4.0000,-2.0106,-5.8111,0.6842
26.780,2.4418,8.4595,0.0883,1.9501,5.3171,4.0000,-2.0118,-6.1701,0.6842
26.784,2.4418,8.4779,0.0883,1.9501,5.2852,4.0000,-2.0118,-6.1665,0.6842
26.789,2.4418,8.4779,0.0883,1.9501,5.2852,4.0000,-2.0118,-6.1665,0.6842
26.797,2.4609,8.4779,0.0883,1.9858,5.2852,4.0000,-2.1196,-6.1665,0.6842
26.802,2.4609,8.3573,0.0883,1.9858,5.3610,4.0000,-2.1196,-6.5191,0.6842
26.807,2.4609,8.3573,0.0883,1.9858,5.3610,4.0000,-2.1196,-6.5191,0.6842
26.811,2.4633,8.3573,0.0883,1.9746,5.3610,4.0000,-2.1371,-6.5191,0.6842
26.816,2.4494,8.3499,0.0883,2.0083,5.3954,4.0000,-2.2371,-6.4649,0.6842
26.820,2.4494,8.3069,0.0883,2.0083,5.4994,4.0000,-2.2371,-6.7738,0.6842
26.824,2.4494,8.3069,0.0883,2.0083,5.4994,4.0000,-2.2371,-6.7738,0.6842
26.828,2.4434,8.3069,0.0883,2.0095,5.4994,4.0000,-2.1952,-6.7738,0.6842
26.832,2.4251,8.3253,0.0883,2.0478,5.4957,4.0000,-2.2652,-6.9030,0.6842
26.837,2.4251,8.2687,0.0883,2.0478,5.6139,4.0000,-2.2652,-7.1191,0.6842
26.840,2.4251,8.2687,0.0883,2.0478,5.6139,4.0000,-2.2652,-7.1191,0.6842
26.844,2.4128,8.2687,0.0883,2.0338,5.6139,4.0000,-2.2731,-7.1191,0.6842
26.850,2.4128,8.3069,0.0883,2.0338,5.6570,4.0000,-2.2731,-7.0944,0.6842
26.854,2.3923,8.3069,0.0883,2.0738,5.6570,4.0000,-2.3598,-7.0944,0.6842
26.858,2.3923,8.2438,0.0883,2.0738,5.7805,4.0000,-2.3598,-7.3622,0.6842
26.862,2.3836,8.2438,0.0883,2.0583,5.7805,4.0000,-2.3777,-7.3622,0.6842
26.866,2.3836,8.2708,0.0883,2.0583,5.8285,4.0000,-2.3777,-7.3068,0.6842
26.870,2.3836,8.2708,0.0883,2.0583,5.8285,4.0000,-2.3777,-7.3068,0.6842
26.874,2.3600,8.2708,0.0883,2.1018,5.8285,4.0000,-2.4503,-7.3068,0.6842
26.878,2.3871,8.1981,0.0883,2.1173,5.9629,4.0000,-2.4515,-7.5312,0.6842
26.883,2.3871,8.1144,0.0883,2.1173,5.9150,4.0000,-2.4515,-7.5275,0.6842
26.888,2.3871,8.1144,0.0883,2.1173,5.9150,4.0000,-2.4515,-7.5275,0.6842
26.893,2.3612,8.1144,0.0883,2.1622,5.9150,4.0000,-2.5141,-7.5275,0.6842
26.903,2.3612,8.0319,0.0883,2.1622,6.0661,4.0000,-2.5141,-7.6989,0.6842
26.909,2.3556,8.0319,0.0883,2.1610,6.0661,4.0000,-2.5277,-7.6989,0.6842
26.914,2.3269,8.0491,0.0883,2.2112,6.0698,4.0000,-2.5739,-7.6570,0.6842
26.919,2.3269,7.9602,0.0883,2.2112,6.2249,4.0000,-2.5739,-7.7998,0.6842
26.923,2.3269,7.9602,0.0883,2.2112,6.2249,4.0000,-2.5739,-7.7998,0.6842
26.926,2.3416,7.9602,0.0883,2.2272,6.2249,4.0000,-2.5966,-7.7998,0.6842
26.931,2.3416,7.9147,0.0883,2.2272,6.1757,4.0000,-2.5966,-7.7297,0.6842
26.935,2.3117,7.9147,0.0883,2.2784,6.1757,4.0000,-2.6555,-7.7297,0.6842
26.939,2.3117,7.8223,0.0883,2.2784,6.3341,4.0000,-2.6555,-7.9117,0.6842
26.944,2.2994,7.8223,0.0883,2.2629,6.3341,4.0000,-2.6280,-7.9117,0.6842
26.949,2.2994,7.8605,0.0883,2.2629,6.3821,4.0000,-2.6280,-7.9966,0.6842
26.952,2.2681,7.8605,0.0883,2.3161,6.3821,4.0000,-2.6875,-7.9966,0.6842
26.957,2.2681,7.7640,0.0883,2.3161,6.5464,4.0000,-2.6875,-8.1806,0.6842
26.961,2.2697,7.7640,0.0883,2.3324,6.5464,4.0000,-2.6732,-8.1806,0.6842
26.965,2.2697,7.7591,0.0883,2.3324,6.4959,4.0000,-2.6732,-8.2249,0.6842
26.969,2.2697,7.7591,0.0883,2.3324,6.4959,4.0000,-2.6732,-8.2249,0.6842
26.974,2.2362,7.7591,0.0883,2.3902,6.4959,4.0000,-2.6996,-8.2249,0.6842
26.978,2.2338,7.6553,0.0883,2.4049,6.6745,4.0000,-2.7108,-8.3065,0.6842
26.983,2.2338,7.6627,0.0883,2.4049,6.6290,4.0000,-2.7108,-8.2721,0.6842
26.986,2.2338,7.6627,0.0883,2.4049,6.6290,4.0000,-2.7108,-8.2721,0.6842
26.990,2.2338,7.6627,0.0883,2.4049,6.6290,4.0000,-2.7108,-8.2721,0.6842
26.994,2.1940,7.6627,0.0883,2.4688,6.6290,4.0000,-2.7255,-8.2721,0.6842
26.998,2.1940,7.5744,0.0883,2.4688,6.7944,4.0000,-2.7255,-8.4357,0.6842
27.003,2.1940,7.5744,0.0883,2.4688,6.7944,4.0000,-2.7255,-8.4357,0.6842
27.011,2.1861,7.5744,0.0883,2.4628,6.7944,4.0000,-2.7303,-8.4357,0.6842
27.015,2.1518,7.5990,0.0883,2.5213,6.8129,4.0000,-2.7820,-8.4210,0.6842
27.019,2.1518,7.4933,0.0883,2.5213,6.9934,4.0000,-2.7820,-8.5807,0.6842
27.022,2.1518,7.4933,0.0883,2.5213,6.9934,4.0000,-2.7820,-8.5807,0.6842
27.026,2.1781,7.4933,0.0883,2.5109,6.9934,4.0000,-2.8007,-8.5807,0.6842
27.029,2.1781,7.4120,0.0883,2.5109,7.0254,4.0000,-2.8007,-8.5229,0.6842
27.033,2.1416,7.4120,0.0883,2.5754,7.0254,4.0000,-2.8033,-8.5229,0.6842
27.038,2.1416,7.2993,0.0883,2.5754,7.2246,4.0000,-2.8033,-8.5309,0.6842
27.041,2.1416,7.2993,0.0883,2.5754,7.2246,4.0000,-2.8033,-8.5309,0.6842
27.045,2.1396,7.2993,0.0883,2.5694,7.2246,4.0000,-2.7822,-8.5309,0.6842
27.054,2.1020,7.3054,0.0883,2.6374,7.2430,4.0000,-2.7597,-8.5961,0.6842
27.059,2.0781,7.1892,0.0883,2.6282,7.4531,4.0000,-2.7526,-8.5267,0.6842
27.064,2.0781,7.2630,0.0883,2.6282,7.4814,4.0000,-2.7526,-8.5488,0.6842
27.068,2.0781,7.2630,0.0883,2.6282,7.4814,4.0000,-2.7526,-8.5488,0.6842
27.082,2.0515,7.2630,0.0883,2.7141,7.4814,4.0000,-2.7197,-8.5488,0.6842
27.089,2.0515,7.1069,0.0883,2.7141,7.6580,4.0000,-2.7197,-8.3464,0.6842
27.094,2.0007,7.1069,0.0883,2.7883,7.6580,4.0000,-2.6616,-8.3464,0.6842
27.099,2.0007,7.0214,0.0883,2.7883,7.8899,4.0000,-2.6616,-8.0684,0.6842
27.104,2.0007,7.0214,0.0883,2.7883,7.8899,4.0000,-2.6616,-8.0684,0.6842
27.110,2.0043,7.0214,0.0883,2.7911,7.8899,4.0000,-2.6520,-8.0684,0.6842
27.116,1.9645,7.0103,0.0883,2.8692,7.8813,4.0000,-2.5477,-8.0979,0.6842
27.121,1.9645,6.8872,0.0883,2.8692,8.1227,4.0000,-2.5477,-7.7757,0.6842
27.125,1.9645,6.8872,0.0883,2.8692,8.1227,4.0000,-2.5477,-7.7757,0.6842
27.128,1.9720,6.8872,0.0883,2.8549,8.1227,4.0000,-2.5346,-7.7757,0.6842
27.132,1.9720,6.8638,0.0883,2.8549,8.1670,4.0000,-2.5346,-7.8163,0.6842
27.136,1.9340,6.8638,0.0883,2.9285,8.1670,4.0000,-2.4765,-7.8163,0.6842
27.139,1.9340,6.7462,0.0883,2.9285,8.3944,4.0000,-2.4765,-7.6367,0.6842
27.143,1.9324,6.7462,0.0883,2.9380,8.3944,4.0000,-2.5131,-7.6367,0.6842
27.147,1.9324,6.7511,0.0883,2.9380,8.3649,4.0000,-2.5131,-7.5235,0.6842
27.151,1.9324,6.7511,0.0883,2.9380,8.3649,4.0000,-2.5131,-7.5235,0.6842
27.154,1.8951,6.7511,0.0883,3.0108,8.3649,4.0000,-2.4673,-7.5235,0.6842
27.158,1.9106,6.6359,0.0883,2.9972,8.5897,4.0000,-2.4637,-7.3818,0.6842
27.162,1.9106,6.5879,0.0883,2.9972,8.6315,4.0000,-2.4637,-7.3929,0.6842
27.165,1.9106,6.5879,0.0883,2.9972,8.6315,4.0000,-2.4637,-7.3929,0.6842
27.169,1.9106,6.5879,0.0883,2.9972,8.6315,4.0000,-2.4637,-7.3929,0.6842
27.172,1.9106,6.5879,0.0883,2.9972,8.6315,4.0000,-2.4637,-7.3929,0.6842
27.175,1.8488,6.5879,0.0883,3.0802,8.6315,4.0000,-2.3931,-7.3929,0.6842
27.181,1.8488,6.5521,0.0883,3.0802,8.8239,4.0000,-2.3931,-7.3545,0.6842
27.184,1.8488,6.5521,0.0883,3.0802,8.8239,4.0000,-2.3931,-7.3545,0.6842
27.188,1.8488,6.5521,0.0883,3.0802,8.8239,4.0000,-2.3931,-7.3545,0.6842
27.191,1.8488,6.5521,0.0883,3.0802,8.8239,4.0000,-2.3931,-7.3545,0.6842
27.195,1.8296,6.5521,0.0883,3.1521,8.8239,4.0000,-2.3373,-7.3545,0.6842
27.204,1.8296,6.3844,0.0883,3.1521,9.0707,4.0000,-2.3373,-7.1056,0.6842
27.210,1.8181,6.3844,0.0883,3.1521,9.0707,4.0000,-2.3524,-7.1056,0.6842
27.218,1.7814,6.4201,0.0883,3.2312,9.0707,4.0000,-2.2561,-7.0588,0.6842
27.222,1.7814,6.3068,0.0883,3.2312,9.3151,4.0000,-2.2561,-6.7612,0.6842
27.226,1.7930,6.3068,0.0883,3.2328,9.3151,4.0000,-2.2624,-6.7612,0.6842
27.230,1.7930,6.2711,0.0883,3.2328,9.3102,4.0000,-2.2624,-6.7415,0.6842
27.233,1.7561,6.2711,0.0883,3.3170,9.3102,4.0000,-2.1205,-6.7415,0.6842
27.237,1.7561,6.1574,0.0883,3.3170,9.5703,4.0000,-2.1205,-6.3030,0.6842
27.241,1.7561,6.1574,0.0883,3.3170,9.5703,4.0000,-2.1205,-6.3030,0.6842
27.245,1.7502,6.1574,0.0883,3.3150,9.5703,4.0000,-2.1030,-6.3030,0.6842
27.249,1.7502,6.1758,0.0883,3.3150,9.5764,4.0000,-2.1030,-6.3571,0.6842
27.252,1.7137,6.1758,0.0883,3.4023,9.5764,4.0000,-1.9294,-6.3571,0.6842
27.257,1.7137,6.0631,0.0883,3.4023,9.8461,4.0000,-1.9294,-5.8208,0.6842
27.260,1.7117,6.0631,0.0883,3.4198,9.8461,4.0000,-1.9052,-5.8208,0.6842
27.264,1.7117,6.0693,0.0883,3.4198,9.7920,4.0000,-1.9052,-5.8959,0.6842
27.268,1.7117,6.0693,0.0883,3.4198,9.7920,4.0000,-1.9052,-5.8959,0.6842
27.272,1.6766,6.0693,0.0883,3.5046,9.7920,4.0000,-1.7460,-5.8959,0.6842
27.278,1.6718,5.9608,0.0883,3.4915,10.0542,4.0000,-1.7333,-5.4042,0.6842
27.283,1.6718,5.9755,0.0883,3.4915,10.0948,4.0000,-1.7333,-5.4436,0.6842
27.287,1.6718,5.9755,0.0883,3.4915,10.0948,4.0000,-1.7333,-5.4436,0.6842
27.291,1.6718,5.9755,0.0883,3.4915,10.0948,4.0000,-1.7333,-5.4436,0.6842
27.295,1.6583,5.9755,0.0883,3.5850,10.0948,4.0000,-1.5438,-5.4436,0.6842
27.300,1.6583,5.8032,0.0883,3.5850,10.3567,4.0000,-1.5438,-4.7842,0.6842
27.304,1.6583,5.8032,0.0883,3.5850,10.3567,4.0000,-1.5438,-4.7842,0.6842
27.308,1.6583,5.8032,0.0883,3.5850,10.3567,4.0000,-1.5438,-4.7842,0.6842
27.311,1.6435,5.8032,0.0883,3.5795,10.3567,4.0000,-1.5549,-4.7842,0.6842
27.315,1.6104,5.8488,0.0883,3.6661,10.3739,4.0000,-1.3644,-4.7497,0.6842
27.320,1.6104,5.7464,0.0883,3.6661,10.6417,4.0000,-1.3644,-4.1609,0.6842
27.326,1.6160,5.7464,0.0883,3.6589,10.6417,4.0000,-1.3680,-4.1609,0.6842
27.330,1.6160,5.7291,0.0883,3.6589,10.6638,4.0000,-1.3680,-4.1498,0.6842
27.335,1.5845,5.7291,0.0883,3.7422,10.6638,4.0000,-1.1967,-4.1498,0.6842
27.339,1.5845,5.6318,0.0883,3.7422,10.9210,4.0000,-1.1967,-3.6206,0.6842
27.342,1.5781,5.6318,0.0883,3.7473,10.9210,4.0000,-1.1955,-3.6206,0.6842
27.346,1.5781,5.6515,0.0883,3.7473,10.9050,4.0000,-1.1955,-3.6243,0.6842
27.354,1.5479,5.6515,0.0883,3.8318,10.9050,4.0000,-1.0074,-3.6243,0.6842
27.359,1.5479,5.5581,0.0883,3.8354,11.1659,4.0000,-1.0153,-3.0430,0.6842
27.363,1.5479,5.5581,0.0883,3.8354,11.1549,4.0000,-1.0153,-3.0184,0.6842
27.367,1.5479,5.5581,0.0883,3.8354,11.1549,4.0000,-1.0153,-3.0184,0.6842
27.371,1.5479,5.5581,0.0883,3.8354,11.1549,4.0000,-1.0153,-3.0184,0.6842
27.374,1.5189,5.5581,0.0883,3.9235,11.1549,4.0000,-0.7896,-3.0184,0.6842
27.378,1.5329,5.4687,0.0883,3.9132,11.4272,4.0000,-0.8008,-2.3210,0.6842
27.381,1.5329,5.4256,0.0883,3.9132,11.4592,4.0000,-0.8008,-2.2865,0.6842
27.385,1.5329,5.4256,0.0883,3.9132,11.4592,4.0000,-0.8008,-2.2865,0.6842
27.388,1.5329,5.4256,0.0883,3.9132,11.4592,4.0000,-0.8008,-2.2865,0.6842
27.392,1.5293,5.4256,0.0883,3.9219,11.4592,4.0000,-0.7685,-2.2865,0.6842
27.395,1.5019,5.4367,0.0883,4.0084,11.4321,4.0000,-0.5464,-2.3862,0.6842
27.400,1.5019,5.3521,0.0883,4.0084,11.6995,4.0000,-0.5464,-1.6997,0.6842
27.404,1.5019,5.3521,0.0883,4.0084,11.6995,4.0000,-0.5464,-1.6997,0.6842
27.407,1.5019,5.3521,0.0883,4.0084,11.6995,4.0000,-0.5464,-1.6997,0.6842
27.410,1.4840,5.3521,0.0883,4.0037,11.6995,4.0000,-0.5460,-1.6997,0.6842
27.414,1.4582,5.4075,0.0883,4.0849,11.7143,4.0000,-0.3584,-1.7010,0.6842
27.418,1.4582,5.3279,0.0883,4.0849,11.9652,4.0000,-0.3584,-1.1214,0.6842
27.423,1.4582,5.3279,0.0883,4.0849,11.9652,4.0000,-0.3584,-1.1214,0.6842
27.429,1.4718,5.3279,0.0883,4.0865,11.9652,4.0000,-0.3676,-1.1214,0.6842
27.434,1.4476,5.2860,0.0883,4.1718,11.9603,4.0000,-0.1394,-1.0931,0.6842
27.438,1.4476,5.2113,0.0883,4.1718,12.2241,4.0000,-0.1394,-0.3880,0.6842
27.442,1.4325,5.2113,0.0883,4.1822,12.2241,4.0000,-0.1378,-0.3880,0.6842
27.445,1.4325,5.2580,0.0883,4.1822,12.1921,4.0000,-0.1378,-0.3929,0.6842
27.449,1.4325,5.2580,0.0883,4.1822,12.1921,4.0000,-0.1378,-0.3929,0.6842
27.453,1.4101,5.2580,0.0883,4.2713,12.1921,4.0000,0.1291,-0.3929,0.6842
27.457,1.4101,5.1890,0.0883,4.2713,12.4676,4.0000,0.1291,0.4317,0.6842
27.460,1.4260,5.1890,0.0883,4.2594,12.4676,4.0000,0.1199,0.4317,0.6842
27.466,1.4260,5.1398,0.0883,4.2594,12.5045,4.0000,0.1199,0.4600,0.6842
27.470,1.4260,5.1398,0.0883,4.2594,12.5045,4.0000,0.1199,0.4600,0.6842
27.474,1.4054,5.1398,0.0883,4.3459,12.5045,4.0000,0.3786,0.4600,0.6842
27.478,1.4086,5.0760,0.0883,4.3510,12.7717,4.0000,0.3834,1.2594,0.6842
27.482,1.4086,5.0662,0.0883,4.3510,12.7557,4.0000,0.3834,1.2446,0.6842
27.485,1.4086,5.0662,0.0883,4.3510,12.7557,4.0000,0.3834,1.2446,0.6842
27.488,1.4086,5.0662,0.0883,4.3510,12.7557,4.0000,0.3834,1.2446,0.6842
27.492,1.4002,5.0662,0.0883,4.3610,12.7557,4.0000,0.3559,1.2446,0.6842
27.495,1.3817,5.0920,0.0883,4.4496,12.7249,4.0000,0.6495,1.3295,0.6842
27.500,1.3817,5.0349,0.0883,4.4496,12.9989,4.0000,0.6495,2.2368,0.6842
27.507,1.3817,5.0349,0.0883,4.4496,12.9989,4.0000,0.6495,2.2368,0.6842
27.513,1.3664,5.0349,0.0883,4.5218,12.9989,4.0000,0.9992,2.2368,0.6842
27.517,1.3664,4.9825,0.0883,4.5218,13.3350,4.0000,0.9992,3.1943,0.6842
27.521,1.3664,4.9825,0.0883,4.5218,13.3350,4.0000,0.9992,3.1943,0.6842
27.524,1.3664,4.9825,0.0883,4.5218,13.3350,4.0000,0.9992,3.1943,0.6842
27.529,1.3604,4.9825,0.0883,4.5234,13.3350,4.0000,0.9972,3.1943,0.6842
27.536,1.3461,5.0009,0.0883,4.6114,13.3301,4.0000,1.3319,3.2004,0.6842
27.540,1.3461,4.9569,0.0883,4.6114,13.6020,4.0000,1.3319,4.2346,0.6842
27.544,1.3553,4.9569,0.0883,4.6062,13.6020,4.0000,1.3383,4.2346,0.6842
27.548,1.3553,4.9286,0.0883,4.6062,13.6180,4.0000,1.3383,4.2149,0.6842
27.552,1.3553,4.9286,0.0883,4.6062,13.6180,4.0000,1.3383,4.2149,0.6842
27.555,1.3426,4.9286,0.0883,4.6902,13.6180,4.0000,1.6665,4.2149,0.6842
27.560,1.3402,4.8893,0.0883,4.6898,13.8776,4.0000,1.6784,5.2291,0.6842
27.563,1.3402,4.8967,0.0883,4.6898,13.8789,4.0000,1.6784,5.1922,0.6842
27.567,1.3402,4.8967,0.0883,4.6898,13.8789,4.0000,1.6784,5.1922,0.6842
27.570,1.3402,4.8967,0.0883,4.6898,13.8789,4.0000,1.6784,5.1922,0.6842
27.574,1.3278,4.8967,0.0883,4.7645,13.8789,4.0000,1.9515,5.1922,0.6842
27.578,1.3314,4.8583,0.0883,4.7677,14.1097,4.0000,1.9543,6.0361,0.6842
27.582,1.3314,4.8472,0.0883,4.7677,14.0998,4.0000,1.9543,6.0275,0.6842
27.586,1.3314,4.8472,0.0883,4.7677,14.0998,4.0000,1.9543,6.0275,0.6842
27.590,1.3314,4.8472,0.0883,4.7677,14.0998,4.0000,1.9543,6.0275,0.6842
27.593,1.3270,4.8472,0.0883,4.8349,14.0998,4.0000,2.2018,6.0275,0.6842
27.597,1.3270,4.7896,0.0883,4.8349,14.3319,4.0000,2.2018,6.8782,0.6842
27.601,1.3270,4.7896,0.0883,4.8349,14.3319,4.0000,2.2018,6.8782,0.6842
27.605,1.3270,4.7896,0.0883,4.8349,14.3319,4.0000,2.2018,6.8782,0.6842
27.610,1.3290,4.7896,0.0883,4.8257,14.3319,4.0000,2.2054,6.8782,0.6842
27.613,1.3192,4.7834,0.0883,4.8979,14.3602,4.0000,2.4896,6.8671,0.6842
27.617,1.3192,4.7530,0.0883,4.8979,14.5832,4.0000,2.4896,7.7455,0.6842
27.621,1.3192,4.7530,0.0883,4.8979,14.5832,4.0000,2.4896,7.7455,0.6842
27.625,1.3148,4.7530,0.0883,4.9094,14.5832,4.0000,2.5044,7.7455,0.6842
27.629,1.3148,4.7666,0.0883,4.9094,14.5475,4.0000,2.5044,7.7000,0.6842
27.635,1.3064,4.7666,0.0883,4.9826,14.5475,4.0000,2.8058,7.7000,0.6842
27.643,1.2869,4.7405,0.0883,4.9790,14.7736,4.0000,2.7979,8.6316,0.6842
27.647,1.2869,4.8007,0.0883,4.9790,14.7847,4.0000,2.7979,8.6562,0.6842
27.651,1.2869,4.8007,0.0883,4.9790,14.7847,4.0000,2.7979,8.6562,0.6842
27.658,1.2890,4.8007,0.0883,5.0419,14.7847,4.0000,3.0352,8.6562,0.6842
27.665,1.2890,4.7359,0.0883,5.0419,14.9914,4.0000,3.0352,9.3993,0.6842
27.669,1.2890,4.7359,0.0883,5.0419,14.9914,4.0000,3.0352,9.3993,0.6842
27.672,1.2890,4.7359,0.0883,5.0419,14.9914,4.0000,3.0352,9.3993,0.6842
27.675,1.2857,4.7359,0.0883,5.1080,14.9914,4.0000,3.1826,9.3993,0.6842
27.680,1.2857,4.6767,0.0883,5.1080,15.1241,4.0000,3.1826,9.9383,0.6842
27.683,1.2857,4.6767,0.0883,5.1080,15.1241,4.0000,3.1826,9.9383,0.6842
27.687,1.2857,4.6767,0.0883,5.1080,15.1241,4.0000,3.1826,9.9383,0.6842
27.690,1.2857,4.6767,0.0883,5.1080,15.1241,4.0000,3.1826,9.9383,0.6842
27.693,1.2730,4.6767,0.0883,5.1639,15.1241,4.0000,3.3110,9.9383,0.6842
27.698,1.2730,4.6448,0.0883,5.1639,15.2626,4.0000,3.3110,10.3869,0.6842
27.702,1.2730,4.6448,0.0883,5.1639,15.2626,4.0000,3.3110,10.3869,0.6842
27.705,1.2730,4.6448,0.0883,5.1639,15.2626,4.0000,3.3110,10.3869,0.6842
27.709,1.2730,4.6448,0.0883,5.1476,15.2626,4.0000,3.3209,10.3869,0.6842
27.712,1.2730,4.6448,0.0883,5.1476,15.3130,4.0000,3.3209,10.3561,0.6842
27.716,1.2611,4.6448,0.0883,5.1941,15.3130,4.0000,3.4370,10.3561,0.6842
27.720,1.2611,4.6081,0.0883,5.1941,15.4568,4.0000,3.4370,10.7147,0.6842
27.723,1.2611,4.6081,0.0883,5.1941,15.4568,4.0000,3.4370,10.7147,0.6842
27.727,1.2588,4.6081,0.0883,5.2021,15.4568,4.0000,3.4402,10.7147,0.6842
27.730,1.2588,4.6155,0.0883,5.2021,15.4322,4.0000,3.4402,10.7048,0.6842
27.734,1.2465,4.6155,0.0883,5.2447,15.4322,4.0000,3.5354,10.7048,0.6842
27.738,1.2465,4.5775,0.0883,5.2447,15.5638,4.0000,3.5354,10.9990,0.6925
27.742,1.2421,4.5775,0.0883,5.2447,15.5638,4.0000,3.5290,10.9990,0.7190
27.748,1.2421,4.5910,0.0883,5.2447,15.5638,4.0000,3.5290,11.0187,0.7459
27.756,1.2290,4.5910,0.0883,5.2823,15.5638,4.0000,3.5952,11.0187,0.7811
27.760,1.2334,4.5508,0.0883,5.2736,15.6801,4.0000,3.5892,11.2231,0.8336
27.765,1.2334,4.5372,0.0883,5.2736,15.7071,4.0000,3.5892,11.2416,0.8600
27.768,1.2334,4.5372,0.0883,5.2736,15.7071,4.0000,3.5892,11.2416,0.8892
27.773,1.2130,4.5372,0.0883,5.2795,15.7071,4.0000,3.4004,11.2416,0.9079
27.780,1.2082,4.4740,0.0883,5.2834,15.7254,4.0000,3.4052,10.6582,0.9079
27.784,1.2082,4.4888,0.0883,5.2834,15.7131,4.0000,3.4052,10.6434,0.9079
27.788,1.2082,4.4888,0.0883,5.2834,15.7131,4.0000,3.4052,10.6434,0.9079
27.791,1.2082,4.4888,0.0883,5.2834,15.7131,4.0000,3.4052,10.6434,0.9079
27.795,1.1728,4.4888,0.0883,5.2721,15.7131,4.0000,3.0947,10.6434,0.9079
27.799,1.1728,4.4532,0.0883,5.2721,15.6781,4.0000,3.0947,9.5464,0.9079
27.803,1.1728,4.4532,0.0883,5.2721,15.6781,4.0000,3.0947,9.5464,0.9079
27.813,1.1606,4.4532,0.0883,5.2615,15.6781,4.0000,2.7733,9.5464,0.9079
27.820,1.1606,4.3564,0.0883,5.2615,15.6527,4.0000,2.7733,8.5606,0.9079
27.824,1.1606,4.3564,0.0883,5.2615,15.6527,4.0000,2.7733,8.5606,0.9079
27.828,1.1518,4.3564,0.0883,5.2714,15.6527,4.0000,2.7626,8.5606,0.9079
27.832,1.1518,4.3834,0.0883,5.2714,15.6219,4.0000,2.7626,8.5938,0.9079
27.836,1.1317,4.3834,0.0883,5.2634,15.6219,4.0000,2.4503,8.5938,0.9079
27.840,1.1317,4.3212,0.0883,5.2634,15.5969,4.0000,2.4503,7.6290,0.9079
27.845,1.1344,4.3212,0.0883,5.2622,15.5969,4.0000,2.4591,7.6290,0.9079
27.850,1.1344,4.3126,0.0883,5.2622,15.6006,4.0000,2.4591,7.6020,0.9079
27.858,1.1199,4.3126,0.0883,5.2802,15.6006,4.0000,2.4000,7.6020,0.9079
27.862,1.1107,4.2676,0.0883,5.2814,15.6562,4.0000,2.3944,7.4192,0.9079
27.867,1.1107,4.2959,0.0883,5.2814,15.6525,4.0000,2.3944,7.4365,0.9079
27.870,1.1107,4.2959,0.0883,5.2814,15.6525,4.0000,2.3944,7.4365,0.9079
27.874,1.0919,4.2959,0.0883,5.2604,15.6525,4.0000,1.9489,7.4365,0.9079
27.878,1.0911,4.2377,0.0883,5.2537,15.5879,4.0000,1.9545,6.0600,0.9079
27.882,1.0911,4.2402,0.0883,5.2537,15.6088,4.0000,1.9545,6.0428,0.9079
27.886,1.0911,4.2402,0.0883,5.2537,15.6088,4.0000,1.9545,6.0428,0.9079
27.890,1.0911,4.2402,0.0883,5.2537,15.6088,4.0000,1.9545,6.0428,0.9079
27.893,1.0945,4.2402,0.0883,5.2638,15.6088,4.0000,1.7843,6.0428,0.9079
27.899,1.0945,4.1424,0.0883,5.2638,15.6277,4.0000,1.7843,5.6078,0.9079
27.903,1.0945,4.1424,0.0883,5.2638,15.6277,4.0000,1.7843,5.6078,0.9079
27.907,1.0945,4.1424,0.0883,5.2638,15.6277,4.0000,1.7843,5.6078,0.9079
27.911,1.0945,4.1424,0.0883,5.2566,15.6277,4.0000,1.7863,5.6078,0.9079
27.916,1.0813,4.1424,0.0883,5.2648,15.6499,4.0000,1.6337,5.6016,0.9079
27.920,1.0813,4.1016,0.0883,5.2648,15.6752,4.0000,1.6337,5.1302,0.9079
27.924,1.0813,4.1016,0.0883,5.2648,15.6752,4.0000,1.6337,5.1302,0.9079
27.928,1.0785,4.1016,0.0883,5.2752,15.6752,4.0000,1.6261,5.1302,0.9079
27.932,1.0657,4.1103,0.0883,5.2732,15.6432,4.0000,1.3650,5.1536,0.9079
27.936,1.0657,4.0706,0.0883,5.2732,15.6372,4.0000,1.3650,4.3466,0.9079
27.940,1.0657,4.0706,0.0883,5.2732,15.6372,4.0000,1.3650,4.3466,0.9079
27.944,1.0550,4.0706,0.0883,5.2744,15.6372,4.0000,1.3873,4.3466,0.9079
27.948,1.0550,4.1039,0.0883,5.2744,15.6335,4.0000,1.3873,4.2777,0.9079
27.951,1.0550,4.1039,0.0883,5.2744,15.6335,4.0000,1.3873,4.2777,0.9079
27.956,1.0438,4.1039,0.0883,5.2950,15.6335,4.0000,1.3626,4.2777,0.9079
27.966,1.0530,4.0695,0.0883,5.2810,15.6970,4.0000,1.3463,4.2015,0.9079
27.974,1.0421,4.0412,0.0883,5.2909,15.7400,4.0000,1.2089,4.2520,0.9079
27.979,1.0536,4.0074,0.0883,5.3020,15.7705,4.0000,1.2164,3.8274,0.9079
27.983,1.0536,3.9717,0.0883,5.3020,15.7361,4.0000,1.2164,3.8040,0.9079
27.986,1.0536,3.9717,0.0883,5.3020,15.7361,4.0000,1.2164,3.8040,0.9079
27.991,1.0536,3.9717,0.0883,5.3020,15.7361,4.0000,1.2164,3.8040,0.9079
27.995,1.0543,3.9717,0.0883,5.3035,15.7361,4.0000,1.0761,3.8040,0.9079
27.999,1.0543,3.9049,0.0883,5.3035,15.7947,4.0000,1.0761,3.3925,0.9079
28.002,1.0543,3.9049,0.0883,5.3035,15.7947,4.0000,1.0761,3.3925,0.9079
28.007,1.0543,3.9049,0.0883,5.3035,15.7947,4.0000,1.0761,3.3925,0.9079
28.010,1.0487,3.9049,0.0883,5.3142,15.7947,4.0000,1.0801,3.3925,0.9079
28.015,1.0385,3.9222,0.0883,5.3240,15.7615,4.0000,0.9349,3.3802,0.9079
28.022,1.0385,3.8907,0.0883,5.3240,15.7917,4.0000,0.9349,2.9314,0.9079
28.025,1.0509,3.8907,0.0883,5.3172,15.7917,4.0000,0.9253,2.9314,0.9079
28.029,1.0509,3.8526,0.0883,5.3172,15.8126,4.0000,0.9253,2.9610,0.9079
28.033,1.0409,3.8526,0.0883,5.3272,15.8126,4.0000,0.7775,2.9610,0.9079
28.038,1.0409,3.8216,0.0883,5.3272,15.8434,4.0000,0.7775,2.5042,0.9079
28.042,1.0397,3.8216,0.0883,5.3292,15.8434,4.0000,0.7807,2.5042,0.9079
28.046,1.0397,3.8253,0.0883,5.3292,15.8372,4.0000,0.7807,2.4944,0.9079
28.050,1.0397,3.8253,0.0883,5.3292,15.8372,4.0000,0.7807,2.4944,0.9079
28.054,1.0308,3.8253,0.0883,5.3475,15.8372,4.0000,0.7196,2.4944,0.9079
28.058,1.0308,3.7978,0.0883,5.3475,15.8937,4.0000,0.7196,2.3058,0.9079
28.062,1.0224,3.7978,0.0883,5.3463,15.8937,4.0000,0.7196,2.3058,0.9079
28.066,1.0224,3.8237,0.0883,5.3463,15.8974,4.0000,0.7196,2.3058,0.9079
28.070,1.0224,3.8237,0.0883,5.3463,15.8974,4.0000,0.7196,2.3058,0.9079
28.074,1.0114,3.8237,0.0883,5.3471,15.8974,4.0000,0.4674,2.3058,0.9079
28.083,1.0158,3.7896,0.0883,5.3451,15.8999,4.0000,0.4662,1.5264,0.9079
28.087,1.0158,3.7761,0.0883,5.3451,15.9061,4.0000,0.4662,1.5301,0.9079
28.090,1.0158,3.7761,0.0883,5.3451,15.9061,4.0000,0.4662,1.5301,0.9079
28.095,0.9969,3.7761,0.0883,5.3660,15.9061,4.0000,0.4059,1.5301,0.9079
28.100,0.9969,3.7843,0.0883,5.3660,15.9533,4.0000,0.4059,1.3436,0.9079
28.104,0.9969,3.7843,0.0883,5.3660,15.9533,4.0000,0.4059,1.3436,0.9079
28.112,0.9969,3.7843,0.0883,5.3743,15.9533,4.0000,0.4071,1.3436,0.9079
28.120,0.9877,3.7843,0.0883,5.3848,15.9275,4.0000,0.2605,1.3399,0.9079
28.129,0.9821,3.7558,0.0883,5.3804,15.9599,4.0000,0.2641,0.8870,0.9079
28.137,0.9739,3.7730,0.0883,5.3936,15.9734,4.0000,0.1564,0.8759,0.9079
28.144,0.9806,3.7474,0.0883,5.3841,16.0142,4.0000,0.1604,0.5432,0.9079
28.151,0.9806,3.7265,0.0883,5.3841,16.0437,4.0000,0.1604,0.5309,0.9079
28.158,0.9728,3.7265,0.0883,5.3972,16.0437,4.0000,0.0606,0.5309,0.9079
28.166,0.9692,3.7023,0.0883,5.3996,16.0842,4.0000,0.0558,0.2225,0.9079
28.170,0.9692,3.7134,0.0883,5.3996,16.0768,4.0000,0.0558,0.2373,0.9079
28.174,0.9636,3.7134,0.0883,5.4163,16.0768,4.0000,0.0450,0.2373,0.9079
28.178,0.9624,3.6961,0.0883,5.4147,16.1286,4.0000,0.0422,0.2038,0.9079
28.183,0.9624,3.6998,0.0883,5.4147,16.1335,4.0000,0.0422,0.2124,0.9079
28.190,0.9624,3.6998,0.0883,5.4147,16.1335,4.0000,0.0422,0.2124,0.9079
28.195,0.9551,3.6998,0.0883,5.4305,16.1335,4.0000,0.0262,0.2124,0.9079
28.199,0.9551,3.6894,0.0883,5.4305,16.1749,4.0000,0.0262,0.1728,0.9079
28.203,0.9551,3.6894,0.0883,5.4305,16.1749,4.0000,0.0262,0.1728,0.9079
28.207,0.9551,3.6894,0.0883,5.4305,16.1749,4.0000,0.0262,0.1728,0.9079
28.211,0.9391,3.6894,0.0883,5.4353,16.1749,4.0000,0.0194,0.1728,0.9079
28.215,0.9321,3.7386,0.0883,5.4458,16.1601,4.0000,-0.0771,0.1937,0.9079
28.220,0.9321,3.7169,0.0883,5.4458,16.1926,4.0000,-0.0771,-0.1044,0.9079
28.224,0.9321,3.7169,0.0883,5.4458,16.1926,4.0000,-0.0771,-0.1044,0.9079
28.229,0.9305,3.7169,0.0883,5.4374,16.1926,4.0000,-0.0636,-0.1044,0.9079
28.232,0.9276,3.7218,0.0883,5.4483,16.2184,4.0000,-0.0122,-0.1463,0.9079
28.237,0.9276,3.7127,0.0883,5.4483,16.2521,4.0000,-0.0122,0.0124,0.9079
28.240,0.9276,3.7127,0.0883,5.4483,16.2521,4.0000,-0.0122,0.0124,0.9079
28.245,0.9280,3.7127,0.0883,5.4515,16.2521,4.0000,-0.0162,0.0124,0.9079
28.249,0.9280,3.7114,0.0883,5.4515,16.2423,4.0000,-0.0162,0.0247,0.9079
28.253,0.9211,3.7114,0.0883,5.4601,16.2423,4.0000,-0.1241,0.0247,0.9079
28.258,0.9211,3.6903,0.0883,5.4601,16.2689,4.0000,-0.1241,-0.3086,0.9079
28.262,0.9183,3.6903,0.0883,5.4629,16.2689,4.0000,-0.1241,-0.3086,0.9079
28.270,0.9183,3.6989,0.0883,5.4629,16.2603,4.0000,-0.1241,-0.3086,0.9079
28.275,0.9204,3.6989,0.0883,5.4679,16.2603,4.0000,-0.0453,-0.3086,0.9079
28.280,0.9204,3.6832,0.0883,5.4679,16.2709,4.0000,-0.0453,-0.0678,0.9079
28.285,0.9204,3.6832,0.0883,5.4679,16.2709,4.0000,-0.0453,-0.0678,0.9079
28.292,0.9141,3.6832,0.0883,5.4685,16.2709,4.0000,0.0363,-0.0678,0.9079
28.297,0.9141,3.6956,0.0883,5.4685,16.2776,4.0000,0.0363,0.1819,0.9079
28.302,0.9141,3.6956,0.0883,5.4685,16.2776,4.0000,0.0363,0.1819,0.9079
28.307,0.9141,3.6956,0.0883,5.4685,16.2776,4.0000,0.0363,0.1819,0.9079
28.311,0.9188,3.6956,0.0883,5.4721,16.2776,4.0000,0.0375,0.1819,0.9079
28.314,0.9156,3.6808,0.0883,5.4748,16.2665,4.0000,0.0379,0.1782,0.9079
28.319,0.9156,3.6710,0.0883,5.4748,16.2749,4.0000,0.0379,0.1794,0.9079
28.322,0.9156,3.6710,0.0883,5.4748,16.2749,4.0000,0.0379,0.1794,0.9079
28.326,0.9188,3.6710,0.0883,5.4712,16.2749,4.0000,0.0422,0.1794,0.9079
28.330,0.9188,3.6611,0.0883,5.4712,16.2860,4.0000,0.0422,0.1659,0.9079
28.335,0.9186,3.6611,0.0883,5.4677,16.2860,4.0000,0.1422,0.1659,0.9079
28.339,0.9186,3.6605,0.0883,5.4677,16.2752,4.0000,0.1422,0.4747,0.9079
28.343,0.9246,3.6605,0.0883,5.4761,16.2752,4.0000,0.1338,0.4747,0.9079
28.347,0.9246,3.6420,0.0883,5.4761,16.2494,4.0000,0.1338,0.5005,0.9079
28.351,0.9246,3.6420,0.0883,5.4761,16.2494,4.0000,0.1338,0.5005,0.9079
28.354,0.9242,3.6420,0.0883,5.4719,16.2494,4.0000,0.2185,0.5005,0.9079
28.359,0.9198,3.6407,0.0883,5.4663,16.2364,4.0000,0.2245,0.7622,0.9079
28.364,0.9198,3.6542,0.0883,5.4663,16.2536,4.0000,0.2245,0.7438,0.9079
28.370,0.9198,3.6542,0.0883,5.4663,16.2536,4.0000,0.2245,0.7438,0.9079
28.373,0.9143,3.6542,0.0883,5.4727,16.2536,4.0000,0.1241,0.7438,0.9079
28.377,0.9163,3.6374,0.0883,5.4695,16.2733,4.0000,0.1257,0.4335,0.9079
28.391,0.9163,3.6312,0.0883,5.4695,16.2832,4.0000,0.1257,0.4286,0.9079
28.400,0.9189,3.6312,0.0883,5.4666,16.2832,4.0000,0.2071,0.4286,0.9079
28.409,0.9209,3.6245,0.0883,5.4674,16.2495,4.0000,0.2027,0.6926,0.9079
28.414,0.9184,3.6183,0.0883,5.4666,16.2470,4.0000,0.1901,0.7061,0.9079
28.424,0.9184,3.6105,0.0883,5.4666,16.2446,4.0000,0.1901,0.6669,0.9079
28.430,0.9240,3.6105,0.0883,5.4662,16.2446,4.0000,0.1849,0.6669,0.9079
28.435,0.9223,3.5933,0.0883,5.4635,16.2458,4.0000,0.1925,0.6829,0.9079
28.440,0.9223,3.5880,0.0883,5.4635,16.2375,4.0000,0.1925,0.7064,0.9079
28.444,0.9242,3.5880,0.0883,5.4611,16.2375,4.0000,0.1941,0.7064,0.9079
28.449,0.9242,3.5819,0.0883,5.4611,16.2449,4.0000,0.1941,0.7015,0.9079
28.454,0.9226,3.5819,0.0883,5.4588,16.2449,4.0000,0.1992,0.7015,0.9079
28.460,0.9282,3.5767,0.0883,5.4584,16.2377,4.0000,0.2016,0.7174,0.9079
28.466,0.9282,3.5595,0.0883,5.4584,16.2389,4.0000,0.2016,0.7101,0.9079
28.471,0.9282,3.5595,0.0883,5.4584,16.2389,4.0000,0.2016,0.7101,0.9079
28.476,0.9293,3.5595,0.0883,5.4547,16.2389,4.0000,0.2025,0.7101,0.9079
28.482,0.9293,3.5457,0.0883,5.4547,16.2422,4.0000,0.2025,0.7104,0.9079
28.492,0.9293,3.5457,0.0883,5.4547,16.2422,4.0000,0.2025,0.7104,0.9079
28.501,0.9299,3.5457,0.0883,5.4550,16.2422,4.0000,0.2007,0.7104,0.9079
28.511,0.9474,3.5329,0.0883,5.4574,16.2409,4.0000,0.2050,0.6873,0.9079
28.517,0.9467,3.4788,0.0883,5.4562,16.2335,4.0000,0.2313,0.6738,0.9079
28.524,0.9467,3.4767,0.0883,5.4562,16.2297,4.0000,0.2313,0.7548,0.9079
28.530,1.0001,3.4767,0.0883,5.4566,16.2297,4.0000,0.2392,0.7548,0.9079
28.535,1.0024,3.3118,0.0883,5.4495,16.2285,4.0000,0.3644,0.7302,0.9079
28.539,1.0024,3.3190,0.0883,5.4495,16.2065,4.0000,0.3644,1.1171,0.9079
28.544,1.0048,3.3190,0.0883,5.4511,16.2065,4.0000,0.3708,1.1171,0.9079
28.549,1.0048,3.3116,0.0883,5.4511,16.2015,4.0000,0.3708,1.0974,0.9079
28.554,1.0013,3.3116,0.0883,5.4597,16.2015,4.0000,0.2951,1.0974,0.9079
28.563,1.0109,3.3007,0.0883,5.4573,16.2281,4.0000,0.2891,0.8636,0.9079
28.568,1.0109,3.2712,0.0883,5.4573,16.2355,4.0000,0.2891,0.8820,0.9079
28.576,1.0099,3.2712,0.0883,5.4690,16.2355,4.0000,0.2167,0.8820,0.9079
28.583,1.0099,3.2534,0.0883,5.4690,16.2546,4.0000,0.2167,0.6385,0.9079
28.587,1.0099,3.2534,0.0883,5.4690,16.2546,4.0000,0.2167,0.6385,0.9079
28.590,1.0099,3.2534,0.0883,5.4690,16.2546,4.0000,0.2167,0.6385,0.9079
28.595,1.0281,3.2534,0.0883,5.4752,16.2546,4.0000,0.2195,0.6385,0.9079
28.607,1.0281,3.1942,0.0883,5.4752,16.2637,4.0000,0.2195,0.6939,0.9079
28.616,1.0160,3.1942,0.0883,5.4850,16.2637,4.0000,0.1319,0.6939,0.9079
28.621,1.0160,3.2083,0.0883,5.4850,16.2989,4.0000,0.1319,0.4233,0.9079
28.625,1.0239,3.2083,0.0883,5.4794,16.2989,4.0000,0.1335,0.4233,0.9079
28.628,1.0239,3.1836,0.0883,5.4794,16.3161,4.0000,0.1335,0.4183,0.9079
28.633,1.0271,3.1836,0.0883,5.4824,16.3161,4.0000,0.2255,0.4183,0.9079
28.638,1.0271,3.1933,0.0883,5.4824,16.3253,4.0000,0.2255,0.7027,0.9079
28.642,1.0450,3.1933,0.0883,5.4835,16.3253,4.0000,0.2136,0.7027,0.9079
28.645,1.0450,3.1379,0.0883,5.4835,16.3216,4.0000,0.2136,0.7396,0.9079
28.649,1.0450,3.1379,0.0883,5.4835,16.3216,4.0000,0.2136,0.7396,0.9079
28.656,1.0408,3.1379,0.0883,5.4953,16.3216,4.0000,0.1252,0.7396,0.9079
28.661,1.0321,3.1251,0.0883,5.4953,16.3580,4.0000,0.1327,0.4664,0.9079
28.665,1.0321,3.1521,0.0883,5.4953,16.3580,4.0000,0.1327,0.4430,0.9079
28.668,1.0321,3.1521,0.0883,5.4953,16.3580,4.0000,0.1327,0.4430,0.9079
28.672,1.0321,3.1521,0.0883,5.4953,16.3580,4.0000,0.1327,0.4430,0.9079
28.677,1.0359,3.1521,0.0883,5.5098,16.3580,4.0000,0.1246,0.4430,0.9079
28.681,1.0359,3.1395,0.0883,5.5098,16.3757,4.0000,0.1246,0.5064,0.9079
28.685,1.0359,3.1395,0.0883,5.5098,16.3757,4.0000,0.1246,0.5064,0.9079
28.690,1.0359,3.1395,0.0883,5.5098,16.3757,4.0000,0.1246,0.5064,0.9079
28.694,1.0303,3.1395,0.0883,5.5170,16.3757,4.0000,0.1249,0.5064,0.9079
28.698,1.0303,3.0976,0.0883,5.5170,16.4299,4.0000,0.1249,0.5122,0.9079
28.701,1.0303,3.0976,0.0883,5.5170,16.4299,4.0000,0.1249,0.5122,0.9079
28.705,1.0303,3.0976,0.0883,5.5170,16.4299,4.0000,0.1249,0.5122,0.9079
28.709,1.0264,3.0976,0.0883,5.5150,16.4299,4.0000,0.1324,0.5122,0.9079
28.713,1.0001,3.1100,0.0883,5.5297,16.4360,4.0000,0.1406,0.4888,0.9079
28.719,1.0001,3.0288,0.0883,5.5297,16.4816,4.0000,0.1406,0.5140,0.9079
28.728,0.9949,3.0288,0.0883,5.5329,16.4816,4.0000,0.1386,0.5140,0.9079
28.733,0.9501,3.0448,0.0883,5.5500,16.4717,4.0000,0.1410,0.5202,0.9079
28.737,0.9501,2.9063,0.0883,5.5500,16.5244,4.0000,0.1410,0.5278,0.9079
28.741,0.9501,2.9063,0.0883,5.5500,16.5244,4.0000,0.1410,0.5278,0.9079
28.744,0.9493,2.9063,0.0883,5.5528,16.5244,4.0000,0.1379,0.5278,0.9079
28.748,0.9493,2.9087,0.0883,5.5528,16.5157,4.0000,0.1379,0.5376,0.9079
28.752,0.9493,2.9087,0.0883,5.5528,16.5157,4.0000,0.1379,0.5376,0.9079
28.756,0.8890,2.9087,0.0883,5.5713,16.5157,4.0000,0.1514,0.5376,0.9079
28.760,0.8671,2.7223,0.0883,5.5673,16.5730,4.0000,0.1713,0.5795,0.9079
28.764,0.8671,2.7899,0.0883,5.5673,16.5853,4.0000,0.1713,0.5180,0.9079
28.768,0.8671,2.7899,0.0883,5.5673,16.5853,4.0000,0.1713,0.5180,0.9079
28.772,0.8671,2.7899,0.0883,5.5673,16.5853,4.0000,0.1713,0.5180,0.9079
28.775,0.7838,2.7899,0.0883,5.5839,16.5853,4.0000,0.0920,0.5180,0.9079
28.779,0.7807,2.5328,0.0883,5.5870,16.6365,4.0000,0.0828,0.2729,0.9079
28.783,0.7807,2.5427,0.0883,5.5870,16.6266,4.0000,0.0828,0.3012,0.9079
28.786,0.7807,2.5427,0.0883,5.5870,16.6266,4.0000,0.0828,0.3012,0.9079
28.790,0.7807,2.5427,0.0883,5.5870,16.6266,4.0000,0.0828,0.3012,0.9079
28.793,0.6859,2.5427,0.0883,5.6017,16.6266,4.0000,0.0455,0.3012,0.9079
28.797,0.6859,2.2596,0.0883,5.6017,16.6842,4.0000,0.0455,0.1736,0.9079
28.801,0.6859,2.2596,0.0883,5.6017,16.6842,4.0000,0.0455,0.1736,0.9079
28.804,0.6859,2.2596,0.0883,5.6017,16.6842,4.0000,0.0455,0.1736,0.9079
28.808,0.6859,2.2596,0.0883,5.6017,16.6842,4.0000,0.0455,0.1736,0.9079
28.811,0.6942,2.2596,0.0883,5.6029,16.6842,4.0000,0.0535,0.1736,0.9079
28.815,0.5977,2.2338,0.0883,5.6216,16.6805,4.0000,0.1465,0.1490,0.9079
28.819,0.5977,1.9356,0.0883,5.6216,16.7382,4.0000,0.1465,0.4364,0.9079
28.822,0.5977,1.9356,0.0883,5.6216,16.7382,4.0000,0.1465,0.4364,0.9079
28.826,0.6129,1.9356,0.0883,5.6220,16.7382,4.0000,0.1441,0.4364,0.9079
28.833,0.5034,1.8888,0.0883,5.6378,16.7370,4.0000,0.2274,0.4438,0.9079
28.838,0.5034,1.5507,0.0883,5.6378,16.7858,4.0000,0.2274,0.7012,0.9079
28.845,0.5058,1.5507,0.0883,5.6390,16.7858,4.0000,0.2199,0.7012,0.9079
28.852,0.3827,1.5433,0.0883,5.6484,16.7821,4.0000,0.1862,0.7245,0.9079
28.857,0.3827,1.1629,0.0883,5.6484,16.8113,4.0000,0.1862,0.6206,0.9079
28.862,0.3791,1.1629,0.0883,5.6492,16.8113,4.0000,0.1846,0.6206,0.9079
28.868,0.3791,1.1739,0.0883,5.6492,16.8088,4.0000,0.1846,0.6255,0.9079
28.873,0.2483,1.1739,0.0883,5.6545,16.8088,4.0000,0.1444,0.6255,0.9079
28.884,0.2475,0.7697,0.0883,5.6557,16.8252,4.0000,0.1396,0.5011,0.9079
28.890,0.2475,0.7721,0.0883,5.6557,16.8215,4.0000,0.1396,0.5159,0.9079
28.895,0.1110,0.7721,0.0883,5.6531,16.8215,4.0000,0.1962,0.5159,0.9079
28.902,0.1110,0.3651,0.0883,5.6531,16.8355,4.0000,0.1962,0.6614,0.9079
28.907,0.1110,0.3651,0.0883,5.6531,16.8355,4.0000,0.1962,0.6614,0.9079
28.911,0.1042,0.3651,0.0883,5.6507,16.8355,4.0000,0.1950,0.6614,0.9079
28.917,-0.0444,0.3860,0.0883,5.6466,16.8429,4.0000,0.1356,0.6651,0.9079
28.923,-0.0444,-0.0733,0.0883,5.6466,16.8303,4.0000,0.1356,0.4813,0.9079
28.930,-0.0448,-0.0733,0.0883,5.6482,16.8303,4.0000,0.1352,0.4813,0.9079
28.939,-0.1909,-0.0720,0.0883,5.6347,16.8253,4.0000,0.2602,0.4825,0.9079
28.949,-0.1948,-0.5233,0.0883,5.6355,16.7836,4.0000,0.2633,0.8688,0.9079
28.957,-0.3539,-0.5110,0.0883,5.6181,16.7812,4.0000,0.2766,0.8589,0.9079
28.964,-0.3539,-1.0026,0.0883,5.6193,16.7276,4.0000,0.2726,0.8998,0.9079
28.969,-0.3539,-1.0026,0.0883,5.6193,16.7239,4.0000,0.2726,0.9121,0.9079
28.973,-0.5545,-1.0026,0.0883,5.5913,16.7239,4.0000,0.3963,0.9121,0.9079
28.977,-0.5569,-1.6223,0.0883,5.5865,16.6372,4.0000,0.4046,1.2942,0.9079
28.981,-0.5569,-1.6149,0.0883,5.5865,16.6519,4.0000,0.4046,1.2684,0.9079
28.985,-0.5569,-1.6149,0.0883,5.5865,16.6519,4.0000,0.4046,1.2684,0.9079
28.989,-0.5569,-1.6149,0.0883,5.5865,16.6519,4.0000,0.4046,1.2684,0.9079
28.994,-0.7403,-1.6149,0.0883,5.5571,16.6519,4.0000,0.4209,1.2684,0.9079
28.998,-0.7403,-2.1867,0.0883,5.5571,16.5514,4.0000,0.4209,1.3188,0.9079
29.002,-0.7403,-2.1867,0.0883,5.5571,16.5514,4.0000,0.4209,1.3188,0.9079
29.006,-0.7403,-2.1867,0.0883,5.5571,16.5514,4.0000,0.4209,1.3188,0.9079
29.009,-0.7391,-2.1867,0.0883,5.5607,16.5514,4.0000,0.4130,1.3188,0.9079
29.013,-0.8980,-2.1904,0.0883,5.5159,16.5403,4.0000,0.5110,1.3434,0.9079
29.017,-0.8980,-2.6814,0.0883,5.5159,16.4019,4.0000,0.5110,1.6462,0.9079
29.021,-0.8980,-2.6814,0.0883,5.5159,16.4019,4.0000,0.5110,1.6462,0.9079
29.025,-0.8936,-2.6814,0.0883,5.5163,16.4019,4.0000,0.5177,1.6462,0.9079
29.035,-1.0398,-2.6949,0.0883,5.4718,16.4007,4.0000,0.5075,1.6253,0.9079
29.044,-1.0406,-3.1466,0.0883,5.4671,16.2632,4.0000,0.5087,1.5936,0.9079
29.048,-1.0406,-3.1441,0.0883,5.4671,16.2780,4.0000,0.5087,1.5899,0.9079
29.051,-1.0406,-3.1441,0.0883,5.4671,16.2780,4.0000,0.5087,1.5899,0.9079
29.055,-1.1643,-3.1441,0.0883,5.4068,16.2780,4.0000,0.5904,1.5899,0.9079
29.060,-1.1599,-3.1466,0.0883,5.4115,16.2632,4.0000,0.5880,1.5936,0.9079
29.067,-1.1599,0.0221,0.0883,5.4115,-0.3224,3.7010,0.5880,0.0164,0.9079
29.073,-1.2676,0.0221,0.0883,5.3433,-0.3224,3.3010,0.6753,0.0164,0.9079
29.077,-1.2696,0.0221,0.0883,5.3402,-0.3224,3.1240,0.6757,0.0164,0.9079
29.082,-1.2696,0.0283,0.0883,5.3402,-0.3125,3.0169,0.6757,0.0152,0.9079
29.086,-1.2696,0.0283,0.0883,5.3402,-0.3125,2.8662,0.6757,0.0152,0.9079
29.089,-1.2696,0.0283,0.0883,5.3402,-0.3125,2.7487,0.6757,0.0152,0.9079
29.093,-1.3652,0.0283,0.0883,5.2756,-0.3125,2.6494,0.6624,0.0152,0.9079
29.097,-1.3652,0.0185,0.0883,5.2756,-0.3101,2.5508,0.6624,0.0091,0.9079
29.101,-1.3652,0.0185,0.0883,5.2756,-0.3101,2.4190,0.6624,0.0091,0.9079
29.104,-1.3652,0.0185,0.0883,5.2756,-0.3101,2.3156,0.6624,0.0091,0.9079
29.107,-1.3652,0.0185,0.0883,5.2756,-0.3101,2.2183,0.6624,0.0091,0.9079
29.111,-1.3656,0.0185,0.0883,5.2791,-0.3101,2.1209,0.6552,0.0091,0.9079
29.115,-1.4467,0.0197,0.0883,5.1993,-0.3211,2.0046,0.7235,0.0312,0.9079
29.119,-1.4467,0.0197,0.0883,5.1993,-0.3211,1.8821,0.7235,0.0312,0.9079
29.122,-1.4467,0.0197,0.0883,5.1993,-0.3211,1.7594,0.7235,0.0312,0.9079
29.125,-1.4448,0.0197,0.0883,5.2009,-0.3211,1.6598,0.7235,0.0312,0.9079
29.129,-1.4448,0.0135,0.0883,5.2009,-0.3261,1.5593,0.7235,0.0312,0.9079
29.132,-1.5186,0.0135,0.0883,5.1273,-0.3261,1.4589,0.7002,0.0312,0.9079
29.136,-1.5186,0.0135,0.0883,5.1273,-0.3261,1.3450,0.7002,0.0312,0.9079
29.139,-1.5186,0.0135,0.0883,5.1273,-0.3261,1.2285,0.7002,0.0312,0.9079
29.144,-1.5198,0.0135,0.0883,5.1214,-0.3261,1.1329,0.7066,0.0312,0.9079
29.152,-1.5198,0.0172,0.0883,5.1214,-0.3076,1.0118,0.7066,0.0115,0.9079
29.156,-1.5827,0.0172,0.0883,5.0438,-0.3076,0.7733,0.6795,0.0115,0.9079
29.160,-1.5866,0.0172,0.0883,5.0446,-0.3076,0.6645,0.6823,0.0115,0.9079
29.164,-1.5866,0.0295,0.0883,5.0446,-0.3101,0.5259,0.6823,0.0029,0.9079
29.168,-1.5866,0.0295,0.0883,5.0446,-0.3101,0.4026,0.6823,0.0029,0.9079
29.171,-1.5866,0.0295,0.0883,5.0446,-0.3101,0.2942,0.6823,0.0029,0.9079
29.175,-1.6311,0.0295,0.0883,4.9529,-0.3101,0.1930,0.7254,0.0029,0.9079
29.180,-1.6311,0.0160,0.0883,4.9529,-0.3113,0.0826,0.7254,0.0287,0.9079
29.187,-1.6311,0.0160,0.0883,4.9529,-0.3113,-0.0581,0.7254,0.0287,0.9079
29.192,-1.6694,0.0160,0.0883,4.8642,-0.3113,-0.2852,0.7600,0.0287,0.9079
29.197,-1.6694,0.0098,0.0883,4.8642,-0.3273,-0.3273,0.7600,0.0460,0.9079
29.201,-1.6694,0.0098,0.0883,4.8642,-0.3273,-0.3273,0.7600,0.0460,0.9079
29.204,-1.6694,0.0098,0.0883,4.8642,-0.3273,-0.3273,0.7600,0.0460,0.9079
29.208,-1.6694,0.0098,0.0883,4.8642,-0.3273,-0.3273,0.7600,0.0460,0.9079
29.211,-1.6734,0.0098,0.0883,4.8599,-0.3273,-0.3273,0.7692,0.0460,0.9079
29.214,-1.7045,0.0221,0.0883,4.7606,-0.3138,-0.3138,0.8278,0.0177,0.9079
29.218,-1.7045,0.0221,0.0883,4.7606,-0.3138,-0.3138,0.8278,0.0177,0.9079
29.222,-1.7045,0.0221,0.0883,4.7606,-0.3138,-0.3138,0.8278,0.0177,0.9079
29.225,-1.7053,0.0221,0.0883,4.7614,-0.3138,-0.3138,0.8310,0.0177,0.9079
29.229,-1.7053,0.0246,0.0883,4.7614,-0.3162,-0.3162,0.8310,0.0078,0.9079
29.232,-1.7331,0.0246,0.0883,4.6724,-0.3162,-0.3162,0.8032,0.0078,0.9079
29.237,-1.7331,0.0246,0.0883,4.6724,-0.3162,-0.3162,0.8032,0.0078,0.9079
29.240,-1.7331,0.0246,0.0883,4.6724,-0.3162,-0.3162,0.8032,0.0078,0.9079
29.244,-1.7323,0.0246,0.0883,4.6740,-0.3162,-0.3162,0.7976,0.0078,0.9079
29.249,-1.7323,0.0221,0.0883,4.6740,-0.3211,-0.3211,0.7976,0.0251,0.9079
29.257,-1.7527,0.0221,0.0883,4.5818,-0.3211,-0.3211,0.7807,0.0251,0.9079
29.262,-1.7583,0.0221,0.0883,4.5818,-0.3211,-0.3211,0.7771,0.0251,0.9079
29.266,-1.7583,0.0394,0.0883,4.5818,-0.3211,-0.3211,0.7771,0.0361,0.9079
29.270,-1.7583,0.0394,0.0883,4.5818,-0.3211,-0.3211,0.7771,0.0361,0.9079
29.273,-1.7690,0.0394,0.0883,4.4796,-0.3211,-0.3211,0.8296,0.0361,0.9079
29.277,-1.7682,0.0394,0.0883,4.4784,-0.3211,-0.3211,0.8340,0.0361,0.9079
29.280,-1.7682,0.0369,0.0883,4.4784,-0.3174,-0.3174,0.8340,0.0226,0.9079
29.284,-1.7682,0.0369,0.0883,4.4784,-0.3174,-0.3174,0.8340,0.0226,0.9079
29.288,-1.7682,0.0369,0.0883,4.4784,-0.3174,-0.3174,0.8340,0.0226,0.9079
29.291,-1.7682,0.0369,0.0883,4.4784,-0.3174,-0.3174,0.8340,0.0226,0.9079
29.295,-1.7761,0.0369,0.0883,4.3851,-0.3174,-0.3174,0.8044,0.0226,0.9079
29.300,-1.7761,0.0332,0.0883,4.3851,-0.3125,-0.3125,0.8044,0.0251,0.9079
29.303,-1.7761,0.0332,0.0883,4.3851,-0.3125,-0.3125,0.8044,0.0251,0.9079
29.307,-1.7761,0.0332,0.0883,4.3851,-0.3125,-0.3125,0.8044,0.0251,0.9079
29.311,-1.7757,0.0332,0.0883,4.3859,-0.3125,-0.3125,0.8076,0.0251,0.9079
29.315,-1.7804,0.0320,0.0883,4.2956,-0.3150,-0.3150,0.7665,0.0152,0.9079
29.319,-1.7804,0.0320,0.0883,4.2956,-0.3150,-0.3150,0.7665,0.0152,0.9079
29.323,-1.7804,0.0320,0.0883,4.2956,-0.3150,-0.3150,0.7665,0.0152,0.9079
29.327,-1.7792,0.0320,0.0883,4.2944,-0.3150,-0.3150,0.7681,0.0152,0.9079
29.331,-1.7792,0.0283,0.0883,4.2944,-0.3113,-0.3113,0.7681,0.0103,0.9079
29.339,-1.7796,0.0283,0.0883,4.2052,-0.3113,-0.3113,0.7191,0.0103,0.9079
29.345,-1.7812,0.0283,0.0883,4.2052,-0.3113,-0.3113,0.7159,0.0103,0.9079
29.349,-1.7812,0.0332,0.0883,4.2052,-0.3113,-0.3113,0.7159,0.0201,0.9079
29.352,-1.7812,0.0332,0.0883,4.2052,-0.3113,-0.3113,0.7159,0.0201,0.9079
29.357,-1.7778,0.0332,0.0883,4.1171,-0.3113,-0.3113,0.6609,0.0201,0.9079
29.364,-1.7711,0.0332,0.0883,4.1155,-0.3113,-0.3113,0.6632,0.0201,0.9079
29.368,-1.7711,0.0123,0.0883,4.1155,-0.3064,-0.3064,0.6632,0.0127,0.9079
29.371,-1.7711,0.0123,0.0883,4.1155,-0.3064,-0.3064,0.6632,0.0127,0.9079
29.374,-1.7643,0.0123,0.0883,4.0285,-0.3064,-0.3064,0.6029,0.0127,0.9079
29.378,-1.7623,0.0123,0.0883,4.0333,-0.3064,-0.3064,0.5965,0.0127,0.9079
29.382,-1.7623,0.0062,0.0883,4.0333,-0.3211,-0.3211,0.5965,0.0324,0.9079
29.386,-1.7623,0.0062,0.0883,4.0333,-0.3211,-0.3211,0.5965,0.0324,0.9079
29.389,-1.7623,0.0062,0.0883,4.0333,-0.3211,-0.3211,0.5965,0.0324,0.9079
29.392,-1.7604,0.0062,0.0883,3.9455,-0.3211,-0.3211,0.5297,0.0324,0.9079
29.397,-1.7604,0.0308,0.0883,3.9455,-0.3150,-0.3150,0.5297,0.0374,0.9079
29.400,-1.7604,0.0308,0.0883,3.9455,-0.3150,-0.3150,0.5297,0.0374,0.9079
29.404,-1.7604,0.0308,0.0883,3.9455,-0.3150,-0.3150,0.5297,0.0374,0.9079
29.408,-1.7604,0.0308,0.0883,3.9455,-0.3150,-0.3150,0.5297,0.0374,0.9079
29.412,-1.7592,0.0308,0.0883,3.9503,-0.3150,-0.3150,0.5277,0.0374,0.9079
29.416,-1.7438,0.0271,0.0883,3.8623,-0.3297,-0.3297,0.5099,0.0435,0.9079
29.420,-1.7438,0.0271,0.0883,3.8623,-0.3297,-0.3297,0.5099,0.0435,0.9079
29.423,-1.7438,0.0271,0.0883,3.8623,-0.3297,-0.3297,0.5099,0.0435,0.9079
29.427,-1.7497,0.0271,0.0883,3.8563,-0.3297,-0.3297,0.5235,0.0435,0.9079
29.430,-1.7497,0.0455,0.0883,3.8563,-0.3113,-0.3113,0.5235,0.0017,0.9079
29.434,-1.7317,0.0455,0.0883,3.7700,-0.3113,-0.3113,0.5046,0.0017,0.9079
29.438,-1.7317,0.0455,0.0883,3.7700,-0.3113,-0.3113,0.5046,0.0017,0.9079
29.442,-1.7282,0.0455,0.0883,3.7747,-0.3113,-0.3113,0.4978,0.0017,0.9079
29.445,-1.7282,0.0345,0.0883,3.7747,-0.3261,-0.3261,0.4978,0.0226,0.9079
29.449,-1.7282,0.0345,0.0883,3.7747,-0.3261,-0.3261,0.4978,0.0226,0.9079
29.453,-1.7081,0.0345,0.0883,3.6901,-0.3261,-0.3261,0.4751,0.0226,0.9079
29.459,-1.7081,0.0345,0.0883,3.6829,-0.3261,-0.3261,0.4863,0.0226,0.9079
29.469,-1.7081,0.0345,0.0883,3.6829,-0.3039,-0.3039,0.4863,-0.0119,0.9079
29.475,-1.6867,0.0345,0.0883,3.6026,-0.3039,-0.3039,0.4521,-0.0119,0.9079
29.480,-1.6867,0.0357,0.0883,3.6026,-0.3125,-0.3125,0.4521,0.0103,0.9079
29.485,-1.6867,0.0357,0.0883,3.6026,-0.3125,-0.3125,0.4521,0.0103,0.9079
29.493,-1.6604,0.0357,0.0883,3.5250,-0.3125,-0.3125,0.4177,0.0103,0.9079
29.500,-1.6604,0.0271,0.0883,3.5250,-0.3248,-0.3248,0.4177,0.0312,0.9079
29.503,-1.6604,0.0271,0.0883,3.5250,-0.3248,-0.3248,0.4177,0.0312,0.9079
29.507,-1.6604,0.0271,0.0883,3.5250,-0.3248,-0.3248,0.4177,0.0312,0.9079
29.510,-1.6588,0.0271,0.0883,3.5222,-0.3248,-0.3248,0.4225,0.0312,0.9079
29.514,-1.6353,0.0221,0.0883,3.4424,-0.3162,-0.3162,0.3709,0.0164,0.9079
29.519,-1.6353,0.0221,0.0883,3.4424,-0.3162,-0.3162,0.3709,0.0164,0.9079
29.523,-1.6353,0.0221,0.0883,3.4424,-0.3162,-0.3162,0.3709,0.0164,0.9079
29.526,-1.6361,0.0221,0.0883,3.4408,-0.3162,-0.3162,0.3716,0.0164,0.9079
29.531,-1.6361,0.0246,0.0883,3.4408,-0.3113,-0.3113,0.3716,0.0140,0.9079
29.534,-1.6141,0.0246,0.0883,3.3623,-0.3113,-0.3113,0.2705,0.0140,0.9079
29.538,-1.6141,0.0246,0.0883,3.3623,-0.3113,-0.3113,0.2705,0.0140,0.9079
29.542,-1.6149,0.0246,0.0883,3.3619,-0.3113,-0.3113,0.2657,0.0140,0.9079
29.546,-1.6149,0.0271,0.0883,3.3619,-0.3101,-0.3101,0.2657,0.0287,0.9079
29.550,-1.6149,0.0271,0.0883,3.3619,-0.3101,-0.3101,0.2657,0.0287,0.9079
29.554,-1.5894,0.0271,0.0883,3.2847,-0.3101,-0.3101,0.2035,0.0287,0.9079
29.561,-1.5850,0.0271,0.0883,3.2863,-0.3101,-0.3101,0.1991,0.0287,0.9079
29.570,-1.5850,0.0135,0.0883,3.2863,-0.3150,-0.3150,0.1991,0.0423,0.9079
29.573,-1.5583,0.0135,0.0883,3.2104,-0.3150,-0.3150,0.1384,0.0423,0.9079
29.578,-1.5635,0.0135,0.0883,3.2120,-0.3150,-0.3150,0.1384,0.0423,0.9079
29.582,-1.5635,0.0295,0.0883,3.2120,-0.3199,-0.3199,0.1384,0.0423,0.9079
29.586,-1.5635,0.0295,0.0883,3.2120,-0.3199,-0.3199,0.1384,0.0423,0.9079
29.589,-1.5635,0.0295,0.0883,3.2120,-0.3199,-0.3199,0.1384,0.0423,0.9079
29.593,-1.5370,0.0295,0.0883,3.1372,-0.3199,-0.3199,0.0756,0.0423,0.9079
29.598,-1.5370,0.0320,0.0883,3.1372,-0.3199,-0.3199,0.0756,0.0361,0.9079
29.602,-1.5370,0.0320,0.0883,3.1372,-0.3199,-0.3199,0.0756,0.0361,0.9079
29.608,-1.5370,0.0320,0.0883,3.1333,-0.3199,-0.3199,0.0828,0.0361,0.9079
29.613,-1.5089,0.0320,0.0883,3.0598,-0.3076,-0.3076,0.0193,0.0140,0.9079
29.617,-1.5089,0.0320,0.0883,3.0598,-0.3076,-0.3076,0.0193,0.0140,0.9079
29.621,-1.5089,0.0320,0.0883,3.0598,-0.3076,-0.3076,0.0193,0.0140,0.9079
29.624,-1.5089,0.0320,0.0883,3.0598,-0.3076,-0.3076,0.0193,0.0140,0.9079
29.628,-1.5104,0.0320,0.0883,3.0626,-0.3076,-0.3076,0.0181,0.0140,0.9079
29.632,-1.5104,0.0369,0.0883,3.0626,-0.3162,-0.3162,0.0181,0.0177,0.9079
29.636,-1.4816,0.0369,0.0883,2.9904,-0.3162,-0.3162,-0.0428,0.0177,0.9079
29.644,-1.4812,0.0369,0.0883,2.9928,-0.3162,-0.3162,-0.0484,0.0177,0.9079
29.650,-1.4812,0.0357,0.0883,2.9928,-0.3236,-0.3236,-0.0484,0.0349,0.9079
29.656,-1.4537,0.0357,0.0883,2.9200,-0.3236,-0.3236,-0.1432,0.0349,0.9079
29.660,-1.4525,0.0357,0.0883,2.9200,-0.3236,-0.3236,-0.1436,0.0349,0.9079
29.664,-1.4525,0.0320,0.0883,2.9200,-0.3236,-0.3236,-0.1436,0.0361,0.9079
29.669,-1.4525,0.0320,0.0883,2.9200,-0.3236,-0.3236,-0.1436,0.0361,0.9079
29.677,-1.4236,0.0320,0.0883,2.8495,-0.3236,-0.3236,-0.2307,0.0361,0.9079
29.681,-1.4236,0.0295,0.0883,2.8495,-0.3273,-0.3273,-0.2307,0.0238,0.9079
29.685,-1.4236,0.0295,0.0883,2.8495,-0.3273,-0.3273,-0.2307,0.0238,0.9079
29.689,-1.4236,0.0295,0.0883,2.8495,-0.3273,-0.3273,-0.2307,0.0238,0.9079
29.692,-1.3948,0.0295,0.0883,2.7743,-0.3273,-0.3273,-0.3158,0.0238,0.9079
29.696,-1.3948,0.0295,0.0883,2.7743,-0.3125,-0.3125,-0.3158,0.0226,0.9079
29.700,-1.3948,0.0295,0.0883,2.7743,-0.3125,-0.3125,-0.3158,0.0226,0.9079
29.704,-1.3948,0.0295,0.0883,2.7743,-0.3125,-0.3125,-0.3158,0.0226,0.9079
29.708,-1.3948,0.0295,0.0883,2.7743,-0.3125,-0.3125,-0.3158,0.0226,0.9079
29.711,-1.3975,0.0295,0.0883,2.7743,-0.3125,-0.3125,-0.3102,0.0226,0.9079
29.716,-1.3679,0.0381,0.0883,2.7055,-0.3125,-0.3125,-0.3863,0.0054,0.9079
29.720,-1.3679,0.0381,0.0883,2.7055,-0.3125,-0.3125,-0.3863,0.0054,0.9079
29.724,-1.3679,0.0381,0.0883,2.7055,-0.3125,-0.3125,-0.3863,0.0054,0.9079
29.727,-1.3635,0.0381,0.0883,2.7047,-0.3125,-0.3125,-0.3946,0.0054,0.9079
29.733,-1.3334,0.0246,0.0883,2.6374,-0.3101,-0.3101,-0.4632,0.0312,0.9079
29.737,-1.3334,0.0246,0.0883,2.6374,-0.3101,-0.3101,-0.4632,0.0312,0.9079
29.740,-1.3334,0.0246,0.0883,2.6374,-0.3101,-0.3101,-0.4632,0.0312,0.9079
29.744,-1.3322,0.0246,0.0883,2.6426,-0.3101,-0.3101,-0.4620,0.0312,0.9079
29.748,-1.3322,0.0209,0.0883,2.6426,-0.3261,-0.3261,-0.4620,0.0275,0.9079
29.751,-1.3322,0.0209,0.0883,2.6426,-0.3261,-0.3261,-0.4620,0.0275,0.9079
29.755,-1.3016,0.0209,0.0883,2.5766,-0.3261,-0.3261,-0.5240,0.0275,0.9079
29.760,-1.3020,0.0209,0.0883,2.5758,-0.3261,-0.3261,-0.5276,0.0275,0.9079
29.765,-1.3020,0.0221,0.0883,2.5758,-0.3236,-0.3236,-0.5276,0.0386,0.9079
29.768,-1.3020,0.0221,0.0883,2.5758,-0.3236,-0.3236,-0.5276,0.0386,0.9079
29.773,-1.2708,0.0221,0.0883,2.5118,-0.3236,-0.3236,-0.5754,0.0386,0.9079
29.777,-1.2747,0.0221,0.0883,2.5051,-0.3236,-0.3236,-0.5662,0.0386,0.9079
29.785,-1.2747,0.0345,0.0883,2.5051,-0.3027,-0.3027,-0.5662,0.0103,0.9079
29.790,-1.2747,0.0345,0.0883,2.5051,-0.3027,-0.3027,-0.5662,0.0103,0.9079
29.805,-1.2421,0.0345,0.0883,2.4452,-0.3027,-0.3027,-0.6151,0.0103,0.9079
29.819,-1.2118,0.0308,0.0883,2.3827,-0.3113,-0.3113,-0.6440,0.0337,0.9079
29.825,-1.2126,0.0345,0.0883,2.3847,-0.3076,-0.3076,-0.6488,0.0140,0.9079
29.831,-1.2126,0.0369,0.0883,2.3847,-0.3138,-0.3138,-0.6488,0.0287,0.9079
29.836,-1.1812,0.0369,0.0883,2.3246,-0.3138,-0.3138,-0.6781,0.0287,0.9079
29.840,-1.1812,0.0369,0.0883,2.3246,-0.3138,-0.3138,-0.6781,0.0287,0.9079
29.844,-1.1776,0.0369,0.0883,2.3258,-0.3138,-0.3138,-0.6749,0.0287,0.9079
29.847,-1.1776,0.0258,0.0883,2.3258,-0.3174,-0.3174,-0.6749,0.0189,0.9079
29.851,-1.1776,0.0258,0.0883,2.3258,-0.3174,-0.3174,-0.6749,0.0189,0.9079
29.855,-1.1463,0.0258,0.0883,2.2668,-0.3174,-0.3174,-0.6992,0.0189,0.9079
29.859,-1.1479,0.0258,0.0883,2.2700,-0.3174,-0.3174,-0.7012,0.0189,0.9079
29.863,-1.1479,0.0308,0.0883,2.2700,-0.3273,-0.3273,-0.7012,0.0251,0.9071
29.868,-1.1479,0.0308,0.0883,2.2700,-0.3273,-0.3273,-0.7012,0.0251,0.9065
29.871,-1.1479,0.0308,0.0883,2.2700,-0.3273,-0.3273,-0.7012,0.0251,0.9058
29.874,-1.1172,0.0308,0.0883,2.2111,-0.3273,-0.3273,-0.7336,0.0251,0.9052
29.880,-1.1180,0.0308,0.0883,2.2080,-0.3273,-0.3273,-0.7324,0.0251,0.9047
29.888,-1.1180,0.0332,0.0883,2.2080,-0.3174,-0.3174,-0.7324,0.0214,0.9038
29.892,-1.1180,0.0332,0.0883,2.2080,-0.3174,-0.3174,-0.7324,0.0214,0.9026
29.895,-1.0868,0.0332,0.0883,2.1471,-0.3174,-0.3174,-0.7598,0.0214,0.9019
29.900,-1.0868,0.0308,0.0883,2.1471,-0.3076,-0.3076,-0.7598,0.0214,0.9014
29.903,-1.0868,0.0308,0.0883,2.1471,-0.3076,-0.3076,-0.7598,0.0214,0.9007
29.906,-1.0868,0.0308,0.0883,2.1471,-0.3076,-0.3076,-0.7598,0.0214,0.9002
29.910,-1.0916,0.0308,0.0883,2.1487,-0.3076,-0.3076,-0.7594,0.0214,0.8997
29.915,-1.0614,0.0455,0.0883,2.0924,-0.3125,-0.3125,-0.7788,0.0201,0.8991
29.919,-1.0614,0.0455,0.0883,2.0924,-0.3125,-0.3125,-0.7788,0.0201,0.8984
29.923,-1.0614,0.0455,0.0883,2.0924,-0.3125,-0.3125,-0.7788,0.0201,0.8977
29.927,-1.0562,0.0455,0.0883,2.0912,-0.3125,-0.3125,-0.7788,0.0201,0.8972
29.930,-1.0562,0.0295,0.0883,2.0912,-0.3088,-0.3088,-0.7788,0.0201,0.8966
29.935,-1.0267,0.0295,0.0883,2.0352,-0.3088,-0.3088,-0.8042,0.0201,0.8960
29.938,-1.0267,0.0295,0.0883,2.0352,-0.3088,-0.3088,-0.8042,0.0201,0.8954
29.942,-1.0259,0.0295,0.0883,2.0364,-0.3088,-0.3088,-0.8082,0.0201,0.8948
29.951,-1.0259,0.0271,0.0883,2.0364,-0.3125,-0.3125,-0.8082,0.0324,0.8943
29.956,-0.9966,0.0271,0.0883,1.9816,-0.3125,-0.3125,-0.8274,0.0324,0.8930
29.961,-0.9994,0.0271,0.0883,1.9852,-0.3125,-0.3125,-0.8219,0.0324,0.8923
29.966,-0.9994,0.0357,0.0883,1.9852,-0.3236,-0.3236,-0.8219,0.0152,0.8916
29.969,-0.9994,0.0357,0.0883,1.9852,-0.3236,-0.3236,-0.8219,0.0152,0.8909
29.972,-0.9701,0.0357,0.0883,1.9324,-0.3236,-0.3236,-0.8216,0.0152,0.8905
29.977,-0.9697,0.0357,0.0883,1.9292,-0.3236,-0.3236,-0.8240,0.0152,0.8900
29.981,-0.9697,0.0345,0.0883,1.9292,-0.3138,-0.3138,-0.8240,0.0226,0.8894
29.986,-0.9697,0.0345,0.0883,1.9292,-0.3138,-0.3138,-0.8240,0.0226,0.8889
29.994,-0.9442,0.0345,0.0883,1.8779,-0.3138,-0.3138,-0.8142,0.0226,0.8882
30.000,-0.9442,0.0455,0.0883,1.8779,-0.3138,-0.3138,-0.8142,0.0226,0.8871
30.003,-0.9442,0.0455,0.0883,1.8779,-0.3138,-0.3138,-0.8142,0.0226,0.8863
30.007,-0.9442,0.0455,0.0883,1.8779,-0.3138,-0.3138,-0.8142,0.0226,0.8858
30.011,-0.9414,0.0455,0.0883,1.8759,-0.3138,-0.3138,-0.8046,0.0226,0.8853
30.016,-0.9127,0.0369,0.0883,1.8256,-0.3076,-0.3076,-0.7877,-0.0069,0.8849
30.020,-0.9127,0.0369,0.0883,1.8256,-0.3076,-0.3076,-0.7877,-0.0069,0.8842
30.025,-0.9155,0.0369,0.0883,1.8256,-0.3076,-0.3076,-0.7949,-0.0069,0.8836
30.030,-0.9155,0.0455,0.0883,1.8256,-0.3076,-0.3076,-0.7949,0.0152,0.8830
30.034,-0.8886,0.0455,0.0883,1.7743,-0.3076,-0.3076,-0.8111,0.0152,0.8824
30.040,-0.8886,0.0455,0.0883,1.7743,-0.3076,-0.3076,-0.8111,0.0152,0.8819
30.043,-0.8810,0.0455,0.0883,1.7755,-0.3076,-0.3076,-0.8183,0.0152,0.8812
30.048,-0.8810,0.0221,0.0883,1.7755,-0.3113,-0.3113,-0.8183,0.0374,0.8807
30.052,-0.8810,0.0221,0.0883,1.7755,-0.3113,-0.3113,-0.8183,0.0374,0.8801
30.057,-0.8546,0.0221,0.0883,1.7255,-0.3113,-0.3113,-0.8297,0.0374,0.8796
30.062,-0.8557,0.0221,0.0883,1.7271,-0.3113,-0.3113,-0.8257,0.0374,0.8791
30.066,-0.8557,0.0258,0.0883,1.7271,-0.3162,-0.3162,-0.8257,0.0251,0.8785
30.071,-0.8557,0.0258,0.0883,1.7271,-0.3162,-0.3162,-0.8257,0.0251,0.8780
30.074,-0.8302,0.0258,0.0883,1.6777,-0.3162,-0.3162,-0.8485,0.0251,0.8774
30.079,-0.8298,0.0258,0.0883,1.6781,-0.3162,-0.3162,-0.8461,0.0251,0.8770
30.083,-0.8298,0.0246,0.0883,1.6781,-0.3174,-0.3174,-0.8461,0.0177,0.8764
30.088,-0.8298,0.0246,0.0883,1.6781,-0.3174,-0.3174,-0.8461,0.0177,0.8759
30.093,-0.8146,0.0246,0.0883,1.6290,-0.3174,-0.3174,-0.8557,0.0177,0.8754
30.105,-0.8146,0.0554,0.0883,1.6290,-0.3125,-0.3125,-0.8557,0.0029,0.8748
30.112,-0.7794,0.0554,0.0883,1.5826,-0.3125,-0.3125,-0.9022,0.0029,0.8735
30.120,-0.7794,0.0197,0.0883,1.5826,-0.3162,-0.3162,-0.9022,0.0214,0.8726
30.124,-0.7794,0.0197,0.0883,1.5826,-0.3162,-0.3162,-0.9022,0.0214,0.8718
30.129,-0.7814,0.0197,0.0883,1.5858,-0.3162,-0.3162,-0.9046,0.0214,0.8713
30.135,-0.7580,0.0258,0.0883,1.5401,-0.3261,-0.3261,-0.9373,0.0287,0.8708
30.139,-0.7580,0.0258,0.0883,1.5401,-0.3261,-0.3261,-0.9373,0.0287,0.8702
30.144,-0.7592,0.0258,0.0883,1.5373,-0.3261,-0.3261,-0.9333,0.0287,0.8697
30.148,-0.7592,0.0295,0.0883,1.5373,-0.3174,-0.3174,-0.9333,0.0164,0.8692
30.152,-0.7370,0.0295,0.0878,1.4920,-0.3174,-0.3174,-0.9839,0.0164,0.8688
30.157,-0.7370,0.0295,0.0868,1.4920,-0.3174,-0.3174,-0.9839,0.0164,0.8683
30.161,-0.7390,0.0295,0.0857,1.4932,-0.3174,-0.3174,-0.9827,0.0164,0.8679
30.167,-0.7390,0.0357,0.0847,1.4932,-0.3211,-0.3211,-0.9827,0.0127,0.8674
30.170,-0.7390,0.0357,0.0835,1.4932,-0.3211,-0.3211,-0.9827,0.0127,0.8669
30.175,-0.7170,0.0357,0.0826,1.4499,-0.3211,-0.3211,-1.0220,0.0127,0.8665
30.180,-0.7134,0.0357,0.0816,1.4471,-0.3211,-0.3211,-1.0248,0.0127,0.8660
30.185,-0.7134,0.0246,0.0803,1.4471,-0.3125,-0.3125,-1.0248,0.0214,0.8655
30.189,-0.7134,0.0246,0.0793,1.4471,-0.3125,-0.3125,-1.0248,0.0214,0.8650
30.193,-0.6911,0.0246,0.0784,1.4093,-0.3125,-0.3125,-1.0562,0.0214,0.8647
30.200,-0.6911,0.0234,0.0775,1.4093,-0.3224,-0.3224,-1.0562,0.0398,0.8643
30.209,-0.6931,0.0234,0.0759,1.4065,-0.3224,-0.3224,-1.0482,0.0398,0.8636
30.214,-0.6714,0.0295,0.0739,1.3675,-0.3138,-0.3138,-1.0609,0.0152,0.8627
30.219,-0.6714,0.0295,0.0728,1.3675,-0.3138,-0.3138,-1.0609,0.0152,0.8622
30.224,-0.6714,0.0295,0.0718,1.3675,-0.3138,-0.3138,-1.0609,0.0152,0.8618
30.227,-0.6750,0.0295,0.0708,1.3651,-0.3138,-0.3138,-1.0633,0.0152,0.8613
30.232,-0.6534,0.0406,0.0700,1.3282,-0.3064,-0.3064,-1.0632,0.0226,0.8610
30.237,-0.6534,0.0406,0.0690,1.3282,-0.3064,-0.3064,-1.0632,0.0226,0.8605
30.241,-0.6534,0.0406,0.0681,1.3282,-0.3064,-0.3064,-1.0632,0.0226,0.8601
30.245,-0.6503,0.0406,0.0672,1.3326,-0.3064,-0.3064,-1.0636,0.0226,0.8597
30.256,-0.6289,0.0308,0.0663,1.2977,-0.3199,-0.3199,-1.0509,0.0238,0.8594
30.262,-0.6313,0.0308,0.0641,1.2969,-0.3199,-0.3199,-1.0533,0.0238,0.8584
30.267,-0.6313,0.0381,0.0630,1.2969,-0.3174,-0.3174,-1.0533,0.0312,0.8579
30.271,-0.6313,0.0381,0.0620,1.2969,-0.3174,-0.3174,-1.0533,0.0312,0.8574
30.275,-0.6103,0.0381,0.0612,1.2589,-0.3174,-0.3174,-1.0509,0.0312,0.8571
30.281,-0.6103,0.0357,0.0603,1.2589,-0.3076,-0.3076,-1.0509,0.0091,0.8567
30.285,-0.6103,0.0357,0.0592,1.2589,-0.3076,-0.3076,-1.0509,0.0091,0.8562
30.289,-0.6103,0.0357,0.0585,1.2589,-0.3076,-0.3076,-1.0509,0.0091,0.8559
30.293,-0.5895,0.0357,0.0576,1.2297,-0.3076,-0.3076,-1.0506,0.0091,0.8555
30.299,-0.5895,0.0332,0.0569,1.2297,-0.3187,-0.3187,-1.0506,0.0275,0.8552
30.303,-0.5895,0.0332,0.0558,1.2297,-0.3187,-0.3187,-1.0506,0.0275,0.8547
30.309,-0.5871,0.0332,0.0551,1.2305,-0.3187,-0.3187,-1.0514,0.0275,0.8544
30.317,-0.5673,0.0258,0.0540,1.2000,-0.3211,-0.3211,-1.0318,0.0300,0.8539
30.322,-0.5673,0.0258,0.0524,1.2000,-0.3211,-0.3211,-1.0318,0.0300,0.8532
30.327,-0.5681,0.0258,0.0515,1.1976,-0.3211,-0.3211,-1.0314,0.0300,0.8529
30.331,-0.5681,0.0283,0.0507,1.1976,-0.3138,-0.3138,-1.0314,0.0287,0.8525
30.336,-0.5498,0.0283,0.0500,1.1662,-0.3138,-0.3138,-1.0422,0.0287,0.8522
30.340,-0.5498,0.0283,0.0491,1.1662,-0.3138,-0.3138,-1.0422,0.0287,0.8518
30.344,-0.5494,0.0283,0.0484,1.1666,-0.3138,-0.3138,-1.0402,0.0287,0.8515
30.348,-0.5494,0.0271,0.0477,1.1666,-0.3150,-0.3150,-1.0402,0.0226,0.8512
30.352,-0.5313,0.0271,0.0469,1.1372,-0.3150,-0.3150,-1.0411,0.0226,0.8508
30.357,-0.5313,0.0271,0.0462,1.1372,-0.3150,-0.3150,-1.0411,0.0226,0.8505
30.364,-0.5357,0.0271,0.0454,1.1396,-0.3150,-0.3150,-1.0384,0.0226,0.8501
30.369,-0.5357,0.0406,0.0443,1.1396,-0.3224,-0.3224,-1.0384,0.0140,0.8497
30.373,-0.5179,0.0406,0.0434,1.1119,-0.3224,-0.3224,-1.0341,0.0140,0.8493
30.378,-0.5144,0.0406,0.0427,1.1087,-0.3224,-0.3224,-1.0349,0.0140,0.8490
30.382,-0.5144,0.0295,0.0419,1.1087,-0.3125,-0.3125,-1.0349,0.0164,0.8486
30.386,-0.5144,0.0295,0.0412,1.1087,-0.3125,-0.3125,-1.0349,0.0164,0.8483
30.390,-0.5144,0.0295,0.0405,1.1087,-0.3125,-0.3125,-1.0349,0.0164,0.8480
30.394,-0.4966,0.0295,0.0399,1.0842,-0.3125,-0.3125,-1.0244,0.0164,0.8477
30.400,-0.4966,0.0295,0.0392,1.0842,-0.3162,-0.3162,-1.0244,0.0374,0.8474
30.410,-0.4982,0.0295,0.0383,1.0838,-0.3162,-0.3162,-1.0208,0.0374,0.8470
30.420,-0.4805,0.0345,0.0366,1.0603,-0.3150,-0.3150,-0.9891,0.0263,0.8463
30.425,-0.4789,0.0345,0.0351,1.0579,-0.3150,-0.3150,-0.9855,0.0263,0.8456
30.429,-0.4789,0.0295,0.0343,1.0579,-0.3076,-0.3076,-0.9855,0.0152,0.8453
30.434,-0.4621,0.0295,0.0338,1.0346,-0.3076,-0.3076,-0.9652,0.0152,0.8450
30.438,-0.4621,0.0295,0.0330,1.0346,-0.3076,-0.3076,-0.9652,0.0152,0.8447
30.442,-0.4589,0.0295,0.0323,1.0397,-0.3076,-0.3076,-0.9735,0.0152,0.8444
30.447,-0.4589,0.0197,0.0317,1.0397,-0.3236,-0.3236,-0.9735,0.0410,0.8441
30.451,-0.4589,0.0197,0.0311,1.0397,-0.3236,-0.3236,-0.9735,0.0410,0.8439
30.455,-0.4421,0.0197,0.0304,1.0184,-0.3236,-0.3236,-0.9421,0.0410,0.8436
30.460,-0.4457,0.0197,0.0299,1.0176,-0.3236,-0.3236,-0.9361,0.0410,0.8433
30.465,-0.4457,0.0308,0.0291,1.0176,-0.3211,-0.3211,-0.9361,0.0226,0.8430
30.469,-0.4457,0.0308,0.0284,1.0176,-0.3211,-0.3211,-0.9361,0.0226,0.8427
30.473,-0.4301,0.0308,0.0279,0.9959,-0.3211,-0.3211,-0.9236,0.0226,0.8424
30.477,-0.4325,0.0308,0.0273,0.9931,-0.3211,-0.3211,-0.9204,0.0226,0.8422
30.482,-0.4325,0.0381,0.0267,0.9931,-0.3125,-0.3125,-0.9204,0.0127,0.8419
30.486,-0.4325,0.0381,0.0260,0.9931,-0.3125,-0.3125,-0.9204,0.0127,0.8416
30.490,-0.4325,0.0381,0.0254,0.9931,-0.3125,-0.3125,-0.9204,0.0127,0.8414
30.493,-0.4122,0.0381,0.0249,0.9733,-0.3125,-0.3125,-0.8944,0.0127,0.8411
30.498,-0.4122,0.0234,0.0244,0.9733,-0.3113,-0.3113,-0.8944,0.0066,0.8409
30.502,-0.4122,0.0234,0.0237,0.9733,-0.3113,-0.3113,-0.8944,0.0066,0.8406
30.506,-0.4122,0.0234,0.0233,0.9733,-0.3113,-0.3113,-0.8944,0.0066,0.8404
30.510,-0.4154,0.0234,0.0227,0.9737,-0.3113,-0.3113,-0.9015,0.0066,0.8401
30.514,-0.4022,0.0332,0.0222,0.9517,-0.3125,-0.3125,-0.9230,0.0287,0.8399
30.519,-0.4022,0.0332,0.0216,0.9517,-0.3125,-0.3125,-0.9230,0.0287,0.8397
30.524,-0.4022,0.0332,0.0210,0.9517,-0.3125,-0.3125,-0.9230,0.0287,0.8394
30.533,-0.3918,0.0332,0.0204,0.9301,-0.3125,-0.3125,-0.9518,0.0287,0.8391
30.538,-0.3918,0.0394,0.0192,0.9301,-0.3125,-0.3125,-0.9518,0.0238,0.8386
30.542,-0.3914,0.0394,0.0185,0.9321,-0.3125,-0.3125,-0.9474,0.0238,0.8383
30.547,-0.3914,0.0381,0.0180,0.9321,-0.3187,-0.3187,-0.9474,0.0103,0.8381
30.551,-0.3914,0.0381,0.0174,0.9321,-0.3187,-0.3187,-0.9474,0.0103,0.8378
30.561,-0.3763,0.0381,0.0169,0.9135,-0.3187,-0.3187,-0.9675,0.0103,0.8376
30.568,-0.3763,0.0308,0.0156,0.9135,-0.3199,-0.3199,-0.9675,0.0238,0.8370
30.573,-0.3643,0.0308,0.0147,0.8952,-0.3199,-0.3199,-0.9875,0.0238,0.8366
30.578,-0.3635,0.0308,0.0142,0.8948,-0.3199,-0.3199,-0.9844,0.0238,0.8364
30.582,-0.3635,0.0283,0.0136,0.8948,-0.3187,-0.3187,-0.9844,0.0140,0.8361
30.587,-0.3635,0.0283,0.0131,0.8948,-0.3187,-0.3187,-0.9844,0.0140,0.8359
30.590,-0.3635,0.0283,0.0125,0.8948,-0.3187,-0.3187,-0.9844,0.0140,0.8357
30.595,-0.3555,0.0283,0.0120,0.8749,-0.3187,-0.3187,-0.9882,0.0140,0.8355
30.600,-0.3555,0.0418,0.0115,0.8749,-0.3064,-0.3064,-0.9882,0.0115,0.8352
30.605,-0.3555,0.0418,0.0109,0.8749,-0.3064,-0.3064,-0.9882,0.0115,0.8350
30.609,-0.3539,0.0418,0.0104,0.8757,-0.3064,-0.3064,-0.9902,0.0115,0.8347
30.613,-0.3411,0.0369,0.0099,0.8624,-0.3088,-0.3088,-0.9764,0.0177,0.8345
30.618,-0.3411,0.0369,0.0095,0.8624,-0.3088,-0.3088,-0.9764,0.0177,0.8343
30.622,-0.3411,0.0369,0.0089,0.8624,-0.3088,-0.3088,-0.9764,0.0177,0.8341
30.627,-0.3375,0.0369,0.0084,0.8676,-0.3088,-0.3088,-0.9808,0.0177,0.8339
30.636,-0.3242,0.0258,0.0078,0.8567,-0.3248,-0.3248,-0.9496,0.0312,0.8336
30.640,-0.3242,0.0258,0.0069,0.8567,-0.3248,-0.3248,-0.9496,0.0312,0.8332
30.644,-0.3250,0.0258,0.0064,0.8511,-0.3248,-0.3248,-0.9420,0.0312,0.8330
30.649,-0.3250,0.0283,0.0060,0.8511,-0.3076,-0.3076,-0.9420,0.0078,0.8328
30.654,-0.3114,0.0283,0.0055,0.8424,-0.3076,-0.3076,-0.8940,0.0078,0.8326
30.658,-0.3114,0.0283,0.0050,0.8424,-0.3076,-0.3076,-0.8940,0.0078,0.8323
30.662,-0.3114,0.0283,0.0045,0.8448,-0.3076,-0.3076,-0.9012,0.0078,0.8321
30.666,-0.3114,0.0283,0.0041,0.8448,-0.3150,-0.3150,-0.9012,0.0300,0.8320
30.670,-0.3114,0.0283,0.0036,0.8448,-0.3150,-0.3150,-0.9012,0.0300,0.8318
30.674,-0.2986,0.0283,0.0033,0.8357,-0.3150,-0.3150,-0.8603,0.0300,0.8316
30.678,-0.2966,0.0283,0.0029,0.8365,-0.3150,-0.3150,-0.8579,0.0300,0.8314
30.682,-0.2966,0.0221,0.0024,0.8365,-0.3174,-0.3174,-0.8579,0.0226,0.8312
30.686,-0.2966,0.0221,0.0020,0.8365,-0.3174,-0.3174,-0.8579,0.0226,0.8310
30.690,-0.2966,0.0221,0.0016,0.8365,-0.3174,-0.3174,-0.8579,0.0226,0.8309
30.694,-0.2883,0.0221,0.0012,0.8306,-0.3174,-0.3174,-0.7985,0.0226,0.8307
30.699,-0.2883,0.0369,0.0008,0.8306,-0.3224,-0.3224,-0.7985,0.0054,0.8305
30.702,-0.2883,0.0369,0.0003,0.8306,-0.3224,-0.3224,-0.7985,0.0054,0.8303
30.711,-0.2871,0.0369,0.0000,0.8270,-0.3224,-0.3224,-0.8025,0.0054,0.8301
30.717,-0.2767,0.0332,-0.0009,0.8152,-0.3113,-0.3113,-0.7935,0.0177,0.8298
30.722,-0.2767,0.0332,-0.0015,0.8152,-0.3113,-0.3113,-0.7935,0.0177,0.8295
30.725,-0.2743,0.0332,-0.0019,0.8148,-0.3113,-0.3113,-0.7983,0.0177,0.8293
30.730,-0.2743,0.0258,-0.0023,0.8148,-0.3101,-0.3101,-0.7983,0.0324,0.8292
30.738,-0.2636,0.0258,-0.0027,0.8045,-0.3101,-0.3101,-0.7780,0.0324,0.8289
30.743,-0.2668,0.0258,-0.0035,0.8093,-0.3101,-0.3101,-0.7780,0.0324,0.8286
30.747,-0.2668,0.0357,-0.0039,0.8093,-0.3248,-0.3248,-0.7780,0.0324,0.8284
30.751,-0.2668,0.0357,-0.0043,0.8093,-0.3248,-0.3248,-0.7780,0.0324,0.8283
30.755,-0.2572,0.0357,-0.0046,0.7978,-0.3248,-0.3248,-0.7707,0.0324,0.8281
30.758,-0.2560,0.0357,-0.0050,0.7922,-0.3248,-0.3248,-0.7647,0.0324,0.8280
30.762,-0.2560,0.0320,-0.0053,0.7922,-0.3076,-0.3076,-0.7647,0.0140,0.8278
30.766,-0.2560,0.0320,-0.0056,0.7922,-0.3076,-0.3076,-0.7647,0.0140,0.8277
30.770,-0.2560,0.0320,-0.0060,0.7922,-0.3076,-0.3076,-0.7647,0.0140,0.8275
30.773,-0.2459,0.0320,-0.0063,0.7824,-0.3076,-0.3076,-0.7427,0.0140,0.8274
30.777,-0.2451,0.0320,-0.0066,0.7832,-0.3076,-0.3076,-0.7459,0.0140,0.8272
30.781,-0.2451,0.0295,-0.0070,0.7832,-0.3101,-0.3101,-0.7459,0.0238,0.8271
30.785,-0.2451,0.0295,-0.0073,0.7832,-0.3101,-0.3101,-0.7459,0.0238,0.8269
30.788,-0.2451,0.0295,-0.0076,0.7832,-0.3101,-0.3101,-0.7459,0.0238,0.8268
30.792,-0.2443,0.0295,-0.0080,0.7860,-0.3101,-0.3101,-0.7479,0.0238,0.8266
30.796,-0.2337,0.0271,-0.0083,0.7779,-0.3187,-0.3187,-0.7077,0.0300,0.8265
30.800,-0.2337,0.0271,-0.0086,0.7779,-0.3187,-0.3187,-0.7077,0.0300,0.8264
30.803,-0.2337,0.0271,-0.0090,0.7779,-0.3187,-0.3187,-0.7077,0.0300,0.8262
30.807,-0.2337,0.0271,-0.0092,0.7779,-0.3187,-0.3187,-0.7077,0.0300,0.8261
30.810,-0.2353,0.0271,-0.0095,0.7767,-0.3187,-0.3187,-0.7077,0.0300,0.8259
30.815,-0.2243,0.0320,-0.0098,0.7701,-0.3150,-0.3150,-0.6499,0.0300,0.8258
30.820,-0.2243,0.0320,-0.0102,0.7701,-0.3150,-0.3150,-0.6499,0.0300,0.8256
30.823,-0.2243,0.0320,-0.0106,0.7701,-0.3150,-0.3150,-0.6499,0.0300,0.8255
30.827,-0.2255,0.0320,-0.0109,0.7717,-0.3150,-0.3150,-0.6479,0.0300,0.8253
30.831,-0.2255,0.0357,-0.0112,0.7717,-0.3199,-0.3199,-0.6479,0.0238,0.8252
30.836,-0.2140,0.0357,-0.0115,0.7662,-0.3199,-0.3199,-0.5734,0.0238,0.8251
30.845,-0.2108,0.0357,-0.0119,0.7658,-0.3199,-0.3199,-0.5706,0.0238,0.8249
30.848,-0.2108,0.0258,-0.0126,0.7658,-0.3187,-0.3187,-0.5706,0.0152,0.8246
30.853,-0.1991,0.0258,-0.0129,0.7611,-0.3187,-0.3187,-0.4803,0.0152,0.8245
30.862,-0.2062,0.0258,-0.0132,0.7599,-0.3187,-0.3187,-0.4783,0.0152,0.8243
30.868,-0.2062,0.0480,-0.0140,0.7599,-0.3150,-0.3150,-0.4783,0.0091,0.8240
30.872,-0.2062,0.0480,-0.0144,0.7599,-0.3150,-0.3150,-0.4783,0.0091,0.8238
30.876,-0.1875,0.0480,-0.0147,0.7530,-0.3150,-0.3150,-0.3763,0.0091,0.8237
30.880,-0.1875,0.0271,-0.0150,0.7530,-0.3064,-0.3064,-0.3763,0.0189,0.8235
30.884,-0.1875,0.0271,-0.0153,0.7530,-0.3064,-0.3064,-0.3763,0.0189,0.8234
30.888,-0.1875,0.0271,-0.0156,0.7530,-0.3064,-0.3064,-0.3763,0.0189,0.8233
30.891,-0.1875,0.0271,-0.0159,0.7530,-0.3064,-0.3064,-0.3763,0.0189,0.8231
30.895,-0.1782,0.0271,-0.0162,0.7485,-0.3064,-0.3064,-0.2885,0.0189,0.8230
30.900,-0.1782,0.0308,-0.0164,0.7485,-0.3138,-0.3138,-0.2885,0.0127,0.8229
30.903,-0.1782,0.0308,-0.0167,0.7485,-0.3138,-0.3138,-0.2885,0.0127,0.8228
30.908,-0.1782,0.0308,-0.0170,0.7485,-0.3138,-0.3138,-0.2885,0.0127,0.8226
30.911,-0.1793,0.0308,-0.0173,0.7465,-0.3138,-0.3138,-0.2921,0.0127,0.8225
30.915,-0.1689,0.0345,-0.0175,0.7398,-0.3076,-0.3076,-0.1968,0.0238,0.8224
30.920,-0.1689,0.0345,-0.0178,0.7398,-0.3076,-0.3076,-0.1968,0.0238,0.8223
30.923,-0.1689,0.0345,-0.0182,0.7398,-0.3076,-0.3076,-0.1968,0.0238,0.8221
30.927,-0.1633,0.0345,-0.0184,0.7413,-0.3076,-0.3076,-0.1964,0.0238,0.8220
30.931,-0.1633,0.0172,-0.0187,0.7413,-0.3125,-0.3125,-0.1964,0.0226,0.8219
30.935,-0.1528,0.0172,-0.0189,0.7351,-0.3125,-0.3125,-0.0881,0.0226,0.8218
30.939,-0.1528,0.0172,-0.0192,0.7351,-0.3125,-0.3125,-0.0881,0.0226,0.8217
30.944,-0.1580,0.0172,-0.0195,0.7347,-0.3125,-0.3125,-0.0861,0.0226,0.8215
30.953,-0.1493,0.0332,-0.0198,0.7253,-0.3113,-0.3113,-0.0051,0.0164,0.8214
30.958,-0.1493,0.0332,-0.0204,0.7253,-0.3113,-0.3113,-0.0051,0.0164,0.8211
30.961,-0.1477,0.0332,-0.0207,0.7269,-0.3113,-0.3113,-0.0111,0.0164,0.8210
30.965,-0.1477,0.0283,-0.0210,0.7269,-0.3162,-0.3162,-0.0111,0.0349,0.8209
30.969,-0.1477,0.0283,-0.0213,0.7269,-0.3162,-0.3162,-0.0111,0.0349,0.8208
30.973,-0.1393,0.0283,-0.0215,0.7172,-0.3162,-0.3162,0.0763,0.0349,0.8207
30.977,-0.1405,0.0283,-0.0217,0.7160,-0.3162,-0.3162,0.0807,0.0349,0.8206
30.981,-0.1405,0.0320,-0.0220,0.7160,-0.3125,-0.3125,0.0807,0.0214,0.8205
30.984,-0.1405,0.0320,-0.0222,0.7160,-0.3125,-0.3125,0.0807,0.0214,0.8203
30.988,-0.1405,0.0320,-0.0225,0.7160,-0.3125,-0.3125,0.0807,0.0214,0.8202
30.991,-0.1405,0.0320,-0.0227,0.7160,-0.3125,-0.3125,0.0807,0.0214,0.8201
30.996,-0.1349,0.0320,-0.0229,0.7064,-0.3125,-0.3125,0.1793,0.0214,0.8200
31.000,-0.1349,0.0406,-0.0232,0.7064,-0.3125,-0.3125,0.1793,0.0251,0.8199
31.004,-0.1349,0.0406,-0.0234,0.7064,-0.3125,-0.3125,0.1793,0.0251,0.8198
31.013,-0.1225,0.0406,-0.0237,0.6970,-0.3125,-0.3125,0.2932,0.0251,0.8197
31.018,-0.1225,0.0271,-0.0242,0.6970,-0.3138,-0.3138,0.2932,0.0152,0.8195
31.022,-0.1225,0.0271,-0.0245,0.6970,-0.3138,-0.3138,0.2932,0.0152,0.8193
31.026,-0.1253,0.0271,-0.0248,0.6978,-0.3138,-0.3138,0.2936,0.0152,0.8192
31.030,-0.1253,0.0357,-0.0250,0.6978,-0.3162,-0.3162,0.2936,0.0140,0.8191
31.034,-0.1175,0.0357,-0.0252,0.6875,-0.3162,-0.3162,0.4135,0.0140,0.8190
31.038,-0.1175,0.0357,-0.0255,0.6875,-0.3162,-0.3162,0.4135,0.0140,0.8189
31.041,-0.1175,0.0357,-0.0257,0.6875,-0.3162,-0.3162,0.4135,0.0140,0.8188
31.045,-0.1152,0.0357,-0.0259,0.6887,-0.3162,-0.3162,0.4111,0.0140,0.8187
31.050,-0.1152,0.0283,-0.0261,0.6887,-0.3199,-0.3199,0.4111,0.0214,0.8186
31.058,-0.1079,0.0283,-0.0264,0.6770,-0.3199,-0.3199,0.5419,0.0214,0.8185
31.063,-0.1079,0.0283,-0.0269,0.6770,-0.3174,-0.3174,0.5419,0.0140,0.8183
31.067,-0.1079,0.0283,-0.0271,0.6770,-0.3174,-0.3174,0.5419,0.0140,0.8182
31.070,-0.1079,0.0283,-0.0273,0.6770,-0.3174,-0.3174,0.5419,0.0140,0.8181
31.073,-0.1011,0.0283,-0.0275,0.6654,-0.3174,-0.3174,0.6776,0.0140,0.8180
31.077,-0.1103,0.0283,-0.0277,0.6643,-0.3174,-0.3174,0.6816,0.0140,0.8179
31.080,-0.1103,0.0566,-0.0278,0.6643,-0.3138,-0.3138,0.6816,0.0017,0.8178
31.084,-0.1103,0.0566,-0.0278,0.6643,-0.3138,-0.3138,0.6816,0.0017,0.8177
31.087,-0.1103,0.0566,-0.0279,0.6643,-0.3138,-0.3138,0.6816,0.0017,0.8177
31.091,-0.1103,0.0566,-0.0280,0.6643,-0.3138,-0.3138,0.6816,0.0017,0.8176
31.094,-0.0941,0.0566,-0.0281,0.6480,-0.3138,-0.3138,0.8013,0.0017,0.8175
31.099,-0.0941,0.0246,-0.0283,0.6480,-0.3039,-0.3039,0.8013,0.0275,0.8174
31.102,-0.0941,0.0246,-0.0285,0.6480,-0.3039,-0.3039,0.8013,0.0275,0.8173
31.105,-0.0941,0.0246,-0.0287,0.6480,-0.3039,-0.3039,0.8013,0.0275,0.8172
31.109,-0.0985,0.0246,-0.0289,0.6515,-0.3039,-0.3039,0.8005,0.0275,0.8172
31.113,-0.0934,0.0381,-0.0291,0.6377,-0.3150,-0.3150,0.9303,0.0300,0.8171
31.117,-0.0934,0.0381,-0.0292,0.6377,-0.3150,-0.3150,0.9303,0.0300,0.8170
31.121,-0.0934,0.0381,-0.0295,0.6377,-0.3150,-0.3150,0.9303,0.0300,0.8169
31.124,-0.0934,0.0381,-0.0297,0.6377,-0.3150,-0.3150,0.9303,0.0300,0.8168
31.128,-0.0910,0.0381,-0.0298,0.6381,-0.3150,-0.3150,0.9319,0.0300,0.8167
31.131,-0.0910,0.0308,-0.0300,0.6381,-0.3162,-0.3162,0.9319,0.0251,0.8167
31.135,-0.0874,0.0308,-0.0302,0.6217,-0.3162,-0.3162,1.0291,0.0251,0.8166
31.138,-0.0874,0.0308,-0.0304,0.6217,-0.3162,-0.3162,1.0291,0.0251,0.8165
31.142,-0.0870,0.0308,-0.0306,0.6225,-0.3162,-0.3162,1.0259,0.0251,0.8164
31.145,-0.0870,0.0295,-0.0307,0.6225,-0.3187,-0.3187,1.0259,0.0349,0.8164
31.149,-0.0870,0.0295,-0.0309,0.6225,-0.3187,-0.3187,1.0259,0.0349,0.8163
31.152,-0.0870,0.0295,-0.0311,0.6225,-0.3187,-0.3187,1.0259,0.0349,0.8162
31.156,-0.0840,0.0295,-0.0312,0.6053,-0.3187,-0.3187,1.1204,0.0349,0.8161
31.165,-0.0840,0.0295,-0.0314,0.6025,-0.3187,-0.3187,1.1248,0.0349,0.8161
31.174,-0.0816,0.0295,-0.0319,0.5847,-0.3101,-0.3101,1.2220,0.0214,0.8159
31.178,-0.0812,0.0295,-0.0323,0.5862,-0.3101,-0.3101,1.2180,0.0214,0.8157
31.181,-0.0812,0.0283,-0.0325,0.5862,-0.3150,-0.3150,1.2180,0.0337,0.8156
31.185,-0.0812,0.0283,-0.0326,0.5862,-0.3150,-0.3150,1.2180,0.0337,0.8155
31.188,-0.0812,0.0283,-0.0328,0.5862,-0.3150,-0.3150,1.2180,0.0337,0.8154
31.191,-0.0812,0.0283,-0.0330,0.5862,-0.3150,-0.3150,1.2180,0.0337,0.8154
31.195,-0.0834,0.0283,-0.0331,0.5665,-0.3150,-0.3150,1.3255,0.0337,0.8153
31.199,-0.0834,0.0406,-0.0333,0.5665,-0.3113,-0.3113,1.3255,0.0066,0.8152
31.202,-0.0834,0.0406,-0.0335,0.5665,-0.3113,-0.3113,1.3255,0.0066,0.8152
31.206,-0.0834,0.0406,-0.0336,0.5665,-0.3113,-0.3113,1.3255,0.0066,0.8151
31.209,-0.0802,0.0406,-0.0338,0.5661,-0.3113,-0.3113,1.3204,0.0066,0.8150
31.212,-0.0789,0.0308,-0.0339,0.5468,-0.3101,-0.3101,1.4194,0.0226,0.8150
31.217,-0.0789,0.0308,-0.0341,0.5468,-0.3101,-0.3101,1.4194,0.0226,0.8149
31.220,-0.0789,0.0308,-0.0343,0.5468,-0.3101,-0.3101,1.4194,0.0226,0.8148
31.223,-0.0789,0.0308,-0.0344,0.5468,-0.3101,-0.3101,1.4194,0.0226,0.8147
31.227,-0.0833,0.0308,-0.0345,0.5448,-0.3101,-0.3101,1.4214,0.0226,0.8147
31.230,-0.0833,0.0443,-0.0347,0.5448,-0.3039,-0.3039,1.4214,0.0164,0.8146
31.234,-0.0825,0.0443,-0.0348,0.5249,-0.3039,-0.3039,1.5198,0.0164,0.8146
31.238,-0.0825,0.0443,-0.0350,0.5249,-0.3039,-0.3039,1.5198,0.0164,0.8145
31.241,-0.0825,0.0443,-0.0352,0.5249,-0.3039,-0.3039,1.5198,0.0164,0.8144
31.244,-0.0789,0.0443,-0.0353,0.5265,-0.3039,-0.3039,1.5218,0.0164,0.8144
31.248,-0.0789,0.0332,-0.0355,0.5265,-0.3088,-0.3088,1.5218,0.0103,0.8143
31.251,-0.0789,0.0332,-0.0356,0.5265,-0.3088,-0.3088,1.5218,0.0103,0.8142
31.255,-0.0785,0.0332,-0.0357,0.5060,-0.3088,-0.3088,1.6181,0.0103,0.8142
31.259,-0.0773,0.0332,-0.0359,0.5072,-0.3088,-0.3088,1.6102,0.0103,0.8141
31.263,-0.0773,0.0295,-0.0361,0.5072,-0.3125,-0.3125,1.6102,0.0349,0.8140
31.267,-0.0773,0.0295,-0.0362,0.5072,-0.3125,-0.3125,1.6102,0.0349,0.8140
31.270,-0.0773,0.0295,-0.0364,0.5072,-0.3125,-0.3125,1.6102,0.0349,0.8139
31.275,-0.0774,0.0295,-0.0365,0.4861,-0.3125,-0.3125,1.7034,0.0349,0.8138
31.283,-0.0746,0.0295,-0.0367,0.4873,-0.3125,-0.3125,1.7089,0.0349,0.8137
31.287,-0.0746,0.0209,-0.0370,0.4873,-0.3162,-0.3162,1.7089,0.0177,0.8136
31.290,-0.0746,0.0209,-0.0372,0.4873,-0.3162,-0.3162,1.7089,0.0177,0.8135
31.294,-0.0782,0.0209,-0.0373,0.4652,-0.3162,-0.3162,1.7996,0.0177,0.8135
31.299,-0.0782,0.0308,-0.0375,0.4652,-0.3138,-0.3138,1.7996,0.0152,0.8134
31.302,-0.0782,0.0308,-0.0377,0.4652,-0.3138,-0.3138,1.7996,0.0152,0.8133
31.305,-0.0782,0.0308,-0.0378,0.4652,-0.3138,-0.3138,1.7996,0.0152,0.8133
31.309,-0.0806,0.0308,-0.0379,0.4680,-0.3138,-0.3138,1.7973,0.0152,0.8132
31.317,-0.0813,0.0381,-0.0381,0.4464,-0.3224,-0.3224,1.8821,0.0226,0.8132
31.322,-0.0813,0.0381,-0.0383,0.4464,-0.3224,-0.3224,1.8821,0.0226,0.8130
31.326,-0.0813,0.0381,-0.0386,0.4444,-0.3224,-0.3224,1.8805,0.0226,0.8129
31.329,-0.0813,0.0381,-0.0387,0.4444,-0.3162,-0.3162,1.8805,0.0275,0.8129
31.333,-0.0821,0.0381,-0.0388,0.4228,-0.3162,-0.3162,1.9561,0.0275,0.8128
31.337,-0.0821,0.0381,-0.0389,0.4228,-0.3162,-0.3162,1.9561,0.0275,0.8128
31.341,-0.0821,0.0381,-0.0391,0.4228,-0.3162,-0.3162,1.9561,0.0275,0.8127
31.345,-0.0794,0.0381,-0.0393,0.4240,-0.3162,-0.3162,1.9549,0.0275,0.8126
31.349,-0.0794,0.0295,-0.0394,0.4240,-0.3199,-0.3199,1.9549,0.0312,0.8126
31.352,-0.0803,0.0295,-0.0395,0.4025,-0.3199,-0.3199,2.0233,0.0312,0.8125
31.357,-0.0803,0.0295,-0.0397,0.4025,-0.3199,-0.3199,2.0233,0.0312,0.8125
31.361,-0.0815,0.0295,-0.0398,0.4021,-0.3199,-0.3199,2.0292,0.0312,0.8124
31.366,-0.0815,0.0332,-0.0400,0.4021,-0.3187,-0.3187,2.0292,0.0127,0.8123
31.369,-0.0815,0.0332,-0.0401,0.4021,-0.3187,-0.3187,2.0292,0.0127,0.8123
31.372,-0.0825,0.0332,-0.0403,0.3808,-0.3187,-0.3187,2.0904,0.0127,0.8122
31.376,-0.0833,0.0332,-0.0404,0.3792,-0.3187,-0.3187,2.0872,0.0127,0.8122
31.381,-0.0833,0.0357,-0.0405,0.3792,-0.3138,-0.3138,2.0872,0.0226,0.8121
31.395,-0.0823,0.0357,-0.0407,0.3567,-0.3138,-0.3138,2.1419,0.0226,0.8120
31.406,-0.0823,0.0295,-0.0412,0.3567,-0.3088,-0.3088,2.1419,0.0164,0.8118
31.411,-0.0834,0.0295,-0.0415,0.3595,-0.3088,-0.3088,2.1408,0.0164,0.8117
31.416,-0.0843,0.0332,-0.0417,0.3391,-0.3174,-0.3174,2.1850,0.0201,0.8116
31.421,-0.0843,0.0332,-0.0418,0.3391,-0.3174,-0.3174,2.1850,0.0201,0.8115
31.424,-0.0843,0.0332,-0.0420,0.3391,-0.3174,-0.3174,2.1850,0.0201,0.8115
31.427,-0.0827,0.0332,-0.0421,0.3387,-0.3174,-0.3174,2.1885,0.0201,0.8114
31.431,-0.0827,0.0283,-0.0422,0.3387,-0.3162,-0.3162,2.1885,0.0091,0.8114
31.435,-0.0834,0.0283,-0.0423,0.3190,-0.3162,-0.3162,2.2232,0.0091,0.8113
31.439,-0.0834,0.0283,-0.0424,0.3190,-0.3162,-0.3162,2.2232,0.0091,0.8113
31.442,-0.0834,0.0283,-0.0426,0.3186,-0.3162,-0.3162,2.2188,0.0091,0.8112
31.445,-0.0834,0.0283,-0.0427,0.3186,-0.3150,-0.3150,2.2188,0.0226,0.8112
31.449,-0.0834,0.0283,-0.0428,0.3186,-0.3150,-0.3150,2.2188,0.0226,0.8111
31.452,-0.0839,0.0283,-0.0429,0.2997,-0.3150,-0.3150,2.2434,0.0226,0.8111
31.456,-0.0839,0.0283,-0.0430,0.2997,-0.3150,-0.3150,2.2434,0.0226,0.8110
31.460,-0.0858,0.0283,-0.0431,0.3005,-0.3150,-0.3150,2.2434,0.0226,0.8110
31.468,-0.0858,0.0345,-0.0432,0.3005,-0.3174,-0.3174,2.2434,0.0226,0.8109
31.472,-0.0861,0.0345,-0.0434,0.2825,-0.3174,-0.3174,2.2575,0.0226,0.8108
31.476,-0.0861,0.0345,-0.0436,0.2813,-0.3174,-0.3174,2.2619,0.0226,0.8108
31.480,-0.0861,0.0345,-0.0437,0.2813,-0.3138,-0.3138,2.2619,0.0091,0.8107
31.484,-0.0861,0.0345,-0.0438,0.2813,-0.3138,-0.3138,2.2619,0.0091,0.8107
31.487,-0.0861,0.0345,-0.0439,0.2813,-0.3138,-0.3138,2.2619,0.0091,0.8106
31.492,-0.0861,0.0345,-0.0440,0.2813,-0.3138,-0.3138,2.2619,0.0091,0.8106
31.499,-0.0821,0.0345,-0.0441,0.2629,-0.3138,-0.3138,2.2628,0.0091,0.8105
31.503,-0.0821,0.0221,-0.0443,0.2629,-0.3101,-0.3101,2.2628,0.0177,0.8104
31.506,-0.0821,0.0221,-0.0445,0.2629,-0.3101,-0.3101,2.2628,0.0177,0.8104
31.509,-0.0873,0.0221,-0.0445,0.2669,-0.3101,-0.3101,2.2660,0.0177,0.8103
31.513,-0.0870,0.0381,-0.0446,0.2508,-0.3224,-0.3224,2.2590,0.0078,0.8103
31.517,-0.0870,0.0381,-0.0447,0.2508,-0.3224,-0.3224,2.2590,0.0078,0.8103
31.520,-0.0870,0.0381,-0.0448,0.2508,-0.3224,-0.3224,2.2590,0.0078,0.8102
31.524,-0.0870,0.0381,-0.0449,0.2508,-0.3224,-0.3224,2.2590,0.0078,0.8102
31.527,-0.0890,0.0381,-0.0450,0.2472,-0.3224,-0.3224,2.2546,0.0078,0.8101
31.530,-0.0890,0.0443,-0.0451,0.2472,-0.3113,-0.3113,2.2546,0.0214,0.8101
31.534,-0.0863,0.0443,-0.0452,0.2355,-0.3113,-0.3113,2.0453,0.0214,0.8100
31.538,-0.0863,0.0443,-0.0453,0.2355,-0.3113,-0.3113,2.0453,0.0214,0.8100
31.541,-0.0863,0.0443,-0.0454,0.2355,-0.3113,-0.3113,2.0453,0.0214,0.8100
31.544,-0.0843,0.0443,-0.0455,0.2347,-0.3113,-0.3113,2.0497,0.0214,0.8099
31.548,-0.0843,0.0381,-0.0456,0.2347,-0.3088,-0.3088,2.0497,0.0078,0.8099
31.552,-0.0843,0.0381,-0.0457,0.2347,-0.3088,-0.3088,2.0497,0.0078,0.8098
31.555,-0.0827,0.0381,-0.0458,0.2222,-0.3088,-0.3088,1.9440,0.0078,0.8098
31.559,-0.0791,0.0381,-0.0459,0.2202,-0.3088,-0.3088,1.9432,0.0078,0.8098
31.562,-0.0791,0.0271,-0.0460,0.2202,-0.3027,-0.3027,1.9432,0.0103,0.8097
31.566,-0.0791,0.0271,-0.0461,0.2202,-0.3027,-0.3027,1.9432,0.0103,0.8097
31.569,-0.0791,0.0271,-0.0462,0.2202,-0.3027,-0.3027,1.9432,0.0103,0.8096
31.573,-0.0768,0.0271,-0.0462,0.2102,-0.3027,-0.3027,1.7397,0.0103,0.8096
31.577,-0.0776,0.0271,-0.0463,0.2166,-0.3027,-0.3027,1.7282,0.0103,0.8096
31.580,-0.0776,0.0295,-0.0464,0.2166,-0.3224,-0.3224,1.7282,0.0460,0.8095
31.584,-0.0776,0.0295,-0.0465,0.2166,-0.3224,-0.3224,1.7282,0.0460,0.8095
31.587,-0.0776,0.0295,-0.0466,0.2166,-0.3224,-0.3224,1.7282,0.0460,0.8094
31.591,-0.0776,0.0295,-0.0467,0.2166,-0.3224,-0.3224,1.7282,0.0460,0.8094
31.595,-0.0742,0.0295,-0.0468,0.2080,-0.3224,-0.3224,1.6264,0.0460,0.8094
31.604,-0.0742,0.0234,-0.0469,0.2080,-0.3285,-0.3285,1.6264,0.0410,0.8093
31.607,-0.0742,0.0234,-0.0471,0.2080,-0.3285,-0.3285,1.6264,0.0410,0.8092
31.611,-0.0786,0.0234,-0.0472,0.2020,-0.3285,-0.3285,1.6363,0.0410,0.8092
31.619,-0.0772,0.0369,-0.0472,0.1926,-0.3101,-0.3101,1.5298,0.0103,0.8092
31.624,-0.0772,0.0369,-0.0474,0.1926,-0.3101,-0.3101,1.5298,0.0103,0.8091
31.628,-0.0756,0.0369,-0.0476,0.1946,-0.3101,-0.3101,1.5290,0.0103,0.8090
31.634,-0.0744,0.0320,-0.0476,0.1864,-0.3162,-0.3162,1.4192,0.0127,0.8090
31.638,-0.0744,0.0320,-0.0478,0.1864,-0.3162,-0.3162,1.4192,0.0127,0.8089
31.642,-0.0748,0.0320,-0.0479,0.1844,-0.3162,-0.3162,1.4188,0.0127,0.8089
31.646,-0.0748,0.0332,-0.0480,0.1844,-0.3101,-0.3101,1.4188,0.0140,0.8088
31.651,-0.0748,0.0332,-0.0481,0.1844,-0.3101,-0.3101,1.4188,0.0140,0.8088
31.654,-0.0734,0.0332,-0.0482,0.1768,-0.3101,-0.3101,1.3964,0.0140,0.8088
31.658,-0.0714,0.0332,-0.0483,0.1772,-0.3101,-0.3101,1.3936,0.0140,0.8087
31.662,-0.0714,0.0271,-0.0483,0.1772,-0.3113,-0.3113,1.3936,0.0226,0.8087
31.666,-0.0714,0.0271,-0.0484,0.1772,-0.3113,-0.3113,1.3936,0.0226,0.8087
31.669,-0.0714,0.0271,-0.0485,0.1772,-0.3113,-0.3113,1.3936,0.0226,0.8086
31.672,-0.0714,0.0271,-0.0486,0.1772,-0.3113,-0.3113,1.3936,0.0226,0.8086
31.675,-0.0686,0.0271,-0.0486,0.1757,-0.3113,-0.3113,1.0907,0.0226,0.8086
31.679,-0.0686,0.0185,-0.0487,0.1757,-0.3261,-0.3261,1.0907,0.0361,0.8085
31.683,-0.0686,0.0185,-0.0488,0.1757,-0.3261,-0.3261,1.0907,0.0361,0.8085
31.686,-0.0686,0.0185,-0.0489,0.1757,-0.3261,-0.3261,1.0907,0.0361,0.8085
31.690,-0.0686,0.0185,-0.0489,0.1757,-0.3261,-0.3261,1.0907,0.0361,0.8084
31.693,-0.0715,0.0185,-0.0490,0.1696,-0.3261,-0.3261,1.0775,0.0361,0.8084
31.697,-0.0715,0.0320,-0.0491,0.1696,-0.3224,-0.3224,1.0775,0.0189,0.8084
31.702,-0.0715,0.0320,-0.0492,0.1696,-0.3224,-0.3224,1.0775,0.0189,0.8083
31.709,-0.0731,0.0320,-0.0493,0.1660,-0.3224,-0.3224,1.0791,0.0189,0.8083
31.712,-0.0717,0.0369,-0.0494,0.1621,-0.3113,-0.3113,1.0530,0.0140,0.8082
31.717,-0.0717,0.0369,-0.0495,0.1621,-0.3113,-0.3113,1.0530,0.0140,0.8082
31.720,-0.0717,0.0369,-0.0496,0.1621,-0.3113,-0.3113,1.0530,0.0140,0.8082
31.723,-0.0717,0.0369,-0.0496,0.1621,-0.3113,-0.3113,1.0530,0.0140,0.8081
31.727,-0.0717,0.0369,-0.0497,0.1629,-0.3113,-0.3113,1.0498,0.0140,0.8081
31.731,-0.0717,0.0369,-0.0498,0.1629,-0.3138,-0.3138,1.0498,0.0238,0.8081
31.734,-0.0718,0.0369,-0.0498,0.1580,-0.3138,-0.3138,0.8620,0.0238,0.8080
31.738,-0.0718,0.0369,-0.0499,0.1580,-0.3138,-0.3138,0.8620,0.0238,0.8080
31.742,-0.0722,0.0369,-0.0500,0.1568,-0.3138,-0.3138,0.8612,0.0238,0.8080
31.746,-0.0722,0.0381,-0.0501,0.1568,-0.3101,-0.3101,0.8612,0.0263,0.8079
31.750,-0.0722,0.0381,-0.0501,0.1568,-0.3101,-0.3101,0.8612,0.0263,0.8079
31.755,-0.0714,0.0381,-0.0502,0.1534,-0.3101,-0.3101,0.7599,0.0263,0.8079
31.759,-0.0706,0.0381,-0.0503,0.1554,-0.3101,-0.3101,0.7611,0.0263,0.8078
31.763,-0.0706,0.0357,-0.0504,0.1554,-0.3162,-0.3162,0.7611,0.0226,0.8078
31.772,-0.0706,0.0357,-0.0505,0.1554,-0.3162,-0.3162,0.7611,0.0226,0.8078
31.777,-0.0693,0.0357,-0.0506,0.1523,-0.3162,-0.3162,0.7345,0.0226,0.8077
31.782,-0.0693,0.0357,-0.0507,0.1523,-0.3125,-0.3125,0.7345,0.0115,0.8077
31.786,-0.0693,0.0357,-0.0508,0.1523,-0.3125,-0.3125,0.7345,0.0115,0.8076
31.790,-0.0693,0.0357,-0.0509,0.1523,-0.3125,-0.3125,0.7345,0.0115,0.8076
31.793,-0.0661,0.0357,-0.0510,0.1523,-0.3125,-0.3125,0.6271,0.0115,0.8075
31.798,-0.0661,0.0283,-0.0510,0.1523,-0.3211,-0.3211,0.6271,0.0238,0.8075
31.802,-0.0661,0.0283,-0.0511,0.1523,-0.3211,-0.3211,0.6271,0.0238,0.8075
31.807,-0.0661,0.0283,-0.0512,0.1523,-0.3211,-0.3211,0.6271,0.0238,0.8075
31.814,-0.0653,0.0283,-0.0512,0.1508,-0.3211,-0.3211,0.5232,0.0238,0.8074
31.819,-0.0653,0.0283,-0.0514,0.1508,-0.3248,-0.3248,0.5232,0.0287,0.8074
31.823,-0.0653,0.0283,-0.0515,0.1508,-0.3248,-0.3248,0.5232,0.0287,0.8073
31.827,-0.0641,0.0283,-0.0515,0.1500,-0.3248,-0.3248,0.5248,0.0287,0.8073
31.830,-0.0641,0.0246,-0.0516,0.1500,-0.3224,-0.3224,0.5248,0.0238,0.8073
31.834,-0.0627,0.0246,-0.0517,0.1485,-0.3224,-0.3224,0.4885,0.0238,0.8072
31.838,-0.0627,0.0246,-0.0517,0.1485,-0.3224,-0.3224,0.4885,0.0238,0.8072
31.841,-0.0627,0.0246,-0.0518,0.1485,-0.3224,-0.3224,0.4885,0.0238,0.8072
31.844,-0.0611,0.0246,-0.0518,0.1489,-0.3224,-0.3224,0.4853,0.0238,0.8072
31.848,-0.0611,0.0197,-0.0519,0.1489,-0.3236,-0.3236,0.4853,0.0337,0.8071
31.852,-0.0611,0.0197,-0.0520,0.1489,-0.3236,-0.3236,0.4853,0.0337,0.8071
31.855,-0.0597,0.0197,-0.0520,0.1473,-0.3236,-0.3236,0.4451,0.0337,0.8071
31.859,-0.0641,0.0197,-0.0521,0.1465,-0.3236,-0.3236,0.4447,0.0337,0.8071
31.863,-0.0641,0.0332,-0.0521,0.1465,-0.3211,-0.3211,0.4447,0.0349,0.8070
31.867,-0.0641,0.0332,-0.0522,0.1465,-0.3211,-0.3211,0.4447,0.0349,0.8070
31.870,-0.0641,0.0332,-0.0523,0.1465,-0.3211,-0.3211,0.4447,0.0349,0.8070
31.873,-0.0627,0.0332,-0.0523,0.1449,-0.3211,-0.3211,0.4004,0.0349,0.8070
31.877,-0.0623,0.0332,-0.0524,0.1438,-0.3211,-0.3211,0.4060,0.0349,0.8069
31.881,-0.0623,0.0320,-0.0524,0.1438,-0.3174,-0.3174,0.4060,0.0177,0.8069
31.885,-0.0623,0.0320,-0.0525,0.1438,-0.3174,-0.3174,0.4060,0.0177,0.8069
31.888,-0.0623,0.0320,-0.0525,0.1438,-0.3174,-0.3174,0.4060,0.0177,0.8069
31.891,-0.0623,0.0320,-0.0526,0.1438,-0.3174,-0.3174,0.4060,0.0177,0.8068
31.895,-0.0609,0.0320,-0.0526,0.1398,-0.3174,-0.3174,0.3563,0.0177,0.8068
31.899,-0.0609,0.0320,-0.0527,0.1398,-0.3101,-0.3101,0.3563,0.0238,0.8068
31.902,-0.0609,0.0320,-0.0527,0.1398,-0.3101,-0.3101,0.3563,0.0238,0.8068
31.906,-0.0609,0.0320,-0.0528,0.1398,-0.3101,-0.3101,0.3563,0.0238,0.8067
31.909,-0.0570,0.0320,-0.0528,0.1426,-0.3101,-0.3101,0.3484,0.0238,0.8067
31.914,-0.0556,0.0197,-0.0529,0.1409,-0.3187,-0.3187,0.2977,0.0484,0.8067
31.923,-0.0556,0.0197,-0.0530,0.1409,-0.3187,-0.3187,0.2977,0.0484,0.8067
31.928,-0.0595,0.0197,-0.0531,0.1433,-0.3187,-0.3187,0.3048,0.0484,0.8066
31.932,-0.0581,0.0320,-0.0532,0.1417,-0.3261,-0.3261,0.2512,0.0263,0.8066
31.936,-0.0581,0.0320,-0.0532,0.1417,-0.3261,-0.3261,0.2512,0.0263,0.8066
31.939,-0.0581,0.0320,-0.0533,0.1417,-0.3261,-0.3261,0.2512,0.0263,0.8065
31.943,-0.0585,0.0320,-0.0533,0.1373,-0.3261,-0.3261,0.2588,0.0263,0.8065
31.946,-0.0585,0.0332,-0.0534,0.1373,-0.3125,-0.3125,0.2588,0.0029,0.8065
31.950,-0.0585,0.0332,-0.0534,0.1373,-0.3125,-0.3125,0.2588,0.0029,0.8065
31.953,-0.0571,0.0332,-0.0535,0.1357,-0.3125,-0.3125,0.2028,0.0029,0.8064
31.958,-0.0571,0.0332,-0.0535,0.1357,-0.3125,-0.3125,0.2028,0.0029,0.8064
31.961,-0.0587,0.0332,-0.0536,0.1333,-0.3125,-0.3125,0.2000,0.0029,0.8064
31.965,-0.0587,0.0381,-0.0536,0.1333,-0.3051,-0.3051,0.2000,0.0115,0.8064
31.968,-0.0587,0.0381,-0.0537,0.1333,-0.3051,-0.3051,0.2000,0.0115,0.8064
31.971,-0.0587,0.0381,-0.0537,0.1333,-0.3051,-0.3051,0.2000,0.0115,0.8063
31.974,-0.0572,0.0381,-0.0538,0.1317,-0.3051,-0.3051,0.1420,0.0115,0.8063
31.978,-0.0568,0.0381,-0.0538,0.1333,-0.3051,-0.3051,0.1376,0.0115,0.8063
31.982,-0.0568,0.0369,-0.0539,0.1333,-0.3101,-0.3101,0.1376,0.0251,0.8063
31.985,-0.0568,0.0369,-0.0539,0.1333,-0.3101,-0.3101,0.1376,0.0251,0.8063
31.989,-0.0568,0.0369,-0.0540,0.1333,-0.3101,-0.3101,0.1376,0.0251,0.8062
31.992,-0.0540,0.0369,-0.0540,0.1364,-0.3101,-0.3101,0.1340,0.0251,0.8062
31.995,-0.0525,0.0283,-0.0540,0.1348,-0.3199,-0.3199,0.0746,0.0361,0.8062
32.000,-0.0525,0.0283,-0.0541,0.1348,-0.3199,-0.3199,0.0746,0.0361,0.8062
32.003,-0.0525,0.0283,-0.0541,0.1348,-0.3199,-0.3199,0.0746,0.0361,0.8062
32.006,-0.0525,0.0283,-0.0542,0.1348,-0.3199,-0.3199,0.0746,0.0361,0.8061
32.010,-0.0513,0.0283,-0.0542,0.1340,-0.3199,-0.3199,0.0770,0.0361,0.8061
32.014,-0.0498,0.0246,-0.0543,0.1324,-0.3174,-0.3174,0.0169,0.0287,0.8061
32.023,-0.0498,0.0246,-0.0543,0.1324,-0.3174,-0.3174,0.0169,0.0287,0.8061
32.026,-0.0566,0.0246,-0.0544,0.1312,-0.3174,-0.3174,0.0217,0.0287,0.8060
32.030,-0.0566,0.0455,-0.0545,0.1312,-0.3138,-0.3138,0.0217,0.0140,0.8060
32.033,-0.0551,0.0455,-0.0545,0.1296,-0.3138,-0.3138,-0.0386,0.0140,0.8060
32.037,-0.0551,0.0455,-0.0546,0.1296,-0.3138,-0.3138,-0.0386,0.0140,0.8060
32.041,-0.0551,0.0455,-0.0546,0.1296,-0.3138,-0.3138,-0.0386,0.0140,0.8060
32.044,-0.0507,0.0455,-0.0547,0.1300,-0.3138,-0.3138,-0.0382,0.0140,0.8059
32.047,-0.0507,0.0320,-0.0547,0.1300,-0.3150,-0.3150,-0.0382,0.0127,0.8059
32.051,-0.0507,0.0320,-0.0547,0.1300,-0.3150,-0.3150,-0.0382,0.0127,0.8059
32.054,-0.0492,0.0320,-0.0548,0.1285,-0.3150,-0.3150,-0.0990,0.0127,0.8059
32.058,-0.0492,0.0320,-0.0548,0.1285,-0.3150,-0.3150,-0.0990,0.0127,0.8059
32.061,-0.0504,0.0320,-0.0549,0.1285,-0.3150,-0.3150,-0.1001,0.0127,0.8058
32.065,-0.0504,0.0357,-0.0549,0.1285,-0.3150,-0.3150,-0.1001,0.0164,0.8058
32.073,-0.0489,0.0357,-0.0549,0.1269,-0.3150,-0.3150,-0.1608,0.0164,0.8058
32.078,-0.0425,0.0357,-0.0550,0.1273,-0.3150,-0.3150,-0.1636,0.0164,0.8058
32.082,-0.0425,0.0160,-0.0551,0.1273,-0.3162,-0.3162,-0.1636,0.0251,0.8057
32.085,-0.0425,0.0160,-0.0551,0.1273,-0.3162,-0.3162,-0.1636,0.0251,0.8057
32.089,-0.0425,0.0160,-0.0552,0.1273,-0.3162,-0.3162,-0.1636,0.0251,0.8057
32.092,-0.0481,0.0160,-0.0552,0.1221,-0.3162,-0.3162,-0.1584,0.0251,0.8057
32.096,-0.0465,0.0332,-0.0552,0.1206,-0.3002,-0.3002,-0.2180,0.0091,0.8057
32.100,-0.0465,0.0332,-0.0553,0.1206,-0.3002,-0.3002,-0.2180,0.0091,0.8057
32.103,-0.0465,0.0332,-0.0553,0.1206,-0.3002,-0.3002,-0.2180,0.0091,0.8056
32.106,-0.0465,0.0332,-0.0554,0.1206,-0.3002,-0.3002,-0.2180,0.0091,0.8056
32.110,-0.0481,0.0332,-0.0554,0.1238,-0.3002,-0.3002,-0.2192,0.0091,0.8056
32.114,-0.0466,0.0381,-0.0554,0.1223,-0.3101,-0.3101,-0.2779,0.0127,0.8056
32.119,-0.0466,0.0381,-0.0555,0.1223,-0.3101,-0.3101,-0.2779,0.0127,0.8056
32.127,-0.0407,0.0381,-0.0555,0.1243,-0.3101,-0.3101,-0.2827,0.0127,0.8056
32.131,-0.0407,0.0197,-0.0556,0.1243,-0.3162,-0.3162,-0.2827,0.0275,0.8055
32.134,-0.0392,0.0197,-0.0557,0.1229,-0.3162,-0.3162,-0.3397,0.0275,0.8055
32.138,-0.0392,0.0197,-0.0557,0.1229,-0.3162,-0.3162,-0.3397,0.0275,0.8055
32.141,-0.0392,0.0197,-0.0557,0.1229,-0.3162,-0.3162,-0.3397,0.0275,0.8055
32.145,-0.0436,0.0197,-0.0558,0.1217,-0.3162,-0.3162,-0.3365,0.0275,0.8055
32.148,-0.0436,0.0332,-0.0558,0.1217,-0.3125,-0.3125,-0.3365,0.0177,0.8054
32.152,-0.0436,0.0332,-0.0558,0.1217,-0.3125,-0.3125,-0.3365,0.0177,0.8054
32.155,-0.0422,0.0332,-0.0559,0.1203,-0.3125,-0.3125,-0.3920,0.0177,0.8054
32.159,-0.0398,0.0332,-0.0559,0.1227,-0.3125,-0.3125,-0.3960,0.0177,0.8054
32.163,-0.0398,0.0258,-0.0560,0.1227,-0.3199,-0.3199,-0.3960,0.0300,0.8054
32.167,-0.0398,0.0258,-0.0560,0.1227,-0.3199,-0.3199,-0.3960,0.0300,0.8054
32.170,-0.0398,0.0258,-0.0560,0.1227,-0.3199,-0.3199,-0.3960,0.0300,0.8053
32.174,-0.0384,0.0258,-0.0561,0.1213,-0.3199,-0.3199,-0.4493,0.0300,0.8053
32.177,-0.0392,0.0258,-0.0561,0.1161,-0.3199,-0.3199,-0.4477,0.0300,0.8053
32.182,-0.0392,0.0283,-0.0561,0.1161,-0.3039,-0.3039,-0.4477,0.0251,0.8053
32.185,-0.0392,0.0283,-0.0562,0.1161,-0.3039,-0.3039,-0.4477,0.0251,0.8053
32.189,-0.0392,0.0283,-0.0562,0.1161,-0.3039,-0.3039,-0.4477,0.0251,0.8053
32.193,-0.0398,0.0283,-0.0562,0.1155,-0.3039,-0.3039,-0.4982,0.0251,0.8052
32.197,-0.0398,0.0345,-0.0563,0.1155,-0.3064,-0.3064,-0.4982,0.0251,0.8052
32.201,-0.0398,0.0345,-0.0563,0.1155,-0.3064,-0.3064,-0.4982,0.0251,0.8052
32.204,-0.0398,0.0345,-0.0564,0.1155,-0.3064,-0.3064,-0.4982,0.0251,0.8052
32.207,-0.0398,0.0345,-0.0564,0.1155,-0.3064,-0.3064,-0.4982,0.0251,0.8052
32.210,-0.0390,0.0345,-0.0564,0.1187,-0.3064,-0.3064,-0.4990,0.0251,0.8052
32.214,-0.0378,0.0320,-0.0564,0.1174,-0.3162,-0.3162,-0.5466,0.0275,0.8052
32.218,-0.0378,0.0320,-0.0565,0.1174,-0.3162,-0.3162,-0.5466,0.0275,0.8051
32.225,-0.0382,0.0320,-0.0565,0.1166,-0.3162,-0.3162,-0.5474,0.0275,0.8051
32.232,-0.0382,0.0332,-0.0566,0.1166,-0.3138,-0.3138,-0.5474,0.0300,0.8051
32.239,-0.0369,0.0332,-0.0566,0.1153,-0.3138,-0.3138,-0.5922,0.0300,0.8051
32.243,-0.0385,0.0332,-0.0567,0.1156,-0.3138,-0.3138,-0.5882,0.0300,0.8050
32.247,-0.0385,0.0381,-0.0567,0.1156,-0.3150,-0.3150,-0.5882,0.0177,0.8050
32.250,-0.0385,0.0381,-0.0568,0.1156,-0.3150,-0.3150,-0.5882,0.0177,0.8050
32.254,-0.0374,0.0381,-0.0568,0.1144,-0.3150,-0.3150,-0.6299,0.0177,0.8050
32.258,-0.0374,0.0381,-0.0568,0.1144,-0.3150,-0.3150,-0.6299,0.0177,0.8050
32.261,-0.0358,0.0381,-0.0569,0.1128,-0.3150,-0.3150,-0.6359,0.0177,0.8050
32.264,-0.0358,0.0332,-0.0569,0.1128,-0.3101,-0.3101,-0.6359,0.0361,0.8050
32.268,-0.0358,0.0332,-0.0569,0.1128,-0.3101,-0.3101,-0.6359,0.0361,0.8050
32.272,-0.0358,0.0332,-0.0569,0.1128,-0.3101,-0.3101,-0.6359,0.0361,0.8049
32.275,-0.0327,0.0332,-0.0570,0.1155,-0.3101,-0.3101,-0.6703,0.0361,0.8049
32.279,-0.0327,0.0271,-0.0570,0.1155,-0.3224,-0.3224,-0.6703,0.0251,0.8049
32.283,-0.0327,0.0271,-0.0570,0.1155,-0.3224,-0.3224,-0.6703,0.0251,0.8049
32.286,-0.0327,0.0271,-0.0571,0.1155,-0.3224,-0.3224,-0.6703,0.0251,0.8049
32.290,-0.0327,0.0271,-0.0571,0.1155,-0.3224,-0.3224,-0.6703,0.0251,0.8049
32.293,-0.0320,0.0271,-0.0571,0.1035,-0.3224,-0.3224,-0.7069,0.0251,0.8049
32.297,-0.0320,0.0283,-0.0572,0.1035,-0.3199,-0.3199,-0.7069,0.0324,0.8048
32.301,-0.0320,0.0283,-0.0572,0.1035,-0.3199,-0.3199,-0.7069,0.0324,0.8048
32.304,-0.0320,0.0283,-0.0572,0.1035,-0.3199,-0.3199,-0.7069,0.0324,0.8048
32.308,-0.0320,0.0283,-0.0572,0.1035,-0.3199,-0.3199,-0.7069,0.0324,0.8048
32.311,-0.0324,0.0283,-0.0573,0.1035,-0.3199,-0.3199,-0.7077,0.0324,0.8048
32.314,-0.0315,0.0295,-0.0573,0.1035,-0.3199,-0.3199,-0.7375,0.0349,0.8048
32.318,-0.0315,0.0295,-0.0573,0.1035,-0.3199,-0.3199,-0.7375,0.0349,0.8048
32.322,-0.0315,0.0295,-0.0574,0.1035,-0.3199,-0.3199,-0.7375,0.0349,0.8048
32.325,-0.0303,0.0295,-0.0574,0.1059,-0.3199,-0.3199,-0.7347,0.0349,0.8048
32.328,-0.0303,0.0258,-0.0574,0.1059,-0.3273,-0.3273,-0.7347,0.0263,0.8047
32.334,-0.0293,0.0258,-0.0574,0.1059,-0.3273,-0.3273,-0.7599,0.0263,0.8047
32.341,-0.0293,0.0258,-0.0575,0.1059,-0.3273,-0.3273,-0.7599,0.0263,0.8047
32.345,-0.0345,0.0258,-0.0575,0.0984,-0.3273,-0.3273,-0.7523,0.0263,0.8047
32.349,-0.0345,0.0418,-0.0576,0.0984,-0.3039,-0.3039,-0.7523,0.0029,0.8047
32.352,-0.0345,0.0418,-0.0576,0.0984,-0.3039,-0.3039,-0.7523,0.0029,0.8047
32.355,-0.0337,0.0418,-0.0576,0.0984,-0.3039,-0.3039,-0.7730,0.0029,0.8047
32.359,-0.0305,0.0418,-0.0576,0.0972,-0.3039,-0.3039,-0.7714,0.0029,0.8046
32.363,-0.0305,0.0320,-0.0577,0.0972,-0.3002,-0.3002,-0.7714,-0.0020,0.8046
32.367,-0.0305,0.0320,-0.0577,0.0972,-0.3002,-0.3002,-0.7714,-0.0020,0.8046
32.370,-0.0305,0.0320,-0.0577,0.0972,-0.3002,-0.3002,-0.7714,-0.0020,0.8046
32.377,-0.0309,0.0320,-0.0577,0.1059,-0.3002,-0.3002,-0.7991,-0.0020,0.8046
32.383,-0.0309,0.0357,-0.0578,0.1059,-0.3273,-0.3273,-0.7991,0.0337,0.8046
32.386,-0.0309,0.0357,-0.0578,0.1059,-0.3273,-0.3273,-0.7991,0.0337,0.8046
32.390,-0.0309,0.0357,-0.0579,0.1059,-0.3273,-0.3273,-0.7991,0.0337,0.8045
32.393,-0.0313,0.0357,-0.0579,0.1047,-0.3273,-0.3273,-0.8049,0.0337,0.8045
32.398,-0.0313,0.0394,-0.0579,0.1047,-0.3236,-0.3236,-0.8049,0.0152,0.8045
32.401,-0.0313,0.0394,-0.0579,0.1047,-0.3236,-0.3236,-0.8049,0.0152,0.8045
32.404,-0.0313,0.0394,-0.0580,0.1047,-0.3236,-0.3236,-0.8049,0.0152,0.8045
32.408,-0.0313,0.0394,-0.0580,0.1047,-0.3236,-0.3236,-0.8049,0.0152,0.8045
32.411,-0.0317,0.0394,-0.0580,0.1011,-0.3236,-0.3236,-0.8077,0.0152,0.8045
32.416,-0.0310,0.0406,-0.0580,0.1011,-0.3125,-0.3125,-0.8150,0.0238,0.8045
32.420,-0.0310,0.0406,-0.0581,0.1011,-0.3125,-0.3125,-0.8150,0.0238,0.8045
32.423,-0.0310,0.0406,-0.0581,0.1011,-0.3125,-0.3125,-0.8150,0.0238,0.8044
32.427,-0.0286,0.0406,-0.0581,0.1011,-0.3125,-0.3125,-0.8094,0.0238,0.8044
32.430,-0.0286,0.0332,-0.0581,0.1011,-0.3125,-0.3125,-0.8094,0.0066,0.8044
32.435,-0.0279,0.0332,-0.0581,0.1011,-0.3125,-0.3125,-0.8120,0.0066,0.8044
32.443,-0.0252,0.0332,-0.0582,0.1007,-0.3125,-0.3125,-0.8180,0.0066,0.8044
32.446,-0.0252,0.0246,-0.0582,0.1007,-0.3113,-0.3113,-0.8180,0.0251,0.8044
32.450,-0.0252,0.0246,-0.0583,0.1007,-0.3113,-0.3113,-0.8180,0.0251,0.8044
32.453,-0.0245,0.0246,-0.0583,0.1007,-0.3113,-0.3113,-0.8163,0.0251,0.8044
32.457,-0.0245,0.0246,-0.0583,0.1007,-0.3113,-0.3113,-0.8163,0.0251,0.8044
32.460,-0.0289,0.0246,-0.0583,0.1011,-0.3113,-0.3113,-0.8167,0.0251,0.8043
32.464,-0.0289,0.0381,-0.0583,0.1011,-0.3125,-0.3125,-0.8167,0.0263,0.8043
32.468,-0.0289,0.0381,-0.0584,0.1011,-0.3125,-0.3125,-0.8167,0.0263,0.8043
32.471,-0.0289,0.0381,-0.0584,0.1011,-0.3125,-0.3125,-0.8167,0.0263,0.8043
32.475,-0.0283,0.0381,-0.0584,0.1011,-0.3125,-0.3125,-0.8105,0.0263,0.8043
32.478,-0.0240,0.0381,-0.0584,0.1023,-0.3125,-0.3125,-0.8097,0.0263,0.8043
32.483,-0.0240,0.0246,-0.0584,0.1023,-0.3162,-0.3162,-0.8097,0.0238,0.8043
32.486,-0.0240,0.0246,-0.0585,0.1023,-0.3162,-0.3162,-0.8097,0.0238,0.8043
32.490,-0.0240,0.0246,-0.0585,0.1023,-0.3162,-0.3162,-0.8097,0.0238,0.8043
32.493,-0.0222,0.0246,-0.0585,0.1003,-0.3162,-0.3162,-0.7996,0.0238,0.8043
32.497,-0.0222,0.0209,-0.0585,0.1003,-0.3101,-0.3101,-0.7996,0.0238,0.8042
32.500,-0.0222,0.0209,-0.0586,0.1003,-0.3101,-0.3101,-0.7996,0.0238,0.8042
32.503,-0.0222,0.0209,-0.0586,0.1003,-0.3101,-0.3101,-0.7996,0.0238,0.8042
32.507,-0.0222,0.0209,-0.0586,0.1003,-0.3101,-0.3101,-0.7996,0.0238,0.8042
32.510,-0.0258,0.0209,-0.0586,0.1011,-0.3101,-0.3101,-0.7957,0.0238,0.8042
32.513,-0.0253,0.0320,-0.0586,0.1011,-0.3125,-0.3125,-0.7813,0.0115,0.8042
32.517,-0.0253,0.0320,-0.0587,0.1011,-0.3125,-0.3125,-0.7813,0.0115,0.8042
32.521,-0.0253,0.0320,-0.0587,0.1011,-0.3125,-0.3125,-0.7813,0.0115,0.8042
32.528,-0.0265,0.0320,-0.0587,0.1039,-0.3125,-0.3125,-0.7837,0.0115,0.8042
32.533,-0.0260,0.0357,-0.0587,0.1039,-0.3211,-0.3211,-0.7647,0.0189,0.8042
32.537,-0.0260,0.0357,-0.0588,0.1039,-0.3211,-0.3211,-0.7647,0.0189,0.8041
32.542,-0.0256,0.0357,-0.0588,0.1019,-0.3211,-0.3211,-0.7667,0.0189,0.8041
32.549,-0.0256,0.0345,-0.0588,0.1019,-0.3150,-0.3150,-0.7667,0.0251,0.8041
32.553,-0.0251,0.0345,-0.0589,0.1019,-0.3150,-0.3150,-0.7438,0.0251,0.8041
32.557,-0.0251,0.0345,-0.0589,0.1019,-0.3150,-0.3150,-0.7438,0.0251,0.8041
32.560,-0.0211,0.0345,-0.0589,0.1027,-0.3150,-0.3150,-0.7434,0.0251,0.8041
32.563,-0.0211,0.0221,-0.0589,0.1027,-0.3174,-0.3174,-0.7434,0.0238,0.8041
32.567,-0.0211,0.0221,-0.0589,0.1027,-0.3174,-0.3174,-0.7434,0.0238,0.8041
32.571,-0.0211,0.0221,-0.0589,0.1027,-0.3174,-0.3174,-0.7434,0.0238,0.8041
32.574,-0.0206,0.0221,-0.0590,0.1027,-0.3174,-0.3174,-0.7167,0.0238,0.8041
32.578,-0.0250,0.0221,-0.0590,0.1019,-0.3174,-0.3174,-0.7155,0.0238,0.8041
32.581,-0.0250,0.0357,-0.0590,0.1019,-0.3150,-0.3150,-0.7155,0.0201,0.8040
32.585,-0.0250,0.0357,-0.0590,0.1019,-0.3150,-0.3150,-0.7155,0.0201,0.8040
32.588,-0.0250,0.0357,-0.0590,0.1019,-0.3150,-0.3150,-0.7155,0.0201,0.8040
32.591,-0.0250,0.0357,-0.0591,0.1019,-0.3150,-0.3150,-0.7155,0.0201,0.8040
32.595,-0.0214,0.0357,-0.0591,0.1007,-0.3150,-0.3150,-0.6834,0.0201,0.8040
32.599,-0.0214,0.0258,-0.0591,0.1007,-0.3113,-0.3113,-0.6834,0.0164,0.8040
32.602,-0.0214,0.0258,-0.0591,0.1007,-0.3113,-0.3113,-0.6834,0.0164,0.8040
32.606,-0.0214,0.0258,-0.0591,0.1007,-0.3113,-0.3113,-0.6834,0.0164,0.8040
32.609,-0.0258,0.0258,-0.0591,0.1023,-0.3113,-0.3113,-0.6854,0.0164,0.8040
32.612,-0.0253,0.0394,-0.0592,0.1023,-0.3162,-0.3162,-0.6505,0.0226,0.8040
32.617,-0.0253,0.0394,-0.0592,0.1023,-0.3162,-0.3162,-0.6505,0.0226,0.8040
32.620,-0.0253,0.0394,-0.0592,0.1023,-0.3162,-0.3162,-0.6505,0.0226,0.8040
32.624,-0.0253,0.0394,-0.0592,0.1023,-0.3162,-0.3162,-0.6505,0.0226,0.8040
32.627,-0.0229,0.0394,-0.0592,0.1003,-0.3162,-0.3162,-0.6453,0.0226,0.8039
32.630,-0.0229,0.0320,-0.0592,0.1003,-0.3101,-0.3101,-0.6453,0.0066,0.8039
32.634,-0.0225,0.0320,-0.0593,0.1003,-0.3101,-0.3101,-0.6070,0.0066,0.8039
32.638,-0.0225,0.0320,-0.0593,0.1003,-0.3101,-0.3101,-0.6070,0.0066,0.8039
32.641,-0.0225,0.0320,-0.0593,0.1003,-0.3101,-0.3101,-0.6070,0.0066,0.8039
32.646,-0.0221,0.0320,-0.0593,0.1011,-0.3101,-0.3101,-0.6093,0.0066,0.8039
32.654,-0.0217,0.0308,-0.0593,0.1011,-0.3125,-0.3125,-0.5674,0.0140,0.8039
32.659,-0.0233,0.0308,-0.0594,0.1019,-0.3125,-0.3125,-0.5698,0.0140,0.8039
32.663,-0.0233,0.0357,-0.0594,0.1019,-0.3150,-0.3150,-0.5698,0.0214,0.8039
32.667,-0.0233,0.0357,-0.0594,0.1019,-0.3150,-0.3150,-0.5698,0.0214,0.8039
32.671,-0.0233,0.0357,-0.0594,0.1019,-0.3150,-0.3150,-0.5698,0.0214,0.8039
32.674,-0.0229,0.0357,-0.0594,0.1019,-0.3150,-0.3150,-0.5251,0.0214,0.8039
32.683,-0.0229,0.0357,-0.0595,0.1015,-0.3150,-0.3150,-0.5223,0.0214,0.8038
32.689,-0.0229,0.0357,-0.0595,0.1015,-0.3138,-0.3138,-0.5223,0.0127,0.8038
32.692,-0.0241,0.0357,-0.0595,0.1007,-0.3138,-0.3138,-0.4759,0.0127,0.8038
32.697,-0.0241,0.0406,-0.0595,0.1007,-0.3113,-0.3113,-0.4759,0.0177,0.8038
32.701,-0.0241,0.0406,-0.0596,0.1007,-0.3113,-0.3113,-0.4759,0.0177,0.8038
32.704,-0.0241,0.0406,-0.0596,0.1007,-0.3113,-0.3113,-0.4759,0.0177,0.8038
32.707,-0.0241,0.0406,-0.0596,0.1007,-0.3113,-0.3113,-0.4759,0.0177,0.8038
32.710,-0.0201,0.0406,-0.0596,0.1051,-0.3113,-0.3113,-0.4807,0.0177,0.8038
32.714,-0.0197,0.0283,-0.0596,0.1051,-0.3248,-0.3248,-0.4297,0.0324,0.8038
32.718,-0.0197,0.0283,-0.0596,0.1051,-0.3248,-0.3248,-0.4297,0.0324,0.8038
32.721,-0.0197,0.0283,-0.0596,0.1051,-0.3248,-0.3248,-0.4297,0.0324,0.8038
32.725,-0.0197,0.0283,-0.0597,0.1051,-0.3248,-0.3248,-0.4297,0.0324,0.8038
32.728,-0.0177,0.0283,-0.0597,0.1015,-0.3248,-0.3248,-0.4257,0.0324,0.8038
32.733,-0.0173,0.0221,-0.0597,0.1015,-0.3138,-0.3138,-0.3724,0.0201,0.8037
32.737,-0.0173,0.0221,-0.0597,0.1015,-0.3138,-0.3138,-0.3724,0.0201,0.8037
32.741,-0.0173,0.0221,-0.0597,0.1015,-0.3138,-0.3138,-0.3724,0.0201,0.8037
32.744,-0.0213,0.0221,-0.0597,0.0999,-0.3138,-0.3138,-0.3680,0.0201,0.8037
32.748,-0.0213,0.0345,-0.0598,0.0999,-0.3088,-0.3088,-0.3680,0.0066,0.8037
32.752,-0.0111,0.0345,-0.0598,0.0999,-0.3088,-0.3088,-0.3128,0.0066,0.8037
32.760,-0.0044,0.0345,-0.0598,0.1023,-0.3088,-0.3088,-0.3220,0.0066,0.8037
32.764,-0.0044,0.0135,-0.0598,0.1023,-0.3162,-0.3162,-0.3220,0.0349,0.8037
32.768,-0.0044,0.0135,-0.0598,0.1023,-0.3162,-0.3162,-0.3220,0.0349,0.8037
32.771,-0.0044,0.0135,-0.0598,0.1023,-0.3162,-0.3162,-0.3220,0.0349,0.8037
32.774,-0.0044,0.0135,-0.0599,0.1023,-0.3162,-0.3162,-0.2653,0.0349,0.8037
32.778,-0.0131,0.0135,-0.0599,0.1023,-0.3162,-0.3162,-0.2589,0.0349,0.8037
32.781,-0.0131,0.0406,-0.0599,0.1023,-0.3162,-0.3162,-0.2589,0.0152,0.8037
32.785,-0.0131,0.0406,-0.0599,0.1023,-0.3162,-0.3162,-0.2589,0.0152,0.8037
32.789,-0.0131,0.0406,-0.0599,0.1023,-0.3162,-0.3162,-0.2589,0.0152,0.8036
32.792,-0.0104,0.0406,-0.0599,0.1003,-0.3162,-0.3162,-0.2558,0.0152,0.8036
32.795,-0.0104,0.0320,-0.0599,0.1003,-0.3101,-0.3101,-0.1975,0.0054,0.8036
32.799,-0.0104,0.0320,-0.0599,0.1003,-0.3101,-0.3101,-0.1975,0.0054,0.8036
32.803,-0.0104,0.0320,-0.0600,0.1003,-0.3101,-0.3101,-0.1975,0.0054,0.8036
32.806,-0.0104,0.0320,-0.0600,0.1003,-0.3101,-0.3101,-0.1975,0.0054,0.8036
32.809,-0.0108,0.0320,-0.0600,0.1019,-0.3101,-0.3101,-0.2010,0.0054,0.8036
32.813,-0.0108,0.0332,-0.0600,0.1019,-0.3150,-0.3150,-0.1420,0.0164,0.8036
32.817,-0.0108,0.0332,-0.0600,0.1019,-0.3150,-0.3150,-0.1420,0.0164,0.8036
32.820,-0.0108,0.0332,-0.0600,0.1019,-0.3150,-0.3150,-0.1420,0.0164,0.8036
32.824,-0.0108,0.0332,-0.0600,0.1019,-0.3150,-0.3150,-0.1420,0.0164,0.8036
32.827,-0.0135,0.0332,-0.0600,0.1003,-0.3150,-0.3150,-0.1436,0.0164,0.8036
32.836,-0.0135,0.0418,-0.0601,0.1003,-0.3101,-0.3101,-0.0841,0.0214,0.8036
32.841,-0.0135,0.0418,-0.0601,0.1003,-0.3101,-0.3101,-0.0841,0.0214,0.8036
32.844,-0.0111,0.0418,-0.0601,0.0980,-0.3101,-0.3101,-0.0805,0.0214,0.8036
32.848,-0.0111,0.0345,-0.0601,0.0980,-0.3027,-0.3027,-0.0805,0.0103,0.8036
32.851,-0.0111,0.0345,-0.0601,0.0980,-0.3027,-0.3027,-0.0805,0.0103,0.8036
32.855,-0.0111,0.0345,-0.0601,0.0980,-0.3027,-0.3027,-0.0211,0.0103,0.8035
32.860,-0.0104,0.0345,-0.0602,0.1015,-0.3027,-0.3027,-0.0239,0.0103,0.8035
32.867,-0.0104,0.0320,-0.0602,0.1015,-0.3138,-0.3138,-0.0239,0.0189,0.8035
32.871,-0.0104,0.0320,-0.0602,0.1015,-0.3138,-0.3138,-0.0239,0.0189,0.8035
32.875,-0.0104,0.0320,-0.0602,0.1015,-0.3138,-0.3138,0.0357,0.0189,0.8035
32.878,-0.0100,0.0320,-0.0602,0.1007,-0.3138,-0.3138,0.0389,0.0189,0.8035
32.882,-0.0100,0.0308,-0.0602,0.1007,-0.3113,-0.3113,0.0389,0.0091,0.8035
32.886,-0.0100,0.0308,-0.0602,0.1007,-0.3113,-0.3113,0.0389,0.0091,0.8035
32.889,-0.0100,0.0308,-0.0603,0.1007,-0.3113,-0.3113,0.0389,0.0091,0.8035
32.892,-0.0104,0.0308,-0.0603,0.1027,-0.3113,-0.3113,0.0338,0.0091,0.8035
32.896,-0.0104,0.0320,-0.0603,0.1027,-0.3174,-0.3174,0.0930,0.0251,0.8035
32.900,-0.0104,0.0320,-0.0603,0.1027,-0.3174,-0.3174,0.0930,0.0251,0.8035
32.903,-0.0104,0.0320,-0.0603,0.1027,-0.3174,-0.3174,0.0930,0.0251,0.8035
32.913,-0.0080,0.0320,-0.0603,0.1015,-0.3174,-0.3174,0.1533,0.0251,0.8035
32.923,-0.0080,0.0246,-0.0603,0.1015,-0.3138,-0.3138,0.1533,0.0189,0.8035
32.928,-0.0115,0.0246,-0.0604,0.1043,-0.3138,-0.3138,0.1529,0.0189,0.8034
32.932,-0.0115,0.0357,-0.0604,0.1043,-0.3224,-0.3224,0.2101,0.0201,0.8034
32.937,-0.0115,0.0357,-0.0604,0.1043,-0.3224,-0.3224,0.2101,0.0201,0.8034
32.941,-0.0115,0.0357,-0.0604,0.1043,-0.3224,-0.3224,0.2101,0.0201,0.8034
32.944,-0.0100,0.0357,-0.0604,0.0999,-0.3224,-0.3224,0.2149,0.0201,0.8034
32.948,-0.0100,0.0308,-0.0604,0.0999,-0.3088,-0.3088,0.2149,0.0054,0.8034
32.951,-0.0100,0.0308,-0.0604,0.0999,-0.3088,-0.3088,0.2149,0.0054,0.8034
32.954,-0.0100,0.0308,-0.0604,0.0999,-0.3088,-0.3088,0.2705,0.0054,0.8034
32.959,-0.0108,0.0308,-0.0605,0.1019,-0.3088,-0.3088,0.2634,0.0054,0.8034
32.962,-0.0108,0.0332,-0.0605,0.1019,-0.3150,-0.3150,0.2634,0.0275,0.8034
32.966,-0.0108,0.0332,-0.0605,0.1019,-0.3150,-0.3150,0.2634,0.0275,0.8034
32.970,-0.0108,0.0332,-0.0605,0.1019,-0.3150,-0.3150,0.2634,0.0275,0.8034
32.978,-0.0111,0.0332,-0.0605,0.1035,-0.3150,-0.3150,0.3196,0.0275,0.8034
32.987,-0.0111,0.0345,-0.0605,0.1035,-0.3199,-0.3199,0.3196,0.0189,0.8034
32.991,-0.0111,0.0345,-0.0605,0.1035,-0.3199,-0.3199,0.3196,0.0189,0.8034
32.995,-0.0108,0.0345,-0.0606,0.1019,-0.3199,-0.3199,0.3690,0.0189,0.8034
32.999,-0.0108,0.0332,-0.0606,0.1019,-0.3150,-0.3150,0.3690,0.0251,0.8034
33.002,-0.0108,0.0332,-0.0606,0.1019,-0.3150,-0.3150,0.3690,0.0251,0.8034
33.006,-0.0108,0.0332,-0.0606,0.1019,-0.3150,-0.3150,0.3690,0.0251,0.8034
33.009,-0.0088,0.0332,-0.0606,0.1011,-0.3150,-0.3150,0.3738,0.0251,0.8033
33.013,-0.0088,0.0271,-0.0606,0.1011,-0.3125,-0.3125,0.4223,0.0103,0.8033
33.018,-0.0088,0.0271,-0.0606,0.1011,-0.3125,-0.3125,0.4223,0.0103,0.8033
33.021,-0.0088,0.0271,-0.0606,0.1011,-0.3125,-0.3125,0.4223,0.0103,0.8033
33.025,-0.0088,0.0271,-0.0606,0.1011,-0.3125,-0.3125,0.4223,0.0103,0.8033
33.028,-0.0151,0.0271,-0.0606,0.1019,-0.3125,-0.3125,0.4223,0.0103,0.8033
33.032,-0.0151,0.0468,-0.0607,0.1019,-0.3150,-0.3150,0.4223,0.0103,0.8033
33.035,-0.0151,0.0468,-0.0607,0.1019,-0.3150,-0.3150,0.4675,0.0103,0.8033
33.039,-0.0151,0.0468,-0.0607,0.1019,-0.3150,-0.3150,0.4675,0.0103,0.8033
33.042,-0.0088,0.0468,-0.0607,0.1003,-0.3150,-0.3150,0.4635,0.0103,0.8033
33.045,-0.0088,0.0271,-0.0607,0.1003,-0.3101,-0.3101,0.4635,0.0226,0.8033
33.049,-0.0088,0.0271,-0.0607,0.1003,-0.3101,-0.3101,0.4635,0.0226,0.8033
33.052,-0.0088,0.0271,-0.0607,0.1003,-0.3101,-0.3101,0.5051,0.0226,0.8033
33.056,-0.0088,0.0271,-0.0607,0.1003,-0.3101,-0.3101,0.5051,0.0226,0.8033
33.059,-0.0131,0.0271,-0.0607,0.1003,-0.3101,-0.3101,0.5103,0.0226,0.8033
33.063,-0.0131,0.0406,-0.0607,0.1003,-0.3101,-0.3101,0.5103,0.0066,0.8033
33.067,-0.0131,0.0406,-0.0607,0.1003,-0.3101,-0.3101,0.5103,0.0066,0.8033
33.070,-0.0131,0.0406,-0.0607,0.1003,-0.3101,-0.3101,0.5103,0.0066,0.8033
33.074,-0.0131,0.0406,-0.0608,0.1003,-0.3101,-0.3101,0.5480,0.0066,0.8033
33.082,-0.0080,0.0406,-0.0608,0.1031,-0.3101,-0.3101,0.5369,0.0066,0.8033
33.086,-0.0080,0.0246,-0.0608,0.1031,-0.3187,-0.3187,0.5369,0.0410,0.8033
33.089,-0.0080,0.0246,-0.0608,0.1031,-0.3187,-0.3187,0.5369,0.0410,0.8033
33.093,-0.0080,0.0246,-0.0608,0.1039,-0.3187,-0.3187,0.5717,0.0410,0.8033
33.097,-0.0080,0.0246,-0.0608,0.1039,-0.3211,-0.3211,0.5717,0.0374,0.8033
33.101,-0.0080,0.0246,-0.0608,0.1039,-0.3211,-0.3211,0.5717,0.0374,0.8033
33.104,-0.0080,0.0246,-0.0608,0.1039,-0.3211,-0.3211,0.5717,0.0374,0.8032
33.107,-0.0080,0.0246,-0.0608,0.1039,-0.3211,-0.3211,0.5717,0.0374,0.8032
33.111,-0.0104,0.0246,-0.0608,0.0991,-0.3211,-0.3211,0.5836,0.0374,0.8032
33.115,-0.0104,0.0320,-0.0609,0.0991,-0.3064,-0.3064,0.6131,0.0004,0.8032
33.119,-0.0104,0.0320,-0.0609,0.0991,-0.3064,-0.3064,0.6131,0.0004,0.8032
33.123,-0.0104,0.0320,-0.0609,0.0991,-0.3064,-0.3064,0.6131,0.0004,0.8032
33.126,-0.0084,0.0320,-0.0609,0.1023,-0.3064,-0.3064,0.6051,0.0004,0.8032
33.129,-0.0084,0.0258,-0.0609,0.1023,-0.3162,-0.3162,0.6051,0.0251,0.8032
33.137,-0.0084,0.0258,-0.0609,0.1023,-0.3162,-0.3162,0.6310,0.0251,0.8032
33.143,-0.0084,0.0258,-0.0609,0.1043,-0.3162,-0.3162,0.6282,0.0251,0.8032
33.146,-0.0084,0.0258,-0.0609,0.1043,-0.3224,-0.3224,0.6282,0.0337,0.8032
33.150,-0.0084,0.0258,-0.0609,0.1043,-0.3224,-0.3224,0.6282,0.0337,0.8032
33.153,-0.0084,0.0258,-0.0609,0.1043,-0.3224,-0.3224,0.6501,0.0337,0.8032
33.157,-0.0084,0.0258,-0.0609,0.1043,-0.3224,-0.3224,0.6501,0.0337,0.8032
33.160,-0.0115,0.0258,-0.0609,0.0999,-0.3224,-0.3224,0.6588,0.0337,0.8032
33.164,-0.0115,0.0357,-0.0610,0.0999,-0.3088,-0.3088,0.6588,0.0066,0.8032
33.167,-0.0115,0.0357,-0.0610,0.0999,-0.3088,-0.3088,0.6588,0.0066,0.8032
33.171,-0.0115,0.0357,-0.0610,0.0999,-0.3088,-0.3088,0.6588,0.0066,0.8032
33.175,-0.0115,0.0357,-0.0610,0.0999,-0.3088,-0.3088,0.6770,0.0066,0.8032
33.179,-0.0108,0.0357,-0.0610,0.1035,-0.3088,-0.3088,0.6727,0.0066,0.8032
33.184,-0.0108,0.0332,-0.0610,0.1035,-0.3199,-0.3199,0.6727,0.0201,0.8032
33.191,-0.0108,0.0332,-0.0610,0.1035,-0.3199,-0.3199,0.6727,0.0201,0.8032
33.195,-0.0080,0.0332,-0.0610,0.1023,-0.3199,-0.3199,0.6848,0.0201,0.8032
33.199,-0.0080,0.0246,-0.0610,0.1023,-0.3162,-0.3162,0.6848,0.0263,0.8032
33.203,-0.0080,0.0246,-0.0610,0.1023,-0.3162,-0.3162,0.6848,0.0263,0.8032
33.207,-0.0080,0.0246,-0.0610,0.1023,-0.3162,-0.3162,0.6848,0.0263,0.8032
33.210,-0.0060,0.0246,-0.0610,0.1047,-0.3162,-0.3162,0.6844,0.0263,0.8032
33.213,-0.0060,0.0185,-0.0611,0.1047,-0.3236,-0.3236,0.6943,0.0275,0.8032
33.217,-0.0060,0.0185,-0.0611,0.1047,-0.3236,-0.3236,0.6943,0.0275,0.8031
33.221,-0.0060,0.0185,-0.0611,0.1047,-0.3236,-0.3236,0.6943,0.0275,0.8031
33.224,-0.0060,0.0185,-0.0611,0.1047,-0.3236,-0.3236,0.6943,0.0275,0.8031
33.227,-0.0127,0.0185,-0.0611,0.1027,-0.3236,-0.3236,0.6947,0.0275,0.8031
33.231,-0.0127,0.0394,-0.0611,0.1027,-0.3174,-0.3174,0.6947,0.0263,0.8031
33.234,-0.0127,0.0394,-0.0611,0.1027,-0.3174,-0.3174,0.7002,0.0263,0.8031
33.238,-0.0127,0.0394,-0.0611,0.1027,-0.3174,-0.3174,0.7002,0.0263,0.8031
33.241,-0.0127,0.0394,-0.0611,0.1027,-0.3174,-0.3174,0.7002,0.0263,0.8031
33.244,-0.0088,0.0394,-0.0611,0.1035,-0.3174,-0.3174,0.7030,0.0263,0.8031
33.248,-0.0088,0.0271,-0.0611,0.1035,-0.3199,-0.3199,0.7030,0.0177,0.8031
33.251,-0.0088,0.0271,-0.0611,0.1035,-0.3199,-0.3199,0.7030,0.0177,0.8031
33.255,-0.0088,0.0271,-0.0611,0.1035,-0.3199,-0.3199,0.7041,0.0177,0.8031
33.258,-0.0119,0.0271,-0.0611,0.1019,-0.3199,-0.3199,0.7077,0.0177,0.8031
33.262,-0.0119,0.0369,-0.0611,0.1019,-0.3150,-0.3150,0.7077,0.0066,0.8031
33.266,-0.0119,0.0369,-0.0611,0.1019,-0.3150,-0.3150,0.7077,0.0066,0.8031
33.270,-0.0119,0.0369,-0.0612,0.1019,-0.3150,-0.3150,0.7077,0.0066,0.8031
33.274,-0.0119,0.0369,-0.0612,0.1019,-0.3150,-0.3150,0.7049,0.0066,0.8031
33.278,-0.0127,0.0369,-0.0612,0.1035,-0.3150,-0.3150,0.7001,0.0066,0.8031
33.282,-0.0127,0.0394,-0.0612,0.1035,-0.3199,-0.3199,0.7001,0.0214,0.8031
33.291,-0.0127,0.0394,-0.0612,0.1035,-0.3199,-0.3199,0.7001,0.0214,0.8031
33.301,-0.0068,0.0394,-0.0612,0.1043,-0.3199,-0.3199,0.7010,0.0214,0.8031
33.306,-0.0068,0.0209,-0.0612,0.1043,-0.3224,-0.3224,0.7010,0.0275,0.8031
33.309,-0.0127,0.0209,-0.0612,0.1027,-0.3224,-0.3224,0.7030,0.0275,0.8031
33.313,-0.0127,0.0394,-0.0612,0.1027,-0.3174,-0.3174,0.7034,0.0214,0.8031
33.318,-0.0127,0.0394,-0.0612,0.1027,-0.3174,-0.3174,0.7034,0.0214,0.8031
33.321,-0.0127,0.0394,-0.0612,0.1027,-0.3174,-0.3174,0.7034,0.0214,0.8031
33.325,-0.0127,0.0394,-0.0612,0.1027,-0.3174,-0.3174,0.7034,0.0214,0.8031
33.328,-0.0139,0.0394,-0.0613,0.1003,-0.3174,-0.3174,0.7070,0.0214,0.8031
33.332,-0.0139,0.0431,-0.0613,0.1003,-0.3101,-0.3101,0.7070,0.0103,0.8031
33.335,-0.0139,0.0431,-0.0613,0.1003,-0.3101,-0.3101,0.7082,0.0103,0.8031
33.339,-0.0139,0.0431,-0.0613,0.1003,-0.3101,-0.3101,0.7082,0.0103,0.8031
33.342,-0.0068,0.0431,-0.0613,0.1043,-0.3101,-0.3101,0.7023,0.0103,0.8031
33.346,-0.0068,0.0209,-0.0613,0.1043,-0.3224,-0.3224,0.7023,0.0287,0.8031
33.349,-0.0068,0.0209,-0.0613,0.1043,-0.3224,-0.3224,0.7023,0.0287,0.8031
33.353,-0.0068,0.0209,-0.0613,0.1043,-0.3224,-0.3224,0.6998,0.0287,0.8030
33.356,-0.0068,0.0209,-0.0613,0.1043,-0.3224,-0.3224,0.6998,0.0287,0.8030
33.360,-0.0159,0.0209,-0.0613,0.0995,-0.3224,-0.3224,0.7130,0.0287,0.8030
33.363,-0.0159,0.0492,-0.0613,0.0995,-0.3076,-0.3076,0.7130,-0.0119,0.8030
33.367,-0.0159,0.0492,-0.0613,0.0995,-0.3076,-0.3076,0.7130,-0.0119,0.8030
33.370,-0.0159,0.0492,-0.0613,0.0995,-0.3076,-0.3076,0.7130,-0.0119,0.8030
33.373,-0.0159,0.0492,-0.0613,0.0995,-0.3076,-0.3076,0.7099,-0.0119,0.8030
33.378,-0.0076,0.0492,-0.0613,0.0988,-0.3076,-0.3076,0.6963,-0.0119,0.8030
33.382,-0.0076,0.0234,-0.0613,0.0988,-0.3051,-0.3051,0.6963,0.0300,0.8030
33.386,-0.0076,0.0234,-0.0613,0.0988,-0.3051,-0.3051,0.6963,0.0300,0.8030
33.389,-0.0076,0.0234,-0.0613,0.0988,-0.3051,-0.3051,0.6963,0.0300,0.8030
33.393,-0.0135,0.0234,-0.0613,0.1023,-0.3051,-0.3051,0.6918,0.0300,0.8030
33.398,-0.0135,0.0418,-0.0614,0.1023,-0.3162,-0.3162,0.6918,0.0214,0.8030
33.403,-0.0135,0.0418,-0.0614,0.1023,-0.3162,-0.3162,0.6918,0.0214,0.8030
33.410,-0.0068,0.0418,-0.0614,0.1011,-0.3162,-0.3162,0.6930,0.0214,0.8030
33.414,-0.0068,0.0209,-0.0614,0.1011,-0.3125,-0.3125,0.6805,0.0177,0.8030
33.418,-0.0068,0.0209,-0.0614,0.1011,-0.3125,-0.3125,0.6805,0.0177,0.8030
33.422,-0.0068,0.0209,-0.0614,0.1011,-0.3125,-0.3125,0.6805,0.0177,0.8030
33.425,-0.0115,0.0209,-0.0614,0.1007,-0.3125,-0.3125,0.6801,0.0177,0.8030
33.429,-0.0115,0.0357,-0.0614,0.1007,-0.3113,-0.3113,0.6801,0.0189,0.8030
33.432,-0.0115,0.0357,-0.0614,0.1007,-0.3113,-0.3113,0.6622,0.0189,0.8030
33.442,-0.0104,0.0357,-0.0614,0.0964,-0.3113,-0.3113,0.6634,0.0189,0.8030
33.447,-0.0104,0.0320,-0.0614,0.0964,-0.2978,-0.2978,0.6634,0.0152,0.8030
33.450,-0.0104,0.0320,-0.0614,0.0964,-0.2978,-0.2978,0.6634,0.0152,0.8030
33.454,-0.0104,0.0320,-0.0614,0.0964,-0.2978,-0.2978,0.6408,0.0152,0.8030
33.458,-0.0104,0.0320,-0.0614,0.0964,-0.2978,-0.2978,0.6408,0.0152,0.8030
33.461,-0.0032,0.0320,-0.0614,0.1007,-0.2978,-0.2978,0.6316,0.0152,0.8030
33.465,-0.0032,0.0098,-0.0614,0.1007,-0.3113,-0.3113,0.6316,0.0435,0.8030
33.468,-0.0032,0.0098,-0.0614,0.1007,-0.3113,-0.3113,0.6316,0.0435,0.8030
33.472,-0.0032,0.0098,-0.0615,0.1007,-0.3113,-0.3113,0.6316,0.0435,0.8030
33.475,-0.0032,0.0098,-0.0615,0.1007,-0.3113,-0.3113,0.6619,0.0435,0.8030
33.479,-0.0092,0.0098,-0.0615,0.1019,-0.3113,-0.3113,0.6679,0.0435,0.8030
33.482,-0.0092,0.0283,-0.0615,0.1019,-0.3150,-0.3150,0.6679,0.0251,0.8030
33.486,-0.0092,0.0283,-0.0615,0.1019,-0.3150,-0.3150,0.6679,0.0251,0.8030
33.489,-0.0092,0.0283,-0.0615,0.1019,-0.3150,-0.3150,0.6679,0.0251,0.8030
33.493,-0.0143,0.0283,-0.0615,0.1019,-0.3150,-0.3150,0.7107,0.0251,0.8030
33.497,-0.0143,0.0443,-0.0615,0.1019,-0.3150,-0.3150,0.7107,0.0078,0.8030
33.500,-0.0143,0.0443,-0.0615,0.1019,-0.3150,-0.3150,0.7107,0.0078,0.8030
33.504,-0.0143,0.0443,-0.0615,0.1019,-0.3150,-0.3150,0.7107,0.0078,0.8030
33.507,-0.0143,0.0443,-0.0615,0.1019,-0.3150,-0.3150,0.7107,0.0078,0.8030
33.510,-0.0096,0.0443,-0.0615,0.1031,-0.3150,-0.3150,0.7031,0.0078,0.8030
33.515,-0.0096,0.0295,-0.0615,0.1031,-0.3187,-0.3187,0.7304,0.0312,0.8030
33.523,-0.0096,0.0295,-0.0615,0.1031,-0.3187,-0.3187,0.7304,0.0312,0.8030
33.526,-0.0104,0.0295,-0.0615,0.1003,-0.3187,-0.3187,0.7336,0.0312,0.8029
33.530,-0.0104,0.0320,-0.0615,0.1003,-0.3101,-0.3101,0.7336,0.0214,0.8029
33.534,-0.0104,0.0320,-0.0615,0.1003,-0.3101,-0.3101,0.6389,0.0214,0.8029
33.538,-0.0104,0.0320,-0.0615,0.1003,-0.3101,-0.3101,0.6389,0.0214,0.8029
33.541,-0.0104,0.0320,-0.0615,0.1003,-0.3101,-0.3101,0.6389,0.0214,0.8029
33.544,-0.0092,0.0320,-0.0615,0.1023,-0.3101,-0.3101,0.6432,0.0214,0.8029
33.548,-0.0092,0.0283,-0.0615,0.1023,-0.3162,-0.3162,0.6432,0.0078,0.8029
33.551,-0.0092,0.0283,-0.0615,0.1023,-0.3162,-0.3162,0.6432,0.0078,0.8029
33.554,-0.0092,0.0283,-0.0616,0.1023,-0.3162,-0.3162,0.7032,0.0078,0.8029
33.558,-0.0092,0.0283,-0.0616,0.1023,-0.3162,-0.3162,0.7032,0.0078,0.8029
33.562,-0.0104,0.0283,-0.0616,0.1031,-0.3162,-0.3162,0.6940,0.0078,0.8029
33.565,-0.0104,0.0320,-0.0616,0.1031,-0.3187,-0.3187,0.6940,0.0361,0.8029
33.569,-0.0104,0.0320,-0.0616,0.1031,-0.3187,-0.3187,0.6940,0.0361,0.8029
33.572,-0.0104,0.0320,-0.0616,0.1031,-0.3187,-0.3187,0.6940,0.0361,0.8029
33.575,-0.0092,0.0320,-0.0616,0.1015,-0.3187,-0.3187,0.5991,0.0361,0.8029
33.580,-0.0092,0.0283,-0.0616,0.1015,-0.3138,-0.3138,0.5991,0.0238,0.8029
33.585,-0.0092,0.0283,-0.0616,0.1015,-0.3138,-0.3138,0.5991,0.0238,0.8029
33.593,-0.0115,0.0283,-0.0616,0.1015,-0.3138,-0.3138,0.4998,0.0238,0.8029
33.599,-0.0115,0.0357,-0.0616,0.1015,-0.3138,-0.3138,0.4998,0.0152,0.8029
33.603,-0.0115,0.0357,-0.0616,0.1015,-0.3138,-0.3138,0.4998,0.0152,0.8029
33.606,-0.0115,0.0357,-0.0616,0.1015,-0.3138,-0.3138,0.4998,0.0152,0.8029
33.610,-0.0123,0.0357,-0.0616,0.1015,-0.3138,-0.3138,0.4962,0.0152,0.8029
33.613,-0.0123,0.0381,-0.0616,0.1015,-0.3138,-0.3138,0.5403,0.0263,0.8029
33.618,-0.0123,0.0381,-0.0616,0.1015,-0.3138,-0.3138,0.5403,0.0263,0.8029
33.621,-0.0123,0.0381,-0.0616,0.1015,-0.3138,-0.3138,0.5403,0.0263,0.8029
33.625,-0.0072,0.0381,-0.0616,0.1031,-0.3138,-0.3138,0.5395,0.0263,0.8029
33.633,-0.0072,0.0221,-0.0616,0.1031,-0.3187,-0.3187,0.4188,0.0287,0.8029
33.638,-0.0072,0.0221,-0.0616,0.1031,-0.3187,-0.3187,0.4188,0.0287,0.8029
33.641,-0.0072,0.0221,-0.0616,0.1031,-0.3187,-0.3187,0.4188,0.0287,0.8029
33.645,-0.0131,0.0221,-0.0616,0.1031,-0.3187,-0.3187,0.4244,0.0287,0.8029
33.649,-0.0131,0.0406,-0.0616,0.1031,-0.3187,-0.3187,0.4244,0.0115,0.8029
33.652,-0.0131,0.0406,-0.0616,0.1031,-0.3187,-0.3187,0.4244,0.0115,0.8029
33.656,-0.0131,0.0406,-0.0617,0.1031,-0.3187,-0.3187,0.4567,0.0115,0.8029
33.659,-0.0111,0.0406,-0.0617,0.1015,-0.3187,-0.3187,0.4551,0.0115,0.8029
33.663,-0.0111,0.0345,-0.0617,0.1015,-0.3138,-0.3138,0.4551,0.0164,0.8029
33.666,-0.0111,0.0345,-0.0617,0.1015,-0.3138,-0.3138,0.4551,0.0164,0.8029
33.670,-0.0111,0.0345,-0.0617,0.1015,-0.3138,-0.3138,0.4551,0.0164,0.8029
33.673,-0.0111,0.0345,-0.0617,0.1015,-0.3138,-0.3138,0.5036,0.0164,0.8029
33.677,-0.0088,0.0345,-0.0617,0.1015,-0.3138,-0.3138,0.4960,0.0164,0.8029
33.681,-0.0088,0.0271,-0.0617,0.1015,-0.3138,-0.3138,0.4960,0.0398,0.8029
33.684,-0.0088,0.0271,-0.0617,0.1015,-0.3138,-0.3138,0.4960,0.0398,0.8029
33.688,-0.0088,0.0271,-0.0617,0.1015,-0.3138,-0.3138,0.4960,0.0398,0.8029
33.691,-0.0088,0.0271,-0.0617,0.1015,-0.3138,-0.3138,0.4960,0.0398,0.8029
33.694,-0.0076,0.0271,-0.0617,0.1043,-0.3138,-0.3138,0.5398,0.0398,0.8029
33.699,-0.0076,0.0234,-0.0617,0.1043,-0.3224,-0.3224,0.5398,0.0386,0.8029
33.702,-0.0076,0.0234,-0.0617,0.1043,-0.3224,-0.3224,0.5398,0.0386,0.8029
33.705,-0.0076,0.0234,-0.0617,0.1043,-0.3224,-0.3224,0.5398,0.0386,0.8029
33.709,-0.0127,0.0234,-0.0617,0.1003,-0.3224,-0.3224,0.5481,0.0386,0.8029
33.712,-0.0127,0.0394,-0.0617,0.1003,-0.3101,-0.3101,0.5481,0.0127,0.8029
33.715,-0.0127,0.0394,-0.0617,0.1003,-0.3101,-0.3101,0.4389,0.0127,0.8029
33.720,-0.0127,0.0394,-0.0617,0.1003,-0.3101,-0.3101,0.4389,0.0127,0.8029
33.724,-0.0127,0.0394,-0.0617,0.1003,-0.3101,-0.3101,0.4389,0.0127,0.8029
33.729,-0.0024,0.0394,-0.0617,0.1031,-0.3101,-0.3101,0.4309,0.0127,0.8029
33.737,-0.0024,0.0074,-0.0617,0.1031,-0.3187,-0.3187,0.5094,0.0374,0.8029
33.746,-0.0104,0.0074,-0.0617,0.1003,-0.3187,-0.3187,0.5213,0.0374,0.8029
33.753,-0.0104,0.0320,-0.0617,0.1003,-0.3101,-0.3101,0.5122,0.0004,0.8029
33.758,-0.0104,0.0320,-0.0617,0.1003,-0.3101,-0.3101,0.5122,0.0004,0.8029
33.762,-0.0080,0.0320,-0.0617,0.1043,-0.3101,-0.3101,0.5002,0.0004,0.8028
33.766,-0.0080,0.0246,-0.0617,0.1043,-0.3224,-0.3224,0.5002,0.0374,0.8028
33.770,-0.0080,0.0246,-0.0618,0.1043,-0.3224,-0.3224,0.5002,0.0374,0.8028
33.774,-0.0080,0.0246,-0.0618,0.1043,-0.3224,-0.3224,0.5780,0.0374,0.8028
33.778,-0.0151,0.0246,-0.0618,0.0960,-0.3224,-0.3224,0.5931,0.0374,0.8028
33.782,-0.0151,0.0468,-0.0618,0.0960,-0.2965,-0.2965,0.5931,-0.0094,0.8028
33.786,-0.0151,0.0468,-0.0618,0.0960,-0.2965,-0.2965,0.5931,-0.0094,0.8028
33.790,-0.0151,0.0468,-0.0618,0.0960,-0.2965,-0.2965,0.5931,-0.0094,0.8028
33.794,-0.0084,0.0468,-0.0618,0.1039,-0.2965,-0.2965,0.5491,-0.0094,0.8028
33.800,-0.0084,0.0258,-0.0618,0.1039,-0.3211,-0.3211,0.5491,0.0201,0.8028
33.804,-0.0084,0.0258,-0.0618,0.1039,-0.3211,-0.3211,0.5491,0.0201,0.8028
33.808,-0.0084,0.0258,-0.0618,0.1039,-0.3211,-0.3211,0.5491,0.0201,0.8028
33.812,-0.0092,0.0258,-0.0618,0.1007,-0.3211,-0.3211,0.5531,0.0201,0.8028
33.816,-0.0092,0.0283,-0.0618,0.1007,-0.3113,-0.3113,0.5090,0.0078,0.8028
33.820,-0.0092,0.0283,-0.0618,0.1007,-0.3113,-0.3113,0.5090,0.0078,0.8028
33.824,-0.0092,0.0283,-0.0618,0.1007,-0.3113,-0.3113,0.5090,0.0078,0.8028
33.828,-0.0131,0.0283,-0.0618,0.0988,-0.3113,-0.3113,0.5102,0.0078,0.8028
33.834,-0.0131,0.0406,-0.0618,0.0988,-0.3051,-0.3051,0.3821,0.0041,0.8028
33.844,-0.0135,0.0406,-0.0618,0.1019,-0.3051,-0.3051,0.3762,0.0041,0.8028
33.848,-0.0135,0.0418,-0.0618,0.1019,-0.3150,-0.3150,0.3762,0.0226,0.8028
33.852,-0.0135,0.0418,-0.0618,0.1019,-0.3150,-0.3150,0.3762,0.0226,0.8028
33.855,-0.0135,0.0418,-0.0618,0.1019,-0.3150,-0.3150,0.3429,0.0226,0.8028
33.860,-0.0104,0.0418,-0.0618,0.1051,-0.3150,-0.3150,0.3449,0.0226,0.8028
33.864,-0.0104,0.0320,-0.0618,0.1051,-0.3248,-0.3248,0.3449,0.0164,0.8028
33.868,-0.0104,0.0320,-0.0618,0.1051,-0.3248,-0.3248,0.3449,0.0164,0.8028
33.871,-0.0104,0.0320,-0.0618,0.1051,-0.3248,-0.3248,0.3449,0.0164,0.8028
33.875,-0.0076,0.0320,-0.0618,0.1027,-0.3248,-0.3248,0.3201,0.0164,0.8028
33.882,-0.0076,0.0234,-0.0618,0.1027,-0.3174,-0.3174,0.3201,0.0226,0.8028
33.890,-0.0076,0.0234,-0.0618,0.1027,-0.3174,-0.3174,0.3201,0.0226,0.8028
33.898,-0.0068,0.0234,-0.0618,0.1031,-0.3174,-0.3174,0.4181,0.0226,0.8028
33.906,-0.0068,0.0209,-0.0618,0.1031,-0.3187,-0.3187,0.4181,0.0324,0.8028
33.909,-0.0072,0.0209,-0.0618,0.1003,-0.3187,-0.3187,0.4233,0.0324,0.8028
33.914,-0.0072,0.0221,-0.0619,0.1003,-0.3101,-0.3101,0.3401,0.0164,0.8028
33.919,-0.0072,0.0221,-0.0619,0.1003,-0.3101,-0.3101,0.3401,0.0164,0.8028
33.924,-0.0072,0.0221,-0.0619,0.1003,-0.3101,-0.3101,0.3401,0.0164,0.8028
33.927,-0.0127,0.0221,-0.0619,0.1027,-0.3101,-0.3101,0.3373,0.0164,0.8028
33.932,-0.0127,0.0394,-0.0619,0.1027,-0.3174,-0.3174,0.3373,0.0251,0.8028
33.935,-0.0127,0.0394,-0.0619,0.1027,-0.3174,-0.3174,0.4014,0.0251,0.8028
33.940,-0.0127,0.0394,-0.0619,0.1027,-0.3174,-0.3174,0.4014,0.0251,0.8028
33.945,-0.0147,0.0394,-0.0619,0.1007,-0.3174,-0.3174,0.4090,0.0251,0.8028
33.953,-0.0147,0.0455,-0.0619,0.1007,-0.3113,-0.3113,0.4711,0.0017,0.8028
33.958,-0.0147,0.0455,-0.0619,0.1007,-0.3113,-0.3113,0.4711,0.0017,0.8028
33.962,-0.0123,0.0455,-0.0619,0.1011,-0.3113,-0.3113,0.4647,0.0017,0.8028
33.966,-0.0123,0.0381,-0.0619,0.1011,-0.3125,-0.3125,0.4647,0.0214,0.8028
33.970,-0.0123,0.0381,-0.0619,0.1011,-0.3125,-0.3125,0.4647,0.0214,0.8028
33.974,-0.0123,0.0381,-0.0619,0.1011,-0.3125,-0.3125,0.5133,0.0214,0.8028
33.978,-0.0076,0.0381,-0.0619,0.1051,-0.3125,-0.3125,0.5090,0.0214,0.8028
33.983,-0.0076,0.0234,-0.0619,0.1051,-0.3248,-0.3248,0.5090,0.0349,0.8028
33.987,-0.0076,0.0234,-0.0619,0.1051,-0.3248,-0.3248,0.5090,0.0349,0.8028
33.991,-0.0076,0.0234,-0.0619,0.1051,-0.3248,-0.3248,0.5090,0.0349,0.8028
33.995,-0.0123,0.0234,-0.0619,0.1027,-0.3248,-0.3248,0.4428,0.0349,0.8028
34.000,-0.0123,0.0381,-0.0619,0.1027,-0.3174,-0.3174,0.4428,0.0127,0.8028
34.004,-0.0123,0.0381,-0.0619,0.1027,-0.3174,-0.3174,0.4428,0.0127,0.8028
