Time,Input_Surge,Gain_Surge,Output_Surge,Input_Sway,Gain_Sway,Output_Sway,Input_Heave,Gain_Heave,Output_Heave
0.000,-0.2841,-0.1874,-0.1219,-3.2156,-0.1663,-0.1663,-3.4424,-0.3080,0.1040
0.013,-0.4625,-0.1673,-0.1219,-3.1588,-0.1604,-0.1604,-3.4424,-0.3098,0.1040
0.022,-0.3573,-0.1673,-0.1219,-3.0545,-0.1604,-0.1604,-3.4766,-0.3098,0.1040
0.033,-0.4805,-0.1477,-0.1219,-3.0062,-0.1546,-0.1546,-3.4766,-0.3129,0.1040
0.042,-0.3544,-0.1477,-0.1219,-2.9018,-0.1546,-0.1546,-3.5023,-0.3129,0.1040
0.052,-0.4394,-0.1279,-0.1219,-2.8572,-0.1490,-0.1490,-3.5023,-0.3152,0.1040
0.061,-0.3059,-0.1279,-0.1219,-2.7484,-0.1490,-0.1490,-3.5532,-0.3152,0.1040
0.071,-0.3604,-0.1097,-0.1219,-2.7014,-0.1432,-0.1432,-3.5532,-0.3198,0.1040
0.081,-0.2112,-0.1097,-0.1219,-2.5910,-0.1432,-0.1432,-3.5992,-0.3198,0.1040
0.091,-0.2252,-0.0930,-0.1219,-2.5422,-0.1377,-0.1377,-3.5992,-0.3239,0.1040
0.101,-0.0470,-0.0930,-0.1219,-2.4431,-0.1377,-0.1377,-3.6228,-0.3239,0.1040
0.119,0.1857,-0.0777,-0.1219,-2.2966,-0.1327,-0.1327,-3.6200,-0.3261,0.1040
0.132,0.2938,-0.0636,-0.1209,-2.2266,-0.1284,-0.1284,-3.6200,-0.3258,0.1040
0.145,0.5951,-0.0636,-0.1202,-2.1202,-0.1284,-0.1284,-3.5860,-0.3258,0.1040
0.157,0.7170,-0.0490,-0.1190,-2.0574,-0.1247,-0.1247,-3.5860,-0.3227,0.1040
0.166,0.9844,-0.0490,-0.1180,-1.9717,-0.1247,-0.1247,-3.5195,-0.3227,0.1040
0.176,1.0749,-0.0332,-0.1171,-1.9151,-0.1216,-0.1216,-3.5195,-0.3168,0.1040
0.186,1.3360,-0.0332,-0.1163,-1.8231,-0.1216,-0.1216,-3.4814,-0.3168,0.1040
0.195,1.4129,-0.0168,-0.1155,-1.7647,-0.1182,-0.1182,-3.4814,-0.3133,0.1040
0.205,1.6688,-0.0168,-0.1147,-1.6673,-0.1182,-0.1182,-3.4617,-0.3133,0.1040
0.215,1.7450,0.0000,-0.1139,-1.5958,-0.1146,-0.1146,-3.4617,-0.3116,0.1040
0.224,1.9940,0.0000,-0.1130,-1.4955,-0.1146,-0.1146,-3.4263,-0.3116,0.1040
0.235,2.0573,0.0169,-0.1123,-1.4213,-0.1113,-0.1113,-3.4263,-0.3084,0.1040
0.244,2.3028,0.0169,-0.1115,-1.3226,-0.1113,-0.1113,-3.3396,-0.3084,0.1040
0.253,2.3562,0.0340,-0.1108,-1.2442,-0.1089,-0.1089,-3.3396,-0.3006,0.1040
0.263,2.5984,0.0340,-0.1101,-1.1393,-0.1089,-0.1089,-3.2232,-0.3006,0.1040
0.272,2.6456,0.0513,-0.1091,-1.0510,-0.1069,-0.1069,-3.2232,-0.2901,0.1040
0.282,2.8856,0.0513,-0.1081,-0.9327,-0.1069,-0.1069,-3.0768,-0.2901,0.1040
0.295,2.7318,0.0687,-0.1070,-0.7972,-0.1052,-0.1052,-3.0768,-0.2769,0.1040
0.306,2.6605,0.0687,-0.1056,-0.6600,-0.1052,-0.1052,-2.9009,-0.2769,0.1040
0.316,2.4072,0.0862,-0.1043,-0.6708,-0.1038,-0.1038,-2.9009,-0.2611,0.1040
0.326,2.3629,0.0862,-0.1031,-0.8348,-0.1038,-0.1038,-2.6962,-0.2611,0.1040
0.337,2.0793,0.1040,-0.1019,-1.2473,-0.1027,-0.1027,-2.6962,-0.2427,0.1040
0.347,2.0466,0.1040,-0.1005,-1.6380,-0.1027,-0.1027,-2.4639,-0.2427,0.1040
0.357,1.8173,0.1219,-0.0993,-2.0064,-0.1018,-0.1018,-2.4639,-0.2218,0.1040
0.367,1.8043,0.1219,-0.0980,-2.3049,-0.1018,-0.1018,-2.2256,-0.2218,0.1040
0.377,1.6022,0.1397,-0.0966,-2.5730,-0.1007,-0.1007,-2.2256,-0.2003,0.1040
0.386,1.6262,0.1397,-0.0953,-2.7614,-0.1007,-0.1007,-1.9994,-0.2003,0.1040
0.397,1.4411,0.1574,-0.0940,-2.9515,-0.0992,-0.0992,-1.9994,-0.1799,0.1040
0.407,1.4772,0.1574,-0.0925,-3.0725,-0.0992,-0.0992,-1.7517,-0.1799,0.1040
0.417,1.3219,0.1749,-0.0911,-3.1822,-0.0977,-0.0977,-1.7517,-0.1577,0.1040
0.426,1.3789,0.1749,-0.0896,-3.2388,-0.0977,-0.0977,-1.4788,-0.1577,0.1040
0.436,1.2448,0.1922,-0.0882,-3.2888,-0.0961,-0.0961,-1.4788,-0.1331,0.1040
0.447,1.2832,0.1922,-0.0867,-3.2944,-0.0961,-0.0961,-1.1824,-0.1331,0.1040
0.458,1.1480,0.2093,-0.0849,-3.2875,-0.0944,-0.0944,-1.1824,-0.1064,0.1040
0.468,1.2147,0.2093,-0.0832,-3.2415,-0.0944,-0.0944,-0.8641,-0.1064,0.1040
0.478,1.1096,0.2250,-0.0816,-3.1956,-0.0926,-0.0926,-0.8641,-0.0778,0.1040
0.487,1.1717,0.2250,-0.0800,-3.1180,-0.0926,-0.0926,-0.5263,-0.0778,0.1040
0.497,1.0773,0.2386,-0.0786,-3.0396,-0.0906,-0.0906,-0.5263,-0.0474,0.1040
0.506,1.1276,0.2386,-0.0770,-2.9339,-0.0906,-0.0906,-0.1717,-0.0474,0.1040
0.516,1.0413,0.2503,-0.0755,-2.8261,-0.0884,-0.0884,-0.1717,-0.0155,0.1040
0.525,1.0943,0.2503,-0.0738,-2.6937,-0.0884,-0.0884,0.1964,-0.0155,0.1040
0.535,1.0650,0.2602,-0.0722,-2.5731,-0.0860,-0.0860,0.1964,0.0177,0.1040
0.544,1.1351,0.2602,-0.0706,-2.4136,-0.0860,-0.0860,0.5759,0.0177,0.1040
0.554,1.1195,0.2686,-0.0690,-2.2736,-0.0834,-0.0834,0.5759,0.0518,0.1040
0.564,1.1864,0.2686,-0.0674,-2.1057,-0.0834,-0.0834,0.9639,0.0518,0.1040
0.573,1.1828,0.2754,-0.0659,-1.9573,-0.0806,-0.0806,0.9639,0.0868,0.1040
0.583,1.2450,0.2754,-0.0643,-1.7665,-0.0806,-0.0806,1.3569,0.0868,0.1040
0.601,1.3075,0.2808,-0.0627,-1.4186,-0.0776,-0.0776,1.7525,0.1221,0.1040
0.614,1.3289,0.2850,-0.0598,-1.1784,-0.0746,-0.0746,1.7525,0.1577,0.1040
0.626,1.3872,0.2850,-0.0576,-0.9317,-0.0746,-0.0746,2.1468,0.1577,0.1040
0.636,1.4102,0.2881,-0.0557,-0.7603,-0.0714,-0.0714,2.1468,0.1932,0.1040
0.645,1.4576,0.2881,-0.0543,-0.5567,-0.0714,-0.0714,2.5313,0.1932,0.1040
0.656,1.4891,0.2901,-0.0528,-0.3597,-0.0683,-0.0683,2.5313,0.2278,0.1040
0.665,1.5311,0.2901,-0.0512,-0.1505,-0.0683,-0.0683,2.9043,0.2278,0.1040
0.675,1.5649,0.2912,-0.0498,0.0379,-0.0653,-0.0653,2.9043,0.2614,0.1040
0.686,1.6056,0.2912,-0.0483,0.2729,-0.0653,-0.0653,3.2635,0.2614,0.1040
0.696,1.6420,0.2914,-0.0468,0.4607,-0.0624,-0.0624,3.2635,0.2937,0.1040
0.705,1.6705,0.2914,-0.0454,0.6603,-0.0624,-0.0624,3.6069,0.2937,0.1040
0.716,1.7155,0.2909,-0.0441,0.8831,-0.0598,-0.0598,3.6069,0.3246,0.1040
0.727,1.7431,0.2909,-0.0425,1.1047,-0.0598,-0.0598,3.9322,0.3246,0.1040
0.737,1.7860,0.2898,-0.0411,1.3105,-0.0575,-0.0575,3.9322,0.3539,0.1040
0.749,1.8024,0.2898,-0.0397,1.5527,-0.0575,-0.0575,4.2361,0.3539,0.1040
0.761,1.7945,0.2871,-0.0383,1.8053,-0.0556,-0.0556,4.5150,0.3812,0.1040
0.772,1.8401,0.2818,-0.0368,2.0207,-0.0542,-0.0542,4.5150,0.4063,0.1070
0.782,1.8079,0.2818,-0.0354,2.2191,-0.0542,-0.0542,4.7657,0.4063,0.1099
0.791,1.8471,0.2753,-0.0343,2.4039,-0.0533,-0.0533,4.7657,0.4289,0.1125
0.801,1.7895,0.2753,-0.0331,2.5803,-0.0533,-0.0533,4.9846,0.4289,0.1151
0.810,1.8280,0.2669,-0.0322,2.7635,-0.0530,-0.0530,4.9846,0.4486,0.1175
0.819,1.7519,0.2669,-0.0311,2.9296,-0.0530,-0.0530,5.1693,0.4486,0.1201
0.829,1.7893,0.2568,-0.0302,3.1098,-0.0533,-0.0533,5.1693,0.4652,0.1226
0.839,1.7011,0.2568,-0.0293,3.2606,-0.0533,-0.0533,4.9483,0.4652,0.1251
0.849,1.7398,0.2457,-0.0285,3.4497,-0.0552,-0.0552,4.9483,0.4453,0.1275
0.858,1.7744,0.2457,-0.0275,3.6195,-0.0552,-0.0552,4.9483,0.4453,0.1301
0.868,1.6699,0.2457,-0.0267,3.7483,-0.0552,-0.0552,4.5360,0.4453,0.1324
0.877,1.7042,0.2333,-0.0260,3.9188,-0.0582,-0.0582,4.5360,0.4082,0.1344
0.886,1.5743,0.2333,-0.0253,4.0369,-0.0582,-0.0582,4.1409,0.4082,0.1365
0.896,1.6078,0.2189,-0.0246,4.2057,-0.0615,-0.0615,4.1409,0.3727,0.1380
0.906,1.4668,0.2189,-0.0240,4.3188,-0.0615,-0.0615,3.7614,0.3727,0.1380
0.918,1.5054,0.2034,-0.0234,4.5008,-0.0651,-0.0651,3.7614,0.3385,0.1380
0.929,1.3599,0.2034,-0.0228,4.5526,-0.0651,-0.0651,3.5761,0.3385,0.1380
0.939,1.1953,0.1873,-0.0223,4.5335,-0.0686,-0.0686,3.2241,0.3218,0.1380
0.949,1.2249,0.1699,-0.0219,4.4996,-0.0725,-0.0725,3.2241,0.2902,0.1380
0.958,1.2504,0.1699,-0.0216,4.4240,-0.0725,-0.0725,3.2241,0.2902,0.1380
0.968,1.0905,0.1699,-0.0213,4.2660,-0.0725,-0.0725,3.2197,0.2902,0.1380
0.978,1.1168,0.1532,-0.0210,4.1538,-0.0766,-0.0766,3.2197,0.2898,0.1380
0.987,0.9320,0.1532,-0.0208,4.0191,-0.0766,-0.0766,2.7138,0.2898,0.1380
0.997,0.9575,0.1345,-0.0207,3.9128,-0.0802,-0.0802,2.7138,0.2442,0.1380
1.006,0.7733,0.1345,-0.0206,3.7740,-0.0802,-0.0802,2.7217,0.2442,0.1380
1.016,0.7961,0.1160,-0.0206,3.6818,-0.0849,-0.0849,2.7217,0.2450,0.1380
1.027,0.6061,0.1160,-0.0206,3.5519,-0.0849,-0.0849,2.4167,0.2450,0.1380
1.036,0.6261,0.0969,-0.0207,3.4733,-0.0886,-0.0886,2.4167,0.2175,0.1380
1.046,0.4323,0.0969,-0.0208,3.3515,-0.0886,-0.0886,2.2787,0.2175,0.1380
1.057,0.4536,0.0777,-0.0210,3.2710,-0.0927,-0.0927,2.2787,0.2051,0.1380
1.069,0.2604,0.0777,-0.0212,3.1490,-0.0927,-0.0927,1.9935,0.2051,0.1380
1.081,0.0704,0.0583,-0.0216,3.0251,-0.0960,-0.0960,1.9998,0.1794,0.1380
1.090,0.0864,0.0393,-0.0223,2.9682,-0.1002,-0.1002,1.9998,0.1800,0.1380
1.103,-0.0984,0.0393,-0.0229,2.8667,-0.1002,-0.1002,1.7184,0.1800,0.1380
1.118,-0.0752,0.0208,-0.0237,2.7895,-0.1030,-0.1030,1.7184,0.1547,0.1380
1.129,-0.2674,0.0208,-0.0246,2.7045,-0.1030,-0.1030,1.5860,0.1547,0.1380
1.139,-0.4683,0.0020,-0.0253,2.6304,-0.1059,-0.1059,1.4522,0.1427,0.1380
1.150,-0.4541,-0.0174,-0.0259,2.5880,-0.1085,-0.1085,1.4522,0.1307,0.1380
1.160,-0.6466,-0.0174,-0.0265,2.5285,-0.1085,-0.1085,1.3162,0.1307,0.1380
1.170,-0.6347,-0.0358,-0.0271,2.4957,-0.1107,-0.1107,1.3162,0.1185,0.1380
1.180,-0.8288,-0.0358,-0.0276,2.4465,-0.1107,-0.1107,1.1772,0.1185,0.1380
1.190,-0.8179,-0.0543,-0.0284,2.4195,-0.1125,-0.1125,1.1772,0.1059,0.1380
1.201,-1.0101,-0.0543,-0.0293,2.3750,-0.1125,-0.1125,1.0475,0.1059,0.1380
1.214,-0.9972,-0.0727,-0.0304,2.3484,-0.1139,-0.1139,1.0475,0.0943,0.1380
1.229,-1.1645,-0.0727,-0.0316,2.3129,-0.1139,-0.1139,0.9234,0.0943,0.1380
1.242,-1.2851,-0.0890,-0.0330,2.2882,-0.1149,-0.1149,0.8027,0.0831,0.1380
1.253,-1.2761,-0.1009,-0.0344,2.2768,-0.1155,-0.1155,0.8027,0.0722,0.1380
1.263,-1.3714,-0.1009,-0.0355,2.2703,-0.1155,-0.1155,0.7947,0.0722,0.1380
1.276,-1.3620,-0.1102,-0.0366,2.2641,-0.1154,-0.1154,0.7947,0.0715,0.1380
1.287,-1.4218,-0.1102,-0.0379,2.2615,-0.1154,-0.1154,0.6748,0.0715,0.1380
1.299,-1.4470,-0.1162,-0.0390,2.2651,-0.1154,-0.1154,0.5596,0.0607,0.1380
1.310,-1.4401,-0.1192,-0.0403,2.2685,-0.1151,-0.1151,0.5596,0.0504,0.1380
1.320,-1.4484,-0.1192,-0.0414,2.2793,-0.1151,-0.1151,0.4476,0.0504,0.1380
1.331,-1.4421,-0.1205,-0.0424,2.2882,-0.1146,-0.1146,0.4476,0.0403,0.1380
1.343,-1.4233,-0.1205,-0.0436,2.3120,-0.1146,-0.1146,0.4297,0.0403,0.1380
1.355,-1.4171,-0.1194,-0.0447,2.3283,-0.1136,-0.1136,0.4297,0.0387,0.1380
1.369,-1.3934,-0.1194,-0.0459,2.3601,-0.1136,-0.1136,0.3142,0.0387,0.1380
1.385,-1.3674,-0.1178,-0.0472,2.4085,-0.1128,-0.1128,0.3754,0.0283,0.1380
1.399,-1.3422,-0.1161,-0.0486,2.4523,-0.1114,-0.1114,0.2487,0.0338,0.1380
1.411,-1.3378,-0.1144,-0.0498,2.4822,-0.1103,-0.1103,0.2487,0.0224,0.1380
1.421,-1.3128,-0.1144,-0.0508,2.5253,-0.1103,-0.1103,0.2957,0.0224,0.1380
1.432,-1.3090,-0.1124,-0.0517,2.5592,-0.1090,-0.1090,0.2957,0.0266,0.1380
1.444,-1.2838,-0.1124,-0.0526,2.6100,-0.1090,-0.1090,0.2485,0.0266,0.1380
1.455,-1.2804,-0.1105,-0.0535,2.6504,-0.1077,-0.1077,0.2485,0.0224,0.1380
1.467,-1.2546,-0.1105,-0.0544,2.7087,-0.1077,-0.1077,0.1965,0.0224,0.1380
1.478,-1.2284,-0.1085,-0.0552,2.7717,-0.1063,-0.1063,0.1397,0.0177,0.1380
1.489,-1.2257,-0.1064,-0.0561,2.8175,-0.1050,-0.1050,0.1397,0.0126,0.1380
1.501,-1.1990,-0.1064,-0.0568,2.8837,-0.1050,-0.1050,0.1593,0.0126,0.1380
1.512,-1.1964,-0.1042,-0.0576,2.9390,-0.1037,-0.1037,0.1593,0.0143,0.1380
1.522,-1.1704,-0.1042,-0.0584,3.0099,-0.1037,-0.1037,0.0161,0.0143,0.1380
1.537,-1.1675,-0.1021,-0.0591,3.0935,-0.1021,-0.1021,0.0161,0.0014,0.1380
1.551,-1.1402,-0.1021,-0.0600,3.1865,-0.1021,-0.1021,0.0287,0.0014,0.1380
1.562,-1.1133,-0.0998,-0.0608,3.2723,-0.1009,-0.1009,-0.0340,0.0026,0.1380
1.573,-1.1116,-0.0976,-0.0615,3.3402,-0.0993,-0.0993,-0.0340,-0.0031,0.1380
1.584,-1.0848,-0.0976,-0.0621,3.4294,-0.0993,-0.0993,-0.0977,-0.0031,0.1380
1.597,-1.0829,-0.0953,-0.0627,3.5223,-0.0977,-0.0977,-0.0977,-0.0088,0.1380
1.608,-1.0561,-0.0953,-0.0634,3.6178,-0.0977,-0.0977,-0.0973,-0.0088,0.1380
1.619,-1.0293,-0.0930,-0.0640,3.7176,-0.0964,-0.0964,-0.1036,-0.0088,0.1380
1.630,-1.0280,-0.0907,-0.0645,3.8081,-0.0950,-0.0950,-0.1036,-0.0093,0.1380
1.641,-1.0015,-0.0907,-0.0650,3.9101,-0.0950,-0.0950,-0.1157,-0.0093,0.1380
1.653,-1.0002,-0.0884,-0.0655,4.0180,-0.0935,-0.0935,-0.1157,-0.0104,0.1380
1.664,-0.9738,-0.0884,-0.0661,4.1361,-0.0935,-0.0935,-0.1323,-0.0104,0.1380
1.676,-0.9728,-0.0862,-0.0666,4.2451,-0.0919,-0.0919,-0.1323,-0.0119,0.1380
1.689,-0.9461,-0.0862,-0.0671,4.4015,-0.0919,-0.0919,-0.2111,-0.0119,0.1380
1.703,-0.9200,-0.0839,-0.0676,4.4967,-0.0901,-0.0901,-0.2323,-0.0190,0.1380
1.717,-0.9190,-0.0816,-0.0681,4.4988,-0.0884,-0.0884,-0.2323,-0.0209,0.1380
1.736,-0.8929,-0.0816,-0.0686,4.3878,-0.0884,-0.0884,-0.2570,-0.0209,0.1380
1.750,-0.8676,-0.0794,-0.0693,4.3042,-0.0867,-0.0867,-0.2848,-0.0231,0.1380
1.761,-0.8428,-0.0772,-0.0698,4.2579,-0.0849,-0.0849,-0.3151,-0.0256,0.1380
1.773,-0.8422,-0.0750,-0.0701,4.2030,-0.0831,-0.0831,-0.3151,-0.0284,0.1380
1.784,-0.8178,-0.0750,-0.0705,4.1854,-0.0831,-0.0831,-0.3480,-0.0284,0.1380
1.795,-0.8173,-0.0729,-0.0708,4.1614,-0.0813,-0.0813,-0.3480,-0.0313,0.1380
1.804,-0.7934,-0.0729,-0.0711,4.1677,-0.0813,-0.0813,-0.3825,-0.0313,0.1380
1.816,-0.7929,-0.0707,-0.0714,4.1614,-0.0795,-0.0795,-0.3825,-0.0344,0.1380
1.826,-0.7694,-0.0707,-0.0717,4.1844,-0.0795,-0.0795,-0.4186,-0.0344,0.1380
1.840,-0.7463,-0.0687,-0.0719,4.2202,-0.0776,-0.0776,-0.4557,-0.0377,0.1380
1.852,-0.7459,-0.0666,-0.0722,4.2404,-0.0757,-0.0757,-0.4557,-0.0410,0.1378
1.862,-0.7234,-0.0666,-0.0725,4.2822,-0.0757,-0.0757,-0.4933,-0.0410,0.1375
1.872,-0.7231,-0.0646,-0.0727,4.3067,-0.0738,-0.0738,-0.4933,-0.0444,0.1372
1.882,-0.7010,-0.0646,-0.0729,4.3545,-0.0738,-0.0738,-0.5307,-0.0444,0.1370
1.892,-0.7008,-0.0627,-0.0731,4.3851,-0.0719,-0.0719,-0.5307,-0.0478,0.1367
1.902,-0.6793,-0.0627,-0.0733,4.4370,-0.0719,-0.0719,-0.5678,-0.0478,0.1365
1.913,-0.6790,-0.0608,-0.0735,4.4714,-0.0700,-0.0700,-0.5678,-0.0511,0.1360
1.923,-0.6580,-0.0608,-0.0737,4.5218,-0.0700,-0.0700,-0.6046,-0.0511,0.1354
1.934,-0.6578,-0.0589,-0.0738,4.5544,-0.0681,-0.0681,-0.6046,-0.0544,0.1349
1.945,-0.6373,-0.0589,-0.0740,4.6075,-0.0681,-0.0681,-0.6405,-0.0544,0.1344
1.955,-0.6371,-0.0571,-0.0741,4.6347,-0.0662,-0.0662,-0.6405,-0.0576,0.1338
1.966,-0.6171,-0.0571,-0.0743,4.6817,-0.0662,-0.0662,-0.6746,-0.0576,0.1333
1.976,-0.6169,-0.0553,-0.0744,4.7043,-0.0643,-0.0643,-0.6746,-0.0607,0.1327
1.989,-0.5975,-0.0553,-0.0745,4.7462,-0.0643,-0.0643,-0.7069,-0.0607,0.1321
2.001,-0.5785,-0.0535,-0.0747,4.7815,-0.0624,-0.0624,-0.7374,-0.0636,0.1315
2.011,-0.5784,-0.0519,-0.0748,4.7896,-0.0605,-0.0605,-0.7374,-0.0664,0.1308
2.021,-0.5599,-0.0519,-0.0749,4.8133,-0.0605,-0.0605,-0.7654,-0.0664,0.1303
2.032,-0.5598,-0.0502,-0.0750,4.8116,-0.0587,-0.0587,-0.7654,-0.0689,0.1298
2.042,-0.5419,-0.0502,-0.0751,4.8257,-0.0587,-0.0587,-0.7909,-0.0689,0.1292
2.052,-0.5418,-0.0486,-0.0749,4.8140,-0.0569,-0.0569,-0.7909,-0.0712,0.1287
2.063,-0.5244,-0.0486,-0.0747,4.8169,-0.0569,-0.0569,-0.8139,-0.0712,0.1282
2.074,-0.5243,-0.0470,-0.0745,4.7930,-0.0551,-0.0551,-0.8139,-0.0732,0.1276
2.084,-0.5073,-0.0470,-0.0743,4.7842,-0.0551,-0.0551,-0.8338,-0.0732,0.1271
2.095,-0.5073,-0.0455,-0.0741,4.7505,-0.0533,-0.0533,-0.8338,-0.0750,0.1265
2.104,-0.4908,-0.0455,-0.0739,4.7353,-0.0533,-0.0533,-0.8510,-0.0750,0.1260
2.115,-0.4907,-0.0441,-0.0737,4.6916,-0.0515,-0.0515,-0.8510,-0.0766,0.1255
2.125,-0.4748,-0.0441,-0.0735,4.6668,-0.0515,-0.0515,-0.8653,-0.0766,0.1250
2.136,-0.4747,-0.0426,-0.0733,4.6085,-0.0498,-0.0498,-0.8653,-0.0779,0.1245
2.149,-0.4592,-0.0426,-0.0731,4.5588,-0.0498,-0.0498,-0.8763,-0.0779,0.1239
2.162,-0.4441,-0.0412,-0.0729,4.4995,-0.0481,-0.0481,-0.8835,-0.0789,0.1233
2.172,-0.4440,-0.0399,-0.0727,4.4376,-0.0464,-0.0464,-0.8835,-0.0795,0.1227
2.182,-0.4294,-0.0399,-0.0725,4.3900,-0.0464,-0.0464,-0.8868,-0.0795,0.1223
2.193,-0.4293,-0.0386,-0.0724,4.3163,-0.0448,-0.0448,-0.8868,-0.0798,0.1218
2.202,-0.4151,-0.0386,-0.0722,4.2676,-0.0448,-0.0448,-0.8861,-0.0798,0.1213
2.213,-0.4151,-0.0373,-0.0720,4.1836,-0.0432,-0.0432,-0.8861,-0.0797,0.1209
2.223,-0.4013,-0.0373,-0.0719,4.1251,-0.0432,-0.0432,-0.8810,-0.0797,0.1204
2.234,-0.4013,-0.0361,-0.0717,4.0410,-0.0416,-0.0416,-0.8810,-0.0793,0.1200
2.244,-0.3879,-0.0361,-0.0716,3.9781,-0.0416,-0.0416,-0.8719,-0.0793,0.1195
2.254,-0.3879,-0.0349,-0.0714,3.8990,-0.0401,-0.0401,-0.8719,-0.0785,0.1191
2.264,-0.3749,-0.0349,-0.0713,3.8336,-0.0401,-0.0401,-0.8588,-0.0785,0.1187
2.275,-0.3748,-0.0337,-0.0711,3.7441,-0.0386,-0.0386,-0.8588,-0.0773,0.1183
2.285,-0.3622,-0.0337,-0.0710,3.6812,-0.0386,-0.0386,-0.8422,-0.0773,0.1179
2.295,-0.3622,-0.0326,-0.0708,3.5918,-0.0371,-0.0371,-0.8422,-0.0758,0.1175
2.308,-0.3500,-0.0326,-0.0707,3.5032,-0.0371,-0.0371,-0.8215,-0.0758,0.1171
2.320,-0.3381,-0.0315,-0.0705,3.4139,-0.0357,-0.0357,-0.7972,-0.0739,0.1167
2.339,-0.3266,-0.0304,-0.0704,3.2661,-0.0343,-0.0343,-0.7691,-0.0717,0.1163
2.350,-0.3265,-0.0294,-0.0701,3.1660,-0.0330,-0.0330,-0.7691,-0.0692,0.1157
2.361,-0.3154,-0.0294,-0.0700,3.0972,-0.0330,-0.0330,-0.7378,-0.0692,0.1154
2.370,-0.3154,-0.0284,-0.0699,3.0188,-0.0317,-0.0317,-0.7378,-0.0664,0.1151
2.380,-0.3045,-0.0284,-0.0698,2.9525,-0.0317,-0.0317,-0.7029,-0.0664,0.1148
2.390,-0.3045,-0.0274,-0.0696,2.8746,-0.0304,-0.0304,-0.7029,-0.0633,0.1146
2.400,-0.2940,-0.0274,-0.0695,2.8090,-0.0304,-0.0304,-0.6646,-0.0633,0.1143
2.411,-0.2940,-0.0264,-0.0694,2.7194,-0.0293,-0.0293,-0.6646,-0.0598,0.1141
2.421,-0.2838,-0.0264,-0.0693,2.6549,-0.0293,-0.0293,-0.6232,-0.0598,0.1139
2.432,-0.2838,-0.0255,-0.0692,2.5705,-0.0281,-0.0281,-0.6232,-0.0561,0.1137
2.442,-0.2739,-0.0255,-0.0690,2.5069,-0.0281,-0.0281,-0.5787,-0.0561,0.1135
2.453,-0.2739,-0.0246,-0.0689,2.4306,-0.0270,-0.0270,-0.5787,-0.0521,0.1133
2.465,-0.2644,-0.0246,-0.0688,2.3485,-0.0270,-0.0270,-0.5312,-0.0521,0.1131
2.478,-0.2644,-0.0238,-0.0687,2.2608,-0.0260,-0.0260,-0.5312,-0.0478,0.1133
2.488,-0.2551,-0.0238,-0.0686,2.2022,-0.0260,-0.0260,-0.4813,-0.0478,0.1135
2.498,-0.2551,-0.0229,-0.0685,2.1344,-0.0250,-0.0250,-0.4813,-0.0433,0.1136
2.507,-0.2461,-0.0229,-0.0684,2.0808,-0.0250,-0.0250,-0.4297,-0.0433,0.1138
2.518,-0.2461,-0.0221,-0.0683,2.0470,-0.0240,-0.0240,-0.4297,-0.0387,0.1139
2.528,-0.2375,-0.0221,-0.0682,2.0578,-0.0240,-0.0240,-0.3764,-0.0387,0.1140
2.539,-0.2291,-0.0214,-0.0681,2.0992,-0.0231,-0.0231,-0.3216,-0.0339,0.1141
2.549,-0.2291,-0.0206,-0.0680,2.1636,-0.0223,-0.0223,-0.3216,-0.0289,0.1143
2.559,-0.2210,-0.0206,-0.0679,2.2472,-0.0223,-0.0223,-0.2655,-0.0289,0.1144
2.570,-0.2210,-0.0199,-0.0678,2.3163,-0.0215,-0.0215,-0.2655,-0.0239,0.1145
2.580,-0.2131,-0.0199,-0.0677,2.3784,-0.0215,-0.0215,-0.2082,-0.0239,0.1146
2.591,-0.2131,-0.0192,-0.0676,2.4245,-0.0207,-0.0207,-0.2082,-0.0187,0.1148
2.602,-0.2056,-0.0192,-0.0675,2.4672,-0.0207,-0.0207,-0.1505,-0.0187,0.1149
2.612,-0.2056,-0.0185,-0.0674,2.4928,-0.0200,-0.0200,-0.1505,-0.0135,0.1150
2.624,-0.1983,-0.0185,-0.0674,2.5186,-0.0200,-0.0200,-0.0928,-0.0135,0.1151
2.636,-0.1983,-0.0178,-0.0673,2.5216,-0.0193,-0.0193,-0.0928,-0.0083,0.1152
2.646,-0.1912,-0.0178,-0.0672,2.5222,-0.0193,-0.0193,-0.0352,-0.0083,0.1154
2.657,-0.1912,-0.0172,-0.0671,2.5061,-0.0187,-0.0187,-0.0352,-0.0032,0.1155
2.667,-0.1844,-0.0172,-0.0670,2.4891,-0.0187,-0.0187,0.0218,-0.0032,0.1156
2.679,-0.1778,-0.0166,-0.0669,2.4621,-0.0181,-0.0181,0.0774,0.0020,0.1157
2.689,-0.1778,-0.0160,-0.0668,2.4321,-0.0175,-0.0175,0.0774,0.0070,0.1158
2.699,-0.1715,-0.0160,-0.0668,2.4079,-0.0175,-0.0175,0.1319,0.0070,0.1159
2.709,-0.1715,-0.0154,-0.0667,2.3738,-0.0170,-0.0170,0.1319,0.0119,0.1160
2.719,-0.1654,-0.0154,-0.0666,2.3460,-0.0170,-0.0170,0.1851,0.0119,0.1161
2.730,-0.1654,-0.0149,-0.0666,2.3097,-0.0165,-0.0165,0.1851,0.0167,0.1162
2.740,-0.1595,-0.0149,-0.0665,2.2803,-0.0165,-0.0165,0.2369,0.0167,0.1163
2.751,-0.1595,-0.0144,-0.0664,2.2386,-0.0160,-0.0160,0.2369,0.0213,0.1164
2.761,-0.1538,-0.0144,-0.0663,2.2042,-0.0160,-0.0160,0.2867,0.0213,0.1165
2.772,-0.1538,-0.0138,-0.0663,2.1621,-0.0155,-0.0155,0.2867,0.0258,0.1166
2.785,-0.1483,-0.0138,-0.0662,2.1114,-0.0155,-0.0155,0.3347,0.0258,0.1167
2.797,-0.1483,-0.0133,-0.0661,2.0533,-0.0151,-0.0151,0.3347,0.0301,0.1168
2.808,-0.1430,-0.0133,-0.0661,2.0107,-0.0151,-0.0151,0.3944,0.0301,0.1169
2.818,-0.1430,-0.0129,-0.0660,1.9629,-0.0147,-0.0147,0.3944,0.0355,0.1170
2.828,-0.1379,-0.0129,-0.0659,1.9248,-0.0147,-0.0147,0.4545,0.0355,0.1170
2.839,-0.1330,-0.0124,-0.0659,1.8811,-0.0143,-0.0143,0.5102,0.0409,0.1171
2.850,-0.1330,-0.0120,-0.0658,1.8346,-0.0139,-0.0139,0.5102,0.0459,0.1172
2.860,-0.1283,-0.0120,-0.0657,1.7993,-0.0139,-0.0139,0.5614,0.0459,0.1173
2.870,-0.1283,-0.0115,-0.0657,1.7596,-0.0135,-0.0135,0.5614,0.0505,0.1176
2.880,-0.1238,-0.0115,-0.0656,1.7221,-0.0135,-0.0135,0.6081,0.0505,0.1180
2.891,-0.1238,-0.0111,-0.0656,1.6821,-0.0132,-0.0132,0.6081,0.0547,0.1184
2.901,-0.1184,-0.0111,-0.0655,1.6481,-0.0132,-0.0132,0.6497,0.0547,0.1188
2.912,-0.1140,-0.0107,-0.0655,1.6060,-0.0129,-0.0129,0.6497,0.0585,0.1192
2.921,-0.1024,-0.0107,-0.0654,1.5753,-0.0129,-0.0129,0.7103,0.0585,0.1196
2.932,-0.0879,-0.0104,-0.0654,1.5352,-0.0126,-0.0126,0.7103,0.0639,0.1200
2.945,-0.0579,-0.0104,-0.0653,1.4900,-0.0126,-0.0126,0.7704,0.0639,0.1204
2.965,0.0090,-0.0100,-0.0653,1.4175,-0.0123,-0.0123,0.8227,0.0693,0.1209
2.977,0.0578,-0.0097,-0.0652,1.3767,-0.0121,-0.0121,0.8227,0.0740,0.1218
2.987,0.1066,-0.0097,-0.0651,1.3493,-0.0121,-0.0121,0.8673,0.0740,0.1223
2.997,0.1611,-0.0094,-0.0651,1.3182,-0.0118,-0.0118,0.8673,0.0781,0.1228
3.007,0.2237,-0.0094,-0.0650,1.2926,-0.0118,-0.0118,0.9036,0.0781,0.1232
3.018,0.2934,-0.0090,-0.0650,1.2631,-0.0114,-0.0114,0.9036,0.0813,0.1237
3.028,0.3627,-0.0090,-0.0649,1.2420,-0.0114,-0.0114,0.9315,0.0813,0.1242
3.038,0.4355,-0.0087,-0.0649,1.2178,-0.0111,-0.0111,0.9315,0.0838,0.1246
3.048,0.5149,-0.0087,-0.0648,1.1987,-0.0111,-0.0111,0.9514,0.0838,0.1250
3.059,0.6032,-0.0085,-0.0648,1.1797,-0.0108,-0.0108,0.9633,0.0856,0.1255
3.069,0.6868,-0.0082,-0.0648,1.1586,-0.0104,-0.0104,0.9633,0.0867,0.1260
3.080,0.7733,-0.0082,-0.0647,1.1426,-0.0104,-0.0104,0.9682,0.0867,0.1264
3.091,0.8730,-0.0079,-0.0647,1.1191,-0.0100,-0.0100,0.9682,0.0871,0.1268
3.105,0.9905,-0.0079,-0.0646,1.0976,-0.0100,-0.0100,0.9654,0.0871,0.1274
3.117,1.0950,-0.0076,-0.0646,1.0760,-0.0096,-0.0096,0.9654,0.0869,0.1279
3.126,1.1765,-0.0076,-0.0645,1.0657,-0.0096,-0.0096,0.9550,0.0869,0.1284
3.136,1.2609,-0.0073,-0.0645,1.0507,-0.0092,-0.0092,0.9550,0.0859,0.1288
3.147,1.3500,-0.0073,-0.0645,1.0412,-0.0092,-0.0092,0.9372,0.0859,0.1292
3.157,1.4356,-0.0071,-0.0644,1.0284,-0.0088,-0.0088,0.9372,0.0843,0.1295
3.168,1.5220,-0.0071,-0.0644,1.0213,-0.0088,-0.0088,0.9408,0.0843,0.1299
3.178,1.6022,-0.0068,-0.0644,1.0105,-0.0084,-0.0084,0.9408,0.0847,0.1303
3.189,1.6800,-0.0068,-0.0643,1.0052,-0.0084,-0.0084,0.8626,0.0847,0.1307
3.199,1.7530,-0.0065,-0.0643,1.0002,-0.0080,-0.0080,0.7815,0.0776,0.1310
3.212,1.8282,-0.0062,-0.0643,0.9913,-0.0076,-0.0076,0.7815,0.0703,0.1313
3.221,1.8860,-0.0062,-0.0642,0.9877,-0.0076,-0.0076,0.7768,0.0703,0.1316
3.232,1.9434,-0.0059,-0.0642,0.9794,-0.0073,-0.0073,0.7768,0.0699,0.1318
3.242,2.0007,-0.0059,-0.0642,0.9746,-0.0073,-0.0073,0.6061,0.0699,0.1321
3.255,2.0619,-0.0054,-0.0641,0.9639,-0.0070,-0.0070,0.6061,0.0546,0.1323
3.267,2.1167,-0.0054,-0.0641,0.9570,-0.0070,-0.0070,0.5962,0.0546,0.1324
3.278,2.1625,-0.0052,-0.0641,0.9498,-0.0069,-0.0069,0.5962,0.0537,0.1326
3.288,2.2015,-0.0052,-0.0640,0.9451,-0.0069,-0.0069,0.5794,0.0537,0.1328
3.298,2.2394,-0.0050,-0.0640,0.9395,-0.0068,-0.0068,0.5794,0.0521,0.1329
3.309,2.2797,-0.0050,-0.0640,0.9362,-0.0068,-0.0068,0.4840,0.0521,0.1330
3.319,2.3140,-0.0047,-0.0639,0.9312,-0.0066,-0.0066,0.4789,0.0436,0.1328
3.329,2.3438,-0.0045,-0.0639,0.9272,-0.0067,-0.0067,0.4789,0.0431,0.1327
3.340,2.3751,-0.0045,-0.0639,0.9224,-0.0067,-0.0067,0.4666,0.0431,0.1325
3.352,2.4064,-0.0043,-0.0639,0.9186,-0.0067,-0.0067,0.4666,0.0420,0.1323
3.364,2.4377,-0.0043,-0.0638,0.9151,-0.0067,-0.0067,0.3770,0.0420,0.1321
3.376,2.4646,-0.0039,-0.0638,0.9096,-0.0067,-0.0067,0.3770,0.0339,0.1319
3.386,2.4882,-0.0039,-0.0638,0.9031,-0.0067,-0.0067,0.3572,0.0339,0.1318
3.397,2.5098,-0.0037,-0.0637,0.8975,-0.0068,-0.0068,0.3572,0.0322,0.1316
3.408,2.5344,-0.0037,-0.0637,0.8935,-0.0068,-0.0068,0.2635,0.0322,0.1314
3.420,2.5561,-0.0034,-0.0637,0.8876,-0.0067,-0.0067,0.2387,0.0237,0.1313
3.430,2.5716,-0.0032,-0.0637,0.8840,-0.0068,-0.0068,0.2387,0.0215,0.1311
3.439,2.5875,-0.0032,-0.0636,0.8800,-0.0068,-0.0068,0.2094,0.0215,0.1310
3.449,2.6025,-0.0030,-0.0636,0.8761,-0.0068,-0.0068,0.2094,0.0188,0.1308
3.459,2.6177,-0.0030,-0.0636,0.8725,-0.0068,-0.0068,0.1766,0.0188,0.1307
3.470,2.6305,-0.0028,-0.0636,0.8693,-0.0069,-0.0069,0.1766,0.0159,0.1305
3.479,2.6444,-0.0028,-0.0636,0.8660,-0.0069,-0.0069,0.1405,0.0159,0.1304
3.490,2.6556,-0.0025,-0.0635,0.8622,-0.0069,-0.0069,0.1405,0.0126,0.1303
3.501,2.6694,-0.0025,-0.0635,0.8574,-0.0069,-0.0069,0.1012,0.0126,0.1301
3.511,2.6792,-0.0023,-0.0635,0.8522,-0.0069,-0.0069,0.1012,0.0091,0.1300
3.521,2.6906,-0.0023,-0.0635,0.8478,-0.0069,-0.0069,0.0591,0.0091,0.1299
3.532,2.6996,-0.0021,-0.0635,0.8429,-0.0068,-0.0068,0.0591,0.0053,0.1297
3.542,2.7095,-0.0021,-0.0634,0.8391,-0.0068,-0.0068,0.0300,0.0053,0.1296
3.552,2.7174,-0.0019,-0.0634,0.8345,-0.0068,-0.0068,0.0300,0.0027,0.1295
3.565,2.7279,-0.0019,-0.0634,0.8291,-0.0068,-0.0068,0.0004,0.0027,0.1294
3.578,2.7362,-0.0017,-0.0634,0.8241,-0.0068,-0.0068,0.0004,0.0000,0.1292
3.589,2.7451,-0.0017,-0.0633,0.8197,-0.0068,-0.0068,-0.0330,0.0000,0.1291
3.600,2.7535,-0.0015,-0.0633,0.8162,-0.0067,-0.0067,-0.0696,-0.0030,0.1290
3.619,2.7654,-0.0013,-0.0633,0.8070,-0.0067,-0.0067,-0.1084,-0.0063,0.1288
3.631,2.7709,-0.0012,-0.0633,0.8007,-0.0066,-0.0066,-0.1084,-0.0098,0.1286
3.641,2.7772,-0.0012,-0.0633,0.7969,-0.0066,-0.0066,-0.1493,-0.0098,0.1285
3.652,2.7814,-0.0010,-0.0632,0.7913,-0.0065,-0.0065,-0.1493,-0.0134,0.1284
3.662,2.7957,-0.0010,-0.0632,0.7874,-0.0065,-0.0065,-0.1918,-0.0134,0.1283
3.672,2.7994,0.0000,-0.0632,0.7823,-0.0064,-0.0064,-0.1918,-0.0173,0.1282
3.682,2.7876,0.0000,-0.0632,0.7784,-0.0064,-0.0064,-0.2286,-0.0173,0.1281
3.693,2.7512,0.0000,-0.0632,0.7744,-0.0063,-0.0063,-0.2286,-0.0206,0.1280
3.703,2.7166,0.0000,-0.0632,0.7705,-0.0063,-0.0063,-0.2651,-0.0206,0.1279
3.717,2.6703,0.0000,-0.0631,0.7641,-0.0062,-0.0062,-0.2651,-0.0239,0.1278
3.728,2.6306,0.0000,-0.0631,0.7584,-0.0062,-0.0062,-0.3024,-0.0239,0.1277
3.739,2.5965,0.0000,-0.0631,0.7545,-0.0062,-0.0062,-0.3402,-0.0272,0.1276
3.750,2.5608,0.0000,-0.0631,0.7456,-0.0061,-0.0061,-0.3402,-0.0306,0.1275
3.759,2.5293,0.0000,-0.0631,0.7396,-0.0061,-0.0061,-0.3781,-0.0306,0.1274
3.769,2.4965,0.0000,-0.0631,0.7308,-0.0060,-0.0060,-0.3781,-0.0340,0.1273
3.779,2.4651,0.0000,-0.0631,0.7241,-0.0060,-0.0060,-0.4153,-0.0340,0.1272
3.789,2.4337,0.0000,-0.0630,0.7172,-0.0059,-0.0059,-0.4153,-0.0374,0.1271
3.800,2.4009,0.0000,-0.0630,0.7118,-0.0059,-0.0059,-0.4516,-0.0374,0.1271
3.811,2.3681,0.0000,-0.0630,0.7035,-0.0058,-0.0058,-0.4516,-0.0406,0.1270
3.820,2.3389,0.0000,-0.0630,0.6978,-0.0058,-0.0058,-0.4865,-0.0406,0.1269
3.831,2.3057,0.0000,-0.0630,0.6880,-0.0057,-0.0057,-0.4865,-0.0438,0.1268
3.842,2.2727,0.0000,-0.0630,0.6801,-0.0057,-0.0057,-0.5196,-0.0438,0.1267
3.852,2.2428,0.0000,-0.0630,0.6729,-0.0056,-0.0056,-0.5196,-0.0468,0.1267
3.862,2.2137,0.0000,-0.0630,0.6673,-0.0056,-0.0056,-0.5508,-0.0468,0.1266
3.875,2.1769,0.0000,-0.0629,0.6563,-0.0056,-0.0056,-0.5508,-0.0496,0.1265
3.887,2.1418,0.0000,-0.0629,0.6477,-0.0056,-0.0056,-0.5797,-0.0496,0.1264
3.897,2.1124,0.0000,-0.0629,0.6370,-0.0055,-0.0055,-0.5797,-0.0522,0.1260
3.909,2.0792,0.0000,-0.0629,0.6267,-0.0055,-0.0055,-0.6066,-0.0522,0.1256
3.920,2.0501,0.0000,-0.0629,0.6216,-0.0054,-0.0054,-0.5983,-0.0546,0.1252
3.930,2.0219,0.0000,-0.0629,0.6134,-0.0054,-0.0054,-0.5983,-0.0539,0.1248
3.942,1.9902,0.0000,-0.0629,0.6003,-0.0054,-0.0054,-0.5836,-0.0539,0.1244
3.955,1.9573,0.0000,-0.0629,0.5879,-0.0054,-0.0054,-0.5836,-0.0525,0.1240
3.965,1.9300,0.0000,-0.0629,0.5780,-0.0054,-0.0054,-0.5697,-0.0525,0.1236
3.978,1.8975,0.0000,-0.0628,0.5677,-0.0055,-0.0055,-0.5697,-0.0513,0.1233
3.988,1.8727,0.0000,-0.0628,0.5547,-0.0055,-0.0055,-0.5320,-0.0513,0.1229
4.002,1.8384,0.0000,-0.0628,0.5445,-0.0056,-0.0056,-0.4910,-0.0479,0.1228
4.017,1.8009,0.0000,-0.0628,0.5287,-0.0057,-0.0057,-0.4910,-0.0442,0.1228
4.031,1.7686,0.0000,-0.0628,0.5147,-0.0057,-0.0057,-0.4522,-0.0442,0.1228
4.046,1.7323,0.0000,-0.0628,0.5004,-0.0058,-0.0058,-0.4119,-0.0407,0.1228
4.059,1.7027,0.0000,-0.0628,0.4813,-0.0060,-0.0060,-0.3730,-0.0371,0.1228
4.073,1.6706,0.0000,-0.0628,0.4640,-0.0061,-0.0061,-0.3730,-0.0336,0.1228
4.086,1.6442,0.0000,-0.0627,0.4488,-0.0061,-0.0061,-0.3369,-0.0336,0.1227
4.098,1.6175,0.0000,-0.0627,0.4283,-0.0063,-0.0063,-0.2715,-0.0303,0.1227
4.110,1.5943,0.0000,-0.0627,0.4255,-0.0066,-0.0066,-0.2715,-0.0244,0.1227
4.120,1.5734,0.0000,-0.0627,0.4092,-0.0066,-0.0066,-0.2022,-0.0244,0.1227
4.132,1.5512,0.0000,-0.0627,0.3961,-0.0069,-0.0069,-0.2022,-0.0182,0.1227
4.143,1.5308,0.0000,-0.0627,0.3813,-0.0069,-0.0069,-0.1385,-0.0182,0.1227
4.154,1.5109,0.0000,-0.0627,0.3707,-0.0072,-0.0072,-0.1385,-0.0125,0.1227
4.164,1.4915,0.0000,-0.0627,0.3565,-0.0072,-0.0072,-0.0540,-0.0125,0.1226
4.175,1.4731,0.0000,-0.0627,0.3477,-0.0076,-0.0076,-0.0540,-0.0049,0.1226
4.187,1.4531,0.0000,-0.0627,0.3340,-0.0076,-0.0076,0.0303,-0.0049,0.1226
4.199,1.4323,0.0000,-0.0627,0.3206,-0.0080,-0.0080,0.1067,0.0027,0.1226
4.210,1.4154,0.0000,-0.0627,0.3138,-0.0084,-0.0084,0.1067,0.0096,0.1226
4.222,1.3965,0.0000,-0.0626,0.3023,-0.0084,-0.0084,0.1753,0.0096,0.1226
4.232,1.3806,0.0000,-0.0626,0.2966,-0.0088,-0.0088,0.1753,0.0158,0.1226
4.243,1.3649,0.0000,-0.0626,0.2873,-0.0088,-0.0088,0.2360,0.0158,0.1226
4.253,1.3500,0.0000,-0.0626,0.2825,-0.0091,-0.0091,0.2360,0.0212,0.1226
4.263,1.3360,0.0000,-0.0626,0.2745,-0.0091,-0.0091,0.2891,0.0212,0.1226
4.273,1.3221,0.0000,-0.0626,0.2511,-0.0095,-0.0095,0.2891,0.0260,0.1225
4.283,1.3084,0.0000,-0.0626,0.2252,-0.0095,-0.0095,0.3615,0.0260,0.1225
4.295,1.2909,0.0000,-0.0626,0.2240,-0.0099,-0.0099,0.3615,0.0325,0.1225
4.304,1.2757,0.0000,-0.0626,0.1998,-0.0099,-0.0099,0.4428,0.0325,0.1225
4.321,1.2444,0.0000,-0.0626,0.1954,-0.0104,-0.0104,0.5160,0.0398,0.1225
4.338,1.2079,0.0000,-0.0626,0.1639,-0.0108,-0.0108,0.5160,0.0464,0.1225
4.354,1.1670,0.0000,-0.0626,0.1315,-0.0108,-0.0108,0.5784,0.0464,0.1225
4.368,1.1258,0.0000,-0.0626,0.1031,-0.0113,-0.0113,0.6605,0.0521,0.1229
4.381,1.0862,0.0000,-0.0626,0.0791,-0.0118,-0.0118,0.7382,0.0594,0.1234
4.397,1.0305,0.0000,-0.0626,0.0581,-0.0124,-0.0124,0.7382,0.0664,0.1239
4.410,0.9814,0.0000,-0.0625,0.0368,-0.0124,-0.0124,0.8029,0.0664,0.1244
4.423,0.9347,0.0000,-0.0625,0.0228,-0.0129,-0.0129,0.7755,0.0723,0.1249
4.435,0.8847,0.0000,-0.0625,0.0104,-0.0130,-0.0130,0.7755,0.0698,0.1254
4.447,0.8326,0.0000,-0.0625,-0.0319,-0.0130,-0.0130,0.8365,0.0698,0.1258
4.460,0.7786,0.0000,-0.0625,-0.0462,-0.0135,-0.0135,0.8843,0.0753,0.1263
4.472,0.7235,0.0000,-0.0625,-0.0543,-0.0140,-0.0140,0.8843,0.0796,0.1267
4.482,0.6764,0.0000,-0.0625,-0.0564,-0.0140,-0.0140,0.7674,0.0796,0.1272
4.493,0.6260,0.0000,-0.0625,-0.0626,-0.0136,-0.0136,0.7674,0.0691,0.1275
4.506,0.5674,0.0000,-0.0625,-0.1032,-0.0136,-0.0136,0.8628,0.0691,0.1279
4.524,0.4789,0.0000,-0.0625,-0.1118,-0.0144,-0.0144,0.8466,0.0777,0.1283
4.537,0.4198,0.0000,-0.0625,-0.1405,-0.0146,-0.0146,0.8466,0.0762,0.1289
4.546,0.3773,0.0000,-0.0625,-0.1569,-0.0146,-0.0146,0.7507,0.0762,0.1293
4.556,0.3324,0.0000,-0.0625,-0.1570,-0.0144,-0.0144,0.7507,0.0676,0.1296
4.565,0.2882,0.0000,-0.0625,-0.1814,-0.0144,-0.0144,0.7745,0.0676,0.1299
4.575,0.2402,0.0000,-0.0625,-0.2005,-0.0149,-0.0149,0.7745,0.0697,0.1301
4.586,0.1903,0.0000,-0.0625,-0.2238,-0.0149,-0.0149,0.7883,0.0697,0.1304
4.596,0.1447,0.0000,-0.0625,-0.2206,-0.0153,-0.0153,0.7883,0.0709,0.1307
4.605,0.1041,0.0000,-0.0625,-0.2384,-0.0153,-0.0153,0.7917,0.0709,0.1310
4.615,0.0594,0.0000,-0.0625,-0.2536,-0.0156,-0.0156,0.7917,0.0713,0.1312
4.825,-0.6788,0.0000,-0.0625,-0.7071,-0.0156,-0.0156,-0.0006,0.0713,0.1315
4.906,-0.9116,0.0000,-0.0624,-0.7566,-0.0122,-0.0122,-0.1068,-0.0001,0.1286
4.922,-0.9776,0.0000,-0.0624,-0.7710,-0.0115,-0.0115,-0.1478,-0.0096,0.1277
4.932,-1.0283,0.0000,-0.0624,-0.7783,-0.0113,-0.0113,-0.1478,-0.0133,0.1276
4.936,-1.0489,0.0000,-0.0624,-0.7820,-0.0113,-0.0113,-0.1478,-0.0133,0.1275
4.942,-1.0780,0.0000,-0.0624,-0.7937,-0.0113,-0.0113,-0.0215,-0.0133,0.1275
4.947,-1.1085,0.0000,-0.0624,-0.7982,-0.0119,-0.0119,-0.0215,-0.0019,0.1274
4.952,-1.1359,0.0000,-0.0624,-0.8033,-0.0119,-0.0119,-0.0215,-0.0019,0.1274
4.957,-1.1674,0.0000,-0.0624,-0.8087,-0.0119,-0.0119,-0.0215,-0.0019,0.1273
4.964,-1.2155,0.0000,-0.0624,-0.8238,-0.0119,-0.0119,0.1531,-0.0019,0.1273
4.970,-1.2518,0.0000,-0.0624,-0.8289,-0.0128,-0.0128,0.1531,0.0138,0.1272
4.974,-1.2784,0.0000,-0.0624,-0.8323,-0.0128,-0.0128,0.1531,0.0138,0.1272
4.978,-1.3083,0.0000,-0.0624,-0.8371,-0.0128,-0.0128,0.1531,0.0138,0.1272
4.982,-1.3351,0.0000,-0.0624,-0.8505,-0.0128,-0.0128,0.3164,0.0138,0.1271
4.986,-1.3656,0.0000,-0.0624,-0.8554,-0.0137,-0.0137,0.3164,0.0285,0.1271
4.990,-1.3948,0.0000,-0.0624,-0.8598,-0.0137,-0.0137,0.3164,0.0285,0.1271
4.998,-1.4493,0.0000,-0.0624,-0.8691,-0.0137,-0.0137,0.3164,0.0285,0.1270
5.005,-1.5067,0.0000,-0.0624,-0.8815,-0.0137,-0.0137,0.3801,0.0285,0.1270
5.015,-1.5776,0.0000,-0.0624,-0.8933,-0.0141,-0.0141,0.3801,0.0342,0.1269
5.018,-1.6055,0.0000,-0.0624,-0.9021,-0.0141,-0.0141,0.4478,0.0342,0.1268
5.024,-1.6498,0.0000,-0.0624,-0.9085,-0.0145,-0.0145,0.4478,0.0403,0.1268
5.029,-1.6870,0.0000,-0.0624,-0.9145,-0.0145,-0.0145,0.4478,0.0403,0.1268
5.033,-1.7155,0.0000,-0.0624,-0.9188,-0.0145,-0.0145,0.4478,0.0403,0.1267
5.037,-1.7505,0.0000,-0.0624,-0.9238,-0.0145,-0.0145,0.4478,0.0403,0.1267
5.042,-1.7850,0.0000,-0.0623,-0.9266,-0.0145,-0.0145,0.3999,0.0403,0.1267
5.047,-1.8255,0.0000,-0.0623,-0.9328,-0.0144,-0.0144,0.3999,0.0360,0.1266
5.051,-1.8557,0.0000,-0.0623,-0.9374,-0.0144,-0.0144,0.3999,0.0360,0.1266
5.063,-1.9427,0.0000,-0.0623,-0.9553,-0.0144,-0.0144,0.4549,0.0360,0.1266
5.074,-2.0134,0.0000,-0.0623,-0.9688,-0.0147,-0.0147,0.4549,0.0409,0.1265
5.081,-2.0612,0.0000,-0.0623,-0.9765,-0.0147,-0.0147,0.4027,0.0409,0.1264
5.086,-2.0890,0.0000,-0.0623,-0.9821,-0.0145,-0.0145,0.4027,0.0362,0.1263
5.090,-2.1113,0.0000,-0.0623,-0.9868,-0.0145,-0.0145,0.4027,0.0362,0.1263
5.094,-2.1364,0.0000,-0.0623,-0.9925,-0.0145,-0.0145,0.4027,0.0362,0.1263
5.098,-2.1585,0.0000,-0.0623,-0.9978,-0.0145,-0.0145,0.4027,0.0362,0.1263
5.102,-2.1789,0.0000,-0.0623,-1.0001,-0.0145,-0.0145,0.3457,0.0362,0.1262
5.106,-2.2019,0.0000,-0.0623,-1.0060,-0.0143,-0.0143,0.3457,0.0311,0.1262
5.113,-2.2341,0.0000,-0.0623,-1.0142,-0.0143,-0.0143,0.3457,0.0311,0.1262
5.121,-2.2765,0.0000,-0.0623,-1.0282,-0.0143,-0.0143,0.3946,0.0311,0.1261
5.127,-2.3028,0.0000,-0.0623,-1.0350,-0.0145,-0.0145,0.3946,0.0355,0.1261
5.133,-2.3332,0.0000,-0.0623,-1.0434,-0.0145,-0.0145,0.3946,0.0355,0.1260
5.137,-2.3496,0.0000,-0.0623,-1.0478,-0.0145,-0.0145,0.3946,0.0355,0.1260
5.141,-2.3661,0.0000,-0.0623,-1.0481,-0.0145,-0.0145,0.3098,0.0355,0.1260
5.147,-2.3886,0.0000,-0.0623,-1.0548,-0.0142,-0.0142,0.3098,0.0279,0.1260
5.150,-2.4035,0.0000,-0.0623,-1.0592,-0.0142,-0.0142,0.3098,0.0279,0.1259
5.154,-2.4173,0.0000,-0.0623,-1.0633,-0.0142,-0.0142,0.3098,0.0279,0.1259
5.158,-2.4320,0.0000,-0.0623,-1.0679,-0.0142,-0.0142,0.3098,0.0279,0.1259
5.162,-2.4474,0.0000,-0.0623,-1.0752,-0.0142,-0.0142,0.3646,0.0279,0.1259
5.166,-2.4632,0.0000,-0.0623,-1.0798,-0.0144,-0.0144,0.3646,0.0328,0.1258
5.170,-2.4758,0.0000,-0.0623,-1.0840,-0.0144,-0.0144,0.3646,0.0328,0.1258
5.173,-2.4889,0.0000,-0.0623,-1.0885,-0.0144,-0.0144,0.3646,0.0328,0.1258
5.178,-2.5046,0.0000,-0.0623,-1.0941,-0.0144,-0.0144,0.3646,0.0328,0.1258
5.182,-2.5167,0.0000,-0.0623,-1.0999,-0.0144,-0.0144,0.4101,0.0328,0.1257
5.186,-2.5305,0.0000,-0.0623,-1.1054,-0.0145,-0.0145,0.4101,0.0369,0.1257
5.189,-2.5419,0.0000,-0.0623,-1.1102,-0.0145,-0.0145,0.4101,0.0369,0.1257
5.193,-2.5543,0.0000,-0.0623,-1.1160,-0.0145,-0.0145,0.4101,0.0369,0.1257
5.197,-2.5656,0.0000,-0.0623,-1.1214,-0.0145,-0.0145,0.4101,0.0369,0.1256
5.201,-2.5774,0.0000,-0.0623,-1.1182,-0.0145,-0.0145,0.2220,0.0369,0.1256
5.212,-2.6078,0.0000,-0.0623,-1.1342,-0.0137,-0.0137,0.2220,0.0200,0.1256
5.217,-2.6234,0.0000,-0.0623,-1.1421,-0.0137,-0.0137,0.2220,0.0200,0.1255
5.221,-2.6332,0.0000,-0.0623,-1.1393,-0.0137,-0.0137,0.0457,0.0200,0.1255
5.228,-2.6504,0.0000,-0.0623,-1.1481,-0.0130,-0.0130,0.0457,0.0041,0.1255
5.236,-2.6699,0.0000,-0.0623,-1.1590,-0.0130,-0.0130,0.0457,0.0041,0.1254
5.240,-2.6792,0.0000,-0.0623,-1.1639,-0.0130,-0.0130,0.1815,0.0041,0.1254
5.245,-2.6914,0.0000,-0.0623,-1.1706,-0.0130,-0.0130,0.1815,0.0163,0.1254
5.249,-2.7002,0.0000,-0.0623,-1.1754,-0.0130,-0.0130,0.1815,0.0163,0.1254
5.253,-2.7080,0.0000,-0.0623,-1.1799,-0.0130,-0.0130,0.1815,0.0163,0.1253
5.257,-2.7160,0.0000,-0.0623,-1.1845,-0.0130,-0.0130,0.1815,0.0163,0.1253
5.261,-2.7246,0.0000,-0.0623,-1.1828,-0.0130,-0.0130,0.0040,0.0163,0.1253
5.265,-2.7332,0.0000,-0.0623,-1.1880,-0.0124,-0.0124,0.0040,0.0004,0.1253
5.269,-2.7404,0.0000,-0.0623,-1.1924,-0.0124,-0.0124,0.0040,0.0004,0.1252
5.273,-2.7478,0.0000,-0.0623,-1.1969,-0.0124,-0.0124,0.0040,0.0004,0.1252
5.277,-2.7554,0.0000,-0.0623,-1.2017,-0.0124,-0.0124,0.0040,0.0004,0.1252
5.281,-2.7622,0.0000,-0.0623,-1.2014,-0.0124,-0.0124,0.0417,0.0004,0.1252
5.285,-2.7708,0.0000,-0.0623,-1.2079,-0.0119,-0.0119,0.0417,0.0038,0.1252
5.290,-2.7785,0.0000,-0.0623,-1.2140,-0.0119,-0.0119,0.0417,0.0038,0.1251
5.296,-2.7883,0.0000,-0.0623,-1.2226,-0.0119,-0.0119,0.0417,0.0038,0.1251
5.300,-2.7954,0.0000,-0.0623,-1.2236,-0.0119,-0.0119,0.0726,0.0038,0.1251
5.305,-2.8034,0.0000,-0.0623,-1.2314,-0.0114,-0.0114,0.0726,0.0065,0.1251
5.310,-2.8101,0.0000,-0.0623,-1.2383,-0.0114,-0.0114,0.0726,0.0065,0.1250
5.314,-2.8168,0.0000,-0.0623,-1.2451,-0.0114,-0.0114,0.0726,0.0065,0.1250
5.318,-2.8222,0.0000,-0.0623,-1.2507,-0.0114,-0.0114,0.0726,0.0065,0.1250
5.322,-2.8274,0.0000,-0.0623,-1.2503,-0.0114,-0.0114,-0.0003,0.0065,0.1250
5.327,-2.8344,0.0000,-0.0623,-1.2577,-0.0109,-0.0109,-0.0003,0.0000,0.1250
5.331,-2.8406,0.0000,-0.0623,-1.2643,-0.0109,-0.0109,-0.0003,0.0000,0.1249
5.335,-2.8456,0.0000,-0.0623,-1.2697,-0.0109,-0.0109,-0.0003,0.0000,0.1249
5.340,-2.8518,0.0000,-0.0623,-1.2698,-0.0109,-0.0109,0.0218,0.0000,0.1249
5.349,-2.8630,0.0000,-0.0623,-1.2825,-0.0103,-0.0103,0.0218,0.0020,0.1249
5.353,-2.8679,0.0000,-0.0623,-1.2881,-0.0103,-0.0103,0.0218,0.0020,0.1248
5.363,-2.8787,0.0000,-0.0623,-1.2950,-0.0103,-0.0103,-0.0595,0.0020,0.1248
5.369,-2.8860,0.0000,-0.0623,-1.3038,-0.0098,-0.0098,-0.0595,-0.0054,0.1248
5.373,-2.8901,0.0000,-0.0623,-1.3086,-0.0098,-0.0098,-0.0595,-0.0054,0.1248
5.378,-2.8945,0.0000,-0.0623,-1.3140,-0.0098,-0.0098,-0.0595,-0.0054,0.1247
5.381,-2.8981,0.0000,-0.0623,-1.3114,-0.0098,-0.0098,-0.0473,-0.0054,0.1247
5.386,-2.9021,0.0000,-0.0623,-1.3165,-0.0092,-0.0092,-0.0473,-0.0043,0.1247
5.389,-2.9056,0.0000,-0.0623,-1.3215,-0.0092,-0.0092,-0.0473,-0.0043,0.1247
5.394,-2.9096,0.0000,-0.0623,-1.3275,-0.0092,-0.0092,-0.0473,-0.0043,0.1247
5.397,-2.9130,0.0000,-0.0623,-1.3330,-0.0092,-0.0092,-0.0473,-0.0043,0.1247
5.402,-2.9167,0.0000,-0.0623,-1.3322,-0.0092,-0.0092,-0.0207,-0.0043,0.1246
5.410,-2.9234,0.0000,-0.0623,-1.3457,-0.0085,-0.0085,-0.0207,-0.0019,0.1246
5.413,-2.9264,0.0000,-0.0623,-1.3520,-0.0085,-0.0085,-0.0207,-0.0019,0.1246
5.418,-2.9301,0.0000,-0.0623,-1.3598,-0.0085,-0.0085,-0.0207,-0.0019,0.1246
5.422,-2.9331,0.0000,-0.0623,-1.3597,-0.0085,-0.0085,0.0013,-0.0019,0.1246
5.428,-2.9373,0.0000,-0.0623,-1.3689,-0.0079,-0.0079,0.0013,0.0001,0.1245
5.431,-2.9400,0.0000,-0.0623,-1.3749,-0.0079,-0.0079,0.0013,0.0001,0.1245
5.436,-2.9432,0.0000,-0.0623,-1.3821,-0.0079,-0.0079,0.0013,0.0001,0.1245
5.439,-2.9458,0.0000,-0.0623,-1.3820,-0.0079,-0.0079,0.0124,0.0001,0.1245
5.445,-2.9492,0.0000,-0.0623,-1.3899,-0.0074,-0.0074,0.0124,0.0011,0.1245
5.450,-2.9525,0.0000,-0.0623,-1.3976,-0.0074,-0.0074,0.0124,0.0011,0.1244
5.458,-2.9577,0.0000,-0.0623,-1.4100,-0.0074,-0.0074,0.0124,0.0011,0.1244
5.462,-2.9604,0.0000,-0.0623,-1.4111,-0.0074,-0.0074,0.0129,0.0011,0.1244
5.467,-2.9631,0.0000,-0.0623,-1.4178,-0.0069,-0.0069,0.0129,0.0012,0.1244
5.470,-2.9650,0.0000,-0.0623,-1.4223,-0.0069,-0.0069,0.0129,0.0012,0.1244
5.474,-2.9672,0.0000,-0.0623,-1.4277,-0.0069,-0.0069,0.0129,0.0012,0.1243
5.478,-2.9694,0.0000,-0.0623,-1.4331,-0.0069,-0.0069,0.0129,0.0012,0.1243
5.482,-2.9714,0.0000,-0.0623,-1.4339,-0.0069,-0.0069,0.0029,0.0012,0.1243
5.486,-2.9735,0.0000,-0.0623,-1.4390,-0.0065,-0.0065,0.0029,0.0003,0.1243
5.490,-2.9753,0.0000,-0.0623,-1.4437,-0.0065,-0.0065,0.0029,0.0003,0.1243
5.493,-2.9772,0.0000,-0.0623,-1.4486,-0.0065,-0.0065,0.0029,0.0003,0.1243
5.497,-2.9792,0.0000,-0.0623,-1.4540,-0.0065,-0.0065,0.0029,0.0003,0.1243
5.501,-2.9808,0.0000,-0.0623,-1.4557,-0.0065,-0.0065,-0.1971,0.0003,0.1242
5.505,-2.9828,0.0000,-0.0623,-1.4623,-0.0062,-0.0062,-0.1971,-0.0177,0.1242
5.515,-2.9871,0.0000,-0.0623,-1.4787,-0.0062,-0.0062,-0.1971,-0.0177,0.1242
5.521,-2.9896,0.0000,-0.0623,-1.4869,-0.0062,-0.0062,-0.1090,-0.0177,0.1242
5.525,-2.9915,0.0000,-0.0623,-1.4954,-0.0060,-0.0060,-0.1090,-0.0098,0.1242
5.530,-2.9933,0.0000,-0.0623,-1.5039,-0.0060,-0.0060,-0.1090,-0.0098,0.1242
5.533,-2.9946,0.0000,-0.0623,-1.5103,-0.0060,-0.0060,-0.1090,-0.0098,0.1241
5.537,-2.9961,0.0000,-0.0623,-1.5175,-0.0060,-0.0060,-0.1090,-0.0098,0.1241
5.541,-2.9974,0.0000,-0.0623,-1.5215,-0.0060,-0.0060,-0.1933,-0.0098,0.1241
5.546,-2.9993,0.0000,-0.0623,-1.5308,-0.0058,-0.0058,-0.1933,-0.0174,0.1241
5.550,-3.0009,0.0000,-0.0623,-1.5390,-0.0058,-0.0058,-0.1933,-0.0174,0.1241
5.558,-3.0037,0.0000,-0.0623,-1.5517,-0.0058,-0.0058,-0.1746,-0.0174,0.1241
5.563,-3.0052,0.0000,-0.0623,-1.5595,-0.0057,-0.0057,-0.1746,-0.0157,0.1240
5.567,-3.0063,0.0000,-0.0623,-1.5651,-0.0057,-0.0057,-0.1746,-0.0157,0.1240
5.571,-3.0077,0.0000,-0.0623,-1.5720,-0.0057,-0.0057,-0.1746,-0.0157,0.1240
5.575,-3.0090,0.0000,-0.0623,-1.5787,-0.0057,-0.0057,-0.1746,-0.0157,0.1240
5.580,-3.0103,0.0000,-0.0623,-1.5844,-0.0057,-0.0057,-0.1620,-0.0157,0.1240
5.585,-3.0117,0.0000,-0.0623,-1.5920,-0.0055,-0.0055,-0.1620,-0.0146,0.1240
5.592,-3.0137,0.0000,-0.0623,-1.6027,-0.0055,-0.0055,-0.1620,-0.0146,0.1240
5.599,-3.0156,0.0000,-0.0623,-1.6112,-0.0055,-0.0055,-0.1518,-0.0146,0.1239
5.603,-3.0167,0.0000,-0.0623,-1.6173,-0.0054,-0.0054,-0.1518,-0.0137,0.1239
5.607,-3.0175,0.0000,-0.0623,-1.6218,-0.0054,-0.0054,-0.1518,-0.0137,0.1239
5.611,-3.0186,0.0000,-0.0623,-1.6280,-0.0054,-0.0054,-0.1518,-0.0137,0.1239
5.614,-3.0194,0.0000,-0.0623,-1.6331,-0.0054,-0.0054,-0.1518,-0.0137,0.1239
5.618,-3.0203,0.0000,-0.0623,-1.6394,-0.0054,-0.0054,-0.1518,-0.0137,0.1239
5.625,-3.0220,0.0000,-0.0623,-1.6506,-0.0054,-0.0054,-0.1452,-0.0137,0.1239
5.633,-3.0235,0.0000,-0.0623,-1.6643,-0.0053,-0.0053,-0.1452,-0.0131,0.1238
5.636,-3.0242,0.0000,-0.0623,-1.6710,-0.0053,-0.0053,-0.1452,-0.0131,0.1238
5.639,-3.0249,0.0000,-0.0623,-1.6760,-0.0053,-0.0053,-0.1511,-0.0131,0.1238
5.644,-3.0259,0.0000,-0.0623,-1.6868,-0.0051,-0.0051,-0.1511,-0.0136,0.1238
5.649,-3.0267,0.0000,-0.0623,-1.6958,-0.0051,-0.0051,-0.1511,-0.0136,0.1238
5.652,-3.0273,0.0000,-0.0623,-1.7028,-0.0051,-0.0051,-0.1511,-0.0136,0.1238
5.655,-3.0279,0.0000,-0.0623,-1.7095,-0.0051,-0.0051,-0.1511,-0.0136,0.1238
5.660,-3.0289,0.0000,-0.0623,-1.7186,-0.0051,-0.0051,-0.1652,-0.0136,0.1238
5.671,-3.0308,0.0000,-0.0623,-1.7404,-0.0049,-0.0049,-0.1652,-0.0149,0.1237
5.677,-3.0318,0.0000,-0.0623,-1.7519,-0.0049,-0.0049,-0.1652,-0.0149,0.1237
5.681,-3.0323,0.0000,-0.0623,-1.7554,-0.0049,-0.0049,-0.1866,-0.0149,0.1237
5.685,-3.0329,0.0000,-0.0623,-1.7629,-0.0047,-0.0047,-0.1866,-0.0168,0.1237
5.688,-3.0334,0.0000,-0.0623,-1.7688,-0.0047,-0.0047,-0.1866,-0.0168,0.1237
5.692,-3.0341,0.0000,-0.0623,-1.7763,-0.0047,-0.0047,-0.1866,-0.0168,0.1237
5.696,-3.0346,0.0000,-0.0623,-1.7825,-0.0047,-0.0047,-0.1866,-0.0168,0.1237
5.700,-3.0351,0.0000,-0.0623,-1.7856,-0.0047,-0.0047,-0.2198,-0.0168,0.1236
5.704,-3.0357,0.0000,-0.0623,-1.7921,-0.0044,-0.0044,-0.2198,-0.0198,0.1236
5.708,-3.0362,0.0000,-0.0623,-1.7988,-0.0044,-0.0044,-0.2198,-0.0198,0.1236
5.712,-3.0367,0.0000,-0.0623,-1.8047,-0.0044,-0.0044,-0.2198,-0.0198,0.1236
5.715,-3.0372,0.0000,-0.0623,-1.8101,-0.0044,-0.0044,-0.2198,-0.0198,0.1236
5.719,-3.0377,0.0000,-0.0623,-1.8119,-0.0044,-0.0044,-0.2605,-0.0198,0.1236
5.723,-3.0381,0.0000,-0.0623,-1.8175,-0.0041,-0.0041,-0.2605,-0.0234,0.1236
5.726,-3.0386,0.0000,-0.0623,-1.8227,-0.0041,-0.0041,-0.2605,-0.0234,0.1236
5.730,-3.0390,0.0000,-0.0623,-1.8281,-0.0041,-0.0041,-0.2605,-0.0234,0.1236
5.733,-3.0393,0.0000,-0.0623,-1.8335,-0.0041,-0.0041,-0.2605,-0.0234,0.1236
5.736,-3.0397,0.0000,-0.0623,-1.8390,-0.0041,-0.0041,-0.2605,-0.0234,0.1235
5.740,-3.0401,0.0000,-0.0623,-1.8408,-0.0041,-0.0041,-0.2377,-0.0234,0.1235
5.744,-3.0406,0.0000,-0.0623,-1.8492,-0.0036,-0.0036,-0.2377,-0.0214,0.1235
5.748,-3.0409,0.0000,-0.0623,-1.8563,-0.0036,-0.0036,-0.2377,-0.0214,0.1235
5.751,-3.0413,0.0000,-0.0623,-1.8638,-0.0036,-0.0036,-0.2377,-0.0214,0.1235
5.756,-3.0417,0.0000,-0.0623,-1.8732,-0.0036,-0.0036,-0.2377,-0.0214,0.1235
5.759,-3.0421,0.0000,-0.0623,-1.8765,-0.0036,-0.0036,-0.2301,-0.0214,0.1235
5.765,-3.0427,0.0000,-0.0623,-1.8901,-0.0031,-0.0031,-0.2301,-0.0207,0.1235
5.773,-3.0434,0.0000,-0.0623,-1.9117,-0.0031,-0.0031,-0.2301,-0.0207,0.1235
5.778,-3.0340,0.0000,-0.0623,-1.9233,-0.0031,-0.0031,-0.2301,-0.0207,0.1235
5.782,-2.9793,0.0000,-0.0623,-1.9285,-0.0031,-0.0031,-0.2953,-0.0207,0.1234
5.786,-2.9096,0.0000,-0.0623,-1.9402,-0.0028,-0.0028,-0.2953,-0.0266,0.1234
5.790,-2.8561,0.0000,-0.0623,-1.9497,-0.0028,-0.0028,-0.2953,-0.0266,0.1234
5.794,-2.7898,0.0000,-0.0623,-1.9621,-0.0028,-0.0028,-0.2953,-0.0266,0.1234
5.801,-2.6955,0.0000,-0.0623,-1.9743,-0.0028,-0.0028,-0.2705,-0.0266,0.1234
5.806,-2.6277,0.0000,-0.0623,-1.9889,-0.0022,-0.0022,-0.2705,-0.0243,0.1234
5.811,-2.5521,0.0000,-0.0623,-2.0063,-0.0022,-0.0022,-0.2705,-0.0243,0.1234
5.822,-2.4137,0.0000,-0.0623,-2.0353,-0.0022,-0.0022,-0.2515,-0.0243,0.1234
5.832,-2.2825,0.0000,-0.0623,-2.0738,-0.0016,-0.0016,-0.2515,-0.0226,0.1233
5.836,-2.2341,0.0000,-0.0623,-2.0886,-0.0016,-0.0016,-0.2515,-0.0226,0.1233
5.839,-2.1955,0.0000,-0.0623,-2.0946,-0.0016,-0.0016,-0.2534,-0.0226,0.1233
5.844,-2.1377,0.0000,-0.0623,-2.1105,-0.0010,-0.0010,-0.2534,-0.0228,0.1233
5.848,-2.0953,0.0000,-0.0623,-2.1178,-0.0010,-0.0010,-0.2534,-0.0228,0.1233
5.852,-2.0542,0.0000,-0.0623,-2.1206,-0.0010,-0.0010,-0.2534,-0.0228,0.1233
5.855,-2.0190,0.0000,-0.0623,-2.1198,-0.0010,-0.0010,-0.2534,-0.0228,0.1233
5.859,-1.9743,0.0000,-0.0623,-2.1124,-0.0010,-0.0010,-0.3736,-0.0228,0.1233
5.863,-1.9321,0.0000,-0.0623,-2.1012,-0.0009,-0.0009,-0.3736,-0.0336,0.1233
5.868,-1.8816,0.0000,-0.0623,-2.0802,-0.0009,-0.0009,-0.3736,-0.0336,0.1233
5.877,-1.7989,0.0000,-0.0623,-2.0242,-0.0009,-0.0009,-0.3736,-0.0336,0.1232
5.880,-1.7656,0.0000,-0.0623,-1.9876,-0.0009,-0.0009,-0.3817,-0.0336,0.1232
5.884,-1.7284,0.0000,-0.0623,-1.9532,0.0000,0.0000,-0.3817,-0.0343,0.1232
5.888,-1.6984,0.0000,-0.0623,-1.9221,0.0000,0.0000,-0.3817,-0.0343,0.1232
5.892,-1.6591,0.0000,-0.0623,-1.8758,0.0000,0.0000,-0.3817,-0.0343,0.1232
5.896,-1.6188,0.0000,-0.0623,-1.8292,0.0000,0.0000,-0.3817,-0.0343,0.1232
5.901,-1.5822,0.0000,-0.0623,-1.7872,0.0000,0.0000,-0.3777,-0.0343,0.1232
5.905,-1.5500,0.0000,-0.0623,-1.7506,0.0000,0.0000,-0.3777,-0.0340,0.1232
5.909,-1.5128,0.0000,-0.0623,-1.7086,0.0000,0.0000,-0.3777,-0.0340,0.1232
5.913,-1.4840,0.0000,-0.0623,-1.6766,0.0000,0.0000,-0.3777,-0.0340,0.1232
5.917,-1.4538,0.0000,-0.0623,-1.6432,0.0000,0.0000,-0.3777,-0.0340,0.1232
5.920,-1.4287,0.0000,-0.0623,-1.6158,0.0000,0.0000,-0.3675,-0.0340,0.1232
5.925,-1.3930,0.0000,-0.0623,-1.5770,0.0000,0.0000,-0.3675,-0.0331,0.1232
5.928,-1.3644,0.0000,-0.0623,-1.5463,0.0000,0.0000,-0.3675,-0.0331,0.1231
5.932,-1.3373,0.0000,-0.0623,-1.5177,0.0000,0.0000,-0.3675,-0.0331,0.1231
5.935,-1.3144,0.0000,-0.0623,-1.4939,0.0000,0.0000,-0.3675,-0.0331,0.1231
5.939,-1.2876,0.0000,-0.0623,-1.4661,0.0000,0.0000,-0.3617,-0.0331,0.1231
5.944,-1.2569,0.0000,-0.0623,-1.4348,0.0000,0.0000,-0.3617,-0.0325,0.1231
5.947,-1.2313,0.0000,-0.0623,-1.4092,0.0000,0.0000,-0.3617,-0.0325,0.1231
5.951,-1.2095,0.0000,-0.0623,-1.3877,0.0000,0.0000,-0.3617,-0.0325,0.1231
5.954,-1.1877,0.0000,-0.0623,-1.3663,0.0000,0.0000,-0.3617,-0.0325,0.1231
5.958,-1.1614,0.0000,-0.0623,-1.3409,0.0000,0.0000,-0.3617,-0.0325,0.1231
5.962,-1.1379,0.0000,-0.0623,-1.3186,0.0000,0.0000,-0.3746,-0.0325,0.1231
5.974,-1.0637,0.0000,-0.0623,-1.2512,0.0000,0.0000,-0.3746,-0.0337,0.1231
5.985,-1.0043,0.0000,-0.0623,-1.2000,0.0000,0.0000,-0.3939,-0.0337,0.1231
5.990,-0.9774,0.0000,-0.0623,-1.1773,0.0000,0.0000,-0.3939,-0.0354,0.1230
5.993,-0.9574,0.0000,-0.0623,-1.1609,0.0000,0.0000,-0.3939,-0.0354,0.1230
5.997,-0.9369,0.0000,-0.0623,-1.1444,0.0000,0.0000,-0.3939,-0.0354,0.1230
6.001,-0.9177,0.0000,-0.0623,-1.1294,0.0000,0.0000,-0.4163,-0.0354,0.1230
6.006,-0.8962,0.0000,-0.0623,-1.1130,0.0000,0.0000,-0.4163,-0.0375,0.1230
6.009,-0.8778,0.0000,-0.0623,-1.0992,0.0000,0.0000,-0.4163,-0.0375,0.1230
6.013,-0.8592,0.0000,-0.0623,-1.0858,0.0000,0.0000,-0.4163,-0.0375,0.1230
6.017,-0.8433,0.0000,-0.0623,-1.0746,0.0000,0.0000,-0.4163,-0.0375,0.1230
6.020,-0.8281,0.0000,-0.0623,-1.0642,0.0000,0.0000,-0.4663,-0.0375,0.1230
6.024,-0.8116,0.0000,-0.0623,-1.0533,0.0000,0.0000,-0.4663,-0.0420,0.1230
6.027,-0.7956,0.0000,-0.0623,-1.0430,0.0000,0.0000,-0.4663,-0.0420,0.1230
6.031,-0.7815,0.0000,-0.0623,-1.0343,0.0000,0.0000,-0.4663,-0.0420,0.1230
6.034,-0.7675,0.0000,-0.0623,-1.0259,0.0000,0.0000,-0.4663,-0.0420,0.1230
6.037,-0.7540,0.0000,-0.0623,-1.0180,0.0000,0.0000,-0.4663,-0.0420,0.1230
6.041,-0.7404,0.0000,-0.0623,-1.0103,0.0000,0.0000,-0.5195,-0.0420,0.1230
6.045,-0.7236,0.0000,-0.0623,-1.0014,0.0000,0.0000,-0.5195,-0.0468,0.1230
6.048,-0.7102,0.0000,-0.0623,-0.9945,0.0000,0.0000,-0.5195,-0.0468,0.1229
6.051,-0.6978,0.0000,-0.0623,-0.9885,0.0000,0.0000,-0.5195,-0.0468,0.1229
6.055,-0.6859,0.0000,-0.0623,-0.9829,0.0000,0.0000,-0.5195,-0.0468,0.1229
6.058,-0.6730,0.0000,-0.0623,-0.9773,0.0000,0.0000,-0.5195,-0.0468,0.1229
6.062,-0.6600,0.0000,-0.0623,-0.9719,0.0000,0.0000,-0.5718,-0.0468,0.1229
6.065,-0.6460,0.0000,-0.0623,-0.9666,0.0000,0.0000,-0.5718,-0.0515,0.1228
6.069,-0.6333,0.0000,-0.0623,-0.9622,0.0000,0.0000,-0.5718,-0.0515,0.1227
6.073,-0.6207,0.0000,-0.0623,-0.9581,0.0000,0.0000,-0.5718,-0.0515,0.1226
6.077,-0.6079,0.0000,-0.0623,-0.9544,0.0000,0.0000,-0.5718,-0.0515,0.1225
6.082,-0.5914,0.0000,-0.0623,-0.9503,0.0000,0.0000,-0.6270,-0.0515,0.1224
6.089,-0.5662,0.0000,-0.0623,-0.9458,0.0000,0.0000,-0.6270,-0.0564,0.1222
6.093,-0.5544,0.0000,-0.0623,-0.9442,0.0000,0.0000,-0.6270,-0.0564,0.1219
6.097,-0.5432,0.0000,-0.0623,-0.9431,0.0000,0.0000,-0.6270,-0.0564,0.1218
6.100,-0.5335,0.0000,-0.0623,-0.9425,0.0000,0.0000,-0.6805,-0.0564,0.1217
6.104,-0.5227,0.0000,-0.0623,-0.9423,0.0000,0.0000,-0.6805,-0.0612,0.1216
6.107,-0.5134,0.0000,-0.0623,-0.9424,0.0000,0.0000,-0.6805,-0.0612,0.1214
6.111,-0.5021,0.0000,-0.0623,-0.9430,0.0000,0.0000,-0.6805,-0.0612,0.1213
6.115,-0.4922,0.0000,-0.0623,-0.9440,0.0000,0.0000,-0.6805,-0.0612,0.1212
6.138,-0.4296,0.0000,-0.0623,-0.9681,0.0000,0.0000,-0.7315,-0.0612,0.1211
6.149,-0.4021,0.0000,-0.0623,-0.9834,0.0000,0.0000,-0.8042,-0.0658,0.1202
6.156,-0.3871,0.0000,-0.0623,-0.9933,0.0000,0.0000,-0.8042,-0.0724,0.1198
6.160,-0.3783,0.0000,-0.0623,-0.9997,0.0000,0.0000,-0.8752,-0.0724,0.1195
6.164,-0.3701,0.0000,-0.0623,-1.0063,0.0000,0.0000,-0.8752,-0.0788,0.1194
6.168,-0.3635,0.0000,-0.0623,-1.0119,0.0000,0.0000,-0.8752,-0.0788,0.1192
6.171,-0.3570,0.0000,-0.0623,-1.0179,0.0000,0.0000,-0.8752,-0.0788,0.1191
6.174,-0.3500,0.0000,-0.0623,-1.0249,0.0000,0.0000,-0.8752,-0.0788,0.1189
6.178,-0.3427,0.0000,-0.0623,-1.0328,0.0000,0.0000,-0.8752,-0.0788,0.1188
6.183,-0.3341,0.0000,-0.0623,-1.0430,0.0000,0.0000,-0.9207,-0.0788,0.1186
6.190,-0.3203,0.0000,-0.0623,-1.0612,0.0000,0.0000,-0.9207,-0.0829,0.1184
6.195,-0.3125,0.0000,-0.0623,-1.0724,0.0000,0.0000,-0.9207,-0.0829,0.1181
6.199,-0.3055,0.0000,-0.0623,-1.0830,0.0000,0.0000,-0.9824,-0.0829,0.1179
6.202,-0.2990,0.0000,-0.0623,-1.0934,0.0000,0.0000,-0.9824,-0.0884,0.1178
6.206,-0.2932,0.0000,-0.0623,-1.1034,0.0000,0.0000,-0.9824,-0.0884,0.1176
6.219,-0.2720,0.0000,-0.0623,-1.1476,0.0000,0.0000,-1.0406,-0.0829,0.1184
6.228,-0.2583,0.0000,-0.0623,-1.1794,0.0000,0.0000,-1.0406,-0.0937,0.1168
6.234,-0.2498,0.0000,-0.0623,-1.2008,0.0000,0.0000,-1.0406,-0.0937,0.1164
6.239,-0.2430,0.0000,-0.0623,-1.2190,0.0000,0.0000,-1.0927,-0.0937,0.1162
6.243,-0.2371,0.0000,-0.0623,-1.2357,0.0000,0.0000,-1.0927,-0.0983,0.1159
6.247,-0.2327,0.0000,-0.0623,-1.2488,0.0000,0.0000,-1.0927,-0.0983,0.1157
6.250,-0.2284,0.0000,-0.0623,-1.2623,0.0000,0.0000,-1.0927,-0.0983,0.1156
6.254,-0.2237,0.0000,-0.0623,-1.2773,0.0000,0.0000,-1.0927,-0.0983,0.1154
6.257,-0.2195,0.0000,-0.0623,-1.2914,0.0000,0.0000,-1.0927,-0.0983,0.1152
6.261,-0.2147,0.0000,-0.0623,-1.3083,0.0000,0.0000,-1.1383,-0.0983,0.1151
6.265,-0.2099,0.0000,-0.0623,-1.3260,0.0000,0.0000,-1.1383,-0.1024,0.1149
6.273,-0.1999,0.0000,-0.0623,-1.3669,0.0000,0.0000,-1.1383,-0.1024,0.1147
6.280,-0.1927,0.0000,-0.0623,-1.3982,0.0000,0.0000,-1.1707,-0.1024,0.1143
6.285,-0.1872,0.0000,-0.0623,-1.4241,0.0000,0.0000,-1.1707,-0.1054,0.1140
6.293,-0.1791,0.0000,-0.0623,-1.4644,0.0000,0.0000,-1.1707,-0.1054,0.1137
6.296,-0.1756,0.0000,-0.0623,-1.4828,0.0000,0.0000,-1.1707,-0.1054,0.1134
6.300,-0.1721,0.0000,-0.0623,-1.5018,0.0000,0.0000,-1.1957,-0.1054,0.1132
6.303,-0.1685,0.0000,-0.0623,-1.5218,0.0000,0.0000,-1.1957,-0.1076,0.1130
6.307,-0.1650,0.0000,-0.0623,-1.5425,0.0000,0.0000,-1.1957,-0.1076,0.1128
6.311,-0.1612,0.0000,-0.0623,-1.5655,0.0000,0.0000,-1.1957,-0.1076,0.1127
6.315,-0.1577,0.0000,-0.0623,-1.5882,0.0000,0.0000,-1.1957,-0.1076,0.1125
6.319,-0.1546,0.0000,-0.0623,-1.6086,0.0000,0.0000,-1.2270,-0.1076,0.1123
6.323,-0.1508,0.0000,-0.0623,-1.6347,0.0000,0.0000,-1.2270,-0.1104,0.1121
6.327,-0.1476,0.0000,-0.0623,-1.6577,0.0000,0.0000,-1.2270,-0.1104,0.1119
6.331,-0.1443,0.0000,-0.0623,-1.6819,0.0000,0.0000,-1.2270,-0.1104,0.1117
6.334,-0.1415,0.0000,-0.0623,-1.7034,0.0000,0.0000,-1.2270,-0.1104,0.1115
6.338,-0.1384,0.0000,-0.0623,-1.7283,0.0000,0.0000,-1.2270,-0.1104,0.1114
6.342,-0.1355,0.0000,-0.0623,-1.7521,0.0000,0.0000,-1.2629,-0.1104,0.1112
6.347,-0.1320,0.0000,-0.0623,-1.7831,0.0000,0.0000,-1.2629,-0.1137,0.1110
6.350,-0.1294,0.0000,-0.0623,-1.8059,0.0000,0.0000,-1.2629,-0.1137,0.1108
6.353,-0.1271,0.0000,-0.0623,-1.8276,0.0000,0.0000,-1.2629,-0.1137,0.1106
6.357,-0.1242,0.0000,-0.0623,-1.8559,0.0000,0.0000,-1.2629,-0.1137,0.1105
6.361,-0.1215,0.0000,-0.0623,-1.8828,0.0000,0.0000,-1.2919,-0.1137,0.1103
6.366,-0.1184,0.0000,-0.0623,-1.9142,0.0000,0.0000,-1.2919,-0.1163,0.1101
6.369,-0.1162,0.0000,-0.0623,-1.9380,0.0000,0.0000,-1.2919,-0.1163,0.1099
6.373,-0.1138,0.0000,-0.0623,-1.9649,0.0000,0.0000,-1.2919,-0.1163,0.1097
6.376,-0.1114,0.0000,-0.0623,-1.9918,0.0000,0.0000,-1.2919,-0.1163,0.1095
6.381,-0.1087,0.0000,-0.0623,-2.0239,0.0000,0.0000,-1.3321,-0.1163,0.1094
6.385,-0.1061,0.0000,-0.0623,-2.0559,0.0000,0.0000,-1.3321,-0.1199,0.1091
6.390,-0.1032,0.0000,-0.0623,-2.0939,0.0000,0.0000,-1.3321,-0.1199,0.1089
6.398,-0.0982,0.0000,-0.0623,-2.1628,0.0000,0.0000,-1.3321,-0.1199,0.1087
6.405,-0.0946,0.0000,-0.0623,-2.2156,0.0000,0.0000,-1.3652,-0.1199,0.1083
6.409,-0.0923,0.0000,-0.0623,-2.2505,0.0000,0.0000,-1.3652,-0.1229,0.1080
6.413,-0.0901,0.0000,-0.0623,-2.2864,0.0000,0.0000,-1.3652,-0.1229,0.1078
6.417,-0.0882,0.0000,-0.0623,-2.3163,0.0000,0.0000,-1.3652,-0.1229,0.1076
6.440,-0.0766,0.0000,-0.0623,-2.5454,0.0000,0.0000,-1.4021,-0.1229,0.1074
6.451,-0.0717,0.0000,-0.0623,-2.6486,0.0000,0.0000,-1.4021,-0.1262,0.1062
6.459,-0.0687,0.0000,-0.0623,-2.7158,0.0000,0.0000,-1.4061,-0.1262,0.1057
6.466,-0.0658,0.0000,-0.0623,-2.7875,0.0000,0.0000,-1.4061,-0.1265,0.1054
6.472,-0.0635,0.0000,-0.0623,-2.8443,0.0000,0.0000,-1.4061,-0.1265,0.1050
6.479,-0.0611,0.0000,-0.0623,-2.9067,0.0000,0.0000,-1.4007,-0.1265,0.1047
6.487,-0.0585,0.0000,-0.0623,-2.9799,0.0000,0.0000,-1.4007,-0.1261,0.1044
6.495,-0.0557,0.0000,-0.0623,-3.0638,0.0000,0.0000,-1.4007,-0.1261,0.1041
6.504,-0.0530,0.0000,-0.0623,-3.1481,0.0000,0.0000,-1.3855,-0.1261,0.1040
6.512,-0.0505,0.0000,-0.0623,-3.2311,0.0000,0.0000,-1.3855,-0.1247,0.1040
6.518,-0.0486,0.0000,-0.0623,-3.2958,0.0000,0.0000,-1.3855,-0.1247,0.1040
6.522,-0.0475,0.0000,-0.0623,-3.3343,0.0000,0.0000,-1.3799,-0.1247,0.1040
6.527,-0.0462,0.0000,-0.0623,-3.3841,0.0000,0.0000,-1.3799,-0.1242,0.1040
6.534,-0.0444,0.0000,-0.0623,-3.4506,0.0000,0.0000,-1.3799,-0.1242,0.1040
6.541,-0.0427,0.0000,-0.0623,-3.5196,0.0000,0.0000,-1.3563,-0.1242,0.1040
6.545,-0.0416,0.0000,-0.0623,-3.5633,0.0000,0.0000,-1.3563,-0.1221,0.1040
6.549,-0.0408,0.0000,-0.0623,-3.6003,0.0000,0.0000,-1.3563,-0.1221,0.1040
6.552,-0.0399,0.0000,-0.0623,-3.6351,0.0000,0.0000,-1.3563,-0.1221,0.1040
6.555,-0.0392,0.0000,-0.0623,-3.6682,0.0000,0.0000,-1.3563,-0.1221,0.1040
6.560,-0.0382,0.0000,-0.0623,-3.7106,0.0000,0.0000,-1.3214,-0.1221,0.1040
6.567,-0.0366,0.0000,-0.0623,-3.7871,0.0000,0.0000,-1.3214,-0.1189,0.1040
6.576,-0.0347,0.0000,-0.0623,-3.8809,0.0000,0.0000,-1.3214,-0.1189,0.1040
6.583,-0.0334,0.0000,-0.0623,-3.9458,0.0000,0.0000,-1.2889,-0.1189,0.1040
6.587,-0.0326,0.0000,-0.0623,-3.9838,0.0000,0.0000,-1.2889,-0.1160,0.1040
6.591,-0.0319,0.0000,-0.0623,-4.0210,0.0000,0.0000,-1.2889,-0.1160,0.1040
6.595,-0.0310,0.0000,-0.0623,-4.0687,0.0000,0.0000,-1.2889,-0.1160,0.1040
6.603,-0.0297,0.0000,-0.0623,-4.1421,0.0000,0.0000,-1.2482,-0.1160,0.1040
6.608,-0.0289,0.0000,-0.0623,-4.1872,0.0000,0.0000,-1.2482,-0.1123,0.1040
6.611,-0.0283,0.0000,-0.0623,-4.2229,0.0000,0.0000,-1.2482,-0.1123,0.1040
6.616,-0.0276,0.0000,-0.0623,-4.2620,0.0000,0.0000,-1.2482,-0.1123,0.1040
6.619,-0.0270,0.0000,-0.0623,-4.2942,0.0000,0.0000,-1.1983,-0.1123,0.1040
6.623,-0.0264,0.0000,-0.0623,-4.3336,0.0000,0.0000,-1.1983,-0.1079,0.1040
6.627,-0.0258,0.0000,-0.0623,-4.3678,0.0000,0.0000,-1.1983,-0.1079,0.1040
6.631,-0.0252,0.0000,-0.0623,-4.4021,0.0000,0.0000,-1.1983,-0.1079,0.1040
6.634,-0.0248,0.0000,-0.0623,-4.4310,0.0000,0.0000,-1.1983,-0.1079,0.1040
6.638,-0.0242,0.0000,-0.0623,-4.4662,0.0000,0.0000,-1.1983,-0.1079,0.1040
6.642,-0.0236,0.0000,-0.0623,-4.5044,0.0000,0.0000,-1.1401,-0.1079,0.1040
6.647,-0.0229,0.0000,-0.0623,-4.5483,0.0000,0.0000,-1.1401,-0.1026,0.1040
6.651,-0.0225,0.0000,-0.0623,-4.5774,0.0000,0.0000,-1.1401,-0.1026,0.1040
6.654,-0.0221,0.0000,-0.0623,-4.6043,0.0000,0.0000,-1.1401,-0.1026,0.1040
6.657,-0.0216,0.0000,-0.0623,-4.6316,0.0000,0.0000,-1.1401,-0.1026,0.1040
6.661,-0.0211,0.0000,-0.0623,-4.6634,0.0000,0.0000,-1.0885,-0.1026,0.1040
6.665,-0.0207,0.0000,-0.0623,-4.6939,0.0000,0.0000,-1.0885,-0.0980,0.1040
6.668,-0.0203,0.0000,-0.0623,-4.7190,0.0000,0.0000,-1.0885,-0.0980,0.1040
6.671,-0.0199,0.0000,-0.0623,-4.7432,0.0000,0.0000,-1.0885,-0.0980,0.1040
6.675,-0.0195,0.0000,-0.0623,-4.7715,0.0000,0.0000,-1.0885,-0.0980,0.1040
6.679,-0.0191,0.0000,-0.0623,-4.8004,0.0000,0.0000,-1.0299,-0.0980,0.1040
6.683,-0.0187,0.0000,-0.0623,-4.8280,0.0000,0.0000,-1.0299,-0.0927,0.1040
6.686,-0.0183,0.0000,-0.0623,-4.8510,0.0000,0.0000,-1.0299,-0.0927,0.1040
6.689,-0.0180,0.0000,-0.0623,-4.8758,0.0000,0.0000,-1.0299,-0.0927,0.1040
6.693,-0.0176,0.0000,-0.0623,-4.9040,0.0000,0.0000,-1.0299,-0.0927,0.1040
6.697,-0.0172,0.0000,-0.0623,-4.9299,0.0000,0.0000,-1.0299,-0.0927,0.1040
6.702,-0.0167,0.0000,-0.0623,-4.9609,0.0000,0.0000,-0.9720,-0.0927,0.1040
6.710,-0.0159,0.0000,-0.0623,-5.0139,0.0000,0.0000,-0.9720,-0.0875,0.1040
6.714,-0.0155,0.0000,-0.0623,-5.0375,0.0000,0.0000,-0.9720,-0.0875,0.1040
6.718,-0.0152,0.0000,-0.0623,-5.0614,0.0000,0.0000,-0.9720,-0.0875,0.1040
6.727,-0.0144,0.0000,-0.0623,-5.1135,0.0000,0.0000,-0.9070,-0.0875,0.1040
6.734,-0.0138,0.0000,-0.0623,-5.1473,0.0000,0.0000,-0.9070,-0.0816,0.1040
6.739,-0.0134,0.0000,-0.0623,-5.1692,0.0000,0.0000,-0.8340,-0.0816,0.1040
6.743,-0.0131,0.0000,-0.0623,-5.1895,0.0000,0.0000,-0.8340,-0.0751,0.1040
6.747,-0.0128,0.0000,-0.0623,-5.2087,0.0000,0.0000,-0.8340,-0.0751,0.1040
6.751,-0.0125,0.0000,-0.0623,-5.2239,0.0000,0.0000,-0.8340,-0.0751,0.1040
6.755,-0.0122,0.0000,-0.0623,-5.2395,0.0000,0.0000,-0.8340,-0.0751,0.1040
6.759,-0.0119,0.0000,-0.0623,-5.2531,0.0000,0.0000,-0.7473,-0.0751,0.1040
6.763,-0.0116,0.0000,-0.0623,-5.2696,0.0000,0.0000,-0.7473,-0.0673,0.1040
6.767,-0.0114,0.0000,-0.0623,-5.2814,0.0000,0.0000,-0.7473,-0.0673,0.1040
6.771,-0.0111,0.0000,-0.0623,-5.2945,0.0000,0.0000,-0.7473,-0.0673,0.1040
6.775,-0.0109,0.0000,-0.0623,-5.3047,0.0000,0.0000,-0.7473,-0.0673,0.1040
6.779,-0.0106,0.0000,-0.0623,-5.3263,0.0000,0.0000,-0.6520,-0.0673,0.1040
6.783,-0.0104,0.0000,-0.0623,-5.3361,-0.0009,-0.0009,-0.6520,-0.0587,0.1040
6.787,-0.0101,0.0000,-0.0623,-5.3443,-0.0009,-0.0009,-0.6520,-0.0587,0.1040
6.790,-0.0099,0.0000,-0.0623,-5.3509,-0.0009,-0.0009,-0.6520,-0.0587,0.1040
6.794,-0.0097,0.0000,-0.0623,-5.3585,-0.0009,-0.0009,-0.6520,-0.0587,0.1040
6.798,-0.0095,0.0000,-0.0623,-5.3643,-0.0009,-0.0009,-0.6520,-0.0587,0.1040
6.801,-0.0093,0.0000,-0.0623,-5.3780,-0.0009,-0.0009,-0.5506,-0.0587,0.1040
6.806,-0.0091,0.0000,-0.0623,-5.3794,-0.0018,-0.0018,-0.5506,-0.0496,0.1040
6.814,-0.0086,0.0000,-0.0623,-5.3705,-0.0018,-0.0018,-0.5506,-0.0496,0.1040
6.822,-0.0082,0.0000,-0.0623,-5.3642,-0.0018,-0.0018,-0.4440,-0.0496,0.1040
6.826,-0.0080,0.0000,-0.0623,-5.3517,-0.0027,-0.0027,-0.4440,-0.0400,0.1040
6.830,-0.0078,0.0000,-0.0623,-5.3392,-0.0027,-0.0027,-0.4440,-0.0400,0.1040
6.835,-0.0076,0.0000,-0.0623,-5.3246,-0.0027,-0.0027,-0.4440,-0.0400,0.1040
6.838,-0.0075,0.0000,-0.0623,-5.3117,-0.0027,-0.0027,-0.4440,-0.0400,0.1040
6.842,-0.0073,0.0000,-0.0623,-5.3065,-0.0027,-0.0027,-0.3325,-0.0400,0.1040
6.847,-0.0071,0.0000,-0.0623,-5.2839,-0.0036,-0.0036,-0.3325,-0.0299,0.1040
6.850,-0.0070,0.0000,-0.0623,-5.2686,-0.0036,-0.0036,-0.3325,-0.0299,0.1040
6.854,-0.0068,0.0000,-0.0623,-5.2537,-0.0036,-0.0036,-0.3325,-0.0299,0.1040
6.857,-0.0067,0.0000,-0.0623,-5.2414,-0.0036,-0.0036,-0.3325,-0.0299,0.1040
6.861,-0.0065,0.0000,-0.0623,-5.2365,-0.0036,-0.0036,-0.2167,-0.0299,0.1040
6.865,-0.0064,0.0000,-0.0623,-5.2239,-0.0044,-0.0044,-0.2167,-0.0195,0.1040
6.868,-0.0063,0.0000,-0.0623,-5.2130,-0.0044,-0.0044,-0.2167,-0.0195,0.1040
6.878,-0.0059,0.0000,-0.0623,-5.1879,-0.0044,-0.0044,-0.2167,-0.0195,0.1040
6.884,-0.0057,0.0000,-0.0623,-5.1849,-0.0044,-0.0044,-0.0870,-0.0195,0.1040
6.888,-0.0056,0.0000,-0.0623,-5.1777,-0.0052,-0.0052,-0.0870,-0.0078,0.1040
6.892,-0.0054,0.0000,-0.0623,-5.1722,-0.0052,-0.0052,-0.0870,-0.0078,0.1040
6.896,-0.0053,0.0000,-0.0623,-5.1673,-0.0052,-0.0052,-0.0870,-0.0078,0.1040
6.899,-0.0052,0.0000,-0.0623,-5.1713,-0.0052,-0.0052,0.0280,-0.0078,0.1040
6.903,-0.0051,0.0000,-0.0623,-5.1677,-0.0060,-0.0060,0.0280,0.0025,0.1040
6.906,-0.0050,0.0000,-0.0623,-5.1652,-0.0060,-0.0060,0.0280,0.0025,0.1040
6.910,-0.0049,0.0000,-0.0623,-5.1629,-0.0060,-0.0060,0.0280,0.0025,0.1040
6.914,-0.0048,0.0000,-0.0623,-5.1613,-0.0060,-0.0060,0.0280,0.0025,0.1040
6.918,-0.0047,0.0000,-0.0623,-5.1604,-0.0060,-0.0060,0.0280,0.0025,0.1040
6.922,-0.0045,0.0000,-0.0623,-5.1681,-0.0060,-0.0060,0.1500,0.0025,0.1040
6.934,-0.0042,0.0000,-0.0622,-5.1731,-0.0067,-0.0067,0.1500,0.0135,0.1040
6.938,-0.0041,0.0000,-0.0622,-5.1756,-0.0067,-0.0067,0.1500,0.0135,0.1040
6.942,-0.0041,0.0000,-0.0622,-5.1864,-0.0067,-0.0067,0.2970,0.0135,0.1040
6.947,-0.0039,0.0000,-0.0622,-5.1908,-0.0074,-0.0074,0.2970,0.0267,0.1040
6.950,-0.0039,0.0000,-0.0622,-5.1941,-0.0074,-0.0074,0.2970,0.0267,0.1040
6.953,-0.0038,0.0000,-0.0622,-5.1975,-0.0074,-0.0074,0.2970,0.0267,0.1040
6.957,-0.0037,0.0000,-0.0622,-5.2024,-0.0074,-0.0074,0.2970,0.0267,0.1040
6.961,-0.0036,0.0000,-0.0622,-5.2148,-0.0074,-0.0074,0.4483,0.0267,0.1040
6.966,-0.0035,0.0000,-0.0622,-5.2216,-0.0080,-0.0080,0.4483,0.0403,0.1040
6.969,-0.0034,0.0000,-0.0622,-5.2270,-0.0080,-0.0080,0.4483,0.0403,0.1040
6.974,-0.0033,0.0000,-0.0622,-5.2343,-0.0080,-0.0080,0.4483,0.0403,0.1040
6.978,-0.0033,0.0000,-0.0622,-5.2418,-0.0080,-0.0080,0.4483,0.0403,0.1040
6.982,-0.0032,0.0000,-0.0622,-5.2540,-0.0080,-0.0080,0.5967,0.0403,0.1040
6.986,-0.0031,0.0000,-0.0622,-5.2614,-0.0086,-0.0086,0.5967,0.0537,0.1040
6.990,-0.0030,0.0000,-0.0622,-5.2691,-0.0086,-0.0086,0.5967,0.0537,0.1040
6.997,-0.0029,0.0000,-0.0622,-5.2832,-0.0086,-0.0086,0.5967,0.0537,0.1041
7.000,-0.0029,0.0000,-0.0622,-5.2952,-0.0086,-0.0086,0.7414,0.0537,0.1045
7.005,-0.0028,0.0000,-0.0622,-5.3051,-0.0090,-0.0090,0.7414,0.0667,0.1047
7.009,-0.0027,0.0000,-0.0622,-5.3133,-0.0090,-0.0090,0.7414,0.0667,0.1051
7.013,-0.0027,0.0000,-0.0622,-5.3219,-0.0090,-0.0090,0.7414,0.0667,0.1053
7.020,-0.0025,0.0000,-0.0622,-5.3408,-0.0090,-0.0090,0.8396,0.0667,0.1056
7.030,-0.0024,0.0000,-0.0622,-5.3630,-0.0093,-0.0093,0.8396,0.0756,0.1061
7.039,-0.0023,0.0000,-0.0622,-5.3872,-0.0093,-0.0093,0.9263,0.0756,0.1067
7.048,-0.0021,0.0000,-0.0622,-5.4073,-0.0095,-0.0095,0.9263,0.0834,0.1074
7.052,-0.0021,0.0000,-0.0622,-5.4160,-0.0095,-0.0095,0.9263,0.0834,0.1081
7.056,-0.0021,0.0000,-0.0622,-5.4231,-0.0095,-0.0095,0.9263,0.0834,0.1083
7.059,-0.0020,0.0000,-0.0622,-5.4323,-0.0095,-0.0095,1.0094,0.0834,0.1086
7.063,-0.0020,0.0000,-0.0622,-5.4406,-0.0096,-0.0096,1.0094,0.0908,0.1089
7.067,-0.0019,0.0000,-0.0622,-5.4472,-0.0096,-0.0096,1.0094,0.0908,0.1091
7.070,-0.0019,0.0000,-0.0622,-5.4536,-0.0096,-0.0096,1.0094,0.0908,0.1094
7.073,-0.0019,0.0000,-0.0622,-5.4597,-0.0096,-0.0096,1.0094,0.0908,0.1096
7.078,-0.0018,0.0000,-0.0622,-5.4686,-0.0096,-0.0096,1.0094,0.0908,0.1098
7.081,-0.0018,0.0000,-0.0622,-5.4775,-0.0096,-0.0096,1.1041,0.0908,0.1102
7.085,-0.0017,0.0000,-0.0622,-5.4847,-0.0098,-0.0098,1.1041,0.0994,0.1105
7.089,-0.0017,0.0000,-0.0622,-5.4903,-0.0098,-0.0098,1.1041,0.0994,0.1108
7.092,-0.0017,0.0000,-0.0622,-5.4965,-0.0098,-0.0098,1.1041,0.0994,0.1110
7.096,-0.0016,0.0000,-0.0622,-5.5024,-0.0098,-0.0098,1.1041,0.0994,0.1113
7.099,-0.0016,0.0000,-0.0622,-5.5094,-0.0098,-0.0098,1.1971,0.0994,0.1115
7.103,-0.0016,0.0000,-0.0622,-5.5150,-0.0099,-0.0099,1.1971,0.1077,0.1118
7.106,-0.0015,0.0000,-0.0622,-5.5196,-0.0099,-0.0099,1.1971,0.1077,0.1121
7.110,-0.0015,0.0000,-0.0622,-5.5248,-0.0099,-0.0099,1.1971,0.1077,0.1123
7.113,-0.0015,0.0000,-0.0622,-5.5294,-0.0099,-0.0099,1.1971,0.1077,0.1126
7.124,-0.0014,0.0000,-0.0622,-5.5436,-0.0099,-0.0099,1.2833,0.1077,0.1129
7.129,-0.0013,0.0000,-0.0622,-5.5489,-0.0101,-0.0101,1.2833,0.1155,0.1138
7.133,-0.0013,0.0000,-0.0622,-5.5524,-0.0101,-0.0101,1.2833,0.1155,0.1142
7.137,-0.0013,0.0000,-0.0622,-5.5551,-0.0101,-0.0101,1.2833,0.1155,0.1145
7.141,-0.0012,0.0000,-0.0622,-5.5611,-0.0101,-0.0101,1.3900,0.1155,0.1148
7.150,-0.0012,0.0000,-0.0622,-5.5653,-0.0103,-0.0103,1.3900,0.1251,0.1152
7.153,-0.0012,0.0000,-0.0622,-5.5667,-0.0103,-0.0103,1.3900,0.1251,0.1159
7.156,-0.0011,0.0000,-0.0622,-5.5677,-0.0103,-0.0103,1.3900,0.1251,0.1161
7.162,-0.0011,0.0000,-0.0622,-5.5715,-0.0103,-0.0103,1.4937,0.1251,0.1164
7.169,-0.0010,0.0000,-0.0622,-5.5714,-0.0106,-0.0106,1.4937,0.1344,0.1169
7.176,-0.0010,0.0000,-0.0622,-5.5699,-0.0106,-0.0106,1.4937,0.1344,0.1175
7.184,-0.0010,0.0000,-0.0622,-5.5687,-0.0106,-0.0106,1.5856,0.1344,0.1181
7.191,-0.0009,0.0000,-0.0622,-5.5648,-0.0108,-0.0108,1.5856,0.1427,0.1188
7.194,-0.0009,0.0000,-0.0622,-5.5621,-0.0108,-0.0108,1.5856,0.1427,0.1194
7.198,-0.0009,0.0000,-0.0622,-5.5594,-0.0108,-0.0108,1.5856,0.1427,0.1197
7.201,-0.0009,0.0000,-0.0622,-5.5591,-0.0108,-0.0108,1.6658,0.1427,0.1200
7.205,-0.0008,0.0000,-0.0622,-5.5549,-0.0111,-0.0111,1.6658,0.1499,0.1203
7.209,-0.0008,0.0000,-0.0622,-5.5507,-0.0111,-0.0111,1.6658,0.1499,0.1206
7.212,-0.0008,0.0000,-0.0622,-5.5463,-0.0111,-0.0111,1.6658,0.1499,0.1209
7.215,-0.0008,0.0000,-0.0622,-5.5418,-0.0111,-0.0111,1.6658,0.1499,0.1213
7.219,-0.0008,0.0000,-0.0622,-5.5395,-0.0111,-0.0111,1.7330,0.1499,0.1215
7.223,-0.0008,0.0000,-0.0622,-5.5334,-0.0113,-0.0113,1.7330,0.1560,0.1218
7.226,-0.0007,0.0000,-0.0622,-5.5273,-0.0113,-0.0113,1.7330,0.1560,0.1222
7.230,-0.0007,0.0000,-0.0622,-5.5215,-0.0113,-0.0113,1.7330,0.1560,0.1225
7.233,-0.0007,0.0000,-0.0622,-5.5156,-0.0113,-0.0113,1.7330,0.1560,0.1228
7.236,-0.0007,0.0000,-0.0622,-5.5094,-0.0113,-0.0113,1.7330,0.1560,0.1231
7.239,-0.0007,0.0000,-0.0622,-5.5045,-0.0113,-0.0113,1.7874,0.1560,0.1234
7.246,-0.0007,0.0000,-0.0622,-5.4908,-0.0106,-0.0106,1.7874,0.1344,0.1181
7.255,-0.0006,0.0001,-0.0622,-5.4670,0.4712,0.0648,1.7874,0.1609,0.1242
7.264,-0.0006,0.0001,-0.0622,-5.4428,0.4691,0.1652,1.8522,0.1609,0.1251
7.270,-0.0006,0.0001,-0.0622,-5.4277,0.4664,0.2669,1.8522,0.1667,0.1259
7.273,-0.0006,0.0001,-0.0622,-5.4172,0.4651,0.3226,1.8522,0.1667,0.1264
7.277,-0.0005,0.0001,-0.0622,-5.4050,0.4641,0.3605,1.8522,0.1667,0.1267
7.281,-0.0005,0.0000,-0.0622,-5.3952,0.4630,0.4028,1.8851,0.1667,0.1271
7.285,-0.0005,0.0000,-0.0622,-5.3804,0.4619,0.4420,1.8851,0.1697,0.1274
7.289,-0.0005,0.0000,-0.0622,-5.3684,0.4605,0.4605,1.8851,0.1697,0.1278
7.293,-0.0005,0.0000,-0.0622,-5.3540,0.4594,0.4594,1.8851,0.1697,0.1281
7.297,-0.0005,0.0000,-0.0622,-5.3405,0.4581,0.4581,1.8851,0.1697,0.1285
7.300,-0.0005,0.0000,-0.0622,-5.3216,0.4569,0.4569,1.7013,0.1697,0.1288
7.305,-0.0005,0.0000,-0.0622,-5.3045,0.4564,0.4564,1.7013,0.1531,0.1291
7.308,-0.0005,0.0000,-0.0622,-5.2905,0.4548,0.4548,1.7013,0.1531,0.1294
7.313,-0.0004,0.0000,-0.0622,-5.2732,0.4536,0.4536,1.7013,0.1531,0.1297
7.316,-0.0004,0.0000,-0.0622,-5.2592,0.4520,0.4520,1.7013,0.1531,0.1300
7.319,-0.0004,0.0000,-0.0622,-5.2404,0.4507,0.4507,1.5339,0.1531,0.1303
7.324,-0.0004,0.0000,-0.0622,-5.2218,0.4500,0.4500,1.5339,0.1381,0.1305
7.331,-0.0004,0.0000,-0.0622,-5.1898,0.4483,0.4483,1.5339,0.1381,0.1308
7.340,-0.0004,0.0000,-0.0622,-5.1472,0.4455,0.4455,1.4753,0.1381,0.1313
7.350,-0.0003,0.0000,-0.0622,-5.0949,0.4419,0.4419,1.4753,0.1328,0.1318
7.357,-0.0003,0.0000,-0.0622,-5.0622,0.4372,0.4372,1.4753,0.1328,0.1325
7.362,-0.0003,0.0000,-0.0622,-5.0332,0.4342,0.4342,1.4096,0.1328,0.1329
7.370,-0.0003,0.0000,-0.0622,-4.9896,0.4320,0.4320,1.4096,0.1269,0.1332
7.374,-0.0003,0.0000,-0.0622,-4.9713,0.4280,0.4280,1.4096,0.1269,0.1336
7.378,-0.0003,0.0000,-0.0622,-4.9479,0.4264,0.4264,1.4096,0.1269,0.1338
7.382,-0.0003,0.0000,-0.0622,-4.9271,0.4243,0.4243,1.3368,0.1269,0.1341
7.385,-0.0003,0.0000,-0.0622,-4.9069,0.4229,0.4229,1.3368,0.1203,0.1342
7.389,-0.0003,0.0000,-0.0622,-4.8858,0.4211,0.4211,1.3368,0.1203,0.1344
7.393,-0.0003,0.0000,-0.0622,-4.8648,0.4192,0.4192,1.3368,0.1203,0.1346
7.397,-0.0003,0.0000,-0.0622,-4.8427,0.4173,0.4173,1.3368,0.1203,0.1348
7.400,-0.0003,0.0000,-0.0622,-4.8176,0.4153,0.4153,1.1201,0.1203,0.1350
7.405,-0.0002,0.0000,-0.0622,-4.7930,0.4143,0.4143,1.1201,0.1008,0.1351
7.412,-0.0002,0.0000,-0.0622,-4.7518,0.4121,0.4121,1.1201,0.1008,0.1353
7.418,-0.0002,0.0000,-0.0622,-4.7120,0.4084,0.4084,1.1201,0.1008,0.1355
7.425,-0.0002,0.0000,-0.0622,-4.6668,0.4048,0.4048,0.9331,0.1008,0.1358
7.430,-0.0002,0.0000,-0.0622,-4.6380,0.4019,0.4019,0.9331,0.0840,0.1360
7.436,-0.0002,0.0000,-0.0622,-4.6001,0.3993,0.3993,0.9331,0.0840,0.1361
7.442,-0.0002,0.0000,-0.0622,-4.5560,0.3958,0.3958,0.7729,0.0840,0.1362
7.447,-0.0002,0.0000,-0.0622,-4.5230,0.3928,0.3928,0.7729,0.0696,0.1364
7.451,-0.0002,0.0000,-0.0622,-4.4983,0.3899,0.3899,0.7729,0.0696,0.1364
7.455,-0.0002,0.0000,-0.0622,-4.4771,0.3876,0.3876,0.7729,0.0696,0.1365
7.459,-0.0002,0.0000,-0.0622,-4.4512,0.3857,0.3857,0.7710,0.0696,0.1366
7.463,-0.0002,0.0000,-0.0622,-4.4264,0.3837,0.3837,0.7710,0.0694,0.1366
7.466,-0.0002,0.0000,-0.0622,-4.4067,0.3815,0.3815,0.7710,0.0694,0.1367
7.470,-0.0002,0.0000,-0.0622,-4.3784,0.3797,0.3797,0.7710,0.0694,0.1368
7.479,-0.0002,0.0000,-0.0622,-4.3215,0.3771,0.3771,0.6949,0.0694,0.1368
7.483,-0.0002,0.0000,-0.0622,-4.2922,0.3725,0.3725,0.6949,0.0625,0.1369
7.493,-0.0001,0.0000,-0.0622,-4.2295,0.3699,0.3699,0.6949,0.0625,0.1370
7.500,-0.0001,0.0000,-0.0622,-4.1781,0.3643,0.3643,0.6192,0.0625,0.1371
7.504,-0.0001,0.0000,-0.0622,-4.1511,0.3601,0.3601,0.6192,0.0557,0.1372
7.508,-0.0001,0.0000,-0.0622,-4.1284,0.3576,0.3576,0.6192,0.0557,0.1372
7.512,-0.0001,0.0000,-0.0622,-4.1042,0.3556,0.3556,0.6192,0.0557,0.1372
7.515,-0.0001,0.0000,-0.0622,-4.0826,0.3534,0.3534,0.6192,0.0557,0.1373
7.518,-0.0001,0.0000,-0.0622,-4.0614,0.3515,0.3515,0.6192,0.0557,0.1373
7.522,-0.0001,0.0000,-0.0622,-4.0375,0.3496,0.3496,0.5393,0.0557,0.1373
7.526,-0.0001,0.0000,-0.0622,-4.0110,0.3477,0.3477,0.5393,0.0485,0.1372
7.529,-0.0001,0.0000,-0.0622,-3.9887,0.3454,0.3454,0.5393,0.0485,0.1371
7.533,-0.0001,0.0000,-0.0622,-3.9677,0.3434,0.3434,0.5393,0.0485,0.1371
7.537,-0.0001,0.0000,-0.0622,-3.9419,0.3415,0.3415,0.5393,0.0485,0.1370
7.540,-0.0001,0.0000,-0.0622,-3.9216,0.3391,0.3391,0.5342,0.0485,0.1369
7.544,-0.0001,0.0000,-0.0622,-3.8926,0.3371,0.3371,0.5342,0.0481,0.1368
7.548,-0.0001,0.0000,-0.0622,-3.8711,0.3345,0.3345,0.5342,0.0481,0.1367
7.551,-0.0001,0.0000,-0.0622,-3.8500,0.3325,0.3325,0.5342,0.0481,0.1366
7.554,-0.0001,0.0000,-0.0622,-3.8296,0.3306,0.3306,0.5342,0.0481,0.1366
7.557,-0.0001,0.0000,-0.0622,-3.8083,0.3288,0.3288,0.5342,0.0481,0.1365
7.561,-0.0001,0.0000,-0.0622,-3.7863,0.3269,0.3269,0.5224,0.0481,0.1364
7.565,-0.0001,0.0000,-0.0622,-3.7616,0.3246,0.3246,0.5224,0.0470,0.1363
7.568,-0.0001,0.0000,-0.0622,-3.7396,0.3224,0.3224,0.5224,0.0470,0.1362
7.572,-0.0001,0.0000,-0.0622,-3.7188,0.3204,0.3204,0.5224,0.0470,0.1362
7.575,-0.0001,0.0000,-0.0622,-3.6955,0.3185,0.3185,0.5224,0.0470,0.1361
7.580,-0.0001,0.0000,-0.0622,-3.6644,0.3164,0.3164,0.5042,0.0470,0.1360
7.589,-0.0001,0.0000,-0.0622,-3.6077,0.3132,0.3132,0.5042,0.0454,0.1359
7.594,-0.0001,0.0000,-0.0622,-3.5776,0.3081,0.3081,0.5042,0.0454,0.1357
7.598,-0.0001,0.0000,-0.0622,-3.5513,0.3054,0.3054,0.5042,0.0454,0.1356
7.601,-0.0001,0.0000,-0.0622,-3.5328,0.3030,0.3030,0.4801,0.0454,0.1355
7.605,-0.0001,0.0000,-0.0622,-3.5090,0.3009,0.3009,0.4801,0.0432,0.1354
7.609,-0.0001,0.0000,-0.0622,-3.4829,0.2988,0.2988,0.4801,0.0432,0.1354
7.614,-0.0001,0.0000,-0.0622,-3.4529,0.2965,0.2965,0.4801,0.0432,0.1353
7.617,-0.0001,0.0000,-0.0622,-3.4302,0.2938,0.2938,0.4801,0.0432,0.1352
7.621,-0.0001,0.0000,-0.0622,-3.4124,0.2917,0.2917,0.4478,0.0432,0.1351
7.625,-0.0001,0.0000,-0.0622,-3.3882,0.2897,0.2897,0.4478,0.0403,0.1350
7.628,-0.0001,0.0000,-0.0622,-3.3641,0.2875,0.2875,0.4478,0.0403,0.1350
7.632,-0.0001,0.0000,-0.0622,-3.3403,0.2853,0.2853,0.4478,0.0403,0.1349
7.636,-0.0001,0.0000,-0.0622,-3.3165,0.2832,0.2832,0.4478,0.0403,0.1348
7.646,-0.0001,0.0000,-0.0622,-3.2744,0.2810,0.2810,0.3123,0.0403,0.1347
7.653,-0.0001,0.0000,-0.0622,-3.2580,0.2778,0.2778,0.3123,0.0281,0.1345
7.657,-0.0001,0.0000,-0.0622,-3.2522,0.2763,0.2763,0.3123,0.0281,0.1344
7.661,-0.0001,0.0000,-0.0622,-3.2477,0.2758,0.2758,0.1936,0.0281,0.1343
7.665,-0.0001,0.0000,-0.0622,-3.2482,0.2758,0.2758,0.1936,0.0174,0.1342
7.669,0.0000,0.0000,-0.0622,-3.2516,0.2758,0.2758,0.1936,0.0174,0.1342
7.673,0.0000,0.0000,-0.0622,-3.2569,0.2761,0.2761,0.1936,0.0174,0.1341
7.676,0.0000,0.0000,-0.0622,-3.2646,0.2766,0.2766,0.1936,0.0174,0.1340
7.680,0.0000,0.0000,-0.0622,-3.2722,0.2773,0.2773,0.0790,0.0174,0.1339
7.684,0.0000,0.0000,-0.0622,-3.2845,0.2783,0.2783,0.0790,0.0071,0.1339
7.687,0.0000,0.0000,-0.0622,-3.2954,0.2794,0.2794,0.0790,0.0071,0.1338
7.692,0.0000,0.0000,-0.0622,-3.3108,0.2804,0.2804,0.0790,0.0071,0.1337
7.701,0.0000,0.0000,-0.0622,-3.3312,0.2817,0.2817,0.0097,0.0071,0.1336
7.708,0.0000,0.0000,-0.0622,-3.3433,0.2833,0.2833,0.0097,0.0009,0.1335
7.715,0.0000,0.0000,-0.0622,-3.3498,0.2844,0.2844,0.0097,0.0009,0.1333
7.718,0.0000,0.0000,-0.0622,-3.3521,0.2850,0.2850,0.0097,0.0009,0.1332
7.722,0.0000,0.0000,-0.0622,-3.3542,0.2852,0.2852,-0.0601,0.0009,0.1332
7.726,0.0000,0.0000,-0.0622,-3.3535,0.2852,0.2852,-0.0601,-0.0054,0.1331
7.729,0.0000,0.0000,-0.0622,-3.3519,0.2851,0.2851,-0.0601,-0.0054,0.1330
7.733,0.0000,0.0000,-0.0622,-3.3493,0.2850,0.2850,-0.0601,-0.0054,0.1330
7.736,0.0000,0.0000,-0.0622,-3.3458,0.2847,0.2847,-0.0601,-0.0054,0.1329
7.739,0.0000,0.0000,-0.0622,-3.3423,0.2844,0.2844,-0.1292,-0.0054,0.1329
7.743,0.0000,0.0000,-0.0622,-3.3352,0.2839,0.2839,-0.1292,-0.0116,0.1328
7.747,0.0000,0.0000,-0.0622,-3.3284,0.2833,0.2833,-0.1292,-0.0116,0.1327
7.750,0.0000,0.0000,-0.0622,-3.3209,0.2827,0.2827,-0.1292,-0.0116,0.1327
7.753,0.0000,0.0000,-0.0622,-3.3128,0.2820,0.2820,-0.1292,-0.0116,0.1326
7.756,0.0000,0.0000,-0.0622,-3.3043,0.2813,0.2813,-0.1292,-0.0116,0.1326
7.760,0.0000,0.0000,-0.0622,-3.2931,0.2805,0.2805,-0.2240,-0.0116,0.1325
7.764,0.0000,0.0000,-0.0622,-3.2805,0.2796,0.2796,-0.2240,-0.0202,0.1325
7.769,0.0000,0.0000,-0.0622,-3.2629,0.2844,0.2844,-0.2240,0.0009,0.1333
7.777,0.0000,0.0000,-0.0622,-3.2335,0.2853,0.2853,-0.2240,0.0000,0.1323
7.783,0.0000,0.0000,-0.0622,-3.2111,0.2826,0.2826,-0.3185,0.0000,0.1322
7.787,0.0000,0.0000,-0.0622,-3.1953,0.2807,0.2807,-0.3185,0.0000,0.1321
7.797,0.0000,0.0000,-0.0622,-3.1547,0.2793,0.2793,-0.3185,0.0000,0.1320
7.807,0.0000,0.0000,-0.0622,-3.1120,0.2756,0.2756,-0.4091,0.0000,0.1319
7.812,0.0000,0.0000,-0.0622,-3.0925,0.2718,0.2718,-0.4091,0.0000,0.1317
7.815,0.0000,0.0000,-0.0622,-3.0785,0.2700,0.2700,-0.4091,0.0000,0.1316
7.819,0.0000,0.0000,-0.0622,-3.0616,0.2688,0.2688,-0.4977,0.0000,0.1316
7.823,0.0000,0.0000,-0.0622,-3.0418,0.2673,0.2673,-0.4977,0.0000,0.1315
7.827,0.0000,0.0000,-0.0622,-3.0217,0.2655,0.2655,-0.4977,0.0000,0.1315
7.831,0.0000,0.0000,-0.0622,-3.0036,0.2637,0.2637,-0.4977,0.0000,0.1314
7.835,0.0000,0.0000,-0.0622,-2.9848,0.2621,0.2621,-0.4977,0.0000,0.1313
7.838,0.0000,0.0000,-0.0622,-2.9673,0.2604,0.2604,-0.4977,0.0000,0.1313
7.842,0.0000,0.0000,-0.0622,-2.9479,0.2588,0.2588,-0.5821,0.0000,0.1312
7.847,0.0000,0.0000,-0.0622,-2.9238,0.2571,0.2571,-0.5821,0.0000,0.1312
7.850,0.0000,0.0000,-0.0622,-2.9051,0.2549,0.2549,-0.5821,0.0000,0.1311
7.853,0.0000,0.0000,-0.0622,-2.8882,0.2532,0.2532,-0.5821,0.0000,0.1311
7.857,0.0000,0.0000,-0.0622,-2.8712,0.2517,0.2517,-0.5821,0.0000,0.1310
7.860,0.0000,0.0000,-0.0622,-2.8515,0.2502,0.2502,-0.6614,0.0000,0.1310
7.865,0.0000,0.0000,-0.0622,-2.8288,0.2484,0.2484,-0.6614,0.0000,0.1309
7.868,0.0000,0.0000,-0.0622,-2.8122,0.2463,0.2463,-0.6614,0.0000,0.1309
7.871,0.0000,0.0000,-0.0622,-2.7941,0.2449,0.2449,-0.6614,0.0000,0.1308
7.875,0.0000,0.0000,-0.0622,-2.7759,0.2432,0.2432,-0.6614,0.0000,0.1308
7.879,0.0000,0.0000,-0.0622,-2.7525,0.2416,0.2416,-0.7541,0.0000,0.1307
7.883,0.0000,0.0000,-0.0622,-2.7330,0.2396,0.2396,-0.7541,0.0000,0.1307
7.887,0.0000,0.0000,-0.0622,-2.7138,0.2378,0.2378,-0.7541,0.0000,0.1306
7.891,0.0000,0.0000,-0.0622,-2.6961,0.2361,0.2361,-0.7541,0.0000,0.1306
7.895,0.0000,0.0000,-0.0622,-2.6742,0.2345,0.2345,-0.7541,0.0000,0.1305
7.900,0.0000,0.0000,-0.0622,-2.6508,0.2325,0.2325,-0.8419,0.0000,0.1304
7.908,0.0000,0.0000,-0.0622,-2.6044,0.2304,0.2304,-0.8419,0.0000,0.1304
7.913,0.0000,0.0000,-0.0622,-2.5825,0.2263,0.2263,-0.8419,0.0000,0.1303
7.916,0.0000,0.0000,-0.0622,-2.5657,0.2243,0.2243,-0.8419,0.0000,0.1302
7.920,0.0000,0.0000,-0.0622,-2.5462,0.2228,0.2228,-0.9221,0.0000,0.1302
7.928,0.0000,0.0000,-0.0622,-2.5058,0.2210,0.2210,-0.9221,0.0000,0.1301
7.934,0.0000,0.0000,-0.0622,-2.4716,0.2174,0.2174,-0.9221,0.0000,0.1300
7.938,0.0000,0.0000,-0.0622,-2.4525,0.2143,0.2143,-0.9221,0.0000,0.1299
7.947,0.0000,0.0000,-0.0622,-2.4046,0.2126,0.2126,-0.9948,0.0000,0.1299
7.954,0.0000,0.0000,-0.0622,-2.3707,0.2082,0.2082,-0.9948,0.0000,0.1298
7.959,0.0000,0.0000,-0.0622,-2.3466,0.2052,0.2052,-1.0598,0.0000,0.1297
7.964,0.0000,0.0000,-0.0622,-2.3238,0.2029,0.2029,-1.0598,0.0000,0.1296
7.967,0.0000,0.0000,-0.0622,-2.3049,0.2009,0.2009,-1.0598,0.0000,0.1296
7.976,0.0000,0.0000,-0.0622,-2.2644,0.1992,0.1992,-1.0598,0.0000,0.1295
7.980,0.0000,0.0000,-0.0622,-2.2459,0.1955,0.1955,-1.1170,0.0000,0.1294
7.985,0.0000,0.0000,-0.0622,-2.2226,0.1937,0.1937,-1.1170,0.0000,0.1294
7.989,0.0000,0.0000,-0.0622,-2.2072,0.1916,0.1916,-1.1170,0.0000,0.1293
7.993,0.0000,0.0000,-0.0622,-2.1885,0.1902,0.1902,-1.1170,0.0000,0.1293
7.996,0.0000,0.0000,-0.0622,-2.1730,0.1885,0.1885,-1.1170,0.0000,0.1292
8.000,0.0000,0.0000,-0.0622,-2.1580,0.1871,0.1871,-1.1750,0.0000,0.1292
8.005,0.0000,0.0000,-0.0622,-2.1356,0.1856,0.1856,-1.1750,0.0000,0.1291
8.013,0.0000,0.0000,-0.0622,-2.0991,0.1836,0.1836,-1.1750,0.0000,0.1291
8.018,0.0000,0.0000,-0.0622,-2.0780,0.1803,0.1803,-1.1750,0.0000,0.1290
8.022,0.0000,0.0000,-0.0622,-2.0607,0.1784,0.1784,-1.2539,0.0000,0.1289
8.026,0.0000,0.0000,-0.0622,-2.0422,0.1769,0.1769,-1.2539,0.0000,0.1289
8.030,0.0000,0.0000,-0.0622,-2.0252,0.1752,0.1752,-1.2539,0.0000,0.1289
8.034,0.0000,0.0000,-0.0622,-2.0108,0.1737,0.1737,-1.2539,0.0000,0.1288
8.037,0.0000,0.0000,-0.0622,-1.9968,0.1724,0.1724,-1.2539,0.0000,0.1288
8.041,0.0000,0.0000,-0.0622,-1.9805,0.1711,0.1711,-1.3245,0.0000,0.1287
8.045,0.0000,0.0000,-0.0622,-1.9625,0.1696,0.1696,-1.3245,0.0000,0.1287
8.049,0.0000,0.0000,-0.0622,-1.9457,0.1680,0.1680,-1.3245,0.0000,0.1287
8.053,0.0000,0.0000,-0.0622,-1.9319,0.1665,0.1665,-1.3245,0.0000,0.1286
8.057,0.0000,0.0000,-0.0622,-1.9163,0.1652,0.1652,-1.3245,0.0000,0.1286
8.063,0.0000,0.0000,-0.0622,-1.8884,0.1638,0.1638,-1.4113,0.0000,0.1285
8.067,0.0000,0.0000,-0.0622,-1.8729,0.1614,0.1614,-1.4113,0.0000,0.1285
8.071,0.0000,0.0000,-0.0622,-1.8577,0.1600,0.1600,-1.4113,0.0000,0.1284
8.079,0.0000,0.0000,-0.0622,-1.8280,0.1586,0.1586,-1.4879,0.0000,0.1284
8.087,0.0000,0.0000,-0.0622,-1.7952,0.1560,0.1560,-1.4879,0.0000,0.1283
8.091,0.0000,0.0000,-0.0622,-1.7809,0.1530,0.1530,-1.4879,0.0000,0.1282
8.100,0.0000,0.0000,-0.0622,-1.7504,0.1517,0.1517,-1.5511,0.0000,0.1282
8.107,0.0000,0.0000,-0.0622,-1.7245,0.1489,0.1489,-1.5511,0.0000,0.1281
8.116,0.0000,0.0000,-0.0622,-1.6957,0.1465,0.1465,-1.5511,0.0000,0.1280
8.120,0.0000,0.0000,-0.0622,-1.6840,0.1440,0.1440,-1.6017,0.0000,0.1280
8.124,0.0000,0.0000,-0.0622,-1.6710,0.1427,0.1427,-1.6017,0.0000,0.1279
8.128,0.0001,0.0000,-0.0622,-1.6565,0.1416,0.1416,-1.6017,0.0000,0.1279
8.131,0.0003,0.0000,-0.0622,-1.6452,0.1402,0.1402,-1.6017,0.0000,0.1278
8.135,0.0007,0.0000,-0.0622,-1.6331,0.1392,0.1392,-1.6017,0.0000,0.1278
8.138,0.0013,-0.0001,-0.0622,-1.6248,0.1381,0.1381,-1.6449,0.0000,0.1278
8.143,0.0026,-0.0001,-0.0622,-1.6087,0.1372,0.1372,-1.6449,0.0000,0.1277
8.147,0.0040,-0.0002,-0.0622,-1.5961,0.1357,0.1357,-1.6449,0.0000,0.1277
8.151,0.0060,-0.0004,-0.0622,-1.5829,0.1346,0.1346,-1.6449,0.0000,0.1277
8.155,0.0080,-0.0005,-0.0622,-1.5725,0.1334,0.1334,-1.6449,0.0000,0.1276
8.158,0.0107,-0.0007,-0.0622,-1.5610,0.1325,0.1325,-1.6449,0.0000,0.1276
8.163,0.0143,-0.0010,-0.0622,-1.5515,0.1314,0.1314,-1.6740,0.0000,0.1276
8.167,0.0183,-0.0013,-0.0622,-1.5394,0.1303,0.1303,-1.6740,0.0000,0.1275
8.170,0.0222,-0.0016,-0.0622,-1.5293,0.1292,0.1292,-1.6740,0.0000,0.1275
8.173,0.0267,-0.0020,-0.0622,-1.5189,0.1283,0.1283,-1.6740,0.0000,0.1275
8.178,0.0335,-0.0024,-0.0622,-1.5054,0.1273,0.1273,-1.6740,0.0000,0.1274
8.182,0.0396,-0.0030,-0.0622,-1.4972,0.1261,0.1261,-1.7107,0.0000,0.1274
8.186,0.0465,-0.0036,-0.0622,-1.4863,0.1251,0.1251,-1.7107,0.0000,0.1274
8.189,0.0529,-0.0042,-0.0622,-1.4770,0.1241,0.1241,-1.7107,0.0000,0.1273
8.196,0.0678,-0.0048,-0.0622,-1.4579,0.1233,0.1233,-1.7107,0.0000,0.1273
8.205,0.0897,-0.0061,-0.0622,-1.4377,0.1216,0.1216,-1.7350,0.0000,0.1272
8.212,0.1100,-0.0081,-0.0622,-1.4189,0.1194,0.1194,-1.7350,0.0000,0.1272
8.221,0.1360,-0.0099,-0.0622,-1.4025,0.1177,0.1177,-1.7447,0.0000,0.1271
8.225,0.1498,-0.0122,-0.0622,-1.3923,0.1158,0.1158,-1.7447,0.0000,0.1270
8.229,0.1618,-0.0135,-0.0622,-1.3841,0.1149,0.1149,-1.7447,0.0000,0.1270
8.232,0.1736,-0.0146,-0.0622,-1.3763,0.1142,0.1142,-1.7447,0.0000,0.1270
8.236,0.1859,-0.0156,-0.0622,-1.3685,0.1135,0.1135,-1.7447,0.0000,0.1270
8.239,0.1980,-0.0167,-0.0622,-1.3667,0.1128,0.1128,-1.7404,0.0000,0.1269
8.243,0.2144,-0.0178,-0.0622,-1.3571,0.1121,0.1121,-1.7404,0.0000,0.1269
8.252,0.2504,-0.0193,-0.0622,-1.3374,0.1113,0.1113,-1.7404,0.0000,0.1269
8.257,0.2731,-0.0225,-0.0622,-1.3259,0.1095,0.1095,-1.7404,0.0000,0.1268
8.261,0.2895,-0.0246,-0.0622,-1.3211,0.1084,0.1084,-1.7609,0.0000,0.1268
8.265,0.3070,-0.0261,-0.0622,-1.3129,0.1077,0.1077,-1.7609,0.0000,0.1267
8.268,0.3230,-0.0276,-0.0622,-1.3057,0.1070,0.1070,-1.7609,0.0000,0.1267
8.272,0.3381,-0.0291,-0.0622,-1.2990,0.1063,0.1063,-1.7609,0.0000,0.1267
8.275,0.3556,-0.0304,-0.0622,-1.2915,0.1057,0.1057,-1.7609,0.0000,0.1266
8.279,0.3725,-0.0320,-0.0622,-1.2888,0.1051,0.1051,-1.7688,0.0000,0.1266
8.283,0.3938,-0.0335,-0.0622,-1.2804,0.1044,0.1044,-1.7688,0.0000,0.1266
8.287,0.4119,-0.0354,-0.0622,-1.2736,0.1037,0.1037,-1.7688,0.0000,0.1266
8.291,0.4299,-0.0371,-0.0622,-1.2670,0.1031,0.1031,-1.7688,0.0000,0.1265
8.295,0.4519,-0.0387,-0.0622,-1.2593,0.1025,0.1025,-1.7688,0.0000,0.1265
8.298,0.4698,-0.0407,-0.0622,-1.2587,0.1018,0.1018,-1.7607,0.0000,0.1265
8.302,0.4898,-0.0423,-0.0622,-1.2521,0.1012,0.1012,-1.7607,0.0000,0.1265
8.306,0.5088,-0.0441,-0.0622,-1.2461,0.1007,0.1007,-1.7607,0.0000,0.1264
8.310,0.5284,-0.0458,-0.0622,-1.2400,0.1001,0.1001,-1.7607,0.0000,0.1264
8.315,0.5565,-0.0476,-0.0622,-1.2317,0.0996,0.0996,-1.7607,0.0000,0.1264
8.323,0.5996,-0.0501,-0.0624,-1.2263,0.0988,0.0988,-1.7366,0.0000,0.1263
8.328,0.6233,-0.0540,-0.0626,-1.2199,0.0977,0.0977,-1.7366,0.0000,0.1263
8.331,0.6436,-0.0561,-0.0628,-1.2146,0.0972,0.0972,-1.7366,0.0000,0.1263
8.335,0.6610,-0.0579,-0.0629,-1.2103,0.0967,0.0967,-1.7366,0.0000,0.1262
8.338,0.6796,-0.0595,-0.0630,-1.2057,0.0963,0.0963,-1.7366,0.0000,0.1262
8.342,0.6989,-0.0612,-0.0631,-1.2091,0.0959,0.0959,-1.6967,0.0000,0.1262
8.346,0.7216,-0.0629,-0.0633,-1.2037,0.0955,0.0955,-1.6967,0.0000,0.1262
8.349,0.7389,-0.0649,-0.0634,-1.1997,0.0950,0.0950,-1.6967,0.0000,0.1261
8.353,0.7585,-0.0665,-0.0635,-1.1951,0.0946,0.0946,-1.6967,0.0000,0.1261
8.356,0.7764,-0.0683,-0.0637,-1.1911,0.0942,0.0942,-1.6967,0.0000,0.1261
8.360,0.7966,-0.0699,-0.0638,-1.1959,0.0938,0.0938,-1.6417,0.0000,0.1261
8.364,0.8166,-0.0717,-0.0639,-1.1915,0.0934,0.0934,-1.6417,0.0000,0.1260
8.367,0.8349,-0.0735,-0.0641,-1.1875,0.0930,0.0930,-1.6417,0.0000,0.1260
8.371,0.8539,-0.0751,-0.0642,-1.1834,0.0927,0.0927,-1.6417,0.0000,0.1260
8.374,0.8720,-0.0769,-0.0644,-1.1795,0.0923,0.0923,-1.6417,0.0000,0.1260
8.378,0.8930,-0.0785,-0.0645,-1.1751,0.0919,0.0919,-1.6417,0.0000,0.1260
8.382,0.9100,-0.0804,-0.0647,-1.1809,0.0915,0.0915,-1.5869,0.0000,0.1259
8.386,0.9320,-0.0819,-0.0648,-1.1764,0.0912,0.0912,-1.5869,0.0000,0.1259
8.389,0.9493,-0.0839,-0.0650,-1.1728,0.0908,0.0908,-1.5869,0.0000,0.1259
8.394,0.9731,-0.0854,-0.0652,-1.1682,0.0905,0.0905,-1.5869,0.0000,0.1259
8.402,1.0145,-0.0876,-0.0654,-1.1691,0.0901,0.0901,-1.5384,0.0000,0.1258
8.409,1.0465,-0.0913,-0.0658,-1.1634,0.0894,0.0894,-1.5384,0.0000,0.1258
8.412,1.0633,-0.0942,-0.0661,-1.1605,0.0889,0.0889,-1.5384,0.0000,0.1257
8.415,1.0787,-0.0957,-0.0663,-1.1579,0.0886,0.0886,-1.5384,0.0000,0.1257
8.420,1.1014,-0.0971,-0.0664,-1.1640,0.0884,0.0884,-1.4767,0.0000,0.1257
8.429,1.1429,-0.0991,-0.0667,-1.1575,0.0880,0.0880,-1.4767,0.0000,0.1257
8.433,1.1588,-0.1029,-0.0671,-1.1550,0.0874,0.0874,-1.4767,0.0000,0.1256
8.436,1.1741,-0.1043,-0.0673,-1.1528,0.0872,0.0872,-1.4767,0.0000,0.1256
8.439,1.1889,-0.1057,-0.0675,-1.1582,0.0870,0.0870,-1.4404,0.0000,0.1256
8.444,1.2074,-0.1070,-0.0677,-1.1556,0.0868,0.0868,-1.4404,0.0000,0.1256
8.447,1.2215,-0.1087,-0.0679,-1.1537,0.0866,0.0866,-1.4404,0.0000,0.1255
8.451,1.2376,-0.1099,-0.0681,-1.1516,0.0864,0.0864,-1.4404,0.0000,0.1255
8.455,1.2530,-0.1114,-0.0683,-1.1496,0.0862,0.0862,-1.4404,0.0000,0.1255
8.458,1.2679,-0.1128,-0.0685,-1.1477,0.0860,0.0860,-1.4404,0.0000,0.1255
8.462,1.2824,-0.1141,-0.0687,-1.1556,0.0859,0.0859,-1.3797,0.0000,0.1255
8.465,1.2970,-0.1154,-0.0689,-1.1536,0.0857,0.0857,-1.3797,0.0000,0.1254
8.469,1.3095,-0.1167,-0.0691,-1.1520,0.0855,0.0855,-1.3797,0.0000,0.1254
8.472,1.3230,-0.1179,-0.0693,-1.1502,0.0854,0.0854,-1.3797,0.0000,0.1254
8.477,1.3413,-0.1191,-0.0695,-1.1478,0.0852,0.0852,-1.3797,0.0000,0.1254
8.481,1.3552,-0.1207,-0.0698,-1.1574,0.0850,0.0850,-1.3012,0.0000,0.1254
8.485,1.3711,-0.1220,-0.0700,-1.1553,0.0848,0.0848,-1.3012,0.0000,0.1253
8.489,1.3840,-0.1234,-0.0703,-1.1536,0.0846,0.0846,-1.3012,0.0000,0.1253
8.493,1.3989,-0.1246,-0.0705,-1.1516,0.0845,0.0845,-1.3012,0.0000,0.1253
8.497,1.4111,-0.1259,-0.0708,-1.1500,0.0843,0.0843,-1.3012,0.0000,0.1253
8.502,1.4279,-0.1270,-0.0710,-1.1608,0.0842,0.0842,-1.2087,0.0000,0.1253
8.508,1.4478,-0.1285,-0.0713,-1.1584,0.0840,0.0840,-1.2087,0.0000,0.1252
8.513,1.4611,-0.1303,-0.0717,-1.1569,0.0838,0.0838,-1.2087,0.0000,0.1252
8.518,1.4752,-0.1315,-0.0719,-1.1554,0.0836,0.0836,-1.2087,0.0000,0.1252
8.524,1.4922,-0.1328,-0.0722,-1.1700,0.0835,0.0835,-1.0808,0.0000,0.1252
8.534,1.5206,-0.1343,-0.0726,-1.1675,0.0833,0.0833,-1.0808,0.0000,0.1251
8.541,1.5389,-0.1369,-0.0732,-1.1836,0.0831,0.0831,-0.9351,0.0000,0.1251
8.550,1.5579,-0.1385,-0.0737,-1.1822,0.0830,0.0830,-0.9351,0.0000,0.1250
8.562,1.5836,-0.1402,-0.0742,-1.1969,0.0828,0.0828,-0.7953,0.0000,0.1250
8.569,1.5972,-0.1425,-0.0750,-1.1958,0.0827,0.0827,-0.7953,0.0000,0.1249
8.572,1.6039,-0.1437,-0.0754,-1.1953,0.0826,0.0826,-0.7953,0.0000,0.1249
8.577,1.6113,-0.1443,-0.0756,-1.1947,0.0825,0.0825,-0.7953,0.0000,0.1249
8.582,1.6203,-0.1450,-0.0759,-1.2091,0.0825,0.0825,-0.6639,0.0000,0.1249
8.589,1.6314,-0.1458,-0.0763,-1.2081,0.0824,0.0824,-0.6639,0.0000,0.1248
8.594,1.6372,-0.1468,-0.0767,-1.2076,0.0823,0.0823,-0.6639,0.0000,0.1248
8.598,1.6431,-0.1474,-0.0770,-1.2070,0.0823,0.0823,-0.6639,0.0000,0.1248
8.603,1.6491,-0.1479,-0.0772,-1.2211,0.0823,0.0823,-0.5263,0.0000,0.1248
8.608,1.6554,-0.1484,-0.0775,-1.2207,0.0822,0.0822,-0.5263,0.0000,0.1248
8.613,1.6603,-0.1490,-0.0779,-1.2204,0.0822,0.0822,-0.5263,0.0000,0.1247
8.617,1.6644,-0.1494,-0.0781,-1.2200,0.0821,0.0821,-0.5263,0.0000,0.1247
8.621,1.6678,-0.1498,-0.0784,-1.2310,0.0821,0.0821,-0.4119,0.0000,0.1247
8.625,1.6719,-0.1501,-0.0786,-1.2309,0.0821,0.0821,-0.4119,0.0000,0.1247
8.631,1.6764,-0.1505,-0.0789,-1.2308,0.0821,0.0821,-0.4119,0.0000,0.1247
8.639,1.6814,-0.1509,-0.0793,-1.2415,0.0821,0.0821,-0.2945,0.0000,0.1246
8.644,1.6840,-0.1513,-0.0797,-1.2415,0.0821,0.0821,-0.2945,0.0000,0.1246
8.647,1.6857,-0.1516,-0.0800,-1.2416,0.0821,0.0821,-0.2945,0.0000,0.1246
8.651,1.6872,-0.1517,-0.0802,-1.2417,0.0821,0.0821,-0.2945,0.0000,0.1246
8.655,1.6886,-0.1519,-0.0804,-1.2419,0.0821,0.0821,-0.2945,0.0000,0.1246
8.659,1.6898,-0.1520,-0.0807,-1.2524,0.0821,0.0821,-0.1690,0.0000,0.1245
8.664,1.6908,-0.1521,-0.0809,-1.2527,0.0821,0.0821,-0.1690,0.0000,0.1245
8.668,1.6914,-0.1522,-0.0812,-1.2528,0.0822,0.0822,-0.1690,0.0000,0.1245
8.671,1.6917,-0.1522,-0.0814,-1.2530,0.0822,0.0822,-0.1690,0.0000,0.1245
8.676,1.6918,-0.1523,-0.0816,-1.2532,0.0822,0.0822,-0.1690,0.0000,0.1245
8.681,1.6916,-0.1523,-0.0819,-1.2633,0.0822,0.0822,-0.0364,0.0000,0.1245
8.685,1.6911,-0.1522,-0.0822,-1.2634,0.0822,0.0822,-0.0364,0.0000,0.1244
8.689,1.6905,-0.1522,-0.0824,-1.2635,0.0822,0.0822,-0.0364,0.0000,0.1244
8.693,1.6894,-0.1521,-0.0826,-1.2636,0.0822,0.0822,-0.0364,0.0000,0.1244
8.697,1.6884,-0.1520,-0.0829,-1.2637,0.0822,0.0822,-0.0364,0.0000,0.1244
8.701,1.6871,-0.1520,-0.0831,-1.2734,0.0822,0.0822,0.1027,0.0000,0.1244
8.711,1.6823,-0.1518,-0.0833,-1.2741,0.0823,0.0823,0.1027,0.0000,0.1244
8.717,1.6790,-0.1514,-0.0838,-1.2744,0.0823,0.0823,0.1027,0.0000,0.1243
8.720,1.6767,-0.1511,-0.0841,-1.2838,0.0823,0.0823,0.2477,0.0000,0.1243
8.726,1.6729,-0.1509,-0.0843,-1.2841,0.0824,0.0824,0.2477,0.0000,0.1243
8.730,1.6701,-0.1506,-0.0846,-1.2844,0.0824,0.0824,0.2477,0.0000,0.1243
8.733,1.6671,-0.1503,-0.0848,-1.2847,0.0824,0.0824,0.2477,0.0000,0.1243
8.739,1.6628,-0.1500,-0.0850,-1.2928,0.0825,0.0825,0.3877,0.0000,0.1242
8.747,1.6543,-0.1496,-0.0852,-1.2940,0.0825,0.0825,0.3877,0.0000,0.1242
8.751,1.6503,-0.1489,-0.0857,-1.2945,0.0826,0.0826,0.3877,0.0000,0.1242
8.755,1.6459,-0.1485,-0.0859,-1.2950,0.0827,0.0827,0.3877,0.0000,0.1242
8.760,1.6412,-0.1481,-0.0861,-1.3022,0.0827,0.0827,0.5302,0.0000,0.1242
8.764,1.6363,-0.1477,-0.0863,-1.3028,0.0827,0.0827,0.5302,0.0000,0.1241
8.768,1.6318,-0.1473,-0.0865,-1.3032,0.0828,0.0828,0.5302,0.0000,0.1241
8.771,1.6269,-0.1469,-0.0866,-1.3034,0.0828,0.0828,0.5302,0.0000,0.1241
8.777,1.6202,-0.1464,-0.0868,-1.3039,0.0829,0.0829,0.5302,0.0000,0.1241
8.780,1.6151,-0.1458,-0.0870,-1.3102,0.0829,0.0829,0.6745,0.0000,0.1241
8.785,1.6090,-0.1454,-0.0872,-1.3105,0.0829,0.0829,0.6745,0.0000,0.1241
8.789,1.6027,-0.1448,-0.0874,-1.3108,0.0830,0.0830,0.6745,0.0000,0.1241
8.795,1.5940,-0.1442,-0.0876,-1.3113,0.0830,0.0830,0.6745,0.0000,0.1240
8.799,1.5876,-0.1435,-0.0878,-1.3164,0.0830,0.0830,0.8202,0.0000,0.1240
8.804,1.5800,-0.1429,-0.0880,-1.3168,0.0831,0.0831,0.8202,0.0000,0.1240
8.808,1.5733,-0.1422,-0.0882,-1.3172,0.0831,0.0831,0.8202,0.0000,0.1240
8.812,1.5662,-0.1416,-0.0884,-1.3176,0.0831,0.0831,0.8202,0.0000,0.1240
8.818,1.5564,-0.1410,-0.0885,-1.3182,0.0832,0.0832,0.8202,0.0000,0.1240
8.822,1.5482,-0.1401,-0.0888,-1.3206,0.0832,0.0832,0.9391,0.0000,0.1240
8.828,1.5373,-0.1393,-0.0889,-1.3212,0.0833,0.0833,0.9391,0.0000,0.1239
8.832,1.5298,-0.1384,-0.0892,-1.3217,0.0833,0.0833,0.9391,0.0000,0.1239
8.836,1.5227,-0.1377,-0.0893,-1.3221,0.0834,0.0834,0.9391,0.0000,0.1239
8.840,1.5155,-0.1370,-0.0895,-1.3234,0.0834,0.0834,1.0529,0.0000,0.1239
8.846,1.5025,-0.1364,-0.0896,-1.3242,0.0834,0.0834,1.0529,0.0000,0.1239
8.855,1.4842,-0.1352,-0.0898,-1.3252,0.0835,0.0835,1.0529,0.0000,0.1239
8.865,1.4634,-0.1336,-0.0901,-1.3267,0.0836,0.0836,1.1668,0.0000,0.1238
8.871,1.4493,-0.1317,-0.0904,-1.3273,0.0837,0.0837,1.1668,0.0000,0.1238
8.876,1.4396,-0.1304,-0.0906,-1.3277,0.0837,0.0837,1.1668,0.0000,0.1238
8.880,1.4301,-0.1296,-0.0907,-1.3284,0.0838,0.0838,1.2792,0.0000,0.1238
8.884,1.4206,-0.1287,-0.0909,-1.3289,0.0838,0.0838,1.2792,0.0000,0.1238
8.888,1.4119,-0.1279,-0.0910,-1.3292,0.0838,0.0838,1.2792,0.0000,0.1238
8.892,1.4023,-0.1271,-0.0911,-1.3295,0.0839,0.0839,1.2792,0.0000,0.1238
8.897,1.3906,-0.1262,-0.0912,-1.3299,0.0839,0.0839,1.2792,0.0000,0.1237
8.901,1.3812,-0.1252,-0.0913,-1.3339,0.0839,0.0839,1.4410,0.0000,0.1237
8.905,1.3710,-0.1243,-0.0914,-1.3343,0.0840,0.0840,1.4410,0.0000,0.1237
8.909,1.3596,-0.1234,-0.0915,-1.3347,0.0840,0.0840,1.4410,0.0000,0.1237
8.914,1.3485,-0.1224,-0.0916,-1.3352,0.0840,0.0840,1.4410,0.0000,0.1237
8.918,1.3393,-0.1214,-0.0917,-1.3356,0.0841,0.0841,1.4410,0.0000,0.1237
8.921,1.3302,-0.1205,-0.0918,-1.3396,0.0841,0.0841,1.6116,0.0000,0.1237
8.926,1.3174,-0.1197,-0.0919,-1.3403,0.0842,0.0842,1.6116,0.0000,0.1237
8.930,1.3058,-0.1186,-0.0920,-1.3408,0.0842,0.0842,1.6116,0.0000,0.1236
8.934,1.2955,-0.1175,-0.0921,-1.3412,0.0843,0.0843,1.6116,0.0000,0.1236
8.938,1.2857,-0.1166,-0.0922,-1.3417,0.0843,0.0843,1.6116,0.0000,0.1236
8.943,1.2725,-0.1157,-0.0922,-1.3426,0.0844,0.0844,1.7505,0.0000,0.1236
8.947,1.2604,-0.1145,-0.0923,-1.3430,0.0844,0.0844,1.7505,0.0000,0.1236
8.952,1.2472,-0.1134,-0.0924,-1.3436,0.0845,0.0845,1.7505,0.0000,0.1236
8.961,1.2225,-0.1123,-0.0925,-1.3424,0.0845,0.0845,1.8743,0.0000,0.1236
8.966,1.2099,-0.1100,-0.0926,-1.3428,0.0846,0.0846,1.8743,0.0000,0.1236
8.969,1.1995,-0.1089,-0.0927,-1.3431,0.0846,0.0846,1.8743,0.0000,0.1235
8.973,1.1891,-0.1080,-0.0928,-1.3433,0.0846,0.0846,1.8743,0.0000,0.1235
8.977,1.1769,-0.1070,-0.0928,-1.3437,0.0847,0.0847,1.8743,0.0000,0.1235
8.981,1.1657,-0.1059,-0.0929,-1.3402,0.0847,0.0847,1.9880,0.0000,0.1235
8.985,1.1533,-0.1049,-0.0929,-1.3406,0.0847,0.0847,1.9880,0.0000,0.1235
8.989,1.1413,-0.1038,-0.0930,-1.3411,0.0848,0.0848,1.9880,0.0000,0.1235
8.994,1.1263,-0.1027,-0.0930,-1.3417,0.0848,0.0848,1.9880,0.0000,0.1235
8.998,1.1142,-0.1014,-0.0930,-1.3422,0.0849,0.0849,1.9880,0.0000,0.1235
9.002,1.1033,-0.1003,-0.0931,-1.3367,0.0849,0.0849,2.0935,0.0000,0.1235
9.007,1.0890,-0.0993,-0.0931,-1.3371,0.0849,0.0849,2.0935,0.0000,0.1235
9.016,1.0601,-0.0980,-0.0931,-1.3377,0.0850,0.0850,2.0935,0.0000,0.1235
9.022,1.0405,-0.0954,-0.0932,-1.3306,0.0850,0.0850,2.1880,0.0000,0.1234
9.027,1.0249,-0.0936,-0.0932,-1.3310,0.0851,0.0851,2.1880,0.0000,0.1234
9.031,1.0134,-0.0922,-0.0933,-1.3313,0.0851,0.0851,2.1880,0.0000,0.1234
9.034,1.0019,-0.0912,-0.0933,-1.3316,0.0851,0.0851,2.1880,0.0000,0.1234
9.038,0.9893,-0.0902,-0.0933,-1.3319,0.0852,0.0852,2.1880,0.0000,0.1234
9.043,0.9737,-0.0890,-0.0933,-1.3227,0.0852,0.0852,2.2699,0.0000,0.1234
9.047,0.9594,-0.0876,-0.0933,-1.3231,0.0852,0.0852,2.2699,0.0000,0.1234
9.053,0.9422,-0.0863,-0.0933,-1.3235,0.0853,0.0853,2.2699,0.0000,0.1234
9.061,0.9139,-0.0848,-0.0933,-1.3128,0.0853,0.0853,2.3385,0.0000,0.1234
9.065,0.8996,-0.0823,-0.0933,-1.3131,0.0854,0.0854,2.3385,0.0000,0.1233
9.069,0.8872,-0.0810,-0.0933,-1.3134,0.0854,0.0854,2.3385,0.0000,0.1233
9.073,0.8749,-0.0798,-0.0933,-1.3135,0.0854,0.0854,2.3385,0.0000,0.1233
9.077,0.8606,-0.0787,-0.0933,-1.3137,0.0854,0.0854,2.3385,0.0000,0.1233
9.081,0.8464,-0.0775,-0.0932,-1.3007,0.0854,0.0854,2.3929,0.0000,0.1233
9.085,0.8317,-0.0762,-0.0932,-1.3009,0.0855,0.0855,2.3929,0.0000,0.1233
9.089,0.8187,-0.0748,-0.0932,-1.3010,0.0855,0.0855,2.3929,0.0000,0.1233
9.093,0.8041,-0.0737,-0.0932,-1.3013,0.0855,0.0855,2.3929,0.0000,0.1233
9.097,0.7907,-0.0724,-0.0931,-1.3017,0.0855,0.0855,2.3929,0.0000,0.1233
9.101,0.7778,-0.0712,-0.0931,-1.2875,0.0855,0.0855,2.4331,0.0000,0.1233
9.105,0.7630,-0.0700,-0.0931,-1.2880,0.0856,0.0856,2.4331,0.0000,0.1233
9.109,0.7480,-0.0687,-0.0930,-1.2883,0.0856,0.0856,2.4331,0.0000,0.1232
9.113,0.7342,-0.0673,-0.0930,-1.2887,0.0856,0.0856,2.4331,0.0000,0.1232
9.117,0.7209,-0.0661,-0.0930,-1.2891,0.0857,0.0857,2.4331,0.0000,0.1232
9.121,0.7079,-0.0649,-0.0929,-1.2706,0.0857,0.0857,2.3520,0.0000,0.1232
9.125,0.6912,-0.0637,-0.0929,-1.2709,0.0857,0.0857,2.3520,0.0000,0.1232
9.129,0.6762,-0.0622,-0.0928,-1.2712,0.0858,0.0858,2.3520,0.0000,0.1232
9.133,0.6626,-0.0609,-0.0928,-1.2715,0.0858,0.0858,2.3520,0.0000,0.1232
9.137,0.6491,-0.0596,-0.0927,-1.2719,0.0858,0.0858,2.3520,0.0000,0.1232
9.140,0.6357,-0.0584,-0.0927,-1.2530,0.0859,0.0859,2.2633,0.0000,0.1232
9.145,0.6170,-0.0572,-0.0926,-1.2533,0.0859,0.0859,2.2633,0.0000,0.1232
9.150,0.6004,-0.0555,-0.0925,-1.2536,0.0859,0.0859,2.2633,0.0000,0.1232
9.153,0.5872,-0.0540,-0.0924,-1.2539,0.0859,0.0859,2.2633,0.0000,0.1232
9.157,0.5740,-0.0528,-0.0924,-1.2541,0.0860,0.0860,2.2633,0.0000,0.1232
9.166,0.5368,-0.0517,-0.0923,-1.2359,0.0860,0.0860,2.1962,0.0000,0.1231
9.176,0.4967,-0.0483,-0.0919,-1.2364,0.0860,0.0860,2.1962,0.0000,0.1231
9.180,0.4832,-0.0447,-0.0914,-1.2185,0.0861,0.0861,2.1425,0.0000,0.1231
9.184,0.4684,-0.0435,-0.0912,-1.2188,0.0861,0.0861,2.1425,0.0000,0.1231
9.187,0.4558,-0.0422,-0.0911,-1.2189,0.0861,0.0861,2.1425,0.0000,0.1231
9.190,0.4429,-0.0410,-0.0909,-1.2190,0.0861,0.0861,2.1425,0.0000,0.1231
9.194,0.4275,-0.0399,-0.0908,-1.2191,0.0862,0.0862,2.1425,0.0000,0.1231
9.197,0.4143,-0.0385,-0.0906,-1.2192,0.0862,0.0862,2.1425,0.0000,0.1231
9.200,0.4012,-0.0373,-0.0905,-1.2011,0.0862,0.0862,1.9686,0.0000,0.1231
9.204,0.3855,-0.0361,-0.0903,-1.2012,0.0862,0.0862,1.9686,0.0000,0.1231
9.208,0.3706,-0.0347,-0.0901,-1.2013,0.0862,0.0862,1.9686,0.0000,0.1231
9.212,0.3555,-0.0334,-0.0900,-1.2014,0.0862,0.0862,1.9686,0.0000,0.1231
9.215,0.3424,-0.0320,-0.0898,-1.2015,0.0862,0.0862,1.9686,0.0000,0.1230
9.218,0.3290,-0.0308,-0.0897,-1.2017,0.0862,0.0862,1.9686,0.0000,0.1230
9.221,0.3159,-0.0296,-0.0895,-1.1847,0.0862,0.0862,1.7986,0.0000,0.1230
9.225,0.2985,-0.0284,-0.0894,-1.1849,0.0863,0.0863,1.7986,0.0000,0.1230
9.229,0.2834,-0.0269,-0.0892,-1.1851,0.0863,0.0863,1.7986,0.0000,0.1230
9.232,0.2698,-0.0255,-0.0891,-1.1852,0.0863,0.0863,1.7986,0.0000,0.1230
9.235,0.2561,-0.0243,-0.0889,-1.1854,0.0863,0.0863,1.7986,0.0000,0.1230
9.239,0.2413,-0.0230,-0.0888,-1.1694,0.0863,0.0863,1.6325,0.0000,0.1230
9.243,0.2231,-0.0217,-0.0887,-1.1694,0.0863,0.0863,1.6325,0.0000,0.1230
9.246,0.2086,-0.0201,-0.0885,-1.1697,0.0863,0.0863,1.6325,0.0000,0.1230
9.250,0.1948,-0.0188,-0.0883,-1.1697,0.0864,0.0864,1.6325,0.0000,0.1230
9.253,0.1797,-0.0175,-0.0882,-1.1699,0.0864,0.0864,1.6325,0.0000,0.1230
9.257,0.1633,-0.0162,-0.0881,-1.1701,0.0864,0.0864,1.6325,0.0000,0.1230
9.261,0.1443,-0.0147,-0.0879,-1.1548,0.0864,0.0864,1.4708,0.0000,0.1230
9.265,0.1272,-0.0130,-0.0877,-1.1549,0.0864,0.0864,1.4708,0.0000,0.1230
9.269,0.1060,-0.0114,-0.0876,-1.1551,0.0864,0.0864,1.4708,0.0000,0.1230
9.277,0.0719,-0.0095,-0.0874,-1.1552,0.0864,0.0864,1.4708,0.0000,0.1230
9.280,0.0562,-0.0065,-0.0871,-1.1392,0.0864,0.0864,1.4645,0.0000,0.1229
9.284,0.0370,-0.0051,-0.0870,-1.1392,0.0864,0.0864,1.4645,0.0000,0.1229
9.288,0.0212,-0.0033,-0.0868,-1.1393,0.0864,0.0864,1.4645,0.0000,0.1229
9.291,0.0049,-0.0019,-0.0867,-1.1392,0.0864,0.0864,1.4645,0.0000,0.1229
9.295,-0.0144,-0.0004,-0.0866,-1.1392,0.0864,0.0864,1.4645,0.0000,0.1229
9.299,-0.0310,0.0013,-0.0864,-1.1232,0.0864,0.0864,1.4536,0.0000,0.1229
9.303,-0.0492,0.0028,-0.0863,-1.1232,0.0864,0.0864,1.4536,0.0000,0.1229
9.306,-0.0644,0.0044,-0.0861,-1.1231,0.0864,0.0864,1.4536,0.0000,0.1229
9.310,-0.0836,0.0058,-0.0860,-1.1232,0.0864,0.0864,1.4536,0.0000,0.1229
9.318,-0.1258,0.0075,-0.0859,-1.1232,0.0864,0.0864,1.4536,0.0000,0.1229
9.323,-0.1512,0.0113,-0.0855,-1.1096,0.0864,0.0864,1.3134,0.0000,0.1229
9.328,-0.1727,0.0136,-0.0853,-1.1098,0.0864,0.0864,1.3134,0.0000,0.1229
9.332,-0.1949,0.0155,-0.0852,-1.1099,0.0865,0.0865,1.3134,0.0000,0.1229
9.336,-0.2132,0.0175,-0.0850,-1.1099,0.0865,0.0865,1.3134,0.0000,0.1229
9.339,-0.2297,0.0192,-0.0849,-1.0966,0.0865,0.0865,1.1723,0.0000,0.1229
9.343,-0.2518,0.0207,-0.0848,-1.0965,0.0865,0.0865,1.1723,0.0000,0.1229
9.347,-0.2706,0.0227,-0.0846,-1.0963,0.0865,0.0865,1.1723,0.0000,0.1229
9.350,-0.2878,0.0244,-0.0845,-1.0961,0.0864,0.0864,1.1723,0.0000,0.1228
9.353,-0.3046,0.0259,-0.0844,-1.0960,0.0864,0.0864,1.1723,0.0000,0.1228
9.356,-0.3212,0.0274,-0.0843,-1.0959,0.0864,0.0864,1.1723,0.0000,0.1228
9.360,-0.3403,0.0289,-0.0842,-1.0828,0.0864,0.0864,1.0298,0.0000,0.1228
9.364,-0.3615,0.0306,-0.0841,-1.0827,0.0864,0.0864,1.0298,0.0000,0.1228
9.367,-0.3794,0.0325,-0.0839,-1.0825,0.0864,0.0864,1.0298,0.0000,0.1228
9.370,-0.3967,0.0341,-0.0838,-1.0822,0.0864,0.0864,1.0298,0.0000,0.1228
9.373,-0.4138,0.0357,-0.0837,-1.0820,0.0863,0.0863,1.0298,0.0000,0.1228
9.379,-0.4444,0.0372,-0.0836,-1.0553,0.0863,0.0863,1.1135,0.0000,0.1228
9.387,-0.4888,0.0400,-0.0834,-1.0546,0.0863,0.0863,1.1135,0.0000,0.1228
9.391,-0.5117,0.0440,-0.0832,-1.0542,0.0862,0.0862,1.1135,0.0000,0.1228
9.395,-0.5393,0.0460,-0.0830,-1.0539,0.0862,0.0862,1.1135,0.0000,0.1228
9.399,-0.5502,0.0485,-0.0829,-1.0501,0.0861,0.0861,0.8614,0.0000,0.1228
9.403,-0.5729,0.0505,-0.0826,-1.0496,0.0861,0.0861,0.8614,0.0000,0.1228
9.406,-0.5929,0.0525,-0.0824,-1.0494,0.0861,0.0861,0.8614,0.0000,0.1228
9.411,-0.6212,0.0543,-0.0822,-1.0490,0.0861,0.0861,0.8614,0.0000,0.1228
9.415,-0.6464,0.0568,-0.0819,-1.0486,0.0860,0.0860,0.8614,0.0000,0.1228
9.419,-0.6792,0.0591,-0.0816,-1.0269,0.0860,0.0860,0.8391,0.0000,0.1228
9.422,-0.7030,0.0611,-0.0814,-1.0264,0.0860,0.0860,0.8391,0.0000,0.1228
9.427,-0.7287,0.0633,-0.0811,-1.0259,0.0859,0.0859,0.8391,0.0000,0.1228
9.430,-0.7518,0.0656,-0.0808,-1.0255,0.0859,0.0859,0.8391,0.0000,0.1227
9.433,-0.7718,0.0677,-0.0806,-1.0250,0.0858,0.0858,0.8391,0.0000,0.1227
9.437,-0.7921,0.0695,-0.0804,-1.0246,0.0858,0.0858,0.8391,0.0000,0.1227
9.440,-0.8133,0.0713,-0.0802,-1.0030,0.0857,0.0857,0.8122,0.0000,0.1227
9.448,-0.8648,0.0732,-0.0799,-1.0016,0.0857,0.0857,0.8122,0.0000,0.1227
9.457,-0.9310,0.0778,-0.0794,-0.9997,0.0856,0.0856,0.8122,0.0000,0.1227
9.464,-0.9741,0.0838,-0.0786,-0.9783,0.0854,0.0854,0.7807,0.0000,0.1227
9.475,-1.0545,0.0877,-0.0782,-0.9750,0.0853,0.0853,0.7807,0.0000,0.1227
9.480,-1.0830,0.0949,-0.0773,-0.9757,0.0850,0.0850,0.5410,0.0000,0.1227
9.484,-1.1113,0.0985,-0.0768,-0.9747,0.0848,0.0848,0.5410,0.0000,0.1227
9.489,-1.1457,0.1010,-0.0765,-0.9734,0.0847,0.0847,0.5410,0.0000,0.1227
9.497,-1.2039,0.1041,-0.0761,-0.9714,0.0846,0.0846,0.5410,0.0000,0.1227
9.500,-1.2309,0.1094,-0.0755,-0.9498,0.0844,0.0844,0.5244,0.0000,0.1227
9.504,-1.2626,0.1118,-0.0752,-0.9486,0.0844,0.0844,0.5244,0.0000,0.1227
9.509,-1.2987,0.1146,-0.0748,-0.9472,0.0843,0.0843,0.5244,0.0000,0.1227
9.513,-1.3319,0.1179,-0.0744,-0.9460,0.0841,0.0841,0.5244,0.0000,0.1227
9.517,-1.3620,0.1208,-0.0740,-0.9448,0.0840,0.0840,0.5244,0.0000,0.1227
9.521,-1.4047,0.1236,-0.0737,-0.9200,0.0839,0.0839,0.5469,0.0000,0.1226
9.526,-1.4432,0.1264,-0.0733,-0.9182,0.0838,0.0838,0.5469,0.0000,0.1226
9.530,-1.4736,0.1299,-0.0729,-0.9168,0.0836,0.0836,0.5469,0.0000,0.1226
9.534,-1.5013,0.1326,-0.0725,-0.9153,0.0835,0.0835,0.5469,0.0000,0.1226
9.538,-1.5322,0.1351,-0.0721,-0.9136,0.0834,0.0834,0.5469,0.0000,0.1226
9.542,-1.5674,0.1379,-0.0718,-0.8989,0.0832,0.0832,0.4848,0.0000,0.1226
9.547,-1.5978,0.1411,-0.0713,-0.8970,0.0830,0.0830,0.4848,0.0000,0.1226
9.550,-1.6226,0.1438,-0.0709,-0.8954,0.0829,0.0829,0.4848,0.0000,0.1226
9.553,-1.6470,0.1460,-0.0706,-0.8938,0.0827,0.0827,0.4848,0.0000,0.1226
9.557,-1.6700,0.1482,-0.0702,-0.8923,0.0826,0.0826,0.4848,0.0000,0.1226
9.561,-1.6951,0.1503,-0.0699,-0.8795,0.0825,0.0825,0.4202,0.0000,0.1226
9.564,-1.7205,0.1526,-0.0695,-0.8775,0.0823,0.0823,0.4202,0.0000,0.1226
9.568,-1.7418,0.1548,-0.0691,-0.8757,0.0821,0.0821,0.4202,0.0000,0.1226
9.571,-1.7618,0.1568,-0.0688,-0.8740,0.0819,0.0819,0.4202,0.0000,0.1226
9.575,-1.7832,0.1586,-0.0685,-0.8719,0.0818,0.0818,0.4202,0.0000,0.1226
9.579,-1.8074,0.1605,-0.0681,-0.8521,0.0816,0.0816,0.4526,0.0000,0.1226
9.584,-1.8363,0.1627,-0.0677,-0.8492,0.0814,0.0814,0.4526,0.0000,0.1226
9.588,-1.8554,0.1653,-0.0671,-0.8472,0.0811,0.0811,0.4526,0.0000,0.1226
9.591,-1.8738,0.1670,-0.0667,-0.8452,0.0810,0.0810,0.4526,0.0000,0.1226
9.596,-1.8981,0.1686,-0.0664,-0.8423,0.0808,0.0808,0.4526,0.0000,0.1226
9.604,-1.9324,0.1708,-0.0658,-0.8246,0.0805,0.0805,0.4731,0.0000,0.1226
9.609,-1.9512,0.1739,-0.0650,-0.8220,0.0801,0.0801,0.4731,0.0000,0.1226
9.613,-1.9643,0.1756,-0.0645,-0.8201,0.0799,0.0799,0.4731,0.0000,0.1226
9.616,-1.9768,0.1768,-0.0641,-0.8181,0.0797,0.0797,0.4731,0.0000,0.1226
9.624,-2.0023,0.1779,-0.0637,-0.8097,0.0796,0.0796,0.3816,0.0000,0.1226
9.631,-2.0185,0.1802,-0.0629,-0.8061,0.0791,0.0791,0.3816,0.0000,0.1225
9.635,-2.0282,0.1817,-0.0622,-0.8037,0.0788,0.0788,0.3816,0.0000,0.1225
9.638,-2.0356,0.1825,-0.0618,-0.8016,0.0786,0.0786,0.3816,0.0000,0.1225
9.642,-2.0422,0.1832,-0.0614,-0.7909,0.0784,0.0784,0.4185,0.0000,0.1225
9.646,-2.0495,0.1838,-0.0611,-0.7884,0.0782,0.0782,0.4185,0.0000,0.1225
9.649,-2.0541,0.1845,-0.0606,-0.7864,0.0780,0.0780,0.4185,0.0000,0.1225
9.652,-2.0582,0.1849,-0.0603,-0.7845,0.0778,0.0778,0.4185,0.0000,0.1225
9.655,-2.0617,0.1852,-0.0599,-0.7825,0.0776,0.0776,0.4185,0.0000,0.1225
9.659,-2.0651,0.1856,-0.0596,-0.7781,0.0775,0.0775,0.3577,0.0000,0.1225
9.663,-2.0679,0.1859,-0.0592,-0.7756,0.0773,0.0773,0.3577,0.0000,0.1225
9.666,-2.0695,0.1861,-0.0588,-0.7735,0.0770,0.0770,0.3577,0.0000,0.1225
9.670,-2.0706,0.1863,-0.0585,-0.7715,0.0768,0.0768,0.3577,0.0000,0.1225
9.673,-2.0712,0.1864,-0.0582,-0.7695,0.0767,0.0767,0.3577,0.0000,0.1225
9.677,-2.0712,0.1864,-0.0578,-0.7672,0.0765,0.0765,0.3577,0.0000,0.1225
9.680,-2.0706,0.1864,-0.0575,-0.7640,0.0763,0.0763,0.3061,0.0000,0.1225
9.684,-2.0692,0.1864,-0.0571,-0.7617,0.0761,0.0761,0.3061,0.0000,0.1225
9.687,-2.0675,0.1862,-0.0567,-0.7597,0.0759,0.0759,0.3061,0.0000,0.1225
9.691,-2.0652,0.1861,-0.0564,-0.7578,0.0757,0.0757,0.3061,0.0000,0.1225
9.694,-2.0620,0.1859,-0.0561,-0.7557,0.0755,0.0755,0.3061,0.0000,0.1225
9.698,-2.0587,0.1856,-0.0557,-0.7539,0.0753,0.0753,0.3061,0.0000,0.1225
9.702,-2.0535,0.1853,-0.0554,-0.7516,0.0752,0.0752,0.2504,0.0000,0.1225
9.711,-2.0410,0.1848,-0.0550,-0.7472,0.0750,0.0750,0.2504,0.0000,0.1225
9.714,-2.0350,0.1837,-0.0541,-0.7455,0.0746,0.0746,0.2504,0.0000,0.1225
9.718,-2.0288,0.1832,-0.0538,-0.7439,0.0744,0.0744,0.2504,0.0000,0.1225
9.721,-2.0222,0.1826,-0.0535,-0.7424,0.0743,0.0743,0.2834,0.0000,0.1225
9.726,-2.0132,0.1820,-0.0532,-0.7403,0.0741,0.0741,0.2834,0.0000,0.1225
9.729,-2.0054,0.1812,-0.0528,-0.7386,0.0740,0.0740,0.2834,0.0000,0.1225
9.733,-1.9978,0.1805,-0.0525,-0.7371,0.0738,0.0738,0.2834,0.0000,0.1225
9.736,-1.9897,0.1798,-0.0522,-0.7355,0.0737,0.0737,0.2834,0.0000,0.1225
9.739,-1.9815,0.1791,-0.0519,-0.7351,0.0735,0.0735,0.3103,0.0000,0.1225
9.744,-1.9700,0.1783,-0.0516,-0.7331,0.0734,0.0734,0.3103,0.0000,0.1225
9.747,-1.9598,0.1773,-0.0512,-0.7314,0.0732,0.0732,0.3103,0.0000,0.1225
9.751,-1.9504,0.1764,-0.0509,-0.7299,0.0731,0.0731,0.3103,0.0000,0.1224
9.754,-1.9409,0.1755,-0.0506,-0.7284,0.0729,0.0729,0.3103,0.0000,0.1224
9.757,-1.9310,0.1747,-0.0504,-0.7269,0.0728,0.0728,0.3103,0.0000,0.1224
9.761,-1.9195,0.1738,-0.0501,-0.7272,0.0726,0.0726,0.2342,0.0000,0.1224
9.765,-1.9068,0.1728,-0.0498,-0.7255,0.0725,0.0725,0.2342,0.0000,0.1224
9.768,-1.8951,0.1716,-0.0495,-0.7239,0.0723,0.0723,0.2342,0.0000,0.1224
9.777,-1.8661,0.1706,-0.0492,-0.7204,0.0722,0.0722,0.2342,0.0000,0.1224
9.782,-1.8464,0.1679,-0.0486,-0.7202,0.0719,0.0719,0.1479,0.0000,0.1224
9.787,-1.8311,0.1662,-0.0482,-0.7185,0.0717,0.0717,0.1479,0.0000,0.1224
9.790,-1.8193,0.1648,-0.0479,-0.7174,0.0715,0.0715,0.1479,0.0000,0.1224
9.793,-1.8056,0.1637,-0.0476,-0.7161,0.0714,0.0714,0.1479,0.0000,0.1224
9.797,-1.7924,0.1625,-0.0474,-0.7149,0.0713,0.0713,0.1479,0.0000,0.1224
9.800,-1.7800,0.1613,-0.0471,-0.7166,0.0712,0.0712,0.1513,0.0000,0.1224
9.804,-1.7651,0.1602,-0.0469,-0.7155,0.0711,0.0711,0.1513,0.0000,0.1224
9.809,-1.7461,0.1589,-0.0466,-0.7143,0.0710,0.0710,0.1513,0.0000,0.1224
9.816,-1.7150,0.1572,-0.0463,-0.7125,0.0709,0.0709,0.1513,0.0000,0.1224
9.820,-1.7012,0.1543,-0.0458,-0.7139,0.0707,0.0707,0.0621,0.0000,0.1224
9.824,-1.6853,0.1531,-0.0456,-0.7132,0.0707,0.0707,0.0621,0.0000,0.1224
9.828,-1.6694,0.1517,-0.0454,-0.7126,0.0706,0.0706,0.0621,0.0000,0.1224
9.831,-1.6537,0.1502,-0.0452,-0.7121,0.0706,0.0706,0.0621,0.0000,0.1224
9.835,-1.6391,0.1488,-0.0449,-0.7116,0.0705,0.0705,0.0621,0.0000,0.1224
9.838,-1.6253,0.1475,-0.0447,-0.7112,0.0705,0.0705,0.0621,0.0000,0.1224
9.842,-1.6107,0.1463,-0.0445,-0.7126,0.0704,0.0704,0.0659,0.0000,0.1224
9.846,-1.5918,0.1450,-0.0443,-0.7120,0.0704,0.0704,0.0659,0.0000,0.1224
9.850,-1.5757,0.1433,-0.0441,-0.7116,0.0704,0.0704,0.0659,0.0000,0.1224
9.853,-1.5616,0.1418,-0.0439,-0.7113,0.0703,0.0703,0.0659,0.0000,0.1224
9.856,-1.5477,0.1405,-0.0437,-0.7110,0.0703,0.0703,0.0659,0.0000,0.1224
9.860,-1.5324,0.1393,-0.0436,-0.7119,0.0703,0.0703,0.0531,0.0000,0.1224
9.864,-1.5132,0.1379,-0.0434,-0.7115,0.0702,0.0702,0.0531,0.0000,0.1224
9.868,-1.4985,0.1362,-0.0432,-0.7113,0.0702,0.0702,0.0531,0.0000,0.1224
9.871,-1.4844,0.1349,-0.0430,-0.7110,0.0702,0.0702,0.0531,0.0000,0.1224
9.874,-1.4703,0.1336,-0.0429,-0.7108,0.0702,0.0702,0.0531,0.0000,0.1224
9.878,-1.4534,0.1323,-0.0427,-0.7106,0.0701,0.0701,0.0531,0.0000,0.1224
9.881,-1.4395,0.1308,-0.0425,-0.7118,0.0701,0.0701,-0.0463,0.0000,0.1224
9.885,-1.4231,0.1296,-0.0424,-0.7116,0.0701,0.0701,-0.0463,0.0000,0.1224
9.888,-1.4093,0.1281,-0.0422,-0.7115,0.0701,0.0701,-0.0463,0.0000,0.1224
9.892,-1.3942,0.1268,-0.0421,-0.7114,0.0701,0.0701,-0.0463,0.0000,0.1224
9.895,-1.3788,0.1255,-0.0420,-0.7114,0.0701,0.0701,-0.0463,0.0000,0.1224
9.899,-1.3650,0.1241,-0.0418,-0.7106,0.0701,0.0701,-0.0531,0.0000,0.1224
9.902,-1.3494,0.1228,-0.0417,-0.7108,0.0701,0.0701,-0.0531,0.0000,0.1224
9.905,-1.3360,0.1214,-0.0416,-0.7110,0.0701,0.0701,-0.0531,0.0000,0.1224
9.910,-1.3144,0.1202,-0.0414,-0.7115,0.0701,0.0701,-0.0531,0.0000,0.1224
9.918,-1.2834,0.1183,-0.0413,-0.7126,0.0701,0.0701,-0.0531,0.0000,0.1223
9.921,-1.2685,0.1155,-0.0410,-0.7088,0.0702,0.0702,0.0345,0.0000,0.1223
9.930,-1.2305,0.1142,-0.0409,-0.7109,0.0703,0.0703,0.0345,0.0000,0.1223
9.935,-1.2087,0.1107,-0.0406,-0.7123,0.0705,0.0705,0.0345,0.0000,0.1223
9.939,-1.1951,0.1088,-0.0405,-0.7085,0.0706,0.0706,0.0950,0.0000,0.1223
9.944,-1.1752,0.1076,-0.0404,-0.7100,0.0707,0.0707,0.0950,0.0000,0.1223
9.947,-1.1610,0.1058,-0.0403,-0.7112,0.0708,0.0708,0.0950,0.0000,0.1223
9.950,-1.1481,0.1045,-0.0402,-0.7122,0.0709,0.0709,0.0950,0.0000,0.1223
9.954,-1.1345,0.1033,-0.0401,-0.7134,0.0710,0.0710,0.0950,0.0000,0.1223
9.957,-1.1200,0.1021,-0.0400,-0.7147,0.0711,0.0711,0.0950,0.0000,0.1223
9.961,-1.1052,0.1008,-0.0399,-0.7143,0.0713,0.0713,0.0607,0.0000,0.1223
9.965,-1.0900,0.0995,-0.0398,-0.7156,0.0714,0.0714,0.0607,0.0000,0.1223
9.968,-1.0773,0.0981,-0.0398,-0.7168,0.0715,0.0715,0.0607,0.0000,0.1223
9.971,-1.0644,0.0970,-0.0397,-0.7181,0.0716,0.0716,0.0607,0.0000,0.1223
9.975,-1.0505,0.0958,-0.0396,-0.7194,0.0717,0.0717,0.0607,0.0000,0.1223
9.979,-1.0363,0.0945,-0.0396,-0.7227,0.0718,0.0718,-0.0612,0.0000,0.1223
9.983,-1.0212,0.0933,-0.0395,-0.7243,0.0720,0.0720,-0.0612,0.0000,0.1223
9.986,-1.0089,0.0919,-0.0394,-0.7256,0.0721,0.0721,-0.0612,0.0000,0.1223
9.989,-0.9954,0.0908,-0.0394,-0.7271,0.0722,0.0722,-0.0612,0.0000,0.1223
9.993,-0.9818,0.0896,-0.0393,-0.7286,0.0724,0.0724,-0.0612,0.0000,0.1223
9.996,-0.9695,0.0884,-0.0393,-0.7301,0.0725,0.0725,-0.0612,0.0000,0.1223
10.000,-0.9578,0.0873,-0.0392,-0.7264,0.0726,0.0726,-0.0232,0.0000,0.1223
10.004,-0.9438,0.0862,-0.0392,-0.7281,0.0728,0.0728,-0.0232,0.0000,0.1223
10.007,-0.9322,0.0849,-0.0391,-0.7297,0.0729,0.0729,-0.0232,0.0000,0.1223
10.012,-0.9141,0.0839,-0.0391,-0.7324,0.0730,0.0730,-0.0232,0.0000,0.1223
10.019,-0.8880,0.0823,-0.0390,-0.7391,0.0733,0.0733,-0.1464,0.0000,0.1223
10.024,-0.8720,0.0799,-0.0390,-0.7420,0.0737,0.0737,-0.1464,0.0000,0.1223
10.028,-0.8582,0.0785,-0.0389,-0.7447,0.0740,0.0740,-0.1464,0.0000,0.1223
10.031,-0.8471,0.0772,-0.0389,-0.7469,0.0742,0.0742,-0.1464,0.0000,0.1223
10.034,-0.8361,0.0762,-0.0389,-0.7493,0.0744,0.0744,-0.1464,0.0000,0.1223
10.038,-0.8254,0.0753,-0.0388,-0.7518,0.0746,0.0746,-0.1464,0.0000,0.1223
10.041,-0.8146,0.0743,-0.0388,-0.7493,0.0748,0.0748,-0.0919,0.0000,0.1223
10.046,-0.7992,0.0733,-0.0388,-0.7532,0.0751,0.0751,-0.0919,0.0000,0.1223
10.049,-0.7868,0.0719,-0.0388,-0.7565,0.0754,0.0754,-0.0919,0.0000,0.1223
10.053,-0.7752,0.0708,-0.0388,-0.7597,0.0757,0.0757,-0.0919,0.0000,0.1223
10.056,-0.7647,0.0698,-0.0388,-0.7627,0.0760,0.0760,-0.0919,0.0000,0.1223
10.060,-0.7531,0.0688,-0.0388,-0.7628,0.0763,0.0763,-0.0715,0.0000,0.1223
10.064,-0.7405,0.0678,-0.0387,-0.7665,0.0766,0.0766,-0.0715,0.0000,0.1223
10.068,-0.7304,0.0666,-0.0387,-0.7695,0.0769,0.0769,-0.0715,0.0000,0.1223
10.071,-0.7209,0.0657,-0.0387,-0.7724,0.0772,0.0772,-0.0715,0.0000,0.1223
10.074,-0.7107,0.0649,-0.0387,-0.7756,0.0774,0.0774,-0.0715,0.0000,0.1223
10.083,-0.6848,0.0640,-0.0387,-0.7872,0.0777,0.0777,-0.2064,0.0000,0.1223
10.089,-0.6670,0.0616,-0.0388,-0.7932,0.0785,0.0785,-0.2064,0.0000,0.1223
10.093,-0.6567,0.0600,-0.0388,-0.7968,0.0790,0.0790,-0.2064,0.0000,0.1223
10.096,-0.6470,0.0591,-0.0388,-0.8002,0.0794,0.0794,-0.2064,0.0000,0.1223
10.099,-0.6381,0.0582,-0.0388,-0.8003,0.0797,0.0797,-0.1975,0.0000,0.1223
10.103,-0.6276,0.0574,-0.0388,-0.8041,0.0799,0.0799,-0.1975,0.0000,0.1223
10.107,-0.6191,0.0565,-0.0388,-0.8073,0.0803,0.0803,-0.1975,0.0000,0.1223
10.110,-0.6085,0.0557,-0.0388,-0.8115,0.0806,0.0806,-0.1975,0.0000,0.1223
10.115,-0.5963,0.0548,-0.0389,-0.8166,0.0810,0.0810,-0.1975,0.0000,0.1223
10.122,-0.5785,0.0537,-0.0389,-0.8229,0.0814,0.0814,-0.2140,0.0000,0.1223
10.127,-0.5671,0.0521,-0.0389,-0.8286,0.0822,0.0822,-0.2140,0.0000,0.1222
10.130,-0.5579,0.0510,-0.0390,-0.8333,0.0827,0.0827,-0.2140,0.0000,0.1222
10.134,-0.5496,0.0502,-0.0390,-0.8379,0.0831,0.0831,-0.2140,0.0000,0.1222
10.137,-0.5412,0.0495,-0.0391,-0.8427,0.0835,0.0835,-0.2140,0.0000,0.1222
10.141,-0.5328,0.0487,-0.0392,-0.8460,0.0839,0.0839,-0.2388,0.0000,0.1222
10.145,-0.5220,0.0479,-0.0394,-0.8527,0.0844,0.0844,-0.2388,0.0000,0.1222
10.149,-0.5139,0.0470,-0.0395,-0.8580,0.0850,0.0850,-0.2388,0.0000,0.1222
10.152,-0.5066,0.0463,-0.0397,-0.8630,0.0855,0.0855,-0.2388,0.0000,0.1222
10.155,-0.4991,0.0456,-0.0398,-0.8683,0.0859,0.0859,-0.2388,0.0000,0.1222
10.160,-0.4900,0.0449,-0.0399,-0.8734,0.0864,0.0864,-0.2680,0.0000,0.1222
10.163,-0.4814,0.0441,-0.0400,-0.8798,0.0870,0.0870,-0.2680,0.0000,0.1222
10.167,-0.4744,0.0433,-0.0402,-0.8851,0.0876,0.0876,-0.2680,0.0000,0.1222
10.170,-0.4676,0.0427,-0.0403,-0.8904,0.0881,0.0881,-0.2680,0.0000,0.1222
10.173,-0.4608,0.0421,-0.0404,-0.8957,0.0885,0.0885,-0.2680,0.0000,0.1222
10.177,-0.4524,0.0415,-0.0405,-0.9025,0.0890,0.0890,-0.2680,0.0000,0.1222
10.180,-0.4456,0.0407,-0.0407,-0.9068,0.0896,0.0896,-0.3013,0.0000,0.1222
10.184,-0.4380,0.0401,-0.0408,-0.9132,0.0901,0.0901,-0.3013,0.0000,0.1222
10.188,-0.4313,0.0394,-0.0409,-0.9189,0.0907,0.0907,-0.3013,0.0000,0.1222
10.192,-0.4233,0.0388,-0.0410,-0.9260,0.0912,0.0912,-0.3013,0.0000,0.1222
10.196,-0.4156,0.0381,-0.0411,-0.9329,0.0919,0.0919,-0.3013,0.0000,0.1222
10.199,-0.4093,0.0374,-0.0413,-0.9375,0.0925,0.0925,-0.3379,0.0000,0.1222
10.203,-0.4023,0.0368,-0.0414,-0.9441,0.0930,0.0930,-0.3379,0.0000,0.1222
10.206,-0.3957,0.0362,-0.0415,-0.9504,0.0936,0.0936,-0.3379,0.0000,0.1222
10.210,-0.3887,0.0356,-0.0416,-0.9574,0.0942,0.0942,-0.3379,0.0000,0.1222
10.213,-0.3827,0.0350,-0.0418,-0.9638,0.0948,0.0948,-0.3379,0.0000,0.1222
10.217,-0.3771,0.0344,-0.0419,-0.9700,0.0954,0.0954,-0.3379,0.0000,0.1222
10.220,-0.3713,0.0339,-0.0420,-0.9756,0.0959,0.0959,-0.3772,0.0000,0.1222
10.225,-0.3617,0.0334,-0.0421,-0.9876,0.0965,0.0965,-0.3772,0.0000,0.1222
10.236,-0.3444,0.0326,-0.0422,-1.0121,0.0976,0.0976,-0.3772,0.0000,0.1222
10.241,-0.3354,0.0310,-0.0426,-1.0253,0.0998,0.0998,-0.4305,0.0000,0.1222
10.245,-0.3287,0.0302,-0.0427,-1.0360,0.1010,0.1010,-0.4305,0.0000,0.1222
10.249,-0.3236,0.0296,-0.0429,-1.0442,0.1020,0.1020,-0.4305,0.0000,0.1222
10.252,-0.3186,0.0291,-0.0430,-1.0527,0.1027,0.1027,-0.4305,0.0000,0.1222
10.255,-0.3137,0.0287,-0.0431,-1.0614,0.1035,0.1035,-0.4305,0.0000,0.1222
10.259,-0.3083,0.0282,-0.0432,-1.0710,0.1043,0.1043,-0.4857,0.0000,0.1222
10.263,-0.3024,0.0278,-0.0433,-1.0821,0.1052,0.1052,-0.4857,0.0000,0.1222
10.266,-0.2974,0.0272,-0.0434,-1.0917,0.1062,0.1062,-0.4857,0.0000,0.1222
10.270,-0.2925,0.0268,-0.0435,-1.1011,0.1070,0.1070,-0.4857,0.0000,0.1222
10.273,-0.2880,0.0263,-0.0436,-1.1101,0.1079,0.1079,-0.4857,0.0000,0.1222
10.277,-0.2826,0.0259,-0.0437,-1.1212,0.1087,0.1087,-0.4857,0.0000,0.1222
10.280,-0.2779,0.0254,-0.0438,-1.1298,0.1097,0.1097,-0.5243,0.0000,0.1222
10.284,-0.2728,0.0250,-0.0439,-1.1409,0.1105,0.1105,-0.5243,0.0000,0.1222
10.288,-0.2679,0.0245,-0.0440,-1.1517,0.1115,0.1115,-0.5243,0.0000,0.1222
10.292,-0.2627,0.0241,-0.0441,-1.1633,0.1125,0.1125,-0.5243,0.0000,0.1222
10.296,-0.2582,0.0236,-0.0442,-1.1738,0.1136,0.1136,-0.5243,0.0000,0.1222
10.299,-0.2539,0.0232,-0.0444,-1.1835,0.1145,0.1145,-0.5732,0.0000,0.1222
10.303,-0.2492,0.0228,-0.0444,-1.1952,0.1154,0.1154,-0.5732,0.0000,0.1222
10.306,-0.2454,0.0224,-0.0446,-1.2052,0.1165,0.1165,-0.5732,0.0000,0.1222
10.310,-0.2409,0.0221,-0.0446,-1.2175,0.1174,0.1174,-0.5732,0.0000,0.1222
10.313,-0.2368,0.0217,-0.0447,-1.2295,0.1185,0.1185,-0.5732,0.0000,0.1222
10.317,-0.2330,0.0213,-0.0448,-1.2411,0.1196,0.1196,-0.5732,0.0000,0.1222
10.320,-0.2292,0.0210,-0.0449,-1.2525,0.1206,0.1206,-0.6230,0.0000,0.1222
10.324,-0.2249,0.0206,-0.0450,-1.2667,0.1217,0.1217,-0.6230,0.0000,0.1222
10.327,-0.2208,0.0202,-0.0451,-1.2812,0.1230,0.1230,-0.6230,0.0000,0.1222
10.331,-0.2170,0.0199,-0.0452,-1.2949,0.1243,0.1243,-0.6230,0.0000,0.1222
10.335,-0.2123,0.0195,-0.0453,-1.3131,0.1255,0.1255,-0.6230,0.0000,0.1222
10.343,-0.2044,0.0191,-0.0454,-1.3462,0.1271,0.1271,-0.6715,0.0000,0.1222
10.348,-0.1997,0.0184,-0.0456,-1.3667,0.1301,0.1301,-0.6715,0.0000,0.1222
10.351,-0.1964,0.0180,-0.0458,-1.3820,0.1320,0.1320,-0.6715,0.0000,0.1222
10.354,-0.1931,0.0177,-0.0458,-1.3973,0.1334,0.1334,-0.6715,0.0000,0.1222
10.358,-0.1898,0.0174,-0.0459,-1.4131,0.1347,0.1347,-0.6715,0.0000,0.1222
10.362,-0.1858,0.0171,-0.0460,-1.4326,0.1362,0.1362,-0.7182,0.0000,0.1222
10.366,-0.1823,0.0167,-0.0461,-1.4506,0.1379,0.1379,-0.7182,0.0000,0.1222
10.369,-0.1793,0.0164,-0.0462,-1.4660,0.1396,0.1396,-0.7182,0.0000,0.1222
10.372,-0.1765,0.0161,-0.0463,-1.4811,0.1409,0.1409,-0.7182,0.0000,0.1222
10.376,-0.1730,0.0159,-0.0464,-1.5003,0.1423,0.1423,-0.7182,0.0000,0.1222
10.385,-0.1657,0.0156,-0.0465,-1.5432,0.1440,0.1440,-0.7545,0.0000,0.1222
10.390,-0.1609,0.0149,-0.0467,-1.5743,0.1480,0.1480,-0.7545,0.0000,0.1222
10.394,-0.1578,0.0145,-0.0468,-1.5957,0.1508,0.1508,-0.7545,0.0000,0.1222
10.397,-0.1552,0.0142,-0.0469,-1.6148,0.1527,0.1527,-0.7545,0.0000,0.1222
10.401,-0.1527,0.0140,-0.0470,-1.6333,0.1544,0.1544,-0.7926,0.0000,0.1222
10.404,-0.1497,0.0137,-0.0471,-1.6569,0.1561,0.1561,-0.7926,0.0000,0.1222
10.408,-0.1469,0.0135,-0.0472,-1.6803,0.1582,0.1582,-0.7926,0.0000,0.1222
10.412,-0.1442,0.0132,-0.0473,-1.7045,0.1603,0.1603,-0.7926,0.0000,0.1222
10.415,-0.1418,0.0130,-0.0474,-1.7261,0.1625,0.1625,-0.7926,0.0000,0.1222
10.418,-0.1395,0.0128,-0.0474,-1.7485,0.1645,0.1645,-0.7926,0.0000,0.1222
10.422,-0.1371,0.0126,-0.0475,-1.7719,0.1665,0.1665,-0.8287,0.0000,0.1222
10.426,-0.1342,0.0123,-0.0476,-1.8027,0.1686,0.1686,-0.8287,0.0000,0.1222
10.429,-0.1318,0.0121,-0.0477,-1.8296,0.1714,0.1714,-0.8287,0.0000,0.1222
10.433,-0.1297,0.0119,-0.0478,-1.8544,0.1738,0.1738,-0.8287,0.0000,0.1222
10.436,-0.1274,0.0117,-0.0478,-1.8812,0.1760,0.1760,-0.8287,0.0000,0.1222
10.441,-0.1244,0.0115,-0.0479,-1.9196,0.1785,0.1785,-0.8809,0.0000,0.1222
10.449,-0.1191,0.0112,-0.0480,-1.9898,0.1819,0.1819,-0.8809,0.0000,0.1222
10.453,-0.1167,0.0107,-0.0482,-2.0220,0.1882,0.1882,-0.8809,0.0000,0.1221
10.456,-0.1146,0.0105,-0.0483,-2.0528,0.1911,0.1911,-0.8809,0.0000,0.1221
10.460,-0.1123,0.0103,-0.0484,-2.0841,0.1939,0.1939,-0.9304,0.0000,0.1221
10.464,-0.1100,0.0101,-0.0485,-2.1135,0.1966,0.1966,-0.9304,0.0000,0.1221
10.468,-0.1080,0.0099,-0.0485,-2.1367,0.1993,0.1993,-0.9304,0.0000,0.1221
10.471,-0.1062,0.0097,-0.0486,-2.1571,0.2014,0.2014,-0.9304,0.0000,0.1221
10.474,-0.1044,0.0096,-0.0487,-2.1763,0.2032,0.2032,-0.9304,0.0000,0.1221
10.478,-0.1024,0.0094,-0.0488,-2.1962,0.2049,0.2049,-0.9304,0.0000,0.1221
10.481,-0.1005,0.0092,-0.0488,-2.2134,0.2067,0.2067,-0.9750,0.0000,0.1221
10.485,-0.0985,0.0090,-0.0489,-2.2297,0.2082,0.2082,-0.9750,0.0000,0.1221
10.489,-0.0969,0.0089,-0.0490,-2.2416,0.2097,0.2097,-0.9750,0.0000,0.1221
10.492,-0.0950,0.0087,-0.0491,-2.2536,0.2108,0.2108,-0.9750,0.0000,0.1221
10.496,-0.0932,0.0085,-0.0491,-2.2628,0.2118,0.2118,-0.9750,0.0000,0.1221
10.499,-0.0915,0.0084,-0.0492,-2.2716,0.2127,0.2127,-1.0303,0.0000,0.1221
10.503,-0.0896,0.0082,-0.0493,-2.2777,0.2134,0.2134,-1.0303,0.0000,0.1221
10.507,-0.0880,0.0081,-0.0494,-2.2815,0.2139,0.2139,-1.0303,0.0000,0.1221
10.512,-0.0857,0.0079,-0.0494,-2.2880,0.2142,0.2142,-1.0303,0.0000,0.1221
10.515,-0.0841,0.0077,-0.0495,-2.2930,0.2148,0.2148,-1.0303,0.0000,0.1221
10.519,-0.0827,0.0076,-0.0496,-2.2989,0.2153,0.2153,-1.0811,0.0000,0.1221
10.522,-0.0811,0.0074,-0.0497,-2.3052,0.2157,0.2157,-1.0811,0.0000,0.1221
10.526,-0.0796,0.0073,-0.0497,-2.3116,0.2163,0.2163,-1.0811,0.0000,0.1221
10.530,-0.0780,0.0072,-0.0498,-2.3190,0.2169,0.2169,-1.0811,0.0000,0.1221
10.538,-0.0746,0.0070,-0.0499,-2.3391,0.2175,0.2175,-1.0811,0.0000,0.1221
10.544,-0.0722,0.0067,-0.0501,-2.3548,0.2194,0.2194,-1.1255,0.0000,0.1221
10.550,-0.0699,0.0065,-0.0502,-2.3716,0.2207,0.2207,-1.1255,0.0000,0.1221
10.558,-0.0670,0.0063,-0.0503,-2.3961,0.2222,0.2222,-1.1255,0.0000,0.1221
10.563,-0.0654,0.0060,-0.0504,-2.4112,0.2244,0.2244,-1.1637,0.0000,0.1221
10.567,-0.0637,0.0059,-0.0505,-2.4277,0.2257,0.2257,-1.1637,0.0000,0.1221
10.571,-0.0624,0.0057,-0.0506,-2.4416,0.2272,0.2272,-1.1637,0.0000,0.1221
10.575,-0.0611,0.0056,-0.0507,-2.4553,0.2285,0.2285,-1.1637,0.0000,0.1221
10.579,-0.0599,0.0055,-0.0508,-2.4700,0.2297,0.2297,-1.1956,0.0000,0.1221
10.583,-0.0586,0.0054,-0.0508,-2.4853,0.2310,0.2310,-1.1956,0.0000,0.1221
10.586,-0.0575,0.0053,-0.0509,-2.4996,0.2323,0.2323,-1.1956,0.0000,0.1221
10.590,-0.0563,0.0052,-0.0510,-2.5159,0.2336,0.2336,-1.1956,0.0000,0.1221
10.594,-0.0551,0.0051,-0.0510,-2.5330,0.2351,0.2351,-1.1956,0.0000,0.1221
10.598,-0.0541,0.0050,-0.0511,-2.5480,0.2366,0.2366,-1.1956,0.0000,0.1221
10.601,-0.0532,0.0049,-0.0512,-2.5627,0.2380,0.2380,-1.2211,0.0000,0.1221
10.606,-0.0518,0.0048,-0.0512,-2.5857,0.2393,0.2393,-1.2211,0.0000,0.1221
10.610,-0.0506,0.0047,-0.0513,-2.6058,0.2413,0.2413,-1.2211,0.0000,0.1221
10.614,-0.0497,0.0046,-0.0514,-2.6232,0.2432,0.2432,-1.2211,0.0000,0.1221
10.617,-0.0488,0.0045,-0.0514,-2.6401,0.2447,0.2447,-1.2211,0.0000,0.1221
10.620,-0.0479,0.0044,-0.0515,-2.6571,0.2462,0.2462,-1.2477,0.0000,0.1221
10.624,-0.0469,0.0043,-0.0515,-2.6783,0.2477,0.2477,-1.2477,0.0000,0.1221
10.628,-0.0458,0.0042,-0.0516,-2.7009,0.2496,0.2496,-1.2477,0.0000,0.1221
10.632,-0.0450,0.0041,-0.0517,-2.7201,0.2517,0.2517,-1.2477,0.0000,0.1221
10.636,-0.0441,0.0040,-0.0517,-2.7401,0.2534,0.2534,-1.2477,0.0000,0.1221
10.639,-0.0433,0.0040,-0.0518,-2.7606,0.2552,0.2552,-1.2727,0.0000,0.1221
10.644,-0.0422,0.0039,-0.0519,-2.7865,0.2570,0.2570,-1.2727,0.0000,0.1221
10.647,-0.0414,0.0038,-0.0519,-2.8083,0.2593,0.2593,-1.2727,0.0000,0.1221
10.650,-0.0407,0.0037,-0.0520,-2.8280,0.2613,0.2613,-1.2727,0.0000,0.1221
10.655,-0.0397,0.0037,-0.0520,-2.8555,0.2630,0.2630,-1.2727,0.0000,0.1221
10.663,-0.0381,0.0036,-0.0521,-2.9056,0.2655,0.2655,-1.2840,0.0000,0.1221
10.667,-0.0372,0.0034,-0.0522,-2.9328,0.2700,0.2700,-1.2840,0.0000,0.1221
10.670,-0.0365,0.0033,-0.0523,-2.9551,0.2725,0.2725,-1.2840,0.0000,0.1221
10.673,-0.0359,0.0033,-0.0524,-2.9766,0.2745,0.2745,-1.2840,0.0000,0.1221
10.678,-0.0351,0.0032,-0.0524,-3.0057,0.2764,0.2764,-1.2840,0.0000,0.1221
10.681,-0.0344,0.0032,-0.0525,-3.0302,0.2790,0.2790,-1.2870,0.0000,0.1221
10.690,-0.0328,0.0031,-0.0525,-3.0939,0.2812,0.2812,-1.2870,0.0000,0.1221
10.704,-0.0301,0.0029,-0.0527,-3.2101,0.2870,0.2870,-1.2824,0.0000,0.1221
10.711,-0.0291,0.0027,-0.0529,-3.2568,0.2974,0.2974,-1.2824,0.0000,0.1221
10.715,-0.0284,0.0026,-0.0530,-3.2926,0.3016,0.3016,-1.2824,0.0000,0.1221
10.719,-0.0278,0.0026,-0.0530,-3.3245,0.3048,0.3048,-1.2701,0.0000,0.1221
10.723,-0.0272,0.0025,-0.0531,-3.3561,0.3077,0.3077,-1.2701,0.0000,0.1221
10.727,-0.0266,0.0024,-0.0532,-3.3853,0.3106,0.3106,-1.2701,0.0000,0.1221
10.730,-0.0261,0.0024,-0.0532,-3.4117,0.3132,0.3132,-1.2701,0.0000,0.1221
10.734,-0.0256,0.0024,-0.0533,-3.4398,0.3156,0.3156,-1.2701,0.0000,0.1221
10.737,-0.0252,0.0023,-0.0533,-3.4664,0.3181,0.3181,-1.2701,0.0000,0.1221
10.740,-0.0247,0.0023,-0.0534,-3.4919,0.3205,0.3205,-1.2503,0.0000,0.1221
10.745,-0.0241,0.0022,-0.0534,-3.5285,0.3228,0.3228,-1.2503,0.0000,0.1221
10.748,-0.0237,0.0022,-0.0535,-3.5558,0.3261,0.3261,-1.2503,0.0000,0.1221
10.751,-0.0233,0.0021,-0.0535,-3.5823,0.3286,0.3286,-1.2503,0.0000,0.1221
10.754,-0.0229,0.0021,-0.0535,-3.6089,0.3310,0.3310,-1.2503,0.0000,0.1221
10.759,-0.0223,0.0021,-0.0536,-3.6499,0.3334,0.3334,-1.2354,0.0000,0.1221
10.767,-0.0213,0.0020,-0.0537,-3.7205,0.3371,0.3371,-1.2354,0.0000,0.1221
10.771,-0.0209,0.0019,-0.0538,-3.7501,0.3434,0.3434,-1.2354,0.0000,0.1221
10.774,-0.0205,0.0019,-0.0538,-3.7791,0.3461,0.3461,-1.2354,0.0000,0.1221
10.778,-0.0201,0.0018,-0.0539,-3.8133,0.3487,0.3487,-1.2354,0.0000,0.1221
10.781,-0.0197,0.0018,-0.0539,-3.8422,0.3518,0.3518,-1.2143,0.0000,0.1221
10.785,-0.0193,0.0018,-0.0540,-3.8746,0.3544,0.3544,-1.2143,0.0000,0.1221
10.788,-0.0189,0.0017,-0.0540,-3.9026,0.3573,0.3573,-1.2143,0.0000,0.1221
10.792,-0.0186,0.0017,-0.0540,-3.9344,0.3598,0.3598,-1.2143,0.0000,0.1221
10.795,-0.0182,0.0017,-0.0541,-3.9663,0.3627,0.3627,-1.2143,0.0000,0.1221
10.799,-0.0179,0.0016,-0.0541,-3.9945,0.3656,0.3656,-1.1849,0.0000,0.1221
10.803,-0.0175,0.0016,-0.0542,-4.0282,0.3681,0.3681,-1.1849,0.0000,0.1221
10.806,-0.0172,0.0016,-0.0542,-4.0564,0.3712,0.3712,-1.1849,0.0000,0.1221
10.809,-0.0168,0.0015,-0.0543,-4.0885,0.3737,0.3737,-1.1849,0.0000,0.1221
10.813,-0.0165,0.0015,-0.0543,-4.1184,0.3766,0.3766,-1.1849,0.0000,0.1221
10.816,-0.0162,0.0015,-0.0544,-4.1467,0.3793,0.3793,-1.1849,0.0000,0.1221
10.819,-0.0159,0.0015,-0.0544,-4.1751,0.3818,0.3818,-1.1476,0.0000,0.1221
10.823,-0.0156,0.0014,-0.0544,-4.2086,0.3844,0.3844,-1.1476,0.0000,0.1221
10.827,-0.0153,0.0014,-0.0545,-4.2410,0.3875,0.3875,-1.1476,0.0000,0.1221
10.830,-0.0150,0.0014,-0.0545,-4.2709,0.3904,0.3904,-1.1476,0.0000,0.1221
10.834,-0.0147,0.0013,-0.0546,-4.3011,0.3931,0.3931,-1.1476,0.0000,0.1221
10.843,-0.0140,0.0013,-0.0546,-4.3784,0.3958,0.3958,-1.1023,0.0000,0.1221
10.849,-0.0135,0.0013,-0.0547,-4.4335,0.4028,0.4028,-1.1023,0.0000,0.1221
10.852,-0.0132,0.0012,-0.0548,-4.4622,0.4077,0.4077,-1.1023,0.0000,0.1221
10.856,-0.0130,0.0012,-0.0548,-4.4908,0.4103,0.4103,-1.1023,0.0000,0.1221
10.861,-0.0126,0.0012,-0.0549,-4.5307,0.4129,0.4129,-1.0332,0.0000,0.1221
10.868,-0.0121,0.0011,-0.0549,-4.5937,0.4166,0.4166,-1.0332,0.0000,0.1221
10.872,-0.0118,0.0011,-0.0550,-4.6251,0.4222,0.4222,-1.0332,0.0000,0.1221
10.876,-0.0115,0.0011,-0.0551,-4.6564,0.4251,0.4251,-1.0332,0.0000,0.1221
10.880,-0.0113,0.0010,-0.0551,-4.6815,0.4279,0.4279,-0.9541,0.0000,0.1221
10.884,-0.0111,0.0010,-0.0551,-4.7110,0.4302,0.4302,-0.9541,0.0000,0.1221
10.887,-0.0109,0.0010,-0.0552,-4.7352,0.4329,0.4329,-0.9541,0.0000,0.1221
10.890,-0.0107,0.0010,-0.0552,-4.7593,0.4351,0.4351,-0.9541,0.0000,0.1221
10.894,-0.0105,0.0010,-0.0553,-4.7869,0.4373,0.4373,-0.9541,0.0000,0.1221
10.897,-0.0103,0.0009,-0.0553,-4.8106,0.4397,0.4397,-0.9541,0.0000,0.1221
10.900,-0.0101,0.0009,-0.0553,-4.8326,0.4419,0.4419,-0.8693,0.0000,0.1221
10.905,-0.0098,0.0009,-0.0554,-4.8614,0.4440,0.4440,-0.8693,0.0000,0.1221
10.908,-0.0096,0.0009,-0.0554,-4.8870,0.4465,0.4465,-0.8693,0.0000,0.1221
10.912,-0.0094,0.0009,-0.0555,-4.9102,0.4488,0.4488,-0.8693,0.0000,0.1221
10.915,-0.0093,0.0008,-0.0555,-4.9316,0.4509,0.4509,-0.8693,0.0000,0.1221
10.919,-0.0091,0.0008,-0.0555,-4.9512,0.4529,0.4529,-0.7795,0.0000,0.1221
10.922,-0.0089,0.0008,-0.0556,-4.9751,0.4547,0.4547,-0.7795,0.0000,0.1221
10.926,-0.0087,0.0008,-0.0556,-4.9963,0.4569,0.4569,-0.7795,0.0000,0.1221
10.929,-0.0086,0.0008,-0.0557,-5.0154,0.4588,0.4588,-0.7795,0.0000,0.1221
10.933,-0.0084,0.0008,-0.0557,-5.0339,0.4605,0.4605,-0.7795,0.0000,0.1221
10.936,-0.0082,0.0008,-0.0557,-5.0523,0.4622,0.4622,-0.7795,0.0000,0.1221
10.939,-0.0081,0.0007,-0.0558,-5.0684,0.4638,0.4638,-0.6853,0.0000,0.1221
10.944,-0.0079,0.0007,-0.0558,-5.0907,0.4654,0.4654,-0.6853,0.0000,0.1221
10.948,-0.0077,0.0007,-0.0558,-5.1089,0.4674,0.4674,-0.6853,0.0000,0.1221
10.951,-0.0076,0.0007,-0.0559,-5.1248,0.4690,0.4690,-0.6853,0.0000,0.1221
10.955,-0.0074,0.0007,-0.0559,-5.1401,0.4705,0.4705,-0.6853,0.0000,0.1221
10.958,-0.0073,0.0007,-0.0559,-5.1550,0.4718,0.4718,-0.6853,0.0000,0.1221
10.962,-0.0071,0.0007,-0.0560,-5.1682,0.4732,0.4732,-0.5877,0.0000,0.1221
10.966,-0.0069,0.0006,-0.0560,-5.1840,0.4745,0.4745,-0.5877,0.0000,0.1221
10.971,-0.0068,0.0006,-0.0561,-5.1998,0.4759,0.4759,-0.5877,0.0000,0.1221
10.979,-0.0065,0.0006,-0.0561,-5.2213,0.4774,0.4774,-0.4742,0.0000,0.1221
10.983,-0.0063,0.0006,-0.0562,-5.2337,0.4795,0.4795,-0.4742,0.0000,0.1221
10.987,-0.0061,0.0006,-0.0562,-5.2423,0.4806,0.4806,-0.4742,0.0000,0.1221
10.996,-0.0059,0.0006,-0.0563,-5.2575,0.4813,0.4813,-0.4742,0.0000,0.1221
11.002,-0.0057,0.0005,-0.0563,-5.2635,0.4827,0.4827,-0.3557,0.0000,0.1221
11.006,-0.0055,0.0005,-0.0564,-5.2679,0.4834,0.4834,-0.3557,0.0000,0.1221
11.010,-0.0054,0.0005,-0.0564,-5.2709,0.4838,0.4838,-0.3557,0.0000,0.1221
11.014,-0.0053,0.0005,-0.0565,-5.2726,0.4841,0.4841,-0.3557,0.0000,0.1221
11.017,-0.0052,0.0005,-0.0565,-5.2732,0.4842,0.4842,-0.3557,0.0000,0.1221
11.021,-0.0051,0.0005,-0.0565,-5.2716,0.4843,0.4843,-0.2534,0.0000,0.1221
11.024,-0.0050,0.0005,-0.0566,-5.2703,0.4843,0.4843,-0.2534,0.0000,0.1221
11.028,-0.0048,0.0004,-0.0566,-5.2679,0.4842,0.4842,-0.2534,0.0000,0.1221
11.032,-0.0047,0.0004,-0.0566,-5.2647,0.4840,0.4840,-0.2534,0.0000,0.1221
11.036,-0.0046,0.0004,-0.0567,-5.2600,0.4837,0.4837,-0.2534,0.0000,0.1221
11.040,-0.0045,0.0004,-0.0567,-5.2535,0.4833,0.4833,-0.1519,0.0000,0.1221
11.044,-0.0044,0.0004,-0.0567,-5.2457,0.4828,0.4828,-0.1519,0.0000,0.1221
11.048,-0.0043,0.0004,-0.0568,-5.2379,0.4821,0.4821,-0.1519,0.0000,0.1221
11.052,-0.0042,0.0004,-0.0568,-5.2288,0.4814,0.4814,-0.1519,0.0000,0.1221
11.055,-0.0042,0.0004,-0.0568,-5.2201,0.4806,0.4806,-0.1519,0.0000,0.1221
11.059,-0.0041,0.0004,-0.0569,-5.2070,0.4798,0.4798,-0.0277,0.0000,0.1221
11.064,-0.0040,0.0004,-0.0569,-5.1919,0.4788,0.4788,-0.0277,0.0000,0.1221
11.068,-0.0039,0.0004,-0.0569,-5.1790,0.4775,0.4775,-0.0277,0.0000,0.1221
11.071,-0.0038,0.0003,-0.0570,-5.1674,0.4763,0.4763,-0.0277,0.0000,0.1221
11.076,-0.0037,0.0003,-0.0570,-5.1483,0.4753,0.4753,-0.0277,0.0000,0.1221
11.084,-0.0035,0.0003,-0.0570,-5.1082,0.4736,0.4736,0.1016,0.0000,0.1221
11.088,-0.0034,0.0003,-0.0571,-5.0870,0.4702,0.4702,0.1016,0.0000,0.1221
11.092,-0.0034,0.0003,-0.0571,-5.0677,0.4683,0.4683,0.1016,0.0000,0.1221
11.096,-0.0033,0.0003,-0.0572,-5.0485,0.4666,0.4666,0.1016,0.0000,0.1221
11.099,-0.0032,0.0003,-0.0572,-5.0266,0.4649,0.4649,0.2290,0.0000,0.1221
11.103,-0.0032,0.0003,-0.0572,-5.0049,0.4632,0.4632,0.2290,0.0000,0.1221
11.106,-0.0031,0.0003,-0.0573,-4.9860,0.4613,0.4613,0.2290,0.0000,0.1221
11.110,-0.0030,0.0003,-0.0573,-4.9629,0.4596,0.4596,0.2290,0.0000,0.1221
11.113,-0.0030,0.0003,-0.0573,-4.9413,0.4575,0.4575,0.2290,0.0000,0.1221
11.116,-0.0029,0.0003,-0.0573,-4.9203,0.4555,0.4555,0.2290,0.0000,0.1221
11.119,-0.0029,0.0003,-0.0574,-4.8948,0.4536,0.4536,0.3537,0.0000,0.1221
11.123,-0.0028,0.0003,-0.0574,-4.8668,0.4517,0.4517,0.3537,0.0000,0.1221
11.127,-0.0027,0.0003,-0.0574,-4.8388,0.4492,0.4492,0.3537,0.0000,0.1221
11.131,-0.0027,0.0002,-0.0575,-4.8143,0.4467,0.4467,0.3537,0.0000,0.1221
11.134,-0.0026,0.0002,-0.0575,-4.7903,0.4445,0.4445,0.3537,0.0000,0.1221
11.137,-0.0026,0.0002,-0.0575,-4.7648,0.4423,0.4423,0.3537,0.0000,0.1221
11.146,-0.0025,0.0002,-0.0575,-4.6876,0.4400,0.4400,0.4532,0.0000,0.1220
11.152,-0.0024,0.0002,-0.0576,-4.6407,0.4334,0.4334,0.4532,0.0000,0.1220
11.155,-0.0023,0.0002,-0.0576,-4.6164,0.4292,0.4292,0.4532,0.0000,0.1220
11.159,-0.0023,0.0002,-0.0577,-4.5872,0.4270,0.4270,0.5445,0.0000,0.1220
11.163,-0.0022,0.0002,-0.0577,-4.5620,0.4248,0.4248,0.5445,0.0000,0.1220
11.166,-0.0022,0.0002,-0.0577,-4.5433,0.4225,0.4225,0.5445,0.0000,0.1220
11.170,-0.0021,0.0002,-0.0577,-4.5254,0.4208,0.4208,0.5445,0.0000,0.1220
11.173,-0.0021,0.0002,-0.0578,-4.5093,0.4192,0.4192,0.5445,0.0000,0.1220
11.177,-0.0021,0.0002,-0.0578,-4.4929,0.4178,0.4178,0.5445,0.0000,0.1220
11.181,-0.0020,0.0002,-0.0578,-4.4701,0.4163,0.4163,0.6508,0.0000,0.1220
11.189,-0.0019,0.0002,-0.0578,-4.4482,0.4147,0.4147,0.6508,0.0000,0.1220
11.193,-0.0019,0.0002,-0.0579,-4.4400,0.4127,0.4127,0.6508,0.0000,0.1220
11.196,-0.0018,0.0002,-0.0579,-4.4342,0.4120,0.4120,0.6508,0.0000,0.1220
11.199,-0.0018,0.0002,-0.0579,-4.4237,0.4115,0.4115,0.7567,0.0000,0.1220
11.204,-0.0018,0.0002,-0.0580,-4.4166,0.4111,0.4111,0.7567,0.0000,0.1220
11.207,-0.0017,0.0002,-0.0580,-4.4110,0.4104,0.4104,0.7567,0.0000,0.1220
11.211,-0.0017,0.0002,-0.0580,-4.4043,0.4099,0.4099,0.7567,0.0000,0.1220
11.215,-0.0016,0.0002,-0.0580,-4.3982,0.4093,0.4093,0.7567,0.0000,0.1220
11.218,-0.0016,0.0001,-0.0581,-4.3919,0.4088,0.4088,0.7567,0.0000,0.1220
11.221,-0.0016,0.0001,-0.0581,-4.3798,0.4082,0.4082,0.8563,0.0000,0.1220
11.225,-0.0015,0.0001,-0.0581,-4.3714,0.4076,0.4076,0.8563,0.0000,0.1220
11.229,-0.0015,0.0001,-0.0581,-4.3641,0.4068,0.4068,0.8563,0.0000,0.1220
11.233,-0.0015,0.0001,-0.0582,-4.3567,0.4062,0.4062,0.8563,0.0000,0.1220
11.236,-0.0015,0.0001,-0.0582,-4.3490,0.4055,0.4055,0.8563,0.0000,0.1220
11.239,-0.0014,0.0001,-0.0582,-4.3343,0.4048,0.4048,0.9911,0.0000,0.1220
11.244,-0.0014,0.0001,-0.0582,-4.3243,0.4042,0.4042,0.9911,0.0000,0.1220
11.248,-0.0014,0.0001,-0.0583,-4.3158,0.4033,0.4033,0.9911,0.0000,0.1220
11.251,-0.0013,0.0001,-0.0583,-4.3083,0.4025,0.4025,0.9911,0.0000,0.1220
11.254,-0.0013,0.0001,-0.0583,-4.3010,0.4018,0.4018,0.9911,0.0000,0.1220
11.258,-0.0013,0.0001,-0.0583,-4.2931,0.4012,0.4012,0.9911,0.0000,0.1220
11.261,-0.0013,0.0001,-0.0583,-4.2767,0.4005,0.4005,1.1274,0.0000,0.1220
11.266,-0.0012,0.0001,-0.0584,-4.2673,0.3997,0.3997,1.1274,0.0000,0.1220
11.269,-0.0012,0.0001,-0.0584,-4.2599,0.3989,0.3989,1.1274,0.0000,0.1220
11.272,-0.0012,0.0001,-0.0584,-4.2524,0.3982,0.3982,1.1274,0.0000,0.1220
11.276,-0.0012,0.0001,-0.0584,-4.2438,0.3975,0.3975,1.1274,0.0000,0.1220
11.280,-0.0011,0.0001,-0.0585,-4.2262,0.3968,0.3968,1.2514,0.0000,0.1220
11.285,-0.0011,0.0001,-0.0585,-4.2141,0.3959,0.3959,1.2514,0.0000,0.1220
11.293,-0.0010,0.0001,-0.0585,-4.1951,0.3948,0.3948,1.2514,0.0000,0.1220
11.302,-0.0010,0.0001,-0.0586,-4.1675,0.3931,0.3931,1.3634,0.0000,0.1220
11.308,-0.0010,0.0001,-0.0586,-4.1547,0.3913,0.3913,1.3634,0.0000,0.1220
11.312,-0.0009,0.0001,-0.0586,-4.1462,0.3901,0.3901,1.3634,0.0000,0.1220
11.315,-0.0009,0.0001,-0.0587,-4.1390,0.3893,0.3893,1.3634,0.0000,0.1220
11.318,-0.0009,0.0001,-0.0587,-4.1245,0.3887,0.3887,1.4622,0.0000,0.1220
11.322,-0.0009,0.0001,-0.0587,-4.1167,0.3881,0.3881,1.4622,0.0000,0.1220
11.326,-0.0009,0.0001,-0.0587,-4.1089,0.3874,0.3874,1.4622,0.0000,0.1220
11.330,-0.0008,0.0001,-0.0587,-4.1016,0.3867,0.3867,1.4622,0.0000,0.1220
11.333,-0.0008,0.0001,-0.0588,-4.0952,0.3860,0.3860,1.4622,0.0000,0.1220
11.336,-0.0008,0.0001,-0.0588,-4.0888,0.3854,0.3854,1.4622,0.0000,0.1220
11.340,-0.0008,0.0001,-0.0588,-4.0754,0.3849,0.3849,1.5487,0.0000,0.1220
11.344,-0.0008,0.0001,-0.0588,-4.0671,0.3843,0.3843,1.5487,0.0000,0.1220
11.348,-0.0008,0.0001,-0.0588,-4.0608,0.3835,0.3835,1.5487,0.0000,0.1220
11.351,-0.0007,0.0001,-0.0589,-4.0552,0.3830,0.3830,1.5487,0.0000,0.1220
11.354,-0.0007,0.0001,-0.0589,-4.0499,0.3825,0.3825,1.5487,0.0000,0.1220
11.358,-0.0007,0.0001,-0.0589,-4.0434,0.3820,0.3820,1.5487,0.0000,0.1220
11.361,-0.0007,0.0001,-0.0589,-4.0284,0.3814,0.3814,1.6590,0.0000,0.1220
11.365,-0.0007,0.0001,-0.0589,-4.0222,0.3809,0.3809,1.6590,0.0000,0.1220
11.369,-0.0007,0.0001,-0.0590,-4.0172,0.3803,0.3803,1.6590,0.0000,0.1220
11.372,-0.0007,0.0001,-0.0590,-4.0124,0.3799,0.3799,1.6590,0.0000,0.1220
11.376,-0.0006,0.0001,-0.0590,-4.0071,0.3794,0.3794,1.6590,0.0000,0.1220
11.379,-0.0006,0.0001,-0.0590,-3.9936,0.3790,0.3790,1.7640,0.0000,0.1220
11.383,-0.0006,0.0001,-0.0590,-3.9886,0.3785,0.3785,1.7640,0.0000,0.1220
11.386,-0.0006,0.0001,-0.0590,-3.9846,0.3781,0.3781,1.7640,0.0000,0.1220
11.391,-0.0006,0.0001,-0.0591,-3.9784,0.3777,0.3777,1.7640,0.0000,0.1220
11.399,-0.0006,0.0001,-0.0591,-3.9641,0.3772,0.3772,1.8260,0.0000,0.1220
11.403,-0.0005,0.0001,-0.0591,-3.9597,0.3764,0.3764,1.8260,0.0000,0.1220
11.406,-0.0005,0.0000,-0.0591,-3.9566,0.3760,0.3760,1.8260,0.0000,0.1220
11.410,-0.0005,0.0000,-0.0592,-3.9533,0.3757,0.3757,1.8260,0.0000,0.1220
11.413,-0.0005,0.0000,-0.0592,-3.9506,0.3754,0.3754,1.8260,0.0000,0.1220
11.417,-0.0005,0.0000,-0.0592,-3.9481,0.3752,0.3752,1.8260,0.0000,0.1220
11.420,-0.0005,0.0000,-0.0592,-3.9394,0.3750,0.3750,1.8914,0.0000,0.1220
11.424,-0.0005,0.0000,-0.0592,-3.9369,0.3748,0.3748,1.8914,0.0000,0.1220
11.428,-0.0005,0.0000,-0.0592,-3.9348,0.3745,0.3745,1.8914,0.0000,0.1220
11.431,-0.0005,0.0000,-0.0593,-3.9331,0.3744,0.3744,1.8914,0.0000,0.1220
11.434,-0.0004,0.0000,-0.0593,-3.9316,0.3742,0.3742,1.8914,0.0000,0.1220
11.437,-0.0004,0.0000,-0.0593,-3.9304,0.3741,0.3741,1.8914,0.0000,0.1220
11.441,-0.0004,0.0000,-0.0593,-3.9450,0.3740,0.3740,1.6188,0.0000,0.1220
11.445,-0.0004,0.0000,-0.0593,-3.9439,0.3739,0.3739,1.6188,0.0000,0.1220
11.453,-0.0004,0.0000,-0.0593,-3.9430,0.3738,0.3738,1.6188,0.0000,0.1220
11.459,-0.0004,0.0000,-0.0594,-3.9410,0.3737,0.3737,1.5909,0.0000,0.1220
11.463,-0.0004,0.0000,-0.0594,-3.9414,0.3737,0.3737,1.5909,0.0000,0.1220
11.467,-0.0004,0.0000,-0.0594,-3.9419,0.3737,0.3737,1.5909,0.0000,0.1220
11.470,-0.0004,0.0000,-0.0594,-3.9427,0.3738,0.3738,1.5909,0.0000,0.1220
11.473,-0.0004,0.0000,-0.0595,-3.9436,0.3738,0.3738,1.5909,0.0000,0.1220
11.477,-0.0003,0.0000,-0.0595,-3.9450,0.3739,0.3739,1.5909,0.0000,0.1220
11.481,-0.0003,0.0000,-0.0595,-3.9529,0.3740,0.3740,1.4433,0.0000,0.1220
11.485,-0.0003,0.0000,-0.0595,-3.9549,0.3742,0.3742,1.4433,0.0000,0.1220
11.488,-0.0003,0.0000,-0.0595,-3.9569,0.3744,0.3744,1.4433,0.0000,0.1220
11.493,-0.0003,0.0000,-0.0595,-3.9602,0.3746,0.3746,1.4433,0.0000,0.1220
11.500,-0.0003,0.0000,-0.0596,-3.9731,0.3749,0.3749,1.2857,0.0000,0.1220
11.504,-0.0003,0.0000,-0.0596,-3.9766,0.3754,0.3754,1.2857,0.0000,0.1220
11.508,-0.0003,0.0000,-0.0596,-3.9800,0.3757,0.3757,1.2857,0.0000,0.1220
11.512,-0.0003,0.0000,-0.0596,-3.9840,0.3760,0.3760,1.2857,0.0000,0.1220
11.515,-0.0003,0.0000,-0.0596,-3.9881,0.3764,0.3764,1.2857,0.0000,0.1220
11.519,-0.0003,0.0000,-0.0596,-3.9794,0.3768,0.3768,1.3201,0.0000,0.1220
11.523,-0.0003,0.0000,-0.0597,-3.9844,0.3772,0.3772,1.3201,0.0000,0.1220
11.526,-0.0003,0.0000,-0.0597,-3.9894,0.3776,0.3776,1.3201,0.0000,0.1220
11.530,-0.0003,0.0000,-0.0597,-3.9948,0.3781,0.3781,1.3201,0.0000,0.1220
11.533,-0.0002,0.0000,-0.0597,-3.9998,0.3786,0.3786,1.3201,0.0000,0.1220
11.536,-0.0002,0.0000,-0.0597,-4.0049,0.3790,0.3790,1.3201,0.0000,0.1220
11.540,-0.0002,0.0000,-0.0597,-4.0421,0.3795,0.3795,0.9334,0.0000,0.1220
11.544,-0.0002,0.0000,-0.0597,-4.0502,0.3800,0.3800,0.9334,0.0000,0.1220
11.548,-0.0002,0.0000,-0.0598,-4.0570,0.3807,0.3807,0.9334,0.0000,0.1220
11.551,-0.0002,0.0000,-0.0598,-4.0632,0.3813,0.3813,0.9334,0.0000,0.1220
11.554,-0.0002,0.0000,-0.0598,-4.0695,0.3819,0.3819,0.9334,0.0000,0.1220
11.558,-0.0002,0.0000,-0.0598,-4.0767,0.3824,0.3824,0.9334,0.0000,0.1220
11.562,-0.0002,0.0000,-0.0598,-4.0743,0.3831,0.3831,0.9194,0.0000,0.1220
11.566,-0.0002,0.0000,-0.0598,-4.0836,0.3839,0.3839,0.9194,0.0000,0.1220
11.569,-0.0002,0.0000,-0.0598,-4.0911,0.3847,0.3847,0.9194,0.0000,0.1220
11.572,-0.0002,0.0000,-0.0599,-4.0988,0.3854,0.3854,0.9194,0.0000,0.1220
11.576,-0.0002,0.0000,-0.0599,-4.1088,0.3861,0.3861,0.9194,0.0000,0.1220
11.580,-0.0002,0.0000,-0.0599,-4.1073,0.3870,0.3870,0.9077,0.0000,0.1220
11.584,-0.0002,0.0000,-0.0599,-4.1189,0.3878,0.3878,0.9077,0.0000,0.1220
11.588,-0.0002,0.0000,-0.0599,-4.1291,0.3889,0.3889,0.9077,0.0000,0.1220
11.591,-0.0002,0.0000,-0.0599,-4.1396,0.3898,0.3898,0.9077,0.0000,0.1220
11.596,-0.0002,0.0000,-0.0599,-4.1550,0.3907,0.3907,0.9077,0.0000,0.1220
11.606,-0.0002,0.0000,-0.0600,-4.1765,0.3921,0.3921,0.9038,0.0000,0.1220
11.613,-0.0002,0.0000,-0.0600,-4.1995,0.3951,0.3951,0.9038,0.0000,0.1220
11.616,-0.0001,0.0000,-0.0600,-4.2112,0.3972,0.3972,0.9038,0.0000,0.1220
11.620,-0.0001,0.0000,-0.0600,-4.2124,0.3982,0.3982,0.8945,0.0000,0.1220
11.623,-0.0001,0.0000,-0.0600,-4.2265,0.3993,0.3993,0.8945,0.0000,0.1220
11.627,-0.0001,0.0000,-0.0601,-4.2408,0.4005,0.4005,0.8945,0.0000,0.1220
11.631,-0.0001,0.0000,-0.0601,-4.2537,0.4018,0.4018,0.8945,0.0000,0.1220
11.634,-0.0001,0.0000,-0.0601,-4.2663,0.4030,0.4030,0.8945,0.0000,0.1220
11.637,-0.0001,0.0000,-0.0601,-4.2794,0.4041,0.4041,0.8945,0.0000,0.1220
11.640,-0.0001,0.0000,-0.0601,-4.2850,0.4053,0.4053,0.8756,0.0000,0.1220
11.645,-0.0001,0.0000,-0.0601,-4.3042,0.4065,0.4065,0.8756,0.0000,0.1220
11.648,-0.0001,0.0000,-0.0601,-4.3183,0.4083,0.4083,0.8756,0.0000,0.1220
11.651,-0.0001,0.0000,-0.0601,-4.3323,0.4095,0.4095,0.8756,0.0000,0.1220
11.654,-0.0001,0.0000,-0.0602,-4.3466,0.4108,0.4108,0.8756,0.0000,0.1220
11.658,-0.0001,0.0000,-0.0602,-4.3621,0.4121,0.4121,0.8756,0.0000,0.1220
11.661,-0.0001,0.0000,-0.0602,-4.3850,0.4135,0.4135,0.7452,0.0000,0.1220
11.665,-0.0001,0.0000,-0.0602,-4.4039,0.4150,0.4150,0.7452,0.0000,0.1220
11.669,-0.0001,0.0000,-0.0602,-4.4207,0.4167,0.4167,0.7452,0.0000,0.1220
11.672,-0.0001,0.0000,-0.0602,-4.4371,0.4182,0.4182,0.7452,0.0000,0.1220
11.676,-0.0001,0.0000,-0.0602,-4.4553,0.4197,0.4197,0.7452,0.0000,0.1220
11.679,-0.0001,0.0000,-0.0602,-4.4793,0.4213,0.4213,0.6162,0.0000,0.1220
11.683,-0.0001,0.0000,-0.0602,-4.5005,0.4229,0.4229,0.6162,0.0000,0.1220
11.686,-0.0001,0.0000,-0.0603,-4.5182,0.4248,0.4248,0.6162,0.0000,0.1220
11.690,-0.0001,0.0000,-0.0603,-4.5358,0.4264,0.4264,0.6162,0.0000,0.1220
11.693,-0.0001,0.0000,-0.0603,-4.5563,0.4280,0.4280,0.6162,0.0000,0.1220
11.697,-0.0001,0.0000,-0.0603,-4.5752,0.4299,0.4299,0.6162,0.0000,0.1220
11.700,-0.0001,0.0000,-0.0603,-4.5914,0.4316,0.4316,0.5846,0.0000,0.1220
11.705,-0.0001,0.0000,-0.0603,-4.6230,0.4333,0.4333,0.5846,0.0000,0.1220
11.713,-0.0001,0.0000,-0.0603,-4.6726,0.4361,0.4361,0.5846,0.0000,0.1220
11.717,-0.0001,0.0000,-0.0603,-4.6968,0.4406,0.4406,0.5846,0.0000,0.1220
11.720,-0.0001,0.0000,-0.0604,-4.7176,0.4428,0.4428,0.5442,0.0000,0.1220
11.724,-0.0001,0.0000,-0.0604,-4.7434,0.4447,0.4447,0.5442,0.0000,0.1220
11.728,-0.0001,0.0000,-0.0604,-4.7681,0.4470,0.4470,0.5442,0.0000,0.1220
11.731,-0.0001,0.0000,-0.0604,-4.7905,0.4492,0.4492,0.5442,0.0000,0.1220
11.734,-0.0001,0.0000,-0.0604,-4.8133,0.4513,0.4513,0.5442,0.0000,0.1220
11.738,-0.0001,0.0000,-0.0604,-4.8355,0.4533,0.4533,0.5442,0.0000,0.1220
11.741,-0.0001,0.0000,-0.0604,-4.8745,0.4553,0.4553,0.3229,0.0000,0.1220
11.746,-0.0001,0.0000,-0.0604,-4.9085,0.4575,0.4575,0.3229,0.0000,0.1220
11.749,-0.0001,0.0000,-0.0604,-4.9346,0.4605,0.4605,0.3229,0.0000,0.1220
11.757,-0.0001,0.0000,-0.0605,-4.9972,0.4629,0.4629,0.3229,0.0000,0.1220
11.763,-0.0001,0.0000,-0.0605,-5.0472,0.4685,0.4685,0.2724,0.0000,0.1220
11.767,-0.0001,0.0000,-0.0605,-5.0792,0.4728,0.4728,0.2724,0.0000,0.1220
11.771,-0.0001,0.0000,-0.0605,-5.1050,0.4757,0.4757,0.2724,0.0000,0.1220
11.774,-0.0001,0.0000,-0.0605,-5.1305,0.4780,0.4780,0.2724,0.0000,0.1220
11.778,-0.0001,0.0000,-0.0605,-5.1657,0.4803,0.4803,0.2724,0.0000,0.1220
11.781,-0.0001,0.0000,-0.0605,-5.1937,0.4835,0.4835,0.2902,0.0000,0.1220
11.785,-0.0001,0.0000,-0.0605,-5.2260,0.4860,0.4860,0.2902,0.0000,0.1220
11.788,-0.0001,0.0000,-0.0606,-5.2546,0.4890,0.4890,0.2902,0.0000,0.1220
11.792,-0.0001,0.0000,-0.0606,-5.2859,0.4915,0.4915,0.2902,0.0000,0.1220
11.795,-0.0001,0.0000,-0.0606,-5.3177,0.4943,0.4943,0.2902,0.0000,0.1220
11.799,0.0000,0.0000,-0.0606,-5.3515,0.4972,0.4972,0.2330,0.0000,0.1220
11.802,0.0000,0.0000,-0.0606,-5.3860,0.4998,0.4998,0.2330,0.0000,0.1220
11.806,0.0000,0.0000,-0.0606,-5.4160,0.5029,0.5029,0.2330,0.0000,0.1220
11.812,0.0000,0.0000,-0.0606,-5.4742,0.5056,0.5056,0.2330,0.0000,0.1220
11.819,0.0000,0.0000,-0.0606,-5.5553,0.5109,0.5109,0.1771,0.0000,0.1220
11.823,0.0000,0.0000,-0.0606,-5.5962,0.5177,0.5177,0.1771,0.0000,0.1220
11.827,0.0000,0.0000,-0.0607,-5.6354,0.5214,0.5214,0.1771,0.0000,0.1220
11.831,0.0000,0.0000,-0.0607,-5.6753,0.5249,0.5249,0.1771,0.0000,0.1220
11.835,0.0000,0.0000,-0.0607,-5.7148,0.5285,0.5285,0.1771,0.0000,0.1220
11.839,0.0000,0.0000,-0.0607,-5.7614,0.5321,0.5321,0.1204,0.0000,0.1220
11.843,0.0000,0.0000,-0.0607,-5.8133,0.5358,0.5358,0.1204,0.0000,0.1220
11.848,0.0000,0.0000,-0.0607,-5.8588,0.5405,0.5405,0.1204,0.0000,0.1220
11.851,0.0000,0.0000,-0.0607,-5.8987,0.5446,0.5446,0.1204,0.0000,0.1220
11.855,0.0000,0.0000,-0.0607,-5.9397,0.5482,0.5482,0.1204,0.0000,0.1220
11.859,0.0000,0.0000,-0.0607,-5.9891,0.5519,0.5519,0.0625,0.0000,0.1220
11.863,0.0000,0.0000,-0.0607,-6.0375,0.5558,0.5558,0.0625,0.0000,0.1220
11.866,0.0000,0.0000,-0.0607,-6.0768,0.5602,0.5602,0.0625,0.0000,0.1220
11.870,0.0000,0.0000,-0.0608,-6.1173,0.5637,0.5637,0.0625,0.0000,0.1220
11.873,0.0000,0.0000,-0.0608,-6.1561,0.5674,0.5674,0.0625,0.0000,0.1220
11.877,0.0000,0.0000,-0.0608,-6.2001,0.5709,0.5709,0.0625,0.0000,0.1220
11.880,0.0000,0.0000,-0.0608,-6.2500,0.5748,0.5748,-0.0151,0.0000,0.1220
11.885,0.0000,0.0000,-0.0608,-6.3147,0.5788,0.5788,-0.0151,0.0000,0.1220
11.889,0.0000,0.0000,-0.0608,-6.3597,0.5846,0.5846,-0.0151,0.0000,0.1220
11.893,0.0000,0.0000,-0.0608,-6.4073,0.5886,0.5886,-0.0151,0.0000,0.1220
11.896,0.0000,0.0000,-0.0608,-6.4508,0.5929,0.5929,-0.0151,0.0000,0.1220
11.899,0.0000,0.0000,-0.0608,-6.5017,0.5968,0.5968,-0.0964,0.0000,0.1220
11.909,0.0000,0.0000,-0.0608,-6.6263,0.6009,0.6009,-0.0964,0.0000,0.1220
11.914,0.0000,0.0000,-0.0609,-6.6921,0.6121,0.6121,-0.0964,0.0000,0.1220
11.917,0.0000,0.0000,-0.0609,-6.7331,0.6180,0.6180,-0.0964,0.0000,0.1220
11.922,0.0000,0.0000,-0.0609,-6.7883,0.6217,0.6217,-0.1148,0.0000,0.1220
11.930,0.0000,0.0000,-0.0609,-6.8761,0.6264,0.6264,-0.1148,0.0000,0.1220
11.933,0.0000,0.0000,-0.0609,-6.9097,0.6343,0.6343,-0.1148,0.0000,0.1220
11.936,0.0000,0.0000,-0.0609,-6.9389,0.6373,0.6373,-0.1148,0.0000,0.1220
11.940,0.0000,0.0000,-0.0609,-6.9713,0.6399,0.6399,-0.1369,0.0000,0.1220
11.944,0.0000,0.0000,-0.0609,-7.0056,0.6425,0.6425,-0.1369,0.0000,0.1220
11.948,0.0000,0.0000,-0.0609,-7.0278,0.6456,0.6456,-0.1369,0.0000,0.1220
11.951,0.0000,0.0000,-0.0609,-7.0470,0.6476,0.6476,-0.1369,0.0000,0.1220
11.955,0.0000,0.0000,-0.0609,-7.0648,0.6493,0.6493,-0.1369,0.0000,0.1220
11.959,0.0000,0.0000,-0.0610,-7.0867,0.6509,0.6509,-0.1632,0.0000,0.1220
11.963,0.0000,0.0000,-0.0610,-7.1009,0.6525,0.6525,-0.1632,0.0000,0.1220
11.967,0.0000,0.0000,-0.0610,-7.1104,0.6538,0.6538,-0.1632,0.0000,0.1220
11.970,0.0000,0.0000,-0.0610,-7.1170,0.6547,0.6547,-0.1632,0.0000,0.1220
11.973,0.0000,0.0000,-0.0610,-7.1215,0.6553,0.6553,-0.1632,0.0000,0.1220
11.977,0.0000,0.0000,-0.0610,-7.1244,0.6557,0.6557,-0.1632,0.0000,0.1220
11.981,0.0000,0.0000,-0.0610,-7.1289,0.6559,0.6559,-0.2037,0.0000,0.1220
11.985,0.0000,0.0000,-0.0610,-7.1268,0.6560,0.6560,-0.2037,0.0000,0.1220
11.989,0.0000,0.0000,-0.0610,-7.1232,0.6558,0.6558,-0.2037,0.0000,0.1220
11.993,0.0000,0.0000,-0.0610,-7.1165,0.6555,0.6555,-0.2037,0.0000,0.1220
11.997,0.0000,0.0000,-0.0610,-7.1085,0.6549,0.6549,-0.2037,0.0000,0.1220
12.001,0.0000,0.0000,-0.0610,-7.1026,0.6541,0.6541,-0.2479,0.0000,0.1220
12.005,0.0000,0.0000,-0.0610,-7.0902,0.6533,0.6533,-0.2479,0.0000,0.1220
12.008,0.0000,0.0000,-0.0610,-7.0778,0.6521,0.6521,-0.2479,0.0000,0.1220
12.012,0.0000,0.0000,-0.0611,-7.0637,0.6510,0.6510,-0.2479,0.0000,0.1220
12.015,0.0000,0.0000,-0.0611,-7.0495,0.6498,0.6498,-0.2479,0.0000,0.1220
12.018,0.0000,0.0000,-0.0611,-7.0388,0.6485,0.6485,-0.2937,0.0000,0.1220
12.024,0.0000,0.0000,-0.0611,-7.0110,0.6472,0.6472,-0.2937,0.0000,0.1220
12.039,0.0000,0.0000,-0.0611,-6.9178,0.6447,0.6447,-0.3406,0.0000,0.1220
12.047,0.0000,0.0000,-0.0611,-6.8598,0.6359,0.6359,-0.3406,0.0000,0.1220
12.056,0.0000,0.0000,-0.0611,-6.7947,0.6307,0.6307,-0.3406,0.0000,0.1220
12.068,0.0000,0.0000,-0.0611,-6.6961,0.6248,0.6248,-0.3879,0.0000,0.1220
12.075,0.0000,0.0000,-0.0612,-6.6358,0.6156,0.6156,-0.3879,0.0000,0.1220
12.081,0.0000,0.0000,-0.0612,-6.5894,0.6102,0.6102,-0.4351,0.0000,0.1220
12.086,0.0000,0.0000,-0.0612,-6.5528,0.6057,0.6057,-0.4351,0.0000,0.1220
12.090,0.0000,0.0000,-0.0612,-6.5147,0.6024,0.6024,-0.4351,0.0000,0.1220
12.095,0.0000,0.0000,-0.0612,-6.4743,0.5990,0.5990,-0.4351,0.0000,0.1220
12.099,0.0000,0.0000,-0.0612,-6.4423,0.5953,0.5953,-0.4815,0.0000,0.1220
12.103,0.0000,0.0000,-0.0612,-6.4070,0.5921,0.5921,-0.4815,0.0000,0.1220
12.107,0.0000,0.0000,-0.0612,-6.3730,0.5890,0.5890,-0.4815,0.0000,0.1220
12.111,0.0000,0.0000,-0.0612,-6.3376,0.5859,0.5859,-0.4815,0.0000,0.1220
12.115,0.0000,0.0000,-0.0612,-6.3015,0.5827,0.5827,-0.4815,0.0000,0.1220
12.121,0.0000,0.0000,-0.0612,-6.2437,0.5795,0.5795,-0.5383,0.0000,0.1220
12.126,0.0000,0.0000,-0.0613,-6.2025,0.5739,0.5739,-0.5383,0.0000,0.1220
12.130,0.0000,0.0000,-0.0613,-6.1669,0.5702,0.5702,-0.5383,0.0000,0.1220
12.134,0.0000,0.0000,-0.0613,-6.1220,0.5670,0.5670,-0.5383,0.0000,0.1220
12.143,0.0000,0.0000,-0.0613,-6.0479,0.5630,0.5630,-0.6147,0.0000,0.1220
12.150,0.0000,0.0000,-0.0613,-5.9775,0.5559,0.5559,-0.6147,0.0000,0.1220
12.154,0.0000,0.0000,-0.0613,-5.9395,0.5496,0.5496,-0.6147,0.0000,0.1220
12.161,0.0000,0.0000,-0.0613,-5.8784,0.5462,0.5462,-0.6954,0.0000,0.1220
12.165,0.0000,0.0000,-0.0613,-5.8384,0.5403,0.5403,-0.6954,0.0000,0.1220
12.170,0.0000,0.0000,-0.0613,-5.7977,0.5367,0.5367,-0.6954,0.0000,0.1220
12.178,0.0000,0.0000,-0.0613,-5.7243,0.5330,0.5330,-0.6954,0.0000,0.1220
12.185,0.0000,0.0000,-0.0613,-5.6586,0.5264,0.5264,-0.7907,0.0000,0.1220
12.193,0.0000,0.0000,-0.0613,-5.5873,0.5201,0.5201,-0.7907,0.0000,0.1220
12.197,0.0000,0.0000,-0.0614,-5.5526,0.5137,0.5137,-0.7907,0.0000,0.1220
12.201,0.0000,0.0000,-0.0614,-5.5179,0.5106,0.5106,-0.8805,0.0000,0.1220
12.210,0.0000,0.0000,-0.0614,-5.4363,0.5071,0.5071,-0.8805,0.0000,0.1220
12.221,0.0000,0.0000,-0.0614,-5.3471,0.4998,0.4998,-0.9631,0.0000,0.1220
12.232,0.0000,0.0000,-0.0614,-5.2496,0.4914,0.4914,-0.9631,0.0000,0.1220
12.239,0.0000,0.0000,-0.0614,-5.1935,0.4827,0.4827,-1.0383,0.0000,0.1220
12.245,0.0000,0.0000,-0.0614,-5.1393,0.4773,0.4773,-1.0383,0.0000,0.1220
12.254,0.0000,0.0000,-0.0614,-5.0709,0.4724,0.4724,-1.0383,0.0000,0.1220
12.258,0.0000,0.0000,-0.0614,-5.0340,0.4663,0.4663,-1.0383,0.0000,0.1220
12.263,0.0000,0.0000,-0.0614,-5.0034,0.4630,0.4630,-1.1207,0.0000,0.1220
12.268,0.0000,0.0000,-0.0615,-4.9623,0.4599,0.4599,-1.1207,0.0000,0.1220
12.272,0.0000,0.0000,-0.0615,-4.9341,0.4562,0.4562,-1.1207,0.0000,0.1220
12.277,0.0000,0.0000,-0.0615,-4.8953,0.4537,0.4537,-1.1207,0.0000,0.1220
12.282,0.0000,0.0000,-0.0615,-4.8602,0.4502,0.4502,-1.1928,0.0000,0.1220
12.286,0.0000,0.0000,-0.0615,-4.8279,0.4468,0.4468,-1.1928,0.0000,0.1220
12.291,0.0000,0.0000,-0.0615,-4.7968,0.4439,0.4439,-1.1928,0.0000,0.1220
12.297,0.0000,0.0000,-0.0615,-4.7536,0.4411,0.4411,-1.1928,0.0000,0.1220
12.300,0.0000,0.0000,-0.0615,-4.7298,0.4372,0.4372,-1.2793,0.0000,0.1220
12.305,0.0000,0.0000,-0.0615,-4.6958,0.4348,0.4348,-1.2793,0.0000,0.1220
12.310,0.0000,0.0000,-0.0615,-4.6614,0.4317,0.4317,-1.2793,0.0000,0.1220
12.315,0.0000,0.0000,-0.0615,-4.6316,0.4286,0.4286,-1.2793,0.0000,0.1220
12.319,0.0000,0.0000,-0.0615,-4.6089,0.4259,0.4259,-1.3569,0.0000,0.1220
12.324,0.0000,0.0000,-0.0615,-4.5758,0.4237,0.4237,-1.3569,0.0000,0.1220
12.330,0.0000,0.0000,-0.0615,-4.5383,0.4207,0.4207,-1.3569,0.0000,0.1220
12.334,0.0000,0.0000,-0.0615,-4.5111,0.4173,0.4173,-1.3569,0.0000,0.1220
12.338,0.0000,0.0000,-0.0615,-4.4845,0.4149,0.4149,-1.3569,0.0000,0.1220
12.343,0.0000,0.0000,-0.0615,-4.4591,0.4125,0.4125,-1.4238,0.0000,0.1220
12.349,0.0000,0.0000,-0.0615,-4.4204,0.4100,0.4100,-1.4238,0.0000,0.1220
12.358,0.0000,0.0000,-0.0616,-4.3673,0.4065,0.4065,-1.4238,0.0000,0.1220
12.363,0.0000,0.0000,-0.0616,-4.3435,0.4017,0.4017,-1.5131,0.0000,0.1220
12.373,0.0000,0.0000,-0.0616,-4.2869,0.3993,0.3993,-1.5131,0.0000,0.1220
12.380,0.0000,0.0000,-0.0616,-4.2527,0.3942,0.3942,-1.5921,0.0000,0.1220
12.384,0.0000,0.0000,-0.0616,-4.2304,0.3910,0.3910,-1.5921,0.0000,0.1220
12.389,0.0000,0.0000,-0.0616,-4.2096,0.3889,0.3889,-1.5921,0.0000,0.1220
12.393,0.0000,0.0000,-0.0616,-4.1887,0.3871,0.3871,-1.5921,0.0000,0.1220
12.397,0.0000,0.0000,-0.0616,-4.1666,0.3852,0.3852,-1.5921,0.0000,0.1220
12.401,0.0000,0.0000,-0.0616,-4.1512,0.3832,0.3832,-1.6583,0.0000,0.1220
12.406,0.0000,0.0000,-0.0616,-4.1294,0.3817,0.3817,-1.6583,0.0000,0.1220
12.410,0.0000,0.0000,-0.0616,-4.1079,0.3797,0.3797,-1.6583,0.0000,0.1220
12.414,0.0000,0.0000,-0.0616,-4.0915,0.3778,0.3778,-1.6583,0.0000,0.1220
12.420,0.0000,0.0000,-0.0616,-4.0697,0.3763,0.3763,-1.7116,0.0000,0.1220
12.424,0.0000,0.0000,-0.0616,-4.0518,0.3742,0.3742,-1.7116,0.0000,0.1220
12.429,0.0000,0.0000,-0.0616,-4.0319,0.3726,0.3726,-1.7116,0.0000,0.1220
12.432,0.0000,0.0000,-0.0616,-4.0166,0.3708,0.3708,-1.7116,0.0000,0.1220
12.437,0.0000,0.0000,-0.0616,-3.9986,0.3694,0.3694,-1.7116,0.0000,0.1220
12.441,0.0000,0.0000,-0.0616,-3.9845,0.3678,0.3678,-1.7518,0.0000,0.1220
12.448,0.0000,0.0000,-0.0616,-3.9584,0.3665,0.3665,-1.7518,0.0000,0.1220
12.453,0.0000,0.0000,-0.0617,-3.9423,0.3641,0.3641,-1.7518,0.0000,0.1220
12.456,0.0000,0.0000,-0.0617,-3.9290,0.3627,0.3627,-1.7518,0.0000,0.1220
12.463,0.0000,0.0000,-0.0617,-3.9078,0.3615,0.3615,-1.7792,0.0000,0.1220
12.472,0.0000,0.0000,-0.0617,-3.8789,0.3595,0.3595,-1.7792,0.0000,0.1220
12.478,0.0000,0.0000,-0.0617,-3.8598,0.3569,0.3569,-1.7792,0.0000,0.1220
12.484,0.0000,0.0000,-0.0617,-3.8458,0.3552,0.3552,-1.8239,0.0000,0.1220
12.488,0.0000,0.0000,-0.0617,-3.8340,0.3539,0.3539,-1.8239,0.0000,0.1220
12.493,0.0000,0.0000,-0.0617,-3.8215,0.3528,0.3528,-1.8239,0.0000,0.1220
12.498,0.0000,0.0000,-0.0617,-3.8075,0.3517,0.3517,-1.8239,0.0000,0.1220
12.502,0.0000,0.0000,-0.0617,-3.7990,0.3504,0.3504,-1.8568,0.0000,0.1220
12.508,0.0000,0.0000,-0.0617,-3.7862,0.3496,0.3496,-1.8568,0.0000,0.1220
12.513,0.0000,0.0000,-0.0617,-3.7750,0.3484,0.3484,-1.8568,0.0000,0.1220
12.524,0.0000,0.0000,-0.0617,-3.7541,0.3474,0.3474,-1.8798,0.0000,0.1220
12.532,0.0000,0.0000,-0.0617,-3.7400,0.3455,0.3455,-1.8798,0.0000,0.1220
12.536,0.0000,0.0000,-0.0617,-3.7339,0.3443,0.3443,-1.8798,0.0000,0.1220
12.540,0.0000,0.0000,-0.0617,-3.7273,0.3437,0.3437,-1.9038,0.0000,0.1220
12.547,0.0000,0.0000,-0.0617,-3.7183,0.3431,0.3431,-1.9038,0.0000,0.1220
12.551,0.0000,0.0000,-0.0617,-3.7128,0.3423,0.3423,-1.9038,0.0000,0.1220
12.555,0.0000,0.0000,-0.0617,-3.7087,0.3418,0.3418,-1.9038,0.0000,0.1220
12.560,0.0000,0.0000,-0.0617,-3.7033,0.3414,0.3414,-1.9139,0.0000,0.1220
12.565,0.0000,0.0000,-0.0617,-3.6987,0.3409,0.3409,-1.9139,0.0000,0.1220
12.568,0.0000,0.0000,-0.0618,-3.6955,0.3405,0.3405,-1.9139,0.0000,0.1220
12.575,0.0000,0.0000,-0.0618,-3.6911,0.3402,0.3402,-1.9139,0.0000,0.1220
12.586,0.0000,0.0000,-0.0618,-3.6855,0.3398,0.3398,-1.9086,0.0000,0.1220
12.592,0.0000,0.0000,-0.0618,-3.6838,0.3394,0.3394,-1.9086,0.0000,0.1220
12.599,0.0000,0.0000,-0.0618,-3.6822,0.3392,0.3392,-1.8878,0.0000,0.1220
12.605,0.0000,0.0000,-0.0618,-3.6825,0.3392,0.3392,-1.8878,0.0000,0.1220
12.609,0.0000,0.0000,-0.0618,-3.6833,0.3392,0.3392,-1.8878,0.0000,0.1220
12.614,0.0000,0.0000,-0.0618,-3.6844,0.3393,0.3393,-1.8878,0.0000,0.1220
12.618,0.0000,0.0000,-0.0618,-3.6862,0.3394,0.3394,-1.8878,0.0000,0.1220
12.622,0.0000,0.0000,-0.0618,-3.6871,0.3395,0.3395,-1.8618,0.0000,0.1220
12.628,0.0000,0.0000,-0.0618,-3.6909,0.3397,0.3397,-1.8618,0.0000,0.1220
12.632,0.0000,0.0000,-0.0618,-3.6938,0.3400,0.3400,-1.8618,0.0000,0.1220
12.636,0.0000,0.0000,-0.0618,-3.6978,0.3403,0.3403,-1.8618,0.0000,0.1220
12.640,0.0000,0.0000,-0.0618,-3.6999,0.3407,0.3407,-1.8033,0.0000,0.1220
12.646,0.0000,0.0000,-0.0618,-3.7064,0.3410,0.3410,-1.8033,0.0000,0.1220
12.650,0.0000,0.0000,-0.0618,-3.7118,0.3416,0.3416,-1.8033,0.0000,0.1220
12.654,0.0000,0.0000,-0.0618,-3.7169,0.3421,0.3421,-1.8033,0.0000,0.1220
12.658,0.0000,0.0000,-0.0618,-3.7229,0.3426,0.3426,-1.8033,0.0000,0.1220
12.663,0.0000,0.0000,-0.0618,-3.7282,0.3431,0.3431,-1.7458,0.0000,0.1220
12.667,0.0000,0.0000,-0.0618,-3.7362,0.3438,0.3438,-1.7458,0.0000,0.1220
12.678,0.0000,0.0000,-0.0618,-3.7598,0.3445,0.3445,-1.7458,0.0000,0.1220
12.688,0.0000,0.0000,-0.0618,-3.7820,0.3466,0.3466,-1.6765,0.0000,0.1220
12.693,0.0000,0.0000,-0.0618,-3.7950,0.3488,0.3488,-1.6765,0.0000,0.1220
12.697,0.0000,0.0000,-0.0618,-3.8054,0.3500,0.3500,-1.6765,0.0000,0.1220
12.701,0.0000,0.0000,-0.0618,-3.8142,0.3510,0.3510,-1.5941,0.0000,0.1220
12.706,0.0000,0.0000,-0.0618,-3.8273,0.3520,0.3520,-1.5941,0.0000,0.1220
12.710,0.0000,0.0000,-0.0619,-3.8409,0.3532,0.3532,-1.5941,0.0000,0.1220
12.714,0.0000,0.0000,-0.0619,-3.8531,0.3544,0.3544,-1.5941,0.0000,0.1220
12.719,0.0000,0.0000,-0.0619,-3.8663,0.3555,0.3555,-1.5182,0.0000,0.1220
12.723,0.0000,0.0000,-0.0619,-3.8817,0.3570,0.3570,-1.5182,0.0000,0.1220
12.728,0.0000,0.0000,-0.0619,-3.9008,0.3584,0.3584,-1.5182,0.0000,0.1220
12.733,0.0000,0.0000,-0.0619,-3.9189,0.3601,0.3601,-1.5182,0.0000,0.1220
12.736,0.0000,0.0000,-0.0619,-3.9344,0.3617,0.3617,-1.5182,0.0000,0.1220
12.740,0.0000,0.0000,-0.0619,-3.9477,0.3631,0.3631,-1.4313,0.0000,0.1220
12.745,0.0000,0.0000,-0.0619,-3.9698,0.3646,0.3646,-1.4313,0.0000,0.1220
12.750,0.0000,0.0000,-0.0619,-3.9911,0.3666,0.3666,-1.4313,0.0000,0.1220
12.754,0.0000,0.0000,-0.0619,-4.0092,0.3685,0.3685,-1.4313,0.0000,0.1220
12.759,0.0000,0.0000,-0.0619,-4.0296,0.3702,0.3702,-1.3319,0.0000,0.1220
12.764,0.0000,0.0000,-0.0619,-4.0558,0.3724,0.3724,-1.3319,0.0000,0.1220
12.768,0.0000,0.0000,-0.0619,-4.0788,0.3748,0.3748,-1.3319,0.0000,0.1220
12.772,0.0000,0.0000,-0.0619,-4.0995,0.3768,0.3768,-1.3319,0.0000,0.1220
12.776,0.0000,0.0000,-0.0619,-4.1247,0.3787,0.3787,-1.3319,0.0000,0.1220
12.782,0.0000,0.0000,-0.0619,-4.1544,0.3810,0.3810,-1.2204,0.0000,0.1220
12.791,0.0000,0.0000,-0.0619,-4.2145,0.3841,0.3841,-1.2204,0.0000,0.1220
12.795,0.0000,0.0000,-0.0619,-4.2428,0.3895,0.3895,-1.2204,0.0000,0.1220
12.799,0.0000,0.0000,-0.0619,-4.2667,0.3920,0.3920,-1.0976,0.0000,0.1220
12.803,0.0000,0.0000,-0.0619,-4.2973,0.3947,0.3947,-1.0976,0.0000,0.1220
12.808,0.0000,0.0000,-0.0619,-4.3293,0.3974,0.3974,-1.0976,0.0000,0.1220
12.812,0.0000,0.0000,-0.0619,-4.3653,0.4003,0.4003,-1.0976,0.0000,0.1220
12.816,0.0000,0.0000,-0.0619,-4.3940,0.4035,0.4035,-1.0976,0.0000,0.1220
12.820,0.0000,0.0000,-0.0619,-4.4192,0.4061,0.4061,-0.9638,0.0000,0.1220
12.830,0.0000,0.0000,-0.0619,-4.5136,0.4089,0.4089,-0.9638,0.0000,0.1220
12.836,0.0000,0.0000,-0.0619,-4.5670,0.4174,0.4174,-0.9638,0.0000,0.1220
12.844,0.0000,0.0000,-0.0619,-4.6210,0.4222,0.4222,-0.8201,0.0000,0.1220
12.852,0.0000,0.0000,-0.0619,-4.6823,0.4277,0.4277,-0.8201,0.0000,0.1220
12.858,0.0000,0.0000,-0.0619,-4.7291,0.4332,0.4332,-0.8201,0.0000,0.1220
12.862,0.0000,0.0000,-0.0619,-4.7466,0.4374,0.4374,-0.6900,0.0000,0.1220
12.866,0.0000,0.0000,-0.0619,-4.7696,0.4395,0.4395,-0.6900,0.0000,0.1220
12.869,0.0000,0.0000,-0.0619,-4.7882,0.4416,0.4416,-0.6900,0.0000,0.1220
12.873,0.0000,0.0000,-0.0619,-4.8077,0.4433,0.4433,-0.6900,0.0000,0.1220
12.877,0.0000,0.0000,-0.0619,-4.8262,0.4450,0.4450,-0.6900,0.0000,0.1220
12.881,0.0000,0.0000,-0.0619,-4.8327,0.4467,0.4467,-0.5304,0.0000,0.1220
12.885,0.0000,0.0000,-0.0619,-4.8484,0.4479,0.4479,-0.5304,0.0000,0.1220
12.890,0.0000,0.0000,-0.0619,-4.8647,0.4494,0.4494,-0.5304,0.0000,0.1220
12.895,0.0000,0.0000,-0.0620,-4.8826,0.4508,0.4508,-0.5304,0.0000,0.1220
12.902,0.0000,0.0000,-0.0620,-4.8995,0.4524,0.4524,-0.3550,0.0000,0.1220
12.906,0.0000,0.0000,-0.0620,-4.9125,0.4547,0.4547,-0.3550,0.0000,0.1220
12.910,0.0000,0.0000,-0.0620,-4.9258,0.4559,0.4559,-0.3550,0.0000,0.1220
12.914,0.0000,0.0000,-0.0620,-4.9362,0.4571,0.4571,-0.3550,0.0000,0.1220
12.917,0.0000,0.0000,-0.0620,-4.9468,0.4580,0.4580,-0.3550,0.0000,0.1220
12.921,0.0000,0.0000,-0.0620,-4.9492,0.4590,0.4590,-0.1906,0.0000,0.1220
12.925,0.0000,0.0000,-0.0620,-4.9608,0.4599,0.4599,-0.1906,0.0000,0.1220
12.929,0.0000,0.0000,-0.0620,-4.9710,0.4609,0.4609,-0.1906,0.0000,0.1220
12.932,0.0000,0.0000,-0.0620,-4.9807,0.4618,0.4618,-0.1906,0.0000,0.1220
12.936,0.0000,0.0000,-0.0620,-4.9897,0.4627,0.4627,-0.1906,0.0000,0.1220
12.939,0.0000,0.0000,-0.0620,-4.9908,0.4635,0.4635,-0.0242,0.0000,0.1220
12.943,0.0000,0.0000,-0.0620,-5.0013,0.4643,0.4643,-0.0242,0.0000,0.1220
12.947,0.0000,0.0000,-0.0620,-5.0097,0.4652,0.4652,-0.0242,0.0000,0.1220
