Time,Input_Surge,Applied_Surge,Output_Surge,Input_Sway,Applied_Sway,Output_Sway,Input_Heave,Applied_Heave,Output_Heave
0.000,1.0596,1.0596,-0.0112,-9.6055,-9.6055,0.0000,0.8930,0.8930,0.6420
0.012,1.0596,1.0596,-0.0112,-9.6941,-9.6941,0.0000,0.8930,0.8930,0.6421
0.016,1.0596,1.0596,-0.0113,-9.7235,-9.7235,0.0000,0.8930,0.8930,0.6422
0.021,1.0556,1.0556,-0.0113,-9.7545,-9.7545,0.0000,0.9861,0.9861,0.6423
0.026,1.0556,1.0556,-0.0113,-9.7963,-9.7963,0.0000,0.9861,0.9861,0.6424
0.030,1.0556,1.0556,-0.0113,-9.8294,-9.8294,0.0000,0.9861,0.9861,0.6424
0.034,1.0556,1.0556,-0.0113,-9.8620,-9.8620,0.0000,0.9861,0.9861,0.6425
0.038,1.0608,1.0608,-0.0113,-9.9156,-9.9156,0.0000,0.8485,0.8485,0.6426
0.042,1.0608,1.0608,-0.0113,-9.9542,-9.9542,0.0000,0.8485,0.8485,0.6426
0.046,1.0608,1.0608,-0.0113,-9.9906,-9.9906,0.0000,0.8485,0.8485,0.6426
0.051,1.0608,1.0608,-0.0113,-10.0273,-10.0273,0.0000,0.8485,0.8485,0.6427
0.055,1.0608,1.0608,-0.0113,-10.0645,-10.0645,0.0000,0.8485,0.8485,0.6427
0.059,1.0624,1.0624,-0.0113,-10.1079,-10.1079,0.0000,0.8003,0.8003,0.6427
0.064,1.0624,1.0624,-0.0113,-10.1425,-10.1425,0.0000,0.8003,0.8003,0.6428
0.068,1.0624,1.0624,-0.0113,-10.1688,-10.1688,0.0000,0.8003,0.8003,0.6428
0.072,1.0624,1.0624,-0.0113,-10.1929,-10.1929,0.0000,0.8003,0.8003,0.6428
0.076,1.0624,1.0624,-0.0113,-10.2158,-10.2158,0.0000,0.8003,0.8003,0.6428
0.080,1.0642,1.0642,-0.0113,-10.2534,-10.2534,0.0000,0.7493,0.7493,0.6428
0.090,1.0642,1.0642,-0.0113,-10.2958,-10.2958,0.0000,0.7493,0.7493,0.6429
0.096,1.0642,1.0642,-0.0113,-10.3169,-10.3169,0.0000,0.7493,0.7493,0.6429
0.101,1.0661,1.0661,-0.0113,-10.3523,-10.3523,0.0000,0.6902,0.6902,0.6429
0.109,1.0661,1.0661,-0.0113,-10.3802,-10.3802,0.0000,0.6902,0.6902,0.6429
0.115,1.0661,1.0661,-0.0113,-10.3985,-10.3985,0.0000,0.6902,0.6902,0.6429
0.119,1.0645,1.0645,-0.0113,-10.4224,-10.4224,0.0000,0.7183,0.7183,0.6429
0.123,1.0645,1.0645,-0.0113,-10.4369,-10.4369,0.0000,0.7183,0.7183,0.6429
0.128,1.0645,1.0645,-0.0113,-10.4495,-10.4495,0.0000,0.7183,0.7183,0.6429
0.132,1.0645,1.0645,-0.0113,-10.4614,-10.4614,0.0000,0.7183,0.7183,0.6429
0.135,1.0645,1.0645,-0.0113,-10.4718,-10.4718,0.0000,0.7183,0.7183,0.6429
0.139,1.0667,1.0667,-0.0113,-10.4990,-10.4990,0.0000,0.6481,0.6481,0.6429
0.145,1.0667,1.0667,-0.0113,-10.5149,-10.5149,0.0000,0.6481,0.6481,0.6429
0.149,1.0667,1.0667,-0.0113,-10.5250,-10.5250,0.0000,0.6481,0.6481,0.6429
0.154,1.0667,1.0667,-0.0113,-10.5357,-10.5357,0.0000,0.6481,0.6481,0.6429
0.158,1.0688,1.0688,-0.0113,-10.5619,-10.5619,0.0000,0.5761,0.5761,0.6429
0.162,1.0688,1.0688,-0.0113,-10.5727,-10.5727,0.0000,0.5761,0.5761,0.6428
0.166,1.0688,1.0688,-0.0113,-10.5812,-10.5812,0.0000,0.5761,0.5761,0.6428
0.170,1.0688,1.0688,-0.0113,-10.5891,-10.5891,0.0000,0.5761,0.5761,0.6428
0.174,1.0688,1.0688,-0.0113,-10.5970,-10.5970,0.0000,0.5761,0.5761,0.6428
0.179,1.0706,1.0706,-0.0114,-10.6229,-10.6229,0.0000,0.5019,0.5019,0.6428
0.184,1.0706,1.0706,-0.0114,-10.6319,-10.6319,0.0000,0.5019,0.5019,0.6427
0.188,1.0706,1.0706,-0.0114,-10.6386,-10.6386,0.0000,0.5019,0.5019,0.6427
0.192,1.0706,1.0706,-0.0114,-10.6454,-10.6454,0.0000,0.5019,0.5019,0.6426
0.196,1.0706,1.0706,-0.0114,-10.6523,-10.6523,0.0000,0.5019,0.5019,0.6426
0.200,1.0714,1.0714,-0.0114,-10.6729,-10.6729,0.0000,0.4495,0.4495,0.6425
0.206,1.0714,1.0714,-0.0114,-10.6809,-10.6809,0.0000,0.4495,0.4495,0.6425
0.215,1.0714,1.0714,-0.0114,-10.6921,-10.6921,0.0000,0.4495,0.4495,0.6424
0.220,1.0726,1.0726,-0.0114,-10.7114,-10.7114,0.0000,0.3798,0.3798,0.6423
0.225,1.0726,1.0726,-0.0114,-10.7163,-10.7163,0.0000,0.3798,0.3798,0.6423
0.230,1.0726,1.0726,-0.0114,-10.7205,-10.7205,0.0000,0.3798,0.3798,0.6422
0.234,1.0726,1.0726,-0.0114,-10.7237,-10.7237,0.0000,0.3798,0.3798,0.6421
0.242,1.0736,1.0736,-0.0114,-10.7425,-10.7425,0.0000,0.3060,0.3060,0.6420
0.248,1.0736,1.0736,-0.0114,-10.7458,-10.7458,0.0000,0.3060,0.3060,0.6419
0.252,1.0736,1.0736,-0.0114,-10.7475,-10.7475,0.0000,0.3060,0.3060,0.6418
0.256,1.0736,1.0736,-0.0114,-10.7488,-10.7488,0.0000,0.3060,0.3060,0.6417
0.260,1.0743,1.0743,-0.0114,-10.7627,-10.7627,0.0000,0.2316,0.2316,0.6416
0.265,1.0743,1.0743,-0.0114,-10.7635,-10.7635,0.0000,0.2316,0.2316,0.6416
0.269,1.0743,1.0743,-0.0114,-10.7638,-10.7638,0.0000,0.2316,0.2316,0.6415
0.273,1.0743,1.0743,-0.0114,-10.7639,-10.7639,0.0000,0.2316,0.2316,0.6414
0.278,1.0718,1.0718,-0.0114,-10.7719,-10.7719,0.0000,0.2625,0.2625,0.6413
0.283,1.0718,1.0718,-0.0114,-10.7711,-10.7711,0.0000,0.2625,0.2625,0.6412
0.287,1.0718,1.0718,-0.0114,-10.7700,-10.7700,0.0000,0.2625,0.2625,0.6411
0.292,1.0718,1.0718,-0.0114,-10.7683,-10.7683,0.0000,0.2625,0.2625,0.6410
0.296,1.0718,1.0718,-0.0114,-10.7661,-10.7661,0.0000,0.2625,0.2625,0.6409
0.300,1.0694,1.0694,-0.0114,-10.7714,-10.7714,0.0000,0.2928,0.2928,0.6408
0.305,1.0694,1.0694,-0.0114,-10.7687,-10.7687,0.0000,0.2928,0.2928,0.6407
0.309,1.0694,1.0694,-0.0114,-10.7658,-10.7658,0.0000,0.2928,0.2928,0.6407
0.314,1.0694,1.0694,-0.0114,-10.7618,-10.7618,0.0000,0.2928,0.2928,0.6406
0.320,1.0667,1.0667,-0.0114,-10.7622,-10.7622,0.0000,0.3329,0.3329,0.6405
0.329,1.0667,1.0667,-0.0114,-10.7528,-10.7528,0.0000,0.3329,0.3329,0.6404
0.333,1.0667,1.0667,-0.0114,-10.7485,-10.7485,0.0000,0.3329,0.3329,0.6403
0.336,1.0667,1.0667,-0.0114,-10.7440,-10.7440,0.0000,0.3329,0.3329,0.6402
0.340,1.0645,1.0645,-0.0114,-10.7439,-10.7439,0.0000,0.3528,0.3528,0.6402
0.345,1.0645,1.0645,-0.0114,-10.7375,-10.7375,0.0000,0.3528,0.3528,0.6401
0.349,1.0645,1.0645,-0.0114,-10.7321,-10.7321,0.0000,0.3528,0.3528,0.6400
0.353,1.0645,1.0645,-0.0114,-10.7267,-10.7267,0.0000,0.3528,0.3528,0.6400
0.356,1.0645,1.0645,-0.0114,-10.7208,-10.7208,0.0000,0.3528,0.3528,0.6399
0.361,1.0642,1.0642,-0.0114,-10.7201,-10.7201,0.0000,0.2980,0.2980,0.6399
0.365,1.0642,1.0642,-0.0114,-10.7123,-10.7123,0.0000,0.2980,0.2980,0.6398
0.369,1.0642,1.0642,-0.0114,-10.7058,-10.7058,0.0000,0.2980,0.2980,0.6397
0.373,1.0642,1.0642,-0.0114,-10.6992,-10.6992,0.0000,0.2980,0.2980,0.6397
0.377,1.0642,1.0642,-0.0114,-10.6911,-10.6911,0.0000,0.2980,0.2980,0.6396
0.382,1.0625,1.0625,-0.0114,-10.6845,-10.6845,0.0000,0.2890,0.2890,0.6395
0.387,1.0625,1.0625,-0.0114,-10.6741,-10.6741,0.0000,0.2890,0.2890,0.6395
0.395,1.0625,1.0625,-0.0114,-10.6555,-10.6555,0.0000,0.2890,0.2890,0.6394
0.401,1.0609,1.0609,-0.0114,-10.6437,-10.6437,0.0000,0.2657,0.2657,0.6392
0.406,1.0609,1.0609,-0.0114,-10.6323,-10.6323,0.0000,0.2657,0.2657,0.6392
0.410,1.0609,1.0609,-0.0114,-10.6220,-10.6220,0.0000,0.2657,0.2657,0.6391
0.414,1.0609,1.0609,-0.0114,-10.6112,-10.6112,0.0000,0.2657,0.2657,0.6390
0.418,1.0591,1.0591,-0.0114,-10.6009,-10.6009,0.0000,0.2374,0.2374,0.6389
0.422,1.0591,1.0591,-0.0114,-10.5898,-10.5898,0.0000,0.2374,0.2374,0.6388
0.426,1.0591,1.0591,-0.0114,-10.5794,-10.5794,0.0000,0.2374,0.2374,0.6388
0.432,1.0591,1.0591,-0.0114,-10.5632,-10.5632,0.0000,0.2374,0.2374,0.6387
0.440,1.0571,1.0571,-0.0114,-10.5382,-10.5382,0.0000,0.2060,0.2060,0.6386
0.446,1.0571,1.0571,-0.0114,-10.5208,-10.5208,0.0000,0.2060,0.2060,0.6384
0.450,1.0571,1.0571,-0.0114,-10.5088,-10.5088,0.0000,0.2060,0.2060,0.6383
0.454,1.0571,1.0571,-0.0114,-10.4973,-10.4973,0.0000,0.2060,0.2060,0.6382
0.458,1.0547,1.0547,-0.0114,-10.4771,-10.4771,0.0000,0.1714,0.1714,0.6382
0.464,1.0547,1.0547,-0.0114,-10.4599,-10.4599,0.0000,0.1714,0.1714,0.6381
0.468,1.0547,1.0547,-0.0115,-10.4478,-10.4478,0.0000,0.1714,0.1714,0.6379
0.472,1.0547,1.0547,-0.0115,-10.4355,-10.4355,0.0000,0.1714,0.1714,0.6379
0.476,1.0547,1.0547,-0.0115,-10.4220,-10.4220,0.0000,0.1714,0.1714,0.6378
0.481,1.0517,1.0517,-0.0115,-10.3979,-10.3979,0.0000,0.1423,0.1423,0.6377
0.485,1.0517,1.0517,-0.0115,-10.3822,-10.3822,0.0000,0.1423,0.1423,0.6376
0.490,1.0517,1.0517,-0.0115,-10.3664,-10.3664,0.0000,0.1423,0.1423,0.6375
0.495,1.0517,1.0517,-0.0115,-10.3499,-10.3499,0.0000,0.1423,0.1423,0.6374
0.499,1.0480,1.0480,-0.0115,-10.3242,-10.3242,0.0000,0.1174,0.1174,0.6373
0.503,1.0480,1.0480,-0.0115,-10.3082,-10.3082,0.0000,0.1174,0.1174,0.6372
0.507,1.0480,1.0480,-0.0115,-10.2941,-10.2941,0.0000,0.1174,0.1174,0.6371
0.511,1.0480,1.0480,-0.0115,-10.2792,-10.2792,0.0000,0.1174,0.1174,0.6370
0.515,1.0480,1.0480,-0.0115,-10.2652,-10.2652,0.0000,0.1174,0.1174,0.6369
0.519,1.0443,1.0443,-0.0115,-10.2384,-10.2384,0.0000,0.0721,0.0721,0.6368
0.523,1.0443,1.0443,-0.0115,-10.2211,-10.2211,0.0000,0.0721,0.0721,0.6367
0.528,1.0443,1.0443,-0.0115,-10.2048,-10.2048,0.0000,0.0721,0.0721,0.6366
0.532,1.0443,1.0443,-0.0115,-10.1898,-10.1898,0.0000,0.0721,0.0721,0.6365
0.537,1.0443,1.0443,-0.0115,-10.1702,-10.1702,0.0000,0.0721,0.0721,0.6364
0.546,1.0404,1.0404,-0.0115,-10.1168,-10.1168,0.0000,0.0123,0.0123,0.6363
0.552,1.0404,1.0404,-0.0115,-10.0907,-10.0907,0.0000,0.0123,0.0123,0.6360
0.557,1.0404,1.0404,-0.0116,-10.0737,-10.0737,0.0000,0.0123,0.0123,0.6359
0.561,1.0356,1.0356,-0.0116,-10.0349,-10.0349,0.0000,-0.0490,-0.0490,0.6358
0.566,1.0356,1.0356,-0.0116,-10.0164,-10.0164,0.0000,-0.0490,-0.0490,0.6356
0.570,1.0356,1.0356,-0.0116,-9.9991,-9.9991,0.0000,-0.0490,-0.0490,0.6355
0.575,1.0356,1.0356,-0.0116,-9.9811,-9.9811,0.0000,-0.0490,-0.0490,0.6354
0.579,1.0300,1.0300,-0.0116,-9.9395,-9.9395,0.0000,-0.1100,-0.1100,0.6353
0.583,1.0300,1.0300,-0.0116,-9.9208,-9.9208,0.0000,-0.1100,-0.1100,0.6351
0.588,1.0300,1.0300,-0.0116,-9.9017,-9.9017,0.0000,-0.1100,-0.1100,0.6350
0.593,1.0300,1.0300,-0.0116,-9.8819,-9.8819,0.0000,-0.1100,-0.1100,0.6348
0.597,1.0300,1.0300,-0.0116,-9.8621,-9.8621,0.0000,-0.1100,-0.1100,0.6347
0.601,1.0235,1.0235,-0.0116,-9.8180,-9.8180,0.0000,-0.1730,-0.1730,0.6346
0.606,1.0235,1.0235,-0.0116,-9.7979,-9.7979,0.0000,-0.1730,-0.1730,0.6344
0.610,1.0235,1.0235,-0.0117,-9.7805,-9.7805,0.0000,-0.1730,-0.1730,0.6343
0.614,1.0235,1.0235,-0.0117,-9.7611,-9.7611,0.0000,-0.1730,-0.1730,0.6341
0.618,1.0159,1.0159,-0.0117,-9.7111,-9.7111,0.0000,-0.2344,-0.2344,0.6340
0.622,1.0159,1.0159,-0.0117,-9.6922,-9.6922,0.0000,-0.2344,-0.2344,0.6338
0.627,1.0159,1.0159,-0.0117,-9.6713,-9.6713,0.0000,-0.2344,-0.2344,0.6337
0.632,1.0159,1.0159,-0.0117,-9.6498,-9.6498,0.0000,-0.2344,-0.2344,0.6335
0.638,1.0072,1.0072,-0.0117,-9.5864,-9.5864,0.0000,-0.2930,-0.2930,0.6333
0.647,1.0072,1.0072,-0.0117,-9.5416,-9.5416,0.0000,-0.2930,-0.2930,0.6331
0.651,1.0072,1.0072,-0.0118,-9.5246,-9.5246,0.0000,-0.2930,-0.2930,0.6327
0.655,1.0072,1.0072,-0.0118,-9.5061,-9.5061,0.0000,-0.2930,-0.2930,0.6326
0.660,0.9974,0.9974,-0.0118,-9.4422,-9.4422,0.0000,-0.3471,-0.3471,0.6324
0.665,0.9974,0.9974,-0.0118,-9.4199,-9.4199,0.0000,-0.3471,-0.3471,0.6322
0.669,0.9974,0.9974,-0.0118,-9.4029,-9.4029,0.0000,-0.3471,-0.3471,0.6320
0.672,0.9974,0.9974,-0.0118,-9.3857,-9.3857,0.0000,-0.3471,-0.3471,0.6319
0.677,0.9974,0.9974,-0.0118,-9.3655,-9.3655,0.0000,-0.3471,-0.3471,0.6317
0.682,0.9865,0.9865,-0.0119,-9.2948,-9.2948,0.0000,-0.3988,-0.3988,0.6316
0.687,0.9865,0.9865,-0.0119,-9.2717,-9.2717,0.0000,-0.3988,-0.3988,0.6314
0.695,0.9865,0.9865,-0.0119,-9.2313,-9.2313,0.0000,-0.3988,-0.3988,0.6311
0.700,0.9744,0.9744,-0.0119,-9.1535,-9.1535,0.0000,-0.4468,-0.4468,0.6308
0.705,0.9744,0.9744,-0.0120,-9.1340,-9.1340,0.0000,-0.4468,-0.4468,0.6306
0.708,0.9744,0.9744,-0.0120,-9.1168,-9.1168,0.0000,-0.4468,-0.4468,0.6304
0.713,0.9744,0.9744,-0.0120,-9.0975,-9.0975,0.0000,-0.4468,-0.4468,0.6302
0.717,0.9744,0.9744,-0.0120,-9.0791,-9.0791,0.0000,-0.4468,-0.4468,0.6300
0.721,0.9618,0.9618,-0.0120,-9.0018,-9.0018,0.0000,-0.5118,-0.5118,0.6298
0.725,0.9618,0.9618,-0.0120,-8.9801,-8.9801,0.0000,-0.5118,-0.5118,0.6297
0.730,0.9618,0.9618,-0.0121,-8.9603,-8.9603,0.0000,-0.5118,-0.5118,0.6294
0.734,0.9618,0.9618,-0.0121,-8.9422,-8.9422,0.0000,-0.5118,-0.5118,0.6292
0.739,0.9481,0.9481,-0.0121,-8.8538,-8.8538,0.0000,-0.5747,-0.5747,0.6291
0.747,0.9481,0.9481,-0.0121,-8.8143,-8.8143,0.0000,-0.5747,-0.5747,0.6288
0.751,0.9481,0.9481,-0.0122,-8.7961,-8.7961,0.0000,-0.5747,-0.5747,0.6284
0.755,0.9481,0.9481,-0.0122,-8.7784,-8.7784,0.0000,-0.5747,-0.5747,0.6282
0.759,0.9332,0.9332,-0.0122,-8.6892,-8.6892,0.0000,-0.6308,-0.6308,0.6280
0.764,0.9332,0.9332,-0.0122,-8.6663,-8.6663,0.0000,-0.6308,-0.6308,0.6278
0.768,0.9332,0.9332,-0.0123,-8.6453,-8.6453,0.0000,-0.6308,-0.6308,0.6276
0.772,0.9332,0.9332,-0.0123,-8.6262,-8.6262,0.0000,-0.6308,-0.6308,0.6274
0.777,0.9332,0.9332,-0.0123,-8.6061,-8.6061,0.0000,-0.6308,-0.6308,0.6272
0.782,0.9172,0.9172,-0.0124,-8.5059,-8.5059,0.0000,-0.6794,-0.6794,0.6269
0.786,0.9172,0.9172,-0.0124,-8.4857,-8.4857,0.0000,-0.6794,-0.6794,0.6267
0.790,0.9172,0.9172,-0.0124,-8.4687,-8.4687,0.0000,-0.6794,-0.6794,0.6265
0.794,0.9172,0.9172,-0.0124,-8.4499,-8.4499,0.0000,-0.6794,-0.6794,0.6263
0.799,0.8999,0.8999,-0.0125,-8.3435,-8.3435,0.0000,-0.7153,-0.7153,0.6261
0.804,0.8999,0.8999,-0.0125,-8.3214,-8.3214,0.0000,-0.7153,-0.7153,0.6258
0.808,0.8999,0.8999,-0.0125,-8.3039,-8.3039,0.0000,-0.7153,-0.7153,0.6256
0.812,0.8999,0.8999,-0.0126,-8.2829,-8.2829,0.0000,-0.7153,-0.7153,0.6254
0.817,0.8999,0.8999,-0.0126,-8.2620,-8.2620,0.0000,-0.7153,-0.7153,0.6251
0.821,0.8815,0.8815,-0.0126,-8.1519,-8.1519,0.0000,-0.7342,-0.7342,0.6249
0.825,0.8815,0.8815,-0.0127,-8.1319,-8.1319,0.0000,-0.7342,-0.7342,0.6247
0.830,0.8815,0.8815,-0.0127,-8.1105,-8.1105,0.0000,-0.7342,-0.7342,0.6244
0.835,0.8815,0.8815,-0.0127,-8.0877,-8.0877,0.0000,-0.7342,-0.7342,0.6242
0.839,0.8622,0.8622,-0.0128,-7.9721,-7.9721,0.0000,-0.7451,-0.7451,0.6239
0.851,0.8622,0.8622,-0.0128,-7.9198,-7.9198,0.0000,-0.7451,-0.7451,0.6237
0.860,0.8422,0.8422,-0.0129,-7.7754,-7.7754,0.0000,-0.7487,-0.7487,0.6231
0.865,0.8422,0.8422,-0.0130,-7.7534,-7.7534,0.0000,-0.7487,-0.7487,0.6227
0.869,0.8422,0.8422,-0.0131,-7.7365,-7.7365,0.0000,-0.7487,-0.7487,0.6224
0.872,0.8422,0.8422,-0.0131,-7.7203,-7.7203,0.0000,-0.7487,-0.7487,0.6222
0.877,0.8422,0.8422,-0.0131,-7.7088,-7.7088,0.0000,-0.7487,-0.7487,0.6220
0.881,0.8214,0.8214,-0.0132,-7.5981,-7.5981,0.0000,-0.7456,-0.7456,0.6218
0.886,0.8214,0.8214,-0.0132,-7.6089,-7.6089,0.0000,-0.7456,-0.7456,0.6216
0.889,0.8214,0.8214,-0.0133,-7.6252,-7.6252,0.0000,-0.7456,-0.7456,0.6214
0.894,0.8214,0.8214,-0.0133,-7.6576,-7.6576,0.0000,-0.7456,-0.7456,0.6212
0.899,0.8002,0.8002,-0.0134,-7.5839,-7.5839,0.0000,-0.7368,-0.7368,0.6210
0.903,0.8002,0.8002,-0.0134,-7.6360,-7.6360,0.0000,-0.7368,-0.7368,0.6207
0.907,0.8002,0.8002,-0.0135,-7.6854,-7.6854,0.0000,-0.7368,-0.7368,0.6205
0.912,0.8002,0.8002,-0.0135,-7.7683,-7.7683,0.0000,-0.7368,-0.7368,0.6203
0.917,0.8002,0.8002,-0.0136,-7.8474,-7.8474,0.0000,-0.7368,-0.7368,0.6201
0.921,0.7786,0.7786,-0.0136,-7.7962,-7.7962,0.0000,-0.7232,-0.7232,0.6199
0.926,0.7786,0.7786,-0.0137,-7.8895,-7.8895,0.0000,-0.7232,-0.7232,0.6197
0.931,0.7786,0.7786,-0.0137,-7.9811,-7.9811,0.0000,-0.7232,-0.7232,0.6195
0.936,0.7786,0.7786,-0.0138,-8.0608,-8.0608,0.0000,-0.7232,-0.7232,0.6192
0.940,0.7568,0.7568,-0.0139,-8.0019,-8.0019,0.0000,-0.7179,-0.7179,0.6190
0.946,0.7568,0.7568,-0.0139,-8.0768,-8.0768,0.0000,-0.7179,-0.7179,0.6188
0.950,0.7568,0.7568,-0.0140,-8.1266,-8.1266,0.0000,-0.7179,-0.7179,0.6186
0.954,0.7568,0.7568,-0.0140,-8.1714,-8.1714,0.0000,-0.7179,-0.7179,0.6184
0.959,0.7350,0.7350,-0.0141,-8.0946,-8.0946,0.0000,-0.7087,-0.7087,0.6182
0.968,0.7350,0.7350,-0.0142,-8.1755,-8.1755,0.0000,-0.7087,-0.7087,0.6180
0.972,0.7350,0.7350,-0.0143,-8.2090,-8.2090,0.0000,-0.7087,-0.7087,0.6176
0.977,0.7350,0.7350,-0.0144,-8.2434,-8.2434,0.0000,-0.7087,-0.7087,0.6174
0.982,0.7130,0.7130,-0.0144,-8.1330,-8.1330,0.0000,-0.6925,-0.6925,0.6172
0.988,0.7130,0.7130,-0.0145,-8.1636,-8.1636,0.0000,-0.6925,-0.6925,0.6170
0.993,0.7130,0.7130,-0.0146,-8.1882,-8.1882,0.0000,-0.6925,-0.6925,0.6167
1.002,0.6909,0.6909,-0.0147,-8.0693,-8.0693,0.0000,-0.6553,-0.6553,0.6165
1.008,0.6909,0.6909,-0.0148,-8.0845,-8.0845,0.0000,-0.6553,-0.6553,0.6162
1.013,0.6909,0.6909,-0.0149,-8.0919,-8.0919,0.0000,-0.6553,-0.6553,0.6159
1.017,0.6909,0.6909,-0.0150,-8.0962,-8.0962,0.0000,-0.6553,-0.6553,0.6157
1.022,0.6688,0.6688,-0.0150,-7.9487,-7.9487,0.0000,-0.5820,-0.5820,0.6156
1.027,0.6688,0.6688,-0.0151,-7.9484,-7.9484,0.0000,-0.5820,-0.5820,0.6154
1.031,0.6688,0.6688,-0.0152,-7.9466,-7.9466,0.0000,-0.5820,-0.5820,0.6152
1.036,0.6688,0.6688,-0.0153,-7.9430,-7.9430,0.0000,-0.5820,-0.5820,0.6151
1.040,0.6470,0.6470,-0.0153,-7.7826,-7.7826,0.0000,-0.4989,-0.4989,0.6149
1.046,0.6470,0.6470,-0.0154,-7.7728,-7.7728,0.0000,-0.4989,-0.4989,0.6148
1.050,0.6470,0.6470,-0.0155,-7.7649,-7.7649,0.0000,-0.4989,-0.4989,0.6146
1.054,0.6470,0.6470,-0.0156,-7.7545,-7.7545,0.0000,-0.4989,-0.4989,0.6145
1.058,0.6470,0.6470,-0.0156,-7.7443,-7.7443,0.0000,-0.4989,-0.4989,0.6144
1.061,0.6258,0.6258,-0.0157,-7.5744,-7.5744,0.0000,-0.4140,-0.4140,0.6143
1.066,0.6258,0.6258,-0.0158,-7.5584,-7.5584,0.0000,-0.4140,-0.4140,0.6142
1.071,0.6258,0.6258,-0.0159,-7.5394,-7.5394,0.0000,-0.4140,-0.4140,0.6141
1.080,0.6052,0.6052,-0.0159,-7.3410,-7.3410,0.0000,-0.3271,-0.3271,0.6139
1.084,0.6052,0.6052,-0.0161,-7.3205,-7.3205,0.0000,-0.3271,-0.3271,0.6138
1.088,0.6052,0.6052,-0.0162,-7.3025,-7.3025,0.0000,-0.3271,-0.3271,0.6137
1.092,0.6052,0.6052,-0.0163,-7.2836,-7.2836,0.0000,-0.3271,-0.3271,0.6136
1.097,0.6052,0.6052,-0.0163,-7.2604,-7.2604,0.0000,-0.3271,-0.3271,0.6135
1.101,0.5853,0.5853,-0.0164,-7.0706,-7.0706,0.0000,-0.2380,-0.2380,0.6134
1.106,0.5853,0.5853,-0.0165,-7.0435,-7.0435,0.0000,-0.2380,-0.2380,0.6134
1.111,0.5853,0.5853,-0.0166,-7.0185,-7.0185,0.0000,-0.2380,-0.2380,0.6133
1.115,0.5853,0.5853,-0.0167,-6.9947,-6.9947,0.0000,-0.2380,-0.2380,0.6132
1.119,0.5663,0.5663,-0.0168,-6.8034,-6.8034,0.0000,-0.1480,-0.1480,0.6132
1.124,0.5663,0.5663,-0.0168,-6.7707,-6.7707,0.0000,-0.1480,-0.1480,0.6131
1.130,0.5663,0.5663,-0.0169,-6.7337,-6.7337,0.0000,-0.1480,-0.1480,0.6131
1.134,0.5663,0.5663,-0.0170,-6.7063,-6.7063,0.0000,-0.1480,-0.1480,0.6130
1.138,0.5480,0.5480,-0.0171,-6.5104,-6.5104,0.0000,-0.0633,-0.0633,0.6129
1.144,0.5480,0.5480,-0.0172,-6.4690,-6.4690,0.0000,-0.0633,-0.0633,0.6129
1.153,0.5480,0.5480,-0.0173,-6.4090,-6.4090,0.0000,-0.0633,-0.0633,0.6129
1.158,0.5307,0.5307,-0.0175,-6.1966,-6.1966,0.0000,0.0199,0.0199,0.6128
1.165,0.5307,0.5307,-0.0176,-6.1535,-6.1535,0.0000,0.0199,0.0199,0.6128
1.172,0.5307,0.5307,-0.0177,-6.0991,-6.0991,0.0000,0.0199,0.0199,0.6128
1.186,0.5146,0.5146,-0.0179,-5.8145,-5.8145,0.0000,0.1444,0.1444,0.6128
1.200,0.4996,0.4996,-0.0182,-5.5349,-5.5349,0.0000,0.2690,0.2690,0.6128
1.204,0.4996,0.4996,-0.0185,-5.5021,-5.5021,0.0000,0.2690,0.2690,0.6130
1.209,0.4996,0.4996,-0.0186,-5.4722,-5.4722,0.0000,0.2690,0.2690,0.6130
1.213,0.4996,0.4996,-0.0187,-5.4397,-5.4397,0.0000,0.2690,0.2690,0.6131
1.217,0.4996,0.4996,-0.0188,-5.4110,-5.4110,0.0000,0.2690,0.2690,0.6131
1.221,0.4858,0.4858,-0.0189,-5.2032,-5.2032,0.0000,0.3932,0.3932,0.6131
1.226,0.4858,0.4858,-0.0189,-5.1653,-5.1653,0.0000,0.3932,0.3932,0.6132
1.230,0.4858,0.4858,-0.0190,-5.1356,-5.1356,0.0000,0.3932,0.3932,0.6133
1.234,0.4858,0.4858,-0.0191,-5.1093,-5.1093,0.0000,0.3932,0.3932,0.6134
1.238,0.4736,0.4736,-0.0192,-4.8988,-4.8988,0.0000,0.5519,0.5519,0.6134
1.242,0.4736,0.4736,-0.0193,-4.8672,-4.8672,0.0000,0.5519,0.5519,0.6135
1.247,0.4736,0.4736,-0.0194,-4.8357,-4.8357,0.0000,0.5519,0.5519,0.6136
1.250,0.4736,0.4736,-0.0195,-4.8098,-4.8098,0.0000,0.5519,0.5519,0.6137
1.255,0.4736,0.4736,-0.0196,-4.7786,-4.7786,0.0000,0.5519,0.5519,0.6138
1.258,0.4628,0.4628,-0.0197,-4.5699,-4.5699,0.0000,0.7096,0.7096,0.6139
1.264,0.4628,0.4628,-0.0197,-4.5339,-4.5339,0.0000,0.7096,0.7096,0.6140
1.267,0.4628,0.4628,-0.0198,-4.5087,-4.5087,0.0000,0.7096,0.7096,0.6142
1.271,0.4628,0.4628,-0.0199,-4.4826,-4.4826,0.0000,0.7096,0.7096,0.6143
1.275,0.4628,0.4628,-0.0200,-4.4568,-4.4568,0.0000,0.7096,0.7096,0.6144
1.279,0.4531,0.4531,-0.0201,-4.2394,-4.2394,0.0000,0.8549,0.8549,0.6145
1.284,0.4533,0.4533,-0.0202,-4.2077,-4.2077,0.0000,0.8549,0.8549,0.6147
1.290,0.4547,0.4547,-0.0203,-4.1651,-4.1651,0.0000,0.8549,0.8549,0.6149
1.299,0.4522,0.4522,-0.0204,-3.9178,-3.9178,0.0000,0.9894,0.9894,0.6151
1.311,0.4699,0.4699,-0.0206,-3.8371,-3.8371,0.0000,0.9894,0.9894,0.6155
1.318,0.4815,0.4815,-0.0209,-3.6036,-3.6036,0.0000,1.1122,1.1122,0.6160
1.324,0.5016,0.5016,-0.0210,-3.5656,-3.5656,0.0000,1.1122,1.1122,0.6164
1.330,0.5276,0.5276,-0.0211,-3.5271,-3.5271,0.0000,1.1122,1.1122,0.6166
1.334,0.5516,0.5516,-0.0212,-3.4980,-3.4980,0.0000,1.1122,1.1122,0.6169
1.339,0.5721,0.5721,-0.0213,-3.2863,-3.2863,0.0000,1.2190,1.2190,0.6171
1.344,0.6086,0.6086,-0.0213,-3.2532,-3.2532,0.0000,1.2190,1.2190,0.6174
1.348,0.6415,0.6415,-0.0214,-3.2270,-3.2270,0.0000,1.2190,1.2190,0.6177
1.353,0.6793,0.6793,-0.0215,-3.2000,-3.2000,0.0000,1.2190,1.2190,0.6179
1.358,0.7220,0.7220,-0.0215,-3.1726,-3.1726,0.0000,1.2190,1.2190,0.6181
1.362,0.7606,0.7606,-0.0215,-2.9638,-2.9638,0.0000,1.3531,1.3531,0.6184
1.367,0.8115,0.8115,-0.0215,-2.9367,-2.9367,0.0000,1.3531,1.3531,0.6186
1.370,0.8542,0.8542,-0.0216,-2.9159,-2.9159,0.0000,1.3531,1.3531,0.6189
1.374,0.9010,0.9010,-0.0216,-2.8946,-2.8946,0.0000,1.3531,1.3531,0.6191
1.379,0.9581,0.9581,-0.0216,-2.6862,-2.6862,0.0000,1.4942,1.4942,0.6193
1.385,1.0426,1.0426,-0.0215,-2.6536,-2.6536,0.0000,1.4942,1.4942,0.6196
1.389,1.0942,1.0942,-0.0215,-2.6340,-2.6340,0.0000,1.4942,1.4942,0.6200
1.393,1.1452,1.1452,-0.0214,-2.6146,-2.6146,0.0000,1.4942,1.4942,0.6203
1.399,1.2186,1.2186,-0.0214,-2.4041,-2.4041,0.0000,1.6183,1.6183,0.6205
1.408,1.3295,1.3295,-0.0213,-2.3607,-2.3607,0.0000,1.6183,1.6183,0.6209
1.413,1.3868,1.3868,-0.0211,-2.3380,-2.3380,0.0000,1.6183,1.6183,0.6216
1.418,1.4434,1.4434,-0.0209,-2.3154,-2.3154,0.0000,1.6183,1.6183,0.6219
1.422,1.4870,1.4870,-0.0208,-2.1180,-2.1180,0.0000,1.7206,1.7206,0.6222
1.426,1.5363,1.5363,-0.0207,-2.0979,-2.0979,0.0000,1.7206,1.7206,0.6225
1.431,1.5900,1.5900,-0.0205,-2.0757,-2.0757,0.0000,1.7206,1.7206,0.6229
1.435,1.6300,1.6300,-0.0203,-2.0590,-2.0590,0.0000,1.7206,1.7206,0.6232
1.439,1.6582,1.6582,-0.0202,-1.8720,-1.8720,0.0000,1.6289,1.6289,0.6235
1.444,1.7102,1.7102,-0.0200,-1.8498,-1.8498,0.0000,1.6289,1.6289,0.6238
1.450,1.7576,1.7576,-0.0198,-1.8294,-1.8294,0.0000,1.6289,1.6289,0.6241
1.459,1.8316,1.8316,-0.0196,-1.6234,-1.6234,0.0000,1.5437,1.5437,0.6245
1.467,1.9003,1.9003,-0.0192,-1.5920,-1.5920,0.0000,1.5437,1.5437,0.6250
1.471,1.9327,1.9327,-0.0188,-1.5771,-1.5771,0.0000,1.5437,1.5437,0.6255
1.474,1.9631,1.9631,-0.0186,-1.5628,-1.5628,0.0000,1.5437,1.5437,0.6257
1.479,2.0001,2.0001,-0.0184,-1.3723,-1.3723,0.0000,1.5812,1.5812,0.6260
1.484,2.0376,2.0376,-0.0182,-1.3540,-1.3540,0.0000,1.5812,1.5812,0.6263
1.488,2.0660,2.0660,-0.0179,-1.3399,-1.3399,0.0000,1.5812,1.5812,0.6266
1.494,2.1094,2.1094,-0.0177,-1.3178,-1.3178,0.0000,1.5812,1.5812,0.6268
1.498,2.1308,2.1308,-0.0173,-1.1362,-1.1362,0.0000,1.4822,1.4822,0.6272
1.502,2.1604,2.1604,-0.0171,-1.1206,-1.1206,0.0000,1.4822,1.4822,0.6274
1.507,2.1936,2.1936,-0.0168,-1.1027,-1.1027,0.0000,1.4822,1.4822,0.6276
1.515,2.2434,2.2434,-0.0165,-1.0748,-1.0748,0.0000,1.4822,1.4822,0.6279
1.519,2.2613,2.2613,-0.0160,-0.8947,-0.8947,0.0000,1.3811,1.3811,0.6284
1.524,2.2931,2.2931,-0.0158,-0.8760,-0.8760,0.0000,1.3811,1.3811,0.6285
1.529,2.3170,2.3170,-0.0154,-0.8616,-0.8616,0.0000,1.3811,1.3811,0.6288
1.533,2.3389,2.3389,-0.0151,-0.8480,-0.8480,0.0000,1.3811,1.3811,0.6290
1.536,2.3587,2.3587,-0.0149,-0.8356,-0.8356,0.0000,1.3811,1.3811,0.6292
1.540,2.3747,2.3747,-0.0146,-0.6560,-0.6560,0.0000,1.2757,1.2757,0.6294
1.545,2.3996,2.3996,-0.0143,-0.6395,-0.6395,0.0000,1.2757,1.2757,0.6296
1.549,2.4198,2.4198,-0.0140,-0.6257,-0.6257,0.0000,1.2757,1.2757,0.6298
1.553,2.4381,2.4381,-0.0137,-0.6129,-0.6129,0.0000,1.2757,1.2757,0.6299
1.557,2.4609,2.4609,-0.0135,-0.5966,-0.5966,0.0000,1.2757,1.2757,0.6301
1.562,2.4678,2.4678,-0.0131,-0.4265,-0.4265,0.0000,1.0647,1.0647,0.6303
1.566,2.4876,2.4876,-0.0128,-0.4115,-0.4115,0.0000,1.0647,1.0647,0.6304
1.570,2.5048,2.5048,-0.0125,-0.3981,-0.3981,0.0000,1.0647,1.0647,0.6306
1.574,2.5213,2.5213,-0.0122,-0.3849,-0.3849,0.0000,1.0647,1.0647,0.6307
1.578,2.5511,2.5511,-0.0120,-0.1908,-0.1908,0.0000,1.1667,1.1667,0.6308
1.582,2.5702,2.5702,-0.0117,-0.1747,-0.1747,0.0000,1.1667,1.1667,0.6309
1.587,2.5883,2.5883,-0.0113,-0.1589,-0.1589,0.0000,1.1667,1.1667,0.6311
1.591,2.6041,2.6041,-0.0110,-0.1446,-0.1446,0.0000,1.1667,1.1667,0.6313
1.595,2.6200,2.6200,-0.0107,-0.1298,-0.1298,0.0000,1.1667,1.1667,0.6314
1.599,2.6357,2.6357,-0.0104,0.0475,0.0475,0.0000,1.1238,1.1238,0.6316
1.603,2.6523,2.6523,-0.0101,0.0641,0.0641,0.0475,1.1238,1.1238,0.6317
1.614,2.6905,2.6905,-0.0097,0.1052,0.1052,0.0641,1.1238,1.1238,0.6318
1.624,2.7148,2.7148,-0.0089,0.2926,0.2926,0.1052,0.9453,0.9453,0.6322
1.630,2.7308,2.7308,-0.0081,0.3121,0.3121,0.2926,0.9453,0.9453,0.6324
1.634,2.7444,2.7444,-0.0077,0.3293,0.3293,0.3121,0.9453,0.9453,0.6326
1.638,2.7477,2.7477,-0.0073,0.4893,0.4893,0.3293,0.7809,0.7809,0.6327
1.643,2.7608,2.7608,-0.0070,0.5072,0.5072,0.4893,0.7809,0.7809,0.6327
1.647,2.7735,2.7735,-0.0066,0.5251,0.5251,0.5072,0.7809,0.7809,0.6328
1.652,2.7872,2.7872,-0.0063,0.5453,0.5453,0.5251,0.7809,0.7809,0.6329
1.656,2.7979,2.7979,-0.0058,0.5616,0.5616,0.5453,0.7809,0.7809,0.6329
1.660,2.8132,2.8132,-0.0055,0.7320,0.7320,0.5616,0.7605,0.7605,0.6330
1.665,2.8254,2.8254,-0.0052,0.7521,0.7521,0.7320,0.7605,0.7605,0.6331
1.669,2.8352,2.8352,-0.0048,0.7688,0.7688,0.7521,0.7605,0.7605,0.6331
1.673,2.8442,2.8442,-0.0045,0.7847,0.7847,0.7688,0.7605,0.7605,0.6332
1.677,2.8540,2.8540,-0.0042,0.8027,0.8027,0.7847,0.7605,0.7605,0.6332
1.683,2.8589,2.8589,-0.0038,0.9629,0.9629,0.8027,0.6023,0.6023,0.6333
1.687,2.8687,2.8687,-0.0034,0.9828,0.9828,0.9629,0.6023,0.6023,0.6333
1.691,2.8771,2.8771,-0.0030,1.0001,1.0001,0.9828,0.6023,0.6023,0.6333
1.695,2.8856,2.8856,-0.0027,1.0186,1.0186,1.0001,0.6023,0.6023,0.6334
1.700,2.9028,2.9028,-0.0024,1.1866,1.1866,1.0186,0.6178,0.6178,0.6334
1.704,2.9113,2.9113,-0.0020,1.2067,1.2067,1.1866,0.6178,0.6178,0.6334
1.708,2.9187,2.9187,-0.0016,1.2246,1.2246,1.2067,0.6178,0.6178,0.6334
1.713,2.9280,2.9280,-0.0013,1.2488,1.2488,1.2246,0.6178,0.6178,0.6335
1.717,2.9353,2.9353,-0.0009,1.2679,1.2679,1.2488,0.6178,0.6178,0.6335
1.721,2.9645,2.9645,-0.0006,1.4433,1.4433,1.2679,0.8079,0.8079,0.6335
1.727,2.9754,2.9754,-0.0003,1.4754,1.4754,1.4433,0.8079,0.8079,0.6336
1.736,2.9897,2.9897,0.0003,1.5219,1.5219,1.4754,0.8079,0.8079,0.6337
1.740,3.0041,3.0041,0.0010,1.6829,1.6829,1.5219,0.8241,0.8241,0.6338
1.745,3.0119,3.0119,0.0013,1.7082,1.7082,1.6829,0.8241,0.8241,0.6339
1.749,3.0180,3.0180,0.0017,1.7305,1.7305,1.7082,0.8241,0.8241,0.6340
1.753,3.0234,3.0234,0.0021,1.7502,1.7502,1.7305,0.8241,0.8241,0.6340
1.757,2.9505,2.9505,0.0024,1.7706,1.7706,1.7502,0.8241,0.8241,0.6341
1.766,2.6419,2.6419,0.0027,1.9473,1.9473,1.7706,0.7047,0.7047,0.6341
1.772,2.4538,2.4538,0.0033,1.9820,1.9820,1.9473,0.7047,0.7047,0.6342
1.776,2.3235,2.3235,0.0036,2.0072,2.0072,1.9820,0.7047,0.7047,0.6343
1.781,2.1811,2.1811,0.0038,2.1528,2.1528,2.0072,0.5861,0.5861,0.6343
1.785,2.0504,2.0504,0.0040,2.1804,2.1804,2.1528,0.5861,0.5861,0.6343
1.789,1.9426,1.9426,0.0041,2.2034,2.2034,2.1804,0.5861,0.5861,0.6344
1.794,1.8092,1.8092,0.0042,2.2332,2.2332,2.2034,0.5861,0.5861,0.6344
1.798,1.6958,1.6958,0.0043,2.3719,2.3719,2.2332,0.4659,0.4659,0.6344
1.802,1.5835,1.5835,0.0044,2.3985,2.3985,2.3719,0.4659,0.4659,0.6344
1.806,1.4808,1.4808,0.0044,2.4234,2.4234,2.3985,0.4659,0.4659,0.6344
1.811,1.3747,1.3747,0.0044,2.4501,2.4501,2.4234,0.4659,0.4659,0.6344
1.815,1.2771,1.2771,0.0044,2.4752,2.4752,2.4501,0.4659,0.4659,0.6343
1.818,1.2003,1.2003,0.0044,2.6139,2.6139,2.4752,0.4990,0.4990,0.6343
1.823,1.0824,1.0824,0.0044,2.6463,2.6463,2.6139,0.4990,0.4990,0.6343
1.829,0.9572,0.9572,0.0043,2.6820,2.6820,2.6463,0.4990,0.4990,0.6343
1.837,0.7945,0.7945,0.0042,2.7304,2.7304,2.6820,0.4990,0.4990,0.6343
1.840,0.7118,0.7118,0.0039,2.8586,2.8586,2.7304,0.3577,0.3577,0.6343
1.846,0.6078,0.6078,0.0038,2.8914,2.8914,2.8586,0.3577,0.3577,0.6343
1.849,0.5336,0.5336,0.0036,2.9152,2.9152,2.8914,0.3577,0.3577,0.6343
1.853,0.4613,0.4613,0.0034,2.9389,2.9389,2.9152,0.3577,0.3577,0.6342
1.859,0.3608,0.3608,0.0032,3.0726,3.0726,2.9389,0.2139,0.2139,0.6342
1.864,0.2667,0.2667,0.0030,3.1055,3.1055,3.0726,0.2139,0.2139,0.6341
1.868,0.2018,0.2018,0.0027,3.1288,3.1288,3.1055,0.2139,0.2139,0.6340
1.872,0.1326,0.1326,0.0025,3.1541,3.1541,3.1288,0.2139,0.2139,0.6340
1.876,0.0637,0.0637,0.0022,3.1799,3.1799,3.1541,0.2139,0.2139,0.6339
1.880,0.0105,0.0105,0.0020,3.3077,3.3077,3.1799,0.4186,0.4186,0.6339
1.885,-0.0582,-0.0582,0.0017,3.3347,3.3347,3.3077,0.4186,0.4186,0.6338
1.889,-0.1309,-0.1309,0.0013,3.3639,3.3639,3.3347,0.4186,0.4186,0.6338
1.894,-0.1974,-0.1974,0.0010,3.3913,3.3913,3.3639,0.4186,0.4186,0.6338
1.898,-0.2552,-0.2552,0.0007,3.5095,3.5095,3.3913,0.2935,0.2935,0.6338
1.902,-0.3185,-0.3185,0.0003,3.5366,3.5366,3.5095,0.2935,0.2935,0.6337
1.906,-0.3712,-0.3712,0.0000,3.5597,3.5597,3.5366,0.2935,0.2935,0.6337
1.910,-0.4289,-0.4289,-0.0004,3.5854,3.5854,3.5597,0.2935,0.2935,0.6337
1.919,-0.5383,-0.5383,-0.0007,3.7274,3.7274,3.5854,0.1709,0.1709,0.6336
1.925,-0.6112,-0.6112,-0.0015,3.7622,3.7622,3.7274,0.1709,0.1709,0.6335
1.930,-0.6775,-0.6775,-0.0021,3.7949,3.7949,3.7622,0.1709,0.1709,0.6334
1.939,-0.7509,-0.7509,-0.0026,3.9161,3.9161,3.7949,0.5834,0.5834,0.6333
1.945,-0.8116,-0.8116,-0.0035,3.9477,3.9477,3.9161,0.5834,0.5834,0.6333
1.949,-0.8636,-0.8636,-0.0040,3.9755,3.9755,3.9477,0.5834,0.5834,0.6334
1.953,-0.9032,-0.9032,-0.0045,3.9970,3.9970,3.9755,0.5834,0.5834,0.6334
1.957,-0.9433,-0.9433,-0.0049,4.0192,4.0192,3.9970,0.5834,0.5834,0.6334
1.961,-0.9884,-0.9884,-0.0054,4.1345,4.1345,4.0192,0.2558,0.2558,0.6334
1.966,-1.0326,-1.0326,-0.0058,4.1599,4.1599,4.1345,0.2558,0.2558,0.6334
1.970,-1.0678,-1.0678,-0.0063,4.1805,4.1805,4.1599,0.2558,0.2558,0.6333
1.973,-1.1025,-1.1025,-0.0067,4.2012,4.2012,4.1805,0.2558,0.2558,0.6333
1.977,-1.1388,-1.1388,-0.0072,4.2232,4.2232,4.2012,0.2558,0.2558,0.6332
1.982,-1.1687,-1.1687,-0.0076,4.3207,4.3207,4.2232,0.2856,0.2856,0.6332
1.987,-1.2091,-1.2091,-0.0082,4.3461,4.3461,4.3207,0.2856,0.2856,0.6331
1.991,-1.2414,-1.2414,-0.0087,4.3667,4.3667,4.3461,0.2856,0.2856,0.6331
1.995,-1.2781,-1.2781,-0.0092,4.3904,4.3904,4.3667,0.2856,0.2856,0.6330
1.999,-1.3118,-1.3118,-0.0097,4.5010,4.5010,4.3904,-0.0231,-0.0231,0.6330
2.004,-1.3454,-1.3454,-0.0102,4.5235,4.5235,4.5010,-0.0231,-0.0231,0.6329
2.008,-1.3738,-1.3738,-0.0108,4.5428,4.5428,4.5235,-0.0231,-0.0231,0.6328
2.013,-1.4123,-1.4123,-0.0112,4.5696,4.5696,4.5428,-0.0231,-0.0231,0.6327
2.017,-1.4397,-1.4397,-0.0119,4.5889,4.5889,4.5696,-0.0231,-0.0231,0.6326
2.021,-1.4415,-1.4415,-0.0124,4.6473,4.6473,4.5889,0.3462,0.3462,0.6325
2.025,-1.4731,-1.4731,-0.0129,4.6704,4.6704,4.6473,0.3462,0.3462,0.6325
2.030,-1.5006,-1.5006,-0.0134,4.6908,4.6908,4.6704,0.3462,0.3462,0.6324
2.034,-1.5310,-1.5310,-0.0140,4.7137,4.7137,4.6908,0.3462,0.3462,0.6324
2.043,-1.5786,-1.5786,-0.0146,4.8289,4.8289,4.7137,0.2137,0.2137,0.6324
2.048,-1.6075,-1.6075,-0.0157,4.8516,4.8516,4.8289,0.2137,0.2137,0.6323
2.053,-1.6339,-1.6339,-0.0163,4.8726,4.8726,4.8516,0.2137,0.2137,0.6322
2.057,-1.6560,-1.6560,-0.0169,4.8905,4.8905,4.8726,0.2137,0.2137,0.6321
2.061,-1.6593,-1.6593,-0.0174,4.9641,4.9641,4.8905,0.2780,0.2780,0.6321
2.070,-1.6183,-1.6183,-0.0180,5.0059,5.0059,4.9641,0.2780,0.2780,0.6320
2.075,-1.5948,-1.5948,-0.0192,5.0290,5.0290,5.0059,0.2780,0.2780,0.6320
2.080,-1.5526,-1.5526,-0.0198,5.0859,5.0859,5.0290,0.5009,0.5009,0.6319
2.084,-1.5316,-1.5316,-0.0204,5.1060,5.1060,5.0859,0.5009,0.5009,0.6319
2.089,-1.5091,-1.5091,-0.0209,5.1272,5.1272,5.1060,0.5009,0.5009,0.6319
2.093,-1.4883,-1.4883,-0.0215,5.1467,5.1467,5.1272,0.5009,0.5009,0.6319
2.097,-1.4686,-1.4686,-0.0220,5.1649,5.1649,5.1467,0.5009,0.5009,0.6319
2.101,-1.4441,-1.4441,-0.0224,5.2506,5.2506,5.1649,0.3684,0.3684,0.6320
2.106,-1.4204,-1.4204,-0.0229,5.2723,5.2723,5.2506,0.3684,0.3684,0.6319
2.110,-1.3996,-1.3996,-0.0234,5.2912,5.2912,5.2723,0.3684,0.3684,0.6319
2.114,-1.3783,-1.3783,-0.0239,5.3107,5.3107,5.2912,0.3684,0.3684,0.6319
2.118,-1.3452,-1.3452,-0.0243,5.3744,5.3744,5.3107,0.4451,0.4451,0.6319
2.123,-1.3181,-1.3181,-0.0247,5.3994,5.3994,5.3744,0.4451,0.4451,0.6319
2.127,-1.2969,-1.2969,-0.0253,5.4188,5.4188,5.3994,0.4451,0.4451,0.6319
2.131,-1.2754,-1.2754,-0.0257,5.4388,5.4388,5.4188,0.4451,0.4451,0.6319
2.135,-1.2554,-1.2554,-0.0261,5.4574,5.4574,5.4388,0.4451,0.4451,0.6319
2.140,-1.2242,-1.2242,-0.0265,5.5457,5.5457,5.4574,0.3261,0.3261,0.6319
2.151,-1.1688,-1.1688,-0.0270,5.5998,5.5998,5.5457,0.3261,0.3261,0.6318
2.155,-1.1479,-1.1479,-0.0280,5.6199,5.6199,5.5998,0.3261,0.3261,0.6318
2.158,-1.1230,-1.1230,-0.0283,5.7009,5.7009,5.6199,0.2102,0.2102,0.6317
2.163,-1.0972,-1.0972,-0.0287,5.7261,5.7261,5.7009,0.2102,0.2102,0.6317
2.167,-1.0768,-1.0768,-0.0291,5.7463,5.7463,5.7261,0.2102,0.2102,0.6316
2.171,-1.0571,-1.0571,-0.0295,5.7660,5.7660,5.7463,0.2102,0.2102,0.6316
2.175,-1.0377,-1.0377,-0.0298,5.7858,5.7858,5.7660,0.2102,0.2102,0.6315
2.181,-0.9948,-0.9948,-0.0301,5.8665,5.8665,5.7858,0.2599,0.2599,0.6315
2.185,-0.9709,-0.9709,-0.0306,5.8919,5.8919,5.8665,0.2599,0.2599,0.6314
2.189,-0.9516,-0.9516,-0.0310,5.9127,5.9127,5.8919,0.2599,0.2599,0.6314
2.194,-0.9263,-0.9263,-0.0313,5.9405,5.9405,5.9127,0.2599,0.2599,0.6313
2.198,-0.9009,-0.9009,-0.0317,6.0239,6.0239,5.9405,0.1339,0.1339,0.6313
2.202,-0.8787,-0.8787,-0.0320,6.0492,6.0492,6.0239,0.1339,0.1339,0.6312
2.206,-0.8592,-0.8592,-0.0323,6.0718,6.0718,6.0492,0.1339,0.1339,0.6312
2.211,-0.8355,-0.8355,-0.0326,6.0999,6.0999,6.0718,0.1339,0.1339,0.6311
2.220,-0.7733,-0.7733,-0.0330,6.1945,6.1945,6.0999,0.3533,0.3533,0.6310
2.226,-0.7437,-0.7437,-0.0336,6.2320,6.2320,6.1945,0.3533,0.3533,0.6310
2.230,-0.7222,-0.7222,-0.0340,6.2600,6.2600,6.2320,0.3533,0.3533,0.6310
2.234,-0.7050,-0.7050,-0.0343,6.2828,6.2828,6.2600,0.3533,0.3533,0.6309
2.238,-0.6809,-0.6809,-0.0345,6.3650,6.3650,6.2828,0.2349,0.2349,0.6309
2.242,-0.6599,-0.6599,-0.0347,6.3943,6.3943,6.3650,0.2349,0.2349,0.6309
2.247,-0.6361,-0.6361,-0.0350,6.4286,6.4286,6.3943,0.2349,0.2349,0.6308
2.253,-0.6118,-0.6118,-0.0353,6.4648,6.4648,6.4286,0.2349,0.2349,0.6308
2.261,-0.5677,-0.5677,-0.0356,6.5794,6.5794,6.4648,0.1194,0.1194,0.6307
2.265,-0.5475,-0.5475,-0.0361,6.6119,6.6119,6.5794,0.1194,0.1194,0.6306
2.269,-0.5305,-0.5305,-0.0363,6.6396,6.6396,6.6119,0.1194,0.1194,0.6305
2.273,-0.5136,-0.5136,-0.0365,6.6679,6.6679,6.6396,0.1194,0.1194,0.6305
2.278,-0.4859,-0.4859,-0.0367,6.7572,6.7572,6.6679,0.0051,0.0051,0.6304
2.282,-0.4668,-0.4668,-0.0370,6.7915,6.7915,6.7572,0.0051,0.0051,0.6303
2.286,-0.4511,-0.4511,-0.0372,6.8204,6.8204,6.7915,0.0051,0.0051,0.6302
2.290,-0.4326,-0.4326,-0.0374,6.8555,6.8555,6.8204,0.0051,0.0051,0.6301
2.295,-0.4132,-0.4132,-0.0376,6.8938,6.8938,6.8555,0.0051,0.0051,0.6301
2.299,-0.3899,-0.3899,-0.0378,6.9769,6.9769,6.8938,-0.1110,-0.1110,0.6300
2.303,-0.3719,-0.3719,-0.0380,7.0146,7.0146,6.9769,-0.1110,-0.1110,0.6299
2.308,-0.3540,-0.3540,-0.0382,7.0536,7.0536,7.0146,-0.1110,-0.1110,0.6297
2.312,-0.3354,-0.3354,-0.0384,7.0953,7.0953,7.0536,-0.1110,-0.1110,0.6296
2.317,-0.3189,-0.3189,-0.0386,7.1335,7.1335,7.0953,-0.1110,-0.1110,0.6295
2.321,-0.2889,-0.2889,-0.0387,7.2047,7.2047,7.1335,0.0895,0.0895,0.6294
2.325,-0.2709,-0.2709,-0.0389,7.2491,7.2491,7.2047,0.0895,0.0895,0.6293
2.330,-0.2550,-0.2550,-0.0391,7.2898,7.2898,7.2491,0.0895,0.0895,0.6292
2.333,-0.2413,-0.2413,-0.0392,7.3258,7.3258,7.2898,0.0895,0.0895,0.6292
2.337,-0.2279,-0.2279,-0.0394,7.3625,7.3625,7.3258,0.0895,0.0895,0.6291
2.341,-0.2032,-0.2032,-0.0395,7.4428,7.4428,7.3625,0.1077,0.1077,0.6291
2.345,-0.1862,-0.1862,-0.0396,7.4926,7.4926,7.4428,0.1077,0.1077,0.6290
2.349,-0.1727,-0.1727,-0.0398,7.5336,7.5336,7.4926,0.1077,0.1077,0.6289
2.355,-0.1521,-0.1521,-0.0399,7.5991,7.5991,7.5336,0.1077,0.1077,0.6289
2.364,-0.1111,-0.1111,-0.0401,7.7564,7.7564,7.5991,-0.0439,-0.0439,0.6288
2.373,-0.0814,-0.0814,-0.0404,7.8666,7.8666,7.7564,-0.0439,-0.0439,0.6286
2.379,-0.0516,-0.0516,-0.0406,7.9689,7.9689,7.8666,0.1275,0.1275,0.6284
2.383,-0.0376,-0.0376,-0.0407,8.0260,8.0260,7.9689,0.1275,0.1275,0.6284
2.388,-0.0233,-0.0233,-0.0408,8.0870,8.0870,8.0000,0.1275,0.1275,0.6283
2.392,-0.0114,-0.0114,-0.0409,8.1392,8.1392,8.0000,0.1275,0.1275,0.6283
2.396,0.0010,0.0010,-0.0410,8.1962,8.1962,8.0000,0.1275,0.1275,0.6282
2.400,0.0233,0.0233,-0.0411,8.2856,8.2856,8.0000,0.1435,0.1435,0.6282
2.404,0.0361,0.0361,-0.0412,8.3488,8.3488,8.0000,0.1435,0.1435,0.6281
2.408,0.0467,0.0467,-0.0413,8.4030,8.4030,8.0000,0.1435,0.1435,0.6281
2.412,0.0583,0.0583,-0.0414,8.4651,8.4651,8.0000,0.1435,0.1435,0.6280
2.417,0.0710,0.0710,-0.0415,8.5358,8.5358,8.0000,0.1435,0.1435,0.6280
2.420,0.0936,0.0936,-0.0415,8.6348,8.6348,8.0000,-0.0017,-0.0017,0.6279
2.425,0.1058,0.1058,-0.0416,8.6865,8.6865,8.0000,-0.0017,-0.0017,0.6278
2.429,0.1167,0.1167,-0.0417,8.7218,8.7218,8.0000,-0.0017,-0.0017,0.6278
2.433,0.1271,0.1271,-0.0418,8.7452,8.7452,8.0000,-0.0017,-0.0017,0.6277
2.436,0.1364,0.1364,-0.0418,8.7576,8.7576,8.0000,-0.0017,-0.0017,0.6276
2.440,0.1591,0.1591,-0.0419,8.8037,8.8037,8.0000,-0.1429,-0.1429,0.6275
2.445,0.1710,0.1710,-0.0419,8.7926,8.7926,8.0000,-0.1429,-0.1429,0.6274
2.450,0.1818,0.1818,-0.0420,8.7696,8.7696,8.0000,-0.1429,-0.1429,0.6273
2.453,0.1912,0.1912,-0.0420,8.7399,8.7399,8.0000,-0.1429,-0.1429,0.6272
2.457,0.1999,0.1999,-0.0421,8.7033,8.7033,8.0000,-0.1429,-0.1429,0.6271
2.462,0.2196,0.2196,-0.0421,8.6656,8.6656,8.0000,-0.0178,-0.0178,0.6270
2.468,0.2346,0.2346,-0.0422,8.5544,8.5544,8.0000,-0.0178,-0.0178,0.6269
2.476,0.2526,0.2526,-0.0422,8.4242,8.4242,8.0000,-0.0178,-0.0178,0.6268
2.481,0.2753,0.2753,-0.0423,8.3723,8.3723,8.0000,-0.0428,-0.0428,0.6267
2.486,0.2861,0.2861,-0.0423,8.2986,8.2986,8.0000,-0.0428,-0.0428,0.6266
2.490,0.2941,0.2941,-0.0424,8.2450,8.2450,8.0000,-0.0428,-0.0428,0.6265
2.495,0.3030,0.3030,-0.0424,8.1861,8.1861,8.0000,-0.0428,-0.0428,0.6264
2.499,0.3217,0.3217,-0.0424,8.1608,8.1608,8.0000,-0.0573,-0.0573,0.6264
2.503,0.3310,0.3310,-0.0424,8.1021,8.1021,8.0000,-0.0573,-0.0573,0.6263
2.507,0.3386,0.3386,-0.0425,8.0556,8.0556,8.0000,-0.0573,-0.0573,0.6262
2.513,0.3502,0.3502,-0.0425,7.9866,7.9866,8.0000,-0.0573,-0.0573,0.6261
2.517,0.3578,0.3578,-0.0425,7.9426,7.9426,7.9866,-0.0573,-0.0573,0.6260
2.525,0.3826,0.3826,-0.0425,7.8883,7.8883,7.9426,-0.0765,-0.0765,0.6259
2.532,0.3949,0.3949,-0.0425,7.8232,7.8232,7.8883,-0.0765,-0.0765,0.6257
2.536,0.4012,0.4012,-0.0425,7.7910,7.7910,7.8232,-0.0765,-0.0765,0.6256
2.540,0.4185,0.4185,-0.0425,7.7859,7.7859,7.7910,-0.1348,-0.1348,0.6255
2.546,0.4286,0.4286,-0.0425,7.7381,7.7381,7.7859,-0.1348,-0.1348,0.6254
2.550,0.4349,0.4349,-0.0425,7.7094,7.7094,7.7381,-0.1348,-0.1348,0.6253
2.554,0.4407,0.4407,-0.0425,7.6836,7.6836,7.7094,-0.1348,-0.1348,0.6252
2.558,0.4471,0.4471,-0.0425,7.6563,7.6563,7.6836,-0.1348,-0.1348,0.6251
2.562,0.4641,0.4641,-0.0425,7.6566,7.6566,7.6563,-0.2030,-0.2030,0.6250
2.566,0.4706,0.4706,-0.0425,7.6310,7.6310,7.6566,-0.2030,-0.2030,0.6249
2.570,0.4760,0.4760,-0.0425,7.6106,7.6106,7.6310,-0.2030,-0.2030,0.6248
2.575,0.4844,0.4844,-0.0425,7.5813,7.5813,7.6106,-0.2030,-0.2030,0.6247
2.584,0.5065,0.5065,-0.0425,7.5702,7.5702,7.5813,-0.2820,-0.2820,0.6246
2.588,0.5128,0.5128,-0.0424,7.5518,7.5518,7.5702,-0.2820,-0.2820,0.6243
2.592,0.5176,0.5176,-0.0424,7.5384,7.5384,7.5518,-0.2820,-0.2820,0.6242
2.596,0.5236,0.5236,-0.0424,7.5232,7.5232,7.5384,-0.2820,-0.2820,0.6241
2.600,0.5351,0.5351,-0.0424,7.5077,7.5077,7.5232,-0.1794,-0.1794,0.6240
2.605,0.5417,0.5417,-0.0423,7.4939,7.4939,7.5077,-0.1794,-0.1794,0.6239
2.609,0.5465,0.5465,-0.0423,7.4845,7.4845,7.4939,-0.1794,-0.1794,0.6238
2.614,0.5517,0.5517,-0.0423,7.4757,7.4757,7.4845,-0.1794,-0.1794,0.6237
2.617,0.5562,0.5562,-0.0423,7.4690,7.4690,7.4757,-0.1794,-0.1794,0.6236
2.622,0.5697,0.5697,-0.0422,7.4708,7.4708,7.4690,-0.1713,-0.1713,0.6235
2.626,0.5750,0.5750,-0.0422,7.4655,7.4655,7.4708,-0.1713,-0.1713,0.6234
2.631,0.5797,0.5797,-0.0422,7.4620,7.4620,7.4655,-0.1713,-0.1713,0.6233
2.634,0.5837,0.5837,-0.0421,7.4599,7.4599,7.4620,-0.1713,-0.1713,0.6232
2.639,0.5964,0.5964,-0.0421,7.4627,7.4627,7.4599,-0.1516,-0.1516,0.6231
2.644,0.6015,0.6015,-0.0421,7.4628,7.4628,7.4627,-0.1516,-0.1516,0.6230
2.648,0.6058,0.6058,-0.0420,7.4641,7.4641,7.4628,-0.1516,-0.1516,0.6229
2.652,0.6102,0.6102,-0.0420,7.4667,7.4667,7.4641,-0.1516,-0.1516,0.6228
2.656,0.6143,0.6143,-0.0419,7.4702,7.4702,7.4667,-0.1516,-0.1516,0.6227
2.661,0.6268,0.6268,-0.0419,7.4831,7.4831,7.4702,-0.1612,-0.1612,0.6226
2.666,0.6312,0.6312,-0.0419,7.4897,7.4897,7.4831,-0.1612,-0.1612,0.6225
2.670,0.6351,0.6351,-0.0418,7.4967,7.4967,7.4897,-0.1612,-0.1612,0.6224
2.679,0.6516,0.6516,-0.0418,7.5264,7.5264,7.4967,-0.1834,-0.1834,0.6223
2.690,0.6608,0.6608,-0.0417,7.5573,7.5573,7.5264,-0.1834,-0.1834,0.6221
2.694,0.6644,0.6644,-0.0416,7.5710,7.5710,7.5573,-0.1834,-0.1834,0.6219
2.699,0.6757,0.6757,-0.0415,7.5929,7.5929,7.5710,-0.2106,-0.2106,0.6218
2.703,0.6796,0.6796,-0.0415,7.6106,7.6106,7.5929,-0.2106,-0.2106,0.6217
2.707,0.6825,0.6825,-0.0414,7.6245,7.6245,7.6106,-0.2106,-0.2106,0.6216
2.713,0.6865,0.6865,-0.0413,7.6467,7.6467,7.6245,-0.2106,-0.2106,0.6215
2.718,0.6976,0.6976,-0.0413,7.6715,7.6715,7.6467,-0.2128,-0.2128,0.6214
2.722,0.7008,0.7008,-0.0412,7.6922,7.6922,7.6715,-0.2128,-0.2128,0.6213
2.726,0.7036,0.7036,-0.0412,7.7108,7.7108,7.6922,-0.2128,-0.2128,0.6212
2.731,0.7071,0.7071,-0.0411,7.7370,7.7370,7.7108,-0.2128,-0.2128,0.6211
2.747,0.7263,0.7263,-0.0410,7.8509,7.8509,7.7370,-0.2883,-0.2883,0.6210
2.753,0.7301,0.7301,-0.0408,7.8893,7.8893,7.8509,-0.2883,-0.2883,0.6206
2.758,0.7415,0.7415,-0.0407,7.9349,7.9349,7.8893,-0.3658,-0.3658,0.6204
2.763,0.7445,0.7445,-0.0407,7.9690,7.9690,7.9349,-0.3658,-0.3658,0.6203
2.767,0.7466,0.7466,-0.0406,7.9940,7.9940,7.9690,-0.3658,-0.3658,0.6201
2.771,0.7487,0.7487,-0.0405,8.0196,8.0196,7.9940,-0.3658,-0.3658,0.6200
2.775,0.7511,0.7511,-0.0405,8.0505,8.0505,8.0000,-0.3658,-0.3658,0.6199
2.780,0.7694,0.7694,-0.0404,8.1689,8.1689,8.0000,-0.7814,-0.7814,0.6198
2.784,0.7717,0.7717,-0.0404,8.2017,8.2017,8.0000,-0.7814,-0.7814,0.6196
2.789,0.7743,0.7743,-0.0403,8.2411,8.2411,8.0000,-0.7814,-0.7814,0.6193
2.798,0.7869,0.7869,-0.0402,8.3256,8.3256,8.0000,-0.8576,-0.8576,0.6191
2.803,0.7892,0.7892,-0.0401,8.3658,8.3658,8.0000,-0.8576,-0.8576,0.6186
2.808,0.7916,0.7916,-0.0400,8.4104,8.4104,8.0000,-0.8576,-0.8576,0.6184
2.812,0.7935,0.7935,-0.0399,8.4472,8.4472,8.0000,-0.8576,-0.8576,0.6181
2.816,0.7952,0.7952,-0.0398,8.4809,8.4809,8.0000,-0.8576,-0.8576,0.6179
2.820,0.8041,0.8041,-0.0398,8.5183,8.5183,8.0000,-0.8954,-0.8954,0.6177
2.828,0.8077,0.8077,-0.0397,8.6003,8.6003,8.0000,-0.8954,-0.8954,0.6175
2.834,0.8100,0.8100,-0.0396,8.6538,8.6538,8.0000,-0.8954,-0.8954,0.6171
2.838,0.8187,0.8187,-0.0395,8.6977,8.6977,8.0000,-0.9245,-0.9245,0.6168
2.843,0.8206,0.8206,-0.0394,8.7451,8.7451,8.0000,-0.9245,-0.9245,0.6165
2.847,0.8222,0.8222,-0.0393,8.7872,8.7872,8.0000,-0.9245,-0.9245,0.6163
2.851,0.8236,0.8236,-0.0393,8.8252,8.8252,8.0000,-0.9245,-0.9245,0.6161
2.855,0.8250,0.8250,-0.0392,8.8670,8.8670,8.0000,-0.9245,-0.9245,0.6159
2.859,0.8343,0.8343,-0.0391,8.9124,8.9124,8.0000,-0.9827,-0.9827,0.6157
2.864,0.8361,0.8361,-0.0391,8.9677,8.9677,8.0000,-0.9827,-0.9827,0.6155
2.868,0.8373,0.8373,-0.0390,9.0074,9.0074,8.0000,-0.9827,-0.9827,0.6152
2.872,0.8389,0.8389,-0.0389,9.0583,9.0583,8.0000,-0.9827,-0.9827,0.6150
2.876,0.8402,0.8402,-0.0388,9.1050,9.1050,8.0000,-0.9827,-0.9827,0.6147
2.881,0.8511,0.8511,-0.0388,9.1690,9.1690,8.0000,-1.0852,-1.0852,0.6145
2.885,0.8525,0.8525,-0.0387,9.2207,9.2207,8.0000,-1.0852,-1.0852,0.6143
2.889,0.8537,0.8537,-0.0386,9.2640,9.2640,8.0000,-1.0852,-1.0852,0.6140
2.893,0.8548,0.8548,-0.0385,9.3065,9.3065,8.0000,-1.0852,-1.0852,0.6138
2.898,0.8666,0.8666,-0.0385,9.3913,9.3913,8.0000,-1.2042,-1.2042,0.6136
2.907,0.8692,0.8692,-0.0384,9.5025,9.5025,8.0000,-1.2042,-1.2042,0.6132
2.912,0.8704,0.8704,-0.0382,9.5595,9.5595,8.0000,-1.2042,-1.2042,0.6126
2.916,0.8715,0.8715,-0.0381,9.6096,9.6096,8.0000,-1.2042,-1.2042,0.6123
2.920,0.8838,0.8838,-0.0381,9.6811,9.6811,8.0000,-1.3445,-1.3445,0.6121
2.924,0.8849,0.8849,-0.0380,9.7356,9.7356,8.0000,-1.3445,-1.3445,0.6118
2.928,0.8859,0.8859,-0.0379,9.7880,9.7880,8.0000,-1.3445,-1.3445,0.6115
2.932,0.8870,0.8870,-0.0378,9.8407,9.8407,8.0000,-1.3445,-1.3445,0.6112
2.936,0.8879,0.8879,-0.0378,9.8893,9.8893,8.0000,-1.3445,-1.3445,0.6110
2.940,0.8998,0.8998,-0.0377,9.9580,9.9580,8.0000,-1.4753,-1.4753,0.6107
2.945,0.9010,0.9010,-0.0376,10.0243,10.0243,8.0000,-1.4753,-1.4753,0.6104
2.950,0.9021,0.9021,-0.0375,10.0867,10.0867,8.0000,-1.4753,-1.4753,0.6100
2.954,0.9029,0.9029,-0.0374,10.1385,10.1385,8.0000,-1.4753,-1.4753,0.6097
2.958,0.9037,0.9037,-0.0374,10.1850,10.1850,8.0000,-1.4753,-1.4753,0.6094
2.962,0.9154,0.9154,-0.0373,10.2621,10.2621,8.0000,-1.5968,-1.5968,0.6091
2.966,0.9163,0.9163,-0.0372,10.3195,10.3195,8.0000,-1.5968,-1.5968,0.6088
2.970,0.9171,0.9171,-0.0371,10.3733,10.3733,8.0000,-1.5968,-1.5968,0.6084
2.981,0.9297,0.9297,-0.0370,10.5296,10.5296,8.0000,-1.7077,-1.7077,0.6081
2.987,0.9308,0.9308,-0.0368,10.6155,10.6155,8.0000,-1.7077,-1.7077,0.6073
2.991,0.9316,0.9316,-0.0367,10.6704,10.6704,8.0000,-1.7077,-1.7077,0.6068
2.996,0.9325,0.9325,-0.0366,10.7387,10.7387,8.0000,-1.7077,-1.7077,0.6064
3.000,0.9447,0.9447,-0.0365,10.8131,10.8131,8.0000,-1.8371,-1.8371,0.6060
3.007,0.9458,0.9458,-0.0364,10.8986,10.8986,8.0000,-1.8371,-1.8371,0.6056
3.017,0.9474,0.9474,-0.0363,11.0361,11.0361,8.0000,-1.8371,-1.8371,0.6051
3.021,0.9576,0.9576,-0.0361,11.1046,11.1046,8.0000,-1.9244,-1.9244,0.6042
3.027,0.9584,0.9584,-0.0360,11.1748,11.1748,8.0000,-1.9244,-1.9244,0.6038
3.031,0.9590,0.9590,-0.0359,11.2367,11.2367,8.0000,-1.9244,-1.9244,0.6034
3.035,0.9596,0.9596,-0.0358,11.2883,11.2883,8.0000,-1.9244,-1.9244,0.6029
3.040,0.9705,0.9705,-0.0358,11.3570,11.3570,8.0000,-2.0260,-2.0260,0.6026
3.046,0.9714,0.9714,-0.0357,11.4398,11.4398,8.0000,-2.0260,-2.0260,0.6022
3.050,0.9719,0.9719,-0.0355,11.4912,11.4912,8.0000,-2.0260,-2.0260,0.6016
3.054,0.9724,0.9724,-0.0354,11.5421,11.5421,8.0000,-2.0260,-2.0260,0.6012
3.058,0.9826,0.9826,-0.0354,11.6055,11.6055,8.0000,-2.1158,-2.1158,0.6008
3.063,0.9832,0.9832,-0.0353,11.6680,11.6680,8.0000,-2.1158,-2.1158,0.6004
3.068,0.9837,0.9837,-0.0352,11.7202,11.7202,8.0000,-2.1158,-2.1158,0.5999
3.073,0.9842,0.9842,-0.0351,11.7789,11.7789,8.0000,-2.1158,-2.1158,0.5995
3.077,0.9848,0.9848,-0.0350,11.8357,11.8357,8.0000,-2.1158,-2.1158,0.5991
3.082,0.9978,0.9978,-0.0349,11.9084,11.9084,8.0000,-2.2551,-2.2551,0.5986
3.086,0.9983,0.9983,-0.0348,11.9624,11.9624,8.0000,-2.2551,-2.2551,0.5982
3.091,0.9987,0.9987,-0.0347,12.0101,12.0101,8.0000,-2.2551,-2.2551,0.5977
3.095,0.9992,0.9992,-0.0346,12.0628,12.0628,8.0000,-2.2551,-2.2551,0.5973
3.100,1.0116,1.0116,-0.0345,12.1338,12.1338,8.0000,-2.3844,-2.3844,0.5969
3.106,1.0121,1.0121,-0.0344,12.1953,12.1953,8.0000,-2.3844,-2.3844,0.5964
3.112,1.0127,1.0127,-0.0343,12.2647,12.2647,8.0000,-2.3844,-2.3844,0.5958
3.120,1.0246,1.0246,-0.0342,12.3606,12.3606,8.0000,-2.5044,-2.5044,0.5951
3.125,1.0250,1.0250,-0.0340,12.4104,12.4104,8.0000,-2.5044,-2.5044,0.5943
3.136,1.0259,1.0259,-0.0339,12.4849,12.4849,8.0000,-2.5044,-2.5044,0.5937
3.142,1.0355,1.0355,-0.0337,12.5223,12.5223,8.0000,-2.5956,-2.5956,0.5926
3.147,1.0360,1.0360,-0.0335,12.5403,12.5403,8.0000,-2.5956,-2.5956,0.5919
3.152,1.0363,1.0363,-0.0334,12.5491,12.5491,8.0000,-2.5956,-2.5956,0.5913
3.156,1.0366,1.0366,-0.0333,12.5528,12.5528,8.0000,-2.5956,-2.5956,0.5908
3.161,1.0451,1.0451,-0.0332,12.5566,12.5566,8.0000,-2.6738,-2.6738,0.5904
3.167,1.0455,1.0455,-0.0331,12.5457,12.5457,8.0000,-2.6738,-2.6738,0.5898
3.171,1.0458,1.0458,-0.0330,12.5344,12.5344,8.0000,-2.6738,-2.6738,0.5891
3.175,1.0460,1.0460,-0.0329,12.5188,12.5188,8.0000,-2.6738,-2.6738,0.5887
3.180,1.0534,1.0534,-0.0328,12.5046,12.5046,8.0000,-2.7383,-2.7383,0.5882
3.185,1.0537,1.0537,-0.0327,12.4893,12.4893,8.0000,-2.7383,-2.7383,0.5876
3.189,1.0539,1.0539,-0.0326,12.4784,12.4784,8.0000,-2.7383,-2.7383,0.5871
3.194,1.0542,1.0542,-0.0325,12.4684,12.4684,8.0000,-2.7383,-2.7383,0.5866
3.199,1.0584,1.0584,-0.0324,12.4507,12.4507,8.0000,-2.7592,-2.7592,0.5861
3.205,1.0587,1.0587,-0.0323,12.4433,12.4433,8.0000,-2.7592,-2.7592,0.5855
3.210,1.0590,1.0590,-0.0322,12.4379,12.4379,8.0000,-2.7592,-2.7592,0.5849
3.216,1.0593,1.0593,-0.0321,12.4342,12.4342,8.0000,-2.7592,-2.7592,0.5843
3.224,1.0621,1.0621,-0.0320,12.4204,12.4204,8.0000,-2.7604,-2.7604,0.5836
3.234,1.0626,1.0626,-0.0318,12.4238,12.4238,8.0000,-2.7604,-2.7604,0.5828
3.239,1.0660,1.0660,-0.0316,12.4164,12.4164,8.0000,-2.7719,-2.7719,0.5817
3.245,1.0663,1.0663,-0.0315,12.4215,12.4215,8.0000,-2.7719,-2.7719,0.5812
3.250,1.0664,1.0664,-0.0314,12.4256,12.4256,8.0000,-2.7719,-2.7719,0.5805
3.254,1.0666,1.0666,-0.0313,12.4301,12.4301,8.0000,-2.7719,-2.7719,0.5800
3.258,1.0726,1.0726,-0.0312,12.4340,12.4340,8.0000,-2.8228,-2.8228,0.5795
3.264,1.0728,1.0728,-0.0311,12.4409,12.4409,8.0000,-2.8228,-2.8228,0.5791
3.268,1.0730,1.0730,-0.0310,12.4462,12.4462,8.0000,-2.8228,-2.8228,0.5785
3.272,1.0731,1.0731,-0.0309,12.4518,12.4518,8.0000,-2.8228,-2.8228,0.5780
3.278,1.0755,1.0755,-0.0308,12.4487,12.4487,8.0000,-2.8238,-2.8238,0.5776
3.288,1.0758,1.0758,-0.0307,12.4637,12.4637,8.0000,-2.8238,-2.8238,0.5770
3.295,1.0761,1.0761,-0.0305,12.4740,12.4740,8.0000,-2.8238,-2.8238,0.5759
3.299,1.0783,1.0783,-0.0303,12.4693,12.4693,8.0000,-2.8255,-2.8255,0.5752
3.304,1.0785,1.0785,-0.0302,12.4754,12.4754,8.0000,-2.8255,-2.8255,0.5747
3.309,1.0786,1.0786,-0.0302,12.4821,12.4821,8.0000,-2.8255,-2.8255,0.5743
3.314,1.0788,1.0788,-0.0301,12.4879,12.4879,8.0000,-2.8255,-2.8255,0.5737
3.318,1.0796,1.0796,-0.0300,12.4786,12.4786,8.0000,-2.8071,-2.8071,0.5732
3.323,1.0797,1.0797,-0.0299,12.4835,12.4835,8.0000,-2.8071,-2.8071,0.5728
3.329,1.0799,1.0799,-0.0298,12.4887,12.4887,8.0000,-2.8071,-2.8071,0.5723
3.339,1.0795,1.0795,-0.0297,12.4770,12.4770,8.0000,-2.7679,-2.7679,0.5717
3.345,1.0796,1.0796,-0.0295,12.4792,12.4792,8.0000,-2.7679,-2.7679,0.5707
3.349,1.0797,1.0797,-0.0293,12.4800,12.4800,8.0000,-2.7679,-2.7679,0.5701
3.353,1.0798,1.0798,-0.0293,12.4802,12.4802,8.0000,-2.7679,-2.7679,0.5697
3.357,1.0799,1.0799,-0.0292,12.4797,12.4797,8.0000,-2.7679,-2.7679,0.5693
3.362,1.0767,1.0767,-0.0291,12.4546,12.4546,8.0000,-2.6896,-2.6896,0.5690
3.367,1.0768,1.0768,-0.0290,12.4523,12.4523,8.0000,-2.6896,-2.6896,0.5685
3.372,1.0769,1.0769,-0.0289,12.4491,12.4491,8.0000,-2.6896,-2.6896,0.5681
3.375,1.0770,1.0770,-0.0289,12.4458,12.4458,8.0000,-2.6896,-2.6896,0.5677
3.380,1.0708,1.0708,-0.0288,12.4109,12.4109,8.0000,-2.5643,-2.5643,0.5674
3.385,1.0709,1.0709,-0.0287,12.4043,12.4043,8.0000,-2.5643,-2.5643,0.5670
3.389,1.0710,1.0710,-0.0286,12.3977,12.3977,8.0000,-2.5643,-2.5643,0.5666
3.393,1.0711,1.0711,-0.0285,12.3897,12.3897,8.0000,-2.5643,-2.5643,0.5662
3.399,1.0648,1.0648,-0.0285,12.3496,12.3496,8.0000,-2.4302,-2.4302,0.5659
3.403,1.0649,1.0649,-0.0284,12.3394,12.3394,8.0000,-2.4302,-2.4302,0.5655
3.407,1.0649,1.0649,-0.0283,12.3300,12.3300,8.0000,-2.4302,-2.4302,0.5651
3.412,1.0650,1.0650,-0.0282,12.3164,12.3164,8.0000,-2.4302,-2.4302,0.5648
3.417,1.0651,1.0651,-0.0281,12.3024,12.3024,8.0000,-2.4302,-2.4302,0.5645
3.421,1.0563,1.0563,-0.0281,12.2571,12.2571,8.0000,-2.2521,-2.2521,0.5641
3.425,1.0564,1.0564,-0.0280,12.2421,12.2421,8.0000,-2.2521,-2.2521,0.5639
3.431,1.0564,1.0564,-0.0279,12.2212,12.2212,8.0000,-2.2521,-2.2521,0.5636
3.440,1.0501,1.0501,-0.0278,12.1545,12.1545,8.0000,-2.1017,-2.1017,0.5633
3.450,1.0502,1.0502,-0.0277,12.1052,12.1052,8.0000,-2.1017,-2.1017,0.5627
3.454,1.0503,1.0503,-0.0275,12.0866,12.0866,8.0000,-2.1017,-2.1017,0.5622
3.458,1.0450,1.0450,-0.0275,12.0479,12.0479,8.0000,-1.9617,-1.9617,0.5620
3.464,1.0451,1.0451,-0.0274,12.0154,12.0154,8.0000,-1.9617,-1.9617,0.5618
3.468,1.0451,1.0451,-0.0273,11.9927,11.9927,8.0000,-1.9617,-1.9617,0.5615
3.472,1.0452,1.0452,-0.0272,11.9698,11.9698,8.0000,-1.9617,-1.9617,0.5613
3.475,1.0452,1.0452,-0.0272,11.9469,11.9469,8.0000,-1.9617,-1.9617,0.5612
3.480,1.0381,1.0381,-0.0271,11.8992,11.8992,8.0000,-1.7851,-1.7851,0.5610
3.484,1.0382,1.0382,-0.0271,11.8714,11.8714,8.0000,-1.7851,-1.7851,0.5608
3.488,1.0382,1.0382,-0.0270,11.8469,11.8469,8.0000,-1.7851,-1.7851,0.5607
3.491,1.0383,1.0383,-0.0269,11.8209,11.8209,8.0000,-1.7851,-1.7851,0.5605
3.495,1.0383,1.0383,-0.0269,11.7928,11.7928,8.0000,-1.7851,-1.7851,0.5604
3.499,1.0294,1.0294,-0.0268,11.7410,11.7410,8.0000,-1.5681,-1.5681,0.5602
3.504,1.0295,1.0295,-0.0268,11.7089,11.7089,8.0000,-1.5681,-1.5681,0.5601
3.508,1.0295,1.0295,-0.0267,11.6783,11.6783,8.0000,-1.5681,-1.5681,0.5600
3.514,1.0295,1.0295,-0.0267,11.6331,11.6331,8.0000,-1.5681,-1.5681,0.5599
3.518,1.0192,1.0192,-0.0266,11.5774,11.5774,8.0000,-1.3132,-1.3132,0.5598
3.522,1.0193,1.0193,-0.0265,11.5423,11.5423,8.0000,-1.3132,-1.3132,0.5597
3.526,1.0193,1.0193,-0.0265,11.5078,11.5078,8.0000,-1.3132,-1.3132,0.5597
3.530,1.0194,1.0194,-0.0264,11.4727,11.4727,8.0000,-1.3132,-1.3132,0.5596
3.534,1.0194,1.0194,-0.0264,11.4399,11.4399,8.0000,-1.3132,-1.3132,0.5596
3.538,1.0079,1.0079,-0.0263,11.3857,11.3857,8.0000,-1.0205,-1.0205,0.5595
3.544,1.0079,1.0079,-0.0263,11.3339,11.3339,8.0000,-1.0205,-1.0205,0.5595
3.548,1.0080,1.0080,-0.0262,11.2973,11.2973,8.0000,-1.0205,-1.0205,0.5595
3.553,1.0080,1.0080,-0.0261,11.2523,11.2523,8.0000,-1.0205,-1.0205,0.5595
3.561,0.9972,0.9972,-0.0261,11.1595,11.1595,8.0000,-0.7204,-0.7204,0.5596
3.565,0.9972,0.9972,-0.0260,11.1147,11.1147,8.0000,-0.7204,-0.7204,0.5597
3.569,0.9973,0.9973,-0.0259,11.0779,11.0779,8.0000,-0.7204,-0.7204,0.5598
3.574,0.9973,0.9973,-0.0259,11.0338,11.0338,8.0000,-0.7204,-0.7204,0.5598
3.578,0.9883,0.9883,-0.0258,10.9794,10.9794,8.0000,-0.4327,-0.4327,0.5599
3.583,0.9883,0.9883,-0.0258,10.9310,10.9310,8.0000,-0.4327,-0.4327,0.5601
3.592,0.9884,0.9884,-0.0257,10.8424,10.8424,8.0000,-0.4327,-0.4327,0.5602
3.597,0.9884,0.9884,-0.0256,10.7829,10.7829,8.0000,-0.4327,-0.4327,0.5605
3.602,0.9811,0.9811,-0.0256,10.7375,10.7375,8.0000,-0.1567,-0.1567,0.5606
3.607,0.9811,0.9811,-0.0255,10.6858,10.6858,8.0000,-0.1567,-0.1567,0.5608
3.611,0.9811,0.9811,-0.0255,10.6380,10.6380,8.0000,-0.1567,-0.1567,0.5610
3.615,0.9812,0.9812,-0.0254,10.5973,10.5973,8.0000,-0.1567,-0.1567,0.5612
3.620,0.9735,0.9735,-0.0254,10.5494,10.5494,8.0000,0.1488,0.1488,0.5614
3.625,0.9736,0.9736,-0.0254,10.4972,10.4972,8.0000,0.1488,0.1488,0.5617
3.629,0.9736,0.9736,-0.0253,10.4477,10.4477,8.0000,0.1488,0.1488,0.5620
3.634,0.9736,0.9736,-0.0253,10.3964,10.3964,8.0000,0.1488,0.1488,0.5622
3.638,0.9656,0.9656,-0.0252,10.3603,10.3603,8.0000,0.4910,0.4910,0.5625
3.642,0.9656,0.9656,-0.0252,10.3112,10.3112,8.0000,0.4910,0.4910,0.5628
3.646,0.9656,0.9656,-0.0251,10.2663,10.2663,8.0000,0.4910,0.4910,0.5631
3.650,0.9656,0.9656,-0.0251,10.2232,10.2232,8.0000,0.4910,0.4910,0.5634
3.654,0.9656,0.9656,-0.0251,10.1815,10.1815,8.0000,0.4910,0.4910,0.5637
3.659,0.9578,0.9578,-0.0250,10.1343,10.1343,8.0000,0.8638,0.8638,0.5640
3.670,0.9578,0.9578,-0.0250,10.0132,10.0132,8.0000,0.8638,0.8638,0.5645
3.674,0.9578,0.9578,-0.0249,9.9715,9.9715,8.0000,0.8638,0.8638,0.5654
3.678,0.9505,0.9505,-0.0249,9.9348,9.9348,8.0000,1.2636,1.2636,0.5658
3.683,0.9505,0.9505,-0.0248,9.8792,9.8792,8.0000,1.2636,1.2636,0.5663
3.687,0.9505,0.9505,-0.0248,9.8363,9.8363,8.0000,1.2636,1.2636,0.5668
3.691,0.9505,0.9505,-0.0248,9.7949,9.7949,8.0000,1.2636,1.2636,0.5672
3.695,0.9506,0.9506,-0.0247,9.7497,9.7497,8.0000,1.2636,1.2636,0.5677
3.700,0.9441,0.9441,-0.0247,9.7145,9.7145,8.0000,1.6848,1.6848,0.5681
3.704,0.9442,0.9442,-0.0247,9.6686,9.6686,8.0000,1.6848,1.6848,0.5687
3.708,0.9442,0.9442,-0.0246,9.6280,9.6280,8.0000,1.6848,1.6848,0.5692
3.713,0.9442,0.9442,-0.0246,9.5802,9.5802,8.0000,1.6848,1.6848,0.5697
3.717,0.9442,0.9442,-0.0246,9.5385,9.5385,8.0000,1.6848,1.6848,0.5703
3.720,0.9403,0.9403,-0.0245,9.5193,9.5193,8.0000,2.0886,2.0886,0.5708
3.725,0.9403,0.9403,-0.0245,9.4725,9.4725,8.0000,2.0886,2.0886,0.5713
3.731,0.9403,0.9403,-0.0245,9.4059,9.4059,8.0000,2.0886,2.0886,0.5720
3.735,0.9403,0.9403,-0.0244,9.3619,9.3619,8.0000,2.0886,2.0886,0.5729
3.744,0.9392,0.9392,-0.0244,9.2904,9.2904,8.0000,2.4657,2.4657,0.5735
3.750,0.9392,0.9392,-0.0243,9.2315,9.2315,8.0000,2.4657,2.4657,0.5749
3.754,0.9392,0.9392,-0.0243,9.1934,9.1934,8.0000,2.4657,2.4657,0.5758
3.758,0.9398,0.9398,-0.0243,9.1831,9.1831,8.0000,2.8466,2.8466,0.5764
3.763,0.9398,0.9398,-0.0243,9.1287,9.1287,8.0000,2.8466,2.8466,0.5771
3.767,0.9398,0.9398,-0.0242,9.0880,9.0880,8.0000,2.8466,2.8466,0.5781
3.772,0.9398,0.9398,-0.0242,9.0371,9.0371,8.0000,2.8466,2.8466,0.5788
3.780,0.9419,0.9419,-0.0242,8.9907,8.9907,8.0000,3.2393,3.2393,0.5797
3.784,0.9419,0.9419,-0.0241,8.9480,8.9480,8.0000,3.2393,3.2393,0.5812
3.788,0.9419,0.9419,-0.0241,8.9091,8.9091,8.0000,3.2393,3.2393,0.5820
3.792,0.9419,0.9419,-0.0240,8.8725,8.8725,8.0000,3.2393,3.2393,0.5828
3.796,0.9419,0.9419,-0.0240,8.8297,8.8297,8.0000,3.2393,3.2393,0.5835
3.800,0.9458,0.9458,-0.0240,8.8307,8.8307,8.0000,3.6397,3.6397,0.5843
3.806,0.9458,0.9458,-0.0240,8.7774,8.7774,8.0000,3.6397,3.6397,0.5851
3.810,0.9458,0.9458,-0.0239,8.7367,8.7367,8.0000,3.6397,3.6397,0.5862
3.814,0.9458,0.9458,-0.0239,8.6972,8.6972,8.0000,3.6397,3.6397,0.5871
3.819,0.9514,0.9514,-0.0239,8.6940,8.6940,8.0000,4.0454,4.0454,0.5880
3.823,0.9514,0.9514,-0.0238,8.6497,8.6497,8.0000,4.0454,4.0454,0.5890
3.827,0.9514,0.9514,-0.0238,8.6125,8.6125,8.0000,4.0454,4.0454,0.5900
3.832,0.9514,0.9514,-0.0238,8.5742,8.5742,8.0000,4.0454,4.0454,0.5909
3.837,0.9514,0.9514,-0.0237,8.5293,8.5293,8.0000,4.0454,4.0454,0.5919
3.841,0.9590,0.9590,-0.0237,8.5314,8.5314,8.0000,4.4349,4.4349,0.5930
3.846,0.9590,0.9590,-0.0237,8.4880,8.4880,8.0000,4.4349,4.4349,0.5940
3.850,0.9590,0.9590,-0.0236,8.4529,8.4529,8.0000,4.4349,4.4349,0.5951
3.853,0.9590,0.9590,-0.0236,8.4201,8.4201,8.0000,4.4349,4.4349,0.5961
3.857,0.9591,0.9591,-0.0236,8.3884,8.3884,8.0000,4.4349,4.4349,0.5969
3.861,0.9687,0.9687,-0.0236,8.3929,8.3929,8.0000,4.7913,4.7913,0.5978
3.866,0.9687,0.9687,-0.0235,8.3535,8.3535,8.0000,4.7913,4.7913,0.5988
3.870,0.9687,0.9687,-0.0235,8.3211,8.3211,8.0000,4.7913,4.7913,0.6000
3.875,0.9687,0.9687,-0.0235,8.2921,8.2921,8.0000,4.7913,4.7913,0.6011
3.884,0.9800,0.9800,-0.0234,8.2995,8.2995,8.0000,5.1293,5.1293,0.6024
3.888,0.9800,0.9800,-0.0234,8.2869,8.2869,8.0000,5.1293,5.1293,0.6045
3.897,0.9800,0.9800,-0.0233,8.2800,8.2800,8.0000,5.1293,5.1293,0.6057
3.903,0.9926,0.9926,-0.0233,8.3203,8.3203,8.0000,5.4519,5.4519,0.6080
3.907,0.9926,0.9926,-0.0232,8.3259,8.3259,8.0000,5.4519,5.4519,0.6096
3.911,0.9926,0.9926,-0.0232,8.3345,8.3345,8.0000,5.4519,5.4519,0.6108
3.915,0.9926,0.9926,-0.0231,8.3453,8.3453,8.0000,5.4519,5.4519,0.6119
3.919,1.0062,1.0062,-0.0231,8.3900,8.3900,8.0000,5.7548,5.7548,0.6130
3.924,1.0062,1.0062,-0.0231,8.3999,8.3999,8.0000,5.7548,5.7548,0.6140
3.928,1.0062,1.0062,-0.0230,8.4075,8.4075,8.0000,5.7548,5.7548,0.6154
3.933,1.0062,1.0062,-0.0230,8.4137,8.4137,8.0000,5.7548,5.7548,0.6167
3.937,1.0062,1.0062,-0.0229,8.4176,8.4176,8.0000,5.7548,5.7548,0.6180
3.941,1.0205,1.0205,-0.0229,8.4535,8.4535,8.0000,6.0340,6.0340,0.6191
3.945,1.0205,1.0205,-0.0229,8.4557,8.4557,8.0000,6.0340,6.0340,0.6202
3.949,1.0205,1.0205,-0.0228,8.4564,8.4564,8.0000,6.0340,6.0340,0.6215
3.953,1.0205,1.0205,-0.0228,8.4562,8.4562,8.0000,6.0340,6.0340,0.6226
3.957,1.0205,1.0205,-0.0228,8.4548,8.4548,8.0000,6.0340,6.0340,0.6237
3.961,1.0351,1.0351,-0.0227,8.4819,8.4819,8.0000,6.2877,6.2877,0.6247
3.966,1.0351,1.0351,-0.0227,8.4755,8.4755,8.0000,6.2877,6.2877,0.6259
3.969,1.0351,1.0351,-0.0226,8.4702,8.4702,8.0000,6.2877,6.2877,0.6275
3.973,1.0351,1.0351,-0.0226,8.4635,8.4635,8.0000,6.2877,6.2877,0.6285
3.979,1.0497,1.0497,-0.0226,8.4785,8.4785,8.0000,6.5152,6.5152,0.6297
3.987,1.0497,1.0497,-0.0225,8.4569,8.4569,8.0000,6.5152,6.5152,0.6313
3.991,1.0497,1.0497,-0.0224,8.4455,8.4455,8.0000,6.5152,6.5152,0.6337
3.995,1.0497,1.0497,-0.0224,8.4300,8.4300,8.0000,6.5152,6.5152,0.6349
4.000,1.0639,1.0639,-0.0223,8.4379,8.4379,8.0000,6.7092,6.7092,0.6363
4.004,1.0639,1.0639,-0.0223,8.4218,8.4218,8.0000,6.7092,6.7092,0.6377
4.008,1.0639,1.0639,-0.0222,8.4083,8.4083,8.0000,6.7092,6.7092,0.6391
4.013,1.0639,1.0639,-0.0222,8.3901,8.3901,8.0000,6.7092,6.7092,0.6402
4.017,1.0639,1.0639,-0.0221,8.3763,8.3763,8.0000,6.7092,6.7092,0.6417
4.021,1.0751,1.0751,-0.0221,8.3748,8.3748,8.0000,6.6662,6.6662,0.6428
4.026,1.0751,1.0751,-0.0221,8.3548,8.3548,8.0000,6.6662,6.6662,0.6439
4.030,1.0751,1.0751,-0.0220,8.3374,8.3374,8.0000,6.6662,6.6662,0.6455
4.034,1.0751,1.0751,-0.0219,8.3233,8.3233,8.0000,6.6662,6.6662,0.6468
4.038,1.0784,1.0784,-0.0219,8.3034,8.3034,8.0000,5.9476,5.9476,0.6479
4.042,1.0785,1.0785,-0.0219,8.2854,8.2854,8.0000,5.9476,5.9476,0.6488
4.051,1.0785,1.0785,-0.0218,8.2509,8.2509,8.0000,5.9476,5.9476,0.6500
4.058,1.0837,1.0837,-0.0217,8.2187,8.2187,8.0000,5.5015,5.5015,0.6521
4.063,1.0837,1.0837,-0.0216,8.1964,8.1964,8.0000,5.5015,5.5015,0.6538
4.067,1.0837,1.0837,-0.0216,8.1781,8.1781,8.0000,5.5015,5.5015,0.6550
4.071,1.0837,1.0837,-0.0215,8.1611,8.1611,8.0000,5.5015,5.5015,0.6559
4.075,1.0837,1.0837,-0.0215,8.1445,8.1445,8.0000,5.5015,5.5015,0.6568
4.079,1.0885,1.0885,-0.0214,8.1237,8.1237,8.0000,5.0777,5.0777,0.6576
4.085,1.0885,1.0885,-0.0214,8.0974,8.0974,8.0000,5.0777,5.0777,0.6585
4.093,1.0885,1.0885,-0.0213,8.0569,8.0569,8.0000,5.0777,5.0777,0.6596
4.097,1.0885,1.0885,-0.0212,8.0364,8.0364,8.0000,5.0777,5.0777,0.6612
4.101,1.0930,1.0930,-0.0212,8.0161,8.0161,8.0000,4.6726,4.6726,0.6621
4.106,1.0930,1.0930,-0.0212,7.9899,7.9899,8.0000,4.6726,4.6726,0.6627
4.111,1.0930,1.0930,-0.0211,7.9695,7.9695,7.9899,4.6726,4.6726,0.6637
4.115,1.0930,1.0930,-0.0210,7.9493,7.9493,7.9695,4.6726,4.6726,0.6645
4.119,1.0983,1.0983,-0.0210,7.9280,7.9280,7.9493,4.4838,4.4838,0.6652
4.123,1.0983,1.0983,-0.0210,7.9073,7.9073,7.9280,4.4838,4.4838,0.6658
4.127,1.0983,1.0983,-0.0209,7.8883,7.8883,7.9073,4.4838,4.4838,0.6665
4.131,1.0983,1.0983,-0.0209,7.8694,7.8694,7.8883,4.4838,4.4838,0.6672
4.136,1.0983,1.0983,-0.0208,7.8496,7.8496,7.8694,4.4838,4.4838,0.6679
4.140,1.1027,1.1027,-0.0208,7.8338,7.8338,7.8496,3.9075,3.9075,0.6686
4.144,1.1027,1.1027,-0.0207,7.8131,7.8131,7.8338,3.9075,3.9075,0.6691
4.148,1.1027,1.1027,-0.0207,7.7950,7.7950,7.8131,3.9075,3.9075,0.6697
4.152,1.1027,1.1027,-0.0206,7.7792,7.7792,7.7950,3.9075,3.9075,0.6703
4.156,1.1027,1.1027,-0.0206,7.7609,7.7609,7.7792,3.9075,3.9075,0.6708
4.161,1.1062,1.1062,-0.0205,7.7294,7.7294,7.7609,3.9122,3.9122,0.6713
4.166,1.1062,1.1062,-0.0205,7.7071,7.7071,7.7294,3.9122,3.9122,0.6719
4.170,1.1062,1.1062,-0.0204,7.6909,7.6909,7.7071,3.9122,3.9122,0.6726
4.173,1.1062,1.1062,-0.0204,7.6744,7.6744,7.6909,3.9122,3.9122,0.6731
4.178,1.1062,1.1062,-0.0203,7.6560,7.6560,7.6744,3.9122,3.9122,0.6736
4.182,1.1125,1.1125,-0.0203,7.6397,7.6397,7.6560,3.3696,3.3696,0.6741
4.188,1.1129,1.1129,-0.0202,7.6145,7.6145,7.6397,3.3696,3.3696,0.6745
4.196,1.1147,1.1147,-0.0202,7.5777,7.5777,7.6145,3.3696,3.3696,0.6751
4.205,1.1204,1.1204,-0.0201,7.5260,7.5260,7.5777,3.3784,3.3784,0.6759
4.211,1.1252,1.1252,-0.0200,7.4995,7.4995,7.5260,3.3784,3.3784,0.6768
4.215,1.1292,1.1292,-0.0199,7.4827,7.4827,7.4995,3.3784,3.3784,0.6774
4.219,1.1407,1.1407,-0.0199,7.4712,7.4712,7.4827,2.8647,2.8647,0.6778
4.223,1.1473,1.1473,-0.0198,7.4525,7.4525,7.4712,2.8647,2.8647,0.6780
4.228,1.1557,1.1557,-0.0198,7.4328,7.4328,7.4525,2.8647,2.8647,0.6784
4.232,1.1635,1.1635,-0.0197,7.4171,7.4171,7.4328,2.8647,2.8647,0.6787
4.236,1.1716,1.1716,-0.0197,7.4029,7.4029,7.4171,2.8647,2.8647,0.6790
4.240,1.1812,1.1812,-0.0196,7.3750,7.3750,7.4029,2.8831,2.8831,0.6793
4.245,1.1954,1.1954,-0.0195,7.3551,7.3551,7.3750,2.8831,2.8831,0.6795
4.249,1.2073,1.2073,-0.0195,7.3402,7.3402,7.3551,2.8831,2.8831,0.6799
4.253,1.2188,1.2188,-0.0194,7.3271,7.3271,7.3402,2.8831,2.8831,0.6802
4.257,1.2328,1.2328,-0.0193,7.3124,7.3124,7.3271,2.8831,2.8831,0.6804
4.262,1.2553,1.2553,-0.0193,7.2922,7.2922,7.3124,2.5703,2.5703,0.6807
4.266,1.2728,1.2728,-0.0192,7.2770,7.2770,7.2922,2.5703,2.5703,0.6810
4.270,1.2877,1.2877,-0.0191,7.2648,7.2648,7.2770,2.5703,2.5703,0.6812
4.274,1.3041,1.3041,-0.0190,7.2522,7.2522,7.2648,2.5703,2.5703,0.6814
4.278,1.3252,1.3252,-0.0190,7.2312,7.2312,7.2522,2.4308,2.4308,0.6816
4.282,1.3459,1.3459,-0.0189,7.2170,7.2170,7.2312,2.4308,2.4308,0.6818
4.286,1.3642,1.3642,-0.0188,7.2051,7.2051,7.2170,2.4308,2.4308,0.6820
4.292,1.3967,1.3967,-0.0187,7.1850,7.1850,7.2051,2.4308,2.4308,0.6822
4.301,1.4444,1.4444,-0.0186,7.1519,7.1519,7.1850,2.2883,2.2883,0.6825
4.306,1.4736,1.4736,-0.0183,7.1363,7.1363,7.1519,2.2883,2.2883,0.6828
4.310,1.4992,1.4992,-0.0182,7.1232,7.1232,7.1363,2.2883,2.2883,0.6830
4.314,1.5249,1.5249,-0.0181,7.1106,7.1106,7.1232,2.2883,2.2883,0.6831
4.318,1.5497,1.5497,-0.0180,7.0929,7.0929,7.1106,2.1555,2.1555,0.6833
4.323,1.5826,1.5826,-0.0178,7.0779,7.0779,7.0929,2.1555,2.1555,0.6834
4.328,1.6130,1.6130,-0.0177,7.0648,7.0648,7.0779,2.1555,2.1555,0.6836
4.332,1.6393,1.6393,-0.0175,7.0540,7.0540,7.0648,2.1555,2.1555,0.6837
4.336,1.6660,1.6660,-0.0174,7.0434,7.0434,7.0540,2.1555,2.1555,0.6838
4.340,1.6925,1.6925,-0.0172,7.0275,7.0275,7.0434,2.0198,2.0198,0.6839
4.344,1.7273,1.7273,-0.0171,7.0148,7.0148,7.0275,2.0198,2.0198,0.6840
4.349,1.7577,1.7577,-0.0169,7.0041,7.0041,7.0148,2.0198,2.0198,0.6841
4.358,1.8230,1.8230,-0.0167,6.9826,6.9826,7.0041,2.0198,2.0198,0.6842
4.364,1.8672,1.8672,-0.0164,6.9654,6.9654,6.9826,1.7293,1.7293,0.6844
4.368,1.9000,1.9000,-0.0161,6.9556,6.9556,6.9654,1.7293,1.7293,0.6845
4.372,1.9282,1.9282,-0.0159,6.9475,6.9475,6.9556,1.7293,1.7293,0.6845
4.376,1.9557,1.9557,-0.0157,6.9398,6.9398,6.9475,1.7293,1.7293,0.6846
4.381,1.9911,1.9911,-0.0155,6.9242,6.9242,6.9398,1.5885,1.5885,0.6846
4.385,2.0230,2.0230,-0.0153,6.9159,6.9159,6.9242,1.5885,1.5885,0.6846
4.389,2.0515,2.0515,-0.0151,6.9087,6.9087,6.9159,1.5885,1.5885,0.6846
4.394,2.0906,2.0906,-0.0149,6.8989,6.8989,6.9087,1.5885,1.5885,0.6846
4.403,2.1576,2.1576,-0.0146,6.8749,6.8749,6.8989,1.5814,1.5814,0.6846
4.407,2.1901,2.1901,-0.0141,6.8672,6.8672,6.8749,1.5814,1.5814,0.6846
4.419,2.2716,2.2716,-0.0138,6.8435,6.8435,6.8672,1.3127,1.3127,0.6846
4.431,2.3628,2.3628,-0.0131,6.8225,6.8225,6.8435,1.3127,1.3127,0.6844
4.438,2.4143,2.4143,-0.0123,6.8033,6.8033,6.8225,1.4939,1.4939,0.6843
4.444,2.4560,2.4560,-0.0119,6.7944,6.7944,6.8033,1.4939,1.4939,0.6843
4.449,2.4948,2.4948,-0.0114,6.7864,6.7864,6.7944,1.4939,1.4939,0.6842
4.453,2.5218,2.5218,-0.0111,6.7810,6.7810,6.7864,1.4939,1.4939,0.6842
4.457,2.5494,2.5494,-0.0108,6.7756,6.7756,6.7810,1.4939,1.4939,0.6842
4.461,2.5707,2.5707,-0.0105,6.7672,6.7672,6.7756,1.2487,1.2487,0.6842
4.466,2.6054,2.6054,-0.0102,6.7608,6.7608,6.7672,1.2487,1.2487,0.6841
4.470,2.6301,2.6301,-0.0098,6.7563,6.7563,6.7608,1.2487,1.2487,0.6840
4.474,2.6548,2.6548,-0.0095,6.7520,6.7520,6.7563,1.2487,1.2487,0.6840
4.478,2.6856,2.6856,-0.0092,6.7395,6.7395,6.7520,1.3117,1.3117,0.6839
4.483,2.7133,2.7133,-0.0089,6.7349,6.7349,6.7395,1.3117,1.3117,0.6839
4.487,2.7369,2.7369,-0.0085,6.7311,6.7311,6.7349,1.3117,1.3117,0.6838
4.490,2.7601,2.7601,-0.0082,6.7274,6.7274,6.7311,1.3117,1.3117,0.6838
4.495,2.7916,2.7916,-0.0079,6.7226,6.7226,6.7274,1.3117,1.3117,0.6837
4.501,2.8155,2.8155,-0.0075,6.7150,6.7150,6.7226,1.0805,1.0805,0.6837
4.512,2.8788,2.8788,-0.0070,6.7056,6.7056,6.7150,1.0805,1.0805,0.6835
4.517,2.9069,2.9069,-0.0061,6.7014,6.7014,6.7056,1.0805,1.0805,0.6833
4.520,2.9302,2.9302,-0.0057,6.6877,6.6877,6.7014,1.1694,1.1694,0.6832
4.525,2.9562,2.9562,-0.0054,6.6837,6.6837,6.6877,1.1694,1.1694,0.6831
4.530,2.9826,2.9826,-0.0049,6.6796,6.6796,6.6837,1.1694,1.1694,0.6830
4.534,3.0016,3.0016,-0.0045,6.6766,6.6766,6.6796,1.1694,1.1694,0.6829
4.538,3.0192,3.0192,-0.0041,6.6653,6.6653,6.6766,1.1141,1.1141,0.6828
4.543,3.0425,3.0425,-0.0038,6.6615,6.6615,6.6653,1.1141,1.1141,0.6828
4.547,3.0634,3.0634,-0.0034,6.6583,6.6583,6.6615,1.1141,1.1141,0.6827
4.551,3.0816,3.0816,-0.0030,6.6555,6.6555,6.6583,1.1141,1.1141,0.6826
4.556,3.1007,3.1007,-0.0026,6.6525,6.6525,6.6555,1.1141,1.1141,0.6825
4.560,3.1138,3.1138,-0.0022,6.6468,6.6468,6.6525,0.9073,0.9073,0.6824
4.565,3.1351,3.1351,-0.0018,6.6437,6.6437,6.6468,0.9073,0.9073,0.6822
4.569,3.1510,3.1510,-0.0013,6.6415,6.6415,6.6437,0.9073,0.9073,0.6821
4.573,3.1678,3.1678,-0.0009,6.6391,6.6391,6.6415,0.9073,0.9073,0.6820
4.578,3.1899,3.1899,-0.0006,6.6151,6.6151,6.6391,1.0366,1.0366,0.6818
4.583,3.2081,3.2081,-0.0001,6.6127,6.6127,6.6151,1.0366,1.0366,0.6817
4.586,3.2218,3.2218,0.0003,6.6110,6.6110,6.6127,1.0366,1.0366,0.6816
4.591,3.2386,3.2386,0.0007,6.6090,6.6090,6.6110,1.0366,1.0366,0.6815
4.595,3.2527,3.2527,0.0011,6.6072,6.6072,6.6090,1.0366,1.0366,0.6814
4.599,3.2646,3.2646,0.0015,6.5913,6.5913,6.6072,1.0214,1.0214,0.6813
4.605,3.2828,3.2828,0.0019,6.5893,6.5893,6.5913,1.0214,1.0214,0.6812
4.613,3.3067,3.3067,0.0024,6.5866,6.5866,6.5893,1.0214,1.0214,0.6811
4.617,3.3176,3.3176,0.0032,6.5854,6.5854,6.5866,1.0214,1.0214,0.6809
4.622,3.3299,3.3299,0.0036,6.5689,6.5689,6.5854,1.0018,1.0018,0.6808
4.626,3.3420,3.3420,0.0041,6.5672,6.5672,6.5689,1.0018,1.0018,0.6807
4.631,3.3525,3.3525,0.0045,6.5656,6.5656,6.5672,1.0018,1.0018,0.6806
4.634,3.3613,3.3613,0.0049,6.5643,6.5643,6.5656,1.0018,1.0018,0.6805
4.638,3.3638,3.3638,0.0053,6.5620,6.5620,6.5643,0.8180,0.8180,0.6804
4.644,3.3750,3.3750,0.0057,6.5599,6.5599,6.5620,0.8180,0.8180,0.6803
4.648,3.3836,3.3836,0.0062,6.5582,6.5582,6.5599,0.8180,0.8180,0.6801
4.653,3.3931,3.3931,0.0066,6.5565,6.5565,6.5582,0.8180,0.8180,0.6799
4.661,3.4136,3.4136,0.0071,6.5168,6.5168,6.5565,1.0129,1.0129,0.6798
4.668,3.4234,3.4234,0.0079,6.5149,6.5149,6.5168,1.0129,1.0129,0.6796
4.672,3.4291,3.4291,0.0085,6.5137,6.5137,6.5149,1.0129,1.0129,0.6794
4.675,3.4342,3.4342,0.0089,6.5128,6.5128,6.5137,1.0129,1.0129,0.6794
4.680,3.4397,3.4397,0.0093,6.4914,6.4914,6.5128,1.0477,1.0477,0.6793
4.685,3.4456,3.4456,0.0097,6.4903,6.4903,6.4914,1.0477,1.0477,0.6792
4.689,3.4497,3.4497,0.0102,6.4894,6.4894,6.4903,1.0477,1.0477,0.6791
4.693,3.4535,3.4535,0.0106,6.4886,6.4886,6.4894,1.0477,1.0477,0.6790
4.697,3.4571,3.4571,0.0110,6.4880,6.4880,6.4886,1.0477,1.0477,0.6789
4.701,3.4590,3.4590,0.0114,6.4703,6.4703,6.4880,1.0593,1.0593,0.6788
4.705,3.4619,3.4619,0.0117,6.4697,6.4697,6.4703,1.0593,1.0593,0.6787
4.711,3.4650,3.4650,0.0121,6.4690,6.4690,6.4697,1.0593,1.0593,0.6787
4.721,3.4655,3.4655,0.0126,6.4729,6.4729,6.4690,0.8831,0.8831,0.6786
4.726,3.4667,3.4667,0.0136,6.4720,6.4720,6.4729,0.8831,0.8831,0.6783
4.731,3.4675,3.4675,0.0141,6.4711,6.4711,6.4720,0.8831,0.8831,0.6781
4.735,3.4678,3.4678,0.0145,6.4702,6.4702,6.4711,0.8831,0.8831,0.6780
4.739,3.4664,3.4664,0.0149,6.4576,6.4576,6.4702,0.8678,0.8678,0.6779
4.745,3.4659,3.4659,0.0153,6.4565,6.4565,6.4576,0.8678,0.8678,0.6778
4.749,3.4651,3.4651,0.0158,6.4555,6.4555,6.4565,0.8678,0.8678,0.6776
4.753,3.4642,3.4642,0.0162,6.4547,6.4547,6.4555,0.8678,0.8678,0.6775
4.756,3.4630,3.4630,0.0165,6.4541,6.4541,6.4547,0.8678,0.8678,0.6774
4.762,3.4599,3.4599,0.0168,6.4380,6.4380,6.4541,0.9034,0.9034,0.6773
4.767,3.4573,3.4573,0.0173,6.4372,6.4372,6.4380,0.9034,0.9034,0.6772
4.771,3.4550,3.4550,0.0178,6.4366,6.4366,6.4372,0.9034,0.9034,0.6770
4.775,3.4525,3.4525,0.0182,6.4360,6.4360,6.4366,0.9034,0.9034,0.6769
4.780,3.4467,3.4467,0.0185,6.4064,6.4064,6.4360,1.0999,1.0999,0.6768
4.785,3.4431,3.4431,0.0190,6.4059,6.4059,6.4064,1.0999,1.0999,0.6767
4.789,3.4396,3.4396,0.0194,6.4053,6.4053,6.4059,1.0999,1.0999,0.6767
4.795,3.4344,3.4344,0.0197,6.4046,6.4046,6.4053,1.0999,1.0999,0.6766
4.799,3.4337,3.4337,0.0202,6.4350,6.4350,6.4046,0.7350,0.7350,0.6765
4.804,3.4285,3.4285,0.0206,6.4344,6.4344,6.4350,0.7350,0.7350,0.6764
4.816,3.4133,3.4133,0.0210,6.4332,6.4332,6.4344,0.7350,0.7350,0.6762
4.828,3.3935,3.3935,0.0220,6.4099,6.4099,6.4332,0.9172,0.9172,0.6758
4.833,3.3852,3.3852,0.0229,6.4089,6.4089,6.4099,0.9172,0.9172,0.6755
4.837,3.3790,3.3790,0.0233,6.4083,6.4083,6.4089,0.9172,0.9172,0.6754
4.842,3.3702,3.3702,0.0236,6.4036,6.4036,6.4083,0.9349,0.9349,0.6753
4.848,3.3615,3.3615,0.0240,6.4026,6.4026,6.4036,0.9349,0.9349,0.6752
4.851,3.3550,3.3550,0.0244,6.4020,6.4020,6.4026,0.9349,0.9349,0.6751
4.856,3.3470,3.3470,0.0247,6.4014,6.4014,6.4020,0.9349,0.9349,0.6750
4.860,3.3382,3.3382,0.0251,6.3979,6.3979,6.4014,0.9625,0.9625,0.6749
4.865,3.3291,3.3291,0.0254,6.3970,6.3970,6.3979,0.9625,0.9625,0.6748
4.869,3.3219,3.3219,0.0258,6.3964,6.3964,6.3970,0.9625,0.9625,0.6747
4.873,3.3138,3.3138,0.0261,6.3959,6.3959,6.3964,0.9625,0.9625,0.6746
4.878,3.3032,3.3032,0.0264,6.3941,6.3941,6.3959,0.9829,0.9829,0.6745
4.883,3.2940,3.2940,0.0267,6.3935,6.3935,6.3941,0.9829,0.9829,0.6745
4.887,3.2857,3.2857,0.0270,6.3933,6.3933,6.3935,0.9829,0.9829,0.6744
4.891,3.2768,3.2768,0.0273,6.3926,6.3926,6.3933,0.9829,0.9829,0.6743
4.896,3.2673,3.2673,0.0276,6.3921,6.3921,6.3926,0.9829,0.9829,0.6742
4.899,3.2582,3.2582,0.0279,6.3924,6.3924,6.3921,0.9871,0.9871,0.6741
4.904,3.2482,3.2482,0.0282,6.3918,6.3918,6.3924,0.9871,0.9871,0.6741
4.908,3.2401,3.2401,0.0285,6.3914,6.3914,6.3918,0.9871,0.9871,0.6740
4.912,3.2299,3.2299,0.0287,6.3910,6.3910,6.3914,0.9871,0.9871,0.6739
4.916,3.2209,3.2209,0.0290,6.3907,6.3907,6.3910,0.9871,0.9871,0.6738
4.922,3.2085,3.2085,0.0293,6.4014,6.4014,6.3907,0.7944,0.7944,0.6738
4.931,3.1870,3.1870,0.0296,6.3992,6.3992,6.4014,0.7944,0.7944,0.6736
4.935,3.1767,3.1767,0.0302,6.3981,6.3981,6.3992,0.7944,0.7944,0.6734
4.939,3.1659,3.1659,0.0305,6.4002,6.4002,6.3981,0.7815,0.7815,0.6732
4.944,3.1536,3.1536,0.0307,6.3992,6.3992,6.4002,0.7815,0.7815,0.6731
4.948,3.1431,3.1431,0.0310,6.3988,6.3988,6.3992,0.7815,0.7815,0.6730
4.952,3.1316,3.1316,0.0312,6.3981,6.3981,6.3988,0.7815,0.7815,0.6729
4.956,3.1216,3.1216,0.0315,6.3976,6.3976,6.3981,0.7815,0.7815,0.6728
4.966,3.0962,3.0962,0.0317,6.4062,6.4062,6.3976,0.5863,0.5863,0.6727
4.971,3.0809,3.0809,0.0322,6.4057,6.4057,6.4062,0.5863,0.5863,0.6723
4.975,3.0710,3.0710,0.0325,6.4054,6.4054,6.4057,0.5863,0.5863,0.6721
4.979,3.0577,3.0577,0.0327,6.4010,6.4010,6.4054,0.7278,0.7278,0.6720
4.985,3.0425,3.0425,0.0330,6.4003,6.4003,6.4010,0.7278,0.7278,0.6719
4.989,3.0323,3.0323,0.0333,6.3999,6.3999,6.4003,0.7278,0.7278,0.6717
4.993,3.0207,3.0207,0.0335,6.3990,6.3990,6.3999,0.7278,0.7278,0.6716
4.997,3.0093,3.0093,0.0337,6.3988,6.3988,6.3990,0.7278,0.7278,0.6715
5.001,2.9949,2.9949,0.0339,6.4142,6.4142,6.3988,0.3650,0.3650,0.6714
5.005,2.9829,2.9829,0.0341,6.4137,6.4137,6.4142,0.3650,0.3650,0.6712
5.009,2.9721,2.9721,0.0343,6.4132,6.4132,6.4137,0.3650,0.3650,0.6710
5.014,2.9577,2.9577,0.0345,6.4122,6.4122,6.4132,0.3650,0.3650,0.6708
5.018,2.9470,2.9470,0.0347,6.4022,6.4022,6.4122,0.6579,0.6579,0.6706
5.023,2.9347,2.9347,0.0349,6.4010,6.4010,6.4022,0.6579,0.6579,0.6704
5.027,2.9226,2.9226,0.0351,6.4005,6.4005,6.4010,0.6579,0.6579,0.6703
5.032,2.9076,2.9076,0.0352,6.3999,6.3999,6.4005,0.6579,0.6579,0.6702
5.040,2.8797,2.8797,0.0355,6.4134,6.4134,6.3999,0.3029,0.3029,0.6700
5.045,2.8644,2.8644,0.0358,6.4125,6.4125,6.4134,0.3029,0.3029,0.6697
5.049,2.8530,2.8530,0.0360,6.4117,6.4117,6.4125,0.3029,0.3029,0.6694
5.053,2.8412,2.8412,0.0361,6.4110,6.4110,6.4117,0.3029,0.3029,0.6692
5.056,2.8305,2.8305,0.0363,6.4104,6.4104,6.4110,0.3029,0.3029,0.6690
5.061,2.8140,2.8140,0.0364,6.4106,6.4106,6.4104,0.3087,0.3087,0.6689
5.066,2.8006,2.8006,0.0366,6.4095,6.4095,6.4106,0.3087,0.3087,0.6686
5.070,2.7893,2.7893,0.0368,6.4091,6.4091,6.4095,0.3087,0.3087,0.6684
5.074,2.7778,2.7778,0.0369,6.4088,6.4088,6.4091,0.3087,0.3087,0.6683
5.078,2.7627,2.7627,0.0370,6.4088,6.4088,6.4088,0.3171,0.3171,0.6681
5.082,2.7492,2.7492,0.0372,6.4080,6.4080,6.4088,0.3171,0.3171,0.6679
5.086,2.7378,2.7378,0.0373,6.4075,6.4075,6.4080,0.3171,0.3171,0.6677
5.091,2.7231,2.7231,0.0375,6.4062,6.4062,6.4075,0.3171,0.3171,0.6675
5.095,2.7101,2.7101,0.0376,6.4052,6.4052,6.4062,0.3171,0.3171,0.6673
5.100,2.6949,2.6949,0.0377,6.4054,6.4054,6.4052,0.3218,0.3218,0.6671
5.104,2.6823,2.6823,0.0379,6.4051,6.4051,6.4054,0.3218,0.3218,0.6669
5.108,2.6698,2.6698,0.0380,6.4043,6.4043,6.4051,0.3218,0.3218,0.6667
5.116,2.6453,2.6453,0.0381,6.4031,6.4031,6.4043,0.3218,0.3218,0.6665
5.121,2.6276,2.6276,0.0383,6.4041,6.4041,6.4031,0.3168,0.3168,0.6662
5.127,2.6119,2.6119,0.0384,6.4028,6.4028,6.4041,0.3168,0.3168,0.6660
5.131,2.5996,2.5996,0.0386,6.4019,6.4019,6.4028,0.3168,0.3168,0.6657
5.136,2.5844,2.5844,0.0387,6.4015,6.4015,6.4019,0.3168,0.3168,0.6656
5.144,2.5579,2.5579,0.0388,6.4024,6.4024,6.4015,0.3012,0.3012,0.6654
5.148,2.5439,2.5439,0.0389,6.4016,6.4016,6.4024,0.3012,0.3012,0.6650
5.152,2.5321,2.5321,0.0390,6.4011,6.4011,6.4016,0.3012,0.3012,0.6648
5.156,2.5188,2.5188,0.0391,6.4005,6.4005,6.4011,0.3012,0.3012,0.6647
5.161,2.5045,2.5045,0.0392,6.4079,6.4079,6.4005,0.1290,0.1290,0.6645
5.165,2.4899,2.4899,0.0393,6.4067,6.4067,6.4079,0.1290,0.1290,0.6643
5.169,2.4776,2.4776,0.0394,6.4058,6.4058,6.4067,0.1290,0.1290,0.6640
5.173,2.4657,2.4657,0.0394,6.4055,6.4055,6.4058,0.1290,0.1290,0.6638
5.177,2.4526,2.4526,0.0395,6.4053,6.4053,6.4055,0.1290,0.1290,0.6636
5.182,2.4385,2.4385,0.0396,6.4068,6.4068,6.4053,0.1083,0.1083,0.6634
5.187,2.4210,2.4210,0.0396,6.4059,6.4059,6.4068,0.1083,0.1083,0.6632
5.191,2.4089,2.4089,0.0397,6.4053,6.4053,6.4059,0.1083,0.1083,0.6629
5.195,2.3964,2.3964,0.0398,6.4047,6.4047,6.4053,0.1083,0.1083,0.6627
5.199,2.3828,2.3828,0.0398,6.4029,6.4029,6.4047,0.2000,0.2000,0.6625
5.204,2.3696,2.3696,0.0398,6.4024,6.4024,6.4029,0.2000,0.2000,0.6623
5.208,2.3577,2.3577,0.0399,6.4015,6.4015,6.4024,0.2000,0.2000,0.6621
5.212,2.3441,2.3441,0.0399,6.4011,6.4011,6.4015,0.2000,0.2000,0.6620
5.217,2.3286,2.3286,0.0400,6.3999,6.3999,6.4011,0.2000,0.2000,0.6618
5.221,2.3217,2.3217,0.0400,6.4121,6.4121,6.3999,-0.1153,-0.1153,0.6615
5.225,2.3077,2.3077,0.0401,6.4112,6.4112,6.4121,-0.1153,-0.1153,0.6613
5.229,2.2950,2.2950,0.0401,6.4105,6.4105,6.4112,-0.1153,-0.1153,0.6610
5.233,2.2832,2.2832,0.0401,6.4098,6.4098,6.4105,-0.1153,-0.1153,0.6608
5.238,2.2645,2.2645,0.0401,6.4058,6.4058,6.4098,0.0782,0.0782,0.6606
5.248,2.2353,2.2353,0.0402,6.4059,6.4059,6.4058,0.0782,0.0782,0.6603
5.252,2.2234,2.2234,0.0402,6.4054,6.4054,6.4059,0.0782,0.0782,0.6599
5.256,2.2113,2.2113,0.0402,6.4055,6.4055,6.4054,0.0782,0.0782,0.6597
5.260,2.2030,2.2030,0.0402,6.4129,6.4129,6.4055,-0.0998,-0.0998,0.6595
5.269,2.1723,2.1723,0.0402,6.4119,6.4119,6.4129,-0.0998,-0.0998,0.6593
5.275,2.1563,2.1563,0.0402,6.4115,6.4115,6.4119,-0.0998,-0.0998,0.6587
5.280,2.1421,2.1421,0.0402,6.4152,6.4152,6.4115,-0.1445,-0.1445,0.6584
5.284,2.1279,2.1279,0.0402,6.4149,6.4149,6.4152,-0.1445,-0.1445,0.6581
5.288,2.1162,2.1162,0.0402,6.4147,6.4147,6.4149,-0.1445,-0.1445,0.6578
5.292,2.1044,2.1044,0.0402,6.4139,6.4139,6.4147,-0.1445,-0.1445,0.6576
5.297,2.0901,2.0901,0.0402,6.4130,6.4130,6.4139,-0.1445,-0.1445,0.6574
5.301,2.0794,2.0794,0.0402,6.4164,6.4164,6.4130,-0.1885,-0.1885,0.6571
5.305,2.0657,2.0657,0.0402,6.4156,6.4156,6.4164,-0.1885,-0.1885,0.6569
5.310,2.0506,2.0506,0.0402,6.4148,6.4148,6.4156,-0.1885,-0.1885,0.6566
5.314,2.0381,2.0381,0.0401,6.4142,6.4142,6.4148,-0.1885,-0.1885,0.6563
5.318,2.0241,2.0241,0.0401,6.4161,6.4161,6.4142,-0.1355,-0.1355,0.6561
5.323,2.0104,2.0104,0.0401,6.4155,6.4155,6.4161,-0.1355,-0.1355,0.6559
5.327,1.9981,1.9981,0.0400,6.4150,6.4150,6.4155,-0.1355,-0.1355,0.6556
5.331,1.9852,1.9852,0.0400,6.4152,6.4152,6.4150,-0.1355,-0.1355,0.6554
5.335,1.9736,1.9736,0.0400,6.4153,6.4153,6.4152,-0.1355,-0.1355,0.6552
5.339,1.9627,1.9627,0.0399,6.4201,6.4201,6.4153,-0.1960,-0.1960,0.6550
5.345,1.9439,1.9439,0.0399,6.4204,6.4204,6.4201,-0.1960,-0.1960,0.6547
5.353,1.9189,1.9189,0.0398,6.4196,6.4196,6.4204,-0.1960,-0.1960,0.6544
5.358,1.9028,1.9028,0.0397,6.4230,6.4230,6.4196,-0.1666,-0.1666,0.6539
5.363,1.8877,1.8877,0.0397,6.4225,6.4225,6.4230,-0.1666,-0.1666,0.6537
5.367,1.8762,1.8762,0.0396,6.4223,6.4223,6.4225,-0.1666,-0.1666,0.6534
5.371,1.8638,1.8638,0.0396,6.4220,6.4220,6.4223,-0.1666,-0.1666,0.6532
5.376,1.8508,1.8508,0.0395,6.4217,6.4217,6.4220,-0.1666,-0.1666,0.6530
5.380,1.8375,1.8375,0.0394,6.4261,6.4261,6.4217,-0.2446,-0.2446,0.6527
5.385,1.8241,1.8241,0.0394,6.4252,6.4252,6.4261,-0.2446,-0.2446,0.6525
5.390,1.8078,1.8078,0.0393,6.4249,6.4249,6.4252,-0.2446,-0.2446,0.6522
5.395,1.7923,1.7923,0.0392,6.4247,6.4247,6.4249,-0.2446,-0.2446,0.6519
5.400,1.7773,1.7773,0.0391,6.4293,6.4293,6.4247,-0.2489,-0.2489,0.6516
5.404,1.7642,1.7642,0.0390,6.4292,6.4292,6.4293,-0.2489,-0.2489,0.6514
5.408,1.7526,1.7526,0.0390,6.4291,6.4291,6.4292,-0.2489,-0.2489,0.6511
5.412,1.7390,1.7390,0.0389,6.4289,6.4289,6.4291,-0.2489,-0.2489,0.6509
5.421,1.7084,1.7084,0.0388,6.4343,6.4343,6.4289,-0.1795,-0.1795,0.6507
5.427,1.6902,1.6902,0.0386,6.4341,6.4341,6.4343,-0.1795,-0.1795,0.6502
5.432,1.6771,1.6771,0.0385,6.4340,6.4340,6.4341,-0.1795,-0.1795,0.6499
5.436,1.6654,1.6654,0.0384,6.4340,6.4340,6.4340,-0.1795,-0.1795,0.6497
5.439,1.6527,1.6527,0.0383,6.4390,6.4390,6.4340,-0.2097,-0.2097,0.6495
5.446,1.6335,1.6335,0.0382,6.4389,6.4389,6.4390,-0.2097,-0.2097,0.6493
5.456,1.6020,1.6020,0.0381,6.4380,6.4380,6.4389,-0.2097,-0.2097,0.6490
5.460,1.5876,1.5876,0.0378,6.4429,6.4429,6.4380,-0.2484,-0.2484,0.6484
5.465,1.5733,1.5733,0.0377,6.4436,6.4436,6.4429,-0.2484,-0.2484,0.6482
5.469,1.5613,1.5613,0.0376,6.4436,6.4436,6.4436,-0.2484,-0.2484,0.6480
5.472,1.5503,1.5503,0.0375,6.4435,6.4435,6.4436,-0.2484,-0.2484,0.6478
5.476,1.5369,1.5369,0.0374,6.4435,6.4435,6.4435,-0.2484,-0.2484,0.6476
5.481,1.5198,1.5198,0.0372,6.4495,6.4495,6.4435,-0.2086,-0.2086,0.6474
5.486,1.5050,1.5050,0.0371,6.4498,6.4498,6.4495,-0.2086,-0.2086,0.6471
5.490,1.4924,1.4924,0.0370,6.4504,6.4504,6.4498,-0.2086,-0.2086,0.6469
5.495,1.4767,1.4767,0.0368,6.4507,6.4507,6.4504,-0.2086,-0.2086,0.6467
5.499,1.4622,1.4622,0.0367,6.4555,6.4555,6.4507,-0.2514,-0.2514,0.6464
5.504,1.4482,1.4482,0.0365,6.4561,6.4561,6.4555,-0.2514,-0.2514,0.6462
5.508,1.4360,1.4360,0.0364,6.4563,6.4563,6.4561,-0.2514,-0.2514,0.6460
5.512,1.4230,1.4230,0.0363,6.4565,6.4565,6.4563,-0.2514,-0.2514,0.6458
5.516,1.4081,1.4081,0.0361,6.4566,6.4566,6.4565,-0.2514,-0.2514,0.6456
5.521,1.3930,1.3930,0.0360,6.4612,6.4612,6.4566,-0.2904,-0.2904,0.6454
5.526,1.3743,1.3743,0.0359,6.4613,6.4613,6.4612,-0.2904,-0.2904,0.6452
5.531,1.3593,1.3593,0.0357,6.4622,6.4622,6.4613,-0.2904,-0.2904,0.6449
5.535,1.3464,1.3464,0.0355,6.4629,6.4629,6.4622,-0.2904,-0.2904,0.6446
5.539,1.3309,1.3309,0.0353,6.4675,6.4675,6.4629,-0.3308,-0.3308,0.6444
5.545,1.3126,1.3126,0.0352,6.4684,6.4684,6.4675,-0.3308,-0.3308,0.6442
5.549,1.2986,1.2986,0.0350,6.4684,6.4684,6.4684,-0.3308,-0.3308,0.6439
5.553,1.2858,1.2858,0.0348,6.4690,6.4690,6.4684,-0.3308,-0.3308,0.6437
5.558,1.2673,1.2673,0.0347,6.4731,6.4731,6.4690,-0.3708,-0.3708,0.6435
5.567,1.2377,1.2377,0.0345,6.4742,6.4742,6.4731,-0.3708,-0.3708,0.6432
5.575,1.2104,1.2104,0.0341,6.4751,6.4751,6.4742,-0.3708,-0.3708,0.6427
5.581,1.1882,1.1882,0.0338,6.4781,6.4781,6.4751,-0.4053,-0.4053,0.6423
5.586,1.1729,1.1729,0.0335,6.4785,6.4785,6.4781,-0.4053,-0.4053,0.6420
5.589,1.1604,1.1604,0.0334,6.4788,6.4788,6.4785,-0.4053,-0.4053,0.6417
5.593,1.1459,1.1459,0.0332,6.4792,6.4792,6.4788,-0.4053,-0.4053,0.6415
5.597,1.1325,1.1325,0.0330,6.4797,6.4797,6.4792,-0.4053,-0.4053,0.6413
5.601,1.1173,1.1173,0.0328,6.4826,6.4826,6.4797,-0.4448,-0.4448,0.6411
5.606,1.1016,1.1016,0.0327,6.4838,6.4838,6.4826,-0.4448,-0.4448,0.6409
5.611,1.0835,1.0835,0.0325,6.4851,6.4851,6.4838,-0.4448,-0.4448,0.6407
5.615,1.0698,1.0698,0.0322,6.4860,6.4860,6.4851,-0.4448,-0.4448,0.6404
5.619,1.0545,1.0545,0.0321,6.4878,6.4878,6.4860,-0.4202,-0.4202,0.6402
5.623,1.0374,1.0374,0.0319,6.4889,6.4889,6.4878,-0.4202,-0.4202,0.6400
5.628,1.0211,1.0211,0.0317,6.4898,6.4898,6.4889,-0.4202,-0.4202,0.6397
5.632,1.0070,1.0070,0.0314,6.4905,6.4905,6.4898,-0.4202,-0.4202,0.6395
5.635,0.9931,0.9931,0.0313,6.4912,6.4912,6.4905,-0.4202,-0.4202,0.6393
5.640,0.9752,0.9752,0.0311,6.4929,6.4929,6.4912,-0.4041,-0.4041,0.6391
5.645,0.9567,0.9567,0.0308,6.4936,6.4936,6.4929,-0.4041,-0.4041,0.6389
5.649,0.9424,0.9424,0.0306,6.4942,6.4942,6.4936,-0.4041,-0.4041,0.6386
5.652,0.9283,0.9283,0.0304,6.4946,6.4946,6.4942,-0.4041,-0.4041,0.6384
5.656,0.9133,0.9133,0.0302,6.4951,6.4951,6.4946,-0.4041,-0.4041,0.6382
5.662,0.8907,0.8907,0.0300,6.4967,6.4967,6.4951,-0.4520,-0.4520,0.6380
5.670,0.8575,0.8575,0.0297,6.4980,6.4980,6.4967,-0.4520,-0.4520,0.6378
5.674,0.8420,0.8420,0.0293,6.4990,6.4990,6.4980,-0.4520,-0.4520,0.6373
5.678,0.8244,0.8244,0.0291,6.4989,6.4989,6.4990,-0.4321,-0.4321,0.6371
5.683,0.8059,0.8059,0.0288,6.4999,6.4999,6.4989,-0.4321,-0.4321,0.6369
5.687,0.7872,0.7872,0.0286,6.5003,6.5003,6.4999,-0.4321,-0.4321,0.6367
5.691,0.7713,0.7713,0.0283,6.5010,6.5010,6.5003,-0.4321,-0.4321,0.6365
5.696,0.7516,0.7516,0.0281,6.5025,6.5025,6.5010,-0.4321,-0.4321,0.6363
5.700,0.7344,0.7344,0.0278,6.5020,6.5020,6.5025,-0.4176,-0.4176,0.6360
5.704,0.7144,0.7144,0.0276,6.5033,6.5033,6.5020,-0.4176,-0.4176,0.6359
5.708,0.6983,0.6983,0.0273,6.5042,6.5042,6.5033,-0.4176,-0.4176,0.6356
5.712,0.6800,0.6800,0.0271,6.5049,6.5049,6.5042,-0.4176,-0.4176,0.6355
5.716,0.6626,0.6626,0.0269,6.5061,6.5061,6.5049,-0.4176,-0.4176,0.6353
5.721,0.6397,0.6397,0.0266,6.5054,6.5054,6.5061,-0.4091,-0.4091,0.6351
5.733,0.5825,0.5825,0.0263,6.5079,6.5079,6.5054,-0.4091,-0.4091,0.6348
5.739,0.5546,0.5546,0.0255,6.5065,6.5065,6.5079,-0.3850,-0.3850,0.6343
5.744,0.5307,0.5307,0.0252,6.5079,6.5079,6.5065,-0.3850,-0.3850,0.6340
5.749,0.5086,0.5086,0.0248,6.5090,6.5090,6.5079,-0.3850,-0.3850,0.6338
5.753,0.4890,0.4890,0.0245,6.5096,6.5096,6.5090,-0.3850,-0.3850,0.6336
5.756,0.4711,0.4711,0.0243,6.5105,6.5105,6.5096,-0.3850,-0.3850,0.6334
5.760,0.4500,0.4500,0.0240,6.5079,6.5079,6.5105,-0.3628,-0.3628,0.6333
5.765,0.4278,0.4278,0.0237,6.5089,6.5089,6.5079,-0.3628,-0.3628,0.6331
5.770,0.4021,0.4021,0.0234,6.5098,6.5098,6.5089,-0.3628,-0.3628,0.6329
5.778,0.3588,0.3588,0.0231,6.5074,6.5074,6.5098,-0.3297,-0.3297,0.6327
5.784,0.3249,0.3249,0.0225,6.5091,6.5091,6.5074,-0.3297,-0.3297,0.6324
5.788,0.3009,0.3009,0.0220,6.5104,6.5104,6.5091,-0.3297,-0.3297,0.6321
5.792,0.2798,0.2798,0.0217,6.5116,6.5116,6.5104,-0.3297,-0.3297,0.6319
5.798,0.2483,0.2483,0.0214,6.5083,6.5083,6.5116,-0.2979,-0.2979,0.6318
5.802,0.2217,0.2217,0.0210,6.5095,6.5095,6.5083,-0.2979,-0.2979,0.6316
5.806,0.1981,0.1981,0.0207,6.5104,6.5104,6.5095,-0.2979,-0.2979,0.6314
5.812,0.1625,0.1625,0.0204,6.5121,6.5121,6.5104,-0.2979,-0.2979,0.6313
5.818,0.1255,0.1255,0.0199,6.5087,6.5087,6.5121,-0.2697,-0.2697,0.6311
5.824,0.0873,0.0873,0.0194,6.5102,6.5102,6.5087,-0.2697,-0.2697,0.6308
5.829,0.0526,0.0526,0.0189,6.5119,6.5119,6.5102,-0.2697,-0.2697,0.6306
5.834,0.0236,0.0236,0.0185,6.5129,6.5129,6.5119,-0.2697,-0.2697,0.6304
5.838,-0.0062,-0.0062,0.0181,6.5088,6.5088,6.5129,-0.2458,-0.2458,0.6303
5.845,-0.0507,-0.0507,0.0177,6.5100,6.5100,6.5088,-0.2458,-0.2458,0.6301
5.849,-0.0824,-0.0824,0.0172,6.5107,6.5107,6.5100,-0.2458,-0.2458,0.6299
5.854,-0.1153,-0.1153,0.0168,6.5117,6.5117,6.5107,-0.2458,-0.2458,0.6298
5.858,-0.1472,-0.1472,0.0164,6.5077,6.5077,6.5117,-0.2280,-0.2280,0.6296
5.864,-0.1912,-0.1912,0.0160,6.5090,6.5090,6.5077,-0.2280,-0.2280,0.6295
5.869,-0.2271,-0.2271,0.0155,6.5100,6.5100,6.5090,-0.2280,-0.2280,0.6293
5.876,-0.2873,-0.2873,0.0150,6.5118,6.5118,6.5100,-0.2280,-0.2280,0.6292
5.888,-0.3862,-0.3862,0.0143,6.5103,6.5103,6.5118,-0.2143,-0.2143,0.6289
5.896,-0.4543,-0.4543,0.0131,6.5119,6.5119,6.5103,-0.2143,-0.2143,0.6286
5.900,-0.4906,-0.4906,0.0123,6.5079,6.5079,6.5119,-0.1971,-0.1971,0.6283
5.906,-0.5420,-0.5420,0.0119,6.5087,6.5087,6.5079,-0.1971,-0.1971,0.6282
5.911,-0.5886,-0.5886,0.0113,6.5095,6.5095,6.5087,-0.1971,-0.1971,0.6280
5.915,-0.6262,-0.6262,0.0107,6.5100,6.5100,6.5095,-0.1971,-0.1971,0.6279
5.920,-0.6632,-0.6632,0.0103,6.5042,6.5042,6.5100,-0.1617,-0.1617,0.6278
5.925,-0.7078,-0.7078,0.0098,6.5047,6.5047,6.5042,-0.1617,-0.1617,0.6276
5.930,-0.7487,-0.7487,0.0092,6.5048,6.5048,6.5047,-0.1617,-0.1617,0.6275
5.936,-0.7884,-0.7884,0.0086,6.5050,6.5050,6.5048,-0.1617,-0.1617,0.6274
5.940,-0.8212,-0.8212,0.0080,6.4979,6.4979,6.5050,-0.1093,-0.1093,0.6272
5.946,-0.8664,-0.8664,0.0075,6.4982,6.4982,6.4979,-0.1093,-0.1093,0.6271
5.952,-0.9043,-0.9043,0.0068,6.4987,6.4987,6.4982,-0.1093,-0.1093,0.6270
5.956,-0.9348,-0.9348,0.0061,6.4991,6.4991,6.4987,-0.1093,-0.1093,0.6268
5.962,-0.9714,-0.9714,0.0056,6.4916,6.4916,6.4991,-0.0438,-0.0438,0.6267
5.968,-1.0088,-1.0088,0.0049,6.4925,6.4925,6.4916,-0.0438,-0.0438,0.6266
5.973,-1.0396,-1.0396,0.0042,6.4929,6.4929,6.4925,-0.0438,-0.0438,0.6265
5.980,-1.0815,-1.0815,0.0036,6.4858,6.4858,6.4929,0.0142,0.0142,0.6264
5.991,-1.1448,-1.1448,0.0027,6.4867,6.4867,6.4858,0.0142,0.0142,0.6263
5.996,-1.1701,-1.1701,0.0013,6.4868,6.4868,6.4867,0.0142,0.0142,0.6261
6.001,-1.1947,-1.1947,0.0007,6.4799,6.4799,6.4868,0.0623,0.0623,0.6261
6.007,-1.2246,-1.2246,0.0001,6.4800,6.4800,6.4799,0.0623,0.0623,0.6260
6.012,-1.2491,-1.2491,-0.0006,6.4798,6.4798,6.4800,0.0623,0.0623,0.6259
6.017,-1.2737,-1.2737,-0.0013,6.4796,6.4796,6.4798,0.0623,0.0623,0.6258
6.022,-1.2947,-1.2947,-0.0020,6.4732,6.4732,6.4796,0.1042,0.1042,0.6258
6.027,-1.3159,-1.3159,-0.0026,6.4728,6.4728,6.4732,0.1042,0.1042,0.6257
6.036,-1.3549,-1.3549,-0.0032,6.4725,6.4725,6.4728,0.1042,0.1042,0.6257
6.041,-1.3769,-1.3769,-0.0044,6.4669,6.4669,6.4725,0.1404,0.1404,0.6256
6.048,-1.4030,-1.4030,-0.0051,6.4672,6.4672,6.4669,0.1404,0.1404,0.6255
6.053,-1.4200,-1.4200,-0.0059,6.4675,6.4675,6.4672,0.1404,0.1404,0.6254
6.057,-1.4365,-1.4365,-0.0065,6.4679,6.4679,6.4675,0.1404,0.1404,0.6254
6.062,-1.4542,-1.4542,-0.0071,6.4631,6.4631,6.4679,0.1720,0.1720,0.6254
6.067,-1.4719,-1.4719,-0.0078,6.4635,6.4635,6.4631,0.1720,0.1720,0.6253
6.072,-1.4869,-1.4869,-0.0085,6.4637,6.4637,6.4635,0.1720,0.1720,0.6253
6.078,-1.5066,-1.5066,-0.0091,6.4588,6.4588,6.4637,0.2043,0.2043,0.6252
6.085,-1.5291,-1.5291,-0.0098,6.4588,6.4588,6.4588,0.2043,0.2043,0.6252
6.091,-1.5480,-1.5480,-0.0108,6.4586,6.4586,6.4588,0.2043,0.2043,0.6252
6.104,-1.5852,-1.5852,-0.0116,6.4536,6.4536,6.4586,0.2250,0.2250,0.6251
6.114,-1.6093,-1.6093,-0.0133,6.4526,6.4526,6.4536,0.2250,0.2250,0.6251
6.118,-1.6219,-1.6219,-0.0145,6.4479,6.4479,6.4526,0.2523,0.2523,0.6250
6.125,-1.6377,-1.6377,-0.0152,6.4474,6.4474,6.4479,0.2523,0.2523,0.6250
6.131,-1.6508,-1.6508,-0.0160,6.4474,6.4474,6.4474,0.2523,0.2523,0.6250
6.136,-1.6624,-1.6624,-0.0168,6.4474,6.4474,6.4474,0.2523,0.2523,0.6250
6.142,-1.6758,-1.6758,-0.0175,6.4442,6.4442,6.4474,0.2741,0.2741,0.6250
6.149,-1.6895,-1.6895,-0.0183,6.4447,6.4447,6.4442,0.2741,0.2741,0.6249
6.154,-1.7011,-1.7011,-0.0191,6.4452,6.4452,6.4447,0.2741,0.2741,0.6249
6.160,-1.7127,-1.7127,-0.0199,6.4433,6.4433,6.4452,0.2882,0.2882,0.6249
6.166,-1.7237,-1.7237,-0.0206,6.4435,6.4435,6.4433,0.2882,0.2882,0.6249
6.172,-1.7337,-1.7337,-0.0214,6.4436,6.4436,6.4435,0.2882,0.2882,0.6249
6.178,-1.7445,-1.7445,-0.0221,6.4423,6.4423,6.4436,0.2953,0.2953,0.6249
6.189,-1.7625,-1.7625,-0.0229,6.4419,6.4419,6.4423,0.2953,0.2953,0.6249
6.195,-1.7733,-1.7733,-0.0243,6.4415,6.4415,6.4419,0.2953,0.2953,0.6249
6.203,-1.7844,-1.7844,-0.0252,6.4403,6.4403,6.4415,0.2957,0.2957,0.6249
6.214,-1.8003,-1.8003,-0.0261,6.4389,6.4389,6.4403,0.2957,0.2957,0.6249
6.220,-1.8080,-1.8080,-0.0275,6.4386,6.4386,6.4389,0.2904,0.2904,0.6249
6.225,-1.8156,-1.8156,-0.0282,6.4384,6.4384,6.4386,0.2904,0.2904,0.6248
6.231,-1.8229,-1.8229,-0.0290,6.4383,6.4383,6.4384,0.2904,0.2904,0.6248
6.237,-1.8299,-1.8299,-0.0297,6.4386,6.4386,6.4383,0.2904,0.2904,0.6248
6.241,-1.8349,-1.8349,-0.0304,6.4394,6.4394,6.4386,0.2846,0.2846,0.6248
6.247,-1.8417,-1.8417,-0.0310,6.4400,6.4400,6.4394,0.2846,0.2846,0.6248
6.252,-1.8465,-1.8465,-0.0317,6.4404,6.4404,6.4400,0.2846,0.2846,0.6248
6.256,-1.8511,-1.8511,-0.0322,6.4409,6.4409,6.4404,0.2846,0.2846,0.6248
6.260,-1.8559,-1.8559,-0.0328,6.4415,6.4415,6.4409,0.2935,0.2935,0.6248
6.265,-1.8608,-1.8608,-0.0333,6.4418,6.4418,6.4415,0.2935,0.2935,0.6248
6.269,-1.8647,-1.8647,-0.0339,6.4419,6.4419,6.4418,0.2935,0.2935,0.6248
6.273,-1.8687,-1.8687,-0.0344,6.4420,6.4420,6.4419,0.2935,0.2935,0.6248
6.279,-1.8741,-1.8741,-0.0349,6.4428,6.4428,6.4420,0.3046,0.3046,0.6248
6.297,-1.8905,-1.8905,-0.0356,6.4413,6.4413,6.4428,0.3046,0.3046,0.6248
6.304,-1.8959,-1.8959,-0.0378,6.4421,6.4421,6.4413,0.3097,0.3097,0.6248
6.316,-1.9050,-1.9050,-0.0386,6.4404,6.4404,6.4421,0.3097,0.3097,0.6248
6.320,-1.9080,-1.9080,-0.0400,6.4420,6.4420,6.4404,0.3151,0.3151,0.6248
6.324,-1.8606,-1.8606,-0.0405,6.4419,6.4419,6.4420,0.3151,0.3151,0.6248
6.329,-1.8143,-1.8143,-0.0410,6.4420,6.4420,6.4419,0.3151,0.3151,0.6248
6.337,-1.7309,-1.7309,-0.0415,6.4433,6.4433,6.4420,0.3151,0.3151,0.6248
6.344,-1.6557,-1.6557,-0.0423,6.4484,6.4484,6.4433,0.3104,0.3104,0.6248
6.349,-1.6066,-1.6066,-0.0431,6.4501,6.4501,6.4484,0.3104,0.3104,0.6248
6.353,-1.5648,-1.5648,-0.0436,6.4519,6.4519,6.4501,0.3104,0.3104,0.6248
6.358,-1.5162,-1.5162,-0.0440,6.4580,6.4580,6.4519,0.2995,0.2995,0.6248
6.364,-1.4623,-1.4623,-0.0445,6.4610,6.4610,6.4580,0.2995,0.2995,0.6248
6.368,-1.4218,-1.4218,-0.0450,6.4634,6.4634,6.4610,0.2995,0.2995,0.6248
6.372,-1.3838,-1.3838,-0.0454,6.4657,6.4657,6.4634,0.2995,0.2995,0.6248
6.377,-1.3368,-1.3368,-0.0457,6.4688,6.4688,6.4657,0.2995,0.2995,0.6248
6.382,-1.2959,-1.2959,-0.0461,6.4765,6.4765,6.4688,0.2643,0.2643,0.6248
6.386,-1.2518,-1.2518,-0.0465,6.4797,6.4797,6.4765,0.2643,0.2643,0.6247
6.391,-1.2145,-1.2145,-0.0469,6.4825,6.4825,6.4797,0.2643,0.2643,0.6247
6.396,-1.1676,-1.1676,-0.0472,6.4863,6.4863,6.4825,0.2643,0.2643,0.6247
6.400,-1.1324,-1.1324,-0.0476,6.4958,6.4958,6.4863,0.1845,0.1845,0.6247
6.405,-1.0906,-1.0906,-0.0479,6.4995,6.4995,6.4958,0.1845,0.1845,0.6247
6.409,-1.0530,-1.0530,-0.0482,6.5030,6.5030,6.4995,0.1845,0.1845,0.6247
6.415,-1.0035,-1.0035,-0.0485,6.5078,6.5078,6.5030,0.1845,0.1845,0.6246
6.423,-0.9349,-0.9349,-0.0489,6.5218,6.5218,6.5078,0.1491,0.1491,0.6246
6.429,-0.8904,-0.8904,-0.0494,6.5280,6.5280,6.5218,0.1491,0.1491,0.6245
6.433,-0.8570,-0.8570,-0.0497,6.5332,6.5332,6.5280,0.1491,0.1491,0.6245
6.438,-0.8234,-0.8234,-0.0500,6.5445,6.5445,6.5332,0.1121,0.1121,0.6245
6.443,-0.7829,-0.7829,-0.0502,6.5521,6.5521,6.5445,0.1121,0.1121,0.6244
6.448,-0.7465,-0.7465,-0.0505,6.5595,6.5595,6.5521,0.1121,0.1121,0.6244
6.452,-0.7150,-0.7150,-0.0507,6.5664,6.5664,6.5595,0.1121,0.1121,0.6243
6.456,-0.6831,-0.6831,-0.0509,6.5739,6.5739,6.5664,0.1121,0.1121,0.6243
6.461,-0.6514,-0.6514,-0.0511,6.5875,6.5875,6.5739,0.0697,0.0697,0.6242
6.466,-0.6166,-0.6166,-0.0513,6.5968,6.5968,6.5875,0.0697,0.0697,0.6242
6.471,-0.5836,-0.5836,-0.0515,6.6058,6.6058,6.5968,0.0697,0.0697,0.6241
6.475,-0.5534,-0.5534,-0.0517,6.6144,6.6144,6.6058,0.0697,0.0697,0.6241
6.480,-0.5187,-0.5187,-0.0519,6.6300,6.6300,6.6144,0.0238,0.0238,0.6240
6.493,-0.4308,-0.4308,-0.0521,6.6587,6.6587,6.6300,0.0238,0.0238,0.6239
6.502,-0.3754,-0.3754,-0.0525,6.6828,6.6828,6.6587,-0.0218,-0.0218,0.6237
6.507,-0.3436,-0.3436,-0.0528,6.6943,6.6943,6.6828,-0.0218,-0.0218,0.6236
6.512,-0.3156,-0.3156,-0.0529,6.7050,6.7050,6.6943,-0.0218,-0.0218,0.6235
6.517,-0.2872,-0.2872,-0.0530,6.7170,6.7170,6.7050,-0.0218,-0.0218,0.6235
6.522,-0.2576,-0.2576,-0.0531,6.7351,6.7351,6.7170,-0.0661,-0.0661,0.6234
6.532,-0.2010,-0.2010,-0.0532,6.7660,6.7660,6.7351,-0.0661,-0.0661,0.6233
6.536,-0.1787,-0.1787,-0.0534,6.7789,6.7789,6.7660,-0.0661,-0.0661,0.6231
6.540,-0.1598,-0.1598,-0.0535,6.7938,6.7938,6.7789,-0.1095,-0.1095,0.6231
6.546,-0.1301,-0.1301,-0.0536,6.8137,6.8137,6.7938,-0.1095,-0.1095,0.6230
6.550,-0.1097,-0.1097,-0.0537,6.8281,6.8281,6.8137,-0.1095,-0.1095,0.6229
6.554,-0.0858,-0.0858,-0.0537,6.8461,6.8461,6.8281,-0.1095,-0.1095,0.6228
6.559,-0.0673,-0.0673,-0.0538,6.8625,6.8625,6.8461,-0.1511,-0.1511,0.6227
6.564,-0.0393,-0.0393,-0.0538,6.8859,6.8859,6.8625,-0.1511,-0.1511,0.6226
6.568,-0.0199,-0.0199,-0.0539,6.9026,6.9026,6.8859,-0.1511,-0.1511,0.6225
6.573,-0.0002,-0.0002,-0.0539,6.9201,6.9201,6.9026,-0.1511,-0.1511,0.6224
6.577,0.0211,0.0211,-0.0540,6.9396,6.9396,6.9201,-0.1511,-0.1511,0.6224
6.582,0.0375,0.0375,-0.0540,6.9548,6.9548,6.9396,-0.1906,-0.1906,0.6223
6.586,0.0579,0.0579,-0.0540,6.9750,6.9750,6.9548,-0.1906,-0.1906,0.6222
6.590,0.0759,0.0759,-0.0541,6.9933,6.9933,6.9750,-0.1906,-0.1906,0.6221
6.595,0.0966,0.0966,-0.0541,7.0151,7.0151,6.9933,-0.1906,-0.1906,0.6220
6.599,0.1096,0.1096,-0.0541,7.0224,7.0224,7.0151,-0.2266,-0.2266,0.6219
6.604,0.1286,0.1286,-0.0541,7.0351,7.0351,7.0224,-0.2266,-0.2266,0.6218
6.608,0.1452,0.1452,-0.0541,7.0433,7.0433,7.0351,-0.2266,-0.2266,0.6217
6.612,0.1647,0.1647,-0.0541,7.0486,7.0486,7.0433,-0.2266,-0.2266,0.6216
6.617,0.1814,0.1814,-0.0541,7.0500,7.0500,7.0486,-0.2266,-0.2266,0.6215
6.621,0.1919,0.1919,-0.0541,7.0357,7.0357,7.0500,-0.2607,-0.2607,0.6214
6.627,0.2166,0.2166,-0.0541,7.0253,7.0253,7.0357,-0.2607,-0.2607,0.6213
6.636,0.2483,0.2483,-0.0541,6.9989,6.9989,7.0253,-0.2607,-0.2607,0.6211
6.646,0.2789,0.2789,-0.0541,6.9352,6.9352,6.9989,-0.2952,-0.2952,0.6209
6.653,0.3029,0.3029,-0.0540,6.9073,6.9073,6.9352,-0.2952,-0.2952,0.6206
6.657,0.3164,0.3164,-0.0540,6.8921,6.8921,6.9073,-0.2952,-0.2952,0.6204
6.662,0.3246,0.3246,-0.0540,6.8522,6.8522,6.8921,-0.3310,-0.3310,0.6203
6.667,0.3405,0.3405,-0.0539,6.8365,6.8365,6.8522,-0.3310,-0.3310,0.6202
6.671,0.3544,0.3544,-0.0539,6.8233,6.8233,6.8365,-0.3310,-0.3310,0.6201
6.676,0.3680,0.3680,-0.0538,6.8113,6.8113,6.8233,-0.3310,-0.3310,0.6200
6.681,0.3749,0.3749,-0.0538,6.7691,6.7691,6.8113,-0.3829,-0.3829,0.6198
6.686,0.3890,0.3890,-0.0537,6.7584,6.7584,6.7691,-0.3829,-0.3829,0.6197
6.690,0.4013,0.4013,-0.0537,6.7499,6.7499,6.7584,-0.3829,-0.3829,0.6195
6.695,0.4148,0.4148,-0.0536,6.7414,6.7414,6.7499,-0.3829,-0.3829,0.6194
6.699,0.4175,0.4175,-0.0536,6.6988,6.6988,6.7414,-0.4310,-0.4310,0.6193
6.704,0.4306,0.4306,-0.0535,6.6926,6.6926,6.6988,-0.4310,-0.4310,0.6191
6.708,0.4420,0.4420,-0.0535,6.6879,6.6879,6.6926,-0.4310,-0.4310,0.6190
6.713,0.4544,0.4544,-0.0534,6.6838,6.6838,6.6879,-0.4310,-0.4310,0.6188
6.717,0.4655,0.4655,-0.0534,6.6809,6.6809,6.6838,-0.4310,-0.4310,0.6187
6.721,0.4634,0.4634,-0.0533,6.6372,6.6372,6.6809,-0.4739,-0.4739,0.6186
6.725,0.4742,0.4742,-0.0533,6.6358,6.6358,6.6372,-0.4739,-0.4739,0.6185
6.730,0.4848,0.4848,-0.0532,6.6354,6.6354,6.6358,-0.4739,-0.4739,0.6183
6.734,0.4956,0.4956,-0.0531,6.6359,6.6359,6.6354,-0.4739,-0.4739,0.6182
6.740,0.4963,0.4963,-0.0531,6.5896,6.5896,6.6359,-0.5120,-0.5120,0.6180
6.750,0.5191,0.5191,-0.0530,6.5979,6.5979,6.5896,-0.5120,-0.5120,0.6178
6.754,0.5280,0.5280,-0.0528,6.6020,6.6020,6.5979,-0.5120,-0.5120,0.6175
6.758,0.5225,0.5225,-0.0527,6.5507,6.5507,6.6020,-0.5469,-0.5469,0.6174
6.763,0.5324,0.5324,-0.0527,6.5573,6.5573,6.5507,-0.5469,-0.5469,0.6172
6.767,0.5408,0.5408,-0.0526,6.5637,6.5637,6.5573,-0.5469,-0.5469,0.6171
6.771,0.5484,0.5484,-0.0525,6.5703,6.5703,6.5637,-0.5469,-0.5469,0.6169
6.774,0.5557,0.5557,-0.0525,6.5773,6.5773,6.5703,-0.5469,-0.5469,0.6168
6.779,0.5498,0.5498,-0.0524,6.5239,6.5239,6.5773,-0.5779,-0.5779,0.6167
6.783,0.5581,0.5581,-0.0523,6.5337,6.5337,6.5239,-0.5779,-0.5779,0.6165
6.787,0.5655,0.5655,-0.0523,6.5435,6.5435,6.5337,-0.5779,-0.5779,0.6163
6.795,0.5805,0.5805,-0.0522,6.5671,6.5671,6.5435,-0.5779,-0.5779,0.6162
6.801,0.5744,0.5744,-0.0520,6.5132,6.5132,6.5671,-0.6014,-0.6014,0.6159
6.805,0.5820,0.5820,-0.0519,6.5275,6.5275,6.5132,-0.6014,-0.6014,0.6157
6.809,0.5883,0.5883,-0.0519,6.5403,6.5403,6.5275,-0.6014,-0.6014,0.6156
6.815,0.5976,0.5976,-0.0518,6.5610,6.5610,6.5403,-0.6014,-0.6014,0.6154
6.819,0.5878,0.5878,-0.0517,6.4988,6.4988,6.5610,-0.6194,-0.6194,0.6152
6.823,0.5945,0.5945,-0.0516,6.5157,6.5157,6.4988,-0.6194,-0.6194,0.6151
6.827,0.6011,0.6011,-0.0515,6.5339,6.5339,6.5157,-0.6194,-0.6194,0.6149
6.831,0.6070,0.6070,-0.0515,6.5508,6.5508,6.5339,-0.6194,-0.6194,0.6148
6.835,0.6125,0.6125,-0.0514,6.5677,6.5677,6.5508,-0.6194,-0.6194,0.6146
6.839,0.6009,0.6009,-0.0513,6.5001,6.5001,6.5677,-0.6346,-0.6346,0.6145
6.844,0.6086,0.6086,-0.0512,6.5267,6.5267,6.5001,-0.6346,-0.6346,0.6144
6.848,0.6142,0.6142,-0.0511,6.5475,6.5475,6.5267,-0.6346,-0.6346,0.6142
6.853,0.6209,0.6209,-0.0511,6.5737,6.5737,6.5475,-0.6346,-0.6346,0.6140
6.861,0.6137,0.6137,-0.0510,6.5268,6.5268,6.5737,-0.6463,-0.6463,0.6138
6.866,0.6192,0.6192,-0.0508,6.5520,6.5520,6.5268,-0.6463,-0.6463,0.6135
6.870,0.6240,0.6240,-0.0507,6.5754,6.5754,6.5520,-0.6463,-0.6463,0.6134
6.873,0.6286,0.6286,-0.0507,6.5984,6.5984,6.5754,-0.6463,-0.6463,0.6132
6.878,0.6154,0.6154,-0.0506,6.5257,6.5257,6.5984,-0.6538,-0.6538,0.6131
6.882,0.6205,0.6205,-0.0505,6.5542,6.5542,6.5257,-0.6538,-0.6538,0.6130
6.886,0.6250,0.6250,-0.0504,6.5804,6.5804,6.5542,-0.6538,-0.6538,0.6128
6.890,0.6292,0.6292,-0.0504,6.6062,6.6062,6.5804,-0.6538,-0.6538,0.6127
6.894,0.6338,0.6338,-0.0503,6.6352,6.6352,6.6062,-0.6538,-0.6538,0.6125
6.898,0.6189,0.6189,-0.0502,6.5552,6.5552,6.6352,-0.6583,-0.6583,0.6124
6.902,0.6236,0.6236,-0.0501,6.5882,6.5882,6.5552,-0.6583,-0.6583,0.6122
6.906,0.6274,0.6274,-0.0500,6.6160,6.6160,6.5882,-0.6583,-0.6583,0.6121
6.910,0.6318,0.6318,-0.0500,6.6490,6.6490,6.6160,-0.6583,-0.6583,0.6120
6.915,0.6359,0.6359,-0.0499,6.6821,6.6821,6.6490,-0.6583,-0.6583,0.6118
6.919,0.6203,0.6203,-0.0498,6.5993,6.5993,6.6821,-0.6604,-0.6604,0.6117
6.923,0.6244,0.6244,-0.0497,6.6354,6.6354,6.5993,-0.6604,-0.6604,0.6115
6.927,0.6283,0.6283,-0.0497,6.6702,6.6702,6.6354,-0.6604,-0.6604,0.6114
6.931,0.6320,0.6320,-0.0496,6.7049,6.7049,6.6702,-0.6604,-0.6604,0.6112
6.935,0.6355,0.6355,-0.0495,6.7399,6.7399,6.7049,-0.6604,-0.6604,0.6111
6.939,0.6189,0.6189,-0.0494,6.6512,6.6512,6.7399,-0.6607,-0.6607,0.6109
6.948,0.6269,0.6269,-0.0494,6.7404,6.7404,6.6512,-0.6607,-0.6607,0.6108
6.955,0.6323,0.6323,-0.0492,6.8050,6.8050,6.7404,-0.6607,-0.6607,0.6105
6.963,0.6180,0.6180,-0.0491,6.7522,6.7522,6.8050,-0.6599,-0.6599,0.6103
6.967,0.6215,0.6215,-0.0490,6.7977,6.7977,6.7522,-0.6599,-0.6599,0.6100
6.971,0.6242,0.6242,-0.0489,6.8354,6.8354,6.7977,-0.6599,-0.6599,0.6099
6.975,0.6270,0.6270,-0.0488,6.8748,6.8748,6.8354,-0.6599,-0.6599,0.6098
6.979,0.6095,0.6095,-0.0488,6.7834,6.7834,6.8748,-0.6573,-0.6573,0.6096
6.984,0.6127,0.6127,-0.0487,6.8314,6.8314,6.7834,-0.6573,-0.6573,0.6095
6.988,0.6151,0.6151,-0.0486,6.8701,6.8701,6.8314,-0.6573,-0.6573,0.6093
6.991,0.6177,0.6177,-0.0486,6.9113,6.9113,6.8701,-0.6573,-0.6573,0.6092
6.996,0.6206,0.6206,-0.0485,6.9602,6.9602,6.9113,-0.6573,-0.6573,0.6091
7.000,0.6027,0.6027,-0.0484,6.8656,6.8656,6.9602,-0.6514,-0.6514,0.6090
7.005,0.6055,0.6055,-0.0484,6.9171,6.9171,6.8656,-0.6514,-0.6514,0.6088
7.009,0.6078,0.6078,-0.0483,6.9597,6.9597,6.9171,-0.6514,-0.6514,0.6087
7.013,0.6104,0.6104,-0.0482,7.0092,7.0092,6.9597,-0.6514,-0.6514,0.6086
7.017,0.6127,0.6127,-0.0482,7.0536,7.0536,7.0092,-0.6514,-0.6514,0.6084
7.021,0.5940,0.5940,-0.0481,6.9462,6.9462,7.0536,-0.6424,-0.6424,0.6083
7.025,0.5965,0.5965,-0.0480,6.9981,6.9981,6.9462,-0.6424,-0.6424,0.6082
7.030,0.5993,0.5993,-0.0480,7.0599,7.0599,6.9981,-0.6424,-0.6424,0.6081
7.034,0.6014,0.6014,-0.0479,7.1066,7.1066,7.0599,-0.6424,-0.6424,0.6079
7.038,0.5827,0.5827,-0.0478,6.9964,6.9964,7.1066,-0.6322,-0.6322,0.6078
7.042,0.5851,0.5851,-0.0478,7.0517,7.0517,6.9964,-0.6322,-0.6322,0.6077
7.047,0.5872,0.5872,-0.0477,7.1037,7.1037,7.0517,-0.6322,-0.6322,0.6075
7.050,0.5891,0.5891,-0.0477,7.1496,7.1496,7.1037,-0.6322,-0.6322,0.6074
7.054,0.5908,0.5908,-0.0476,7.1951,7.1951,7.1496,-0.6322,-0.6322,0.6073
7.058,0.5721,0.5721,-0.0476,7.0807,7.0807,7.1951,-0.6202,-0.6202,0.6072
7.065,0.5755,0.5755,-0.0475,7.1735,7.1735,7.0807,-0.6202,-0.6202,0.6071
7.073,0.5789,0.5789,-0.0474,7.2704,7.2704,7.1735,-0.6202,-0.6202,0.6069
7.078,0.5607,0.5607,-0.0473,7.1644,7.1644,7.2704,-0.6064,-0.6064,0.6067
7.083,0.5627,0.5627,-0.0473,7.2238,7.2238,7.1644,-0.6064,-0.6064,0.6066
7.087,0.5644,0.5644,-0.0472,7.2731,7.2731,7.2238,-0.6064,-0.6064,0.6064
7.091,0.5660,0.5660,-0.0471,7.3232,7.3232,7.2731,-0.6064,-0.6064,0.6063
7.100,0.5497,0.5497,-0.0471,7.2690,7.2690,7.3232,-0.5902,-0.5902,0.6062
7.106,0.5520,0.5520,-0.0470,7.3457,7.3457,7.2690,-0.5902,-0.5902,0.6060
7.111,0.5538,0.5538,-0.0469,7.4063,7.4063,7.3457,-0.5902,-0.5902,0.6058
7.115,0.5552,0.5552,-0.0469,7.4545,7.4545,7.4063,-0.5902,-0.5902,0.6057
7.120,0.5373,0.5373,-0.0468,7.3373,7.3373,7.4545,-0.5766,-0.5766,0.6056
7.125,0.5390,0.5390,-0.0468,7.3955,7.3955,7.3373,-0.5766,-0.5766,0.6055
7.129,0.5403,0.5403,-0.0467,7.4441,7.4441,7.3955,-0.5766,-0.5766,0.6054
7.133,0.5416,0.5416,-0.0467,7.4891,7.4891,7.4441,-0.5766,-0.5766,0.6053
7.137,0.5427,0.5427,-0.0466,7.5312,7.5312,7.4891,-0.5766,-0.5766,0.6052
7.141,0.5243,0.5243,-0.0466,7.3947,7.3947,7.5312,-0.5851,-0.5851,0.6051
7.146,0.5257,0.5257,-0.0466,7.4492,7.4492,7.3947,-0.5851,-0.5851,0.6050
7.150,0.5269,0.5269,-0.0465,7.4903,7.4903,7.4492,-0.5851,-0.5851,0.6049
7.154,0.5282,0.5282,-0.0465,7.5391,7.5391,7.4903,-0.5851,-0.5851,0.6048
7.158,0.5103,0.5103,-0.0464,7.4001,7.4001,7.5391,-0.5919,-0.5919,0.6047
7.163,0.5116,0.5116,-0.0464,7.4484,7.4484,7.4001,-0.5919,-0.5919,0.6046
7.167,0.5126,0.5126,-0.0463,7.4860,7.4860,7.4484,-0.5919,-0.5919,0.6045
7.172,0.5139,0.5139,-0.0463,7.5351,7.5351,7.4860,-0.5919,-0.5919,0.6044
7.180,0.4976,0.4976,-0.0463,7.4257,7.4257,7.5351,-0.5937,-0.5937,0.6043
7.185,0.4990,0.4990,-0.0462,7.4744,7.4744,7.4257,-0.5937,-0.5937,0.6041
7.189,0.4999,0.4999,-0.0462,7.5085,7.5085,7.4744,-0.5937,-0.5937,0.6039
7.193,0.5008,0.5008,-0.0461,7.5420,7.5420,7.5085,-0.5937,-0.5937,0.6039
7.197,0.5017,0.5017,-0.0461,7.5735,7.5735,7.5420,-0.5937,-0.5937,0.6038
7.201,0.4851,0.4851,-0.0461,7.4201,7.4201,7.5735,-0.5917,-0.5917,0.6037
7.205,0.4860,0.4860,-0.0460,7.4519,7.4519,7.4201,-0.5917,-0.5917,0.6036
7.209,0.4869,0.4869,-0.0460,7.4813,7.4813,7.4519,-0.5917,-0.5917,0.6035
7.214,0.4878,0.4878,-0.0460,7.5110,7.5110,7.4813,-0.5917,-0.5917,0.6034
7.218,0.4721,0.4721,-0.0459,7.3511,7.3511,7.5110,-0.5796,-0.5796,0.6033
7.222,0.4730,0.4730,-0.0459,7.3796,7.3796,7.3511,-0.5796,-0.5796,0.6032
7.226,0.4737,0.4737,-0.0459,7.4026,7.4026,7.3796,-0.5796,-0.5796,0.6031
7.230,0.4745,0.4745,-0.0459,7.4249,7.4249,7.4026,-0.5796,-0.5796,0.6030
7.235,0.4753,0.4753,-0.0458,7.4480,7.4480,7.4249,-0.5796,-0.5796,0.6029
7.239,0.4605,0.4605,-0.0458,7.2806,7.2806,7.4480,-0.5603,-0.5603,0.6028
7.243,0.4613,0.4613,-0.0458,7.3022,7.3022,7.2806,-0.5603,-0.5603,0.6028
7.254,0.4630,0.4630,-0.0458,7.3402,7.3402,7.3022,-0.5603,-0.5603,0.6027
7.260,0.4494,0.4494,-0.0457,7.1729,7.1729,7.3402,-0.5352,-0.5352,0.6025
7.266,0.4503,0.4503,-0.0457,7.1883,7.1883,7.1729,-0.5352,-0.5352,0.6023
7.270,0.4509,0.4509,-0.0456,7.1971,7.1971,7.1883,-0.5352,-0.5352,0.6022
7.273,0.4515,0.4515,-0.0456,7.2043,7.2043,7.1971,-0.5352,-0.5352,0.6022
7.279,0.4385,0.4385,-0.0456,7.0266,7.0266,7.2043,-0.5101,-0.5101,0.6021
7.288,0.4397,0.4397,-0.0456,7.0332,7.0332,7.0266,-0.5101,-0.5101,0.6020
7.291,0.4403,0.4403,-0.0455,7.0349,7.0349,7.0332,-0.5101,-0.5101,0.6018
7.297,0.4410,0.4410,-0.0455,7.0349,7.0349,7.0349,-0.5101,-0.5101,0.6018
7.301,0.4286,0.4286,-0.0455,6.8480,6.8480,7.0349,-0.4849,-0.4849,0.6017
7.305,0.4291,0.4291,-0.0455,6.8449,6.8449,6.8480,-0.4849,-0.4849,0.6016
7.310,0.4297,0.4297,-0.0455,6.8401,6.8401,6.8449,-0.4849,-0.4849,0.6016
7.314,0.4302,0.4302,-0.0455,6.8342,6.8342,6.8401,-0.4849,-0.4849,0.6015
7.319,0.4187,0.4187,-0.0454,6.6416,6.6416,6.8342,-0.4583,-0.4583,0.6014
7.323,0.4192,0.4192,-0.0454,6.6323,6.6323,6.6416,-0.4583,-0.4583,0.6014
7.328,0.4198,0.4198,-0.0454,6.6170,6.6170,6.6323,-0.4583,-0.4583,0.6013
7.333,0.4203,0.4203,-0.0454,6.6016,6.6016,6.6170,-0.4583,-0.4583,0.6012
7.337,0.4207,0.4207,-0.0454,6.5824,6.5824,6.6016,-0.4583,-0.4583,0.6012
7.341,0.4101,0.4101,-0.0454,6.3793,6.3793,6.5824,-0.4292,-0.4292,0.6011
7.346,0.4106,0.4106,-0.0454,6.3471,6.3471,6.3793,-0.4292,-0.4292,0.6011
7.350,0.4110,0.4110,-0.0453,6.3209,6.3209,6.3471,-0.4292,-0.4292,0.6010
7.354,0.4113,0.4113,-0.0453,6.2927,6.2927,6.3209,-0.4292,-0.4292,0.6010
7.357,0.4117,0.4117,-0.0453,6.2649,6.2649,6.2927,-0.4292,-0.4292,0.6009
7.362,0.4021,0.4021,-0.0453,6.0408,6.0408,6.2649,-0.3979,-0.3979,0.6009
7.367,0.4025,0.4025,-0.0453,6.0026,6.0026,6.0408,-0.3979,-0.3979,0.6008
7.371,0.4028,0.4028,-0.0453,5.9689,5.9689,6.0026,-0.3979,-0.3979,0.6008
7.374,0.4031,0.4031,-0.0453,5.9340,5.9340,5.9689,-0.3979,-0.3979,0.6007
7.379,0.3945,0.3945,-0.0453,5.7118,5.7118,5.9340,-0.3620,-0.3620,0.6007
7.385,0.3950,0.3950,-0.0453,5.6627,5.6627,5.7118,-0.3620,-0.3620,0.6007
7.394,0.3957,0.3957,-0.0453,5.5954,5.5954,5.6627,-0.3620,-0.3620,0.6006
7.404,0.3884,0.3884,-0.0452,5.3499,5.3499,5.5954,-0.3223,-0.3223,0.6005
7.412,0.3889,0.3889,-0.0452,5.3050,5.3050,5.3499,-0.3223,-0.3223,0.6005
7.417,0.3893,0.3893,-0.0452,5.2798,5.2798,5.3050,-0.3223,-0.3223,0.6004
7.421,0.3825,0.3825,-0.0452,5.0817,5.0817,5.2798,-0.2810,-0.2810,0.6004
7.428,0.3829,0.3829,-0.0452,5.0513,5.0513,5.0817,-0.2810,-0.2810,0.6004
7.433,0.3832,0.3832,-0.0452,5.0294,5.0294,5.0513,-0.2810,-0.2810,0.6004
7.438,0.3835,0.3835,-0.0452,5.0136,5.0136,5.0294,-0.2810,-0.2810,0.6003
7.441,0.3776,0.3776,-0.0452,4.8266,4.8266,5.0136,-0.2390,-0.2390,0.6003
7.446,0.3779,0.3779,-0.0452,4.8115,4.8115,4.8266,-0.2390,-0.2390,0.6003
7.450,0.3781,0.3781,-0.0452,4.8008,4.8008,4.8115,-0.2390,-0.2390,0.6003
7.455,0.3783,0.3783,-0.0452,4.7894,4.7894,4.8008,-0.2390,-0.2390,0.6003
7.458,0.3732,0.3732,-0.0452,4.6093,4.6093,4.7894,-0.1974,-0.1974,0.6003
7.463,0.3735,0.3735,-0.0452,4.5992,4.5992,4.6093,-0.1974,-0.1974,0.6003
7.467,0.3737,0.3737,-0.0452,4.5922,4.5922,4.5992,-0.1974,-0.1974,0.6003
7.471,0.3739,0.3739,-0.0452,4.5860,4.5860,4.5922,-0.1974,-0.1974,0.6003
7.475,0.3741,0.3741,-0.0452,4.5810,4.5810,4.5860,-0.1974,-0.1974,0.6003
7.480,0.3699,0.3699,-0.0452,4.4069,4.4069,4.5810,-0.1546,-0.1546,0.6003
7.484,0.3701,0.3701,-0.0452,4.4029,4.4029,4.4069,-0.1546,-0.1546,0.6003
7.488,0.3703,0.3703,-0.0452,4.3997,4.3997,4.4029,-0.1546,-0.1546,0.6003
7.494,0.3705,0.3705,-0.0452,4.3971,4.3971,4.3997,-0.1546,-0.1546,0.6003
7.502,0.3674,0.3674,-0.0452,4.2298,4.2298,4.3971,-0.1096,-0.1096,0.6003
7.506,0.3676,0.3676,-0.0451,4.2299,4.2299,4.2298,-0.1096,-0.1096,0.6004
7.510,0.3678,0.3678,-0.0451,4.2305,4.2305,4.2299,-0.1096,-0.1096,0.6004
7.514,0.3679,0.3679,-0.0451,4.2317,4.2317,4.2305,-0.1096,-0.1096,0.6004
7.519,0.3656,0.3656,-0.0451,4.0711,4.0711,4.2317,-0.0593,-0.0593,0.6004
7.525,0.3658,0.3658,-0.0451,4.0746,4.0746,4.0711,-0.0593,-0.0593,0.6005
7.529,0.3660,0.3660,-0.0451,4.0780,4.0780,4.0746,-0.0593,-0.0593,0.6005
7.533,0.3661,0.3661,-0.0451,4.0816,4.0816,4.0780,-0.0593,-0.0593,0.6005
7.537,0.3662,0.3662,-0.0451,4.0858,4.0858,4.0816,-0.0593,-0.0593,0.6006
7.541,0.3647,0.3647,-0.0451,3.9302,3.9302,4.0858,-0.0070,-0.0070,0.6006
7.546,0.3649,0.3649,-0.0451,3.9362,3.9362,3.9302,-0.0070,-0.0070,0.6006
7.555,0.3652,0.3652,-0.0451,3.9488,3.9488,3.9362,-0.0070,-0.0070,0.6007
7.562,0.3645,0.3645,-0.0451,3.8016,3.8016,3.9488,0.0448,0.0448,0.6008
7.566,0.3647,0.3647,-0.0451,3.8089,3.8089,3.8016,0.0448,0.0448,0.6008
7.570,0.3648,0.3648,-0.0451,3.8152,3.8152,3.8089,0.0448,0.0448,0.6009
7.574,0.3649,0.3649,-0.0451,3.8213,3.8213,3.8152,0.0448,0.0448,0.6009
7.578,0.3650,0.3650,-0.0451,3.6758,3.6758,3.8213,0.0999,0.0999,0.6010
7.583,0.3651,0.3651,-0.0451,3.6835,3.6835,3.6758,0.0999,0.0999,0.6010
7.587,0.3652,0.3652,-0.0451,3.6903,3.6903,3.6835,0.0999,0.0999,0.6011
7.590,0.3653,0.3653,-0.0451,3.6970,3.6970,3.6903,0.0999,0.0999,0.6011
7.595,0.3654,0.3654,-0.0451,3.7065,3.7065,3.6970,0.0999,0.0999,0.6012
7.599,0.3662,0.3662,-0.0451,3.5634,3.5634,3.7065,0.1545,0.1545,0.6013
7.605,0.3664,0.3664,-0.0451,3.5742,3.5742,3.5634,0.1545,0.1545,0.6013
7.613,0.3665,0.3665,-0.0451,3.5902,3.5902,3.5742,0.1545,0.1545,0.6014
7.617,0.3666,0.3666,-0.0451,3.5973,3.5973,3.5902,0.1545,0.1545,0.6016
7.621,0.3681,0.3681,-0.0451,3.4582,3.4582,3.5973,0.2068,0.2068,0.6016
7.627,0.3682,0.3682,-0.0451,3.4709,3.4709,3.4582,0.2068,0.2068,0.6017
7.632,0.3683,0.3683,-0.0451,3.4800,3.4800,3.4709,0.2068,0.2068,0.6018
7.636,0.3684,0.3684,-0.0451,3.4874,3.4874,3.4800,0.2068,0.2068,0.6019
7.640,0.3705,0.3705,-0.0451,3.3508,3.3508,3.4874,0.2557,0.2557,0.6020
7.645,0.3706,0.3706,-0.0451,3.3604,3.3604,3.3508,0.2557,0.2557,0.6021
7.649,0.3706,0.3706,-0.0451,3.3682,3.3682,3.3604,0.2557,0.2557,0.6022
7.653,0.3707,0.3707,-0.0451,3.3755,3.3755,3.3682,0.2557,0.2557,0.6023
7.658,0.3733,0.3733,-0.0451,3.2429,3.2429,3.3755,0.3009,0.3009,0.6024
7.663,0.3734,0.3734,-0.0451,3.2516,3.2516,3.2429,0.3009,0.3009,0.6025
7.667,0.3735,0.3735,-0.0451,3.2582,3.2582,3.2516,0.3009,0.3009,0.6026
7.671,0.3735,0.3735,-0.0451,3.2643,3.2643,3.2582,0.3009,0.3009,0.6027
7.676,0.3736,0.3736,-0.0451,3.2719,3.2719,3.2643,0.3009,0.3009,0.6028
7.681,0.3768,0.3768,-0.0451,3.1417,3.1417,3.2719,0.3427,0.3427,0.6029
7.686,0.3769,0.3769,-0.0451,3.1490,3.1490,3.1417,0.3427,0.3427,0.6030
7.690,0.3769,0.3769,-0.0451,3.1555,3.1555,3.1490,0.3427,0.3427,0.6031
7.695,0.3770,0.3770,-0.0451,3.1613,3.1613,3.1555,0.3427,0.3427,0.6032
7.699,0.3806,0.3806,-0.0451,3.0314,3.0314,3.1613,0.3743,0.3743,0.6033
7.709,0.3807,0.3807,-0.0451,3.0431,3.0431,3.0314,0.3743,0.3743,0.6034
7.719,0.3848,0.3848,-0.0451,2.9211,2.9211,3.0431,0.4024,0.4024,0.6037
7.724,0.3849,0.3849,-0.0451,2.9255,2.9255,2.9211,0.4024,0.4024,0.6039
7.728,0.3849,0.3849,-0.0451,2.9291,2.9291,2.9255,0.4024,0.4024,0.6041
7.732,0.3850,0.3850,-0.0451,2.9319,2.9319,2.9291,0.4024,0.4024,0.6042
7.736,0.3850,0.3850,-0.0450,2.9346,2.9346,2.9319,0.4024,0.4024,0.6043
7.740,0.3899,0.3899,-0.0450,2.8087,2.8087,2.9346,0.4470,0.4470,0.6044
7.746,0.3900,0.3900,-0.0450,2.8117,2.8117,2.8087,0.4470,0.4470,0.6045
7.752,0.3900,0.3900,-0.0450,2.8136,2.8136,2.8117,0.4470,0.4470,0.6047
7.757,0.3901,0.3901,-0.0450,2.8149,2.8149,2.8136,0.4470,0.4470,0.6048
7.761,0.3952,0.3952,-0.0450,2.6900,2.6900,2.8149,0.4747,0.4747,0.6050
7.766,0.3952,0.3952,-0.0450,2.6904,2.6904,2.6900,0.4747,0.4747,0.6051
7.770,0.3952,0.3952,-0.0450,2.6905,2.6905,2.6904,0.4747,0.4747,0.6052
7.774,0.3953,0.3953,-0.0450,2.6902,2.6902,2.6905,0.4747,0.4747,0.6054
7.778,0.4008,0.4008,-0.0450,2.5670,2.5670,2.6902,0.5028,0.5028,0.6055
7.783,0.4009,0.4009,-0.0450,2.5657,2.5657,2.5670,0.5028,0.5028,0.6056
7.787,0.4009,0.4009,-0.0450,2.5641,2.5641,2.5657,0.5028,0.5028,0.6057
7.791,0.4009,0.4009,-0.0450,2.5624,2.5624,2.5641,0.5028,0.5028,0.6059
7.795,0.4010,0.4010,-0.0450,2.5602,2.5602,2.5624,0.5028,0.5028,0.6060
7.799,0.4070,0.4070,-0.0450,2.4385,2.4385,2.5602,0.5321,0.5321,0.6061
7.804,0.4070,0.4070,-0.0449,2.4352,2.4352,2.4385,0.5321,0.5321,0.6062
7.808,0.4071,0.4071,-0.0449,2.4321,2.4321,2.4352,0.5321,0.5321,0.6064
7.812,0.4071,0.4071,-0.0449,2.4281,2.4281,2.4321,0.5321,0.5321,0.6065
7.817,0.4071,0.4071,-0.0449,2.4237,2.4237,2.4281,0.5321,0.5321,0.6066
7.822,0.4135,0.4135,-0.0449,2.3016,2.3016,2.4237,0.5577,0.5577,0.6068
7.833,0.4136,0.4136,-0.0449,2.2874,2.2874,2.3016,0.5577,0.5577,0.6069
7.837,0.4136,0.4136,-0.0449,2.2814,2.2814,2.2874,0.5577,0.5577,0.6073
7.841,0.4203,0.4203,-0.0449,2.1623,2.1623,2.2814,0.5788,0.5788,0.6074
7.847,0.4203,0.4203,-0.0449,2.1524,2.1524,2.1623,0.5788,0.5788,0.6075
7.851,0.4203,0.4203,-0.0448,2.1458,2.1458,2.1524,0.5788,0.5788,0.6077
7.859,0.4275,0.4275,-0.0448,2.0212,2.0212,2.1458,0.6022,0.6022,0.6078
7.866,0.4275,0.4275,-0.0448,2.0078,2.0078,2.0212,0.6022,0.6022,0.6081
7.870,0.4275,0.4275,-0.0448,1.9996,1.9996,2.0078,0.6022,0.6022,0.6083
7.873,0.4275,0.4275,-0.0448,1.9918,1.9918,1.9996,0.6022,0.6022,0.6084
7.878,0.4350,0.4350,-0.0448,1.8739,1.8739,1.9918,0.6240,0.6240,0.6085
7.883,0.4350,0.4350,-0.0447,1.8633,1.8633,1.8739,0.6240,0.6240,0.6087
7.887,0.4350,0.4350,-0.0447,1.8543,1.8543,1.8633,0.6240,0.6240,0.6088
7.890,0.4350,0.4350,-0.0447,1.8454,1.8454,1.8543,0.6240,0.6240,0.6090
7.897,0.4351,0.4351,-0.0447,1.8299,1.8299,1.8454,0.6240,0.6240,0.6091
7.901,0.4429,0.4429,-0.0447,1.7151,1.7151,1.8299,0.6486,0.6486,0.6093
7.905,0.4429,0.4429,-0.0447,1.7034,1.7034,1.7151,0.6486,0.6486,0.6094
7.909,0.4429,0.4429,-0.0447,1.6928,1.6928,1.7034,0.6486,0.6486,0.6096
7.913,0.4429,0.4429,-0.0446,1.6800,1.6800,1.6928,0.6486,0.6486,0.6097
7.917,0.4429,0.4429,-0.0446,1.6694,1.6694,1.6800,0.6486,0.6486,0.6098
7.921,0.4510,0.4510,-0.0446,1.5567,1.5567,1.6694,0.6705,0.6705,0.6100
7.926,0.4510,0.4510,-0.0446,1.5411,1.5411,1.5567,0.6705,0.6705,0.6101
7.932,0.4510,0.4510,-0.0446,1.5215,1.5215,1.5411,0.6705,0.6705,0.6103
7.940,0.4593,0.4593,-0.0446,1.3956,1.3956,1.5215,0.6879,0.6879,0.6105
7.945,0.4593,0.4593,-0.0445,1.3786,1.3786,1.3956,0.6879,0.6879,0.6107
7.949,0.4593,0.4593,-0.0445,1.3656,1.3656,1.3786,0.6879,0.6879,0.6109
7.954,0.4593,0.4593,-0.0445,1.3505,1.3505,1.3656,0.6879,0.6879,0.6110
7.958,0.4678,0.4678,-0.0445,1.2379,1.2379,1.3505,0.6999,0.6999,0.6112
7.963,0.4678,0.4678,-0.0444,1.2195,1.2195,1.2379,0.6999,0.6999,0.6113
7.967,0.4678,0.4678,-0.0444,1.2058,1.2058,1.2195,0.6999,0.6999,0.6115
7.972,0.4678,0.4678,-0.0444,1.1885,1.1885,1.2058,0.6999,0.6999,0.6116
7.976,0.4678,0.4678,-0.0444,1.1737,1.1737,1.1885,0.6999,0.6999,0.6118
7.981,0.4764,0.4764,-0.0444,1.0608,1.0608,1.1737,0.7079,0.7079,0.6119
7.986,0.4764,0.4764,-0.0443,1.0394,1.0394,1.0608,0.7079,0.7079,0.6121
7.990,0.4764,0.4764,-0.0443,1.0246,1.0246,1.0394,0.7079,0.7079,0.6123
7.995,0.4764,0.4764,-0.0443,1.0067,1.0067,1.0246,0.7079,0.7079,0.6124
7.998,0.4852,0.4852,-0.0443,0.9005,0.9005,1.0067,0.7118,0.7118,0.6125
8.003,0.4852,0.4852,-0.0443,0.8818,0.8818,0.9005,0.7118,0.7118,0.6127
8.012,0.4852,0.4852,-0.0442,0.8466,0.8466,0.8818,0.7118,0.7118,0.6128
8.018,0.4852,0.4852,-0.0442,0.8211,0.8211,0.8466,0.7118,0.7118,0.6131
8.022,0.4941,0.4941,-0.0442,0.7153,0.7153,0.8211,0.7081,0.7081,0.6133
8.026,0.4941,0.4941,-0.0441,0.6959,0.6959,0.7153,0.7081,0.7081,0.6134
8.030,0.4941,0.4941,-0.0441,0.6779,0.6779,0.6959,0.7081,0.7081,0.6135
8.035,0.4941,0.4941,-0.0441,0.6560,0.6560,0.6779,0.7081,0.7081,0.6137
8.043,0.5030,0.5030,-0.0441,0.5336,0.5336,0.6560,0.6964,0.6964,0.6138
8.049,0.5031,0.5031,-0.0440,0.5088,0.5088,0.5336,0.6964,0.6964,0.6141
8.053,0.5031,0.5031,-0.0440,0.4907,0.4907,0.5088,0.6964,0.6964,0.6142
8.057,0.5031,0.5031,-0.0440,0.4734,0.4734,0.4907,0.6964,0.6964,0.6144
8.061,0.5119,0.5119,-0.0439,0.3683,0.3683,0.4734,0.6649,0.6649,0.6145
8.066,0.5119,0.5119,-0.0439,0.3477,0.3477,0.3683,0.6649,0.6649,0.6146
8.070,0.5119,0.5119,-0.0439,0.3303,0.3303,0.3477,0.6649,0.6649,0.6147
8.073,0.5119,0.5119,-0.0438,0.3139,0.3139,0.3303,0.6649,0.6649,0.6148
8.078,0.5209,0.5209,-0.0438,0.2097,0.2097,0.3139,0.6375,0.6375,0.6150
8.083,0.5209,0.5209,-0.0438,0.1842,0.1842,0.2097,0.6375,0.6375,0.6151
8.087,0.5209,0.5209,-0.0438,0.1654,0.1654,0.1842,0.6375,0.6375,0.6152
8.091,0.5209,0.5209,-0.0437,0.1477,0.1477,0.1654,0.6375,0.6375,0.6153
8.095,0.5209,0.5209,-0.0437,0.1282,0.1282,0.1477,0.6375,0.6375,0.6154
8.100,0.5301,0.5301,-0.0437,0.0291,0.0291,0.1282,0.6116,0.6116,0.6155
8.104,0.5301,0.5301,-0.0437,0.0077,0.0077,0.0291,0.6116,0.6116,0.6156
8.108,0.5301,0.5301,-0.0436,-0.0115,-0.0115,0.0077,0.6116,0.6116,0.6157
8.113,0.5301,0.5301,-0.0436,-0.0337,-0.0337,0.0000,0.6116,0.6116,0.6158
8.117,0.5301,0.5301,-0.0436,-0.0532,-0.0532,0.0000,0.6116,0.6116,0.6160
8.121,0.5394,0.5394,-0.0435,-0.1486,-0.1486,0.0000,0.5840,0.5840,0.6161
8.125,0.5394,0.5394,-0.0435,-0.1699,-0.1699,0.0000,0.5840,0.5840,0.6161
8.130,0.5394,0.5394,-0.0435,-0.1911,-0.1911,0.0000,0.5840,0.5840,0.6162
8.134,0.5394,0.5394,-0.0434,-0.2099,-0.2099,0.0000,0.5840,0.5840,0.6163
8.137,0.5394,0.5394,-0.0434,-0.2273,-0.2273,0.0000,0.5840,0.5840,0.6164
8.141,0.5489,0.5489,-0.0434,-0.3197,-0.3197,0.0000,0.5654,0.5654,0.6165
8.148,0.5489,0.5489,-0.0434,-0.3339,-0.3339,0.0000,0.5654,0.5654,0.6166
8.156,0.5490,0.5490,-0.0433,-0.3232,-0.3232,0.0000,0.5654,0.5654,0.6167
8.166,0.5585,0.5585,-0.0433,-0.3439,-0.3439,0.0000,0.5455,0.5455,0.6169
8.171,0.5585,0.5585,-0.0432,-0.3063,-0.3063,0.0000,0.5455,0.5455,0.6171
8.176,0.5585,0.5585,-0.0431,-0.2687,-0.2687,0.0000,0.5455,0.5455,0.6172
8.180,0.5682,0.5682,-0.0431,-0.2951,-0.2951,0.0000,0.5280,0.5280,0.6173
8.185,0.5682,0.5682,-0.0431,-0.2464,-0.2464,0.0000,0.5280,0.5280,0.6174
8.190,0.5682,0.5682,-0.0430,-0.1900,-0.1900,0.0000,0.5280,0.5280,0.6175
8.194,0.5682,0.5682,-0.0430,-0.1317,-0.1317,0.0000,0.5280,0.5280,0.6176
8.209,0.5778,0.5778,-0.0430,-0.0519,-0.0519,0.0000,0.5080,0.5080,0.6176
8.216,0.5779,0.5779,-0.0428,-0.0004,-0.0004,0.0000,0.5080,0.5080,0.6179
8.221,0.5875,0.5875,-0.0428,-0.0265,-0.0265,0.0000,0.4834,0.4834,0.6180
8.226,0.5875,0.5875,-0.0427,0.0057,0.0057,0.0000,0.4834,0.4834,0.6181
8.231,0.5875,0.5875,-0.0427,0.0271,0.0271,0.0057,0.4834,0.4834,0.6182
8.235,0.5875,0.5875,-0.0426,0.0435,0.0435,0.0271,0.4834,0.4834,0.6182
8.239,0.5971,0.5971,-0.0426,-0.0055,-0.0055,0.0435,0.4554,0.4554,0.6183
8.243,0.5971,0.5971,-0.0426,0.0070,0.0070,0.0000,0.4554,0.4554,0.6184
8.248,0.5971,0.5971,-0.0425,0.0153,0.0153,0.0070,0.4554,0.4554,0.6184
8.254,0.5971,0.5971,-0.0425,0.0204,0.0204,0.0153,0.4554,0.4554,0.6185
8.262,0.6067,0.6067,-0.0424,-0.0421,-0.0421,0.0204,0.4247,0.4247,0.6186
8.267,0.6067,0.6067,-0.0424,-0.0473,-0.0473,0.0000,0.4247,0.4247,0.6187
8.271,0.6067,0.6067,-0.0423,-0.0530,-0.0530,0.0000,0.4247,0.4247,0.6187
8.275,0.6067,0.6067,-0.0423,-0.0598,-0.0598,0.0000,0.4247,0.4247,0.6188
8.279,0.6163,0.6163,-0.0422,-0.1276,-0.1276,0.0000,0.3948,0.3948,0.6188
8.285,0.6163,0.6163,-0.0422,-0.1403,-0.1403,0.0000,0.3948,0.3948,0.6189
8.289,0.6163,0.6163,-0.0421,-0.1504,-0.1504,0.0000,0.3948,0.3948,0.6189
8.293,0.6163,0.6163,-0.0421,-0.1633,-0.1633,0.0000,0.3948,0.3948,0.6190
8.298,0.6259,0.6259,-0.0421,-0.2347,-0.2347,0.0000,0.3661,0.3661,0.6190
8.302,0.6259,0.6259,-0.0420,-0.2497,-0.2497,0.0000,0.3661,0.3661,0.6191
8.307,0.6259,0.6259,-0.0420,-0.2649,-0.2649,0.0000,0.3661,0.3661,0.6191
8.317,0.6259,0.6259,-0.0419,-0.3115,-0.3115,0.0000,0.3661,0.3661,0.6191
8.323,0.6352,0.6352,-0.0418,-0.3942,-0.3942,0.0000,0.3139,0.3139,0.6192
8.328,0.6352,0.6352,-0.0418,-0.4191,-0.4191,0.0000,0.3139,0.3139,0.6192
8.332,0.6352,0.6352,-0.0417,-0.4429,-0.4429,0.0000,0.3139,0.3139,0.6193
8.337,0.6352,0.6352,-0.0417,-0.4698,-0.4698,0.0000,0.3139,0.3139,0.6193
8.341,0.6446,0.6446,-0.0416,-0.5441,-0.5441,0.0000,0.2651,0.2651,0.6193
8.347,0.6446,0.6446,-0.0416,-0.5834,-0.5834,0.0000,0.2651,0.2651,0.6193
8.351,0.6446,0.6446,-0.0415,-0.6103,-0.6103,0.0000,0.2651,0.2651,0.6194
8.355,0.6446,0.6446,-0.0415,-0.6344,-0.6344,0.0000,0.2651,0.2651,0.6194
8.359,0.6537,0.6537,-0.0414,-0.7106,-0.7106,0.0000,0.1967,0.1967,0.6194
8.365,0.6537,0.6537,-0.0414,-0.7510,-0.7510,0.0000,0.1967,0.1967,0.6194
8.372,0.6537,0.6537,-0.0413,-0.8049,-0.8049,0.0000,0.1967,0.1967,0.6194
8.378,0.6628,0.6628,-0.0413,-0.8889,-0.8889,0.0000,0.1269,0.1269,0.6194
8.382,0.6628,0.6628,-0.0412,-0.9202,-0.9202,0.0000,0.1269,0.1269,0.6194
8.386,0.6628,0.6628,-0.0412,-0.9456,-0.9456,0.0000,0.1269,0.1269,0.6194
8.393,0.6628,0.6628,-0.0411,-0.9936,-0.9936,0.0000,0.1269,0.1269,0.6193
8.398,0.6718,0.6718,-0.0410,-1.0702,-1.0702,0.0000,0.0469,0.0469,0.6193
8.403,0.6719,0.6719,-0.0410,-1.1094,-1.1094,0.0000,0.0469,0.0469,0.6193
8.408,0.6719,0.6719,-0.0409,-1.1406,-1.1406,0.0000,0.0469,0.0469,0.6192
8.412,0.6719,0.6719,-0.0409,-1.1705,-1.1705,0.0000,0.0469,0.0469,0.6192
8.416,0.6719,0.6719,-0.0408,-1.1981,-1.1981,0.0000,0.0469,0.0469,0.6191
8.420,0.6808,0.6808,-0.0408,-1.2693,-1.2693,0.0000,-0.0310,-0.0310,0.6191
8.425,0.6808,0.6808,-0.0407,-1.3034,-1.3034,0.0000,-0.0310,-0.0310,0.6191
8.429,0.6808,0.6808,-0.0407,-1.3335,-1.3335,0.0000,-0.0310,-0.0310,0.6190
8.433,0.6808,0.6808,-0.0406,-1.3622,-1.3622,0.0000,-0.0310,-0.0310,0.6190
8.436,0.6808,0.6808,-0.0406,-1.3895,-1.3895,0.0000,-0.0310,-0.0310,0.6189
8.440,0.6898,0.6898,-0.0406,-1.4583,-1.4583,0.0000,-0.1050,-0.1050,0.6189
8.446,0.6898,0.6898,-0.0405,-1.5004,-1.5004,0.0000,-0.1050,-0.1050,0.6188
8.450,0.6898,0.6898,-0.0405,-1.5297,-1.5297,0.0000,-0.1050,-0.1050,0.6188
8.454,0.6898,0.6898,-0.0404,-1.5618,-1.5618,0.0000,-0.1050,-0.1050,0.6187
8.458,0.6987,0.6987,-0.0404,-1.6300,-1.6300,0.0000,-0.1840,-0.1840,0.6187
8.468,0.6987,0.6987,-0.0403,-1.7081,-1.7081,0.0000,-0.1840,-0.1840,0.6186
8.477,0.6987,0.6987,-0.0402,-1.7743,-1.7743,0.0000,-0.1840,-0.1840,0.6184
8.481,0.7075,0.7075,-0.0401,-1.8387,-1.8387,0.0000,-0.2590,-0.2590,0.6182
8.486,0.7075,0.7075,-0.0400,-1.8732,-1.8732,0.0000,-0.2590,-0.2590,0.6181
8.490,0.7075,0.7075,-0.0400,-1.9010,-1.9010,0.0000,-0.2590,-0.2590,0.6180
8.494,0.7075,0.7075,-0.0399,-1.9293,-1.9293,0.0000,-0.2590,-0.2590,0.6179
8.499,0.7164,0.7164,-0.0399,-1.9926,-1.9926,0.0000,-0.3153,-0.3153,0.6179
8.503,0.7164,0.7164,-0.0398,-2.0243,-2.0243,0.0000,-0.3153,-0.3153,0.6178
8.507,0.7164,0.7164,-0.0398,-2.0510,-2.0510,0.0000,-0.3153,-0.3153,0.6176
8.512,0.7164,0.7164,-0.0397,-2.0795,-2.0795,0.0000,-0.3153,-0.3153,0.6176
8.516,0.7164,0.7164,-0.0397,-2.1107,-2.1107,0.0000,-0.3153,-0.3153,0.6175
8.521,0.7250,0.7250,-0.0396,-2.1723,-2.1723,0.0000,-0.3936,-0.3936,0.6173
8.525,0.7250,0.7250,-0.0396,-2.2016,-2.2016,0.0000,-0.3936,-0.3936,0.6172
8.529,0.7250,0.7250,-0.0395,-2.2290,-2.2290,0.0000,-0.3936,-0.3936,0.6171
8.533,0.7250,0.7250,-0.0395,-2.2558,-2.2558,0.0000,-0.3936,-0.3936,0.6170
8.537,0.7250,0.7250,-0.0394,-2.2798,-2.2798,0.0000,-0.3936,-0.3936,0.6169
8.541,0.7336,0.7336,-0.0394,-2.3359,-2.3359,0.0000,-0.4620,-0.4620,0.6168
8.546,0.7336,0.7336,-0.0393,-2.3751,-2.3751,0.0000,-0.4620,-0.4620,0.6167
8.551,0.7336,0.7336,-0.0393,-2.4069,-2.4069,0.0000,-0.4620,-0.4620,0.6165
8.556,0.7336,0.7336,-0.0392,-2.4356,-2.4356,0.0000,-0.4620,-0.4620,0.6164
8.560,0.7422,0.7422,-0.0391,-2.4916,-2.4916,0.0000,-0.5219,-0.5219,0.6162
8.565,0.7422,0.7422,-0.0391,-2.5256,-2.5256,0.0000,-0.5219,-0.5219,0.6161
8.569,0.7422,0.7422,-0.0390,-2.5486,-2.5486,0.0000,-0.5219,-0.5219,0.6159
8.573,0.7422,0.7422,-0.0390,-2.5726,-2.5726,0.0000,-0.5219,-0.5219,0.6158
8.579,0.7506,0.7506,-0.0389,-2.6354,-2.6354,0.0000,-0.5946,-0.5946,0.6157
8.588,0.7506,0.7506,-0.0388,-2.6894,-2.6894,0.0000,-0.5946,-0.5946,0.6155
8.592,0.7506,0.7506,-0.0387,-2.7123,-2.7123,0.0000,-0.5946,-0.5946,0.6151
8.596,0.7506,0.7506,-0.0387,-2.7385,-2.7385,0.0000,-0.5946,-0.5946,0.6150
8.600,0.7590,0.7590,-0.0386,-2.7869,-2.7869,0.0000,-0.6620,-0.6620,0.6148
8.605,0.7590,0.7590,-0.0386,-2.8125,-2.8125,0.0000,-0.6620,-0.6620,0.6147
8.610,0.7590,0.7590,-0.0385,-2.8392,-2.8392,0.0000,-0.6620,-0.6620,0.6145
8.619,0.7672,0.7672,-0.0385,-2.9123,-2.9123,0.0000,-0.7169,-0.7169,0.6143
8.625,0.7672,0.7672,-0.0383,-2.9482,-2.9482,0.0000,-0.7169,-0.7169,0.6140
8.629,0.7672,0.7672,-0.0383,-2.9714,-2.9714,0.0000,-0.7169,-0.7169,0.6137
8.633,0.7672,0.7672,-0.0382,-2.9927,-2.9927,0.0000,-0.7169,-0.7169,0.6135
8.637,0.7672,0.7672,-0.0381,-3.0124,-3.0124,0.0000,-0.7169,-0.7169,0.6134
8.642,0.7754,0.7754,-0.0381,-3.0578,-3.0578,0.0000,-0.7630,-0.7630,0.6132
8.647,0.7754,0.7754,-0.0380,-3.0847,-3.0847,0.0000,-0.7630,-0.7630,0.6131
8.651,0.7754,0.7754,-0.0380,-3.1044,-3.1044,0.0000,-0.7630,-0.7630,0.6128
8.654,0.7754,0.7754,-0.0379,-3.1239,-3.1239,0.0000,-0.7630,-0.7630,0.6127
8.658,0.7836,0.7836,-0.0379,-3.1641,-3.1641,0.0000,-0.8277,-0.8277,0.6125
8.663,0.7836,0.7836,-0.0378,-3.1891,-3.1891,0.0000,-0.8277,-0.8277,0.6124
8.667,0.7836,0.7836,-0.0378,-3.2079,-3.2079,0.0000,-0.8277,-0.8277,0.6122
8.671,0.7836,0.7836,-0.0377,-3.2297,-3.2297,0.0000,-0.8277,-0.8277,0.6120
8.675,0.7836,0.7836,-0.0376,-3.2488,-3.2488,0.0000,-0.8277,-0.8277,0.6118
8.681,0.7919,0.7919,-0.0376,-3.2973,-3.2973,0.0000,-0.8851,-0.8851,0.6116
8.690,0.7936,0.7936,-0.0375,-3.3406,-3.3406,0.0000,-0.8851,-0.8851,0.6114
8.694,0.7951,0.7951,-0.0374,-3.3588,-3.3588,0.0000,-0.8851,-0.8851,0.6109
8.698,0.8051,0.8051,-0.0373,-3.3948,-3.3948,0.0000,-0.9481,-0.9481,0.6108
8.703,0.8090,0.8090,-0.0373,-3.4178,-3.4178,0.0000,-0.9481,-0.9481,0.6106
8.708,0.8130,0.8130,-0.0372,-3.4359,-3.4359,0.0000,-0.9481,-0.9481,0.6103
8.712,0.8180,0.8180,-0.0372,-3.4538,-3.4538,0.0000,-0.9481,-0.9481,0.6101
8.716,0.8237,0.8237,-0.0371,-3.4704,-3.4704,0.0000,-0.9481,-0.9481,0.6099
8.719,0.8377,0.8377,-0.0370,-3.5040,-3.5040,0.0000,-1.0233,-1.0233,0.6097
8.724,0.8464,0.8464,-0.0370,-3.5224,-3.5224,0.0000,-1.0233,-1.0233,0.6096
8.728,0.8554,0.8554,-0.0369,-3.5391,-3.5391,0.0000,-1.0233,-1.0233,0.6093
8.732,0.8651,0.8651,-0.0368,-3.5551,-3.5551,0.0000,-1.0233,-1.0233,0.6091
8.736,0.8751,0.8751,-0.0368,-3.5698,-3.5698,0.0000,-1.0233,-1.0233,0.6089
8.739,0.8942,0.8942,-0.0367,-3.6020,-3.6020,0.0000,-1.1028,-1.1028,0.6087
8.744,0.9106,0.9106,-0.0366,-3.6218,-3.6218,0.0000,-1.1028,-1.1028,0.6085
8.749,0.9280,0.9280,-0.0366,-3.6406,-3.6406,0.0000,-1.1028,-1.1028,0.6083
8.753,0.9441,0.9441,-0.0365,-3.6563,-3.6563,0.0000,-1.1028,-1.1028,0.6080
8.757,0.9599,0.9599,-0.0364,-3.6706,-3.6706,0.0000,-1.1028,-1.1028,0.6078
8.762,0.9878,0.9878,-0.0363,-3.7024,-3.7024,0.0000,-1.1685,-1.1685,0.6076
8.771,1.0333,1.0333,-0.0362,-3.7368,-3.7368,0.0000,-1.1685,-1.1685,0.6073
8.776,1.0603,1.0603,-0.0360,-3.7550,-3.7550,0.0000,-1.1685,-1.1685,0.6068
8.782,1.1038,1.1038,-0.0359,-3.7895,-3.7895,0.0000,-1.2201,-1.2201,0.6066
8.791,1.1549,1.1549,-0.0357,-3.8177,-3.8177,0.0000,-1.2201,-1.2201,0.6062
8.796,1.1861,1.1861,-0.0354,-3.8334,-3.8334,0.0000,-1.2201,-1.2201,0.6057
8.800,1.2184,1.2184,-0.0353,-3.8540,-3.8540,0.0000,-1.2472,-1.2472,0.6054
8.804,1.2504,1.2504,-0.0352,-3.8683,-3.8683,0.0000,-1.2472,-1.2472,0.6052
8.808,1.2804,1.2804,-0.0350,-3.8811,-3.8811,0.0000,-1.2472,-1.2472,0.6050
8.814,1.3173,1.3173,-0.0349,-3.8960,-3.8960,0.0000,-1.2472,-1.2472,0.6047
8.817,1.3459,1.3459,-0.0347,-3.9069,-3.9069,0.0000,-1.2472,-1.2472,0.6044
8.821,1.3828,1.3828,-0.0345,-3.9241,-3.9241,0.0000,-1.2606,-1.2606,0.6042
8.826,1.4166,1.4166,-0.0344,-3.9359,-3.9359,0.0000,-1.2606,-1.2606,0.6040
8.830,1.4549,1.4549,-0.0342,-3.9486,-3.9486,0.0000,-1.2606,-1.2606,0.6037
8.835,1.4897,1.4897,-0.0340,-3.9596,-3.9596,0.0000,-1.2606,-1.2606,0.6035
8.839,1.5094,1.5094,-0.0338,-3.9741,-3.9741,0.0000,-1.2618,-1.2618,0.6032
8.844,1.5516,1.5516,-0.0336,-3.9864,-3.9864,0.0000,-1.2618,-1.2618,0.6030
8.848,1.5924,1.5924,-0.0334,-3.9979,-3.9979,0.0000,-1.2618,-1.2618,0.6028
8.853,1.6289,1.6289,-0.0331,-4.0078,-4.0078,0.0000,-1.2618,-1.2618,0.6025
8.857,1.6639,1.6639,-0.0329,-4.0171,-4.0171,0.0000,-1.2618,-1.2618,0.6023
8.861,1.6751,1.6751,-0.0327,-4.0331,-4.0331,0.0000,-1.2717,-1.2717,0.6020
8.865,1.7145,1.7145,-0.0325,-4.0429,-4.0429,0.0000,-1.2717,-1.2717,0.6018
8.869,1.7478,1.7478,-0.0323,-4.0510,-4.0510,0.0000,-1.2717,-1.2717,0.6015
8.873,1.7825,1.7825,-0.0320,-4.0592,-4.0592,0.0000,-1.2717,-1.2717,0.6013
8.877,1.8234,1.8234,-0.0318,-4.0686,-4.0686,0.0000,-1.2717,-1.2717,0.6011
8.882,1.8144,1.8144,-0.0316,-4.0846,-4.0846,0.0000,-1.2903,-1.2903,0.6009
8.887,1.8645,1.8645,-0.0313,-4.0956,-4.0956,0.0000,-1.2903,-1.2903,0.6007
8.895,1.9378,1.9378,-0.0310,-4.1108,-4.1108,0.0000,-1.2903,-1.2903,0.6004
8.899,1.9092,1.9092,-0.0305,-4.1270,-4.1270,0.0000,-1.3252,-1.3252,0.5999
8.903,1.9495,1.9495,-0.0302,-4.1348,-4.1348,0.0000,-1.3252,-1.3252,0.5997
8.907,1.9866,1.9866,-0.0300,-4.1417,-4.1417,0.0000,-1.3252,-1.3252,0.5995
8.911,2.0246,2.0246,-0.0297,-4.1485,-4.1485,0.0000,-1.3252,-1.3252,0.5993
8.916,2.0621,2.0621,-0.0294,-4.1551,-4.1551,0.0000,-1.3252,-1.3252,0.5990
8.924,2.0583,2.0583,-0.0292,-4.1752,-4.1752,0.0000,-1.3527,-1.3527,0.5988
8.930,2.1145,2.1145,-0.0286,-4.1849,-4.1849,0.0000,-1.3527,-1.3527,0.5984
8.934,2.1456,2.1456,-0.0282,-4.1902,-4.1902,0.0000,-1.3527,-1.3527,0.5980
8.938,2.0821,2.0821,-0.0279,-4.2005,-4.2005,0.0000,-1.3621,-1.3621,0.5978
8.942,2.1163,2.1163,-0.0276,-4.2063,-4.2063,0.0000,-1.3621,-1.3621,0.5976
8.947,2.1493,2.1493,-0.0273,-4.2118,-4.2118,0.0000,-1.3621,-1.3621,0.5973
8.950,2.1769,2.1769,-0.0270,-4.2164,-4.2164,0.0000,-1.3621,-1.3621,0.5971
8.954,2.2047,2.2047,-0.0267,-4.2210,-4.2210,0.0000,-1.3621,-1.3621,0.5969
8.958,2.1323,2.1323,-0.0265,-4.2265,-4.2265,0.0000,-1.3438,-1.3438,0.5967
8.963,2.1661,2.1661,-0.0262,-4.2324,-4.2324,0.0000,-1.3438,-1.3438,0.5965
8.967,2.1908,2.1908,-0.0259,-4.2367,-4.2367,0.0000,-1.3438,-1.3438,0.5962
8.971,2.2155,2.2155,-0.0256,-4.2410,-4.2410,0.0000,-1.3438,-1.3438,0.5960
8.974,2.2394,2.2394,-0.0253,-4.2452,-4.2452,0.0000,-1.3438,-1.3438,0.5958
8.979,2.1571,2.1571,-0.0251,-4.2474,-4.2474,0.0000,-1.3003,-1.3003,0.5956
8.983,2.1840,2.1840,-0.0248,-4.2523,-4.2523,0.0000,-1.3003,-1.3003,0.5954
8.987,2.2064,2.2064,-0.0244,-4.2563,-4.2563,0.0000,-1.3003,-1.3003,0.5952
8.991,2.2309,2.2309,-0.0242,-4.2610,-4.2610,0.0000,-1.3003,-1.3003,0.5950
8.997,2.2637,2.2637,-0.0239,-4.2671,-4.2671,0.0000,-1.3003,-1.3003,0.5948
9.005,2.1865,2.1865,-0.0235,-4.2691,-4.2691,0.0000,-1.2371,-1.2371,0.5945
9.009,2.2104,2.2104,-0.0229,-4.2736,-4.2736,0.0000,-1.2371,-1.2371,0.5942
9.013,2.2311,2.2311,-0.0226,-4.2774,-4.2774,0.0000,-1.2371,-1.2371,0.5940
9.017,2.2496,2.2496,-0.0223,-4.2809,-4.2809,0.0000,-1.2371,-1.2371,0.5938
9.021,2.1349,2.1349,-0.0221,-4.2820,-4.2820,0.0000,-1.2060,-1.2060,0.5936
9.025,2.1553,2.1553,-0.0218,-4.2857,-4.2857,0.0000,-1.2060,-1.2060,0.5935
9.030,2.1748,2.1748,-0.0215,-4.2894,-4.2894,0.0000,-1.2060,-1.2060,0.5933
9.034,2.1920,2.1920,-0.0213,-4.2925,-4.2925,0.0000,-1.2060,-1.2060,0.5931
9.037,2.2081,2.2081,-0.0210,-4.2954,-4.2954,0.0000,-1.2060,-1.2060,0.5929
9.041,2.0890,2.0890,-0.0207,-4.2936,-4.2936,0.0000,-1.1648,-1.1648,0.5928
9.046,2.1094,2.1094,-0.0205,-4.2974,-4.2974,0.0000,-1.1648,-1.1648,0.5926
9.050,2.1249,2.1249,-0.0202,-4.3003,-4.3003,0.0000,-1.1648,-1.1648,0.5924
9.054,2.1402,2.1402,-0.0200,-4.3031,-4.3031,0.0000,-1.1648,-1.1648,0.5923
9.057,2.1544,2.1544,-0.0197,-4.3059,-4.3059,0.0000,-1.1648,-1.1648,0.5921
9.062,2.0289,2.0289,-0.0195,-4.3010,-4.3010,0.0000,-1.1090,-1.1090,0.5920
9.066,2.0460,2.0460,-0.0193,-4.3045,-4.3045,0.0000,-1.1090,-1.1090,0.5918
9.074,2.0752,2.0752,-0.0190,-4.3110,-4.3110,0.0000,-1.1090,-1.1090,0.5916
9.080,1.9491,1.9491,-0.0185,-4.3102,-4.3102,0.0000,-1.0873,-1.0873,0.5914
9.085,1.9640,1.9640,-0.0182,-4.3137,-4.3137,0.0000,-1.0873,-1.0873,0.5912
9.089,1.9782,1.9782,-0.0180,-4.3173,-4.3173,0.0000,-1.0873,-1.0873,0.5910
9.095,1.9950,1.9950,-0.0178,-4.3215,-4.3215,0.0000,-1.0873,-1.0873,0.5908
9.100,1.8616,1.8616,-0.0175,-4.3150,-4.3150,0.0000,-1.0438,-1.0438,0.5907
9.109,1.8870,1.8870,-0.0172,-4.3217,-4.3217,0.0000,-1.0438,-1.0438,0.5905
9.114,1.9016,1.9016,-0.0168,-4.3255,-4.3255,0.0000,-1.0438,-1.0438,0.5902
9.118,1.7081,1.7081,-0.0166,-4.3139,-4.3139,0.0000,-0.9721,-0.9721,0.5901
9.122,1.7194,1.7194,-0.0165,-4.3171,-4.3171,0.0000,-0.9721,-0.9721,0.5900
9.127,1.7313,1.7313,-0.0163,-4.3205,-4.3205,0.0000,-0.9721,-0.9721,0.5898
9.132,1.7449,1.7449,-0.0161,-4.3244,-4.3244,0.0000,-0.9721,-0.9721,0.5897
9.136,1.7539,1.7539,-0.0159,-4.3270,-4.3270,0.0000,-0.9721,-0.9721,0.5896
9.140,1.5639,1.5639,-0.0158,-4.3102,-4.3102,0.0000,-0.8835,-0.8835,0.5895
9.145,1.5747,1.5747,-0.0156,-4.3134,-4.3134,0.0000,-0.8835,-0.8835,0.5894
9.149,1.5836,1.5836,-0.0155,-4.3162,-4.3162,0.0000,-0.8835,-0.8835,0.5893
9.153,1.5916,1.5916,-0.0154,-4.3187,-4.3187,0.0000,-0.8835,-0.8835,0.5892
9.157,1.5999,1.5999,-0.0153,-4.3216,-4.3216,0.0000,-0.8835,-0.8835,0.5891
9.161,1.4098,1.4098,-0.0151,-4.3063,-4.3063,0.0000,-0.8341,-0.8341,0.5890
9.165,1.4185,1.4185,-0.0151,-4.3095,-4.3095,0.0000,-0.8341,-0.8341,0.5889
9.169,1.4255,1.4255,-0.0150,-4.3122,-4.3122,0.0000,-0.8341,-0.8341,0.5888
9.173,1.4329,1.4329,-0.0149,-4.3154,-4.3154,0.0000,-0.8341,-0.8341,0.5888
9.177,1.4410,1.4410,-0.0148,-4.3187,-4.3187,0.0000,-0.8341,-0.8341,0.5887
9.182,1.2511,1.2511,-0.0147,-4.2978,-4.2978,0.0000,-0.7755,-0.7755,0.5886
9.186,1.2586,1.2586,-0.0146,-4.3011,-4.3011,0.0000,-0.7755,-0.7755,0.5885
9.190,1.2655,1.2655,-0.0146,-4.3042,-4.3042,0.0000,-0.7755,-0.7755,0.5885
9.194,1.2723,1.2723,-0.0145,-4.3072,-4.3072,0.0000,-0.7755,-0.7755,0.5884
9.198,1.0819,1.0819,-0.0145,-4.2780,-4.2780,0.0000,-0.6957,-0.6957,0.5883
9.204,1.0912,1.0912,-0.0145,-4.2826,-4.2826,0.0000,-0.6957,-0.6957,0.5883
9.212,1.1040,1.1040,-0.0144,-4.2896,-4.2896,0.0000,-0.6957,-0.6957,0.5882
9.216,1.1095,1.1095,-0.0144,-4.2926,-4.2926,0.0000,-0.6957,-0.6957,0.5881
9.220,0.9248,0.9248,-0.0144,-4.2561,-4.2561,0.0000,-0.5993,-0.5993,0.5881
9.229,0.9374,0.9374,-0.0144,-4.2637,-4.2637,0.0000,-0.5993,-0.5993,0.5880
9.234,0.9443,0.9443,-0.0144,-4.2678,-4.2678,0.0000,-0.5993,-0.5993,0.5880
9.238,0.7583,0.7583,-0.0145,-4.2235,-4.2235,0.0000,-0.4878,-0.4878,0.5880
9.242,0.7638,0.7638,-0.0145,-4.2271,-4.2271,0.0000,-0.4878,-0.4878,0.5879
9.247,0.7693,0.7693,-0.0146,-4.2309,-4.2309,0.0000,-0.4878,-0.4878,0.5879
9.251,0.7738,0.7738,-0.0146,-4.2341,-4.2341,0.0000,-0.4878,-0.4878,0.5879
9.255,0.7784,0.7784,-0.0147,-4.2374,-4.2374,0.0000,-0.4878,-0.4878,0.5879
9.258,0.5964,0.5964,-0.0147,-4.1887,-4.1887,0.0000,-0.3863,-0.3863,0.5879
9.263,0.6017,0.6017,-0.0148,-4.1931,-4.1931,0.0000,-0.3863,-0.3863,0.5879
9.267,0.6060,0.6060,-0.0149,-4.1968,-4.1968,0.0000,-0.3863,-0.3863,0.5880
9.271,0.6099,0.6099,-0.0150,-4.2004,-4.2004,0.0000,-0.3863,-0.3863,0.5880
9.275,0.6139,0.6139,-0.0150,-4.2038,-4.2038,0.0000,-0.3863,-0.3863,0.5880
9.280,0.4347,0.4347,-0.0151,-4.1529,-4.1529,0.0000,-0.3028,-0.3028,0.5880
9.285,0.4396,0.4396,-0.0152,-4.1577,-4.1577,0.0000,-0.3028,-0.3028,0.5880
9.289,0.4434,0.4434,-0.0154,-4.1615,-4.1615,0.0000,-0.3028,-0.3028,0.5881
9.293,0.4470,0.4470,-0.0155,-4.1652,-4.1652,0.0000,-0.3028,-0.3028,0.5881
9.298,0.4512,0.4512,-0.0156,-4.1696,-4.1696,0.0000,-0.3028,-0.3028,0.5882
9.301,0.2716,0.2716,-0.0157,-4.1142,-4.1142,0.0000,-0.2405,-0.2405,0.5882
9.307,0.2764,0.2764,-0.0158,-4.1197,-4.1197,0.0000,-0.2405,-0.2405,0.5882
9.316,0.2836,0.2836,-0.0160,-4.1290,-4.1290,0.0000,-0.2405,-0.2405,0.5883
9.320,0.1053,0.1053,-0.0163,-4.0694,-4.0694,0.0000,-0.1847,-0.1847,0.5884
9.324,0.1086,0.1086,-0.0165,-4.0742,-4.0742,0.0000,-0.1847,-0.1847,0.5884
9.329,0.1123,0.1123,-0.0167,-4.0797,-4.0797,0.0000,-0.1847,-0.1847,0.5885
9.334,0.1156,0.1156,-0.0169,-4.0849,-4.0849,0.0000,-0.1847,-0.1847,0.5886
9.338,-0.0596,-0.0596,-0.0171,-4.0182,-4.0182,0.0000,-0.1164,-0.1164,0.5886
9.343,-0.0565,-0.0565,-0.0173,-4.0236,-4.0236,0.0000,-0.1164,-0.1164,0.5887
9.347,-0.0536,-0.0536,-0.0176,-4.0290,-4.0290,0.0000,-0.1164,-0.1164,0.5888
9.352,-0.0506,-0.0506,-0.0178,-4.0344,-4.0344,0.0000,-0.1164,-0.1164,0.5888
9.356,-0.0479,-0.0479,-0.0180,-4.0393,-4.0393,0.0000,-0.1164,-0.1164,0.5889
9.360,-0.2191,-0.2191,-0.0182,-3.9668,-3.9668,0.0000,-0.0335,-0.0335,0.5890
9.365,-0.2164,-0.2164,-0.0185,-3.9727,-3.9727,0.0000,-0.0335,-0.0335,0.5891
9.369,-0.2142,-0.2142,-0.0187,-3.9773,-3.9773,0.0000,-0.0335,-0.0335,0.5892
9.373,-0.2118,-0.2118,-0.0189,-3.9823,-3.9823,0.0000,-0.0335,-0.0335,0.5893
9.384,-0.3801,-0.3801,-0.0192,-3.9132,-3.9132,0.0000,0.0688,0.0688,0.5894
9.391,-0.3762,-0.3762,-0.0198,-3.9236,-3.9236,0.0000,0.0688,0.0688,0.5896
9.396,-0.3736,-0.3736,-0.0203,-3.9311,-3.9311,0.0000,0.0688,0.0688,0.5898
9.401,-0.5463,-0.5463,-0.0207,-3.8494,-3.8494,0.0000,0.1933,0.1933,0.5899
9.408,-0.5434,-0.5434,-0.0210,-3.8582,-3.8582,0.0000,0.1933,0.1933,0.5901
9.417,-0.5392,-0.5392,-0.0215,-3.8711,-3.8711,0.0000,0.1933,0.1933,0.5903
9.421,-0.7073,-0.7073,-0.0221,-3.7853,-3.7853,0.0000,0.3295,0.3295,0.5906
9.426,-0.7055,-0.7055,-0.0224,-3.7916,-3.7916,0.0000,0.3295,0.3295,0.5907
9.430,-0.7038,-0.7038,-0.0228,-3.7981,-3.7981,0.0000,0.3295,0.3295,0.5909
9.434,-0.7023,-0.7023,-0.0231,-3.8043,-3.8043,0.0000,0.3295,0.3295,0.5911
9.438,-0.8670,-0.8670,-0.0234,-3.7185,-3.7185,0.0000,0.4433,0.4433,0.5912
9.443,-0.8653,-0.8653,-0.0237,-3.7251,-3.7251,0.0000,0.4433,0.4433,0.5914
9.447,-0.8636,-0.8636,-0.0241,-3.7321,-3.7321,0.0000,0.4433,0.4433,0.5916
9.451,-0.8622,-0.8622,-0.0245,-3.7381,-3.7381,0.0000,0.4433,0.4433,0.5917
9.456,-0.8606,-0.8606,-0.0248,-3.7460,-3.7460,0.0000,0.4433,0.4433,0.5919
9.461,-1.0021,-1.0021,-0.0252,-3.6608,-3.6608,0.0000,0.5588,0.5588,0.5921
9.466,-1.0005,-1.0005,-0.0257,-3.6687,-3.6687,0.0000,0.5588,0.5588,0.5923
9.470,-0.9991,-0.9991,-0.0261,-3.6761,-3.6761,0.0000,0.5588,0.5588,0.5926
9.475,-0.9978,-0.9978,-0.0265,-3.6839,-3.6839,0.0000,0.5588,0.5588,0.5928
9.479,-1.1163,-1.1163,-0.0269,-3.6006,-3.6006,0.0000,0.6518,0.6518,0.5930
9.484,-1.1149,-1.1149,-0.0273,-3.6085,-3.6085,0.0000,0.6518,0.6518,0.5932
9.488,-1.1138,-1.1138,-0.0277,-3.6154,-3.6154,0.0000,0.6518,0.6518,0.5934
9.492,-1.1128,-1.1128,-0.0281,-3.6220,-3.6220,0.0000,0.6518,0.6518,0.5936
9.497,-1.1115,-1.1115,-0.0284,-3.6302,-3.6302,0.0000,0.6518,0.6518,0.5938
9.501,-1.2089,-1.2089,-0.0289,-3.5465,-3.5465,0.0000,0.7257,0.7257,0.5941
9.506,-1.2078,-1.2078,-0.0293,-3.5548,-3.5548,0.0000,0.7257,0.7257,0.5943
9.512,-1.2064,-1.2064,-0.0298,-3.5678,-3.5678,0.0000,0.7257,0.7257,0.5945
9.520,-1.2742,-1.2742,-0.0303,-3.4920,-3.4920,0.0000,0.8024,0.8024,0.5948
9.524,-1.2731,-1.2731,-0.0311,-3.5018,-3.5018,0.0000,0.8024,0.8024,0.5953
9.533,-1.2713,-1.2713,-0.0315,-3.5188,-3.5188,0.0000,0.8024,0.8024,0.5956
9.539,-1.3041,-1.3041,-0.0323,-3.4389,-3.4389,0.0000,0.8852,0.8852,0.5960
9.544,-1.3031,-1.3031,-0.0329,-3.4495,-3.4495,0.0000,0.8852,0.8852,0.5964
9.548,-1.3023,-1.3023,-0.0334,-3.4583,-3.4583,0.0000,0.8852,0.8852,0.5967
9.553,-1.3015,-1.3015,-0.0338,-3.4677,-3.4677,0.0000,0.8852,0.8852,0.5969
9.557,-1.3007,-1.3007,-0.0342,-3.4813,-3.4813,0.0000,0.8852,0.8852,0.5972
9.562,-1.3003,-1.3003,-0.0347,-3.3951,-3.3951,0.0000,0.9728,0.9728,0.5974
9.567,-1.2995,-1.2995,-0.0351,-3.4036,-3.4036,0.0000,0.9728,0.9728,0.5977
9.570,-1.2988,-1.2988,-0.0355,-3.4146,-3.4146,0.0000,0.9728,0.9728,0.5980
9.574,-1.2982,-1.2982,-0.0359,-3.4255,-3.4255,0.0000,0.9728,0.9728,0.5982
9.579,-0.9757,-0.9757,-0.0363,-3.3392,-3.3392,0.0000,1.0635,1.0635,0.5985
9.585,-0.9749,-0.9749,-0.0366,-3.3534,-3.3534,0.0000,1.0635,1.0635,0.5988
9.589,-0.9742,-0.9742,-0.0370,-3.3646,-3.3646,0.0000,1.0635,1.0635,0.5992
9.593,-0.9736,-0.9736,-0.0374,-3.3748,-3.3748,0.0000,1.0635,1.0635,0.5995
9.598,-0.6549,-0.6549,-0.0377,-3.2849,-3.2849,0.0000,1.1561,1.1561,0.5997
9.602,-0.6543,-0.6543,-0.0379,-3.2948,-3.2948,0.0000,1.1561,1.1561,0.6000
9.606,-0.6538,-0.6538,-0.0382,-3.3074,-3.3074,0.0000,1.1561,1.1561,0.6003
9.610,-0.6533,-0.6533,-0.0384,-3.3164,-3.3164,0.0000,1.1561,1.1561,0.6006
9.614,-0.6527,-0.6527,-0.0386,-3.3253,-3.3253,0.0000,1.1561,1.1561,0.6008
9.619,-0.3371,-0.3371,-0.0389,-3.2404,-3.2404,0.0000,1.2499,1.2499,0.6011
9.628,-0.3360,-0.3360,-0.0391,-3.2581,-3.2581,0.0000,1.2499,1.2499,0.6015
9.632,-0.3355,-0.3355,-0.0394,-3.2700,-3.2700,0.0000,1.2499,1.2499,0.6021
9.635,-0.3351,-0.3351,-0.0396,-3.2810,-3.2810,0.0000,1.2499,1.2499,0.6024
9.639,-0.0201,-0.0201,-0.0398,-3.1915,-3.1915,0.0000,1.3439,1.3439,0.6026
9.644,-0.0196,-0.0196,-0.0398,-3.2051,-3.2051,0.0000,1.3439,1.3439,0.6029
9.648,-0.0192,-0.0192,-0.0400,-3.2158,-3.2158,0.0000,1.3439,1.3439,0.6033
9.652,-0.0188,-0.0188,-0.0401,-3.2278,-3.2278,0.0000,1.3439,1.3439,0.6036
9.656,-0.0184,-0.0184,-0.0401,-3.2378,-3.2378,0.0000,1.3439,1.3439,0.6038
9.659,0.2948,0.2948,-0.0402,-3.1488,-3.1488,0.0000,1.4367,1.4367,0.6041
9.664,0.2953,0.2953,-0.0403,-3.1671,-3.1671,0.0000,1.4367,1.4367,0.6044
9.668,0.2956,0.2956,-0.0403,-3.1783,-3.1783,0.0000,1.4367,1.4367,0.6048
9.672,0.2554,0.2554,-0.0403,-3.1917,-3.1917,0.0000,1.4367,1.4367,0.6051
9.677,0.1364,0.1364,-0.0404,-3.2066,-3.2066,0.0000,1.4367,1.4367,0.6054
9.685,0.2045,0.2045,-0.0404,-3.1376,-3.1376,0.0000,1.5277,1.5277,0.6057
9.691,0.0514,0.0514,-0.0406,-3.1581,-3.1581,0.0000,1.5277,1.5277,0.6064
9.696,-0.0726,-0.0726,-0.0407,-3.1741,-3.1741,0.0000,1.5277,1.5277,0.6069
9.699,0.1423,0.1423,-0.0408,-3.0880,-3.0880,0.0000,1.5817,1.5817,0.6073
9.704,0.0259,0.0259,-0.0408,-3.1041,-3.1041,0.0000,1.5817,1.5817,0.6076
9.707,-0.0762,-0.0762,-0.0409,-3.1187,-3.1187,0.0000,1.5817,1.5817,0.6079
9.712,-0.1909,-0.1909,-0.0410,-3.1353,-3.1353,0.0000,1.5817,1.5817,0.6082
9.716,-0.3076,-0.3076,-0.0412,-3.1517,-3.1517,0.0000,1.5817,1.5817,0.6086
9.722,-0.1626,-0.1626,-0.0413,-3.0767,-3.0767,0.0000,1.6278,1.6278,0.6089
9.731,-0.4122,-0.4122,-0.0415,-3.1132,-3.1132,0.0000,1.6278,1.6278,0.6094
9.736,-0.5254,-0.5254,-0.0419,-3.1303,-3.1303,0.0000,1.6278,1.6278,0.6101
9.740,-0.3292,-0.3292,-0.0421,-3.0503,-3.0503,0.0000,1.6556,1.6556,0.6105
9.746,-0.4749,-0.4749,-0.0423,-3.0728,-3.0728,0.0000,1.6556,1.6556,0.6109
9.750,-0.5728,-0.5728,-0.0425,-3.0890,-3.0890,0.0000,1.6556,1.6556,0.6113
9.755,-0.6781,-0.6781,-0.0428,-3.1068,-3.1068,0.0000,1.6556,1.6556,0.6117
9.759,-0.4800,-0.4800,-0.0430,-3.0292,-3.0292,0.0000,1.6783,1.6783,0.6121
9.765,-0.6012,-0.6012,-0.0432,-3.0513,-3.0513,0.0000,1.6783,1.6783,0.6124
9.769,-0.6907,-0.6907,-0.0435,-3.0680,-3.0680,0.0000,1.6783,1.6783,0.6129
9.773,-0.7809,-0.7809,-0.0437,-3.0857,-3.0857,0.0000,1.6783,1.6783,0.6132
9.780,-0.6105,-0.6105,-0.0440,-3.0164,-3.0164,0.0000,1.6993,1.6993,0.6136
9.784,-0.7023,-0.7023,-0.0443,-3.0349,-3.0349,0.0000,1.6993,1.6993,0.6141
9.789,-0.7876,-0.7876,-0.0445,-3.0529,-3.0529,0.0000,1.6993,1.6993,0.6145
9.793,-0.8678,-0.8678,-0.0448,-3.0701,-3.0701,0.0000,1.6993,1.6993,0.6148
9.798,-0.6657,-0.6657,-0.0451,-2.9978,-2.9978,0.0000,1.7186,1.7186,0.6152
9.803,-0.7468,-0.7468,-0.0453,-3.0165,-3.0165,0.0000,1.7186,1.7186,0.6156
9.807,-0.8196,-0.8196,-0.0456,-3.0338,-3.0338,0.0000,1.7186,1.7186,0.6159
9.814,-0.9185,-0.9185,-0.0458,-3.0585,-3.0585,0.0000,1.7186,1.7186,0.6163
9.819,-0.7220,-0.7220,-0.0462,-2.9902,-2.9902,0.0000,1.7355,1.7355,0.6168
9.826,-0.8228,-0.8228,-0.0465,-3.0177,-3.0177,0.0000,1.7355,1.7355,0.6172
9.838,-0.7269,-0.7269,-0.0469,-2.9803,-2.9803,0.0000,1.7497,1.7497,0.6177
9.850,-0.8850,-0.8850,-0.0475,-3.0285,-3.0285,0.0000,1.7497,1.7497,0.6187
9.856,-0.9545,-0.9545,-0.0482,-3.0503,-3.0503,0.0000,1.7497,1.7497,0.6196
9.861,-0.7743,-0.7743,-0.0486,-2.9876,-2.9876,0.0000,1.7614,1.7614,0.6201
9.866,-0.8349,-0.8349,-0.0489,-3.0076,-3.0076,0.0000,1.7614,1.7614,0.6205
9.870,-0.8807,-0.8807,-0.0492,-3.0234,-3.0234,0.0000,1.7614,1.7614,0.6209
9.875,-0.9300,-0.9300,-0.0494,-3.0408,-3.0408,0.0000,1.7614,1.7614,0.6212
9.880,-0.7593,-0.7593,-0.0497,-2.9793,-2.9793,0.0000,1.7708,1.7708,0.6215
9.885,-0.8110,-0.8110,-0.0499,-2.9989,-2.9989,0.0000,1.7708,1.7708,0.6219
9.889,-0.8557,-0.8557,-0.0502,-3.0168,-3.0168,0.0000,1.7708,1.7708,0.6223
9.894,-0.9064,-0.9064,-0.0504,-3.0377,-3.0377,0.0000,1.7708,1.7708,0.6226
9.899,-0.7494,-0.7494,-0.0507,-2.9798,-2.9798,0.0000,1.7606,1.7606,0.6230
9.904,-0.7971,-0.7971,-0.0510,-3.0004,-3.0004,0.0000,1.7606,1.7606,0.6233
9.908,-0.8332,-0.8332,-0.0512,-3.0164,-3.0164,0.0000,1.7606,1.7606,0.6237
9.914,-0.8824,-0.8824,-0.0514,-3.0387,-3.0387,0.0000,1.7606,1.7606,0.6240
9.918,-0.7377,-0.7377,-0.0517,-2.9826,-2.9826,0.0000,1.7451,1.7451,0.6244
9.923,-0.7814,-0.7814,-0.0519,-3.0032,-3.0032,0.0000,1.7451,1.7451,0.6247
9.930,-0.8319,-0.8319,-0.0522,-3.0280,-3.0280,0.0000,1.7451,1.7451,0.6251
9.939,-0.7400,-0.7400,-0.0525,-2.9950,-2.9950,0.0000,1.7285,1.7285,0.6255
9.945,-0.7862,-0.7862,-0.0530,-3.0200,-3.0200,0.0000,1.7285,1.7285,0.6262
9.949,-0.8176,-0.8176,-0.0533,-3.0378,-3.0378,0.0000,1.7285,1.7285,0.6266
9.954,-0.8488,-0.8488,-0.0535,-3.0562,-3.0562,0.0000,1.7285,1.7285,0.6269
9.958,-1.0100,-1.0100,-0.0537,-3.0187,-3.0187,0.0000,1.7133,1.7133,0.6272
9.964,-1.0457,-1.0457,-0.0540,-3.0414,-3.0414,0.0000,1.7133,1.7133,0.6275
9.968,-1.0722,-1.0722,-0.0543,-3.0587,-3.0587,0.0000,1.7133,1.7133,0.6279
9.972,-1.0962,-1.0962,-0.0546,-3.0745,-3.0745,0.0000,1.7133,1.7133,0.6282
9.978,-1.2742,-1.2742,-0.0548,-3.0476,-3.0476,0.0000,1.6941,1.6941,0.6284
9.984,-1.3086,-1.3086,-0.0553,-3.0716,-3.0716,0.0000,1.6941,1.6941,0.6288
9.988,-1.3317,-1.3317,-0.0557,-3.0883,-3.0883,0.0000,1.6941,1.6941,0.6292
9.999,-1.5380,-1.5380,-0.0560,-3.0819,-3.0819,0.0000,1.6706,1.6706,0.6295
10.005,-1.5676,-1.5676,-0.0568,-3.1049,-3.1049,0.0000,1.6706,1.6706,0.6301
10.009,-1.5888,-1.5888,-0.0573,-3.1218,-3.1218,0.0000,1.6706,1.6706,0.6305
10.014,-1.6112,-1.6112,-0.0577,-3.1403,-3.1403,0.0000,1.6706,1.6706,0.6308
10.018,-1.7917,-1.7917,-0.0581,-3.1133,-3.1133,0.0000,1.6423,1.6423,0.6311
10.023,-1.8133,-1.8133,-0.0585,-3.1331,-3.1331,0.0000,1.6423,1.6423,0.6313
10.029,-1.8368,-1.8368,-0.0590,-3.1554,-3.1554,0.0000,1.6423,1.6423,0.6316
10.033,-1.8540,-1.8540,-0.0595,-3.1725,-3.1725,0.0000,1.6423,1.6423,0.6319
10.038,-2.0435,-2.0435,-0.0599,-3.1543,-3.1543,0.0000,1.6092,1.6092,0.6322
10.048,-2.0813,-2.0813,-0.0605,-3.1951,-3.1951,0.0000,1.6092,1.6092,0.6325
10.052,-2.0976,-2.0976,-0.0615,-3.2128,-3.2128,0.0000,1.6092,1.6092,0.6330
10.057,-2.1139,-2.1139,-0.0620,-3.2312,-3.2312,0.0000,1.6092,1.6092,0.6333
10.062,-2.3036,-2.3036,-0.0625,-3.2114,-3.2114,0.0000,1.5718,1.5718,0.6335
10.067,-2.3199,-2.3199,-0.0630,-3.2307,-3.2307,0.0000,1.5718,1.5718,0.6338
10.071,-2.3348,-2.3348,-0.0636,-3.2486,-3.2486,0.0000,1.5718,1.5718,0.6341
10.076,-2.3487,-2.3487,-0.0641,-3.2657,-3.2657,0.0000,1.5718,1.5718,0.6343
10.081,-2.5456,-2.5456,-0.0646,-3.2486,-3.2486,0.0000,1.5299,1.5299,0.6345
10.085,-2.5590,-2.5590,-0.0652,-3.2667,-3.2667,0.0000,1.5299,1.5299,0.6348
10.089,-2.5704,-2.5704,-0.0658,-3.2827,-3.2827,0.0000,1.5299,1.5299,0.6350
10.093,-2.5820,-2.5820,-0.0663,-3.2996,-3.2996,0.0000,1.5299,1.5299,0.6352
10.097,-2.5934,-2.5934,-0.0668,-3.3168,-3.3168,0.0000,1.5299,1.5299,0.6354
10.101,-2.7865,-2.7865,-0.0673,-3.2964,-3.2964,0.0000,1.4835,1.4835,0.6356
10.106,-2.7984,-2.7984,-0.0678,-3.3160,-3.3160,0.0000,1.4835,1.4835,0.6358
10.110,-2.8100,-2.8100,-0.0684,-3.3357,-3.3357,0.0000,1.4835,1.4835,0.6360
10.114,-2.8201,-2.8201,-0.0690,-3.3533,-3.3533,0.0000,1.4835,1.4835,0.6362
10.118,-3.0153,-3.0153,-0.0695,-3.3346,-3.3346,0.0000,1.4337,1.4337,0.6364
10.123,-3.0267,-3.0267,-0.0700,-3.3551,-3.3551,0.0000,1.4337,1.4337,0.6366
10.127,-3.0361,-3.0361,-0.0707,-3.3723,-3.3723,0.0000,1.4337,1.4337,0.6368
10.131,-3.0455,-3.0455,-0.0713,-3.3901,-3.3901,0.0000,1.4337,1.4337,0.6369
10.135,-3.0539,-3.0539,-0.0719,-3.4060,-3.4060,0.0000,1.4337,1.4337,0.6371
10.140,-3.2495,-3.2495,-0.0724,-3.3935,-3.3935,0.0000,1.3807,1.3807,0.6373
10.151,-3.2725,-3.2725,-0.0732,-3.4412,-3.4412,0.0000,1.3807,1.3807,0.6375
10.156,-3.2828,-3.2828,-0.0748,-3.4638,-3.4638,0.0000,1.3807,1.3807,0.6379
10.160,-3.4784,-3.4784,-0.0756,-3.4475,-3.4475,0.0000,1.3243,1.3243,0.6381
10.165,-3.4874,-3.4874,-0.0762,-3.4694,-3.4694,0.0000,1.3243,1.3243,0.6383
10.168,-3.4942,-3.4942,-0.0770,-3.4868,-3.4868,0.0000,1.3243,1.3243,0.6384
10.172,-3.5010,-3.5010,-0.0776,-3.5047,-3.5047,0.0000,1.3243,1.3243,0.6386
10.176,-3.5076,-3.5076,-0.0782,-3.5229,-3.5229,0.0000,1.3243,1.3243,0.6387
10.180,-3.7040,-3.7040,-0.0788,-3.5102,-3.5102,0.0000,1.2644,1.2644,0.6389
10.185,-3.7116,-3.7116,-0.0795,-3.5328,-3.5328,0.0000,1.2644,1.2644,0.6390
10.189,-3.7176,-3.7176,-0.0803,-3.5511,-3.5511,0.0000,1.2644,1.2644,0.6391
10.192,-3.7234,-3.7234,-0.0809,-3.5688,-3.5688,0.0000,1.2644,1.2644,0.6393
10.197,-3.7302,-3.7302,-0.0815,-3.5899,-3.5899,0.0000,1.2644,1.2644,0.6394
10.201,-3.9261,-3.9261,-0.0822,-3.5750,-3.5750,0.0000,1.2006,1.2006,0.6395
10.205,-3.9324,-3.9324,-0.0829,-3.5953,-3.5953,0.0000,1.2006,1.2006,0.6396
10.209,-3.9377,-3.9377,-0.0837,-3.6130,-3.6130,0.0000,1.2006,1.2006,0.6398
10.213,-3.9439,-3.9439,-0.0843,-3.6338,-3.6338,0.0000,1.2006,1.2006,0.6399
10.217,-3.9491,-3.9491,-0.0851,-3.6514,-3.6514,0.0000,1.2006,1.2006,0.6400
10.221,-4.1446,-4.1446,-0.0857,-3.6354,-3.6354,0.0000,1.1334,1.1334,0.6401
10.225,-4.1501,-4.1501,-0.0864,-3.6558,-3.6558,0.0000,1.1334,1.1334,0.6402
10.230,-4.1557,-4.1557,-0.0872,-3.6776,-3.6776,0.0000,1.1334,1.1334,0.6403
10.233,-4.1604,-4.1604,-0.0880,-3.6972,-3.6972,0.0000,1.1334,1.1334,0.6404
10.237,-4.1652,-4.1652,-0.0887,-3.7179,-3.7179,0.0000,1.1334,1.1334,0.6405
10.253,-4.3731,-4.3731,-0.0894,-3.7735,-3.7735,0.0000,1.0627,1.0627,0.6406
10.260,-4.5836,-4.5836,-0.0922,-3.7787,-3.7787,0.0000,0.8535,0.8535,0.6409
10.271,-4.5952,-4.5952,-0.0937,-3.8448,-3.8448,0.0000,0.8535,0.8535,0.6410
10.275,-4.5989,-4.5989,-0.0959,-3.8660,-3.8660,0.0000,0.8535,0.8535,0.6411
10.280,-4.7888,-4.7888,-0.0966,-3.8548,-3.8548,0.0000,0.7861,0.7861,0.6411
10.285,-4.7928,-4.7928,-0.0976,-3.8790,-3.8790,0.0000,0.7861,0.7861,0.6412
10.288,-4.7962,-4.7962,-0.0985,-3.8997,-3.8997,0.0000,0.7861,0.7861,0.6412
10.293,-4.7999,-4.7999,-0.0993,-3.9226,-3.9226,0.0000,0.7861,0.7861,0.6412
10.302,-4.9834,-4.9834,-0.1001,-3.9401,-3.9401,0.0000,0.7168,0.7168,0.6413
10.308,-4.9882,-4.9882,-0.1021,-3.9773,-3.9773,0.0000,0.7168,0.7168,0.6413
10.313,-4.9919,-4.9919,-0.1033,-4.0077,-4.0077,0.0000,0.7168,0.7168,0.6413
10.318,-4.9951,-4.9951,-0.1043,-4.0352,-4.0352,0.0000,0.7168,0.7168,0.6413
10.321,-5.1516,-5.1516,-0.1052,-4.0195,-4.0195,0.0000,0.6460,0.6460,0.6413
10.327,-5.1552,-5.1552,-0.1060,-4.0542,-4.0542,0.0000,0.6460,0.6460,0.6413
10.331,-5.1582,-5.1582,-0.1071,-4.0845,-4.0845,0.0000,0.6460,0.6460,0.6413
10.335,-5.1606,-5.1606,-0.1080,-4.1095,-4.1095,0.0000,0.6460,0.6460,0.6413
10.339,-5.2966,-5.2966,-0.1088,-4.0914,-4.0914,0.0000,0.5741,0.5741,0.6413
10.343,-5.2996,-5.2996,-0.1096,-4.1230,-4.1230,0.0000,0.5741,0.5741,0.6413
10.348,-5.3024,-5.3024,-0.1106,-4.1549,-4.1549,0.0000,0.5741,0.5741,0.6413
10.352,-5.3048,-5.3048,-0.1116,-4.1810,-4.1810,0.0000,0.5741,0.5741,0.6412
10.356,-5.3072,-5.3072,-0.1125,-4.2091,-4.2091,0.0000,0.5741,0.5741,0.6412
10.361,-5.4247,-5.4247,-0.1134,-4.1905,-4.1905,0.0000,0.5019,0.5019,0.6412
10.366,-5.4278,-5.4278,-0.1143,-4.2296,-4.2296,0.0000,0.5019,0.5019,0.6412
10.374,-5.4319,-5.4319,-0.1155,-4.2862,-4.2862,0.0000,0.5019,0.5019,0.6411
10.379,-5.5322,-5.5322,-0.1172,-4.2690,-4.2690,0.0000,0.4299,0.4299,0.6411
10.383,-5.5344,-5.5344,-0.1181,-4.3045,-4.3045,0.0000,0.4299,0.4299,0.6410
10.388,-5.5367,-5.5367,-0.1191,-4.3413,-4.3413,0.0000,0.4299,0.4299,0.6410
10.392,-5.5385,-5.5385,-0.1201,-4.3725,-4.3725,0.0000,0.4299,0.4299,0.6409
10.396,-5.5404,-5.5404,-0.1210,-4.4073,-4.4073,0.0000,0.4299,0.4299,0.6409
10.400,-5.6245,-5.6245,-0.1218,-4.3865,-4.3865,0.0000,0.3586,0.3586,0.6408
10.404,-5.6265,-5.6265,-0.1219,-4.4259,-4.4259,0.0000,0.3586,0.3586,0.6408
10.408,-5.6281,-5.6281,-0.1219,-4.4597,-4.4597,0.0000,0.3586,0.3586,0.6407
10.413,-5.6300,-5.6300,-0.1219,-4.4994,-4.4994,0.0000,0.3586,0.3586,0.6407
10.417,-5.6316,-5.6316,-0.1219,-4.5346,-4.5346,0.0000,0.3586,0.3586,0.6406
10.421,-5.7014,-5.7014,-0.1219,-4.5129,-4.5129,0.0000,0.2888,0.2888,0.6405
10.426,-5.7033,-5.7033,-0.1219,-4.5539,-4.5539,0.0000,0.2888,0.2888,0.6405
10.431,-5.7053,-5.7053,-0.1219,-4.6008,-4.6008,0.0000,0.2888,0.2888,0.6404
10.435,-5.7068,-5.7068,-0.1219,-4.6391,-4.6391,0.0000,0.2888,0.2888,0.6403
10.440,-5.7637,-5.7637,-0.1219,-4.6182,-4.6182,0.0000,0.2205,0.2205,0.6402
10.445,-5.7654,-5.7654,-0.1219,-4.6677,-4.6677,0.0000,0.2205,0.2205,0.6401
10.453,-5.7681,-5.7681,-0.1219,-4.7510,-4.7510,0.0000,0.2205,0.2205,0.6400
10.459,-5.8134,-5.8134,-0.1219,-4.7475,-4.7475,0.0000,0.1535,0.1535,0.6398
10.464,-5.8150,-5.8150,-0.1219,-4.8028,-4.8028,0.0000,0.1535,0.1535,0.6397
10.468,-5.8161,-5.8161,-0.1219,-4.8449,-4.8449,0.0000,0.1535,0.1535,0.6396
10.473,-5.8175,-5.8175,-0.1219,-4.9018,-4.9018,0.0000,0.1535,0.1535,0.6395
10.481,-5.8526,-5.8526,-0.1219,-4.9349,-4.9349,0.0000,0.0878,0.0878,0.6394
10.486,-5.8418,-5.8418,-0.1219,-4.9977,-4.9977,0.0000,0.0878,0.0878,0.6392
10.490,-5.7785,-5.7785,-0.1219,-5.0450,-5.0450,0.0000,0.0878,0.0878,0.6390
10.494,-5.7129,-5.7129,-0.1219,-5.0967,-5.0967,0.0000,0.0878,0.0878,0.6389
10.498,-5.6669,-5.6669,-0.1219,-5.0857,-5.0857,0.0000,0.0237,0.0237,0.6388
10.503,-5.6021,-5.6021,-0.1219,-5.1394,-5.1394,0.0000,0.0237,0.0237,0.6387
10.506,-5.5437,-5.5437,-0.1219,-5.1794,-5.1794,0.0000,0.0237,0.0237,0.6386
10.511,-5.4839,-5.4839,-0.1219,-5.2113,-5.2113,0.0000,0.0237,0.0237,0.6384
10.515,-5.4158,-5.4158,-0.1219,-5.2349,-5.2349,0.0000,0.0237,0.0237,0.6383
10.519,-5.3771,-5.3771,-0.1219,-5.1737,-5.1737,0.0000,-0.0378,-0.0378,0.6382
10.524,-5.3153,-5.3153,-0.1219,-5.1739,-5.1739,0.0000,-0.0378,-0.0378,0.6381
10.528,-5.2577,-5.2577,-0.1219,-5.1633,-5.1633,0.0000,-0.0378,-0.0378,0.6379
10.532,-5.2007,-5.2007,-0.1219,-5.1416,-5.1416,0.0000,-0.0378,-0.0378,0.6378
10.536,-5.1510,-5.1510,-0.1219,-5.1137,-5.1137,0.0000,-0.0378,-0.0378,0.6377
10.540,-5.1072,-5.1072,-0.1219,-5.0015,-5.0015,0.0000,-0.0969,-0.0969,0.6376
10.547,-5.0298,-5.0298,-0.1219,-4.9184,-4.9184,0.0000,-0.0969,-0.0969,0.6374
10.551,-4.9787,-4.9787,-0.1219,-4.8527,-4.8527,0.0000,-0.0969,-0.0969,0.6372
10.555,-4.9271,-4.9271,-0.1219,-4.7876,-4.7876,0.0000,-0.0969,-0.0969,0.6371
10.559,-4.8838,-4.8838,-0.1219,-4.6580,-4.6580,0.0000,-0.1533,-0.1533,0.6369
10.564,-4.8302,-4.8302,-0.1219,-4.5938,-4.5938,0.0000,-0.1533,-0.1533,0.6368
10.568,-4.7912,-4.7912,-0.1219,-4.5482,-4.5482,0.0000,-0.1533,-0.1533,0.6366
10.573,-4.7394,-4.7394,-0.1219,-4.4895,-4.4895,0.0000,-0.1533,-0.1533,0.6365
10.582,-4.6389,-4.6389,-0.1219,-4.3104,-4.3104,0.0000,-0.2068,-0.2068,0.6363
10.586,-4.5961,-4.5961,-0.1219,-4.2667,-4.2667,0.0000,-0.2068,-0.2068,0.6360
10.590,-4.5605,-4.5605,-0.1219,-4.2315,-4.2315,0.0000,-0.2068,-0.2068,0.6358
10.595,-4.5131,-4.5131,-0.1219,-4.1870,-4.1870,0.0000,-0.2068,-0.2068,0.6357
10.603,-4.4288,-4.4288,-0.1219,-4.0432,-4.0432,0.0000,-0.2573,-0.2573,0.6355
10.611,-4.3595,-4.3595,-0.1219,-3.9894,-3.9894,0.0000,-0.2573,-0.2573,0.6352
10.616,-4.3210,-4.3210,-0.1219,-3.9617,-3.9617,0.0000,-0.2573,-0.2573,0.6348
10.620,-4.2730,-4.2730,-0.1219,-3.8568,-3.8568,0.0000,-0.3049,-0.3049,0.6347
10.625,-4.2319,-4.2319,-0.1219,-3.8317,-3.8317,0.0000,-0.3049,-0.3049,0.6345
10.629,-4.1988,-4.1988,-0.1219,-3.8135,-3.8135,0.0000,-0.3049,-0.3049,0.6343
10.633,-4.1704,-4.1704,-0.1219,-3.7993,-3.7993,0.0000,-0.3049,-0.3049,0.6341
10.637,-4.1431,-4.1431,-0.1219,-3.7871,-3.7871,0.0000,-0.3049,-0.3049,0.6340
10.640,-4.0931,-4.0931,-0.1219,-3.6897,-3.6897,0.0000,-0.3494,-0.3494,0.6338
10.646,-4.0550,-4.0550,-0.1219,-3.6780,-3.6780,0.0000,-0.3494,-0.3494,0.6336
10.650,-4.0289,-4.0289,-0.1219,-3.6715,-3.6715,0.0000,-0.3494,-0.3494,0.6334
10.654,-3.9972,-3.9972,-0.1219,-3.6663,-3.6663,0.0000,-0.3494,-0.3494,0.6333
10.658,-3.9464,-3.9464,-0.1219,-3.5754,-3.5754,0.0000,-0.3905,-0.3905,0.6331
10.663,-3.9149,-3.9149,-0.1219,-3.5752,-3.5752,0.0000,-0.3905,-0.3905,0.6329
10.667,-3.8903,-3.8903,-0.1219,-3.5768,-3.5768,0.0000,-0.3905,-0.3905,0.6327
10.671,-3.8658,-3.8658,-0.1219,-3.5803,-3.5803,0.0000,-0.3905,-0.3905,0.6325
10.676,-3.8367,-3.8367,-0.1219,-3.5877,-3.5877,0.0000,-0.3905,-0.3905,0.6323
10.684,-3.7597,-3.7597,-0.1219,-3.5177,-3.5177,0.0000,-0.4278,-0.4278,0.6321
10.689,-3.7316,-3.7316,-0.1219,-3.5329,-3.5329,0.0000,-0.4278,-0.4278,0.6318
10.693,-3.7093,-3.7093,-0.1219,-3.5472,-3.5472,0.0000,-0.4278,-0.4278,0.6315
10.699,-3.6505,-3.6505,-0.1219,-3.4756,-3.4756,0.0000,-0.4606,-0.4606,0.6314
10.703,-3.6275,-3.6275,-0.1219,-3.4963,-3.4963,0.0000,-0.4606,-0.4606,0.6311
10.707,-3.6075,-3.6075,-0.1219,-3.5163,-3.5163,0.0000,-0.4606,-0.4606,0.6309
10.711,-3.5864,-3.5864,-0.1219,-3.5400,-3.5400,0.0000,-0.4606,-0.4606,0.6307
10.715,-3.5671,-3.5671,-0.1219,-3.5639,-3.5639,0.0000,-0.4606,-0.4606,0.6305
10.721,-3.5083,-3.5083,-0.1219,-3.5038,-3.5038,0.0000,-0.4896,-0.4896,0.6304
10.726,-3.4853,-3.4853,-0.1219,-3.5398,-3.5398,0.0000,-0.4896,-0.4896,0.6301
10.730,-3.4668,-3.4668,-0.1219,-3.5711,-3.5711,0.0000,-0.4896,-0.4896,0.6299
10.734,-3.4486,-3.4486,-0.1219,-3.6047,-3.6047,0.0000,-0.4896,-0.4896,0.6297
10.738,-3.3940,-3.3940,-0.1219,-3.5441,-3.5441,0.0000,-0.5154,-0.5154,0.6295
10.743,-3.3745,-3.3745,-0.1219,-3.5865,-3.5865,0.0000,-0.5154,-0.5154,0.6293
10.748,-3.3556,-3.3556,-0.1219,-3.6307,-3.6307,0.0000,-0.5154,-0.5154,0.6291
10.757,-3.3211,-3.3211,-0.1219,-3.7234,-3.7234,0.0000,-0.5154,-0.5154,0.6289
10.762,-3.2613,-3.2613,-0.1219,-3.6875,-3.6875,0.0000,-0.5379,-0.5379,0.6285
10.767,-3.2428,-3.2428,-0.1219,-3.7454,-3.7454,0.0000,-0.5379,-0.5379,0.6282
10.771,-3.2294,-3.2294,-0.1219,-3.7893,-3.7893,0.0000,-0.5379,-0.5379,0.6280
10.775,-3.2169,-3.2169,-0.1219,-3.8326,-3.8326,0.0000,-0.5379,-0.5379,0.6278
10.782,-3.1526,-3.1526,-0.1219,-3.8243,-3.8243,0.0000,-0.5567,-0.5567,0.6276
10.790,-3.1272,-3.1272,-0.1219,-3.9292,-3.9292,0.0000,-0.5567,-0.5567,0.6273
10.794,-3.1137,-3.1137,-0.1219,-3.9878,-3.9878,0.0000,-0.5567,-0.5567,0.6270
10.799,-3.0597,-3.0597,-0.1219,-3.9442,-3.9442,0.0000,-0.5711,-0.5711,0.6268
10.803,-3.0459,-3.0459,-0.1219,-4.0099,-4.0099,0.0000,-0.5711,-0.5711,0.6266
10.807,-3.0345,-3.0345,-0.1219,-4.0663,-4.0663,0.0000,-0.5711,-0.5711,0.6263
10.812,-3.0223,-3.0223,-0.1219,-4.1289,-4.1289,0.0000,-0.5711,-0.5711,0.6262
10.816,-3.0094,-3.0094,-0.1219,-4.1984,-4.1984,0.0000,-0.5711,-0.5711,0.6260
10.820,-2.9562,-2.9562,-0.1219,-4.1568,-4.1568,0.0000,-0.5815,-0.5815,0.6258
10.825,-2.9446,-2.9446,-0.1219,-4.2241,-4.2241,0.0000,-0.5815,-0.5815,0.6256
10.830,-2.9328,-2.9328,-0.1219,-4.2945,-4.2945,0.0000,-0.5815,-0.5815,0.6254
10.833,-2.9234,-2.9234,-0.1219,-4.3525,-4.3525,0.0000,-0.5815,-0.5815,0.6252
10.837,-2.9142,-2.9142,-0.1219,-4.4113,-4.4113,0.0000,-0.5815,-0.5815,0.6250
10.841,-2.8620,-2.8620,-0.1219,-4.3675,-4.3675,0.0000,-0.5894,-0.5894,0.6248
10.847,-2.8488,-2.8488,-0.1219,-4.4564,-4.4564,0.0000,-0.5894,-0.5894,0.6246
10.851,-2.8388,-2.8388,-0.1219,-4.5256,-4.5256,0.0000,-0.5894,-0.5894,0.6244
10.855,-2.8303,-2.8303,-0.1219,-4.5863,-4.5863,0.0000,-0.5894,-0.5894,0.6242
10.859,-2.7782,-2.7782,-0.1219,-4.5431,-4.5431,0.0000,-0.5948,-0.5948,0.6240
10.865,-2.7663,-2.7663,-0.1219,-4.6316,-4.6316,0.0000,-0.5948,-0.5948,0.6238
10.868,-2.7588,-2.7588,-0.1219,-4.6883,-4.6883,0.0000,-0.5948,-0.5948,0.6236
10.872,-2.7512,-2.7512,-0.1219,-4.7458,-4.7458,0.0000,-0.5948,-0.5948,0.6234
10.877,-2.7413,-2.7413,-0.1219,-4.8227,-4.8227,0.0000,-0.5948,-0.5948,0.6233
10.882,-2.6891,-2.6891,-0.1219,-4.7829,-4.7829,0.0000,-0.5978,-0.5978,0.6230
10.887,-2.6789,-2.6789,-0.1219,-4.8640,-4.8640,0.0000,-0.5978,-0.5978,0.6229
10.895,-2.6648,-2.6648,-0.1219,-4.9770,-4.9770,0.0000,-0.5978,-0.5978,0.6226
10.899,-2.6134,-2.6134,-0.1219,-4.9307,-4.9307,0.0000,-0.5984,-0.5984,0.6223
10.909,-2.5978,-2.5978,-0.1219,-5.0558,-5.0558,0.0000,-0.5984,-0.5984,0.6221
10.915,-2.5871,-2.5871,-0.1219,-5.1398,-5.1398,0.0000,-0.5984,-0.5984,0.6217
10.919,-2.5368,-2.5368,-0.1219,-5.0837,-5.0837,0.0000,-0.5962,-0.5962,0.6214
10.924,-2.5297,-2.5297,-0.1219,-5.1379,-5.1379,0.0000,-0.5962,-0.5962,0.6213
10.929,-2.5234,-2.5234,-0.1219,-5.1850,-5.1850,0.0000,-0.5962,-0.5962,0.6211
10.933,-2.5177,-2.5177,-0.1219,-5.2268,-5.2268,0.0000,-0.5962,-0.5962,0.6209
10.938,-2.4664,-2.4664,-0.1219,-5.1748,-5.1748,0.0000,-0.5901,-0.5901,0.6207
10.942,-2.4603,-2.4603,-0.1219,-5.2164,-5.2164,0.0000,-0.5901,-0.5901,0.6205
10.947,-2.4544,-2.4544,-0.1219,-5.2546,-5.2546,0.0000,-0.5901,-0.5901,0.6203
10.951,-2.4490,-2.4490,-0.1219,-5.2882,-5.2882,0.0000,-0.5901,-0.5901,0.6201
10.955,-2.4442,-2.4442,-0.1219,-5.3170,-5.3170,0.0000,-0.5901,-0.5901,0.6200
10.959,-2.3957,-2.3957,-0.1219,-5.2402,-5.2402,0.0000,-0.5786,-0.5786,0.6198
10.964,-2.3901,-2.3901,-0.1219,-5.2691,-5.2691,0.0000,-0.5786,-0.5786,0.6197
10.967,-2.3858,-2.3858,-0.1219,-5.2896,-5.2896,0.0000,-0.5786,-0.5786,0.6195
10.971,-2.3816,-2.3816,-0.1219,-5.3082,-5.3082,0.0000,-0.5786,-0.5786,0.6193
10.975,-2.3774,-2.3774,-0.1219,-5.3247,-5.3247,0.0000,-0.5786,-0.5786,0.6192
10.979,-2.3294,-2.3294,-0.1219,-5.2387,-5.2387,0.0000,-0.5620,-0.5620,0.6190
10.984,-2.3240,-2.3240,-0.1219,-5.2539,-5.2539,0.0000,-0.5620,-0.5620,0.6189
10.988,-2.3200,-2.3200,-0.1219,-5.2630,-5.2630,0.0000,-0.5620,-0.5620,0.6187
10.993,-2.3151,-2.3151,-0.1219,-5.2710,-5.2710,0.0000,-0.5620,-0.5620,0.6185
11.002,-2.2636,-2.2636,-0.1219,-5.1722,-5.1722,0.0000,-0.5408,-0.5408,0.6184
11.006,-2.2595,-2.2595,-0.1219,-5.1704,-5.1704,0.0000,-0.5408,-0.5408,0.6180
11.011,-2.2554,-2.2554,-0.1219,-5.1655,-5.1655,0.0000,-0.5408,-0.5408,0.6179
11.015,-2.2513,-2.2513,-0.1219,-5.1572,-5.1572,0.0000,-0.5408,-0.5408,0.6177
11.019,-2.2055,-2.2055,-0.1219,-5.0472,-5.0472,0.0000,-0.5166,-0.5166,0.6176
11.024,-2.2019,-2.2019,-0.1219,-5.0344,-5.0344,0.0000,-0.5166,-0.5166,0.6174
11.028,-2.1982,-2.1982,-0.1219,-5.0182,-5.0182,0.0000,-0.5166,-0.5166,0.6173
11.032,-2.1951,-2.1951,-0.1219,-5.0020,-5.0020,0.0000,-0.5166,-0.5166,0.6171
11.036,-2.1923,-2.1923,-0.1219,-4.9846,-4.9846,0.0000,-0.5166,-0.5166,0.6170
11.040,-2.1476,-2.1476,-0.1219,-4.8649,-4.8649,0.0000,-0.4903,-0.4903,0.6169
11.044,-2.1439,-2.1439,-0.1219,-4.8356,-4.8356,0.0000,-0.4903,-0.4903,0.6168
11.049,-2.1405,-2.1405,-0.1219,-4.8053,-4.8053,0.0000,-0.4903,-0.4903,0.6166
11.057,-2.1347,-2.1347,-0.1219,-4.7428,-4.7428,0.0000,-0.4903,-0.4903,0.6165
11.064,-2.0894,-2.0894,-0.1219,-4.5914,-4.5914,0.0000,-0.4608,-0.4608,0.6162
11.069,-2.0863,-2.0863,-0.1219,-4.5491,-4.5491,0.0000,-0.4608,-0.4608,0.6160
11.072,-2.0840,-2.0840,-0.1219,-4.5156,-4.5156,0.0000,-0.4608,-0.4608,0.6159
11.078,-2.0404,-2.0404,-0.1219,-4.3646,-4.3646,0.0000,-0.4278,-0.4278,0.6158
11.082,-2.0377,-2.0377,-0.1219,-4.3204,-4.3204,0.0000,-0.4278,-0.4278,0.6156
11.086,-2.0355,-2.0355,-0.1219,-4.2805,-4.2805,0.0000,-0.4278,-0.4278,0.6155
11.090,-2.0335,-2.0335,-0.1219,-4.2418,-4.2418,0.0000,-0.4278,-0.4278,0.6154
11.095,-2.0304,-2.0304,-0.1219,-4.1815,-4.1815,0.0000,-0.4278,-0.4278,0.6153
11.102,-1.9870,-1.9870,-0.1219,-4.0076,-4.0076,0.0000,-0.3928,-0.3928,0.6152
11.107,-1.9847,-1.9847,-0.1219,-3.9643,-3.9643,0.0000,-0.3928,-0.3928,0.6150
11.112,-1.9821,-1.9821,-0.1219,-3.9140,-3.9140,0.0000,-0.3928,-0.3928,0.6149
11.116,-1.9802,-1.9802,-0.1219,-3.8785,-3.8785,0.0000,-0.3928,-0.3928,0.6147
11.120,-1.9397,-1.9397,-0.1219,-3.7461,-3.7461,0.0000,-0.3562,-0.3562,0.6146
11.125,-1.9376,-1.9376,-0.1219,-3.7070,-3.7070,0.0000,-0.3562,-0.3562,0.6145
11.129,-1.9356,-1.9356,-0.1219,-3.6710,-3.6710,0.0000,-0.3562,-0.3562,0.6144
11.133,-1.9340,-1.9340,-0.1219,-3.6425,-3.6425,0.0000,-0.3562,-0.3562,0.6143
11.137,-1.9323,-1.9323,-0.1219,-3.6125,-3.6125,0.0000,-0.3562,-0.3562,0.6143
11.142,-1.8923,-1.8923,-0.1219,-3.4772,-3.4772,0.0000,-0.3184,-0.3184,0.6142
11.148,-1.8898,-1.8898,-0.1219,-3.4318,-3.4318,0.0000,-0.3184,-0.3184,0.6141
11.152,-1.8882,-1.8882,-0.1219,-3.4013,-3.4013,0.0000,-0.3184,-0.3184,0.6139
11.157,-1.8865,-1.8865,-0.1219,-3.3674,-3.3674,0.0000,-0.3184,-0.3184,0.6139
11.161,-1.8421,-1.8421,-0.1219,-3.2338,-3.2338,0.0000,-0.2787,-0.2787,0.6138
11.166,-1.8404,-1.8404,-0.1219,-3.1948,-3.1948,0.0000,-0.2787,-0.2787,0.6137
11.170,-1.8390,-1.8390,-0.1219,-3.1630,-3.1630,0.0000,-0.2787,-0.2787,0.6136
11.174,-1.8377,-1.8377,-0.1219,-3.1307,-3.1307,0.0000,-0.2787,-0.2787,0.6135
11.178,-1.7748,-1.7748,-0.1219,-2.9997,-2.9997,0.0000,-0.2378,-0.2378,0.6135
11.183,-1.7733,-1.7733,-0.1219,-2.9596,-2.9596,0.0000,-0.2378,-0.2378,0.6134
11.186,-1.7721,-1.7721,-0.1219,-2.9270,-2.9270,0.0000,-0.2378,-0.2378,0.6133
11.190,-1.7709,-1.7709,-0.1219,-2.8940,-2.8940,0.0000,-0.2378,-0.2378,0.6133
11.194,-1.7695,-1.7695,-0.1219,-2.8564,-2.8564,0.0000,-0.2378,-0.2378,0.6132
11.200,-1.6923,-1.6923,-0.1219,-2.7107,-2.7107,0.0000,-0.1946,-0.1946,0.6132
11.211,-1.6893,-1.6893,-0.1219,-2.6153,-2.6153,0.0000,-0.1946,-0.1946,0.6131
11.216,-1.6879,-1.6879,-0.1219,-2.5695,-2.5695,0.0000,-0.1946,-0.1946,0.6129
11.220,-1.5930,-1.5930,-0.1219,-2.4424,-2.4424,0.0000,-0.1500,-0.1500,0.6129
11.224,-1.5919,-1.5919,-0.1219,-2.4047,-2.4047,0.0000,-0.1500,-0.1500,0.6128
11.229,-1.5907,-1.5907,-0.1219,-2.3626,-2.3626,0.0000,-0.1500,-0.1500,0.6128
11.232,-1.5897,-1.5897,-0.1219,-2.3291,-2.3291,0.0000,-0.1500,-0.1500,0.6127
11.236,-1.5888,-1.5888,-0.1219,-2.2958,-2.2958,0.0000,-0.1500,-0.1500,0.6127
11.240,-1.4806,-1.4806,-0.1219,-2.1720,-2.1720,0.0000,-0.1042,-0.1042,0.6127
11.245,-1.4794,-1.4794,-0.1219,-2.1276,-2.1276,0.0000,-0.1042,-0.1042,0.6126
11.249,-1.4785,-1.4785,-0.1219,-2.0928,-2.0928,0.0000,-0.1042,-0.1042,0.6126
11.253,-1.4777,-1.4777,-0.1219,-2.0610,-2.0610,0.0000,-0.1042,-0.1042,0.6126
11.257,-1.4769,-1.4769,-0.1219,-2.0299,-2.0299,0.0000,-0.1042,-0.1042,0.6125
11.261,-1.3558,-1.3558,-0.1219,-1.9054,-1.9054,0.0000,-0.0585,-0.0585,0.6125
11.267,-1.3546,-1.3546,-0.1219,-1.8585,-1.8585,0.0000,-0.0585,-0.0585,0.6125
11.271,-1.3537,-1.3537,-0.1219,-1.8221,-1.8221,0.0000,-0.0585,-0.0585,0.6124
11.275,-1.3530,-1.3530,-0.1219,-1.7923,-1.7923,0.0000,-0.0585,-0.0585,0.6124
11.279,-1.2200,-1.2200,-0.1219,-1.6707,-1.6707,0.0000,-0.0131,-0.0131,0.6124
11.284,-1.2191,-1.2191,-0.1219,-1.6330,-1.6330,0.0000,-0.0131,-0.0131,0.6124
11.289,-1.2182,-1.2182,-0.1219,-1.5960,-1.5960,0.0000,-0.0131,-0.0131,0.6124
11.293,-1.2174,-1.2174,-0.1219,-1.5616,-1.5616,0.0000,-0.0131,-0.0131,0.6124
11.298,-0.8617,-0.8617,-0.1219,-1.4334,-1.4334,0.0000,0.0317,0.0317,0.6124
11.302,-0.8610,-0.8610,-0.1219,-1.4009,-1.4009,0.0000,0.0317,0.0317,0.6123
11.306,-0.8604,-0.8604,-0.1219,-1.3723,-1.3723,0.0000,0.0317,0.0317,0.6123
11.311,-0.8595,-0.8595,-0.1219,-1.3332,-1.3332,0.0000,0.0317,0.0317,0.6123
11.320,-0.5174,-0.5174,-0.1219,-1.1849,-1.1849,0.0000,0.0762,0.0762,0.6123
11.324,-0.5167,-0.5167,-0.1219,-1.1534,-1.1534,0.0000,0.0762,0.0762,0.6123
11.329,-0.5161,-0.5161,-0.1219,-1.1245,-1.1245,0.0000,0.0762,0.0762,0.6123
11.333,-0.5155,-0.5155,-0.1219,-1.0985,-1.0985,0.0000,0.0762,0.0762,0.6123
11.336,-0.5150,-0.5150,-0.1219,-1.0742,-1.0742,0.0000,0.0762,0.0762,0.6123
11.340,-0.1833,-0.1833,-0.1219,-0.9670,-0.9670,0.0000,0.1203,0.1203,0.6123
11.346,-0.1827,-0.1827,-0.1219,-0.9344,-0.9344,0.0000,0.1203,0.1203,0.6124
11.350,-0.1821,-0.1821,-0.1219,-0.9091,-0.9091,0.0000,0.1203,0.1203,0.6124
11.354,-0.1817,-0.1817,-0.1219,-0.8860,-0.8860,0.0000,0.1203,0.1203,0.6124
11.363,0.1396,0.1396,-0.1219,-0.7567,-0.7567,0.0000,0.1633,0.1633,0.6124
11.368,0.1402,0.1402,-0.1219,-0.7251,-0.7251,0.0000,0.1633,0.1633,0.6125
11.372,0.1406,0.1406,-0.1219,-0.7040,-0.7040,0.0000,0.1633,0.1633,0.6125
11.376,0.1411,0.1411,-0.1219,-0.6826,-0.6826,0.0000,0.1633,0.1633,0.6125
11.381,0.4530,0.4530,-0.1219,-0.5937,-0.5937,0.0000,0.2045,0.2045,0.6125
11.385,0.4535,0.4535,-0.1219,-0.5710,-0.5710,0.0000,0.2045,0.2045,0.6126
11.389,0.4539,0.4539,-0.1219,-0.5517,-0.5517,0.0000,0.2045,0.2045,0.6126
11.393,0.4543,0.4543,-0.1219,-0.5314,-0.5314,0.0000,0.2045,0.2045,0.6126
11.397,0.4547,0.4547,-0.1219,-0.5102,-0.5102,0.0000,0.2045,0.2045,0.6127
11.401,0.7532,0.7532,-0.1219,-0.4357,-0.4357,0.0000,0.2432,0.2432,0.6127
11.406,0.7537,0.7537,-0.1219,-0.4125,-0.4125,0.0000,0.2432,0.2432,0.6127
11.411,0.7541,0.7541,-0.1219,-0.3928,-0.3928,0.0000,0.2432,0.2432,0.6128
11.416,0.7545,0.7545,-0.1219,-0.3694,-0.3694,0.0000,0.2432,0.2432,0.6128
11.423,1.0436,1.0436,-0.1219,-0.2907,-0.2907,0.0000,0.2795,0.2795,0.6129
11.428,1.0440,1.0440,-0.1219,-0.2709,-0.2709,0.0000,0.2795,0.2795,0.6129
11.432,1.0443,1.0443,-0.1219,-0.2550,-0.2550,0.0000,0.2795,0.2795,0.6130
11.436,1.0446,1.0446,-0.1219,-0.2408,-0.2408,0.0000,0.2795,0.2795,0.6130
11.440,1.3260,1.3260,-0.1219,-0.1878,-0.1878,0.0000,0.3141,0.3141,0.6131
11.445,1.3263,1.3263,-0.1219,-0.1711,-0.1711,0.0000,0.3141,0.3141,0.6131
11.449,1.3266,1.3266,-0.1219,-0.1579,-0.1579,0.0000,0.3141,0.3141,0.6132
11.453,1.3268,1.3268,-0.1219,-0.1452,-0.1452,0.0000,0.3141,0.3141,0.6132
11.457,1.3271,1.3271,-0.1219,-0.1330,-0.1330,0.0000,0.3141,0.3141,0.6133
11.461,1.5955,1.5955,-0.1219,-0.0912,-0.0912,0.0000,0.3479,0.3479,0.6133
11.465,1.5958,1.5958,-0.1219,-0.0778,-0.0778,0.0000,0.3479,0.3479,0.6134
11.469,1.5960,1.5960,-0.1219,-0.0672,-0.0672,0.0000,0.3479,0.3479,0.6134
11.473,1.5962,1.5962,-0.1219,-0.0568,-0.0568,0.0000,0.3479,0.3479,0.6135
11.477,1.5965,1.5965,-0.1219,-0.0454,-0.0454,0.0000,0.3479,0.3479,0.6136
11.481,1.8565,1.8565,-0.1219,-0.0154,-0.0154,0.0000,0.3797,0.3797,0.6136
11.486,1.8568,1.8568,-0.1219,-0.0042,-0.0042,0.0000,0.3797,0.3797,0.6137
11.490,1.8570,1.8570,-0.1219,0.0065,0.0065,0.0000,0.3797,0.3797,0.6137
11.496,1.8573,1.8573,-0.1219,0.0183,0.0183,0.0065,0.3797,0.3797,0.6138
11.500,2.1091,2.1091,-0.1219,0.0369,0.0369,0.0183,0.4098,0.4098,0.6139
11.505,2.1094,2.1094,-0.1219,0.0474,0.0474,0.0369,0.4098,0.4098,0.6140
11.515,2.1098,2.1098,-0.1219,0.0650,0.0650,0.0474,0.4098,0.4098,0.6140
11.520,2.3519,2.3519,-0.1219,0.0741,0.0741,0.0650,0.4375,0.4375,0.6142
11.525,2.3521,2.3521,-0.1219,0.0804,0.0804,0.0741,0.4375,0.4375,0.6143
11.530,2.3524,2.3524,-0.1219,0.0882,0.0882,0.0804,0.4375,0.4375,0.6144
11.538,2.5873,2.5873,-0.1219,0.0891,0.0891,0.0882,0.4619,0.4619,0.6145
11.543,2.5875,2.5875,-0.1219,0.0939,0.0939,0.0891,0.4619,0.4619,0.6146
11.547,2.5877,2.5877,-0.1219,0.0979,0.0979,0.0939,0.4619,0.4619,0.6147
11.551,2.5879,2.5879,-0.1219,0.1010,0.1010,0.0979,0.4619,0.4619,0.6148
11.555,2.5880,2.5880,-0.1219,0.1038,0.1038,0.1010,0.4619,0.4619,0.6148
11.559,2.8129,2.8129,-0.1219,0.0900,0.0900,0.1038,0.4825,0.4825,0.6149
11.564,2.8130,2.8130,-0.1219,0.0925,0.0925,0.0900,0.4825,0.4825,0.6150
11.568,2.8132,2.8132,-0.1219,0.0940,0.0940,0.0925,0.4825,0.4825,0.6151
11.572,2.8133,2.8133,-0.1219,0.0952,0.0952,0.0940,0.4825,0.4825,0.6152
11.575,2.8134,2.8134,-0.1219,0.0960,0.0960,0.0952,0.4825,0.4825,0.6152
11.580,3.0321,3.0321,-0.1219,0.0724,0.0724,0.0960,0.4996,0.4996,0.6153
11.584,3.0322,3.0322,-0.1219,0.0724,0.0724,0.0724,0.4996,0.4996,0.6154
11.588,3.0323,3.0323,-0.1219,0.0720,0.0720,0.0724,0.4996,0.4996,0.6155
11.593,3.0324,3.0324,-0.1219,0.0711,0.0711,0.0720,0.4996,0.4996,0.6155
11.597,3.0326,3.0326,-0.1219,0.0698,0.0698,0.0711,0.4996,0.4996,0.6156
11.601,3.2454,3.2454,-0.1219,0.0369,0.0369,0.0698,0.5134,0.5134,0.6157
11.605,3.2456,3.2456,-0.1211,0.0346,0.0346,0.0369,0.5134,0.5134,0.6158
11.609,3.2457,3.2457,-0.1201,0.0321,0.0321,0.0346,0.5134,0.5134,0.6159
11.613,3.2458,3.2458,-0.1192,0.0290,0.0290,0.0321,0.5134,0.5134,0.6159
11.617,3.2459,3.2459,-0.1182,0.0259,0.0259,0.0290,0.5134,0.5134,0.6160
11.621,3.4519,3.4519,-0.1174,-0.0154,-0.0154,0.0259,0.5242,0.5242,0.6161
11.626,3.4521,3.4521,-0.1166,-0.0205,-0.0205,0.0000,0.5242,0.5242,0.6162
11.631,3.4522,3.4522,-0.1154,-0.0268,-0.0268,0.0000,0.5242,0.5242,0.6163
11.639,3.6306,3.6306,-0.1142,-0.0816,-0.0816,0.0000,0.5319,0.5319,0.6164
11.645,3.6308,3.6308,-0.1123,-0.0903,-0.0903,0.0000,0.5319,0.5319,0.6165
11.650,3.6309,3.6309,-0.1110,-0.0978,-0.0978,0.0000,0.5319,0.5319,0.6166
11.654,3.6310,3.6310,-0.1100,-0.1046,-0.1046,0.0000,0.5319,0.5319,0.6167
11.658,3.7839,3.7839,-0.1090,-0.1607,-0.1607,0.0000,0.5366,0.5366,0.6168
11.667,3.7841,3.7841,-0.1081,-0.1804,-0.1804,0.0000,0.5366,0.5366,0.6169
11.673,3.7842,3.7842,-0.1059,-0.1926,-0.1926,0.0000,0.5366,0.5366,0.6171
11.677,3.7843,3.7843,-0.1046,-0.2020,-0.2020,0.0000,0.5366,0.5366,0.6172
11.681,3.9140,3.9140,-0.1037,-0.2654,-0.2654,0.0000,0.5383,0.5383,0.6173
11.685,3.9140,3.9140,-0.1026,-0.2767,-0.2767,0.0000,0.5383,0.5383,0.6173
11.689,3.9141,3.9141,-0.1016,-0.2866,-0.2866,0.0000,0.5383,0.5383,0.6174
11.693,3.9142,3.9142,-0.1007,-0.2977,-0.2977,0.0000,0.5383,0.5383,0.6175
11.697,3.9142,3.9142,-0.0997,-0.3099,-0.3099,0.0000,0.5383,0.5383,0.6176
11.702,4.0226,4.0226,-0.0987,-0.3777,-0.3777,0.0000,0.5368,0.5368,0.6177
11.707,4.0227,4.0227,-0.0978,-0.3933,-0.3933,0.0000,0.5368,0.5368,0.6177
11.711,4.0228,4.0228,-0.0966,-0.4085,-0.4085,0.0000,0.5368,0.5368,0.6178
11.715,4.0228,4.0228,-0.0955,-0.4216,-0.4216,0.0000,0.5368,0.5368,0.6179
11.719,4.1118,4.1118,-0.0946,-0.4928,-0.4928,0.0000,0.5317,0.5317,0.6180
11.723,4.1118,4.1118,-0.0937,-0.5093,-0.5093,0.0000,0.5317,0.5317,0.6181
11.728,4.1119,4.1119,-0.0926,-0.5255,-0.5255,0.0000,0.5317,0.5317,0.6181
11.732,4.1120,4.1120,-0.0916,-0.5424,-0.5424,0.0000,0.5317,0.5317,0.6182
11.737,4.1120,4.1120,-0.0906,-0.5636,-0.5636,0.0000,0.5317,0.5317,0.6183
11.745,4.1833,4.1833,-0.0893,-0.6585,-0.6585,0.0000,0.5230,0.5230,0.6184
11.750,4.1833,4.1833,-0.0874,-0.6793,-0.6793,0.0000,0.5230,0.5230,0.6185
11.754,4.1834,4.1834,-0.0864,-0.6977,-0.6977,0.0000,0.5230,0.5230,0.6186
11.758,4.2384,4.2384,-0.0854,-0.7765,-0.7765,0.0000,0.5111,0.5111,0.6187
11.763,4.2384,4.2384,-0.0845,-0.8000,-0.8000,0.0000,0.5111,0.5111,0.6187
11.767,4.2385,4.2385,-0.0833,-0.8215,-0.8215,0.0000,0.5111,0.5111,0.6188
11.771,4.2385,4.2385,-0.0823,-0.8419,-0.8419,0.0000,0.5111,0.5111,0.6189
11.775,4.2385,4.2385,-0.0814,-0.8613,-0.8613,0.0000,0.5111,0.5111,0.6189
11.779,4.2788,4.2788,-0.0806,-0.9456,-0.9456,0.0000,0.4963,0.4963,0.6190
11.785,4.2788,4.2788,-0.0795,-0.9747,-0.9747,0.0000,0.4963,0.4963,0.6191
11.788,4.2789,4.2789,-0.0783,-0.9968,-0.9968,0.0000,0.4963,0.4963,0.6192
11.792,4.2789,4.2789,-0.0775,-1.0187,-1.0187,0.0000,0.4963,0.4963,0.6192
11.797,4.2790,4.2790,-0.0766,-1.0482,-1.0482,0.0000,0.4963,0.4963,0.6193
11.802,4.3058,4.3058,-0.0755,-1.1356,-1.1356,0.0000,0.4789,0.4789,0.6193
11.806,4.3059,4.3059,-0.0745,-1.1665,-1.1665,0.0000,0.4789,0.4789,0.6194
11.812,4.3059,4.3059,-0.0734,-1.2015,-1.2015,0.0000,0.4789,0.4789,0.6195
11.821,4.3207,4.3207,-0.0722,-1.3280,-1.3280,0.0000,0.4593,0.4593,0.6195
11.827,4.3207,4.3207,-0.0701,-1.3717,-1.3717,0.0000,0.4593,0.4593,0.6197
11.832,4.3208,4.3208,-0.0687,-1.4112,-1.4112,0.0000,0.4593,0.4593,0.6197
11.836,4.3208,4.3208,-0.0676,-1.4411,-1.4411,0.0000,0.4593,0.4593,0.6198
11.840,4.3245,4.3245,-0.0667,-1.5290,-1.5290,0.0000,0.4371,0.4371,0.6199
11.847,4.3246,4.3246,-0.0658,-1.5831,-1.5831,0.0000,0.4371,0.4371,0.6199
11.854,4.3246,4.3246,-0.0644,-1.6478,-1.6478,0.0000,0.4371,0.4371,0.6200
11.858,4.3184,4.3184,-0.0628,-1.7346,-1.7346,0.0000,0.4129,0.4129,0.6201
11.865,4.3185,4.3185,-0.0620,-1.7923,-1.7923,0.0000,0.4129,0.4129,0.6201
11.868,4.3185,4.3185,-0.0606,-1.8262,-1.8262,0.0000,0.4129,0.4129,0.6202
11.872,4.3185,4.3185,-0.0598,-1.8621,-1.8621,0.0000,0.4129,0.4129,0.6202
11.877,4.3185,4.3185,-0.0590,-1.9108,-1.9108,0.0000,0.4129,0.4129,0.6202
11.882,4.3034,4.3034,-0.0579,-2.0073,-2.0073,0.0000,0.3870,0.3870,0.6203
11.886,4.3034,4.3034,-0.0570,-2.0525,-2.0525,0.0000,0.3870,0.3870,0.6203
11.891,4.3035,4.3035,-0.0560,-2.1045,-2.1045,0.0000,0.3870,0.3870,0.6204
11.896,4.3035,4.3035,-0.0550,-2.1581,-2.1581,0.0000,0.3870,0.3870,0.6204
11.901,4.2804,4.2804,-0.0540,-2.2559,-2.2559,0.0000,0.3595,0.3595,0.6204
11.905,4.2804,4.2804,-0.0530,-2.3043,-2.3043,0.0000,0.3595,0.3595,0.6205
11.909,4.2804,4.2804,-0.0522,-2.3491,-2.3491,0.0000,0.3595,0.3595,0.6205
11.913,4.2804,4.2804,-0.0514,-2.4002,-2.4002,0.0000,0.3595,0.3595,0.6205
11.917,4.2804,4.2804,-0.0505,-2.4449,-2.4449,0.0000,0.3595,0.3595,0.6206
11.921,4.2501,4.2501,-0.0497,-2.5371,-2.5371,0.0000,0.3301,0.3301,0.6206
11.927,4.2501,4.2501,-0.0490,-2.6110,-2.6110,0.0000,0.3301,0.3301,0.6206
11.932,4.2502,4.2502,-0.0478,-2.6774,-2.6774,0.0000,0.3301,0.3301,0.6206
11.936,4.2502,4.2502,-0.0468,-2.7257,-2.7257,0.0000,0.3301,0.3301,0.6207
11.940,4.2135,4.2135,-0.0461,-2.8214,-2.8214,0.0000,0.2988,0.2988,0.6207
11.944,4.2135,4.2135,-0.0453,-2.8871,-2.8871,0.0000,0.2988,0.2988,0.6207
11.948,4.2135,4.2135,-0.0444,-2.9435,-2.9435,0.0000,0.2988,0.2988,0.6207
11.952,4.2135,4.2135,-0.0437,-2.9957,-2.9957,0.0000,0.2988,0.2988,0.6207
11.957,4.2135,4.2135,-0.0430,-3.0749,-3.0749,0.0000,0.2988,0.2988,0.6207
11.966,4.1712,4.1712,-0.0420,-3.2567,-3.2567,0.0000,0.2655,0.2655,0.6208
11.975,4.1712,4.1712,-0.0403,-3.4073,-3.4073,0.0000,0.2655,0.2655,0.6208
11.981,4.1238,4.1238,-0.0386,-3.5364,-3.5364,0.0000,0.2308,0.2308,0.6208
11.985,4.1238,4.1238,-0.0376,-3.6133,-3.6133,0.0000,0.2308,0.2308,0.6208
11.990,4.1238,4.1238,-0.0368,-3.6928,-3.6928,0.0000,0.2308,0.2308,0.6208
11.995,4.1238,4.1238,-0.0360,-3.7801,-3.7801,0.0000,0.2308,0.2308,0.6208
11.999,4.0719,4.0719,-0.0352,-3.8828,-3.8828,0.0000,0.1945,0.1945,0.6208
12.003,4.0719,4.0719,-0.0345,-3.9679,-3.9679,0.0000,0.1945,0.1945,0.6208
12.007,4.0719,4.0719,-0.0337,-4.0426,-4.0426,0.0000,0.1945,0.1945,0.6208
12.011,4.0719,4.0719,-0.0330,-4.1262,-4.1262,0.0000,0.1945,0.1945,0.6208
12.015,4.0719,4.0719,-0.0323,-4.2044,-4.2044,0.0000,0.1945,0.1945,0.6208
12.019,4.0160,4.0160,-0.0316,-4.3120,-4.3120,0.0000,0.1574,0.1574,0.6208
12.024,4.0160,4.0160,-0.0310,-4.4033,-4.4033,0.0000,0.1574,0.1574,0.6208
12.028,4.0160,4.0160,-0.0302,-4.4991,-4.4991,0.0000,0.1574,0.1574,0.6207
12.032,4.0160,4.0160,-0.0295,-4.5842,-4.5842,0.0000,0.1574,0.1574,0.6207
12.036,4.0160,4.0160,-0.0288,-4.6712,-4.6712,0.0000,0.1574,0.1574,0.6207
12.040,3.9566,3.9566,-0.0282,-4.7840,-4.7840,0.0000,0.1198,0.1198,0.6207
12.045,3.9566,3.9566,-0.0276,-4.8989,-4.8989,0.0000,0.1198,0.1198,0.6207
12.049,3.9566,3.9566,-0.0268,-4.9921,-4.9921,0.0000,0.1198,0.1198,0.6207
12.052,3.9566,3.9566,-0.0262,-5.0835,-5.0835,0.0000,0.1198,0.1198,0.6206
12.056,3.9566,3.9566,-0.0256,-5.1807,-5.1807,0.0000,0.1198,0.1198,0.6206
12.062,3.8941,3.8941,-0.0249,-5.3385,-5.3385,0.0000,0.0827,0.0827,0.6206
12.070,3.8941,3.8941,-0.0241,-5.5478,-5.5478,0.0000,0.0827,0.0827,0.6206
12.074,3.8941,3.8941,-0.0228,-5.6388,-5.6388,0.0000,0.0827,0.0827,0.6205
12.078,3.8288,3.8288,-0.0223,-5.7715,-5.7715,0.0000,0.0502,0.0502,0.6205
12.083,3.8288,3.8288,-0.0216,-5.8727,-5.8727,0.0000,0.0502,0.0502,0.6204
12.087,3.8288,3.8288,-0.0209,-5.9588,-5.9588,0.0000,0.0502,0.0502,0.6204
12.090,3.8288,3.8288,-0.0203,-6.0384,-6.0384,0.0000,0.0502,0.0502,0.6204
12.095,3.8288,3.8288,-0.0198,-6.1289,-6.1289,0.0000,0.0502,0.0502,0.6203
12.099,3.7612,3.7612,-0.0191,-6.2224,-6.2224,0.0000,0.0191,0.0191,0.6203
12.103,3.7612,3.7612,-0.0186,-6.3001,-6.3001,0.0000,0.0191,0.0191,0.6202
12.107,3.7612,3.7612,-0.0180,-6.3599,-6.3599,0.0000,0.0191,0.0191,0.6202
12.112,3.7612,3.7612,-0.0175,-6.4312,-6.4312,0.0000,0.0191,0.0191,0.6202
12.115,3.7612,3.7612,-0.0168,-6.4832,-6.4832,0.0000,0.0191,0.0191,0.6201
12.120,3.6916,3.6916,-0.0162,-6.5543,-6.5543,0.0000,-0.0108,-0.0108,0.6201
12.128,3.6916,3.6916,-0.0157,-6.6402,-6.6402,0.0000,-0.0108,-0.0108,0.6200
12.133,3.6916,3.6916,-0.0145,-6.6833,-6.6833,0.0000,-0.0108,-0.0108,0.6199
12.137,3.6916,3.6916,-0.0138,-6.7105,-6.7105,0.0000,-0.0108,-0.0108,0.6199
12.141,3.6203,3.6203,-0.0133,-6.7549,-6.7549,0.0000,-0.0408,-0.0408,0.6198
12.146,3.6203,3.6203,-0.0128,-6.7810,-6.7810,0.0000,-0.0408,-0.0408,0.6198
12.150,3.6203,3.6203,-0.0122,-6.7978,-6.7978,0.0000,-0.0408,-0.0408,0.6198
12.154,3.6203,3.6203,-0.0117,-6.8109,-6.8109,0.0000,-0.0408,-0.0408,0.6197
12.158,3.5475,3.5475,-0.0112,-6.8410,-6.8410,0.0000,-0.0547,-0.0547,0.6197
12.163,3.5475,3.5475,-0.0107,-6.8480,-6.8480,0.0000,-0.0547,-0.0547,0.6196
12.168,3.5475,3.5475,-0.0101,-6.8505,-6.8505,0.0000,-0.0547,-0.0547,0.6196
12.175,3.5475,3.5475,-0.0095,-6.8443,-6.8443,0.0000,-0.0547,-0.0547,0.6195
12.180,3.4736,3.4736,-0.0086,-6.8579,-6.8579,0.0000,-0.0676,-0.0676,0.6194
12.184,3.4736,3.4736,-0.0081,-6.8468,-6.8468,0.0000,-0.0676,-0.0676,0.6193
12.188,3.4736,3.4736,-0.0075,-6.8356,-6.8356,0.0000,-0.0676,-0.0676,0.6193
12.192,3.4736,3.4736,-0.0071,-6.8207,-6.8207,0.0000,-0.0676,-0.0676,0.6192
12.196,3.4736,3.4736,-0.0066,-6.8035,-6.8035,0.0000,-0.0676,-0.0676,0.6192
12.200,3.3987,3.3987,-0.0062,-6.8079,-6.8079,0.0000,-0.0826,-0.0826,0.6191
12.205,3.3987,3.3987,-0.0057,-6.7835,-6.7835,0.0000,-0.0826,-0.0826,0.6191
12.209,3.3987,3.3987,-0.0052,-6.7604,-6.7604,0.0000,-0.0826,-0.0826,0.6190
12.213,3.3987,3.3987,-0.0048,-6.7320,-6.7320,0.0000,-0.0826,-0.0826,0.6190
12.217,3.3987,3.3987,-0.0043,-6.7065,-6.7065,0.0000,-0.0826,-0.0826,0.6189
12.221,3.3231,3.3231,-0.0039,-6.7022,-6.7022,0.0000,-0.0894,-0.0894,0.6188
12.225,3.3231,3.3231,-0.0035,-6.6667,-6.6667,0.0000,-0.0894,-0.0894,0.6188
12.229,3.3231,3.3231,-0.0030,-6.6337,-6.6337,0.0000,-0.0894,-0.0894,0.6187
12.233,3.3231,3.3231,-0.0026,-6.6010,-6.6010,0.0000,-0.0894,-0.0894,0.6187
12.237,3.3231,3.3231,-0.0022,-6.5682,-6.5682,0.0000,-0.0894,-0.0894,0.6186
12.241,3.2470,3.2470,-0.0018,-6.5605,-6.5605,0.0000,-0.0951,-0.0951,0.6186
12.246,3.2470,3.2470,-0.0014,-6.5156,-6.5156,0.0000,-0.0951,-0.0951,0.6185
12.249,3.2470,3.2470,-0.0010,-6.4777,-6.4777,0.0000,-0.0951,-0.0951,0.6185
12.253,3.2470,3.2470,-0.0006,-6.4398,-6.4398,0.0000,-0.0951,-0.0951,0.6184
12.257,3.2470,3.2470,-0.0002,-6.4018,-6.4018,0.0000,-0.0951,-0.0951,0.6183
12.261,3.1706,3.1706,0.0001,-6.3899,-6.3899,0.0000,-0.1008,-0.1008,0.6183
12.265,3.1706,3.1706,0.0005,-6.3404,-6.3404,0.0000,-0.1008,-0.1008,0.6182
12.269,3.1706,3.1706,0.0009,-6.2986,-6.2986,0.0000,-0.1008,-0.1008,0.6182
12.273,3.1706,3.1706,0.0013,-6.2543,-6.2543,0.0000,-0.1008,-0.1008,0.6181
12.283,3.0940,3.0940,0.0016,-6.1713,-6.1713,0.0000,-0.0956,-0.0956,0.6181
12.293,3.0940,3.0940,0.0025,-6.0525,-6.0525,0.0000,-0.0956,-0.0956,0.6179
12.297,3.0940,3.0940,0.0033,-5.9937,-5.9937,0.0000,-0.0956,-0.0956,0.6178
12.302,3.0175,3.0175,0.0037,-5.9785,-5.9785,0.0000,-0.0750,-0.0750,0.6178
12.306,3.0175,3.0175,0.0041,-5.9204,-5.9204,0.0000,-0.0750,-0.0750,0.6177
12.311,3.0175,3.0175,0.0044,-5.8662,-5.8662,0.0000,-0.0750,-0.0750,0.6177
12.315,3.0175,3.0175,0.0048,-5.8094,-5.8094,0.0000,-0.0750,-0.0750,0.6176
12.319,2.9413,2.9413,0.0052,-5.8012,-5.8012,0.0000,-0.0539,-0.0539,0.6175
12.323,2.9413,2.9413,0.0054,-5.7463,-5.7463,0.0000,-0.0539,-0.0539,0.6175
12.328,2.9413,2.9413,0.0058,-5.6946,-5.6946,0.0000,-0.0539,-0.0539,0.6175
12.332,2.9413,2.9413,0.0061,-5.6434,-5.6434,0.0000,-0.0539,-0.0539,0.6174
12.335,2.9413,2.9413,0.0064,-5.5969,-5.5969,0.0000,-0.0539,-0.0539,0.6174
12.339,2.8653,2.8653,0.0067,-5.5920,-5.5920,0.0000,-0.0357,-0.0357,0.6173
12.344,2.8653,2.8653,0.0069,-5.5313,-5.5313,0.0000,-0.0357,-0.0357,0.6173
12.348,2.8653,2.8653,0.0073,-5.4736,-5.4736,0.0000,-0.0357,-0.0357,0.6173
12.352,2.8653,2.8653,0.0076,-5.4212,-5.4212,0.0000,-0.0357,-0.0357,0.6172
12.356,2.8653,2.8653,0.0079,-5.3690,-5.3690,0.0000,-0.0357,-0.0357,0.6172
12.361,2.7899,2.7899,0.0081,-5.3626,-5.3626,0.0000,-0.0090,-0.0090,0.6172
12.365,2.7899,2.7899,0.0084,-5.3006,-5.3006,0.0000,-0.0090,-0.0090,0.6171
12.369,2.7899,2.7899,0.0087,-5.2488,-5.2488,0.0000,-0.0090,-0.0090,0.6171
12.386,2.7152,2.7152,0.0090,-5.0751,-5.0751,0.0000,0.0150,0.0150,0.6171
12.394,2.7152,2.7152,0.0100,-4.9683,-4.9683,0.0000,0.0150,0.0150,0.6170
12.406,2.6413,2.6413,0.0105,-4.8742,-4.8742,0.0000,0.0458,0.0458,0.6169
12.412,2.6413,2.6413,0.0111,-4.8039,-4.8039,0.0000,0.0458,0.0458,0.6168
12.416,2.6413,2.6413,0.0114,-4.7510,-4.7510,0.0000,0.0458,0.0458,0.6168
12.420,2.5682,2.5682,0.0116,-4.7710,-4.7710,0.0000,0.0737,0.0737,0.6167
12.425,2.5682,2.5682,0.0118,-4.7077,-4.7077,0.0000,0.0737,0.0737,0.6167
12.434,2.5682,2.5682,0.0121,-4.5926,-4.5926,0.0000,0.0737,0.0737,0.6167
12.440,2.4961,2.4961,0.0125,-4.5923,-4.5923,0.0000,0.0969,0.0969,0.6167
12.445,2.4961,2.4961,0.0128,-4.5319,-4.5319,0.0000,0.0969,0.0969,0.6167
12.449,2.4961,2.4961,0.0130,-4.4819,-4.4819,0.0000,0.0969,0.0969,0.6167
12.453,2.4961,2.4961,0.0132,-4.4377,-4.4377,0.0000,0.0969,0.0969,0.6166
12.458,2.4251,2.4251,0.0134,-4.4588,-4.4588,0.0000,0.1179,0.1179,0.6166
12.463,2.4251,2.4251,0.0136,-4.4022,-4.4022,0.0000,0.1179,0.1179,0.6166
12.467,2.4251,2.4251,0.0138,-4.3510,-4.3510,0.0000,0.1179,0.1179,0.6166
12.471,2.4251,2.4251,0.0140,-4.3053,-4.3053,0.0000,0.1179,0.1179,0.6166
12.476,2.4251,2.4251,0.0141,-4.2482,-4.2482,0.0000,0.1179,0.1179,0.6166
12.481,2.3553,2.3553,0.0144,-4.2720,-4.2720,0.0000,0.1362,0.1362,0.6166
12.486,2.3553,2.3553,0.0145,-4.2246,-4.2246,0.0000,0.1362,0.1362,0.6166
12.490,2.3553,2.3553,0.0147,-4.1740,-4.1740,0.0000,0.1362,0.1362,0.6166
12.496,2.3553,2.3553,0.0149,-4.1108,-4.1108,0.0000,0.1362,0.1362,0.6166
12.506,2.2868,2.2868,0.0151,-4.0949,-4.0949,0.0000,0.1612,0.1612,0.6166
12.511,2.2868,2.2868,0.0154,-4.0417,-4.0417,0.0000,0.1612,0.1612,0.6166
12.517,2.2868,2.2868,0.0155,-3.9784,-3.9784,0.0000,0.1612,0.1612,0.6166
12.522,2.2194,2.2194,0.0157,-4.0190,-4.0190,0.0000,0.1613,0.1613,0.6166
12.526,2.2194,2.2194,0.0159,-3.9704,-3.9704,0.0000,0.1613,0.1613,0.6166
12.532,2.2194,2.2194,0.0160,-3.9163,-3.9163,0.0000,0.1613,0.1613,0.6166
12.537,2.2194,2.2194,0.0162,-3.8619,-3.8619,0.0000,0.1613,0.1613,0.6166
12.541,2.1531,2.1531,0.0163,-3.9171,-3.9171,0.0000,0.1464,0.1464,0.6166
12.547,2.1531,2.1531,0.0164,-3.8650,-3.8650,0.0000,0.1464,0.1464,0.6167
12.551,2.1531,2.1531,0.0166,-3.8271,-3.8271,0.0000,0.1464,0.1464,0.6167
12.555,2.1531,2.1531,0.0167,-3.7867,-3.7867,0.0000,0.1464,0.1464,0.6167
12.560,2.0883,2.0883,0.0168,-3.8364,-3.8364,0.0000,0.1300,0.1300,0.6167
12.565,2.0883,2.0883,0.0169,-3.7917,-3.7917,0.0000,0.1300,0.1300,0.6167
12.570,2.0883,2.0883,0.0170,-3.7472,-3.7472,0.0000,0.1300,0.1300,0.6167
12.574,2.0883,2.0883,0.0171,-3.7119,-3.7119,0.0000,0.1300,0.1300,0.6166
12.579,2.0251,2.0251,0.0172,-3.7700,-3.7700,0.0000,0.1121,0.1121,0.6166
12.589,2.0251,2.0251,0.0173,-3.6848,-3.6848,0.0000,0.1121,0.1121,0.6166
12.595,2.0251,2.0251,0.0174,-3.6303,-3.6303,0.0000,0.1121,0.1121,0.6166
12.601,1.9634,1.9634,0.0175,-3.6870,-3.6870,0.0000,0.0909,0.0909,0.6166
12.611,1.9634,1.9634,0.0176,-3.6069,-3.6069,0.0000,0.0909,0.0909,0.6166
12.616,1.9634,1.9634,0.0177,-3.5708,-3.5708,0.0000,0.0909,0.0909,0.6166
12.620,1.9032,1.9032,0.0178,-3.6420,-3.6420,0.0000,0.0509,0.0509,0.6166
12.625,1.9032,1.9032,0.0179,-3.6060,-3.6060,0.0000,0.0509,0.0509,0.6165
12.631,1.9032,1.9032,0.0179,-3.5660,-3.5660,0.0000,0.0509,0.0509,0.6165
12.635,1.9032,1.9032,0.0180,-3.5364,-3.5364,0.0000,0.0509,0.0509,0.6165
12.639,1.8446,1.8446,0.0180,-3.6165,-3.6165,0.0000,-0.0078,-0.0078,0.6165
12.643,1.8446,1.8446,0.0180,-3.5827,-3.5827,0.0000,-0.0078,-0.0078,0.6165
12.648,1.8446,1.8446,0.0181,-3.5471,-3.5471,0.0000,-0.0078,-0.0078,0.6164
12.653,1.8446,1.8446,0.0181,-3.5156,-3.5156,0.0000,-0.0078,-0.0078,0.6164
12.657,1.8446,1.8446,0.0181,-3.4888,-3.4888,0.0000,-0.0078,-0.0078,0.6164
12.661,1.7878,1.7878,0.0182,-3.5705,-3.5705,0.0000,-0.0675,-0.0675,0.6163
12.666,1.7878,1.7878,0.0182,-3.5407,-3.5407,0.0000,-0.0675,-0.0675,0.6163
12.670,1.7878,1.7878,0.0182,-3.5159,-3.5159,0.0000,-0.0675,-0.0675,0.6162
12.674,1.7878,1.7878,0.0182,-3.4915,-3.4915,0.0000,-0.0675,-0.0675,0.6162
12.680,1.7328,1.7328,0.0183,-3.5678,-3.5678,0.0000,-0.1264,-0.1264,0.6162
12.685,1.7328,1.7328,0.0183,-3.5350,-3.5350,0.0000,-0.1264,-0.1264,0.6161
12.689,1.7328,1.7328,0.0183,-3.5109,-3.5109,0.0000,-0.1264,-0.1264,0.6160
12.693,1.7328,1.7328,0.0183,-3.4848,-3.4848,0.0000,-0.1264,-0.1264,0.6160
12.698,1.6798,1.6798,0.0183,-3.5744,-3.5744,0.0000,-0.1840,-0.1840,0.6159
12.702,1.6798,1.6798,0.0183,-3.5477,-3.5477,0.0000,-0.1840,-0.1840,0.6158
12.707,1.6798,1.6798,0.0183,-3.5197,-3.5197,0.0000,-0.1840,-0.1840,0.6158
12.716,1.6798,1.6798,0.0183,-3.4707,-3.4707,0.0000,-0.1840,-0.1840,0.6157
12.721,1.6286,1.6286,0.0183,-3.5629,-3.5629,0.0000,-0.2559,-0.2559,0.6156
12.726,1.6286,1.6286,0.0182,-3.5358,-3.5358,0.0000,-0.2559,-0.2559,0.6155
12.730,1.6286,1.6286,0.0182,-3.5139,-3.5139,0.0000,-0.2559,-0.2559,0.6154
12.739,1.5793,1.5793,0.0182,-3.5889,-3.5889,0.0000,-0.3294,-0.3294,0.6153
12.746,1.5793,1.5793,0.0182,-3.5542,-3.5542,0.0000,-0.3294,-0.3294,0.6151
12.750,1.5793,1.5793,0.0181,-3.5354,-3.5354,0.0000,-0.3294,-0.3294,0.6150
12.754,1.5793,1.5793,0.0181,-3.5178,-3.5178,0.0000,-0.3294,-0.3294,0.6149
12.758,1.5320,1.5320,0.0181,-3.6183,-3.6183,0.0000,-0.3997,-0.3997,0.6148
12.763,1.5320,1.5320,0.0180,-3.5970,-3.5970,0.0000,-0.3997,-0.3997,0.6147
12.767,1.5320,1.5320,0.0180,-3.5785,-3.5785,0.0000,-0.3997,-0.3997,0.6146
12.772,1.5320,1.5320,0.0180,-3.5578,-3.5578,0.0000,-0.3997,-0.3997,0.6145
12.777,1.5320,1.5320,0.0179,-3.5375,-3.5375,0.0000,-0.3997,-0.3997,0.6143
12.781,1.4866,1.4866,0.0179,-3.6418,-3.6418,0.0000,-0.4652,-0.4652,0.6142
12.786,1.4866,1.4866,0.0178,-3.6224,-3.6224,0.0000,-0.4652,-0.4652,0.6141
12.790,1.4866,1.4866,0.0178,-3.6069,-3.6069,0.0000,-0.4652,-0.4652,0.6140
12.794,1.4866,1.4866,0.0178,-3.5911,-3.5911,0.0000,-0.4652,-0.4652,0.6139
12.798,1.4431,1.4431,0.0177,-3.7007,-3.7007,0.0000,-0.5024,-0.5024,0.6137
12.803,1.4431,1.4431,0.0177,-3.6828,-3.6828,0.0000,-0.5024,-0.5024,0.6136
12.808,1.4431,1.4431,0.0176,-3.6655,-3.6655,0.0000,-0.5024,-0.5024,0.6135
12.815,1.4431,1.4431,0.0175,-3.6441,-3.6441,0.0000,-0.5024,-0.5024,0.6134
12.823,1.4014,1.4014,0.0175,-3.7402,-3.7402,0.0000,-0.5409,-0.5409,0.6132
12.829,1.4014,1.4014,0.0174,-3.7234,-3.7234,0.0000,-0.5409,-0.5409,0.6129
12.834,1.4014,1.4014,0.0173,-3.7090,-3.7090,0.0000,-0.5409,-0.5409,0.6127
12.838,1.3616,1.3616,0.0172,-3.8206,-3.8206,0.0000,-0.5774,-0.5774,0.6126
12.844,1.3616,1.3616,0.0171,-3.8050,-3.8050,0.0000,-0.5774,-0.5774,0.6125
12.849,1.3616,1.3616,0.0170,-3.7925,-3.7925,0.0000,-0.5774,-0.5774,0.6123
12.853,1.3616,1.3616,0.0170,-3.7807,-3.7807,0.0000,-0.5774,-0.5774,0.6121
12.857,1.3616,1.3616,0.0169,-3.7717,-3.7717,0.0000,-0.5774,-0.5774,0.6120
12.861,1.3235,1.3235,0.0168,-3.8857,-3.8857,0.0000,-0.6100,-0.6100,0.6119
12.867,1.3235,1.3235,0.0168,-3.8745,-3.8745,0.0000,-0.6100,-0.6100,0.6117
12.871,1.3235,1.3235,0.0167,-3.8659,-3.8659,0.0000,-0.6100,-0.6100,0.6116
12.874,1.3235,1.3235,0.0166,-3.8585,-3.8585,0.0000,-0.6100,-0.6100,0.6114
12.880,1.2871,1.2871,0.0165,-3.9704,-3.9704,0.0000,-0.6498,-0.6498,0.6113
12.890,1.2871,1.2871,0.0164,-3.9534,-3.9534,0.0000,-0.6498,-0.6498,0.6111
12.896,1.2871,1.2871,0.0163,-3.9445,-3.9445,0.0000,-0.6498,-0.6498,0.6108
12.900,1.2525,1.2525,0.0161,-4.0618,-4.0618,0.0000,-0.6873,-0.6873,0.6106
12.904,1.2525,1.2525,0.0161,-4.0560,-4.0560,0.0000,-0.6873,-0.6873,0.6104
12.910,1.2525,1.2525,0.0160,-4.0498,-4.0498,0.0000,-0.6873,-0.6873,0.6103
12.915,1.2525,1.2525,0.0159,-4.0437,-4.0437,0.0000,-0.6873,-0.6873,0.6101
12.925,1.2194,1.2194,0.0158,-4.1581,-4.1581,0.0000,-0.7209,-0.7209,0.6099
12.930,1.2194,1.2194,0.0156,-4.1546,-4.1546,0.0000,-0.7209,-0.7209,0.6096
12.934,1.2194,1.2194,0.0155,-4.1519,-4.1519,0.0000,-0.7209,-0.7209,0.6094
12.938,1.1880,1.1880,0.0154,-4.2720,-4.2720,0.0000,-0.7499,-0.7499,0.6092
12.945,1.1880,1.1880,0.0153,-4.2701,-4.2701,0.0000,-0.7499,-0.7499,0.6091
12.949,1.1880,1.1880,0.0151,-4.2692,-4.2692,0.0000,-0.7499,-0.7499,0.6089
12.953,1.1880,1.1880,0.0150,-4.2689,-4.2689,0.0000,-0.7499,-0.7499,0.6087
12.958,1.1880,1.1880,0.0149,-4.2692,-4.2692,0.0000,-0.7499,-0.7499,0.6086
12.962,1.1579,1.1579,0.0148,-4.3923,-4.3923,0.0000,-0.7334,-0.7334,0.6084
12.967,1.1579,1.1579,0.0147,-4.3943,-4.3943,0.0000,-0.7334,-0.7334,0.6083
12.973,1.1579,1.1579,0.0146,-4.3974,-4.3974,0.0000,-0.7334,-0.7334,0.6081
12.977,1.1579,1.1579,0.0145,-4.4004,-4.4004,0.0000,-0.7334,-0.7334,0.6079
12.982,1.1294,1.1294,0.0144,-4.5248,-4.5248,0.0000,-0.7059,-0.7059,0.6077
12.986,1.1294,1.1294,0.0143,-4.5292,-4.5292,0.0000,-0.7059,-0.7059,0.6076
12.991,1.1294,1.1294,0.0142,-4.5346,-4.5346,0.0000,-0.7059,-0.7059,0.6074
12.996,1.1294,1.1294,0.0141,-4.5421,-4.5421,0.0000,-0.7059,-0.7059,0.6073
13.000,1.1022,1.1022,0.0139,-4.6681,-4.6681,0.0000,-0.6461,-0.6461,0.6071
13.006,1.1022,1.1022,0.0138,-4.6773,-4.6773,0.0000,-0.6461,-0.6461,0.6070
13.010,1.1022,1.1022,0.0137,-4.6851,-4.6851,0.0000,-0.6461,-0.6461,0.6068
13.015,1.1022,1.1022,0.0136,-4.6907,-4.6907,0.0000,-0.6461,-0.6461,0.6067
13.019,1.0765,1.0765,0.0135,-4.8107,-4.8107,0.0000,-0.5792,-0.5792,0.6066
13.025,1.0765,1.0765,0.0134,-4.8120,-4.8120,0.0000,-0.5792,-0.5792,0.6065
13.035,1.0765,1.0765,0.0132,-4.8055,-4.8055,0.0000,-0.5792,-0.5792,0.6063
13.045,1.0523,1.0523,0.0129,-4.9047,-4.9047,0.0000,-0.5118,-0.5118,0.6061
13.051,1.0523,1.0523,0.0127,-4.8947,-4.8947,0.0000,-0.5118,-0.5118,0.6059
13.055,1.0523,1.0523,0.0125,-4.8862,-4.8862,0.0000,-0.5118,-0.5118,0.6057
13.060,1.0295,1.0295,0.0124,-4.9869,-4.9869,0.0000,-0.4446,-0.4446,0.6056
13.066,1.0295,1.0295,0.0123,-4.9782,-4.9782,0.0000,-0.4446,-0.4446,0.6056
13.070,1.0295,1.0295,0.0121,-4.9741,-4.9741,0.0000,-0.4446,-0.4446,0.6055
13.074,1.0295,1.0295,0.0120,-4.9721,-4.9721,0.0000,-0.4446,-0.4446,0.6054
13.080,1.0081,1.0081,0.0119,-5.0787,-5.0787,0.0000,-0.3565,-0.3565,0.6053
13.085,1.0081,1.0081,0.0117,-5.0814,-5.0814,0.0000,-0.3565,-0.3565,0.6052
13.089,1.0081,1.0081,0.0116,-5.0852,-5.0852,0.0000,-0.3565,-0.3565,0.6052
13.093,1.0081,1.0081,0.0115,-5.0915,-5.0915,0.0000,-0.3565,-0.3565,0.6051
13.100,0.9881,0.9881,0.0114,-5.2090,-5.2090,0.0000,-0.2745,-0.2745,0.6051
13.105,0.9881,0.9881,0.0112,-5.2217,-5.2217,0.0000,-0.2745,-0.2745,0.6050
13.112,0.9881,0.9881,0.0110,-5.2421,-5.2421,0.0000,-0.2745,-0.2745,0.6050
13.118,0.9695,0.9695,0.0108,-5.3606,-5.3606,0.0000,-0.1322,-0.1322,0.6049
13.126,0.9695,0.9695,0.0107,-5.3951,-5.3951,0.0000,-0.1322,-0.1322,0.6049
13.135,0.9695,0.9695,0.0104,-5.4414,-5.4414,0.0000,-0.1322,-0.1322,0.6049
13.146,0.9525,0.9525,0.0102,-5.5955,-5.5955,0.0000,0.0567,0.0567,0.6049
13.151,0.9525,0.9525,0.0099,-5.6302,-5.6302,0.0000,0.0567,0.0567,0.6050
13.156,0.9525,0.9525,0.0097,-5.6648,-5.6648,0.0000,0.0567,0.0567,0.6050
13.161,0.9369,0.9369,0.0096,-5.7805,-5.7805,0.0000,0.2564,0.2564,0.6051
13.167,0.9369,0.9369,0.0094,-5.8209,-5.8209,0.0000,0.2564,0.2564,0.6051
13.171,0.9369,0.9369,0.0093,-5.8534,-5.8534,0.0000,0.2564,0.2564,0.6052
13.178,0.9369,0.9369,0.0091,-5.9032,-5.9032,0.0000,0.2564,0.2564,0.6053
13.183,0.9228,0.9228,0.0090,-6.0238,-6.0238,0.0000,0.4675,0.4675,0.6054
13.189,0.9228,0.9228,0.0088,-6.0687,-6.0687,0.0000,0.4675,0.4675,0.6056
13.200,0.9102,0.9102,0.0087,-6.2413,-6.2413,0.0000,0.6805,0.6805,0.6057
13.208,0.9102,0.9102,0.0083,-6.3205,-6.3205,0.0000,0.6805,0.6805,0.6062
13.213,0.9102,0.9102,0.0081,-6.3640,-6.3640,0.0000,0.6805,0.6805,0.6065
13.218,0.8990,0.8990,0.0079,-6.4719,-6.4719,0.0000,0.9074,0.9074,0.6067
13.223,0.8990,0.8990,0.0078,-6.5243,-6.5243,0.0000,0.9074,0.9074,0.6069
13.228,0.8990,0.8990,0.0076,-6.5718,-6.5718,0.0000,0.9074,0.9074,0.6072
13.233,0.8990,0.8990,0.0075,-6.6218,-6.6218,0.0000,0.9074,0.9074,0.6074
13.240,0.8892,0.8892,0.0074,-6.7402,-6.7402,0.0000,1.1217,1.1217,0.6076
13.249,0.8892,0.8892,0.0072,-6.8409,-6.8409,0.0000,1.1217,1.1217,0.6080
13.254,0.8892,0.8892,0.0069,-6.8869,-6.8869,0.0000,1.1217,1.1217,0.6086
13.258,0.8807,0.8807,0.0068,-6.9757,-6.9757,0.0000,1.3375,1.3375,0.6088
13.263,0.8807,0.8807,0.0066,-7.0304,-7.0304,0.0000,1.3375,1.3375,0.6091
13.268,0.8807,0.8807,0.0065,-7.0808,-7.0808,0.0000,1.3375,1.3375,0.6095
13.273,0.8807,0.8807,0.0063,-7.1255,-7.1255,0.0000,1.3375,1.3375,0.6098
13.278,0.8735,0.8735,0.0062,-7.2167,-7.2167,0.0000,1.5481,1.5481,0.6101
13.283,0.8735,0.8735,0.0061,-7.2676,-7.2676,0.0000,1.5481,1.5481,0.6105
13.287,0.8735,0.8735,0.0059,-7.3111,-7.3111,0.0000,1.5481,1.5481,0.6109
13.292,0.8735,0.8735,0.0058,-7.3526,-7.3526,0.0000,1.5481,1.5481,0.6112
13.298,0.8678,0.8678,0.0057,-7.4421,-7.4421,0.0000,1.7940,1.7940,0.6116
13.303,0.8678,0.8678,0.0055,-7.4923,-7.4923,0.0000,1.7940,1.7940,0.6121
13.308,0.8678,0.8678,0.0054,-7.5318,-7.5318,0.0000,1.7940,1.7940,0.6126
13.312,0.8678,0.8678,0.0052,-7.5750,-7.5750,0.0000,1.7940,1.7940,0.6129
13.317,0.8678,0.8678,0.0051,-7.6130,-7.6130,0.0000,1.7940,1.7940,0.6134
13.321,0.8634,0.8634,0.0050,-7.6716,-7.6716,0.0000,2.0606,2.0606,0.6137
13.326,0.8634,0.8634,0.0049,-7.7118,-7.7118,0.0000,2.0606,2.0606,0.6142
13.331,0.8634,0.8634,0.0047,-7.7548,-7.7548,0.0000,2.0606,2.0606,0.6146
13.335,0.8634,0.8634,0.0046,-7.7885,-7.7885,0.0000,2.0606,2.0606,0.6151
13.340,0.8574,0.8574,0.0045,-7.8661,-7.8661,0.0000,2.1682,2.1682,0.6155
13.352,0.8574,0.8574,0.0044,-7.9562,-7.9562,0.0000,2.1682,2.1682,0.6160
13.362,0.8521,0.8521,0.0040,-8.0631,-8.0631,0.0000,2.3010,2.3010,0.6172
13.367,0.8521,0.8521,0.0037,-8.0921,-8.0921,0.0000,2.3010,2.3010,0.6183
13.372,0.8521,0.8521,0.0036,-8.1173,-8.1173,0.0000,2.3010,2.3010,0.6188
13.377,0.8521,0.8521,0.0035,-8.1484,-8.1484,0.0000,2.3010,2.3010,0.6193
13.383,0.8427,0.8427,0.0033,-8.2831,-8.2831,0.0000,2.0717,2.0717,0.6199
13.388,0.8427,0.8427,0.0032,-8.3062,-8.3062,0.0000,2.0717,2.0717,0.6204
13.392,0.8427,0.8427,0.0031,-8.3239,-8.3239,0.0000,2.0717,2.0717,0.6209
13.397,0.8427,0.8427,0.0029,-8.3438,-8.3438,0.0000,2.0717,2.0717,0.6212
13.401,0.8362,0.8362,0.0028,-8.4301,-8.4301,0.0000,2.0145,2.0145,0.6217
13.407,0.8362,0.8362,0.0027,-8.4497,-8.4497,0.0000,2.0145,2.0145,0.6221
13.413,0.8362,0.8362,0.0025,-8.4671,-8.4671,0.0000,2.0145,2.0145,0.6226
13.417,0.8362,0.8362,0.0024,-8.4776,-8.4776,0.0000,2.0145,2.0145,0.6231
13.421,0.8279,0.8279,0.0023,-8.5903,-8.5903,0.0000,1.7835,1.7835,0.6235
13.426,0.8279,0.8279,0.0022,-8.5996,-8.5996,0.0000,1.7835,1.7835,0.6238
13.431,0.8279,0.8279,0.0020,-8.6071,-8.6071,0.0000,1.7835,1.7835,0.6241
13.435,0.8279,0.8279,0.0019,-8.6124,-8.6124,0.0000,1.7835,1.7835,0.6245
13.440,0.8244,0.8244,0.0018,-8.6324,-8.6324,0.0000,1.9667,1.9667,0.6248
13.446,0.8244,0.8244,0.0017,-8.6350,-8.6350,0.0000,1.9667,1.9667,0.6252
13.450,0.8244,0.8244,0.0015,-8.6355,-8.6355,0.0000,1.9667,1.9667,0.6257
13.454,0.8244,0.8244,0.0014,-8.6348,-8.6348,0.0000,1.9667,1.9667,0.6260
13.459,0.8174,0.8174,0.0013,-8.7201,-8.7201,0.0000,1.7886,1.7886,0.6264
13.466,0.8174,0.8174,0.0012,-8.7135,-8.7135,0.0000,1.7886,1.7886,0.6267
13.474,0.8174,0.8174,0.0010,-8.7010,-8.7010,0.0000,1.7886,1.7886,0.6272
13.479,0.8107,0.8107,0.0008,-8.7751,-8.7751,0.0000,1.6103,1.6103,0.6278
13.483,0.8107,0.8107,0.0007,-8.7654,-8.7654,0.0000,1.6103,1.6103,0.6280
13.487,0.8107,0.8107,0.0006,-8.7566,-8.7566,0.0000,1.6103,1.6103,0.6283
13.491,0.8107,0.8107,0.0005,-8.7453,-8.7453,0.0000,1.6103,1.6103,0.6286
13.499,0.8047,0.8047,0.0003,-8.7377,-8.7377,0.0000,1.7578,1.7578,0.6288
13.506,0.8047,0.8047,0.0001,-8.7155,-8.7155,0.0000,1.7578,1.7578,0.6294
13.510,0.8047,0.8047,0.0000,-8.6993,-8.6993,0.0000,1.7578,1.7578,0.6298
13.514,0.8047,0.8047,-0.0001,-8.6826,-8.6826,0.0000,1.7578,1.7578,0.6301
13.518,0.7988,0.7988,-0.0002,-8.7438,-8.7438,0.0000,1.5594,1.5594,0.6304
13.524,0.7988,0.7988,-0.0003,-8.7155,-8.7155,0.0000,1.5594,1.5594,0.6306
13.529,0.7988,0.7988,-0.0005,-8.6925,-8.6925,0.0000,1.5594,1.5594,0.6309
13.534,0.7988,0.7988,-0.0006,-8.6698,-8.6698,0.0000,1.5594,1.5594,0.6312
13.539,0.7933,0.7933,-0.0007,-8.7105,-8.7105,0.0000,1.3735,1.3735,0.6314
13.545,0.7933,0.7933,-0.0009,-8.6766,-8.6766,0.0000,1.3735,1.3735,0.6317
13.549,0.7933,0.7933,-0.0010,-8.6509,-8.6509,0.0000,1.3735,1.3735,0.6320
13.553,0.7933,0.7933,-0.0011,-8.6273,-8.6273,0.0000,1.3735,1.3735,0.6322
13.557,0.7933,0.7933,-0.0012,-8.6038,-8.6038,0.0000,1.3735,1.3735,0.6323
13.562,0.7857,0.7857,-0.0013,-8.6120,-8.6120,0.0000,1.3755,1.3755,0.6325
13.566,0.7857,0.7857,-0.0014,-8.5836,-8.5836,0.0000,1.3755,1.3755,0.6327
13.571,0.7857,0.7857,-0.0015,-8.5508,-8.5508,0.0000,1.3755,1.3755,0.6329
13.579,0.7777,0.7777,-0.0017,-8.5290,-8.5290,0.0000,1.3663,1.3663,0.6331
13.583,0.7777,0.7777,-0.0019,-8.4982,-8.4982,0.0000,1.3663,1.3663,0.6335
13.587,0.7777,0.7777,-0.0020,-8.4711,-8.4711,0.0000,1.3663,1.3663,0.6337
13.591,0.7777,0.7777,-0.0021,-8.4441,-8.4441,0.0000,1.3663,1.3663,0.6338
13.595,0.7777,0.7777,-0.0021,-8.4137,-8.4137,0.0000,1.3663,1.3663,0.6340
13.599,0.7701,0.7701,-0.0023,-8.4185,-8.4185,0.0000,1.3145,1.3145,0.6342
13.603,0.7701,0.7701,-0.0023,-8.3850,-8.3850,0.0000,1.3145,1.3145,0.6343
13.607,0.7701,0.7701,-0.0025,-8.3575,-8.3575,0.0000,1.3145,1.3145,0.6345
13.611,0.7701,0.7701,-0.0025,-8.3241,-8.3241,0.0000,1.3145,1.3145,0.6346
13.615,0.7701,0.7701,-0.0026,-8.2912,-8.2912,0.0000,1.3145,1.3145,0.6348
13.619,0.7699,0.7699,-0.0027,-8.3115,-8.3115,0.0000,0.9262,0.9262,0.6350
13.623,0.7699,0.7699,-0.0028,-8.2771,-8.2771,0.0000,0.9262,0.9262,0.6350
13.627,0.7699,0.7699,-0.0029,-8.2434,-8.2434,0.0000,0.9262,0.9262,0.6351
13.632,0.7699,0.7699,-0.0030,-8.2067,-8.2067,0.0000,0.9262,0.9262,0.6352
13.636,0.7699,0.7699,-0.0031,-8.1756,-8.1756,0.0000,0.9262,0.9262,0.6353
13.640,0.7540,0.7540,-0.0032,-8.1489,-8.1489,0.0000,1.1378,1.1378,0.6354
13.645,0.7540,0.7540,-0.0033,-8.1032,-8.1032,0.0000,1.1378,1.1378,0.6355
13.654,0.7540,0.7540,-0.0035,-8.0244,-8.0244,0.0000,1.1378,1.1378,0.6357
13.660,0.7507,0.7507,-0.0037,-7.9931,-7.9931,0.0000,0.8960,0.8960,0.6359
13.665,0.7507,0.7507,-0.0038,-7.9480,-7.9480,0.0000,0.8960,0.8960,0.6360
13.669,0.7507,0.7507,-0.0039,-7.9142,-7.9142,0.0000,0.8960,0.8960,0.6361
13.674,0.7507,0.7507,-0.0040,-7.8725,-7.8725,0.0000,0.8960,0.8960,0.6362
13.682,0.7470,0.7470,-0.0042,-7.8026,-7.8026,0.0000,0.6695,0.6695,0.6363
13.687,0.7470,0.7470,-0.0044,-7.7632,-7.7632,0.0000,0.6695,0.6695,0.6363
13.690,0.7470,0.7470,-0.0045,-7.7298,-7.7298,0.0000,0.6695,0.6695,0.6363
13.695,0.7470,0.7470,-0.0046,-7.6928,-7.6928,0.0000,0.6695,0.6695,0.6364
13.699,0.7330,0.7330,-0.0047,-7.6515,-7.6515,0.0000,0.7180,0.7180,0.6364
13.703,0.7330,0.7330,-0.0047,-7.6130,-7.6130,0.0000,0.7180,0.7180,0.6364
13.707,0.7330,0.7330,-0.0049,-7.5798,-7.5798,0.0000,0.7180,0.7180,0.6364
13.712,0.7330,0.7330,-0.0049,-7.5382,-7.5382,0.0000,0.7180,0.7180,0.6365
13.717,0.7330,0.7330,-0.0051,-7.5082,-7.5082,0.0000,0.7180,0.7180,0.6365
13.721,0.7276,0.7276,-0.0052,-7.4729,-7.4729,0.0000,0.5253,0.5253,0.6366
13.727,0.7276,0.7276,-0.0053,-7.4612,-7.4612,0.0000,0.5253,0.5253,0.6365
13.731,0.7276,0.7276,-0.0054,-7.4583,-7.4583,0.0000,0.5253,0.5253,0.6365
13.735,0.7276,0.7276,-0.0055,-7.4609,-7.4609,0.0000,0.5253,0.5253,0.6365
13.739,0.7109,0.7109,-0.0056,-7.4462,-7.4462,0.0000,0.5964,0.5964,0.6365
13.745,0.7109,0.7109,-0.0057,-7.4660,-7.4660,0.0000,0.5964,0.5964,0.6365
13.749,0.7109,0.7109,-0.0058,-7.4846,-7.4846,0.0000,0.5964,0.5964,0.6365
13.752,0.7109,0.7109,-0.0059,-7.5063,-7.5063,0.0000,0.5964,0.5964,0.6366
13.756,0.7109,0.7109,-0.0060,-7.5320,-7.5320,0.0000,0.5964,0.5964,0.6366
13.760,0.6984,0.6984,-0.0061,-7.5264,-7.5264,0.0000,0.5485,0.5485,0.6366
13.765,0.6984,0.6984,-0.0062,-7.5592,-7.5592,0.0000,0.5485,0.5485,0.6366
13.769,0.6984,0.6984,-0.0063,-7.5858,-7.5858,0.0000,0.5485,0.5485,0.6366
13.773,0.6984,0.6984,-0.0064,-7.6071,-7.6071,0.0000,0.5485,0.5485,0.6366
13.779,0.6798,0.6798,-0.0065,-7.5923,-7.5923,0.0000,0.6313,0.6313,0.6366
13.788,0.6798,0.6798,-0.0067,-7.6218,-7.6218,0.0000,0.6313,0.6313,0.6366
13.792,0.6798,0.6798,-0.0069,-7.6312,-7.6312,0.0000,0.6313,0.6313,0.6366
13.797,0.6798,0.6798,-0.0070,-7.6386,-7.6386,0.0000,0.6313,0.6313,0.6366
13.805,0.6717,0.6717,-0.0071,-7.5802,-7.5802,0.0000,0.4386,0.4386,0.6366
13.812,0.6717,0.6717,-0.0073,-7.5744,-7.5744,0.0000,0.4386,0.4386,0.6366
13.816,0.6717,0.6717,-0.0075,-7.5688,-7.5688,0.0000,0.4386,0.4386,0.6365
13.821,0.6572,0.6572,-0.0076,-7.4912,-7.4912,0.0000,0.3846,0.3846,0.6365
13.827,0.6572,0.6572,-0.0077,-7.4765,-7.4765,0.0000,0.3846,0.3846,0.6365
13.831,0.6572,0.6572,-0.0078,-7.4623,-7.4623,0.0000,0.3846,0.3846,0.6364
13.835,0.6572,0.6572,-0.0079,-7.4455,-7.4455,0.0000,0.3846,0.3846,0.6364
13.839,0.6421,0.6421,-0.0080,-7.3540,-7.3540,0.0000,0.3297,0.3297,0.6364
13.844,0.6421,0.6421,-0.0081,-7.3321,-7.3321,0.0000,0.3297,0.3297,0.6363
13.848,0.6421,0.6421,-0.0083,-7.3127,-7.3127,0.0000,0.3297,0.3297,0.6363
13.853,0.6421,0.6421,-0.0084,-7.2922,-7.2922,0.0000,0.3297,0.3297,0.6362
13.856,0.6421,0.6421,-0.0085,-7.2737,-7.2737,0.0000,0.3297,0.3297,0.6362
13.861,0.6268,0.6268,-0.0086,-7.1651,-7.1651,0.0000,0.2697,0.2697,0.6361
13.867,0.6268,0.6268,-0.0087,-7.1375,-7.1375,0.0000,0.2697,0.2697,0.6360
13.870,0.6268,0.6268,-0.0088,-7.1174,-7.1174,0.0000,0.2697,0.2697,0.6360
13.874,0.6268,0.6268,-0.0089,-7.0975,-7.0975,0.0000,0.2697,0.2697,0.6359
13.878,0.6119,0.6119,-0.0090,-6.9810,-6.9810,0.0000,0.1863,0.1863,0.6359
13.884,0.6119,0.6119,-0.0091,-6.9440,-6.9440,0.0000,0.1863,0.1863,0.6358
13.890,0.6119,0.6119,-0.0093,-6.9116,-6.9116,0.0000,0.1863,0.1863,0.6357
13.898,0.5992,0.5992,-0.0094,-6.7544,-6.7544,0.0000,0.0234,0.0234,0.6356
13.903,0.5992,0.5992,-0.0096,-6.7245,-6.7245,0.0000,0.0234,0.0234,0.6354
13.907,0.5992,0.5992,-0.0097,-6.6922,-6.6922,0.0000,0.0234,0.0234,0.6352
13.912,0.5992,0.5992,-0.0099,-6.6566,-6.6566,0.0000,0.0234,0.0234,0.6351
13.916,0.5992,0.5992,-0.0100,-6.6284,-6.6284,0.0000,0.0234,0.0234,0.6350
13.920,0.5787,0.5787,-0.0101,-6.4856,-6.4856,0.0000,0.0774,0.0774,0.6349
13.924,0.5787,0.5787,-0.0102,-6.4528,-6.4528,0.0000,0.0774,0.0774,0.6348
13.930,0.5787,0.5787,-0.0103,-6.4130,-6.4130,0.0000,0.0774,0.0774,0.6347
13.934,0.5787,0.5787,-0.0104,-6.3811,-6.3811,0.0000,0.0774,0.0774,0.6346
13.938,0.5589,0.5589,-0.0105,-6.2294,-6.2294,0.0000,0.1122,0.1122,0.6345
13.943,0.5589,0.5589,-0.0106,-6.1909,-6.1909,0.0000,0.1122,0.1122,0.6344
13.948,0.5589,0.5589,-0.0108,-6.1586,-6.1586,0.0000,0.1122,0.1122,0.6343
13.956,0.5589,0.5589,-0.0109,-6.0982,-6.0982,0.0000,0.1122,0.1122,0.6342
13.962,0.5423,0.5423,-0.0111,-5.9269,-5.9269,0.0000,0.0372,0.0372,0.6341
13.967,0.5423,0.5423,-0.0113,-5.8954,-5.8954,0.0000,0.0372,0.0372,0.6339
13.971,0.5423,0.5423,-0.0114,-5.8674,-5.8674,0.0000,0.0372,0.0372,0.6338
13.975,0.5423,0.5423,-0.0115,-5.8353,-5.8353,0.0000,0.0372,0.0372,0.6337
13.980,0.5223,0.5223,-0.0116,-5.6579,-5.6579,0.0000,0.0941,0.0941,0.6336
13.984,0.5223,0.5223,-0.0118,-5.6269,-5.6269,0.0000,0.0941,0.0941,0.6335
13.988,0.5223,0.5223,-0.0119,-5.5987,-5.5987,0.0000,0.0941,0.0941,0.6334
13.994,0.5223,0.5223,-0.0120,-5.5594,-5.5594,0.0000,0.0941,0.0941,0.6333
14.001,0.5048,0.5048,-0.0121,-5.3631,-5.3631,0.0000,0.0433,0.0433,0.6332
14.007,0.5048,0.5048,-0.0123,-5.3245,-5.3245,0.0000,0.0433,0.0433,0.6330
14.011,0.5048,0.5048,-0.0125,-5.2936,-5.2936,0.0000,0.0433,0.0433,0.6329
14.015,0.5048,0.5048,-0.0126,-5.2654,-5.2654,0.0000,0.0433,0.0433,0.6328
14.019,0.4876,0.4876,-0.0127,-5.0943,-5.0943,0.0000,-0.0276,-0.0276,0.6327
14.023,0.4876,0.4876,-0.0128,-5.0600,-5.0600,0.0000,-0.0276,-0.0276,0.6326
14.027,0.4876,0.4876,-0.0129,-5.0316,-5.0316,0.0000,-0.0276,-0.0276,0.6325
14.032,0.4876,0.4876,-0.0131,-5.0025,-5.0025,0.0000,-0.0276,-0.0276,0.6324
14.035,0.4876,0.4876,-0.0132,-4.9765,-4.9765,0.0000,-0.0276,-0.0276,0.6323
14.039,0.4695,0.4695,-0.0133,-4.7843,-4.7843,0.0000,0.0002,0.0002,0.6322
14.045,0.4695,0.4695,-0.0134,-4.7500,-4.7500,0.0000,0.0002,0.0002,0.6321
14.049,0.4695,0.4695,-0.0135,-4.7235,-4.7235,0.0000,0.0002,0.0002,0.6320
14.052,0.4695,0.4695,-0.0136,-4.6979,-4.6979,0.0000,0.0002,0.0002,0.6319
14.057,0.4695,0.4695,-0.0138,-4.6685,-4.6685,0.0000,0.0002,0.0002,0.6318
14.061,0.4521,0.4521,-0.0139,-4.4717,-4.4717,0.0000,0.0177,0.0177,0.6317
14.066,0.4521,0.4521,-0.0140,-4.4438,-4.4438,0.0000,0.0177,0.0177,0.6316
14.070,0.4521,0.4521,-0.0141,-4.4154,-4.4154,0.0000,0.0177,0.0177,0.6315
14.074,0.4521,0.4521,-0.0142,-4.3922,-4.3922,0.0000,0.0177,0.0177,0.6314
14.079,0.4356,0.4356,-0.0144,-4.1763,-4.1763,0.0000,0.1177,0.1177,0.6313
14.083,0.4356,0.4356,-0.0145,-4.1486,-4.1486,0.0000,0.1177,0.1177,0.6312
14.088,0.4356,0.4356,-0.0146,-4.1212,-4.1212,0.0000,0.1177,0.1177,0.6312
14.091,0.4356,0.4356,-0.0147,-4.0990,-4.0990,0.0000,0.1177,0.1177,0.6311
14.097,0.4356,0.4356,-0.0148,-4.0667,-4.0667,0.0000,0.1177,0.1177,0.6310
14.105,0.4189,0.4189,-0.0150,-3.8605,-3.8605,0.0000,0.0146,0.0146,0.6309
14.116,0.4189,0.4189,-0.0152,-3.7973,-3.7973,0.0000,0.0146,0.0146,0.6308
14.122,0.4059,0.4059,-0.0155,-3.5444,-3.5444,0.0000,0.2020,0.2020,0.6305
14.127,0.4059,0.4059,-0.0157,-3.5135,-3.5135,0.0000,0.2020,0.2020,0.6305
14.131,0.4059,0.4059,-0.0159,-3.4900,-3.4900,0.0000,0.2020,0.2020,0.6304
14.135,0.4060,0.4060,-0.0160,-3.4692,-3.4692,0.0000,0.2020,0.2020,0.6304
14.139,0.3931,0.3931,-0.0161,-3.2478,-3.2478,0.0000,0.2839,0.2839,0.6303
14.144,0.3938,0.3938,-0.0162,-3.2207,-3.2207,0.0000,0.2839,0.2839,0.6303
14.149,0.3950,0.3950,-0.0164,-3.1954,-3.1954,0.0000,0.2839,0.2839,0.6302
14.153,0.3966,0.3966,-0.0165,-3.1745,-3.1745,0.0000,0.2839,0.2839,0.6302
14.157,0.3986,0.3986,-0.0166,-3.1557,-3.1557,0.0000,0.2839,0.2839,0.6302
14.161,0.3872,0.3872,-0.0167,-2.9610,-2.9610,0.0000,0.2344,0.2344,0.6302
14.166,0.3918,0.3918,-0.0168,-2.9359,-2.9359,0.0000,0.2344,0.2344,0.6301
14.170,0.3963,0.3963,-0.0170,-2.9166,-2.9166,0.0000,0.2344,0.2344,0.6301
14.174,0.4016,0.4016,-0.0171,-2.8975,-2.8975,0.0000,0.2344,0.2344,0.6300
14.179,0.3986,0.3986,-0.0172,-2.6694,-2.6694,0.0000,0.3169,0.3169,0.6300
14.184,0.4079,0.4079,-0.0173,-2.6462,-2.6462,0.0000,0.3169,0.3169,0.6300
14.188,0.4162,0.4162,-0.0175,-2.6284,-2.6284,0.0000,0.3169,0.3169,0.6299
14.192,0.4252,0.4252,-0.0176,-2.6112,-2.6112,0.0000,0.3169,0.3169,0.6299
14.196,0.4374,0.4374,-0.0177,-2.5906,-2.5906,0.0000,0.3169,0.3169,0.6299
14.200,0.4357,0.4357,-0.0178,-2.3978,-2.3978,0.0000,0.2709,0.2709,0.6299
14.206,0.4535,0.4535,-0.0179,-2.3734,-2.3734,0.0000,0.2709,0.2709,0.6299
14.215,0.4867,0.4867,-0.0180,-2.3339,-2.3339,0.0000,0.2709,0.2709,0.6298
14.219,0.4904,0.4904,-0.0182,-2.1411,-2.1411,0.0000,0.2268,0.2268,0.6297
14.223,0.5090,0.5090,-0.0183,-2.1229,-2.1229,0.0000,0.2268,0.2268,0.6297
14.228,0.5306,0.5306,-0.0184,-2.1034,-2.1034,0.0000,0.2268,0.2268,0.6297
14.232,0.5486,0.5486,-0.0185,-2.0882,-2.0882,0.0000,0.2268,0.2268,0.6296
14.236,0.5684,0.5684,-0.0186,-2.0725,-2.0725,0.0000,0.2268,0.2268,0.6296
14.241,0.5829,0.5829,-0.0186,-1.8780,-1.8780,0.0000,0.1807,0.1807,0.6295
14.246,0.6118,0.6118,-0.0187,-1.8576,-1.8576,0.0000,0.1807,0.1807,0.6295
14.250,0.6341,0.6341,-0.0188,-1.8429,-1.8429,0.0000,0.1807,0.1807,0.6294
14.254,0.6573,0.6573,-0.0189,-1.8285,-1.8285,0.0000,0.1807,0.1807,0.6294
14.258,0.6679,0.6679,-0.0189,-1.6620,-1.6620,0.0000,0.0351,0.0351,0.6293
14.267,0.7278,0.7278,-0.0190,-1.6293,-1.6293,0.0000,0.0351,0.0351,0.6293
14.273,0.7675,0.7675,-0.0190,-1.6094,-1.6094,0.0000,0.0351,0.0351,0.6291
14.278,0.7949,0.7949,-0.0191,-1.3872,-1.3872,0.0000,0.1572,0.1572,0.6290
14.282,0.8271,0.8271,-0.0191,-1.3727,-1.3727,0.0000,0.1572,0.1572,0.6289
14.286,0.8547,0.8547,-0.0191,-1.3608,-1.3608,0.0000,0.1572,0.1572,0.6288
14.290,0.8844,0.8844,-0.0191,-1.3486,-1.3486,0.0000,0.1572,0.1572,0.6288
14.296,0.9214,0.9214,-0.0192,-1.3340,-1.3340,0.0000,0.1572,0.1572,0.6287
14.299,0.9426,0.9426,-0.0191,-1.1503,-1.1503,0.0000,0.1317,0.1317,0.6287
14.305,0.9839,0.9839,-0.0191,-1.1354,-1.1354,0.0000,0.1317,0.1317,0.6286
14.309,1.0153,1.0153,-0.0191,-1.1245,-1.1245,0.0000,0.1317,0.1317,0.6286
14.314,1.0516,1.0516,-0.0191,-1.1124,-1.1124,0.0000,0.1317,0.1317,0.6285
14.319,1.0845,1.0845,-0.0191,-0.9539,-0.9539,0.0000,-0.0305,-0.0305,0.6285
14.330,1.1690,1.1690,-0.0190,-0.9277,-0.9277,0.0000,-0.0305,-0.0305,0.6283
14.334,1.2024,1.2024,-0.0189,-0.9177,-0.9177,0.0000,-0.0305,-0.0305,0.6281
14.339,1.2408,1.2408,-0.0188,-0.7107,-0.7107,0.0000,0.1035,0.1035,0.6281
14.345,1.2879,1.2879,-0.0187,-0.6974,-0.6974,0.0000,0.1035,0.1035,0.6280
14.350,1.3281,1.3281,-0.0186,-0.6863,-0.6863,0.0000,0.1035,0.1035,0.6279
14.355,1.3736,1.3736,-0.0185,-0.6739,-0.6739,0.0000,0.1035,0.1035,0.6278
14.361,1.4237,1.4237,-0.0184,-0.4713,-0.4713,0.0000,0.2269,0.2269,0.6278
14.368,1.4754,1.4754,-0.0183,-0.4582,-0.4582,0.0000,0.2269,0.2269,0.6277
14.373,1.5144,1.5144,-0.0181,-0.4487,-0.4487,0.0000,0.2269,0.2269,0.6277
14.378,1.5544,1.5544,-0.0179,-0.4394,-0.4394,0.0000,0.2269,0.2269,0.6276
14.384,1.6025,1.6025,-0.0178,-0.2646,-0.2646,0.0000,0.2203,0.2203,0.6276
14.389,1.6443,1.6443,-0.0176,-0.2555,-0.2555,0.0000,0.2203,0.2203,0.6276
14.395,1.6871,1.6871,-0.0174,-0.2466,-0.2466,0.0000,0.2203,0.2203,0.6275
14.400,1.7186,1.7186,-0.0172,-0.1021,-0.1021,0.0000,0.0692,0.0692,0.6275
14.405,1.7630,1.7630,-0.0170,-0.0934,-0.0934,0.0000,0.0692,0.0692,0.6274
14.411,1.8060,1.8060,-0.0168,-0.0852,-0.0852,0.0000,0.0692,0.0692,0.6273
14.423,1.9058,1.9058,-0.0165,0.1383,0.1383,0.0000,0.3877,0.3877,0.6272
14.436,1.9960,1.9960,-0.0160,0.1537,0.1537,0.1383,0.3877,0.3877,0.6273
14.440,2.0212,2.0212,-0.0154,0.2650,0.2650,0.1537,0.0636,0.0636,0.6273
14.448,2.0702,2.0702,-0.0151,0.2736,0.2736,0.2650,0.0636,0.0636,0.6272
14.453,2.1039,2.1039,-0.0147,0.2795,0.2795,0.2736,0.0636,0.0636,0.6271
14.458,2.1322,2.1322,-0.0144,0.2845,0.2845,0.2795,0.0636,0.0636,0.6270
14.463,2.1659,2.1659,-0.0142,0.4418,0.4418,0.2845,0.0625,0.0625,0.6269
14.468,2.1974,2.1974,-0.0139,0.4476,0.4476,0.4418,0.0625,0.0625,0.6269
14.472,2.2202,2.2202,-0.0136,0.4517,0.4517,0.4476,0.0625,0.0625,0.6268
14.477,2.2456,2.2456,-0.0133,0.4562,0.4562,0.4517,0.0625,0.0625,0.6267
14.481,2.2576,2.2576,-0.0130,0.5666,0.5666,0.4562,-0.2405,-0.2405,0.6267
14.486,2.2808,2.2808,-0.0128,0.5706,0.5706,0.5666,-0.2405,-0.2405,0.6265
14.489,2.2997,2.2997,-0.0125,0.5739,0.5739,0.5706,-0.2405,-0.2405,0.6264
14.493,2.3192,2.3192,-0.0123,0.5772,0.5772,0.5739,-0.2405,-0.2405,0.6263
14.497,2.3397,2.3397,-0.0120,0.5807,0.5807,0.5772,-0.2405,-0.2405,0.6262
14.501,2.3357,2.3357,-0.0118,0.7299,0.7299,0.5807,-0.2452,-0.2452,0.6261
14.506,2.3556,2.3556,-0.0115,0.7332,0.7332,0.7299,-0.2452,-0.2452,0.6259
14.510,2.3770,2.3770,-0.0112,0.7367,0.7367,0.7332,-0.2452,-0.2452,0.6258
14.514,2.3951,2.3951,-0.0109,0.7395,0.7395,0.7367,-0.2452,-0.2452,0.6257
14.518,2.3766,2.3766,-0.0107,0.9301,0.9301,0.7395,0.0877,0.0877,0.6256
14.523,2.3964,2.3964,-0.0104,0.9331,0.9331,0.9301,0.0877,0.0877,0.6255
14.528,2.4196,2.4196,-0.0101,0.9366,0.9366,0.9331,0.0877,0.0877,0.6255
14.536,2.4503,2.4503,-0.0098,0.9413,0.9413,0.9366,0.0877,0.0877,0.6254
14.541,2.4167,2.4167,-0.0092,1.0894,1.0894,0.9413,0.1282,0.1282,0.6253
14.547,2.4366,2.4366,-0.0089,1.0925,1.0925,1.0894,0.1282,0.1282,0.6253
14.550,2.4502,2.4502,-0.0086,1.0949,1.0949,1.0925,0.1282,0.1282,0.6252
14.555,2.4657,2.4657,-0.0083,1.0976,1.0976,1.0949,0.1282,0.1282,0.6252
14.559,2.4084,2.4084,-0.0080,1.2413,1.2413,1.0976,0.1575,0.1575,0.6251
14.564,2.4252,2.4252,-0.0078,1.2445,1.2445,1.2413,0.1575,0.1575,0.6251
14.572,2.4518,2.4518,-0.0074,1.2495,1.2495,1.2445,0.1575,0.1575,0.6251
14.578,2.4679,2.4679,-0.0069,1.2525,1.2525,1.2495,0.1575,0.1575,0.6250
14.582,2.3935,2.3935,-0.0066,1.3499,1.3499,1.2525,-0.1621,-0.1621,0.6249
14.586,2.4067,2.4067,-0.0063,1.3523,1.3523,1.3499,-0.1621,-0.1621,0.6249
14.590,2.4174,2.4174,-0.0060,1.3540,1.3540,1.3523,-0.1621,-0.1621,0.6247
14.594,2.4291,2.4291,-0.0058,1.3561,1.3561,1.3540,-0.1621,-0.1621,0.6246
14.598,2.3507,2.3507,-0.0055,1.5366,1.5366,1.3561,0.2064,0.2064,0.6245
14.603,2.3622,2.3622,-0.0053,1.5386,1.5386,1.5366,0.2064,0.2064,0.6245
14.607,2.3715,2.3715,-0.0050,1.5401,1.5401,1.5386,0.2064,0.2064,0.6245
14.611,2.3820,2.3820,-0.0048,1.5419,1.5419,1.5401,0.2064,0.2064,0.6245
14.615,2.3915,2.3915,-0.0046,1.5435,1.5435,1.5419,0.2064,0.2064,0.6245
14.619,2.2936,2.2936,-0.0043,1.6348,1.6348,1.5435,-0.1167,-0.1167,0.6244
14.624,2.3036,2.3036,-0.0041,1.6364,1.6364,1.6348,-0.1167,-0.1167,0.6244
14.628,2.3133,2.3133,-0.0039,1.6380,1.6380,1.6364,-0.1167,-0.1167,0.6243
14.633,2.3232,2.3232,-0.0036,1.6397,1.6397,1.6380,-0.1167,-0.1167,0.6242
14.638,2.2262,2.2262,-0.0034,1.7915,1.7915,1.6397,0.0706,0.0706,0.6241
14.647,2.2439,2.2439,-0.0031,1.7950,1.7950,1.7915,0.0706,0.0706,0.6240
14.651,2.2514,2.2514,-0.0027,1.7965,1.7965,1.7950,0.0706,0.0706,0.6239
14.655,2.2586,2.2586,-0.0025,1.7981,1.7981,1.7965,0.0706,0.0706,0.6239
14.659,1.9733,1.9733,-0.0023,1.8917,1.8917,1.7981,-0.2443,-0.2443,0.6238
14.663,1.9821,1.9821,-0.0022,1.8939,1.8939,1.8917,-0.2443,-0.2443,0.6237
14.667,1.9886,1.9886,-0.0020,1.8953,1.8953,1.8939,-0.2443,-0.2443,0.6236
14.671,1.9948,1.9948,-0.0018,1.8969,1.8969,1.8953,-0.2443,-0.2443,0.6235
14.675,2.0012,2.0012,-0.0017,1.8984,1.8984,1.8969,-0.2443,-0.2443,0.6234
14.679,1.7326,1.7326,-0.0016,2.0291,2.0291,1.8984,-0.2269,-0.2269,0.6233
14.684,1.7394,1.7394,-0.0015,2.0306,2.0306,2.0291,-0.2269,-0.2269,0.6232
14.688,1.7452,1.7452,-0.0014,2.0319,2.0319,2.0306,-0.2269,-0.2269,0.6231
14.691,1.7508,1.7508,-0.0013,2.0331,2.0331,2.0319,-0.2269,-0.2269,0.6230
14.696,1.7577,1.7577,-0.0012,2.0346,2.0346,2.0331,-0.2269,-0.2269,0.6229
14.700,1.5015,1.5015,-0.0011,2.1952,2.1952,2.0346,0.0839,0.0839,0.6228
14.704,1.5075,1.5075,-0.0010,2.1964,2.1964,2.1952,0.0839,0.0839,0.6227
14.708,1.5127,1.5127,-0.0010,2.1976,2.1976,2.1964,0.0839,0.0839,0.6227
14.712,1.5184,1.5184,-0.0010,2.1989,2.1989,2.1976,0.0839,0.0839,0.6227
14.717,1.5237,1.5237,-0.0009,2.2001,2.2001,2.1989,0.0839,0.0839,0.6226
14.727,1.2701,1.2701,-0.0009,2.2792,2.2792,2.2001,-0.2320,-0.2320,0.6226
14.732,1.2769,1.2769,-0.0009,2.2811,2.2811,2.2792,-0.2320,-0.2320,0.6223
14.736,1.2811,1.2811,-0.0009,2.2823,2.2823,2.2811,-0.2320,-0.2320,0.6222
14.741,1.0329,1.0329,-0.0009,2.4131,2.4131,2.2823,-0.0702,-0.0702,0.6221
14.751,1.0436,1.0436,-0.0009,2.4168,2.4168,2.4131,-0.0702,-0.0702,0.6220
14.755,1.0477,1.0477,-0.0011,2.4180,2.4180,2.4168,-0.0702,-0.0702,0.6219
14.759,0.8062,0.8062,-0.0011,2.5033,2.5033,2.4180,-0.2258,-0.2258,0.6218
14.764,0.8106,0.8106,-0.0012,2.5046,2.5046,2.5033,-0.2258,-0.2258,0.6217
14.768,0.8143,0.8143,-0.0013,2.5060,2.5060,2.5046,-0.2258,-0.2258,0.6216
14.772,0.8178,0.8178,-0.0014,2.5073,2.5073,2.5060,-0.2258,-0.2258,0.6215
14.776,0.8217,0.8217,-0.0015,2.5086,2.5086,2.5073,-0.2258,-0.2258,0.6214
14.780,0.5964,0.5964,-0.0016,2.6197,2.6197,2.5086,-0.0908,-0.0908,0.6213
14.785,0.6003,0.6003,-0.0018,2.6208,2.6208,2.6197,-0.0908,-0.0908,0.6212
14.796,0.6097,0.6097,-0.0019,2.6246,2.6246,2.6208,-0.0908,-0.0908,0.6212
14.804,0.3856,0.3856,-0.0023,2.6806,2.6806,2.6246,-0.3986,-0.3986,0.6210
14.812,0.3829,0.3829,-0.0026,2.6831,2.6831,2.6806,-0.3986,-0.3986,0.6207
14.823,0.1470,0.1470,-0.0030,2.7930,2.7930,2.6831,-0.1406,-0.1406,0.6205
14.831,0.1334,0.1334,-0.0036,2.7956,2.7956,2.7930,-0.1406,-0.1406,0.6203
14.837,0.1216,0.1216,-0.0040,2.7977,2.7977,2.7956,-0.1406,-0.1406,0.6201
14.847,-0.1119,-0.1119,-0.0044,2.8589,2.8589,2.7977,-0.2906,-0.2906,0.6200
14.856,-0.1303,-0.1303,-0.0050,2.8626,2.8626,2.8589,-0.2906,-0.2906,0.6198
14.861,-0.3448,-0.3448,-0.0056,2.9390,2.9390,2.8626,-0.1554,-0.1554,0.6196
14.866,-0.3546,-0.3546,-0.0060,2.9408,2.9408,2.9390,-0.1554,-0.1554,0.6195
14.870,-0.3635,-0.3635,-0.0063,2.9425,2.9425,2.9408,-0.1554,-0.1554,0.6194
14.879,-0.5745,-0.5745,-0.0067,3.0114,3.0114,2.9425,-0.0130,-0.0130,0.6193
14.886,-0.5895,-0.5895,-0.0075,3.0141,3.0141,3.0114,-0.0130,-0.0130,0.6192
14.890,-0.5982,-0.5982,-0.0081,3.0157,3.0157,3.0141,-0.0130,-0.0130,0.6192
14.895,-0.6072,-0.6072,-0.0084,3.0173,3.0173,3.0157,-0.0130,-0.0130,0.6191
14.899,-0.8033,-0.8033,-0.0088,3.0521,3.0521,3.0173,-0.1774,-0.1774,0.6191
14.903,-0.8129,-0.8129,-0.0092,3.0540,3.0540,3.0521,-0.1774,-0.1774,0.6190
14.907,-0.8213,-0.8213,-0.0097,3.0555,3.0555,3.0540,-0.1774,-0.1774,0.6189
14.912,-0.8323,-0.8323,-0.0100,3.0577,3.0577,3.0555,-0.1774,-0.1774,0.6188
14.916,-0.8414,-0.8414,-0.0105,3.0596,3.0596,3.0577,-0.1774,-0.1774,0.6188
14.920,-1.0263,-1.0263,-0.0109,3.1148,3.1148,3.0596,0.0827,0.0827,0.6187
14.925,-1.0360,-1.0360,-0.0113,3.1169,3.1169,3.1148,0.0827,0.0827,0.6187
14.929,-1.0455,-1.0455,-0.0118,3.1184,3.1184,3.1169,0.0827,0.0827,0.6186
14.933,-1.0554,-1.0554,-0.0122,3.1205,3.1205,3.1184,0.0827,0.0827,0.6186
14.938,-1.2400,-1.2400,-0.0127,3.1297,3.1297,3.1205,-0.2413,-0.2413,0.6186
14.942,-1.2502,-1.2502,-0.0132,3.1322,3.1322,3.1297,-0.2413,-0.2413,0.6185
14.947,-1.2612,-1.2612,-0.0137,3.1346,3.1346,3.1322,-0.2413,-0.2413,0.6184
14.953,-1.2761,-1.2761,-0.0142,3.1381,3.1381,3.1346,-0.2413,-0.2413,0.6183
14.962,-1.4612,-1.4612,-0.0150,3.1696,3.1696,3.1381,-0.1230,-0.1230,0.6182
14.967,-1.4714,-1.4714,-0.0161,3.1718,3.1718,3.1696,-0.1230,-0.1230,0.6180
14.970,-1.4801,-1.4801,-0.0166,3.1739,3.1739,3.1718,-0.1230,-0.1230,0.6180
14.974,-1.4890,-1.4890,-0.0171,3.1759,3.1759,3.1739,-0.1230,-0.1230,0.6179
14.979,-1.6637,-1.6637,-0.0175,3.1878,3.1878,3.1759,-0.1503,-0.1503,0.6179
14.984,-1.6752,-1.6752,-0.0181,3.1909,3.1909,3.1878,-0.1503,-0.1503,0.6178
14.988,-1.6848,-1.6848,-0.0188,3.1933,3.1933,3.1909,-0.1503,-0.1503,0.6177
14.992,-1.6937,-1.6937,-0.0193,3.1954,3.1954,3.1933,-0.1503,-0.1503,0.6177
14.996,-1.7044,-1.7044,-0.0198,3.1978,3.1978,3.1954,-0.1503,-0.1503,0.6176
15.000,-1.8544,-1.8544,-0.0204,3.1922,3.1922,3.1978,-0.3130,-0.3130,0.6175
15.004,-1.8644,-1.8644,-0.0209,3.1945,3.1945,3.1922,-0.3130,-0.3130,0.6174
15.008,-1.8734,-1.8734,-0.0214,3.1969,3.1969,3.1945,-0.3130,-0.3130,0.6173
15.013,-1.8850,-1.8850,-0.0220,3.1993,3.1993,3.1969,-0.3130,-0.3130,0.6173
15.017,-1.8942,-1.8942,-0.0226,3.2014,3.2014,3.1993,-0.3130,-0.3130,0.6171
15.021,-2.0195,-2.0195,-0.0232,3.2056,3.2056,3.2014,-0.2061,-0.2061,0.6171
15.031,-2.0431,-2.0431,-0.0237,3.2121,3.2121,3.2056,-0.2061,-0.2061,0.6170
15.035,-2.0547,-2.0547,-0.0251,3.2150,3.2150,3.2121,-0.2061,-0.2061,0.6168
15.040,-2.1586,-2.1586,-0.0258,3.2010,3.2010,3.2150,-0.2371,-0.2371,0.6167
15.045,-2.1716,-2.1716,-0.0264,3.2040,3.2040,3.2010,-0.2371,-0.2371,0.6166
15.049,-2.1813,-2.1813,-0.0273,3.2060,3.2060,3.2040,-0.2371,-0.2371,0.6165
15.053,-2.1908,-2.1908,-0.0279,3.2083,3.2083,3.2060,-0.2371,-0.2371,0.6165
15.059,-2.2764,-2.2764,-0.0284,3.1881,3.1881,3.2083,-0.2526,-0.2526,0.6164
15.067,-2.2958,-2.2958,-0.0292,3.1929,3.1929,3.1881,-0.2526,-0.2526,0.6163
15.071,-2.3046,-2.3046,-0.0304,3.1950,3.1950,3.1929,-0.2526,-0.2526,0.6161
15.075,-2.3138,-2.3138,-0.0310,3.1975,3.1975,3.1950,-0.2526,-0.2526,0.6161
15.079,-2.3781,-2.3781,-0.0316,3.1676,3.1676,3.1975,-0.2701,-0.2701,0.6160
15.083,-2.3884,-2.3884,-0.0322,3.1707,3.1707,3.1676,-0.2701,-0.2701,0.6159
15.087,-2.3969,-2.3969,-0.0329,3.1727,3.1727,3.1707,-0.2701,-0.2701,0.6158
15.091,-2.4056,-2.4056,-0.0335,3.1751,3.1751,3.1727,-0.2701,-0.2701,0.6157
15.095,-2.4147,-2.4147,-0.0340,3.1775,3.1775,3.1751,-0.2701,-0.2701,0.6157
15.099,-2.4618,-2.4618,-0.0346,3.1392,3.1392,3.1775,-0.2996,-0.2996,0.6156
15.103,-2.4717,-2.4717,-0.0352,3.1421,3.1421,3.1392,-0.2996,-0.2996,0.6155
15.107,-2.4803,-2.4803,-0.0359,3.1445,3.1445,3.1421,-0.2996,-0.2996,0.6154
15.111,-2.4899,-2.4899,-0.0365,3.1476,3.1476,3.1445,-0.2996,-0.2996,0.6153
15.115,-2.4986,-2.4986,-0.0371,3.1503,3.1503,3.1476,-0.2996,-0.2996,0.6152
15.119,-2.5304,-2.5304,-0.0377,3.1040,3.1040,3.1503,-0.3324,-0.3324,0.6152
15.124,-2.5399,-2.5399,-0.0383,3.1073,3.1073,3.1040,-0.3324,-0.3324,0.6151
15.128,-2.5492,-2.5492,-0.0390,3.1104,3.1104,3.1073,-0.3324,-0.3324,0.6150
15.132,-2.5576,-2.5576,-0.0396,3.1131,3.1131,3.1104,-0.3324,-0.3324,0.6149
15.136,-2.5673,-2.5673,-0.0402,3.1161,3.1161,3.1131,-0.3324,-0.3324,0.6148
15.140,-2.5855,-2.5855,-0.0409,3.0617,3.0617,3.1161,-0.3730,-0.3730,0.6147
15.145,-2.5967,-2.5967,-0.0415,3.0649,3.0649,3.0617,-0.3730,-0.3730,0.6146
15.149,-2.6054,-2.6054,-0.0423,3.0672,3.0672,3.0649,-0.3730,-0.3730,0.6145
15.153,-2.6134,-2.6134,-0.0429,3.0699,3.0699,3.0672,-0.3730,-0.3730,0.6144
15.158,-2.6224,-2.6224,-0.0434,3.0727,3.0727,3.0699,-0.3730,-0.3730,0.6143
15.162,-2.6288,-2.6288,-0.0441,3.0112,3.0112,3.0727,-0.4215,-0.4215,0.6142
15.167,-2.6394,-2.6394,-0.0447,3.0151,3.0151,3.0112,-0.4215,-0.4215,0.6141
15.172,-2.6506,-2.6506,-0.0455,3.0189,3.0189,3.0151,-0.4215,-0.4215,0.6140
15.183,-2.6524,-2.6524,-0.0463,2.9845,2.9845,3.0189,-0.2450,-0.2450,0.6138
15.189,-2.6646,-2.6646,-0.0478,2.9890,2.9890,2.9845,-0.2450,-0.2450,0.6137
15.193,-2.6722,-2.6722,-0.0487,2.9917,2.9917,2.9890,-0.2450,-0.2450,0.6136
15.197,-2.6803,-2.6803,-0.0493,2.9945,2.9945,2.9917,-0.2450,-0.2450,0.6135
15.201,-2.6590,-2.6590,-0.0499,2.9471,2.9471,2.9945,-0.0856,-0.0856,0.6134
15.205,-2.6671,-2.6671,-0.0505,2.9504,2.9504,2.9471,-0.0856,-0.0856,0.6134
15.209,-2.6745,-2.6745,-0.0511,2.9534,2.9534,2.9504,-0.0856,-0.0856,0.6134
15.215,-2.6838,-2.6838,-0.0517,2.9570,2.9570,2.9534,-0.0856,-0.0856,0.6133
15.218,-2.6598,-2.6598,-0.0525,2.8739,2.8739,2.9570,-0.1417,-0.1417,0.6133
15.223,-2.6671,-2.6671,-0.0530,2.8773,2.8773,2.8739,-0.1417,-0.1417,0.6133
15.227,-2.6749,-2.6749,-0.0536,2.8808,2.8808,2.8773,-0.1417,-0.1417,0.6132
15.231,-2.6820,-2.6820,-0.0543,2.8839,2.8839,2.8808,-0.1417,-0.1417,0.6132
15.235,-2.6885,-2.6885,-0.0549,2.8867,2.8867,2.8839,-0.1417,-0.1417,0.6131
15.239,-2.6555,-2.6555,-0.0554,2.7983,2.7983,2.8867,-0.1943,-0.1943,0.6131
15.245,-2.6649,-2.6649,-0.0559,2.8031,2.8031,2.7983,-0.1943,-0.1943,0.6130
15.248,-2.6710,-2.6710,-0.0567,2.8062,2.8062,2.8031,-0.1943,-0.1943,0.6130
15.252,-2.6771,-2.6771,-0.0573,2.8093,2.8093,2.8062,-0.1943,-0.1943,0.6129
15.256,-2.6828,-2.6828,-0.0578,2.8128,2.8128,2.8093,-0.1943,-0.1943,0.6129
15.261,-2.6400,-2.6400,-0.0583,2.7342,2.7342,2.8128,-0.1425,-0.1425,0.6128
15.265,-2.6464,-2.6464,-0.0589,2.7372,2.7372,2.7342,-0.1425,-0.1425,0.6128
15.270,-2.6528,-2.6528,-0.0595,2.7410,2.7410,2.7372,-0.1425,-0.1425,0.6127
15.274,-2.6590,-2.6590,-0.0601,2.7438,2.7438,2.7410,-0.1425,-0.1425,0.6127
15.279,-2.6104,-2.6104,-0.0607,2.6557,2.6557,2.7438,-0.1193,-0.1193,0.6126
15.284,-2.6179,-2.6179,-0.0614,2.6600,2.6600,2.6557,-0.1193,-0.1193,0.6126
15.292,-2.6276,-2.6276,-0.0621,2.6670,2.6670,2.6600,-0.1193,-0.1193,0.6126
15.297,-2.6332,-2.6332,-0.0631,2.6701,2.6701,2.6670,-0.1193,-0.1193,0.6125
15.301,-2.5809,-2.5809,-0.0637,2.5632,2.5632,2.6701,-0.1901,-0.1901,0.6124
15.306,-2.5868,-2.5868,-0.0642,2.5686,2.5686,2.5632,-0.1901,-0.1901,0.6124
15.311,-2.5916,-2.5916,-0.0649,2.5721,2.5721,2.5686,-0.1901,-0.1901,0.6123
15.315,-2.5960,-2.5960,-0.0654,2.5763,2.5763,2.5721,-0.1901,-0.1901,0.6123
15.319,-2.5383,-2.5383,-0.0660,2.4651,2.4651,2.5763,-0.2628,-0.2628,0.6122
15.324,-2.5425,-2.5425,-0.0665,2.4717,2.4717,2.4651,-0.2628,-0.2628,0.6122
15.332,-2.5500,-2.5500,-0.0670,2.4812,2.4812,2.4717,-0.2628,-0.2628,0.6121
15.339,-2.4894,-2.4894,-0.0681,2.3670,2.3670,2.4812,-0.3375,-0.3375,0.6120
15.343,-2.4925,-2.4925,-0.0688,2.3703,2.3703,2.3670,-0.3375,-0.3375,0.6118
15.348,-2.4954,-2.4954,-0.0694,2.3746,2.3746,2.3703,-0.3375,-0.3375,0.6118
15.352,-2.4978,-2.4978,-0.0699,2.3783,2.3783,2.3746,-0.3375,-0.3375,0.6117
15.356,-2.4998,-2.4998,-0.0703,2.3842,2.3842,2.3783,-0.3375,-0.3375,0.6116
15.359,-2.4266,-2.4266,-0.0708,2.2811,2.2811,2.3842,-0.2597,-0.2597,0.6115
15.364,-2.4286,-2.4286,-0.0712,2.2852,2.2852,2.2811,-0.2597,-0.2597,0.6115
15.369,-2.4301,-2.4301,-0.0718,2.2915,2.2915,2.2852,-0.2597,-0.2597,0.6114
15.373,-2.4311,-2.4311,-0.0723,2.2972,2.2972,2.2915,-0.2597,-0.2597,0.6113
15.377,-2.4319,-2.4319,-0.0727,2.3002,2.3002,2.2972,-0.2597,-0.2597,0.6113
15.381,-2.3577,-2.3577,-0.0732,2.1825,2.1825,2.3002,-0.2672,-0.2672,0.6112
15.387,-2.3580,-2.3580,-0.0736,2.1875,2.1875,2.1825,-0.2672,-0.2672,0.6112
15.393,-2.3577,-2.3577,-0.0742,2.1938,2.1938,2.1875,-0.2672,-0.2672,0.6111
15.403,-2.2776,-2.2776,-0.0749,2.0835,2.0835,2.1938,-0.2083,-0.2083,0.6110
15.410,-2.2778,-2.2778,-0.0759,2.0935,2.0935,2.0835,-0.2083,-0.2083,0.6109
15.416,-2.2788,-2.2788,-0.0765,2.1020,2.1020,2.0935,-0.2083,-0.2083,0.6108
15.421,-2.1997,-2.1997,-0.0771,1.9849,1.9849,2.1020,-0.1597,-0.1597,0.6107
15.426,-2.2025,-2.2025,-0.0776,1.9879,1.9879,1.9849,-0.1597,-0.1597,0.6107
15.430,-2.2064,-2.2064,-0.0780,1.9943,1.9943,1.9879,-0.1597,-0.1597,0.6106
15.435,-2.2109,-2.2109,-0.0785,1.9998,1.9998,1.9943,-0.1597,-0.1597,0.6106
15.439,-2.1217,-2.1217,-0.0789,1.8769,1.8769,1.9998,-0.0991,-0.0991,0.6106
15.443,-2.1292,-2.1292,-0.0792,1.8808,1.8808,1.8769,-0.0991,-0.0991,0.6105
15.448,-2.1368,-2.1368,-0.0796,1.8884,1.8884,1.8808,-0.0991,-0.0991,0.6105
15.452,-2.1428,-2.1428,-0.0800,1.8946,1.8946,1.8884,-0.0991,-0.0991,0.6105
15.455,-2.1492,-2.1492,-0.0804,1.9007,1.9007,1.8946,-0.0991,-0.0991,0.6105
15.459,-2.0431,-2.0431,-0.0807,1.7742,1.7742,1.9007,-0.0440,-0.0440,0.6105
15.465,-2.0543,-2.0543,-0.0810,1.7828,1.7828,1.7742,-0.0440,-0.0440,0.6105
15.469,-2.0636,-2.0636,-0.0815,1.7889,1.7889,1.7828,-0.0440,-0.0440,0.6104
15.473,-2.0735,-2.0735,-0.0818,1.7944,1.7944,1.7889,-0.0440,-0.0440,0.6104
15.477,-2.0866,-2.0866,-0.0821,1.8007,1.8007,1.7944,-0.0440,-0.0440,0.6104
15.487,-1.9937,-1.9937,-0.0825,1.6729,1.6729,1.8007,-0.0729,-0.0729,0.6104
15.494,-2.0253,-2.0253,-0.0832,1.6906,1.6906,1.6729,-0.0729,-0.0729,0.6104
15.499,-1.8964,-1.8964,-0.0838,1.5645,1.5645,1.6906,-0.0119,-0.0119,0.6104
15.508,-1.9506,-1.9506,-0.0842,1.5738,1.5738,1.5645,-0.0119,-0.0119,0.6104
15.513,-1.9857,-1.9857,-0.0848,1.5851,1.5851,1.5738,-0.0119,-0.0119,0.6104
15.517,-2.0210,-2.0210,-0.0851,1.5952,1.5952,1.5851,-0.0119,-0.0119,0.6104
15.521,-1.8900,-1.8900,-0.0855,1.4613,1.4613,1.5952,0.0369,0.0369,0.6104
15.526,-1.9371,-1.9371,-0.0857,1.4723,1.4723,1.4613,0.0369,0.0369,0.6104
15.530,-1.9784,-1.9784,-0.0861,1.4809,1.4809,1.4723,0.0369,0.0369,0.6104
15.534,-2.0194,-2.0194,-0.0864,1.4888,1.4888,1.4809,0.0369,0.0369,0.6104
15.538,-2.0641,-2.0641,-0.0867,1.4968,1.4968,1.4888,0.0369,0.0369,0.6104
15.543,-1.9611,-1.9611,-0.0870,1.3602,1.3602,1.4968,0.0029,0.0029,0.6104
15.549,-2.0290,-2.0290,-0.0874,1.3701,1.3701,1.3602,0.0029,0.0029,0.6104
15.553,-2.0906,-2.0906,-0.0878,1.3783,1.3783,1.3701,0.0029,0.0029,0.6104
15.558,-1.9781,-1.9781,-0.0881,1.2382,1.2382,1.3783,-0.0335,-0.0335,0.6104
15.565,-2.0773,-2.0773,-0.0885,1.2494,1.2494,1.2382,-0.0335,-0.0335,0.6104
15.569,-2.1495,-2.1495,-0.0890,1.2650,1.2650,1.2494,-0.0335,-0.0335,0.6103
15.575,-2.2403,-2.2403,-0.0893,1.2735,1.2735,1.2650,-0.0335,-0.0335,0.6103
15.581,-2.1587,-2.1587,-0.0898,1.1327,1.1327,1.2735,-0.0794,-0.0794,0.6103
15.587,-2.2630,-2.2630,-0.0903,1.1512,1.1512,1.1327,-0.0794,-0.0794,0.6103
15.591,-2.3390,-2.3390,-0.0908,1.1566,1.1566,1.1512,-0.0794,-0.0794,0.6103
15.596,-2.4311,-2.4311,-0.0911,1.1712,1.1712,1.1566,-0.0794,-0.0794,0.6103
15.600,-2.3164,-2.3164,-0.0915,1.0261,1.0261,1.1712,-0.1289,-0.1289,0.6103
15.605,-2.4062,-2.4062,-0.0919,1.0316,1.0316,1.0261,-0.1289,-0.1289,0.6102
15.610,-2.5091,-2.5091,-0.0923,1.0380,1.0380,1.0316,-0.1289,-0.1289,0.6102
15.619,-2.4686,-2.4686,-0.0928,0.8983,0.8983,1.0380,-0.1734,-0.1734,0.6102
15.624,-2.5534,-2.5534,-0.0937,0.9120,0.9120,0.8983,-0.1734,-0.1734,0.6101
15.629,-2.6345,-2.6345,-0.0941,0.9269,0.9269,0.9120,-0.1734,-0.1734,0.6100
15.637,-2.7637,-2.7637,-0.0946,0.9531,0.9531,0.9269,-0.1734,-0.1734,0.6100
15.643,-2.5001,-2.5001,-0.0954,0.8138,0.8138,0.9531,-0.2206,-0.2206,0.6099
15.648,-2.5764,-2.5764,-0.0959,0.8291,0.8291,0.8138,-0.2206,-0.2206,0.6099
15.651,-2.6282,-2.6282,-0.0964,0.8394,0.8394,0.8291,-0.2206,-0.2206,0.6098
15.655,-2.6832,-2.6832,-0.0967,0.8523,0.8523,0.8394,-0.2206,-0.2206,0.6098
15.659,-2.3963,-2.3963,-0.0971,0.7089,0.7089,0.8523,-0.2705,-0.2705,0.6097
15.664,-2.4630,-2.4630,-0.0974,0.7245,0.7245,0.7089,-0.2705,-0.2705,0.6097
15.668,-2.5107,-2.5107,-0.0978,0.7337,0.7337,0.7245,-0.2705,-0.2705,0.6096
15.672,-2.5596,-2.5596,-0.0982,0.7451,0.7451,0.7337,-0.2705,-0.2705,0.6096
15.675,-2.6060,-2.6060,-0.0985,0.7558,0.7558,0.7451,-0.2705,-0.2705,0.6095
15.680,-2.3359,-2.3359,-0.0988,0.6197,0.6197,0.7558,-0.3237,-0.3237,0.6095
15.684,-2.3879,-2.3879,-0.0992,0.6343,0.6343,0.6197,-0.3237,-0.3237,0.6094
15.688,-2.4338,-2.4338,-0.0995,0.6477,0.6477,0.6343,-0.3237,-0.3237,0.6093
15.692,-2.4745,-2.4745,-0.0999,0.6608,0.6608,0.6477,-0.3237,-0.3237,0.6093
15.697,-2.5257,-2.5257,-0.1002,0.6778,0.6778,0.6608,-0.3237,-0.3237,0.6092
15.700,-2.2432,-2.2432,-0.1006,0.5451,0.5451,0.6778,-0.2765,-0.2765,0.6091
15.705,-2.2904,-2.2904,-0.1008,0.5619,0.5619,0.5451,-0.2765,-0.2765,0.6091
15.709,-2.3297,-2.3297,-0.1012,0.5773,0.5773,0.5619,-0.2765,-0.2765,0.6090
15.716,-2.4042,-2.4042,-0.1015,0.6088,0.6088,0.5773,-0.2765,-0.2765,0.6090
15.728,-2.2016,-2.2016,-0.1020,0.5168,0.5168,0.6088,-0.2358,-0.2358,0.6089
15.738,-1.9789,-1.9789,-0.1028,0.4248,0.4248,0.5168,-0.2646,-0.2646,0.6088
15.743,-2.0186,-2.0186,-0.1034,0.4481,0.4481,0.4248,-0.2646,-0.2646,0.6086
15.747,-2.0542,-2.0542,-0.1037,0.4705,0.4705,0.4481,-0.2646,-0.2646,0.6086
15.751,-2.0833,-2.0833,-0.1039,0.4896,0.4896,0.4705,-0.2646,-0.2646,0.6085
15.755,-2.1120,-2.1120,-0.1041,0.5097,0.5097,0.4896,-0.2646,-0.2646,0.6085
15.759,-1.8465,-1.8465,-0.1044,0.3964,0.3964,0.5097,-0.3675,-0.3675,0.6084
15.764,-1.8823,-1.8823,-0.1046,0.4232,0.4232,0.3964,-0.3675,-0.3675,0.6084
15.768,-1.9092,-1.9092,-0.1048,0.4446,0.4446,0.4232,-0.3675,-0.3675,0.6083
15.771,-1.9353,-1.9353,-0.1050,0.4662,0.4662,0.4446,-0.3675,-0.3675,0.6082
15.776,-1.9660,-1.9660,-0.1052,0.4939,0.4939,0.4662,-0.3675,-0.3675,0.6082
15.781,-1.7182,-1.7182,-0.1054,0.4014,0.4014,0.4939,-0.3904,-0.3904,0.6081
15.791,-1.7802,-1.7802,-0.1056,0.4762,0.4762,0.4014,-0.3904,-0.3904,0.6080
15.797,-1.8161,-1.8161,-0.1060,0.5240,0.5240,0.4762,-0.3904,-0.3904,0.6078
15.801,-1.5618,-1.5618,-0.1063,0.4354,0.4354,0.5240,-0.4155,-0.4155,0.6077
15.806,-1.5899,-1.5899,-0.1064,0.4777,0.4777,0.4354,-0.4155,-0.4155,0.6077
15.811,-1.6149,-1.6149,-0.1066,0.5172,0.5172,0.4777,-0.4155,-0.4155,0.6076
15.815,-1.6354,-1.6354,-0.1068,0.5521,0.5521,0.5172,-0.4155,-0.4155,0.6075
15.819,-1.3884,-1.3884,-0.1069,0.4802,0.4802,0.5521,-0.4437,-0.4437,0.6074
15.824,-1.4126,-1.4126,-0.1070,0.5312,0.5312,0.4802,-0.4437,-0.4437,0.6073
15.830,-1.4401,-1.4401,-0.1071,0.5971,0.5971,0.5312,-0.4437,-0.4437,0.6072
15.838,-1.2224,-1.2224,-0.1072,0.5993,0.5993,0.5971,-0.5447,-0.5447,0.6071
15.843,-1.2431,-1.2431,-0.1073,0.6635,0.6635,0.5993,-0.5447,-0.5447,0.6069
15.847,-1.2630,-1.2630,-0.1074,0.7298,0.7298,0.6635,-0.5447,-0.5447,0.6068
15.851,-1.2792,-1.2792,-0.1075,0.7878,0.7878,0.7298,-0.5447,-0.5447,0.6067
15.855,-1.2950,-1.2950,-0.1075,0.8505,0.8505,0.7878,-0.5447,-0.5447,0.6066
15.859,-1.0628,-1.0628,-0.1076,0.8185,0.8185,0.8505,-0.6426,-0.6426,0.6065
15.864,-1.0835,-1.0835,-0.1076,0.9260,0.9260,0.8185,-0.6426,-0.6426,0.6064
15.868,-1.0983,-1.0983,-0.1077,1.0116,1.0116,0.9260,-0.6426,-0.6426,0.6063
15.872,-1.1123,-1.1123,-0.1077,1.1013,1.1013,1.0116,-0.6426,-0.6426,0.6062
15.876,-1.1268,-1.1268,-0.1077,1.2061,1.2061,1.1013,-0.6426,-0.6426,0.6061
15.880,-0.9007,-0.9007,-0.1077,1.2352,1.2352,1.2061,-0.7375,-0.7375,0.6059
15.885,-0.9163,-0.9163,-0.1077,1.3555,1.3555,1.2352,-0.7375,-0.7375,0.6058
15.888,-0.9289,-0.9289,-0.1077,1.4348,1.4348,1.3555,-0.7375,-0.7375,0.6057
15.892,-0.9420,-0.9420,-0.1077,1.4957,1.4957,1.4348,-0.7375,-0.7375,0.6055
15.897,-0.9582,-0.9582,-0.1077,1.5341,1.5341,1.4957,-0.7375,-0.7375,0.6054
15.902,-0.7287,-0.7287,-0.1077,1.4545,1.4545,1.5341,-0.6838,-0.6838,0.6052
15.906,-0.7415,-0.7415,-0.1077,1.4291,1.4291,1.4545,-0.6838,-0.6838,0.6051
15.910,-0.7542,-0.7542,-0.1076,1.3742,1.3742,1.4291,-0.6838,-0.6838,0.6050
15.915,-0.7670,-0.7670,-0.1076,1.3187,1.3187,1.3742,-0.6838,-0.6838,0.6049
15.919,-0.5473,-0.5473,-0.1075,1.1867,1.1867,1.3187,-0.7598,-0.7598,0.6047
15.923,-0.5595,-0.5595,-0.1074,1.1341,1.1341,1.1867,-0.7598,-0.7598,0.6046
15.928,-0.5713,-0.5713,-0.1074,1.0833,1.0833,1.1341,-0.7598,-0.7598,0.6045
15.933,-0.5855,-0.5855,-0.1073,1.0217,1.0217,1.0833,-0.7598,-0.7598,0.6043
15.943,-0.3886,-0.3886,-0.1072,0.8428,0.8428,1.0217,-0.8332,-0.8332,0.6042
15.949,-0.4036,-0.4036,-0.1069,0.7783,0.7783,0.8428,-0.8332,-0.8332,0.6038
15.953,-0.4121,-0.4121,-0.1067,0.7414,0.7414,0.7783,-0.8332,-0.8332,0.6036
15.957,-0.4208,-0.4208,-0.1066,0.7039,0.7039,0.7414,-0.8332,-0.8332,0.6035
15.961,-0.2068,-0.2068,-0.1065,0.6014,0.6014,0.7039,-0.8073,-0.8073,0.6033
15.965,-0.2162,-0.2162,-0.1064,0.5607,0.5607,0.6014,-0.8073,-0.8073,0.6032
15.969,-0.2240,-0.2240,-0.1062,0.5269,0.5269,0.5607,-0.8073,-0.8073,0.6030
15.973,-0.2320,-0.2320,-0.1061,0.4923,0.4923,0.5269,-0.8073,-0.8073,0.6029
15.978,-0.0347,-0.0347,-0.1060,0.3982,0.3982,0.4923,-0.7640,-0.7640,0.6028
15.983,-0.0430,-0.0430,-0.1057,0.3621,0.3621,0.3982,-0.7640,-0.7640,0.6026
15.987,-0.0504,-0.0504,-0.1055,0.3302,0.3302,0.3621,-0.7640,-0.7640,0.6025
15.991,-0.0579,-0.0579,-0.1054,0.2979,0.2979,0.3302,-0.7640,-0.7640,0.6024
15.996,-0.0668,-0.0668,-0.1052,0.2593,0.2593,0.2979,-0.7640,-0.7640,0.6023
15.999,0.1067,0.1067,-0.1050,0.1875,0.1875,0.2593,-0.7244,-0.7244,0.6021
16.004,0.0993,0.0993,-0.1048,0.1557,0.1557,0.1875,-0.7244,-0.7244,0.6020
16.009,0.0917,0.0917,-0.1046,0.1226,0.1226,0.1557,-0.7244,-0.7244,0.6019
16.014,0.0837,0.0837,-0.1043,0.0881,0.0881,0.1226,-0.7244,-0.7244,0.6018
16.018,0.0775,0.0775,-0.1041,0.0614,0.0614,0.0881,-0.7244,-0.7244,0.6016
16.022,0.2254,0.2254,-0.1039,-0.0039,-0.0039,0.0614,-0.6952,-0.6952,0.6015
16.028,0.2174,0.2174,-0.1036,-0.0385,-0.0385,0.0000,-0.6952,-0.6952,0.6014
16.032,0.2111,0.2111,-0.1034,-0.0659,-0.0659,0.0000,-0.6952,-0.6952,0.6012
16.036,0.2053,0.2053,-0.1031,-0.0907,-0.0907,0.0000,-0.6952,-0.6952,0.6011
16.041,0.3254,0.3254,-0.1029,-0.1526,-0.1526,0.0000,-0.7623,-0.7623,0.6010
16.048,0.3167,0.3167,-0.1026,-0.1905,-0.1905,0.0000,-0.7623,-0.7623,0.6009
16.057,0.3053,0.3053,-0.1022,-0.2396,-0.2396,0.0000,-0.7623,-0.7623,0.6007
16.063,0.3940,0.3940,-0.1017,-0.3035,-0.3035,0.0000,-1.0196,-1.0196,0.6004
16.068,0.3877,0.3877,-0.1014,-0.3307,-0.3307,0.0000,-1.0196,-1.0196,0.6002
16.074,0.3814,0.3814,-0.1010,-0.3583,-0.3583,0.0000,-1.0196,-1.0196,0.6000
16.079,0.4763,0.4763,-0.1007,-0.3855,-0.3855,0.0000,-0.8644,-0.8644,0.5998
16.085,0.4703,0.4703,-0.1003,-0.4114,-0.4114,0.0000,-0.8644,-0.8644,0.5996
16.095,0.4603,0.4603,-0.1000,-0.4547,-0.4547,0.0000,-0.8644,-0.8644,0.5994
16.102,0.5203,0.5203,-0.0993,-0.4933,-0.4933,0.0000,-0.9950,-0.9950,0.5991
16.107,0.5154,0.5154,-0.0989,-0.5144,-0.5144,0.0000,-0.9950,-0.9950,0.5988
16.112,0.5113,0.5113,-0.0986,-0.5323,-0.5323,0.0000,-0.9950,-0.9950,0.5986
16.117,0.5068,0.5068,-0.0983,-0.5516,-0.5516,0.0000,-0.9950,-0.9950,0.5985
16.122,0.5589,0.5589,-0.0979,-0.5674,-0.5674,0.0000,-1.0400,-1.0400,0.5983
16.128,0.5540,0.5540,-0.0976,-0.5888,-0.5888,0.0000,-1.0400,-1.0400,0.5981
16.132,0.5504,0.5504,-0.0972,-0.6042,-0.6042,0.0000,-1.0400,-1.0400,0.5978
16.137,0.5468,0.5468,-0.0969,-0.6197,-0.6197,0.0000,-1.0400,-1.0400,0.5977
16.142,0.5803,0.5803,-0.0966,-0.6318,-0.6318,0.0000,-1.1613,-1.1613,0.5975
16.149,0.5755,0.5755,-0.0963,-0.6522,-0.6522,0.0000,-1.1613,-1.1613,0.5972
16.156,0.5706,0.5706,-0.0959,-0.6734,-0.6734,0.0000,-1.1613,-1.1613,0.5969
16.167,0.5952,0.5952,-0.0954,-0.6859,-0.6859,0.0000,-1.1693,-1.1693,0.5966
16.173,0.5915,0.5915,-0.0948,-0.7018,-0.7018,0.0000,-1.1693,-1.1693,0.5962
16.179,0.6078,0.6078,-0.0944,-0.6938,-0.6938,0.0000,-1.1744,-1.1744,0.5959
16.185,0.6044,0.6044,-0.0940,-0.7085,-0.7085,0.0000,-1.1744,-1.1744,0.5956
16.190,0.6017,0.6017,-0.0936,-0.7200,-0.7200,0.0000,-1.1744,-1.1744,0.5954
16.197,0.5981,0.5981,-0.0933,-0.7357,-0.7357,0.0000,-1.1744,-1.1744,0.5952
16.202,0.6113,0.6113,-0.0929,-0.7125,-0.7125,0.0000,-1.0613,-1.0613,0.5949
16.207,0.6090,0.6090,-0.0925,-0.7227,-0.7227,0.0000,-1.0613,-1.0613,0.5947
16.212,0.6065,0.6065,-0.0922,-0.7334,-0.7334,0.0000,-1.0613,-1.0613,0.5945
16.217,0.6043,0.6043,-0.0919,-0.7429,-0.7429,0.0000,-1.0613,-1.0613,0.5943
16.221,0.6080,0.6080,-0.0916,-0.7108,-0.7108,0.0000,-0.9586,-0.9586,0.5941
16.227,0.6054,0.6054,-0.0913,-0.7219,-0.7219,0.0000,-0.9586,-0.9586,0.5940
16.232,0.6037,0.6037,-0.0910,-0.7295,-0.7295,0.0000,-0.9586,-0.9586,0.5938
16.236,0.6018,0.6018,-0.0907,-0.7377,-0.7377,0.0000,-0.9586,-0.9586,0.5937
16.245,0.5846,0.5846,-0.0905,-0.7153,-0.7153,0.0000,-1.0736,-1.0736,0.5935
16.251,0.5822,0.5822,-0.0900,-0.7256,-0.7256,0.0000,-1.0736,-1.0736,0.5932
16.258,0.5679,0.5679,-0.0896,-0.6859,-0.6859,0.0000,-0.9912,-0.9912,0.5930
16.270,0.5641,0.5641,-0.0892,-0.7027,-0.7027,0.0000,-0.9912,-0.9912,0.5928
16.274,0.5626,0.5626,-0.0885,-0.7091,-0.7091,0.0000,-0.9912,-0.9912,0.5924
16.279,0.5380,0.5380,-0.0883,-0.6639,-0.6639,0.0000,-1.0130,-1.0130,0.5923
16.285,0.5364,0.5364,-0.0880,-0.6707,-0.6707,0.0000,-1.0130,-1.0130,0.5921
16.291,0.5347,0.5347,-0.0877,-0.6782,-0.6782,0.0000,-1.0130,-1.0130,0.5920
16.297,0.5329,0.5329,-0.0874,-0.6859,-0.6859,0.0000,-1.0130,-1.0130,0.5918
16.302,0.5073,0.5073,-0.0871,-0.6292,-0.6292,0.0000,-0.9213,-0.9213,0.5916
16.308,0.5057,0.5057,-0.0868,-0.6362,-0.6362,0.0000,-0.9213,-0.9213,0.5914
16.313,0.5043,0.5043,-0.0865,-0.6421,-0.6421,0.0000,-0.9213,-0.9213,0.5913
16.320,0.4654,0.4654,-0.0862,-0.5913,-0.5913,0.0000,-1.0393,-1.0393,0.5911
16.326,0.4640,0.4640,-0.0859,-0.5973,-0.5973,0.0000,-1.0393,-1.0393,0.5909
16.331,0.4627,0.4627,-0.0857,-0.6030,-0.6030,0.0000,-1.0393,-1.0393,0.5908
16.336,0.4616,0.4616,-0.0854,-0.6077,-0.6077,0.0000,-1.0393,-1.0393,0.5906
16.341,0.4261,0.4261,-0.0852,-0.5388,-0.5388,0.0000,-0.9513,-0.9513,0.5904
16.348,0.4246,0.4246,-0.0849,-0.5452,-0.5452,0.0000,-0.9513,-0.9513,0.5903
16.354,0.4234,0.4234,-0.0846,-0.5502,-0.5502,0.0000,-0.9513,-0.9513,0.5901
16.363,0.3794,0.3794,-0.0844,-0.4870,-0.4870,0.0000,-0.9802,-0.9802,0.5899
16.374,0.3774,0.3774,-0.0840,-0.4958,-0.4958,0.0000,-0.9802,-0.9802,0.5897
16.380,0.3269,0.3269,-0.0835,-0.4085,-0.4085,0.0000,-0.7780,-0.7780,0.5894
16.386,0.3259,0.3259,-0.0833,-0.4129,-0.4129,0.0000,-0.7780,-0.7780,0.5893
16.392,0.3250,0.3250,-0.0831,-0.4169,-0.4169,0.0000,-0.7780,-0.7780,0.5892
16.403,0.2468,0.2468,-0.0828,-0.3503,-0.3503,0.0000,-0.8851,-0.8851,0.5891
16.412,0.2455,0.2455,-0.0825,-0.3558,-0.3558,0.0000,-0.8851,-0.8851,0.5888
16.418,0.1462,0.1462,-0.0822,-0.2720,-0.2720,0.0000,-0.8857,-0.8857,0.5887
16.424,0.1454,0.1454,-0.0820,-0.2753,-0.2753,0.0000,-0.8857,-0.8857,0.5885
16.429,0.1447,0.1447,-0.0818,-0.2784,-0.2784,0.0000,-0.8857,-0.8857,0.5884
16.434,0.1442,0.1442,-0.0817,-0.2807,-0.2807,0.0000,-0.8857,-0.8857,0.5883
16.438,0.0339,0.0339,-0.0816,-0.1831,-0.1831,0.0000,-0.7965,-0.7965,0.5882
16.444,0.0332,0.0332,-0.0815,-0.1862,-0.1862,0.0000,-0.7965,-0.7965,0.5881
16.449,0.0327,0.0327,-0.0813,-0.1883,-0.1883,0.0000,-0.7965,-0.7965,0.5880
16.453,0.0323,0.0323,-0.0813,-0.1903,-0.1903,0.0000,-0.7965,-0.7965,0.5879
16.458,0.0318,0.0318,-0.0812,-0.1924,-0.1924,0.0000,-0.7965,-0.7965,0.5879
16.463,-0.0980,-0.0980,-0.0811,-0.1013,-0.1013,0.0000,-0.8130,-0.8130,0.5878
16.469,-0.0986,-0.0986,-0.0810,-0.1038,-0.1038,0.0000,-0.8130,-0.8130,0.5877
16.479,-0.2498,-0.2498,-0.0809,-0.0117,-0.0117,0.0000,-0.8429,-0.8429,0.5876
16.484,-0.2503,-0.2503,-0.0808,-0.0137,-0.0137,0.0000,-0.8429,-0.8429,0.5874
16.488,-0.2506,-0.2506,-0.0808,-0.0153,-0.0153,0.0000,-0.8429,-0.8429,0.5873
16.493,-0.2511,-0.2511,-0.0808,-0.0172,-0.0172,0.0000,-0.8429,-0.8429,0.5872
16.499,-0.4121,-0.4121,-0.0807,0.0687,0.0687,0.0000,-0.9661,-0.9661,0.5872
16.504,-0.4125,-0.4125,-0.0807,0.0668,0.0668,0.0687,-0.9661,-0.9661,0.5870
16.509,-0.4129,-0.4129,-0.0807,0.0651,0.0651,0.0668,-0.9661,-0.9661,0.5869
16.514,-0.4133,-0.4133,-0.0808,0.0635,0.0635,0.0651,-0.9661,-0.9661,0.5868
16.518,-0.5814,-0.5814,-0.0808,0.1736,0.1736,0.0635,-0.9249,-0.9249,0.5867
16.523,-0.5818,-0.5818,-0.0808,0.1721,0.1721,0.1736,-0.9249,-0.9249,0.5866
16.528,-0.5821,-0.5821,-0.0808,0.1708,0.1708,0.1721,-0.9249,-0.9249,0.5865
16.532,-0.5824,-0.5824,-0.0809,0.1695,0.1695,0.1708,-0.9249,-0.9249,0.5864
16.536,-0.5826,-0.5826,-0.0809,0.1684,0.1684,0.1695,-0.9249,-0.9249,0.5863
16.541,-0.7615,-0.7615,-0.0810,0.2758,0.2758,0.1684,-0.9221,-0.9221,0.5862
16.547,-0.7619,-0.7619,-0.0810,0.2742,0.2742,0.2758,-0.9221,-0.9221,0.5861
16.557,-0.7624,-0.7624,-0.0812,0.2717,0.2717,0.2742,-0.9221,-0.9221,0.5860
16.563,-0.9545,-0.9545,-0.0813,0.3724,0.3724,0.2717,-0.9751,-0.9751,0.5858
16.568,-0.9547,-0.9547,-0.0815,0.3713,0.3713,0.3724,-0.9751,-0.9751,0.5856
16.573,-0.9550,-0.9550,-0.0816,0.3702,0.3702,0.3713,-0.9751,-0.9751,0.5855
16.577,-0.9552,-0.9552,-0.0818,0.3692,0.3692,0.3702,-0.9751,-0.9751,0.5854
16.584,-1.3039,-1.3039,-0.0819,0.4851,0.4851,0.3692,-0.9854,-0.9854,0.5853
16.593,-1.3043,-1.3043,-0.0822,0.4833,0.4833,0.4851,-0.9854,-0.9854,0.5851
16.597,-1.3045,-1.3045,-0.0826,0.4824,0.4824,0.4833,-0.9854,-0.9854,0.5849
16.602,-1.6457,-1.6457,-0.0828,0.5932,0.5932,0.4824,-1.0261,-1.0261,0.5848
16.607,-1.6459,-1.6459,-0.0831,0.5923,0.5923,0.5932,-1.0261,-1.0261,0.5847
16.612,-1.6461,-1.6461,-0.0833,0.5914,0.5914,0.5923,-1.0261,-1.0261,0.5846
16.618,-1.6464,-1.6464,-0.0836,0.5904,0.5904,0.5914,-1.0261,-1.0261,0.5845
16.622,-1.9793,-1.9793,-0.0840,0.6870,0.6870,0.5904,-1.1333,-1.1333,0.5843
16.628,-1.9795,-1.9795,-0.0843,0.6861,0.6861,0.6870,-1.1333,-1.1333,0.5842
16.632,-1.9797,-1.9797,-0.0847,0.6854,0.6854,0.6861,-1.1333,-1.1333,0.5840
16.637,-1.9799,-1.9799,-0.0851,0.6848,0.6848,0.6854,-1.1333,-1.1333,0.5839
16.641,-2.3008,-2.3008,-0.0854,0.7965,0.7965,0.6848,-1.1595,-1.1595,0.5838
16.647,-2.3010,-2.3010,-0.0858,0.7956,0.7956,0.7965,-1.1595,-1.1595,0.5837
16.652,-2.3011,-2.3011,-0.0863,0.7950,0.7950,0.7956,-1.1595,-1.1595,0.5835
16.656,-2.3013,-2.3013,-0.0867,0.7943,0.7943,0.7950,-1.1595,-1.1595,0.5833
16.661,-2.6098,-2.6098,-0.0871,0.9160,0.9160,0.7943,-1.1311,-1.1311,0.5832
16.666,-2.6099,-2.6099,-0.0876,0.9154,0.9154,0.9160,-1.1311,-1.1311,0.5831
16.670,-2.6100,-2.6100,-0.0881,0.9149,0.9149,0.9154,-1.1311,-1.1311,0.5829
16.675,-2.6102,-2.6102,-0.0885,0.9143,0.9143,0.9149,-1.1311,-1.1311,0.5828
16.680,-2.9103,-2.9103,-0.0890,1.0323,1.0323,0.9143,-1.1063,-1.1063,0.5827
16.685,-2.9104,-2.9104,-0.0896,1.0317,1.0317,1.0323,-1.1063,-1.1063,0.5825
16.689,-2.9105,-2.9105,-0.0902,1.0312,1.0312,1.0317,-1.1063,-1.1063,0.5824
16.695,-2.9106,-2.9106,-0.0907,1.0306,1.0306,1.0312,-1.1063,-1.1063,0.5823
16.704,-3.2016,-3.2016,-0.0914,1.1440,1.1440,1.0306,-1.0845,-1.0845,0.5822
16.716,-3.2018,-3.2018,-0.0925,1.1428,1.1428,1.1440,-1.0845,-1.0845,0.5819
16.722,-3.4885,-3.4885,-0.0940,1.2518,1.2518,1.1428,-1.0659,-1.0659,0.5817
16.728,-3.4886,-3.4886,-0.0948,1.2513,1.2513,1.2518,-1.0659,-1.0659,0.5815
16.732,-3.4887,-3.4887,-0.0957,1.2509,1.2509,1.2513,-1.0659,-1.0659,0.5814
16.737,-3.4888,-3.4888,-0.0963,1.2506,1.2506,1.2509,-1.0659,-1.0659,0.5813
16.741,-3.7647,-3.7647,-0.0969,1.3544,1.3544,1.2506,-1.0499,-1.0499,0.5812
16.746,-3.7648,-3.7648,-0.0975,1.3539,1.3539,1.3544,-1.0499,-1.0499,0.5811
16.751,-3.7649,-3.7649,-0.0983,1.3535,1.3535,1.3539,-1.0499,-1.0499,0.5810
16.756,-3.7650,-3.7650,-0.0991,1.3532,1.3532,1.3535,-1.0499,-1.0499,0.5808
16.760,-4.0343,-4.0343,-0.0997,1.4372,1.4372,1.3532,-1.0896,-1.0896,0.5808
16.766,-4.0344,-4.0344,-0.1004,1.4368,1.4368,1.4372,-1.0896,-1.0896,0.5806
16.770,-4.0344,-4.0344,-0.1013,1.4365,1.4365,1.4368,-1.0896,-1.0896,0.5805
16.775,-4.0345,-4.0345,-0.1021,1.4362,1.4362,1.4365,-1.0896,-1.0896,0.5804
16.779,-4.2985,-4.2985,-0.1027,1.4929,1.4929,1.4362,-1.2112,-1.2112,0.5803
16.784,-4.2986,-4.2986,-0.1036,1.4926,1.4926,1.4929,-1.2112,-1.2112,0.5802
16.788,-4.2986,-4.2986,-0.1044,1.4923,1.4923,1.4926,-1.2112,-1.2112,0.5800
16.793,-4.2987,-4.2987,-0.1051,1.4921,1.4921,1.4923,-1.2112,-1.2112,0.5799
16.797,-4.2987,-4.2987,-0.1058,1.4918,1.4918,1.4921,-1.2112,-1.2112,0.5798
16.802,-4.5554,-4.5554,-0.1065,1.5354,1.5354,1.4918,-1.3616,-1.3616,0.5797
16.809,-4.5555,-4.5555,-0.1074,1.5350,1.5350,1.5354,-1.3616,-1.3616,0.5795
16.820,-4.8079,-4.8079,-0.1087,1.5674,1.5674,1.5350,-1.5329,-1.5329,0.5792
16.825,-4.8080,-4.8080,-0.1108,1.5672,1.5672,1.5674,-1.5329,-1.5329,0.5787
16.831,-4.8080,-4.8080,-0.1117,1.5669,1.5669,1.5672,-1.5329,-1.5329,0.5785
16.835,-4.8081,-4.8081,-0.1127,1.5667,1.5667,1.5669,-1.5329,-1.5329,0.5783
16.840,-5.0504,-5.0504,-0.1136,1.5975,1.5975,1.5667,-1.6916,-1.6916,0.5781
16.846,-5.0505,-5.0505,-0.1146,1.5973,1.5973,1.5975,-1.6916,-1.6916,0.5778
16.850,-5.0505,-5.0505,-0.1156,1.5971,1.5971,1.5973,-1.6916,-1.6916,0.5776
16.854,-5.0506,-5.0506,-0.1164,1.5969,1.5969,1.5971,-1.6916,-1.6916,0.5774
16.863,-5.2850,-5.2850,-0.1172,1.6254,1.6254,1.5969,-1.8384,-1.8384,0.5771
16.869,-5.2850,-5.2850,-0.1191,1.6252,1.6252,1.6254,-1.8384,-1.8384,0.5766
16.873,-5.2850,-5.2850,-0.1203,1.6250,1.6250,1.6252,-1.8384,-1.8384,0.5763
16.879,-5.5147,-5.5147,-0.1211,1.6513,1.6513,1.6250,-1.9732,-1.9732,0.5761
16.883,-5.5147,-5.5147,-0.1219,1.6512,1.6512,1.6513,-1.9732,-1.9732,0.5757
16.887,-5.5148,-5.5148,-0.1219,1.6511,1.6511,1.6512,-1.9732,-1.9732,0.5755
16.891,-5.5148,-5.5148,-0.1219,1.6509,1.6509,1.6511,-1.9732,-1.9732,0.5752
16.896,-5.5148,-5.5148,-0.1219,1.6508,1.6508,1.6509,-1.9732,-1.9732,0.5750
16.899,-5.7323,-5.7323,-0.1219,1.6718,1.6718,1.6508,-2.1047,-2.1047,0.5747
16.904,-5.7323,-5.7323,-0.1219,1.6717,1.6717,1.6718,-2.1047,-2.1047,0.5744
16.907,-5.7324,-5.7324,-0.1219,1.6716,1.6716,1.6717,-2.1047,-2.1047,0.5741
16.914,-5.7324,-5.7324,-0.1219,1.6714,1.6714,1.6716,-2.1047,-2.1047,0.5739
16.922,-5.9233,-5.9233,-0.1219,1.6892,1.6892,1.6714,-2.2226,-2.2226,0.5734
16.928,-5.9233,-5.9233,-0.1219,1.6890,1.6890,1.6892,-2.2226,-2.2226,0.5728
16.932,-5.9233,-5.9233,-0.1219,1.6889,1.6889,1.6890,-2.2226,-2.2226,0.5724
16.936,-5.9234,-5.9234,-0.1219,1.6888,1.6888,1.6889,-2.2226,-2.2226,0.5721
16.940,-6.0889,-6.0889,-0.1219,1.6966,1.6966,1.6888,-2.3498,-2.3498,0.5719
16.947,-6.0889,-6.0889,-0.1219,1.6965,1.6965,1.6966,-2.3498,-2.3498,0.5716
16.951,-6.0890,-6.0890,-0.1219,1.6964,1.6964,1.6965,-2.3498,-2.3498,0.5711
16.954,-6.0890,-6.0890,-0.1219,1.6963,1.6963,1.6964,-2.3498,-2.3498,0.5708
16.958,-6.2306,-6.2306,-0.1219,1.7005,1.7005,1.6963,-2.4648,-2.4648,0.5705
16.963,-6.2306,-6.2306,-0.1219,1.7004,1.7004,1.7005,-2.4648,-2.4648,0.5702
16.967,-6.2306,-6.2306,-0.1219,1.7004,1.7004,1.7004,-2.4648,-2.4648,0.5698
16.970,-6.2306,-6.2306,-0.1219,1.7003,1.7003,1.7004,-2.4648,-2.4648,0.5695
16.974,-6.2306,-6.2306,-0.1219,1.7002,1.7002,1.7003,-2.4648,-2.4648,0.5692
16.978,-6.3503,-6.3503,-0.1219,1.7006,1.7006,1.7002,-2.5684,-2.5684,0.5689
16.982,-6.3503,-6.3503,-0.1219,1.7006,1.7006,1.7006,-2.5684,-2.5684,0.5685
16.986,-6.3503,-6.3503,-0.1219,1.7005,1.7005,1.7006,-2.5684,-2.5684,0.5682
16.990,-6.3503,-6.3503,-0.1219,1.7004,1.7004,1.7005,-2.5684,-2.5684,0.5679
16.995,-6.3503,-6.3503,-0.1219,1.7004,1.7004,1.7004,-2.5684,-2.5684,0.5675
16.998,-6.4509,-6.4509,-0.1219,1.6883,1.6883,1.7004,-2.6902,-2.6902,0.5672
17.002,-6.4510,-6.4510,-0.1219,1.6882,1.6882,1.6883,-2.6902,-2.6902,0.5668
17.007,-6.4510,-6.4510,-0.1219,1.6881,1.6881,1.6882,-2.6902,-2.6902,0.5665
17.016,-6.4510,-6.4510,-0.1219,1.6880,1.6880,1.6881,-2.6902,-2.6902,0.5661
17.025,-6.5334,-6.5334,-0.1219,1.6718,1.6718,1.6880,-2.8025,-2.8025,0.5653
17.031,-6.5334,-6.5334,-0.1219,1.6717,1.6717,1.6718,-2.8025,-2.8025,0.5644
17.035,-6.5334,-6.5334,-0.1219,1.6717,1.6717,1.6717,-2.8025,-2.8025,0.5639
17.039,-6.5991,-6.5991,-0.1219,1.6516,1.6516,1.6717,-2.9058,-2.9058,0.5636
17.043,-6.5991,-6.5991,-0.1219,1.6515,1.6515,1.6516,-2.9058,-2.9058,0.5632
17.048,-6.5991,-6.5991,-0.1219,1.6514,1.6514,1.6515,-2.9058,-2.9058,0.5627
17.052,-6.5992,-6.5992,-0.1219,1.6514,1.6514,1.6514,-2.9058,-2.9058,0.5623
17.055,-6.5992,-6.5992,-0.1219,1.6514,1.6514,1.6514,-2.9058,-2.9058,0.5619
17.059,-6.6493,-6.6493,-0.1219,1.6324,1.6324,1.6514,-2.9834,-2.9834,0.5616
17.064,-6.6493,-6.6493,-0.1219,1.6323,1.6323,1.6324,-2.9834,-2.9834,0.5613
17.067,-6.6493,-6.6493,-0.1219,1.6323,1.6323,1.6323,-2.9834,-2.9834,0.5608
17.070,-6.6493,-6.6493,-0.1219,1.6323,1.6323,1.6323,-2.9834,-2.9834,0.5605
17.074,-6.6493,-6.6493,-0.1219,1.6322,1.6322,1.6323,-2.9834,-2.9834,0.5601
17.078,-6.6857,-6.6857,-0.1219,1.6104,1.6104,1.6322,-3.0487,-3.0487,0.5598
17.084,-6.6857,-6.6857,-0.1219,1.6103,1.6103,1.6104,-3.0487,-3.0487,0.5594
17.088,-6.6857,-6.6857,-0.1219,1.6103,1.6103,1.6103,-3.0487,-3.0487,0.5588
17.091,-6.6857,-6.6857,-0.1219,1.6102,1.6102,1.6103,-3.0487,-3.0487,0.5584
17.095,-6.6857,-6.6857,-0.1219,1.6102,1.6102,1.6102,-3.0487,-3.0487,0.5581
17.098,-6.7096,-6.7096,-0.1219,1.5855,1.5855,1.6102,-3.1018,-3.1018,0.5578
17.102,-6.7096,-6.7096,-0.1219,1.5855,1.5855,1.5855,-3.1018,-3.1018,0.5574
17.106,-6.7097,-6.7097,-0.1219,1.5854,1.5854,1.5855,-3.1018,-3.1018,0.5570
17.109,-6.6439,-6.6439,-0.1219,1.5854,1.5854,1.5854,-3.1018,-3.1018,0.5567
17.115,-6.5397,-6.5397,-0.1219,1.5854,1.5854,1.5854,-3.1018,-3.1018,0.5563
17.119,-6.4866,-6.4866,-0.1219,1.5577,1.5577,1.5854,-3.1434,-3.1434,0.5557
17.125,-6.3910,-6.3910,-0.1219,1.5577,1.5577,1.5577,-3.1434,-3.1434,0.5554
17.132,-6.2620,-6.2620,-0.1219,1.5576,1.5576,1.5577,-3.1434,-3.1434,0.5548
17.136,-6.1991,-6.1991,-0.1219,1.5576,1.5576,1.5576,-3.1434,-3.1434,0.5540
17.141,-6.1374,-6.1374,-0.1219,1.5328,1.5328,1.5576,-3.1547,-3.1547,0.5536
17.149,-6.0173,-6.0173,-0.1219,1.5328,1.5328,1.5328,-3.1547,-3.1547,0.5532
17.160,-5.8504,-5.8504,-0.1219,1.4917,1.4917,1.5328,-3.1987,-3.1987,0.5524
17.166,-5.7688,-5.7688,-0.1219,1.4917,1.4917,1.4917,-3.1987,-3.1987,0.5513
17.177,-5.6383,-5.6383,-0.1219,1.4916,1.4916,1.4917,-3.1987,-3.1987,0.5507
17.184,-5.5378,-5.5378,-0.1219,1.4599,1.4599,1.4916,-3.1938,-3.1938,0.5497
17.189,-5.4796,-5.4796,-0.1219,1.4598,1.4598,1.4599,-3.1938,-3.1938,0.5490
17.194,-5.4310,-5.4310,-0.1219,1.4598,1.4598,1.4598,-3.1938,-3.1938,0.5486
17.198,-5.3612,-5.3612,-0.1219,1.4202,1.4202,1.4598,-3.1956,-3.1956,0.5481
17.202,-5.3166,-5.3166,-0.1219,1.4202,1.4202,1.4202,-3.1956,-3.1956,0.5477
17.206,-5.2777,-5.2777,-0.1219,1.4201,1.4201,1.4202,-3.1956,-3.1956,0.5473
17.211,-5.2283,-5.2283,-0.1219,1.4201,1.4201,1.4201,-3.1956,-3.1956,0.5470
17.215,-5.1883,-5.1883,-0.1219,1.4201,1.4201,1.4201,-3.1956,-3.1956,0.5465
17.219,-5.1264,-5.1264,-0.1219,1.3665,1.3665,1.4201,-3.2250,-3.2250,0.5461
17.223,-5.0848,-5.0848,-0.1219,1.3665,1.3665,1.3665,-3.2250,-3.2250,0.5458
17.229,-5.0363,-5.0363,-0.1219,1.3665,1.3665,1.3665,-3.2250,-3.2250,0.5453
17.236,-4.9718,-4.9718,-0.1219,1.3665,1.3665,1.3665,-3.2250,-3.2250,0.5448
17.240,-4.9065,-4.9065,-0.1219,1.3159,1.3159,1.3665,-3.2285,-3.2285,0.5442
17.245,-4.8672,-4.8672,-0.1219,1.3158,1.3158,1.3159,-3.2285,-3.2285,0.5438
17.249,-4.8371,-4.8371,-0.1219,1.3158,1.3158,1.3158,-3.2285,-3.2285,0.5434
17.253,-4.8061,-4.8061,-0.1219,1.3158,1.3158,1.3158,-3.2285,-3.2285,0.5430
17.258,-4.7305,-4.7305,-0.1219,1.2571,1.2571,1.3158,-3.2421,-3.2421,0.5426
17.263,-4.6944,-4.6944,-0.1219,1.2571,1.2571,1.2571,-3.2421,-3.2421,0.5422
17.267,-4.6681,-4.6681,-0.1219,1.2571,1.2571,1.2571,-3.2421,-3.2421,0.5417
17.271,-4.6413,-4.6413,-0.1219,1.2571,1.2571,1.2571,-3.2421,-3.2421,0.5414
17.275,-4.6158,-4.6158,-0.1219,1.2571,1.2571,1.2571,-3.2421,-3.2421,0.5410
17.279,-4.5451,-4.5451,-0.1219,1.1986,1.1986,1.2571,-3.2404,-3.2404,0.5407
17.283,-4.5186,-4.5186,-0.1219,1.1986,1.1986,1.1986,-3.2404,-3.2404,0.5403
17.288,-4.4881,-4.4881,-0.1219,1.1986,1.1986,1.1986,-3.2404,-3.2404,0.5399
17.292,-4.4655,-4.4655,-0.1219,1.1986,1.1986,1.1986,-3.2404,-3.2404,0.5395
17.297,-4.4378,-4.4378,-0.1219,1.1986,1.1986,1.1986,-3.2404,-3.2404,0.5392
17.301,-4.3700,-4.3700,-0.1219,1.1294,1.1294,1.1986,-3.2593,-3.2593,0.5388
17.305,-4.3447,-4.3447,-0.1219,1.1294,1.1294,1.1294,-3.2593,-3.2593,0.5384
17.309,-4.3242,-4.3242,-0.1219,1.1294,1.1294,1.1294,-3.2593,-3.2593,0.5380
17.313,-4.3030,-4.3030,-0.1219,1.1294,1.1294,1.1294,-3.2593,-3.2593,0.5377
17.318,-4.2293,-4.2293,-0.1219,1.0596,1.0596,1.1294,-3.2672,-3.2672,0.5374
17.327,-4.1841,-4.1841,-0.1219,1.0596,1.0596,1.0596,-3.2672,-3.2672,0.5369
17.332,-4.1587,-4.1587,-0.1219,1.0596,1.0596,1.0596,-3.2672,-3.2672,0.5362
17.335,-4.1428,-4.1428,-0.1219,1.0596,1.0596,1.0596,-3.2672,-3.2672,0.5357
17.340,-4.0720,-4.0720,-0.1219,0.9873,0.9873,1.0596,-3.2709,-3.2709,0.5354
17.348,-4.0347,-4.0347,-0.1219,0.9872,0.9872,0.9873,-3.2709,-3.2709,0.5351
17.352,-4.0197,-4.0197,-0.1219,0.9872,0.9872,0.9872,-3.2709,-3.2709,0.5344
17.355,-4.0063,-4.0063,-0.1219,0.9872,0.9872,0.9872,-3.2709,-3.2709,0.5341
17.358,-3.9390,-3.9390,-0.1219,0.9165,0.9165,0.9872,-3.2579,-3.2579,0.5338
17.363,-3.9208,-3.9208,-0.1219,0.9165,0.9165,0.9165,-3.2579,-3.2579,0.5335
17.366,-3.9079,-3.9079,-0.1219,0.9165,0.9165,0.9165,-3.2579,-3.2579,0.5331
17.370,-3.8956,-3.8956,-0.1219,0.9165,0.9165,0.9165,-3.2579,-3.2579,0.5329
17.373,-3.8837,-3.8837,-0.1219,0.9165,0.9165,0.9165,-3.2579,-3.2579,0.5326
17.377,-3.8704,-3.8704,-0.1219,0.9165,0.9165,0.9165,-3.2579,-3.2579,0.5323
17.381,-3.7982,-3.7982,-0.1219,0.8479,0.8479,0.9165,-3.2266,-3.2266,0.5320
17.385,-3.7840,-3.7840,-0.1219,0.8479,0.8479,0.8479,-3.2266,-3.2266,0.5317
17.389,-3.7729,-3.7729,-0.1219,0.8479,0.8479,0.8479,-3.2266,-3.2266,0.5313
17.392,-3.7622,-3.7622,-0.1219,0.8479,0.8479,0.8479,-3.2266,-3.2266,0.5311
17.396,-3.7499,-3.7499,-0.1219,0.8479,0.8479,0.8479,-3.2266,-3.2266,0.5308
17.399,-3.6804,-3.6804,-0.1219,0.7788,0.7788,0.8479,-3.1860,-3.1860,0.5305
17.403,-3.6682,-3.6682,-0.1219,0.7788,0.7788,0.7788,-3.1860,-3.1860,0.5303
17.407,-3.6578,-3.6578,-0.1219,0.7788,0.7788,0.7788,-3.1860,-3.1860,0.5300
17.412,-3.6418,-3.6418,-0.1219,0.7788,0.7788,0.7788,-3.1860,-3.1860,0.5297
17.416,-3.6307,-3.6307,-0.1219,0.7788,0.7788,0.7788,-3.1860,-3.1860,0.5293
17.420,-3.5590,-3.5590,-0.1219,0.7147,0.7147,0.7788,-3.1191,-3.1191,0.5290
17.425,-3.5469,-3.5469,-0.1219,0.7147,0.7147,0.7147,-3.1191,-3.1191,0.5287
17.429,-3.5348,-3.5348,-0.1219,0.7147,0.7147,0.7147,-3.1191,-3.1191,0.5284
17.433,-3.5250,-3.5250,-0.1219,0.7147,0.7147,0.7147,-3.1191,-3.1191,0.5281
17.437,-3.5156,-3.5156,-0.1219,0.7147,0.7147,0.7147,-3.1191,-3.1191,0.5278
17.441,-3.4425,-3.4425,-0.1219,0.6561,0.6561,0.7147,-3.0243,-3.0243,0.5276
17.447,-3.4294,-3.4294,-0.1219,0.6561,0.6561,0.6561,-3.0243,-3.0243,0.5273
17.452,-3.4179,-3.4179,-0.1219,0.6561,0.6561,0.6561,-3.0243,-3.0243,0.5269
17.460,-3.3383,-3.3383,-0.1219,0.5793,0.5793,0.6561,-2.9778,-2.9778,0.5266
17.466,-3.3268,-3.3268,-0.1219,0.5793,0.5793,0.5793,-2.9778,-2.9778,0.5261
17.470,-3.3183,-3.3183,-0.1219,0.5793,0.5793,0.5793,-2.9778,-2.9778,0.5258
17.480,-3.2360,-3.2360,-0.1219,0.5125,0.5125,0.5793,-2.8889,-2.8889,0.5255
17.485,-3.2250,-3.2250,-0.1219,0.5125,0.5125,0.5125,-2.8889,-2.8889,0.5250
17.490,-3.2168,-3.2168,-0.1219,0.5125,0.5125,0.5125,-2.8889,-2.8889,0.5247
17.495,-3.2077,-3.2077,-0.1219,0.5125,0.5125,0.5125,-2.8889,-2.8889,0.5244
17.499,-3.1362,-3.1362,-0.1219,0.4506,0.4506,0.5125,-2.7716,-2.7716,0.5242
17.505,-3.1268,-3.1268,-0.1219,0.4506,0.4506,0.4506,-2.7716,-2.7716,0.5240
17.509,-3.1205,-3.1205,-0.1219,0.4506,0.4506,0.4506,-2.7716,-2.7716,0.5237
17.513,-3.1136,-3.1136,-0.1219,0.4506,0.4506,0.4506,-2.7716,-2.7716,0.5235
17.517,-3.1074,-3.1074,-0.1219,0.4505,0.4505,0.4506,-2.7716,-2.7716,0.5233
17.521,-3.0240,-3.0240,-0.1219,0.3760,0.3760,0.4505,-2.6800,-2.6800,0.5231
17.526,-3.0174,-3.0174,-0.1219,0.3760,0.3760,0.3760,-2.6800,-2.6800,0.5230
17.530,-3.0107,-3.0107,-0.1219,0.3760,0.3760,0.3760,-2.6800,-2.6800,0.5228
17.535,-3.0048,-3.0048,-0.1219,0.3760,0.3760,0.3760,-2.6800,-2.6800,0.5226
17.538,-2.8978,-2.8978,-0.1219,0.3132,0.3132,0.3760,-2.5297,-2.5297,0.5224
17.543,-2.8914,-2.8914,-0.1219,0.3132,0.3132,0.3132,-2.5297,-2.5297,0.5223
17.547,-2.8863,-2.8863,-0.1219,0.3132,0.3132,0.3132,-2.5297,-2.5297,0.5221
17.551,-2.8812,-2.8812,-0.1219,0.3132,0.3132,0.3132,-2.5297,-2.5297,0.5220
17.557,-2.8750,-2.8750,-0.1219,0.3132,0.3132,0.3132,-2.5297,-2.5297,0.5218
17.565,-2.7490,-2.7490,-0.1219,0.2480,0.2480,0.3132,-2.3666,-2.3666,0.5216
17.570,-2.7430,-2.7430,-0.1219,0.2480,0.2480,0.2480,-2.3666,-2.3666,0.5215
17.574,-2.7388,-2.7388,-0.1219,0.2480,0.2480,0.2480,-2.3666,-2.3666,0.5213
17.579,-2.5934,-2.5934,-0.1219,0.1859,0.1859,0.2480,-2.1669,-2.1669,0.5212
17.584,-2.5883,-2.5883,-0.1219,0.1859,0.1859,0.1859,-2.1669,-2.1669,0.5212
17.588,-2.5843,-2.5843,-0.1219,0.1859,0.1859,0.1859,-2.1669,-2.1669,0.5211
17.591,-2.5807,-2.5807,-0.1219,0.1859,0.1859,0.1859,-2.1669,-2.1669,0.5210
17.596,-2.5767,-2.5767,-0.1219,0.1859,0.1859,0.1859,-2.1669,-2.1669,0.5210
17.600,-2.4236,-2.4236,-0.1219,0.1273,0.1273,0.1859,-1.9272,-1.9272,0.5209
17.605,-2.4188,-2.4188,-0.1219,0.1273,0.1273,0.1273,-1.9272,-1.9272,0.5209
17.610,-2.4152,-2.4152,-0.1219,0.1273,0.1273,0.1273,-1.9272,-1.9272,0.5209
17.615,-2.4107,-2.4107,-0.1219,0.1273,0.1273,0.1273,-1.9272,-1.9272,0.5209
17.619,-2.2447,-2.2447,-0.1219,0.0628,0.0628,0.1273,-1.6794,-1.6794,0.5209
17.625,-2.2402,-2.2402,-0.1219,0.0628,0.0628,0.0628,-1.6794,-1.6794,0.5209
17.634,-2.2333,-2.2333,-0.1219,0.0628,0.0628,0.0628,-1.6794,-1.6794,0.5210
17.639,-2.0571,-2.0571,-0.1219,0.0001,0.0001,0.0628,-1.4088,-1.4088,0.5211
17.644,-2.0534,-2.0534,-0.1219,0.0001,0.0001,0.0001,-1.4088,-1.4088,0.5212
17.648,-2.0507,-2.0507,-0.1219,0.0001,0.0001,0.0001,-1.4088,-1.4088,0.5213
17.652,-2.0481,-2.0481,-0.1219,0.0001,0.0001,0.0001,-1.4088,-1.4088,0.5214
17.656,-2.0455,-2.0455,-0.1219,0.0000,0.0000,0.0001,-1.4088,-1.4088,0.5215
17.660,-1.8603,-1.8603,-0.1219,-0.0660,-0.0660,0.0000,-1.1008,-1.1008,0.5216
17.670,-1.8543,-1.8543,-0.1219,-0.0660,-0.0660,0.0000,-1.1008,-1.1008,0.5217
17.685,-1.6541,-1.6541,-0.1219,-0.1381,-0.1381,0.0000,-0.7833,-0.7833,0.5221
17.693,-1.6498,-1.6498,-0.1219,-0.1381,-0.1381,0.0000,-0.7833,-0.7833,0.5229
17.700,-1.4453,-1.4453,-0.1219,-0.2206,-0.2206,0.0000,-0.4749,-0.4749,0.5233
17.708,-1.4414,-1.4414,-0.1219,-0.2206,-0.2206,0.0000,-0.4749,-0.4749,0.5238
17.714,-1.4383,-1.4383,-0.1219,-0.2206,-0.2206,0.0000,-0.4749,-0.4749,0.5243
17.719,-1.2363,-1.2363,-0.1219,-0.3087,-0.3087,0.0000,-0.1530,-0.1530,0.5247
17.725,-1.2337,-1.2337,-0.1219,-0.3087,-0.3087,0.0000,-0.1530,-0.1530,0.5252
17.731,-1.2313,-1.2313,-0.1219,-0.3087,-0.3087,0.0000,-0.1530,-0.1530,0.5257
17.736,-1.2294,-1.2294,-0.1219,-0.3087,-0.3087,0.0000,-0.1530,-0.1530,0.5261
17.741,-1.0232,-1.0232,-0.1219,-0.4003,-0.4003,0.0000,0.1998,0.1998,0.5265
17.751,-1.0195,-1.0195,-0.1219,-0.4003,-0.4003,0.0000,0.1998,0.1998,0.5270
17.758,-0.8073,-0.8073,-0.1219,-0.4964,-0.4964,0.0000,0.5858,0.5858,0.5280
17.765,-0.8051,-0.8051,-0.1219,-0.4964,-0.4964,0.0000,0.5858,0.5858,0.5288
17.769,-0.8036,-0.8036,-0.1219,-0.4964,-0.4964,0.0000,0.5858,0.5858,0.5295
17.774,-0.8020,-0.8020,-0.1219,-0.4964,-0.4964,0.0000,0.5858,0.5858,0.5300
17.781,-0.5916,-0.5916,-0.1219,-0.5981,-0.5981,0.0000,1.0021,1.0021,0.5306
17.792,-0.5881,-0.5881,-0.1219,-0.5981,-0.5981,0.0000,1.0021,1.0021,0.5315
17.798,-0.3216,-0.3216,-0.1219,-0.7095,-0.7095,0.0000,1.4457,1.4457,0.5330
17.803,-0.3202,-0.3202,-0.1219,-0.7095,-0.7095,0.0000,1.4457,1.4457,0.5339
17.809,-0.3188,-0.3188,-0.1219,-0.7095,-0.7095,0.0000,1.4457,1.4457,0.5347
17.814,-0.3175,-0.3175,-0.1219,-0.7095,-0.7095,0.0000,1.4457,1.4457,0.5355
17.818,-0.0590,-0.0590,-0.1219,-0.8274,-0.8274,0.0000,1.9227,1.9227,0.5363
17.824,-0.0576,-0.0576,-0.1219,-0.8274,-0.8274,0.0000,1.9227,1.9227,0.5369
17.828,-0.0565,-0.0565,-0.1219,-0.8274,-0.8274,0.0000,1.9227,1.9227,0.5380
17.833,-0.0556,-0.0556,-0.1219,-0.8274,-0.8274,0.0000,1.9227,1.9227,0.5388
17.837,-0.0547,-0.0547,-0.1219,-0.8274,-0.8274,0.0000,1.9227,1.9227,0.5395
17.842,0.1983,0.1983,-0.1219,-0.9535,-0.9535,0.0000,2.4214,2.4214,0.5402
17.848,0.1994,0.1994,-0.1219,-0.9535,-0.9535,0.0000,2.4214,2.4214,0.5412
17.852,0.2004,0.2004,-0.1219,-0.9535,-0.9535,0.0000,2.4214,2.4214,0.5423
17.857,0.2012,0.2012,-0.1219,-0.9535,-0.9535,0.0000,2.4214,2.4214,0.5432
17.862,0.4526,0.4526,-0.1219,-1.0882,-1.0882,0.0000,2.9372,2.9372,0.5441
17.866,0.4535,0.4535,-0.1219,-1.0882,-1.0882,0.0000,2.9372,2.9372,0.5451
17.871,0.4543,0.4543,-0.1219,-1.0882,-1.0882,0.0000,2.9372,2.9372,0.5461
17.875,0.4550,0.4550,-0.1219,-1.0882,-1.0882,0.0000,2.9372,2.9372,0.5471
17.882,0.6979,0.6979,-0.1219,-1.2325,-1.2325,0.0000,3.4090,3.4090,0.5480
17.892,0.6995,0.6995,-0.1219,-1.2325,-1.2325,0.0000,3.4090,3.4090,0.5496
17.898,0.7003,0.7003,-0.1219,-1.2325,-1.2325,0.0000,3.4090,3.4090,0.5519
17.903,0.9358,0.9358,-0.1219,-1.3825,-1.3825,0.0000,3.8540,3.8540,0.5532
17.908,0.9366,0.9366,-0.1219,-1.3825,-1.3825,0.0000,3.8540,3.8540,0.5545
17.915,0.9375,0.9375,-0.1219,-1.3825,-1.3825,0.0000,3.8540,3.8540,0.5559
17.920,1.1661,1.1661,-0.1219,-1.5352,-1.5352,0.0000,4.2920,4.2920,0.5575
17.925,1.1668,1.1668,-0.1219,-1.5352,-1.5352,0.0000,4.2920,4.2920,0.5587
17.930,1.1674,1.1674,-0.1219,-1.5352,-1.5352,0.0000,4.2920,4.2920,0.5602
17.936,1.1681,1.1681,-0.1219,-1.5352,-1.5352,0.0000,4.2920,4.2920,0.5616
17.947,1.3860,1.3860,-0.1219,-1.6882,-1.6882,0.0000,4.6887,4.6887,0.5630
17.954,1.3867,1.3867,-0.1219,-1.6882,-1.6882,0.0000,4.6887,4.6887,0.5662
17.958,1.6045,1.6045,-0.1219,-1.8397,-1.8397,0.0000,5.0541,5.0541,0.5681
17.964,1.6051,1.6051,-0.1219,-1.8397,-1.8397,0.0000,5.0541,5.0541,0.5693
17.968,1.6055,1.6055,-0.1219,-1.8397,-1.8397,0.0000,5.0541,5.0541,0.5711
17.972,1.6059,1.6059,-0.1219,-1.8397,-1.8397,0.0000,5.0541,5.0541,0.5723
17.976,1.6063,1.6063,-0.1219,-1.8397,-1.8397,0.0000,5.0541,5.0541,0.5735
17.981,1.8071,1.8071,-0.1219,-1.9870,-1.9870,0.0000,5.3990,5.3990,0.5747
17.986,1.8075,1.8075,-0.1219,-1.9870,-1.9870,0.0000,5.3990,5.3990,0.5761
17.990,1.8078,1.8078,-0.1219,-1.9870,-1.9870,0.0000,5.3990,5.3990,0.5776
17.995,1.8083,1.8083,-0.1219,-1.9870,-1.9870,0.0000,5.3990,5.3990,0.5787
18.003,2.0063,2.0063,-0.1219,-2.1285,-2.1285,0.0000,5.7100,5.7100,0.5805
18.010,2.0067,2.0067,-0.1219,-2.1285,-2.1285,0.0000,5.7100,5.7100,0.5830
18.017,2.0072,2.0072,-0.1219,-2.1285,-2.1285,0.0000,5.7100,5.7100,0.5849
18.024,2.2014,2.2014,-0.1219,-2.2626,-2.2626,0.0000,5.9909,5.9909,0.5871
18.032,2.2019,2.2019,-0.1219,-2.2626,-2.2626,0.0000,5.9909,5.9909,0.5896
18.036,2.2022,2.2022,-0.1219,-2.2626,-2.2626,0.0000,5.9909,5.9909,0.5919
18.041,2.3915,2.3915,-0.1219,-2.3879,-2.3879,0.0000,6.2422,6.2422,0.5933
18.047,2.3918,2.3918,-0.1219,-2.3879,-2.3879,0.0000,6.2422,6.2422,0.5950
18.051,2.3921,2.3921,-0.1219,-2.3879,-2.3879,0.0000,6.2422,6.2422,0.5970
18.055,2.3923,2.3923,-0.1219,-2.3879,-2.3879,0.0000,6.2422,6.2422,0.5982
18.059,2.5725,2.5725,-0.1219,-2.5024,-2.5024,0.0000,6.4602,6.4602,0.5995
18.064,2.5728,2.5728,-0.1219,-2.5024,-2.5024,0.0000,6.4602,6.4602,0.6009
18.068,2.5730,2.5730,-0.1219,-2.5024,-2.5024,0.0000,6.4602,6.4602,0.6025
18.072,2.5732,2.5732,-0.1219,-2.5024,-2.5024,0.0000,6.4602,6.4602,0.6038
18.076,2.5734,2.5734,-0.1219,-2.5024,-2.5024,0.0000,6.4602,6.4602,0.6051
18.080,2.7468,2.7468,-0.1219,-2.6050,-2.6050,0.0000,6.6419,6.6419,0.6064
18.085,2.7470,2.7470,-0.1219,-2.6050,-2.6050,0.0000,6.6419,6.6419,0.6079
18.089,2.7472,2.7472,-0.1219,-2.6050,-2.6050,0.0000,6.6419,6.6419,0.6093
18.099,2.9196,2.9196,-0.1219,-2.6433,-2.6433,0.0000,6.1661,6.1661,0.6107
18.108,2.9200,2.9200,-0.1219,-2.6433,-2.6433,0.0000,6.1661,6.1661,0.6137
18.113,2.9202,2.9202,-0.1219,-2.6433,-2.6433,0.0000,6.1661,6.1661,0.6166
18.118,2.9392,2.9392,-0.1219,-2.6433,-2.6433,0.0000,6.1661,6.1661,0.6179
18.121,3.1487,3.1487,-0.1219,-2.6721,-2.6721,0.0000,5.7140,5.7140,0.6193
18.126,3.2217,3.2217,-0.1219,-2.6721,-2.6721,0.0000,5.7140,5.7140,0.6204
18.130,3.2936,3.2936,-0.1219,-2.6721,-2.6721,0.0000,5.7140,5.7140,0.6216
18.134,3.3556,3.3556,-0.1219,-2.6721,-2.6721,0.0000,5.7140,5.7140,0.6228
18.138,3.5650,3.5650,-0.1219,-2.6908,-2.6908,0.0000,5.2822,5.2822,0.6239
18.142,3.6299,3.6299,-0.1219,-2.6908,-2.6908,0.0000,5.2822,5.2822,0.6249
18.147,3.6985,3.6985,-0.1219,-2.6908,-2.6908,0.0000,5.2822,5.2822,0.6259
18.151,3.7524,3.7524,-0.1219,-2.6908,-2.6908,0.0000,5.2822,5.2822,0.6271
18.155,3.8069,3.8069,-0.1219,-2.6908,-2.6908,0.0000,5.2822,5.2822,0.6280
18.158,3.9807,3.9807,-0.1219,-2.7135,-2.7135,0.0000,5.0765,5.0765,0.6289
18.163,4.0487,4.0487,-0.1219,-2.7134,-2.7134,0.0000,5.0765,5.0765,0.6298
18.167,4.0987,4.0987,-0.1219,-2.7134,-2.7134,0.0000,5.0765,5.0765,0.6310
18.171,4.1484,4.1484,-0.1209,-2.7134,-2.7134,0.0000,5.0765,5.0765,0.6319
18.175,4.2011,4.2011,-0.1199,-2.7133,-2.7133,0.0000,5.0765,5.0765,0.6328
18.181,4.3682,4.3682,-0.1187,-2.7111,-2.7111,0.0000,4.6654,4.6654,0.6337
18.185,4.4224,4.4224,-0.1173,-2.7111,-2.7111,0.0000,4.6654,4.6654,0.6348
18.189,4.4662,4.4662,-0.1160,-2.7110,-2.7110,0.0000,4.6654,4.6654,0.6358
18.193,4.5134,4.5134,-0.1149,-2.7109,-2.7109,0.0000,4.6654,4.6654,0.6366
18.198,4.6457,4.6457,-0.1137,-2.6996,-2.6996,0.0000,4.2683,4.2683,0.6374
18.202,4.6897,4.6897,-0.1124,-2.6995,-2.6995,0.0000,4.2683,4.2683,0.6383
18.206,4.7320,4.7320,-0.1113,-2.6995,-2.6995,0.0000,4.2683,4.2683,0.6390
18.212,4.7900,4.7900,-0.1101,-2.6993,-2.6993,0.0000,4.2683,4.2683,0.6398
18.220,4.9297,4.9297,-0.1084,-2.6792,-2.6792,0.0000,3.8831,3.8831,0.6408
18.224,4.9718,4.9718,-0.1062,-2.6790,-2.6790,0.0000,3.8831,3.8831,0.6421
18.229,5.0135,5.0135,-0.1048,-2.6789,-2.6789,0.0000,3.8831,3.8831,0.6428
18.233,5.0479,5.0479,-0.1035,-2.6787,-2.6787,0.0000,3.8831,3.8831,0.6435
18.237,5.0797,5.0797,-0.1023,-2.6786,-2.6786,0.0000,3.8831,3.8831,0.6442
18.241,5.1645,5.1645,-0.1012,-2.6535,-2.6535,0.0000,3.7151,3.7151,0.6448
18.250,5.2391,5.2391,-0.1000,-2.6531,-2.6531,0.0000,3.7151,3.7151,0.6454
18.255,5.2778,5.2778,-0.0973,-2.6528,-2.6528,0.0000,3.7151,3.7151,0.6467
18.260,5.3497,5.3497,-0.0958,-2.6164,-2.6164,0.0000,3.3819,3.3819,0.6475
18.265,5.3853,5.3853,-0.0943,-2.6162,-2.6162,0.0000,3.3819,3.3819,0.6481
18.269,5.4119,5.4119,-0.0928,-2.6159,-2.6159,0.0000,3.3819,3.3819,0.6487
18.272,5.4369,5.4369,-0.0916,-2.6157,-2.6157,0.0000,3.3819,3.3819,0.6492
18.277,5.4691,5.4691,-0.0905,-2.6154,-2.6154,0.0000,3.3819,3.3819,0.6497
18.281,5.5179,5.5179,-0.0891,-2.5713,-2.5713,0.0000,3.0729,3.0729,0.6503
18.286,5.5462,5.5462,-0.0878,-2.5710,-2.5710,0.0000,3.0729,3.0729,0.6508
18.290,5.5744,5.5744,-0.0865,-2.5707,-2.5707,0.0000,3.0729,3.0729,0.6512
18.295,5.6047,5.6047,-0.0851,-2.5703,-2.5703,0.0000,3.0729,3.0729,0.6517
18.299,5.6373,5.6373,-0.0836,-2.5188,-2.5188,0.0000,2.7836,2.7836,0.6523
18.304,5.6625,5.6625,-0.0824,-2.5185,-2.5185,0.0000,2.7836,2.7836,0.6527
18.308,5.6844,5.6844,-0.0811,-2.5181,-2.5181,0.0000,2.7836,2.7836,0.6531
18.314,5.7162,5.7162,-0.0799,-2.5176,-2.5176,0.0000,2.7836,2.7836,0.6534
18.322,5.7617,5.7617,-0.0781,-2.4588,-2.4588,0.0000,2.5111,2.5111,0.6540
18.328,5.7887,5.7887,-0.0755,-2.4582,-2.4582,0.0000,2.5111,2.5111,0.6547
18.332,5.8075,5.8075,-0.0739,-2.4579,-2.4579,0.0000,2.5111,2.5111,0.6551
18.336,5.8278,5.8278,-0.0727,-2.4574,-2.4574,0.0000,2.5111,2.5111,0.6554
18.340,5.8397,5.8397,-0.0714,-2.3934,-2.3934,0.0000,2.4116,2.4116,0.6557
18.345,5.8617,5.8617,-0.0701,-2.3929,-2.3929,0.0000,2.4116,2.4116,0.6560
18.350,5.8805,5.8805,-0.0686,-2.3924,-2.3924,0.0000,2.4116,2.4116,0.6564
18.354,5.8973,5.8973,-0.0673,-2.3920,-2.3920,0.0000,2.4116,2.4116,0.6567
18.357,5.9131,5.9131,-0.0661,-2.3915,-2.3915,0.0000,2.4116,2.4116,0.6570
18.362,5.9154,5.9154,-0.0650,-2.3207,-2.3207,0.0000,2.1516,2.1516,0.6573
18.366,5.9319,5.9319,-0.0636,-2.3202,-2.3202,0.0000,2.1516,2.1516,0.6575
18.371,5.9474,5.9474,-0.0623,-2.3197,-2.3197,0.0000,2.1516,2.1516,0.6578
18.374,5.9613,5.9613,-0.0611,-2.3193,-2.3193,0.0000,2.1516,2.1516,0.6580
18.379,5.9539,5.9539,-0.0600,-2.2462,-2.2462,0.0000,2.0620,2.0620,0.6582
18.383,5.9693,5.9693,-0.0587,-2.2456,-2.2456,0.0000,2.0620,2.0620,0.6585
18.387,5.9829,5.9829,-0.0574,-2.2451,-2.2451,0.0000,2.0620,2.0620,0.6587
18.392,5.9992,5.9992,-0.0562,-2.2444,-2.2444,0.0000,2.0620,2.0620,0.6589
18.401,5.9998,5.9998,-0.0548,-2.1625,-2.1625,0.0000,1.8100,1.8100,0.6591
18.408,6.0192,6.0192,-0.0521,-2.1615,-2.1615,0.0000,1.8100,1.8100,0.6595
18.412,6.0336,6.0336,-0.0503,-2.1608,-2.1608,0.0000,1.8100,1.8100,0.6597
18.416,6.0447,6.0447,-0.0489,-2.1603,-2.1603,0.0000,1.8100,1.8100,0.6599
18.421,6.0238,6.0238,-0.0478,-2.0799,-2.0799,0.0000,1.7148,1.7148,0.6601
18.430,6.0465,6.0465,-0.0463,-2.0786,-2.0786,0.0000,1.7148,1.7148,0.6602
18.434,6.0569,6.0569,-0.0440,-2.0779,-2.0779,0.0000,1.7148,1.7148,0.6605
18.438,6.0279,6.0279,-0.0428,-1.9881,-1.9881,0.0000,1.4661,1.4661,0.6606
18.442,6.0389,6.0389,-0.0418,-1.9874,-1.9874,0.0000,1.4661,1.4661,0.6607
18.447,6.0495,6.0495,-0.0405,-1.9867,-1.9867,0.0000,1.4661,1.4661,0.6608
18.451,6.0596,6.0596,-0.0393,-1.9860,-1.9860,0.0000,1.4661,1.4661,0.6609
18.455,6.0683,6.0683,-0.0381,-1.9854,-1.9854,0.0000,1.4661,1.4661,0.6610
18.459,6.0287,6.0287,-0.0370,-1.9146,-1.9146,0.0000,1.6462,1.6462,0.6610
18.464,6.0406,6.0406,-0.0360,-1.9138,-1.9138,0.0000,1.6462,1.6462,0.6612
18.468,6.0484,6.0484,-0.0345,-1.9132,-1.9132,0.0000,1.6462,1.6462,0.6613
18.472,6.0565,6.0565,-0.0335,-1.9125,-1.9125,0.0000,1.6462,1.6462,0.6614
18.476,6.0656,6.0656,-0.0324,-1.9118,-1.9118,0.0000,1.6462,1.6462,0.6615
18.481,6.0327,6.0327,-0.0311,-1.8053,-1.8053,0.0000,1.2410,1.2410,0.6617
18.486,6.0416,6.0416,-0.0299,-1.8046,-1.8046,0.0000,1.2410,1.2410,0.6617
18.489,6.0482,6.0482,-0.0286,-1.8040,-1.8040,0.0000,1.2410,1.2410,0.6617
18.494,6.0561,6.0561,-0.0276,-1.8033,-1.8033,0.0000,1.2410,1.2410,0.6617
18.499,6.0133,6.0133,-0.0265,-1.7151,-1.7151,0.0000,1.1504,1.1504,0.6618
18.503,6.0213,6.0213,-0.0252,-1.7143,-1.7143,0.0000,1.1504,1.1504,0.6618
18.507,6.0280,6.0280,-0.0240,-1.7136,-1.7136,0.0000,1.1504,1.1504,0.6618
18.512,6.0359,6.0359,-0.0229,-1.7129,-1.7129,0.0000,1.1504,1.1504,0.6618
18.516,6.0421,6.0421,-0.0217,-1.7122,-1.7122,0.0000,1.1504,1.1504,0.6618
18.521,5.9946,5.9946,-0.0206,-1.6234,-1.6234,0.0000,1.0609,1.0609,0.6618
18.527,6.0042,6.0042,-0.0195,-1.6223,-1.6223,0.0000,1.0609,1.0609,0.6618
18.536,6.0166,6.0166,-0.0179,-1.6209,-1.6209,0.0000,1.0609,1.0609,0.6618
18.552,5.9819,5.9819,-0.0157,-1.5296,-1.5296,0.0000,0.9701,0.9701,0.6618
18.564,5.9380,5.9380,-0.0117,-1.4393,-1.4393,0.0000,0.8761,0.8761,0.6617
18.571,5.9448,5.9448,-0.0087,-1.4382,-1.4382,0.0000,0.8761,0.8761,0.6616
18.575,5.9494,5.9494,-0.0073,-1.4375,-1.4375,0.0000,0.8761,0.8761,0.6615
18.580,5.8939,5.8939,-0.0062,-1.3491,-1.3491,0.0000,0.7781,0.7781,0.6615
18.585,5.8986,5.8986,-0.0050,-1.3483,-1.3483,0.0000,0.7781,0.7781,0.6614
18.589,5.9030,5.9030,-0.0040,-1.3476,-1.3476,0.0000,0.7781,0.7781,0.6613
18.593,5.9072,5.9072,-0.0029,-1.3469,-1.3469,0.0000,0.7781,0.7781,0.6612
18.598,5.8470,5.8470,-0.0019,-1.2695,-1.2695,0.0000,0.7888,0.7888,0.6612
18.602,5.8511,5.8511,-0.0009,-1.2687,-1.2687,0.0000,0.7888,0.7888,0.6611
18.606,5.8545,5.8545,0.0001,-1.2681,-1.2681,0.0000,0.7888,0.7888,0.6610
18.610,5.8581,5.8581,0.0010,-1.2673,-1.2673,0.0000,0.7888,0.7888,0.6610
18.614,5.8617,5.8617,0.0019,-1.2666,-1.2666,0.0000,0.7888,0.7888,0.6609
18.619,5.8015,5.8015,0.0029,-1.1796,-1.1796,0.0000,0.6752,0.6752,0.6609
18.624,5.8052,5.8052,0.0039,-1.1788,-1.1788,0.0000,0.6752,0.6752,0.6608
18.629,5.8094,5.8094,0.0049,-1.1778,-1.1778,0.0000,0.6752,0.6752,0.6607
18.637,5.8152,5.8152,0.0061,-1.1764,-1.1764,0.0000,0.6752,0.6752,0.6606
18.640,5.7516,5.7516,0.0077,-1.1012,-1.1012,0.0000,0.6707,0.6707,0.6604
18.646,5.7552,5.7552,0.0085,-1.1003,-1.1003,0.0000,0.6707,0.6707,0.6604
18.650,5.7579,5.7579,0.0096,-1.0996,-1.0996,0.0000,0.6707,0.6707,0.6603
18.654,5.7606,5.7606,0.0105,-1.0988,-1.0988,0.0000,0.6707,0.6707,0.6602
18.657,5.7631,5.7631,0.0113,-1.0982,-1.0982,0.0000,0.6707,0.6707,0.6601
18.662,5.6997,5.6997,0.0121,-1.0145,-1.0145,0.0000,0.5523,0.5523,0.6600
18.666,5.7025,5.7025,0.0131,-1.0138,-1.0138,0.0000,0.5523,0.5523,0.6599
18.671,5.7050,5.7050,0.0140,-1.0131,-1.0131,0.0000,0.5523,0.5523,0.6598
18.675,5.7074,5.7074,0.0148,-1.0124,-1.0124,0.0000,0.5523,0.5523,0.6597
18.680,5.6429,5.6429,0.0157,-0.9391,-0.9391,0.0000,0.5363,0.5363,0.6596
18.685,5.6455,5.6455,0.0167,-0.9383,-0.9383,0.0000,0.5363,0.5363,0.6595
18.688,5.6475,5.6475,0.0176,-0.9378,-0.9378,0.0000,0.5363,0.5363,0.6594
18.692,5.6495,5.6495,0.0184,-0.9372,-0.9372,0.0000,0.5363,0.5363,0.6593
18.697,5.6519,5.6519,0.0191,-0.9365,-0.9365,0.0000,0.5363,0.5363,0.6592
18.705,5.5882,5.5882,0.0200,-0.8564,-0.8564,0.0000,0.4144,0.4144,0.6591
18.713,5.5920,5.5920,0.0216,-0.8555,-0.8555,0.0000,0.4144,0.4144,0.6588
18.717,5.5938,5.5938,0.0231,-0.8549,-0.8549,0.0000,0.4144,0.4144,0.6586
18.721,5.5273,5.5273,0.0239,-0.7779,-0.7779,0.0000,0.2930,0.2930,0.6584
18.725,5.5292,5.5292,0.0246,-0.7772,-0.7772,0.0000,0.2930,0.2930,0.6583
18.731,5.5316,5.5316,0.0254,-0.7764,-0.7764,0.0000,0.2930,0.2930,0.6581
18.739,5.4669,5.4669,0.0265,-0.7062,-0.7062,0.0000,0.2608,0.2608,0.6579
18.744,5.4691,5.4691,0.0278,-0.7055,-0.7055,0.0000,0.2608,0.2608,0.6576
18.748,5.4705,5.4705,0.0288,-0.7051,-0.7051,0.0000,0.2608,0.2608,0.6574
18.752,5.4720,5.4720,0.0295,-0.7046,-0.7046,0.0000,0.2608,0.2608,0.6573
18.756,5.4734,5.4734,0.0302,-0.7042,-0.7042,0.0000,0.2608,0.2608,0.6571
18.760,5.4080,5.4080,0.0309,-0.6398,-0.6398,0.0000,0.3199,0.3199,0.6570
18.765,5.4096,5.4096,0.0316,-0.6392,-0.6392,0.0000,0.3199,0.3199,0.6569
18.769,5.4109,5.4109,0.0324,-0.6387,-0.6387,0.0000,0.3199,0.3199,0.6567
18.773,5.4122,5.4122,0.0331,-0.6381,-0.6381,0.0000,0.3199,0.3199,0.6566
18.778,5.3456,5.3456,0.0338,-0.5683,-0.5683,0.0000,0.1993,0.1993,0.6564
18.783,5.3470,5.3470,0.0347,-0.5677,-0.5677,0.0000,0.1993,0.1993,0.6562
18.787,5.3482,5.3482,0.0355,-0.5672,-0.5672,0.0000,0.1993,0.1993,0.6561
18.791,5.3495,5.3495,0.0361,-0.5666,-0.5666,0.0000,0.1993,0.1993,0.6559
18.796,5.3509,5.3509,0.0369,-0.5659,-0.5659,0.0000,0.1993,0.1993,0.6557
18.800,5.2841,5.2841,0.0376,-0.4993,-0.4993,0.0000,0.0880,0.0880,0.6555
18.805,5.2855,5.2855,0.0382,-0.4985,-0.4985,0.0000,0.0880,0.0880,0.6554
18.810,5.2868,5.2868,0.0390,-0.4979,-0.4979,0.0000,0.0880,0.0880,0.6552
18.815,5.2881,5.2881,0.0398,-0.4971,-0.4971,0.0000,0.0880,0.0880,0.6550
18.819,5.2233,5.2233,0.0406,-0.4355,-0.4355,0.0000,0.0910,0.0910,0.6547
18.824,5.2247,5.2247,0.0412,-0.4345,-0.4345,0.0000,0.0910,0.0910,0.6546
18.829,5.2256,5.2256,0.0421,-0.4342,-0.4342,0.0000,0.0910,0.0910,0.6543
18.833,5.2266,5.2266,0.0427,-0.4338,-0.4338,0.0000,0.0910,0.0910,0.6542
18.839,5.1630,5.1630,0.0434,-0.3746,-0.3746,0.0000,0.1000,0.1000,0.6540
18.848,5.1650,5.1650,0.0442,-0.3736,-0.3736,0.0000,0.1000,0.1000,0.6537
18.858,5.1029,5.1029,0.0456,-0.3169,-0.3169,0.0000,0.1051,0.1051,0.6534
18.866,5.1043,5.1043,0.0470,-0.3164,-0.3164,0.0000,0.1051,0.1051,0.6529
18.870,5.1051,5.1051,0.0480,-0.3163,-0.3163,0.0000,0.1051,0.1051,0.6526
18.875,5.1059,5.1059,0.0487,-0.3160,-0.3160,0.0000,0.1051,0.1051,0.6525
18.880,5.0435,5.0435,0.0493,-0.2625,-0.2625,0.0000,0.1111,0.1111,0.6523
18.885,5.0444,5.0444,0.0499,-0.2623,-0.2623,0.0000,0.1111,0.1111,0.6521
18.889,5.0450,5.0450,0.0507,-0.2619,-0.2619,0.0000,0.1111,0.1111,0.6519
18.893,5.0457,5.0457,0.0512,-0.2615,-0.2615,0.0000,0.1111,0.1111,0.6517
18.897,5.0463,5.0463,0.0518,-0.2608,-0.2608,0.0000,0.1111,0.1111,0.6516
18.901,4.9845,4.9845,0.0523,-0.2102,-0.2102,0.0000,0.1099,0.1099,0.6514
18.906,4.9852,4.9852,0.0528,-0.2100,-0.2100,0.0000,0.1099,0.1099,0.6513
18.910,4.9858,4.9858,0.0534,-0.2098,-0.2098,0.0000,0.1099,0.1099,0.6511
18.915,4.9864,4.9864,0.0539,-0.2095,-0.2095,0.0000,0.1099,0.1099,0.6510
18.920,4.9258,4.9258,0.0545,-0.1623,-0.1623,0.0000,0.0998,0.0998,0.6508
18.925,4.9265,4.9265,0.0551,-0.1619,-0.1619,0.0000,0.0998,0.0998,0.6506
18.930,4.9271,4.9271,0.0558,-0.1615,-0.1615,0.0000,0.0998,0.0998,0.6504
18.934,4.9276,4.9276,0.0564,-0.1612,-0.1612,0.0000,0.0998,0.0998,0.6502
18.938,4.8678,4.8678,0.0569,-0.1172,-0.1172,0.0000,0.0816,0.0816,0.6500
18.943,4.8684,4.8684,0.0573,-0.1167,-0.1167,0.0000,0.0816,0.0816,0.6499
18.951,4.8693,4.8693,0.0579,-0.1159,-0.1159,0.0000,0.0816,0.0816,0.6497
18.955,4.8696,4.8696,0.0589,-0.1156,-0.1156,0.0000,0.0816,0.0816,0.6494
18.958,4.8109,4.8109,0.0593,-0.0746,-0.0746,0.0000,0.0561,0.0561,0.6493
18.962,4.8113,4.8113,0.0597,-0.0742,-0.0742,0.0000,0.0561,0.0561,0.6491
18.966,4.8117,4.8117,0.0602,-0.0745,-0.0745,0.0000,0.0561,0.0561,0.6490
18.969,4.8120,4.8120,0.0606,-0.0741,-0.0741,0.0000,0.0561,0.0561,0.6488
18.972,4.8123,4.8123,0.0609,-0.0737,-0.0737,0.0000,0.0561,0.0561,0.6487
18.976,4.8126,4.8126,0.0613,-0.0740,-0.0740,0.0000,0.0561,0.0561,0.6486
18.980,4.7551,4.7551,0.0616,-0.0367,-0.0367,0.0000,0.0246,0.0246,0.6485
18.984,4.7555,4.7555,0.0621,-0.0370,-0.0370,0.0000,0.0246,0.0246,0.6483
18.988,4.7557,4.7557,0.0626,-0.0365,-0.0365,0.0000,0.0246,0.0246,0.6481
18.991,4.7560,4.7560,0.0629,-0.0361,-0.0361,0.0000,0.0246,0.0246,0.6480
18.995,4.7564,4.7564,0.0633,-0.0363,-0.0363,0.0000,0.0246,0.0246,0.6479
18.999,4.7002,4.7002,0.0638,-0.0051,-0.0051,0.0000,0.0890,0.0890,0.6477
19.007,4.7008,4.7008,0.0641,-0.0054,-0.0054,0.0000,0.0890,0.0890,0.6475
19.013,4.7012,4.7012,0.0650,-0.0056,-0.0056,0.0000,0.0890,0.0890,0.6473
19.016,4.7015,4.7015,0.0655,-0.0057,-0.0057,0.0000,0.0890,0.0890,0.6471
19.020,4.6462,4.6462,0.0659,0.0288,0.0288,0.0000,-0.0183,-0.0183,0.6469
19.024,4.6465,4.6465,0.0662,0.0287,0.0287,0.0288,-0.0183,-0.0183,0.6468
19.027,4.6467,4.6467,0.0666,0.0287,0.0287,0.0287,-0.0183,-0.0183,0.6467
19.031,4.6470,4.6470,0.0669,0.0287,0.0287,0.0287,-0.0183,-0.0183,0.6465
19.034,4.6472,4.6472,0.0673,0.0286,0.0286,0.0287,-0.0183,-0.0183,0.6464
19.037,4.6474,4.6474,0.0676,0.0286,0.0286,0.0286,-0.0183,-0.0183,0.6463
19.042,4.5933,4.5933,0.0679,0.0611,0.0611,0.0286,-0.1221,-0.1221,0.6461
19.046,4.5935,4.5935,0.0683,0.0617,0.0617,0.0611,-0.1221,-0.1221,0.6459
19.050,4.5937,4.5937,0.0687,0.0617,0.0617,0.0617,-0.1221,-0.1221,0.6457
19.054,4.5940,4.5940,0.0690,0.0623,0.0623,0.0617,-0.1221,-0.1221,0.6456
19.061,4.5410,4.5410,0.0695,0.0948,0.0948,0.0623,-0.2230,-0.2230,0.6454
19.065,4.5413,4.5413,0.0701,0.0949,0.0949,0.0948,-0.2230,-0.2230,0.6451
19.069,4.5414,4.5414,0.0705,0.0949,0.0949,0.0949,-0.2230,-0.2230,0.6449
19.072,4.5416,4.5416,0.0707,0.0950,0.0950,0.0949,-0.2230,-0.2230,0.6447
19.075,4.5418,4.5418,0.0710,0.0956,0.0956,0.0950,-0.2230,-0.2230,0.6445
19.080,4.4901,4.4901,0.0713,0.1164,0.1164,0.0956,-0.1874,-0.1874,0.6444
19.084,4.4903,4.4903,0.0717,0.1166,0.1166,0.1164,-0.1874,-0.1874,0.6442
19.088,4.4905,4.4905,0.0721,0.1167,0.1167,0.1166,-0.1874,-0.1874,0.6440
19.091,4.4906,4.4906,0.0724,0.1173,0.1173,0.1167,-0.1874,-0.1874,0.6438
19.095,4.4908,4.4908,0.0727,0.1175,0.1175,0.1173,-0.1874,-0.1874,0.6437
19.099,4.4401,4.4401,0.0730,0.1357,0.1357,0.1175,-0.1610,-0.1610,0.6435
19.103,4.4403,4.4403,0.0733,0.1359,0.1359,0.1357,-0.1610,-0.1610,0.6433
19.106,4.4404,4.4404,0.0736,0.1361,0.1361,0.1359,-0.1610,-0.1610,0.6432
19.109,4.4406,4.4406,0.0738,0.1363,0.1363,0.1361,-0.1610,-0.1610,0.6430
19.113,4.4407,4.4407,0.0741,0.1341,0.1341,0.1363,-0.1610,-0.1610,0.6429
19.117,4.4409,4.4409,0.0744,0.1321,0.1321,0.1341,-0.1610,-0.1610,0.6427
19.120,4.3909,4.3909,0.0747,0.1524,0.1524,0.1321,-0.2100,-0.2100,0.6426
19.124,4.3911,4.3911,0.0749,0.1527,0.1527,0.1524,-0.2100,-0.2100,0.6424
19.127,4.3912,4.3912,0.0752,0.1507,0.1507,0.1527,-0.2100,-0.2100,0.6423
19.131,4.3914,4.3914,0.0755,0.1511,0.1511,0.1507,-0.2100,-0.2100,0.6421
19.135,4.3915,4.3915,0.0758,0.1516,0.1516,0.1511,-0.2100,-0.2100,0.6419
19.138,4.3433,4.3433,0.0760,0.1630,0.1630,0.1516,-0.1747,-0.1747,0.6418
19.142,4.3434,4.3434,0.0763,0.1635,0.1635,0.1630,-0.1747,-0.1747,0.6416
19.146,4.3435,4.3435,0.0766,0.1641,0.1641,0.1635,-0.1747,-0.1747,0.6415
19.149,4.3436,4.3436,0.0768,0.1646,0.1646,0.1641,-0.1747,-0.1747,0.6413
19.158,4.3439,4.3439,0.0771,0.1658,0.1658,0.1646,-0.1747,-0.1747,0.6412
19.166,4.2970,4.2970,0.0777,0.1785,0.1785,0.1658,-0.1442,-0.1442,0.6408
19.170,4.2971,4.2971,0.0782,0.1761,0.1761,0.1785,-0.1442,-0.1442,0.6405
19.174,4.2972,4.2972,0.0785,0.1767,0.1767,0.1761,-0.1442,-0.1442,0.6403
19.177,4.2973,4.2973,0.0788,0.1773,0.1773,0.1767,-0.1442,-0.1442,0.6402
19.181,4.2506,4.2506,0.0790,0.1913,0.1913,0.1773,-0.1859,-0.1859,0.6400
19.185,4.2507,4.2507,0.0792,0.1920,0.1920,0.1913,-0.1859,-0.1859,0.6399
19.188,4.2508,4.2508,0.0795,0.1926,0.1926,0.1920,-0.1859,-0.1859,0.6397
19.192,4.2508,4.2508,0.0797,0.1907,0.1907,0.1926,-0.1859,-0.1859,0.6396
19.195,4.2509,4.2509,0.0799,0.1886,0.1886,0.1907,-0.1859,-0.1859,0.6395
19.199,4.2061,4.2061,0.0801,0.1969,0.1969,0.1886,-0.1677,-0.1677,0.6393
19.203,4.2062,4.2062,0.0804,0.1977,0.1977,0.1969,-0.1677,-0.1677,0.6392
19.206,4.2063,4.2063,0.0806,0.1977,0.1977,0.1977,-0.1677,-0.1677,0.6390
19.209,4.2063,4.2063,0.0808,0.1976,0.1976,0.1977,-0.1677,-0.1677,0.6389
19.213,4.2064,4.2064,0.0810,0.1954,0.1954,0.1976,-0.1677,-0.1677,0.6388
19.217,4.2065,4.2065,0.0812,0.1936,0.1936,0.1954,-0.1677,-0.1677,0.6386
19.220,4.1627,4.1627,0.0814,0.1993,0.1993,0.1936,-0.1583,-0.1583,0.6385
19.224,4.1628,4.1628,0.0816,0.1972,0.1972,0.1993,-0.1583,-0.1583,0.6384
19.228,4.1628,4.1628,0.0819,0.1973,0.1973,0.1972,-0.1583,-0.1583,0.6382
19.231,4.1629,4.1629,0.0821,0.1975,0.1975,0.1973,-0.1583,-0.1583,0.6381
19.235,4.1630,4.1630,0.0823,0.1958,0.1958,0.1975,-0.1583,-0.1583,0.6379
19.238,4.1190,4.1190,0.0825,0.2010,0.2010,0.1958,-0.2166,-0.2166,0.6378
19.242,4.1191,4.1191,0.0826,0.1990,0.1990,0.2010,-0.2166,-0.2166,0.6377
19.246,4.1192,4.1192,0.0829,0.1971,0.1971,0.1990,-0.2166,-0.2166,0.6375
19.249,4.1192,4.1192,0.0831,0.1975,0.1975,0.1971,-0.2166,-0.2166,0.6374
19.252,4.1193,4.1193,0.0832,0.1978,0.1978,0.1975,-0.2166,-0.2166,0.6372
19.256,4.1194,4.1194,0.0834,0.1962,0.1962,0.1978,-0.2166,-0.2166,0.6371
19.260,4.0780,4.0780,0.0836,0.1937,0.1937,0.1962,-0.2003,-0.2003,0.6370
19.268,4.0782,4.0782,0.0838,0.1900,0.1900,0.1937,-0.2003,-0.2003,0.6368
19.272,4.0782,4.0782,0.0842,0.1906,0.1906,0.1900,-0.2003,-0.2003,0.6365
19.276,4.0783,4.0783,0.0844,0.1888,0.1888,0.1906,-0.2003,-0.2003,0.6364
19.280,4.0379,4.0379,0.0846,0.1867,0.1867,0.1888,-0.1906,-0.1906,0.6362
19.284,4.0380,4.0380,0.0848,0.1847,0.1847,0.1867,-0.1906,-0.1906,0.6361
19.288,4.0381,4.0381,0.0850,0.1833,0.1833,0.1847,-0.1906,-0.1906,0.6359
19.291,4.0381,4.0381,0.0852,0.1818,0.1818,0.1833,-0.1906,-0.1906,0.6358
19.295,4.0382,4.0382,0.0853,0.1827,0.1827,0.1818,-0.1906,-0.1906,0.6356
19.299,3.9988,3.9988,0.0855,0.1777,0.1777,0.1827,-0.1854,-0.1854,0.6355
19.308,3.9989,3.9989,0.0857,0.1739,0.1739,0.1777,-0.1854,-0.1854,0.6354
19.314,3.9990,3.9990,0.0861,0.1715,0.1715,0.1739,-0.1854,-0.1854,0.6350
19.319,3.9607,3.9607,0.0863,0.1634,0.1634,0.1715,-0.1841,-0.1841,0.6348
19.323,3.9607,3.9607,0.0865,0.1647,0.1647,0.1634,-0.1841,-0.1841,0.6347
19.327,3.9608,3.9608,0.0867,0.1632,0.1632,0.1647,-0.1841,-0.1841,0.6345
19.331,3.9608,3.9608,0.0869,0.1617,0.1617,0.1632,-0.1841,-0.1841,0.6344
19.334,3.9608,3.9608,0.0870,0.1604,0.1604,0.1617,-0.1841,-0.1841,0.6343
19.337,3.9609,3.9609,0.0872,0.1592,0.1592,0.1604,-0.1841,-0.1841,0.6341
19.340,3.9245,3.9245,0.0873,0.1429,0.1429,0.1592,-0.1522,-0.1522,0.6340
19.345,3.9246,3.9246,0.0874,0.1413,0.1413,0.1429,-0.1522,-0.1522,0.6339
19.348,3.9246,3.9246,0.0876,0.1401,0.1401,0.1413,-0.1522,-0.1522,0.6338
19.352,3.9246,3.9246,0.0877,0.1413,0.1413,0.1401,-0.1522,-0.1522,0.6337
19.355,3.9247,3.9247,0.0879,0.1401,0.1401,0.1413,-0.1522,-0.1522,0.6335
19.358,3.8876,3.8876,0.0880,0.1234,0.1234,0.1401,-0.1800,-0.1800,0.6334
19.363,3.8877,3.8877,0.0881,0.1252,0.1252,0.1234,-0.1800,-0.1800,0.6333
19.368,3.8877,3.8877,0.0883,0.1237,0.1237,0.1252,-0.1800,-0.1800,0.6332
19.375,3.8878,3.8878,0.0883,0.1213,0.1213,0.1237,-0.1800,-0.1800,0.6330
19.378,3.8520,3.8520,0.0883,0.0992,0.0992,0.1213,-0.2000,-0.2000,0.6328
19.383,3.8520,3.8520,0.0883,0.0978,0.0978,0.0992,-0.2000,-0.2000,0.6327
19.386,3.8521,3.8521,0.0883,0.0968,0.0968,0.0978,-0.2000,-0.2000,0.6325
19.389,3.8521,3.8521,0.0883,0.0983,0.0983,0.0968,-0.2000,-0.2000,0.6324
19.392,3.8521,3.8521,0.0883,0.0973,0.0973,0.0983,-0.2000,-0.2000,0.6323
19.396,3.8521,3.8521,0.0883,0.0961,0.0961,0.0973,-0.2000,-0.2000,0.6322
19.400,3.8201,3.8201,0.0883,0.0659,0.0659,0.0961,-0.1395,-0.1395,0.6321
19.404,3.8201,3.8201,0.0883,0.0647,0.0647,0.0659,-0.1395,-0.1395,0.6320
19.407,3.8202,3.8202,0.0883,0.0637,0.0637,0.0647,-0.1395,-0.1395,0.6318
19.410,3.8202,3.8202,0.0883,0.0626,0.0626,0.0637,-0.1395,-0.1395,0.6317
19.414,3.8202,3.8202,0.0883,0.0615,0.0615,0.0626,-0.1395,-0.1395,0.6316
19.418,3.8202,3.8202,0.0883,0.0606,0.0606,0.0615,-0.1395,-0.1395,0.6315
19.421,3.7889,3.7889,0.0883,0.0235,0.0235,0.0606,-0.0897,-0.0897,0.6314
19.425,3.7890,3.7890,0.0883,0.0223,0.0223,0.0235,-0.0897,-0.0897,0.6313
19.429,3.7890,3.7890,0.0883,0.0245,0.0245,0.0223,-0.0897,-0.0897,0.6312
19.433,3.7890,3.7890,0.0883,0.0236,0.0236,0.0245,-0.0897,-0.0897,0.6311
19.436,3.7890,3.7890,0.0883,0.0227,0.0227,0.0236,-0.0897,-0.0897,0.6310
19.440,3.7598,3.7598,0.0883,-0.0189,-0.0189,0.0227,-0.0140,-0.0140,0.6309
19.445,3.7598,3.7598,0.0883,-0.0203,-0.0203,0.0000,-0.0140,-0.0140,0.6309
19.448,3.7598,3.7598,0.0883,-0.0183,-0.0183,0.0000,-0.0140,-0.0140,0.6307
19.452,3.7598,3.7598,0.0883,-0.0193,-0.0193,0.0000,-0.0140,-0.0140,0.6307
19.459,3.7318,3.7318,0.0883,-0.0703,-0.0703,0.0000,0.0626,0.0626,0.6306
19.465,3.7318,3.7318,0.0883,-0.0718,-0.0718,0.0000,0.0626,0.0626,0.6305
19.468,3.7318,3.7318,0.0883,-0.0726,-0.0726,0.0000,0.0626,0.0626,0.6303
19.473,3.7319,3.7319,0.0883,-0.0737,-0.0737,0.0000,0.0626,0.0626,0.6303
19.481,3.7020,3.7020,0.0883,-0.1228,-0.1228,0.0000,0.0620,0.0620,0.6302
19.485,3.7021,3.7021,0.0883,-0.1238,-0.1238,0.0000,0.0620,0.0620,0.6301
19.488,3.7021,3.7021,0.0883,-0.1216,-0.1216,0.0000,0.0620,0.0620,0.6300
19.492,3.7021,3.7021,0.0883,-0.1224,-0.1224,0.0000,0.0620,0.0620,0.6299
19.496,3.7021,3.7021,0.0883,-0.1233,-0.1233,0.0000,0.0620,0.0620,0.6299
19.499,3.6732,3.6732,0.0883,-0.1756,-0.1756,0.0000,0.0559,0.0559,0.6298
19.503,3.6732,3.6732,0.0883,-0.1765,-0.1765,0.0000,0.0559,0.0559,0.6297
19.507,3.6733,3.6733,0.0883,-0.1739,-0.1739,0.0000,0.0559,0.0559,0.6297
19.511,3.6733,3.6733,0.0883,-0.1748,-0.1748,0.0000,0.0559,0.0559,0.6296
19.514,3.6733,3.6733,0.0883,-0.1756,-0.1756,0.0000,0.0559,0.0559,0.6295
19.518,3.6453,3.6453,0.0883,-0.2320,-0.2320,0.0000,0.0428,0.0428,0.6295
19.522,3.6453,3.6453,0.0883,-0.2328,-0.2328,0.0000,0.0428,0.0428,0.6294
19.525,3.6453,3.6453,0.0883,-0.2336,-0.2336,0.0000,0.0428,0.0428,0.6293
19.529,3.6453,3.6453,0.0883,-0.2343,-0.2343,0.0000,0.0428,0.0428,0.6292
19.532,3.6453,3.6453,0.0883,-0.2350,-0.2350,0.0000,0.0428,0.0428,0.6292
19.536,3.6453,3.6453,0.0883,-0.2357,-0.2357,0.0000,0.0428,0.0428,0.6291
19.539,3.6181,3.6181,0.0883,-0.2955,-0.2955,0.0000,0.0207,0.0207,0.6290
19.543,3.6181,3.6181,0.0883,-0.2963,-0.2963,0.0000,0.0207,0.0207,0.6290
19.547,3.6181,3.6181,0.0883,-0.2970,-0.2970,0.0000,0.0207,0.0207,0.6289
19.551,3.6181,3.6181,0.0883,-0.2977,-0.2977,0.0000,0.0207,0.0207,0.6288
19.555,3.6182,3.6182,0.0883,-0.2984,-0.2984,0.0000,0.0207,0.0207,0.6287
19.558,3.5917,3.5917,0.0883,-0.3617,-0.3617,0.0000,-0.0091,-0.0091,0.6287
19.562,3.5918,3.5918,0.0883,-0.3624,-0.3624,0.0000,-0.0091,-0.0091,0.6286
19.566,3.5918,3.5918,0.0883,-0.3630,-0.3630,0.0000,-0.0091,-0.0091,0.6285
19.569,3.5918,3.5918,0.0883,-0.3636,-0.3636,0.0000,-0.0091,-0.0091,0.6284
19.574,3.5918,3.5918,0.0883,-0.3643,-0.3643,0.0000,-0.0091,-0.0091,0.6284
19.581,3.5662,3.5662,0.0883,-0.4315,-0.4315,0.0000,-0.0449,-0.0449,0.6283
19.587,3.5662,3.5662,0.0883,-0.4324,-0.4324,0.0000,-0.0449,-0.0449,0.6281
19.591,3.5663,3.5663,0.0883,-0.4290,-0.4290,0.0000,-0.0449,-0.0449,0.6280
19.594,3.5663,3.5663,0.0883,-0.4297,-0.4297,0.0000,-0.0449,-0.0449,0.6280
19.598,3.5377,3.5377,0.0883,-0.4948,-0.4948,0.0000,-0.1571,-0.1571,0.6279
19.602,3.5377,3.5377,0.0883,-0.4954,-0.4954,0.0000,-0.1571,-0.1571,0.6278
19.610,3.5377,3.5377,0.0883,-0.4883,-0.4883,0.0000,-0.1571,-0.1571,0.6277
19.617,3.5378,3.5378,0.0883,-0.4896,-0.4896,0.0000,-0.1571,-0.1571,0.6275
19.621,3.5211,3.5211,0.0883,-0.5705,-0.5705,0.0000,-0.0782,-0.0782,0.6273
19.625,3.5211,3.5211,0.0883,-0.5712,-0.5712,0.0000,-0.0782,-0.0782,0.6272
19.629,3.5211,3.5211,0.0883,-0.5719,-0.5719,0.0000,-0.0782,-0.0782,0.6271
19.633,3.5211,3.5211,0.0883,-0.5727,-0.5727,0.0000,-0.0782,-0.0782,0.6270
19.638,3.5211,3.5211,0.0883,-0.5734,-0.5734,0.0000,-0.0782,-0.0782,0.6269
19.642,3.5052,3.5052,0.0883,-0.6564,-0.6564,0.0000,-0.0079,-0.0079,0.6268
19.648,3.5052,3.5052,0.0883,-0.6574,-0.6574,0.0000,-0.0079,-0.0079,0.6268
19.653,3.5052,3.5052,0.0883,-0.6527,-0.6527,0.0000,-0.0079,-0.0079,0.6267
19.658,3.5052,3.5052,0.0883,-0.6534,-0.6534,0.0000,-0.0079,-0.0079,0.6266
19.662,3.4850,3.4850,0.0883,-0.7348,-0.7348,0.0000,-0.0253,-0.0253,0.6265
19.666,3.4850,3.4850,0.0883,-0.7356,-0.7356,0.0000,-0.0253,-0.0253,0.6264
19.671,3.4850,3.4850,0.0883,-0.7364,-0.7364,0.0000,-0.0253,-0.0253,0.6263
19.676,3.4850,3.4850,0.0883,-0.7372,-0.7372,0.0000,-0.0253,-0.0253,0.6263
19.684,3.4658,3.4658,0.0883,-0.8226,-0.8226,0.0000,-0.0446,-0.0446,0.6262
19.688,3.4658,3.4658,0.0883,-0.8233,-0.8233,0.0000,-0.0446,-0.0446,0.6260
19.692,3.4658,3.4658,0.0883,-0.8238,-0.8238,0.0000,-0.0446,-0.0446,0.6260
19.696,3.4658,3.4658,0.0883,-0.8243,-0.8243,0.0000,-0.0446,-0.0446,0.6259
19.699,3.4486,3.4486,0.0883,-0.9130,-0.9130,0.0000,-0.0492,-0.0492,0.6258
19.703,3.4486,3.4486,0.0883,-0.9136,-0.9136,0.0000,-0.0492,-0.0492,0.6258
19.706,3.4486,3.4486,0.0883,-0.9178,-0.9178,0.0000,-0.0492,-0.0492,0.6257
19.710,3.4486,3.4486,0.0883,-0.9182,-0.9182,0.0000,-0.0492,-0.0492,0.6257
19.714,3.4486,3.4486,0.0883,-0.9186,-0.9186,0.0000,-0.0492,-0.0492,0.6256
19.717,3.4486,3.4486,0.0883,-0.9190,-0.9190,0.0000,-0.0492,-0.0492,0.6255
19.720,3.4346,3.4346,0.0883,-1.0128,-1.0128,0.0000,-0.0202,-0.0202,0.6255
19.725,3.4346,3.4346,0.0883,-1.0133,-1.0133,0.0000,-0.0202,-0.0202,0.6254
19.729,3.4346,3.4346,0.0883,-1.0137,-1.0137,0.0000,-0.0202,-0.0202,0.6254
19.733,3.4346,3.4346,0.0883,-1.0140,-1.0140,0.0000,-0.0202,-0.0202,0.6253
19.736,3.4346,3.4346,0.0883,-1.0143,-1.0143,0.0000,-0.0202,-0.0202,0.6252
19.739,3.4215,3.4215,0.0883,-1.1115,-1.1115,0.0000,0.0096,0.0096,0.6252
19.744,3.4215,3.4215,0.0883,-1.1119,-1.1119,0.0000,0.0096,0.0096,0.6251
19.747,3.4215,3.4215,0.0883,-1.1122,-1.1122,0.0000,0.0096,0.0096,0.6251
19.751,3.4215,3.4215,0.0883,-1.1125,-1.1125,0.0000,0.0096,0.0096,0.6250
19.755,3.4216,3.4216,0.0883,-1.1129,-1.1129,0.0000,0.0096,0.0096,0.6250
19.763,3.4153,3.4153,0.0883,-1.2192,-1.2192,0.0000,0.1304,0.1304,0.6249
19.768,3.4153,3.4153,0.0883,-1.2196,-1.2196,0.0000,0.1304,0.1304,0.6248
19.772,3.4153,3.4153,0.0883,-1.2199,-1.2199,0.0000,0.1304,0.1304,0.6248
19.775,3.4153,3.4153,0.0883,-1.2201,-1.2201,0.0000,0.1304,0.1304,0.6247
19.780,3.3916,3.3916,0.0883,-1.3100,-1.3100,0.0000,-0.0372,-0.0372,0.6247
19.788,3.3916,3.3916,0.0883,-1.3105,-1.3105,0.0000,-0.0372,-0.0372,0.6246
19.791,3.3916,3.3916,0.0883,-1.3108,-1.3108,0.0000,-0.0372,-0.0372,0.6245
19.795,3.3916,3.3916,0.0883,-1.3159,-1.3159,0.0000,-0.0372,-0.0372,0.6245
19.798,3.3852,3.3852,0.0883,-1.4253,-1.4253,0.0000,0.0391,0.0391,0.6244
19.802,3.3852,3.3852,0.0883,-1.4254,-1.4254,0.0000,0.0391,0.0391,0.6243
19.806,3.3852,3.3852,0.0883,-1.4255,-1.4255,0.0000,0.0391,0.0391,0.6243
19.810,3.3852,3.3852,0.0883,-1.4256,-1.4256,0.0000,0.0391,0.0391,0.6242
19.813,3.3852,3.3852,0.0883,-1.4258,-1.4258,0.0000,0.0391,0.0391,0.6242
19.818,3.3791,3.3791,0.0883,-1.5358,-1.5358,0.0000,0.1014,0.1014,0.6241
19.822,3.3791,3.3791,0.0883,-1.5360,-1.5360,0.0000,0.1014,0.1014,0.6241
19.825,3.3791,3.3791,0.0883,-1.5361,-1.5361,0.0000,0.1014,0.1014,0.6240
19.829,3.3791,3.3791,0.0883,-1.5362,-1.5362,0.0000,0.1014,0.1014,0.6240
19.833,3.3791,3.3791,0.0883,-1.5422,-1.5422,0.0000,0.1014,0.1014,0.6240
19.837,3.3791,3.3791,0.0883,-1.5421,-1.5421,0.0000,0.1014,0.1014,0.6239
19.841,3.3666,3.3666,0.0883,-1.6500,-1.6500,0.0000,0.0567,0.0567,0.6239
19.845,3.3666,3.3666,0.0883,-1.6499,-1.6499,0.0000,0.0567,0.0567,0.6239
19.850,3.3666,3.3666,0.0883,-1.6497,-1.6497,0.0000,0.0567,0.0567,0.6238
19.854,3.3666,3.3666,0.0883,-1.6550,-1.6550,0.0000,0.0567,0.0567,0.6237
19.857,3.3666,3.3666,0.0883,-1.6548,-1.6548,0.0000,0.0567,0.0567,0.6237
19.860,3.3548,3.3548,0.0883,-1.7586,-1.7586,0.0000,0.0037,0.0037,0.6237
19.865,3.3548,3.3548,0.0883,-1.7583,-1.7583,0.0000,0.0037,0.0037,0.6236
19.872,3.3548,3.3548,0.0883,-1.7674,-1.7674,0.0000,0.0037,0.0037,0.6235
19.882,3.3434,3.3434,0.0883,-1.8706,-1.8706,0.0000,-0.0582,-0.0582,0.6235
19.890,3.2628,3.2628,0.0883,-1.8698,-1.8698,0.0000,-0.0582,-0.0582,0.6233
19.899,3.1050,3.1050,0.0883,-1.9831,-1.9831,0.0000,-0.0038,-0.0038,0.6231
19.903,3.0331,3.0331,0.0883,-1.9827,-1.9827,0.0000,-0.0038,-0.0038,0.6230
19.907,2.9709,2.9709,0.0883,-1.9823,-1.9823,0.0000,-0.0038,-0.0038,0.6230
19.917,2.8070,2.8070,0.0883,-1.9963,-1.9963,0.0000,-0.0038,-0.0038,0.6229
19.923,2.7306,2.7306,0.0883,-2.1106,-2.1106,0.0000,0.0716,0.0716,0.6228
19.927,2.6606,2.6606,0.0883,-2.1097,-2.1097,0.0000,0.0716,0.0716,0.6227
19.931,2.6021,2.6021,0.0883,-2.1090,-2.1090,0.0000,0.0716,0.0716,0.6227
19.935,2.5473,2.5473,0.0883,-2.1084,-2.1084,0.0000,0.0716,0.0716,0.6226
19.939,2.4889,2.4889,0.0883,-2.2134,-2.2134,0.0000,0.0319,0.0319,0.6226
19.946,2.4027,2.4027,0.0883,-2.2124,-2.2124,0.0000,0.0319,0.0319,0.6225
19.950,2.3521,2.3521,0.0883,-2.2118,-2.2118,0.0000,0.0319,0.0319,0.6225
19.954,2.3050,2.3050,0.0883,-2.2113,-2.2113,0.0000,0.0319,0.0319,0.6224
19.958,2.2561,2.2561,0.0883,-2.2107,-2.2107,0.0000,0.0319,0.0319,0.6224
19.962,2.1946,2.1946,0.0883,-2.3155,-2.3155,0.0000,-0.0022,-0.0022,0.6223
19.967,2.1409,2.1409,0.0883,-2.3149,-2.3149,0.0000,-0.0022,-0.0022,0.6222
19.971,2.0984,2.0984,0.0883,-2.3144,-2.3144,0.0000,-0.0022,-0.0022,0.6222
19.975,2.0539,2.0539,0.0883,-2.3139,-2.3139,0.0000,-0.0022,-0.0022,0.6221
19.979,2.0052,2.0052,0.0883,-2.4292,-2.4292,0.0000,0.0308,0.0308,0.6221
19.984,1.9584,1.9584,0.0883,-2.4349,-2.4349,0.0000,0.0308,0.0308,0.6220
19.988,1.9186,1.9186,0.0883,-2.4398,-2.4398,0.0000,0.0308,0.0308,0.6220
19.992,1.8737,1.8737,0.0883,-2.4388,-2.4388,0.0000,0.0308,0.0308,0.6219
19.997,1.8313,1.8313,0.0883,-2.4378,-2.4378,0.0000,0.0308,0.0308,0.6219
20.001,1.7883,1.7883,0.0883,-2.5459,-2.5459,0.0000,0.0799,0.0799,0.6218
20.011,1.7013,1.7013,0.0883,-2.5440,-2.5440,0.0000,0.0799,0.0799,0.6218
20.015,1.6625,1.6625,0.0883,-2.5431,-2.5431,0.0000,0.0799,0.0799,0.6217
20.019,1.6287,1.6287,0.0883,-2.6490,-2.6490,0.0000,0.1181,0.1181,0.6217
20.024,1.5882,1.5882,0.0883,-2.6481,-2.6481,0.0000,0.1181,0.1181,0.6216
20.028,1.5531,1.5531,0.0883,-2.6473,-2.6473,0.0000,0.1181,0.1181,0.6216
20.032,1.5233,1.5233,0.0883,-2.6521,-2.6521,0.0000,0.1181,0.1181,0.6216
20.036,1.4915,1.4915,0.0883,-2.6512,-2.6512,0.0000,0.1181,0.1181,0.6215
20.040,1.4625,1.4625,0.0880,-2.7545,-2.7545,0.0000,0.1422,0.1422,0.6215
20.045,1.4265,1.4265,0.0877,-2.7605,-2.7605,0.0000,0.1422,0.1422,0.6215
20.049,1.3981,1.3981,0.0872,-2.7596,-2.7596,0.0000,0.1422,0.1422,0.6215
20.053,1.3696,1.3696,0.0869,-2.7587,-2.7587,0.0000,0.1422,0.1422,0.6215
20.057,1.3433,1.3433,0.0866,-2.7579,-2.7579,0.0000,0.1422,0.1422,0.6214
20.061,1.3103,1.3103,0.0862,-2.8646,-2.8646,0.0000,0.1490,0.1490,0.6214
20.070,1.2500,1.2500,0.0858,-2.8623,-2.8623,0.0000,0.1490,0.1490,0.6214
20.075,1.2175,1.2175,0.0849,-2.8611,-2.8611,0.0000,0.1490,0.1490,0.6214
20.080,1.1804,1.1804,0.0844,-2.9558,-2.9558,0.0000,0.0135,0.0135,0.6213
20.084,1.1527,1.1527,0.0840,-2.9612,-2.9612,0.0000,0.0135,0.0135,0.6213
20.089,1.1273,1.1273,0.0836,-2.9599,-2.9599,0.0000,0.0135,0.0135,0.6212
20.093,1.1005,1.1005,0.0832,-2.9586,-2.9586,0.0000,0.0135,0.0135,0.6212
20.098,1.0775,1.0775,0.0827,-2.9574,-2.9574,0.0000,0.0135,0.0135,0.6211
20.102,1.0420,1.0420,0.0823,-3.0432,-3.0432,0.0000,-0.1259,-0.1259,0.6211
20.111,0.9974,0.9974,0.0818,-3.0411,-3.0411,0.0000,-0.1259,-0.1259,0.6210
20.115,0.9769,0.9769,0.0810,-3.0458,-3.0458,0.0000,-0.1259,-0.1259,0.6208
20.119,0.9582,0.9582,0.0805,-3.1368,-3.1368,0.0000,-0.1344,-0.1344,0.6208
20.123,0.9372,0.9372,0.0802,-3.1418,-3.1418,0.0000,-0.1344,-0.1344,0.6207
20.127,0.9166,0.9166,0.0797,-3.1405,-3.1405,0.0000,-0.1344,-0.1344,0.6206
20.131,0.8980,0.8980,0.0793,-3.1393,-3.1393,0.0000,-0.1344,-0.1344,0.6205
20.135,0.8818,0.8818,0.0788,-3.1434,-3.1434,0.0000,-0.1344,-0.1344,0.6205
20.139,0.8655,0.8655,0.0785,-3.2301,-3.2301,0.0000,-0.1538,-0.1538,0.6204
20.143,0.8457,0.8457,0.0781,-3.2287,-3.2287,0.0000,-0.1538,-0.1538,0.6203
20.147,0.8272,0.8272,0.0776,-3.2335,-3.2335,0.0000,-0.1538,-0.1538,0.6203
20.151,0.8113,0.8113,0.0772,-3.2376,-3.2376,0.0000,-0.1538,-0.1538,0.6202
20.155,0.7964,0.7964,0.0768,-3.2415,-3.2415,0.0000,-0.1538,-0.1538,0.6201
20.158,0.7768,0.7768,0.0764,-3.3250,-3.3250,0.0000,-0.2921,-0.2921,0.6200
20.163,0.7569,0.7569,0.0760,-3.3301,-3.3301,0.0000,-0.2921,-0.2921,0.6200
20.167,0.7415,0.7415,0.0755,-3.3340,-3.3340,0.0000,-0.2921,-0.2921,0.6198
20.171,0.7276,0.7276,0.0750,-3.3375,-3.3375,0.0000,-0.2921,-0.2921,0.6197
20.174,0.7141,0.7141,0.0746,-3.3408,-3.3408,0.0000,-0.2921,-0.2921,0.6196
20.179,0.7001,0.7001,0.0742,-3.4261,-3.4261,0.0000,-0.3119,-0.3119,0.6196
20.183,0.6838,0.6838,0.0738,-3.4302,-3.4302,0.0000,-0.3119,-0.3119,0.6194
20.187,0.6703,0.6703,0.0733,-3.4335,-3.4335,0.0000,-0.3119,-0.3119,0.6193
20.190,0.6584,0.6584,0.0729,-3.4364,-3.4364,0.0000,-0.3119,-0.3119,0.6192
20.194,0.6461,0.6461,0.0725,-3.4393,-3.4393,0.0000,-0.3119,-0.3119,0.6191
20.198,0.6338,0.6338,0.0721,-3.4423,-3.4423,0.0000,-0.3119,-0.3119,0.6191
20.201,0.6255,0.6255,0.0717,-3.5187,-3.5187,0.0000,-0.3331,-0.3331,0.6190
20.205,0.6128,0.6128,0.0713,-3.5218,-3.5218,0.0000,-0.3331,-0.3331,0.6189
20.209,0.5986,0.5986,0.0709,-3.5253,-3.5253,0.0000,-0.3331,-0.3331,0.6188
20.216,0.5751,0.5751,0.0704,-3.5206,-3.5206,0.0000,-0.3331,-0.3331,0.6187
20.224,0.5577,0.5577,0.0696,-3.6022,-3.6022,0.0000,-0.3314,-0.3314,0.6185
20.229,0.5403,0.5403,0.0688,-3.6066,-3.6066,0.0000,-0.3314,-0.3314,0.6183
20.233,0.5305,0.5305,0.0682,-3.6090,-3.6090,0.0000,-0.3314,-0.3314,0.6182
20.236,0.5212,0.5212,0.0678,-3.6113,-3.6113,0.0000,-0.3314,-0.3314,0.6181
20.239,0.5234,0.5234,0.0675,-3.6877,-3.6877,0.0000,-0.1830,-0.1830,0.6180
20.244,0.5115,0.5115,0.0671,-3.6847,-3.6847,0.0000,-0.1830,-0.1830,0.6179
20.247,0.5013,0.5013,0.0666,-3.6873,-3.6873,0.0000,-0.1830,-0.1830,0.6179
20.250,0.4924,0.4924,0.0662,-3.6895,-3.6895,0.0000,-0.1830,-0.1830,0.6178
20.254,0.4836,0.4836,0.0659,-3.6917,-3.6917,0.0000,-0.1830,-0.1830,0.6177
20.257,0.4747,0.4747,0.0655,-3.6939,-3.6939,0.0000,-0.1830,-0.1830,0.6177
20.261,0.4763,0.4763,0.0651,-3.7654,-3.7654,0.0000,-0.0497,-0.0497,0.6176
20.265,0.4654,0.4654,0.0647,-3.7681,-3.7681,0.0000,-0.0497,-0.0497,0.6176
20.268,0.4568,0.4568,0.0642,-3.7701,-3.7701,0.0000,-0.0497,-0.0497,0.6176
20.272,0.4469,0.4469,0.0639,-3.7746,-3.7746,0.0000,-0.0497,-0.0497,0.6175
20.276,0.4369,0.4369,0.0635,-3.7769,-3.7769,0.0000,-0.0497,-0.0497,0.6175
20.280,0.4326,0.4326,0.0630,-3.8448,-3.8448,0.0000,-0.0493,-0.0493,0.6175
20.284,0.4227,0.4227,0.0626,-3.8469,-3.8469,0.0000,-0.0493,-0.0493,0.6174
20.288,0.4134,0.4134,0.0622,-3.8490,-3.8490,0.0000,-0.0493,-0.0493,0.6174
20.291,0.4051,0.4051,0.0617,-3.8507,-3.8507,0.0000,-0.0493,-0.0493,0.6174
20.295,0.3960,0.3960,0.0613,-3.8474,-3.8474,0.0000,-0.0493,-0.0493,0.6174
20.298,0.3869,0.3869,0.0609,-3.9149,-3.9149,0.0000,-0.1777,-0.1777,0.6173
20.303,0.3771,0.3771,0.0606,-3.9195,-3.9195,0.0000,-0.1777,-0.1777,0.6173
20.306,0.3689,0.3689,0.0601,-3.9212,-3.9212,0.0000,-0.1777,-0.1777,0.6172
20.310,0.3606,0.3606,0.0597,-3.9249,-3.9249,0.0000,-0.1777,-0.1777,0.6171
20.313,0.3521,0.3521,0.0593,-3.9266,-3.9266,0.0000,-0.1777,-0.1777,0.6171
20.319,0.3476,0.3476,0.0589,-3.9852,-3.9852,0.0000,-0.1498,-0.1498,0.6170
20.326,0.3303,0.3303,0.0583,-3.9884,-3.9884,0.0000,-0.1498,-0.1498,0.6169
20.330,0.3217,0.3217,0.0575,-3.9900,-3.9900,0.0000,-0.1498,-0.1498,0.6168
20.334,0.3141,0.3141,0.0570,-3.9913,-3.9913,0.0000,-0.1498,-0.1498,0.6168
20.337,0.3069,0.3069,0.0567,-3.9944,-3.9944,0.0000,-0.1498,-0.1498,0.6167
20.340,0.3209,0.3209,0.0563,-4.0325,-4.0325,0.0000,0.1236,0.1236,0.6167
20.345,0.3114,0.3114,0.0559,-4.0340,-4.0340,0.0000,0.1236,0.1236,0.6167
20.348,0.3035,0.3035,0.0555,-4.0352,-4.0352,0.0000,0.1236,0.1236,0.6167
20.352,0.2964,0.2964,0.0551,-4.0363,-4.0363,0.0000,0.1236,0.1236,0.6167
20.355,0.2894,0.2894,0.0547,-4.0374,-4.0374,0.0000,0.1236,0.1236,0.6167
20.358,0.2804,0.2804,0.0544,-4.1023,-4.1023,0.0000,-0.0270,-0.0270,0.6167
20.363,0.2709,0.2709,0.0540,-4.1061,-4.1061,0.0000,-0.0270,-0.0270,0.6166
20.366,0.2633,0.2633,0.0535,-4.1091,-4.1091,0.0000,-0.0270,-0.0270,0.6166
20.369,0.2561,0.2561,0.0531,-4.1119,-4.1119,0.0000,-0.0270,-0.0270,0.6166
20.378,0.2521,0.2521,0.0528,-4.1519,-4.1519,0.0000,0.1237,0.1237,0.6166
20.384,0.2395,0.2395,0.0518,-4.1563,-4.1563,0.0000,0.1237,0.1237,0.6166
20.388,0.2314,0.2314,0.0512,-4.1608,-4.1608,0.0000,0.1237,0.1237,0.6165
20.392,0.2234,0.2234,0.0508,-4.1613,-4.1613,0.0000,0.1237,0.1237,0.6165
20.396,0.2145,0.2145,0.0504,-4.1675,-4.1675,0.0000,0.1237,0.1237,0.6165
20.400,0.2126,0.2126,0.0499,-4.2148,-4.2148,0.0000,0.1386,0.1386,0.6165
20.404,0.2038,0.2038,0.0495,-4.2151,-4.2151,0.0000,0.1386,0.1386,0.6165
20.407,0.1968,0.1968,0.0490,-4.2185,-4.2185,0.0000,0.1386,0.1386,0.6165
20.411,0.1883,0.1883,0.0487,-4.2226,-4.2226,0.0000,0.1386,0.1386,0.6165
20.415,0.1798,0.1798,0.0483,-4.2265,-4.2265,0.0000,0.1386,0.1386,0.6165
20.419,0.1725,0.1725,0.0478,-4.2848,-4.2848,0.0000,0.0206,0.0206,0.6165
20.424,0.1616,0.1616,0.0475,-4.2913,-4.2913,0.0000,0.0206,0.0206,0.6165
20.431,0.1446,0.1446,0.0469,-4.3010,-4.3010,0.0000,0.0206,0.0206,0.6165
20.435,0.1357,0.1357,0.0461,-4.3005,-4.3005,0.0000,0.0206,0.0206,0.6164
20.439,0.1342,0.1342,0.0457,-4.3416,-4.3416,0.0000,0.0419,0.0419,0.6164
20.444,0.1241,0.1241,0.0453,-4.3453,-4.3453,0.0000,0.0419,0.0419,0.6164
20.447,0.1156,0.1156,0.0448,-4.3483,-4.3483,0.0000,0.0419,0.0419,0.6163
20.451,0.1071,0.1071,0.0444,-4.3511,-4.3511,0.0000,0.0419,0.0419,0.6163
20.455,0.0986,0.0986,0.0440,-4.3552,-4.3552,0.0000,0.0419,0.0419,0.6163
20.458,0.0966,0.0966,0.0436,-4.3969,-4.3969,0.0000,0.0553,0.0553,0.6163
20.463,0.0850,0.0850,0.0432,-4.4003,-4.4003,0.0000,0.0553,0.0553,0.6163
20.467,0.0758,0.0758,0.0427,-4.4042,-4.4042,0.0000,0.0553,0.0553,0.6162
20.471,0.0674,0.0674,0.0423,-4.4077,-4.4077,0.0000,0.0553,0.0553,0.6162
20.474,0.0592,0.0592,0.0419,-4.4098,-4.4098,0.0000,0.0553,0.0553,0.6162
20.478,0.0556,0.0556,0.0415,-4.4501,-4.4501,0.0000,0.0585,0.0585,0.6162
20.482,0.0453,0.0453,0.0411,-4.4540,-4.4540,0.0000,0.0585,0.0585,0.6162
20.486,0.0363,0.0363,0.0407,-4.4560,-4.4560,0.0000,0.0585,0.0585,0.6162
20.489,0.0264,0.0264,0.0403,-4.4581,-4.4581,0.0000,0.0585,0.0585,0.6162
20.493,0.0164,0.0164,0.0399,-4.4601,-4.4601,0.0000,0.0585,0.0585,0.6161
20.497,0.0052,0.0052,0.0395,-4.4638,-4.4638,0.0000,0.0585,0.0585,0.6161
20.501,0.0064,0.0064,0.0390,-4.4915,-4.4915,0.0000,0.1897,0.1897,0.6161
20.505,-0.0049,-0.0049,0.0386,-4.4949,-4.4949,0.0000,0.1897,0.1897,0.6161
20.509,-0.0145,-0.0145,0.0382,-4.4977,-4.4977,0.0000,0.1897,0.1897,0.6161
20.512,-0.0253,-0.0253,0.0378,-4.5029,-4.5029,0.0000,0.1897,0.1897,0.6161
20.516,-0.0349,-0.0349,0.0374,-4.5054,-4.5054,0.0000,0.1897,0.1897,0.6162
20.521,-0.0458,-0.0458,0.0371,-4.5469,-4.5469,0.0000,0.1704,0.1704,0.6162
20.530,-0.0747,-0.0747,0.0365,-4.5588,-4.5588,0.0000,0.1704,0.1704,0.6162
20.539,-0.0977,-0.0977,0.0355,-4.6005,-4.6005,0.0000,0.1376,0.1376,0.6162
20.543,-0.1114,-0.1114,0.0346,-4.6054,-4.6054,0.0000,0.1376,0.1376,0.6162
20.547,-0.1240,-0.1240,0.0341,-4.6096,-4.6096,0.0000,0.1376,0.1376,0.6162
20.550,-0.1355,-0.1355,0.0337,-4.6114,-4.6114,0.0000,0.1376,0.1376,0.6162
20.554,-0.1474,-0.1474,0.0334,-4.6150,-4.6150,0.0000,0.1376,0.1376,0.6162
20.557,-0.1588,-0.1588,0.0330,-4.6165,-4.6165,0.0000,0.1376,0.1376,0.6162
20.561,-0.1681,-0.1681,0.0326,-4.6551,-4.6551,0.0000,0.0902,0.0902,0.6162
20.565,-0.1834,-0.1834,0.0323,-4.6592,-4.6592,0.0000,0.0902,0.0902,0.6162
20.568,-0.1957,-0.1957,0.0318,-4.6624,-4.6624,0.0000,0.0902,0.0902,0.6162
20.571,-0.2082,-0.2082,0.0314,-4.6654,-4.6654,0.0000,0.0902,0.0902,0.6162
20.575,-0.2209,-0.2209,0.0311,-4.6666,-4.6666,0.0000,0.0902,0.0902,0.6162
20.578,-0.2349,-0.2349,0.0307,-4.7097,-4.7097,0.0000,-0.0537,-0.0537,0.6162
20.583,-0.2518,-0.2518,0.0303,-4.7152,-4.7152,0.0000,-0.0537,-0.0537,0.6161
20.586,-0.2655,-0.2655,0.0298,-4.7194,-4.7194,0.0000,-0.0537,-0.0537,0.6161
20.589,-0.2797,-0.2797,0.0295,-4.7220,-4.7220,0.0000,-0.0537,-0.0537,0.6161
20.593,-0.2941,-0.2941,0.0291,-4.7246,-4.7246,0.0000,-0.0537,-0.0537,0.6160
20.596,-0.3115,-0.3115,0.0287,-4.7274,-4.7274,0.0000,-0.0537,-0.0537,0.6160
20.600,-0.3210,-0.3210,0.0283,-4.7440,-4.7440,0.0000,0.1743,0.1743,0.6160
20.604,-0.3410,-0.3410,0.0279,-4.7488,-4.7488,0.0000,0.1743,0.1743,0.6160
20.608,-0.3573,-0.3573,0.0274,-4.7526,-4.7526,0.0000,0.1743,0.1743,0.6160
20.612,-0.3774,-0.3774,0.0270,-4.7569,-4.7569,0.0000,0.1743,0.1743,0.6160
20.616,-0.3965,-0.3965,0.0266,-4.7607,-4.7607,0.0000,0.1743,0.1743,0.6160
20.619,-0.4111,-0.4111,0.0262,-4.7876,-4.7876,0.0000,0.1500,0.1500,0.6160
20.623,-0.4321,-0.4321,0.0258,-4.7930,-4.7930,0.0000,0.1500,0.1500,0.6160
20.626,-0.4503,-0.4503,0.0253,-4.7961,-4.7961,0.0000,0.1500,0.1500,0.6160
20.631,-0.4766,-0.4766,0.0250,-4.8021,-4.8021,0.0000,0.1500,0.1500,0.6160
20.635,-0.5029,-0.5029,0.0244,-4.8058,-4.8058,0.0000,0.1500,0.1500,0.6160
20.642,-0.5457,-0.5457,0.0239,-4.8321,-4.8321,0.0000,0.1125,0.1125,0.6160
20.647,-0.5749,-0.5749,0.0231,-4.8373,-4.8373,0.0000,0.1125,0.1125,0.6160
20.650,-0.5974,-0.5974,0.0225,-4.8410,-4.8410,0.0000,0.1125,0.1125,0.6160
20.654,-0.6200,-0.6200,0.0221,-4.8445,-4.8445,0.0000,0.1125,0.1125,0.6160
20.657,-0.6432,-0.6432,0.0217,-4.8479,-4.8479,0.0000,0.1125,0.1125,0.6160
20.661,-0.6697,-0.6697,0.0213,-4.8686,-4.8686,0.0000,0.0623,0.0623,0.6160
20.665,-0.7015,-0.7015,0.0209,-4.8726,-4.8726,0.0000,0.0623,0.0623,0.6160
20.668,-0.7289,-0.7289,0.0204,-4.8771,-4.8771,0.0000,0.0623,0.0623,0.6160
20.672,-0.7577,-0.7577,0.0199,-4.8815,-4.8815,0.0000,0.0623,0.0623,0.6160
20.681,-0.8328,-0.8328,0.0195,-4.9040,-4.9040,0.0000,0.0195,0.0195,0.6160
20.687,-0.8953,-0.8953,0.0184,-4.9133,-4.9133,0.0000,0.0195,0.0195,0.6159
20.691,-0.9330,-0.9330,0.0175,-4.9185,-4.9185,0.0000,0.0195,0.0195,0.6159
20.696,-0.9700,-0.9700,0.0170,-4.9235,-4.9235,0.0000,0.0195,0.0195,0.6159
20.699,-1.0031,-1.0031,0.0164,-4.9373,-4.9373,0.0000,0.1010,0.1010,0.6158
20.704,-1.0406,-1.0406,0.0159,-4.9421,-4.9421,0.0000,0.1010,0.1010,0.6158
20.707,-1.0719,-1.0719,0.0153,-4.9472,-4.9472,0.0000,0.1010,0.1010,0.6158
20.712,-1.1103,-1.1103,0.0149,-4.9539,-4.9539,0.0000,0.1010,0.1010,0.6158
20.716,-1.1443,-1.1443,0.0142,-4.9597,-4.9597,0.0000,0.1010,0.1010,0.6158
20.720,-1.1752,-1.1752,0.0136,-4.9700,-4.9700,0.0000,0.1694,0.1694,0.6158
20.725,-1.2127,-1.2127,0.0131,-4.9761,-4.9761,0.0000,0.1694,0.1694,0.6158
20.730,-1.2495,-1.2495,0.0124,-4.9832,-4.9832,0.0000,0.1694,0.1694,0.6158
20.734,-1.2795,-1.2795,0.0117,-4.9879,-4.9879,0.0000,0.1694,0.1694,0.6158
20.739,-1.3199,-1.3199,0.0111,-4.9880,-4.9880,0.0000,-0.0187,-0.0187,0.6159
20.748,-1.3802,-1.3802,0.0104,-5.0017,-5.0017,0.0000,-0.0187,-0.0187,0.6158
20.752,-1.4071,-1.4071,0.0091,-5.0077,-5.0077,0.0000,-0.0187,-0.0187,0.6158
20.756,-1.4312,-1.4312,0.0085,-5.0138,-5.0138,0.0000,-0.0187,-0.0187,0.6157
20.760,-1.4557,-1.4557,0.0080,-5.0158,-5.0158,0.0000,0.0487,0.0487,0.6157
20.764,-1.4817,-1.4817,0.0074,-5.0226,-5.0226,0.0000,0.0487,0.0487,0.6157
20.767,-1.5015,-1.5015,0.0068,-5.0276,-5.0276,0.0000,0.0487,0.0487,0.6157
20.771,-1.5207,-1.5207,0.0063,-5.0331,-5.0331,0.0000,0.0487,0.0487,0.6156
20.774,-1.5390,-1.5390,0.0058,-5.0383,-5.0383,0.0000,0.0487,0.0487,0.6156
20.778,-1.5619,-1.5619,0.0053,-5.0353,-5.0353,0.0000,0.1041,0.1041,0.6156
20.782,-1.5846,-1.5846,0.0047,-5.0421,-5.0421,0.0000,0.1041,0.1041,0.6156
20.785,-1.6023,-1.6023,0.0041,-5.0478,-5.0478,0.0000,0.1041,0.1041,0.6156
20.788,-1.6193,-1.6193,0.0036,-5.0530,-5.0530,0.0000,0.1041,0.1041,0.6156
20.792,-1.6361,-1.6361,0.0031,-5.0582,-5.0582,0.0000,0.1041,0.1041,0.6156
20.795,-1.6544,-1.6544,0.0026,-5.0640,-5.0640,0.0000,0.1041,0.1041,0.6156
20.799,-1.6799,-1.6799,0.0021,-5.0415,-5.0415,0.0000,-0.2121,-0.2121,0.6156
20.803,-1.6987,-1.6987,0.0015,-5.0476,-5.0476,0.0000,-0.2121,-0.2121,0.6155
20.806,-1.7145,-1.7145,0.0009,-5.0529,-5.0529,0.0000,-0.2121,-0.2121,0.6155
20.810,-1.7306,-1.7306,0.0004,-5.0582,-5.0582,0.0000,-0.2121,-0.2121,0.6154
20.814,-1.7486,-1.7486,-0.0001,-5.0649,-5.0649,0.0000,-0.2121,-0.2121,0.6154
20.818,-1.7642,-1.7642,-0.0007,-5.0709,-5.0709,0.0000,-0.2121,-0.2121,0.6153
20.821,-1.7831,-1.7831,-0.0013,-5.0587,-5.0587,0.0000,-0.1639,-0.1639,0.6152
20.826,-1.8016,-1.8016,-0.0018,-5.0671,-5.0671,0.0000,-0.1639,-0.1639,0.6152
20.834,-1.8341,-1.8341,-0.0025,-5.0836,-5.0836,0.0000,-0.1639,-0.1639,0.6151
20.838,-1.8585,-1.8585,-0.0038,-5.0654,-5.0654,0.0000,-0.2314,-0.2314,0.6150
20.842,-1.8735,-1.8735,-0.0045,-5.0737,-5.0737,0.0000,-0.2314,-0.2314,0.6149
20.848,-1.8947,-1.8947,-0.0051,-5.0858,-5.0858,0.0000,-0.2314,-0.2314,0.6149
20.855,-1.9194,-1.9194,-0.0060,-5.1011,-5.1011,0.0000,-0.2314,-0.2314,0.6148
20.859,-1.9373,-1.9373,-0.0071,-5.0755,-5.0755,0.0000,-0.2837,-0.2837,0.6147
20.863,-1.9525,-1.9525,-0.0076,-5.0851,-5.0851,0.0000,-0.2837,-0.2837,0.6146
20.867,-1.9637,-1.9637,-0.0083,-5.0924,-5.0924,0.0000,-0.2837,-0.2837,0.6145
20.870,-1.9740,-1.9740,-0.0089,-5.0992,-5.0992,0.0000,-0.2837,-0.2837,0.6144
20.873,-1.9841,-1.9841,-0.0094,-5.1060,-5.1060,0.0000,-0.2837,-0.2837,0.6144
20.877,-1.9956,-1.9956,-0.0099,-5.1139,-5.1139,0.0000,-0.2837,-0.2837,0.6143
20.881,-2.0125,-2.0125,-0.0104,-5.0875,-5.0875,0.0000,-0.2320,-0.2320,0.6142
20.885,-2.0240,-2.0240,-0.0111,-5.0963,-5.0963,0.0000,-0.2320,-0.2320,0.6142
20.888,-2.0331,-2.0331,-0.0117,-5.1039,-5.1039,0.0000,-0.2320,-0.2320,0.6141
20.892,-2.0429,-2.0429,-0.0122,-5.1125,-5.1125,0.0000,-0.2320,-0.2320,0.6141
20.896,-2.0536,-2.0536,-0.0127,-5.1226,-5.1226,0.0000,-0.2320,-0.2320,0.6140
20.899,-2.0719,-2.0719,-0.0133,-5.0877,-5.0877,0.0000,-0.3878,-0.3878,0.6140
20.903,-2.0820,-2.0820,-0.0139,-5.0984,-5.0984,0.0000,-0.3878,-0.3878,0.6139
20.906,-2.0908,-2.0908,-0.0145,-5.1084,-5.1084,0.0000,-0.3878,-0.3878,0.6138
20.910,-2.1006,-2.1006,-0.0150,-5.1205,-5.1205,0.0000,-0.3878,-0.3878,0.6137
20.914,-2.1096,-2.1096,-0.0156,-5.1317,-5.1317,0.0000,-0.3878,-0.3878,0.6136
20.917,-2.1175,-2.1175,-0.0162,-5.1417,-5.1417,0.0000,-0.3878,-0.3878,0.6135
20.921,-2.1293,-2.1293,-0.0167,-5.1069,-5.1069,0.0000,-0.2486,-0.2486,0.6134
20.925,-2.1387,-2.1387,-0.0172,-5.1194,-5.1194,0.0000,-0.2486,-0.2486,0.6134
20.928,-2.1469,-2.1469,-0.0178,-5.1307,-5.1307,0.0000,-0.2486,-0.2486,0.6133
20.932,-2.1545,-2.1545,-0.0184,-5.1415,-5.1415,0.0000,-0.2486,-0.2486,0.6133
20.935,-2.1618,-2.1618,-0.0189,-5.1521,-5.1521,0.0000,-0.2486,-0.2486,0.6132
20.939,-2.1778,-2.1778,-0.0195,-5.1131,-5.1131,0.0000,-0.3097,-0.3097,0.6132
20.944,-2.1881,-2.1881,-0.0200,-5.1291,-5.1291,0.0000,-0.3097,-0.3097,0.6131
20.949,-2.1980,-2.1980,-0.0208,-5.1450,-5.1450,0.0000,-0.3097,-0.3097,0.6130
20.956,-2.2120,-2.2120,-0.0216,-5.1707,-5.1707,0.0000,-0.3097,-0.3097,0.6129
20.961,-2.2265,-2.2265,-0.0227,-5.1317,-5.1317,0.0000,-0.2702,-0.2702,0.6128
20.965,-2.2349,-2.2349,-0.0233,-5.1502,-5.1502,0.0000,-0.2702,-0.2702,0.6127
20.969,-2.2409,-2.2409,-0.0240,-5.1644,-5.1644,0.0000,-0.2702,-0.2702,0.6126
20.972,-2.2465,-2.2465,-0.0245,-5.1785,-5.1785,0.0000,-0.2702,-0.2702,0.6126
20.975,-2.2518,-2.2518,-0.0250,-5.1929,-5.1929,0.0000,-0.2702,-0.2702,0.6125
20.979,-2.2656,-2.2656,-0.0255,-5.1533,-5.1533,0.0000,-0.2392,-0.2392,0.6125
20.987,-2.2787,-2.2787,-0.0261,-5.1937,-5.1937,0.0000,-0.2392,-0.2392,0.6124
20.993,-2.2868,-2.2868,-0.0274,-5.2196,-5.2196,0.0000,-0.2392,-0.2392,0.6123
20.997,-2.2932,-2.2932,-0.0282,-5.2413,-5.2413,0.0000,-0.2392,-0.2392,0.6122
21.000,-2.3074,-2.3074,-0.0288,-5.1994,-5.1994,0.0000,-0.3100,-0.3100,0.6122
21.004,-2.3130,-2.3130,-0.0293,-5.2195,-5.2195,0.0000,-0.3100,-0.3100,0.6121
21.008,-2.3180,-2.3180,-0.0299,-5.2379,-5.2379,0.0000,-0.3100,-0.3100,0.6120
21.012,-2.3229,-2.3229,-0.0305,-5.2569,-5.2569,0.0000,-0.3100,-0.3100,0.6120
21.015,-2.3276,-2.3276,-0.0310,-5.2756,-5.2756,0.0000,-0.3100,-0.3100,0.6119
21.019,-2.3399,-2.3399,-0.0316,-5.2310,-5.2310,0.0000,-0.2771,-0.2771,0.6118
21.023,-2.3447,-2.3447,-0.0321,-5.2539,-5.2539,0.0000,-0.2771,-0.2771,0.6118
21.026,-2.3490,-2.3490,-0.0326,-5.2755,-5.2755,0.0000,-0.2771,-0.2771,0.6117
21.030,-2.3539,-2.3539,-0.0332,-5.3035,-5.3035,0.0000,-0.2771,-0.2771,0.6117
21.034,-2.3585,-2.3585,-0.0338,-5.3311,-5.3311,0.0000,-0.2771,-0.2771,0.6116
21.038,-2.3710,-2.3710,-0.0343,-5.2934,-5.2934,0.0000,-0.2504,-0.2504,0.6115
21.042,-2.3752,-2.3752,-0.0349,-5.3235,-5.3235,0.0000,-0.2504,-0.2504,0.6115
21.045,-2.3794,-2.3794,-0.0354,-5.3554,-5.3554,0.0000,-0.2504,-0.2504,0.6114
21.049,-2.3837,-2.3837,-0.0360,-5.3893,-5.3893,0.0000,-0.2504,-0.2504,0.6114
21.053,-2.3873,-2.3873,-0.0366,-5.4185,-5.4185,0.0000,-0.2504,-0.2504,0.6113
21.057,-2.3917,-2.3917,-0.0371,-5.4566,-5.4566,0.0000,-0.2504,-0.2504,0.6113
21.065,-2.4076,-2.4076,-0.0377,-5.4590,-5.4590,0.0000,-0.2306,-0.2306,0.6112
21.070,-2.4130,-2.4130,-0.0388,-5.5129,-5.5129,0.0000,-0.2306,-0.2306,0.6111
21.075,-2.4169,-2.4169,-0.0396,-5.5548,-5.5548,0.0000,-0.2306,-0.2306,0.6110
21.079,-2.4295,-2.4295,-0.0402,-5.5331,-5.5331,0.0000,-0.2203,-0.2203,0.6110
21.084,-2.4341,-2.4341,-0.0409,-5.5970,-5.5970,0.0000,-0.2203,-0.2203,0.6109
21.088,-2.4373,-2.4373,-0.0416,-5.6453,-5.6453,0.0000,-0.2203,-0.2203,0.6109
21.091,-2.4400,-2.4400,-0.0422,-5.6898,-5.6898,0.0000,-0.2203,-0.2203,0.6108
21.095,-2.4432,-2.4432,-0.0426,-5.7476,-5.7476,0.0000,-0.2203,-0.2203,0.6108
21.099,-2.4546,-2.4546,-0.0432,-5.7316,-5.7316,0.0000,-0.2212,-0.2212,0.6107
21.103,-2.4577,-2.4577,-0.0437,-5.7974,-5.7974,0.0000,-0.2212,-0.2212,0.6107
21.107,-2.4606,-2.4606,-0.0442,-5.8645,-5.8645,0.0000,-0.2212,-0.2212,0.6107
21.111,-2.4638,-2.4638,-0.0448,-5.9418,-5.9418,0.0000,-0.2212,-0.2212,0.6106
21.115,-2.4664,-2.4664,-0.0454,-6.0086,-6.0086,0.0000,-0.2212,-0.2212,0.6106
21.118,-2.4775,-2.4775,-0.0459,-6.0042,-6.0042,0.0000,-0.3191,-0.3191,0.6105
21.122,-2.4802,-2.4802,-0.0464,-6.0801,-6.0801,0.0000,-0.3191,-0.3191,0.6105
21.125,-2.4824,-2.4824,-0.0469,-6.1356,-6.1356,0.0000,-0.3191,-0.3191,0.6104
21.129,-2.4849,-2.4849,-0.0474,-6.1784,-6.1784,0.0000,-0.3191,-0.3191,0.6103
21.132,-2.4871,-2.4871,-0.0479,-6.2028,-6.2028,0.0000,-0.3191,-0.3191,0.6103
21.139,-2.5002,-2.5002,-0.0484,-6.1229,-6.1229,0.0000,-0.3350,-0.3350,0.6102
21.145,-2.5035,-2.5035,-0.0494,-6.0785,-6.0785,0.0000,-0.3350,-0.3350,0.6101
21.148,-2.5054,-2.5054,-0.0501,-6.0375,-6.0375,0.0000,-0.3350,-0.3350,0.6100
21.151,-2.5073,-2.5073,-0.0506,-5.9854,-5.9854,0.0000,-0.3350,-0.3350,0.6100
21.155,-2.5092,-2.5092,-0.0510,-5.9215,-5.9215,0.0000,-0.3350,-0.3350,0.6099
21.158,-2.5197,-2.5197,-0.0515,-5.7838,-5.7838,0.0000,-0.3596,-0.3596,0.6099
21.163,-2.5225,-2.5225,-0.0519,-5.6857,-5.6857,0.0000,-0.3596,-0.3596,0.6098
21.170,-2.5262,-2.5262,-0.0527,-5.5760,-5.5760,0.0000,-0.3596,-0.3596,0.6097
21.174,-2.5280,-2.5280,-0.0536,-5.5260,-5.5260,0.0000,-0.3596,-0.3596,0.6096
21.178,-2.5388,-2.5388,-0.0541,-5.4135,-5.4135,0.0000,-0.3187,-0.3187,0.6095
21.182,-2.5408,-2.5408,-0.0546,-5.3716,-5.3716,0.0000,-0.3187,-0.3187,0.6095
21.185,-2.5424,-2.5424,-0.0552,-5.3430,-5.3430,0.0000,-0.3187,-0.3187,0.6094
21.189,-2.5440,-2.5440,-0.0556,-5.3208,-5.3208,0.0000,-0.3187,-0.3187,0.6093
21.192,-2.5455,-2.5455,-0.0561,-5.3056,-5.3056,0.0000,-0.3187,-0.3187,0.6093
21.196,-2.5471,-2.5471,-0.0565,-5.2969,-5.2969,0.0000,-0.3187,-0.3187,0.6092
21.199,-2.5561,-2.5561,-0.0570,-5.2272,-5.2272,0.0000,-0.4313,-0.4313,0.6092
21.203,-2.5578,-2.5578,-0.0575,-5.2376,-5.2376,0.0000,-0.4313,-0.4313,0.6091
21.207,-2.5591,-2.5591,-0.0580,-5.2536,-5.2536,0.0000,-0.4313,-0.4313,0.6090
21.210,-2.5605,-2.5605,-0.0585,-5.2805,-5.2805,0.0000,-0.4313,-0.4313,0.6090
21.214,-2.5620,-2.5620,-0.0589,-5.3183,-5.3183,0.0000,-0.4313,-0.4313,0.6089
21.217,-2.5632,-2.5632,-0.0594,-5.3613,-5.3613,0.0000,-0.4313,-0.4313,0.6088
21.220,-2.5736,-2.5736,-0.0598,-5.3513,-5.3513,0.0000,-0.3763,-0.3763,0.6088
21.224,-2.5750,-2.5750,-0.0603,-5.4277,-5.4277,0.0000,-0.3763,-0.3763,0.6087
21.228,-2.5764,-2.5764,-0.0608,-5.5130,-5.5130,0.0000,-0.3763,-0.3763,0.6086
21.231,-2.5776,-2.5776,-0.0612,-5.6043,-5.6043,0.0000,-0.3763,-0.3763,0.6086
21.235,-2.5787,-2.5787,-0.0617,-5.7044,-5.7044,0.0000,-0.3763,-0.3763,0.6085
21.238,-2.5888,-2.5888,-0.0621,-5.7517,-5.7517,0.0000,-0.3292,-0.3292,0.6084
21.242,-2.5901,-2.5901,-0.0625,-5.9031,-5.9031,0.0000,-0.3292,-0.3292,0.6084
21.246,-2.5914,-2.5914,-0.0630,-6.0658,-6.0658,0.0000,-0.3292,-0.3292,0.6083
21.258,-2.6033,-2.6033,-0.0635,-6.7514,-6.7514,0.0000,-0.3551,-0.3551,0.6083
21.266,-2.6054,-2.6054,-0.0651,-7.2206,-7.2206,0.0000,-0.3551,-0.3551,0.6081
21.274,-2.6077,-2.6077,-0.0660,-7.8012,-7.8012,0.0000,-0.3551,-0.3551,0.6080
21.277,-2.6087,-2.6087,-0.0670,-8.0941,-8.0941,0.0000,-0.3551,-0.3551,0.6078
21.281,-2.6176,-2.6176,-0.0675,-8.3119,-8.3119,0.0000,-0.3829,-0.3829,0.6078
21.286,-2.6187,-2.6187,-0.0680,-8.6786,-8.6786,0.0000,-0.3829,-0.3829,0.6077
21.293,-2.6206,-2.6206,-0.0685,-9.2959,-9.2959,0.0000,-0.3829,-0.3829,0.6077
21.298,-2.6296,-2.6296,-0.0695,-9.6564,-9.6564,0.0000,-0.4135,-0.4135,0.6075
21.303,-2.6306,-2.6306,-0.0701,-9.9912,-9.9912,0.0000,-0.4135,-0.4135,0.6074
21.306,-2.6314,-2.6314,-0.0706,-10.2625,-10.2625,0.0000,-0.4135,-0.4135,0.6074
21.310,-2.6321,-2.6321,-0.0710,-10.5238,-10.5238,0.0000,-0.4135,-0.4135,0.6073
21.313,-2.6329,-2.6329,-0.0715,-10.7989,-10.7989,0.0000,-0.4135,-0.4135,0.6072
21.317,-2.6337,-2.6337,-0.0719,-11.0587,-11.0587,0.0000,-0.4135,-0.4135,0.6072
21.321,-2.6421,-2.6421,-0.0724,-11.2279,-11.2279,0.0000,-0.4529,-0.4529,0.6071
21.324,-2.6429,-2.6429,-0.0728,-11.4627,-11.4627,0.0000,-0.4529,-0.4529,0.6070
21.328,-2.6436,-2.6436,-0.0733,-11.6700,-11.6700,0.0000,-0.4529,-0.4529,0.6070
21.332,-2.6443,-2.6443,-0.0737,-11.8458,-11.8458,0.0000,-0.4529,-0.4529,0.6069
21.335,-2.6449,-2.6449,-0.0741,-12.0072,-12.0072,0.0000,-0.4529,-0.4529,0.6068
21.338,-2.6531,-2.6531,-0.0745,-12.0948,-12.0948,0.0000,-0.4968,-0.4968,0.6068
21.342,-2.6538,-2.6538,-0.0749,-12.2445,-12.2445,0.0000,-0.4968,-0.4968,0.6067
21.346,-2.6545,-2.6545,-0.0754,-12.3677,-12.3677,0.0000,-0.4968,-0.4968,0.6066
21.350,-2.6551,-2.6551,-0.0758,-12.4578,-12.4578,0.0000,-0.4968,-0.4968,0.6065
21.353,-2.6556,-2.6556,-0.0762,-12.5327,-12.5327,0.0000,-0.4968,-0.4968,0.6064
21.356,-2.6562,-2.6562,-0.0766,-12.5931,-12.5931,0.0000,-0.4968,-0.4968,0.6064
21.360,-2.6647,-2.6647,-0.0770,-12.5938,-12.5938,0.0000,-0.4929,-0.4929,0.6063
21.364,-2.6654,-2.6654,-0.0774,-12.6319,-12.6319,0.0000,-0.4929,-0.4929,0.6062
21.367,-2.6659,-2.6659,-0.0779,-12.6479,-12.6479,0.0000,-0.4929,-0.4929,0.6061
21.370,-2.6664,-2.6664,-0.0783,-12.6517,-12.6517,0.0000,-0.4929,-0.4929,0.6061
21.374,-2.6669,-2.6669,-0.0787,-12.6443,-12.6443,0.0000,-0.4929,-0.4929,0.6060
21.379,-2.6754,-2.6754,-0.0791,-12.5696,-12.5696,0.0000,-0.4835,-0.4835,0.6059
21.387,-2.6765,-2.6765,-0.0796,-12.4768,-12.4768,0.0000,-0.4835,-0.4835,0.6058
21.390,-2.6770,-2.6770,-0.0805,-12.4299,-12.4299,0.0000,-0.4835,-0.4835,0.6057
21.394,-2.6775,-2.6775,-0.0809,-12.3761,-12.3761,0.0000,-0.4835,-0.4835,0.6056
21.397,-2.6779,-2.6779,-0.0813,-12.3169,-12.3169,0.0000,-0.4835,-0.4835,0.6056
21.401,-2.6859,-2.6859,-0.0817,-12.2220,-12.2220,0.0000,-0.4765,-0.4765,0.6055
21.405,-2.6864,-2.6864,-0.0821,-12.1518,-12.1518,0.0000,-0.4765,-0.4765,0.6054
21.408,-2.6868,-2.6868,-0.0826,-12.0915,-12.0915,0.0000,-0.4765,-0.4765,0.6053
21.412,-2.6872,-2.6872,-0.0830,-12.0236,-12.0236,0.0000,-0.4765,-0.4765,0.6053
21.415,-2.6876,-2.6876,-0.0834,-11.9609,-11.9609,0.0000,-0.4765,-0.4765,0.6052
21.419,-2.6952,-2.6952,-0.0838,-11.8689,-11.8689,0.0000,-0.4740,-0.4740,0.6051
21.423,-2.6957,-2.6957,-0.0841,-11.7951,-11.7951,0.0000,-0.4740,-0.4740,0.6051
21.426,-2.6961,-2.6961,-0.0846,-11.7341,-11.7341,0.0000,-0.4740,-0.4740,0.6050
21.430,-2.6965,-2.6965,-0.0850,-11.6674,-11.6674,0.0000,-0.4740,-0.4740,0.6049
21.434,-2.6968,-2.6968,-0.0854,-11.6084,-11.6084,0.0000,-0.4740,-0.4740,0.6049
21.437,-2.6972,-2.6972,-0.0858,-11.5482,-11.5482,0.0000,-0.4740,-0.4740,0.6048
21.445,-2.7048,-2.7048,-0.0862,-11.3916,-11.3916,0.0000,-0.4768,-0.4768,0.6047
21.450,-2.7053,-2.7053,-0.0870,-11.3035,-11.3035,0.0000,-0.4768,-0.4768,0.6046
21.453,-2.7056,-2.7056,-0.0876,-11.2488,-11.2488,0.0000,-0.4768,-0.4768,0.6045
21.457,-2.7059,-2.7059,-0.0879,-11.1937,-11.1937,0.0000,-0.4768,-0.4768,0.6045
21.460,-2.7127,-2.7127,-0.0883,-11.1120,-11.1120,0.0000,-0.4852,-0.4852,0.6044
21.464,-2.7130,-2.7130,-0.0887,-11.0456,-11.0456,0.0000,-0.4852,-0.4852,0.6043
21.468,-2.6706,-2.6706,-0.0891,-10.9914,-10.9914,0.0000,-0.4852,-0.4852,0.6042
21.471,-2.6142,-2.6142,-0.0895,-10.9397,-10.9397,0.0000,-0.4852,-0.4852,0.6042
21.475,-2.5573,-2.5573,-0.0898,-10.8879,-10.8879,0.0000,-0.4852,-0.4852,0.6041
21.480,-2.4761,-2.4761,-0.0902,-10.7912,-10.7912,0.0000,-0.4964,-0.4964,0.6041
21.488,-2.3520,-2.3520,-0.0907,-10.6821,-10.6821,0.0000,-0.4964,-0.4964,0.6040
21.493,-2.2867,-2.2867,-0.0914,-10.6255,-10.6255,0.0000,-0.4964,-0.4964,0.6038
21.497,-2.2277,-2.2277,-0.0917,-10.5749,-10.5749,0.0000,-0.4964,-0.4964,0.6037
21.501,-2.1797,-2.1797,-0.0921,-10.5164,-10.5164,0.0000,-0.5160,-0.5160,0.6037
21.505,-2.1207,-2.1207,-0.0923,-10.4670,-10.4670,0.0000,-0.5160,-0.5160,0.6036
21.509,-2.0700,-2.0700,-0.0927,-10.4252,-10.4252,0.0000,-0.5160,-0.5160,0.6035
21.512,-2.0216,-2.0216,-0.0929,-10.3857,-10.3857,0.0000,-0.5160,-0.5160,0.6034
21.516,-1.9755,-1.9755,-0.0932,-10.3486,-10.3486,0.0000,-0.5160,-0.5160,0.6034
21.519,-1.9390,-1.9390,-0.0934,-10.3075,-10.3075,0.0000,-0.5439,-0.5439,0.6033
21.523,-1.8901,-1.8901,-0.0936,-10.2691,-10.2691,0.0000,-0.5439,-0.5439,0.6032
21.526,-1.8481,-1.8481,-0.0939,-10.2366,-10.2366,0.0000,-0.5439,-0.5439,0.6032
21.530,-1.8006,-1.8006,-0.0941,-10.2004,-10.2004,0.0000,-0.5439,-0.5439,0.6031
21.534,-1.7610,-1.7610,-0.0943,-10.1706,-10.1706,0.0000,-0.5439,-0.5439,0.6030
21.537,-1.7229,-1.7229,-0.0945,-10.1424,-10.1424,0.0000,-0.5439,-0.5439,0.6029
21.540,-1.6877,-1.6877,-0.0946,-10.1106,-10.1106,0.0000,-0.5732,-0.5732,0.6029
21.546,-1.6273,-1.6273,-0.0948,-10.0676,-10.0676,0.0000,-0.5732,-0.5732,0.6028
21.550,-1.5862,-1.5862,-0.0951,-10.0388,-10.0388,0.0000,-0.5732,-0.5732,0.6027
21.553,-1.5518,-1.5518,-0.0952,-10.0150,-10.0150,0.0000,-0.5732,-0.5732,0.6026
21.556,-1.5171,-1.5171,-0.0954,-9.9915,-9.9915,0.0000,-0.5732,-0.5732,0.6025
21.561,-1.4754,-1.4754,-0.0955,-9.9638,-9.9638,0.0000,-0.6030,-0.6030,0.6025
21.566,-1.4278,-1.4278,-0.0957,-9.9331,-9.9331,0.0000,-0.6030,-0.6030,0.6024
21.569,-1.3953,-1.3953,-0.0958,-9.9125,-9.9125,0.0000,-0.6030,-0.6030,0.6023
21.572,-1.3644,-1.3644,-0.0960,-9.8934,-9.8934,0.0000,-0.6030,-0.6030,0.6022
21.577,-1.3243,-1.3243,-0.0961,-9.8692,-9.8692,0.0000,-0.6030,-0.6030,0.6021
21.580,-1.2931,-1.2931,-0.0962,-9.8563,-9.8563,0.0000,-0.6324,-0.6324,0.6020
21.585,-1.2490,-1.2490,-0.0963,-9.8312,-9.8312,0.0000,-0.6324,-0.6324,0.6019
21.593,-1.1863,-1.1863,-0.0964,-9.7973,-9.7973,0.0000,-0.6324,-0.6324,0.6018
21.601,-1.1216,-1.1216,-0.0966,-9.7755,-9.7755,0.0000,-0.6608,-0.6608,0.6017
21.607,-1.0729,-1.0729,-0.0968,-9.7521,-9.7521,0.0000,-0.6608,-0.6608,0.6015
21.611,-1.0434,-1.0434,-0.0969,-9.7383,-9.7383,0.0000,-0.6608,-0.6608,0.6013
21.614,-1.0168,-1.0168,-0.0969,-9.7264,-9.7264,0.0000,-0.6608,-0.6608,0.6012
21.617,-0.9923,-0.9923,-0.0970,-9.7158,-9.7158,0.0000,-0.6608,-0.6608,0.6011
21.621,-0.9697,-0.9697,-0.0970,-9.7227,-9.7227,0.0000,-0.6902,-0.6902,0.6011
21.625,-0.9417,-0.9417,-0.0970,-9.7114,-9.7114,0.0000,-0.6902,-0.6902,0.6010
21.629,-0.9161,-0.9161,-0.0971,-9.7017,-9.7017,0.0000,-0.6902,-0.6902,0.6009
21.632,-0.8927,-0.8927,-0.0971,-9.6931,-9.6931,0.0000,-0.6902,-0.6902,0.6008
21.635,-0.8700,-0.8700,-0.0971,-9.6852,-9.6852,0.0000,-0.6902,-0.6902,0.6007
21.640,-0.8430,-0.8430,-0.0972,-9.6976,-9.6976,0.0000,-0.7172,-0.7172,0.6006
21.644,-0.8145,-0.8145,-0.0972,-9.6889,-9.6889,0.0000,-0.7172,-0.7172,0.6005
21.648,-0.7923,-0.7923,-0.0972,-9.6825,-9.6825,0.0000,-0.7172,-0.7172,0.6004
21.651,-0.7712,-0.7712,-0.0972,-9.6768,-9.6768,0.0000,-0.7172,-0.7172,0.6003
21.655,-0.7485,-0.7485,-0.0972,-9.6712,-9.6712,0.0000,-0.7172,-0.7172,0.6002
21.658,-0.7305,-0.7305,-0.0972,-9.6928,-9.6928,0.0000,-0.7434,-0.7434,0.6001
21.663,-0.7062,-0.7062,-0.0972,-9.6877,-9.6877,0.0000,-0.7434,-0.7434,0.6000
21.666,-0.6871,-0.6871,-0.0972,-9.6840,-9.6840,0.0000,-0.7434,-0.7434,0.5999
21.670,-0.6625,-0.6625,-0.0972,-9.6799,-9.6799,0.0000,-0.7434,-0.7434,0.5998
21.675,-0.6389,-0.6389,-0.0972,-9.6764,-9.6764,0.0000,-0.7434,-0.7434,0.5997
21.680,-0.6143,-0.6143,-0.0972,-9.7032,-9.7032,0.0000,-0.7863,-0.7863,0.5996
21.684,-0.5918,-0.5918,-0.0971,-9.7011,-9.7011,0.0000,-0.7863,-0.7863,0.5995
21.688,-0.5733,-0.5733,-0.0971,-9.6998,-9.6998,0.0000,-0.7863,-0.7863,0.5993
21.693,-0.5477,-0.5477,-0.0971,-9.6987,-9.6987,0.0000,-0.7863,-0.7863,0.5992
21.700,-0.5127,-0.5127,-0.0970,-9.7322,-9.7322,0.0000,-0.8290,-0.8290,0.5991
21.704,-0.4941,-0.4941,-0.0969,-9.7327,-9.7327,0.0000,-0.8290,-0.8290,0.5989
21.708,-0.4793,-0.4793,-0.0969,-9.7333,-9.7333,0.0000,-0.8290,-0.8290,0.5988
21.711,-0.4634,-0.4634,-0.0969,-9.7343,-9.7343,0.0000,-0.8290,-0.8290,0.5987
21.716,-0.4453,-0.4453,-0.0968,-9.7359,-9.7359,0.0000,-0.8290,-0.8290,0.5985
21.720,-0.4284,-0.4284,-0.0967,-9.7748,-9.7748,0.0000,-0.8740,-0.8740,0.5984
21.724,-0.4092,-0.4092,-0.0967,-9.7775,-9.7775,0.0000,-0.8740,-0.8740,0.5983
21.729,-0.3921,-0.3921,-0.0966,-9.7804,-9.7804,0.0000,-0.8740,-0.8740,0.5982
21.733,-0.3762,-0.3762,-0.0965,-9.7834,-9.7834,0.0000,-0.8740,-0.8740,0.5980
21.737,-0.3606,-0.3606,-0.0965,-9.7868,-9.7868,0.0000,-0.8740,-0.8740,0.5979
21.741,-0.3448,-0.3448,-0.0964,-9.8307,-9.8307,0.0000,-0.9126,-0.9126,0.5978
21.746,-0.3250,-0.3250,-0.0963,-9.8361,-9.8361,0.0000,-0.9126,-0.9126,0.5976
21.755,-0.2947,-0.2947,-0.0962,-9.8459,-9.8459,0.0000,-0.9126,-0.9126,0.5975
21.760,-0.2770,-0.2770,-0.0960,-9.8951,-9.8951,0.0000,-0.9466,-0.9466,0.5972
21.764,-0.2626,-0.2626,-0.0959,-9.9005,-9.9005,0.0000,-0.9466,-0.9466,0.5970
21.768,-0.2515,-0.2515,-0.0958,-9.9049,-9.9049,0.0000,-0.9466,-0.9466,0.5969
21.771,-0.2413,-0.2413,-0.0958,-9.9091,-9.9091,0.0000,-0.9466,-0.9466,0.5968
21.774,-0.2310,-0.2310,-0.0957,-9.9136,-9.9136,0.0000,-0.9466,-0.9466,0.5966
21.778,-0.2180,-0.2180,-0.0956,-9.9649,-9.9649,0.0000,-0.9779,-0.9779,0.5965
21.783,-0.2038,-0.2038,-0.0955,-9.9718,-9.9718,0.0000,-0.9779,-0.9779,0.5964
21.786,-0.1941,-0.1941,-0.0954,-9.9766,-9.9766,0.0000,-0.9779,-0.9779,0.5962
21.789,-0.1849,-0.1849,-0.0953,-9.9814,-9.9814,0.0000,-0.9779,-0.9779,0.5961
21.792,-0.1762,-0.1762,-0.0952,-9.9861,-9.9861,0.0000,-0.9779,-0.9779,0.5960
21.796,-0.1656,-0.1656,-0.0951,-9.9920,-9.9920,0.0000,-0.9779,-0.9779,0.5959
21.801,-0.1511,-0.1511,-0.0950,-10.0477,-10.0477,0.0000,-1.0049,-1.0049,0.5958
21.808,-0.1314,-0.1314,-0.0949,-10.0516,-10.0516,0.0000,-1.0049,-1.0049,0.5956
21.814,-0.1175,-0.1175,-0.0947,-10.0473,-10.0473,0.0000,-1.0049,-1.0049,0.5954
21.818,-0.1054,-0.1054,-0.0945,-10.0926,-10.0926,0.0000,-1.0329,-1.0329,0.5952
21.822,-0.0962,-0.0962,-0.0944,-10.0827,-10.0827,0.0000,-1.0329,-1.0329,0.5950
21.825,-0.0886,-0.0886,-0.0943,-10.0717,-10.0717,0.0000,-1.0329,-1.0329,0.5949
21.829,-0.0800,-0.0800,-0.0942,-10.0555,-10.0555,0.0000,-1.0329,-1.0329,0.5948
21.832,-0.0725,-0.0725,-0.0941,-10.0375,-10.0375,0.0000,-1.0329,-1.0329,0.5946
21.836,-0.0650,-0.0650,-0.0940,-10.0163,-10.0163,0.0000,-1.0329,-1.0329,0.5945
21.839,-0.0539,-0.0539,-0.0939,-10.0455,-10.0455,0.0000,-1.0590,-1.0590,0.5944
21.844,-0.0426,-0.0426,-0.0938,-9.9984,-9.9984,0.0000,-1.0590,-1.0590,0.5943
21.848,-0.0354,-0.0354,-0.0936,-9.9642,-9.9642,0.0000,-1.0590,-1.0590,0.5941
21.851,-0.0288,-0.0288,-0.0935,-9.9293,-9.9293,0.0000,-1.0590,-1.0590,0.5939
21.855,-0.0225,-0.0225,-0.0934,-9.8926,-9.8926,0.0000,-1.0590,-1.0590,0.5938
21.859,-0.0102,-0.0102,-0.0933,-9.9008,-9.9008,0.0000,-1.0997,-1.0997,0.5937
21.863,-0.0020,-0.0020,-0.0932,-9.8482,-9.8482,0.0000,-1.0997,-1.0997,0.5936
21.867,0.0040,0.0040,-0.0930,-9.8084,-9.8084,0.0000,-1.0997,-1.0997,0.5934
21.870,0.0097,0.0097,-0.0929,-9.7693,-9.7693,0.0000,-1.0997,-1.0997,0.5933
21.874,0.0165,0.0165,-0.0928,-9.7209,-9.7209,0.0000,-1.0997,-1.0997,0.5931
21.877,0.0229,0.0229,-0.0927,-9.6736,-9.6736,0.0000,-1.0997,-1.0997,0.5930
21.881,0.0338,0.0338,-0.0926,-9.6850,-9.6850,0.0000,-1.1355,-1.1355,0.5929
21.885,0.0401,0.0401,-0.0924,-9.6356,-9.6356,0.0000,-1.1355,-1.1355,0.5927
21.888,0.0455,0.0455,-0.0923,-9.5919,-9.5919,0.0000,-1.1355,-1.1355,0.5926
21.891,0.0506,0.0506,-0.0922,-9.5497,-9.5497,0.0000,-1.1355,-1.1355,0.5924
21.895,0.0563,0.0563,-0.0921,-9.5016,-9.5016,0.0000,-1.1355,-1.1355,0.5923
21.899,0.0674,0.0674,-0.0920,-9.5099,-9.5099,0.0000,-1.1500,-1.1500,0.5922
21.909,0.0822,0.0822,-0.0919,-9.3717,-9.3717,0.0000,-1.1500,-1.1500,0.5920
21.918,0.1009,0.1009,-0.0915,-9.3050,-9.3050,0.0000,-1.1576,-1.1576,0.5916
21.923,0.1074,0.1074,-0.0912,-9.2390,-9.2390,0.0000,-1.1576,-1.1576,0.5913
21.927,0.1121,0.1121,-0.0910,-9.1905,-9.1905,0.0000,-1.1576,-1.1576,0.5911
21.931,0.1175,0.1175,-0.0909,-9.1344,-9.1344,0.0000,-1.1576,-1.1576,0.5910
21.936,0.1226,0.1226,-0.0907,-9.0797,-9.0797,0.0000,-1.1576,-1.1576,0.5908
21.940,0.1337,0.1337,-0.0906,-9.0860,-9.0860,0.0000,-1.1498,-1.1498,0.5906
21.945,0.1394,0.1394,-0.0904,-9.0229,-9.0229,0.0000,-1.1498,-1.1498,0.5905
21.949,0.1444,0.1444,-0.0902,-8.9657,-8.9657,0.0000,-1.1498,-1.1498,0.5903
21.953,0.1482,0.1482,-0.0901,-8.9224,-8.9224,0.0000,-1.1498,-1.1498,0.5901
21.956,0.1525,0.1525,-0.0899,-8.8726,-8.8726,0.0000,-1.1498,-1.1498,0.5900
21.960,0.1627,0.1627,-0.0898,-8.8899,-8.8899,0.0000,-1.1444,-1.1444,0.5899
21.965,0.1682,0.1682,-0.0897,-8.8241,-8.8241,0.0000,-1.1444,-1.1444,0.5898
21.971,0.1735,0.1735,-0.0895,-8.7594,-8.7594,0.0000,-1.1444,-1.1444,0.5896
21.975,0.1774,0.1774,-0.0893,-8.7106,-8.7106,0.0000,-1.1444,-1.1444,0.5894
21.979,0.1670,0.1670,-0.0891,-8.7213,-8.7213,0.0000,-1.1472,-1.1472,0.5892
21.983,0.1710,0.1710,-0.0890,-8.6709,-8.6709,0.0000,-1.1472,-1.1472,0.5891
21.987,0.1744,0.1744,-0.0888,-8.6270,-8.6270,0.0000,-1.1472,-1.1472,0.5889
21.990,0.1774,0.1774,-0.0887,-8.5877,-8.5877,0.0000,-1.1472,-1.1472,0.5888
21.994,0.1810,0.1810,-0.0885,-8.5402,-8.5402,0.0000,-1.1472,-1.1472,0.5887
21.998,0.1522,0.1522,-0.0884,-8.5603,-8.5603,0.0000,-1.1456,-1.1456,0.5885
22.003,0.1560,0.1560,-0.0883,-8.5085,-8.5085,0.0000,-1.1456,-1.1456,0.5884
22.006,0.1588,0.1588,-0.0881,-8.4705,-8.4705,0.0000,-1.1456,-1.1456,0.5882
22.011,0.1621,0.1621,-0.0880,-8.4254,-8.4254,0.0000,-1.1456,-1.1456,0.5881
22.014,0.1650,0.1650,-0.0878,-8.3860,-8.3860,0.0000,-1.1456,-1.1456,0.5880
22.019,0.1204,0.1204,-0.0877,-8.3995,-8.3995,0.0000,-1.1594,-1.1594,0.5879
22.027,0.1267,0.1267,-0.0875,-8.3103,-8.3103,0.0000,-1.1594,-1.1594,0.5877
22.031,0.1293,0.1293,-0.0873,-8.2735,-8.2735,0.0000,-1.1594,-1.1594,0.5874
22.035,0.1320,0.1320,-0.0871,-8.2341,-8.2341,0.0000,-1.1594,-1.1594,0.5873
22.039,0.0705,0.0705,-0.0870,-8.2619,-8.2619,0.0000,-1.1707,-1.1707,0.5871
22.043,0.0735,0.0735,-0.0869,-8.2184,-8.2184,0.0000,-1.1707,-1.1707,0.5870
22.047,0.0759,0.0759,-0.0868,-8.1824,-8.1824,0.0000,-1.1707,-1.1707,0.5869
22.051,0.0781,0.0781,-0.0867,-8.1499,-8.1499,0.0000,-1.1707,-1.1707,0.5867
22.058,0.0056,0.0056,-0.0866,-8.1446,-8.1446,0.0000,-1.1897,-1.1897,0.5866
22.064,0.0092,0.0092,-0.0864,-8.0890,-8.0890,0.0000,-1.1897,-1.1897,0.5864
22.068,0.0111,0.0111,-0.0862,-8.0600,-8.0600,0.0000,-1.1897,-1.1897,0.5861
22.071,0.0129,0.0129,-0.0861,-8.0316,-8.0316,0.0000,-1.1897,-1.1897,0.5860
22.075,0.0149,0.0149,-0.0860,-8.0007,-8.0007,0.0000,-1.1897,-1.1897,0.5859
22.079,-0.0710,-0.0710,-0.0859,-8.0266,-8.0266,0.0000,-1.1999,-1.1999,0.5858
22.083,-0.0689,-0.0689,-0.0859,-7.9929,-7.9929,0.0000,-1.1999,-1.1999,0.5856
22.087,-0.0672,-0.0672,-0.0858,-7.9663,-7.9663,0.0000,-1.1999,-1.1999,0.5855
22.091,-0.0650,-0.0650,-0.0857,-7.9317,-7.9317,0.0000,-1.1999,-1.1999,0.5854
22.095,-0.0630,-0.0630,-0.0856,-7.9008,-7.9008,0.0000,-1.1999,-1.1999,0.5852
22.100,-0.1618,-0.1618,-0.0855,-7.9328,-7.9328,0.0000,-1.1771,-1.1771,0.5851
22.104,-0.1599,-0.1599,-0.0854,-7.9027,-7.9027,0.0000,-1.1771,-1.1771,0.5850
22.108,-0.1581,-0.1581,-0.0854,-7.8744,-7.8744,0.0000,-1.1771,-1.1771,0.5848
22.112,-0.1564,-0.1564,-0.0853,-7.8466,-7.8466,0.0000,-1.1771,-1.1771,0.5847
22.116,-0.1545,-0.1545,-0.0852,-7.8161,-7.8161,0.0000,-1.1771,-1.1771,0.5846
22.122,-0.2628,-0.2628,-0.0852,-7.8426,-7.8426,0.0000,-1.1400,-1.1400,0.5844
22.130,-0.2594,-0.2594,-0.0851,-7.7871,-7.7871,0.0000,-1.1400,-1.1400,0.5843
22.134,-0.2579,-0.2579,-0.0850,-7.7642,-7.7642,0.0000,-1.1400,-1.1400,0.5840
22.137,-0.2567,-0.2567,-0.0850,-7.7436,-7.7436,0.0000,-1.1400,-1.1400,0.5839
22.141,-0.3763,-0.3763,-0.0849,-7.7838,-7.7838,0.0000,-1.0826,-1.0826,0.5838
22.146,-0.3743,-0.3743,-0.0849,-7.7526,-7.7526,0.0000,-1.0826,-1.0826,0.5837
22.150,-0.3729,-0.3729,-0.0849,-7.7290,-7.7290,0.0000,-1.0826,-1.0826,0.5836
22.154,-0.3715,-0.3715,-0.0849,-7.7073,-7.7073,0.0000,-1.0826,-1.0826,0.5835
22.158,-0.4973,-0.4973,-0.0848,-7.7502,-7.7502,0.0000,-1.0409,-1.0409,0.5833
22.162,-0.4958,-0.4958,-0.0848,-7.7260,-7.7260,0.0000,-1.0409,-1.0409,0.5833
22.166,-0.4946,-0.4946,-0.0849,-7.7079,-7.7079,0.0000,-1.0409,-1.0409,0.5832
22.170,-0.4934,-0.4934,-0.0849,-7.6889,-7.6889,0.0000,-1.0409,-1.0409,0.5831
22.173,-0.4924,-0.4924,-0.0849,-7.6723,-7.6723,0.0000,-1.0409,-1.0409,0.5830
22.177,-0.4913,-0.4913,-0.0849,-7.6555,-7.6555,0.0000,-1.0409,-1.0409,0.5829
22.181,-0.7538,-0.7538,-0.0849,-7.7008,-7.7008,0.0000,-0.9964,-0.9964,0.5828
22.186,-0.7525,-0.7525,-0.0849,-7.6803,-7.6803,0.0000,-0.9964,-0.9964,0.5827
22.189,-0.7514,-0.7514,-0.0850,-7.6642,-7.6642,0.0000,-0.9964,-0.9964,0.5826
22.193,-0.7505,-0.7505,-0.0850,-7.6492,-7.6492,0.0000,-0.9964,-0.9964,0.5826
22.197,-0.7493,-0.7493,-0.0851,-7.6310,-7.6310,0.0000,-0.9964,-0.9964,0.5825
22.202,-1.0072,-1.0072,-0.0851,-7.6749,-7.6749,0.0000,-0.9625,-0.9625,0.5824
22.210,-1.0052,-1.0052,-0.0853,-7.6449,-7.6449,0.0000,-0.9625,-0.9625,0.5823
22.217,-1.0035,-1.0035,-0.0855,-7.6202,-7.6202,0.0000,-0.9625,-0.9625,0.5821
22.222,-1.2547,-1.2547,-0.0857,-7.6652,-7.6652,0.0000,-0.9257,-0.9257,0.5820
22.226,-1.2537,-1.2537,-0.0858,-7.6514,-7.6514,0.0000,-0.9257,-0.9257,0.5819
22.232,-1.2525,-1.2525,-0.0860,-7.6344,-7.6344,0.0000,-0.9257,-0.9257,0.5819
22.239,-1.4948,-1.4948,-0.0862,-7.6695,-7.6695,0.0000,-0.8831,-0.8831,0.5818
22.245,-1.4936,-1.4936,-0.0866,-7.6543,-7.6543,0.0000,-0.8831,-0.8831,0.5817
22.249,-1.4928,-1.4928,-0.0868,-7.6444,-7.6444,0.0000,-0.8831,-0.8831,0.5816
22.254,-1.4920,-1.4920,-0.0870,-7.6342,-7.6342,0.0000,-0.8831,-0.8831,0.5815
22.257,-1.4913,-1.4913,-0.0872,-7.6265,-7.6265,0.0000,-0.8831,-0.8831,0.5815
22.262,-1.7243,-1.7243,-0.0874,-7.6702,-7.6702,0.0000,-0.8213,-0.8213,0.5814
22.266,-1.7236,-1.7236,-0.0877,-7.6621,-7.6621,0.0000,-0.8213,-0.8213,0.5814
22.270,-1.7229,-1.7229,-0.0879,-7.6550,-7.6550,0.0000,-0.8213,-0.8213,0.5813
22.273,-1.7224,-1.7224,-0.0881,-7.6492,-7.6492,0.0000,-0.8213,-0.8213,0.5813
22.277,-1.7217,-1.7217,-0.0883,-7.6432,-7.6432,0.0000,-0.8213,-0.8213,0.5812
22.281,-1.9504,-1.9504,-0.0886,-7.6866,-7.6866,0.0000,-0.7263,-0.7263,0.5812
22.285,-1.9498,-1.9498,-0.0888,-7.6813,-7.6813,0.0000,-0.7263,-0.7263,0.5812
22.288,-1.9493,-1.9493,-0.0891,-7.6770,-7.6770,0.0000,-0.7263,-0.7263,0.5812
22.292,-1.9487,-1.9487,-0.0893,-7.6724,-7.6724,0.0000,-0.7263,-0.7263,0.5811
22.297,-1.9480,-1.9480,-0.0896,-7.6672,-7.6672,0.0000,-0.7263,-0.7263,0.5811
22.300,-2.1690,-2.1690,-0.0899,-7.7103,-7.7103,0.0000,-0.6063,-0.6063,0.5811
22.304,-2.1684,-2.1684,-0.0902,-7.7069,-7.7069,0.0000,-0.6063,-0.6063,0.5811
22.308,-2.1679,-2.1679,-0.0905,-7.7044,-7.7044,0.0000,-0.6063,-0.6063,0.5811
22.312,-2.1674,-2.1674,-0.0908,-7.7019,-7.7019,0.0000,-0.6063,-0.6063,0.5811
22.316,-2.1669,-2.1669,-0.0911,-7.7001,-7.7001,0.0000,-0.6063,-0.6063,0.5811
22.319,-2.3800,-2.3800,-0.0914,-7.7398,-7.7398,0.0000,-0.4972,-0.4972,0.5811
22.323,-2.3796,-2.3796,-0.0917,-7.7388,-7.7388,0.0000,-0.4972,-0.4972,0.5811
22.327,-2.3791,-2.3791,-0.0921,-7.7382,-7.7382,0.0000,-0.4972,-0.4972,0.5811
22.330,-2.3787,-2.3787,-0.0924,-7.7380,-7.7380,0.0000,-0.4972,-0.4972,0.5812
22.334,-2.3782,-2.3782,-0.0927,-7.7382,-7.7382,0.0000,-0.4972,-0.4972,0.5812
22.339,-2.5830,-2.5830,-0.0930,-7.7741,-7.7741,0.0000,-0.4101,-0.4101,0.5812
22.347,-2.5820,-2.5820,-0.0935,-7.7779,-7.7779,0.0000,-0.4101,-0.4101,0.5812
22.351,-2.5817,-2.5817,-0.0943,-7.7799,-7.7799,0.0000,-0.4101,-0.4101,0.5813
22.355,-2.5813,-2.5813,-0.0946,-7.7824,-7.7824,0.0000,-0.4101,-0.4101,0.5814
22.362,-2.7790,-2.7790,-0.0950,-7.8185,-7.8185,0.0000,-0.3259,-0.3259,0.5814
22.368,-2.7785,-2.7785,-0.0957,-7.8243,-7.8243,0.0000,-0.3259,-0.3259,0.5815
22.371,-2.7781,-2.7781,-0.0963,-7.8285,-7.8285,0.0000,-0.3259,-0.3259,0.5816
22.375,-2.7778,-2.7778,-0.0967,-7.8331,-7.8331,0.0000,-0.3259,-0.3259,0.5816
22.379,-2.9729,-2.9729,-0.0970,-7.8626,-7.8626,0.0000,-0.2413,-0.2413,0.5817
22.383,-2.9725,-2.9725,-0.0975,-7.8690,-7.8690,0.0000,-0.2413,-0.2413,0.5817
22.386,-2.9722,-2.9722,-0.0979,-7.8744,-7.8744,0.0000,-0.2413,-0.2413,0.5818
22.390,-2.9719,-2.9719,-0.0983,-7.8815,-7.8815,0.0000,-0.2413,-0.2413,0.5819
22.394,-2.9715,-2.9715,-0.0987,-7.8888,-7.8888,0.0000,-0.2413,-0.2413,0.5819
22.398,-3.1562,-3.1562,-0.0992,-7.9137,-7.9137,0.0000,-0.1836,-0.1836,0.5820
22.403,-3.1559,-3.1559,-0.0996,-7.9229,-7.9229,0.0000,-0.1836,-0.1836,0.5821
22.406,-3.1556,-3.1556,-0.1001,-7.9318,-7.9318,0.0000,-0.1836,-0.1836,0.5822
22.410,-3.1553,-3.1553,-0.1006,-7.9412,-7.9412,0.0000,-0.1836,-0.1836,0.5823
22.414,-3.1550,-3.1550,-0.1010,-7.9518,-7.9518,0.0000,-0.1836,-0.1836,0.5823
22.418,-3.3340,-3.3340,-0.1015,-7.9749,-7.9749,0.0000,-0.0850,-0.0850,0.5824
22.422,-3.3337,-3.3337,-0.1020,-7.9861,-7.9861,0.0000,-0.0850,-0.0850,0.5825
22.426,-3.3334,-3.3334,-0.1025,-7.9956,-7.9956,0.0000,-0.0850,-0.0850,0.5826
22.430,-3.3332,-3.3332,-0.1029,-8.0091,-8.0091,0.0000,-0.0850,-0.0850,0.5827
22.434,-3.3329,-3.3329,-0.1034,-8.0206,-8.0206,0.0000,-0.0850,-0.0850,0.5828
22.437,-3.3327,-3.3327,-0.1039,-8.0316,-8.0316,0.0000,-0.0850,-0.0850,0.5829
22.440,-3.5063,-3.5063,-0.1043,-8.0504,-8.0504,0.0000,0.0227,0.0227,0.5830
22.446,-3.5059,-3.5059,-0.1047,-8.0713,-8.0713,0.0000,0.0227,0.0227,0.5831
22.453,-3.5055,-3.5055,-0.1054,-8.1006,-8.1006,0.0000,0.0227,0.0227,0.5832
22.457,-3.5053,-3.5053,-0.1064,-8.1148,-8.1148,0.0000,0.0227,0.0227,0.5834
22.460,-3.6753,-3.6753,-0.1068,-8.1312,-8.1312,0.0000,0.1261,0.1261,0.5835
22.465,-3.6751,-3.6751,-0.1073,-8.1502,-8.1502,0.0000,0.1261,0.1261,0.5837
22.468,-3.6749,-3.6749,-0.1079,-8.1652,-8.1652,0.0000,0.1261,0.1261,0.5838
22.471,-3.6747,-3.6747,-0.1084,-8.1808,-8.1808,0.0000,0.1261,0.1261,0.5839
22.475,-3.6745,-3.6745,-0.1088,-8.1964,-8.1964,0.0000,0.1261,0.1261,0.5840
22.479,-3.8392,-3.8392,-0.1093,-8.2097,-8.2097,0.0000,0.2236,0.2236,0.5841
22.483,-3.8390,-3.8390,-0.1098,-8.2300,-8.2300,0.0000,0.2236,0.2236,0.5843
22.486,-3.8389,-3.8389,-0.1104,-8.2470,-8.2470,0.0000,0.2236,0.2236,0.5844
22.489,-3.8387,-3.8387,-0.1108,-8.2646,-8.2646,0.0000,0.2236,0.2236,0.5846
22.492,-3.8386,-3.8386,-0.1113,-8.2823,-8.2823,0.0000,0.2236,0.2236,0.5847
22.496,-3.8384,-3.8384,-0.1117,-8.3049,-8.3049,0.0000,0.2236,0.2236,0.5848
22.500,-3.9957,-3.9957,-0.1123,-8.3138,-8.3138,0.0000,0.3143,0.3143,0.5850
22.504,-3.9955,-3.9955,-0.1128,-8.3389,-8.3389,0.0000,0.3143,0.3143,0.5851
22.508,-3.9954,-3.9954,-0.1134,-8.3606,-8.3606,0.0000,0.3143,0.3143,0.5853
22.516,-3.9950,-3.9950,-0.1139,-8.4155,-8.4155,0.0000,0.3143,0.3143,0.5854
22.520,-4.1275,-4.1275,-0.1151,-8.4260,-8.4260,0.0000,0.4115,0.4115,0.5858
22.524,-4.1273,-4.1273,-0.1157,-8.4530,-8.4530,0.0000,0.4115,0.4115,0.5860
22.528,-4.1272,-4.1272,-0.1163,-8.4806,-8.4806,0.0000,0.4115,0.4115,0.5861
22.531,-4.1271,-4.1271,-0.1169,-8.5063,-8.5063,0.0000,0.4115,0.4115,0.5863
22.535,-4.1270,-4.1270,-0.1174,-8.5313,-8.5313,0.0000,0.4115,0.4115,0.5865
22.538,-4.2355,-4.2355,-0.1179,-8.5294,-8.5294,0.0000,0.5049,0.5049,0.5866
22.542,-4.2354,-4.2354,-0.1184,-8.5607,-8.5607,0.0000,0.5049,0.5049,0.5868
22.546,-4.2353,-4.2353,-0.1189,-8.5912,-8.5912,0.0000,0.5049,0.5049,0.5870
22.550,-4.2351,-4.2351,-0.1195,-8.6299,-8.6299,0.0000,0.5049,0.5049,0.5872
22.557,-4.2349,-4.2349,-0.1202,-8.6969,-8.6969,0.0000,0.5049,0.5049,0.5874
22.561,-4.3218,-4.3218,-0.1213,-8.6990,-8.6990,0.0000,0.6154,0.6154,0.5877
22.565,-4.3217,-4.3217,-0.1219,-8.7383,-8.7383,0.0000,0.6154,0.6154,0.5880
22.569,-4.3216,-4.3216,-0.1219,-8.7709,-8.7709,0.0000,0.6154,0.6154,0.5882
22.572,-4.3215,-4.3215,-0.1219,-8.8031,-8.8031,0.0000,0.6154,0.6154,0.5884
22.576,-4.3214,-4.3214,-0.1219,-8.8406,-8.8406,0.0000,0.6154,0.6154,0.5885
22.580,-4.3886,-4.3886,-0.1219,-8.8386,-8.8386,0.0000,0.7211,0.7211,0.5887
22.584,-4.3885,-4.3885,-0.1219,-8.8815,-8.8815,0.0000,0.7211,0.7211,0.5890
22.587,-4.3884,-4.3884,-0.1219,-8.9177,-8.9177,0.0000,0.7211,0.7211,0.5892
22.591,-4.3883,-4.3883,-0.1219,-8.9596,-8.9596,0.0000,0.7211,0.7211,0.5894
22.595,-4.3882,-4.3882,-0.1219,-9.0051,-9.0051,0.0000,0.7211,0.7211,0.5896
22.598,-4.4376,-4.4376,-0.1219,-8.9983,-8.9983,0.0000,0.8337,0.8337,0.5898
22.602,-4.4375,-4.4375,-0.1219,-9.0445,-9.0445,0.0000,0.8337,0.8337,0.5900
22.605,-4.4374,-4.4374,-0.1219,-9.0860,-9.0860,0.0000,0.8337,0.8337,0.5903
22.609,-4.4373,-4.4373,-0.1219,-9.1270,-9.1270,0.0000,0.8337,0.8337,0.5905
22.612,-4.4372,-4.4372,-0.1219,-9.1764,-9.1764,0.0000,0.8337,0.8337,0.5907
22.616,-4.4372,-4.4372,-0.1219,-9.2222,-9.2222,0.0000,0.8337,0.8337,0.5909
22.620,-4.4703,-4.4703,-0.1219,-9.2166,-9.2166,0.0000,0.9448,0.9448,0.5911
22.624,-4.4702,-4.4702,-0.1219,-9.2755,-9.2755,0.0000,0.9448,0.9448,0.5914
22.627,-4.4701,-4.4701,-0.1219,-9.3282,-9.3282,0.0000,0.9448,0.9448,0.5917
22.631,-4.4701,-4.4701,-0.1219,-9.3804,-9.3804,0.0000,0.9448,0.9448,0.5919
22.634,-4.4700,-4.4700,-0.1219,-9.4318,-9.4318,0.0000,0.9448,0.9448,0.5921
22.638,-4.4884,-4.4884,-0.1219,-9.4197,-9.4197,0.0000,1.0419,1.0419,0.5924
22.642,-4.4883,-4.4883,-0.1219,-9.4836,-9.4836,0.0000,1.0419,1.0419,0.5926
22.646,-4.4882,-4.4882,-0.1219,-9.5553,-9.5553,0.0000,1.0419,1.0419,0.5929
22.652,-4.4881,-4.4881,-0.1219,-9.6492,-9.6492,0.0000,1.0419,1.0419,0.5932
22.659,-4.4931,-4.4931,-0.1219,-9.7090,-9.7090,0.0000,1.1227,1.1227,0.5936
22.667,-4.4929,-4.4929,-0.1219,-9.8551,-9.8551,0.0000,1.1227,1.1227,0.5941
22.672,-4.4929,-4.4929,-0.1219,-9.9342,-9.9342,0.0000,1.1227,1.1227,0.5947
22.676,-4.4928,-4.4928,-0.1219,-9.9999,-9.9999,0.0000,1.1227,1.1227,0.5951
22.681,-4.4846,-4.4846,-0.1219,-9.9843,-9.9843,0.0000,1.0859,1.0859,0.5954
22.685,-4.4845,-4.4845,-0.1219,-10.0445,-10.0445,0.0000,1.0859,1.0859,0.5957
22.689,-4.4845,-4.4845,-0.1219,-10.0977,-10.0977,0.0000,1.0859,1.0859,0.5960
22.692,-4.4844,-4.4844,-0.1219,-10.1419,-10.1419,0.0000,1.0859,1.0859,0.5962
22.696,-4.4844,-4.4844,-0.1219,-10.1909,-10.1909,0.0000,1.0859,1.0859,0.5964
22.700,-4.4639,-4.4639,-0.1219,-10.1298,-10.1298,0.0000,0.9347,0.9347,0.5967
22.704,-4.4639,-4.4639,-0.1219,-10.1773,-10.1773,0.0000,0.9347,0.9347,0.5969
22.708,-4.4638,-4.4638,-0.1219,-10.2144,-10.2144,0.0000,0.9347,0.9347,0.5972
22.712,-4.4638,-4.4638,-0.1219,-10.2541,-10.2541,0.0000,0.9347,0.9347,0.5974
22.726,-4.4334,-4.4334,-0.1219,-10.2470,-10.2470,0.0000,0.7835,0.7835,0.5977
22.735,-4.4333,-4.4333,-0.1219,-10.2966,-10.2966,0.0000,0.7835,0.7835,0.5984
22.740,-4.3683,-4.3683,-0.1219,-10.2169,-10.2169,0.0000,0.7368,0.7368,0.5989
22.746,-4.3683,-4.3683,-0.1219,-10.2411,-10.2411,0.0000,0.7368,0.7368,0.5991
22.750,-4.3682,-4.3682,-0.1219,-10.2543,-10.2543,0.0000,0.7368,0.7368,0.5994
22.754,-4.3682,-4.3682,-0.1219,-10.2664,-10.2664,0.0000,0.7368,0.7368,0.5996
22.759,-4.2786,-4.2786,-0.1219,-10.1505,-10.1505,0.0000,0.4829,0.4829,0.5998
22.767,-4.2786,-4.2786,-0.1219,-10.1635,-10.1635,0.0000,0.4829,0.4829,0.5999
22.771,-4.2785,-4.2785,-0.1219,-10.1683,-10.1683,0.0000,0.4829,0.4829,0.6002
22.775,-4.2785,-4.2785,-0.1219,-10.1712,-10.1712,0.0000,0.4829,0.4829,0.6004
22.779,-4.1745,-4.1745,-0.1219,-10.0660,-10.0660,0.0000,0.5547,0.5547,0.6005
22.784,-4.1744,-4.1744,-0.1219,-10.0655,-10.0655,0.0000,0.5547,0.5547,0.6007
22.788,-4.1744,-4.1744,-0.1219,-10.0638,-10.0638,0.0000,0.5547,0.5547,0.6008
22.792,-4.1744,-4.1744,-0.1219,-10.0614,-10.0614,0.0000,0.5547,0.5547,0.6010
22.795,-4.1744,-4.1744,-0.1219,-10.0576,-10.0576,0.0000,0.5547,0.5547,0.6011
22.799,-4.0436,-4.0436,-0.1219,-9.9266,-9.9266,0.0000,0.4390,0.4390,0.6012
22.803,-4.0436,-4.0436,-0.1219,-9.9204,-9.9204,0.0000,0.4390,0.4390,0.6014
22.806,-4.0435,-4.0435,-0.1219,-9.9142,-9.9142,0.0000,0.4390,0.4390,0.6015
22.810,-4.0435,-4.0435,-0.1219,-9.9064,-9.9064,0.0000,0.4390,0.4390,0.6016
22.817,-4.0435,-4.0435,-0.1219,-9.8863,-9.8863,0.0000,0.4390,0.4390,0.6017
22.822,-3.6321,-3.6321,-0.1219,-9.7320,-9.7320,0.0000,0.3458,0.3458,0.6019
22.826,-3.6321,-3.6321,-0.1219,-9.7197,-9.7197,0.0000,0.3458,0.3458,0.6020
22.830,-3.6321,-3.6321,-0.1219,-9.7073,-9.7073,0.0000,0.3458,0.3458,0.6022
22.833,-3.6321,-3.6321,-0.1219,-9.6960,-9.6960,0.0000,0.3458,0.3458,0.6022
22.836,-3.6320,-3.6320,-0.1219,-9.6843,-9.6843,0.0000,0.3458,0.3458,0.6023
22.840,-3.2325,-3.2325,-0.1219,-9.5450,-9.5450,0.0000,0.4617,0.4617,0.6024
22.844,-3.2324,-3.2324,-0.1219,-9.5275,-9.5275,0.0000,0.4617,0.4617,0.6025
22.848,-3.2324,-3.2324,-0.1219,-9.5127,-9.5127,0.0000,0.4617,0.4617,0.6027
22.851,-3.2324,-3.2324,-0.1219,-9.4990,-9.4990,0.0000,0.4617,0.4617,0.6028
22.855,-3.2324,-3.2324,-0.1219,-9.4835,-9.4835,0.0000,0.4617,0.4617,0.6029
22.858,-2.8420,-2.8420,-0.1219,-9.3317,-9.3317,0.0000,0.4760,0.4760,0.6030
22.862,-2.8420,-2.8420,-0.1219,-9.3116,-9.3116,0.0000,0.4760,0.4760,0.6031
22.867,-2.8420,-2.8420,-0.1219,-9.2902,-9.2902,0.0000,0.4760,0.4760,0.6032
22.874,-2.8420,-2.8420,-0.1219,-9.2535,-9.2535,0.0000,0.4760,0.4760,0.6033
22.878,-2.4630,-2.4630,-0.1219,-9.0938,-9.0938,0.0000,0.4789,0.4789,0.6036
22.882,-2.4629,-2.4629,-0.1219,-9.0720,-9.0720,0.0000,0.4789,0.4789,0.6037
22.886,-2.4629,-2.4629,-0.1219,-9.0538,-9.0538,0.0000,0.4789,0.4789,0.6038
22.889,-2.4629,-2.4629,-0.1219,-9.0361,-9.0361,0.0000,0.4789,0.4789,0.6039
22.892,-2.4629,-2.4629,-0.1219,-9.0184,-9.0184,0.0000,0.4789,0.4789,0.6040
22.896,-2.4629,-2.4629,-0.1219,-8.9973,-8.9973,0.0000,0.4789,0.4789,0.6041
22.899,-2.0910,-2.0910,-0.1219,-8.8323,-8.8323,0.0000,0.3889,0.3889,0.6042
22.903,-2.0910,-2.0910,-0.1219,-8.8089,-8.8089,0.0000,0.3889,0.3889,0.6043
22.907,-2.0910,-2.0910,-0.1219,-8.7904,-8.7904,0.0000,0.3889,0.3889,0.6044
22.911,-2.0910,-2.0910,-0.1219,-8.7685,-8.7685,0.0000,0.3889,0.3889,0.6045
22.914,-2.0909,-2.0909,-0.1219,-8.7473,-8.7473,0.0000,0.3889,0.3889,0.6046
22.918,-2.0909,-2.0909,-0.1219,-8.7275,-8.7275,0.0000,0.3889,0.3889,0.6047
22.921,-1.7273,-1.7273,-0.1219,-8.5618,-8.5618,0.0000,0.2920,0.2920,0.6048
22.925,-1.7273,-1.7273,-0.1219,-8.5391,-8.5391,0.0000,0.2920,0.2920,0.6048
22.929,-1.7272,-1.7272,-0.1219,-8.5169,-8.5169,0.0000,0.2920,0.2920,0.6049
22.932,-1.7272,-1.7272,-0.1219,-8.4953,-8.4953,0.0000,0.2920,0.2920,0.6050
22.936,-1.7272,-1.7272,-0.1219,-8.4744,-8.4744,0.0000,0.2920,0.2920,0.6051
22.939,-1.3734,-1.3734,-0.1219,-8.3155,-8.3155,0.0000,0.2731,0.2731,0.6051
22.943,-1.3734,-1.3734,-0.1219,-8.2893,-8.2893,0.0000,0.2731,0.2731,0.6052
22.947,-1.3734,-1.3734,-0.1219,-8.2661,-8.2661,0.0000,0.2731,0.2731,0.6053
22.951,-1.3734,-1.3734,-0.1219,-8.2445,-8.2445,0.0000,0.2731,0.2731,0.6054
22.954,-1.3734,-1.3734,-0.1219,-8.2234,-8.2234,0.0000,0.2731,0.2731,0.6054
22.957,-1.3734,-1.3734,-0.1219,-8.2031,-8.2031,0.0000,0.2731,0.2731,0.6055
22.961,-1.0333,-1.0333,-0.1219,-8.0472,-8.0472,0.0000,0.3453,0.3453,0.6055
22.971,-1.0333,-1.0333,-0.1219,-7.9870,-7.9870,0.0000,0.3453,0.3453,0.6056
22.982,-0.6985,-0.6985,-0.1219,-7.7811,-7.7811,0.0000,0.3269,0.3269,0.6058
22.987,-0.6984,-0.6984,-0.1219,-7.7476,-7.7476,0.0000,0.3269,0.3269,0.6061
22.991,-0.6984,-0.6984,-0.1219,-7.7272,-7.7272,0.0000,0.3269,0.3269,0.6062
22.995,-0.6984,-0.6984,-0.1219,-7.7034,-7.7034,0.0000,0.3269,0.3269,0.6062
22.999,-0.3724,-0.3724,-0.1219,-7.5455,-7.5455,0.0000,0.3011,0.3011,0.6063
23.004,-0.3724,-0.3724,-0.1219,-7.5180,-7.5180,0.0000,0.3011,0.3011,0.6064
23.007,-0.3724,-0.3724,-0.1219,-7.4965,-7.4965,0.0000,0.3011,0.3011,0.6065
23.011,-0.3724,-0.3724,-0.1219,-7.4747,-7.4747,0.0000,0.3011,0.3011,0.6066
23.015,-0.3723,-0.3723,-0.1219,-7.4544,-7.4544,0.0000,0.3011,0.3011,0.6066
23.018,-0.0595,-0.0595,-0.1219,-7.3094,-7.3094,0.0000,0.3423,0.3423,0.6067
23.022,-0.0594,-0.0594,-0.1219,-7.2876,-7.2876,0.0000,0.3423,0.3423,0.6068
23.025,-0.0594,-0.0594,-0.1219,-7.2683,-7.2683,0.0000,0.3423,0.3423,0.6068
23.029,-0.0594,-0.0594,-0.1219,-7.2465,-7.2465,0.0000,0.3423,0.3423,0.6069
23.033,-0.0594,-0.0594,-0.1219,-7.2275,-7.2275,0.0000,0.3423,0.3423,0.6070
23.036,-0.0594,-0.0594,-0.1219,-7.2091,-7.2091,0.0000,0.3423,0.3423,0.6071
23.039,0.2442,0.2442,-0.1219,-7.0655,-7.0655,0.0000,0.2924,0.2924,0.6071
23.044,0.2442,0.2442,-0.1219,-7.0399,-7.0399,0.0000,0.2924,0.2924,0.6072
23.048,0.2442,0.2442,-0.1219,-7.0157,-7.0157,0.0000,0.2924,0.2924,0.6073
23.052,0.2442,0.2442,-0.1219,-6.9951,-6.9951,0.0000,0.2924,0.2924,0.6073
23.056,0.2442,0.2442,-0.1219,-6.9781,-6.9781,0.0000,0.2924,0.2924,0.6074
23.059,0.5398,0.5398,-0.1219,-6.8433,-6.8433,0.0000,0.3182,0.3182,0.6075
23.063,0.5398,0.5398,-0.1219,-6.8204,-6.8204,0.0000,0.3182,0.3182,0.6075
23.067,0.5398,0.5398,-0.1219,-6.8035,-6.8035,0.0000,0.3182,0.3182,0.6076
23.070,0.5398,0.5398,-0.1219,-6.7872,-6.7872,0.0000,0.3182,0.3182,0.6077
23.075,0.5398,0.5398,-0.1219,-6.7623,-6.7623,0.0000,0.3182,0.3182,0.6077
23.083,0.8269,0.8269,-0.1219,-6.6034,-6.6034,0.0000,0.1793,0.1793,0.6078
23.088,0.8269,0.8269,-0.1219,-6.5791,-6.5791,0.0000,0.1793,0.1793,0.6079
23.093,0.8269,0.8269,-0.1219,-6.5541,-6.5541,0.0000,0.1793,0.1793,0.6080
23.098,1.1093,1.1093,-0.1219,-6.4272,-6.4272,0.0000,0.2057,0.2057,0.6080
23.102,1.1093,1.1093,-0.1219,-6.4080,-6.4080,0.0000,0.2057,0.2057,0.6081
23.107,1.1093,1.1093,-0.1219,-6.3891,-6.3891,0.0000,0.2057,0.2057,0.6081
23.110,1.1093,1.1093,-0.1219,-6.3734,-6.3734,0.0000,0.2057,0.2057,0.6082
23.115,1.1093,1.1093,-0.1219,-6.3548,-6.3548,0.0000,0.2057,0.2057,0.6082
23.123,1.3778,1.3778,-0.1219,-6.2173,-6.2173,0.0000,0.1527,0.1527,0.6083
23.129,1.3778,1.3778,-0.1219,-6.1956,-6.1956,0.0000,0.1527,0.1527,0.6084
23.133,1.3778,1.3778,-0.1219,-6.1799,-6.1799,0.0000,0.1527,0.1527,0.6084
23.136,1.3778,1.3778,-0.1219,-6.1668,-6.1668,0.0000,0.1527,0.1527,0.6085
23.140,1.6376,1.6376,-0.1219,-6.0560,-6.0560,0.0000,0.0990,0.0990,0.6085
23.145,1.6376,1.6376,-0.1219,-6.0403,-6.0403,0.0000,0.0990,0.0990,0.6085
23.149,1.6376,1.6376,-0.1219,-6.0261,-6.0261,0.0000,0.0990,0.0990,0.6085
23.152,1.6376,1.6376,-0.1219,-6.0140,-6.0140,0.0000,0.0990,0.0990,0.6086
23.156,1.6376,1.6376,-0.1219,-6.0010,-6.0010,0.0000,0.0990,0.0990,0.6086
23.160,1.8685,1.8685,-0.1219,-5.9003,-5.9003,0.0000,0.0443,0.0443,0.6086
23.165,1.8685,1.8685,-0.1219,-5.8855,-5.8855,0.0000,0.0443,0.0443,0.6086
23.168,1.8685,1.8685,-0.1219,-5.8752,-5.8752,0.0000,0.0443,0.0443,0.6086
23.172,1.8685,1.8685,-0.1219,-5.8642,-5.8642,0.0000,0.0443,0.0443,0.6086
23.176,1.8685,1.8685,-0.1219,-5.8541,-5.8541,0.0000,0.0443,0.0443,0.6086
23.181,2.0728,2.0728,-0.1219,-5.7589,-5.7589,0.0000,-0.0110,-0.0110,0.6087
23.187,2.0728,2.0728,-0.1219,-5.7452,-5.7452,0.0000,-0.0110,-0.0110,0.6087
23.194,2.0728,2.0728,-0.1219,-5.7293,-5.7293,0.0000,-0.0110,-0.0110,0.6087
23.198,2.2526,2.2526,-0.1219,-5.6466,-5.6466,0.0000,-0.0683,-0.0683,0.6087
23.202,2.2526,2.2526,-0.1219,-5.6382,-5.6382,0.0000,-0.0683,-0.0683,0.6087
23.206,2.2526,2.2526,-0.1219,-5.6312,-5.6312,0.0000,-0.0683,-0.0683,0.6087
23.211,2.2526,2.2526,-0.1219,-5.6235,-5.6235,0.0000,-0.0683,-0.0683,0.6087
23.215,2.2526,2.2526,-0.1219,-5.6168,-5.6168,0.0000,-0.0683,-0.0683,0.6086
23.218,2.4103,2.4103,-0.1219,-5.5427,-5.5427,0.0000,-0.1804,-0.1804,0.6086
23.223,2.4103,2.4103,-0.1219,-5.5371,-5.5371,0.0000,-0.1804,-0.1804,0.6086
23.227,2.4103,2.4103,-0.1219,-5.5324,-5.5324,0.0000,-0.1804,-0.1804,0.6086
23.232,2.4103,2.4103,-0.1219,-5.5273,-5.5273,0.0000,-0.1804,-0.1804,0.6085
23.236,2.4103,2.4103,-0.1219,-5.5236,-5.5236,0.0000,-0.1804,-0.1804,0.6085
23.239,2.5470,2.5470,-0.1219,-5.4632,-5.4632,0.0000,-0.1983,-0.1983,0.6085
23.245,2.5470,2.5470,-0.1219,-5.4604,-5.4604,0.0000,-0.1983,-0.1983,0.6084
23.249,2.5470,2.5470,-0.1211,-5.4587,-5.4587,0.0000,-0.1983,-0.1983,0.6084
23.253,2.5470,2.5470,-0.1204,-5.4577,-5.4577,0.0000,-0.1983,-0.1983,0.6084
23.256,2.5470,2.5470,-0.1196,-5.4572,-5.4572,0.0000,-0.1983,-0.1983,0.6083
23.261,2.6515,2.6515,-0.1189,-5.4058,-5.4058,0.0000,-0.2647,-0.2647,0.6083
23.265,2.6515,2.6515,-0.1181,-5.4070,-5.4070,0.0000,-0.2647,-0.2647,0.6083
23.273,2.6515,2.6515,-0.1173,-5.4120,-5.4120,0.0000,-0.2647,-0.2647,0.6082
23.280,2.7175,2.7175,-0.1157,-5.3749,-5.3749,0.0000,-0.2881,-0.2881,0.6081
23.286,2.7175,2.7175,-0.1145,-5.3819,-5.3819,0.0000,-0.2881,-0.2881,0.6080
23.290,2.7175,2.7175,-0.1133,-5.3870,-5.3870,0.0000,-0.2881,-0.2881,0.6080
23.295,2.7175,2.7175,-0.1126,-5.3950,-5.3950,0.0000,-0.2881,-0.2881,0.6079
23.300,2.7506,2.7506,-0.1117,-5.3686,-5.3686,0.0000,-0.3133,-0.3133,0.6079
23.309,2.7506,2.7506,-0.1107,-5.3921,-5.3921,0.0000,-0.3133,-0.3133,0.6078
23.314,2.7506,2.7506,-0.1089,-5.4042,-5.4042,0.0000,-0.3133,-0.3133,0.6077
23.318,2.7539,2.7539,-0.1081,-5.3863,-5.3863,0.0000,-0.3697,-0.3697,0.6076
23.323,2.7539,2.7539,-0.1073,-5.4003,-5.4003,0.0000,-0.3697,-0.3697,0.6075
23.327,2.7539,2.7539,-0.1065,-5.4137,-5.4137,0.0000,-0.3697,-0.3697,0.6075
23.331,2.7539,2.7539,-0.1057,-5.4283,-5.4283,0.0000,-0.3697,-0.3697,0.6074
23.335,2.7540,2.7540,-0.1050,-5.4428,-5.4428,0.0000,-0.3697,-0.3697,0.6073
23.338,2.7319,2.7319,-0.1043,-5.4339,-5.4339,0.0000,-0.4591,-0.4591,0.6073
23.343,2.7319,2.7319,-0.1036,-5.4543,-5.4543,0.0000,-0.4591,-0.4591,0.6072
23.348,2.7319,2.7319,-0.1028,-5.4807,-5.4807,0.0000,-0.4591,-0.4591,0.6071
23.352,2.7319,2.7319,-0.1019,-5.5070,-5.5070,0.0000,-0.4591,-0.4591,0.6070
23.356,2.7319,2.7319,-0.1012,-5.5369,-5.5369,0.0000,-0.4591,-0.4591,0.6069
23.360,2.6848,2.6848,-0.1005,-5.5549,-5.5549,0.0000,-0.5519,-0.5519,0.6069
23.364,2.6848,2.6848,-0.0998,-5.6004,-5.6004,0.0000,-0.5519,-0.5519,0.6068
23.368,2.6848,2.6848,-0.0991,-5.6422,-5.6422,0.0000,-0.5519,-0.5519,0.6066
23.372,2.6848,2.6848,-0.0984,-5.6871,-5.6871,0.0000,-0.5519,-0.5519,0.6066
23.376,2.6848,2.6848,-0.0978,-5.7365,-5.7365,0.0000,-0.5519,-0.5519,0.6065
23.380,2.6139,2.6139,-0.0971,-5.7807,-5.7807,0.0000,-0.6422,-0.6422,0.6064
23.384,2.6139,2.6139,-0.0964,-5.8424,-5.8424,0.0000,-0.6422,-0.6422,0.6063
