Time,Input_Surge,Applied_Surge,Output_Surge,Input_Sway,Applied_Sway,Output_Sway,Input_Heave,Applied_Heave,Output_Heave
0.000,-2.8980,-2.8980,-0.0780,-1.4156,-1.6593,0.0000,0.0773,0.0000,0.4128
0.008,-2.9053,-2.9053,-0.0786,-1.4868,-1.7306,0.0000,0.0773,0.0000,0.4128
0.011,-2.9087,-2.9087,-0.0795,-1.5209,-1.7647,0.0000,0.0773,0.0000,0.4127
0.016,-2.9126,-2.9126,-0.0800,-1.5650,-1.8088,0.0000,0.0773,0.0000,0.4127
0.019,-2.9157,-2.9157,-0.0806,-1.6014,-1.8471,0.0000,0.1918,0.0000,0.4127
0.023,-2.9191,-2.9191,-0.0810,-1.6479,-1.8936,0.0000,0.1918,0.0000,0.4127
0.027,-2.9220,-2.9220,-0.0815,-1.6916,-1.9373,0.0000,0.1918,0.0000,0.4126
0.031,-2.9252,-2.9252,-0.0819,-1.7440,-1.9897,0.0000,0.1918,0.0000,0.4126
0.034,-2.9280,-2.9280,-0.0824,-1.7940,-2.0397,0.0000,0.1918,0.0000,0.4126
0.037,-2.9306,-2.9306,-0.0829,-1.8448,-2.0905,0.0000,0.1918,0.0000,0.4126
0.041,-2.9332,-2.9332,-0.0833,-1.8970,-2.1442,0.0000,0.3032,0.0000,0.4125
0.045,-2.9361,-2.9361,-0.0837,-1.9641,-2.2113,0.0000,0.3032,0.0000,0.4125
0.049,-2.9391,-2.9391,-0.0842,-2.0348,-2.2821,0.0000,0.3032,0.0000,0.4125
0.053,-2.9423,-2.9423,-0.0847,-2.1178,-2.3651,0.0000,0.3032,0.0000,0.4125
0.061,-2.9474,-2.9474,-0.0852,-2.2611,-2.5098,0.0000,0.4176,0.0000,0.4125
0.065,-2.9504,-2.9504,-0.0861,-2.3340,-2.5827,0.0000,0.4176,0.0000,0.4124
0.069,-2.9526,-2.9526,-0.0867,-2.3728,-2.6215,0.0000,0.4176,0.0000,0.4124
0.072,-2.9548,-2.9548,-0.0871,-2.3959,-2.6446,0.0000,0.4176,0.0000,0.4124
0.075,-2.9569,-2.9569,-0.0875,-2.4043,-2.6530,0.0000,0.4176,0.0000,0.4123
0.079,-2.9591,-2.9591,-0.0879,-2.3956,-2.6456,0.0000,0.5338,0.0000,0.4123
0.083,-2.9617,-2.9617,-0.0883,-2.3629,-2.6129,0.0000,0.5338,0.0000,0.4123
0.087,-2.9637,-2.9637,-0.0889,-2.3246,-2.5746,0.0000,0.5338,0.0000,0.4123
0.090,-2.9656,-2.9656,-0.0893,-2.2721,-2.5221,0.0000,0.5338,0.0000,0.4122
0.093,-2.9674,-2.9674,-0.0897,-2.2119,-2.4619,0.0000,0.5338,0.0000,0.4122
0.097,-2.9695,-2.9695,-0.0900,-2.1340,-2.3840,0.0000,0.5338,0.0000,0.4122
0.101,-2.9715,-2.9715,-0.0905,-2.0588,-2.3098,0.0000,0.6510,0.0000,0.4122
0.105,-2.9737,-2.9737,-0.0910,-1.9848,-2.2358,0.0000,0.6510,0.0000,0.4122
0.109,-2.9754,-2.9754,-0.0915,-1.9317,-2.1827,0.0000,0.6510,0.0000,0.4121
0.112,-2.9771,-2.9771,-0.0918,-1.8815,-2.1325,0.0000,0.6510,0.0000,0.4121
0.116,-2.9789,-2.9789,-0.0922,-1.8338,-2.0848,0.0000,0.6510,0.0000,0.4121
0.120,-2.9808,-2.9808,-0.0927,-1.7925,-2.0428,0.0000,0.7412,0.0000,0.4121
0.124,-2.9827,-2.9827,-0.0931,-1.7554,-2.0058,0.0000,0.7412,0.0000,0.4121
0.129,-2.9852,-2.9852,-0.0936,-1.7214,-1.9717,0.0000,0.7412,0.0000,0.4120
0.134,-2.9872,-2.9872,-0.0942,-1.7058,-1.9561,0.0000,0.7412,0.0000,0.4120
0.142,-2.9904,-2.9904,-0.0948,-1.7192,-1.9671,0.0000,0.8053,0.0000,0.4120
0.147,-2.9928,-2.9928,-0.0956,-1.7524,-2.0003,0.0000,0.8053,0.0000,0.4119
0.151,-2.9942,-2.9942,-0.0963,-1.7825,-2.0305,0.0000,0.8053,0.0000,0.4119
0.154,-2.9955,-2.9955,-0.0967,-1.8204,-2.0683,0.0000,0.8053,0.0000,0.4119
0.159,-2.9972,-2.9972,-0.0971,-1.8873,-2.1325,0.0000,0.8670,0.0000,0.4119
0.167,-3.0001,-3.0001,-0.0976,-2.0659,-2.3111,0.0000,0.8670,0.0000,0.4118
0.170,-3.0013,-3.0013,-0.0985,-2.1538,-2.3991,0.0000,0.8670,0.0000,0.4118
0.174,-3.0025,-3.0025,-0.0988,-2.2590,-2.5043,0.0000,0.8670,0.0000,0.4118
0.177,-3.0036,-3.0036,-0.0992,-2.3680,-2.6132,0.0000,0.8670,0.0000,0.4118
0.181,-3.0049,-3.0049,-0.0996,-2.5133,-2.7555,0.0000,0.9295,0.0000,0.4117
0.185,-3.0062,-3.0062,-0.1000,-2.6902,-2.9324,0.0000,0.9295,0.0000,0.4117
0.189,-3.0073,-3.0073,-0.1005,-2.8558,-3.0980,0.0000,0.9295,0.0000,0.4117
0.192,-3.0084,-3.0084,-0.1009,-3.0293,-3.2715,0.0000,0.9295,0.0000,0.4117
0.196,-3.0096,-3.0096,-0.1013,-3.2513,-3.4935,0.0000,0.9295,0.0000,0.4117
0.200,-3.0106,-3.0106,-0.1017,-3.4672,-3.7061,0.0000,0.9917,0.0000,0.4116
0.204,-3.0118,-3.0118,-0.1021,-3.7227,-3.9616,0.0000,0.9917,0.0000,0.4116
0.207,-3.0127,-3.0127,-0.1025,-3.9432,-4.1821,0.0000,0.9917,0.0000,0.4116
0.211,-3.0136,-3.0136,-0.1029,-4.1731,-4.4120,0.0000,0.9917,0.0000,0.4116
0.215,-3.0147,-3.0147,-0.1032,-4.4628,-4.7017,0.0000,0.9917,0.0000,0.4116
0.218,-3.0156,-3.0156,-0.1037,-4.7469,-4.9822,0.0000,1.0527,0.0000,0.4115
0.222,-3.0167,-3.0167,-0.1040,-5.0596,-5.2949,0.0000,1.0527,0.0000,0.4115
0.226,-3.0175,-3.0175,-0.1045,-5.3196,-5.5548,0.0000,1.0527,0.0000,0.4115
0.229,-3.0183,-3.0183,-0.1048,-5.6037,-5.8390,0.0000,1.0527,0.0000,0.4115
0.233,-3.0192,-3.0192,-0.1052,-5.9032,-6.1385,0.0000,1.0527,0.0000,0.4115
0.236,-3.0200,-3.0200,-0.1056,-6.1755,-6.4108,0.0000,1.0527,0.0000,0.4115
0.239,-3.0208,-3.0208,-0.1059,-6.4531,-6.6844,0.0000,1.1118,0.0000,0.4114
0.243,-3.0216,-3.0216,-0.1063,-6.7631,-6.9944,0.0000,1.1118,0.0000,0.4114
0.247,-3.0224,-3.0224,-0.1067,-7.0427,-7.2740,0.0000,1.1118,0.0000,0.4114
0.250,-3.0232,-3.0232,-0.1070,-7.3033,-7.5346,0.0000,1.1118,0.0000,0.4114
0.254,-3.0239,-3.0239,-0.1074,-7.5435,-7.7749,0.0000,1.1118,0.0000,0.4114
0.257,-3.0245,-3.0245,-0.1077,-7.7657,-7.9970,0.0000,1.1118,0.0000,0.4114
0.260,-3.0252,-3.0252,-0.1081,-7.9927,-8.2197,0.0000,1.1678,0.0000,0.4113
0.265,-3.0261,-3.0261,-0.1084,-8.2577,-8.4847,0.0000,1.1678,0.0000,0.4113
0.269,-3.0270,-3.0270,-0.1089,-8.5063,-8.7332,0.0000,1.1678,0.0000,0.4113
0.277,-3.0285,-3.0285,-0.1093,-8.8713,-9.0983,0.0000,1.1678,0.0000,0.4113
0.283,-3.0294,-3.0294,-0.1101,-9.0706,-9.2930,0.0000,1.2202,0.0000,0.4112
0.288,-3.0303,-3.0303,-0.1107,-9.2146,-9.4370,0.0000,1.2202,0.0000,0.4112
0.295,-3.0315,-3.0315,-0.1112,-9.3665,-9.5888,0.0000,1.2202,0.0000,0.4112
0.301,-3.0325,-3.0325,-0.1119,-9.4458,-9.6632,0.0000,1.2682,0.0000,0.4112
0.306,-3.0332,-3.0332,-0.1125,-9.4770,-9.6943,0.0000,1.2682,0.0000,0.4111
0.310,-3.0338,-3.0338,-0.1129,-9.4856,-9.7030,0.0000,1.2682,0.0000,0.4111
0.313,-3.0343,-3.0343,-0.1133,-9.4796,-9.6970,0.0000,1.2682,0.0000,0.4111
0.317,-3.0348,-3.0348,-0.1137,-9.4621,-9.6795,0.0000,1.2682,0.0000,0.4111
0.320,-3.0353,-3.0353,-0.1140,-9.4425,-9.6547,0.0000,1.3120,0.0000,0.4110
0.324,-3.0358,-3.0358,-0.1143,-9.4027,-9.6149,0.0000,1.3120,0.0000,0.4110
0.328,-3.0363,-3.0363,-0.1147,-9.3636,-9.5757,0.0000,1.3120,0.0000,0.4110
0.331,-3.0368,-3.0368,-0.1150,-9.3122,-9.5244,0.0000,1.3120,0.0000,0.4110
0.335,-3.0372,-3.0372,-0.1154,-9.2621,-9.4743,0.0000,1.3120,0.0000,0.4110
0.338,-3.0376,-3.0376,-0.1157,-9.2128,-9.4196,0.0000,1.3508,0.0000,0.4110
0.342,-3.0381,-3.0381,-0.1160,-9.1475,-9.3543,0.0000,1.3508,0.0000,0.4110
0.346,-3.0385,-3.0385,-0.1164,-9.0855,-9.2923,0.0000,1.3508,0.0000,0.4109
0.349,-3.0390,-3.0390,-0.1167,-9.0209,-9.2277,0.0000,1.3508,0.0000,0.4109
0.353,-3.0394,-3.0394,-0.1171,-8.9554,-9.1622,0.0000,1.3508,0.0000,0.4109
0.356,-3.0398,-3.0398,-0.1174,-8.8990,-9.1058,0.0000,1.3508,0.0000,0.4109
0.360,-3.0401,-3.0401,-0.1177,-8.8481,-9.0492,0.0000,1.3840,0.0000,0.4109
0.364,-3.0406,-3.0406,-0.1180,-8.7725,-8.9736,0.0000,1.3840,0.0000,0.4109
0.368,-3.0410,-3.0410,-0.1184,-8.7139,-8.9150,0.0000,1.3840,0.0000,0.4108
0.372,-3.0414,-3.0414,-0.1188,-8.6388,-8.8400,0.0000,1.3840,0.0000,0.4108
0.380,-3.0422,-3.0422,-0.1192,-8.5100,-8.7054,0.0000,1.4110,0.0000,0.4108
0.384,-3.0426,-3.0426,-0.1199,-8.4413,-8.6367,0.0000,1.4110,0.0000,0.4108
0.388,-3.0430,-3.0430,-0.1203,-8.3847,-8.5801,0.0000,1.4110,0.0000,0.4107
0.391,-3.0433,-3.0433,-0.1206,-8.3306,-8.5260,0.0000,1.4110,0.0000,0.4107
0.395,-3.0436,-3.0436,-0.1209,-8.2685,-8.4639,0.0000,1.4110,0.0000,0.4107
0.399,-3.0440,-3.0440,-0.1212,-8.2124,-8.4015,0.0000,1.4185,0.0000,0.4107
0.403,-3.0443,-3.0443,-0.1216,-8.1476,-8.3368,0.0000,1.4185,0.0000,0.4107
0.406,-3.0181,-3.0181,-0.1219,-8.0951,-8.2843,0.0000,1.4185,0.0000,0.4107
0.410,-2.9635,-2.9635,-0.1219,-8.0460,-8.2351,0.0000,1.4185,0.0000,0.4107
0.414,-2.8991,-2.8991,-0.1219,-7.9886,-8.1778,0.0000,1.4185,0.0000,0.4106
0.417,-2.8416,-2.8416,-0.1219,-7.9378,-8.1270,0.0000,1.4185,0.0000,0.4106
0.421,-2.7861,-2.7861,-0.1219,-7.8956,-8.0784,0.0000,1.4176,0.0000,0.4106
0.425,-2.7245,-2.7245,-0.1219,-7.8423,-8.0251,0.0000,1.4176,0.0000,0.4106
0.428,-2.6742,-2.6742,-0.1219,-7.7992,-7.9820,0.0000,1.4176,0.0000,0.4106
0.432,-2.6117,-2.6117,-0.1219,-7.7463,-7.9291,0.0000,1.4176,0.0000,0.4106
0.436,-2.5619,-2.5619,-0.1219,-7.7045,-7.8873,0.0000,1.4176,0.0000,0.4105
0.439,-2.5106,-2.5106,-0.1219,-7.6685,-7.8448,0.0000,1.4114,0.0000,0.4105
0.447,-2.4002,-2.4002,-0.1219,-7.5791,-7.7555,0.0000,1.4114,0.0000,0.4105
0.452,-2.3381,-2.3381,-0.1219,-7.5297,-7.7061,0.0000,1.4114,0.0000,0.4105
0.455,-2.2952,-2.2952,-0.1219,-7.4961,-7.6725,0.0000,1.4114,0.0000,0.4105
0.459,-2.2539,-2.2539,-0.1219,-7.4704,-7.6404,0.0000,1.4000,0.0000,0.4105
0.464,-2.1915,-2.1915,-0.1219,-7.4228,-7.5928,0.0000,1.4000,0.0000,0.4104
0.467,-2.1493,-2.1493,-0.1219,-7.3911,-7.5611,0.0000,1.4000,0.0000,0.4104
0.470,-2.1082,-2.1082,-0.1219,-7.3607,-7.5307,0.0000,1.4000,0.0000,0.4104
0.475,-2.0559,-2.0559,-0.1219,-7.3225,-7.4925,0.0000,1.4000,0.0000,0.4104
0.482,-1.9707,-1.9707,-0.1219,-7.2689,-7.4325,0.0000,1.3835,0.0000,0.4104
0.486,-1.9267,-1.9267,-0.1219,-7.2385,-7.4021,0.0000,1.3835,0.0000,0.4103
0.490,-1.8915,-1.8915,-0.1219,-7.2146,-7.3782,0.0000,1.3835,0.0000,0.4103
0.493,-1.8554,-1.8554,-0.1219,-7.1904,-7.3541,0.0000,1.3835,0.0000,0.4103
0.497,-1.8159,-1.8159,-0.1219,-7.1646,-7.3282,0.0000,1.3835,0.0000,0.4103
0.500,-1.7805,-1.7805,-0.1219,-7.1488,-7.3055,0.0000,1.3350,0.0000,0.4103
0.504,-1.7404,-1.7404,-0.1219,-7.1236,-7.2803,0.0000,1.3350,0.0000,0.4103
0.508,-1.7055,-1.7055,-0.1219,-7.1021,-7.2588,0.0000,1.3350,0.0000,0.4103
0.511,-1.6744,-1.6744,-0.1219,-7.0834,-7.2400,0.0000,1.3350,0.0000,0.4103
0.515,-1.6381,-1.6381,-0.1219,-7.0621,-7.2187,0.0000,1.3350,0.0000,0.4102
0.519,-1.6064,-1.6064,-0.1219,-7.0511,-7.2004,0.0000,1.2623,0.0000,0.4102
0.523,-1.5703,-1.5703,-0.1219,-7.0309,-7.1802,0.0000,1.2623,0.0000,0.4102
0.526,-1.5392,-1.5392,-0.1219,-7.0140,-7.1633,0.0000,1.2623,0.0000,0.4102
0.530,-1.5063,-1.5063,-0.1219,-6.9966,-7.1458,0.0000,1.2623,0.0000,0.4102
0.534,-1.4766,-1.4766,-0.1219,-6.9813,-7.1305,0.0000,1.2623,0.0000,0.4102
0.537,-1.4495,-1.4495,-0.1219,-6.9676,-7.1169,0.0000,1.2623,0.0000,0.4102
0.540,-1.4219,-1.4219,-0.1219,-6.9614,-7.1035,0.0000,1.1854,0.0000,0.4101
0.544,-1.3910,-1.3910,-0.1219,-6.9469,-7.0889,0.0000,1.1854,0.0000,0.4101
0.548,-1.3611,-1.3611,-0.1219,-6.9333,-7.0753,0.0000,1.1854,0.0000,0.4101
0.551,-1.3343,-1.3343,-0.1219,-6.9215,-7.0636,0.0000,1.1854,0.0000,0.4101
0.555,-1.3090,-1.3090,-0.1219,-6.9108,-7.0528,0.0000,1.1854,0.0000,0.4101
0.558,-1.2852,-1.2852,-0.1219,-6.9081,-7.0431,0.0000,1.1074,0.0000,0.4101
0.563,-1.2534,-1.2534,-0.1219,-6.8958,-7.0308,0.0000,1.1074,0.0000,0.4101
0.566,-1.2263,-1.2263,-0.1219,-6.8857,-7.0207,0.0000,1.1074,0.0000,0.4101
0.570,-1.1985,-1.1985,-0.1219,-6.8759,-7.0109,0.0000,1.1074,0.0000,0.4100
0.575,-1.1657,-1.1657,-0.1219,-6.8652,-7.0002,0.0000,1.1074,0.0000,0.4100
0.583,-1.1150,-1.1150,-0.1219,-6.8573,-6.9854,0.0000,1.0282,0.0000,0.4100
0.588,-1.0847,-1.0847,-0.1219,-6.8492,-6.9773,0.0000,1.0282,0.0000,0.4100
0.592,-1.0611,-1.0611,-0.1219,-6.8434,-6.9715,0.0000,1.0282,0.0000,0.4100
0.600,-1.0130,-1.0130,-0.1219,-6.8402,-6.9616,0.0000,0.9484,0.0000,0.4099
0.606,-0.9778,-0.9778,-0.1219,-6.8342,-6.9556,0.0000,0.9484,0.0000,0.4099
0.610,-0.9571,-0.9571,-0.1219,-6.8311,-6.9525,0.0000,0.9484,0.0000,0.4099
0.614,-0.9358,-0.9358,-0.1219,-6.8283,-6.9497,0.0000,0.9484,0.0000,0.4099
0.618,-0.9154,-0.9154,-0.1219,-6.8260,-6.9474,0.0000,0.9484,0.0000,0.4099
0.621,-0.8983,-0.8983,-0.1219,-6.8310,-6.9459,0.0000,0.8680,0.0000,0.4099
0.625,-0.8789,-0.8789,-0.1219,-6.8296,-6.9446,0.0000,0.8680,0.0000,0.4098
0.628,-0.8627,-0.8627,-0.1219,-6.8288,-6.9437,0.0000,0.8680,0.0000,0.4098
0.632,-0.8436,-0.8436,-0.1219,-6.8283,-6.9432,0.0000,0.8680,0.0000,0.4098
0.635,-0.8276,-0.8276,-0.1219,-6.8281,-6.9430,0.0000,0.8680,0.0000,0.4098
0.639,-0.8120,-0.8120,-0.1219,-6.8346,-6.9432,0.0000,0.7874,0.0000,0.4098
0.643,-0.7934,-0.7934,-0.1219,-6.8352,-6.9438,0.0000,0.7874,0.0000,0.4098
0.646,-0.7772,-0.7772,-0.1219,-6.8361,-6.9447,0.0000,0.7874,0.0000,0.4098
0.650,-0.7613,-0.7613,-0.1219,-6.8373,-6.9459,0.0000,0.7874,0.0000,0.4098
0.653,-0.7470,-0.7470,-0.1219,-6.8387,-6.9473,0.0000,0.7874,0.0000,0.4098
0.657,-0.7330,-0.7330,-0.1219,-6.8403,-6.9489,0.0000,0.7874,0.0000,0.4097
0.660,-0.7189,-0.7189,-0.1219,-6.8483,-6.9508,0.0000,0.7070,0.0000,0.4097
0.665,-0.6996,-0.6996,-0.1219,-6.8514,-6.9540,0.0000,0.7070,0.0000,0.4097
0.669,-0.6843,-0.6843,-0.1219,-6.8543,-6.9569,0.0000,0.7070,0.0000,0.4097
0.672,-0.6708,-0.6708,-0.1219,-6.8571,-6.9597,0.0000,0.7070,0.0000,0.4097
0.676,-0.6542,-0.6542,-0.1219,-6.8610,-6.9636,0.0000,0.7070,0.0000,0.4097
0.684,-0.6273,-0.6273,-0.1219,-6.8743,-6.9710,0.0000,0.6268,0.0000,0.4097
0.688,-0.6128,-0.6128,-0.1219,-6.8787,-6.9754,0.0000,0.6268,0.0000,0.4096
0.691,-0.6006,-0.6006,-0.1219,-6.8826,-6.9794,0.0000,0.6268,0.0000,0.4096
0.695,-0.5889,-0.5889,-0.1219,-6.8867,-6.9834,0.0000,0.6268,0.0000,0.4096
0.699,-0.5760,-0.5760,-0.1219,-6.8970,-6.9881,0.0000,0.5472,0.0000,0.4096
0.703,-0.5631,-0.5631,-0.1219,-6.9020,-6.9931,0.0000,0.5472,0.0000,0.4096
0.706,-0.5524,-0.5524,-0.1219,-6.9064,-6.9975,0.0000,0.5472,0.0000,0.4096
0.709,-0.5419,-0.5419,-0.1219,-6.9109,-7.0020,0.0000,0.5472,0.0000,0.4096
0.713,-0.5309,-0.5309,-0.1219,-6.9159,-7.0070,0.0000,0.5472,0.0000,0.4096
0.716,-0.5201,-0.5201,-0.1219,-6.9209,-7.0120,0.0000,0.5472,0.0000,0.4096
0.720,-0.5103,-0.5103,-0.1219,-6.9311,-7.0168,0.0000,0.4686,0.0000,0.4095
0.724,-0.4991,-0.4991,-0.1219,-6.9369,-7.0225,0.0000,0.4686,0.0000,0.4095
0.727,-0.4898,-0.4898,-0.1219,-6.9418,-7.0275,0.0000,0.4686,0.0000,0.4095
0.731,-0.4796,-0.4796,-0.1219,-6.9473,-7.0330,0.0000,0.4686,0.0000,0.4095
0.734,-0.4699,-0.4699,-0.1219,-6.9529,-7.0385,0.0000,0.4686,0.0000,0.4095
0.737,-0.4609,-0.4609,-0.1219,-6.9581,-7.0438,0.0000,0.4686,0.0000,0.4095
0.741,-0.4516,-0.4516,-0.1219,-6.9689,-7.0493,0.0000,0.3909,0.0000,0.4095
0.745,-0.4404,-0.4404,-0.1219,-6.9736,-7.0540,0.0000,0.3909,0.0000,0.4095
0.753,-0.4218,-0.4218,-0.1219,-6.9694,-7.0499,0.0000,0.3909,0.0000,0.4095
0.757,-0.4114,-0.4114,-0.1218,-6.9627,-7.0431,0.0000,0.3909,0.0000,0.4094
0.760,-0.4037,-0.4037,-0.1216,-6.9601,-7.0355,0.0000,0.3091,0.0000,0.4094
0.773,-0.3742,-0.3742,-0.1215,-6.8861,-6.9616,0.0000,0.3091,0.0000,0.4094
0.781,-0.3583,-0.3583,-0.1209,-6.8338,-6.9045,0.0000,0.2125,0.0000,0.4094
0.790,-0.3393,-0.3393,-0.1206,-6.7374,-6.8081,0.0000,0.2125,0.0000,0.4094
0.794,-0.3319,-0.3319,-0.1202,-6.6960,-6.7667,0.0000,0.2125,0.0000,0.4093
0.798,-0.3235,-0.3235,-0.1200,-6.6505,-6.7166,0.0000,0.1171,0.0000,0.4093
0.803,-0.3150,-0.3150,-0.1198,-6.5969,-6.6629,0.0000,0.1171,0.0000,0.4093
0.806,-0.3086,-0.3086,-0.1196,-6.5549,-6.6209,0.0000,0.1171,0.0000,0.4093
0.810,-0.3022,-0.3022,-0.1194,-6.5112,-6.5772,0.0000,0.1171,0.0000,0.4093
0.814,-0.2952,-0.2952,-0.1193,-6.4617,-6.5278,0.0000,0.1171,0.0000,0.4093
0.818,-0.2889,-0.2889,-0.1191,-6.4154,-6.4815,0.0000,0.1171,0.0000,0.4093
0.821,-0.2831,-0.2831,-0.1189,-6.3758,-6.4375,0.0000,0.0252,0.0000,0.4093
0.825,-0.2764,-0.2764,-0.1187,-6.3238,-6.3855,0.0000,0.0252,0.0000,0.4092
0.829,-0.2705,-0.2705,-0.1186,-6.2762,-6.3378,0.0000,0.0252,0.0000,0.4092
0.833,-0.2649,-0.2649,-0.1184,-6.2295,-6.2912,0.0000,0.0252,0.0000,0.4092
0.836,-0.2596,-0.2596,-0.1182,-6.1842,-6.2459,0.0000,0.0252,0.0000,0.4092
0.840,-0.2545,-0.2545,-0.1181,-6.1437,-6.2012,0.0000,-0.0630,0.0000,0.4092
0.844,-0.2487,-0.2487,-0.1179,-6.0925,-6.1499,0.0000,-0.0630,0.0000,0.4092
0.848,-0.2433,-0.2433,-0.1177,-6.0428,-6.1003,0.0000,-0.0630,0.0000,0.4092
0.851,-0.2384,-0.2384,-0.1176,-5.9969,-6.0544,0.0000,-0.0630,0.0000,0.4092
0.854,-0.2339,-0.2339,-0.1174,-5.9544,-6.0119,0.0000,-0.0630,0.0000,0.4092
0.858,-0.2295,-0.2295,-0.1172,-5.9115,-5.9690,0.0000,-0.0630,0.0000,0.4092
0.861,-0.2252,-0.2252,-0.1171,-5.8725,-5.9260,0.0000,-0.1471,0.0000,0.4091
0.865,-0.2195,-0.2195,-0.1169,-5.8151,-5.8686,0.0000,-0.1471,0.0000,0.4091
0.869,-0.2151,-0.2151,-0.1167,-5.7696,-5.8230,0.0000,-0.1471,0.0000,0.4091
0.872,-0.2108,-0.2108,-0.1166,-5.7251,-5.7785,0.0000,-0.1471,0.0000,0.4091
0.876,-0.2068,-0.2068,-0.1164,-5.6828,-5.7363,0.0000,-0.1471,0.0000,0.4091
0.879,-0.2022,-0.2022,-0.1163,-5.6361,-5.6858,0.0000,-0.2327,0.0000,0.4091
0.884,-0.1967,-0.1967,-0.1161,-5.5758,-5.6254,0.0000,-0.2327,0.0000,0.4091
0.888,-0.1929,-0.1929,-0.1158,-5.5332,-5.5828,0.0000,-0.2327,0.0000,0.4091
0.892,-0.1880,-0.1880,-0.1157,-5.4777,-5.5274,0.0000,-0.2327,0.0000,0.4091
0.900,-0.1797,-0.1797,-0.1155,-5.3832,-5.4292,0.0000,-0.3128,0.0000,0.4091
0.908,-0.1716,-0.1716,-0.1151,-5.2860,-5.3319,0.0000,-0.3128,0.0000,0.4090
0.913,-0.1661,-0.1661,-0.1148,-5.2188,-5.2648,0.0000,-0.3128,0.0000,0.4090
0.918,-0.1618,-0.1618,-0.1145,-5.1648,-5.2108,0.0000,-0.3128,0.0000,0.4090
0.921,-0.1587,-0.1587,-0.1143,-5.1289,-5.1714,0.0000,-0.3872,0.0000,0.4090
0.925,-0.1550,-0.1550,-0.1141,-5.0823,-5.1247,0.0000,-0.3872,0.0000,0.4090
0.928,-0.1518,-0.1518,-0.1139,-5.0414,-5.0839,0.0000,-0.3872,0.0000,0.4090
0.932,-0.1485,-0.1485,-0.1138,-4.9978,-5.0403,0.0000,-0.3872,0.0000,0.4090
0.936,-0.1457,-0.1457,-0.1136,-4.9608,-5.0032,0.0000,-0.3872,0.0000,0.4090
0.939,-0.1428,-0.1428,-0.1134,-4.9262,-4.9653,0.0000,-0.4558,0.0000,0.4090
0.943,-0.1392,-0.1392,-0.1133,-4.8781,-4.9172,0.0000,-0.4558,0.0000,0.4089
0.947,-0.1361,-0.1361,-0.1131,-4.8362,-4.8752,0.0000,-0.4558,0.0000,0.4089
0.951,-0.1335,-0.1335,-0.1129,-4.7997,-4.8387,0.0000,-0.4558,0.0000,0.4089
0.954,-0.1310,-0.1310,-0.1127,-4.7649,-4.8039,0.0000,-0.4558,0.0000,0.4089
0.957,-0.1285,-0.1285,-0.1126,-4.7311,-4.7701,0.0000,-0.4558,0.0000,0.4089
0.960,-0.1261,-0.1261,-0.1124,-4.7004,-4.7361,0.0000,-0.5187,0.0000,0.4089
0.965,-0.1228,-0.1228,-0.1123,-4.6542,-4.6899,0.0000,-0.5187,0.0000,0.4089
0.968,-0.1204,-0.1204,-0.1121,-4.6201,-4.6558,0.0000,-0.5187,0.0000,0.4089
0.972,-0.1180,-0.1180,-0.1119,-4.5860,-4.6217,0.0000,-0.5187,0.0000,0.4089
0.975,-0.1157,-0.1157,-0.1118,-4.5518,-4.5875,0.0000,-0.5187,0.0000,0.4089
0.979,-0.1133,-0.1133,-0.1116,-4.5204,-4.5529,0.0000,-0.5757,0.0000,0.4089
0.983,-0.1105,-0.1105,-0.1114,-4.4797,-4.5122,0.0000,-0.5757,0.0000,0.4089
0.986,-0.1084,-0.1084,-0.1112,-4.4477,-4.4801,0.0000,-0.5757,0.0000,0.4088
0.990,-0.1062,-0.1062,-0.1111,-4.4161,-4.4486,0.0000,-0.5757,0.0000,0.4088
0.993,-0.1041,-0.1041,-0.1109,-4.3837,-4.4162,0.0000,-0.5757,0.0000,0.4088
0.998,-0.1011,-0.1011,-0.1108,-4.3419,-4.3712,0.0000,-0.6266,0.0000,0.4088
1.007,-0.0963,-0.0963,-0.1105,-4.2687,-4.2979,0.0000,-0.6266,0.0000,0.4088
1.010,-0.0943,-0.0943,-0.1102,-4.2381,-4.2674,0.0000,-0.6266,0.0000,0.4088
1.014,-0.0922,-0.0922,-0.1100,-4.2060,-4.2353,0.0000,-0.6266,0.0000,0.4088
1.017,-0.0903,-0.0903,-0.1098,-4.1766,-4.2059,0.0000,-0.6266,0.0000,0.4088
1.021,-0.0885,-0.0885,-0.1097,-4.1518,-4.1779,0.0000,-0.6715,0.0000,0.4088
1.025,-0.0864,-0.0864,-0.1095,-4.1198,-4.1460,0.0000,-0.6715,0.0000,0.4088
1.029,-0.0846,-0.0846,-0.1093,-4.0919,-4.1181,0.0000,-0.6715,0.0000,0.4087
1.032,-0.0828,-0.0828,-0.1092,-4.0624,-4.0886,0.0000,-0.6715,0.0000,0.4087
1.036,-0.0812,-0.0812,-0.1090,-4.0370,-4.0631,0.0000,-0.6715,0.0000,0.4087
1.039,-0.0794,-0.0794,-0.1088,-4.0130,-4.0361,0.0000,-0.7100,0.0000,0.4087
1.043,-0.0776,-0.0776,-0.1087,-3.9832,-4.0062,0.0000,-0.7100,0.0000,0.4087
1.047,-0.0759,-0.0759,-0.1085,-3.9565,-3.9796,0.0000,-0.7100,0.0000,0.4087
1.051,-0.0742,-0.0742,-0.1083,-3.9296,-3.9527,0.0000,-0.7100,0.0000,0.4087
1.059,-0.0708,-0.0708,-0.1082,-3.8792,-3.8989,0.0000,-0.7148,0.0000,0.4087
1.064,-0.0686,-0.0686,-0.1078,-3.8435,-3.8632,0.0000,-0.7148,0.0000,0.4087
1.068,-0.0673,-0.0673,-0.1076,-3.8219,-3.8416,0.0000,-0.7148,0.0000,0.4087
1.071,-0.0659,-0.0659,-0.1074,-3.7998,-3.8195,0.0000,-0.7148,0.0000,0.4087
1.074,-0.0646,-0.0646,-0.1073,-3.7795,-3.7992,0.0000,-0.7148,0.0000,0.4086
1.078,-0.0634,-0.0634,-0.1071,-3.7597,-3.7794,0.0000,-0.7148,0.0000,0.4086
1.082,-0.0620,-0.0620,-0.1070,-3.7407,-3.7566,0.0000,-0.6816,0.0000,0.4086
1.086,-0.0606,-0.0606,-0.1068,-3.7176,-3.7335,0.0000,-0.6816,0.0000,0.4086
1.089,-0.0594,-0.0594,-0.1066,-3.6989,-3.7148,0.0000,-0.6816,0.0000,0.4086
1.092,-0.0582,-0.0582,-0.1065,-3.6805,-3.6963,0.0000,-0.6816,0.0000,0.4086
1.096,-0.0571,-0.0571,-0.1063,-3.6613,-3.6772,0.0000,-0.6816,0.0000,0.4086
1.100,-0.0558,-0.0558,-0.1062,-3.6449,-3.6568,0.0000,-0.6402,0.0000,0.4086
1.105,-0.0540,-0.0540,-0.1060,-3.6171,-3.6291,0.0000,-0.6402,0.0000,0.4086
1.113,-0.0516,-0.0516,-0.1058,-3.5792,-3.5911,0.0000,-0.6402,0.0000,0.4086
1.117,-0.0502,-0.0502,-0.1055,-3.5565,-3.5685,0.0000,-0.6402,0.0000,0.4086
1.123,-0.0486,-0.0486,-0.1053,-3.5433,-3.5433,0.0000,-0.5978,0.0000,0.4086
1.128,-0.0472,-0.0472,-0.1050,-3.5212,-3.5212,0.0000,-0.5978,0.0000,0.4085
1.133,-0.0457,-0.0457,-0.1048,-3.4984,-3.4984,0.0000,-0.5978,0.0000,0.4085
1.138,-0.0445,-0.0445,-0.1045,-3.4806,-3.4806,0.0000,-0.5978,0.0000,0.4085
1.142,-0.0434,-0.0434,-0.1044,-3.4634,-3.4634,0.0000,-0.5787,0.0000,0.4085
1.147,-0.0421,-0.0421,-0.1042,-3.4444,-3.4444,0.0000,-0.5787,0.0000,0.4085
1.151,-0.0412,-0.0412,-0.1039,-3.4305,-3.4305,0.0000,-0.5787,0.0000,0.4085
1.154,-0.0404,-0.0404,-0.1038,-3.4187,-3.4187,0.0000,-0.5787,0.0000,0.4085
1.158,-0.0396,-0.0396,-0.1036,-3.4077,-3.4077,0.0000,-0.5787,0.0000,0.4085
1.161,-0.0388,-0.0388,-0.1035,-3.3970,-3.3970,0.0000,-0.5625,0.0000,0.4085
1.165,-0.0378,-0.0378,-0.1033,-3.3830,-3.3830,0.0000,-0.5625,0.0000,0.4085
1.169,-0.0371,-0.0371,-0.1031,-3.3728,-3.3728,0.0000,-0.5625,0.0000,0.4085
1.172,-0.0364,-0.0364,-0.1030,-3.3629,-3.3629,0.0000,-0.5625,0.0000,0.4085
1.175,-0.0357,-0.0357,-0.1029,-3.3530,-3.3530,0.0000,-0.5625,0.0000,0.4084
1.180,-0.0348,-0.0348,-0.1027,-3.3412,-3.3412,0.0000,-0.5436,0.0000,0.4084
1.184,-0.0339,-0.0339,-0.1025,-3.3305,-3.3305,0.0000,-0.5436,0.0000,0.4084
1.187,-0.0332,-0.0332,-0.1024,-3.3221,-3.3221,0.0000,-0.5436,0.0000,0.4084
1.190,-0.0326,-0.0326,-0.1022,-3.3143,-3.3143,0.0000,-0.5436,0.0000,0.4084
1.194,-0.0319,-0.0319,-0.1021,-3.3062,-3.3062,0.0000,-0.5436,0.0000,0.4084
1.198,-0.0312,-0.0312,-0.1019,-3.2979,-3.2979,0.0000,-0.5436,0.0000,0.4084
1.202,-0.0306,-0.0306,-0.1018,-3.2904,-3.2904,0.0000,-0.5224,0.0000,0.4084
1.211,-0.0289,-0.0289,-0.1016,-3.2735,-3.2735,0.0000,-0.5224,0.0000,0.4084
1.219,-0.0275,-0.0275,-0.1012,-3.2602,-3.2602,0.0000,-0.4987,0.0000,0.4084
1.223,-0.0269,-0.0269,-0.1009,-3.2545,-3.2545,0.0000,-0.4987,0.0000,0.4084
1.226,-0.0264,-0.0264,-0.1007,-3.2499,-3.2499,0.0000,-0.4987,0.0000,0.4084
1.230,-0.0258,-0.0258,-0.1006,-3.2454,-3.2454,0.0000,-0.4987,0.0000,0.4083
1.234,-0.0253,-0.0253,-0.1005,-3.2415,-3.2415,0.0000,-0.4987,0.0000,0.4083
1.237,-0.0248,-0.0248,-0.1003,-3.2381,-3.2381,0.0000,-0.4987,0.0000,0.4083
1.240,-0.0243,-0.0243,-0.1002,-3.2349,-3.2349,0.0000,-0.4722,0.0000,0.4083
1.244,-0.0237,-0.0237,-0.1000,-3.2319,-3.2319,0.0000,-0.4722,0.0000,0.4083
1.248,-0.0232,-0.0232,-0.0999,-3.2293,-3.2293,0.0000,-0.4722,0.0000,0.4083
1.251,-0.0228,-0.0228,-0.0998,-3.2273,-3.2273,0.0000,-0.4722,0.0000,0.4083
1.255,-0.0223,-0.0223,-0.0996,-3.2256,-3.2256,0.0000,-0.4722,0.0000,0.4083
1.258,-0.0219,-0.0219,-0.0995,-3.2242,-3.2242,0.0000,-0.4722,0.0000,0.4083
1.261,-0.0215,-0.0215,-0.0994,-3.2232,-3.2232,0.0000,-0.4100,0.0000,0.4083
1.266,-0.0209,-0.0209,-0.0992,-3.2224,-3.2224,0.0000,-0.4100,0.0000,0.4083
1.270,-0.0204,-0.0204,-0.0991,-3.2222,-3.2222,0.0000,-0.4100,0.0000,0.4083
1.274,-0.0199,-0.0199,-0.0989,-3.2224,-3.2224,0.0000,-0.4100,0.0000,0.4083
1.277,-0.0195,-0.0195,-0.0987,-3.2229,-3.2229,0.0000,-0.4100,0.0000,0.4083
1.281,-0.0191,-0.0191,-0.0986,-3.2240,-3.2240,0.0000,-0.3388,0.0000,0.4083
1.285,-0.0187,-0.0187,-0.0985,-3.2255,-3.2255,0.0000,-0.3388,0.0000,0.4083
1.288,-0.0183,-0.0183,-0.0983,-3.2273,-3.2273,0.0000,-0.3388,0.0000,0.4082
1.292,-0.0179,-0.0179,-0.0982,-3.2293,-3.2293,0.0000,-0.3388,0.0000,0.4082
1.296,-0.0175,-0.0175,-0.0981,-3.2322,-3.2322,0.0000,-0.3388,0.0000,0.4082
1.300,-0.0171,-0.0171,-0.0979,-3.2354,-3.2354,0.0000,-0.2685,0.0000,0.4082
1.304,-0.0166,-0.0166,-0.0978,-3.2399,-3.2399,0.0000,-0.2685,0.0000,0.4082
1.308,-0.0162,-0.0162,-0.0976,-3.2441,-3.2441,0.0000,-0.2685,0.0000,0.4082
1.313,-0.0158,-0.0158,-0.0974,-3.2506,-3.2506,0.0000,-0.2685,0.0000,0.4082
1.321,-0.0150,-0.0150,-0.0973,-3.2628,-3.2628,0.0000,-0.1761,0.0000,0.4082
1.325,-0.0147,-0.0147,-0.0970,-3.2692,-3.2692,0.0000,-0.1761,0.0000,0.4082
1.329,-0.0143,-0.0143,-0.0968,-3.2765,-3.2765,0.0000,-0.1761,0.0000,0.4082
1.333,-0.0140,-0.0140,-0.0967,-3.2833,-3.2833,0.0000,-0.1761,0.0000,0.4082
1.337,-0.0137,-0.0137,-0.0965,-3.2913,-3.2913,0.0000,-0.1761,0.0000,0.4082
1.341,-0.0134,-0.0134,-0.0964,-3.2987,-3.2987,0.0000,-0.0818,0.0000,0.4082
1.345,-0.0130,-0.0130,-0.0963,-3.3087,-3.3087,0.0000,-0.0818,0.0000,0.4082
1.349,-0.0127,-0.0127,-0.0961,-3.3180,-3.3180,0.0000,-0.0818,0.0000,0.4082
1.353,-0.0124,-0.0124,-0.0960,-3.3287,-3.3287,0.0000,-0.0818,0.0000,0.4081
1.361,-0.0119,-0.0119,-0.0958,-3.3507,-3.3507,0.0000,0.0090,0.0000,0.4081
1.367,-0.0115,-0.0115,-0.0955,-3.3685,-3.3685,0.0000,0.0090,0.0000,0.4081
1.370,-0.0112,-0.0112,-0.0953,-3.3791,-3.3791,0.0000,0.0090,0.0000,0.4081
1.374,-0.0110,-0.0110,-0.0952,-3.3921,-3.3921,0.0000,0.0090,0.0000,0.4081
1.378,-0.0107,-0.0107,-0.0951,-3.4039,-3.4039,0.0000,0.0090,0.0000,0.4081
1.382,-0.0105,-0.0105,-0.0950,-3.4197,-3.4197,0.0000,0.0957,0.0000,0.4081
1.386,-0.0102,-0.0102,-0.0948,-3.4351,-3.4351,0.0000,0.0957,0.0000,0.4081
1.390,-0.0100,-0.0100,-0.0947,-3.4473,-3.4473,0.0000,0.0957,0.0000,0.4081
1.393,-0.0098,-0.0098,-0.0946,-3.4624,-3.4624,0.0000,0.0957,0.0000,0.4081
1.397,-0.0096,-0.0096,-0.0944,-3.4777,-3.4777,0.0000,0.0957,0.0000,0.4081
1.402,-0.0093,-0.0093,-0.0943,-3.4962,-3.4962,0.0000,0.1784,0.0000,0.4081
1.407,-0.0090,-0.0090,-0.0942,-3.5210,-3.5210,0.0000,0.1784,0.0000,0.4081
1.411,-0.0088,-0.0088,-0.0940,-3.5397,-3.5397,0.0000,0.1784,0.0000,0.4081
1.415,-0.0086,-0.0086,-0.0938,-3.5605,-3.5605,0.0000,0.1784,0.0000,0.4081
1.420,-0.0083,-0.0083,-0.0937,-3.5839,-3.5839,0.0000,0.2562,0.0000,0.4080
1.426,-0.0081,-0.0081,-0.0935,-3.6146,-3.6146,0.0000,0.2562,0.0000,0.4080
1.435,-0.0076,-0.0076,-0.0933,-3.6653,-3.6653,0.0000,0.2562,0.0000,0.4080
1.439,-0.0075,-0.0075,-0.0931,-3.6889,-3.6889,0.0000,0.3573,0.0000,0.4080
1.444,-0.0072,-0.0072,-0.0929,-3.7184,-3.7184,0.0000,0.3573,0.0000,0.4080
1.448,-0.0071,-0.0071,-0.0928,-3.7445,-3.7445,0.0000,0.3573,0.0000,0.4080
1.452,-0.0069,-0.0069,-0.0926,-3.7722,-3.7722,0.0000,0.3573,0.0000,0.4080
1.456,-0.0067,-0.0067,-0.0925,-3.7995,-3.7995,0.0000,0.3573,0.0000,0.4080
1.460,-0.0066,-0.0066,-0.0924,-3.8226,-3.8226,0.0000,0.4589,0.0000,0.4080
1.465,-0.0064,-0.0064,-0.0923,-3.8588,-3.8588,0.0000,0.4589,0.0000,0.4080
1.468,-0.0063,-0.0063,-0.0921,-3.8844,-3.8844,0.0000,0.4589,0.0000,0.4080
1.472,-0.0061,-0.0061,-0.0920,-3.9133,-3.9133,0.0000,0.4589,0.0000,0.4080
1.476,-0.0060,-0.0060,-0.0919,-3.9407,-3.9407,0.0000,0.4589,0.0000,0.4080
1.479,-0.0059,-0.0059,-0.0918,-3.9700,-3.9700,0.0000,0.5523,0.0000,0.4080
1.484,-0.0057,-0.0057,-0.0916,-4.0093,-4.0093,0.0000,0.5523,0.0000,0.4080
1.488,-0.0056,-0.0056,-0.0915,-4.0420,-4.0420,0.0000,0.5523,0.0000,0.4079
1.492,-0.0054,-0.0054,-0.0914,-4.0728,-4.0728,0.0000,0.5523,0.0000,0.4079
1.495,-0.0053,-0.0053,-0.0913,-4.1042,-4.1042,0.0000,0.5523,0.0000,0.4079
1.500,-0.0052,-0.0052,-0.0912,-4.1427,-4.1427,0.0000,0.6966,0.0000,0.4079
1.504,-0.0050,-0.0050,-0.0910,-4.1878,-4.1878,0.0000,0.6966,0.0000,0.4079
1.513,-0.0048,-0.0048,-0.0909,-4.2789,-4.2789,0.0000,0.6966,0.0000,0.4079
1.519,-0.0046,-0.0046,-0.0906,-4.3345,-4.3345,0.0000,0.8020,0.0000,0.4079
1.524,-0.0045,-0.0045,-0.0905,-4.3883,-4.3883,0.0000,0.8020,0.0000,0.4079
1.527,-0.0044,-0.0044,-0.0903,-4.4262,-4.4262,0.0000,0.8020,0.0000,0.4079
1.531,-0.0043,-0.0043,-0.0902,-4.4737,-4.4737,0.0000,0.8020,0.0000,0.4079
1.536,-0.0042,-0.0042,-0.0901,-4.5272,-4.5272,0.0000,0.8020,0.0000,0.4079
1.543,-0.0040,-0.0040,-0.0899,-4.6215,-4.6215,0.0000,0.8879,0.0000,0.4079
1.549,-0.0039,-0.0039,-0.0897,-4.6959,-4.6959,0.0000,0.8879,0.0000,0.4079
1.553,-0.0038,-0.0038,-0.0896,-4.7459,-4.7459,0.0000,0.8879,0.0000,0.4079
1.557,-0.0037,-0.0037,-0.0895,-4.7992,-4.7992,0.0000,0.8879,0.0000,0.4079
1.561,-0.0036,-0.0036,-0.0893,-4.8510,-4.8510,0.0000,0.9631,0.0000,0.4079
1.565,-0.0035,-0.0035,-0.0892,-4.9125,-4.9125,0.0000,0.9631,0.0000,0.4079
1.568,-0.0034,-0.0034,-0.0891,-4.9600,-4.9600,0.0000,0.9631,0.0000,0.4078
1.572,-0.0034,-0.0034,-0.0890,-5.0125,-5.0125,0.0000,0.9631,0.0000,0.4078
1.576,-0.0033,-0.0033,-0.0889,-5.0668,-5.0668,0.0000,0.9631,0.0000,0.4078
1.579,-0.0032,-0.0032,-0.0888,-5.1281,-5.1281,0.0000,1.0279,0.0000,0.4078
1.584,-0.0031,-0.0031,-0.0887,-5.1965,-5.1965,0.0000,1.0279,0.0000,0.4078
1.587,-0.0031,-0.0031,-0.0886,-5.2538,-5.2538,0.0000,1.0279,0.0000,0.4078
1.591,-0.0030,-0.0030,-0.0885,-5.3174,-5.3174,0.0000,1.0279,0.0000,0.4078
1.595,-0.0029,-0.0029,-0.0884,-5.3881,-5.3881,0.0000,1.0279,0.0000,0.4078
1.599,-0.0029,-0.0029,-0.0883,-5.4626,-5.4626,0.0000,1.0818,0.0000,0.4078
1.604,-0.0028,-0.0028,-0.0882,-5.5395,-5.5395,0.0000,1.0818,0.0000,0.4078
1.608,-0.0027,-0.0027,-0.0880,-5.6064,-5.6064,0.0000,1.0818,0.0000,0.4078
1.612,-0.0027,-0.0027,-0.0879,-5.6661,-5.6661,0.0000,1.0818,0.0000,0.4078
1.618,-0.0026,-0.0026,-0.0878,-5.7685,-5.7685,0.0000,1.0818,0.0000,0.4078
1.622,-0.0025,-0.0025,-0.0877,-5.8285,-5.8285,0.0000,1.1067,0.0000,0.4078
1.626,-0.0024,-0.0024,-0.0876,-5.8842,-5.8842,0.0000,1.1067,0.0000,0.4078
1.629,-0.0024,-0.0024,-0.0875,-5.9324,-5.9324,0.0000,1.1067,0.0000,0.4078
1.633,-0.0023,-0.0023,-0.0874,-5.9812,-5.9812,0.0000,1.1067,0.0000,0.4078
1.636,-0.0023,-0.0023,-0.0873,-6.0245,-6.0245,0.0000,1.1067,0.0000,0.4078
1.641,-0.0022,-0.0022,-0.0872,-6.0746,-6.0746,0.0000,1.0455,0.0000,0.4078
1.649,-0.0021,-0.0021,-0.0871,-6.1574,-6.1574,0.0000,1.0455,0.0000,0.4078
1.653,-0.0021,-0.0021,-0.0868,-6.1933,-6.1933,0.0000,1.0455,0.0000,0.4077
1.657,-0.0020,-0.0020,-0.0867,-6.2218,-6.2218,0.0000,1.0455,0.0000,0.4077
1.664,-0.0019,-0.0019,-0.0866,-6.2746,-6.2746,0.0000,0.9786,0.0000,0.4077
1.669,-0.0019,-0.0019,-0.0865,-6.3062,-6.3062,0.0000,0.9786,0.0000,0.4077
1.673,-0.0018,-0.0018,-0.0863,-6.3255,-6.3255,0.0000,0.9786,0.0000,0.4077
1.676,-0.0018,-0.0018,-0.0862,-6.3434,-6.3434,0.0000,0.9786,0.0000,0.4077
1.680,-0.0018,-0.0018,-0.0862,-6.3637,-6.3637,0.0000,0.9560,0.0000,0.4077
1.685,-0.0017,-0.0017,-0.0860,-6.3807,-6.3807,0.0000,0.9560,0.0000,0.4077
1.688,-0.0017,-0.0017,-0.0859,-6.3929,-6.3929,0.0000,0.9560,0.0000,0.4077
1.691,-0.0016,-0.0016,-0.0859,-6.4036,-6.4036,0.0000,0.9560,0.0000,0.4077
1.695,-0.0016,-0.0016,-0.0858,-6.4132,-6.4132,0.0000,0.9560,0.0000,0.4077
1.700,-0.0016,-0.0016,-0.0857,-6.4249,-6.4249,0.0000,0.9385,0.0000,0.4077
1.704,-0.0015,-0.0015,-0.0856,-6.4325,-6.4325,0.0000,0.9385,0.0000,0.4077
1.707,-0.0015,-0.0015,-0.0855,-6.4376,-6.4376,0.0000,0.9385,0.0000,0.4077
1.711,-0.0015,-0.0015,-0.0854,-6.4412,-6.4412,0.0000,0.9385,0.0000,0.4077
1.715,-0.0014,-0.0014,-0.0853,-6.4441,-6.4441,0.0000,0.9385,0.0000,0.4077
1.718,-0.0014,-0.0014,-0.0852,-6.4455,-6.4455,0.0000,0.9108,0.0000,0.4077
1.722,-0.0014,-0.0014,-0.0851,-6.4455,-6.4455,0.0000,0.9108,0.0000,0.4077
1.725,-0.0013,-0.0013,-0.0850,-6.4446,-6.4446,0.0000,0.9108,0.0000,0.4077
1.730,-0.0013,-0.0013,-0.0849,-6.4420,-6.4420,0.0000,0.9108,0.0000,0.4077
1.733,-0.0013,-0.0013,-0.0848,-6.4387,-6.4387,0.0000,0.9108,0.0000,0.4077
1.737,-0.0013,-0.0013,-0.0848,-6.4347,-6.4347,0.0000,0.9108,0.0000,0.4077
1.740,-0.0012,-0.0012,-0.0847,-6.4299,-6.4299,0.0000,0.8729,0.0000,0.4077
1.745,-0.0012,-0.0012,-0.0846,-6.4206,-6.4206,0.0000,0.8729,0.0000,0.4076
1.752,-0.0011,-0.0011,-0.0845,-6.4034,-6.4034,0.0000,0.8729,0.0000,0.4076
1.756,-0.0011,-0.0011,-0.0843,-6.3949,-6.3949,0.0000,0.8729,0.0000,0.4076
1.759,-0.0011,-0.0011,-0.0842,-6.3855,-6.3855,0.0000,0.8250,0.0000,0.4076
1.763,-0.0011,-0.0011,-0.0842,-6.3728,-6.3728,0.0000,0.8250,0.0000,0.4076
1.767,-0.0010,-0.0010,-0.0841,-6.3619,-6.3619,0.0000,0.8250,0.0000,0.4076
1.770,-0.0010,-0.0010,-0.0840,-6.3510,-6.3510,0.0000,0.8250,0.0000,0.4076
1.774,-0.0010,-0.0010,-0.0839,-6.3392,-6.3392,0.0000,0.8250,0.0000,0.4076
1.777,-0.0010,-0.0010,-0.0838,-6.3270,-6.3270,0.0000,0.8250,0.0000,0.4076
1.783,-0.0009,-0.0009,-0.0837,-6.3016,-6.3016,0.0000,0.7680,0.0000,0.4076
1.788,-0.0009,-0.0009,-0.0836,-6.2797,-6.2797,0.0000,0.7680,0.0000,0.4076
1.792,-0.0009,-0.0009,-0.0835,-6.2629,-6.2629,0.0000,0.7680,0.0000,0.4076
1.796,-0.0009,-0.0009,-0.0834,-6.2447,-6.2447,0.0000,0.7680,0.0000,0.4076
1.800,-0.0008,-0.0008,-0.0833,-6.2262,-6.2262,0.0000,0.7025,0.0000,0.4076
1.807,-0.0008,-0.0008,-0.0832,-6.1955,-6.1955,0.0000,0.7025,0.0000,0.4076
1.812,-0.0008,-0.0008,-0.0831,-6.1685,-6.1685,0.0000,0.7025,0.0000,0.4076
1.820,-0.0008,-0.0008,-0.0830,-6.1379,-6.1242,0.0000,0.7015,0.0000,0.4076
1.827,-0.0007,-0.0007,-0.0828,-6.1030,-6.0893,0.0000,0.7015,0.0000,0.4076
1.831,-0.0007,-0.0007,-0.0826,-6.0803,-6.0666,0.0000,0.7015,0.0000,0.4076
1.835,-0.0007,-0.0007,-0.0826,-6.0595,-6.0458,0.0000,0.7015,0.0000,0.4076
1.838,0.0240,-0.0007,-0.0825,-6.0390,-6.0245,0.0000,0.5318,0.0000,0.4076
1.843,0.0240,-0.0007,-0.0824,-6.0139,-5.9995,0.0000,0.5318,0.0000,0.4076
1.847,0.0241,-0.0006,-0.0823,-5.9892,-5.9747,0.0000,0.5318,0.0000,0.4075
1.852,0.0241,-0.0006,-0.0822,-5.9605,-5.9460,0.0000,0.5318,0.0000,0.4075
1.860,0.0626,-0.0006,-0.0821,-5.9284,-5.9000,0.0000,0.5254,0.0000,0.4075
1.865,0.0627,-0.0006,-0.0820,-5.8986,-5.8702,0.0000,0.5254,0.0000,0.4075
1.869,0.0627,-0.0006,-0.0819,-5.8755,-5.8471,0.0000,0.5254,0.0000,0.4075
1.872,0.0627,-0.0005,-0.0818,-5.8526,-5.8242,0.0000,0.5254,0.0000,0.4075
1.876,0.0627,-0.0005,-0.0817,-5.8290,-5.8005,0.0000,0.5254,0.0000,0.4075
1.881,0.1226,-0.0005,-0.0816,-5.8075,-5.7737,0.0000,0.4254,0.0000,0.4075
1.885,0.1226,-0.0005,-0.0815,-5.7807,-5.7469,0.0000,0.4254,0.0000,0.4075
1.889,0.1226,-0.0005,-0.0814,-5.7581,-5.7243,0.0000,0.4254,0.0000,0.4075
1.893,0.1226,-0.0005,-0.0814,-5.7353,-5.7015,0.0000,0.4254,0.0000,0.4075
1.897,0.1226,-0.0005,-0.0813,-5.7100,-5.6762,0.0000,0.4254,0.0000,0.4075
1.901,0.1992,-0.0005,-0.0812,-5.6908,-5.6516,0.0000,0.3312,0.0000,0.4075
1.905,0.1992,-0.0004,-0.0811,-5.6638,-5.6246,0.0000,0.3312,0.0000,0.4075
1.909,0.1992,-0.0004,-0.0810,-5.6413,-5.6020,0.0000,0.3312,0.0000,0.4075
1.913,0.1992,-0.0004,-0.0810,-5.6162,-5.5770,0.0000,0.3312,0.0000,0.4075
1.917,0.1992,-0.0004,-0.0809,-5.5914,-5.5522,0.0000,0.3312,0.0000,0.4075
1.921,0.2920,-0.0004,-0.0808,-5.5686,-5.5298,0.0000,0.1786,0.0000,0.4075
1.925,0.2920,-0.0004,-0.0807,-5.5421,-5.5032,0.0000,0.1786,0.0000,0.4075
1.929,0.2920,-0.0004,-0.0806,-5.5174,-5.4785,0.0000,0.1786,0.0000,0.4075
1.934,0.2920,-0.0004,-0.0806,-5.4919,-5.4530,0.0000,0.1786,0.0000,0.4075
1.937,0.2920,-0.0004,-0.0805,-5.4690,-5.4301,0.0000,0.1786,0.0000,0.4075
1.941,0.3953,-0.0004,-0.0804,-5.4512,-5.4083,0.0000,0.0816,0.0000,0.4075
1.946,0.3953,-0.0004,-0.0803,-5.4228,-5.3798,0.0000,0.0816,0.0000,0.4075
1.950,0.3953,-0.0003,-0.0802,-5.4007,-5.3578,0.0000,0.0816,0.0000,0.4075
1.953,0.3953,-0.0003,-0.0802,-5.3812,-5.3383,0.0000,0.0816,0.0000,0.4075
1.956,0.3953,-0.0003,-0.0801,-5.3626,-5.3196,0.0000,0.0816,0.0000,0.4075
1.960,0.5078,-0.0003,-0.0801,-5.3519,-5.3012,0.0000,0.0337,0.0000,0.4074
1.965,0.5078,-0.0003,-0.0800,-5.3195,-5.2688,0.0000,0.0337,0.0000,0.4074
1.974,0.5078,-0.0003,-0.0799,-5.2715,-5.2208,0.0000,0.0337,0.0000,0.4074
1.987,0.6288,-0.0003,-0.0797,-5.2010,-5.1446,0.0000,-0.0280,0.0000,0.4074
1.994,0.6288,-0.0003,-0.0795,-5.1641,-5.1076,0.0000,-0.0280,0.0000,0.4074
1.999,0.7676,-0.0003,-0.0794,-5.1388,-5.0796,0.0000,-0.1150,0.0000,0.4074
2.003,0.7676,-0.0002,-0.0793,-5.1176,-5.0584,0.0000,-0.1150,0.0000,0.4074
2.007,0.7676,-0.0002,-0.0792,-5.0985,-5.0393,0.0000,-0.1150,0.0000,0.4074
2.011,0.7676,-0.0002,-0.0791,-5.0809,-5.0217,0.0000,-0.1150,0.0000,0.4074
2.014,0.7676,-0.0002,-0.0791,-5.0628,-5.0036,0.0000,-0.1150,0.0000,0.4074
2.018,0.9049,-0.0002,-0.0790,-5.0465,-4.9851,0.0000,-0.2032,0.0000,0.4074
2.022,0.9049,-0.0002,-0.0789,-5.0271,-4.9657,0.0000,-0.2032,0.0000,0.4074
2.025,0.9049,-0.0002,-0.0789,-5.0116,-4.9503,0.0000,-0.2032,0.0000,0.4074
2.029,0.9049,-0.0002,-0.0788,-4.9942,-4.9329,0.0000,-0.2032,0.0000,0.4074
2.033,0.9049,-0.0002,-0.0787,-4.9774,-4.9160,0.0000,-0.2032,0.0000,0.4074
2.036,0.9049,-0.0002,-0.0787,-4.9610,-4.8996,0.0000,-0.2032,0.0000,0.4074
2.040,1.0473,-0.0002,-0.0786,-4.9466,-4.8832,0.0000,-0.2879,0.0000,0.4074
2.044,1.0474,-0.0002,-0.0785,-4.9271,-4.8637,0.0000,-0.2879,0.0000,0.4074
2.048,1.0474,-0.0002,-0.0785,-4.9096,-4.8462,0.0000,-0.2879,0.0000,0.4074
2.052,1.0474,-0.0002,-0.0784,-4.8933,-4.8299,0.0000,-0.2879,0.0000,0.4074
2.056,1.0474,-0.0002,-0.0783,-4.8788,-4.8154,0.0000,-0.2879,0.0000,0.4074
2.059,1.1972,-0.0002,-0.0783,-4.8674,-4.8019,0.0000,-0.3680,0.0000,0.4074
2.064,1.1972,-0.0002,-0.0782,-4.8483,-4.7828,0.0000,-0.3680,0.0000,0.4074
2.068,1.1972,-0.0002,-0.0781,-4.8323,-4.7668,0.0000,-0.3680,0.0000,0.4074
2.072,1.1972,-0.0002,-0.0781,-4.8185,-4.7530,0.0000,-0.3680,0.0000,0.4074
2.076,1.1972,-0.0002,-0.0780,-4.8016,-4.7360,0.0000,-0.3680,0.0000,0.4074
2.084,1.3504,-0.0002,-0.0779,-4.7744,-4.7066,0.0000,-0.4430,0.0000,0.4074
2.089,1.3504,-0.0001,-0.0778,-4.7605,-4.6927,0.0000,-0.4430,0.0000,0.4073
2.092,1.3504,-0.0001,-0.0777,-4.7482,-4.6804,0.0000,-0.4430,0.0000,0.4073
2.096,1.3504,-0.0001,-0.0777,-4.7364,-4.6686,0.0000,-0.4430,0.0000,0.4073
2.100,1.5126,-0.0001,-0.0776,-4.7258,-4.6554,0.0000,-0.5121,0.0000,0.4073
2.104,1.5126,-0.0001,-0.0775,-4.7137,-4.6434,0.0000,-0.5121,0.0000,0.4073
2.108,1.5126,-0.0001,-0.0775,-4.7035,-4.6331,0.0000,-0.5121,0.0000,0.4073
2.111,1.5126,-0.0001,-0.0774,-4.6941,-4.6237,0.0000,-0.5121,0.0000,0.4073
2.115,1.5126,-0.0001,-0.0774,-4.6838,-4.6135,0.0000,-0.5121,0.0000,0.4073
2.119,1.6722,-0.0001,-0.0773,-4.6756,-4.6020,0.0000,-0.5743,0.0000,0.4073
2.127,1.6722,-0.0001,-0.0772,-4.6567,-4.5831,0.0000,-0.5743,0.0000,0.4073
2.133,1.6723,-0.0001,-0.0771,-4.6425,-4.5689,0.0000,-0.5743,0.0000,0.4073
2.137,1.6723,-0.0001,-0.0770,-4.6353,-4.5616,0.0000,-0.5743,0.0000,0.4073
2.140,1.8325,-0.0001,-0.0770,-4.6323,-4.5545,0.0000,-0.6291,0.0000,0.4073
2.144,1.8326,-0.0001,-0.0769,-4.6250,-4.5472,0.0000,-0.6291,0.0000,0.4073
2.148,1.8326,-0.0001,-0.0769,-4.6177,-4.5399,0.0000,-0.6291,0.0000,0.4073
2.152,1.8326,-0.0001,-0.0768,-4.6119,-4.5341,0.0000,-0.6291,0.0000,0.4073
2.155,1.8326,-0.0001,-0.0767,-4.6069,-4.5291,0.0000,-0.6291,0.0000,0.4073
2.158,1.9885,-0.0001,-0.0767,-4.6075,-4.5245,0.0000,-0.6800,0.0000,0.4073
2.162,1.9885,-0.0001,-0.0766,-4.6019,-4.5189,0.0000,-0.6800,0.0000,0.4073
2.166,1.9885,-0.0001,-0.0766,-4.5972,-4.5142,0.0000,-0.6800,0.0000,0.4073
2.170,1.9885,-0.0001,-0.0765,-4.5936,-4.5105,0.0000,-0.6800,0.0000,0.4073
2.173,1.9885,-0.0001,-0.0765,-4.5902,-4.5072,0.0000,-0.6800,0.0000,0.4073
2.177,1.9885,-0.0001,-0.0764,-4.5874,-4.5044,0.0000,-0.6800,0.0000,0.4073
2.182,2.1269,-0.0001,-0.0764,-4.5894,-4.5013,0.0000,-0.7566,0.0000,0.4073
2.187,2.1269,-0.0001,-0.0763,-4.5869,-4.4988,0.0000,-0.7566,0.0000,0.4073
2.195,2.1269,-0.0001,-0.0762,-4.5858,-4.4977,0.0000,-0.7566,0.0000,0.4073
2.200,2.2500,-0.0001,-0.0761,-4.5910,-4.4979,0.0000,-0.8672,0.0000,0.4073
2.205,2.2500,-0.0001,-0.0760,-4.5924,-4.4992,0.0000,-0.8672,0.0000,0.4073
2.209,2.2500,-0.0001,-0.0760,-4.5940,-4.5008,0.0000,-0.8672,0.0000,0.4073
2.213,2.2500,-0.0001,-0.0759,-4.5961,-4.5029,0.0000,-0.8672,0.0000,0.4073
2.216,2.2500,-0.0001,-0.0758,-4.5989,-4.5057,0.0000,-0.8672,0.0000,0.4073
2.220,2.3584,-0.0001,-0.0758,-4.6079,-4.5086,0.0000,-1.0019,0.0000,0.4073
2.223,2.3584,-0.0001,-0.0757,-4.6118,-4.5126,0.0000,-1.0019,0.0000,0.4073
2.227,2.3584,-0.0001,-0.0757,-4.6159,-4.5166,0.0000,-1.0019,0.0000,0.4073
2.230,2.3584,-0.0001,-0.0756,-4.6209,-4.5217,0.0000,-1.0019,0.0000,0.4073
2.234,2.3584,-0.0001,-0.0756,-4.6264,-4.5272,0.0000,-1.0019,0.0000,0.4073
2.237,2.3584,-0.0001,-0.0755,-4.6319,-4.5327,0.0000,-1.0019,0.0000,0.4072
2.241,2.4503,-0.0001,-0.0755,-4.6480,-4.5391,0.0000,-1.1195,0.0000,0.4072
2.245,2.4504,-0.0001,-0.0754,-4.6566,-4.5477,0.0000,-1.1195,0.0000,0.4072
2.248,2.4504,-0.0001,-0.0754,-4.6656,-4.5566,0.0000,-1.1195,0.0000,0.4072
2.252,2.4504,-0.0001,-0.0753,-4.6739,-4.5649,0.0000,-1.1195,0.0000,0.4072
2.255,2.4504,-0.0001,-0.0753,-4.6825,-4.5736,0.0000,-1.1195,0.0000,0.4072
2.258,2.5271,-0.0001,-0.0752,-4.7054,-4.5829,0.0000,-1.2193,0.0000,0.4072
2.263,2.5271,-0.0001,-0.0752,-4.7186,-4.5960,0.0000,-1.2193,0.0000,0.4072
2.266,2.5271,-0.0001,-0.0751,-4.7311,-4.6086,0.0000,-1.2193,0.0000,0.4072
2.270,2.5271,0.0000,-0.0751,-4.7436,-4.6211,0.0000,-1.2193,0.0000,0.4072
2.277,2.5271,0.0000,-0.0750,-4.7739,-4.6514,0.0000,-1.2193,0.0000,0.4072
2.282,2.5895,0.0000,-0.0750,-4.8126,-4.6724,0.0000,-1.2972,0.0000,0.4072
2.286,2.5895,0.0000,-0.0749,-4.8319,-4.6917,0.0000,-1.2972,0.0000,0.4072
2.291,2.5895,0.0000,-0.0748,-4.8640,-4.7238,0.0000,-1.2972,0.0000,0.4072
2.298,2.6403,0.0000,-0.0748,-4.9476,-4.7868,0.0000,-1.3747,0.0000,0.4072
2.302,2.6403,0.0000,-0.0747,-4.9867,-4.8258,0.0000,-1.3747,0.0000,0.4072
2.306,2.6403,0.0000,-0.0746,-5.0237,-4.8629,0.0000,-1.3747,0.0000,0.4072
2.309,2.6403,0.0000,-0.0746,-5.0627,-4.9018,0.0000,-1.3747,0.0000,0.4072
2.312,2.6403,0.0000,-0.0745,-5.1056,-4.9447,0.0000,-1.3747,0.0000,0.4072
2.316,2.6403,0.0000,-0.0745,-5.1557,-4.9949,0.0000,-1.3747,0.0000,0.4072
2.320,2.6780,0.0000,-0.0744,-5.2382,-5.0520,0.0000,-1.4169,0.0000,0.4072
2.325,2.6780,0.0000,-0.0744,-5.2987,-5.1125,0.0000,-1.4169,0.0000,0.4072
2.328,2.6780,0.0000,-0.0743,-5.3479,-5.1617,0.0000,-1.4169,0.0000,0.4072
2.332,2.6780,0.0000,-0.0743,-5.4091,-5.2229,0.0000,-1.4169,0.0000,0.4072
2.335,2.6780,0.0000,-0.0742,-5.4684,-5.2822,0.0000,-1.4169,0.0000,0.4072
2.339,2.7051,0.0000,-0.0742,-5.5652,-5.3500,0.0000,-1.4457,0.0000,0.4072
2.344,2.7051,0.0000,-0.0741,-5.6295,-5.4144,0.0000,-1.4457,0.0000,0.4072
2.348,2.7051,0.0000,-0.0741,-5.6894,-5.4743,0.0000,-1.4457,0.0000,0.4072
2.352,2.7051,0.0000,-0.0740,-5.7550,-5.5399,0.0000,-1.4457,0.0000,0.4072
2.356,2.7051,0.0000,-0.0740,-5.8064,-5.5912,0.0000,-1.4457,0.0000,0.4072
2.359,2.7249,0.0000,-0.0739,-5.8844,-5.6379,0.0000,-1.4901,0.0000,0.4072
2.363,2.7249,0.0000,-0.0739,-5.9408,-5.6943,0.0000,-1.4901,0.0000,0.4072
2.367,2.7249,0.0000,-0.0739,-5.9882,-5.7417,0.0000,-1.4901,0.0000,0.4072
2.370,2.7249,0.0000,-0.0738,-6.0310,-5.7845,0.0000,-1.4901,0.0000,0.4072
2.373,2.7249,0.0000,-0.0738,-6.0718,-5.8253,0.0000,-1.4901,0.0000,0.4072
2.377,2.7249,0.0000,-0.0737,-6.1106,-5.8641,0.0000,-1.4901,0.0000,0.4072
2.380,2.7355,0.0000,-0.0737,-6.1889,-5.9072,0.0000,-1.5158,0.0000,0.4072
2.385,2.7355,0.0000,-0.0736,-6.2438,-5.9621,0.0000,-1.5158,0.0000,0.4072
2.389,2.7355,0.0000,-0.0736,-6.2831,-6.0013,0.0000,-1.5158,0.0000,0.4072
2.393,2.7355,0.0000,-0.0735,-6.3300,-6.0483,0.0000,-1.5158,0.0000,0.4072
2.400,2.7419,0.0000,-0.0735,-6.4403,-6.1216,0.0000,-1.5826,0.0000,0.4072
2.404,2.7419,0.0000,-0.0734,-6.4785,-6.1598,0.0000,-1.5826,0.0000,0.4072
2.408,2.7419,0.0000,-0.0734,-6.5100,-6.1914,0.0000,-1.5826,0.0000,0.4072
2.411,2.7419,0.0000,-0.0733,-6.5384,-6.2197,0.0000,-1.5826,0.0000,0.4072
2.415,2.7419,0.0000,-0.0733,-6.5775,-6.2588,0.0000,-1.5826,0.0000,0.4072
2.419,2.7397,0.0000,-0.0732,-6.6487,-6.2887,0.0000,-1.6164,0.0000,0.4071
2.423,2.7397,0.0000,-0.0732,-6.6804,-6.3204,0.0000,-1.6164,0.0000,0.4071
2.431,2.7397,0.0000,-0.0731,-6.7402,-6.3803,0.0000,-1.6164,0.0000,0.4071
2.436,2.7397,0.0000,-0.0730,-6.7717,-6.4118,0.0000,-1.6164,0.0000,0.4071
2.440,2.7312,0.0000,-0.0730,-6.8378,-6.4330,0.0000,-1.6419,0.0000,0.4071
2.444,2.7312,0.0000,-0.0730,-6.8656,-6.4608,0.0000,-1.6419,0.0000,0.4071
2.448,2.7312,0.0000,-0.0729,-6.8873,-6.4825,0.0000,-1.6419,0.0000,0.4071
2.451,2.7312,0.0000,-0.0729,-6.9049,-6.5001,0.0000,-1.6419,0.0000,0.4071
2.455,2.7312,0.0000,-0.0728,-6.9214,-6.5166,0.0000,-1.6419,0.0000,0.4071
2.458,2.7154,0.0000,-0.0728,-6.9867,-6.5327,0.0000,-1.6309,0.0000,0.4071
2.462,2.7154,0.0000,-0.0727,-7.0050,-6.5510,0.0000,-1.6309,0.0000,0.4071
2.466,2.7154,0.0000,-0.0727,-7.0205,-6.5665,0.0000,-1.6309,0.0000,0.4071
2.470,2.7154,0.0000,-0.0727,-7.0331,-6.5791,0.0000,-1.6309,0.0000,0.4071
2.473,2.7154,0.0000,-0.0726,-7.0448,-6.5908,0.0000,-1.6309,0.0000,0.4071
2.477,2.7154,0.0000,-0.0726,-7.0578,-6.6038,0.0000,-1.6309,0.0000,0.4071
2.481,2.6937,0.0000,-0.0725,-7.1224,-6.6153,0.0000,-1.5965,0.0000,0.4071
2.485,2.6937,0.0000,-0.0725,-7.1325,-6.6255,0.0000,-1.5965,0.0000,0.4071
2.488,2.6937,0.0000,-0.0725,-7.1399,-6.6329,0.0000,-1.5965,0.0000,0.4071
2.492,2.6937,0.0000,-0.0724,-7.1469,-6.6399,0.0000,-1.5965,0.0000,0.4071
2.495,2.6937,0.0000,-0.0724,-7.1532,-6.6461,0.0000,-1.5965,0.0000,0.4071
2.500,2.6658,0.0000,-0.0723,-7.2173,-6.6529,0.0000,-1.5195,0.0000,0.4071
2.509,2.6658,0.0000,-0.0723,-7.2238,-6.6594,0.0000,-1.5195,0.0000,0.4071
2.513,2.6658,0.0000,-0.0722,-7.2257,-6.6613,0.0000,-1.5195,0.0000,0.4071
2.516,2.6658,0.0000,-0.0722,-7.2264,-6.6620,0.0000,-1.5195,0.0000,0.4071
2.520,2.6334,0.0000,-0.0721,-7.2872,-6.6618,0.0000,-1.4160,0.0000,0.4071
2.524,2.6334,0.0000,-0.0721,-7.2858,-6.6604,0.0000,-1.4160,0.0000,0.4071
2.527,2.6334,0.0000,-0.0720,-7.2840,-6.6586,0.0000,-1.4160,0.0000,0.4071
2.531,2.6334,0.0000,-0.0720,-7.2803,-6.6549,0.0000,-1.4160,0.0000,0.4071
2.535,2.6334,0.0000,-0.0720,-7.2765,-6.6511,0.0000,-1.4160,0.0000,0.4071
2.539,2.5990,0.0000,-0.0719,-7.3341,-6.6454,0.0000,-1.3215,0.0000,0.4071
2.543,2.5990,0.0000,-0.0719,-7.3274,-6.6387,0.0000,-1.3215,0.0000,0.4071
2.547,2.5990,0.0000,-0.0719,-7.3202,-6.6315,0.0000,-1.3215,0.0000,0.4071
2.550,2.5990,0.0000,-0.0718,-7.3126,-6.6239,0.0000,-1.3215,0.0000,0.4071
2.555,2.5990,0.0000,-0.0718,-7.3024,-6.6137,0.0000,-1.3215,0.0000,0.4071
2.558,2.5604,0.0000,-0.0717,-7.3611,-6.6049,0.0000,-1.1818,0.0000,0.4071
2.562,2.5604,0.0000,-0.0717,-7.3500,-6.5937,0.0000,-1.1818,0.0000,0.4071
2.566,2.5604,0.0000,-0.0717,-7.3381,-6.5818,0.0000,-1.1818,0.0000,0.4071
2.570,2.5604,0.0000,-0.0716,-7.3244,-6.5682,0.0000,-1.1818,0.0000,0.4071
2.574,2.5604,0.0000,-0.0716,-7.3111,-6.5548,0.0000,-1.1818,0.0000,0.4071
2.582,2.5207,0.0000,-0.0715,-7.3479,-6.5217,0.0000,-1.0487,0.0000,0.4071
2.589,2.5207,0.0000,-0.0715,-7.3167,-6.4905,0.0000,-1.0487,0.0000,0.4071
2.593,2.5207,0.0000,-0.0714,-7.2949,-6.4687,0.0000,-1.0487,0.0000,0.4071
2.597,2.5207,0.0000,-0.0714,-7.2768,-6.4505,0.0000,-1.0487,0.0000,0.4071
2.601,2.4808,0.0000,-0.0713,-7.3280,-6.4300,0.0000,-0.9347,0.0000,0.4071
2.606,2.4808,0.0000,-0.0713,-7.3011,-6.4031,0.0000,-0.9347,0.0000,0.4071
2.614,2.4808,0.0000,-0.0712,-7.2549,-6.3569,0.0000,-0.9347,0.0000,0.4071
2.619,2.4381,0.0000,-0.0712,-7.2988,-6.3252,0.0000,-0.7672,0.0000,0.4071
2.624,2.4381,0.0000,-0.0711,-7.2697,-6.2961,0.0000,-0.7672,0.0000,0.4071
2.627,2.4381,0.0000,-0.0711,-7.2481,-6.2746,0.0000,-0.7672,0.0000,0.4071
2.631,2.4381,0.0000,-0.0710,-7.2242,-6.2507,0.0000,-0.7672,0.0000,0.4071
2.635,2.4381,0.0000,-0.0710,-7.2021,-6.2286,0.0000,-0.7672,0.0000,0.4071
2.638,2.4381,0.0000,-0.0710,-7.1803,-6.2068,0.0000,-0.7672,0.0000,0.4070
2.641,2.3942,0.0000,-0.0709,-7.2337,-6.1825,0.0000,-0.5699,0.0000,0.4070
2.645,2.3942,0.0000,-0.0709,-7.2054,-6.1542,0.0000,-0.5699,0.0000,0.4070
2.650,2.3942,0.0000,-0.0709,-7.1715,-6.1203,0.0000,-0.5699,0.0000,0.4070
2.653,2.3942,0.0000,-0.0708,-7.1456,-6.0944,0.0000,-0.5699,0.0000,0.4070
2.657,2.3942,0.0000,-0.0708,-7.1174,-6.0662,0.0000,-0.5699,0.0000,0.4070
2.660,2.3506,0.0000,-0.0708,-7.1704,-6.0405,0.0000,-0.3650,0.0000,0.4070
2.665,2.3506,0.0000,-0.0707,-7.1349,-6.0049,0.0000,-0.3650,0.0000,0.4070
2.668,2.3506,0.0000,-0.0707,-7.1077,-5.9777,0.0000,-0.3650,0.0000,0.4070
2.672,2.3506,0.0000,-0.0707,-7.0806,-5.9506,0.0000,-0.3650,0.0000,0.4070
2.675,2.3506,0.0000,-0.0706,-7.0530,-5.9231,0.0000,-0.3650,0.0000,0.4070
2.680,2.3070,0.0000,-0.0706,-7.0954,-5.8848,0.0000,-0.1255,0.0000,0.4070
2.684,2.3070,0.0000,-0.0706,-7.0571,-5.8465,0.0000,-0.1255,0.0000,0.4070
2.688,2.3070,0.0000,-0.0705,-7.0238,-5.8132,0.0000,-0.1255,0.0000,0.4070
2.692,2.3070,0.0000,-0.0705,-6.9937,-5.7831,0.0000,-0.1255,0.0000,0.4070
2.695,2.3070,0.0000,-0.0705,-6.9623,-5.7517,0.0000,-0.1255,0.0000,0.4070
2.699,2.2644,0.0000,-0.0704,-7.0093,-5.7166,0.0000,0.1275,0.0000,0.4070
2.703,2.2644,0.0000,-0.0704,-6.9684,-5.6758,0.0000,0.1275,0.0000,0.4070
2.707,2.2644,0.0000,-0.0704,-6.9376,-5.6450,0.0000,0.1275,0.0000,0.4070
2.712,2.2644,0.0000,-0.0703,-6.8852,-5.5925,0.0000,0.1275,0.0000,0.4070
2.721,2.2229,0.0000,-0.0703,-6.8881,-5.5115,0.0000,0.4273,0.0000,0.4070
2.726,2.2229,0.0000,-0.0702,-6.8407,-5.4641,0.0000,0.4273,0.0000,0.4070
2.734,2.2229,0.0000,-0.0702,-6.7540,-5.3774,0.0000,0.4273,0.0000,0.4070
2.741,2.1832,0.0000,-0.0701,-6.7728,-5.3113,0.0000,0.7434,0.0000,0.4070
2.745,2.1832,0.0000,-0.0700,-6.7269,-5.2654,0.0000,0.7434,0.0000,0.4070
2.750,2.1832,0.0000,-0.0700,-6.6827,-5.2212,0.0000,0.7434,0.0000,0.4070
2.754,2.1832,0.0000,-0.0700,-6.6407,-5.1792,0.0000,0.7434,0.0000,0.4070
2.758,2.1832,0.0000,-0.0699,-6.6109,-5.1494,0.0000,0.7434,0.0000,0.4070
2.762,2.1460,0.0000,-0.0699,-6.6647,-5.1196,0.0000,1.0155,0.0000,0.4070
2.767,2.1460,0.0000,-0.0699,-6.6389,-5.0938,0.0000,1.0155,0.0000,0.4070
2.771,2.1460,0.0000,-0.0698,-6.6224,-5.0773,0.0000,1.0155,0.0000,0.4070
2.775,2.1460,0.0000,-0.0698,-6.6129,-5.0678,0.0000,1.0155,0.0000,0.4070
2.779,2.1112,0.0000,-0.0698,-6.6917,-5.0622,0.0000,1.3277,0.0000,0.4070
2.784,2.1112,0.0000,-0.0697,-6.6926,-5.0631,0.0000,1.3277,0.0000,0.4070
2.788,2.1112,0.0000,-0.0697,-6.6971,-5.0676,0.0000,1.3277,0.0000,0.4070
2.791,2.1112,0.0000,-0.0697,-6.7043,-5.0748,0.0000,1.3277,0.0000,0.4070
2.795,2.1112,0.0000,-0.0696,-6.7171,-5.0876,0.0000,1.3277,0.0000,0.4070
2.799,2.0792,0.0000,-0.0696,-6.8206,-5.1064,0.0000,1.6790,0.0000,0.4070
2.804,2.0792,0.0000,-0.0696,-6.8484,-5.1341,0.0000,1.6790,0.0000,0.4070
2.808,2.0792,0.0000,-0.0695,-6.8684,-5.1542,0.0000,1.6790,0.0000,0.4070
2.813,2.0792,0.0000,-0.0695,-6.8891,-5.1748,0.0000,1.6790,0.0000,0.4070
2.817,2.0792,0.0000,-0.0695,-6.9106,-5.1964,0.0000,1.6790,0.0000,0.4070
2.825,2.0502,0.0000,-0.0694,-7.0229,-5.2244,0.0000,2.0576,0.0000,0.4070
2.829,2.0502,0.0000,-0.0694,-7.0387,-5.2401,0.0000,2.0576,0.0000,0.4070
2.835,2.0502,0.0000,-0.0694,-7.0567,-5.2582,0.0000,2.0576,0.0000,0.4070
2.839,2.0239,0.0000,-0.0693,-7.1518,-5.2706,0.0000,2.4334,0.0000,0.4070
2.843,2.0239,0.0000,-0.0693,-7.1628,-5.2816,0.0000,2.4334,0.0000,0.4070
2.847,2.0239,0.0000,-0.0692,-7.1718,-5.2906,0.0000,2.4334,0.0000,0.4070
2.851,2.0239,0.0000,-0.0692,-7.1798,-5.2985,0.0000,2.4334,0.0000,0.4070
2.854,2.0239,0.0000,-0.0692,-7.1862,-5.3050,0.0000,2.4334,0.0000,0.4070
2.857,2.0239,0.0000,-0.0692,-7.1916,-5.3104,0.0000,2.4334,0.0000,0.4070
2.861,1.9998,0.0000,-0.0691,-7.2771,-5.3153,0.0000,2.7921,0.0000,0.4070
2.865,1.9998,0.0000,-0.0691,-7.2824,-5.3206,0.0000,2.7921,0.0000,0.4070
2.869,1.9998,0.0000,-0.0691,-7.2866,-5.3249,0.0000,2.7921,0.0000,0.4070
2.873,1.9998,0.0000,-0.0691,-7.2895,-5.3277,0.0000,2.7921,0.0000,0.4070
2.876,1.9998,0.0000,-0.0690,-7.2913,-5.3295,0.0000,2.7921,0.0000,0.4070
2.884,1.9776,0.0000,-0.0690,-7.3705,-5.3303,0.0000,3.1390,0.0000,0.4070
2.889,1.9776,0.0000,-0.0690,-7.3694,-5.3292,0.0000,3.1390,0.0000,0.4070
2.893,1.9776,0.0000,-0.0689,-7.3680,-5.3278,0.0000,3.1390,0.0000,0.4070
2.896,1.9776,0.0000,-0.0689,-7.3657,-5.3255,0.0000,3.1390,0.0000,0.4070
2.900,1.9584,0.0000,-0.0689,-7.4393,-5.3225,0.0000,3.5140,0.0000,0.4070
2.904,1.9584,0.0000,-0.0688,-7.4353,-5.3185,0.0000,3.5140,0.0000,0.4070
2.907,1.9584,0.0000,-0.0688,-7.4312,-5.3144,0.0000,3.5140,0.0000,0.4070
2.910,1.9584,0.0000,-0.0688,-7.4266,-5.3098,0.0000,3.5140,0.0000,0.4070
2.915,1.9584,0.0000,-0.0688,-7.4187,-5.3019,0.0000,3.5140,0.0000,0.4070
2.919,1.9412,0.0000,-0.0687,-7.4855,-5.2945,0.0000,3.8964,0.0000,0.4070
2.924,1.9412,0.0000,-0.0687,-7.4748,-5.2838,0.0000,3.8964,0.0000,0.4070
2.931,1.9412,0.0000,-0.0687,-7.4555,-5.2645,0.0000,3.8964,0.0000,0.4069
2.935,1.9412,0.0000,-0.0686,-7.4463,-5.2553,0.0000,3.8964,0.0000,0.4069
2.938,1.9244,0.0000,-0.0686,-7.5084,-5.2457,0.0000,4.2517,0.0000,0.4069
2.942,1.9244,0.0000,-0.0686,-7.4967,-5.2340,0.0000,4.2517,0.0000,0.4069
2.947,1.9244,0.0000,-0.0686,-7.4808,-5.2181,0.0000,4.2517,0.0000,0.4069
2.951,1.9244,0.0000,-0.0685,-7.4678,-5.2050,0.0000,4.2517,0.0000,0.4069
2.954,1.9244,0.0000,-0.0685,-7.4561,-5.1934,0.0000,4.2517,0.0000,0.4069
2.958,1.9244,0.0000,-0.0685,-7.4419,-5.1792,0.0000,4.2517,0.0000,0.4069
2.961,1.9075,0.0000,-0.0685,-7.4975,-5.1654,0.0000,4.5745,0.0000,0.4069
2.966,1.9075,0.0000,-0.0684,-7.4802,-5.1480,0.0000,4.5745,0.0000,0.4069
2.969,1.9075,0.0000,-0.0684,-7.4660,-5.1339,0.0000,4.5745,0.0000,0.4069
2.972,1.9075,0.0000,-0.0684,-7.4516,-5.1194,0.0000,4.5745,0.0000,0.4069
2.976,1.9075,0.0000,-0.0684,-7.4320,-5.0998,0.0000,4.5745,0.0000,0.4069
2.980,1.8921,0.0000,-0.0683,-7.4799,-5.0808,0.0000,4.9154,0.0000,0.4069
2.984,1.8921,0.0000,-0.0683,-7.4604,-5.0612,0.0000,4.9154,0.0000,0.4069
2.988,1.8921,0.0000,-0.0683,-7.4441,-5.0450,0.0000,4.9154,0.0000,0.4069
2.991,1.8921,0.0000,-0.0683,-7.4266,-5.0275,0.0000,4.9154,0.0000,0.4069
2.994,1.8921,0.0000,-0.0682,-7.4093,-5.0102,0.0000,4.9154,0.0000,0.4069
2.998,1.8573,0.0000,-0.0682,-7.4587,-4.9894,0.0000,4.8314,0.0000,0.4069
3.002,1.8573,0.0000,-0.0682,-7.4372,-4.9679,0.0000,4.8314,0.0000,0.4069
3.007,1.8573,0.0000,-0.0682,-7.4109,-4.9416,0.0000,4.8314,0.0000,0.4069
3.010,1.8573,0.0000,-0.0681,-7.3894,-4.9201,0.0000,4.8314,0.0000,0.4069
3.014,1.8573,0.0000,-0.0681,-7.3669,-4.8976,0.0000,4.8314,0.0000,0.4069
3.017,1.8573,0.0000,-0.0681,-7.3466,-4.8773,0.0000,4.8314,0.0000,0.4069
3.021,1.8004,0.0000,-0.0681,-7.4024,-4.8556,0.0000,4.2383,0.0000,0.4069
3.026,1.8004,0.0000,-0.0681,-7.3705,-4.8236,0.0000,4.2383,0.0000,0.4069
3.034,1.8004,0.0000,-0.0680,-7.3160,-4.7692,0.0000,4.2383,0.0000,0.4069
3.043,1.7676,0.0000,-0.0680,-7.3241,-4.7086,0.0000,4.1748,0.0000,0.4069
3.049,1.7676,0.0000,-0.0679,-7.2820,-4.6665,0.0000,4.1748,0.0000,0.4069
3.052,1.7676,0.0000,-0.0679,-7.2566,-4.6411,0.0000,4.1748,0.0000,0.4069
3.056,1.7676,0.0000,-0.0679,-7.2324,-4.6169,0.0000,4.1748,0.0000,0.4069
3.059,1.7158,0.0000,-0.0678,-7.2863,-4.5924,0.0000,3.6245,0.0000,0.4069
3.063,1.7158,0.0000,-0.0678,-7.2559,-4.5621,0.0000,3.6245,0.0000,0.4069
3.067,1.7158,0.0000,-0.0678,-7.2278,-4.5340,0.0000,3.6245,0.0000,0.4069
3.071,1.7158,0.0000,-0.0678,-7.1949,-4.5011,0.0000,3.6245,0.0000,0.4069
3.075,1.7158,0.0000,-0.0678,-7.1666,-4.4727,0.0000,3.6245,0.0000,0.4069
3.079,1.6767,0.0000,-0.0677,-7.2114,-4.4454,0.0000,3.3547,0.0000,0.4069
3.083,1.6767,0.0000,-0.0677,-7.1785,-4.4125,0.0000,3.3547,0.0000,0.4069
3.086,1.6767,0.0000,-0.0677,-7.1529,-4.3869,0.0000,3.3547,0.0000,0.4069
3.090,1.6767,0.0000,-0.0677,-7.1275,-4.3615,0.0000,3.3547,0.0000,0.4069
3.093,1.6767,0.0000,-0.0676,-7.1023,-4.3363,0.0000,3.3547,0.0000,0.4069
3.096,1.6767,0.0000,-0.0676,-7.0738,-4.3079,0.0000,3.3547,0.0000,0.4069
3.101,1.6472,0.0000,-0.0676,-7.1025,-4.2719,0.0000,3.3397,0.0000,0.4069
3.105,1.6472,0.0000,-0.0676,-7.0690,-4.2385,0.0000,3.3397,0.0000,0.4069
3.108,1.6472,0.0000,-0.0676,-7.0419,-4.2113,0.0000,3.3397,0.0000,0.4069
3.112,1.6472,0.0000,-0.0675,-7.0150,-4.1844,0.0000,3.3397,0.0000,0.4069
3.115,1.6472,0.0000,-0.0675,-6.9837,-4.1531,0.0000,3.3397,0.0000,0.4069
3.119,1.6047,0.0000,-0.0675,-7.0358,-4.1253,0.0000,2.8417,0.0000,0.4069
3.123,1.6047,0.0000,-0.0675,-7.0024,-4.0919,0.0000,2.8417,0.0000,0.4069
3.126,1.6047,0.0000,-0.0675,-6.9737,-4.0632,0.0000,2.8417,0.0000,0.4069
3.131,1.6047,0.0000,-0.0674,-6.9317,-4.0212,0.0000,2.8417,0.0000,0.4069
3.136,1.6047,0.0000,-0.0674,-6.8919,-3.9814,0.0000,2.8417,0.0000,0.4069
3.143,1.5758,0.0000,-0.0674,-6.8940,-3.9200,0.0000,2.8099,0.0000,0.4069
3.148,1.5758,0.0000,-0.0674,-6.8527,-3.8786,0.0000,2.8099,0.0000,0.4069
3.152,1.5758,0.0000,-0.0673,-6.8180,-3.8440,0.0000,2.8099,0.0000,0.4069
3.155,1.5758,0.0000,-0.0673,-6.7873,-3.8132,0.0000,2.8099,0.0000,0.4069
3.159,1.5405,0.0000,-0.0673,-6.8366,-3.7827,0.0000,2.3432,0.0000,0.4069
3.164,1.5405,0.0000,-0.0673,-6.7941,-3.7403,0.0000,2.3432,0.0000,0.4069
3.168,1.5405,0.0000,-0.0672,-6.7588,-3.7049,0.0000,2.3432,0.0000,0.4069
3.172,1.5405,0.0000,-0.0672,-6.7274,-3.6736,0.0000,2.3432,0.0000,0.4069
3.175,1.5405,0.0000,-0.0672,-6.6968,-3.6429,0.0000,2.3432,0.0000,0.4069
3.180,1.5154,0.0000,-0.0672,-6.7098,-3.6005,0.0000,2.5214,0.0000,0.4069
3.184,1.5154,0.0000,-0.0672,-6.6711,-3.5618,0.0000,2.5214,0.0000,0.4069
3.191,1.5154,0.0000,-0.0671,-6.6088,-3.4994,0.0000,2.5214,0.0000,0.4069
3.197,1.5154,0.0000,-0.0671,-6.5633,-3.4540,0.0000,2.5214,0.0000,0.4069
3.200,1.4866,0.0000,-0.0671,-6.6109,-3.4231,0.0000,2.0680,0.0000,0.4069
3.204,1.4866,0.0000,-0.0671,-6.5770,-3.3892,0.0000,2.0680,0.0000,0.4069
3.207,1.4866,0.0000,-0.0670,-6.5466,-3.3588,0.0000,2.0680,0.0000,0.4069
3.213,1.4866,0.0000,-0.0670,-6.5017,-3.3140,0.0000,2.0680,0.0000,0.4069
3.217,1.4866,0.0000,-0.0670,-6.4657,-3.2780,0.0000,2.0680,0.0000,0.4069
3.220,1.4612,0.0000,-0.0670,-6.4995,-3.2477,0.0000,2.0465,0.0000,0.4069
3.224,1.4612,0.0000,-0.0670,-6.4650,-3.2133,0.0000,2.0465,0.0000,0.4069
3.227,1.4612,0.0000,-0.0669,-6.4368,-3.1850,0.0000,2.0465,0.0000,0.4069
3.231,1.4612,0.0000,-0.0669,-6.4055,-3.1537,0.0000,2.0465,0.0000,0.4069
3.234,1.4612,0.0000,-0.0669,-6.3755,-3.1238,0.0000,2.0465,0.0000,0.4069
3.238,1.4612,0.0000,-0.0669,-6.3461,-3.0943,0.0000,2.0465,0.0000,0.4069
3.243,1.4372,0.0000,-0.0669,-6.3699,-3.0494,0.0000,1.8320,0.0000,0.4069
3.251,1.4372,0.0000,-0.0668,-6.3011,-2.9806,0.0000,1.8320,0.0000,0.4069
3.255,1.4372,0.0000,-0.0668,-6.2694,-2.9488,0.0000,1.8320,0.0000,0.4069
3.266,1.4145,0.0000,-0.0668,-6.2308,-2.8426,0.0000,1.6266,0.0000,0.4069
3.273,1.4145,0.0000,-0.0667,-6.1762,-2.7880,0.0000,1.6266,0.0000,0.4069
3.277,1.4145,0.0000,-0.0667,-6.1392,-2.7510,0.0000,1.6266,0.0000,0.4069
3.281,1.3917,0.0000,-0.0667,-6.1736,-2.7180,0.0000,1.6199,0.0000,0.4069
3.285,1.3917,0.0000,-0.0667,-6.1403,-2.6847,0.0000,1.6199,0.0000,0.4069
3.289,1.3917,0.0000,-0.0666,-6.1117,-2.6562,0.0000,1.6199,0.0000,0.4069
3.292,1.3917,0.0000,-0.0666,-6.0847,-2.6291,0.0000,1.6199,0.0000,0.4069
3.295,1.3917,0.0000,-0.0666,-6.0578,-2.6022,0.0000,1.6199,0.0000,0.4069
3.299,1.3707,0.0000,-0.0666,-6.0941,-2.5735,0.0000,1.4142,0.0000,0.4069
3.304,1.3707,0.0000,-0.0666,-6.0653,-2.5446,0.0000,1.4142,0.0000,0.4069
3.308,1.3708,0.0000,-0.0666,-6.0501,-2.5295,0.0000,1.4142,0.0000,0.4069
3.311,1.3708,0.0000,-0.0665,-6.0398,-2.5192,0.0000,1.4142,0.0000,0.4069
3.315,1.3708,0.0000,-0.0665,-6.0330,-2.5123,0.0000,1.4142,0.0000,0.4069
3.319,1.3497,0.0000,-0.0665,-6.0999,-2.5099,0.0000,1.4024,0.0000,0.4069
3.323,1.3497,0.0000,-0.0665,-6.1014,-2.5114,0.0000,1.4024,0.0000,0.4069
3.326,1.3497,0.0000,-0.0665,-6.1057,-2.5157,0.0000,1.4024,0.0000,0.4069
3.329,1.3497,0.0000,-0.0665,-6.1142,-2.5242,0.0000,1.4024,0.0000,0.4069
3.334,1.3497,0.0000,-0.0664,-6.1300,-2.5399,0.0000,1.4024,0.0000,0.4069
3.338,1.3497,0.0000,-0.0664,-6.1468,-2.5568,0.0000,1.4024,0.0000,0.4068
3.346,1.3293,0.0000,-0.0664,-6.2643,-2.6127,0.0000,1.1874,0.0000,0.4068
3.355,1.3293,0.0000,-0.0664,-6.3133,-2.6617,0.0000,1.1874,0.0000,0.4068
3.359,1.3090,0.0000,-0.0663,-6.3908,-2.6796,0.0000,0.9685,0.0000,0.4068
3.363,1.3090,0.0000,-0.0663,-6.4091,-2.6979,0.0000,0.9685,0.0000,0.4068
3.368,1.3090,0.0000,-0.0663,-6.4249,-2.7137,0.0000,0.9685,0.0000,0.4068
3.371,1.3090,0.0000,-0.0663,-6.4369,-2.7257,0.0000,0.9685,0.0000,0.4068
3.375,1.3090,0.0000,-0.0663,-6.4468,-2.7357,0.0000,0.9685,0.0000,0.4068
3.378,1.2886,0.0000,-0.0662,-6.5129,-2.7442,0.0000,0.7495,0.0000,0.4068
3.382,1.2886,0.0000,-0.0662,-6.5223,-2.7536,0.0000,0.7495,0.0000,0.4068
3.386,1.2886,0.0000,-0.0662,-6.5285,-2.7598,0.0000,0.7495,0.0000,0.4068
3.389,1.2886,0.0000,-0.0662,-6.5334,-2.7647,0.0000,0.7495,0.0000,0.4068
3.392,1.2886,0.0000,-0.0662,-6.5375,-2.7688,0.0000,0.7495,0.0000,0.4068
3.397,1.2886,0.0000,-0.0662,-6.5416,-2.7728,0.0000,0.7495,0.0000,0.4068
3.401,1.2701,0.0000,-0.0662,-6.6130,-2.7748,0.0000,0.6884,0.0000,0.4068
3.405,1.2701,0.0000,-0.0661,-6.6137,-2.7755,0.0000,0.6884,0.0000,0.4068
3.409,1.2701,0.0000,-0.0661,-6.6134,-2.7753,0.0000,0.6884,0.0000,0.4068
3.412,1.2701,0.0000,-0.0661,-6.6124,-2.7742,0.0000,0.6884,0.0000,0.4068
3.416,1.2701,0.0000,-0.0661,-6.6104,-2.7723,0.0000,0.6884,0.0000,0.4068
3.419,1.2466,0.0000,-0.0661,-6.6472,-2.7699,0.0000,0.3278,0.0000,0.4068
3.423,1.2466,0.0000,-0.0661,-6.6433,-2.7659,0.0000,0.3278,0.0000,0.4068
3.427,1.2466,0.0000,-0.0660,-6.6393,-2.7620,0.0000,0.3278,0.0000,0.4068
3.430,1.2466,0.0000,-0.0660,-6.6339,-2.7565,0.0000,0.3278,0.0000,0.4068
3.434,1.2466,0.0000,-0.0660,-6.6282,-2.7508,0.0000,0.3278,0.0000,0.4068
3.437,1.2466,0.0000,-0.0660,-6.6221,-2.7448,0.0000,0.3278,0.0000,0.4068
3.442,1.2356,0.0000,-0.0660,-6.7132,-2.7350,0.0000,0.5508,0.0000,0.4068
3.449,1.2356,0.0000,-0.0660,-6.6981,-2.7199,0.0000,0.5508,0.0000,0.4068
3.456,1.2356,0.0000,-0.0659,-6.6784,-2.7002,0.0000,0.5508,0.0000,0.4068
3.460,1.2108,0.0000,-0.0659,-6.7013,-2.6904,0.0000,0.2030,0.0000,0.4068
3.464,1.2108,0.0000,-0.0659,-6.6888,-2.6779,0.0000,0.2030,0.0000,0.4068
3.467,1.2108,0.0000,-0.0659,-6.6783,-2.6675,0.0000,0.2030,0.0000,0.4068
3.471,1.2108,0.0000,-0.0659,-6.6677,-2.6569,0.0000,0.2030,0.0000,0.4068
3.475,1.2109,0.0001,-0.0659,-6.6542,-2.6434,0.0000,0.2030,0.0000,0.4068
3.479,1.1921,0.0006,-0.0658,-6.6962,-2.6306,0.0000,0.0450,0.0000,0.4068
3.483,1.1934,0.0019,-0.0658,-6.6815,-2.6159,0.0000,0.0450,0.0000,0.4068
3.487,1.1957,0.0042,-0.0658,-6.6679,-2.6024,0.0000,0.0450,0.0000,0.4068
3.491,1.1996,0.0080,-0.0658,-6.6532,-2.5877,0.0000,0.0450,0.0000,0.4068
3.499,1.1984,0.0210,-0.0658,-6.6947,-2.5562,0.0000,0.0370,0.0000,0.4068
3.505,1.2129,0.0354,-0.0658,-6.6714,-2.5329,0.0000,0.0370,0.0000,0.4068
3.508,1.2243,0.0469,-0.0657,-6.6571,-2.5186,0.0000,0.0370,0.0000,0.4068
3.512,1.2377,0.0602,-0.0657,-6.6429,-2.5045,0.0000,0.0370,0.0000,0.4068
3.516,1.2551,0.0776,-0.0657,-6.6271,-2.4886,0.0000,0.0370,0.0000,0.4068
3.520,1.2567,0.0968,-0.0657,-6.6655,-2.4735,0.0000,-0.0950,0.0000,0.4068
3.524,1.2802,0.1204,-0.0656,-6.6491,-2.4570,0.0000,-0.0950,0.0000,0.4068
3.527,1.3021,0.1422,-0.0656,-6.6355,-2.4434,0.0000,-0.0950,0.0000,0.4068
3.531,1.3292,0.1694,-0.0656,-6.6201,-2.4281,0.0000,-0.0950,0.0000,0.4068
3.535,1.3649,0.2050,-0.0655,-6.6019,-2.4099,0.0000,-0.0950,0.0000,0.4068
3.539,1.3862,0.2393,-0.0655,-6.6541,-2.3941,0.0000,-0.1092,0.0000,0.4068
3.543,1.4238,0.2769,-0.0654,-6.6383,-2.3783,0.0000,-0.1092,0.0000,0.4068
3.547,1.4627,0.3158,-0.0653,-6.6233,-2.3633,0.0000,-0.1092,0.0000,0.4068
3.550,1.5034,0.3565,-0.0653,-6.6087,-2.3487,0.0000,-0.1092,0.0000,0.4068
3.554,1.5436,0.3967,-0.0652,-6.5953,-2.3354,0.0000,-0.1092,0.0000,0.4068
3.558,1.5820,0.4515,-0.0651,-6.6252,-2.3183,0.0000,-0.2535,0.0000,0.4068
3.566,1.6998,0.5692,-0.0650,-6.5921,-2.2852,0.0000,-0.2535,0.0000,0.4068
3.570,1.7503,0.6198,-0.0647,-6.5781,-2.2712,0.0000,-0.2535,0.0000,0.4068
3.573,1.7963,0.6657,-0.0646,-6.5652,-2.2583,0.0000,-0.2535,0.0000,0.4068
3.577,1.8397,0.7092,-0.0645,-6.5529,-2.2460,0.0000,-0.2535,0.0000,0.4068
3.581,1.8815,0.7630,-0.0644,-6.5981,-2.2306,0.0000,-0.2854,0.0000,0.4068
3.585,1.9314,0.8129,-0.0642,-6.5836,-2.2161,0.0000,-0.2854,0.0000,0.4068
3.588,1.9723,0.8537,-0.0640,-6.5716,-2.2041,0.0000,-0.2854,0.0000,0.4068
3.592,2.0112,0.8927,-0.0639,-6.5600,-2.1925,0.0000,-0.2854,0.0000,0.4068
3.595,2.0569,0.9383,-0.0637,-6.5461,-2.1786,0.0000,-0.2854,0.0000,0.4068
3.600,2.0967,0.9923,-0.0636,-6.5724,-2.1620,0.0000,-0.4244,0.0000,0.4068
3.604,2.1442,1.0398,-0.0633,-6.5575,-2.1471,0.0000,-0.4244,0.0000,0.4068
3.608,2.1827,1.0783,-0.0631,-6.5453,-2.1349,0.0000,-0.4244,0.0000,0.4068
3.611,2.2209,1.1165,-0.0629,-6.5329,-2.1225,0.0000,-0.4244,0.0000,0.4068
3.616,2.2644,1.1600,-0.0627,-6.5187,-2.1083,0.0000,-0.4244,0.0000,0.4068
3.619,2.2865,1.1949,-0.0625,-6.5484,-2.0967,0.0000,-0.5604,0.0000,0.4068
3.623,2.3236,1.2320,-0.0622,-6.5359,-2.0841,0.0000,-0.5604,0.0000,0.4068
3.626,2.3551,1.2635,-0.0620,-6.5250,-2.0733,0.0000,-0.5604,0.0000,0.4068
3.631,2.4032,1.3116,-0.0618,-6.5081,-2.0563,0.0000,-0.5604,0.0000,0.4068
3.635,2.4390,1.3474,-0.0615,-6.4952,-2.0434,0.0000,-0.5604,0.0000,0.4068
3.638,2.4613,1.3794,-0.0612,-6.5343,-2.0318,0.0000,-0.6125,0.0000,0.4068
3.643,2.4972,1.4153,-0.0610,-6.5209,-2.0184,0.0000,-0.6125,0.0000,0.4068
3.650,2.5619,1.4801,-0.0607,-6.4960,-1.9935,0.0000,-0.6125,0.0000,0.4068
3.654,2.5984,1.5166,-0.0602,-6.4815,-1.9790,0.0000,-0.6125,0.0000,0.4068
3.658,2.6182,1.5453,-0.0599,-6.5166,-1.9675,0.0000,-0.6766,0.0000,0.4068
3.664,2.6662,1.5933,-0.0596,-6.4966,-1.9474,0.0000,-0.6766,0.0000,0.4068
3.671,2.7209,1.6480,-0.0591,-6.4728,-1.9237,0.0000,-0.6766,0.0000,0.4068
3.675,2.7484,1.6755,-0.0586,-6.4607,-1.9116,0.0000,-0.6766,0.0000,0.4068
3.680,2.7773,1.7125,-0.0583,-6.4848,-1.8946,0.0000,-0.7655,0.0000,0.4068
3.685,2.8114,1.7466,-0.0578,-6.4687,-1.8785,0.0000,-0.7655,0.0000,0.4068
3.689,2.8344,1.7697,-0.0574,-6.4576,-1.8674,0.0000,-0.7655,0.0000,0.4068
3.692,2.8568,1.7921,-0.0571,-6.4466,-1.8564,0.0000,-0.7655,0.0000,0.4068
3.696,2.8800,1.8153,-0.0568,-6.4349,-1.8447,0.0000,-0.7655,0.0000,0.4068
3.700,2.8951,1.8379,-0.0565,-6.4527,-1.8331,0.0000,-0.9297,0.0000,0.4068
3.704,2.9215,1.8642,-0.0562,-6.4388,-1.8191,0.0000,-0.9297,0.0000,0.4068
3.708,2.9430,1.8858,-0.0559,-6.4271,-1.8075,0.0000,-0.9297,0.0000,0.4068
3.711,2.9621,1.9049,-0.0555,-6.4165,-1.7969,0.0000,-0.9297,0.0000,0.4068
3.715,2.9834,1.9262,-0.0552,-6.4044,-1.7848,0.0000,-0.9297,0.0000,0.4068
3.718,2.9966,1.9454,-0.0549,-6.4220,-1.7736,0.0000,-1.0898,0.0000,0.4068
3.722,3.0175,1.9662,-0.0546,-6.4095,-1.7612,0.0000,-1.0898,0.0000,0.4068
3.725,3.0353,1.9840,-0.0543,-6.3986,-1.7503,0.0000,-1.0898,0.0000,0.4068
3.729,3.0529,2.0016,-0.0540,-6.3877,-1.7393,0.0000,-1.0898,0.0000,0.4068
3.732,3.0724,2.0211,-0.0537,-6.3751,-1.7268,0.0000,-1.0898,0.0000,0.4068
3.736,3.0889,2.0377,-0.0533,-6.3643,-1.7159,0.0000,-1.0898,0.0000,0.4068
3.739,3.1022,2.0555,-0.0530,-6.3769,-1.7039,0.0000,-1.2741,0.0000,0.4068
3.743,3.1204,2.0737,-0.0527,-6.3643,-1.6913,0.0000,-1.2741,0.0000,0.4068
3.747,3.1382,2.0914,-0.0523,-6.3516,-1.6786,0.0000,-1.2741,0.0000,0.4068
3.751,3.1550,2.1082,-0.0520,-6.3392,-1.6662,0.0000,-1.2741,0.0000,0.4068
3.754,3.1709,2.1242,-0.0516,-6.3272,-1.6542,0.0000,-1.2741,0.0000,0.4068
3.757,3.1853,2.1386,-0.0513,-6.3160,-1.6431,0.0000,-1.2741,0.0000,0.4068
3.761,3.1878,2.1442,-0.0510,-6.3301,-1.6319,0.0000,-1.4428,0.0000,0.4068
3.765,3.1173,2.0737,-0.0507,-6.3140,-1.6158,0.0000,-1.4428,0.0000,0.4068
3.769,3.0637,2.0201,-0.0502,-6.3015,-1.6032,0.0000,-1.4428,0.0000,0.4068
3.773,2.9963,1.9527,-0.0499,-6.2851,-1.5868,0.0000,-1.4428,0.0000,0.4068
3.781,2.8765,1.8350,-0.0496,-6.2809,-1.5564,0.0000,-1.5918,0.0000,0.4068
3.785,2.8178,1.7763,-0.0490,-6.2654,-1.5409,0.0000,-1.5918,0.0000,0.4068
3.788,2.7713,1.7297,-0.0487,-6.2528,-1.5283,0.0000,-1.5918,0.0000,0.4068
3.791,2.7244,1.6829,-0.0484,-6.2399,-1.5154,0.0000,-1.5918,0.0000,0.4068
3.795,2.6750,1.6334,-0.0482,-6.2257,-1.5013,0.0000,-1.5918,0.0000,0.4068
3.803,2.5548,1.5149,-0.0480,-6.2191,-1.4648,0.0000,-1.6946,0.0000,0.4068
3.809,2.4858,1.4459,-0.0475,-6.1971,-1.4428,0.0000,-1.6946,0.0000,0.4068
3.812,2.4371,1.3972,-0.0472,-6.1810,-1.4267,0.0000,-1.6946,0.0000,0.4068
3.817,2.3859,1.3459,-0.0470,-6.1633,-1.4090,0.0000,-1.6946,0.0000,0.4068
3.820,2.3421,1.3032,-0.0468,-6.1765,-1.3938,0.0000,-1.7924,0.0000,0.4068
3.824,2.2973,1.2584,-0.0466,-6.1599,-1.3772,0.0000,-1.7924,0.0000,0.4068
3.827,2.2603,1.2214,-0.0464,-6.1456,-1.3629,0.0000,-1.7924,0.0000,0.4068
3.831,2.2134,1.1745,-0.0463,-6.1266,-1.3439,0.0000,-1.7924,0.0000,0.4068
3.835,2.1782,1.1392,-0.0461,-6.1116,-1.3289,0.0000,-1.7924,0.0000,0.4068
3.838,2.1436,1.1046,-0.0460,-6.1195,-1.3134,0.0000,-1.9157,0.0000,0.4068
3.842,2.1069,1.0679,-0.0458,-6.1022,-1.2961,0.0000,-1.9157,0.0000,0.4068
3.846,2.0739,1.0349,-0.0457,-6.0857,-1.2796,0.0000,-1.9157,0.0000,0.4068
3.849,2.0416,1.0026,-0.0456,-6.0684,-1.2623,0.0000,-1.9157,0.0000,0.4068
3.853,2.0149,0.9759,-0.0454,-6.0530,-1.2469,0.0000,-1.9157,0.0000,0.4068
3.856,1.9909,0.9519,-0.0453,-6.0383,-1.2322,0.0000,-1.9157,0.0000,0.4068
3.859,1.9695,0.9292,-0.0452,-6.0407,-1.2171,0.0000,-2.0730,0.0000,0.4068
3.864,1.9357,0.8954,-0.0452,-6.0151,-1.1915,0.0000,-2.0730,0.0000,0.4068
3.868,1.9145,0.8743,-0.0450,-5.9969,-1.1733,0.0000,-2.0730,0.0000,0.4068
3.872,1.8972,0.8570,-0.0449,-5.9799,-1.1563,0.0000,-2.0730,0.0000,0.4068
3.876,1.8788,0.8386,-0.0448,-5.9581,-1.1346,0.0000,-2.0730,0.0000,0.4068
3.884,1.8589,0.8165,-0.0447,-5.9334,-1.0965,0.0000,-2.2477,0.0000,0.4068
3.888,1.8524,0.8101,-0.0445,-5.9147,-1.0778,0.0000,-2.2477,0.0000,0.4068
3.891,1.8495,0.8072,-0.0445,-5.8985,-1.0616,0.0000,-2.2477,0.0000,0.4068
3.895,1.8492,0.8069,-0.0444,-5.8827,-1.0458,0.0000,-2.2477,0.0000,0.4068
3.899,1.8539,0.8096,-0.0443,-5.8766,-1.0276,0.0000,-2.4114,0.0000,0.4068
3.902,1.8601,0.8157,-0.0442,-5.8581,-1.0091,0.0000,-2.4114,0.0000,0.4068
3.906,1.8685,0.8242,-0.0442,-5.8417,-0.9927,0.0000,-2.4114,0.0000,0.4068
3.909,1.8796,0.8352,-0.0441,-5.8255,-0.9764,0.0000,-2.4114,0.0000,0.4068
3.913,1.8948,0.8504,-0.0440,-5.8079,-0.9589,0.0000,-2.4114,0.0000,0.4068
3.916,1.9135,0.8691,-0.0439,-5.7902,-0.9412,0.0000,-2.4114,0.0000,0.4068
3.920,1.9354,0.8893,-0.0438,-5.7839,-0.9244,0.0000,-2.5646,0.0000,0.4068
3.924,1.9632,0.9170,-0.0438,-5.7636,-0.9041,0.0000,-2.5646,0.0000,0.4068
3.927,1.9897,0.9435,-0.0436,-5.7470,-0.8875,0.0000,-2.5646,0.0000,0.4068
3.931,2.0225,0.9764,-0.0436,-5.7291,-0.8696,0.0000,-2.5646,0.0000,0.4068
3.934,2.0566,1.0105,-0.0435,-5.7113,-0.8518,0.0000,-2.5646,0.0000,0.4068
3.937,2.0936,1.0474,-0.0433,-5.6941,-0.8346,0.0000,-2.5646,0.0000,0.4068
3.941,2.1313,1.0838,-0.0432,-5.6858,-0.8178,0.0000,-2.7078,0.0000,0.4068
3.945,2.1712,1.1236,-0.0431,-5.6674,-0.7994,0.0000,-2.7078,0.0000,0.4068
3.948,2.2111,1.1635,-0.0430,-5.6473,-0.7793,0.0000,-2.7078,0.0000,0.4068
3.957,2.3002,1.2527,-0.0428,-5.6007,-0.7326,0.0000,-2.7078,0.0000,0.4068
3.962,2.3506,1.3022,-0.0425,-5.5792,-0.7048,0.0000,-2.8415,0.0000,0.4068
3.966,2.3893,1.3409,-0.0423,-5.5566,-0.6823,0.0000,-2.8415,0.0000,0.4068
3.970,2.4241,1.3756,-0.0421,-5.5354,-0.6611,0.0000,-2.8415,0.0000,0.4068
3.974,2.4539,1.4055,-0.0419,-5.5169,-0.6426,0.0000,-2.8415,0.0000,0.4068
3.977,2.4824,1.4340,-0.0417,-5.4988,-0.6245,0.0000,-2.8415,0.0000,0.4068
3.982,2.5236,1.4750,-0.0416,-5.4753,-0.5972,0.0000,-2.9663,0.0000,0.4068
3.990,2.5920,1.5434,-0.0413,-5.4257,-0.5476,0.0000,-2.9663,0.0000,0.4068
3.994,2.6245,1.5759,-0.0409,-5.4010,-0.5230,0.0000,-2.9663,0.0000,0.4068
3.998,2.6556,1.6075,-0.0406,-5.3768,-0.4981,0.0000,-3.0826,0.0000,0.4068
4.004,2.6969,1.6488,-0.0404,-5.3425,-0.4637,0.0000,-3.0826,0.0000,0.4068
4.007,2.7228,1.6748,-0.0401,-5.3200,-0.4413,0.0000,-3.0826,0.0000,0.4068
4.011,2.7461,1.6980,-0.0398,-5.2991,-0.4203,0.0000,-3.0826,0.0000,0.4068
4.014,2.7714,1.7234,-0.0396,-5.2754,-0.3967,0.0000,-3.0826,0.0000,0.4068
4.018,2.7945,1.7464,-0.0394,-5.2531,-0.3743,0.0000,-3.0826,0.0000,0.4068
4.021,2.8147,1.7681,-0.0392,-5.2285,-0.3526,0.0000,-3.1908,0.0000,0.4068
4.025,2.8394,1.7928,-0.0390,-5.2026,-0.3267,0.0000,-3.1908,0.0000,0.4068
4.028,2.8609,1.8143,-0.0387,-5.1793,-0.3034,0.0000,-3.1908,0.0000,0.4068
4.033,2.8891,1.8426,-0.0385,-5.1471,-0.2712,0.0000,-3.1908,0.0000,0.4068
4.036,2.9125,1.8659,-0.0382,-5.1192,-0.2434,0.0000,-3.1908,0.0000,0.4068
4.040,2.9323,1.8882,-0.0380,-5.0845,-0.2154,0.0000,-3.2915,0.0000,0.4068
4.046,2.9636,1.9195,-0.0377,-5.0431,-0.1740,0.0000,-3.2915,0.0000,0.4068
4.050,2.9884,1.9443,-0.0373,-5.0085,-0.1394,0.0000,-3.2915,0.0000,0.4068
4.054,3.0072,1.9631,-0.0370,-4.9811,-0.1120,0.0000,-3.2915,0.0000,0.4068
4.057,3.0244,1.9803,-0.0368,-4.9550,-0.0859,0.0000,-3.2915,0.0000,0.4068
4.060,3.0378,1.9972,-0.0365,-4.9171,-0.0591,0.0000,-3.3849,0.0000,0.4068
4.065,3.0640,2.0235,-0.0363,-4.8730,-0.0150,0.0000,-3.3849,0.0000,0.4068
4.068,3.0809,2.0404,-0.0359,-4.8433,0.0147,0.0000,-3.3849,0.0000,0.4068
4.072,3.0969,2.0563,-0.0357,-4.8142,0.0438,0.0147,-3.3849,0.0000,0.4068
4.075,3.1123,2.0718,-0.0354,-4.7848,0.0733,0.0438,-3.3849,0.0000,0.4068
4.079,3.1249,2.0890,-0.0352,-4.7347,0.1077,0.0733,-3.4715,0.0000,0.4068
4.083,3.1445,2.1086,-0.0349,-4.6931,0.1493,0.1077,-3.4715,0.0000,0.4068
4.086,3.1590,2.1231,-0.0346,-4.6610,0.1814,0.1493,-3.4715,0.0000,0.4068
4.091,3.1769,2.1410,-0.0343,-4.6155,0.2269,0.1814,-3.4715,0.0000,0.4067
4.099,2.9768,1.9467,-0.0340,-4.5062,0.3157,0.2269,-3.5517,0.0000,0.4067
4.106,2.7887,1.7586,-0.0335,-4.4204,0.4014,0.3157,-3.5517,0.0000,0.4067
4.111,2.6722,1.6421,-0.0330,-4.3679,0.4539,0.4014,-3.5517,0.0000,0.4067
4.115,2.5717,1.5416,-0.0328,-4.3322,0.4896,0.4539,-3.5517,0.0000,0.4067
4.119,2.4789,1.4558,-0.0326,-4.2993,0.4969,0.4896,-3.6257,0.0000,0.4067
4.122,2.3839,1.3608,-0.0324,-4.3179,0.4782,0.4969,-3.6257,0.0000,0.4067
4.127,2.2695,1.2464,-0.0323,-4.3777,0.4185,0.4782,-3.6257,0.0000,0.4067
4.131,2.1604,1.1373,-0.0322,-4.4669,0.3292,0.4185,-3.6257,0.0000,0.4067
4.135,2.0752,1.0521,-0.0321,-4.5556,0.2406,0.3292,-3.6257,0.0000,0.4067
4.138,1.9858,0.9709,-0.0320,-4.6260,0.1391,0.2406,-3.6940,0.0000,0.4067
4.142,1.8909,0.8760,-0.0319,-4.7684,-0.0033,0.1391,-3.6940,0.0000,0.4067
4.146,1.8087,0.7938,-0.0319,-4.9107,-0.1456,0.0000,-3.6940,0.0000,0.4067
4.149,1.7226,0.7077,-0.0319,-5.0662,-0.3011,0.0000,-3.6940,0.0000,0.4067
4.153,1.6386,0.6237,-0.0318,-5.2139,-0.4488,0.0000,-3.6940,0.0000,0.4067
4.157,1.5627,0.5478,-0.0319,-5.3437,-0.5787,0.0000,-3.6940,0.0000,0.4067
4.160,1.4830,0.4775,-0.0319,-5.4242,-0.6958,0.0000,-3.7568,0.0000,0.4067
4.165,1.3774,0.3719,-0.0319,-5.5933,-0.8649,0.0000,-3.7568,0.0000,0.4067
4.169,1.2985,0.2930,-0.0320,-5.7153,-0.9869,0.0000,-3.7568,0.0000,0.4067
4.173,1.2110,0.2055,-0.0320,-5.8452,-1.1168,0.0000,-3.7568,0.0000,0.4067
4.177,1.1226,0.1172,-0.0321,-5.9707,-1.2422,0.0000,-3.7568,0.0000,0.4067
4.181,1.0397,0.0448,-0.0322,-6.0269,-1.3409,0.0000,-3.8144,0.0000,0.4067
4.185,0.9638,-0.0311,-0.0324,-6.1257,-1.4397,0.0000,-3.8144,0.0000,0.4067
4.189,0.9039,-0.0910,-0.0325,-6.2008,-1.5148,0.0000,-3.8144,0.0000,0.4067
4.192,0.8462,-0.1487,-0.0326,-6.2700,-1.5840,0.0000,-3.8144,0.0000,0.4067
4.195,0.7850,-0.2099,-0.0327,-6.3403,-1.6543,0.0000,-3.8144,0.0000,0.4067
4.200,0.6893,-0.2938,-0.0329,-6.3817,-1.7440,0.0000,-3.8672,0.0000,0.4067
4.208,0.5540,-0.4292,-0.0331,-6.5087,-1.8711,0.0000,-3.8672,0.0000,0.4067
4.212,0.4969,-0.4862,-0.0335,-6.5588,-1.9212,0.0000,-3.8672,0.0000,0.4067
4.216,0.4396,-0.5436,-0.0337,-6.6056,-1.9680,0.0000,-3.8672,0.0000,0.4067
4.219,0.3716,-0.5979,-0.0339,-6.5938,-2.0089,0.0000,-3.8999,0.0000,0.4067
4.223,0.3143,-0.6552,-0.0341,-6.6331,-2.0483,0.0000,-3.8999,0.0000,0.4067
4.227,0.2674,-0.7021,-0.0344,-6.6627,-2.0778,0.0000,-3.8999,0.0000,0.4067
4.230,0.2138,-0.7556,-0.0346,-6.6928,-2.1079,0.0000,-3.8999,0.0000,0.4067
4.234,0.1650,-0.8045,-0.0348,-6.7172,-2.1323,0.0000,-3.8999,0.0000,0.4067
4.237,0.1210,-0.8484,-0.0351,-6.7365,-2.1517,0.0000,-3.8999,0.0000,0.4067
4.240,0.0618,-0.8926,-0.0353,-6.6948,-2.1684,0.0000,-3.9230,0.0000,0.4067
4.244,0.0111,-0.9433,-0.0356,-6.7104,-2.1840,0.0000,-3.9230,0.0000,0.4067
4.249,-0.0465,-1.0009,-0.0359,-6.7231,-2.1967,0.0000,-3.9230,0.0000,0.4067
4.256,-0.1375,-1.0920,-0.0362,-6.7307,-2.2043,0.0000,-3.9230,0.0000,0.4067
4.261,-0.2053,-1.1432,-0.0368,-6.6666,-2.2043,0.0000,-3.9358,0.0000,0.4067
4.265,-0.2569,-1.1948,-0.0372,-6.6620,-2.1997,0.0000,-3.9358,0.0000,0.4067
4.268,-0.2944,-1.2323,-0.0376,-6.6562,-2.1939,0.0000,-3.9358,0.0000,0.4067
4.272,-0.3312,-1.2692,-0.0378,-6.6479,-2.1856,0.0000,-3.9358,0.0000,0.4067
4.275,-0.3660,-1.3039,-0.0381,-6.6379,-2.1756,0.0000,-3.9358,0.0000,0.4067
4.278,-0.4197,-1.3399,-0.0384,-6.5551,-2.1628,0.0000,-3.9387,0.0000,0.4067
4.283,-0.4642,-1.3844,-0.0388,-6.5353,-2.1429,0.0000,-3.9387,0.0000,0.4067
4.286,-0.4972,-1.4174,-0.0392,-6.5183,-2.1259,0.0000,-3.9387,0.0000,0.4067
4.289,-0.5295,-1.4497,-0.0395,-6.4994,-2.1071,0.0000,-3.9387,0.0000,0.4067
4.293,-0.5609,-1.4811,-0.0398,-6.4789,-2.0866,0.0000,-3.9387,0.0000,0.4067
4.296,-0.5945,-1.5147,-0.0401,-6.4546,-2.0622,0.0000,-3.9387,0.0000,0.4067
4.300,-0.6486,-1.5490,-0.0405,-6.3527,-2.0345,0.0000,-3.9167,0.0000,0.4067
4.304,-0.6852,-1.5856,-0.0408,-6.3200,-2.0019,0.0000,-3.9167,0.0000,0.4067
4.308,-0.7246,-1.6250,-0.0412,-6.2810,-1.9629,0.0000,-3.9167,0.0000,0.4067
4.316,-0.7905,-1.6909,-0.0417,-6.2051,-1.8870,0.0000,-3.9167,0.0000,0.4067
4.320,-0.8404,-1.7196,-0.0425,-6.0902,-1.8517,0.0000,-3.8798,0.0000,0.4067
4.323,-0.8710,-1.7502,-0.0429,-6.0497,-1.8113,0.0000,-3.8798,0.0000,0.4067
4.327,-0.8968,-1.7760,-0.0433,-6.0139,-1.7755,0.0000,-3.8798,0.0000,0.4067
4.330,-0.9186,-1.7978,-0.0436,-5.9715,-1.7331,0.0000,-3.8798,0.0000,0.4067
4.334,-0.9297,-1.8089,-0.0440,-5.9293,-1.6909,0.0000,-3.8798,0.0000,0.4067
4.337,-0.9391,-1.8184,-0.0444,-5.8885,-1.6501,0.0000,-3.8798,0.0000,0.4067
4.341,-0.9705,-1.8272,-0.0448,-5.7604,-1.6071,0.0000,-3.8279,0.0000,0.4067
4.345,-0.9793,-1.8360,-0.0452,-5.7109,-1.5576,0.0000,-3.8279,0.0000,0.4067
4.349,-0.9871,-1.8438,-0.0456,-5.6595,-1.5062,0.0000,-3.8279,0.0000,0.4067
4.352,-0.9929,-1.8496,-0.0460,-5.6148,-1.4615,0.0000,-3.8279,0.0000,0.4067
4.355,-0.9977,-1.8545,-0.0464,-5.5710,-1.4178,0.0000,-3.8279,0.0000,0.4067
4.359,-1.0254,-1.8587,-0.0468,-5.4339,-1.3718,0.0000,-3.7664,0.0000,0.4067
4.363,-1.0300,-1.8633,-0.0471,-5.3717,-1.3095,0.0000,-3.7664,0.0000,0.4067
4.366,-1.0328,-1.8661,-0.0476,-5.3201,-1.2580,0.0000,-3.7664,0.0000,0.4067
4.370,-1.0347,-1.8680,-0.0480,-5.2724,-1.2103,0.0000,-3.7664,0.0000,0.4067
4.373,-1.0361,-1.8694,-0.0483,-5.2216,-1.1595,0.0000,-3.7664,0.0000,0.4067
4.376,-1.0367,-1.8700,-0.0487,-5.1717,-1.1096,0.0000,-3.7664,0.0000,0.4067
4.380,-1.0610,-1.8701,-0.0491,-5.0195,-1.0541,0.0000,-3.6931,0.0000,0.4067
4.384,-1.0602,-1.8693,-0.0494,-4.9574,-0.9921,0.0000,-3.6931,0.0000,0.4067
4.388,-1.0588,-1.8679,-0.0499,-4.9026,-0.9372,0.0000,-3.6931,0.0000,0.4067
4.391,-1.0569,-1.8660,-0.0502,-4.8495,-0.8841,0.0000,-3.6931,0.0000,0.4067
4.394,-1.0545,-1.8636,-0.0506,-4.7964,-0.8311,0.0000,-3.6931,0.0000,0.4067
4.399,-1.0764,-1.8596,-0.0509,-4.6247,-0.7595,0.0000,-3.5868,0.0000,0.4067
4.403,-1.0711,-1.8543,-0.0514,-4.5462,-0.6809,0.0000,-3.5868,0.0000,0.4067
4.411,-1.0595,-1.8427,-0.0519,-4.4048,-0.5395,0.0000,-3.5868,0.0000,0.4067
4.421,-1.0685,-1.8251,-0.0527,-4.1242,-0.3636,0.0000,-3.4593,0.0000,0.4067
4.426,-1.0584,-1.8151,-0.0537,-4.0377,-0.2770,0.0000,-3.4593,0.0000,0.4067
4.431,-1.0489,-1.8055,-0.0542,-3.9608,-0.2002,0.0000,-3.4593,0.0000,0.4067
4.434,-1.0405,-1.7971,-0.0546,-3.8969,-0.1363,0.0000,-3.4593,0.0000,0.4067
4.438,-1.0323,-1.7889,-0.0550,-3.8369,-0.0763,0.0000,-3.4593,0.0000,0.4067
4.441,-1.0508,-1.7806,-0.0553,-3.6685,-0.0173,0.0000,-3.3121,0.0000,0.4067
4.445,-1.0407,-1.7704,-0.0556,-3.5991,0.0521,0.0000,-3.3121,0.0000,0.4067
4.449,-1.0300,-1.7597,-0.0560,-3.5282,0.1230,0.0521,-3.3121,0.0000,0.4067
4.452,-1.0201,-1.7498,-0.0564,-3.4650,0.1862,0.1230,-3.3121,0.0000,0.4067
4.456,-1.0106,-1.7404,-0.0567,-3.4061,0.2451,0.1862,-3.3121,0.0000,0.4067
4.459,-1.0290,-1.7309,-0.0570,-3.2366,0.3026,0.2451,-3.1240,0.0000,0.4067
4.463,-1.0163,-1.7182,-0.0573,-3.1604,0.3788,0.3026,-3.1240,0.0000,0.4067
4.468,-1.0010,-1.7029,-0.0577,-3.0710,0.4682,0.3788,-3.1240,0.0000,0.4067
4.472,-0.9878,-1.6897,-0.0581,-2.9959,0.5432,0.4682,-3.1240,0.0000,0.4067
4.475,-0.9767,-1.6787,-0.0585,-2.9344,0.6048,0.5432,-3.1240,0.0000,0.4067
4.479,-0.9933,-1.6674,-0.0587,-2.7566,0.6667,0.6048,-2.9052,0.0000,0.4067
4.483,-0.9781,-1.6523,-0.0590,-2.6745,0.7487,0.6667,-2.9052,0.0000,0.4067
4.486,-0.9668,-1.6410,-0.0594,-2.6141,0.8091,0.7487,-2.9052,0.0000,0.4067
4.489,-0.9554,-1.6295,-0.0597,-2.5539,0.8694,0.8091,-2.9052,0.0000,0.4067
4.493,-0.9435,-1.6177,-0.0600,-2.4920,0.9312,0.8694,-2.9052,0.0000,0.4067
4.498,-0.9512,-1.5981,-0.0602,-2.2703,1.0330,0.9312,-2.6560,0.0000,0.4067
4.502,-0.9349,-1.5817,-0.0607,-2.1867,1.1167,1.0330,-2.6560,0.0000,0.4067
4.506,-0.9212,-1.5680,-0.0610,-2.1179,1.1854,1.1167,-2.6560,0.0000,0.4067
4.510,-0.9060,-1.5528,-0.0613,-2.0419,1.2614,1.1854,-2.6560,0.0000,0.4067
4.515,-0.8852,-1.5320,-0.0616,-1.9383,1.3650,1.2614,-2.6560,0.0000,0.4067
4.523,-0.8832,-1.5035,-0.0620,-1.6729,1.5063,1.3650,-2.3774,0.0000,0.4067
4.528,-0.8636,-1.4840,-0.0626,-1.5775,1.6016,1.5063,-2.3774,0.0000,0.4067
4.532,-0.8478,-1.4681,-0.0629,-1.5008,1.6784,1.6016,-2.3774,0.0000,0.4067
4.535,-0.8348,-1.4551,-0.0632,-1.4384,1.7408,1.6784,-2.3774,0.0000,0.4067
4.538,-0.8467,-1.4418,-0.0635,-1.2458,1.8044,1.7408,-2.0721,0.0000,0.4067
4.543,-0.8283,-1.4234,-0.0637,-1.1576,1.8926,1.8044,-2.0721,0.0000,0.4067
4.547,-0.8126,-1.4077,-0.0640,-1.0826,1.9676,1.8926,-2.0721,0.0000,0.4067
4.551,-0.7978,-1.3929,-0.0643,-1.0123,2.0380,1.9676,-2.0721,0.0000,0.4067
4.554,-0.7838,-1.3790,-0.0645,-0.9461,2.1042,2.0380,-2.0721,0.0000,0.4067
4.563,-0.7715,-1.3431,-0.0648,-0.6397,2.2765,2.1042,-1.7430,0.0000,0.4067
4.569,-0.7473,-1.3189,-0.0653,-0.5244,2.3919,2.2765,-1.7430,0.0000,0.4067
4.572,-0.7327,-1.3043,-0.0657,-0.4553,2.4610,2.3919,-1.7430,0.0000,0.4067
4.576,-0.7192,-1.2909,-0.0659,-0.3916,2.5246,2.4610,-1.7430,0.0000,0.4067
4.588,-0.6894,-1.2394,-0.0661,-0.0029,2.7741,2.5246,-1.3914,0.0000,0.4067
4.594,-0.6648,-1.2149,-0.0668,0.1144,2.8914,2.7741,-1.3914,0.0000,0.4067
4.600,-0.6632,-1.1938,-0.0672,0.3595,2.9919,2.8914,-1.0175,0.0000,0.4067
4.604,-0.6448,-1.1754,-0.0674,0.4476,3.0800,2.9919,-1.0175,0.0000,0.4067
4.608,-0.6302,-1.1608,-0.0677,0.5174,3.1497,3.0800,-1.0175,0.0000,0.4067
4.611,-0.6166,-1.1472,-0.0679,0.5823,3.2147,3.1497,-1.0175,0.0000,0.4067
4.615,-0.6019,-1.1325,-0.0681,0.6529,3.2853,3.2147,-1.0175,0.0000,0.4067
4.620,-0.6015,-1.1151,-0.0683,0.8872,3.3694,3.2853,-0.6237,0.0000,0.4067
4.627,-0.5717,-1.0853,-0.0685,1.0323,3.5145,3.3694,-0.6237,0.0000,0.4067
4.631,-0.5571,-1.0707,-0.0688,1.1035,3.5857,3.5145,-0.6237,0.0000,0.4067
4.635,-0.5428,-1.0564,-0.0690,1.1731,3.6553,3.5857,-0.6237,0.0000,0.4067
4.639,-0.5410,-1.0400,-0.0692,1.4086,3.7351,3.6553,-0.2115,0.0000,0.4067
4.644,-0.5252,-1.0242,-0.0694,1.4861,3.8126,3.7351,-0.2115,0.0000,0.4067
4.647,-0.5117,-1.0107,-0.0696,1.5524,3.8789,3.8126,-0.2115,0.0000,0.4067
4.651,-0.4990,-0.9980,-0.0697,1.6147,3.9412,3.8789,-0.2115,0.0000,0.4067
4.654,-0.4870,-0.9860,-0.0699,1.6742,4.0007,3.9412,-0.2115,0.0000,0.4067
4.657,-0.4754,-0.9744,-0.0700,1.7311,4.0577,4.0007,-0.2115,0.0000,0.4067
4.660,-0.4758,-0.9627,-0.0701,1.9504,4.1158,4.0577,0.2178,0.0000,0.4067
4.665,-0.4597,-0.9466,-0.0703,2.0305,4.1959,4.1158,0.2178,0.0000,0.4067
4.669,-0.4451,-0.9320,-0.0704,2.1035,4.2689,4.1959,0.2178,0.0000,0.4067
4.673,-0.4325,-0.9194,-0.0706,2.1665,4.3319,4.2689,0.2178,0.0000,0.4067
4.676,-0.4207,-0.9076,-0.0707,2.2260,4.3914,4.3319,0.2178,0.0000,0.4067
4.680,-0.4179,-0.8951,-0.0708,2.4552,4.4540,4.3914,0.6599,0.0000,0.4067
4.684,-0.4037,-0.8809,-0.0710,2.5269,4.5257,4.4540,0.6599,0.0000,0.4067
4.687,-0.3923,-0.8695,-0.0711,2.5843,4.5831,4.5257,0.6599,0.0000,0.4067
4.690,-0.3812,-0.8584,-0.0712,2.6404,4.6392,4.5831,0.6599,0.0000,0.4067
4.694,-0.3703,-0.8475,-0.0713,2.6959,4.6947,4.6392,0.6599,0.0000,0.4067
4.698,-0.3620,-0.8319,-0.0714,2.9473,4.7742,4.6947,1.1121,0.0000,0.4067
4.703,-0.3475,-0.8174,-0.0716,3.0214,4.8483,4.7742,1.1121,0.0000,0.4067
4.707,-0.3348,-0.8047,-0.0717,3.0860,4.9129,4.8483,1.1121,0.0000,0.4067
4.714,-0.3107,-0.7806,-0.0718,3.2103,5.0372,4.9129,1.1121,0.0000,0.4067
4.719,-0.3016,-0.7663,-0.0721,3.4607,5.1105,5.0372,1.5671,0.0000,0.4067
4.723,-0.2898,-0.7544,-0.0722,3.5140,5.1638,5.1105,1.5671,0.0000,0.4067
4.727,-0.2767,-0.7414,-0.0723,3.5622,5.2120,5.1638,1.5671,0.0000,0.4067
4.735,-0.2522,-0.7168,-0.0724,3.6172,5.2670,5.2120,1.5671,0.0000,0.4067
4.739,-0.2445,-0.7058,-0.0726,3.8159,5.2838,5.2670,2.0208,0.0000,0.4067
4.743,-0.2333,-0.6945,-0.0727,3.8248,5.2927,5.2838,2.0208,0.0000,0.4067
4.746,-0.2231,-0.6843,-0.0728,3.8259,5.2937,5.2927,2.0208,0.0000,0.4067
4.750,-0.2131,-0.6743,-0.0729,3.8202,5.2881,5.2937,2.0208,0.0000,0.4067
4.753,-0.2041,-0.6653,-0.0729,3.8094,5.2773,5.2881,2.0208,0.0000,0.4067
4.756,-0.1953,-0.6566,-0.0730,3.7936,5.2615,5.2773,2.0208,0.0000,0.4067
4.760,-0.1872,-0.6466,-0.0731,3.9545,5.2361,5.2615,2.4694,0.0000,0.4067
4.765,-0.1734,-0.6327,-0.0732,3.9055,5.1871,5.2361,2.4694,0.0000,0.4067
4.768,-0.1640,-0.6233,-0.0733,3.8655,5.1471,5.1871,2.4694,0.0000,0.4067
4.772,-0.1544,-0.6137,-0.0733,3.8248,5.1064,5.1471,2.4694,0.0000,0.4067
4.775,-0.1459,-0.6052,-0.0734,3.7892,5.0708,5.1064,2.4694,0.0000,0.4067
4.779,-0.1379,-0.5966,-0.0735,3.9428,5.0345,5.0708,2.9088,0.0000,0.4067
4.783,-0.1269,-0.5856,-0.0735,3.8969,4.9886,5.0345,2.9088,0.0000,0.4067
4.786,-0.1188,-0.5775,-0.0736,3.8631,4.9548,4.9886,2.9088,0.0000,0.4067
4.789,-0.1110,-0.5696,-0.0736,3.8308,4.9225,4.9548,2.9088,0.0000,0.4067
4.793,-0.1013,-0.5600,-0.0737,3.7909,4.8826,4.9225,2.9088,0.0000,0.4067
4.797,-0.0919,-0.5505,-0.0738,3.7522,4.8439,4.8826,2.9088,0.0000,0.4067
4.801,-0.0832,-0.5420,-0.0738,3.9104,4.8092,4.8439,3.3348,0.0000,0.4067
4.805,-0.0740,-0.5327,-0.0739,3.8728,4.7716,4.8092,3.3348,0.0000,0.4067
4.808,-0.0653,-0.5241,-0.0739,3.8379,4.7367,4.7716,3.3348,0.0000,0.4067
4.812,-0.0563,-0.5150,-0.0740,3.8015,4.7003,4.7367,3.3348,0.0000,0.4067
4.816,-0.0478,-0.5066,-0.0740,3.7677,4.6665,4.7003,3.3348,0.0000,0.4067
4.819,-0.0396,-0.4991,-0.0741,3.9328,4.6365,4.6665,3.7452,0.0000,0.4067
4.824,-0.0294,-0.4888,-0.0741,3.8924,4.5961,4.6365,3.7452,0.0000,0.4067
4.827,-0.0218,-0.4812,-0.0742,3.8625,4.5662,4.5961,3.7452,0.0000,0.4067
4.832,-0.0114,-0.4709,-0.0742,3.8220,4.5257,4.5662,3.7452,0.0000,0.4067
4.839,0.0047,-0.4557,-0.0743,3.9595,4.4667,4.5257,4.1340,0.0000,0.4067
4.843,0.0127,-0.4477,-0.0743,3.9287,4.4360,4.4667,4.1340,0.0000,0.4067
4.847,0.0198,-0.4405,-0.0744,3.9015,4.4088,4.4360,4.1340,0.0000,0.4067
4.850,0.0265,-0.4338,-0.0744,3.8761,4.3833,4.4088,4.1340,0.0000,0.4067
4.854,0.0344,-0.4259,-0.0744,3.8462,4.3534,4.3833,4.1340,0.0000,0.4067
4.858,0.0414,-0.4189,-0.0745,3.8200,4.3273,4.3534,4.1340,0.0000,0.4067
4.866,0.0570,-0.4042,-0.0745,3.9619,4.2724,4.3273,4.4952,0.0000,0.4067
4.871,0.0672,-0.3940,-0.0746,3.9246,4.2350,4.2724,4.4952,0.0000,0.4067
4.875,0.0739,-0.3872,-0.0746,3.9001,4.2105,4.2350,4.4952,0.0000,0.4067
4.879,0.0812,-0.3804,-0.0746,4.0716,4.1858,4.2105,4.8242,0.0000,0.4067
4.883,0.0896,-0.3721,-0.0746,4.0419,4.1560,4.1858,4.8242,0.0000,0.4067
4.887,0.0960,-0.3656,-0.0747,4.0189,4.1330,4.1560,4.8242,0.0000,0.4067
4.891,0.1020,-0.3597,-0.0747,3.9979,4.1121,4.1330,4.8242,0.0000,0.4067
4.894,0.1073,-0.3543,-0.0747,3.9792,4.0934,4.1121,4.8242,0.0000,0.4067
4.898,0.1136,-0.3481,-0.0747,3.9575,4.0717,4.0934,4.8242,0.0000,0.4067
4.903,0.1217,-0.3400,-0.0747,4.1246,4.0440,4.0717,5.1201,0.0000,0.4067
4.909,0.1313,-0.3304,-0.0747,4.0922,4.0115,4.0440,5.1201,0.0000,0.4067
4.912,0.1372,-0.3245,-0.0748,4.0724,3.9917,4.0115,5.1201,0.0000,0.4067
4.916,0.1429,-0.3188,-0.0748,4.0533,3.9727,3.9917,5.1201,0.0000,0.4067
4.920,0.1479,-0.3135,-0.0748,4.2283,3.9552,3.9727,5.3822,0.0000,0.4067
4.924,0.1538,-0.3075,-0.0748,4.2089,3.9358,3.9552,5.3822,0.0000,0.4067
4.927,0.1586,-0.3027,-0.0748,4.1934,3.9202,3.9358,5.3822,0.0000,0.4067
4.932,0.1652,-0.2961,-0.0748,4.1724,3.8993,3.9202,5.3822,0.0000,0.4067
4.935,0.1706,-0.2907,-0.0748,4.1554,3.8823,3.8993,5.3822,0.0000,0.4067
4.940,0.1758,-0.2846,-0.0748,4.3259,3.8633,3.8823,5.6071,0.0000,0.4067
4.948,0.1871,-0.2734,-0.0748,4.2918,3.8292,3.8633,5.6071,0.0000,0.4067
4.952,0.1930,-0.2674,-0.0748,4.2742,3.8116,3.8292,5.6071,0.0000,0.4067
4.957,0.1982,-0.2622,-0.0748,4.2590,3.7963,3.8116,5.6071,0.0000,0.4067
4.963,0.1940,-0.2544,-0.0748,4.3995,3.7740,3.7963,4.9592,0.0000,0.4067
4.968,0.2001,-0.2484,-0.0748,4.3826,3.7572,3.7740,4.9592,0.0000,0.4067
4.971,0.2047,-0.2437,-0.0748,4.3697,3.7443,3.7572,4.9592,0.0000,0.4067
4.975,0.2092,-0.2392,-0.0748,4.3575,3.7321,3.7443,4.9592,0.0000,0.4067
4.980,0.2095,-0.2339,-0.0748,4.5163,3.7179,3.7321,4.7854,0.0000,0.4067
4.984,0.2146,-0.2288,-0.0748,4.5031,3.7048,3.7179,4.7854,0.0000,0.4067
4.988,0.2187,-0.2247,-0.0748,4.4927,3.6944,3.7048,4.7854,0.0000,0.4067
4.992,0.2228,-0.2206,-0.0748,4.4827,3.6844,3.6944,4.7854,0.0000,0.4067
4.997,0.2288,-0.2145,-0.0748,4.4681,3.6697,3.6844,4.7854,0.0000,0.4067
5.001,0.2273,-0.2104,-0.0748,4.6210,3.6599,3.6697,4.4085,0.0000,0.4067
5.006,0.2323,-0.2053,-0.0748,4.6096,3.6485,3.6599,4.4085,0.0000,0.4067
5.010,0.2366,-0.2010,-0.0747,4.6001,3.6391,3.6485,4.4085,0.0000,0.4067
5.019,0.2409,-0.1927,-0.0747,4.7423,3.6220,3.6391,4.0454,0.0000,0.4067
5.025,0.2470,-0.1865,-0.0747,4.7304,3.6101,3.6220,4.0454,0.0000,0.4067
5.030,0.2515,-0.1821,-0.0747,4.7221,3.6018,3.6101,4.0454,0.0000,0.4067
5.034,0.2550,-0.1786,-0.0747,4.7159,3.5956,3.6018,4.0454,0.0000,0.4067
5.038,0.2586,-0.1750,-0.0746,4.7099,3.5896,3.5956,4.0454,0.0000,0.4067
5.043,0.2606,-0.1707,-0.0746,4.8590,3.5829,3.5896,3.6930,0.0000,0.4067
5.051,0.2677,-0.1636,-0.0746,4.8489,3.5728,3.5829,3.6930,0.0000,0.4067
5.056,0.2720,-0.1593,-0.0746,4.8435,3.5673,3.5728,3.6930,0.0000,0.4067
5.061,0.2759,-0.1559,-0.0745,4.9887,3.5633,3.5673,3.1637,0.0000,0.4067
5.065,0.2796,-0.1521,-0.0745,4.9847,3.5593,3.5633,3.1637,0.0000,0.4067
5.069,0.2826,-0.1491,-0.0745,4.9819,3.5565,3.5593,3.1637,0.0000,0.4067
5.073,0.2855,-0.1462,-0.0745,4.9794,3.5540,3.5565,3.1637,0.0000,0.4067
5.077,0.2883,-0.1435,-0.0744,4.9774,3.5520,3.5540,3.1637,0.0000,0.4067
5.081,0.2875,-0.1405,-0.0744,5.1316,3.5502,3.5520,3.3633,0.0000,0.4067
5.086,0.2914,-0.1365,-0.0744,5.1298,3.5483,3.5502,3.3633,0.0000,0.4067
5.090,0.2942,-0.1338,-0.0744,5.1289,3.5474,3.5483,3.3633,0.0000,0.4067
5.094,0.2969,-0.1311,-0.0743,5.1283,3.5468,3.5474,3.3633,0.0000,0.4067
5.098,0.3047,-0.1283,-0.0743,5.2722,3.5467,3.5468,2.8494,0.0000,0.4067
5.103,0.3073,-0.1257,-0.0743,5.2723,3.5468,3.5467,2.8494,0.0000,0.4067
5.106,0.3094,-0.1235,-0.0743,5.2727,3.5472,3.5468,2.8494,0.0000,0.4067
5.109,0.3116,-0.1214,-0.0742,5.2734,3.5479,3.5472,2.8494,0.0000,0.4067
5.113,0.3138,-0.1192,-0.0742,5.2744,3.5489,3.5479,2.8494,0.0000,0.4067
5.117,0.3167,-0.1163,-0.0742,5.2762,3.5507,3.5489,2.8494,0.0000,0.4067
5.121,0.3198,-0.1141,-0.0742,5.4214,3.5524,3.5507,2.7191,0.0000,0.4067
5.125,0.3222,-0.1117,-0.0741,5.4237,3.5547,3.5524,2.7191,0.0000,0.4067
5.129,0.3243,-0.1096,-0.0741,5.4260,3.5570,3.5547,2.7191,0.0000,0.4067
5.133,0.3267,-0.1072,-0.0741,5.4291,3.5601,3.5570,2.7191,0.0000,0.4067
5.137,0.3286,-0.1053,-0.0741,5.4318,3.5628,3.5601,2.7191,0.0000,0.4067
5.140,0.3347,-0.1035,-0.0740,5.5742,3.5658,3.5628,2.4181,0.0000,0.4067
5.144,0.3368,-0.1014,-0.0740,5.5780,3.5696,3.5658,2.4181,0.0000,0.4067
5.148,0.3389,-0.0993,-0.0740,5.5823,3.5739,3.5696,2.4181,0.0000,0.4067
5.153,0.3414,-0.0968,-0.0739,5.5879,3.5796,3.5739,2.4181,0.0000,0.4067
5.159,0.3469,-0.0934,-0.0739,5.7321,3.5885,3.5796,2.2969,0.0000,0.4067
5.165,0.3497,-0.0906,-0.0739,5.7404,3.5968,3.5885,2.2969,0.0000,0.4067
5.173,0.3535,-0.0868,-0.0738,5.7534,3.6099,3.5968,2.2969,0.0000,0.4067
5.180,0.3590,-0.0840,-0.0738,5.8957,3.6209,3.6099,2.1713,0.0000,0.4067
5.186,0.3618,-0.0812,-0.0737,5.9075,3.6328,3.6209,2.1713,0.0000,0.4067
5.190,0.3635,-0.0795,-0.0737,5.9154,3.6407,3.6328,2.1713,0.0000,0.4067
5.194,0.3654,-0.0776,-0.0736,5.9246,3.6499,3.6407,2.1713,0.0000,0.4067
5.199,0.3704,-0.0757,-0.0736,6.0622,3.6600,3.6499,2.0401,0.0000,0.4067
5.205,0.3727,-0.0733,-0.0735,6.0758,3.6737,3.6600,2.0401,0.0000,0.4067
5.209,0.3742,-0.0718,-0.0735,6.0850,3.6829,3.6737,2.0401,0.0000,0.4067
5.213,0.3758,-0.0703,-0.0735,6.0951,3.6930,3.6829,2.0401,0.0000,0.4067
5.218,0.3775,-0.0686,-0.0734,6.1070,3.7048,3.6930,2.0401,0.0000,0.4067
5.222,0.3847,-0.0671,-0.0734,6.2475,3.7154,3.7048,1.5966,0.0000,0.4067
5.227,0.3867,-0.0651,-0.0734,6.2635,3.7314,3.7154,1.5966,0.0000,0.4067
5.232,0.3886,-0.0633,-0.0733,6.2787,3.7466,3.7314,1.5966,0.0000,0.4067
5.237,0.3900,-0.0619,-0.0733,6.2914,3.7593,3.7466,1.5966,0.0000,0.4067
5.241,0.3943,-0.0606,-0.0732,6.4198,3.7714,3.7593,1.6179,0.0000,0.4067
5.245,0.3958,-0.0591,-0.0732,6.4343,3.7859,3.7714,1.6179,0.0000,0.4067
5.250,0.3972,-0.0577,-0.0732,6.4484,3.8000,3.7859,1.6179,0.0000,0.4067
5.253,0.3983,-0.0566,-0.0731,6.4606,3.8122,3.8000,1.6179,0.0000,0.4067
5.258,0.4039,-0.0550,-0.0731,6.5984,3.8301,3.8122,1.3473,0.0000,0.4067
5.267,0.4064,-0.0525,-0.0730,6.6306,3.8622,3.8301,1.3473,0.0000,0.4067
5.271,0.4074,-0.0515,-0.0730,6.6440,3.8756,3.8622,1.3473,0.0000,0.4067
5.274,0.4084,-0.0505,-0.0729,6.6578,3.8895,3.8756,1.3473,0.0000,0.4067
5.278,0.4093,-0.0496,-0.0729,6.6706,3.9023,3.8895,1.3473,0.0000,0.4067
5.282,0.4149,-0.0485,-0.0729,6.7978,3.9192,3.9023,1.3564,0.0000,0.4067
5.286,0.4160,-0.0474,-0.0728,6.8142,3.9357,3.9192,1.3564,0.0000,0.4067
5.290,0.4170,-0.0464,-0.0728,6.8318,3.9532,3.9357,1.3564,0.0000,0.4067
5.294,0.4179,-0.0455,-0.0727,6.8470,3.9684,3.9532,1.3564,0.0000,0.4067
5.297,0.4188,-0.0446,-0.0727,6.8632,3.9846,3.9684,1.3564,0.0000,0.4067
5.301,0.4239,-0.0437,-0.0727,6.9891,3.9999,3.9846,1.2284,0.0000,0.4067
5.305,0.4249,-0.0427,-0.0726,7.0082,4.0190,3.9999,1.2284,0.0000,0.4067
5.309,0.4257,-0.0419,-0.0726,7.0239,4.0347,4.0190,1.2284,0.0000,0.4067
5.312,0.4265,-0.0412,-0.0725,7.0399,4.0507,4.0347,1.2284,0.0000,0.4067
5.316,0.4274,-0.0402,-0.0725,7.0596,4.0705,4.0507,1.2284,0.0000,0.4067
5.324,0.4325,-0.0385,-0.0724,7.2088,4.1103,4.0705,0.9772,0.0000,0.4067
5.330,0.4337,-0.0373,-0.0724,7.2391,4.1406,4.1103,0.9772,0.0000,0.4067
5.334,0.4344,-0.0366,-0.0723,7.2582,4.1597,4.1406,0.9772,0.0000,0.4067
5.337,0.4352,-0.0359,-0.0723,7.2770,4.1785,4.1597,0.9772,0.0000,0.4067
5.341,0.4432,-0.0352,-0.0722,7.3993,4.1972,4.1785,1.1002,0.0000,0.4067
5.344,0.4440,-0.0345,-0.0722,7.4202,4.2182,4.1972,1.1002,0.0000,0.4067
5.349,0.4449,-0.0336,-0.0721,7.4474,4.2454,4.2182,1.1002,0.0000,0.4067
5.353,0.4455,-0.0329,-0.0721,7.4677,4.2656,4.2454,1.1002,0.0000,0.4067
5.356,0.4461,-0.0323,-0.0721,7.4865,4.2845,4.2656,1.1002,0.0000,0.4067
5.359,0.4500,-0.0318,-0.0720,7.6075,4.3031,4.2845,0.8549,0.0000,0.4067
5.365,0.4510,-0.0308,-0.0720,7.6409,4.3365,4.3031,0.8549,0.0000,0.4067
5.372,0.4521,-0.0297,-0.0719,7.6839,4.3795,4.3365,0.8549,0.0000,0.4067
5.375,0.4527,-0.0291,-0.0719,7.7054,4.4010,4.3795,0.8549,0.0000,0.4067
5.379,0.4588,-0.0285,-0.0718,7.8288,4.4246,4.4010,0.7516,0.0000,0.4067
5.384,0.4596,-0.0277,-0.0718,7.8635,4.4593,4.4246,0.7516,0.0000,0.4067
5.388,0.4601,-0.0271,-0.0717,7.8875,4.4832,4.4593,0.7516,0.0000,0.4067
5.391,0.4606,-0.0266,-0.0717,7.9094,4.5052,4.4832,0.7516,0.0000,0.4067
5.394,0.4611,-0.0262,-0.0717,7.9308,4.5266,4.5052,0.7516,0.0000,0.4067
5.398,0.4676,-0.0256,-0.0716,8.0551,4.5538,4.5266,0.6514,0.0000,0.4067
5.402,0.4681,-0.0250,-0.0716,8.0840,4.5826,4.5538,0.6514,0.0000,0.4067
5.406,0.4686,-0.0246,-0.0716,8.1073,4.6059,4.5826,0.6514,0.0000,0.4067
5.409,0.4690,-0.0241,-0.0715,8.1309,4.6295,4.6059,0.6514,0.0000,0.4067
5.413,0.4695,-0.0237,-0.0715,8.1577,4.6563,4.6295,0.6514,0.0000,0.4067
5.416,0.4700,-0.0232,-0.0715,8.1849,4.6835,4.6563,0.6514,0.0000,0.4067
5.419,0.4768,-0.0228,-0.0714,8.3035,4.7078,4.6835,0.5535,0.0000,0.4067
5.424,0.4773,-0.0223,-0.0714,8.3344,4.7388,4.7078,0.5535,0.0000,0.4067
5.428,0.4778,-0.0218,-0.0714,8.3658,4.7701,4.7388,0.5535,0.0000,0.4067
5.432,0.4783,-0.0213,-0.0713,8.3970,4.8013,4.7701,0.5535,0.0000,0.4067
5.435,0.4786,-0.0209,-0.0713,8.4238,4.8281,4.8013,0.5535,0.0000,0.4067
5.439,0.4860,-0.0205,-0.0713,8.5457,4.8586,4.8281,0.4565,0.0000,0.4067
5.443,0.4865,-0.0200,-0.0712,8.5816,4.8945,4.8586,0.4565,0.0000,0.4067
5.447,0.4870,-0.0195,-0.0712,8.6181,4.9309,4.8945,0.4565,0.0000,0.4067
5.451,0.4873,-0.0191,-0.0711,8.6478,4.9607,4.9309,0.4565,0.0000,0.4067
5.455,0.4877,-0.0187,-0.0711,8.6804,4.9932,4.9607,0.4565,0.0000,0.4067
5.460,0.4963,-0.0182,-0.0711,8.8159,5.0376,4.9932,0.4591,0.0000,0.4067
5.465,0.4968,-0.0177,-0.0710,8.8583,5.0800,5.0376,0.4591,0.0000,0.4067
5.469,0.4973,-0.0172,-0.0710,8.9007,5.1224,5.0800,0.4591,0.0000,0.4067
5.478,0.5061,-0.0164,-0.0709,9.0699,5.2066,5.1224,0.3504,0.0000,0.4067
5.485,0.5067,-0.0158,-0.0709,9.1342,5.2709,5.2066,0.3504,0.0000,0.4067
5.489,0.5071,-0.0154,-0.0708,9.1767,5.3134,5.2709,0.3504,0.0000,0.4067
5.493,0.5074,-0.0151,-0.0708,9.2119,5.3486,5.3134,0.3504,0.0000,0.4067
5.496,0.5077,-0.0148,-0.0707,9.2460,5.3827,5.3486,0.3504,0.0000,0.4067
5.500,0.5167,-0.0145,-0.0707,9.3596,5.4112,5.3827,0.3427,0.0000,0.4067
5.504,0.5170,-0.0142,-0.0707,9.3858,5.4374,5.4112,0.3427,0.0000,0.4067
5.507,0.5173,-0.0139,-0.0706,9.4028,5.4543,5.4374,0.3427,0.0000,0.4067
5.511,0.5175,-0.0137,-0.0706,9.4149,5.4664,5.4543,0.3427,0.0000,0.4067
5.514,0.5178,-0.0134,-0.0706,9.4235,5.4750,5.4664,0.3427,0.0000,0.4067
5.518,0.5274,-0.0131,-0.0705,9.5055,5.4784,5.4750,0.2297,0.0000,0.4067
5.523,0.5278,-0.0127,-0.0705,9.5007,5.4736,5.4784,0.2297,0.0000,0.4067
5.527,0.5281,-0.0125,-0.0705,9.4928,5.4657,5.4736,0.2297,0.0000,0.4067
5.531,0.5283,-0.0122,-0.0704,9.4795,5.4524,5.4657,0.2297,0.0000,0.4067
5.534,0.5286,-0.0119,-0.0704,9.4613,5.4342,5.4524,0.2297,0.0000,0.4067
5.538,0.5387,-0.0117,-0.0704,9.5157,5.4129,5.4342,0.1164,0.0000,0.4067
5.542,0.5390,-0.0114,-0.0703,9.4848,5.3821,5.4129,0.1164,0.0000,0.4067
5.546,0.5393,-0.0112,-0.0703,9.4506,5.3478,5.3821,0.1164,0.0000,0.4067
5.551,0.5395,-0.0109,-0.0703,9.4188,5.3160,5.3478,0.1164,0.0000,0.4067
5.555,0.5398,-0.0107,-0.0702,9.3885,5.2857,5.3160,0.1164,0.0000,0.4067
5.558,0.5496,-0.0104,-0.0702,9.4393,5.2617,5.2857,0.0943,0.0000,0.4067
5.563,0.5498,-0.0102,-0.0702,9.4133,5.2357,5.2617,0.0943,0.0000,0.4067
5.567,0.5500,-0.0100,-0.0701,9.3905,5.2128,5.2357,0.0943,0.0000,0.4067
5.570,0.5502,-0.0098,-0.0701,9.3709,5.1933,5.2128,0.0943,0.0000,0.4067
5.574,0.5504,-0.0096,-0.0701,9.3545,5.1769,5.1933,0.0943,0.0000,0.4067
5.578,0.5604,-0.0093,-0.0700,9.4069,5.1577,5.1769,0.0680,0.0000,0.4067
5.587,0.5609,-0.0089,-0.0700,9.3746,5.1254,5.1577,0.0680,0.0000,0.4067
5.591,0.5611,-0.0087,-0.0699,9.3630,5.1139,5.1254,0.0680,0.0000,0.4067
5.594,0.5612,-0.0085,-0.0699,9.3535,5.1043,5.1139,0.0680,0.0000,0.4067
5.599,0.5714,-0.0083,-0.0699,9.4108,5.0934,5.1043,0.0343,0.0000,0.4067
5.603,0.5716,-0.0081,-0.0698,9.4022,5.0849,5.0934,0.0343,0.0000,0.4067
5.607,0.5718,-0.0079,-0.0698,9.3962,5.0789,5.0849,0.0343,0.0000,0.4067
5.610,0.5719,-0.0078,-0.0698,9.3915,5.0742,5.0789,0.0343,0.0000,0.4067
5.615,0.5721,-0.0075,-0.0697,9.3866,5.0692,5.0742,0.0343,0.0000,0.4067
5.620,0.5824,-0.0074,-0.0697,9.4488,5.0665,5.0692,-0.0047,0.0000,0.4067
5.627,0.5827,-0.0071,-0.0697,9.4481,5.0658,5.0665,-0.0047,0.0000,0.4067
5.632,0.5829,-0.0069,-0.0696,9.4493,5.0670,5.0658,-0.0047,0.0000,0.4067
5.635,0.5830,-0.0067,-0.0696,9.4508,5.0685,5.0670,-0.0047,0.0000,0.4067
5.639,0.5941,-0.0066,-0.0695,9.5152,5.0707,5.0685,-0.1217,0.0000,0.4067
5.643,0.5942,-0.0065,-0.0695,9.5186,5.0741,5.0707,-0.1217,0.0000,0.4067
5.647,0.5944,-0.0063,-0.0695,9.5239,5.0794,5.0741,-0.1217,0.0000,0.4067
5.651,0.5945,-0.0062,-0.0694,9.5288,5.0843,5.0794,-0.1217,0.0000,0.4067
5.654,0.5946,-0.0060,-0.0694,9.5338,5.0893,5.0843,-0.1217,0.0000,0.4067
5.658,0.5947,-0.0059,-0.0694,9.5390,5.0945,5.0893,-0.1217,0.0000,0.4067
5.661,0.6039,-0.0058,-0.0694,9.6041,5.1013,5.0945,-0.0895,0.0000,0.4067
5.666,0.6041,-0.0057,-0.0693,9.6129,5.1101,5.1013,-0.0895,0.0000,0.4067
5.669,0.6042,-0.0055,-0.0693,9.6199,5.1170,5.1101,-0.0895,0.0000,0.4067
5.673,0.6043,-0.0054,-0.0693,9.6273,5.1245,5.1170,-0.0895,0.0000,0.4067
5.677,0.6044,-0.0053,-0.0693,9.6374,5.1345,5.1245,-0.0895,0.0000,0.4067
5.681,0.6137,-0.0052,-0.0692,9.7040,5.1458,5.1345,-0.0658,0.0000,0.4067
5.686,0.6138,-0.0050,-0.0692,9.7177,5.1595,5.1458,-0.0658,0.0000,0.4067
5.694,0.6140,-0.0048,-0.0692,9.7377,5.1795,5.1595,-0.0658,0.0000,0.4067
5.697,0.6141,-0.0047,-0.0691,9.7485,5.1903,5.1795,-0.0658,0.0000,0.4067
5.701,0.6241,-0.0046,-0.0691,9.8126,5.2005,5.1903,-0.1166,0.0000,0.4067
5.705,0.6242,-0.0045,-0.0691,9.8249,5.2127,5.2005,-0.1166,0.0000,0.4067
5.709,0.6243,-0.0044,-0.0690,9.8367,5.2246,5.2127,-0.1166,0.0000,0.4067
5.713,0.6244,-0.0043,-0.0690,9.8496,5.2374,5.2246,-0.1166,0.0000,0.4067
5.717,0.6245,-0.0042,-0.0690,9.8605,5.2484,5.2374,-0.1166,0.0000,0.4067
5.720,0.6336,-0.0041,-0.0689,9.9202,5.2581,5.2484,-0.1001,0.0000,0.4067
5.725,0.6337,-0.0040,-0.0689,9.9346,5.2725,5.2581,-0.1001,0.0000,0.4067
5.729,0.6338,-0.0039,-0.0689,9.9452,5.2830,5.2725,-0.1001,0.0000,0.4067
5.732,0.6339,-0.0039,-0.0689,9.9562,5.2941,5.2830,-0.1001,0.0000,0.4067
5.736,0.6340,-0.0038,-0.0688,9.9658,5.3036,5.2941,-0.1001,0.0000,0.4067
5.739,0.6431,-0.0037,-0.0688,10.0233,5.3135,5.3036,-0.0922,0.0000,0.4067
5.743,0.6432,-0.0036,-0.0688,10.0344,5.3246,5.3135,-0.0922,0.0000,0.4067
5.746,0.6433,-0.0036,-0.0688,10.0444,5.3346,5.3246,-0.0922,0.0000,0.4067
5.750,0.6433,-0.0035,-0.0687,10.0541,5.3443,5.3346,-0.0922,0.0000,0.4067
5.754,0.6434,-0.0034,-0.0687,10.0647,5.3549,5.3443,-0.0922,0.0000,0.4067
5.758,0.6435,-0.0033,-0.0687,10.0742,5.3644,5.3549,-0.0922,0.0000,0.4067
5.761,0.6531,-0.0033,-0.0687,10.1301,5.3729,5.3644,-0.1542,0.0000,0.4067
5.766,0.6532,-0.0032,-0.0686,10.1419,5.3847,5.3729,-0.1542,0.0000,0.4067
5.769,0.6532,-0.0031,-0.0686,10.1502,5.3929,5.3847,-0.1542,0.0000,0.4067
5.774,0.6533,-0.0030,-0.0686,10.1595,5.4022,5.3929,-0.1542,0.0000,0.4067
5.781,0.6624,-0.0029,-0.0686,10.2180,5.4171,5.4022,-0.1563,0.0000,0.4067
5.788,0.6625,-0.0028,-0.0685,10.2305,5.4296,5.4171,-0.1563,0.0000,0.4067
5.793,0.6626,-0.0027,-0.0685,10.2384,5.4376,5.4296,-0.1563,0.0000,0.4067
5.801,0.6716,-0.0026,-0.0684,10.2910,5.4483,5.4376,-0.1654,0.0000,0.4067
5.806,0.6716,-0.0025,-0.0684,10.2964,5.4537,5.4483,-0.1654,0.0000,0.4067
5.809,0.6717,-0.0025,-0.0683,10.2998,5.4571,5.4537,-0.1654,0.0000,0.4067
5.814,0.6718,-0.0024,-0.0683,10.3033,5.4606,5.4571,-0.1654,0.0000,0.4067
5.819,0.6806,-0.0023,-0.0683,10.3465,5.4636,5.4606,-0.1783,0.0000,0.4067
5.823,0.6807,-0.0023,-0.0683,10.3482,5.4653,5.4636,-0.1783,0.0000,0.4067
5.827,0.6807,-0.0022,-0.0682,10.3489,5.4661,5.4653,-0.1783,0.0000,0.4067
5.831,0.6808,-0.0022,-0.0682,10.3490,5.4661,5.4661,-0.1783,0.0000,0.4067
5.835,0.6808,-0.0021,-0.0682,10.3484,5.4655,5.4661,-0.1783,0.0000,0.4067
5.839,0.6895,-0.0021,-0.0682,10.3856,5.4643,5.4655,-0.1920,0.0000,0.4067
5.843,0.6896,-0.0020,-0.0681,10.3836,5.4623,5.4643,-0.1920,0.0000,0.4067
5.848,0.6896,-0.0020,-0.0681,10.3801,5.4588,5.4623,-0.1920,0.0000,0.4067
5.851,0.6896,-0.0019,-0.0681,10.3766,5.4554,5.4588,-0.1920,0.0000,0.4067
5.855,0.6897,-0.0019,-0.0681,10.3726,5.4513,5.4554,-0.1920,0.0000,0.4067
5.858,0.6983,-0.0019,-0.0680,10.4055,5.4473,5.4513,-0.2092,0.0000,0.4067
5.863,0.6983,-0.0018,-0.0680,10.3989,5.4407,5.4473,-0.2092,0.0000,0.4067
5.867,0.6984,-0.0018,-0.0680,10.3923,5.4341,5.4407,-0.2092,0.0000,0.4067
5.870,0.6984,-0.0017,-0.0680,10.3864,5.4282,5.4341,-0.2092,0.0000,0.4067
5.873,0.6984,-0.0017,-0.0679,10.3797,5.4215,5.4282,-0.2092,0.0000,0.4067
5.877,0.6985,-0.0017,-0.0679,10.3721,5.4139,5.4215,-0.2092,0.0000,0.4067
5.882,0.7069,-0.0016,-0.0679,10.3971,5.4033,5.4139,-0.2324,0.0000,0.4067
5.886,0.7070,-0.0016,-0.0679,10.3864,5.3926,5.4033,-0.2324,0.0000,0.4067
5.889,0.7070,-0.0016,-0.0678,10.3776,5.3838,5.3926,-0.2324,0.0000,0.4067
5.892,0.7070,-0.0015,-0.0678,10.3684,5.3746,5.3838,-0.2324,0.0000,0.4067
5.896,0.7071,-0.0015,-0.0678,10.3570,5.3632,5.3746,-0.2324,0.0000,0.4067
5.901,0.7154,-0.0014,-0.0678,10.3755,5.3475,5.3632,-0.2578,0.0000,0.4067
5.909,0.7155,-0.0014,-0.0678,10.3441,5.3161,5.3475,-0.2578,0.0000,0.4067
5.913,0.7155,-0.0013,-0.0677,10.3291,5.3011,5.3161,-0.2578,0.0000,0.4067
5.917,0.7156,-0.0013,-0.0677,10.3139,5.2859,5.3011,-0.2578,0.0000,0.4067
5.920,0.7238,-0.0013,-0.0677,10.3333,5.2725,5.2859,-0.2844,0.0000,0.4067
5.925,0.7238,-0.0013,-0.0676,10.3143,5.2535,5.2725,-0.2844,0.0000,0.4067
5.933,0.7239,-0.0012,-0.0676,10.2750,5.2141,5.2535,-0.2844,0.0000,0.4067
5.938,0.7239,-0.0012,-0.0676,10.2522,5.1913,5.2141,-0.2844,0.0000,0.4067
5.942,0.7320,-0.0011,-0.0676,10.2623,5.1699,5.1913,-0.3123,0.0000,0.4067
5.947,0.7320,-0.0011,-0.0675,10.2388,5.1464,5.1699,-0.3123,0.0000,0.4067
5.950,0.7320,-0.0011,-0.0675,10.2203,5.1279,5.1464,-0.3123,0.0000,0.4067
5.953,0.7320,-0.0011,-0.0675,10.2028,5.1104,5.1279,-0.3123,0.0000,0.4067
5.957,0.7321,-0.0010,-0.0675,10.1823,5.0899,5.1104,-0.3123,0.0000,0.4067
5.960,0.7400,-0.0010,-0.0674,10.1929,5.0701,5.0899,-0.3417,0.0000,0.4067
5.965,0.7400,-0.0010,-0.0674,10.1675,5.0447,5.0701,-0.3417,0.0000,0.4067
5.968,0.7401,-0.0010,-0.0674,10.1474,5.0246,5.0447,-0.3417,0.0000,0.4067
5.972,0.7401,-0.0010,-0.0674,10.1272,5.0044,5.0246,-0.3417,0.0000,0.4067
5.975,0.7401,-0.0009,-0.0674,10.1070,4.9842,5.0044,-0.3417,0.0000,0.4067
5.978,0.7479,-0.0009,-0.0673,10.1158,4.9637,4.9842,-0.3735,0.0000,0.4067
5.982,0.7479,-0.0009,-0.0673,10.0883,4.9363,4.9637,-0.3735,0.0000,0.4067
5.986,0.7479,-0.0009,-0.0673,10.0674,4.9153,4.9363,-0.3735,0.0000,0.4067
5.990,0.7480,-0.0009,-0.0673,10.0377,4.8857,4.9153,-0.3735,0.0000,0.4067
5.994,0.7480,-0.0008,-0.0673,10.0134,4.8614,4.8857,-0.3735,0.0000,0.4067
5.997,0.7480,-0.0008,-0.0672,9.9882,4.8362,4.8614,-0.3735,0.0000,0.4067
6.001,0.7557,-0.0008,-0.0672,9.9930,4.8128,4.8362,-0.4065,0.0000,0.4067
6.006,0.7557,-0.0008,-0.0672,9.9560,4.7758,4.8128,-0.4065,0.0000,0.4067
6.013,0.7557,-0.0008,-0.0672,9.9043,4.7242,4.7758,-0.4065,0.0000,0.4067
6.017,0.7557,-0.0007,-0.0671,9.8792,4.6991,4.7242,-0.4065,0.0000,0.4067
6.021,0.7633,-0.0007,-0.0671,9.8755,4.6682,4.6991,-0.4396,0.0000,0.4067
6.025,0.7633,-0.0007,-0.0671,9.8452,4.6380,4.6682,-0.4396,0.0000,0.4067
6.028,0.7633,-0.0007,-0.0671,9.8202,4.6130,4.6380,-0.4396,0.0000,0.4067
6.032,0.7633,-0.0007,-0.0671,9.7911,4.5839,4.6130,-0.4396,0.0000,0.4067
6.035,0.7633,-0.0007,-0.0670,9.7653,4.5581,4.5839,-0.4396,0.0000,0.4067
6.039,0.7708,-0.0006,-0.0670,9.7652,4.5318,4.5581,-0.4735,0.0000,0.4067
6.043,0.7708,-0.0006,-0.0670,9.7352,4.5019,4.5318,-0.4735,0.0000,0.4067
6.047,0.7708,-0.0006,-0.0670,9.7040,4.4707,4.5019,-0.4735,0.0000,0.4067
6.052,0.7708,-0.0006,-0.0670,9.6642,4.4308,4.4707,-0.4735,0.0000,0.4067
6.055,0.7708,-0.0006,-0.0670,9.6348,4.4015,4.4308,-0.4735,0.0000,0.4067
6.059,0.7781,-0.0006,-0.0669,9.6328,4.3744,4.4015,-0.5079,0.0000,0.4067
6.063,0.7781,-0.0006,-0.0669,9.5992,4.3408,4.3744,-0.5079,0.0000,0.4067
6.067,0.7781,-0.0005,-0.0669,9.5691,4.3107,4.3408,-0.5079,0.0000,0.4067
6.070,0.7781,-0.0005,-0.0669,9.5422,4.2837,4.3107,-0.5079,0.0000,0.4067
6.077,0.7781,-0.0005,-0.0669,9.4853,4.2269,4.2837,-0.5079,0.0000,0.4067
6.087,0.7853,-0.0005,-0.0668,9.4275,4.1450,4.2269,-0.5410,0.0000,0.4067
6.101,0.7924,-0.0004,-0.0668,9.3263,4.0206,4.1450,-0.5721,0.0000,0.4067
6.115,0.7924,-0.0004,-0.0667,9.1959,3.8902,4.0206,-0.5721,0.0000,0.4067
6.129,0.7994,-0.0004,-0.0666,9.1035,3.7755,3.8902,-0.6008,0.0000,0.4067
6.136,0.7994,-0.0004,-0.0666,9.0444,3.7164,3.7755,-0.6008,0.0000,0.4067
6.140,0.8062,-0.0003,-0.0666,9.0325,3.6831,3.7164,-0.6261,0.0000,0.4067
6.145,0.8062,-0.0003,-0.0665,8.9886,3.6391,3.6831,-0.6261,0.0000,0.4067
6.149,0.8062,-0.0003,-0.0665,8.9526,3.6031,3.6391,-0.6261,0.0000,0.4067
6.153,0.8062,-0.0003,-0.0665,8.9216,3.5721,3.6031,-0.6261,0.0000,0.4067
6.156,0.8062,-0.0003,-0.0665,8.8956,3.5462,3.5721,-0.6261,0.0000,0.4067
6.160,0.8129,-0.0003,-0.0665,8.8897,3.5196,3.5462,-0.6468,0.0000,0.4067
6.164,0.8129,-0.0003,-0.0664,8.8548,3.4847,3.5196,-0.6468,0.0000,0.4067
6.168,0.8129,-0.0003,-0.0664,8.8267,3.4566,3.4847,-0.6468,0.0000,0.4067
6.171,0.8129,-0.0003,-0.0664,8.7998,3.4297,3.4566,-0.6468,0.0000,0.4067
6.175,0.8129,-0.0003,-0.0664,8.7632,3.3930,3.4297,-0.6468,0.0000,0.4067
6.180,0.8195,-0.0003,-0.0664,8.7488,3.3588,3.3930,-0.6648,0.0000,0.4067
6.184,0.8195,-0.0003,-0.0664,8.7139,3.3240,3.3588,-0.6648,0.0000,0.4067
6.187,0.8196,-0.0003,-0.0663,8.6872,3.2973,3.3240,-0.6648,0.0000,0.4067
6.191,0.8196,-0.0003,-0.0663,8.6594,3.2694,3.2973,-0.6648,0.0000,0.4067
6.194,0.8196,-0.0003,-0.0663,8.6328,3.2429,3.2694,-0.6648,0.0000,0.4067
6.198,0.8196,-0.0002,-0.0663,8.6034,3.2135,3.2429,-0.6648,0.0000,0.4067
6.201,0.8260,-0.0002,-0.0663,8.5962,3.1871,3.2135,-0.6812,0.0000,0.4067
6.205,0.8261,-0.0002,-0.0663,8.5652,3.1561,3.1871,-0.6812,0.0000,0.4067
6.211,0.8261,-0.0002,-0.0662,8.5228,3.1137,3.1561,-0.6812,0.0000,0.4067
6.219,0.8324,-0.0002,-0.0662,8.4766,3.0491,3.1137,-0.6955,0.0000,0.4067
6.223,0.8324,-0.0002,-0.0662,8.4431,3.0155,3.0491,-0.6955,0.0000,0.4067
6.227,0.8324,-0.0002,-0.0662,8.4152,2.9876,3.0155,-0.6955,0.0000,0.4067
6.230,0.8324,-0.0002,-0.0662,8.3877,2.9602,2.9876,-0.6955,0.0000,0.4067
6.234,0.8325,-0.0002,-0.0661,8.3590,2.9315,2.9602,-0.6955,0.0000,0.4067
6.242,0.8387,-0.0002,-0.0661,8.3142,2.8689,2.9315,-0.7072,0.0000,0.4067
6.248,0.8387,-0.0002,-0.0661,8.2686,2.8232,2.8689,-0.7072,0.0000,0.4067
6.252,0.8387,-0.0002,-0.0661,8.2427,2.7974,2.8232,-0.7072,0.0000,0.4067
6.255,0.8387,-0.0002,-0.0661,8.2183,2.7730,2.7974,-0.7072,0.0000,0.4067
6.258,0.8449,-0.0002,-0.0660,8.2114,2.7490,2.7730,-0.7166,0.0000,0.4067
6.263,0.8449,-0.0002,-0.0660,8.1810,2.7185,2.7490,-0.7166,0.0000,0.4067
6.266,0.8449,-0.0002,-0.0660,8.1549,2.6924,2.7185,-0.7166,0.0000,0.4067
6.270,0.8449,-0.0002,-0.0660,8.1298,2.6674,2.6924,-0.7166,0.0000,0.4067
6.273,0.8449,-0.0002,-0.0660,8.1050,2.6425,2.6674,-0.7166,0.0000,0.4067
6.277,0.8449,-0.0002,-0.0660,8.0817,2.6192,2.6425,-0.7166,0.0000,0.4067
6.280,0.8509,-0.0001,-0.0660,8.0728,2.5939,2.6192,-0.7260,0.0000,0.4067
6.284,0.8509,-0.0001,-0.0659,8.0447,2.5657,2.5939,-0.7260,0.0000,0.4067
6.288,0.8509,-0.0001,-0.0659,8.0170,2.5381,2.5657,-0.7260,0.0000,0.4067
6.292,0.8509,-0.0001,-0.0659,7.9925,2.5135,2.5381,-0.7260,0.0000,0.4067
6.295,0.8509,-0.0001,-0.0659,7.9687,2.4897,2.5135,-0.7260,0.0000,0.4067
6.300,0.8568,-0.0001,-0.0659,7.9546,2.4597,2.4897,-0.7345,0.0000,0.4067
6.305,0.8568,-0.0001,-0.0659,7.9182,2.4234,2.4597,-0.7345,0.0000,0.4067
6.309,0.8568,-0.0001,-0.0658,7.8921,2.3972,2.4234,-0.7345,0.0000,0.4067
6.313,0.8568,-0.0001,-0.0658,7.8694,2.3745,2.3972,-0.7345,0.0000,0.4067
6.318,0.8626,-0.0001,-0.0658,7.8606,2.3505,2.3745,-0.7398,0.0000,0.4067
6.326,0.8626,-0.0001,-0.0658,7.8471,2.3369,2.3505,-0.7398,0.0000,0.4067
6.330,0.8626,-0.0001,-0.0658,7.8451,2.3350,2.3369,-0.7398,0.0000,0.4067
6.334,0.8626,-0.0001,-0.0658,7.8474,2.3373,2.3350,-0.7398,0.0000,0.4067
6.337,0.8626,-0.0001,-0.0657,7.8526,2.3424,2.3373,-0.7398,0.0000,0.4067
6.340,0.8682,-0.0001,-0.0657,7.8757,2.3508,2.3424,-0.7406,0.0000,0.4067
6.344,0.8682,-0.0001,-0.0657,7.8896,2.3648,2.3508,-0.7406,0.0000,0.4067
6.349,0.8682,-0.0001,-0.0657,7.9127,2.3878,2.3648,-0.7406,0.0000,0.4067
6.353,0.8683,-0.0001,-0.0657,7.9327,2.4078,2.3878,-0.7406,0.0000,0.4067
6.356,0.8683,-0.0001,-0.0657,7.9530,2.4281,2.4078,-0.7406,0.0000,0.4067
6.359,0.8738,-0.0001,-0.0657,7.9905,2.4515,2.4281,-0.7366,0.0000,0.4067
6.364,0.8738,-0.0001,-0.0656,8.0262,2.4872,2.4515,-0.7366,0.0000,0.4067
6.368,0.8738,-0.0001,-0.0656,8.0516,2.5126,2.4872,-0.7366,0.0000,0.4067
6.371,0.8738,-0.0001,-0.0656,8.0730,2.5340,2.5126,-0.7366,0.0000,0.4067
6.374,0.8738,-0.0001,-0.0656,8.0927,2.5537,2.5340,-0.7366,0.0000,0.4067
6.379,0.8792,-0.0001,-0.0656,8.1293,2.5768,2.5537,-0.7304,0.0000,0.4067
6.383,0.8792,-0.0001,-0.0656,8.1521,2.5995,2.5768,-0.7304,0.0000,0.4067
6.386,0.8792,-0.0001,-0.0656,8.1689,2.6164,2.5995,-0.7304,0.0000,0.4067
6.393,0.8792,-0.0001,-0.0656,8.1987,2.6462,2.6164,-0.7304,0.0000,0.4067
6.400,0.8846,-0.0001,-0.0655,8.2343,2.6688,2.6462,-0.7220,0.0000,0.4067
6.404,0.8846,-0.0001,-0.0655,8.2497,2.6842,2.6688,-0.7220,0.0000,0.4067
6.409,0.8846,-0.0001,-0.0655,8.2632,2.6977,2.6842,-0.7220,0.0000,0.4067
6.413,0.8846,-0.0001,-0.0655,8.2733,2.7078,2.6977,-0.7220,0.0000,0.4067
6.417,0.8846,-0.0001,-0.0655,8.2817,2.7162,2.7078,-0.7220,0.0000,0.4067
6.420,0.8897,-0.0001,-0.0654,8.3014,2.7235,2.7162,-0.7108,0.0000,0.4067
6.426,0.8897,-0.0001,-0.0654,8.3100,2.7321,2.7235,-0.7108,0.0000,0.4067
6.433,0.8897,-0.0001,-0.0654,8.3166,2.7387,2.7321,-0.7108,0.0000,0.4067
6.438,0.8897,-0.0001,-0.0654,8.3184,2.7405,2.7387,-0.7108,0.0000,0.4067
6.442,0.8948,-0.0001,-0.0654,8.3303,2.7405,2.7405,-0.6939,0.0000,0.4067
6.446,0.8948,-0.0001,-0.0654,8.3285,2.7387,2.7405,-0.6939,0.0000,0.4067
6.450,0.8948,-0.0001,-0.0654,8.3258,2.7360,2.7387,-0.6939,0.0000,0.4067
6.453,0.8948,-0.0001,-0.0653,8.3226,2.7328,2.7360,-0.6939,0.0000,0.4067
6.457,0.8948,-0.0001,-0.0653,8.3184,2.7286,2.7328,-0.6939,0.0000,0.4067
6.460,0.8997,0.0000,-0.0653,8.3246,2.7236,2.7286,-0.6725,0.0000,0.4067
6.464,0.8997,0.0000,-0.0653,8.3164,2.7154,2.7236,-0.6725,0.0000,0.4067
6.468,0.8997,0.0000,-0.0653,8.3086,2.7075,2.7154,-0.6725,0.0000,0.4067
6.472,0.8997,0.0000,-0.0653,8.2989,2.6979,2.7075,-0.6725,0.0000,0.4067
6.476,0.8997,0.0000,-0.0653,8.2893,2.6883,2.6979,-0.6725,0.0000,0.4067
6.479,0.9045,0.0000,-0.0653,8.2898,2.6779,2.6883,-0.6469,0.0000,0.4067
6.484,0.9045,0.0000,-0.0652,8.2782,2.6663,2.6779,-0.6469,0.0000,0.4067
6.487,0.9045,0.0000,-0.0652,8.2686,2.6567,2.6663,-0.6469,0.0000,0.4067
6.491,0.9045,0.0000,-0.0652,8.2585,2.6466,2.6567,-0.6469,0.0000,0.4067
6.494,0.9046,0.0000,-0.0652,8.2485,2.6366,2.6466,-0.6469,0.0000,0.4067
6.498,0.9046,0.0000,-0.0652,8.2370,2.6251,2.6366,-0.6469,0.0000,0.4067
6.501,0.9092,0.0000,-0.0652,8.2356,2.6135,2.6251,-0.6179,0.0000,0.4067
6.507,0.9092,0.0000,-0.0652,8.2182,2.5961,2.6135,-0.6179,0.0000,0.4067
6.511,0.9092,0.0000,-0.0652,8.2055,2.5834,2.5961,-0.6179,0.0000,0.4067
6.516,0.9092,0.0000,-0.0651,8.1886,2.5665,2.5834,-0.6179,0.0000,0.4067
6.520,0.9138,0.0000,-0.0651,8.1861,2.5543,2.5665,-0.5872,0.0000,0.4067
6.524,0.9138,0.0000,-0.0651,8.1719,2.5400,2.5543,-0.5872,0.0000,0.4067
6.527,0.9138,0.0000,-0.0651,8.1607,2.5289,2.5400,-0.5872,0.0000,0.4067
6.531,0.9138,0.0000,-0.0651,8.1483,2.5165,2.5289,-0.5872,0.0000,0.4067
6.536,0.9138,0.0000,-0.0651,8.1327,2.5009,2.5165,-0.5872,0.0000,0.4067
6.543,0.9182,0.0000,-0.0651,8.1167,2.4758,2.5009,-0.5555,0.0000,0.4067
6.551,0.9182,0.0000,-0.0651,8.0848,2.4438,2.4758,-0.5555,0.0000,0.4067
6.556,0.9182,0.0000,-0.0650,8.0677,2.4267,2.4438,-0.5555,0.0000,0.4067
6.560,0.9224,0.0000,-0.0650,8.0642,2.4146,2.4267,-0.5205,0.0000,0.4067
6.564,0.9224,0.0000,-0.0650,8.0466,2.3970,2.4146,-0.5205,0.0000,0.4067
6.568,0.9224,0.0000,-0.0650,8.0327,2.3831,2.3970,-0.5205,0.0000,0.4067
6.571,0.9224,0.0000,-0.0650,8.0198,2.3703,2.3831,-0.5205,0.0000,0.4067
6.575,0.9224,0.0000,-0.0650,8.0063,2.3567,2.3703,-0.5205,0.0000,0.4067
6.578,0.9224,0.0000,-0.0650,7.9933,2.3437,2.3567,-0.5205,0.0000,0.4067
6.583,0.9266,0.0000,-0.0649,7.9816,2.3240,2.3437,-0.4850,0.0000,0.4067
6.587,0.9266,0.0000,-0.0649,7.9638,2.3062,2.3240,-0.4850,0.0000,0.4067
6.590,0.9266,0.0000,-0.0649,7.9497,2.2921,2.3062,-0.4850,0.0000,0.4067
6.593,0.9266,0.0000,-0.0649,7.9354,2.2778,2.2921,-0.4850,0.0000,0.4067
6.597,0.9266,0.0000,-0.0649,7.9182,2.2606,2.2778,-0.4850,0.0000,0.4067
6.601,0.9306,0.0000,-0.0649,7.9101,2.2450,2.2606,-0.4490,0.0000,0.4067
6.605,0.9306,0.0000,-0.0649,7.8917,2.2266,2.2450,-0.4490,0.0000,0.4067
6.608,0.9306,0.0000,-0.0649,7.8764,2.2113,2.2266,-0.4490,0.0000,0.4067
6.613,0.9306,0.0000,-0.0649,7.8554,2.1903,2.2113,-0.4490,0.0000,0.4067
6.617,0.9306,0.0000,-0.0649,7.8374,2.1723,2.1903,-0.4490,0.0000,0.4067
6.620,0.9345,0.0000,-0.0648,7.8293,2.1573,2.1723,-0.4133,0.0000,0.4067
6.624,0.9345,0.0000,-0.0648,7.8117,2.1396,2.1573,-0.4133,0.0000,0.4067
6.628,0.9345,0.0000,-0.0648,7.7948,2.1228,2.1396,-0.4133,0.0000,0.4067
6.632,0.9345,0.0000,-0.0648,7.7766,2.1045,2.1228,-0.4133,0.0000,0.4067
6.636,0.9345,0.0000,-0.0648,7.7613,2.0893,2.1045,-0.4133,0.0000,0.4067
6.639,0.9382,0.0000,-0.0648,7.7528,2.0744,2.0893,-0.3766,0.0000,0.4067
6.646,0.9382,0.0000,-0.0648,7.7251,2.0467,2.0744,-0.3766,0.0000,0.4067
6.653,0.9382,0.0000,-0.0648,7.6934,2.0150,2.0467,-0.3766,0.0000,0.4067
6.657,0.9382,0.0000,-0.0647,7.6786,2.0002,2.0150,-0.3766,0.0000,0.4067
6.661,0.9418,0.0000,-0.0647,7.6672,1.9830,2.0002,-0.3401,0.0000,0.4067
6.666,0.9418,0.0000,-0.0647,7.6469,1.9626,1.9830,-0.3401,0.0000,0.4067
6.669,0.9418,0.0000,-0.0647,7.6323,1.9480,1.9626,-0.3401,0.0000,0.4067
6.674,0.9418,0.0000,-0.0647,7.6125,1.9283,1.9480,-0.3401,0.0000,0.4067
6.679,0.9453,0.0000,-0.0647,7.6004,1.9108,1.9283,-0.3036,0.0000,0.4067
6.684,0.9453,0.0000,-0.0647,7.5812,1.8916,1.9108,-0.3036,0.0000,0.4067
6.688,0.9453,0.0000,-0.0647,7.5643,1.8747,1.8916,-0.3036,0.0000,0.4067
6.692,0.9454,0.0000,-0.0647,7.5487,1.8591,1.8747,-0.3036,0.0000,0.4067
6.697,0.9457,0.0003,-0.0646,7.5313,1.8417,1.8591,-0.3036,0.0000,0.4067
6.706,0.9510,0.0023,-0.0646,7.5003,1.8059,1.8417,-0.2645,0.0000,0.4067
6.714,0.9545,0.0057,-0.0646,7.4714,1.7769,1.8059,-0.2645,0.0000,0.4067
6.718,0.9608,0.0088,-0.0646,7.4593,1.7605,1.7769,-0.2241,0.0000,0.4067
6.723,0.9654,0.0134,-0.0646,7.4408,1.7419,1.7605,-0.2241,0.0000,0.4067
6.727,0.9701,0.0181,-0.0646,7.4260,1.7271,1.7419,-0.2241,0.0000,0.4067
6.732,0.9763,0.0243,-0.0646,7.4095,1.7106,1.7271,-0.2241,0.0000,0.4067
6.736,0.9829,0.0309,-0.0645,7.3948,1.6959,1.7106,-0.2241,0.0000,0.4067
6.741,0.9957,0.0405,-0.0645,7.3802,1.6774,1.6959,-0.1834,0.0000,0.4067
6.745,1.0051,0.0500,-0.0645,7.3643,1.6615,1.6774,-0.1834,0.0000,0.4067
6.749,1.0151,0.0599,-0.0645,7.3494,1.6466,1.6615,-0.1834,0.0000,0.4067
6.755,1.0314,0.0763,-0.0645,7.3278,1.6249,1.6466,-0.1834,0.0000,0.4067
6.764,1.0641,0.1059,-0.0645,7.2984,1.5921,1.6249,-0.1419,0.0000,0.4067
6.771,1.0931,0.1349,-0.0644,7.2715,1.5652,1.5921,-0.1419,0.0000,0.4067
6.776,1.1115,0.1533,-0.0643,7.2565,1.5502,1.5652,-0.1419,0.0000,0.4067
6.780,1.1351,0.1740,-0.0643,7.2440,1.5347,1.5502,-0.1010,0.0000,0.4067
6.785,1.1594,0.1983,-0.0642,7.2273,1.5180,1.5347,-0.1010,0.0000,0.4067
6.790,1.1815,0.2204,-0.0642,7.2133,1.5039,1.5180,-0.1010,0.0000,0.4067
6.794,1.2048,0.2436,-0.0641,7.1996,1.4902,1.5039,-0.1010,0.0000,0.4067
6.800,1.2376,0.2736,-0.0640,7.1856,1.4737,1.4902,-0.0590,0.0000,0.4067
6.806,1.2735,0.3095,-0.0640,7.1674,1.4555,1.4737,-0.0590,0.0000,0.4067
6.811,1.3063,0.3423,-0.0639,7.1519,1.4400,1.4555,-0.0590,0.0000,0.4067
6.818,1.3549,0.3882,-0.0638,7.1343,1.4201,1.4400,-0.0066,0.0000,0.4067
6.823,1.3890,0.4223,-0.0636,7.1205,1.4063,1.4201,-0.0066,0.0000,0.4067
6.828,1.4201,0.4533,-0.0635,7.1087,1.3944,1.4063,-0.0066,0.0000,0.4067
6.832,1.4505,0.4838,-0.0634,7.0976,1.3833,1.3944,-0.0066,0.0000,0.4067
6.836,1.4756,0.5088,-0.0633,7.0888,1.3746,1.3833,-0.0066,0.0000,0.4067
6.839,1.5047,0.5354,-0.0632,7.0819,1.3657,1.3746,0.0603,0.0000,0.4067
6.844,1.5352,0.5659,-0.0631,7.0721,1.3559,1.3657,0.0603,0.0000,0.4067
6.849,1.5780,0.6087,-0.0630,7.0589,1.3427,1.3559,0.0603,0.0000,0.4067
6.860,1.6669,0.6950,-0.0628,7.0360,1.3183,1.3427,0.1401,0.0000,0.4067
6.871,1.7531,0.7813,-0.0624,7.0133,1.2955,1.3183,0.1401,0.0000,0.4067
6.875,1.7898,0.8179,-0.0620,7.0040,1.2862,1.2955,0.1401,0.0000,0.4067
6.881,1.8406,0.8663,-0.0618,6.9929,1.2742,1.2862,0.2199,0.0000,0.4067
6.887,1.8851,0.9108,-0.0616,6.9821,1.2634,1.2742,0.2199,0.0000,0.4067
6.891,1.9185,0.9442,-0.0613,6.9741,1.2554,1.2634,0.2199,0.0000,0.4067
6.896,1.9641,0.9898,-0.0611,6.9633,1.2446,1.2554,0.2199,0.0000,0.4067
6.902,2.0135,1.0367,-0.0609,6.9528,1.2337,1.2446,0.2953,0.0000,0.4067
6.910,2.0782,1.1014,-0.0606,6.9379,1.2188,1.2337,0.2953,0.0000,0.4067
6.915,2.1236,1.1468,-0.0602,6.9279,1.2087,1.2188,0.2953,0.0000,0.4067
6.920,2.1667,1.1874,-0.0599,6.9192,1.2002,1.2087,0.3943,0.0000,0.4067
6.925,2.2127,1.2334,-0.0596,6.9098,1.1908,1.2002,0.3943,0.0000,0.4067
6.930,2.2528,1.2735,-0.0593,6.9020,1.1830,1.1908,0.3943,0.0000,0.4067
6.935,2.2945,1.3152,-0.0590,6.8943,1.1753,1.1830,0.3943,0.0000,0.4067
6.940,2.3381,1.3562,-0.0587,6.8862,1.1679,1.1753,0.5390,0.0000,0.4067
6.946,2.3844,1.4026,-0.0584,6.8782,1.1599,1.1679,0.5390,0.0000,0.4067
6.951,2.4274,1.4455,-0.0580,6.8710,1.1527,1.1599,0.5390,0.0000,0.4067
6.956,2.4666,1.4848,-0.0576,6.8647,1.1464,1.1527,0.5390,0.0000,0.4067
6.961,2.5073,1.5227,-0.0573,6.8572,1.1405,1.1464,0.6875,0.0000,0.4067
6.968,2.5657,1.5811,-0.0570,6.8486,1.1319,1.1405,0.6875,0.0000,0.4067
6.977,2.6367,1.6521,-0.0564,6.8383,1.1216,1.1319,0.6875,0.0000,0.4067
6.982,2.6718,1.6842,-0.0557,6.8315,1.1170,1.1216,0.8193,0.0000,0.4067
6.986,2.7033,1.7157,-0.0554,6.8271,1.1126,1.1170,0.8193,0.0000,0.4067
6.990,2.7299,1.7423,-0.0550,6.8234,1.1090,1.1126,0.8193,0.0000,0.4067
6.994,2.7578,1.7702,-0.0547,6.8197,1.1052,1.1090,0.8193,0.0000,0.4067
6.999,2.7892,1.7984,-0.0544,6.8129,1.1015,1.1052,0.9367,0.0000,0.4067
7.014,2.8863,1.8955,-0.0541,6.8008,1.0894,1.1015,0.9367,0.0000,0.4067
7.024,2.9465,1.9517,-0.0528,6.7888,1.0818,1.0894,1.0941,0.0000,0.4067
7.030,2.9800,1.9852,-0.0519,6.7840,1.0769,1.0818,1.0941,0.0000,0.4067
7.034,3.0010,2.0063,-0.0514,6.7808,1.0738,1.0769,1.0941,0.0000,0.4067
7.038,3.0281,2.0286,-0.0510,6.7717,1.0702,1.0738,1.2682,0.0000,0.4067
7.043,3.0498,2.0503,-0.0506,6.7682,1.0667,1.0702,1.2682,0.0000,0.4067
7.047,3.0712,2.0717,-0.0502,6.7646,1.0631,1.0667,1.2682,0.0000,0.4067
7.051,3.0898,2.0904,-0.0498,6.7613,1.0598,1.0631,1.2682,0.0000,0.4067
7.055,3.1053,2.1059,-0.0495,6.7584,1.0570,1.0598,1.2682,0.0000,0.4067
7.058,3.1202,2.1207,-0.0492,6.7558,1.0543,1.0570,1.2682,0.0000,0.4067
7.061,3.1405,2.1353,-0.0489,6.7463,1.0517,1.0543,1.4583,0.0000,0.4067
7.066,3.1609,2.1557,-0.0485,6.7427,1.0481,1.0517,1.4583,0.0000,0.4067
7.071,3.1826,2.1774,-0.0481,6.7390,1.0444,1.0481,1.4583,0.0000,0.4067
7.078,3.2169,2.2068,-0.0476,6.7282,1.0395,1.0444,1.5671,0.0000,0.4067
7.083,3.2342,2.2240,-0.0469,6.7252,1.0365,1.0395,1.5671,0.0000,0.4067
7.086,3.2469,2.2367,-0.0465,6.7232,1.0345,1.0365,1.5671,0.0000,0.4067
7.089,3.2592,2.2490,-0.0462,6.7212,1.0325,1.0345,1.5671,0.0000,0.4067
7.093,3.2710,2.2608,-0.0459,6.7193,1.0306,1.0325,1.5671,0.0000,0.4067
7.097,3.2874,2.2773,-0.0456,6.7166,1.0279,1.0306,1.5671,0.0000,0.4067
7.101,3.3054,2.2899,-0.0451,6.7091,1.0260,1.0279,1.6595,0.0000,0.4067
7.105,3.3185,2.3030,-0.0448,6.7071,1.0240,1.0260,1.6595,0.0000,0.4067
7.109,3.3307,2.3153,-0.0444,6.7052,1.0220,1.0240,1.6595,0.0000,0.4067
7.113,3.3450,2.3295,-0.0441,6.7031,1.0200,1.0220,1.6595,0.0000,0.4067
7.117,3.3586,2.3431,-0.0436,6.7011,1.0179,1.0200,1.6595,0.0000,0.4067
7.121,3.3810,2.3542,-0.0432,6.6900,1.0163,1.0179,1.9187,0.0000,0.4067
7.125,3.3939,2.3671,-0.0429,6.6882,1.0145,1.0163,1.9187,0.0000,0.4067
7.129,3.4059,2.3791,-0.0424,6.6865,1.0128,1.0145,1.9187,0.0000,0.4067
7.133,3.4168,2.3900,-0.0420,6.6851,1.0113,1.0128,1.9187,0.0000,0.4067
7.136,3.4260,2.3992,-0.0417,6.6839,1.0102,1.0113,1.9187,0.0000,0.4067
7.140,3.4368,2.4082,-0.0413,6.6794,1.0089,1.0102,1.8805,0.0000,0.4067
7.144,3.4493,2.4206,-0.0410,6.6777,1.0072,1.0089,1.8805,0.0000,0.4067
7.148,3.4595,2.4309,-0.0406,6.6763,1.0058,1.0072,1.8805,0.0000,0.4067
7.152,3.4679,2.4393,-0.0402,6.6751,1.0046,1.0058,1.8805,0.0000,0.4067
7.155,3.4762,2.4476,-0.0399,6.6740,1.0035,1.0046,1.8805,0.0000,0.4067
7.158,3.4785,2.4561,-0.0395,6.6736,1.0023,1.0035,1.6592,0.0000,0.4067
7.167,3.4985,2.4761,-0.0392,6.6702,0.9989,1.0023,1.6592,0.0000,0.4067
7.171,3.5089,2.4864,-0.0384,6.6680,0.9968,0.9989,1.6592,0.0000,0.4067
7.175,3.5172,2.4948,-0.0379,6.6662,0.9949,0.9968,1.6592,0.0000,0.4067
7.181,3.5342,2.5073,-0.0375,6.6550,0.9919,0.9949,1.6586,0.0000,0.4067
7.189,3.5508,2.5239,-0.0370,6.6508,0.9876,0.9919,1.6586,0.0000,0.4067
7.192,3.5578,2.5309,-0.0362,6.6489,0.9858,0.9876,1.6586,0.0000,0.4067
7.196,3.5648,2.5379,-0.0358,6.6472,0.9840,0.9858,1.6586,0.0000,0.4067
7.200,3.5968,2.5447,-0.0355,6.6182,0.9822,0.9840,2.0184,0.0000,0.4067
7.203,3.6040,2.5518,-0.0351,6.6164,0.9804,0.9822,2.0184,0.0000,0.4067
7.208,3.6123,2.5602,-0.0347,6.6142,0.9782,0.9804,2.0184,0.0000,0.4067
7.213,3.6207,2.5685,-0.0343,6.6118,0.9758,0.9782,2.0184,0.0000,0.4067
7.217,3.6277,2.5756,-0.0338,6.6100,0.9740,0.9758,2.0184,0.0000,0.4067
7.220,3.6118,2.5816,-0.0334,6.6204,0.9724,0.9740,1.5955,0.0000,0.4067
7.225,3.6187,2.5886,-0.0331,6.6187,0.9707,0.9724,1.5955,0.0000,0.4067
7.229,3.6255,2.5953,-0.0326,6.6170,0.9690,0.9707,1.5955,0.0000,0.4067
7.233,3.6322,2.6021,-0.0322,6.6153,0.9673,0.9690,1.5955,0.0000,0.4067
7.238,3.6570,2.6094,-0.0318,6.5865,0.9654,0.9673,1.7835,0.0000,0.4067
7.243,3.6636,2.6159,-0.0313,6.5848,0.9637,0.9654,1.7835,0.0000,0.4067
7.246,3.6688,2.6212,-0.0309,6.5835,0.9624,0.9637,1.7835,0.0000,0.4067
7.250,3.6738,2.6261,-0.0305,6.5822,0.9611,0.9624,1.7835,0.0000,0.4067
7.253,3.6787,2.6310,-0.0302,6.5809,0.9598,0.9611,1.7835,0.0000,0.4067
7.257,3.6832,2.6356,-0.0298,6.5798,0.9587,0.9598,1.7835,0.0000,0.4067
7.260,3.6644,2.6399,-0.0295,6.5933,0.9575,0.9587,1.3830,0.0000,0.4067
7.264,3.6698,2.6453,-0.0292,6.5918,0.9561,0.9575,1.3830,0.0000,0.4067
7.268,3.6751,2.6506,-0.0288,6.5904,0.9546,0.9561,1.3830,0.0000,0.4067
7.272,3.6797,2.6551,-0.0284,6.5893,0.9535,0.9546,1.3830,0.0000,0.4067
7.276,3.6837,2.6592,-0.0280,6.5882,0.9524,0.9535,1.3830,0.0000,0.4067
7.279,3.7013,2.6632,-0.0277,6.5595,0.9514,0.9524,1.5033,0.0000,0.4067
7.283,3.7062,2.6681,-0.0274,6.5581,0.9501,0.9514,1.5033,0.0000,0.4067
7.288,3.7113,2.6733,-0.0269,6.5567,0.9486,0.9501,1.5033,0.0000,0.4067
7.295,3.7187,2.6807,-0.0265,6.5540,0.9459,0.9486,1.5033,0.0000,0.4067
7.299,3.7359,2.6851,-0.0259,6.5231,0.9441,0.9459,1.6304,0.0000,0.4067
7.304,3.7409,2.6900,-0.0254,6.5209,0.9419,0.9441,1.6304,0.0000,0.4067
7.308,3.7446,2.6937,-0.0250,6.5191,0.9401,0.9419,1.6304,0.0000,0.4067
7.311,3.7480,2.6972,-0.0246,6.5175,0.9385,0.9401,1.6304,0.0000,0.4067
7.319,3.7651,2.7043,-0.0243,6.4866,0.9350,0.9385,1.7387,0.0000,0.4067
7.324,3.7699,2.7090,-0.0236,6.4839,0.9323,0.9350,1.7387,0.0000,0.4067
7.327,3.7727,2.7118,-0.0231,6.4826,0.9310,0.9323,1.7387,0.0000,0.4067
7.332,3.7769,2.7161,-0.0228,6.4801,0.9285,0.9310,1.7387,0.0000,0.4067
7.336,3.7800,2.7191,-0.0223,6.4785,0.9268,0.9285,1.7387,0.0000,0.4067
7.339,3.7759,2.7220,-0.0220,6.4758,0.9252,0.9268,1.5930,0.0000,0.4067
7.343,3.7788,2.7249,-0.0216,6.4743,0.9236,0.9252,1.5930,0.0000,0.4067
7.347,3.7817,2.7278,-0.0213,6.4728,0.9222,0.9236,1.5930,0.0000,0.4067
7.350,3.7844,2.7305,-0.0209,6.4713,0.9206,0.9222,1.5930,0.0000,0.4067
7.354,3.7869,2.7330,-0.0206,6.4697,0.9191,0.9206,1.5930,0.0000,0.4067
7.357,3.7893,2.7354,-0.0203,6.4685,0.9179,0.9191,1.5930,0.0000,0.4067
7.360,3.7717,2.7377,-0.0200,6.4935,0.9166,0.9179,1.2167,0.0000,0.4067
7.365,3.7754,2.7413,-0.0197,6.4915,0.9145,0.9166,1.2167,0.0000,0.4067
7.369,3.7778,2.7438,-0.0192,6.4898,0.9129,0.9145,1.2167,0.0000,0.4067
7.372,3.7801,2.7460,-0.0189,6.4886,0.9116,0.9129,1.2167,0.0000,0.4067
7.376,3.7822,2.7482,-0.0186,6.4873,0.9103,0.9116,1.2167,0.0000,0.4067
7.380,3.7978,2.7506,-0.0183,6.4424,0.9088,0.9103,1.4265,0.0000,0.4067
7.384,3.8003,2.7531,-0.0179,6.4407,0.9071,0.9088,1.4265,0.0000,0.4067
7.387,3.8022,2.7550,-0.0176,6.4397,0.9060,0.9071,1.4265,0.0000,0.4067
7.391,3.8048,2.7576,-0.0173,6.4382,0.9045,0.9060,1.4265,0.0000,0.4067
7.399,3.8192,2.7624,-0.0169,6.3960,0.9013,0.9045,1.6135,0.0000,0.4067
7.404,3.8214,2.7647,-0.0162,6.3946,0.8999,0.9013,1.6135,0.0000,0.4067
7.407,3.8233,2.7665,-0.0158,6.3933,0.8987,0.8999,1.6135,0.0000,0.4067
7.410,3.8250,2.7683,-0.0155,6.3920,0.8974,0.8987,1.6135,0.0000,0.4067
7.414,3.8271,2.7703,-0.0152,6.3904,0.8957,0.8974,1.6135,0.0000,0.4067
7.418,3.8347,2.7722,-0.0148,6.3571,0.8938,0.8957,1.7575,0.0000,0.4067
7.422,3.8367,2.7742,-0.0145,6.3549,0.8916,0.8938,1.7575,0.0000,0.4067
7.426,3.8384,2.7759,-0.0141,6.3531,0.8898,0.8916,1.7575,0.0000,0.4067
7.429,3.8401,2.7777,-0.0138,6.3510,0.8877,0.8898,1.7575,0.0000,0.4067
7.433,3.8417,2.7793,-0.0135,6.3490,0.8857,0.8877,1.7575,0.0000,0.4067
7.436,3.8432,2.7808,-0.0132,6.3472,0.8839,0.8857,1.7575,0.0000,0.4067
7.440,3.8348,2.7826,-0.0129,6.3864,0.8817,0.8839,1.3687,0.0000,0.4067
7.444,3.8365,2.7843,-0.0126,6.3844,0.8796,0.8817,1.3687,0.0000,0.4067
7.448,3.8381,2.7859,-0.0122,6.3826,0.8779,0.8796,1.3687,0.0000,0.4067
7.451,3.8395,2.7873,-0.0119,6.3809,0.8762,0.8779,1.3687,0.0000,0.4067
7.455,3.8408,2.7886,-0.0116,6.3791,0.8744,0.8762,1.3687,0.0000,0.4067
7.458,3.8358,2.7899,-0.0113,6.4162,0.8724,0.8744,1.0011,0.0000,0.4067
7.462,3.8373,2.7914,-0.0110,6.4139,0.8702,0.8724,1.0011,0.0000,0.4067
7.470,3.8403,2.7944,-0.0107,6.4100,0.8663,0.8702,1.0011,0.0000,0.4067
7.475,3.8422,2.7963,-0.0100,6.4069,0.8632,0.8663,1.0011,0.0000,0.4067
7.479,3.8460,2.7977,-0.0096,6.3777,0.8611,0.8632,1.1246,0.0000,0.4067
7.483,3.8379,2.7896,-0.0092,6.3756,0.8590,0.8611,1.1246,0.0000,0.4067
7.487,3.8266,2.7782,-0.0089,6.3740,0.8574,0.8590,1.1246,0.0000,0.4067
7.490,3.8156,2.7673,-0.0086,6.3726,0.8560,0.8574,1.1246,0.0000,0.4067
7.493,3.8047,2.7564,-0.0084,6.3712,0.8546,0.8560,1.1246,0.0000,0.4067
7.498,3.7887,2.7403,-0.0081,6.3685,0.8519,0.8546,1.1246,0.0000,0.4067
7.506,3.7627,2.7129,-0.0077,6.3424,0.8479,0.8519,1.2311,0.0000,0.4067
7.510,3.7487,2.6989,-0.0071,6.3401,0.8456,0.8479,1.2311,0.0000,0.4067
7.514,3.7362,2.6864,-0.0068,6.3375,0.8429,0.8456,1.2311,0.0000,0.4067
7.517,3.7246,2.6748,-0.0065,6.3351,0.8406,0.8429,1.2311,0.0000,0.4067
7.521,3.7155,2.6624,-0.0062,6.3452,0.8382,0.8406,1.1022,0.0000,0.4067
7.525,3.7017,2.6486,-0.0060,6.3427,0.8357,0.8382,1.1022,0.0000,0.4067
7.529,3.6894,2.6364,-0.0057,6.3405,0.8335,0.8357,1.1022,0.0000,0.4067
7.534,3.6719,2.6188,-0.0054,6.3366,0.8296,0.8335,1.1022,0.0000,0.4067
7.539,3.6619,2.6042,-0.0050,6.3447,0.8256,0.8296,0.9825,0.0000,0.4067
7.543,3.6482,2.5905,-0.0047,6.3420,0.8228,0.8256,0.9825,0.0000,0.4067
7.546,3.6365,2.5788,-0.0044,6.3390,0.8199,0.8228,0.9825,0.0000,0.4067
7.550,3.6246,2.5669,-0.0042,6.3368,0.8177,0.8199,0.9825,0.0000,0.4067
7.553,3.6141,2.5564,-0.0039,6.3343,0.8152,0.8177,0.9825,0.0000,0.4067
7.557,3.6037,2.5460,-0.0037,6.3319,0.8128,0.8152,0.9825,0.0000,0.4067
7.560,3.5989,2.5357,-0.0035,6.3418,0.8105,0.8128,0.8654,0.0000,0.4067
7.565,3.5827,2.5194,-0.0033,6.3384,0.8070,0.8105,0.8654,0.0000,0.4067
7.568,3.5712,2.5080,-0.0030,6.3360,0.8047,0.8070,0.8654,0.0000,0.4067
7.572,3.5606,2.4974,-0.0027,6.3340,0.8026,0.8047,0.8654,0.0000,0.4067
7.575,3.5500,2.4868,-0.0025,6.3320,0.8007,0.8026,0.8654,0.0000,0.4067
7.579,3.5385,2.4753,-0.0023,6.3212,0.7978,0.8007,0.9511,0.0000,0.4067
7.583,3.5250,2.4618,-0.0021,6.3179,0.7945,0.7978,0.9511,0.0000,0.4067
7.586,3.5146,2.4513,-0.0018,6.3155,0.7921,0.7945,0.9511,0.0000,0.4067
7.590,3.5042,2.4410,-0.0017,6.3123,0.7889,0.7921,0.9511,0.0000,0.4067
7.593,3.4942,2.4310,-0.0015,6.3109,0.7875,0.7889,0.9511,0.0000,0.4067
7.598,3.4796,2.4163,-0.0013,6.3079,0.7845,0.7875,0.9511,0.0000,0.4067
7.603,3.4726,2.4012,-0.0010,6.3202,0.7815,0.7845,0.8057,0.0000,0.4067
7.610,3.4481,2.3767,-0.0007,6.3138,0.7751,0.7815,0.8057,0.0000,0.4067
7.614,3.4358,2.3644,-0.0003,6.3108,0.7721,0.7751,0.8057,0.0000,0.4067
7.621,3.4232,2.3431,-0.0001,6.3204,0.7671,0.7721,0.6550,0.0000,0.4067
7.627,3.4044,2.3244,0.0002,6.3146,0.7614,0.7671,0.6550,0.0000,0.4067
7.632,3.3920,2.3119,0.0006,6.3120,0.7588,0.7614,0.6550,0.0000,0.4067
7.635,3.3815,2.3014,0.0008,6.3090,0.7558,0.7588,0.6550,0.0000,0.4067
7.638,3.3709,2.2913,0.0009,6.3090,0.7530,0.7558,0.7230,0.0000,0.4067
7.643,3.3573,2.2778,0.0011,6.3066,0.7506,0.7530,0.7230,0.0000,0.4067
7.648,3.3438,2.2643,0.0013,6.3030,0.7470,0.7506,0.7230,0.0000,0.4067
7.651,3.3339,2.2543,0.0015,6.3005,0.7445,0.7470,0.7230,0.0000,0.4067
7.654,3.3242,2.2447,0.0017,6.2972,0.7412,0.7445,0.7230,0.0000,0.4067
7.658,3.3121,2.2326,0.0018,6.3001,0.7384,0.7412,0.7730,0.0000,0.4067
7.663,3.2983,2.2188,0.0020,6.2970,0.7353,0.7384,0.7730,0.0000,0.4067
7.667,3.2880,2.2085,0.0022,6.2937,0.7320,0.7353,0.7730,0.0000,0.4067
7.670,3.2781,2.1987,0.0023,6.2917,0.7299,0.7320,0.7730,0.0000,0.4067
7.674,3.2676,2.1881,0.0025,6.2896,0.7278,0.7299,0.7730,0.0000,0.4067
7.677,3.2582,2.1787,0.0026,6.2878,0.7260,0.7278,0.7730,0.0000,0.4067
7.681,3.2552,2.1683,0.0028,6.2976,0.7241,0.7260,0.6124,0.0000,0.4067
7.685,3.2438,2.1569,0.0029,6.2943,0.7208,0.7241,0.6124,0.0000,0.4067
7.688,3.2338,2.1469,0.0031,6.2916,0.7181,0.7208,0.6124,0.0000,0.4067
7.692,3.2240,2.1371,0.0032,6.2889,0.7154,0.7181,0.6124,0.0000,0.4067
7.695,3.2143,2.1274,0.0033,6.2852,0.7117,0.7154,0.6124,0.0000,0.4067
7.699,3.2036,2.1165,0.0035,6.2895,0.7077,0.7117,0.6281,0.0000,0.4067
7.704,3.1904,2.1033,0.0036,6.2848,0.7029,0.7077,0.6281,0.0000,0.4067
7.709,3.1763,2.0892,0.0038,6.2799,0.6981,0.7029,0.6281,0.0000,0.4067
7.717,3.1548,2.0677,0.0040,6.2728,0.6910,0.6981,0.6281,0.0000,0.4067
7.721,3.1558,2.0569,0.0042,6.2801,0.6876,0.6910,0.2596,0.0000,0.4067
7.725,3.1435,2.0446,0.0043,6.2763,0.6838,0.6876,0.2596,0.0000,0.4067
7.729,3.1323,2.0334,0.0045,6.2744,0.6820,0.6838,0.2596,0.0000,0.4067
7.734,3.1185,2.0196,0.0046,6.2705,0.6780,0.6820,0.2596,0.0000,0.4067
7.740,3.1036,2.0053,0.0048,6.2755,0.6741,0.6780,0.2593,0.0000,0.4067
7.744,3.0916,1.9932,0.0049,6.2705,0.6691,0.6741,0.2593,0.0000,0.4067
7.749,3.0792,1.9809,0.0051,6.2656,0.6641,0.6691,0.2593,0.0000,0.4067
7.753,3.0692,1.9708,0.0052,6.2617,0.6602,0.6641,0.2593,0.0000,0.4067
7.756,3.0603,1.9620,0.0053,6.2583,0.6568,0.6602,0.2593,0.0000,0.4067
7.759,3.0511,1.9535,0.0054,6.2654,0.6550,0.6568,0.2392,0.0000,0.4067
7.764,3.0400,1.9423,0.0055,6.2613,0.6509,0.6550,0.2392,0.0000,0.4067
7.768,3.0282,1.9305,0.0056,6.2571,0.6467,0.6509,0.2392,0.0000,0.4067
7.776,3.0092,1.9116,0.0057,6.2507,0.6403,0.6467,0.2392,0.0000,0.4067
7.781,2.9969,1.8978,0.0059,6.2531,0.6359,0.6403,0.0485,0.0000,0.4067
7.785,2.9870,1.8879,0.0060,6.2499,0.6327,0.6359,0.0485,0.0000,0.4067
7.788,2.9790,1.8799,0.0061,6.2475,0.6303,0.6327,0.0485,0.0000,0.4067
7.792,2.9707,1.8716,0.0062,6.2434,0.6262,0.6303,0.0485,0.0000,0.4067
7.795,2.9625,1.8634,0.0062,6.2395,0.6223,0.6262,0.0485,0.0000,0.4067
7.800,2.9458,1.8512,0.0063,6.2484,0.6190,0.6223,0.3007,0.0000,0.4067
7.804,2.9355,1.8409,0.0064,6.2456,0.6162,0.6190,0.3007,0.0000,0.4067
7.807,2.9275,1.8329,0.0065,6.2420,0.6126,0.6162,0.3007,0.0000,0.4067
7.811,2.9191,1.8245,0.0066,6.2382,0.6088,0.6126,0.3007,0.0000,0.4067
7.816,2.9066,1.8120,0.0066,6.2328,0.6034,0.6088,0.3007,0.0000,0.4067
7.823,2.8895,1.7949,0.0067,6.2321,0.5997,0.6034,-0.0440,0.0000,0.4067
7.828,2.8778,1.7832,0.0068,6.2273,0.5949,0.5997,-0.0440,0.0000,0.4067
7.832,2.8684,1.7738,0.0069,6.2235,0.5912,0.5949,-0.0440,0.0000,0.4067
7.836,2.8607,1.7661,0.0070,6.2205,0.5881,0.5912,-0.0440,0.0000,0.4067
7.839,2.8505,1.7584,0.0070,6.2277,0.5852,0.5881,0.1038,0.0000,0.4067
7.843,2.8410,1.7489,0.0071,6.2241,0.5816,0.5852,0.1038,0.0000,0.4067
7.847,2.8325,1.7404,0.0071,6.2210,0.5785,0.5816,0.1038,0.0000,0.4067
7.850,2.8248,1.7327,0.0072,6.2162,0.5737,0.5785,0.1038,0.0000,0.4067
7.854,2.8174,1.7254,0.0072,6.2117,0.5692,0.5737,0.1038,0.0000,0.4067
7.857,2.8102,1.7181,0.0073,6.2093,0.5668,0.5692,0.1038,0.0000,0.4067
7.861,2.7992,1.7093,0.0073,6.2149,0.5640,0.5668,0.2284,0.0000,0.4067
7.865,2.7893,1.6994,0.0074,6.2091,0.5581,0.5640,0.2284,0.0000,0.4067
7.869,2.7822,1.6923,0.0074,6.2070,0.5560,0.5581,0.2284,0.0000,0.4067
7.872,2.7751,1.6852,0.0075,6.2029,0.5520,0.5560,0.2284,0.0000,0.4067
7.875,2.7673,1.6774,0.0075,6.1985,0.5476,0.5520,0.2284,0.0000,0.4067
7.879,2.7565,1.6699,0.0075,6.1973,0.5434,0.5476,-0.1037,0.0000,0.4067
7.883,2.7475,1.6609,0.0076,6.1908,0.5369,0.5434,-0.1037,0.0000,0.4067
7.886,2.7408,1.6542,0.0076,6.1873,0.5333,0.5369,-0.1037,0.0000,0.4067
7.891,2.7322,1.6455,0.0076,6.1828,0.5289,0.5333,-0.1037,0.0000,0.4067
7.894,2.7248,1.6382,0.0077,6.1791,0.5251,0.5289,-0.1037,0.0000,0.4067
7.898,2.7173,1.6306,0.0077,6.1753,0.5214,0.5251,-0.1037,0.0000,0.4067
7.901,2.7083,1.6239,0.0077,6.1774,0.5181,0.5214,-0.1089,0.0000,0.4067
7.905,2.7006,1.6161,0.0078,6.1737,0.5144,0.5181,-0.1089,0.0000,0.4067
7.908,2.6937,1.6093,0.0078,6.1704,0.5112,0.5144,-0.1089,0.0000,0.4067
7.911,2.6872,1.6028,0.0078,6.1674,0.5082,0.5112,-0.1089,0.0000,0.4067
7.915,2.6797,1.5952,0.0078,6.1640,0.5047,0.5082,-0.1089,0.0000,0.4067
7.919,2.6705,1.5882,0.0078,6.1640,0.5002,0.5047,-0.1292,0.0000,0.4067
7.928,2.6512,1.5688,0.0079,6.1521,0.4883,0.5002,-0.1292,0.0000,0.4067
7.937,2.6345,1.5522,0.0079,6.1456,0.4819,0.4883,-0.1292,0.0000,0.4067
7.940,2.6254,1.5454,0.0079,6.1469,0.4793,0.4819,-0.2808,0.0000,0.4067
7.944,2.6181,1.5381,0.0079,6.1442,0.4766,0.4793,-0.2808,0.0000,0.4067
7.948,2.6103,1.5304,0.0080,6.1398,0.4722,0.4766,-0.2808,0.0000,0.4067
7.952,2.6040,1.5241,0.0080,6.1362,0.4686,0.4722,-0.2808,0.0000,0.4067
7.955,2.5981,1.5182,0.0080,6.1329,0.4653,0.4686,-0.2808,0.0000,0.4067
7.958,2.5906,1.5122,0.0080,6.1315,0.4620,0.4653,-0.1779,0.0000,0.4067
7.962,2.5836,1.5052,0.0080,6.1293,0.4598,0.4620,-0.1779,0.0000,0.4067
7.966,2.5771,1.4986,0.0080,6.1273,0.4578,0.4598,-0.1779,0.0000,0.4067
7.970,2.5699,1.4914,0.0080,6.1163,0.4467,0.4578,-0.1779,0.0000,0.4067
7.973,2.5634,1.4850,0.0080,6.1131,0.4435,0.4467,-0.1779,0.0000,0.4067
7.977,2.5576,1.4791,0.0080,6.1102,0.4407,0.4435,-0.1779,0.0000,0.4067
7.981,2.5496,1.4726,0.0080,6.1093,0.4376,0.4407,-0.2150,0.0000,0.4067
7.985,2.5423,1.4652,0.0080,6.0982,0.4264,0.4376,-0.2150,0.0000,0.4067
7.989,2.5351,1.4580,0.0080,6.0968,0.4250,0.4264,-0.2150,0.0000,0.4067
7.992,2.5293,1.4522,0.0080,6.0943,0.4225,0.4250,-0.2150,0.0000,0.4067
7.996,2.5231,1.4460,0.0080,6.0916,0.4199,0.4225,-0.2150,0.0000,0.4067
8.001,2.5148,1.4383,0.0080,6.0924,0.4167,0.4199,-0.3803,0.0000,0.4067
8.005,2.5081,1.4316,0.0080,6.0897,0.4140,0.4167,-0.3803,0.0000,0.4067
8.008,2.5027,1.4262,0.0080,6.0875,0.4118,0.4140,-0.3803,0.0000,0.4067
8.011,2.4976,1.4211,0.0079,6.0855,0.4098,0.4118,-0.3803,0.0000,0.4067
8.016,2.4907,1.4143,0.0079,6.0829,0.4072,0.4098,-0.3803,0.0000,0.4067
8.020,2.4829,1.4077,0.0079,6.0786,0.4047,0.4072,-0.3204,0.0000,0.4067
8.024,2.4763,1.4011,0.0079,6.0683,0.3944,0.4047,-0.3204,0.0000,0.4067
8.027,2.4714,1.3961,0.0079,6.0607,0.3869,0.3944,-0.3204,0.0000,0.4067
8.033,2.4627,1.3874,0.0079,6.0581,0.3842,0.3869,-0.3204,0.0000,0.4067
8.041,2.4497,1.3756,0.0079,6.0512,0.3808,0.3842,-0.2558,0.0000,0.4067
8.046,2.4422,1.3681,0.0078,6.0397,0.3692,0.3808,-0.2558,0.0000,0.4067
8.050,2.4357,1.3616,0.0078,6.0298,0.3594,0.3692,-0.2558,0.0000,0.4067
8.054,2.4303,1.3562,0.0078,6.0218,0.3514,0.3594,-0.2558,0.0000,0.4067
8.057,2.4255,1.3515,0.0077,6.0210,0.3506,0.3514,-0.2558,0.0000,0.4067
8.060,2.4209,1.3468,0.0077,6.0131,0.3438,0.3506,-0.2818,0.0000,0.4067
8.066,2.4134,1.3393,0.0077,6.0122,0.3429,0.3438,-0.2818,0.0000,0.4067
8.077,2.3973,1.3231,0.0077,5.9892,0.3198,0.3429,-0.2818,0.0000,0.4067
8.087,2.3827,1.3082,0.0076,5.9868,0.3197,0.3198,-0.3091,0.0000,0.4067
8.093,2.3733,1.2989,0.0075,5.9750,0.3079,0.3197,-0.3091,0.0000,0.4067
8.097,2.3667,1.2923,0.0074,5.9672,0.3001,0.3079,-0.3091,0.0000,0.4067
8.101,2.3616,1.2865,0.0074,5.9577,0.2937,0.3001,-0.3425,0.0000,0.4067
8.105,2.3549,1.2798,0.0074,5.9507,0.2867,0.2937,-0.3425,0.0000,0.4067
8.109,2.3484,1.2734,0.0073,5.9443,0.2803,0.2867,-0.3425,0.0000,0.4067
8.113,2.3407,1.2657,0.0073,5.9372,0.2732,0.2803,-0.3425,0.0000,0.4067
8.117,2.3334,1.2584,0.0072,5.9309,0.2668,0.2732,-0.3425,0.0000,0.4067
8.121,2.3246,1.2509,0.0072,5.9110,0.2608,0.2668,-0.2721,0.0000,0.4067
8.127,2.3108,1.2371,0.0072,5.9006,0.2504,0.2608,-0.2721,0.0000,0.4067
8.132,2.3007,1.2269,0.0071,5.8936,0.2434,0.2504,-0.2721,0.0000,0.4067
8.136,2.2920,1.2183,0.0070,5.8880,0.2378,0.2434,-0.2721,0.0000,0.4067
8.140,2.2811,1.2082,0.0070,5.8677,0.2317,0.2378,-0.2225,0.0000,0.4067
8.146,2.2669,1.1940,0.0069,5.8598,0.2238,0.2317,-0.2225,0.0000,0.4067
8.155,2.2429,1.1700,0.0069,5.8476,0.2117,0.2238,-0.2225,0.0000,0.4067
8.159,2.2318,1.1593,0.0067,5.8286,0.2067,0.2117,-0.1923,0.0000,0.4067
8.163,2.2183,1.1458,0.0067,5.8227,0.2008,0.2067,-0.1923,0.0000,0.4067
8.167,2.2067,1.1342,0.0066,5.8179,0.1961,0.2008,-0.1923,0.0000,0.4067
8.171,2.1952,1.1227,0.0065,5.8134,0.1915,0.1961,-0.1923,0.0000,0.4067
8.175,2.1834,1.1109,0.0065,5.8090,0.1872,0.1915,-0.1923,0.0000,0.4067
8.179,2.1667,1.0983,0.0064,5.7713,0.1827,0.1872,-0.0402,0.0000,0.4067
8.184,2.1517,1.0833,0.0063,5.7663,0.1776,0.1827,-0.0402,0.0000,0.4067
8.188,2.1358,1.0674,0.0063,5.7612,0.1726,0.1776,-0.0402,0.0000,0.4067
8.192,2.1217,1.0533,0.0062,5.7569,0.1683,0.1726,-0.0402,0.0000,0.4067
8.196,2.1077,1.0393,0.0061,5.7529,0.1643,0.1683,-0.0402,0.0000,0.4067
8.201,2.0910,1.0236,0.0060,5.7282,0.1599,0.1643,0.0106,0.0000,0.4067
8.205,2.0749,1.0075,0.0059,5.7240,0.1557,0.1599,0.0106,0.0000,0.4067
8.209,2.0617,0.9943,0.0058,5.7207,0.1523,0.1557,0.0106,0.0000,0.4067
8.213,2.0465,0.9791,0.0057,5.7170,0.1486,0.1523,0.0106,0.0000,0.4067
8.217,2.0308,0.9633,0.0057,5.7133,0.1450,0.1486,0.0106,0.0000,0.4067
8.221,2.0143,0.9486,0.0056,5.6859,0.1417,0.1450,0.0752,0.0000,0.4067
8.225,1.9973,0.9315,0.0055,5.6822,0.1380,0.1417,0.0752,0.0000,0.4067
8.236,1.9535,0.8878,0.0054,5.6734,0.1292,0.1380,0.0752,0.0000,0.4067
8.241,1.9299,0.8659,0.0051,5.6444,0.1251,0.1292,0.1377,0.0000,0.4067
8.246,1.9105,0.8465,0.0049,5.6317,0.1125,0.1251,0.1377,0.0000,0.4067
8.251,1.8876,0.8237,0.0048,5.6281,0.1088,0.1125,0.1377,0.0000,0.4067
8.259,1.8514,0.7891,0.0046,5.5829,0.0879,0.1088,0.1910,0.0000,0.4067
8.265,1.8231,0.7608,0.0044,5.5795,0.0845,0.0879,0.1910,0.0000,0.4067
8.269,1.8066,0.7443,0.0042,5.5776,0.0826,0.0845,0.1910,0.0000,0.4067
8.272,1.7920,0.7297,0.0041,5.5694,0.0744,0.0826,0.1910,0.0000,0.4067
8.276,1.7772,0.7149,0.0039,5.5679,0.0729,0.0744,0.1910,0.0000,0.4067
8.279,1.7600,0.6989,0.0038,5.5449,0.0714,0.0729,0.2263,0.0000,0.4067
8.283,1.7410,0.6799,0.0037,5.5431,0.0695,0.0714,0.2263,0.0000,0.4067
8.287,1.7264,0.6653,0.0036,5.5417,0.0682,0.0695,0.2263,0.0000,0.4067
8.290,1.7117,0.6506,0.0034,5.5404,0.0669,0.0682,0.2263,0.0000,0.4067
8.294,1.6922,0.6311,0.0033,5.5387,0.0652,0.0669,0.2263,0.0000,0.4067
8.298,1.6719,0.6129,0.0032,5.5112,0.0636,0.0652,0.2846,0.0000,0.4067
8.302,1.6535,0.5945,0.0030,5.5097,0.0621,0.0636,0.2846,0.0000,0.4067
8.305,1.6384,0.5794,0.0029,5.5020,0.0544,0.0621,0.2846,0.0000,0.4067
8.309,1.6218,0.5628,0.0027,5.4937,0.0462,0.0544,0.2846,0.0000,0.4067
8.313,1.6042,0.5452,0.0026,5.4927,0.0451,0.0462,0.2846,0.0000,0.4067
8.317,1.5867,0.5277,0.0024,5.4917,0.0441,0.0451,0.2846,0.0000,0.4067
8.320,1.5687,0.5119,0.0023,5.4653,0.0432,0.0441,0.3421,0.0000,0.4067
8.324,1.5495,0.4927,0.0021,5.4642,0.0421,0.0432,0.3421,0.0000,0.4067
8.328,1.5291,0.4722,0.0020,5.4545,0.0324,0.0421,0.3421,0.0000,0.4067
8.332,1.5108,0.4539,0.0018,5.4460,0.0239,0.0324,0.3421,0.0000,0.4067
8.336,1.4954,0.4386,0.0016,5.4391,0.0170,0.0239,0.3421,0.0000,0.4067
8.339,1.4772,0.4223,0.0014,5.4155,0.0166,0.0170,0.3915,0.0000,0.4067
8.343,1.4579,0.4030,0.0013,5.4151,0.0162,0.0166,0.3915,0.0000,0.4067
8.347,1.4408,0.3860,0.0011,5.4075,0.0087,0.0162,0.3915,0.0000,0.4067
8.350,1.4244,0.3695,0.0009,5.4004,0.0016,0.0087,0.3915,0.0000,0.4067
8.355,1.4031,0.3482,0.0008,5.4004,0.0016,0.0016,0.3915,0.0000,0.4067
8.363,1.3616,0.3084,0.0005,5.3804,0.0015,0.0016,0.4278,0.0000,0.4067
8.368,1.3400,0.2868,0.0001,5.3713,-0.0077,0.0015,0.4278,0.0000,0.4067
8.372,1.3205,0.2672,-0.0001,5.3715,-0.0075,0.0000,0.4278,0.0000,0.4067
8.376,1.3021,0.2488,-0.0003,5.3639,-0.0151,0.0000,0.4278,0.0000,0.4067
8.384,1.2636,0.2117,-0.0006,5.3482,-0.0143,0.0000,0.4507,0.0000,0.4067
8.391,1.2319,0.1800,-0.0010,5.3354,-0.0271,0.0000,0.4507,0.0000,0.4067
8.395,1.2137,0.1618,-0.0014,5.3360,-0.0265,0.0000,0.4507,0.0000,0.4067
8.398,1.1957,0.1448,-0.0016,5.3175,-0.0332,0.0000,0.4541,0.0000,0.4067
8.402,1.1771,0.1262,-0.0018,5.3104,-0.0403,0.0000,0.4541,0.0000,0.4067
8.406,1.1616,0.1107,-0.0020,5.3046,-0.0461,0.0000,0.4541,0.0000,0.4067
8.409,1.1470,0.0961,-0.0022,5.2991,-0.0515,0.0000,0.4541,0.0000,0.4067
8.413,1.1310,0.0801,-0.0024,5.2934,-0.0573,0.0000,0.4541,0.0000,0.4067
8.417,1.1129,0.0620,-0.0026,5.2870,-0.0637,0.0000,0.4541,0.0000,0.4067
8.421,1.0921,0.0437,-0.0029,5.2577,-0.0700,0.0000,0.5379,0.0000,0.4067
8.425,1.0730,0.0246,-0.0031,5.2595,-0.0682,0.0000,0.5379,0.0000,0.4067
8.428,1.0579,0.0095,-0.0034,5.2544,-0.0734,0.0000,0.5379,0.0000,0.4067
8.432,1.0409,-0.0075,-0.0036,5.2487,-0.0791,0.0000,0.5379,0.0000,0.4067
8.435,1.0261,-0.0224,-0.0038,5.2423,-0.0854,0.0000,0.5379,0.0000,0.4067
8.439,1.0088,-0.0371,-0.0040,5.2154,-0.0901,0.0000,0.6328,0.0000,0.4067
8.443,0.9917,-0.0542,-0.0042,5.2100,-0.0955,0.0000,0.6328,0.0000,0.4067
8.446,0.9759,-0.0701,-0.0045,5.2052,-0.1003,0.0000,0.6328,0.0000,0.4067
8.450,0.9594,-0.0865,-0.0047,5.1986,-0.1069,0.0000,0.6328,0.0000,0.4067
8.453,0.9445,-0.1014,-0.0050,5.1942,-0.1113,0.0000,0.6328,0.0000,0.4067
8.457,0.9300,-0.1160,-0.0052,5.1901,-0.1155,0.0000,0.6328,0.0000,0.4067
8.460,0.9137,-0.1302,-0.0054,5.1672,-0.1195,0.0000,0.7201,0.0000,0.4067
8.467,0.8816,-0.1622,-0.0056,5.1553,-0.1314,0.0000,0.7201,0.0000,0.4067
8.475,0.8482,-0.1956,-0.0061,5.1433,-0.1434,0.0000,0.7201,0.0000,0.4067
8.479,0.8309,-0.2110,-0.0066,5.1227,-0.1471,0.0000,0.8091,0.0000,0.4067
8.483,0.8107,-0.2312,-0.0069,5.1178,-0.1520,0.0000,0.8091,0.0000,0.4067
8.487,0.7962,-0.2457,-0.0072,5.1144,-0.1554,0.0000,0.8091,0.0000,0.4067
8.490,0.7827,-0.2592,-0.0075,5.1113,-0.1585,0.0000,0.8091,0.0000,0.4067
8.493,0.7689,-0.2730,-0.0077,5.1068,-0.1630,0.0000,0.8091,0.0000,0.4067
8.498,0.7501,-0.2918,-0.0079,5.1027,-0.1671,0.0000,0.8091,0.0000,0.4067
8.501,0.7345,-0.3066,-0.0082,5.0970,-0.1718,0.0000,0.7905,0.0000,0.4067
8.505,0.7180,-0.3232,-0.0085,5.0893,-0.1796,0.0000,0.7905,0.0000,0.4067
8.509,0.7041,-0.3371,-0.0088,5.0829,-0.1860,0.0000,0.7905,0.0000,0.4067
8.512,0.6900,-0.3512,-0.0090,5.0788,-0.1900,0.0000,0.7905,0.0000,0.4067
8.516,0.6750,-0.3662,-0.0093,5.0746,-0.1943,0.0000,0.7905,0.0000,0.4067
8.519,0.6621,-0.3798,-0.0096,5.0945,-0.1980,0.0000,0.5728,0.0000,0.4067
8.523,0.6465,-0.3954,-0.0098,5.0877,-0.2048,0.0000,0.5728,0.0000,0.4067
8.527,0.6284,-0.4135,-0.0101,5.0830,-0.2095,0.0000,0.5728,0.0000,0.4067
8.536,0.5948,-0.4471,-0.0104,5.0746,-0.2179,0.0000,0.5728,0.0000,0.4067
8.540,0.5745,-0.4658,-0.0111,5.0551,-0.2255,0.0000,0.6741,0.0000,0.4067
8.544,0.5580,-0.4823,-0.0114,5.0513,-0.2292,0.0000,0.6741,0.0000,0.4067
8.548,0.5428,-0.4975,-0.0117,5.0454,-0.2351,0.0000,0.6741,0.0000,0.4067
8.552,0.5295,-0.5108,-0.0120,5.0403,-0.2402,0.0000,0.6741,0.0000,0.4067
8.556,0.5129,-0.5275,-0.0123,5.0341,-0.2464,0.0000,0.6741,0.0000,0.4067
8.560,0.4962,-0.5432,-0.0126,5.0286,-0.2521,0.0000,0.6807,0.0000,0.4067
8.564,0.4786,-0.5608,-0.0129,5.0223,-0.2583,0.0000,0.6807,0.0000,0.4067
8.568,0.4652,-0.5742,-0.0133,5.0188,-0.2618,0.0000,0.6807,0.0000,0.4067
8.572,0.4477,-0.5917,-0.0136,5.0129,-0.2677,0.0000,0.6807,0.0000,0.4067
8.580,0.4156,-0.6224,-0.0139,4.9960,-0.2776,0.0000,0.7794,0.0000,0.4067
8.584,0.3993,-0.6388,-0.0146,4.9888,-0.2849,0.0000,0.7794,0.0000,0.4067
8.588,0.3832,-0.6548,-0.0149,4.9818,-0.2918,0.0000,0.7794,0.0000,0.4067
8.592,0.3695,-0.6685,-0.0152,4.9760,-0.2976,0.0000,0.7794,0.0000,0.4067
8.595,0.3558,-0.6823,-0.0155,4.9704,-0.3032,0.0000,0.7794,0.0000,0.4067
8.599,0.3410,-0.6967,-0.0158,4.9796,-0.3071,0.0000,0.6748,0.0000,0.4067
8.603,0.3249,-0.7128,-0.0161,4.9733,-0.3134,0.0000,0.6748,0.0000,0.4067
8.607,0.3115,-0.7262,-0.0165,4.9682,-0.3185,0.0000,0.6748,0.0000,0.4067
8.610,0.2987,-0.7390,-0.0168,4.9634,-0.3232,0.0000,0.6748,0.0000,0.4067
8.614,0.2842,-0.7535,-0.0171,4.9582,-0.3285,0.0000,0.6748,0.0000,0.4067
8.619,0.2635,-0.7735,-0.0174,4.9578,-0.3355,0.0000,0.6662,0.0000,0.4067
8.623,0.2461,-0.7909,-0.0178,4.9520,-0.3413,0.0000,0.6662,0.0000,0.4067
8.627,0.2327,-0.8042,-0.0182,4.9476,-0.3457,0.0000,0.6662,0.0000,0.4067
8.630,0.2187,-0.8183,-0.0185,4.9431,-0.3502,0.0000,0.6662,0.0000,0.4067
8.634,0.2047,-0.8323,-0.0188,4.9372,-0.3561,0.0000,0.6662,0.0000,0.4067
8.637,0.1918,-0.8452,-0.0191,4.9333,-0.3600,0.0000,0.6662,0.0000,0.4067
8.641,0.1789,-0.8581,-0.0194,4.9444,-0.3637,0.0000,0.5506,0.0000,0.4067
8.645,0.1637,-0.8733,-0.0197,4.9384,-0.3697,0.0000,0.5506,0.0000,0.4067
8.649,0.1457,-0.8912,-0.0201,4.9316,-0.3766,0.0000,0.5506,0.0000,0.4067
8.654,0.1265,-0.9104,-0.0205,4.9226,-0.3855,0.0000,0.5506,0.0000,0.4067
8.658,0.1123,-0.9246,-0.0209,4.9176,-0.3905,0.0000,0.5506,0.0000,0.4067
8.661,0.0994,-0.9370,-0.0212,4.9239,-0.3948,0.0000,0.5269,0.0000,0.4067
8.665,0.0817,-0.9547,-0.0215,4.9181,-0.4006,0.0000,0.5269,0.0000,0.4067
8.669,0.0682,-0.9682,-0.0219,4.9138,-0.4049,0.0000,0.5269,0.0000,0.4067
8.672,0.0548,-0.9816,-0.0222,4.9083,-0.4104,0.0000,0.5269,0.0000,0.4067
8.677,0.0378,-0.9986,-0.0226,4.9016,-0.4171,0.0000,0.5269,0.0000,0.4067
8.685,0.0038,-1.0324,-0.0230,4.9014,-0.4297,0.0000,0.4942,0.0000,0.4067
8.693,-0.0303,-1.0664,-0.0237,4.8896,-0.4414,0.0000,0.4942,0.0000,0.4067
8.698,-0.0492,-1.0864,-0.0245,4.8987,-0.4480,0.0000,0.3688,0.0000,0.4067
8.702,-0.0650,-1.1022,-0.0250,4.8924,-0.4542,0.0000,0.3688,0.0000,0.4067
8.706,-0.0787,-1.1158,-0.0254,4.8872,-0.4595,0.0000,0.3688,0.0000,0.4067
8.709,-0.0919,-1.1291,-0.0257,4.8823,-0.4644,0.0000,0.3688,0.0000,0.4067
8.713,-0.1080,-1.1452,-0.0260,4.8765,-0.4702,0.0000,0.3688,0.0000,0.4067
8.717,-0.1234,-1.1606,-0.0264,4.8712,-0.4755,0.0000,0.3688,0.0000,0.4067
8.720,-0.1380,-1.1741,-0.0267,4.8798,-0.4800,0.0000,0.4131,0.0000,0.4067
8.724,-0.1537,-1.1899,-0.0270,4.8747,-0.4850,0.0000,0.4131,0.0000,0.4067
8.728,-0.1709,-1.2070,-0.0274,4.8682,-0.4916,0.0000,0.4131,0.0000,0.4067
8.732,-0.1876,-1.2237,-0.0278,4.8620,-0.4977,0.0000,0.4131,0.0000,0.4067
8.735,-0.2019,-1.2380,-0.0282,4.8570,-0.5028,0.0000,0.4131,0.0000,0.4067
8.738,-0.2155,-1.2522,-0.0285,4.8663,-0.5081,0.0000,0.3630,0.0000,0.4067
8.743,-0.2336,-1.2703,-0.0288,4.8598,-0.5146,0.0000,0.3630,0.0000,0.4067
8.747,-0.2502,-1.2869,-0.0292,4.8540,-0.5204,0.0000,0.3630,0.0000,0.4067
8.750,-0.2655,-1.3023,-0.0296,4.8479,-0.5265,0.0000,0.3630,0.0000,0.4067
8.753,-0.2799,-1.3166,-0.0300,4.8434,-0.5310,0.0000,0.3630,0.0000,0.4067
8.757,-0.2945,-1.3312,-0.0303,4.8380,-0.5364,0.0000,0.3630,0.0000,0.4067
8.761,-0.3118,-1.3495,-0.0306,4.8463,-0.5429,0.0000,0.2982,0.0000,0.4067
8.765,-0.3323,-1.3701,-0.0310,4.8406,-0.5486,0.0000,0.2982,0.0000,0.4067
8.769,-0.3479,-1.3856,-0.0315,4.8355,-0.5537,0.0000,0.2982,0.0000,0.4067
8.772,-0.3633,-1.4010,-0.0319,4.8307,-0.5585,0.0000,0.2982,0.0000,0.4067
8.775,-0.3783,-1.4161,-0.0322,4.8254,-0.5638,0.0000,0.2982,0.0000,0.4067
8.779,-0.3946,-1.4321,-0.0325,4.8366,-0.5684,0.0000,0.3043,0.0000,0.4067
8.784,-0.4197,-1.4572,-0.0329,4.8285,-0.5765,0.0000,0.3043,0.0000,0.4067
8.792,-0.4565,-1.4940,-0.0334,4.8165,-0.5885,0.0000,0.3043,0.0000,0.4067
8.796,-0.4754,-1.5129,-0.0342,4.8103,-0.5947,0.0000,0.3043,0.0000,0.4067
8.799,-0.4924,-1.5315,-0.0346,4.8189,-0.6006,0.0000,0.2246,0.0000,0.4067
8.804,-0.5125,-1.5516,-0.0350,4.8129,-0.6066,0.0000,0.2246,0.0000,0.4067
8.807,-0.5297,-1.5689,-0.0355,4.8080,-0.6115,0.0000,0.2246,0.0000,0.4067
8.810,-0.5467,-1.5858,-0.0358,4.8026,-0.6169,0.0000,0.2246,0.0000,0.4067
8.814,-0.5664,-1.6055,-0.0362,4.7966,-0.6228,0.0000,0.2246,0.0000,0.4067
8.818,-0.5841,-1.6232,-0.0366,4.7911,-0.6283,0.0000,0.2246,0.0000,0.4067
8.822,-0.6061,-1.6453,-0.0370,4.8007,-0.6353,0.0000,0.2163,0.0000,0.4067
8.826,-0.6279,-1.6671,-0.0374,4.7946,-0.6414,0.0000,0.2163,0.0000,0.4067
8.830,-0.6471,-1.6863,-0.0379,4.7895,-0.6465,0.0000,0.2163,0.0000,0.4067
8.833,-0.6665,-1.7057,-0.0383,4.7842,-0.6517,0.0000,0.2163,0.0000,0.4067
8.837,-0.6856,-1.7248,-0.0387,4.7793,-0.6566,0.0000,0.2163,0.0000,0.4067
8.844,-0.7241,-1.7653,-0.0391,4.7832,-0.6663,0.0000,0.1268,0.0000,0.4067
8.849,-0.7543,-1.7955,-0.0399,4.7755,-0.6739,0.0000,0.1268,0.0000,0.4067
8.853,-0.7778,-1.8190,-0.0405,4.7696,-0.6799,0.0000,0.1268,0.0000,0.4067
8.857,-0.7990,-1.8402,-0.0409,4.7645,-0.6850,0.0000,0.1268,0.0000,0.4067
8.860,-0.8175,-1.8594,-0.0414,4.7757,-0.6896,0.0000,0.0938,0.0000,0.4067
8.865,-0.8429,-1.8848,-0.0417,4.7699,-0.6954,0.0000,0.0938,0.0000,0.4067
8.868,-0.8635,-1.9054,-0.0422,4.7652,-0.7002,0.0000,0.0938,0.0000,0.4067
8.871,-0.8834,-1.9253,-0.0426,4.7608,-0.7046,0.0000,0.0938,0.0000,0.4067
8.875,-0.9043,-1.9461,-0.0430,4.7561,-0.7092,0.0000,0.0938,0.0000,0.4067
8.878,-0.9251,-1.9670,-0.0434,4.7515,-0.7139,0.0000,0.0938,0.0000,0.4067
8.882,-0.9468,-1.9910,-0.0438,4.7578,-0.7193,0.0000,-0.0146,0.0000,0.4067
8.886,-0.9767,-2.0208,-0.0442,4.7510,-0.7261,0.0000,-0.0146,0.0000,0.4067
8.890,-0.9987,-2.0428,-0.0448,4.7458,-0.7312,0.0000,-0.0146,0.0000,0.4067
8.894,-1.0256,-2.0697,-0.0452,4.7393,-0.7377,0.0000,-0.0146,0.0000,0.4067
8.902,-1.0653,-2.1127,-0.0457,4.7364,-0.7488,0.0000,-0.1747,0.0000,0.4067
8.906,-1.0880,-2.1354,-0.0466,4.7304,-0.7548,0.0000,-0.1747,0.0000,0.4067
8.909,-1.1059,-2.1533,-0.0471,4.7255,-0.7596,0.0000,-0.1747,0.0000,0.4067
8.912,-1.1245,-2.1719,-0.0475,4.7206,-0.7646,0.0000,-0.1747,0.0000,0.4067
8.917,-1.1499,-2.1973,-0.0479,4.7140,-0.7712,0.0000,-0.1747,0.0000,0.4067
8.921,-1.1669,-2.2158,-0.0485,4.7204,-0.7763,0.0000,-0.2753,0.0000,0.4067
8.925,-1.1874,-2.2363,-0.0490,4.7146,-0.7822,0.0000,-0.2753,0.0000,0.4067
8.928,-1.2035,-2.2525,-0.0495,4.7101,-0.7867,0.0000,-0.2753,0.0000,0.4067
8.932,-1.2219,-2.2708,-0.0499,4.7048,-0.7920,0.0000,-0.2753,0.0000,0.4067
8.935,-1.2381,-2.2871,-0.0504,4.7002,-0.7965,0.0000,-0.2753,0.0000,0.4067
8.939,-1.2539,-2.3032,-0.0508,4.7105,-0.8012,0.0000,-0.3246,0.0000,0.4067
8.942,-1.2710,-2.3203,-0.0513,4.7054,-0.8062,0.0000,-0.3246,0.0000,0.4067
8.947,-1.2917,-2.3410,-0.0517,4.6993,-0.8124,0.0000,-0.3246,0.0000,0.4067
8.951,-1.3079,-2.3572,-0.0523,4.6946,-0.8171,0.0000,-0.3246,0.0000,0.4067
8.954,-1.3218,-2.3711,-0.0528,4.6902,-0.8214,0.0000,-0.3246,0.0000,0.4067
8.957,-1.3346,-2.3839,-0.0532,4.6863,-0.8254,0.0000,-0.3246,0.0000,0.4067
8.961,-1.3473,-2.3973,-0.0536,4.6946,-0.8295,0.0000,-0.4014,0.0000,0.4067
8.965,-1.3643,-2.4144,-0.0541,4.6889,-0.8352,0.0000,-0.4014,0.0000,0.4067
8.968,-1.3772,-2.4273,-0.0546,4.6847,-0.8394,0.0000,-0.4014,0.0000,0.4067
8.972,-1.3897,-2.4397,-0.0550,4.6806,-0.8435,0.0000,-0.4014,0.0000,0.4067
8.975,-1.4016,-2.4516,-0.0555,4.6768,-0.8473,0.0000,-0.4014,0.0000,0.4067
8.979,-1.4172,-2.4678,-0.0559,4.6832,-0.8529,0.0000,-0.4807,0.0000,0.4067
8.984,-1.4330,-2.4836,-0.0565,4.6777,-0.8583,0.0000,-0.4807,0.0000,0.4067
8.987,-1.4464,-2.4970,-0.0570,4.6728,-0.8632,0.0000,-0.4807,0.0000,0.4067
8.996,-1.4765,-2.5271,-0.0575,4.6603,-0.8757,0.0000,-0.4807,0.0000,0.4067
9.005,-1.5037,-2.5547,-0.0587,4.6592,-0.8885,0.0000,-0.5567,0.0000,0.4067
9.010,-1.5177,-2.5686,-0.0598,4.6528,-0.8950,0.0000,-0.5567,0.0000,0.4067
9.015,-1.5329,-2.5838,-0.0604,4.6453,-0.9025,0.0000,-0.5567,0.0000,0.4067
9.019,-1.5451,-2.5963,-0.0611,4.6509,-0.9084,0.0000,-0.6295,0.0000,0.4067
9.024,-1.5571,-2.6083,-0.0617,4.6448,-0.9145,0.0000,-0.6295,0.0000,0.4067
9.028,-1.5686,-2.6197,-0.0622,4.6392,-0.9201,0.0000,-0.6295,0.0000,0.4067
9.032,-1.5798,-2.6309,-0.0628,4.6335,-0.9258,0.0000,-0.6295,0.0000,0.4067
9.035,-1.5882,-2.6394,-0.0633,4.6292,-0.9301,0.0000,-0.6295,0.0000,0.4067
9.039,-1.5971,-2.6484,-0.0638,4.6353,-0.9345,0.0000,-0.7095,0.0000,0.4067
9.045,-1.6113,-2.6626,-0.0642,4.6279,-0.9419,0.0000,-0.7095,0.0000,0.4067
9.049,-1.6210,-2.6724,-0.0650,4.6228,-0.9470,0.0000,-0.7095,0.0000,0.4067
9.053,-1.6298,-2.6811,-0.0655,4.6183,-0.9515,0.0000,-0.7095,0.0000,0.4067
9.057,-1.6391,-2.6905,-0.0660,4.6134,-0.9564,0.0000,-0.7095,0.0000,0.4067
9.061,-1.6474,-2.6988,-0.0665,4.6189,-0.9610,0.0000,-0.7900,0.0000,0.4067
9.065,-1.6570,-2.7084,-0.0670,4.6137,-0.9661,0.0000,-0.7900,0.0000,0.4067
9.069,-1.6643,-2.7157,-0.0676,4.6097,-0.9702,0.0000,-0.7900,0.0000,0.4067
9.072,-1.6713,-2.7227,-0.0681,4.6057,-0.9742,0.0000,-0.7900,0.0000,0.4067
9.075,-1.6779,-2.7292,-0.0685,4.6021,-0.9778,0.0000,-0.7900,0.0000,0.4067
9.079,-1.6848,-2.7361,-0.0689,4.6082,-0.9817,0.0000,-0.8646,0.0000,0.4067
9.083,-1.6931,-2.7444,-0.0694,4.6034,-0.9865,0.0000,-0.8646,0.0000,0.4067
9.086,-1.6998,-2.7510,-0.0699,4.5996,-0.9903,0.0000,-0.8646,0.0000,0.4067
9.091,-1.7077,-2.7589,-0.0704,4.5950,-0.9949,0.0000,-0.8646,0.0000,0.4067
9.095,-1.7154,-2.7667,-0.0709,4.5899,-1.0000,0.0000,-0.8646,0.0000,0.4067
9.099,-1.7225,-2.7736,-0.0715,4.5945,-1.0047,0.0000,-0.9429,0.0000,0.4067
9.104,-1.7314,-2.7825,-0.0720,4.5878,-1.0114,0.0000,-0.9429,0.0000,0.4067
9.111,-1.7432,-2.7943,-0.0727,4.5781,-1.0211,0.0000,-0.9429,0.0000,0.4067
9.115,-1.7492,-2.8003,-0.0736,4.5731,-1.0261,0.0000,-0.9429,0.0000,0.4067
9.120,-1.7574,-2.8084,-0.0741,4.5741,-1.0336,0.0000,-1.0261,0.0000,0.4067
9.125,-1.7642,-2.8151,-0.0747,4.5678,-1.0399,0.0000,-1.0261,0.0000,0.4067
9.128,-1.7691,-2.8200,-0.0753,4.5632,-1.0445,0.0000,-1.0261,0.0000,0.4067
9.132,-1.7747,-2.8257,-0.0757,4.5579,-1.0497,0.0000,-1.0261,0.0000,0.4067
9.135,-1.7793,-2.8302,-0.0762,4.5536,-1.0541,0.0000,-1.0261,0.0000,0.4067
9.139,-1.7844,-2.8350,-0.0766,4.5575,-1.0586,0.0000,-1.1032,0.0000,0.4067
9.147,-1.7950,-2.8456,-0.0771,4.5475,-1.0686,0.0000,-1.1032,0.0000,0.4067
9.152,-1.8019,-2.8525,-0.0781,4.5408,-1.0753,0.0000,-1.1032,0.0000,0.4067
9.156,-1.8062,-2.8568,-0.0787,4.5366,-1.0795,0.0000,-1.1032,0.0000,0.4067
9.168,-1.8213,-2.8716,-0.0792,4.5302,-1.0944,0.0000,-1.1729,0.0000,0.4067
9.173,-1.8272,-2.8774,-0.0807,4.5243,-1.1003,0.0000,-1.1729,0.0000,0.4067
9.177,-1.8317,-2.8819,-0.0813,4.5198,-1.1048,0.0000,-1.1729,0.0000,0.4067
9.182,-1.8374,-2.8872,-0.0818,4.5227,-1.1104,0.0000,-1.2356,0.0000,0.4067
9.187,-1.8418,-2.8915,-0.0824,4.5182,-1.1149,0.0000,-1.2356,0.0000,0.4067
9.190,-1.8451,-2.8949,-0.0830,4.5147,-1.1184,0.0000,-1.2356,0.0000,0.4067
9.193,-1.8485,-2.8982,-0.0834,4.5112,-1.1219,0.0000,-1.2356,0.0000,0.4067
9.197,-1.8521,-2.9019,-0.0838,4.5074,-1.1257,0.0000,-1.2356,0.0000,0.4067
9.201,-1.8558,-2.9051,-0.0842,4.5114,-1.1292,0.0000,-1.3055,0.0000,0.4067
9.204,-1.8593,-2.9086,-0.0847,4.5074,-1.1331,0.0000,-1.3055,0.0000,0.4067
9.209,-1.8632,-2.9125,-0.0851,4.5026,-1.1379,0.0000,-1.3055,0.0000,0.4067
9.217,-1.8705,-2.9197,-0.0856,4.4922,-1.1484,0.0000,-1.3055,0.0000,0.4067
9.221,-1.8739,-2.9228,-0.0866,4.4936,-1.1531,0.0000,-1.3885,0.0000,0.4067
9.225,-1.8770,-2.9260,-0.0871,4.4885,-1.1582,0.0000,-1.3885,0.0000,0.4067
9.228,-1.8800,-2.9289,-0.0875,4.4834,-1.1634,0.0000,-1.3885,0.0000,0.4067
9.232,-1.8829,-2.9318,-0.0880,4.4780,-1.1687,0.0000,-1.3885,0.0000,0.4067
9.236,-1.8855,-2.9344,-0.0884,4.4732,-1.1735,0.0000,-1.3885,0.0000,0.4067
9.239,-1.8883,-2.9369,-0.0888,4.4747,-1.1782,0.0000,-1.4637,0.0000,0.4067
9.244,-1.8919,-2.9405,-0.0892,4.4679,-1.1850,0.0000,-1.4637,0.0000,0.4067
9.249,-1.8953,-2.9438,-0.0898,4.4615,-1.1915,0.0000,-1.4637,0.0000,0.4067
9.252,-1.8979,-2.9464,-0.0904,4.4564,-1.1966,0.0000,-1.4637,0.0000,0.4067
9.257,-1.9007,-2.9492,-0.0908,4.4510,-1.2019,0.0000,-1.4637,0.0000,0.4067
9.260,-1.9035,-2.9518,-0.0913,4.4509,-1.2069,0.0000,-1.5547,0.0000,0.4067
9.266,-1.9072,-2.9555,-0.0917,4.4436,-1.2142,0.0000,-1.5547,0.0000,0.4067
9.270,-1.9094,-2.9577,-0.0924,4.4393,-1.2185,0.0000,-1.5547,0.0000,0.4067
9.274,-1.9116,-2.9599,-0.0928,4.4349,-1.2229,0.0000,-1.5547,0.0000,0.4067
9.277,-1.9136,-2.9619,-0.0933,4.4310,-1.2268,0.0000,-1.5547,0.0000,0.4067
9.281,-1.9161,-2.9640,-0.0936,4.4320,-1.2310,0.0000,-1.6345,0.0000,0.4067
9.285,-1.9183,-2.9663,-0.0941,4.4274,-1.2356,0.0000,-1.6345,0.0000,0.4067
9.289,-1.9205,-2.9685,-0.0945,4.4230,-1.2399,0.0000,-1.6345,0.0000,0.4067
9.292,-1.9225,-2.9704,-0.0950,4.4190,-1.2439,0.0000,-1.6345,0.0000,0.4067
9.299,-1.9267,-2.9742,-0.0954,4.4170,-1.2516,0.0000,-1.7014,0.0000,0.4067
9.305,-1.9294,-2.9770,-0.0962,4.4115,-1.2570,0.0000,-1.7014,0.0000,0.4067
9.308,-1.9310,-2.9786,-0.0968,4.4082,-1.2603,0.0000,-1.7014,0.0000,0.4067
9.311,-1.9326,-2.9801,-0.0972,4.4050,-1.2635,0.0000,-1.7014,0.0000,0.4067
9.316,-1.9348,-2.9824,-0.0975,4.4004,-1.2681,0.0000,-1.7014,0.0000,0.4067
9.324,-1.9387,-2.9859,-0.0981,4.3979,-1.2764,0.0000,-1.7570,0.0000,0.4067
9.328,-1.9405,-2.9877,-0.0989,4.3932,-1.2810,0.0000,-1.7570,0.0000,0.4067
9.332,-1.9421,-2.9893,-0.0994,4.3888,-1.2855,0.0000,-1.7570,0.0000,0.4067
9.336,-1.9437,-2.9909,-0.0998,4.3839,-1.2904,0.0000,-1.7570,0.0000,0.4067
9.339,-1.9455,-2.9923,-0.1002,4.3852,-1.2950,0.0000,-1.8026,0.0000,0.4067
9.343,-1.9470,-2.9938,-0.1006,4.3802,-1.3000,0.0000,-1.8026,0.0000,0.4067
9.347,-1.9484,-2.9952,-0.1010,4.3752,-1.3050,0.0000,-1.8026,0.0000,0.4067
9.351,-1.9500,-2.9969,-0.1014,4.3689,-1.3113,0.0000,-1.8026,0.0000,0.4067
9.355,-1.9514,-2.9982,-0.1019,4.3635,-1.3167,0.0000,-1.8026,0.0000,0.4067
9.358,-1.9525,-2.9993,-0.1022,4.3588,-1.3214,0.0000,-1.8026,0.0000,0.4067
9.361,-1.9541,-3.0005,-0.1026,4.3604,-1.3259,0.0000,-1.8368,0.0000,0.4067
9.365,-1.9556,-3.0020,-0.1029,4.3542,-1.3321,0.0000,-1.8368,0.0000,0.4067
9.369,-1.9567,-3.0031,-0.1034,4.3497,-1.3366,0.0000,-1.8368,0.0000,0.4067
9.372,-1.9578,-3.0042,-0.1037,4.3452,-1.3411,0.0000,-1.8368,0.0000,0.4067
9.375,-1.9588,-3.0053,-0.1041,4.3409,-1.3454,0.0000,-1.8368,0.0000,0.4067
9.379,-1.9604,-3.0064,-0.1044,4.3427,-1.3499,0.0000,-1.8582,0.0000,0.4067
9.384,-1.9620,-3.0079,-0.1048,4.3363,-1.3563,0.0000,-1.8582,0.0000,0.4067
9.388,-1.9630,-3.0090,-0.1053,4.3319,-1.3606,0.0000,-1.8582,0.0000,0.4067
9.391,-1.9640,-3.0100,-0.1057,4.3280,-1.3646,0.0000,-1.8582,0.0000,0.4067
9.394,-1.9649,-3.0109,-0.1060,4.3243,-1.3683,0.0000,-1.8582,0.0000,0.4067
9.398,-1.9660,-3.0120,-0.1064,4.3200,-1.3726,0.0000,-1.8582,0.0000,0.4067
9.401,-1.9673,-3.0129,-0.1068,4.3222,-1.3764,0.0000,-1.8770,0.0000,0.4067
9.405,-1.9684,-3.0140,-0.1071,4.3180,-1.3806,0.0000,-1.8770,0.0000,0.4067
9.408,-1.9692,-3.0148,-0.1075,4.3147,-1.3839,0.0000,-1.8770,0.0000,0.4067
9.412,-1.9701,-3.0157,-0.1078,4.3112,-1.3874,0.0000,-1.8770,0.0000,0.4067
9.417,-1.9716,-3.0172,-0.1082,4.3055,-1.3931,0.0000,-1.8770,0.0000,0.4067
9.425,-1.9738,-3.0190,-0.1088,4.3046,-1.4002,0.0000,-1.8847,0.0000,0.4067
9.430,-1.9749,-3.0201,-0.1095,4.3004,-1.4044,0.0000,-1.8847,0.0000,0.4067
9.433,-1.9757,-3.0209,-0.1100,4.2972,-1.4076,0.0000,-1.8847,0.0000,0.4067
9.437,-1.9765,-3.0217,-0.1103,4.2944,-1.4104,0.0000,-1.8847,0.0000,0.4067
9.440,-1.9775,-3.0224,-0.1107,4.2971,-1.4133,0.0000,-1.8942,0.0000,0.4067
9.445,-1.9786,-3.0235,-0.1110,4.2922,-1.4182,0.0000,-1.8942,0.0000,0.4067
9.453,-1.9803,-3.0251,-0.1115,4.2832,-1.4272,0.0000,-1.8942,0.0000,0.4067
9.457,-1.9811,-3.0260,-0.1123,4.2780,-1.4325,0.0000,-1.8942,0.0000,0.4067
9.461,-1.9822,-3.0266,-0.1127,4.2797,-1.4366,0.0000,-1.8937,0.0000,0.4067
9.465,-1.9830,-3.0275,-0.1130,4.2740,-1.4422,0.0000,-1.8937,0.0000,0.4067
9.468,-1.9836,-3.0281,-0.1135,4.2696,-1.4467,0.0000,-1.8937,0.0000,0.4067
9.471,-1.9842,-3.0287,-0.1138,4.2651,-1.4511,0.0000,-1.8937,0.0000,0.4067
9.476,-1.9850,-3.0295,-0.1141,4.2583,-1.4580,0.0000,-1.8937,0.0000,0.4067
9.480,-1.9861,-3.0302,-0.1145,4.2571,-1.4644,0.0000,-1.8951,0.0000,0.4067
9.484,-1.9867,-3.0309,-0.1149,4.2514,-1.4702,0.0000,-1.8951,0.0000,0.4067
9.488,-1.9873,-3.0314,-0.1153,4.2466,-1.4750,0.0000,-1.8951,0.0000,0.4067
9.491,-1.9878,-3.0320,-0.1156,4.2421,-1.4794,0.0000,-1.8951,0.0000,0.4067
9.494,-1.9883,-3.0325,-0.1159,4.2377,-1.4838,0.0000,-1.8951,0.0000,0.4067
9.498,-1.9889,-3.0330,-0.1162,4.2330,-1.4885,0.0000,-1.8951,0.0000,0.4067
9.501,-1.9993,-3.0335,-0.1166,4.2344,-1.4927,0.0000,-1.8902,0.0000,0.4067
9.505,-1.9999,-3.0341,-0.1169,4.2295,-1.4976,0.0000,-1.8902,0.0000,0.4067
9.509,-2.0004,-3.0346,-0.1173,4.2253,-1.5018,0.0000,-1.8902,0.0000,0.4067
9.512,-2.0009,-3.0351,-0.1176,4.2212,-1.5060,0.0000,-1.8902,0.0000,0.4067
9.516,-2.0014,-3.0356,-0.1179,4.2167,-1.5105,0.0000,-1.8902,0.0000,0.4067
9.521,-2.0329,-3.0362,-0.1183,4.2180,-1.5153,0.0000,-1.8843,0.0000,0.4067
9.528,-2.0338,-3.0372,-0.1187,4.2104,-1.5229,0.0000,-1.8843,0.0000,0.4067
9.532,-2.0343,-3.0377,-0.1194,4.2067,-1.5266,0.0000,-1.8843,0.0000,0.4067
9.535,-2.0348,-3.0381,-0.1197,4.2035,-1.5299,0.0000,-1.8843,0.0000,0.4067
9.539,-2.0836,-3.0385,-0.1200,4.2075,-1.5329,0.0000,-1.8660,0.0000,0.4067
9.543,-2.0840,-3.0390,-0.1203,4.2042,-1.5362,0.0000,-1.8660,0.0000,0.4067
9.546,-2.0452,-3.0002,-0.1207,4.2012,-1.5393,0.0000,-1.8660,0.0000,0.4067
9.550,-1.9937,-2.9486,-0.1210,4.1979,-1.5425,0.0000,-1.8660,0.0000,0.4067
9.553,-1.9440,-2.8989,-0.1213,4.1946,-1.5458,0.0000,-1.8660,0.0000,0.4067
9.556,-1.8949,-2.8499,-0.1216,4.1911,-1.5493,0.0000,-1.8660,0.0000,0.4067
9.560,-1.9124,-2.8045,-0.1218,4.1952,-1.5527,0.0000,-1.8403,0.0000,0.4067
9.564,-1.8546,-2.7467,-0.1219,4.1905,-1.5574,0.0000,-1.8403,0.0000,0.4067
9.568,-1.8046,-2.6967,-0.1219,4.1858,-1.5621,0.0000,-1.8403,0.0000,0.4067
9.571,-1.7563,-2.6484,-0.1219,4.1806,-1.5673,0.0000,-1.8403,0.0000,0.4067
9.575,-1.7064,-2.5985,-0.1219,4.1745,-1.5735,0.0000,-1.8403,0.0000,0.4067
9.579,-1.7362,-2.5496,-0.1219,4.1758,-1.5802,0.0000,-1.8027,0.0000,0.4067
9.583,-1.6811,-2.4946,-0.1219,4.1671,-1.5889,0.0000,-1.8027,0.0000,0.4067
9.586,-1.6394,-2.4529,-0.1219,4.1600,-1.5961,0.0000,-1.8027,0.0000,0.4067
9.590,-1.6000,-2.4135,-0.1219,4.1526,-1.6034,0.0000,-1.8027,0.0000,0.4067
9.593,-1.5616,-2.3750,-0.1219,4.1449,-1.6112,0.0000,-1.8027,0.0000,0.4067
9.597,-1.5142,-2.3277,-0.1219,4.1345,-1.6216,0.0000,-1.8027,0.0000,0.4067
9.605,-1.5126,-2.2354,-0.1219,4.1189,-1.6455,0.0000,-1.7528,0.0000,0.4067
9.611,-1.4454,-2.1681,-0.1219,4.0993,-1.6651,0.0000,-1.7528,0.0000,0.4067
9.616,-1.3912,-2.1139,-0.1219,4.0825,-1.6820,0.0000,-1.7528,0.0000,0.4067
9.620,-1.4571,-2.0710,-0.1219,4.0774,-1.6958,0.0000,-1.6900,0.0000,0.4067
9.625,-1.4006,-2.0145,-0.1219,4.0583,-1.7149,0.0000,-1.6900,0.0000,0.4067
9.633,-1.3222,-1.9361,-0.1219,4.0298,-1.7434,0.0000,-1.6900,0.0000,0.4067
9.637,-1.2833,-1.8972,-0.1219,4.0152,-1.7581,0.0000,-1.6900,0.0000,0.4067
9.640,-1.3637,-1.8643,-0.1219,4.0102,-1.7708,0.0000,-1.6289,0.0000,0.4067
9.644,-1.3266,-1.8272,-0.1219,3.9953,-1.7857,0.0000,-1.6289,0.0000,0.4067
9.648,-1.2915,-1.7922,-0.1219,3.9807,-1.8003,0.0000,-1.6289,0.0000,0.4067
9.652,-1.2577,-1.7584,-0.1219,3.9662,-1.8149,0.0000,-1.6289,0.0000,0.4067
9.655,-1.2270,-1.7277,-0.1219,3.9525,-1.8285,0.0000,-1.6289,0.0000,0.4067
9.658,-1.3205,-1.6983,-0.1219,3.9465,-1.8420,0.0000,-1.5584,0.0000,0.4067
9.663,-1.2780,-1.6558,-0.1219,3.9261,-1.8624,0.0000,-1.5584,0.0000,0.4067
9.667,-1.2449,-1.6227,-0.1219,3.9096,-1.8789,0.0000,-1.5584,0.0000,0.4067
9.671,-1.2159,-1.5937,-0.1219,3.8948,-1.8938,0.0000,-1.5584,0.0000,0.4067
9.674,-1.1878,-1.5656,-0.1219,3.8798,-1.9087,0.0000,-1.5584,0.0000,0.4067
9.678,-1.1598,-1.5376,-0.1219,3.8645,-1.9240,0.0000,-1.5584,0.0000,0.4067
9.682,-1.2561,-1.5050,-0.1219,3.8527,-1.9425,0.0000,-1.4784,0.0000,0.4067
9.686,-1.2256,-1.4746,-0.1219,3.8369,-1.9584,0.0000,-1.4784,0.0000,0.4067
9.689,-1.2010,-1.4500,-0.1219,3.8273,-1.9680,0.0000,-1.4784,0.0000,0.4067
9.692,-1.1769,-1.4259,-0.1219,3.8210,-1.9743,0.0000,-1.4784,0.0000,0.4067
9.696,-1.1473,-1.3963,-0.1219,3.8182,-1.9771,0.0000,-1.4784,0.0000,0.4067
9.700,-1.2616,-1.3710,-0.1219,3.8258,-1.9758,0.0000,-1.3862,0.0000,0.4067
9.704,-1.2336,-1.3430,-0.1219,3.8320,-1.9695,0.0000,-1.3862,0.0000,0.4067
9.707,-1.2104,-1.3198,-0.1219,3.8405,-1.9610,0.0000,-1.3862,0.0000,0.4067
9.710,-1.1879,-1.2973,-0.1219,3.8522,-1.9493,0.0000,-1.3862,0.0000,0.4067
9.714,-1.1629,-1.2723,-0.1219,3.8694,-1.9321,0.0000,-1.3862,0.0000,0.4067
9.717,-1.1407,-1.2501,-0.1219,3.8881,-1.9134,0.0000,-1.3862,0.0000,0.4067
9.721,-1.2619,-1.2282,-0.1219,3.9147,-1.8914,0.0000,-1.2950,0.0000,0.4067
9.726,-1.2297,-1.1960,-0.1219,3.9551,-1.8510,0.0000,-1.2950,0.0000,0.4067
9.733,-1.1846,-1.1510,-0.1219,4.0278,-1.7783,0.0000,-1.2950,0.0000,0.4067
9.737,-1.1639,-1.1302,-0.1219,4.0612,-1.7449,0.0000,-1.2950,0.0000,0.4067
9.740,-1.2914,-1.1086,-0.1219,4.0985,-1.7104,0.0000,-1.2067,0.0000,0.4067
9.744,-1.2686,-1.0857,-0.1219,4.1346,-1.6743,0.0000,-1.2067,0.0000,0.4067
9.748,-1.2463,-1.0635,-0.1219,4.1692,-1.6397,0.0000,-1.2067,0.0000,0.4067
9.755,-1.2082,-1.0254,-0.1219,4.2279,-1.5810,0.0000,-1.2067,0.0000,0.4067
9.760,-1.3333,-0.9977,-0.1219,4.2709,-1.5391,0.0000,-1.1076,0.0000,0.4067
9.765,-1.3104,-0.9747,-0.1219,4.3051,-1.5049,0.0000,-1.1076,0.0000,0.4067
9.768,-1.2932,-0.9575,-0.1219,4.3305,-1.4795,0.0000,-1.1076,0.0000,0.4067
9.772,-1.2746,-0.9390,-0.1219,4.3576,-1.4524,0.0000,-1.1076,0.0000,0.4067
9.776,-1.2551,-0.9194,-0.1219,4.3857,-1.4243,0.0000,-1.1076,0.0000,0.4067
9.780,-1.3927,-0.9008,-0.1219,4.4112,-1.3980,0.0000,-0.9977,0.0000,0.4067
9.784,-1.3737,-0.8818,-0.1219,4.4379,-1.3713,0.0000,-0.9977,0.0000,0.4067
9.787,-1.3585,-0.8667,-0.1219,4.4588,-1.3504,0.0000,-0.9977,0.0000,0.4067
9.790,-1.3435,-0.8516,-0.1219,4.4794,-1.3298,0.0000,-0.9977,0.0000,0.4067
9.793,-1.3291,-0.8372,-0.1219,4.4988,-1.3103,0.0000,-0.9977,0.0000,0.4067
9.797,-1.3134,-0.8216,-0.1219,4.5197,-1.2895,0.0000,-0.9977,0.0000,0.4067
9.800,-1.4566,-0.8065,-0.1219,4.5362,-1.2697,0.0000,-0.8785,0.0000,0.4067
9.805,-1.4390,-0.7889,-0.1219,4.5589,-1.2471,0.0000,-0.8785,0.0000,0.4067
9.808,-1.4252,-0.7751,-0.1219,4.5764,-1.2295,0.0000,-0.8785,0.0000,0.4067
9.811,-1.4113,-0.7611,-0.1219,4.5939,-1.2120,0.0000,-0.8785,0.0000,0.4067
9.815,-1.3949,-0.7448,-0.1219,4.6140,-1.1920,0.0000,-0.8785,0.0000,0.4067
9.819,-1.5421,-0.7306,-0.1219,4.6253,-1.1748,0.0000,-0.7528,0.0000,0.4067
9.824,-1.5242,-0.7126,-0.1219,4.6464,-1.1537,0.0000,-0.7528,0.0000,0.4067
9.827,-1.5101,-0.6985,-0.1219,4.6627,-1.1374,0.0000,-0.7528,0.0000,0.4067
9.832,-1.4926,-0.6810,-0.1219,4.6823,-1.1178,0.0000,-0.7528,0.0000,0.4067
9.839,-1.6128,-0.6549,-0.1219,4.7007,-1.0898,0.0000,-0.6224,0.0000,0.4067
9.843,-1.5988,-0.6409,-0.1219,4.7153,-1.0751,0.0000,-0.6224,0.0000,0.4067
9.847,-1.5862,-0.6282,-0.1219,4.7281,-1.0623,0.0000,-0.6224,0.0000,0.4067
9.852,-1.5690,-0.6111,-0.1219,4.7450,-1.0455,0.0000,-0.6224,0.0000,0.4067
9.858,-1.5512,-0.5933,-0.1219,4.7617,-1.0287,0.0000,-0.6224,0.0000,0.4067
9.862,-1.6878,-0.5804,-0.1219,4.7605,-1.0171,0.0000,-0.4875,0.0000,0.4067
9.867,-1.6726,-0.5652,-0.1219,4.7737,-1.0039,0.0000,-0.4875,0.0000,0.4067
9.870,-1.6624,-0.5550,-0.1219,4.7822,-0.9954,0.0000,-0.4875,0.0000,0.4067
9.873,-1.6523,-0.5449,-0.1219,4.7903,-0.9873,0.0000,-0.4875,0.0000,0.4067
9.877,-1.6425,-0.5351,-0.1219,4.7979,-0.9797,0.0000,-0.4875,0.0000,0.4067
9.881,-1.7860,-0.5244,-0.1219,4.7897,-0.9718,0.0000,-0.3489,0.0000,0.4067
9.885,-1.7743,-0.5128,-0.1219,4.7979,-0.9636,0.0000,-0.3489,0.0000,0.4067
9.888,-1.7649,-0.5034,-0.1219,4.8042,-0.9573,0.0000,-0.3489,0.0000,0.4067
9.892,-1.7557,-0.4942,-0.1219,4.8101,-0.9514,0.0000,-0.3489,0.0000,0.4067
9.895,-1.7453,-0.4837,-0.1219,4.8164,-0.9451,0.0000,-0.3489,0.0000,0.4067
9.900,-1.8874,-0.4717,-0.1219,4.8032,-0.9386,0.0000,-0.2065,0.0000,0.4067
9.908,-1.8668,-0.4512,-0.1217,4.8126,-0.9292,0.0000,-0.2065,0.0000,0.4067
9.914,-1.8538,-0.4382,-0.1214,4.8177,-0.9241,0.0000,-0.2065,0.0000,0.4067
9.917,-1.8451,-0.4294,-0.1212,4.8207,-0.9210,0.0000,-0.2065,0.0000,0.4067
9.921,-1.9912,-0.4210,-0.1211,4.7998,-0.9184,0.0000,-0.0605,0.0000,0.4067
9.925,-1.9820,-0.4118,-0.1209,4.8021,-0.9161,0.0000,-0.0605,0.0000,0.4067
9.929,-1.9729,-0.4026,-0.1207,4.8040,-0.9142,0.0000,-0.0605,0.0000,0.4067
9.934,-1.9611,-0.3909,-0.1206,4.8056,-0.9126,0.0000,-0.0605,0.0000,0.4067
9.942,-2.1014,-0.3751,-0.1203,4.7784,-0.9124,0.0000,0.0892,0.0000,0.4067
9.946,-2.0925,-0.3662,-0.1200,4.7779,-0.9129,0.0000,0.0892,0.0000,0.4067
9.950,-2.0854,-0.3591,-0.1198,4.7771,-0.9136,0.0000,0.0892,0.0000,0.4067
9.953,-2.0790,-0.3526,-0.1197,4.7760,-0.9147,0.0000,0.0892,0.0000,0.4067
9.957,-2.0727,-0.3464,-0.1195,4.7747,-0.9160,0.0000,0.0892,0.0000,0.4067
9.960,-2.2236,-0.3401,-0.1194,4.7412,-0.9177,0.0000,0.2311,0.0000,0.4067
9.964,-2.2152,-0.3317,-0.1193,4.7383,-0.9206,0.0000,0.2311,0.0000,0.4067
9.968,-2.2092,-0.3257,-0.1191,4.7359,-0.9231,0.0000,0.2311,0.0000,0.4067
9.971,-2.2032,-0.3197,-0.1189,4.7331,-0.9259,0.0000,0.2311,0.0000,0.4067
9.975,-2.1966,-0.3131,-0.1188,4.7295,-0.9295,0.0000,0.2311,0.0000,0.4067
9.979,-2.3447,-0.3067,-0.1186,4.6890,-0.9335,0.0000,0.3586,0.0000,0.4067
9.983,-2.3373,-0.2993,-0.1184,4.6836,-0.9388,0.0000,0.3586,0.0000,0.4067
9.987,-2.3315,-0.2935,-0.1182,4.6790,-0.9435,0.0000,0.3586,0.0000,0.4067
9.990,-2.3261,-0.2882,-0.1181,4.6743,-0.9481,0.0000,0.3586,0.0000,0.4067
9.993,-2.3212,-0.2832,-0.1179,4.6696,-0.9528,0.0000,0.3586,0.0000,0.4067
9.998,-2.3145,-0.2765,-0.1178,4.6627,-0.9597,0.0000,0.3586,0.0000,0.4067
10.001,-2.4619,-0.2712,-0.1176,4.6159,-0.9656,0.0000,0.4846,0.0000,0.4067
10.005,-2.4559,-0.2653,-0.1175,4.6086,-0.9729,0.0000,0.4846,0.0000,0.4067
10.008,-2.4512,-0.2606,-0.1173,4.6026,-0.9790,0.0000,0.4846,0.0000,0.4067
10.012,-2.4465,-0.2558,-0.1171,4.5960,-0.9855,0.0000,0.4846,0.0000,0.4067
10.015,-2.4413,-0.2506,-0.1170,4.5883,-0.9933,0.0000,0.4846,0.0000,0.4067
10.019,-2.5914,-0.2461,-0.1168,4.5359,-1.0005,0.0000,0.6107,0.0000,0.4067
10.023,-2.5861,-0.2409,-0.1167,4.5268,-1.0095,0.0000,0.6107,0.0000,0.4067
10.026,-2.5820,-0.2367,-0.1165,4.5193,-1.0170,0.0000,0.6107,0.0000,0.4067
10.029,-2.5776,-0.2323,-0.1163,4.5109,-1.0254,0.0000,0.6107,0.0000,0.4067
10.033,-2.5723,-0.2271,-0.1162,4.5004,-1.0359,0.0000,0.6107,0.0000,0.4067
10.037,-2.5674,-0.2222,-0.1160,4.4898,-1.0466,0.0000,0.6107,0.0000,0.4067
10.041,-2.7132,-0.2170,-0.1158,4.4281,-1.0583,0.0000,0.7355,0.0000,0.4067
10.047,-2.7062,-0.2101,-0.1156,4.4109,-1.0755,0.0000,0.7355,0.0000,0.4067
10.055,-2.6972,-0.2011,-0.1154,4.3855,-1.1009,0.0000,0.7355,0.0000,0.4067
10.063,-2.8414,-0.1926,-0.1150,4.3048,-1.1271,0.0000,0.8570,0.0000,0.4067
10.069,-2.8350,-0.1862,-0.1147,4.2835,-1.1484,0.0000,0.8570,0.0000,0.4067
10.072,-2.8313,-0.1825,-0.1144,4.2705,-1.1614,0.0000,0.8570,0.0000,0.4067
10.075,-2.8281,-0.1793,-0.1142,4.2588,-1.1732,0.0000,0.8570,0.0000,0.4067
10.079,-2.9771,-0.1759,-0.1141,4.1868,-1.1859,0.0000,0.9746,0.0000,0.4067
10.084,-2.9724,-0.1712,-0.1139,4.1680,-1.2048,0.0000,0.9746,0.0000,0.4067
10.087,-2.9690,-0.1679,-0.1137,4.1537,-1.2191,0.0000,0.9746,0.0000,0.4067
10.090,-2.9659,-0.1648,-0.1135,4.1402,-1.2326,0.0000,0.9746,0.0000,0.4067
10.094,-2.9629,-0.1617,-0.1134,4.1261,-1.2467,0.0000,0.9746,0.0000,0.4067
10.098,-2.9594,-0.1582,-0.1132,4.1093,-1.2634,0.0000,0.9746,0.0000,0.4067
10.102,-3.1022,-0.1546,-0.1131,4.0266,-1.2817,0.0000,1.0713,0.0000,0.4067
10.107,-3.0975,-0.1500,-0.1129,4.0018,-1.3064,0.0000,1.0713,0.0000,0.4067
10.111,-3.0946,-0.1470,-0.1126,3.9854,-1.3229,0.0000,1.0713,0.0000,0.4067
10.115,-3.0911,-0.1436,-0.1125,3.9656,-1.3427,0.0000,1.0713,0.0000,0.4067
10.119,-3.2362,-0.1406,-0.1123,3.8781,-1.3609,0.0000,1.1596,0.0000,0.4067
10.123,-3.2329,-0.1372,-0.1121,3.8567,-1.3823,0.0000,1.1596,0.0000,0.4067
10.126,-3.2305,-0.1348,-0.1119,3.8409,-1.3981,0.0000,1.1596,0.0000,0.4067
10.131,-3.2273,-0.1316,-0.1118,3.8188,-1.4202,0.0000,1.1596,0.0000,0.4067
10.134,-3.2246,-0.1289,-0.1116,3.7994,-1.4396,0.0000,1.1596,0.0000,0.4067
10.138,-3.2222,-0.1266,-0.1114,3.7820,-1.4570,0.0000,1.1596,0.0000,0.4067
10.141,-3.3628,-0.1243,-0.1113,3.6905,-1.4743,0.0000,1.2429,0.0000,0.4067
10.145,-3.3601,-0.1216,-0.1111,3.6692,-1.4956,0.0000,1.2429,0.0000,0.4067
10.149,-3.3573,-0.1188,-0.1109,3.6460,-1.5187,0.0000,1.2429,0.0000,0.4067
10.152,-3.3549,-0.1164,-0.1107,3.6251,-1.5396,0.0000,1.2429,0.0000,0.4067
10.157,-3.3519,-0.1134,-0.1106,3.5979,-1.5668,0.0000,1.2429,0.0000,0.4067
10.164,-3.4903,-0.1088,-0.1104,3.4736,-1.6121,0.0000,1.3200,0.0000,0.4067
10.169,-3.4875,-0.1060,-0.1100,3.4451,-1.6406,0.0000,1.3200,0.0000,0.4067
10.173,-3.4853,-0.1037,-0.1098,3.4215,-1.6641,0.0000,1.3200,0.0000,0.4067
10.176,-3.4833,-0.1017,-0.1097,3.4000,-1.6857,0.0000,1.3200,0.0000,0.4067
10.180,-3.6130,-0.0994,-0.1095,3.2896,-1.7118,0.0000,1.4040,0.0000,0.4067
10.184,-3.6108,-0.0972,-0.1093,3.2633,-1.7381,0.0000,1.4040,0.0000,0.4067
10.188,-3.6090,-0.0954,-0.1091,3.2414,-1.7600,0.0000,1.4040,0.0000,0.4067
10.191,-3.6071,-0.0935,-0.1090,3.2180,-1.7834,0.0000,1.4040,0.0000,0.4067
10.195,-3.6052,-0.0916,-0.1088,3.1928,-1.8086,0.0000,1.4040,0.0000,0.4067
10.199,-3.7125,-0.0894,-0.1087,3.0733,-1.8383,0.0000,1.4841,0.0000,0.4067
10.203,-3.7105,-0.0874,-0.1085,3.0450,-1.8666,0.0000,1.4841,0.0000,0.4067
10.207,-3.7087,-0.0855,-0.1083,3.0184,-1.8932,0.0000,1.4841,0.0000,0.4067
10.214,-3.7051,-0.0820,-0.1082,2.9629,-1.9487,0.0000,1.4841,0.0000,0.4067
10.219,-3.7919,-0.0796,-0.1078,2.8287,-1.9873,0.0000,1.5422,0.0000,0.4067
10.224,-3.7900,-0.0777,-0.1076,2.7971,-2.0190,0.0000,1.5422,0.0000,0.4067
10.227,-3.7886,-0.0763,-0.1074,2.7721,-2.0439,0.0000,1.5422,0.0000,0.4067
10.231,-3.7870,-0.0747,-0.1073,2.7440,-2.0720,0.0000,1.5422,0.0000,0.4067
10.234,-3.7854,-0.0732,-0.1071,2.7154,-2.1006,0.0000,1.5422,0.0000,0.4067
10.238,-3.7841,-0.0718,-0.1070,2.6890,-2.1270,0.0000,1.5422,0.0000,0.4067
10.241,-3.8532,-0.0704,-0.1068,2.5616,-2.1535,0.0000,1.5890,0.0000,0.4067
10.245,-3.8517,-0.0689,-0.1067,2.5310,-2.1841,0.0000,1.5890,0.0000,0.4067
10.249,-3.8502,-0.0674,-0.1065,2.4998,-2.2153,0.0000,1.5890,0.0000,0.4067
10.252,-3.8490,-0.0662,-0.1063,2.4721,-2.2430,0.0000,1.5890,0.0000,0.4067
10.256,-3.8474,-0.0646,-0.1062,2.4385,-2.2766,0.0000,1.5890,0.0000,0.4067
10.261,-3.8995,-0.0630,-0.1060,2.2946,-2.3144,0.0000,1.6277,0.0000,0.4067
10.269,-3.8966,-0.0602,-0.1058,2.2238,-2.3852,0.0000,1.6277,0.0000,0.4067
10.273,-3.8950,-0.0586,-0.1055,2.1830,-2.4261,0.0000,1.6277,0.0000,0.4067
10.277,-3.8939,-0.0574,-0.1053,2.1537,-2.4553,0.0000,1.6277,0.0000,0.4067
10.280,-3.9311,-0.0563,-0.1051,2.0105,-2.4876,0.0000,1.6577,0.0000,0.4067
10.285,-3.9297,-0.0549,-0.1050,1.9714,-2.5267,0.0000,1.6577,0.0000,0.4067
10.288,-3.9286,-0.0537,-0.1048,1.9388,-2.5593,0.0000,1.6577,0.0000,0.4067
10.292,-3.9276,-0.0528,-0.1046,1.9090,-2.5891,0.0000,1.6577,0.0000,0.4067
10.295,-3.9266,-0.0518,-0.1045,1.8799,-2.6181,0.0000,1.6577,0.0000,0.4067
10.299,-3.9501,-0.0506,-0.1044,1.7283,-2.6542,0.0000,1.6783,0.0000,0.4067
10.303,-3.9489,-0.0495,-0.1042,1.6914,-2.6911,0.0000,1.6783,0.0000,0.4067
10.306,-3.9479,-0.0485,-0.1040,1.6576,-2.7249,0.0000,1.6783,0.0000,0.4067
10.311,-3.9467,-0.0472,-0.1039,1.6137,-2.7688,0.0000,1.6783,0.0000,0.4067
10.316,-3.9453,-0.0459,-0.1037,1.5669,-2.8155,0.0000,1.6783,0.0000,0.4067
10.320,-3.9567,-0.0450,-0.1035,1.4121,-2.8503,0.0000,1.6767,0.0000,0.4067
10.323,-3.9557,-0.0440,-0.1033,1.3754,-2.8870,0.0000,1.6767,0.0000,0.4067
10.335,-3.9527,-0.0409,-0.1031,1.2505,-3.0119,0.0000,1.6767,0.0000,0.4067
10.340,-3.9528,-0.0398,-0.1026,1.0789,-3.0594,0.0000,1.6645,0.0000,0.4067
10.345,-3.9516,-0.0387,-0.1024,1.0281,-3.1102,0.0000,1.6645,0.0000,0.4067
10.350,-3.9505,-0.0376,-0.1022,0.9784,-3.1599,0.0000,1.6645,0.0000,0.4067
10.354,-3.9497,-0.0367,-0.1020,0.9380,-3.2002,0.0000,1.6645,0.0000,0.4067
10.358,-3.9412,-0.0360,-0.1018,0.7731,-3.2361,0.0000,1.5484,0.0000,0.4067
10.366,-3.9395,-0.0342,-0.1017,0.6860,-3.3231,0.0000,1.5484,0.0000,0.4067
10.372,-3.9384,-0.0331,-0.1013,0.6285,-3.3806,0.0000,1.5484,0.0000,0.4067
10.379,-3.9208,-0.0318,-0.1011,0.4220,-3.4538,0.0000,1.4200,0.0000,0.4067
10.383,-3.9201,-0.0310,-0.1008,0.3798,-3.4960,0.0000,1.4200,0.0000,0.4067
10.387,-3.9195,-0.0305,-0.1006,0.3466,-3.5292,0.0000,1.4200,0.0000,0.4067
10.390,-3.9189,-0.0299,-0.1005,0.3124,-3.5634,0.0000,1.4200,0.0000,0.4067
10.393,-3.9183,-0.0293,-0.1004,0.2796,-3.5962,0.0000,1.4200,0.0000,0.4067
10.397,-3.9177,-0.0287,-0.1002,0.2423,-3.6335,0.0000,1.4200,0.0000,0.4067
10.400,-3.8932,-0.0282,-0.1001,0.0717,-3.6676,0.0000,1.2930,0.0000,0.4067
10.405,-3.8925,-0.0274,-0.1000,0.0273,-3.7121,0.0000,1.2930,0.0000,0.4067
10.409,-3.8918,-0.0268,-0.0998,-0.0156,-3.7549,0.0000,1.2930,0.0000,0.4067
10.413,-3.8913,-0.0262,-0.0996,-0.0523,-3.7917,0.0000,1.2930,0.0000,0.4067
10.416,-3.8907,-0.0256,-0.0995,-0.0913,-3.8306,0.0000,1.2930,0.0000,0.4067
10.420,-3.8584,-0.0251,-0.0993,-0.2626,-3.8647,0.0000,1.2310,0.0000,0.4067
10.424,-3.8578,-0.0246,-0.0992,-0.3015,-3.9036,0.0000,1.2310,0.0000,0.4067
10.427,-3.8573,-0.0241,-0.0990,-0.3362,-3.9383,0.0000,1.2310,0.0000,0.4067
10.431,-3.8568,-0.0236,-0.0989,-0.3729,-3.9750,0.0000,1.2310,0.0000,0.4067
10.434,-3.8564,-0.0231,-0.0988,-0.4067,-4.0088,0.0000,1.2310,0.0000,0.4067
10.438,-3.8559,-0.0227,-0.0986,-0.4397,-4.0418,0.0000,1.2310,0.0000,0.4067
10.441,-3.7999,-0.0222,-0.0985,-0.6154,-4.0745,0.0000,1.0183,0.0000,0.4067
10.445,-3.7994,-0.0218,-0.0984,-0.6517,-4.1108,0.0000,1.0183,0.0000,0.4067
10.449,-3.7989,-0.0213,-0.0982,-0.6883,-4.1474,0.0000,1.0183,0.0000,0.4067
10.452,-3.7985,-0.0209,-0.0981,-0.7206,-4.1797,0.0000,1.0183,0.0000,0.4067
10.455,-3.7981,-0.0205,-0.0980,-0.7521,-4.2112,0.0000,1.0183,0.0000,0.4067
10.459,-3.7139,-0.0201,-0.0978,-0.9247,-4.2432,0.0000,0.9368,0.0000,0.4067
10.463,-3.7134,-0.0196,-0.0977,-0.9632,-4.2817,0.0000,0.9368,0.0000,0.4067
10.466,-3.7130,-0.0192,-0.0976,-0.9969,-4.3154,0.0000,0.9368,0.0000,0.4067
10.470,-3.7127,-0.0189,-0.0974,-1.0278,-4.3463,0.0000,0.9368,0.0000,0.4067
10.474,-3.7122,-0.0184,-0.0973,-1.0687,-4.3872,0.0000,0.9368,0.0000,0.4067
10.481,-3.6104,-0.0176,-0.0971,-1.2751,-4.4509,0.0000,0.7839,0.0000,0.4067
10.485,-3.6100,-0.0172,-0.0969,-1.3117,-4.4875,0.0000,0.7839,0.0000,0.4067
10.488,-3.6097,-0.0169,-0.0967,-1.3410,-4.5169,0.0000,0.7839,0.0000,0.4067
10.492,-3.6093,-0.0166,-0.0966,-1.3706,-4.5464,0.0000,0.7839,0.0000,0.4067
10.495,-3.6090,-0.0163,-0.0965,-1.3983,-4.5742,0.0000,0.7839,0.0000,0.4067
10.499,-3.4841,-0.0159,-0.0964,-1.5709,-4.6067,0.0000,0.6933,0.0000,0.4067
10.503,-3.4837,-0.0155,-0.0962,-1.6044,-4.6402,0.0000,0.6933,0.0000,0.4067
10.507,-3.4833,-0.0152,-0.0961,-1.6359,-4.6717,0.0000,0.6933,0.0000,0.4067
10.511,-3.4830,-0.0149,-0.0960,-1.6663,-4.7022,0.0000,0.6933,0.0000,0.4067
10.518,-3.3428,-0.0142,-0.0958,-1.8661,-4.7639,0.0000,0.6054,0.0000,0.4067
10.524,-3.3424,-0.0138,-0.0956,-1.9057,-4.8036,0.0000,0.6054,0.0000,0.4067
10.527,-3.3421,-0.0135,-0.0954,-1.9299,-4.8277,0.0000,0.6054,0.0000,0.4067
10.531,-3.3418,-0.0132,-0.0953,-1.9565,-4.8543,0.0000,0.6054,0.0000,0.4067
10.534,-3.3416,-0.0130,-0.0951,-1.9813,-4.8791,0.0000,0.6054,0.0000,0.4067
10.537,-3.3413,-0.0127,-0.0950,-2.0037,-4.9015,0.0000,0.6054,0.0000,0.4067
10.541,-3.1869,-0.0125,-0.0949,-2.1613,-4.9237,0.0000,0.5175,0.0000,0.4067
10.545,-3.1866,-0.0122,-0.0948,-2.1878,-4.9502,0.0000,0.5175,0.0000,0.4067
10.550,-3.1863,-0.0118,-0.0947,-2.2221,-4.9845,0.0000,0.5175,0.0000,0.4067
10.554,-3.1860,-0.0115,-0.0945,-2.2479,-5.0103,0.0000,0.5175,0.0000,0.4067
10.557,-3.1858,-0.0113,-0.0943,-2.2682,-5.0307,0.0000,0.5175,0.0000,0.4067
10.561,-3.0157,-0.0111,-0.0942,-2.4191,-5.0497,0.0000,0.4319,0.0000,0.4067
10.565,-3.0154,-0.0108,-0.0941,-2.4445,-5.0751,0.0000,0.4319,0.0000,0.4067
10.569,-3.0152,-0.0106,-0.0940,-2.4640,-5.0945,0.0000,0.4319,0.0000,0.4067
10.572,-3.0150,-0.0104,-0.0938,-2.4816,-5.1121,0.0000,0.4319,0.0000,0.4067
10.575,-3.0148,-0.0102,-0.0937,-2.4982,-5.1287,0.0000,0.4319,0.0000,0.4067
10.578,-2.6385,-0.0100,-0.0936,-2.6441,-5.1454,0.0000,0.3471,0.0000,0.4067
10.584,-2.6382,-0.0097,-0.0935,-2.6718,-5.1731,0.0000,0.3471,0.0000,0.4067
10.591,-2.6378,-0.0093,-0.0933,-2.7039,-5.2052,0.0000,0.3471,0.0000,0.4067
10.595,-2.6376,-0.0091,-0.0931,-2.7181,-5.2195,0.0000,0.3471,0.0000,0.4067
10.599,-2.2738,-0.0089,-0.0930,-2.8574,-5.2345,0.0000,0.2368,0.0000,0.4067
10.603,-2.2735,-0.0086,-0.0929,-2.8739,-5.2510,0.0000,0.2368,0.0000,0.4067
10.607,-2.2734,-0.0085,-0.0927,-2.8861,-5.2632,0.0000,0.2368,0.0000,0.4067
10.610,-2.2732,-0.0083,-0.0926,-2.8969,-5.2741,0.0000,0.2368,0.0000,0.4067
10.614,-2.2730,-0.0081,-0.0925,-2.9082,-5.2854,0.0000,0.2368,0.0000,0.4067
10.617,-2.2729,-0.0080,-0.0924,-2.9184,-5.2955,0.0000,0.2368,0.0000,0.4067
10.620,-1.9182,-0.0078,-0.0923,-3.0457,-5.3044,0.0000,0.1140,0.0000,0.4067
10.624,-1.9180,-0.0077,-0.0922,-3.0552,-5.3139,0.0000,0.1140,0.0000,0.4067
10.627,-1.9178,-0.0075,-0.0921,-3.0628,-5.3215,0.0000,0.1140,0.0000,0.4067
10.631,-1.9177,-0.0073,-0.0920,-3.0706,-5.3294,0.0000,0.1140,0.0000,0.4067
10.634,-1.9175,-0.0072,-0.0918,-3.0774,-5.3362,0.0000,0.1140,0.0000,0.4067
10.638,-1.9174,-0.0071,-0.0917,-3.0835,-5.3422,0.0000,0.1140,0.0000,0.4067
10.641,-1.5703,-0.0069,-0.0916,-3.2007,-5.3473,0.0000,-0.0167,0.0000,0.4067
10.645,-1.5702,-0.0067,-0.0915,-3.2042,-5.3508,0.0000,-0.0167,0.0000,0.4067
10.649,-1.5700,-0.0066,-0.0914,-3.2047,-5.3514,0.0000,-0.0167,0.0000,0.4067
10.653,-1.5699,-0.0065,-0.0913,-3.2034,-5.3501,0.0000,-0.0167,0.0000,0.4067
10.656,-1.5698,-0.0064,-0.0912,-3.2006,-5.3473,0.0000,-0.0167,0.0000,0.4067
10.659,-1.2308,-0.0062,-0.0911,-3.3014,-5.3429,0.0000,-0.1419,0.0000,0.4067
10.663,-1.2306,-0.0061,-0.0910,-3.2929,-5.3344,0.0000,-0.1419,0.0000,0.4067
10.671,-1.2303,-0.0058,-0.0909,-3.2712,-5.3126,0.0000,-0.1419,0.0000,0.4067
10.677,-1.2301,-0.0056,-0.0906,-3.2513,-5.2928,0.0000,-0.1419,0.0000,0.4067
10.681,-0.9022,-0.0055,-0.0905,-3.3326,-5.2759,0.0000,-0.2593,0.0000,0.4067
10.685,-0.9021,-0.0053,-0.0903,-3.3139,-5.2572,0.0000,-0.2593,0.0000,0.4067
10.690,-0.9019,-0.0052,-0.0902,-3.2951,-5.2384,0.0000,-0.2593,0.0000,0.4067
10.697,-0.9017,-0.0050,-0.0901,-3.2662,-5.2095,0.0000,-0.2593,0.0000,0.4067
10.701,-0.5801,-0.0049,-0.0899,-3.3407,-5.1929,0.0000,-0.3695,0.0000,0.4067
10.705,-0.5800,-0.0047,-0.0897,-3.3257,-5.1779,0.0000,-0.3695,0.0000,0.4067
10.709,-0.5799,-0.0046,-0.0896,-3.3143,-5.1665,0.0000,-0.3695,0.0000,0.4067
10.713,-0.5797,-0.0045,-0.0895,-3.3026,-5.1548,0.0000,-0.3695,0.0000,0.4067
10.717,-0.5796,-0.0044,-0.0894,-3.2925,-5.1447,0.0000,-0.3695,0.0000,0.4067
10.721,-0.2665,-0.0043,-0.0893,-3.3678,-5.1358,0.0000,-0.4723,0.0000,0.4067
10.725,-0.2664,-0.0042,-0.0892,-3.3592,-5.1272,0.0000,-0.4723,0.0000,0.4067
10.728,-0.2663,-0.0042,-0.0891,-3.3530,-5.1209,0.0000,-0.4723,0.0000,0.4067
10.732,-0.2663,-0.0041,-0.0890,-3.3466,-5.1146,0.0000,-0.4723,0.0000,0.4067
10.735,-0.2662,-0.0040,-0.0889,-3.3417,-5.1096,0.0000,-0.4723,0.0000,0.4067
10.739,0.0379,-0.0039,-0.0888,-3.4149,-5.1051,0.0000,-0.5755,0.0000,0.4067
10.743,0.0380,-0.0038,-0.0887,-3.4106,-5.1007,0.0000,-0.5755,0.0000,0.4067
10.746,0.0380,-0.0037,-0.0886,-3.4073,-5.0974,0.0000,-0.5755,0.0000,0.4067
10.751,0.0381,-0.0036,-0.0885,-3.4045,-5.0947,0.0000,-0.5755,0.0000,0.4067
10.755,0.0382,-0.0036,-0.0883,-3.4026,-5.0928,0.0000,-0.5755,0.0000,0.4067
10.758,0.0383,-0.0035,-0.0882,-3.4016,-5.0917,0.0000,-0.5755,0.0000,0.4067
10.761,0.3320,-0.0034,-0.0881,-3.4725,-5.0912,0.0000,-0.6656,0.0000,0.4067
10.765,0.3321,-0.0033,-0.0881,-3.4726,-5.0913,0.0000,-0.6656,0.0000,0.4067
10.769,0.3322,-0.0033,-0.0879,-3.4732,-5.0919,0.0000,-0.6656,0.0000,0.4067
10.772,0.3322,-0.0032,-0.0879,-3.4743,-5.0930,0.0000,-0.6656,0.0000,0.4067
10.776,0.3323,-0.0031,-0.0878,-3.4757,-5.0944,0.0000,-0.6656,0.0000,0.4067
10.779,0.6207,-0.0031,-0.0877,-3.5434,-5.0963,0.0000,-0.7501,0.0000,0.4067
10.783,0.6207,-0.0030,-0.0876,-3.5465,-5.0995,0.0000,-0.7501,0.0000,0.4067
10.787,0.6208,-0.0029,-0.0875,-3.5492,-5.1022,0.0000,-0.7501,0.0000,0.4067
10.791,0.6209,-0.0029,-0.0874,-3.5534,-5.1064,0.0000,-0.7501,0.0000,0.4067
10.798,0.6210,-0.0028,-0.0873,-3.5616,-5.1145,0.0000,-0.7501,0.0000,0.4067
10.801,0.8991,-0.0027,-0.0871,-3.6267,-5.1192,0.0000,-0.8284,0.0000,0.4067
10.806,0.8992,-0.0026,-0.0870,-3.6326,-5.1251,0.0000,-0.8284,0.0000,0.4067
10.809,0.8992,-0.0026,-0.0869,-3.6374,-5.1299,0.0000,-0.8284,0.0000,0.4067
10.813,0.8993,-0.0025,-0.0868,-3.6435,-5.1360,0.0000,-0.8284,0.0000,0.4067
10.817,0.8993,-0.0025,-0.0867,-3.6498,-5.1423,0.0000,-0.8284,0.0000,0.4067
10.824,1.1717,-0.0023,-0.0866,-3.7193,-5.1562,0.0000,-0.9217,0.0000,0.4067
10.830,1.1717,-0.0023,-0.0864,-3.7298,-5.1667,0.0000,-0.9217,0.0000,0.4067
10.833,1.1718,-0.0022,-0.0863,-3.7368,-5.1737,0.0000,-0.9217,0.0000,0.4067
10.837,1.1718,-0.0022,-0.0862,-3.7433,-5.1802,0.0000,-0.9217,0.0000,0.4067
10.840,1.4393,-0.0021,-0.0861,-3.8014,-5.1870,0.0000,-1.0099,0.0000,0.4067
10.844,1.4393,-0.0021,-0.0860,-3.8091,-5.1947,0.0000,-1.0099,0.0000,0.4067
10.848,1.4394,-0.0020,-0.0859,-3.8170,-5.2026,0.0000,-1.0099,0.0000,0.4067
10.852,1.4394,-0.0020,-0.0858,-3.8255,-5.2111,0.0000,-1.0099,0.0000,0.4067
10.855,1.4395,-0.0020,-0.0857,-3.8324,-5.2180,0.0000,-1.0099,0.0000,0.4067
10.858,1.6942,-0.0019,-0.0856,-3.8870,-5.2250,0.0000,-1.1028,0.0000,0.4067
10.862,1.6942,-0.0019,-0.0856,-3.8956,-5.2335,0.0000,-1.1028,0.0000,0.4067
10.866,1.6943,-0.0018,-0.0855,-3.9038,-5.2417,0.0000,-1.1028,0.0000,0.4067
10.869,1.6943,-0.0018,-0.0854,-3.9111,-5.2490,0.0000,-1.1028,0.0000,0.4067
10.872,1.6943,-0.0018,-0.0853,-3.9183,-5.2562,0.0000,-1.1028,0.0000,0.4067
10.875,1.6944,-0.0017,-0.0852,-3.9256,-5.2635,0.0000,-1.1028,0.0000,0.4067
10.879,1.9395,-0.0017,-0.0851,-3.9779,-5.2711,0.0000,-1.1887,0.0000,0.4067
10.883,1.9395,-0.0017,-0.0851,-3.9874,-5.2805,0.0000,-1.1887,0.0000,0.4067
10.886,1.9396,-0.0016,-0.0850,-3.9946,-5.2877,0.0000,-1.1887,0.0000,0.4067
10.889,1.9396,-0.0016,-0.0849,-4.0015,-5.2947,0.0000,-1.1887,0.0000,0.4067
10.893,1.9396,-0.0016,-0.0848,-4.0085,-5.3017,0.0000,-1.1887,0.0000,0.4067
10.897,1.9397,-0.0015,-0.0847,-4.0185,-5.3117,0.0000,-1.1887,0.0000,0.4067
10.904,2.1788,-0.0015,-0.0846,-4.0757,-5.3266,0.0000,-1.2646,0.0000,0.4067
10.908,2.1788,-0.0014,-0.0845,-4.0838,-5.3346,0.0000,-1.2646,0.0000,0.4067
10.912,2.1788,-0.0014,-0.0844,-4.0906,-5.3415,0.0000,-1.2646,0.0000,0.4067
10.915,2.1789,-0.0014,-0.0843,-4.0981,-5.3489,0.0000,-1.2646,0.0000,0.4067
10.919,2.3944,-0.0013,-0.0842,-4.1456,-5.3554,0.0000,-1.3352,0.0000,0.4067
10.922,2.3945,-0.0013,-0.0841,-4.1527,-5.3625,0.0000,-1.3352,0.0000,0.4067
10.926,2.3945,-0.0013,-0.0840,-4.1589,-5.3687,0.0000,-1.3352,0.0000,0.4067
10.929,2.3945,-0.0013,-0.0840,-4.1655,-5.3753,0.0000,-1.3352,0.0000,0.4067
10.933,2.3945,-0.0012,-0.0839,-4.1717,-5.3815,0.0000,-1.3352,0.0000,0.4067
10.936,2.3946,-0.0012,-0.0838,-4.1773,-5.3871,0.0000,-1.3352,0.0000,0.4067
10.939,2.5838,-0.0012,-0.0837,-4.2232,-5.3925,0.0000,-1.3972,0.0000,0.4067
10.943,2.5838,-0.0012,-0.0836,-4.2294,-5.3987,0.0000,-1.3972,0.0000,0.4067
10.947,2.5838,-0.0011,-0.0836,-4.2350,-5.4043,0.0000,-1.3972,0.0000,0.4067
10.951,2.5839,-0.0011,-0.0835,-4.2400,-5.4093,0.0000,-1.3972,0.0000,0.4067
10.954,2.5839,-0.0011,-0.0834,-4.2445,-5.4137,0.0000,-1.3972,0.0000,0.4067
10.957,2.5839,-0.0011,-0.0833,-4.2487,-5.4180,0.0000,-1.3972,0.0000,0.4067
10.960,2.7487,-0.0010,-0.0833,-4.2932,-5.4221,0.0000,-1.4594,0.0000,0.4067
10.964,2.7487,-0.0010,-0.0832,-4.2980,-5.4269,0.0000,-1.4594,0.0000,0.4067
10.968,2.7488,-0.0010,-0.0831,-4.3018,-5.4307,0.0000,-1.4594,0.0000,0.4067
10.976,2.7488,-0.0010,-0.0830,-4.3088,-5.4378,0.0000,-1.4594,0.0000,0.4067
10.981,2.8913,-0.0009,-0.0828,-4.3539,-5.4420,0.0000,-1.5147,0.0000,0.4067
10.986,2.8914,-0.0009,-0.0827,-4.3569,-5.4451,0.0000,-1.5147,0.0000,0.4067
10.989,2.8914,-0.0009,-0.0826,-4.3592,-5.4473,0.0000,-1.5147,0.0000,0.4067
10.993,2.8914,-0.0009,-0.0826,-4.3609,-5.4490,0.0000,-1.5147,0.0000,0.4067
10.997,2.8914,-0.0008,-0.0825,-4.3624,-5.4505,0.0000,-1.5147,0.0000,0.4067
11.000,3.0135,-0.0008,-0.0824,-4.4051,-5.4515,0.0000,-1.5625,0.0000,0.4067
11.005,3.0135,-0.0008,-0.0823,-4.4058,-5.4522,0.0000,-1.5625,0.0000,0.4067
11.009,3.0135,-0.0008,-0.0822,-4.4060,-5.4524,0.0000,-1.5625,0.0000,0.4067
11.016,3.0135,-0.0007,-0.0821,-4.4050,-5.4514,0.0000,-1.5625,0.0000,0.4067
11.020,3.1168,-0.0007,-0.0820,-4.4470,-5.4504,0.0000,-1.6023,0.0000,0.4067
11.025,3.1169,-0.0007,-0.0819,-4.4453,-5.4487,0.0000,-1.6023,0.0000,0.4067
11.028,3.1169,-0.0007,-0.0818,-4.4435,-5.4469,0.0000,-1.6023,0.0000,0.4067
11.032,3.1169,-0.0007,-0.0817,-4.4412,-5.4447,0.0000,-1.6023,0.0000,0.4067
11.035,3.1169,-0.0007,-0.0817,-4.4389,-5.4423,0.0000,-1.6023,0.0000,0.4067
11.039,3.2030,-0.0006,-0.0816,-4.4806,-5.4394,0.0000,-1.6340,0.0000,0.4067
11.043,3.2030,-0.0006,-0.0815,-4.4771,-5.4359,0.0000,-1.6340,0.0000,0.4067
11.047,3.2031,-0.0006,-0.0814,-4.4735,-5.4323,0.0000,-1.6340,0.0000,0.4067
11.050,3.2031,-0.0006,-0.0814,-4.4695,-5.4283,0.0000,-1.6340,0.0000,0.4067
11.054,3.2031,-0.0006,-0.0813,-4.4644,-5.4232,0.0000,-1.6340,0.0000,0.4067
11.058,3.2735,-0.0006,-0.0812,-4.5061,-5.4184,0.0000,-1.6579,0.0000,0.4067
11.062,3.2735,-0.0006,-0.0811,-4.5003,-5.4125,0.0000,-1.6579,0.0000,0.4067
11.066,3.2735,-0.0006,-0.0811,-4.4942,-5.4065,0.0000,-1.6579,0.0000,0.4067
11.070,3.2736,-0.0005,-0.0810,-4.4866,-5.3989,0.0000,-1.6579,0.0000,0.4067
11.075,3.2736,-0.0005,-0.0809,-4.4786,-5.3908,0.0000,-1.6579,0.0000,0.4067
11.078,3.3297,-0.0005,-0.0808,-4.5207,-5.3842,0.0000,-1.6741,0.0000,0.4067
11.083,3.3297,-0.0005,-0.0807,-4.5113,-5.3749,0.0000,-1.6741,0.0000,0.4067
11.086,3.3297,-0.0005,-0.0807,-4.5041,-5.3677,0.0000,-1.6741,0.0000,0.4067
11.089,3.3297,-0.0005,-0.0806,-4.4969,-5.3604,0.0000,-1.6741,0.0000,0.4067
11.092,3.3297,-0.0005,-0.0805,-4.4894,-5.3529,0.0000,-1.6741,0.0000,0.4067
11.096,3.3297,-0.0005,-0.0805,-4.4810,-5.3445,0.0000,-1.6741,0.0000,0.4067
11.100,3.3595,-0.0005,-0.0804,-4.5230,-5.3353,0.0000,-1.6906,0.0000,0.4067
11.103,3.3595,-0.0004,-0.0803,-4.5126,-5.3249,0.0000,-1.6906,0.0000,0.4067
11.107,3.3595,-0.0004,-0.0803,-4.5033,-5.3156,0.0000,-1.6906,0.0000,0.4067
11.112,3.3595,-0.0004,-0.0802,-4.4881,-5.3004,0.0000,-1.6906,0.0000,0.4067
11.120,3.3562,-0.0004,-0.0801,-4.5158,-5.2735,0.0000,-1.6974,0.0000,0.4067
11.129,3.3562,-0.0004,-0.0799,-4.4860,-5.2437,0.0000,-1.6974,0.0000,0.4067
11.135,3.3562,-0.0004,-0.0798,-4.4670,-5.2246,0.0000,-1.6974,0.0000,0.4067
11.139,3.3234,-0.0004,-0.0797,-4.5104,-5.2101,0.0000,-1.6959,0.0000,0.4067
11.143,3.3234,-0.0003,-0.0796,-4.4958,-5.1955,0.0000,-1.6959,0.0000,0.4067
11.146,3.3234,-0.0003,-0.0795,-4.4817,-5.1815,0.0000,-1.6959,0.0000,0.4067
11.150,3.3234,-0.0003,-0.0795,-4.4680,-5.1677,0.0000,-1.6959,0.0000,0.4067
11.153,3.3234,-0.0003,-0.0794,-4.4553,-5.1550,0.0000,-1.6959,0.0000,0.4067
11.156,3.3234,-0.0003,-0.0793,-4.4428,-5.1425,0.0000,-1.6959,0.0000,0.4067
11.160,3.2670,-0.0003,-0.0793,-4.4905,-5.1287,0.0000,-1.6869,0.0000,0.4067
11.164,3.2670,-0.0003,-0.0792,-4.4716,-5.1098,0.0000,-1.6869,0.0000,0.4067
11.168,3.2670,-0.0003,-0.0791,-4.4571,-5.0953,0.0000,-1.6869,0.0000,0.4067
11.171,3.2670,-0.0003,-0.0791,-4.4432,-5.0814,0.0000,-1.6869,0.0000,0.4067
11.174,3.2671,-0.0003,-0.0790,-4.4272,-5.0654,0.0000,-1.6869,0.0000,0.4067
11.178,3.2671,-0.0003,-0.0790,-4.4122,-5.0504,0.0000,-1.6869,0.0000,0.4067
11.181,3.1865,-0.0003,-0.0789,-4.4598,-5.0337,0.0000,-1.6694,0.0000,0.4067
11.185,3.1865,-0.0003,-0.0788,-4.4416,-5.0154,0.0000,-1.6694,0.0000,0.4067
11.189,3.1865,-0.0003,-0.0788,-4.4260,-4.9999,0.0000,-1.6694,0.0000,0.4067
11.192,3.1865,-0.0003,-0.0787,-4.4097,-4.9835,0.0000,-1.6694,0.0000,0.4067
11.195,3.1865,-0.0003,-0.0787,-4.3932,-4.9671,0.0000,-1.6694,0.0000,0.4067
11.199,3.0834,-0.0002,-0.0786,-4.4411,-4.9491,0.0000,-1.6515,0.0000,0.4067
11.203,3.0835,-0.0002,-0.0785,-4.4214,-4.9294,0.0000,-1.6515,0.0000,0.4067
11.206,3.0835,-0.0002,-0.0785,-4.4044,-4.9124,0.0000,-1.6515,0.0000,0.4067
11.210,3.0835,-0.0002,-0.0784,-4.3872,-4.8951,0.0000,-1.6515,0.0000,0.4067
11.213,3.0835,-0.0002,-0.0783,-4.3690,-4.8770,0.0000,-1.6515,0.0000,0.4067
11.218,3.0835,-0.0002,-0.0783,-4.3447,-4.8527,0.0000,-1.6515,0.0000,0.4067
11.225,2.9645,-0.0002,-0.0782,-4.3726,-4.8145,0.0000,-1.6401,0.0000,0.4067
11.229,2.9645,-0.0002,-0.0781,-4.3497,-4.7915,0.0000,-1.6401,0.0000,0.4067
11.233,2.9645,-0.0002,-0.0780,-4.3295,-4.7713,0.0000,-1.6401,0.0000,0.4067
11.236,2.9645,-0.0002,-0.0780,-4.3116,-4.7535,0.0000,-1.6401,0.0000,0.4067
11.240,2.8231,-0.0002,-0.0779,-4.3580,-4.7333,0.0000,-1.6204,0.0000,0.4067
11.243,2.8231,-0.0002,-0.0779,-4.3360,-4.7113,0.0000,-1.6204,0.0000,0.4067
11.247,2.8231,-0.0002,-0.0778,-4.3149,-4.6902,0.0000,-1.6204,0.0000,0.4067
11.251,2.8231,-0.0002,-0.0777,-4.2953,-4.6707,0.0000,-1.6204,0.0000,0.4067
11.254,2.8231,-0.0002,-0.0777,-4.2757,-4.6511,0.0000,-1.6204,0.0000,0.4067
11.257,2.8231,-0.0002,-0.0776,-4.2567,-4.6321,0.0000,-1.6204,0.0000,0.4067
11.260,2.6736,-0.0002,-0.0776,-4.3039,-4.6133,0.0000,-1.5873,0.0000,0.4067
11.265,2.6736,-0.0002,-0.0775,-4.2786,-4.5880,0.0000,-1.5873,0.0000,0.4067
11.268,2.6737,-0.0002,-0.0774,-4.2587,-4.5681,0.0000,-1.5873,0.0000,0.4067
11.272,2.6737,-0.0002,-0.0774,-4.2343,-4.5437,0.0000,-1.5873,0.0000,0.4067
11.281,2.5107,-0.0001,-0.0773,-4.2413,-4.4860,0.0000,-1.5442,0.0000,0.4067
11.289,2.5107,-0.0001,-0.0772,-4.1954,-4.4402,0.0000,-1.5442,0.0000,0.4067
11.294,2.5107,-0.0001,-0.0771,-4.1642,-4.4089,0.0000,-1.5442,0.0000,0.4067
11.299,2.3361,-0.0001,-0.0770,-4.1908,-4.3725,0.0000,-1.4829,0.0000,0.4067
11.304,2.3361,-0.0001,-0.0769,-4.1618,-4.3435,0.0000,-1.4829,0.0000,0.4067
11.308,2.3361,-0.0001,-0.0768,-4.1339,-4.3156,0.0000,-1.4829,0.0000,0.4067
11.313,2.3361,-0.0001,-0.0768,-4.1079,-4.2896,0.0000,-1.4829,0.0000,0.4067
11.318,2.3361,-0.0001,-0.0767,-4.0753,-4.2570,0.0000,-1.4829,0.0000,0.4067
11.324,2.1543,-0.0001,-0.0766,-4.0963,-4.2178,0.0000,-1.4121,0.0000,0.4067
11.331,2.1543,-0.0001,-0.0765,-4.0517,-4.1731,0.0000,-1.4121,0.0000,0.4067
11.339,1.9597,-0.0001,-0.0764,-4.0513,-4.1159,0.0000,-1.3340,0.0000,0.4067
11.344,1.9597,-0.0001,-0.0763,-4.0203,-4.0849,0.0000,-1.3340,0.0000,0.4067
11.350,1.9597,-0.0001,-0.0762,-3.9845,-4.0490,0.0000,-1.3340,0.0000,0.4067
11.354,1.9597,-0.0001,-0.0761,-3.9560,-4.0206,0.0000,-1.3340,0.0000,0.4067
11.358,1.9597,-0.0001,-0.0761,-3.9309,-3.9955,0.0000,-1.3340,0.0000,0.4067
11.362,1.7633,-0.0001,-0.0760,-3.9586,-3.9702,0.0000,-1.2484,0.0000,0.4067
11.367,1.7633,-0.0001,-0.0760,-3.9269,-3.9386,0.0000,-1.2484,0.0000,0.4067
11.370,1.7633,-0.0001,-0.0759,-3.9021,-3.9138,0.0000,-1.2484,0.0000,0.4067
11.376,1.7633,-0.0001,-0.0758,-3.8680,-3.8796,0.0000,-1.2484,0.0000,0.4067
11.380,1.5954,-0.0001,-0.0758,-3.8843,-3.8482,0.0000,-1.1732,0.0000,0.4067
11.385,1.5954,-0.0001,-0.0757,-3.8557,-3.8196,0.0000,-1.1732,0.0000,0.4067
11.389,1.5954,-0.0001,-0.0756,-3.8311,-3.7951,0.0000,-1.1732,0.0000,0.4067
11.392,1.5954,-0.0001,-0.0756,-3.8068,-3.7707,0.0000,-1.1732,0.0000,0.4067
11.397,1.5954,-0.0001,-0.0755,-3.7794,-3.7434,0.0000,-1.1732,0.0000,0.4067
11.400,1.4603,-0.0001,-0.0755,-3.7972,-3.7182,0.0000,-1.0928,0.0000,0.4067
11.405,1.4603,-0.0001,-0.0754,-3.7683,-3.6894,0.0000,-1.0928,0.0000,0.4067
11.409,1.4603,-0.0001,-0.0754,-3.7443,-3.6654,0.0000,-1.0928,0.0000,0.4067
11.413,1.4603,-0.0001,-0.0753,-3.7168,-3.6378,0.0000,-1.0928,0.0000,0.4067
11.417,1.4603,-0.0001,-0.0753,-3.6912,-3.6122,0.0000,-1.0928,0.0000,0.4067
11.420,1.3565,-0.0001,-0.0752,-3.7064,-3.5894,0.0000,-1.0032,0.0000,0.4067
11.425,1.3565,-0.0001,-0.0751,-3.6752,-3.5583,0.0000,-1.0032,0.0000,0.4067
11.434,1.3565,-0.0001,-0.0751,-3.6184,-3.5015,0.0000,-1.0032,0.0000,0.4067
11.440,1.2812,-0.0001,-0.0750,-3.6091,-3.4591,0.0000,-0.9065,0.0000,0.4067
11.448,1.2812,-0.0001,-0.0749,-3.5601,-3.4101,0.0000,-0.9065,0.0000,0.4067
11.451,1.2812,-0.0001,-0.0748,-3.5382,-3.3882,0.0000,-0.9065,0.0000,0.4067
11.455,1.2812,-0.0001,-0.0747,-3.5178,-3.3678,0.0000,-0.9065,0.0000,0.4067
11.458,1.2320,-0.0001,-0.0747,-3.5252,-3.3472,0.0000,-0.8026,0.0000,0.4067
11.462,1.2320,0.0000,-0.0746,-3.5011,-3.3231,0.0000,-0.8026,0.0000,0.4067
11.465,1.2320,0.0000,-0.0746,-3.4788,-3.3008,0.0000,-0.8026,0.0000,0.4067
11.469,1.2320,0.0000,-0.0746,-3.4586,-3.2806,0.0000,-0.8026,0.0000,0.4067
11.472,1.2320,0.0000,-0.0745,-3.4376,-3.2596,0.0000,-0.8026,0.0000,0.4067
11.475,1.2320,0.0000,-0.0745,-3.4176,-3.2395,0.0000,-0.8026,0.0000,0.4067
11.479,1.2039,0.0000,-0.0744,-3.4203,-3.2194,0.0000,-0.6925,0.0000,0.4067
11.483,1.2039,0.0000,-0.0744,-3.3988,-3.1978,0.0000,-0.6925,0.0000,0.4067
11.486,1.2039,0.0000,-0.0743,-3.3845,-3.1836,0.0000,-0.6925,0.0000,0.4067
11.489,1.2039,0.0000,-0.0743,-3.3729,-3.1720,0.0000,-0.6925,0.0000,0.4067
11.493,1.2039,0.0000,-0.0742,-3.3638,-3.1629,0.0000,-0.6925,0.0000,0.4067
11.496,1.2039,0.0000,-0.0742,-3.3565,-3.1556,0.0000,-0.6925,0.0000,0.4067
11.500,1.1977,0.0000,-0.0742,-3.3694,-3.1507,0.0000,-0.5865,0.0000,0.4067
11.504,1.1977,0.0000,-0.0741,-3.3672,-3.1485,0.0000,-0.5865,0.0000,0.4067
11.507,1.1977,0.0000,-0.0741,-3.3674,-3.1487,0.0000,-0.5865,0.0000,0.4067
11.510,1.1977,0.0000,-0.0740,-3.3694,-3.1507,0.0000,-0.5865,0.0000,0.4067
11.514,1.1977,0.0000,-0.0740,-3.3741,-3.1554,0.0000,-0.5865,0.0000,0.4067
11.517,1.1977,0.0000,-0.0739,-3.3805,-3.1619,0.0000,-0.5865,0.0000,0.4067
11.520,1.2123,0.0000,-0.0739,-3.4008,-3.1696,0.0000,-0.4770,0.0000,0.4067
11.524,1.2123,0.0000,-0.0739,-3.4118,-3.1805,0.0000,-0.4770,0.0000,0.4067
11.527,1.2123,0.0000,-0.0738,-3.4229,-3.1916,0.0000,-0.4770,0.0000,0.4067
11.531,1.2123,0.0000,-0.0738,-3.4350,-3.2037,0.0000,-0.4770,0.0000,0.4067
11.536,1.2123,0.0000,-0.0737,-3.4479,-3.2167,0.0000,-0.4770,0.0000,0.4067
11.540,1.2444,0.0000,-0.0737,-3.4661,-3.2272,0.0000,-0.3822,0.0000,0.4067
11.544,1.2444,0.0000,-0.0736,-3.4744,-3.2355,0.0000,-0.3822,0.0000,0.4067
11.547,1.2444,0.0000,-0.0736,-3.4812,-3.2422,0.0000,-0.3822,0.0000,0.4067
11.552,1.2444,0.0000,-0.0735,-3.4879,-3.2490,0.0000,-0.3822,0.0000,0.4067
11.562,1.2914,0.0000,-0.0735,-3.4965,-3.2548,0.0000,-0.2819,0.0000,0.4067
11.572,1.2914,0.0000,-0.0734,-3.4915,-3.2499,0.0000,-0.2819,0.0000,0.4067
11.578,1.2914,0.0000,-0.0732,-3.4861,-3.2444,0.0000,-0.2819,0.0000,0.4067
11.588,1.3547,0.0000,-0.0732,-3.4650,-3.2250,0.0000,-0.1772,0.0000,0.4067
11.594,1.3547,0.0000,-0.0731,-3.4518,-3.2118,0.0000,-0.1772,0.0000,0.4067
11.598,1.3547,0.0000,-0.0730,-3.4410,-3.2009,0.0000,-0.1772,0.0000,0.4067
11.602,1.4370,0.0000,-0.0730,-3.4237,-3.1891,0.0000,-0.0682,0.0000,0.4067
11.606,1.4370,0.0000,-0.0729,-3.4115,-3.1769,0.0000,-0.0682,0.0000,0.4067
11.609,1.4370,0.0000,-0.0729,-3.4010,-3.1664,0.0000,-0.0682,0.0000,0.4067
11.613,1.4370,0.0000,-0.0728,-3.3890,-3.1544,0.0000,-0.0682,0.0000,0.4067
11.617,1.4370,0.0000,-0.0728,-3.3748,-3.1402,0.0000,-0.0682,0.0000,0.4067
11.621,1.5234,0.0000,-0.0727,-3.3525,-3.1266,0.0000,0.0411,0.0000,0.4067
11.625,1.5234,0.0000,-0.0727,-3.3385,-3.1126,0.0000,0.0411,0.0000,0.4067
11.628,1.5234,0.0000,-0.0727,-3.3260,-3.1000,0.0000,0.0411,0.0000,0.4067
11.632,1.5234,0.0000,-0.0726,-3.3102,-3.0842,0.0000,0.0411,0.0000,0.4067
11.636,1.5234,0.0000,-0.0726,-3.2971,-3.0711,0.0000,0.0411,0.0000,0.4067
11.639,1.6182,0.0000,-0.0725,-3.2725,-3.0577,0.0000,0.1497,0.0000,0.4067
11.643,1.6182,0.0000,-0.0725,-3.2566,-3.0419,0.0000,0.1497,0.0000,0.4067
11.648,1.6182,0.0000,-0.0725,-3.2396,-3.0249,0.0000,0.1497,0.0000,0.4067
11.651,1.6182,0.0000,-0.0724,-3.2254,-3.0106,0.0000,0.1497,0.0000,0.4067
11.655,1.6182,0.0000,-0.0724,-3.2061,-2.9914,0.0000,0.1497,0.0000,0.4067
11.663,1.7021,0.0000,-0.0723,-3.1586,-2.9572,0.0000,0.2571,0.0000,0.4067
11.667,1.7021,0.0000,-0.0722,-3.1368,-2.9354,0.0000,0.2571,0.0000,0.4067
11.671,1.7021,0.0000,-0.0722,-3.1200,-2.9186,0.0000,0.2571,0.0000,0.4067
11.675,1.7022,0.0000,-0.0722,-3.1023,-2.9009,0.0000,0.2571,0.0000,0.4067
11.678,1.7743,0.0000,-0.0721,-3.0713,-2.8846,0.0000,0.3618,0.0000,0.4067
11.682,1.7743,0.0000,-0.0721,-3.0496,-2.8628,0.0000,0.3618,0.0000,0.4067
11.686,1.7743,0.0000,-0.0720,-3.0332,-2.8465,0.0000,0.3618,0.0000,0.4067
11.689,1.7743,0.0000,-0.0720,-3.0167,-2.8300,0.0000,0.3618,0.0000,0.4067
11.692,1.7743,0.0000,-0.0720,-2.9981,-2.8114,0.0000,0.3618,0.0000,0.4067
11.696,1.7743,0.0000,-0.0719,-2.9781,-2.7914,0.0000,0.3618,0.0000,0.4067
11.700,1.8356,0.0000,-0.0719,-2.9437,-2.7724,0.0000,0.4632,0.0000,0.4067
11.704,1.8356,0.0000,-0.0719,-2.9235,-2.7522,0.0000,0.4632,0.0000,0.4067
11.707,1.8356,0.0000,-0.0718,-2.9064,-2.7352,0.0000,0.4632,0.0000,0.4067
11.710,1.8356,0.0000,-0.0718,-2.8900,-2.7188,0.0000,0.4632,0.0000,0.4067
11.714,1.8356,0.0000,-0.0718,-2.8698,-2.6986,0.0000,0.4632,0.0000,0.4067
11.717,1.8356,0.0000,-0.0717,-2.8526,-2.6813,0.0000,0.4632,0.0000,0.4067
11.721,1.8873,0.0000,-0.0717,-2.8193,-2.6638,0.0000,0.5699,0.0000,0.4067
11.725,1.8873,0.0000,-0.0717,-2.7982,-2.6426,0.0000,0.5699,0.0000,0.4067
11.729,1.8873,0.0000,-0.0716,-2.7799,-2.6244,0.0000,0.5699,0.0000,0.4067
11.737,1.8873,0.0000,-0.0716,-2.7379,-2.5823,0.0000,0.5699,0.0000,0.4067
11.742,1.9291,0.0000,-0.0715,-2.6988,-2.5581,0.0000,0.6564,0.0000,0.4067
11.746,1.9291,0.0000,-0.0714,-2.6765,-2.5358,0.0000,0.6564,0.0000,0.4067
11.750,1.9291,0.0000,-0.0714,-2.6584,-2.5177,0.0000,0.6564,0.0000,0.4067
11.753,1.9291,0.0000,-0.0714,-2.6413,-2.5006,0.0000,0.6564,0.0000,0.4067
11.757,1.9291,0.0000,-0.0713,-2.6236,-2.4829,0.0000,0.6564,0.0000,0.4067
11.761,1.9623,0.0000,-0.0713,-2.5881,-2.4611,0.0000,0.7336,0.0000,0.4067
11.769,1.9623,0.0000,-0.0713,-2.5460,-2.4190,0.0000,0.7336,0.0000,0.4067
11.773,1.9623,0.0000,-0.0712,-2.5281,-2.4011,0.0000,0.7336,0.0000,0.4067
11.776,1.9623,0.0000,-0.0712,-2.5115,-2.3845,0.0000,0.7336,0.0000,0.4067
11.779,1.9877,0.0000,-0.0711,-2.4814,-2.3665,0.0000,0.8043,0.0000,0.4067
11.784,1.9877,0.0000,-0.0711,-2.4587,-2.3438,0.0000,0.8043,0.0000,0.4067
11.787,1.9877,0.0000,-0.0710,-2.4413,-2.3264,0.0000,0.8043,0.0000,0.4067
11.790,1.9877,0.0000,-0.0710,-2.4252,-2.3103,0.0000,0.8043,0.0000,0.4067
11.794,1.9877,0.0000,-0.0710,-2.4093,-2.2944,0.0000,0.8043,0.0000,0.4067
11.797,1.9877,0.0000,-0.0710,-2.3906,-2.2757,0.0000,0.8043,0.0000,0.4067
11.801,2.0059,0.0000,-0.0709,-2.3623,-2.2573,0.0000,0.8640,0.0000,0.4067
11.805,2.0059,0.0000,-0.0709,-2.3424,-2.2374,0.0000,0.8640,0.0000,0.4067
11.808,2.0059,0.0000,-0.0709,-2.3262,-2.2212,0.0000,0.8640,0.0000,0.4067
11.812,2.0059,0.0000,-0.0708,-2.3085,-2.2035,0.0000,0.8640,0.0000,0.4067
11.816,2.0059,0.0000,-0.0708,-2.2906,-2.1856,0.0000,0.8640,0.0000,0.4067
11.819,2.0176,0.0000,-0.0708,-2.2675,-2.1699,0.0000,0.9161,0.0000,0.4067
11.823,2.0176,0.0000,-0.0707,-2.2497,-2.1521,0.0000,0.9161,0.0000,0.4067
11.826,2.0176,0.0000,-0.0707,-2.2348,-2.1372,0.0000,0.9161,0.0000,0.4067
11.830,2.0176,0.0000,-0.0707,-2.2171,-2.1195,0.0000,0.9161,0.0000,0.4067
11.834,2.0176,0.0000,-0.0706,-2.2010,-2.1034,0.0000,0.9161,0.0000,0.4067
11.837,2.0176,0.0000,-0.0706,-2.1865,-2.0889,0.0000,0.9161,0.0000,0.4067
11.840,2.0235,0.0000,-0.0706,-2.1670,-2.0738,0.0000,0.9612,0.0000,0.4067
11.844,2.0235,0.0000,-0.0705,-2.1496,-2.0563,0.0000,0.9612,0.0000,0.4067
11.848,2.0235,0.0000,-0.0705,-2.1330,-2.0398,0.0000,0.9612,0.0000,0.4067
11.851,2.0235,0.0000,-0.0705,-2.1186,-2.0253,0.0000,0.9612,0.0000,0.4067
11.855,2.0235,0.0000,-0.0704,-2.1044,-2.0112,0.0000,0.9612,0.0000,0.4067
11.858,2.0239,0.0000,-0.0704,-2.0893,-1.9971,0.0000,0.9986,0.0000,0.4067
11.863,2.0239,0.0000,-0.0704,-2.0661,-1.9738,0.0000,0.9986,0.0000,0.4067
11.871,2.0239,0.0000,-0.0703,-2.0341,-1.9419,0.0000,0.9986,0.0000,0.4067
11.875,2.0239,0.0000,-0.0703,-2.0162,-1.9239,0.0000,0.9986,0.0000,0.4067
11.879,2.0195,0.0000,-0.0702,-2.0014,-1.9064,0.0000,1.0290,0.0000,0.4067
11.887,2.0195,0.0000,-0.0702,-1.9643,-1.8693,0.0000,1.0290,0.0000,0.4067
11.893,2.0195,0.0000,-0.0701,-1.9408,-1.8457,0.0000,1.0290,0.0000,0.4067
11.897,2.0195,0.0000,-0.0701,-1.9222,-1.8272,0.0000,1.0290,0.0000,0.4067
11.901,2.0107,0.0000,-0.0701,-1.9131,-1.8111,0.0000,1.0515,0.0000,0.4067
11.906,2.0107,0.0000,-0.0700,-1.8957,-1.7937,0.0000,1.0515,0.0000,0.4067
11.909,2.0107,0.0000,-0.0700,-1.8822,-1.7802,0.0000,1.0515,0.0000,0.4067
11.913,2.0107,0.0000,-0.0700,-1.8674,-1.7654,0.0000,1.0515,0.0000,0.4067
11.917,2.0107,0.0000,-0.0699,-1.8527,-1.7507,0.0000,1.0515,0.0000,0.4067
11.920,1.9985,0.0000,-0.0699,-1.8498,-1.7365,0.0000,1.0790,0.0000,0.4067
11.924,1.9985,0.0000,-0.0699,-1.8347,-1.7215,0.0000,1.0790,0.0000,0.4067
11.928,1.9985,0.0000,-0.0698,-1.8221,-1.7089,0.0000,1.0790,0.0000,0.4067
11.932,1.9985,0.0000,-0.0698,-1.8065,-1.6932,0.0000,1.0790,0.0000,0.4067
11.936,1.9985,0.0000,-0.0698,-1.7934,-1.6801,0.0000,1.0790,0.0000,0.4067
11.939,1.9828,0.0000,-0.0697,-1.7967,-1.6674,0.0000,1.1005,0.0000,0.4067
11.943,1.9828,0.0000,-0.0697,-1.7828,-1.6534,0.0000,1.1005,0.0000,0.4067
11.947,1.9828,0.0000,-0.0697,-1.7703,-1.6409,0.0000,1.1005,0.0000,0.4067
11.950,1.9828,0.0000,-0.0697,-1.7586,-1.6292,0.0000,1.1005,0.0000,0.4067
11.954,1.9828,0.0000,-0.0696,-1.7473,-1.6179,0.0000,1.1005,0.0000,0.4067
11.957,1.9828,0.0000,-0.0696,-1.7361,-1.6068,0.0000,1.1005,0.0000,0.4067
11.960,1.9637,0.0000,-0.0696,-1.7466,-1.5961,0.0000,1.1119,0.0000,0.4067
11.965,1.9637,0.0000,-0.0696,-1.7287,-1.5782,0.0000,1.1119,0.0000,0.4067
11.972,1.9638,0.0001,-0.0695,-1.7051,-1.5546,0.0000,1.1119,0.0000,0.4067
11.976,1.9641,0.0004,-0.0695,-1.6937,-1.5432,0.0000,1.1119,0.0000,0.4067
11.979,1.9379,0.0008,-0.0694,-1.7095,-1.5313,0.0000,1.0309,0.0000,0.4067
11.984,1.9388,0.0017,-0.0694,-1.6960,-1.5179,0.0000,1.0309,0.0000,0.4067
11.987,1.9398,0.0027,-0.0694,-1.6850,-1.5069,0.0000,1.0309,0.0000,0.4067
11.990,1.9411,0.0040,-0.0694,-1.6743,-1.4962,0.0000,1.0309,0.0000,0.4067
11.994,1.9427,0.0056,-0.0693,-1.6637,-1.4856,0.0000,1.0309,0.0000,0.4067
11.997,1.9448,0.0077,-0.0693,-1.6522,-1.4740,0.0000,1.0309,0.0000,0.4067
12.001,1.9187,0.0103,-0.0693,-1.6736,-1.4627,0.0000,0.9483,0.0000,0.4067
12.005,1.9220,0.0137,-0.0693,-1.6614,-1.4505,0.0000,0.9483,0.0000,0.4067
12.008,1.9255,0.0171,-0.0692,-1.6508,-1.4398,0.0000,0.9483,0.0000,0.4067
12.011,1.9290,0.0207,-0.0692,-1.6411,-1.4301,0.0000,0.9483,0.0000,0.4067
12.015,1.9337,0.0254,-0.0692,-1.6300,-1.4191,0.0000,0.9483,0.0000,0.4067
12.019,1.9047,0.0302,-0.0691,-1.6578,-1.4089,0.0000,0.8020,0.0000,0.4067
12.022,1.9105,0.0360,-0.0691,-1.6468,-1.3979,0.0000,0.8020,0.0000,0.4067
12.025,1.9158,0.0413,-0.0691,-1.6379,-1.3889,0.0000,0.8020,0.0000,0.4067
12.029,1.9223,0.0478,-0.0691,-1.6278,-1.3789,0.0000,0.8020,0.0000,0.4067
12.037,1.9394,0.0648,-0.0690,-1.6046,-1.3557,0.0000,0.8020,0.0000,0.4067
12.042,1.9161,0.0762,-0.0690,-1.6338,-1.3425,0.0000,0.6651,0.0000,0.4067
12.046,1.9263,0.0864,-0.0689,-1.6231,-1.3317,0.0000,0.6651,0.0000,0.4067
12.051,1.9374,0.0975,-0.0689,-1.6124,-1.3210,0.0000,0.6651,0.0000,0.4067
12.054,1.9468,0.1069,-0.0688,-1.6039,-1.3125,0.0000,0.6651,0.0000,0.4067
12.058,1.9571,0.1172,-0.0688,-1.5951,-1.3037,0.0000,0.6651,0.0000,0.4067
12.061,1.9360,0.1279,-0.0687,-1.6340,-1.2952,0.0000,0.6056,0.0000,0.4067
12.067,1.9537,0.1456,-0.0687,-1.6207,-1.2819,0.0000,0.6056,0.0000,0.4067
12.074,1.9793,0.1712,-0.0686,-1.6032,-1.2644,0.0000,0.6056,0.0000,0.4067
12.078,1.9938,0.1857,-0.0685,-1.5940,-1.2552,0.0000,0.6056,0.0000,0.4067
12.083,1.9805,0.2047,-0.0684,-1.6344,-1.2437,0.0000,0.5548,0.0000,0.4067
12.088,1.9986,0.2228,-0.0683,-1.6241,-1.2334,0.0000,0.5548,0.0000,0.4067
12.091,2.0142,0.2384,-0.0683,-1.6155,-1.2249,0.0000,0.5548,0.0000,0.4067
12.095,2.0282,0.2524,-0.0682,-1.6082,-1.2175,0.0000,0.5548,0.0000,0.4067
12.099,2.0111,0.2718,-0.0681,-1.6531,-1.2077,0.0000,0.4240,0.0000,0.4067
12.104,2.0329,0.2936,-0.0680,-1.6426,-1.1971,0.0000,0.4240,0.0000,0.4067
12.108,2.0489,0.3097,-0.0679,-1.6351,-1.1897,0.0000,0.4240,0.0000,0.4067
12.114,2.0771,0.3378,-0.0679,-1.6225,-1.1771,0.0000,0.4240,0.0000,0.4067
12.119,2.0654,0.3596,-0.0677,-1.6723,-1.1678,0.0000,0.3702,0.0000,0.4067
12.123,2.0888,0.3830,-0.0676,-1.6628,-1.1582,0.0000,0.3702,0.0000,0.4067
12.128,2.1113,0.4055,-0.0675,-1.6541,-1.1495,0.0000,0.3702,0.0000,0.4067
12.132,2.1315,0.4257,-0.0674,-1.6466,-1.1420,0.0000,0.3702,0.0000,0.4067
12.135,2.1481,0.4423,-0.0673,-1.6406,-1.1361,0.0000,0.3702,0.0000,0.4067
12.139,2.1321,0.4593,-0.0672,-1.6972,-1.1302,0.0000,0.3361,0.0000,0.4067
12.143,2.1555,0.4827,-0.0671,-1.6894,-1.1223,0.0000,0.3361,0.0000,0.4067
12.148,2.1778,0.5050,-0.0670,-1.6822,-1.1152,0.0000,0.3361,0.0000,0.4067
12.151,2.1957,0.5229,-0.0668,-1.6766,-1.1096,0.0000,0.3361,0.0000,0.4067
12.154,2.2127,0.5399,-0.0667,-1.6715,-1.1044,0.0000,0.3361,0.0000,0.4067
12.158,2.2316,0.5587,-0.0666,-1.6659,-1.0988,0.0000,0.3361,0.0000,0.4067
12.162,2.2190,0.5793,-0.0665,-1.7253,-1.0929,0.0000,0.3044,0.0000,0.4067
12.167,2.2483,0.6085,-0.0664,-1.7173,-1.0849,0.0000,0.3044,0.0000,0.4067
12.175,2.2923,0.6525,-0.0662,-1.7056,-1.0733,0.0000,0.3044,0.0000,0.4067
12.180,2.2888,0.6791,-0.0659,-1.7672,-1.0666,0.0000,0.3519,0.0000,0.4067
12.188,2.3307,0.7211,-0.0657,-1.7570,-1.0564,0.0000,0.3519,0.0000,0.4067
12.193,2.3585,0.7489,-0.0654,-1.7505,-1.0499,0.0000,0.3519,0.0000,0.4067
12.197,2.3802,0.7705,-0.0652,-1.7455,-1.0449,0.0000,0.3519,0.0000,0.4067
12.201,2.3615,0.7883,-0.0650,-1.8121,-1.0409,0.0000,0.2294,0.0000,0.4067
12.205,2.3827,0.8095,-0.0649,-1.8073,-1.0361,0.0000,0.2294,0.0000,0.4067
12.209,2.4050,0.8318,-0.0647,-1.8024,-1.0311,0.0000,0.2294,0.0000,0.4067
12.213,2.4267,0.8535,-0.0645,-1.7976,-1.0264,0.0000,0.2294,0.0000,0.4067
12.217,2.4467,0.8735,-0.0643,-1.7933,-1.0221,0.0000,0.2294,0.0000,0.4067
12.220,2.4340,0.8913,-0.0642,-1.8622,-1.0183,0.0000,0.2662,0.0000,0.4067
12.224,2.4546,0.9119,-0.0640,-1.8578,-1.0139,0.0000,0.2662,0.0000,0.4067
12.228,2.4713,0.9286,-0.0638,-1.8543,-1.0104,0.0000,0.2662,0.0000,0.4067
12.231,2.4901,0.9474,-0.0637,-1.8505,-1.0065,0.0000,0.2662,0.0000,0.4067
12.235,2.5071,0.9643,-0.0635,-1.8471,-1.0032,0.0000,0.2662,0.0000,0.4067
12.239,2.4898,0.9852,-0.0633,-1.9194,-0.9991,0.0000,0.0601,0.0000,0.4067
12.243,2.5107,1.0061,-0.0631,-1.9155,-0.9952,0.0000,0.0601,0.0000,0.4067
12.247,2.5300,1.0255,-0.0629,-1.9119,-0.9917,0.0000,0.0601,0.0000,0.4067
12.250,2.5472,1.0426,-0.0627,-1.9089,-0.9886,0.0000,0.0601,0.0000,0.4067
12.254,2.5651,1.0605,-0.0625,-1.9058,-0.9855,0.0000,0.0601,0.0000,0.4067
12.257,2.5811,1.0766,-0.0623,-1.9031,-0.9828,0.0000,0.0601,0.0000,0.4067
12.261,2.5672,1.0926,-0.0621,-1.9767,-0.9801,0.0000,0.0955,0.0000,0.4067
12.265,2.5877,1.1130,-0.0619,-1.9734,-0.9768,0.0000,0.0955,0.0000,0.4067
12.270,2.6085,1.1339,-0.0617,-1.9701,-0.9735,0.0000,0.0955,0.0000,0.4067
12.275,2.6320,1.1573,-0.0615,-1.9666,-0.9700,0.0000,0.0955,0.0000,0.4067
12.283,2.6383,1.1934,-0.0612,-2.0394,-0.9648,0.0000,0.1212,0.0000,0.4067
12.287,2.6557,1.2109,-0.0607,-2.0370,-0.9623,0.0000,0.1212,0.0000,0.4067
12.290,2.6700,1.2252,-0.0605,-2.0351,-0.9604,0.0000,0.1212,0.0000,0.4067
12.294,2.6837,1.2388,-0.0603,-2.0332,-0.9586,0.0000,0.1212,0.0000,0.4067
12.297,2.6985,1.2536,-0.0601,-2.0313,-0.9567,0.0000,0.1212,0.0000,0.4067
12.302,2.6865,1.2729,-0.0598,-2.1095,-0.9541,0.0000,0.0704,0.0000,0.4067
12.306,2.7030,1.2895,-0.0596,-2.1073,-0.9519,0.0000,0.0704,0.0000,0.4067
12.309,2.7159,1.3024,-0.0593,-2.1056,-0.9502,0.0000,0.0704,0.0000,0.4067
12.313,2.7299,1.3163,-0.0591,-2.1037,-0.9484,0.0000,0.0704,0.0000,0.4067
12.317,2.7439,1.3304,-0.0589,-2.1019,-0.9466,0.0000,0.0704,0.0000,0.4067
12.320,2.7257,1.3428,-0.0586,-2.1824,-0.9449,0.0000,0.0151,0.0000,0.4067
12.324,2.7396,1.3568,-0.0584,-2.1805,-0.9430,0.0000,0.0151,0.0000,0.4067
12.327,2.7512,1.3683,-0.0582,-2.1790,-0.9415,0.0000,0.0151,0.0000,0.4067
12.332,2.7676,1.3847,-0.0580,-2.1767,-0.9392,0.0000,0.0151,0.0000,0.4067
12.339,2.7633,1.4105,-0.0577,-2.2568,-0.9359,0.0000,-0.0455,0.0000,0.4067
12.344,2.7800,1.4272,-0.0572,-2.2547,-0.9338,0.0000,-0.0455,0.0000,0.4067
12.348,2.7927,1.4399,-0.0569,-2.2531,-0.9323,0.0000,-0.0455,0.0000,0.4067
12.352,2.8036,1.4508,-0.0566,-2.2518,-0.9309,0.0000,-0.0455,0.0000,0.4067
12.355,2.8135,1.4607,-0.0564,-2.2507,-0.9298,0.0000,-0.0455,0.0000,0.4067
12.358,2.7936,1.4701,-0.0561,-2.3339,-0.9288,0.0000,-0.1087,0.0000,0.4067
12.363,2.8079,1.4844,-0.0559,-2.3324,-0.9272,0.0000,-0.1087,0.0000,0.4067
12.367,2.8185,1.4950,-0.0556,-2.3312,-0.9260,0.0000,-0.1087,0.0000,0.4067
12.370,2.8276,1.5041,-0.0553,-2.3303,-0.9251,0.0000,-0.1087,0.0000,0.4067
12.374,2.8366,1.5130,-0.0551,-2.3294,-0.9242,0.0000,-0.1087,0.0000,0.4067
12.378,2.8213,1.5249,-0.0549,-2.4114,-0.9233,0.0000,-0.1148,0.0000,0.4067
12.386,2.8407,1.5443,-0.0546,-2.4097,-0.9215,0.0000,-0.1148,0.0000,0.4067
12.390,2.8489,1.5524,-0.0540,-2.4090,-0.9209,0.0000,-0.1148,0.0000,0.4067
12.393,2.8567,1.5603,-0.0538,-2.4085,-0.9204,0.0000,-0.1148,0.0000,0.4067
12.398,2.8660,1.5696,-0.0536,-2.4079,-0.9198,0.0000,-0.1148,0.0000,0.4067
12.401,2.8468,1.5768,-0.0533,-2.4911,-0.9193,0.0000,-0.1265,0.0000,0.4067
12.405,2.8545,1.5845,-0.0530,-2.4906,-0.9187,0.0000,-0.1265,0.0000,0.4067
12.409,2.8630,1.5930,-0.0528,-2.4901,-0.9182,0.0000,-0.1265,0.0000,0.4067
12.413,2.8706,1.6006,-0.0525,-2.4895,-0.9176,0.0000,-0.1265,0.0000,0.4067
12.417,2.8772,1.6072,-0.0522,-2.4890,-0.9171,0.0000,-0.1265,0.0000,0.4067
12.420,2.8573,1.6129,-0.0519,-2.5728,-0.9166,0.0000,-0.1414,0.0000,0.4067
12.424,2.8639,1.6195,-0.0517,-2.5722,-0.9161,0.0000,-0.1414,0.0000,0.4067
12.427,2.8691,1.6248,-0.0514,-2.5718,-0.9156,0.0000,-0.1414,0.0000,0.4067
12.431,2.8747,1.6303,-0.0512,-2.5713,-0.9151,0.0000,-0.1414,0.0000,0.4067
12.434,2.8797,1.6353,-0.0509,-2.5708,-0.9147,0.0000,-0.1414,0.0000,0.4067
12.438,2.8843,1.6400,-0.0507,-2.5703,-0.9141,0.0000,-0.1414,0.0000,0.4067
12.442,2.8653,1.6455,-0.0505,-2.6537,-0.9136,0.0000,-0.1427,0.0000,0.4067
12.446,2.8709,1.6510,-0.0502,-2.6534,-0.9133,0.0000,-0.1427,0.0000,0.4067
12.450,2.8757,1.6558,-0.0499,-2.6530,-0.9129,0.0000,-0.1427,0.0000,0.4067
12.454,2.8798,1.6599,-0.0496,-2.6527,-0.9126,0.0000,-0.1427,0.0000,0.4067
12.457,2.8833,1.6634,-0.0493,-2.6526,-0.9125,0.0000,-0.1427,0.0000,0.4067
12.461,2.8623,1.6665,-0.0491,-2.7376,-0.9123,0.0000,-0.1651,0.0000,0.4067
12.465,2.8660,1.6702,-0.0489,-2.7375,-0.9122,0.0000,-0.1651,0.0000,0.4067
12.468,2.8691,1.6733,-0.0486,-2.7375,-0.9122,0.0000,-0.1651,0.0000,0.4067
12.472,2.8724,1.6766,-0.0484,-2.7375,-0.9122,0.0000,-0.1651,0.0000,0.4067
12.476,2.8748,1.6791,-0.0481,-2.7375,-0.9122,0.0000,-0.1651,0.0000,0.4067
12.481,2.8537,1.6821,-0.0478,-2.8250,-0.9122,0.0000,-0.2289,0.0000,0.4067
12.489,2.8579,1.6863,-0.0475,-2.8253,-0.9126,0.0000,-0.2289,0.0000,0.4067
12.497,2.8613,1.6896,-0.0470,-2.8256,-0.9128,0.0000,-0.2289,0.0000,0.4067
12.503,2.8400,1.6913,-0.0464,-2.9122,-0.9132,0.0000,-0.2775,0.0000,0.4067
12.508,2.8408,1.6921,-0.0460,-2.9124,-0.9133,0.0000,-0.2775,0.0000,0.4067
12.512,2.8412,1.6925,-0.0457,-2.9126,-0.9135,0.0000,-0.2775,0.0000,0.4067
12.516,2.8414,1.6926,-0.0454,-2.9127,-0.9136,0.0000,-0.2775,0.0000,0.4067
12.520,2.8194,1.6926,-0.0451,-2.9984,-0.9136,0.0000,-0.3237,0.0000,0.4067
12.524,2.8191,1.6922,-0.0449,-2.9985,-0.9138,0.0000,-0.3237,0.0000,0.4067
12.528,2.8186,1.6917,-0.0446,-2.9985,-0.9138,0.0000,-0.3237,0.0000,0.4067
12.532,2.8178,1.6910,-0.0444,-2.9987,-0.9139,0.0000,-0.3237,0.0000,0.4067
12.536,2.8168,1.6900,-0.0441,-2.9987,-0.9140,0.0000,-0.3237,0.0000,0.4067
12.539,2.7947,1.6889,-0.0438,-3.0840,-0.9141,0.0000,-0.3716,0.0000,0.4067
12.543,2.7934,1.6875,-0.0436,-3.0841,-0.9143,0.0000,-0.3716,0.0000,0.4067
12.547,2.7918,1.6860,-0.0434,-3.0843,-0.9144,0.0000,-0.3716,0.0000,0.4067
12.551,2.7901,1.6842,-0.0431,-3.0844,-0.9146,0.0000,-0.3716,0.0000,0.4067
12.554,2.7884,1.6826,-0.0429,-3.0847,-0.9148,0.0000,-0.3716,0.0000,0.4067
12.557,2.7866,1.6808,-0.0427,-3.0849,-0.9151,0.0000,-0.3716,0.0000,0.4067
12.560,2.7659,1.6788,-0.0425,-3.1653,-0.9153,0.0000,-0.3655,0.0000,0.4067
12.566,2.7626,1.6755,-0.0423,-3.1656,-0.9156,0.0000,-0.3655,0.0000,0.4067
12.569,2.7600,1.6729,-0.0419,-3.1659,-0.9159,0.0000,-0.3655,0.0000,0.4067
12.572,2.7575,1.6704,-0.0417,-3.1662,-0.9162,0.0000,-0.3655,0.0000,0.4067
12.576,2.7548,1.6678,-0.0415,-3.1665,-0.9165,0.0000,-0.3655,0.0000,0.4067
12.579,2.7339,1.6648,-0.0413,-3.2463,-0.9167,0.0000,-0.3626,0.0000,0.4067
12.583,2.7302,1.6611,-0.0411,-3.2466,-0.9171,0.0000,-0.3626,0.0000,0.4067
12.588,2.7262,1.6571,-0.0408,-3.2472,-0.9176,0.0000,-0.3626,0.0000,0.4067
12.595,2.7183,1.6491,-0.0406,-3.2481,-0.9185,0.0000,-0.3626,0.0000,0.4067
12.600,2.6964,1.6445,-0.0401,-3.3276,-0.9190,0.0000,-0.3631,0.0000,0.4067
12.603,2.6920,1.6400,-0.0399,-3.3280,-0.9194,0.0000,-0.3631,0.0000,0.4067
12.607,2.6880,1.6360,-0.0397,-3.3283,-0.9197,0.0000,-0.3631,0.0000,0.4067
12.610,2.6839,1.6320,-0.0395,-3.3286,-0.9200,0.0000,-0.3631,0.0000,0.4067
12.614,2.6793,1.6274,-0.0393,-3.3289,-0.9203,0.0000,-0.3631,0.0000,0.4067
12.617,2.6749,1.6230,-0.0391,-3.3292,-0.9206,0.0000,-0.3631,0.0000,0.4067
12.620,2.6542,1.6186,-0.0389,-3.4079,-0.9209,0.0000,-0.3668,0.0000,0.4067
12.624,2.6489,1.6133,-0.0387,-3.4081,-0.9211,0.0000,-0.3668,0.0000,0.4067
12.628,2.6435,1.6079,-0.0385,-3.4084,-0.9214,0.0000,-0.3668,0.0000,0.4067
12.632,2.6380,1.6024,-0.0383,-3.4087,-0.9216,0.0000,-0.3668,0.0000,0.4067
12.635,2.6329,1.5973,-0.0381,-3.4090,-0.9219,0.0000,-0.3668,0.0000,0.4067
12.639,2.6126,1.5920,-0.0379,-3.4848,-0.9221,0.0000,-0.3500,0.0000,0.4067
12.648,2.5983,1.5777,-0.0377,-3.4857,-0.9230,0.0000,-0.3500,0.0000,0.4067
12.653,2.5900,1.5695,-0.0372,-3.4862,-0.9235,0.0000,-0.3500,0.0000,0.4067
12.656,2.5842,1.5637,-0.0370,-3.4865,-0.9238,0.0000,-0.3500,0.0000,0.4067
12.659,2.5642,1.5578,-0.0368,-3.5616,-0.9241,0.0000,-0.3311,0.0000,0.4067
12.664,2.5569,1.5505,-0.0366,-3.5620,-0.9245,0.0000,-0.3311,0.0000,0.4067
12.667,2.5507,1.5443,-0.0364,-3.5624,-0.9249,0.0000,-0.3311,0.0000,0.4067
12.670,2.5447,1.5383,-0.0362,-3.5628,-0.9253,0.0000,-0.3311,0.0000,0.4067
12.674,2.5368,1.5303,-0.0361,-3.5634,-0.9259,0.0000,-0.3311,0.0000,0.4067
12.678,2.5166,1.5236,-0.0359,-3.6383,-0.9263,0.0000,-0.3167,0.0000,0.4067
12.682,2.5083,1.5153,-0.0357,-3.6389,-0.9269,0.0000,-0.3167,0.0000,0.4067
12.686,2.5018,1.5088,-0.0355,-3.6394,-0.9273,0.0000,-0.3167,0.0000,0.4067
12.689,2.4950,1.5020,-0.0353,-3.6398,-0.9278,0.0000,-0.3167,0.0000,0.4067
12.692,2.4884,1.4954,-0.0352,-3.6403,-0.9283,0.0000,-0.3167,0.0000,0.4067
12.697,2.4788,1.4858,-0.0350,-3.6408,-0.9288,0.0000,-0.3167,0.0000,0.4067
12.705,2.4493,1.4691,-0.0348,-3.7161,-0.9296,0.0000,-0.3067,0.0000,0.4067
12.709,2.4401,1.4599,-0.0345,-3.7166,-0.9301,0.0000,-0.3067,0.0000,0.4067
12.713,2.4314,1.4511,-0.0343,-3.7169,-0.9305,0.0000,-0.3067,0.0000,0.4067
12.717,2.4234,1.4431,-0.0341,-3.7172,-0.9307,0.0000,-0.3067,0.0000,0.4067
12.720,2.4038,1.4357,-0.0340,-3.7919,-0.9310,0.0000,-0.3032,0.0000,0.4067
12.724,2.3950,1.4269,-0.0338,-3.7922,-0.9313,0.0000,-0.3032,0.0000,0.4067
12.727,2.3876,1.4194,-0.0337,-3.7925,-0.9316,0.0000,-0.3032,0.0000,0.4067
12.731,2.3789,1.4108,-0.0335,-3.7929,-0.9319,0.0000,-0.3032,0.0000,0.4067
12.735,2.3685,1.4004,-0.0334,-3.7935,-0.9325,0.0000,-0.3032,0.0000,0.4067
12.739,2.3485,1.3917,-0.0332,-3.8680,-0.9330,0.0000,-0.3001,0.0000,0.4067
12.743,2.3390,1.3822,-0.0331,-3.8683,-0.9333,0.0000,-0.3001,0.0000,0.4067
12.746,2.3303,1.3736,-0.0329,-3.8686,-0.9337,0.0000,-0.3001,0.0000,0.4067
12.750,2.3214,1.3646,-0.0328,-3.8690,-0.9340,0.0000,-0.3001,0.0000,0.4067
12.753,2.3127,1.3559,-0.0327,-3.8693,-0.9344,0.0000,-0.3001,0.0000,0.4067
12.757,2.3046,1.3478,-0.0325,-3.8697,-0.9347,0.0000,-0.3001,0.0000,0.4067
12.760,2.2861,1.3398,-0.0324,-3.9428,-0.9349,0.0000,-0.2915,0.0000,0.4067
12.764,2.2753,1.3290,-0.0323,-3.9434,-0.9355,0.0000,-0.2915,0.0000,0.4067
12.769,2.2634,1.3171,-0.0322,-3.9438,-0.9359,0.0000,-0.2915,0.0000,0.4067
12.772,2.2535,1.3072,-0.0320,-3.9443,-0.9364,0.0000,-0.2915,0.0000,0.4067
12.776,2.2433,1.2970,-0.0319,-3.9447,-0.9368,0.0000,-0.2915,0.0000,0.4067
12.780,2.2241,1.2876,-0.0318,-4.0177,-0.9372,0.0000,-0.2845,0.0000,0.4067
12.784,2.2126,1.2761,-0.0316,-4.0181,-0.9376,0.0000,-0.2845,0.0000,0.4067
12.787,2.2035,1.2670,-0.0315,-4.0185,-0.9380,0.0000,-0.2845,0.0000,0.4067
12.791,2.1942,1.2577,-0.0314,-4.0189,-0.9384,0.0000,-0.2845,0.0000,0.4067
12.800,2.1592,1.2319,-0.0313,-4.0920,-0.9391,0.0000,-0.2808,0.0000,0.4067
12.811,2.1290,1.2016,-0.0310,-4.0931,-0.9402,0.0000,-0.2808,0.0000,0.4067
12.816,2.1136,1.1862,-0.0308,-4.0937,-0.9408,0.0000,-0.2808,0.0000,0.4067
12.820,2.0928,1.1739,-0.0306,-4.1661,-0.9411,0.0000,-0.2788,0.0000,0.4067
12.824,2.0804,1.1615,-0.0305,-4.1665,-0.9416,0.0000,-0.2788,0.0000,0.4067
12.828,2.0707,1.1518,-0.0304,-4.1667,-0.9418,0.0000,-0.2788,0.0000,0.4067
12.833,2.0558,1.1369,-0.0303,-4.1673,-0.9424,0.0000,-0.2788,0.0000,0.4067
12.837,2.0445,1.1256,-0.0302,-4.1676,-0.9427,0.0000,-0.2788,0.0000,0.4067
12.840,2.0252,1.1141,-0.0301,-4.2395,-0.9432,0.0000,-0.2773,0.0000,0.4067
12.845,2.0128,1.1017,-0.0300,-4.2398,-0.9435,0.0000,-0.2773,0.0000,0.4067
12.849,2.0004,1.0893,-0.0300,-4.2401,-0.9438,0.0000,-0.2773,0.0000,0.4067
12.852,1.9889,1.0778,-0.0299,-4.2405,-0.9441,0.0000,-0.2773,0.0000,0.4067
12.856,1.9778,1.0667,-0.0298,-4.2408,-0.9444,0.0000,-0.2773,0.0000,0.4067
12.860,1.9593,1.0554,-0.0297,-4.3119,-0.9448,0.0000,-0.2761,0.0000,0.4067
12.866,1.9404,1.0365,-0.0297,-4.3126,-0.9454,0.0000,-0.2761,0.0000,0.4067
12.869,1.9291,1.0251,-0.0296,-4.3128,-0.9457,0.0000,-0.2761,0.0000,0.4067
12.873,1.9181,1.0141,-0.0295,-4.3131,-0.9459,0.0000,-0.2761,0.0000,0.4067
12.876,1.9074,1.0034,-0.0294,-4.3135,-0.9463,0.0000,-0.2761,0.0000,0.4067
12.880,1.8895,0.9921,-0.0294,-4.3841,-0.9466,0.0000,-0.2769,0.0000,0.4067
12.884,1.8758,0.9784,-0.0293,-4.3845,-0.9470,0.0000,-0.2769,0.0000,0.4067
12.887,1.8650,0.9676,-0.0293,-4.3847,-0.9472,0.0000,-0.2769,0.0000,0.4067
12.891,1.8534,0.9560,-0.0292,-4.3851,-0.9476,0.0000,-0.2769,0.0000,0.4067
12.904,1.8015,0.9101,-0.0292,-4.4563,-0.9492,0.0000,-0.2792,0.0000,0.4067
12.912,1.7768,0.8854,-0.0290,-4.4569,-0.9498,0.0000,-0.2792,0.0000,0.4067
12.920,1.7439,0.8579,-0.0290,-4.5254,-0.9501,0.0000,-0.2764,0.0000,0.4067
12.924,1.7294,0.8433,-0.0289,-4.5259,-0.9505,0.0000,-0.2764,0.0000,0.4067
12.927,1.7180,0.8319,-0.0289,-4.5260,-0.9506,0.0000,-0.2764,0.0000,0.4067
12.931,1.7047,0.8186,-0.0289,-4.5263,-0.9510,0.0000,-0.2764,0.0000,0.4067
12.935,1.6931,0.8070,-0.0288,-4.5267,-0.9513,0.0000,-0.2764,0.0000,0.4067
12.938,1.6820,0.7959,-0.0288,-4.5270,-0.9516,0.0000,-0.2764,0.0000,0.4067
12.942,1.6622,0.7807,-0.0288,-4.5935,-0.9519,0.0000,-0.2572,0.0000,0.4067
12.951,1.6309,0.7494,-0.0288,-4.5944,-0.9528,0.0000,-0.2572,0.0000,0.4067
12.955,1.6154,0.7339,-0.0288,-4.5947,-0.9531,0.0000,-0.2572,0.0000,0.4067
12.959,1.5994,0.7223,-0.0288,-4.6623,-0.9535,0.0000,-0.2621,0.0000,0.4067
12.963,1.5835,0.7064,-0.0288,-4.6626,-0.9538,0.0000,-0.2621,0.0000,0.4067
12.967,1.5707,0.6936,-0.0288,-4.6628,-0.9540,0.0000,-0.2621,0.0000,0.4067
12.971,1.5546,0.6775,-0.0288,-4.6633,-0.9545,0.0000,-0.2621,0.0000,0.4067
12.975,1.5412,0.6641,-0.0288,-4.6635,-0.9547,0.0000,-0.2621,0.0000,0.4067
12.978,1.5251,0.6519,-0.0288,-4.7304,-0.9549,0.0000,-0.2736,0.0000,0.4067
12.982,1.5086,0.6353,-0.0288,-4.7308,-0.9554,0.0000,-0.2736,0.0000,0.4067
12.986,1.4943,0.6210,-0.0288,-4.7312,-0.9557,0.0000,-0.2736,0.0000,0.4067
12.990,1.4805,0.6073,-0.0288,-4.7314,-0.9560,0.0000,-0.2736,0.0000,0.4067
12.993,1.4675,0.5942,-0.0288,-4.7316,-0.9562,0.0000,-0.2736,0.0000,0.4067
12.998,1.4518,0.5785,-0.0289,-4.7320,-0.9565,0.0000,-0.2736,0.0000,0.4067
13.002,1.4304,0.5605,-0.0289,-4.7979,-0.9568,0.0000,-0.2865,0.0000,0.4067
13.007,1.4141,0.5442,-0.0289,-4.7981,-0.9570,0.0000,-0.2865,0.0000,0.4067
13.010,1.4012,0.5313,-0.0290,-4.7983,-0.9572,0.0000,-0.2865,0.0000,0.4067
13.013,1.3875,0.5176,-0.0290,-4.7984,-0.9574,0.0000,-0.2865,0.0000,0.4067
13.017,1.3737,0.5038,-0.0290,-4.7987,-0.9576,0.0000,-0.2865,0.0000,0.4067
13.021,1.3534,0.4864,-0.0291,-4.8632,-0.9578,0.0000,-0.2988,0.0000,0.4067
13.029,1.3235,0.4565,-0.0291,-4.8635,-0.9581,0.0000,-0.2988,0.0000,0.4067
13.034,1.3050,0.4379,-0.0292,-4.8638,-0.9584,0.0000,-0.2988,0.0000,0.4067
13.037,1.2906,0.4236,-0.0293,-4.8638,-0.9584,0.0000,-0.2988,0.0000,0.4067
13.041,1.2746,0.4100,-0.0293,-4.9275,-0.9585,0.0000,-0.3190,0.0000,0.4067
13.044,1.2587,0.3941,-0.0294,-4.9276,-0.9586,0.0000,-0.3190,0.0000,0.4067
13.048,1.2426,0.3780,-0.0294,-4.9279,-0.9589,0.0000,-0.3190,0.0000,0.4067
13.052,1.2281,0.3635,-0.0295,-4.9281,-0.9591,0.0000,-0.3190,0.0000,0.4067
13.055,1.2147,0.3501,-0.0295,-4.9282,-0.9592,0.0000,-0.3190,0.0000,0.4067
13.059,1.1989,0.3363,-0.0296,-4.9906,-0.9594,0.0000,-0.3370,0.0000,0.4067
13.063,1.1803,0.3178,-0.0296,-4.9908,-0.9597,0.0000,-0.3370,0.0000,0.4067
13.067,1.1623,0.2997,-0.0297,-4.9910,-0.9599,0.0000,-0.3370,0.0000,0.4067
13.071,1.1470,0.2844,-0.0298,-4.9910,-0.9599,0.0000,-0.3370,0.0000,0.4067
13.074,1.1325,0.2699,-0.0299,-4.9911,-0.9600,0.0000,-0.3370,0.0000,0.4067
13.078,1.1187,0.2561,-0.0300,-4.9912,-0.9601,0.0000,-0.3370,0.0000,0.4067
13.081,1.1007,0.2397,-0.0300,-5.0524,-0.9602,0.0000,-0.3608,0.0000,0.4067
13.085,1.0837,0.2227,-0.0301,-5.0524,-0.9602,0.0000,-0.3608,0.0000,0.4067
13.089,1.0698,0.2088,-0.0302,-5.0527,-0.9605,0.0000,-0.3608,0.0000,0.4067
13.092,1.0554,0.1944,-0.0303,-5.0529,-0.9607,0.0000,-0.3608,0.0000,0.4067
13.097,1.0346,0.1736,-0.0303,-5.0531,-0.9609,0.0000,-0.3608,0.0000,0.4067
13.105,0.9963,0.1365,-0.0305,-5.1128,-0.9612,0.0000,-0.3810,0.0000,0.4067
13.111,0.9675,0.1077,-0.0307,-5.1129,-0.9613,0.0000,-0.3810,0.0000,0.4067
13.116,0.9458,0.0860,-0.0309,-5.1130,-0.9613,0.0000,-0.3810,0.0000,0.4067
13.120,0.9275,0.0685,-0.0310,-5.1699,-0.9613,0.0000,-0.3803,0.0000,0.4067
13.124,0.9077,0.0487,-0.0311,-5.1698,-0.9612,0.0000,-0.3803,0.0000,0.4067
13.131,0.8740,0.0150,-0.0313,-5.1698,-0.9612,0.0000,-0.3803,0.0000,0.4067
13.140,0.8311,-0.0274,-0.0315,-5.2249,-0.9612,0.0000,-0.3681,0.0000,0.4067
13.145,0.8068,-0.0517,-0.0318,-5.2248,-0.9611,0.0000,-0.3681,0.0000,0.4067
13.150,0.7852,-0.0733,-0.0320,-5.2247,-0.9610,0.0000,-0.3681,0.0000,0.4067
13.154,0.7667,-0.0918,-0.0321,-5.2247,-0.9611,0.0000,-0.3681,0.0000,0.4067
13.157,0.7494,-0.1091,-0.0322,-5.2249,-0.9612,0.0000,-0.3681,0.0000,0.4067
13.161,0.7296,-0.1287,-0.0324,-5.2785,-0.9612,0.0000,-0.3534,0.0000,0.4067
13.166,0.7072,-0.1511,-0.0325,-5.2785,-0.9612,0.0000,-0.3534,0.0000,0.4067
13.169,0.6905,-0.1678,-0.0327,-5.2785,-0.9612,0.0000,-0.3534,0.0000,0.4067
13.172,0.6739,-0.1844,-0.0328,-5.2786,-0.9613,0.0000,-0.3534,0.0000,0.4067
13.176,0.6555,-0.2028,-0.0330,-5.2787,-0.9614,0.0000,-0.3534,0.0000,0.4067
13.180,0.6369,-0.2215,-0.0331,-5.3310,-0.9613,0.0000,-0.3387,0.0000,0.4067
13.184,0.6156,-0.2428,-0.0333,-5.3309,-0.9612,0.0000,-0.3387,0.0000,0.4067
13.187,0.5987,-0.2596,-0.0334,-5.3308,-0.9611,0.0000,-0.3387,0.0000,0.4067
13.191,0.5778,-0.2806,-0.0336,-5.3307,-0.9610,0.0000,-0.3387,0.0000,0.4067
13.195,0.5592,-0.2991,-0.0338,-5.3304,-0.9607,0.0000,-0.3387,0.0000,0.4067
13.198,0.5396,-0.3191,-0.0339,-5.3813,-0.9606,0.0000,-0.3241,0.0000,0.4067
13.202,0.5185,-0.3402,-0.0341,-5.3811,-0.9604,0.0000,-0.3241,0.0000,0.4067
13.206,0.4994,-0.3593,-0.0343,-5.3808,-0.9601,0.0000,-0.3241,0.0000,0.4067
13.209,0.4813,-0.3774,-0.0344,-5.3806,-0.9599,0.0000,-0.3241,0.0000,0.4067
13.213,0.4618,-0.3969,-0.0346,-5.3802,-0.9595,0.0000,-0.3241,0.0000,0.4067
13.216,0.4417,-0.4171,-0.0348,-5.3800,-0.9593,0.0000,-0.3241,0.0000,0.4067
13.220,0.4239,-0.4355,-0.0350,-5.4295,-0.9591,0.0000,-0.3100,0.0000,0.4067
13.224,0.3976,-0.4617,-0.0351,-5.4290,-0.9586,0.0000,-0.3100,0.0000,0.4067
13.228,0.3775,-0.4818,-0.0354,-5.4288,-0.9583,0.0000,-0.3100,0.0000,0.4067
13.233,0.3502,-0.5091,-0.0355,-5.4284,-0.9579,0.0000,-0.3100,0.0000,0.4067
13.240,0.3097,-0.5504,-0.0358,-5.4764,-0.9577,0.0000,-0.2955,0.0000,0.4067
13.244,0.2856,-0.5745,-0.0362,-5.4760,-0.9572,0.0000,-0.2955,0.0000,0.4067
13.248,0.2623,-0.5978,-0.0364,-5.4757,-0.9569,0.0000,-0.2955,0.0000,0.4067
13.255,0.2178,-0.6424,-0.0366,-5.4751,-0.9564,0.0000,-0.2955,0.0000,0.4067
13.259,0.1912,-0.6700,-0.0371,-5.5219,-0.9561,0.0000,-0.2849,0.0000,0.4067
13.264,0.1657,-0.6955,-0.0373,-5.5215,-0.9557,0.0000,-0.2849,0.0000,0.4067
13.268,0.1370,-0.7242,-0.0376,-5.5210,-0.9551,0.0000,-0.2849,0.0000,0.4067
13.272,0.1136,-0.7476,-0.0379,-5.5206,-0.9547,0.0000,-0.2849,0.0000,0.4067
13.276,0.0905,-0.7707,-0.0381,-5.5201,-0.9542,0.0000,-0.2849,0.0000,0.4067
13.279,0.0694,-0.7930,-0.0383,-5.5651,-0.9537,0.0000,-0.2714,0.0000,0.4067
13.283,0.0417,-0.8207,-0.0386,-5.5645,-0.9531,0.0000,-0.2714,0.0000,0.4067
13.287,0.0196,-0.8428,-0.0388,-5.5638,-0.9524,0.0000,-0.2714,0.0000,0.4067
13.290,-0.0019,-0.8644,-0.0391,-5.5632,-0.9517,0.0000,-0.2714,0.0000,0.4067
13.293,-0.0240,-0.8865,-0.0393,-5.5625,-0.9510,0.0000,-0.2714,0.0000,0.4067
13.297,-0.0482,-0.9107,-0.0395,-5.5617,-0.9502,0.0000,-0.2714,0.0000,0.4067
13.302,-0.0814,-0.9453,-0.0398,-5.6046,-0.9491,0.0000,-0.2547,0.0000,0.4067
13.307,-0.1165,-0.9803,-0.0401,-5.6034,-0.9478,0.0000,-0.2547,0.0000,0.4067
13.312,-0.1492,-1.0130,-0.0405,-5.6021,-0.9466,0.0000,-0.2547,0.0000,0.4067
13.317,-0.1857,-1.0495,-0.0408,-5.6008,-0.9452,0.0000,-0.2547,0.0000,0.4067
13.321,-0.2140,-1.0793,-0.0412,-5.6421,-0.9441,0.0000,-0.2337,0.0000,0.4067
13.325,-0.2454,-1.1108,-0.0415,-5.6409,-0.9429,0.0000,-0.2337,0.0000,0.4067
13.329,-0.2734,-1.1388,-0.0419,-5.6398,-0.9418,0.0000,-0.2337,0.0000,0.4067
13.334,-0.3117,-1.1771,-0.0422,-5.6384,-0.9404,0.0000,-0.2337,0.0000,0.4067
13.338,-0.3393,-1.2047,-0.0426,-5.6373,-0.9393,0.0000,-0.2337,0.0000,0.4067
13.342,-0.3716,-1.2385,-0.0429,-5.6770,-0.9380,0.0000,-0.2077,0.0000,0.4067
13.350,-0.4343,-1.3013,-0.0432,-5.6746,-0.9357,0.0000,-0.2077,0.0000,0.4067
13.354,-0.4616,-1.3286,-0.0439,-5.6735,-0.9346,0.0000,-0.2077,0.0000,0.4067
13.357,-0.4876,-1.3546,-0.0442,-5.6725,-0.9336,0.0000,-0.2077,0.0000,0.4067
13.360,-0.5126,-1.3813,-0.0445,-5.7110,-0.9325,0.0000,-0.1852,0.0000,0.4067
13.365,-0.5476,-1.4164,-0.0448,-5.7095,-0.9309,0.0000,-0.1852,0.0000,0.4067
13.368,-0.5739,-1.4426,-0.0452,-5.7083,-0.9298,0.0000,-0.1852,0.0000,0.4067
13.371,-0.5996,-1.4683,-0.0455,-5.7071,-0.9285,0.0000,-0.1852,0.0000,0.4067
13.375,-0.6254,-1.4941,-0.0458,-5.7058,-0.9272,0.0000,-0.1852,0.0000,0.4067
13.378,-0.6520,-1.5226,-0.0461,-5.7422,-0.9257,0.0000,-0.1610,0.0000,0.4067
13.383,-0.6844,-1.5549,-0.0464,-5.7405,-0.9239,0.0000,-0.1610,0.0000,0.4067
13.386,-0.7087,-1.5792,-0.0468,-5.7389,-0.9224,0.0000,-0.1610,0.0000,0.4067
13.389,-0.7321,-1.6026,-0.0471,-5.7375,-0.9209,0.0000,-0.1610,0.0000,0.4067
13.392,-0.7556,-1.6261,-0.0474,-5.7360,-0.9194,0.0000,-0.1610,0.0000,0.4067
13.396,-0.7828,-1.6534,-0.0477,-5.7341,-0.9176,0.0000,-0.1610,0.0000,0.4067
13.400,-0.8068,-1.6791,-0.0481,-5.7685,-0.9157,0.0000,-0.1356,0.0000,0.4067
13.408,-0.8574,-1.7298,-0.0485,-5.7644,-0.9116,0.0000,-0.1356,0.0000,0.4067
13.413,-0.8891,-1.7614,-0.0493,-5.7614,-0.9086,0.0000,-0.1356,0.0000,0.4067
13.417,-0.9162,-1.7886,-0.0498,-5.7588,-0.9060,0.0000,-0.1356,0.0000,0.4067
13.421,-0.9350,-1.8091,-0.0502,-5.7912,-0.9040,0.0000,-0.1080,0.0000,0.4067
13.425,-0.9584,-1.8325,-0.0506,-5.7889,-0.9017,0.0000,-0.1080,0.0000,0.4067
13.428,-0.9762,-1.8503,-0.0510,-5.7870,-0.8998,0.0000,-0.1080,0.0000,0.4067
13.432,-0.9952,-1.8693,-0.0514,-5.7850,-0.8978,0.0000,-0.1080,0.0000,0.4067
13.435,-1.0113,-1.8854,-0.0518,-5.7833,-0.8961,0.0000,-0.1080,0.0000,0.4067
13.439,-1.0261,-1.9021,-0.0521,-5.8140,-0.8941,0.0000,-0.0945,0.0000,0.4067
13.443,-1.0436,-1.9196,-0.0525,-5.8119,-0.8920,0.0000,-0.0945,0.0000,0.4067
13.448,-1.0635,-1.9395,-0.0529,-5.8094,-0.8895,0.0000,-0.0945,0.0000,0.4067
13.455,-1.0911,-1.9670,-0.0534,-5.8055,-0.8856,0.0000,-0.0945,0.0000,0.4067
13.459,-1.1013,-1.9790,-0.0542,-5.8338,-0.8837,0.0000,-0.0777,0.0000,0.4067
13.463,-1.1144,-1.9920,-0.0546,-5.8315,-0.8814,0.0000,-0.0777,0.0000,0.4067
13.466,-1.1251,-2.0028,-0.0550,-5.8294,-0.8793,0.0000,-0.0777,0.0000,0.4067
13.470,-1.1346,-2.0123,-0.0554,-5.8275,-0.8774,0.0000,-0.0777,0.0000,0.4067
13.473,-1.1434,-2.0211,-0.0558,-5.8255,-0.8754,0.0000,-0.0777,0.0000,0.4067
13.476,-1.1512,-2.0289,-0.0561,-5.8235,-0.8734,0.0000,-0.0777,0.0000,0.4067
13.480,-1.1573,-2.0366,-0.0565,-5.8492,-0.8713,0.0000,-0.0703,0.0000,0.4067
13.485,-1.1669,-2.0462,-0.0569,-5.8460,-0.8682,0.0000,-0.0703,0.0000,0.4067
13.489,-1.1730,-2.0523,-0.0574,-5.8437,-0.8658,0.0000,-0.0703,0.0000,0.4067
13.492,-1.1777,-2.0570,-0.0578,-5.8416,-0.8638,0.0000,-0.0703,0.0000,0.4067
13.497,-1.1825,-2.0617,-0.0582,-5.8392,-0.8613,0.0000,-0.0703,0.0000,0.4067
13.500,-1.1846,-2.0652,-0.0586,-5.8617,-0.8591,0.0000,-0.0616,0.0000,0.4067
13.504,-1.1877,-2.0683,-0.0590,-5.8593,-0.8567,0.0000,-0.0616,0.0000,0.4067
13.507,-1.1895,-2.0701,-0.0594,-5.8572,-0.8546,0.0000,-0.0616,0.0000,0.4067
13.511,-1.1908,-2.0714,-0.0598,-5.8552,-0.8525,0.0000,-0.0616,0.0000,0.4067
13.514,-1.1916,-2.0722,-0.0601,-5.8529,-0.8502,0.0000,-0.0616,0.0000,0.4067
13.518,-1.1917,-2.0723,-0.0605,-5.8507,-0.8481,0.0000,-0.0616,0.0000,0.4067
13.521,-1.1903,-2.0719,-0.0609,-5.8701,-0.8461,0.0000,-0.0484,0.0000,0.4067
13.525,-1.1891,-2.0707,-0.0612,-5.8677,-0.8438,0.0000,-0.0484,0.0000,0.4067
13.528,-1.1875,-2.0691,-0.0616,-5.8657,-0.8418,0.0000,-0.0484,0.0000,0.4067
13.532,-1.1850,-2.0666,-0.0620,-5.8636,-0.8396,0.0000,-0.0484,0.0000,0.4067
13.535,-1.1823,-2.0639,-0.0624,-5.8617,-0.8377,0.0000,-0.0484,0.0000,0.4067
13.539,-1.1786,-2.0609,-0.0627,-5.8776,-0.8360,0.0000,-0.0317,0.0000,0.4067
13.543,-1.1742,-2.0564,-0.0630,-5.8754,-0.8338,0.0000,-0.0317,0.0000,0.4067
13.546,-1.1696,-2.0518,-0.0634,-5.8735,-0.8319,0.0000,-0.0317,0.0000,0.4067
13.550,-1.1642,-2.0464,-0.0638,-5.8715,-0.8300,0.0000,-0.0317,0.0000,0.4067
13.558,-1.1508,-2.0332,-0.0642,-5.8816,-0.8262,0.0000,-0.0067,0.0000,0.4067
13.568,-1.1315,-2.0139,-0.0650,-5.8771,-0.8217,0.0000,-0.0067,0.0000,0.4067
13.572,-1.1225,-2.0050,-0.0659,-5.8752,-0.8198,0.0000,-0.0067,0.0000,0.4067
13.575,-1.1140,-1.9964,-0.0663,-5.8736,-0.8182,0.0000,-0.0067,0.0000,0.4067
13.579,-1.1049,-1.9873,-0.0666,-5.8826,-0.8165,0.0000,0.0101,0.0000,0.4067
13.583,-1.0939,-1.9763,-0.0670,-5.8806,-0.8145,0.0000,0.0101,0.0000,0.4067
13.587,-1.0848,-1.9672,-0.0674,-5.8791,-0.8129,0.0000,0.0101,0.0000,0.4067
13.591,-1.0735,-1.9559,-0.0677,-5.8772,-0.8111,0.0000,0.0101,0.0000,0.4067
13.595,-1.0612,-1.9436,-0.0681,-5.8753,-0.8092,0.0000,0.0101,0.0000,0.4067
13.599,-1.0487,-1.9308,-0.0685,-5.8809,-0.8073,0.0000,0.0284,0.0000,0.4067
13.604,-1.0344,-1.9165,-0.0688,-5.8788,-0.8052,0.0000,0.0284,0.0000,0.4067
13.607,-1.0236,-1.9056,-0.0692,-5.8774,-0.8038,0.0000,0.0284,0.0000,0.4067
13.611,-1.0128,-1.8949,-0.0695,-5.8760,-0.8024,0.0000,0.0284,0.0000,0.4067
13.614,-1.0009,-1.8830,-0.0698,-5.8745,-0.8009,0.0000,0.0284,0.0000,0.4067
13.617,-0.9894,-1.8715,-0.0701,-5.8732,-0.7995,0.0000,0.0284,0.0000,0.4067
13.621,-0.9920,-1.8601,-0.0704,-5.8767,-0.7982,0.0000,0.0512,0.0000,0.4067
13.625,-0.9778,-1.8459,-0.0707,-5.8750,-0.7965,0.0000,0.0512,0.0000,0.4067
13.628,-0.9661,-1.8342,-0.0710,-5.8737,-0.7953,0.0000,0.0512,0.0000,0.4067
13.632,-0.9526,-1.8207,-0.0713,-5.8723,-0.7939,0.0000,0.0512,0.0000,0.4067
13.635,-0.9401,-1.8082,-0.0716,-5.8711,-0.7927,0.0000,0.0512,0.0000,0.4067
13.638,-0.9625,-1.7952,-0.0718,-5.8737,-0.7916,0.0000,0.0580,0.0000,0.4067
13.643,-0.9453,-1.7780,-0.0721,-5.8723,-0.7902,0.0000,0.0580,0.0000,0.4067
13.647,-0.9302,-1.7629,-0.0725,-5.8712,-0.7890,0.0000,0.0580,0.0000,0.4067
13.650,-0.9163,-1.7490,-0.0728,-5.8702,-0.7881,0.0000,0.0580,0.0000,0.4067
13.654,-0.9029,-1.7356,-0.0730,-5.8694,-0.7873,0.0000,0.0580,0.0000,0.4067
13.657,-0.8898,-1.7226,-0.0733,-5.8686,-0.7865,0.0000,0.0580,0.0000,0.4067
13.660,-0.9275,-1.7094,-0.0735,-5.8693,-0.7858,0.0000,0.0724,0.0000,0.4067
13.664,-0.9096,-1.6915,-0.0738,-5.8686,-0.7850,0.0000,0.0724,0.0000,0.4067
13.669,-0.8901,-1.6720,-0.0741,-5.8678,-0.7843,0.0000,0.0724,0.0000,0.4067
13.676,-0.8593,-1.6412,-0.0744,-5.8668,-0.7833,0.0000,0.0724,0.0000,0.4067
13.680,-0.9119,-1.6250,-0.0749,-5.8672,-0.7827,0.0000,0.0652,0.0000,0.4067
13.684,-0.8943,-1.6074,-0.0752,-5.8667,-0.7822,0.0000,0.0652,0.0000,0.4067
13.688,-0.8806,-1.5937,-0.0754,-5.8663,-0.7818,0.0000,0.0652,0.0000,0.4067
13.691,-0.8666,-1.5797,-0.0757,-5.8659,-0.7814,0.0000,0.0652,0.0000,0.4067
13.694,-0.8524,-1.5655,-0.0759,-5.8655,-0.7810,0.0000,0.0652,0.0000,0.4067
13.698,-0.9199,-1.5498,-0.0761,-5.8646,-0.7807,0.0000,0.0591,0.0000,0.4067
13.702,-0.9015,-1.5314,-0.0763,-5.8641,-0.7802,0.0000,0.0591,0.0000,0.4067
13.710,-0.8688,-1.4987,-0.0766,-5.8636,-0.7797,0.0000,0.0591,0.0000,0.4067
13.715,-0.8439,-1.4738,-0.0770,-5.8633,-0.7794,0.0000,0.0591,0.0000,0.4067
13.719,-0.9211,-1.4575,-0.0773,-5.8607,-0.7792,0.0000,0.0568,0.0000,0.4067
13.723,-0.9039,-1.4402,-0.0776,-5.8605,-0.7790,0.0000,0.0568,0.0000,0.4067
13.726,-0.8900,-1.4263,-0.0778,-5.8604,-0.7788,0.0000,0.0568,0.0000,0.4067
13.730,-0.8739,-1.4103,-0.0779,-5.8603,-0.7787,0.0000,0.0568,0.0000,0.4067
13.734,-0.8587,-1.3950,-0.0781,-5.8602,-0.7786,0.0000,0.0568,0.0000,0.4067
13.737,-0.8447,-1.3811,-0.0783,-5.8601,-0.7785,0.0000,0.0568,0.0000,0.4067
13.740,-0.9365,-1.3666,-0.0785,-5.8562,-0.7786,0.0000,0.0589,0.0000,0.4067
13.744,-0.9198,-1.3499,-0.0787,-5.8563,-0.7787,0.0000,0.0589,0.0000,0.4067
13.748,-0.9035,-1.3336,-0.0789,-5.8566,-0.7789,0.0000,0.0589,0.0000,0.4067
13.751,-0.8891,-1.3192,-0.0791,-5.8568,-0.7792,0.0000,0.0589,0.0000,0.4067
13.755,-0.8752,-1.3053,-0.0792,-5.8572,-0.7795,0.0000,0.0589,0.0000,0.4067
13.758,-0.8617,-1.2918,-0.0794,-5.8576,-0.7799,0.0000,0.0589,0.0000,0.4067
13.761,-0.9652,-1.2779,-0.0795,-5.8529,-0.7804,0.0000,0.0592,0.0000,0.4067
13.765,-0.9469,-1.2597,-0.0797,-5.8537,-0.7812,0.0000,0.0592,0.0000,0.4067
13.769,-0.9332,-1.2459,-0.0799,-5.8543,-0.7818,0.0000,0.0592,0.0000,0.4067
13.773,-0.9147,-1.2274,-0.0800,-5.8554,-0.7829,0.0000,0.0592,0.0000,0.4067
13.780,-1.0112,-1.1971,-0.0802,-5.8522,-0.7852,0.0000,0.0450,0.0000,0.4067
13.785,-0.9941,-1.1800,-0.0805,-5.8535,-0.7865,0.0000,0.0450,0.0000,0.4067
13.788,-0.9810,-1.1669,-0.0806,-5.8545,-0.7875,0.0000,0.0450,0.0000,0.4067
13.791,-0.9679,-1.1538,-0.0808,-5.8556,-0.7886,0.0000,0.0450,0.0000,0.4067
13.795,-0.9533,-1.1392,-0.0809,-5.8568,-0.7898,0.0000,0.0450,0.0000,0.4067
13.799,-1.0709,-1.1234,-0.0810,-5.8510,-0.7912,0.0000,0.0353,0.0000,0.4067
13.803,-1.0550,-1.1075,-0.0812,-5.8524,-0.7926,0.0000,0.0353,0.0000,0.4067
13.806,-1.0418,-1.0943,-0.0813,-5.8536,-0.7938,0.0000,0.0353,0.0000,0.4067
13.810,-1.0246,-1.0771,-0.0814,-5.8552,-0.7954,0.0000,0.0353,0.0000,0.4067
13.814,-1.0082,-1.0607,-0.0816,-5.8568,-0.7970,0.0000,0.0353,0.0000,0.4067
13.818,-0.9949,-1.0474,-0.0817,-5.8581,-0.7983,0.0000,0.0353,0.0000,0.4067
13.821,-1.1202,-1.0348,-0.0818,-5.8513,-0.7995,0.0000,0.0189,0.0000,0.4067
13.825,-1.1052,-1.0198,-0.0819,-5.8528,-0.8011,0.0000,0.0189,0.0000,0.4067
13.830,-1.0881,-1.0027,-0.0820,-5.8547,-0.8030,0.0000,0.0189,0.0000,0.4067
13.834,-1.0730,-0.9876,-0.0822,-5.8564,-0.8047,0.0000,0.0189,0.0000,0.4067
13.837,-1.0609,-0.9755,-0.0823,-5.8578,-0.8061,0.0000,0.0189,0.0000,0.4067
13.840,-1.1944,-0.9626,-0.0824,-5.8494,-0.8076,0.0000,0.0073,0.0000,0.4067
13.844,-1.1802,-0.9485,-0.0825,-5.8511,-0.8093,0.0000,0.0073,0.0000,0.4067
13.848,-1.1669,-0.9352,-0.0826,-5.8528,-0.8110,0.0000,0.0073,0.0000,0.4067
13.851,-1.1543,-0.9226,-0.0826,-5.8545,-0.8127,0.0000,0.0073,0.0000,0.4067
13.855,-1.1406,-0.9089,-0.0827,-5.8566,-0.8148,0.0000,0.0073,0.0000,0.4067
13.864,-1.3555,-0.8780,-0.0828,-5.8537,-0.8202,0.0000,0.0037,0.0000,0.4067
13.871,-1.3303,-0.8529,-0.0830,-5.8588,-0.8253,0.0000,0.0037,0.0000,0.4067
13.877,-1.3110,-0.8336,-0.0832,-5.8630,-0.8295,0.0000,0.0037,0.0000,0.4067
13.886,-1.5258,-0.8045,-0.0833,-5.8590,-0.8366,0.0000,0.0074,0.0000,0.4067
13.891,-1.5087,-0.7874,-0.0834,-5.8635,-0.8411,0.0000,0.0074,0.0000,0.4067
13.895,-1.4959,-0.7746,-0.0835,-5.8670,-0.8446,0.0000,0.0074,0.0000,0.4067
13.900,-1.7206,-0.7598,-0.0836,-5.8571,-0.8488,0.0000,0.0165,0.0000,0.4067
13.905,-1.7057,-0.7449,-0.0837,-5.8614,-0.8532,0.0000,0.0165,0.0000,0.4067
13.908,-1.6950,-0.7342,-0.0837,-5.8645,-0.8563,0.0000,0.0165,0.0000,0.4067
13.911,-1.6852,-0.7244,-0.0838,-5.8675,-0.8593,0.0000,0.0165,0.0000,0.4067
13.915,-1.6741,-0.7133,-0.0838,-5.8709,-0.8627,0.0000,0.0165,0.0000,0.4067
13.919,-1.8906,-0.7029,-0.0839,-5.8563,-0.8659,0.0000,0.0315,0.0000,0.4067
13.922,-1.8794,-0.6916,-0.0839,-5.8599,-0.8695,0.0000,0.0315,0.0000,0.4067
13.926,-1.8697,-0.6820,-0.0840,-5.8631,-0.8727,0.0000,0.0315,0.0000,0.4067
13.929,-1.8598,-0.6720,-0.0840,-5.8664,-0.8760,0.0000,0.0315,0.0000,0.4067
13.933,-1.8492,-0.6615,-0.0840,-5.8700,-0.8796,0.0000,0.0315,0.0000,0.4067
13.936,-1.8396,-0.6519,-0.0841,-5.8733,-0.8829,0.0000,0.0315,0.0000,0.4067
13.940,-2.0508,-0.6428,-0.0841,-5.8585,-0.8861,0.0000,0.0233,0.0000,0.4067
13.943,-2.0404,-0.6324,-0.0841,-5.8623,-0.8899,0.0000,0.0233,0.0000,0.4067
13.947,-2.0306,-0.6226,-0.0842,-5.8660,-0.8936,0.0000,0.0233,0.0000,0.4067
13.951,-2.0213,-0.6133,-0.0842,-5.8695,-0.8971,0.0000,0.0233,0.0000,0.4067
13.954,-2.0126,-0.6046,-0.0842,-5.8730,-0.9006,0.0000,0.0233,0.0000,0.4067
13.957,-2.0042,-0.5962,-0.0842,-5.8765,-0.9041,0.0000,0.0233,0.0000,0.4067
13.960,-2.2122,-0.5881,-0.0843,-5.8594,-0.9076,0.0000,0.0135,0.0000,0.4067
13.965,-2.2013,-0.5772,-0.0843,-5.8645,-0.9127,0.0000,0.0135,0.0000,0.4067
13.968,-2.1925,-0.5684,-0.0843,-5.8688,-0.9171,0.0000,0.0135,0.0000,0.4067
13.972,-2.1840,-0.5599,-0.0843,-5.8732,-0.9214,0.0000,0.0135,0.0000,0.4067
13.975,-2.1759,-0.5518,-0.0843,-5.8775,-0.9258,0.0000,0.0135,0.0000,0.4067
13.978,-2.3793,-0.5440,-0.0843,-5.8574,-0.9301,0.0000,0.0109,0.0000,0.4067
13.983,-2.3665,-0.5311,-0.0844,-5.8651,-0.9378,0.0000,0.0109,0.0000,0.4067
13.991,-2.3496,-0.5142,-0.0844,-5.8761,-0.9488,0.0000,0.0109,0.0000,0.4067
13.994,-2.3415,-0.5062,-0.0844,-5.8816,-0.9543,0.0000,0.0109,0.0000,0.4067
13.998,-2.3332,-0.4978,-0.0844,-5.8875,-0.9602,0.0000,0.0109,0.0000,0.4067
14.001,-2.5292,-0.4904,-0.0844,-5.8664,-0.9657,0.0000,-0.0016,0.0000,0.4067
14.005,-2.5200,-0.4811,-0.0844,-5.8733,-0.9725,0.0000,-0.0016,0.0000,0.4067
14.013,-2.5037,-0.4648,-0.0844,-5.8860,-0.9852,0.0000,-0.0016,0.0000,0.4067
14.018,-2.4934,-0.4546,-0.0844,-5.8942,-0.9935,0.0000,-0.0016,0.0000,0.4067
14.021,-2.6883,-0.4477,-0.0844,-5.8693,-0.9990,0.0000,-0.0087,0.0000,0.4067
14.025,-2.6805,-0.4400,-0.0844,-5.8758,-1.0055,0.0000,-0.0087,0.0000,0.4067
14.028,-2.6741,-0.4335,-0.0844,-5.8813,-1.0110,0.0000,-0.0087,0.0000,0.4067
14.032,-2.6667,-0.4261,-0.0844,-5.8876,-1.0174,0.0000,-0.0087,0.0000,0.4067
14.035,-2.6602,-0.4197,-0.0844,-5.8934,-1.0231,0.0000,-0.0087,0.0000,0.4067
14.039,-2.8500,-0.4132,-0.0844,-5.8643,-1.0289,0.0000,-0.0083,0.0000,0.4067
14.043,-2.8427,-0.4059,-0.0844,-5.8710,-1.0357,0.0000,-0.0083,0.0000,0.4067
14.046,-2.8359,-0.3991,-0.0844,-5.8775,-1.0422,0.0000,-0.0083,0.0000,0.4067
14.050,-2.8290,-0.3922,-0.0843,-5.8842,-1.0489,0.0000,-0.0083,0.0000,0.4067
14.054,-2.8226,-0.3858,-0.0843,-5.8908,-1.0554,0.0000,-0.0083,0.0000,0.4067
14.057,-2.8162,-0.3794,-0.0843,-5.8977,-1.0623,0.0000,-0.0083,0.0000,0.4067
14.061,-2.9983,-0.3733,-0.0843,-5.8650,-1.0692,0.0000,-0.0010,0.0000,0.4067
14.065,-2.9911,-0.3661,-0.0843,-5.8735,-1.0778,0.0000,-0.0010,0.0000,0.4067
14.068,-2.9854,-0.3604,-0.0843,-5.8806,-1.0849,0.0000,-0.0010,0.0000,0.4067
14.071,-2.9797,-0.3547,-0.0842,-5.8880,-1.0923,0.0000,-0.0010,0.0000,0.4067
14.075,-2.9742,-0.3492,-0.0842,-5.8955,-1.0997,0.0000,-0.0010,0.0000,0.4067
14.078,-3.1542,-0.3439,-0.0842,-5.8622,-1.1072,0.0000,-0.0124,0.0000,0.4067
14.084,-3.1447,-0.3344,-0.0842,-5.8766,-1.1216,0.0000,-0.0124,0.0000,0.4067
14.091,-3.1340,-0.3237,-0.0842,-5.8943,-1.1393,0.0000,-0.0124,0.0000,0.4067
14.094,-3.1288,-0.3185,-0.0841,-5.9031,-1.1481,0.0000,-0.0124,0.0000,0.4067
14.098,-3.1232,-0.3129,-0.0841,-5.9131,-1.1580,0.0000,-0.0124,0.0000,0.4067
14.101,-3.2957,-0.3079,-0.0841,-5.8769,-1.1671,0.0000,-0.0194,0.0000,0.4067
14.105,-3.2901,-0.3022,-0.0840,-5.8875,-1.1777,0.0000,-0.0194,0.0000,0.4067
14.108,-3.2854,-0.2976,-0.0840,-5.8964,-1.1865,0.0000,-0.0194,0.0000,0.4067
14.112,-3.2808,-0.2929,-0.0840,-5.9055,-1.1956,0.0000,-0.0194,0.0000,0.4067
14.115,-3.2753,-0.2875,-0.0839,-5.9163,-1.2064,0.0000,-0.0194,0.0000,0.4067
14.119,-3.4466,-0.2827,-0.0839,-5.8761,-1.2163,0.0000,-0.0174,0.0000,0.4067
14.123,-3.4413,-0.2774,-0.0839,-5.8872,-1.2274,0.0000,-0.0174,0.0000,0.4067
14.126,-3.4370,-0.2730,-0.0838,-5.8965,-1.2367,0.0000,-0.0174,0.0000,0.4067
14.130,-3.4323,-0.2684,-0.0838,-5.9067,-1.2469,0.0000,-0.0174,0.0000,0.4067
14.133,-3.4275,-0.2635,-0.0838,-5.9175,-1.2577,0.0000,-0.0174,0.0000,0.4067
14.137,-3.4232,-0.2592,-0.0837,-5.9274,-1.2676,0.0000,-0.0174,0.0000,0.4067
14.140,-3.5880,-0.2551,-0.0837,-5.8819,-1.2773,0.0000,-0.0066,0.0000,0.4067
14.144,-3.5833,-0.2504,-0.0837,-5.8935,-1.2888,0.0000,-0.0066,0.0000,0.4067
14.148,-3.5784,-0.2456,-0.0836,-5.9061,-1.3014,0.0000,-0.0066,0.0000,0.4067
14.151,-3.5743,-0.2414,-0.0836,-5.9175,-1.3128,0.0000,-0.0066,0.0000,0.4067
14.155,-3.5705,-0.2376,-0.0836,-5.9284,-1.3237,0.0000,-0.0066,0.0000,0.4067
14.158,-3.7321,-0.2337,-0.0835,-5.8819,-1.3354,0.0000,-0.0008,0.0000,0.4067
14.167,-3.7215,-0.2230,-0.0835,-5.9179,-1.3714,0.0000,-0.0008,0.0000,0.4067
14.173,-3.7151,-0.2166,-0.0834,-5.9412,-1.3947,0.0000,-0.0008,0.0000,0.4067
14.178,-3.7103,-0.2119,-0.0833,-5.9593,-1.4128,0.0000,-0.0008,0.0000,0.4067
14.182,-3.8645,-0.2072,-0.0833,-5.9152,-1.4317,0.0000,0.0118,0.0000,0.4067
14.187,-3.8597,-0.2025,-0.0832,-5.9356,-1.4520,0.0000,0.0118,0.0000,0.4067
14.191,-3.8549,-0.1977,-0.0832,-5.9572,-1.4737,0.0000,0.0118,0.0000,0.4067
14.199,-3.9860,-0.1900,-0.0831,-5.9254,-1.5105,0.0000,0.0331,0.0000,0.4067
14.204,-3.9814,-0.1854,-0.0830,-5.9481,-1.5332,0.0000,0.0331,0.0000,0.4067
14.208,-3.9782,-0.1822,-0.0829,-5.9644,-1.5495,0.0000,0.0331,0.0000,0.4067
14.211,-3.9749,-0.1789,-0.0829,-5.9817,-1.5667,0.0000,0.0331,0.0000,0.4067
14.216,-3.9709,-0.1749,-0.0829,-6.0031,-1.5882,0.0000,0.0331,0.0000,0.4067
14.219,-4.0829,-0.1718,-0.0828,-5.9459,-1.6052,0.0000,0.0624,0.0000,0.4067
14.223,-4.0796,-0.1685,-0.0828,-5.9649,-1.6242,0.0000,0.0624,0.0000,0.4067
14.227,-4.0765,-0.1654,-0.0827,-5.9830,-1.6423,0.0000,0.0624,0.0000,0.4067
14.231,-4.0731,-0.1620,-0.0827,-6.0045,-1.6638,0.0000,0.0624,0.0000,0.4067
14.234,-4.0703,-0.1592,-0.0826,-6.0235,-1.6829,0.0000,0.0624,0.0000,0.4067
14.238,-4.0676,-0.1566,-0.0826,-6.0420,-1.7013,0.0000,0.0624,0.0000,0.4067
14.241,-4.1587,-0.1540,-0.0825,-5.9811,-1.7199,0.0000,0.0989,0.0000,0.4067
14.245,-4.1555,-0.1508,-0.0825,-6.0058,-1.7447,0.0000,0.0989,0.0000,0.4067
14.249,-4.1524,-0.1478,-0.0824,-6.0309,-1.7698,0.0000,0.0989,0.0000,0.4067
14.253,-4.1495,-0.1449,-0.0824,-6.0561,-1.7949,0.0000,0.0989,0.0000,0.4067
14.256,-4.1470,-0.1423,-0.0823,-6.0793,-1.8181,0.0000,0.0989,0.0000,0.4067
14.260,-4.2186,-0.1400,-0.0822,-6.0169,-1.8404,0.0000,0.1431,0.0000,0.4067
14.264,-4.2156,-0.1369,-0.0822,-6.0475,-1.8710,0.0000,0.1431,0.0000,0.4067
14.268,-4.2130,-0.1343,-0.0821,-6.0747,-1.8983,0.0000,0.1431,0.0000,0.4067
14.271,-4.2108,-0.1321,-0.0821,-6.0995,-1.9230,0.0000,0.1431,0.0000,0.4067
14.274,-4.2085,-0.1299,-0.0820,-6.1250,-1.9486,0.0000,0.1431,0.0000,0.4067
14.277,-4.2064,-0.1277,-0.0820,-6.1502,-1.9738,0.0000,0.1431,0.0000,0.4067
14.281,-4.2602,-0.1253,-0.0820,-6.0921,-2.0032,0.0000,0.1761,0.0000,0.4067
14.285,-4.2576,-0.1228,-0.0819,-6.1241,-2.0352,0.0000,0.1761,0.0000,0.4067
14.288,-4.2556,-0.1208,-0.0818,-6.1501,-2.0612,0.0000,0.1761,0.0000,0.4067
14.293,-4.2529,-0.1180,-0.0818,-6.1873,-2.0984,0.0000,0.1761,0.0000,0.4067
14.300,-4.2886,-0.1137,-0.0817,-6.1565,-2.1596,0.0000,0.2138,0.0000,0.4067
14.314,-4.2799,-0.1050,-0.0816,-6.2546,-2.2577,0.0000,0.2138,0.0000,0.4067
14.319,-4.3028,-0.1024,-0.0814,-6.1852,-2.2847,0.0000,0.2581,0.0000,0.4067
14.330,-4.2972,-0.0967,-0.0813,-6.2288,-2.3283,0.0000,0.2581,0.0000,0.4067
14.335,-4.2947,-0.0943,-0.0812,-6.2445,-2.3440,0.0000,0.2581,0.0000,0.4067
14.339,-4.3048,-0.0921,-0.0811,-6.1576,-2.3554,0.0000,0.2863,0.0000,0.4067
14.344,-4.3028,-0.0900,-0.0810,-6.1660,-2.3639,0.0000,0.2863,0.0000,0.4067
14.347,-4.3010,-0.0883,-0.0810,-6.1713,-2.3692,0.0000,0.2863,0.0000,0.4067
14.351,-4.2995,-0.0867,-0.0809,-6.1754,-2.3733,0.0000,0.2863,0.0000,0.4067
14.355,-4.2978,-0.0850,-0.0808,-6.1804,-2.3783,0.0000,0.2863,0.0000,0.4067
14.358,-4.2963,-0.0836,-0.0808,-6.1851,-2.3829,0.0000,0.2863,0.0000,0.4067
14.361,-4.2954,-0.0822,-0.0807,-6.0881,-2.3879,0.0000,0.3174,0.0000,0.4067
14.365,-4.2936,-0.0804,-0.0807,-6.0956,-2.3954,0.0000,0.3174,0.0000,0.4067
14.369,-4.2920,-0.0788,-0.0806,-6.1030,-2.4027,0.0000,0.3174,0.0000,0.4067
14.374,-4.2901,-0.0769,-0.0806,-6.1124,-2.4122,0.0000,0.3174,0.0000,0.4067
14.377,-4.2887,-0.0755,-0.0805,-6.1201,-2.4199,0.0000,0.3174,0.0000,0.4067
14.381,-4.2772,-0.0741,-0.0804,-6.0232,-2.4284,0.0000,0.3553,0.0000,0.4067
14.385,-4.2756,-0.0725,-0.0804,-6.0332,-2.4385,0.0000,0.3553,0.0000,0.4067
14.388,-4.2743,-0.0712,-0.0803,-6.0419,-2.4471,0.0000,0.3553,0.0000,0.4067
14.391,-4.2731,-0.0700,-0.0803,-6.0507,-2.4559,0.0000,0.3553,0.0000,0.4067
14.394,-4.2719,-0.0688,-0.0802,-6.0597,-2.4650,0.0000,0.3553,0.0000,0.4067
14.399,-4.2506,-0.0671,-0.0802,-5.9655,-2.4794,0.0000,0.3994,0.0000,0.4067
14.407,-4.2477,-0.0641,-0.0801,-5.9940,-2.5079,0.0000,0.3994,0.0000,0.4067
14.411,-4.2465,-0.0629,-0.0800,-6.0063,-2.5203,0.0000,0.3994,0.0000,0.4067
14.415,-4.2452,-0.0616,-0.0799,-6.0200,-2.5339,0.0000,0.3994,0.0000,0.4067
14.419,-4.2160,-0.0604,-0.0799,-5.9223,-2.5478,0.0000,0.4483,0.0000,0.4067
14.423,-4.2146,-0.0591,-0.0798,-5.9386,-2.5640,0.0000,0.4483,0.0000,0.4067
14.426,-4.2136,-0.0580,-0.0797,-5.9517,-2.5771,0.0000,0.4483,0.0000,0.4067
14.430,-4.2124,-0.0569,-0.0797,-5.9665,-2.5920,0.0000,0.4483,0.0000,0.4067
14.434,-4.2111,-0.0555,-0.0796,-5.9854,-2.6108,0.0000,0.4483,0.0000,0.4067
14.438,-4.1745,-0.0545,-0.0796,-5.8874,-2.6267,0.0000,0.4972,0.0000,0.4067
14.442,-4.1734,-0.0533,-0.0795,-5.9052,-2.6445,0.0000,0.4972,0.0000,0.4067
14.445,-4.1724,-0.0523,-0.0794,-5.9210,-2.6603,0.0000,0.4972,0.0000,0.4067
14.450,-4.1712,-0.0511,-0.0794,-5.9417,-2.6810,0.0000,0.4972,0.0000,0.4067
14.454,-4.1701,-0.0500,-0.0793,-5.9615,-2.7008,0.0000,0.4972,0.0000,0.4067
14.458,-4.1690,-0.0490,-0.0793,-5.9806,-2.7199,0.0000,0.4972,0.0000,0.4067
14.461,-4.1259,-0.0480,-0.0792,-5.8836,-2.7391,0.0000,0.5481,0.0000,0.4067
14.468,-4.1242,-0.0463,-0.0791,-5.9197,-2.7751,0.0000,0.5481,0.0000,0.4067
14.473,-4.1231,-0.0452,-0.0790,-5.9440,-2.7994,0.0000,0.5481,0.0000,0.4067
14.482,-4.0731,-0.0430,-0.0789,-5.8793,-2.8533,0.0000,0.6097,0.0000,0.4067
14.488,-4.0716,-0.0415,-0.0788,-5.9180,-2.8920,0.0000,0.6097,0.0000,0.4067
14.492,-4.0708,-0.0406,-0.0787,-5.9408,-2.9148,0.0000,0.6097,0.0000,0.4067
14.498,-4.0166,-0.0392,-0.0786,-5.8603,-2.9546,0.0000,0.6734,0.0000,0.4067
14.504,-4.0152,-0.0379,-0.0785,-5.9007,-2.9950,0.0000,0.6734,0.0000,0.4067
14.513,-4.0135,-0.0362,-0.0784,-5.9589,-3.0532,0.0000,0.6734,0.0000,0.4067
14.517,-4.0127,-0.0354,-0.0782,-5.9856,-3.0799,0.0000,0.6734,0.0000,0.4067
14.521,-3.9547,-0.0346,-0.0782,-5.8898,-3.1061,0.0000,0.7366,0.0000,0.4067
14.526,-3.9538,-0.0337,-0.0781,-5.9255,-3.1418,0.0000,0.7366,0.0000,0.4067
14.530,-3.9530,-0.0329,-0.0780,-5.9555,-3.1718,0.0000,0.7366,0.0000,0.4067
14.534,-3.9523,-0.0322,-0.0779,-5.9841,-3.2003,0.0000,0.7366,0.0000,0.4067
14.538,-3.8906,-0.0315,-0.0779,-5.8885,-3.2281,0.0000,0.8000,0.0000,0.4067
14.543,-3.8897,-0.0306,-0.0778,-5.9295,-3.2691,0.0000,0.8000,0.0000,0.4067
14.548,-3.8889,-0.0298,-0.0777,-5.9650,-3.3047,0.0000,0.8000,0.0000,0.4067
14.552,-3.8882,-0.0291,-0.0776,-5.9974,-3.3370,0.0000,0.8000,0.0000,0.4067
14.556,-3.8876,-0.0285,-0.0776,-6.0279,-3.3675,0.0000,0.8000,0.0000,0.4067
14.560,-3.8229,-0.0279,-0.0775,-5.9313,-3.3957,0.0000,0.8690,0.0000,0.4067
14.565,-3.8221,-0.0272,-0.0775,-5.9700,-3.4344,0.0000,0.8690,0.0000,0.4067
14.569,-3.8216,-0.0266,-0.0774,-5.9996,-3.4640,0.0000,0.8690,0.0000,0.4067
14.573,-3.8209,-0.0260,-0.0773,-6.0353,-3.4997,0.0000,0.8690,0.0000,0.4067
14.577,-3.8204,-0.0254,-0.0773,-6.0676,-3.5320,0.0000,0.8690,0.0000,0.4067
14.581,-3.7530,-0.0248,-0.0772,-5.9770,-3.5672,0.0000,0.9394,0.0000,0.4067
14.586,-3.7524,-0.0242,-0.0771,-6.0133,-3.6035,0.0000,0.9394,0.0000,0.4067
14.589,-3.7519,-0.0237,-0.0771,-6.0443,-3.6345,0.0000,0.9394,0.0000,0.4067
14.593,-3.7514,-0.0233,-0.0770,-6.0748,-3.6651,0.0000,0.9394,0.0000,0.4067
14.597,-3.7509,-0.0227,-0.0769,-6.1110,-3.7012,0.0000,0.9394,0.0000,0.4067
14.601,-3.6814,-0.0222,-0.0769,-6.0170,-3.7340,0.0000,1.0079,0.0000,0.4067
14.607,-3.6807,-0.0215,-0.0768,-6.0702,-3.7872,0.0000,1.0079,0.0000,0.4067
14.615,-3.6798,-0.0206,-0.0767,-6.1349,-3.8519,0.0000,1.0079,0.0000,0.4067
14.618,-3.6085,-0.0202,-0.0766,-6.0410,-3.8857,0.0000,1.0724,0.0000,0.4067
14.623,-3.6080,-0.0197,-0.0766,-6.0773,-3.9220,0.0000,1.0724,0.0000,0.4067
14.630,-3.6072,-0.0189,-0.0765,-6.1457,-3.9904,0.0000,1.0724,0.0000,0.4067
14.635,-3.6067,-0.0183,-0.0764,-6.1920,-4.0367,0.0000,1.0724,0.0000,0.4067
14.639,-3.5341,-0.0180,-0.0763,-6.0961,-4.0693,0.0000,1.1389,0.0000,0.4067
14.643,-3.5337,-0.0176,-0.0762,-6.1305,-4.1036,0.0000,1.1389,0.0000,0.4067
14.647,-3.5334,-0.0172,-0.0762,-6.1624,-4.1355,0.0000,1.1389,0.0000,0.4067
14.651,-3.5330,-0.0168,-0.0761,-6.1994,-4.1725,0.0000,1.1389,0.0000,0.4067
14.655,-3.5326,-0.0165,-0.0761,-6.2336,-4.2067,0.0000,1.1389,0.0000,0.4067
14.658,-3.4590,-0.0162,-0.0760,-6.1349,-4.2374,0.0000,1.2005,0.0000,0.4067
14.662,-3.4587,-0.0158,-0.0760,-6.1703,-4.2727,0.0000,1.2005,0.0000,0.4067
14.667,-3.4583,-0.0154,-0.0759,-6.2100,-4.3125,0.0000,1.2005,0.0000,0.4067
14.670,-3.4580,-0.0151,-0.0758,-6.2422,-4.3447,0.0000,1.2005,0.0000,0.4067
14.674,-3.4577,-0.0148,-0.0758,-6.2720,-4.3744,0.0000,1.2005,0.0000,0.4067
14.677,-3.4574,-0.0145,-0.0757,-6.3000,-4.4025,0.0000,1.2005,0.0000,0.4067
14.681,-3.3832,-0.0142,-0.0757,-6.2046,-4.4372,0.0000,1.2625,0.0000,0.4067
14.685,-3.3829,-0.0139,-0.0756,-6.2382,-4.4708,0.0000,1.2625,0.0000,0.4067
14.688,-3.3826,-0.0136,-0.0756,-6.2661,-4.4987,0.0000,1.2625,0.0000,0.4067
14.692,-3.3824,-0.0134,-0.0755,-6.2941,-4.5267,0.0000,1.2625,0.0000,0.4067
14.695,-3.3821,-0.0132,-0.0755,-6.3216,-4.5542,0.0000,1.2625,0.0000,0.4067
14.699,-3.3074,-0.0128,-0.0754,-6.2288,-4.5925,0.0000,1.3187,0.0000,0.4067
14.704,-3.3071,-0.0125,-0.0754,-6.2636,-4.6273,0.0000,1.3187,0.0000,0.4067
14.707,-3.3069,-0.0123,-0.0753,-6.2908,-4.6546,0.0000,1.3187,0.0000,0.4067
14.711,-3.3066,-0.0120,-0.0753,-6.3266,-4.6903,0.0000,1.3187,0.0000,0.4067
14.719,-3.2316,-0.0115,-0.0752,-6.2540,-4.7499,0.0000,1.3673,0.0000,0.4067
14.723,-3.2313,-0.0112,-0.0751,-6.2847,-4.7806,0.0000,1.3673,0.0000,0.4067
14.726,-3.2311,-0.0110,-0.0751,-6.3124,-4.8084,0.0000,1.3673,0.0000,0.4067
14.731,-3.2308,-0.0107,-0.0750,-6.3495,-4.8454,0.0000,1.3673,0.0000,0.4067
14.735,-3.2305,-0.0105,-0.0750,-6.3770,-4.8730,0.0000,1.3673,0.0000,0.4067
14.738,-3.1558,-0.0103,-0.0749,-6.2684,-4.8977,0.0000,1.4085,0.0000,0.4067
14.742,-3.1556,-0.0100,-0.0749,-6.2973,-4.9266,0.0000,1.4085,0.0000,0.4067
14.746,-3.1554,-0.0098,-0.0748,-6.3244,-4.9537,0.0000,1.4085,0.0000,0.4067
14.750,-3.1552,-0.0096,-0.0748,-6.3504,-4.9797,0.0000,1.4085,0.0000,0.4067
14.753,-3.1550,-0.0094,-0.0747,-6.3718,-5.0011,0.0000,1.4085,0.0000,0.4067
14.758,-3.1548,-0.0092,-0.0747,-6.3992,-5.0285,0.0000,1.4085,0.0000,0.4067
14.761,-3.0805,-0.0090,-0.0746,-6.2873,-5.0507,0.0000,1.4516,0.0000,0.4067
14.765,-3.0803,-0.0088,-0.0746,-6.3138,-5.0772,0.0000,1.4516,0.0000,0.4067
14.769,-3.0801,-0.0087,-0.0745,-6.3335,-5.0969,0.0000,1.4516,0.0000,0.4067
14.772,-3.0799,-0.0085,-0.0745,-6.3534,-5.1168,0.0000,1.4516,0.0000,0.4067
14.776,-3.0798,-0.0083,-0.0744,-6.3730,-5.1364,0.0000,1.4516,0.0000,0.4067
14.783,-3.0060,-0.0080,-0.0744,-6.2779,-5.1756,0.0000,1.5017,0.0000,0.4067
14.789,-3.0057,-0.0077,-0.0743,-6.3072,-5.2050,0.0000,1.5017,0.0000,0.4067
14.793,-3.0056,-0.0075,-0.0742,-6.3243,-5.2221,0.0000,1.5017,0.0000,0.4067
14.796,-3.0054,-0.0074,-0.0742,-6.3401,-5.2379,0.0000,1.5017,0.0000,0.4067
14.800,-2.9325,-0.0072,-0.0741,-6.2206,-5.2536,0.0000,1.5433,0.0000,0.4067
14.805,-2.9323,-0.0070,-0.0741,-6.2397,-5.2726,0.0000,1.5433,0.0000,0.4067
14.809,-2.9321,-0.0069,-0.0740,-6.2536,-5.2865,0.0000,1.5433,0.0000,0.4067
14.813,-2.9320,-0.0067,-0.0740,-6.2695,-5.3024,0.0000,1.5433,0.0000,0.4067
14.818,-2.9318,-0.0066,-0.0739,-6.2833,-5.3162,0.0000,1.5433,0.0000,0.4067
14.823,-2.8595,-0.0064,-0.0738,-6.1615,-5.3304,0.0000,1.5720,0.0000,0.4067
14.830,-2.8593,-0.0061,-0.0738,-6.1793,-5.3483,0.0000,1.5720,0.0000,0.4067
14.835,-2.8591,-0.0059,-0.0737,-6.1880,-5.3569,0.0000,1.5720,0.0000,0.4067
14.839,-2.7878,-0.0058,-0.0736,-6.0587,-5.3644,0.0000,1.5872,0.0000,0.4067
14.843,-2.7876,-0.0057,-0.0736,-6.0644,-5.3700,0.0000,1.5872,0.0000,0.4067
14.847,-2.7875,-0.0055,-0.0735,-6.0685,-5.3741,0.0000,1.5872,0.0000,0.4067
14.851,-2.7874,-0.0054,-0.0735,-6.0717,-5.3773,0.0000,1.5872,0.0000,0.4067
14.854,-2.7873,-0.0053,-0.0734,-6.0738,-5.3794,0.0000,1.5872,0.0000,0.4067
14.857,-2.7872,-0.0052,-0.0734,-6.0750,-5.3806,0.0000,1.5872,0.0000,0.4067
14.861,-2.7169,-0.0051,-0.0734,-5.9383,-5.3811,0.0000,1.5900,0.0000,0.4067
14.865,-2.7167,-0.0050,-0.0733,-5.9374,-5.3802,0.0000,1.5900,0.0000,0.4067
14.870,-2.7166,-0.0049,-0.0733,-5.9351,-5.3778,0.0000,1.5900,0.0000,0.4067
14.874,-2.7165,-0.0048,-0.0732,-5.9321,-5.3749,0.0000,1.5900,0.0000,0.4067
14.877,-2.7164,-0.0047,-0.0732,-5.9286,-5.3713,0.0000,1.5900,0.0000,0.4067
14.881,-2.6433,-0.0046,-0.0731,-5.7739,-5.3665,0.0000,1.2930,0.0000,0.4067
14.885,-2.6432,-0.0045,-0.0731,-5.7672,-5.3598,0.0000,1.2930,0.0000,0.4067
14.888,-2.6431,-0.0044,-0.0731,-5.7611,-5.3537,0.0000,1.2930,0.0000,0.4067
14.891,-2.6430,-0.0043,-0.0730,-5.7541,-5.3468,0.0000,1.2930,0.0000,0.4067
14.895,-2.6429,-0.0042,-0.0730,-5.7466,-5.3393,0.0000,1.2930,0.0000,0.4067
14.899,-2.5754,-0.0041,-0.0729,-5.5986,-5.3268,0.0000,1.2969,0.0000,0.4067
14.904,-2.5753,-0.0040,-0.0729,-5.5862,-5.3144,0.0000,1.2969,0.0000,0.4067
14.907,-2.5752,-0.0039,-0.0728,-5.5753,-5.3036,0.0000,1.2969,0.0000,0.4067
14.910,-2.5751,-0.0038,-0.0728,-5.5642,-5.2924,0.0000,1.2969,0.0000,0.4067
14.914,-2.5750,-0.0038,-0.0728,-5.5486,-5.2768,0.0000,1.2969,0.0000,0.4067
14.918,-2.5066,-0.0037,-0.0727,-5.3894,-5.2617,0.0000,1.1062,0.0000,0.4067
14.922,-2.5065,-0.0036,-0.0727,-5.3735,-5.2458,0.0000,1.1062,0.0000,0.4067
14.927,-2.5064,-0.0035,-0.0726,-5.3528,-5.2251,0.0000,1.1062,0.0000,0.4067
14.936,-2.5062,-0.0033,-0.0726,-5.2999,-5.1722,0.0000,1.1062,0.0000,0.4067
14.941,-2.4419,-0.0032,-0.0725,-5.1470,-5.1470,0.0000,1.1220,0.0000,0.4067
14.945,-2.4418,-0.0031,-0.0724,-5.1225,-5.1225,0.0000,1.1220,0.0000,0.4067
14.949,-2.4418,-0.0031,-0.0724,-5.1002,-5.1002,0.0000,1.1220,0.0000,0.4067
14.952,-2.4417,-0.0030,-0.0723,-5.0797,-5.0797,0.0000,1.1220,0.0000,0.4067
14.956,-2.4416,-0.0030,-0.0723,-5.0588,-5.0588,0.0000,1.1220,0.0000,0.4067
14.959,-2.3768,-0.0029,-0.0723,-4.8955,-5.0376,0.0000,0.9520,0.0000,0.4067
14.964,-2.3768,-0.0028,-0.0722,-4.8593,-5.0014,0.0000,0.9520,0.0000,0.4067
14.968,-2.3767,-0.0028,-0.0722,-4.8336,-4.9757,0.0000,0.9520,0.0000,0.4067
14.971,-2.3766,-0.0027,-0.0722,-4.8096,-4.9517,0.0000,0.9520,0.0000,0.4067
14.975,-2.3766,-0.0026,-0.0721,-4.7836,-4.9257,0.0000,0.9520,0.0000,0.4067
14.978,-2.3156,-0.0026,-0.0721,-4.6250,-4.8995,0.0000,0.9762,0.0000,0.4067
14.983,-2.3156,-0.0025,-0.0720,-4.5905,-4.8650,0.0000,0.9762,0.0000,0.4067
14.986,-2.3155,-0.0025,-0.0720,-4.5644,-4.8389,0.0000,0.9762,0.0000,0.4067
14.989,-2.3155,-0.0024,-0.0720,-4.5390,-4.8135,0.0000,0.9762,0.0000,0.4067
14.993,-2.3154,-0.0024,-0.0719,-4.5069,-4.7814,0.0000,0.9762,0.0000,0.4067
14.997,-2.3153,-0.0023,-0.0719,-4.4760,-4.7505,0.0000,0.9762,0.0000,0.4067
15.001,-2.2551,-0.0023,-0.0718,-4.3148,-4.7255,0.0000,0.9035,0.0000,0.4067
15.005,-2.2550,-0.0022,-0.0718,-4.2892,-4.6998,0.0000,0.9035,0.0000,0.4067
15.008,-2.2550,-0.0022,-0.0718,-4.2697,-4.6803,0.0000,0.9035,0.0000,0.4067
15.012,-2.2549,-0.0021,-0.0717,-4.2519,-4.6625,0.0000,0.9035,0.0000,0.4067
15.015,-2.2549,-0.0021,-0.0717,-4.2328,-4.6434,0.0000,0.9035,0.0000,0.4067
15.019,-2.1964,-0.0021,-0.0717,-4.0822,-4.6285,0.0000,0.8257,0.0000,0.4067
15.024,-2.1963,-0.0020,-0.0716,-4.0626,-4.6089,0.0000,0.8257,0.0000,0.4067
15.027,-2.1963,-0.0020,-0.0716,-4.0507,-4.5970,0.0000,0.8257,0.0000,0.4067
15.032,-2.1962,-0.0019,-0.0716,-4.0379,-4.5842,0.0000,0.8257,0.0000,0.4067
15.039,-2.1401,-0.0018,-0.0715,-3.8947,-4.5726,0.0000,0.8383,0.0000,0.4067
15.043,-2.1401,-0.0018,-0.0714,-3.8884,-4.5664,0.0000,0.8383,0.0000,0.4067
15.047,-2.1400,-0.0017,-0.0714,-3.8821,-4.5600,0.0000,0.8383,0.0000,0.4067
15.051,-2.1400,-0.0017,-0.0714,-3.8760,-4.5540,0.0000,0.8383,0.0000,0.4067
15.055,-2.1399,-0.0017,-0.0713,-3.8686,-4.5465,0.0000,0.8383,0.0000,0.4067
15.059,-2.0839,-0.0016,-0.0713,-3.7230,-4.5399,0.0000,0.5798,0.0000,0.4067
15.064,-2.0838,-0.0016,-0.0712,-3.7125,-4.5295,0.0000,0.5798,0.0000,0.4067
15.068,-2.0838,-0.0015,-0.0712,-3.7046,-4.5215,0.0000,0.5798,0.0000,0.4067
15.072,-2.0838,-0.0015,-0.0712,-3.6966,-4.5135,0.0000,0.5798,0.0000,0.4067
15.075,-2.0837,-0.0015,-0.0711,-3.6893,-4.5062,0.0000,0.5798,0.0000,0.4067
15.079,-2.0311,-0.0014,-0.0711,-3.5513,-4.4975,0.0000,0.5879,0.0000,0.4067
15.088,-2.0310,-0.0014,-0.0711,-3.5309,-4.4771,0.0000,0.5879,0.0000,0.4067
15.094,-2.0310,-0.0013,-0.0710,-3.5185,-4.4647,0.0000,0.5879,0.0000,0.4067
15.098,-2.0310,-0.0013,-0.0709,-3.5090,-4.4553,0.0000,0.5879,0.0000,0.4067
15.101,-1.9581,-0.0013,-0.0709,-3.3714,-4.4467,0.0000,0.5907,0.0000,0.4067
15.106,-1.9581,-0.0012,-0.0709,-3.3609,-4.4362,0.0000,0.5907,0.0000,0.4067
15.109,-1.9580,-0.0012,-0.0708,-3.3534,-4.4287,0.0000,0.5907,0.0000,0.4067
15.113,-1.9580,-0.0012,-0.0708,-3.3447,-4.4199,0.0000,0.5907,0.0000,0.4067
15.117,-1.9580,-0.0012,-0.0707,-3.3357,-4.4110,0.0000,0.5907,0.0000,0.4067
15.121,-1.8647,-0.0011,-0.0707,-3.1947,-4.4024,0.0000,0.4286,0.0000,0.4067
15.125,-1.8647,-0.0011,-0.0707,-3.1854,-4.3931,0.0000,0.4286,0.0000,0.4067
15.128,-1.8647,-0.0011,-0.0706,-3.1780,-4.3856,0.0000,0.4286,0.0000,0.4067
15.132,-1.8647,-0.0011,-0.0706,-3.1681,-4.3758,0.0000,0.4286,0.0000,0.4067
15.136,-1.8646,-0.0010,-0.0706,-3.1604,-4.3681,0.0000,0.4286,0.0000,0.4067
15.140,-1.7581,-0.0010,-0.0705,-3.0246,-4.3581,0.0000,0.4528,0.0000,0.4067
15.148,-1.7581,-0.0010,-0.0705,-3.0067,-4.3402,0.0000,0.4528,0.0000,0.4067
15.152,-1.7581,-0.0009,-0.0704,-2.9984,-4.3319,0.0000,0.4528,0.0000,0.4067
15.155,-1.7580,-0.0009,-0.0704,-2.9906,-4.3241,0.0000,0.4528,0.0000,0.4067
15.159,-1.6387,-0.0009,-0.0704,-2.8596,-4.3173,0.0000,0.4745,0.0000,0.4067
15.163,-1.6387,-0.0009,-0.0704,-2.8509,-4.3085,0.0000,0.4745,0.0000,0.4067
15.166,-1.6386,-0.0009,-0.0703,-2.8431,-4.3008,0.0000,0.4745,0.0000,0.4067
15.170,-1.6386,-0.0009,-0.0703,-2.8365,-4.2942,0.0000,0.4745,0.0000,0.4067
15.173,-1.6386,-0.0008,-0.0703,-2.8299,-4.2876,0.0000,0.4745,0.0000,0.4067
15.176,-1.6386,-0.0008,-0.0702,-2.8235,-4.2811,0.0000,0.4745,0.0000,0.4067
15.181,-1.5085,-0.0008,-0.0702,-2.6901,-4.2723,0.0000,0.4143,0.0000,0.4067
15.186,-1.5085,-0.0008,-0.0702,-2.6815,-4.2637,0.0000,0.4143,0.0000,0.4067
15.189,-1.5085,-0.0008,-0.0701,-2.6749,-4.2571,0.0000,0.4143,0.0000,0.4067
15.193,-1.5085,-0.0007,-0.0701,-2.6687,-4.2509,0.0000,0.4143,0.0000,0.4067
15.198,-1.5084,-0.0007,-0.0701,-2.6598,-4.2420,0.0000,0.4143,0.0000,0.4067
15.202,-1.1421,-0.0007,-0.0700,-2.5211,-4.2358,0.0000,0.3496,0.0000,0.4067
15.206,-1.1421,-0.0007,-0.0700,-2.5147,-4.2294,0.0000,0.3496,0.0000,0.4067
15.209,-1.1421,-0.0007,-0.0700,-2.5093,-4.2240,0.0000,0.3496,0.0000,0.4067
15.213,-1.1421,-0.0007,-0.0699,-2.5035,-4.2182,0.0000,0.3496,0.0000,0.4067
15.217,-1.1421,-0.0006,-0.0699,-2.4978,-4.2125,0.0000,0.3496,0.0000,0.4067
15.220,-0.7884,-0.0006,-0.0699,-2.3669,-4.2077,0.0000,0.3545,0.0000,0.4067
15.224,-0.7884,-0.0006,-0.0698,-2.3617,-4.2024,0.0000,0.3545,0.0000,0.4067
15.228,-0.7884,-0.0006,-0.0698,-2.3574,-4.1981,0.0000,0.3545,0.0000,0.4067
15.231,-0.7883,-0.0006,-0.0698,-2.3527,-4.1934,0.0000,0.3545,0.0000,0.4067
15.239,-0.4488,-0.0006,-0.0698,-2.2230,-4.1853,0.0000,0.3507,0.0000,0.4067
15.245,-0.4487,-0.0005,-0.0697,-2.2163,-4.1787,0.0000,0.3507,0.0000,0.4067
15.252,-0.4487,-0.0005,-0.0696,-2.2100,-4.1723,0.0000,0.3507,0.0000,0.4067
15.256,-0.4487,-0.0005,-0.0696,-2.2071,-4.1694,0.0000,0.3507,0.0000,0.4067
15.259,-0.1232,-0.0005,-0.0696,-2.0877,-4.1668,0.0000,0.3388,0.0000,0.4067
15.263,-0.1232,-0.0005,-0.0695,-2.0847,-4.1638,0.0000,0.3388,0.0000,0.4067
15.267,-0.1232,-0.0005,-0.0695,-2.0825,-4.1616,0.0000,0.3388,0.0000,0.4067
15.270,-0.1232,-0.0005,-0.0695,-2.0806,-4.1597,0.0000,0.3388,0.0000,0.4067
15.274,-0.1232,-0.0005,-0.0695,-2.0789,-4.1580,0.0000,0.3388,0.0000,0.4067
15.277,-0.1232,-0.0004,-0.0694,-2.0774,-4.1565,0.0000,0.3388,0.0000,0.4067
15.280,0.1910,-0.0004,-0.0694,-1.9618,-4.1551,0.0000,0.2575,0.0000,0.4067
15.285,0.1910,-0.0004,-0.0694,-1.9605,-4.1538,0.0000,0.2575,0.0000,0.4067
15.288,0.1910,-0.0004,-0.0693,-1.9597,-4.1530,0.0000,0.2575,0.0000,0.4067
15.291,0.1910,-0.0004,-0.0693,-1.9590,-4.1523,0.0000,0.2575,0.0000,0.4067
15.294,0.1910,-0.0004,-0.0693,-1.9586,-4.1519,0.0000,0.2575,0.0000,0.4067
15.298,0.4955,-0.0004,-0.0693,-1.8535,-4.1517,0.0000,0.2484,0.0000,0.4067
15.302,0.4955,-0.0004,-0.0692,-1.8536,-4.1518,0.0000,0.2484,0.0000,0.4067
15.306,0.4955,-0.0004,-0.0692,-1.8539,-4.1521,0.0000,0.2484,0.0000,0.4067
15.309,0.4955,-0.0004,-0.0692,-1.8544,-4.1526,0.0000,0.2484,0.0000,0.4067
15.312,0.4955,-0.0004,-0.0692,-1.8551,-4.1533,0.0000,0.2484,0.0000,0.4067
15.316,0.4955,-0.0004,-0.0691,-1.8562,-4.1544,0.0000,0.2484,0.0000,0.4067
15.320,0.7865,-0.0003,-0.0691,-1.7592,-4.1558,0.0000,0.2393,0.0000,0.4067
15.324,0.7865,-0.0003,-0.0691,-1.7609,-4.1575,0.0000,0.2393,0.0000,0.4067
15.327,0.7865,-0.0003,-0.0691,-1.7626,-4.1592,0.0000,0.2393,0.0000,0.4067
15.331,0.7865,-0.0003,-0.0690,-1.7648,-4.1614,0.0000,0.2393,0.0000,0.4067
15.335,0.7865,-0.0003,-0.0690,-1.7676,-4.1642,0.0000,0.2393,0.0000,0.4067
15.339,1.0688,-0.0003,-0.0690,-1.6784,-4.1671,0.0000,0.2251,0.0000,0.4067
15.343,1.0688,-0.0003,-0.0690,-1.6820,-4.1707,0.0000,0.2251,0.0000,0.4067
15.348,1.0688,-0.0003,-0.0689,-1.6869,-4.1755,0.0000,0.2251,0.0000,0.4067
15.356,1.0688,-0.0003,-0.0689,-1.6955,-4.1842,0.0000,0.2251,0.0000,0.4067
15.359,1.3394,-0.0003,-0.0688,-1.6108,-4.1885,0.0000,0.1438,0.0000,0.4067
15.364,1.3394,-0.0003,-0.0688,-1.6164,-4.1941,0.0000,0.1438,0.0000,0.4067
15.367,1.3394,-0.0003,-0.0688,-1.6214,-4.1991,0.0000,0.1438,0.0000,0.4067
15.371,1.3394,-0.0003,-0.0688,-1.6264,-4.2041,0.0000,0.1438,0.0000,0.4067
15.374,1.3394,-0.0002,-0.0687,-1.6314,-4.2091,0.0000,0.1438,0.0000,0.4067
15.378,1.3394,-0.0002,-0.0687,-1.6365,-4.2142,0.0000,0.1438,0.0000,0.4067
15.381,1.6013,-0.0002,-0.0687,-1.5654,-4.2206,0.0000,0.1389,0.0000,0.4067
15.387,1.6013,-0.0002,-0.0687,-1.5757,-4.2310,0.0000,0.1389,0.0000,0.4067
15.395,1.6013,-0.0002,-0.0686,-1.5904,-4.2457,0.0000,0.1389,0.0000,0.4067
15.400,1.8559,-0.0002,-0.0686,-1.5308,-4.2562,0.0000,0.1391,0.0000,0.4067
15.404,1.8559,-0.0002,-0.0685,-1.5404,-4.2658,0.0000,0.1391,0.0000,0.4067
15.408,1.8559,-0.0002,-0.0685,-1.5489,-4.2743,0.0000,0.1391,0.0000,0.4067
15.411,1.8559,-0.0002,-0.0685,-1.5575,-4.2829,0.0000,0.1391,0.0000,0.4067
15.416,1.8560,-0.0002,-0.0685,-1.5681,-4.2935,0.0000,0.1391,0.0000,0.4067
15.419,2.0993,-0.0002,-0.0684,-1.5155,-4.3029,0.0000,0.1479,0.0000,0.4067
15.424,2.0993,-0.0002,-0.0684,-1.5269,-4.3143,0.0000,0.1479,0.0000,0.4067
15.427,2.0993,-0.0002,-0.0684,-1.5368,-4.3242,0.0000,0.1479,0.0000,0.4067
15.432,2.0993,-0.0002,-0.0684,-1.5496,-4.3371,0.0000,0.1479,0.0000,0.4067
15.437,2.0993,-0.0002,-0.0683,-1.5640,-4.3515,0.0000,0.1479,0.0000,0.4067
15.441,2.3337,-0.0002,-0.0683,-1.5211,-4.3632,0.0000,0.1527,0.0000,0.4067
15.445,2.3337,-0.0002,-0.0683,-1.5354,-4.3775,0.0000,0.1527,0.0000,0.4067
15.449,2.3337,-0.0002,-0.0682,-1.5479,-4.3900,0.0000,0.1527,0.0000,0.4067
15.452,2.3337,-0.0002,-0.0682,-1.5587,-4.4009,0.0000,0.1527,0.0000,0.4067
15.456,2.3338,-0.0002,-0.0682,-1.5732,-4.4153,0.0000,0.1527,0.0000,0.4067
15.464,2.5610,-0.0001,-0.0682,-1.5535,-4.4430,0.0000,0.1506,0.0000,0.4067
15.468,2.5610,-0.0001,-0.0681,-1.5701,-4.4597,0.0000,0.1506,0.0000,0.4067
15.472,2.5610,-0.0001,-0.0681,-1.5830,-4.4726,0.0000,0.1506,0.0000,0.4067
15.475,2.5610,-0.0001,-0.0681,-1.5964,-4.4860,0.0000,0.1506,0.0000,0.4067
15.479,2.7835,-0.0001,-0.0681,-1.5699,-4.4996,0.0000,0.1425,0.0000,0.4067
15.483,2.7835,-0.0001,-0.0680,-1.5876,-4.5173,0.0000,0.1425,0.0000,0.4067
15.486,2.7835,-0.0001,-0.0680,-1.6011,-4.5308,0.0000,0.1425,0.0000,0.4067
15.489,2.7835,-0.0001,-0.0680,-1.6151,-4.5448,0.0000,0.1425,0.0000,0.4067
15.493,2.7835,-0.0001,-0.0680,-1.6310,-4.5608,0.0000,0.1425,0.0000,0.4067
15.497,2.7835,-0.0001,-0.0679,-1.6476,-4.5773,0.0000,0.1425,0.0000,0.4067
15.500,2.9920,-0.0001,-0.0679,-1.6311,-4.5931,0.0000,0.1285,0.0000,0.4067
15.504,2.9921,-0.0001,-0.0679,-1.6494,-4.6114,0.0000,0.1285,0.0000,0.4067
15.508,2.9921,-0.0001,-0.0679,-1.6660,-4.6280,0.0000,0.1285,0.0000,0.4067
15.511,2.9921,-0.0001,-0.0679,-1.6823,-4.6443,0.0000,0.1285,0.0000,0.4067
15.515,2.9921,-0.0001,-0.0678,-1.7006,-4.6626,0.0000,0.1285,0.0000,0.4067
15.518,3.1949,-0.0001,-0.0678,-1.6939,-4.6806,0.0000,0.1098,0.0000,0.4067
15.522,3.1949,-0.0001,-0.0678,-1.7158,-4.7025,0.0000,0.1098,0.0000,0.4067
15.526,3.1949,-0.0001,-0.0678,-1.7335,-4.7201,0.0000,0.1098,0.0000,0.4067
15.529,3.1949,-0.0001,-0.0678,-1.7515,-4.7382,0.0000,0.1098,0.0000,0.4067
15.533,3.1949,-0.0001,-0.0677,-1.7722,-4.7589,0.0000,0.1098,0.0000,0.4067
15.538,3.1949,-0.0001,-0.0677,-1.8009,-4.7876,0.0000,0.1098,0.0000,0.4067
15.545,3.3843,-0.0001,-0.0677,-1.8264,-4.8288,0.0000,0.1000,0.0000,0.4067
15.550,3.3843,-0.0001,-0.0676,-1.8566,-4.8590,0.0000,0.1000,0.0000,0.4067
15.553,3.3843,-0.0001,-0.0676,-1.8780,-4.8804,0.0000,0.1000,0.0000,0.4067
15.558,3.3843,-0.0001,-0.0676,-1.9055,-4.9079,0.0000,0.1000,0.0000,0.4067
15.565,3.5463,-0.0001,-0.0676,-1.9449,-4.9541,0.0000,0.0895,0.0000,0.4067
15.569,3.5463,-0.0001,-0.0675,-1.9739,-4.9831,0.0000,0.0895,0.0000,0.4067
15.572,3.5463,-0.0001,-0.0675,-1.9965,-5.0057,0.0000,0.0895,0.0000,0.4067
15.576,3.5463,-0.0001,-0.0675,-2.0186,-5.0278,0.0000,0.0895,0.0000,0.4067
15.579,3.6830,-0.0001,-0.0675,-2.0442,-5.0518,0.0000,0.0738,0.0000,0.4067
15.583,3.6830,-0.0001,-0.0675,-2.0747,-5.0823,0.0000,0.0738,0.0000,0.4067
15.587,3.6830,-0.0001,-0.0674,-2.0990,-5.1066,0.0000,0.0738,0.0000,0.4067
15.590,3.6830,-0.0001,-0.0674,-2.1231,-5.1307,0.0000,0.0738,0.0000,0.4067
15.593,3.6830,-0.0001,-0.0674,-2.1478,-5.1554,0.0000,0.0738,0.0000,0.4067
15.597,3.6830,-0.0001,-0.0674,-2.1755,-5.1831,0.0000,0.0738,0.0000,0.4067
15.601,3.7969,-0.0001,-0.0674,-2.2135,-5.2102,0.0000,0.0679,0.0000,0.4067
15.604,3.7969,-0.0001,-0.0673,-2.2436,-5.2403,0.0000,0.0679,0.0000,0.4067
15.608,3.7969,-0.0001,-0.0673,-2.2690,-5.2657,0.0000,0.0679,0.0000,0.4067
15.611,3.7969,-0.0001,-0.0673,-2.2948,-5.2915,0.0000,0.0679,0.0000,0.4067
15.615,3.7969,-0.0001,-0.0673,-2.3248,-5.3216,0.0000,0.0679,0.0000,0.4067
15.618,3.8898,-0.0001,-0.0673,-2.3732,-5.3496,0.0000,0.0766,0.0000,0.4067
15.622,3.8898,-0.0001,-0.0672,-2.4055,-5.3820,0.0000,0.0766,0.0000,0.4067
15.625,3.8898,-0.0001,-0.0672,-2.4322,-5.4087,0.0000,0.0766,0.0000,0.4067
15.628,3.8898,-0.0001,-0.0672,-2.4592,-5.4357,0.0000,0.0766,0.0000,0.4067
15.632,3.8898,-0.0001,-0.0672,-2.4939,-5.4704,0.0000,0.0766,0.0000,0.4067
15.636,3.8898,-0.0001,-0.0672,-2.5238,-5.5003,0.0000,0.0766,0.0000,0.4067
15.639,3.9637,0.0000,-0.0672,-2.5824,-5.5308,0.0000,0.0814,0.0000,0.4067
15.643,3.9637,0.0000,-0.0671,-2.6172,-5.5656,0.0000,0.0814,0.0000,0.4067
15.646,3.9637,0.0000,-0.0671,-2.6517,-5.6001,0.0000,0.0814,0.0000,0.4067
15.650,3.9637,0.0000,-0.0671,-2.6846,-5.6331,0.0000,0.0814,0.0000,0.4067
15.653,3.9637,0.0000,-0.0671,-2.7160,-5.6644,0.0000,0.0814,0.0000,0.4067
15.656,3.9637,0.0000,-0.0671,-2.7463,-5.6947,0.0000,0.0814,0.0000,0.4067
15.660,4.0196,0.0000,-0.0670,-2.8086,-5.7264,0.0000,0.0155,0.0000,0.4067
15.665,4.0196,0.0000,-0.0670,-2.8652,-5.7831,0.0000,0.0155,0.0000,0.4067
15.673,4.0196,0.0000,-0.0670,-2.9453,-5.8631,0.0000,0.0155,0.0000,0.4067
15.677,4.0196,0.0000,-0.0670,-2.9909,-5.9087,0.0000,0.0155,0.0000,0.4067
15.682,4.0603,0.0000,-0.0669,-3.0833,-5.9577,0.0000,0.0240,0.0000,0.4067
15.686,4.0603,0.0000,-0.0669,-3.1314,-6.0058,0.0000,0.0240,0.0000,0.4067
15.691,4.0603,0.0000,-0.0669,-3.1860,-6.0604,0.0000,0.0240,0.0000,0.4067
15.700,4.0867,0.0000,-0.0669,-3.3340,-6.1586,0.0000,0.0229,0.0000,0.4067
15.705,4.0867,0.0000,-0.0668,-3.3930,-6.2176,0.0000,0.0229,0.0000,0.4067
15.708,4.0867,0.0000,-0.0668,-3.4369,-6.2616,0.0000,0.0229,0.0000,0.4067
15.712,4.0867,0.0000,-0.0668,-3.4773,-6.3019,0.0000,0.0229,0.0000,0.4067
15.716,4.0867,0.0000,-0.0668,-3.5231,-6.3477,0.0000,0.0229,0.0000,0.4067
15.719,4.0995,0.0000,-0.0668,-3.6147,-6.3874,0.0000,-0.0459,0.0000,0.4067
15.724,4.0995,0.0000,-0.0667,-3.6737,-6.4465,0.0000,-0.0459,0.0000,0.4067
15.728,4.0995,0.0000,-0.0667,-3.7257,-6.4984,0.0000,-0.0459,0.0000,0.4067
15.733,4.0995,0.0000,-0.0667,-3.7852,-6.5579,0.0000,-0.0459,0.0000,0.4067
15.736,4.0995,0.0000,-0.0667,-3.8273,-6.6000,0.0000,-0.0459,0.0000,0.4067
15.739,4.1015,0.0000,-0.0667,-3.9354,-6.6449,0.0000,-0.0392,0.0000,0.4067
15.743,4.1015,0.0000,-0.0666,-3.9889,-6.6984,0.0000,-0.0392,0.0000,0.4067
15.747,4.1015,0.0000,-0.0666,-4.0372,-6.7466,0.0000,-0.0392,0.0000,0.4067
15.751,4.1015,0.0000,-0.0666,-4.0818,-6.7913,0.0000,-0.0392,0.0000,0.4067
15.755,4.1015,0.0000,-0.0666,-4.1333,-6.8428,0.0000,-0.0392,0.0000,0.4067
15.758,4.0931,0.0000,-0.0666,-4.2455,-6.8859,0.0000,-0.0349,0.0000,0.4067
15.762,4.0931,0.0000,-0.0666,-4.2951,-6.9355,0.0000,-0.0349,0.0000,0.4067
15.767,4.0931,0.0000,-0.0665,-4.3442,-6.9846,0.0000,-0.0349,0.0000,0.4067
15.770,4.0931,0.0000,-0.0665,-4.3823,-7.0227,0.0000,-0.0349,0.0000,0.4067
15.775,4.0931,0.0000,-0.0665,-4.4273,-7.0677,0.0000,-0.0349,0.0000,0.4067
15.781,4.0745,0.0000,-0.0665,-4.5599,-7.1288,0.0000,-0.0876,0.0000,0.4067
15.786,4.0745,0.0000,-0.0665,-4.5986,-7.1675,0.0000,-0.0876,0.0000,0.4067
15.790,4.0745,0.0000,-0.0664,-4.6229,-7.1918,0.0000,-0.0876,0.0000,0.4067
15.793,4.0745,0.0000,-0.0664,-4.6430,-7.2118,0.0000,-0.0876,0.0000,0.4067
15.797,4.0745,0.0000,-0.0664,-4.6616,-7.2305,0.0000,-0.0876,0.0000,0.4067
15.801,4.0488,0.0000,-0.0664,-4.7608,-7.2482,0.0000,-0.0611,0.0000,0.4067
15.805,4.0488,0.0000,-0.0664,-4.7745,-7.2619,0.0000,-0.0611,0.0000,0.4067
15.809,4.0488,0.0000,-0.0664,-4.7840,-7.2714,0.0000,-0.0611,0.0000,0.4067
15.812,4.0488,0.0000,-0.0663,-4.7919,-7.2793,0.0000,-0.0611,0.0000,0.4067
15.818,4.0488,0.0000,-0.0663,-4.7977,-7.2851,0.0000,-0.0611,0.0000,0.4067
15.821,4.0160,0.0000,-0.0663,-4.8868,-7.2867,0.0000,-0.0145,0.0000,0.4067
15.825,4.0160,0.0000,-0.0663,-4.8864,-7.2863,0.0000,-0.0145,0.0000,0.4067
15.829,4.0160,0.0000,-0.0663,-4.8845,-7.2844,0.0000,-0.0145,0.0000,0.4067
15.833,4.0160,0.0000,-0.0663,-4.8799,-7.2798,0.0000,-0.0145,0.0000,0.4067
15.836,4.0160,0.0000,-0.0662,-4.8745,-7.2744,0.0000,-0.0145,0.0000,0.4067
15.839,3.9770,0.0000,-0.0662,-4.9601,-7.2671,0.0000,0.0416,0.0000,0.4067
15.856,3.9770,0.0000,-0.0662,-4.8904,-7.1975,0.0000,0.0416,0.0000,0.4067
15.866,3.9321,0.0000,-0.0661,-4.9361,-7.1462,0.0000,0.0917,0.0000,0.4067
15.872,3.9321,0.0000,-0.0661,-4.9054,-7.1154,0.0000,0.0917,0.0000,0.4067
15.876,3.9321,0.0000,-0.0661,-4.8820,-7.0921,0.0000,0.0917,0.0000,0.4067
15.881,3.8819,0.0000,-0.0661,-4.9493,-7.0591,0.0000,0.1205,0.0000,0.4067
15.889,3.8819,0.0000,-0.0660,-4.8978,-7.0076,0.0000,0.1205,0.0000,0.4067
15.892,3.8819,0.0000,-0.0660,-4.8741,-6.9839,0.0000,0.1205,0.0000,0.4067
15.896,3.8819,0.0000,-0.0660,-4.8498,-6.9596,0.0000,0.1205,0.0000,0.4067
15.899,3.8082,0.0000,-0.0660,-4.9208,-6.9322,0.0000,0.0035,0.0000,0.4067
15.903,3.8082,0.0000,-0.0660,-4.8910,-6.9025,0.0000,0.0035,0.0000,0.4067
15.907,3.8082,0.0000,-0.0659,-4.8654,-6.8769,0.0000,0.0035,0.0000,0.4067
15.910,3.8082,0.0000,-0.0659,-4.8364,-6.8479,0.0000,0.0035,0.0000,0.4067
15.914,3.8082,0.0000,-0.0659,-4.8053,-6.8167,0.0000,0.0035,0.0000,0.4067
15.918,3.8082,0.0000,-0.0659,-4.7783,-6.7898,0.0000,0.0035,0.0000,0.4067
15.921,3.7144,0.0000,-0.0659,-4.8587,-6.7632,0.0000,-0.0435,0.0000,0.4067
15.925,3.7144,0.0000,-0.0659,-4.8240,-6.7285,0.0000,-0.0435,0.0000,0.4067
15.928,3.7144,0.0000,-0.0659,-4.7954,-6.6999,0.0000,-0.0435,0.0000,0.4067
15.932,3.7144,0.0000,-0.0659,-4.7626,-6.6671,0.0000,-0.0435,0.0000,0.4067
15.936,3.7144,0.0000,-0.0658,-4.7341,-6.6385,0.0000,-0.0435,0.0000,0.4067
15.939,3.6003,0.0000,-0.0658,-4.8213,-6.6088,0.0000,0.0045,0.0000,0.4067
15.943,3.6003,0.0000,-0.0658,-4.7852,-6.5727,0.0000,0.0045,0.0000,0.4067
15.947,3.6003,0.0000,-0.0658,-4.7514,-6.5389,0.0000,0.0045,0.0000,0.4067
15.950,3.6003,0.0000,-0.0658,-4.7206,-6.5081,0.0000,0.0045,0.0000,0.4067
15.953,3.6003,0.0000,-0.0658,-4.6922,-6.4797,0.0000,0.0045,0.0000,0.4067
15.957,3.6003,0.0000,-0.0658,-4.6623,-6.4497,0.0000,0.0045,0.0000,0.4067
15.960,3.4684,0.0000,-0.0657,-4.7496,-6.4195,0.0000,-0.0106,0.0000,0.4067
15.964,3.4684,0.0000,-0.0657,-4.7101,-6.3801,0.0000,-0.0106,0.0000,0.4067
15.968,3.4684,0.0000,-0.0657,-4.6788,-6.3488,0.0000,-0.0106,0.0000,0.4067
15.971,3.4684,0.0000,-0.0657,-4.6458,-6.3157,0.0000,-0.0106,0.0000,0.4067
15.975,3.4684,0.0000,-0.0657,-4.6143,-6.2842,0.0000,-0.0106,0.0000,0.4067
15.978,3.3189,0.0000,-0.0657,-4.7057,-6.2542,0.0000,-0.0266,0.0000,0.4067
15.983,3.3189,0.0000,-0.0657,-4.6556,-6.2041,0.0000,-0.0266,0.0000,0.4067
15.991,3.3189,0.0000,-0.0656,-4.5864,-6.1349,0.0000,-0.0266,0.0000,0.4067
15.996,3.3189,0.0000,-0.0656,-4.5326,-6.0811,0.0000,-0.0266,0.0000,0.4067
16.002,3.1572,0.0000,-0.0656,-4.6036,-6.0279,0.0000,-0.0491,0.0000,0.4067
16.009,3.1572,0.0000,-0.0656,-4.5345,-5.9588,0.0000,-0.0491,0.0000,0.4067
16.014,3.1572,0.0000,-0.0656,-4.4942,-5.9185,0.0000,-0.0491,0.0000,0.4067
16.018,3.1572,0.0000,-0.0655,-4.4573,-5.8816,0.0000,-0.0491,0.0000,0.4067
16.021,2.9786,0.0000,-0.0655,-4.5496,-5.8473,0.0000,-0.0797,0.0000,0.4067
16.025,2.9786,0.0000,-0.0655,-4.5155,-5.8131,0.0000,-0.0797,0.0000,0.4067
16.028,2.9786,0.0000,-0.0655,-4.4853,-5.7829,0.0000,-0.0797,0.0000,0.4067
16.032,2.9786,0.0000,-0.0655,-4.4509,-5.7485,0.0000,-0.0797,0.0000,0.4067
16.036,2.9786,0.0000,-0.0655,-4.4194,-5.7170,0.0000,-0.0797,0.0000,0.4067
16.039,2.7914,0.0000,-0.0655,-4.5242,-5.6863,0.0000,-0.0312,0.0000,0.4067
16.043,2.7914,0.0000,-0.0655,-4.4905,-5.6526,0.0000,-0.0312,0.0000,0.4067
16.046,2.7914,0.0000,-0.0654,-4.4597,-5.6219,0.0000,-0.0312,0.0000,0.4067
16.050,2.7914,0.0000,-0.0654,-4.4246,-5.5867,0.0000,-0.0312,0.0000,0.4067
16.054,2.7914,0.0000,-0.0654,-4.3945,-5.5566,0.0000,-0.0312,0.0000,0.4067
16.058,2.7914,0.0000,-0.0654,-4.3595,-5.5216,0.0000,-0.0312,0.0000,0.4067
16.061,2.5963,0.0000,-0.0654,-4.4575,-5.4892,0.0000,-0.0545,0.0000,0.4067
16.066,2.5963,0.0000,-0.0654,-4.4143,-5.4459,0.0000,-0.0545,0.0000,0.4067
16.070,2.5963,0.0000,-0.0654,-4.3856,-5.4172,0.0000,-0.0545,0.0000,0.4067
16.073,2.5963,0.0000,-0.0654,-4.3574,-5.3890,0.0000,-0.0545,0.0000,0.4067
16.076,2.5963,0.0000,-0.0653,-4.3304,-5.3620,0.0000,-0.0545,0.0000,0.4067
16.080,2.3906,0.0000,-0.0653,-4.4306,-5.3314,0.0000,-0.0839,0.0000,0.4067
16.085,2.3906,0.0000,-0.0653,-4.3876,-5.2884,0.0000,-0.0839,0.0000,0.4067
16.089,2.3906,0.0000,-0.0653,-4.3556,-5.2564,0.0000,-0.0839,0.0000,0.4067
16.093,2.3906,0.0000,-0.0653,-4.3199,-5.2207,0.0000,-0.0839,0.0000,0.4067
16.101,2.1801,0.0000,-0.0653,-4.3888,-5.1601,0.0000,-0.1291,0.0000,0.4067
16.105,2.1801,0.0000,-0.0653,-4.3559,-5.1272,0.0000,-0.1291,0.0000,0.4067
16.108,2.1801,0.0000,-0.0652,-4.3301,-5.1015,0.0000,-0.1291,0.0000,0.4067
16.112,2.1801,0.0000,-0.0652,-4.3021,-5.0734,0.0000,-0.1291,0.0000,0.4067
16.117,2.1801,0.0000,-0.0652,-4.2654,-5.0368,0.0000,-0.1291,0.0000,0.4067
16.120,1.8421,0.0000,-0.0652,-4.3666,-5.0101,0.0000,-0.2419,0.0000,0.4067
16.124,1.8421,0.0000,-0.0652,-4.3351,-4.9786,0.0000,-0.2419,0.0000,0.4067
16.130,1.8421,0.0000,-0.0652,-4.2978,-4.9413,0.0000,-0.2419,0.0000,0.4067
16.134,1.8421,0.0000,-0.0652,-4.2670,-4.9105,0.0000,-0.2419,0.0000,0.4067
16.137,1.8421,0.0000,-0.0651,-4.2430,-4.8865,0.0000,-0.2419,0.0000,0.4067
16.141,1.5133,0.0000,-0.0651,-4.3505,-4.8615,0.0000,-0.2946,0.0000,0.4067
16.146,1.5133,0.0000,-0.0651,-4.3124,-4.8234,0.0000,-0.2946,0.0000,0.4067
16.151,1.5133,0.0000,-0.0651,-4.2763,-4.7873,0.0000,-0.2946,0.0000,0.4067
16.154,1.5133,0.0000,-0.0651,-4.2535,-4.7645,0.0000,-0.2946,0.0000,0.4067
16.160,1.1921,0.0000,-0.0651,-4.3442,-4.7251,0.0000,-0.3492,0.0000,0.4067
16.165,1.1921,0.0000,-0.0651,-4.3109,-4.6918,0.0000,-0.3492,0.0000,0.4067
16.169,1.1921,0.0000,-0.0651,-4.2847,-4.6656,0.0000,-0.3492,0.0000,0.4067
16.173,1.1921,0.0000,-0.0650,-4.2631,-4.6441,0.0000,-0.3492,0.0000,0.4067
16.176,1.1921,0.0000,-0.0650,-4.2408,-4.6218,0.0000,-0.3492,0.0000,0.4067
16.180,0.8793,0.0000,-0.0650,-4.3443,-4.5985,0.0000,-0.4070,0.0000,0.4067
16.184,0.8793,0.0000,-0.0650,-4.3190,-4.5733,0.0000,-0.4070,0.0000,0.4067
16.187,0.8793,0.0000,-0.0650,-4.2996,-4.5538,0.0000,-0.4070,0.0000,0.4067
16.191,0.8793,0.0000,-0.0650,-4.2748,-4.5291,0.0000,-0.4070,0.0000,0.4067
16.195,0.8793,0.0000,-0.0650,-4.2515,-4.5057,0.0000,-0.4070,0.0000,0.4067
16.200,0.5747,0.0000,-0.0650,-4.3516,-4.4781,0.0000,-0.4232,0.0000,0.4067
16.208,0.5747,0.0000,-0.0650,-4.3056,-4.4321,0.0000,-0.4232,0.0000,0.4067
16.212,0.5747,0.0000,-0.0649,-4.2836,-4.4101,0.0000,-0.4232,0.0000,0.4067
16.216,0.5747,0.0000,-0.0649,-4.2627,-4.3892,0.0000,-0.4232,0.0000,0.4067
16.219,0.2777,0.0000,-0.0649,-4.3711,-4.3711,0.0000,-0.4434,0.0000,0.4067
16.224,0.2777,0.0000,-0.0649,-4.3462,-4.3462,0.0000,-0.4434,0.0000,0.4067
16.228,0.2777,0.0000,-0.0649,-4.3253,-4.3253,0.0000,-0.4434,0.0000,0.4067
16.233,0.2777,0.0000,-0.0649,-4.3024,-4.3024,0.0000,-0.4434,0.0000,0.4067
16.236,0.2777,0.0000,-0.0649,-4.2858,-4.2858,0.0000,-0.4434,0.0000,0.4067
16.240,-0.0107,0.0000,-0.0649,-4.3825,-4.2687,0.0000,-0.4830,0.0000,0.4067
16.244,-0.0107,0.0000,-0.0648,-4.3618,-4.2480,0.0000,-0.4830,0.0000,0.4067
16.248,-0.0107,0.0000,-0.0648,-4.3449,-4.2311,0.0000,-0.4830,0.0000,0.4067
16.251,-0.0107,0.0000,-0.0648,-4.3293,-4.2155,0.0000,-0.4830,0.0000,0.4067
16.254,-0.0107,0.0000,-0.0648,-4.3145,-4.2007,0.0000,-0.4830,0.0000,0.4067
16.258,-0.0107,0.0000,-0.0648,-4.3004,-4.1865,0.0000,-0.4830,0.0000,0.4067
16.261,-0.2916,0.0000,-0.0648,-4.3915,-4.1723,0.0000,-0.5400,0.0000,0.4067
16.265,-0.2916,0.0000,-0.0648,-4.3733,-4.1542,0.0000,-0.5400,0.0000,0.4067
16.269,-0.2916,0.0000,-0.0648,-4.3583,-4.1392,0.0000,-0.5400,0.0000,0.4067
16.272,-0.2916,0.0000,-0.0648,-4.3430,-4.1238,0.0000,-0.5400,0.0000,0.4067
16.276,-0.2916,0.0000,-0.0648,-4.3283,-4.1091,0.0000,-0.5400,0.0000,0.4067
16.280,-0.5659,0.0000,-0.0647,-4.4106,-4.0948,0.0000,-0.6119,0.0000,0.4067
16.284,-0.5659,0.0000,-0.0647,-4.3936,-4.0778,0.0000,-0.6119,0.0000,0.4067
16.288,-0.5659,0.0000,-0.0647,-4.3794,-4.0636,0.0000,-0.6119,0.0000,0.4067
16.292,-0.5659,0.0000,-0.0647,-4.3646,-4.0488,0.0000,-0.6119,0.0000,0.4067
16.298,-0.8312,0.0000,-0.0647,-4.4303,-4.0267,0.0000,-0.6967,0.0000,0.4067
16.303,-0.8312,0.0000,-0.0647,-4.4124,-4.0088,0.0000,-0.6967,0.0000,0.4067
16.307,-0.8312,0.0000,-0.0647,-4.4006,-3.9970,0.0000,-0.6967,0.0000,0.4067
16.315,-0.8312,0.0000,-0.0647,-4.3760,-3.9724,0.0000,-0.6967,0.0000,0.4067
16.323,-1.0878,0.0000,-0.0646,-4.4325,-3.9485,0.0000,-0.7797,0.0000,0.4067
16.327,-1.0878,0.0000,-0.0646,-4.4193,-3.9354,0.0000,-0.7797,0.0000,0.4067
16.331,-1.0878,0.0000,-0.0646,-4.4083,-3.9244,0.0000,-0.7797,0.0000,0.4067
16.335,-1.0878,0.0000,-0.0646,-4.3984,-3.9144,0.0000,-0.7797,0.0000,0.4067
16.338,-1.3418,0.0000,-0.0646,-4.4611,-3.9054,0.0000,-0.8720,0.0000,0.4067
16.342,-1.3418,0.0000,-0.0646,-4.4514,-3.8958,0.0000,-0.8720,0.0000,0.4067
16.346,-1.3418,0.0000,-0.0646,-4.4420,-3.8863,0.0000,-0.8720,0.0000,0.4067
16.351,-1.3418,0.0000,-0.0646,-4.4324,-3.8767,0.0000,-0.8720,0.0000,0.4067
16.354,-1.3418,0.0000,-0.0646,-4.4250,-3.8694,0.0000,-0.8720,0.0000,0.4067
16.357,-1.3418,0.0000,-0.0645,-4.4181,-3.8624,0.0000,-0.8720,0.0000,0.4067
16.360,-1.5843,0.0000,-0.0645,-4.4756,-3.8558,0.0000,-0.9611,0.0000,0.4067
16.365,-1.5843,0.0000,-0.0645,-4.4667,-3.8468,0.0000,-0.9611,0.0000,0.4067
16.368,-1.5843,0.0000,-0.0645,-4.4604,-3.8405,0.0000,-0.9611,0.0000,0.4067
16.372,-1.5843,0.0000,-0.0645,-4.4545,-3.8347,0.0000,-0.9611,0.0000,0.4067
16.375,-1.5843,0.0000,-0.0645,-4.4489,-3.8291,0.0000,-0.9611,0.0000,0.4067
16.379,-1.8212,0.0000,-0.0645,-4.4955,-3.8225,0.0000,-1.0819,0.0000,0.4067
16.383,-1.8212,0.0000,-0.0645,-4.4886,-3.8157,0.0000,-1.0819,0.0000,0.4067
16.387,-1.8212,0.0000,-0.0645,-4.4838,-3.8109,0.0000,-1.0819,0.0000,0.4067
16.390,-1.8212,0.0000,-0.0645,-4.4794,-3.8065,0.0000,-1.0819,0.0000,0.4067
16.393,-1.8212,0.0000,-0.0645,-4.4749,-3.8020,0.0000,-1.0819,0.0000,0.4067
16.397,-1.8212,0.0000,-0.0645,-4.4704,-3.7975,0.0000,-1.0819,0.0000,0.4067
16.400,-2.0499,0.0000,-0.0644,-4.5130,-3.7937,0.0000,-1.1974,0.0000,0.4067
16.404,-2.0499,0.0000,-0.0644,-4.5091,-3.7898,0.0000,-1.1974,0.0000,0.4067
16.408,-2.0499,0.0000,-0.0644,-4.5059,-3.7866,0.0000,-1.1974,0.0000,0.4067
16.411,-2.0499,0.0000,-0.0644,-4.5028,-3.7835,0.0000,-1.1974,0.0000,0.4067
16.416,-2.0499,0.0000,-0.0644,-4.4995,-3.7802,0.0000,-1.1974,0.0000,0.4067
16.419,-2.2739,0.0000,-0.0644,-4.5368,-3.7779,0.0000,-1.3097,0.0000,0.4067
16.424,-2.2739,0.0000,-0.0644,-4.5340,-3.7750,0.0000,-1.3097,0.0000,0.4067
16.432,-2.2739,0.0000,-0.0644,-4.5313,-3.7723,0.0000,-1.3097,0.0000,0.4067
16.435,-2.2739,0.0000,-0.0644,-4.5303,-3.7714,0.0000,-1.3097,0.0000,0.4067
16.439,-2.4897,0.0000,-0.0644,-4.5634,-3.7708,0.0000,-1.4145,0.0000,0.4067
16.443,-2.4897,0.0000,-0.0644,-4.5632,-3.7705,0.0000,-1.4145,0.0000,0.4067
16.448,-2.4897,0.0000,-0.0643,-4.5635,-3.7709,0.0000,-1.4145,0.0000,0.4067
16.452,-2.4897,0.0000,-0.0643,-4.5642,-3.7716,0.0000,-1.4145,0.0000,0.4067
16.456,-2.4897,0.0000,-0.0643,-4.5651,-3.7724,0.0000,-1.4145,0.0000,0.4067
16.459,-2.6774,0.0000,-0.0643,-4.5908,-3.7735,0.0000,-1.5446,0.0000,0.4067
16.466,-2.6774,0.0000,-0.0643,-4.5943,-3.7771,0.0000,-1.5446,0.0000,0.4067
16.469,-2.6774,0.0000,-0.0643,-4.5965,-3.7793,0.0000,-1.5446,0.0000,0.4067
16.473,-2.6774,0.0000,-0.0643,-4.5990,-3.7817,0.0000,-1.5446,0.0000,0.4067
16.476,-2.6774,0.0000,-0.0643,-4.6016,-3.7843,0.0000,-1.5446,0.0000,0.4067
16.480,-2.8410,0.0000,-0.0643,-4.6265,-3.7875,0.0000,-1.6489,0.0000,0.4067
16.484,-2.8410,0.0000,-0.0643,-4.6307,-3.7916,0.0000,-1.6489,0.0000,0.4067
16.487,-2.8410,0.0000,-0.0643,-4.6343,-3.7953,0.0000,-1.6489,0.0000,0.4067
16.490,-2.8410,0.0000,-0.0642,-4.6381,-3.7991,0.0000,-1.6489,0.0000,0.4067
16.494,-2.8410,0.0000,-0.0642,-4.6421,-3.8031,0.0000,-1.6489,0.0000,0.4067
16.497,-2.8410,0.0000,-0.0642,-4.6471,-3.8080,0.0000,-1.6489,0.0000,0.4067
16.501,-2.9812,0.0000,-0.0642,-4.6679,-3.8133,0.0000,-1.7633,0.0000,0.4067
16.505,-2.9812,0.0000,-0.0642,-4.6743,-3.8197,0.0000,-1.7633,0.0000,0.4067
16.508,-2.9812,0.0000,-0.0642,-4.6799,-3.8253,0.0000,-1.7633,0.0000,0.4067
16.511,-2.9812,0.0000,-0.0642,-4.6856,-3.8311,0.0000,-1.7633,0.0000,0.4067
16.515,-2.9812,0.0000,-0.0642,-4.6927,-3.8381,0.0000,-1.7633,0.0000,0.4067
16.518,-3.1007,0.0000,-0.0642,-4.7115,-3.8448,0.0000,-1.8695,0.0000,0.4067
16.522,-3.1007,0.0000,-0.0642,-4.7194,-3.8528,0.0000,-1.8695,0.0000,0.4067
16.525,-3.1007,0.0000,-0.0642,-4.7264,-3.8597,0.0000,-1.8695,0.0000,0.4067
16.528,-3.1007,0.0000,-0.0642,-4.7337,-3.8670,0.0000,-1.8695,0.0000,0.4067
16.533,-3.1007,0.0000,-0.0642,-4.7459,-3.8792,0.0000,-1.8695,0.0000,0.4067
16.540,-3.2015,0.0000,-0.0642,-4.7739,-3.8979,0.0000,-1.9653,0.0000,0.4067
16.544,-3.2015,0.0000,-0.0641,-4.7856,-3.9095,0.0000,-1.9653,0.0000,0.4067
16.548,-3.2015,0.0000,-0.0641,-4.7971,-3.9210,0.0000,-1.9653,0.0000,0.4067
16.551,-3.2015,0.0000,-0.0641,-4.8076,-3.9316,0.0000,-1.9653,0.0000,0.4067
16.555,-3.2015,0.0000,-0.0641,-4.8188,-3.9427,0.0000,-1.9653,0.0000,0.4067
16.558,-3.2851,0.0000,-0.0641,-4.8373,-3.9538,0.0000,-2.0507,0.0000,0.4067
16.563,-3.2851,0.0000,-0.0641,-4.8521,-3.9686,0.0000,-2.0507,0.0000,0.4067
16.566,-3.2851,0.0000,-0.0641,-4.8664,-3.9829,0.0000,-2.0507,0.0000,0.4067
16.570,-3.2851,0.0000,-0.0641,-4.8785,-3.9950,0.0000,-2.0507,0.0000,0.4067
16.573,-3.2851,0.0000,-0.0641,-4.8919,-4.0085,0.0000,-2.0507,0.0000,0.4067
16.577,-3.2851,0.0000,-0.0641,-4.9053,-4.0218,0.0000,-2.0507,0.0000,0.4067
16.580,-3.3517,0.0000,-0.0641,-4.9243,-4.0380,0.0000,-2.1586,0.0000,0.4067
16.584,-3.3517,0.0000,-0.0641,-4.9410,-4.0547,0.0000,-2.1586,0.0000,0.4067
16.588,-3.3517,0.0000,-0.0641,-4.9553,-4.0690,0.0000,-2.1586,0.0000,0.4067
16.591,-3.3517,0.0000,-0.0640,-4.9696,-4.0832,0.0000,-2.1586,0.0000,0.4067
16.594,-3.3517,0.0000,-0.0640,-4.9860,-4.0997,0.0000,-2.1586,0.0000,0.4067
16.601,-3.4042,0.0000,-0.0640,-5.0206,-4.1319,0.0000,-2.2561,0.0000,0.4067
16.606,-3.4042,0.0000,-0.0640,-5.0509,-4.1623,0.0000,-2.2561,0.0000,0.4067
16.610,-3.4042,0.0000,-0.0640,-5.0702,-4.1815,0.0000,-2.2561,0.0000,0.4067
16.617,-3.4042,0.0000,-0.0640,-5.1080,-4.2194,0.0000,-2.2561,0.0000,0.4067
16.620,-3.4440,0.0000,-0.0640,-5.1336,-4.2424,0.0000,-2.3408,0.0000,0.4067
16.625,-3.4440,0.0000,-0.0640,-5.1593,-4.2680,0.0000,-2.3408,0.0000,0.4067
16.629,-3.4440,0.0000,-0.0640,-5.1839,-4.2927,0.0000,-2.3408,0.0000,0.4067
16.633,-3.4440,0.0000,-0.0640,-5.2108,-4.3195,0.0000,-2.3408,0.0000,0.4067
16.636,-3.4440,0.0000,-0.0640,-5.2343,-4.3431,0.0000,-2.3408,0.0000,0.4067
16.641,-3.4722,0.0000,-0.0640,-5.2674,-4.3727,0.0000,-2.4135,0.0000,0.4067
16.648,-3.4722,0.0000,-0.0639,-5.3247,-4.4300,0.0000,-2.4135,0.0000,0.4067
16.652,-3.4722,0.0000,-0.0639,-5.3527,-4.4580,0.0000,-2.4135,0.0000,0.4067
16.656,-3.4722,0.0000,-0.0639,-5.3837,-4.4890,0.0000,-2.4135,0.0000,0.4067
16.660,-3.4901,0.0000,-0.0639,-5.4182,-4.5188,0.0000,-2.4746,0.0000,0.4067
16.664,-3.4901,0.0000,-0.0639,-5.4567,-4.5573,0.0000,-2.4746,0.0000,0.4067
16.668,-3.4901,0.0000,-0.0639,-5.4881,-4.5888,0.0000,-2.4746,0.0000,0.4067
16.671,-3.4901,0.0000,-0.0639,-5.5171,-4.6178,0.0000,-2.4746,0.0000,0.4067
16.675,-3.4901,0.0000,-0.0639,-5.5492,-4.6498,0.0000,-2.4746,0.0000,0.4067
16.679,-3.4969,0.0000,-0.0639,-5.5832,-4.6812,0.0000,-2.5611,0.0000,0.4067
16.683,-3.4969,0.0000,-0.0639,-5.6188,-4.7168,0.0000,-2.5611,0.0000,0.4067
16.686,-3.4969,0.0000,-0.0639,-5.6453,-4.7432,0.0000,-2.5611,0.0000,0.4067
16.690,-3.4969,0.0000,-0.0639,-5.6783,-4.7762,0.0000,-2.5611,0.0000,0.4067
16.694,-3.4969,0.0000,-0.0639,-5.7050,-4.8030,0.0000,-2.5611,0.0000,0.4067
16.698,-3.4969,0.0000,-0.0639,-5.7319,-4.8298,0.0000,-2.5611,0.0000,0.4067
16.701,-3.4960,0.0000,-0.0638,-5.7619,-4.8534,0.0000,-2.6205,0.0000,0.4067
16.705,-3.4960,0.0000,-0.0638,-5.7878,-4.8792,0.0000,-2.6205,0.0000,0.4067
16.709,-3.4960,0.0000,-0.0638,-5.8081,-4.8995,0.0000,-2.6205,0.0000,0.4067
16.712,-3.4960,0.0000,-0.0638,-5.8263,-4.9178,0.0000,-2.6205,0.0000,0.4067
16.716,-3.4960,0.0000,-0.0638,-5.8463,-4.9378,0.0000,-2.6205,0.0000,0.4067
16.719,-3.4876,0.0000,-0.0638,-5.8717,-4.9542,0.0000,-2.6701,0.0000,0.4067
16.723,-3.4876,0.0000,-0.0638,-5.8880,-4.9705,0.0000,-2.6701,0.0000,0.4067
16.727,-3.4876,0.0000,-0.0638,-5.9008,-4.9833,0.0000,-2.6701,0.0000,0.4067
16.731,-3.4876,0.0000,-0.0638,-5.9167,-4.9993,0.0000,-2.6701,0.0000,0.4067
16.734,-3.4876,0.0000,-0.0638,-5.9287,-5.0112,0.0000,-2.6701,0.0000,0.4067
16.739,-3.4712,0.0000,-0.0638,-5.9523,-5.0258,0.0000,-2.7352,0.0000,0.4067
16.744,-3.4712,0.0000,-0.0638,-5.9695,-5.0430,0.0000,-2.7352,0.0000,0.4067
16.751,-3.4712,0.0000,-0.0638,-5.9938,-5.0673,0.0000,-2.7352,0.0000,0.4067
16.757,-3.4712,0.0000,-0.0638,-6.0109,-5.0844,0.0000,-2.7352,0.0000,0.4067
16.761,-3.4496,0.0000,-0.0638,-6.0385,-5.0979,0.0000,-2.7725,0.0000,0.4067
16.769,-3.4496,0.0000,-0.0637,-6.0600,-5.1195,0.0000,-2.7725,0.0000,0.4067
16.772,-3.4496,0.0000,-0.0637,-6.0704,-5.1299,0.0000,-2.7725,0.0000,0.4067
16.776,-3.4496,0.0000,-0.0637,-6.0792,-5.1386,0.0000,-2.7725,0.0000,0.4067
16.779,-3.4240,0.0000,-0.0637,-6.1085,-5.1475,0.0000,-2.7704,0.0000,0.4067
16.783,-3.4240,0.0000,-0.0637,-6.1192,-5.1582,0.0000,-2.7704,0.0000,0.4067
16.786,-3.4240,0.0000,-0.0637,-6.1271,-5.1661,0.0000,-2.7704,0.0000,0.4067
16.790,-3.4240,0.0000,-0.0637,-6.1348,-5.1739,0.0000,-2.7704,0.0000,0.4067
16.793,-3.4240,0.0000,-0.0637,-6.1424,-5.1814,0.0000,-2.7704,0.0000,0.4067
16.797,-3.4240,0.0000,-0.0637,-6.1528,-5.1918,0.0000,-2.7704,0.0000,0.4067
16.802,-3.3939,0.0000,-0.0637,-6.1864,-5.2010,0.0000,-2.7534,0.0000,0.4067
16.806,-3.3939,0.0000,-0.0637,-6.1947,-5.2092,0.0000,-2.7534,0.0000,0.4067
16.809,-3.3939,0.0000,-0.0637,-6.2014,-5.2159,0.0000,-2.7534,0.0000,0.4067
16.814,-3.3939,0.0000,-0.0637,-6.2109,-5.2255,0.0000,-2.7534,0.0000,0.4067
16.818,-3.3597,0.0000,-0.0637,-6.2468,-5.2330,0.0000,-2.7234,0.0000,0.4067
16.823,-3.3597,0.0000,-0.0637,-6.2544,-5.2406,0.0000,-2.7234,0.0000,0.4067
16.826,-3.3597,0.0000,-0.0637,-6.2599,-5.2461,0.0000,-2.7234,0.0000,0.4067
16.830,-3.3597,0.0000,-0.0636,-6.2662,-5.2524,0.0000,-2.7234,0.0000,0.4067
16.834,-3.3597,0.0000,-0.0636,-6.2720,-5.2582,0.0000,-2.7234,0.0000,0.4067
16.838,-3.3597,0.0000,-0.0636,-6.2773,-5.2635,0.0000,-2.7234,0.0000,0.4067
16.841,-3.3219,0.0000,-0.0636,-6.3146,-5.2682,0.0000,-2.6818,0.0000,0.4067
16.846,-3.3219,0.0000,-0.0636,-6.3207,-5.2743,0.0000,-2.6818,0.0000,0.4067
16.852,-3.3219,0.0000,-0.0636,-6.3266,-5.2802,0.0000,-2.6818,0.0000,0.4067
16.859,-3.2809,0.0000,-0.0636,-6.3704,-5.2878,0.0000,-2.6292,0.0000,0.4067
16.866,-3.2809,0.0000,-0.0636,-6.3761,-5.2935,0.0000,-2.6292,0.0000,0.4067
16.870,-3.2809,0.0000,-0.0636,-6.3792,-5.2966,0.0000,-2.6292,0.0000,0.4067
16.875,-3.2809,0.0000,-0.0636,-6.3818,-5.2992,0.0000,-2.6292,0.0000,0.4067
16.879,-3.2372,0.0000,-0.0636,-6.4231,-5.3018,0.0000,-2.5660,0.0000,0.4067
16.884,-3.2372,0.0000,-0.0636,-6.4253,-5.3040,0.0000,-2.5660,0.0000,0.4067
16.888,-3.2372,0.0000,-0.0636,-6.4268,-5.3055,0.0000,-2.5660,0.0000,0.4067
16.892,-3.2372,0.0000,-0.0636,-6.4280,-5.3067,0.0000,-2.5660,0.0000,0.4067
16.897,-3.2372,0.0000,-0.0636,-6.4289,-5.3076,0.0000,-2.5660,0.0000,0.4067
16.901,-3.1902,0.0000,-0.0635,-6.4679,-5.3080,0.0000,-2.5091,0.0000,0.4067
16.908,-3.1902,0.0000,-0.0635,-6.4678,-5.3079,0.0000,-2.5091,0.0000,0.4067
16.913,-3.1902,0.0000,-0.0635,-6.4671,-5.3072,0.0000,-2.5091,0.0000,0.4067
16.919,-3.1411,0.0000,-0.0635,-6.5049,-5.3057,0.0000,-2.4437,0.0000,0.4067
16.924,-3.1411,0.0000,-0.0635,-6.5034,-5.3042,0.0000,-2.4437,0.0000,0.4067
16.928,-3.1411,0.0000,-0.0635,-6.5018,-5.3026,0.0000,-2.4437,0.0000,0.4067
16.933,-3.1411,0.0000,-0.0635,-6.4991,-5.2999,0.0000,-2.4437,0.0000,0.4067
16.937,-3.1411,0.0000,-0.0635,-6.4966,-5.2974,0.0000,-2.4437,0.0000,0.4067
16.942,-3.0903,0.0000,-0.0635,-6.5331,-5.2944,0.0000,-2.3676,0.0000,0.4067
16.947,-3.0903,0.0000,-0.0635,-6.5286,-5.2899,0.0000,-2.3676,0.0000,0.4067
16.952,-3.0903,0.0000,-0.0635,-6.5247,-5.2860,0.0000,-2.3676,0.0000,0.4067
16.956,-3.0903,0.0000,-0.0635,-6.5207,-5.2820,0.0000,-2.3676,0.0000,0.4067
16.962,-3.0380,0.0000,-0.0635,-6.5539,-5.2764,0.0000,-2.2814,0.0000,0.4067
16.972,-3.0380,0.0000,-0.0635,-6.5408,-5.2633,0.0000,-2.2814,0.0000,0.4067
16.976,-3.0380,0.0000,-0.0634,-6.5351,-5.2576,0.0000,-2.2814,0.0000,0.4067
16.982,-2.9845,0.0000,-0.0634,-6.5652,-5.2502,0.0000,-2.1846,0.0000,0.4067
16.986,-2.9845,0.0000,-0.0634,-6.5581,-5.2431,0.0000,-2.1846,0.0000,0.4067
16.990,-2.9845,0.0000,-0.0634,-6.5520,-5.2370,0.0000,-2.1846,0.0000,0.4067
16.994,-2.9845,0.0000,-0.0634,-6.5453,-5.2303,0.0000,-2.1846,0.0000,0.4067
16.999,-2.9297,0.0000,-0.0634,-6.5727,-5.2231,0.0000,-2.0847,0.0000,0.4067
17.003,-2.9297,0.0000,-0.0634,-6.5651,-5.2155,0.0000,-2.0847,0.0000,0.4067
17.007,-2.9297,0.0000,-0.0634,-6.5584,-5.2087,0.0000,-2.0847,0.0000,0.4067
17.011,-2.9297,0.0000,-0.0634,-6.5512,-5.2016,0.0000,-2.0847,0.0000,0.4067
17.015,-2.9297,0.0000,-0.0634,-6.5431,-5.1935,0.0000,-2.0847,0.0000,0.4067
17.019,-2.8741,0.0000,-0.0634,-6.5656,-5.1842,0.0000,-1.9761,0.0000,0.4067
17.025,-2.8741,0.0000,-0.0634,-6.5545,-5.1731,0.0000,-1.9761,0.0000,0.4067
17.029,-2.8741,0.0000,-0.0634,-6.5454,-5.1640,0.0000,-1.9761,0.0000,0.4067
17.033,-2.8741,0.0000,-0.0634,-6.5356,-5.1541,0.0000,-1.9761,0.0000,0.4067
17.038,-2.8741,0.0000,-0.0634,-6.5253,-5.1439,0.0000,-1.9761,0.0000,0.4067
17.042,-2.8179,0.0000,-0.0634,-6.5439,-5.1343,0.0000,-1.8594,0.0000,0.4067
17.047,-2.8179,0.0000,-0.0634,-6.5313,-5.1217,0.0000,-1.8594,0.0000,0.4067
17.051,-2.8179,0.0000,-0.0634,-6.5201,-5.1105,0.0000,-1.8594,0.0000,0.4067
17.057,-2.8179,0.0000,-0.0634,-6.5050,-5.0954,0.0000,-1.8594,0.0000,0.4067
17.066,-2.7612,0.0000,-0.0633,-6.5048,-5.0712,0.0000,-1.7352,0.0000,0.4067
17.075,-2.7612,0.0000,-0.0633,-6.4771,-5.0434,0.0000,-1.7352,0.0000,0.4067
17.081,-2.7043,0.0000,-0.0633,-6.4785,-5.0254,0.0000,-1.6035,0.0000,0.4067
17.087,-2.7043,0.0000,-0.0633,-6.4618,-5.0088,0.0000,-1.6035,0.0000,0.4067
17.092,-2.7043,0.0000,-0.0633,-6.4472,-4.9942,0.0000,-1.6035,0.0000,0.4067
17.098,-2.7043,0.0000,-0.0633,-6.4289,-4.9759,0.0000,-1.6035,0.0000,0.4067
17.102,-2.6474,0.0000,-0.0633,-6.4281,-4.9609,0.0000,-1.4633,0.0000,0.4067
17.107,-2.6474,0.0000,-0.0633,-6.4122,-4.9450,0.0000,-1.4633,0.0000,0.4067
17.112,-2.6474,0.0000,-0.0633,-6.3955,-4.9283,0.0000,-1.4633,0.0000,0.4067
17.117,-2.6474,0.0000,-0.0633,-6.3804,-4.9132,0.0000,-1.4633,0.0000,0.4067
17.121,-2.5905,0.0000,-0.0633,-6.3748,-4.8992,0.0000,-1.3163,0.0000,0.4067
17.127,-2.5905,0.0000,-0.0633,-6.3553,-4.8797,0.0000,-1.3163,0.0000,0.4067
17.132,-2.5905,0.0000,-0.0633,-6.3379,-4.8623,0.0000,-1.3163,0.0000,0.4067
17.137,-2.5905,0.0000,-0.0633,-6.3207,-4.8451,0.0000,-1.3163,0.0000,0.4067
17.141,-2.5339,0.0000,-0.0633,-6.3073,-4.8296,0.0000,-1.1632,0.0000,0.4067
17.146,-2.5339,0.0000,-0.0633,-6.2873,-4.8095,0.0000,-1.1632,0.0000,0.4067
17.151,-2.5339,0.0000,-0.0632,-6.2690,-4.7912,0.0000,-1.1632,0.0000,0.4067
17.155,-2.5339,0.0000,-0.0632,-6.2547,-4.7770,0.0000,-1.1632,0.0000,0.4067
17.159,-2.4774,0.0000,-0.0632,-6.2349,-4.7617,0.0000,-1.0055,0.0000,0.4067
17.166,-2.4774,0.0000,-0.0632,-6.2087,-4.7356,0.0000,-1.0055,0.0000,0.4067
17.174,-2.4774,0.0000,-0.0632,-6.1761,-4.7030,0.0000,-1.0055,0.0000,0.4067
17.180,-2.4199,0.0000,-0.0632,-6.1396,-4.6799,0.0000,-0.8745,0.0000,0.4067
17.185,-2.4199,0.0000,-0.0632,-6.1217,-4.6620,0.0000,-0.8745,0.0000,0.4067
17.189,-2.4199,0.0000,-0.0632,-6.1062,-4.6465,0.0000,-0.8745,0.0000,0.4067
17.192,-2.4199,0.0000,-0.0632,-6.0916,-4.6319,0.0000,-0.8745,0.0000,0.4067
17.197,-2.4199,0.0000,-0.0632,-6.0738,-4.6140,0.0000,-0.8745,0.0000,0.4067
17.201,-2.3626,0.0000,-0.0632,-6.0344,-4.5952,0.0000,-0.7446,0.0000,0.4067
17.207,-2.3626,0.0000,-0.0632,-6.0090,-4.5699,0.0000,-0.7446,0.0000,0.4067
17.212,-2.3626,0.0000,-0.0632,-5.9899,-4.5508,0.0000,-0.7446,0.0000,0.4067
17.216,-2.3626,0.0000,-0.0632,-5.9722,-4.5331,0.0000,-0.7446,0.0000,0.4067
17.223,-2.3050,0.0000,-0.0632,-5.9145,-4.5035,0.0000,-0.6267,0.0000,0.4067
17.227,-2.3050,0.0000,-0.0632,-5.8971,-4.4861,0.0000,-0.6267,0.0000,0.4067
17.231,-2.3050,0.0000,-0.0632,-5.8816,-4.4707,0.0000,-0.6267,0.0000,0.4067
17.235,-2.3050,0.0000,-0.0632,-5.8671,-4.4561,0.0000,-0.6267,0.0000,0.4067
17.238,-2.2480,0.0000,-0.0632,-5.8176,-4.4413,0.0000,-0.5057,0.0000,0.4067
17.242,-2.2480,0.0000,-0.0632,-5.8011,-4.4248,0.0000,-0.5057,0.0000,0.4067
17.245,-2.2480,0.0000,-0.0631,-5.7868,-4.4105,0.0000,-0.5057,0.0000,0.4067
17.249,-2.2480,0.0000,-0.0631,-5.7707,-4.3944,0.0000,-0.5057,0.0000,0.4067
17.252,-2.2480,0.0000,-0.0631,-5.7558,-4.3795,0.0000,-0.5057,0.0000,0.4067
17.256,-2.2480,0.0000,-0.0631,-5.7392,-4.3629,0.0000,-0.5057,0.0000,0.4067
17.260,-2.1918,0.0000,-0.0631,-5.6820,-4.3465,0.0000,-0.3801,0.0000,0.4067
17.264,-2.1918,0.0000,-0.0631,-5.6637,-4.3282,0.0000,-0.3801,0.0000,0.4067
17.269,-2.1918,0.0000,-0.0631,-5.6435,-4.3080,0.0000,-0.3801,0.0000,0.4067
17.275,-2.1918,0.0000,-0.0631,-5.6128,-4.2772,0.0000,-0.3801,0.0000,0.4067
17.279,-2.1364,0.0000,-0.0631,-5.5501,-4.2614,0.0000,-0.2506,0.0000,0.4067
17.283,-2.1364,0.0000,-0.0631,-5.5314,-4.2427,0.0000,-0.2506,0.0000,0.4067
17.287,-2.1364,0.0000,-0.0631,-5.5165,-4.2277,0.0000,-0.2506,0.0000,0.4067
17.290,-2.1364,0.0000,-0.0631,-5.5023,-4.2135,0.0000,-0.2506,0.0000,0.4067
17.293,-2.1364,0.0000,-0.0631,-5.4874,-4.1987,0.0000,-0.2506,0.0000,0.4067
17.297,-2.1364,0.0000,-0.0631,-5.4714,-4.1827,0.0000,-0.2506,0.0000,0.4067
17.301,-2.0825,0.0000,-0.0631,-5.4022,-4.1651,0.0000,-0.1017,0.0000,0.4067
17.305,-2.0825,0.0000,-0.0631,-5.3846,-4.1474,0.0000,-0.1017,0.0000,0.4067
17.308,-2.0825,0.0000,-0.0631,-5.3698,-4.1326,0.0000,-0.1017,0.0000,0.4067
17.311,-2.0825,0.0000,-0.0631,-5.3554,-4.1183,0.0000,-0.1017,0.0000,0.4067
17.315,-2.0825,0.0000,-0.0631,-5.3382,-4.1011,0.0000,-0.1017,0.0000,0.4067
17.319,-2.0298,0.0000,-0.0631,-5.2620,-4.0814,0.0000,0.0543,0.0000,0.4067
17.323,-2.0298,0.0000,-0.0631,-5.2435,-4.0629,0.0000,0.0543,0.0000,0.4067
17.326,-2.0298,0.0000,-0.0631,-5.2289,-4.0483,0.0000,0.0543,0.0000,0.4067
17.330,-2.0298,0.0000,-0.0631,-5.2122,-4.0316,0.0000,0.0543,0.0000,0.4067
17.334,-2.0298,0.0000,-0.0631,-5.1940,-4.0134,0.0000,0.0543,0.0000,0.4067
17.338,-2.0298,0.0000,-0.0631,-5.1775,-3.9968,0.0000,0.0543,0.0000,0.4067
17.341,-1.9778,0.0000,-0.0631,-5.0995,-3.9802,0.0000,0.2104,0.0000,0.4067
17.346,-1.9778,0.0000,-0.0631,-5.0795,-3.9601,0.0000,0.2104,0.0000,0.4067
17.350,-1.9778,0.0000,-0.0631,-5.0585,-3.9392,0.0000,0.2104,0.0000,0.4067
17.354,-1.9778,0.0000,-0.0631,-5.0416,-3.9223,0.0000,0.2104,0.0000,0.4067
17.358,-1.9266,0.0000,-0.0630,-4.9551,-3.9017,0.0000,0.3637,0.0000,0.4067
17.365,-1.9266,0.0000,-0.0630,-4.9255,-3.8720,0.0000,0.3637,0.0000,0.4067
17.371,-1.9266,0.0000,-0.0630,-4.8976,-3.8441,0.0000,0.3637,0.0000,0.4067
17.381,-1.8761,0.0000,-0.0630,-4.7804,-3.7969,0.0000,0.5119,0.0000,0.4067
17.386,-1.8761,0.0000,-0.0630,-4.7544,-3.7709,0.0000,0.5119,0.0000,0.4067
17.392,-1.8761,0.0000,-0.0630,-4.7311,-3.7477,0.0000,0.5119,0.0000,0.4067
17.397,-1.8761,0.0000,-0.0630,-4.7047,-3.7213,0.0000,0.5119,0.0000,0.4067
17.401,-1.8259,0.0000,-0.0630,-4.6109,-3.7021,0.0000,0.6430,0.0000,0.4067
17.406,-1.8259,0.0000,-0.0630,-4.5904,-3.6815,0.0000,0.6430,0.0000,0.4067
17.410,-1.8259,0.0000,-0.0630,-4.5743,-3.6655,0.0000,0.6430,0.0000,0.4067
17.414,-1.8259,0.0000,-0.0630,-4.5544,-3.6456,0.0000,0.6430,0.0000,0.4067
17.418,-1.8259,0.0000,-0.0630,-4.5363,-3.6274,0.0000,0.6430,0.0000,0.4067
17.422,-1.7764,0.0000,-0.0630,-4.4412,-3.6107,0.0000,0.7673,0.0000,0.4067
17.427,-1.7764,0.0000,-0.0630,-4.4173,-3.5868,0.0000,0.7673,0.0000,0.4067
17.431,-1.7764,0.0000,-0.0630,-4.3982,-3.5677,0.0000,0.7673,0.0000,0.4067
17.435,-1.7764,0.0000,-0.0630,-4.3818,-3.5513,0.0000,0.7673,0.0000,0.4067
17.438,-1.7285,0.0000,-0.0630,-4.2863,-3.5363,0.0000,0.9044,0.0000,0.4067
17.442,-1.7285,0.0000,-0.0630,-4.2666,-3.5167,0.0000,0.9044,0.0000,0.4067
17.446,-1.7285,0.0000,-0.0630,-4.2509,-3.5010,0.0000,0.9044,0.0000,0.4067
17.450,-1.7285,0.0000,-0.0630,-4.2347,-3.4848,0.0000,0.9044,0.0000,0.4067
17.453,-1.7285,0.0000,-0.0630,-4.2202,-3.4703,0.0000,0.9044,0.0000,0.4067
17.457,-1.7285,0.0000,-0.0630,-4.2022,-3.4522,0.0000,0.9044,0.0000,0.4067
17.460,-1.6815,0.0000,-0.0630,-4.1029,-3.4367,0.0000,1.0373,0.0000,0.4067
17.465,-1.6815,0.0000,-0.0630,-4.0837,-3.4175,0.0000,1.0373,0.0000,0.4067
17.468,-1.6815,0.0000,-0.0630,-4.0689,-3.4027,0.0000,1.0373,0.0000,0.4067
17.473,-1.6815,0.0000,-0.0630,-4.0479,-3.3817,0.0000,1.0373,0.0000,0.4067
17.480,-1.6352,0.0000,-0.0630,-3.9275,-3.3484,0.0000,1.1592,0.0000,0.4067
17.484,-1.6352,0.0000,-0.0629,-3.9091,-3.3301,0.0000,1.1592,0.0000,0.4067
17.488,-1.6352,0.0000,-0.0629,-3.8909,-3.3119,0.0000,1.1592,0.0000,0.4067
17.492,-1.6352,0.0000,-0.0629,-3.8751,-3.2961,0.0000,1.1592,0.0000,0.4067
17.495,-1.6352,0.0000,-0.0629,-3.8601,-3.2810,0.0000,1.1592,0.0000,0.4067
17.499,-1.5897,0.0000,-0.0629,-3.7531,-3.2645,0.0000,1.2694,0.0000,0.4067
17.503,-1.5897,0.0000,-0.0629,-3.7362,-3.2477,0.0000,1.2694,0.0000,0.4067
17.507,-1.5897,0.0000,-0.0629,-3.7211,-3.2325,0.0000,1.2694,0.0000,0.4067
17.511,-1.5897,0.0000,-0.0629,-3.7132,-3.2247,0.0000,1.2694,0.0000,0.4067
17.516,-1.5897,0.0000,-0.0629,-3.7179,-3.2294,0.0000,1.2694,0.0000,0.4067
17.520,-1.5455,0.0000,-0.0629,-3.6407,-3.2448,0.0000,1.3822,0.0000,0.4067
17.524,-1.5455,0.0000,-0.0629,-3.6638,-3.2679,0.0000,1.3822,0.0000,0.4067
17.539,-1.5023,0.0000,-0.0629,-3.7699,-3.4698,0.0000,1.4855,0.0000,0.4067
17.545,-1.5023,0.0000,-0.0629,-3.8458,-3.5456,0.0000,1.4855,0.0000,0.4067
17.551,-1.5023,0.0000,-0.0629,-3.9496,-3.6494,0.0000,1.4855,0.0000,0.4067
17.555,-1.5023,0.0000,-0.0629,-4.0309,-3.7307,0.0000,1.4855,0.0000,0.4067
17.558,-1.4600,0.0000,-0.0629,-3.9952,-3.7941,0.0000,1.5754,0.0000,0.4067
17.563,-1.4600,0.0000,-0.0629,-4.0733,-3.8721,0.0000,1.5754,0.0000,0.4067
17.567,-1.4600,0.0000,-0.0629,-4.1372,-3.9361,0.0000,1.5754,0.0000,0.4067
17.570,-1.4600,0.0000,-0.0629,-4.1894,-3.9883,0.0000,1.5754,0.0000,0.4067
17.573,-1.4600,0.0000,-0.0629,-4.2393,-4.0382,0.0000,1.5754,0.0000,0.4067
17.578,-1.4600,0.0000,-0.0629,-4.2982,-4.0970,0.0000,1.5754,0.0000,0.4067
17.586,-1.4186,0.0000,-0.0629,-4.2962,-4.1973,0.0000,1.6514,0.0000,0.4067
17.590,-1.4186,0.0000,-0.0629,-4.3399,-4.2410,0.0000,1.6514,0.0000,0.4067
17.593,-1.4186,0.0000,-0.0629,-4.3735,-4.2745,0.0000,1.6514,0.0000,0.4067
17.598,-1.4186,0.0000,-0.0629,-4.4121,-4.3132,0.0000,1.6514,0.0000,0.4067
17.601,-1.3782,0.0000,-0.0629,-4.3416,-4.3416,0.0000,1.7126,0.0000,0.4067
17.605,-1.3782,0.0000,-0.0629,-4.3713,-4.3713,0.0000,1.7126,0.0000,0.4067
17.608,-1.3782,0.0000,-0.0629,-4.3944,-4.3944,0.0000,1.7126,0.0000,0.4067
17.612,-1.3782,0.0000,-0.0629,-4.4188,-4.4188,0.0000,1.7126,0.0000,0.4067
17.618,-1.3389,0.0000,-0.0629,-4.3436,-4.4523,0.0000,1.7595,0.0000,0.4067
17.623,-1.3389,0.0000,-0.0629,-4.3668,-4.4756,0.0000,1.7595,0.0000,0.4067
17.628,-1.3389,0.0000,-0.0629,-4.3840,-4.4927,0.0000,1.7595,0.0000,0.4067
17.632,-1.3389,0.0000,-0.0628,-4.3990,-4.5078,0.0000,1.7595,0.0000,0.4067
17.636,-1.3389,0.0000,-0.0628,-4.4087,-4.5175,0.0000,1.7595,0.0000,0.4067
17.640,-1.3007,0.0000,-0.0628,-4.3052,-4.5255,0.0000,1.7924,0.0000,0.4067
17.645,-1.3007,0.0000,-0.0628,-4.3131,-4.5334,0.0000,1.7924,0.0000,0.4067
17.650,-1.3007,0.0000,-0.0628,-4.3172,-4.5375,0.0000,1.7924,0.0000,0.4067
17.653,-1.3007,0.0000,-0.0628,-4.3190,-4.5393,0.0000,1.7924,0.0000,0.4067
17.657,-1.3007,0.0000,-0.0628,-4.3192,-4.5395,0.0000,1.7924,0.0000,0.4067
17.663,-1.2614,0.0000,-0.0628,-4.1948,-4.5362,0.0000,1.7255,0.0000,0.4067
17.669,-1.2614,0.0000,-0.0628,-4.1886,-4.5300,0.0000,1.7255,0.0000,0.4067
17.673,-1.2614,0.0000,-0.0628,-4.1830,-4.5245,0.0000,1.7255,0.0000,0.4067
17.679,-1.2213,0.0000,-0.0628,-4.0402,-4.5123,0.0000,1.5588,0.0000,0.4067
17.687,-1.2213,0.0000,-0.0628,-4.0170,-4.4892,0.0000,1.5588,0.0000,0.4067
17.692,-1.2213,0.0000,-0.0628,-4.0050,-4.4771,0.0000,1.5588,0.0000,0.4067
17.696,-1.2213,0.0000,-0.0628,-3.9894,-4.4615,0.0000,1.5588,0.0000,0.4067
17.700,-1.1861,0.0000,-0.0628,-3.8554,-4.4471,0.0000,1.5119,0.0000,0.4067
17.705,-1.1861,0.0000,-0.0628,-3.8385,-4.4302,0.0000,1.5119,0.0000,0.4067
17.709,-1.1861,0.0000,-0.0628,-3.8222,-4.4139,0.0000,1.5119,0.0000,0.4067
17.712,-1.1861,0.0000,-0.0628,-3.8056,-4.3973,0.0000,1.5119,0.0000,0.4067
17.716,-1.1861,0.0000,-0.0628,-3.7874,-4.3791,0.0000,1.5119,0.0000,0.4067
17.720,-1.1525,0.0000,-0.0628,-3.6501,-4.3619,0.0000,1.4572,0.0000,0.4067
17.726,-1.1525,0.0000,-0.0628,-3.6209,-4.3326,0.0000,1.4572,0.0000,0.4067
17.731,-1.1525,0.0000,-0.0628,-3.5973,-4.3091,0.0000,1.4572,0.0000,0.4067
17.734,-1.1525,0.0000,-0.0628,-3.5779,-4.2897,0.0000,1.4572,0.0000,0.4067
17.738,-1.1184,0.0000,-0.0628,-3.4265,-4.2684,0.0000,1.2949,0.0000,0.4067
17.742,-1.1184,0.0000,-0.0628,-3.4017,-4.2437,0.0000,1.2949,0.0000,0.4067
17.750,-1.1184,0.0000,-0.0628,-3.3592,-4.2012,0.0000,1.2949,0.0000,0.4067
17.755,-1.1184,0.0000,-0.0628,-3.3272,-4.1691,0.0000,1.2949,0.0000,0.4067
17.759,-1.0881,0.0000,-0.0628,-3.1834,-4.1439,0.0000,1.2318,0.0000,0.4067
17.764,-1.0881,0.0000,-0.0628,-3.1512,-4.1117,0.0000,1.2318,0.0000,0.4067
17.768,-1.0881,0.0000,-0.0628,-3.1254,-4.0858,0.0000,1.2318,0.0000,0.4067
17.772,-1.0881,0.0000,-0.0628,-3.0987,-4.0592,0.0000,1.2318,0.0000,0.4067
17.776,-1.0881,0.0000,-0.0628,-3.0748,-4.0352,0.0000,1.2318,0.0000,0.4067
17.780,-1.0579,0.0000,-0.0628,-2.9135,-4.0031,0.0000,1.0667,0.0000,0.4067
17.789,-1.0579,0.0000,-0.0628,-2.8560,-3.9455,0.0000,1.0667,0.0000,0.4067
17.792,-1.0579,0.0000,-0.0628,-2.8306,-3.9201,0.0000,1.0667,0.0000,0.4067
17.796,-1.0579,0.0000,-0.0628,-2.8053,-3.8949,0.0000,1.0667,0.0000,0.4067
17.800,-1.0305,0.0000,-0.0627,-2.6593,-3.8681,0.0000,0.9710,0.0000,0.4067
17.804,-1.0305,0.0000,-0.0627,-2.6314,-3.8401,0.0000,0.9710,0.0000,0.4067
17.807,-1.0305,0.0000,-0.0627,-2.6064,-3.8152,0.0000,0.9710,0.0000,0.4067
17.813,-1.0305,0.0000,-0.0627,-2.5688,-3.7776,0.0000,0.9710,0.0000,0.4067
17.819,-1.0040,0.0000,-0.0627,-2.3953,-3.7330,0.0000,0.7965,0.0000,0.4067
17.823,-1.0040,0.0000,-0.0627,-2.3642,-3.7019,0.0000,0.7965,0.0000,0.4067
17.826,-1.0040,0.0000,-0.0627,-2.3396,-3.6773,0.0000,0.7965,0.0000,0.4067
17.830,-1.0040,0.0000,-0.0627,-2.3124,-3.6501,0.0000,0.7965,0.0000,0.4067
17.836,-1.0040,0.0000,-0.0627,-2.2654,-3.6031,0.0000,0.7965,0.0000,0.4067
17.840,-0.9808,0.0000,-0.0627,-2.1328,-3.5769,0.0000,0.7721,0.0000,0.4067
17.844,-0.9808,0.0000,-0.0627,-2.1034,-3.5476,0.0000,0.7721,0.0000,0.4067
17.849,-0.9808,0.0000,-0.0627,-2.0706,-3.5147,0.0000,0.7721,0.0000,0.4067
17.852,-0.9808,0.0000,-0.0627,-2.0433,-3.4874,0.0000,0.7721,0.0000,0.4067
17.856,-0.9808,0.0000,-0.0627,-2.0192,-3.4634,0.0000,0.7721,0.0000,0.4067
17.859,-0.9590,0.0000,-0.0627,-1.8888,-3.4394,0.0000,0.7396,0.0000,0.4067
17.863,-0.9590,0.0000,-0.0627,-1.8564,-3.4070,0.0000,0.7396,0.0000,0.4067
17.867,-0.9590,0.0000,-0.0627,-1.8308,-3.3814,0.0000,0.7396,0.0000,0.4067
17.870,-0.9590,0.0000,-0.0627,-1.8070,-3.3577,0.0000,0.7396,0.0000,0.4067
17.874,-0.9590,0.0000,-0.0627,-1.7826,-3.3332,0.0000,0.7396,0.0000,0.4067
17.877,-0.9590,0.0000,-0.0627,-1.7588,-3.3094,0.0000,0.7396,0.0000,0.4067
17.882,-0.9387,0.0000,-0.0627,-1.6171,-3.2743,0.0000,0.6997,0.0000,0.4067
17.887,-0.9387,0.0000,-0.0627,-1.5793,-3.2365,0.0000,0.6997,0.0000,0.4067
17.894,-0.9387,0.0000,-0.0627,-1.5293,-3.1865,0.0000,0.6997,0.0000,0.4067
17.898,-0.9387,0.0000,-0.0627,-1.5015,-3.1586,0.0000,0.6997,0.0000,0.4067
17.901,-0.9197,0.0000,-0.0627,-1.3643,-3.1340,0.0000,0.6156,0.0000,0.4067
17.905,-0.9197,0.0000,-0.0627,-1.3367,-3.1063,0.0000,0.6156,0.0000,0.4067
17.908,-0.9197,0.0000,-0.0627,-1.3129,-3.0826,0.0000,0.6156,0.0000,0.4067
17.913,-0.9197,0.0000,-0.0627,-1.2789,-3.0485,0.0000,0.6156,0.0000,0.4067
17.917,-0.9195,0.0002,-0.0627,-1.2487,-3.0184,0.0000,0.6156,0.0000,0.4067
17.921,-0.9013,0.0009,-0.0627,-1.1113,-2.9936,0.0000,0.5232,0.0000,0.4067
17.925,-0.8996,0.0026,-0.0627,-1.0810,-2.9633,0.0000,0.5232,0.0000,0.4067
17.929,-0.8972,0.0049,-0.0627,-1.0566,-2.9389,0.0000,0.5232,0.0000,0.4067
17.932,-0.8936,0.0085,-0.0627,-1.0311,-2.9134,0.0000,0.5232,0.0000,0.4067
17.936,-0.8893,0.0129,-0.0627,-1.0082,-2.8905,0.0000,0.5232,0.0000,0.4067
17.939,-0.8674,0.0186,-0.0627,-0.8820,-2.8674,0.0000,0.4834,0.0000,0.4067
17.944,-0.8574,0.0286,-0.0627,-0.8500,-2.8354,0.0000,0.4834,0.0000,0.4067
17.948,-0.8451,0.0409,-0.0627,-0.8195,-2.8049,0.0000,0.4834,0.0000,0.4067
17.952,-0.8342,0.0518,-0.0627,-0.7971,-2.7825,0.0000,0.4834,0.0000,0.4067
17.955,-0.8220,0.0640,-0.0627,-0.7754,-2.7608,0.0000,0.4834,0.0000,0.4067
17.958,-0.7918,0.0791,-0.0627,-0.6499,-2.7374,0.0000,0.4435,0.0000,0.4067
17.964,-0.7651,0.1058,-0.0626,-0.6147,-2.7022,0.0000,0.4435,0.0000,0.4067
17.969,-0.7379,0.1330,-0.0626,-0.5842,-2.6717,0.0000,0.4435,0.0000,0.4067
17.973,-0.7108,0.1601,-0.0626,-0.5576,-2.6451,0.0000,0.4435,0.0000,0.4067
17.976,-0.6853,0.1857,-0.0625,-0.5351,-2.6226,0.0000,0.4435,0.0000,0.4067
17.980,-0.6422,0.2149,-0.0625,-0.4104,-2.5991,0.0000,0.4016,0.0000,0.4067
17.988,-0.5790,0.2782,-0.0625,-0.3656,-2.5544,0.0000,0.4016,0.0000,0.4067
17.992,-0.5341,0.3231,-0.0624,-0.3378,-2.5266,0.0000,0.4016,0.0000,0.4067
18.000,-0.4436,0.4010,-0.0623,-0.1949,-2.4838,0.0000,0.3598,0.0000,0.4067
18.004,-0.3948,0.4498,-0.0621,-0.1709,-2.4597,0.0000,0.3598,0.0000,0.4067
18.007,-0.3541,0.4904,-0.0620,-0.1523,-2.4412,0.0000,0.3598,0.0000,0.4067
18.010,-0.3135,0.5311,-0.0620,-0.1347,-2.4236,0.0000,0.3598,0.0000,0.4067
18.014,-0.2634,0.5812,-0.0619,-0.1144,-2.4033,0.0000,0.3598,0.0000,0.4067
18.018,-0.2153,0.6293,-0.0618,-0.0959,-2.3848,0.0000,0.3598,0.0000,0.4067
18.022,-0.1493,0.6836,-0.0617,0.0224,-2.3638,0.0000,0.3280,0.0000,0.4067
18.026,-0.0948,0.7382,-0.0615,0.0436,-2.3426,0.0000,0.3280,0.0000,0.4067
18.030,-0.0478,0.7852,-0.0614,0.0619,-2.3243,0.0000,0.3280,0.0000,0.4067
18.034,0.0000,0.8330,-0.0612,0.0807,-2.3055,0.0000,0.3280,0.0000,0.4067
18.037,0.0457,0.8787,-0.0611,0.0988,-2.2874,0.0000,0.3280,0.0000,0.4067
18.041,0.0971,0.9195,-0.0609,0.2110,-2.2711,0.0000,0.2967,0.0000,0.4067
18.045,0.1414,0.9638,-0.0608,0.2288,-2.2534,0.0000,0.2967,0.0000,0.4067
18.048,0.1855,1.0080,-0.0606,0.2466,-2.2355,0.0000,0.2967,0.0000,0.4067
18.053,0.2327,1.0551,-0.0604,0.2659,-2.2163,0.0000,0.2967,0.0000,0.4067
18.056,0.2702,1.0926,-0.0602,0.2813,-2.2008,0.0000,0.2967,0.0000,0.4067
18.059,0.3135,1.1264,-0.0600,0.3903,-2.1868,0.0000,0.2632,0.0000,0.4067
18.064,0.3576,1.1705,-0.0598,0.4088,-2.1683,0.0000,0.2632,0.0000,0.4067
18.067,0.3962,1.2091,-0.0596,0.4252,-2.1520,0.0000,0.2632,0.0000,0.4067
18.071,0.4319,1.2448,-0.0594,0.4405,-2.1367,0.0000,0.2632,0.0000,0.4067
18.074,0.4638,1.2767,-0.0592,0.4542,-2.1229,0.0000,0.2632,0.0000,0.4067
18.078,0.4949,1.3078,-0.0590,0.4677,-2.1094,0.0000,0.2632,0.0000,0.4067
18.081,0.5391,1.3434,-0.0588,0.5775,-2.0938,0.0000,0.2261,0.0000,0.4067
18.087,0.5848,1.3890,-0.0585,0.5977,-2.0736,0.0000,0.2261,0.0000,0.4067
18.090,0.6169,1.4212,-0.0582,0.6122,-2.0591,0.0000,0.2261,0.0000,0.4067
18.095,0.6550,1.4593,-0.0580,0.6295,-2.0418,0.0000,0.2261,0.0000,0.4067
18.102,0.7270,1.5236,-0.0576,0.7561,-2.0116,0.0000,0.1631,0.0000,0.4067
18.106,0.7593,1.5560,-0.0571,0.7715,-1.9962,0.0000,0.1631,0.0000,0.4067
18.110,0.7860,1.5826,-0.0568,0.7843,-1.9834,0.0000,0.1631,0.0000,0.4067
18.116,0.8337,1.6303,-0.0566,0.8079,-1.9598,0.0000,0.1631,0.0000,0.4067
18.121,0.8766,1.6665,-0.0561,0.9227,-1.9415,0.0000,0.0879,0.0000,0.4067
18.125,0.9045,1.6944,-0.0557,0.9370,-1.9272,0.0000,0.0879,0.0000,0.4067
18.128,0.9272,1.7172,-0.0554,0.9489,-1.9153,0.0000,0.0879,0.0000,0.4067
18.132,0.9566,1.7465,-0.0552,0.9645,-1.8997,0.0000,0.0879,0.0000,0.4067
18.138,1.0012,1.7852,-0.0548,1.0800,-1.8788,0.0000,0.0139,0.0000,0.4067
18.142,1.0266,1.8106,-0.0543,1.0940,-1.8647,0.0000,0.0139,0.0000,0.4067
18.147,1.0580,1.8419,-0.0540,1.1118,-1.8470,0.0000,0.0139,0.0000,0.4067
18.151,1.0802,1.8642,-0.0536,1.1246,-1.8341,0.0000,0.0139,0.0000,0.4067
18.154,1.0996,1.8835,-0.0533,1.1360,-1.8227,0.0000,0.0139,0.0000,0.4067
18.157,1.1187,1.9027,-0.0530,1.1475,-1.8112,0.0000,0.0139,0.0000,0.4067
18.161,1.1437,1.9224,-0.0527,1.2520,-1.7992,0.0000,-0.0571,0.0000,0.4067
18.165,1.1684,1.9472,-0.0525,1.2675,-1.7837,0.0000,-0.0571,0.0000,0.4067
18.169,1.1863,1.9651,-0.0521,1.2790,-1.7723,0.0000,-0.0571,0.0000,0.4067
18.172,1.2037,1.9824,-0.0518,1.2902,-1.7610,0.0000,-0.0571,0.0000,0.4067
18.176,1.2267,2.0055,-0.0515,1.3056,-1.7456,0.0000,-0.0571,0.0000,0.4067
18.180,1.2522,2.0264,-0.0511,1.4103,-1.7312,0.0000,-0.1251,0.0000,0.4067
18.184,1.2717,2.0459,-0.0507,1.4240,-1.7175,0.0000,-0.1251,0.0000,0.4067
18.187,1.2871,2.0613,-0.0504,1.4350,-1.7065,0.0000,-0.1251,0.0000,0.4067
18.191,1.3027,2.0769,-0.0501,1.4464,-1.6951,0.0000,-0.1251,0.0000,0.4067
18.194,1.3186,2.0928,-0.0498,1.4583,-1.6833,0.0000,-0.1251,0.0000,0.4067
18.198,1.3354,2.1096,-0.0495,1.4710,-1.6705,0.0000,-0.1251,0.0000,0.4067
18.202,1.3592,2.1296,-0.0492,1.5745,-1.6549,0.0000,-0.1878,0.0000,0.4067
18.211,1.3952,2.1656,-0.0487,1.6044,-1.6251,0.0000,-0.1878,0.0000,0.4067
18.215,1.4121,2.1825,-0.0480,1.6189,-1.6106,0.0000,-0.1878,0.0000,0.4067
18.218,1.4300,2.1972,-0.0476,1.7175,-1.5978,0.0000,-0.2468,0.0000,0.4067
18.222,1.4457,2.2128,-0.0473,1.7317,-1.5836,0.0000,-0.2468,0.0000,0.4067
18.226,1.4587,2.2259,-0.0469,1.7438,-1.5715,0.0000,-0.2468,0.0000,0.4067
18.229,1.4718,2.2390,-0.0466,1.7562,-1.5590,0.0000,-0.2468,0.0000,0.4067
18.233,1.4852,2.2524,-0.0462,1.7693,-1.5460,0.0000,-0.2468,0.0000,0.4067
18.236,1.4973,2.2644,-0.0459,1.7814,-1.5339,0.0000,-0.2468,0.0000,0.4067
18.240,1.5145,2.2790,-0.0456,1.8794,-1.5187,0.0000,-0.2944,0.0000,0.4067
18.244,1.5284,2.2929,-0.0452,1.8942,-1.5040,0.0000,-0.2944,0.0000,0.4067
18.248,1.5417,2.3063,-0.0448,1.9088,-1.4893,0.0000,-0.2944,0.0000,0.4067
18.252,1.5531,2.3177,-0.0444,1.9217,-1.4764,0.0000,-0.2944,0.0000,0.4067
18.255,1.5644,2.3290,-0.0441,1.9349,-1.4633,0.0000,-0.2944,0.0000,0.4067
18.259,1.5776,2.3401,-0.0437,2.0288,-1.4499,0.0000,-0.3354,0.0000,0.4067
18.263,1.5914,2.3538,-0.0434,2.0458,-1.4329,0.0000,-0.3354,0.0000,0.4067
18.268,1.6063,2.3688,-0.0429,2.0652,-1.4135,0.0000,-0.3354,0.0000,0.4067
18.274,1.6237,2.3861,-0.0425,2.0888,-1.3899,0.0000,-0.3354,0.0000,0.4067
18.278,1.6362,2.3971,-0.0419,2.1811,-1.3744,0.0000,-0.3544,0.0000,0.4067
18.282,1.6480,2.4089,-0.0415,2.1984,-1.3571,0.0000,-0.3544,0.0000,0.4067
18.286,1.6571,2.4181,-0.0411,2.2121,-1.3434,0.0000,-0.3544,0.0000,0.4067
18.293,1.6749,2.4358,-0.0407,2.2403,-1.3152,0.0000,-0.3544,0.0000,0.4067
18.298,1.6877,2.4486,-0.0401,2.2614,-1.2941,0.0000,-0.3544,0.0000,0.4067
18.302,1.6984,2.4583,-0.0396,2.3531,-1.2773,0.0000,-0.3672,0.0000,0.4067
18.307,1.7116,2.4715,-0.0392,2.3770,-1.2534,0.0000,-0.3672,0.0000,0.4067
18.313,1.7239,2.4838,-0.0386,2.4006,-1.2298,0.0000,-0.3672,0.0000,0.4067
18.320,1.7416,2.5010,-0.0381,2.5114,-1.1945,0.0000,-0.4003,0.0000,0.4067
18.325,1.7511,2.5105,-0.0373,2.5317,-1.1742,0.0000,-0.4003,0.0000,0.4067
18.328,1.7587,2.5181,-0.0369,2.5484,-1.1574,0.0000,-0.4003,0.0000,0.4067
18.332,1.7663,2.5258,-0.0365,2.5660,-1.1399,0.0000,-0.4003,0.0000,0.4067
18.336,1.7730,2.5324,-0.0362,2.5814,-1.1245,0.0000,-0.4003,0.0000,0.4067
18.339,1.7795,2.5389,-0.0358,2.6708,-1.1089,0.0000,-0.4305,0.0000,0.4067
18.343,1.7868,2.5462,-0.0355,2.6895,-1.0902,0.0000,-0.4305,0.0000,0.4067
18.347,1.7936,2.5530,-0.0351,2.7073,-1.0724,0.0000,-0.4305,0.0000,0.4067
18.351,1.8023,2.5617,-0.0347,2.7306,-1.0492,0.0000,-0.4305,0.0000,0.4067
18.355,1.8084,2.5678,-0.0343,2.7478,-1.0320,0.0000,-0.4305,0.0000,0.4067
18.358,1.8132,2.5730,-0.0339,2.8363,-1.0155,0.0000,-0.4542,0.0000,0.4067
18.362,1.6843,2.4442,-0.0336,2.8559,-0.9959,0.0000,-0.4542,0.0000,0.4067
18.366,1.5498,2.3097,-0.0333,2.8780,-0.9738,0.0000,-0.4542,0.0000,0.4067
18.370,1.4340,2.1939,-0.0329,2.8956,-0.9562,0.0000,-0.4542,0.0000,0.4067
18.373,1.3241,2.0839,-0.0326,2.9137,-0.9381,0.0000,-0.4542,0.0000,0.4067
18.376,1.2228,1.9826,-0.0324,2.9304,-0.9214,0.0000,-0.4542,0.0000,0.4067
18.381,1.0897,1.8503,-0.0322,3.0225,-0.8996,0.0000,-0.4710,0.0000,0.4067
18.386,0.9507,1.7113,-0.0319,3.0480,-0.8741,0.0000,-0.4710,0.0000,0.4067
18.389,0.8490,1.6096,-0.0316,3.0666,-0.8554,0.0000,-0.4710,0.0000,0.4067
18.392,0.7566,1.5173,-0.0315,3.0853,-0.8368,0.0000,-0.4710,0.0000,0.4067
18.396,0.6539,1.4146,-0.0313,3.1060,-0.8161,0.0000,-0.4710,0.0000,0.4067
18.400,0.5519,1.3138,-0.0312,3.1970,-0.7943,0.0000,-0.4912,0.0000,0.4067
18.404,0.4496,1.2115,-0.0311,3.2196,-0.7717,0.0000,-0.4912,0.0000,0.4067
18.407,0.3644,1.1263,-0.0309,3.2388,-0.7526,0.0000,-0.4912,0.0000,0.4067
18.410,0.2816,1.0435,-0.0309,3.2574,-0.7339,0.0000,-0.4912,0.0000,0.4067
18.418,0.0923,0.8558,-0.0308,3.3715,-0.6884,0.0000,-0.5218,0.0000,0.4067
18.427,-0.1245,0.6390,-0.0307,3.4271,-0.6328,0.0000,-0.5218,0.0000,0.4067
18.433,-0.2450,0.5185,-0.0308,3.4591,-0.6008,0.0000,-0.5218,0.0000,0.4067
18.436,-0.3186,0.4449,-0.0308,3.4792,-0.5807,0.0000,-0.5218,0.0000,0.4067
18.442,-0.4415,0.3240,-0.0308,3.5802,-0.5465,0.0000,-0.5482,0.0000,0.4067
18.447,-0.5486,0.2169,-0.0309,3.6112,-0.5155,0.0000,-0.5482,0.0000,0.4067
18.451,-0.6196,0.1459,-0.0310,3.6323,-0.4944,0.0000,-0.5482,0.0000,0.4067
18.454,-0.6831,0.0824,-0.0311,3.6516,-0.4751,0.0000,-0.5482,0.0000,0.4067
18.457,-0.7427,0.0228,-0.0312,3.6701,-0.4566,0.0000,-0.5482,0.0000,0.4067
18.461,-0.8092,-0.0414,-0.0313,3.7554,-0.4363,0.0000,-0.5675,0.0000,0.4067
18.465,-0.8947,-0.1270,-0.0314,3.7832,-0.4084,0.0000,-0.5675,0.0000,0.4067
18.469,-0.9577,-0.1899,-0.0316,3.8040,-0.3876,0.0000,-0.5675,0.0000,0.4067
18.472,-1.0167,-0.2489,-0.0318,3.8238,-0.3678,0.0000,-0.5675,0.0000,0.4067
18.477,-1.0888,-0.3210,-0.0319,3.8487,-0.3429,0.0000,-0.5675,0.0000,0.4067
18.481,-1.1561,-0.3858,-0.0321,3.9346,-0.3201,0.0000,-0.5803,0.0000,0.4067
18.485,-1.2221,-0.4518,-0.0323,3.9583,-0.2964,0.0000,-0.5803,0.0000,0.4067
18.488,-1.2784,-0.5082,-0.0326,3.9789,-0.2758,0.0000,-0.5803,0.0000,0.4067
18.492,-1.3377,-0.5675,-0.0328,4.0011,-0.2536,0.0000,-0.5803,0.0000,0.4067
18.496,-1.3950,-0.6247,-0.0330,4.0229,-0.2318,0.0000,-0.5803,0.0000,0.4067
18.500,-1.4536,-0.6805,-0.0332,4.1058,-0.2101,0.0000,-0.5855,0.0000,0.4067
18.504,-1.5087,-0.7357,-0.0335,4.1277,-0.1882,0.0000,-0.5855,0.0000,0.4067
18.508,-1.5702,-0.7972,-0.0337,4.1526,-0.1633,0.0000,-0.5855,0.0000,0.4067
18.512,-1.6188,-0.8458,-0.0340,4.1726,-0.1433,0.0000,-0.5855,0.0000,0.4067
18.516,-1.6722,-0.8992,-0.0343,4.1950,-0.1209,0.0000,-0.5855,0.0000,0.4067
18.519,-1.7201,-0.9440,-0.0346,4.2739,-0.1016,0.0000,-0.5935,0.0000,0.4067
18.524,-1.7836,-1.0075,-0.0349,4.3015,-0.0740,0.0000,-0.5935,0.0000,0.4067
18.531,-1.8698,-1.0937,-0.0353,4.3403,-0.0352,0.0000,-0.5935,0.0000,0.4067
18.535,-1.9100,-1.1340,-0.0358,4.3586,-0.0169,0.0000,-0.5935,0.0000,0.4067
18.539,-1.9649,-1.1857,-0.0361,4.4406,0.0072,0.0000,-0.5969,0.0000,0.4067
18.543,-2.0130,-1.2337,-0.0365,4.4634,0.0300,0.0072,-0.5969,0.0000,0.4067
18.547,-2.0544,-1.2752,-0.0369,4.4834,0.0500,0.0300,-0.5969,0.0000,0.4067
18.551,-2.0924,-1.3132,-0.0372,4.5019,0.0685,0.0500,-0.5969,0.0000,0.4067
18.554,-2.1295,-1.3503,-0.0376,4.5203,0.0869,0.0685,-0.5969,0.0000,0.4067
18.558,-2.1624,-1.3832,-0.0379,4.5369,0.1035,0.0869,-0.5969,0.0000,0.4067
18.561,-2.1984,-1.4157,-0.0382,4.6099,0.1201,0.1035,-0.6073,0.0000,0.4067
18.565,-2.2407,-1.4580,-0.0385,4.6318,0.1419,0.1201,-0.6073,0.0000,0.4067
18.569,-2.2820,-1.4993,-0.0389,4.6535,0.1637,0.1419,-0.6073,0.0000,0.4067
18.574,-2.3286,-1.5459,-0.0393,4.6786,0.1887,0.1637,-0.6073,0.0000,0.4067
18.579,-2.3724,-1.5861,-0.0398,4.7551,0.2107,0.1887,-0.6122,0.0000,0.4067
18.583,-2.4128,-1.6265,-0.0403,4.7776,0.2331,0.2107,-0.6122,0.0000,0.4067
18.587,-2.4421,-1.6558,-0.0408,4.7941,0.2496,0.2331,-0.6122,0.0000,0.4067
18.593,-2.4917,-1.7054,-0.0411,4.8225,0.2781,0.2496,-0.6122,0.0000,0.4067
18.596,-2.5211,-1.7348,-0.0418,4.8396,0.2952,0.2781,-0.6122,0.0000,0.4067
18.601,-2.5605,-1.7705,-0.0422,4.9134,0.3162,0.2952,-0.6054,0.0000,0.4067
18.605,-2.5924,-1.8025,-0.0426,4.9326,0.3354,0.3162,-0.6054,0.0000,0.4067
18.608,-2.6181,-1.8282,-0.0431,4.9482,0.3510,0.3354,-0.6054,0.0000,0.4067
18.612,-2.6423,-1.8523,-0.0435,4.9631,0.3659,0.3510,-0.6054,0.0000,0.4067
18.616,-2.6729,-1.8830,-0.0438,4.9822,0.3850,0.3659,-0.6054,0.0000,0.4067
18.619,-2.6979,-1.9043,-0.0443,5.0484,0.4003,0.3850,-0.5870,0.0000,0.4067
18.623,-2.6941,-1.9005,-0.0447,5.0652,0.4171,0.4003,-0.5870,0.0000,0.4067
18.626,-2.6903,-1.8967,-0.0451,5.0797,0.4316,0.4171,-0.5870,0.0000,0.4067
18.631,-2.6831,-1.8895,-0.0455,5.1030,0.4549,0.4316,-0.5870,0.0000,0.4067
18.639,-2.6746,-1.8773,-0.0461,5.1850,0.4877,0.4549,-0.5576,0.0000,0.4067
18.643,-2.6671,-1.8698,-0.0469,5.2024,0.5052,0.4877,-0.5576,0.0000,0.4067
18.648,-2.6571,-1.8598,-0.0473,5.2237,0.5264,0.5052,-0.5576,0.0000,0.4067
18.651,-2.6492,-1.8519,-0.0479,5.2392,0.5420,0.5264,-0.5576,0.0000,0.4067
18.655,-2.6415,-1.8441,-0.0482,5.2537,0.5564,0.5420,-0.5576,0.0000,0.4067
18.658,-2.6371,-1.8359,-0.0486,5.3158,0.5710,0.5564,-0.5266,0.0000,0.4067
18.662,-2.6271,-1.8260,-0.0490,5.3326,0.5878,0.5710,-0.5266,0.0000,0.4067
18.666,-2.6170,-1.8158,-0.0494,5.3490,0.6043,0.5878,-0.5266,0.0000,0.4067
18.669,-2.6076,-1.8064,-0.0498,5.3637,0.6189,0.6043,-0.5266,0.0000,0.4067
18.673,-2.5978,-1.7967,-0.0501,5.3783,0.6335,0.6189,-0.5266,0.0000,0.4067
18.677,-2.5855,-1.7843,-0.0505,5.3962,0.6514,0.6335,-0.5266,0.0000,0.4067
18.681,-2.5776,-1.7726,-0.0509,5.4585,0.6679,0.6514,-0.4893,0.0000,0.4067
18.684,-2.5654,-1.7604,-0.0513,5.4752,0.6846,0.6679,-0.4893,0.0000,0.4067
18.688,-2.5548,-1.7498,-0.0516,5.4892,0.6986,0.6846,-0.4893,0.0000,0.4067
18.691,-2.5433,-1.7383,-0.0520,5.5042,0.7136,0.6986,-0.4893,0.0000,0.4067
18.694,-2.5320,-1.7271,-0.0523,5.5185,0.7279,0.7136,-0.4893,0.0000,0.4067
18.698,-2.5230,-1.7142,-0.0526,5.5787,0.7439,0.7279,-0.4465,0.0000,0.4067
18.702,-2.5096,-1.7008,-0.0530,5.5950,0.7602,0.7439,-0.4465,0.0000,0.4067
18.705,-2.4979,-1.6891,-0.0533,5.6090,0.7742,0.7602,-0.4465,0.0000,0.4067
18.709,-2.4824,-1.6736,-0.0536,5.6274,0.7925,0.7742,-0.4465,0.0000,0.4067
18.714,-2.4673,-1.6585,-0.0540,5.6450,0.8102,0.7925,-0.4465,0.0000,0.4067
18.717,-2.4544,-1.6456,-0.0544,5.6599,0.8251,0.8102,-0.4465,0.0000,0.4067
18.720,-2.4456,-1.6328,-0.0547,5.7172,0.8397,0.8251,-0.4148,0.0000,0.4067
18.725,-2.4260,-1.6131,-0.0550,5.7395,0.8621,0.8397,-0.4148,0.0000,0.4067
18.730,-2.4078,-1.5950,-0.0555,5.7599,0.8825,0.8621,-0.4148,0.0000,0.4067
18.735,-2.3891,-1.5763,-0.0559,5.7809,0.9035,0.8825,-0.4148,0.0000,0.4067
18.743,-2.3608,-1.5439,-0.0563,5.8582,0.9398,0.9035,-0.3780,0.0000,0.4067
18.750,-2.3308,-1.5140,-0.0569,5.8916,0.9733,0.9398,-0.3780,0.0000,0.4067
18.754,-2.3150,-1.4981,-0.0575,5.9090,0.9907,0.9733,-0.3780,0.0000,0.4067
18.758,-2.3004,-1.4836,-0.0578,5.9250,1.0067,0.9907,-0.3780,0.0000,0.4067
18.761,-2.2888,-1.4678,-0.0581,5.9814,1.0239,1.0067,-0.3470,0.0000,0.4067
18.767,-2.2673,-1.4463,-0.0584,6.0050,1.0475,1.0239,-0.3470,0.0000,0.4067
18.771,-2.2487,-1.4277,-0.0588,6.0256,1.0681,1.0475,-0.3470,0.0000,0.4067
18.775,-2.2338,-1.4128,-0.0591,6.0422,1.0847,1.0681,-0.3470,0.0000,0.4067
18.778,-2.2201,-1.3991,-0.0594,6.0575,1.1000,1.0847,-0.3470,0.0000,0.4067
18.782,-2.2085,-1.3834,-0.0596,6.1125,1.1176,1.1000,-0.3128,0.0000,0.4067
18.786,-2.1920,-1.3669,-0.0599,6.1313,1.1364,1.1176,-0.3128,0.0000,0.4067
18.789,-2.1782,-1.3531,-0.0602,6.1471,1.1522,1.1364,-0.3128,0.0000,0.4067
18.793,-2.1630,-1.3379,-0.0604,6.1645,1.1696,1.1522,-0.3128,0.0000,0.4067
18.796,-2.1482,-1.3231,-0.0607,6.1818,1.1869,1.1696,-0.3128,0.0000,0.4067
18.800,-2.1148,-1.3071,-0.0609,6.2372,1.2057,1.1869,-0.2728,0.0000,0.4067
18.804,-2.0971,-1.2895,-0.0611,6.2583,1.2267,1.2057,-0.2728,0.0000,0.4067
18.808,-2.0817,-1.2740,-0.0614,6.2768,1.2453,1.2267,-0.2728,0.0000,0.4067
18.812,-2.0663,-1.2587,-0.0617,6.2954,1.2639,1.2453,-0.2728,0.0000,0.4067
18.816,-2.0474,-1.2397,-0.0619,6.3187,1.2871,1.2639,-0.2728,0.0000,0.4067
18.820,-1.9958,-1.2231,-0.0622,6.3748,1.3077,1.2871,-0.2163,0.0000,0.4067
18.824,-1.9804,-1.2077,-0.0624,6.3942,1.3271,1.3077,-0.2163,0.0000,0.4067
18.827,-1.9670,-1.1943,-0.0627,6.4112,1.3441,1.3271,-0.2163,0.0000,0.4067
18.831,-1.9519,-1.1792,-0.0629,6.4308,1.3637,1.3441,-0.2163,0.0000,0.4067
18.835,-1.9368,-1.1641,-0.0631,6.4506,1.3835,1.3637,-0.2163,0.0000,0.4067
18.838,-1.8710,-1.1509,-0.0633,6.5027,1.4011,1.3835,-0.1520,0.0000,0.4067
18.843,-1.8510,-1.1310,-0.0635,6.5300,1.4284,1.4011,-0.1520,0.0000,0.4067
18.851,-1.8202,-1.1001,-0.0637,6.5741,1.4725,1.4284,-0.1520,0.0000,0.4067
18.855,-1.8046,-1.0845,-0.0641,6.5966,1.4950,1.4725,-0.1520,0.0000,0.4067
18.858,-1.7249,-1.0707,-0.0644,6.6502,1.5152,1.4950,-0.0810,0.0000,0.4067
18.862,-1.7092,-1.0550,-0.0645,6.6738,1.5388,1.5152,-0.0810,0.0000,0.4067
18.866,-1.6944,-1.0402,-0.0647,6.6964,1.5614,1.5388,-0.0810,0.0000,0.4067
18.871,-1.6782,-1.0241,-0.0649,6.7215,1.5866,1.5614,-0.0810,0.0000,0.4067
18.876,-1.6582,-1.0041,-0.0651,6.7534,1.6185,1.5866,-0.0810,0.0000,0.4067
18.882,-1.5569,-0.9827,-0.0654,6.8208,1.6536,1.6185,-0.0182,0.0000,0.4067
18.886,-1.5404,-0.9662,-0.0656,6.8488,1.6816,1.6536,-0.0182,0.0000,0.4067
18.890,-1.5253,-0.9511,-0.0658,6.8750,1.7078,1.6816,-0.0182,0.0000,0.4067
18.894,-1.5114,-0.9373,-0.0660,6.8997,1.7325,1.7078,-0.0182,0.0000,0.4067
18.900,-1.1562,-0.9150,-0.0662,6.9828,1.7738,1.7325,0.0464,0.0000,0.4067
18.904,-1.1417,-0.9005,-0.0664,7.0103,1.8013,1.7738,0.0464,0.0000,0.4067
18.908,-1.1301,-0.8889,-0.0666,7.0327,1.8237,1.8013,0.0464,0.0000,0.4067
18.911,-1.1181,-0.8769,-0.0667,7.0565,1.8475,1.8237,0.0464,0.0000,0.4067
18.915,-1.1047,-0.8635,-0.0669,7.0838,1.8748,1.8475,0.0464,0.0000,0.4067
18.918,-0.7746,-0.8522,-0.0670,7.1460,1.8983,1.8748,0.1144,0.0000,0.4067
18.922,-0.7611,-0.8387,-0.0671,7.1747,1.9270,1.8983,0.1144,0.0000,0.4067
18.926,-0.7491,-0.8268,-0.0673,7.2008,1.9531,1.9270,0.1144,0.0000,0.4067
18.930,-0.7366,-0.8142,-0.0674,7.2288,1.9811,1.9531,0.1144,0.0000,0.4067
18.933,-0.7251,-0.8027,-0.0676,7.2549,2.0072,1.9811,0.1144,0.0000,0.4067
18.937,-0.7142,-0.7918,-0.0677,7.2803,2.0326,2.0072,0.1144,0.0000,0.4067
18.940,-0.3988,-0.7809,-0.0678,7.3417,2.0590,2.0326,0.1623,0.0000,0.4067
18.944,-0.3858,-0.7679,-0.0679,7.3739,2.0912,2.0590,0.1623,0.0000,0.4067
18.949,-0.3707,-0.7528,-0.0680,7.4129,2.1302,2.0912,0.1623,0.0000,0.4067
18.956,-0.3494,-0.7315,-0.0682,7.4709,2.1881,2.1302,0.1623,0.0000,0.4067
18.959,-0.0443,-0.7212,-0.0684,7.5304,2.2167,2.1881,0.2079,0.0000,0.4067
18.964,-0.0316,-0.7085,-0.0685,7.5669,2.2533,2.2167,0.2079,0.0000,0.4067
18.967,-0.0213,-0.6982,-0.0686,7.5971,2.2834,2.2533,0.2079,0.0000,0.4067
18.970,-0.0118,-0.6887,-0.0687,7.6260,2.3123,2.2834,0.2079,0.0000,0.4067
18.974,-0.0019,-0.6788,-0.0688,7.6568,2.3432,2.3123,0.2079,0.0000,0.4067
18.977,0.0072,-0.6697,-0.0689,7.6856,2.3719,2.3432,0.2079,0.0000,0.4067
18.981,0.3005,-0.6594,-0.0690,7.7455,2.4058,2.3719,0.2575,0.0000,0.4067
18.985,0.3120,-0.6478,-0.0691,7.7844,2.4447,2.4058,0.2575,0.0000,0.4067
18.989,0.3248,-0.6351,-0.0692,7.8293,2.4896,2.4447,0.2575,0.0000,0.4067
18.994,0.3364,-0.6234,-0.0693,7.8717,2.5321,2.4896,0.2575,0.0000,0.4067
18.997,0.3465,-0.6133,-0.0694,7.9097,2.5701,2.5321,0.2575,0.0000,0.4067
19.001,0.6296,-0.6040,-0.0695,7.9666,2.6064,2.5701,0.3109,0.0000,0.4067
19.005,0.6403,-0.5933,-0.0696,8.0098,2.6496,2.6064,0.3109,0.0000,0.4067
19.008,0.6489,-0.5847,-0.0696,8.0452,2.6850,2.6496,0.3109,0.0000,0.4067
19.012,0.6570,-0.5765,-0.0697,8.0801,2.7198,2.6850,0.3109,0.0000,0.4067
19.015,0.6663,-0.5672,-0.0698,8.1210,2.7608,2.7198,0.3109,0.0000,0.4067
19.019,0.9394,-0.5582,-0.0699,8.1759,2.8017,2.7608,0.3663,0.0000,0.4067
19.023,0.9494,-0.5482,-0.0699,8.2231,2.8489,2.8017,0.3663,0.0000,0.4067
19.028,0.9605,-0.5371,-0.0700,8.2776,2.9034,2.8489,0.3663,0.0000,0.4067
19.032,0.9714,-0.5262,-0.0701,8.3333,2.9591,2.9034,0.3663,0.0000,0.4067
19.036,0.9797,-0.5180,-0.0702,8.3765,3.0024,2.9591,0.3663,0.0000,0.4067
19.040,1.2408,-0.5092,-0.0702,8.4308,3.0502,3.0024,0.4220,0.0000,0.4067
19.044,1.2498,-0.5002,-0.0703,8.4822,3.1017,3.0502,0.4220,0.0000,0.4067
19.048,1.2594,-0.4907,-0.0704,8.5386,3.1581,3.1017,0.4220,0.0000,0.4067
19.056,1.2764,-0.4737,-0.0704,8.6471,3.2666,3.1581,0.4220,0.0000,0.4067
19.063,1.5359,-0.4583,-0.0705,8.7506,3.3718,3.2666,0.4766,0.0000,0.4067
19.067,1.5454,-0.4488,-0.0706,8.8179,3.4391,3.3718,0.4766,0.0000,0.4067
19.071,1.5532,-0.4410,-0.0707,8.8758,3.4970,3.4391,0.4766,0.0000,0.4067
19.075,1.5603,-0.4339,-0.0708,8.9293,3.5504,3.4970,0.4766,0.0000,0.4067
19.078,1.8061,-0.4272,-0.0708,8.9726,3.6037,3.5504,0.5304,0.0000,0.4067
19.082,1.8147,-0.4185,-0.0708,9.0316,3.6627,3.6037,0.5304,0.0000,0.4067
19.086,1.8209,-0.4123,-0.0709,9.0671,3.6983,3.6627,0.5304,0.0000,0.4067
19.089,1.8269,-0.4063,-0.0709,9.0952,3.7263,3.6983,0.5304,0.0000,0.4067
19.093,1.8338,-0.3994,-0.0710,9.1186,3.7497,3.7263,0.5304,0.0000,0.4067
19.097,1.8413,-0.3919,-0.0710,9.1334,3.7646,3.7497,0.5304,0.0000,0.4067
19.100,2.0738,-0.3851,-0.0710,9.1190,3.7689,3.7646,0.5827,0.0000,0.4067
19.104,2.0808,-0.3782,-0.0711,9.1138,3.7637,3.7689,0.5827,0.0000,0.4067
19.108,2.0876,-0.3714,-0.0711,9.0989,3.7488,3.7637,0.5827,0.0000,0.4067
19.112,2.0948,-0.3641,-0.0712,9.0715,3.7214,3.7488,0.5827,0.0000,0.4067
19.117,2.1023,-0.3566,-0.0712,9.0305,3.6804,3.7214,0.5827,0.0000,0.4067
19.120,2.3290,-0.3509,-0.0712,8.9636,3.6409,3.6804,0.6446,0.0000,0.4067
19.125,2.3366,-0.3432,-0.0713,8.8970,3.5743,3.6409,0.6446,0.0000,0.4067
19.128,2.3424,-0.3375,-0.0713,8.8381,3.5154,3.5743,0.6446,0.0000,0.4067
19.132,2.3491,-0.3308,-0.0713,8.7700,3.4473,3.5154,0.6446,0.0000,0.4067
19.136,2.3549,-0.3250,-0.0713,8.7121,3.3894,3.4473,0.6446,0.0000,0.4067
19.140,2.5739,-0.3193,-0.0714,8.6207,3.3339,3.3894,0.7069,0.0000,0.4067
19.144,2.5801,-0.3131,-0.0714,8.5611,3.2743,3.3339,0.7069,0.0000,0.4067
19.148,2.5857,-0.3075,-0.0714,8.5075,3.2207,3.2743,0.7069,0.0000,0.4067
19.151,2.5907,-0.3025,-0.0714,8.4615,3.1746,3.2207,0.7069,0.0000,0.4067
19.154,2.5954,-0.2978,-0.0715,8.4182,3.1314,3.1746,0.7069,0.0000,0.4067
19.157,2.6000,-0.2933,-0.0715,8.3773,3.0905,3.1314,0.7069,0.0000,0.4067
19.162,2.8125,-0.2870,-0.0715,8.2775,3.0348,3.0905,0.7709,0.0000,0.4067
19.170,2.8240,-0.2755,-0.0715,8.1805,2.9378,3.0348,0.7709,0.0000,0.4067
19.175,2.8301,-0.2694,-0.0715,8.1305,2.8878,2.9378,0.7709,0.0000,0.4067
19.180,3.0391,-0.2624,-0.0716,8.0227,2.8319,2.8878,0.8319,0.0000,0.4067
19.186,3.0463,-0.2552,-0.0716,7.9675,2.7768,2.8319,0.8319,0.0000,0.4067
19.189,3.0503,-0.2511,-0.0716,7.9371,2.7463,2.7768,0.8319,0.0000,0.4067
19.193,3.0547,-0.2468,-0.0716,7.9052,2.7145,2.7463,0.8319,0.0000,0.4067
19.197,3.0596,-0.2419,-0.0716,7.8704,2.6797,2.7145,0.8319,0.0000,0.4067
19.200,3.2574,-0.2377,-0.0716,7.7822,2.6509,2.6797,0.8875,0.0000,0.4067
19.207,3.2651,-0.2300,-0.0716,7.7316,2.6002,2.6509,0.8875,0.0000,0.4067
19.211,3.2692,-0.2258,-0.0716,7.7051,2.5738,2.6002,0.8875,0.0000,0.4067
19.215,3.2746,-0.2205,-0.0716,7.6724,2.5410,2.5738,0.8875,0.0000,0.4067
19.219,3.4664,-0.2164,-0.0716,7.5822,2.5172,2.5410,0.9477,0.0000,0.4067
19.223,3.4710,-0.2118,-0.0717,7.5562,2.4913,2.5172,0.9477,0.0000,0.4067
19.227,3.4751,-0.2077,-0.0717,7.5340,2.4690,2.4913,0.9477,0.0000,0.4067
19.232,3.4795,-0.2033,-0.0717,7.5111,2.4461,2.4690,0.9477,0.0000,0.4067
19.236,3.4836,-0.1992,-0.0717,7.4911,2.4261,2.4461,0.9477,0.0000,0.4067
19.239,3.6518,-0.1956,-0.0717,7.4014,2.4092,2.4261,0.9966,0.0000,0.4067
19.244,3.6562,-0.1912,-0.0717,7.3820,2.3898,2.4092,0.9966,0.0000,0.4067
19.248,3.6603,-0.1871,-0.0717,7.3652,2.3731,2.3898,0.9966,0.0000,0.4067
19.252,3.6636,-0.1838,-0.0717,7.3524,2.3602,2.3731,0.9966,0.0000,0.4067
19.255,3.6667,-0.1807,-0.0716,7.3409,2.3487,2.3602,0.9966,0.0000,0.4067
19.258,3.8092,-0.1778,-0.0716,7.2524,2.3387,2.3487,1.0373,0.0000,0.4067
19.262,3.8127,-0.1743,-0.0716,7.2413,2.3276,2.3387,1.0373,0.0000,0.4067
19.267,3.8169,-0.1701,-0.0716,7.2294,2.3157,2.3276,1.0373,0.0000,0.4067
19.274,3.8229,-0.1641,-0.0716,7.2156,2.3018,2.3157,1.0373,0.0000,0.4067
19.277,3.8257,-0.1613,-0.0716,7.2098,2.2961,2.3018,1.0373,0.0000,0.4067
19.281,3.9454,-0.1584,-0.0716,7.1211,2.2908,2.2961,1.0705,0.0000,0.4067
19.285,3.9486,-0.1552,-0.0716,7.1164,2.2861,2.2908,1.0705,0.0000,0.4067
19.288,3.9512,-0.1525,-0.0716,7.1133,2.2830,2.2861,1.0705,0.0000,0.4067
19.298,4.0551,-0.1447,-0.0716,7.0228,2.2801,2.2830,1.0956,0.0000,0.4067
19.306,4.0609,-0.1388,-0.0716,7.0248,2.2821,2.2801,1.0956,0.0000,0.4067
19.317,4.0687,-0.1311,-0.0715,7.0352,2.2926,2.2821,1.0956,0.0000,0.4067
19.322,4.1490,-0.1279,-0.0715,6.9500,2.2984,2.2926,1.1130,0.0000,0.4067
19.327,4.1523,-0.1245,-0.0715,6.9580,2.3063,2.2984,1.1130,0.0000,0.4067
19.334,4.1570,-0.1199,-0.0715,6.9725,2.3209,2.3063,1.1130,0.0000,0.4067
19.339,4.2197,-0.1171,-0.0714,6.8888,2.3309,2.3209,1.1226,0.0000,0.4067
19.343,4.2220,-0.1148,-0.0714,6.8981,2.3401,2.3309,1.1226,0.0000,0.4067
19.347,4.2243,-0.1125,-0.0714,6.9085,2.3506,2.3401,1.1226,0.0000,0.4067
19.350,4.2264,-0.1104,-0.0714,6.9191,2.3611,2.3506,1.1226,0.0000,0.4067
19.356,4.2299,-0.1069,-0.0714,6.9389,2.3810,2.3611,1.1226,0.0000,0.4067
19.360,4.2761,-0.1050,-0.0714,6.8551,2.3926,2.3810,1.1245,0.0000,0.4067
19.364,4.2784,-0.1027,-0.0713,6.8704,2.4079,2.3926,1.1245,0.0000,0.4067
19.367,4.2802,-0.1009,-0.0713,6.8835,2.4210,2.4079,1.1245,0.0000,0.4067
19.372,4.2825,-0.0985,-0.0713,6.9015,2.4391,2.4210,1.1245,0.0000,0.4067
19.380,4.3169,-0.0945,-0.0713,6.8414,2.4750,2.4391,1.1489,0.0000,0.4067
19.384,4.3190,-0.0924,-0.0712,6.8618,2.4955,2.4750,1.1489,0.0000,0.4067
19.387,4.3206,-0.0907,-0.0712,6.8782,2.5119,2.4955,1.1489,0.0000,0.4067
19.391,4.3222,-0.0892,-0.0712,6.8948,2.5284,2.5119,1.1489,0.0000,0.4067
19.394,4.3238,-0.0876,-0.0712,6.9122,2.5459,2.5284,1.1489,0.0000,0.4067
19.398,4.3255,-0.0859,-0.0712,6.9325,2.5661,2.5459,1.1489,0.0000,0.4067
19.401,4.3445,-0.0844,-0.0712,6.8550,2.5847,2.5661,1.1721,0.0000,0.4067
19.405,4.3462,-0.0827,-0.0711,6.8771,2.6067,2.5847,1.1721,0.0000,0.4067
19.409,4.3479,-0.0810,-0.0711,6.8997,2.6294,2.6067,1.1721,0.0000,0.4067
19.413,4.3497,-0.0792,-0.0711,6.9257,2.6554,2.6294,1.1721,0.0000,0.4067
19.417,4.3514,-0.0775,-0.0711,6.9518,2.6815,2.6554,1.1721,0.0000,0.4067
19.421,4.3585,-0.0761,-0.0711,6.8780,2.7042,2.6815,1.1027,0.0000,0.4067
19.426,4.3605,-0.0741,-0.0710,6.9114,2.7376,2.7042,1.1027,0.0000,0.4067
19.430,4.3622,-0.0724,-0.0710,6.9424,2.7687,2.7376,1.1027,0.0000,0.4067
19.434,4.3637,-0.0709,-0.0710,6.9694,2.7956,2.7687,1.1027,0.0000,0.4067
19.437,4.3649,-0.0697,-0.0710,6.9938,2.8201,2.7956,1.1027,0.0000,0.4067
19.441,4.3613,-0.0684,-0.0709,6.9220,2.8454,2.8201,0.9452,0.0000,0.4067
19.445,4.3627,-0.0670,-0.0709,6.9516,2.8750,2.8454,0.9452,0.0000,0.4067
19.448,4.3641,-0.0656,-0.0709,6.9821,2.9055,2.8750,0.9452,0.0000,0.4067
19.452,4.3653,-0.0645,-0.0709,7.0078,2.9312,2.9055,0.9452,0.0000,0.4067
19.455,4.3665,-0.0632,-0.0709,7.0363,2.9597,2.9312,0.9452,0.0000,0.4067
19.459,4.3537,-0.0621,-0.0708,6.9713,2.9872,2.9597,0.8963,0.0000,0.4067
19.463,4.3551,-0.0608,-0.0708,7.0060,3.0219,2.9872,0.8963,0.0000,0.4067
19.466,4.3562,-0.0596,-0.0708,7.0361,3.0520,3.0219,0.8963,0.0000,0.4067
19.470,4.3573,-0.0585,-0.0708,7.0656,3.0815,3.0520,0.8963,0.0000,0.4067
19.474,4.3587,-0.0571,-0.0708,7.1051,3.1210,3.0815,0.8963,0.0000,0.4067
19.482,4.3390,-0.0548,-0.0707,7.0919,3.1941,3.1210,0.9469,0.0000,0.4067
19.488,4.3409,-0.0529,-0.0707,7.1536,3.2558,3.1941,0.9469,0.0000,0.4067
19.494,4.3424,-0.0514,-0.0706,7.2054,3.3076,3.2558,0.9469,0.0000,0.4067
19.498,4.3435,-0.0503,-0.0706,7.2444,3.3465,3.3076,0.9469,0.0000,0.4067
19.503,4.3150,-0.0490,-0.0706,7.2062,3.3951,3.3465,0.8919,0.0000,0.4067
19.510,4.3170,-0.0470,-0.0705,7.2835,3.4724,3.3951,0.8919,0.0000,0.4067
19.514,4.3180,-0.0460,-0.0705,7.3254,3.5142,3.4724,0.8919,0.0000,0.4067
19.518,4.3189,-0.0451,-0.0704,7.3633,3.5521,3.5142,0.8919,0.0000,0.4067
19.521,4.2832,-0.0443,-0.0704,7.3126,3.5889,3.5521,0.7429,0.0000,0.4067
19.525,4.2842,-0.0432,-0.0704,7.3605,3.6368,3.5889,0.7429,0.0000,0.4067
19.529,4.2852,-0.0423,-0.0703,7.4032,3.6794,3.6368,0.7429,0.0000,0.4067
19.534,4.2863,-0.0412,-0.0703,7.4582,3.7344,3.6794,0.7429,0.0000,0.4067
19.538,4.2871,-0.0404,-0.0703,7.4983,3.7746,3.7344,0.7429,0.0000,0.4067
19.541,4.2456,-0.0396,-0.0702,7.4647,3.8140,3.7746,0.7779,0.0000,0.4067
19.546,4.2465,-0.0387,-0.0702,7.5127,3.8620,3.8140,0.7779,0.0000,0.4067
19.549,4.2473,-0.0379,-0.0702,7.5572,3.9065,3.8620,0.7779,0.0000,0.4067
19.553,4.2481,-0.0371,-0.0701,7.5998,3.9491,3.9065,0.7779,0.0000,0.4067
19.556,4.2487,-0.0365,-0.0701,7.6371,3.9864,3.9491,0.7779,0.0000,0.4067
19.560,4.2018,-0.0359,-0.0701,7.6010,4.0248,3.9864,0.7159,0.0000,0.4067
19.565,4.2028,-0.0348,-0.0701,7.6647,4.0885,4.0248,0.7159,0.0000,0.4067
19.568,4.2035,-0.0342,-0.0700,7.7078,4.1316,4.0885,0.7159,0.0000,0.4067
19.572,4.2041,-0.0335,-0.0700,7.7483,4.1721,4.1316,0.7159,0.0000,0.4067
19.575,4.2047,-0.0329,-0.0700,7.7878,4.2116,4.1721,0.7159,0.0000,0.4067
19.578,4.1532,-0.0323,-0.0699,7.7598,4.2539,4.2116,0.6476,0.0000,0.4067
19.584,4.1541,-0.0314,-0.0699,7.8271,4.3212,4.2539,0.6476,0.0000,0.4067
19.591,4.1553,-0.0302,-0.0699,7.9146,4.4087,4.3212,0.6476,0.0000,0.4067
19.595,4.1560,-0.0295,-0.0698,7.9694,4.4635,4.4087,0.6476,0.0000,0.4067
19.599,4.1003,-0.0289,-0.0698,7.9465,4.5140,4.4635,0.4894,0.0000,0.4067
19.603,4.1009,-0.0282,-0.0697,7.9973,4.5648,4.5140,0.4894,0.0000,0.4067
19.606,4.1014,-0.0277,-0.0697,8.0400,4.6074,4.5648,0.4894,0.0000,0.4067
19.610,4.1019,-0.0272,-0.0697,8.0834,4.6509,4.6074,0.4894,0.0000,0.4067
19.614,4.1026,-0.0266,-0.0697,8.1371,4.7046,4.6509,0.4894,0.0000,0.4067
19.617,4.1031,-0.0261,-0.0696,8.1814,4.7489,4.7046,0.4894,0.0000,0.4067
19.620,4.0440,-0.0256,-0.0696,8.1707,4.7908,4.7489,0.5038,0.0000,0.4067
19.624,4.0446,-0.0251,-0.0696,8.2250,4.8452,4.7908,0.5038,0.0000,0.4067
19.629,4.0452,-0.0244,-0.0695,8.2827,4.9029,4.8452,0.5038,0.0000,0.4067
19.633,4.0457,-0.0239,-0.0695,8.3361,4.9563,4.9029,0.5038,0.0000,0.4067
19.637,4.0463,-0.0233,-0.0695,8.3938,5.0139,4.9563,0.5038,0.0000,0.4067
19.642,3.9840,-0.0227,-0.0694,8.3937,5.0766,5.0139,0.3700,0.0000,0.4067
19.646,3.9846,-0.0222,-0.0694,8.4486,5.1315,5.0766,0.3700,0.0000,0.4067
19.650,3.9850,-0.0218,-0.0694,8.4967,5.1795,5.1315,0.3700,0.0000,0.4067
19.653,3.9854,-0.0214,-0.0693,8.5422,5.2251,5.1795,0.3700,0.0000,0.4067
19.660,3.9211,-0.0206,-0.0693,8.5821,5.3127,5.2251,0.3333,0.0000,0.4067
19.664,3.9216,-0.0201,-0.0693,8.6429,5.3734,5.3127,0.3333,0.0000,0.4067
19.668,3.9220,-0.0197,-0.0692,8.6899,5.4205,5.3734,0.3333,0.0000,0.4067
19.671,3.9224,-0.0193,-0.0692,8.7379,5.4684,5.4205,0.3333,0.0000,0.4067
19.675,3.9228,-0.0189,-0.0692,8.7856,5.5161,5.4684,0.3333,0.0000,0.4067
19.679,3.8562,-0.0185,-0.0692,8.8036,5.5664,5.5161,0.3889,0.0000,0.4067
19.684,3.8567,-0.0180,-0.0691,8.8666,5.6294,5.5664,0.3889,0.0000,0.4067
19.689,3.8572,-0.0175,-0.0691,8.9391,5.7019,5.6294,0.3889,0.0000,0.4067
19.698,3.8580,-0.0166,-0.0691,9.0515,5.8143,5.7019,0.3889,0.0000,0.4067
19.702,3.7895,-0.0162,-0.0690,9.0674,5.8693,5.8143,0.3465,0.0000,0.4067
19.706,3.7899,-0.0159,-0.0690,9.1212,5.9230,5.8693,0.3465,0.0000,0.4067
19.710,3.7902,-0.0155,-0.0689,9.1682,5.9700,5.9230,0.3465,0.0000,0.4067
19.713,3.7905,-0.0152,-0.0689,9.2130,6.0149,5.9700,0.3465,0.0000,0.4067
19.717,3.7908,-0.0149,-0.0689,9.2610,6.0628,6.0149,0.3465,0.0000,0.4067
19.721,3.7209,-0.0145,-0.0689,9.2810,6.1168,6.0628,0.3046,0.0000,0.4067
19.726,3.7212,-0.0142,-0.0688,9.3347,6.1704,6.1168,0.3046,0.0000,0.4067
19.730,3.7216,-0.0139,-0.0688,9.3850,6.2207,6.1704,0.3046,0.0000,0.4067
19.735,3.7219,-0.0135,-0.0688,9.4443,6.2801,6.2207,0.3046,0.0000,0.4067
19.739,3.6508,-0.0132,-0.0687,9.4645,6.3288,6.2801,0.2652,0.0000,0.4067
19.743,3.6512,-0.0129,-0.0687,9.5139,6.3782,6.3288,0.2652,0.0000,0.4067
19.747,3.6514,-0.0126,-0.0687,9.5562,6.4205,6.3782,0.2652,0.0000,0.4067
19.750,3.6517,-0.0124,-0.0687,9.5967,6.4611,6.4205,0.2652,0.0000,0.4067
19.754,3.6519,-0.0121,-0.0686,9.6331,6.4975,6.4611,0.2652,0.0000,0.4067
19.757,3.6521,-0.0119,-0.0686,9.6684,6.5327,6.4975,0.2652,0.0000,0.4067
19.760,3.5805,-0.0117,-0.0686,9.6882,6.5680,6.5327,0.2859,0.0000,0.4067
19.765,3.5808,-0.0114,-0.0686,9.7469,6.6267,6.5680,0.2859,0.0000,0.4067
19.769,3.5811,-0.0111,-0.0685,9.7884,6.6682,6.6267,0.2859,0.0000,0.4067
19.773,3.5813,-0.0109,-0.0685,9.8246,6.7044,6.6682,0.2859,0.0000,0.4067
19.776,3.5815,-0.0107,-0.0685,9.8580,6.7378,6.7044,0.2859,0.0000,0.4067
19.780,3.5093,-0.0105,-0.0685,9.8839,6.7761,6.7378,0.3000,0.0000,0.4067
19.784,3.5096,-0.0102,-0.0684,9.9266,6.8187,6.7761,0.3000,0.0000,0.4067
19.789,3.5099,-0.0100,-0.0684,9.9707,6.8629,6.8187,0.3000,0.0000,0.4067
19.793,3.5101,-0.0097,-0.0684,10.0033,6.8955,6.8629,0.3000,0.0000,0.4067
19.798,3.5104,-0.0095,-0.0684,10.0336,6.9257,6.8955,0.3000,0.0000,0.4067
19.803,3.4375,-0.0092,-0.0683,10.0343,6.9491,6.9257,0.2167,0.0000,0.4067
19.811,3.4379,-0.0088,-0.0683,10.0549,6.9697,6.9491,0.2167,0.0000,0.4067
19.818,3.3652,-0.0084,-0.0682,10.0404,6.9738,6.9697,0.1336,0.0000,0.4067
19.822,3.3653,-0.0082,-0.0682,10.0386,6.9720,6.9738,0.1336,0.0000,0.4067
19.825,3.3655,-0.0081,-0.0682,10.0349,6.9683,6.9720,0.1336,0.0000,0.4067
19.830,3.3657,-0.0078,-0.0681,10.0234,6.9568,6.9683,0.1336,0.0000,0.4067
19.834,3.3659,-0.0077,-0.0681,10.0099,6.9433,6.9568,0.1336,0.0000,0.4067
19.838,3.2932,-0.0075,-0.0681,9.9820,6.9303,6.9433,0.0499,0.0000,0.4067
19.842,3.2933,-0.0073,-0.0681,9.9682,6.9165,6.9303,0.0499,0.0000,0.4067
19.846,3.2935,-0.0072,-0.0680,9.9578,6.9062,6.9165,0.0499,0.0000,0.4067
19.849,3.2936,-0.0070,-0.0680,9.9484,6.8967,6.9062,0.0499,0.0000,0.4067
19.853,3.2938,-0.0069,-0.0680,9.9408,6.8891,6.8967,0.0499,0.0000,0.4067
19.856,3.2939,-0.0068,-0.0680,9.9343,6.8826,6.8891,0.0499,0.0000,0.4067
19.860,3.2215,-0.0066,-0.0680,9.9144,6.8755,6.8826,-0.0454,0.0000,0.4067
19.865,3.2216,-0.0064,-0.0679,9.9079,6.8690,6.8755,-0.0454,0.0000,0.4067
19.868,3.2218,-0.0063,-0.0679,9.9041,6.8652,6.8690,-0.0454,0.0000,0.4067
19.871,3.2219,-0.0062,-0.0679,9.9011,6.8622,6.8652,-0.0454,0.0000,0.4067
19.875,3.2220,-0.0061,-0.0679,9.8987,6.8598,6.8622,-0.0454,0.0000,0.4067
19.878,3.1501,-0.0060,-0.0678,9.8876,6.8581,6.8598,-0.1435,0.0000,0.4067
19.882,3.1503,-0.0058,-0.0678,9.8865,6.8570,6.8581,-0.1435,0.0000,0.4067
19.886,3.1504,-0.0057,-0.0678,9.8863,6.8567,6.8570,-0.1435,0.0000,0.4067
19.889,3.1505,-0.0056,-0.0678,9.8866,6.8570,6.8567,-0.1435,0.0000,0.4067
19.893,3.1506,-0.0055,-0.0678,9.8877,6.8582,6.8570,-0.1435,0.0000,0.4067
19.897,3.1507,-0.0054,-0.0677,9.8894,6.8599,6.8582,-0.1435,0.0000,0.4067
19.900,3.0796,-0.0053,-0.0677,9.8855,6.8619,6.8599,-0.2422,0.0000,0.4067
19.904,3.0797,-0.0051,-0.0677,9.8884,6.8648,6.8619,-0.2422,0.0000,0.4067
19.908,3.0798,-0.0050,-0.0677,9.8914,6.8678,6.8648,-0.2422,0.0000,0.4067
19.912,3.0799,-0.0049,-0.0677,9.8957,6.8721,6.8678,-0.2422,0.0000,0.4067
19.919,3.0103,-0.0047,-0.0676,9.9109,6.8806,6.8721,-0.2295,0.0000,0.4067
19.924,3.0105,-0.0046,-0.0676,9.9173,6.8870,6.8806,-0.2295,0.0000,0.4067
19.928,3.0106,-0.0045,-0.0676,9.9220,6.8916,6.8870,-0.2295,0.0000,0.4067
19.932,3.0106,-0.0044,-0.0675,9.9273,6.8969,6.8916,-0.2295,0.0000,0.4067
19.935,3.0107,-0.0043,-0.0675,9.9322,6.9018,6.8969,-0.2295,0.0000,0.4067
19.940,2.9420,-0.0042,-0.0675,9.9475,6.9087,6.9018,-0.2131,0.0000,0.4067
19.945,2.9422,-0.0041,-0.0675,9.9551,6.9164,6.9087,-0.2131,0.0000,0.4067
19.949,2.9423,-0.0040,-0.0675,9.9611,6.9224,6.9164,-0.2131,0.0000,0.4067
19.953,2.9424,-0.0039,-0.0674,9.9674,6.9286,6.9224,-0.2131,0.0000,0.4067
19.957,2.9424,-0.0038,-0.0674,9.9725,6.9337,6.9286,-0.2131,0.0000,0.4067
19.960,2.8748,-0.0037,-0.0674,9.9863,6.9384,6.9337,-0.2060,0.0000,0.4067
19.964,2.8748,-0.0036,-0.0674,9.9922,6.9443,6.9384,-0.2060,0.0000,0.4067
19.971,2.8750,-0.0035,-0.0673,10.0011,6.9532,6.9443,-0.2060,0.0000,0.4067
19.975,2.8751,-0.0034,-0.0673,10.0058,6.9579,6.9532,-0.2060,0.0000,0.4067
19.978,2.8086,-0.0034,-0.0673,10.0229,6.9617,6.9579,-0.1365,0.0000,0.4067
19.983,2.8087,-0.0033,-0.0673,10.0281,6.9669,6.9617,-0.1365,0.0000,0.4067
19.988,2.8088,-0.0032,-0.0672,10.0325,6.9713,6.9669,-0.1365,0.0000,0.4067
19.991,2.8089,-0.0031,-0.0672,10.0357,6.9745,6.9713,-0.1365,0.0000,0.4067
19.995,2.8089,-0.0030,-0.0672,10.0385,6.9773,6.9745,-0.1365,0.0000,0.4067
19.999,2.7437,-0.0030,-0.0672,10.0526,6.9797,6.9773,-0.1313,0.0000,0.4067
20.004,2.7438,-0.0029,-0.0672,10.0547,6.9818,6.9797,-0.1313,0.0000,0.4067
20.008,2.7438,-0.0028,-0.0671,10.0560,6.9831,6.9818,-0.1313,0.0000,0.4067
20.013,2.7439,-0.0027,-0.0671,10.0566,6.9837,6.9831,-0.1313,0.0000,0.4067
20.020,2.6801,-0.0026,-0.0671,10.0682,6.9824,6.9837,-0.1309,0.0000,0.4067
20.031,2.6802,-0.0025,-0.0671,10.0614,6.9756,6.9824,-0.1309,0.0000,0.4067
20.036,2.6803,-0.0024,-0.0670,10.0574,6.9716,6.9756,-0.1309,0.0000,0.4067
20.040,2.6174,-0.0023,-0.0670,10.0676,6.9671,6.9716,-0.0524,0.0000,0.4067
20.045,2.6175,-0.0023,-0.0670,10.0614,6.9608,6.9671,-0.0524,0.0000,0.4067
20.049,2.6175,-0.0022,-0.0669,10.0545,6.9539,6.9608,-0.0524,0.0000,0.4067
20.053,2.6176,-0.0022,-0.0669,10.0480,6.9475,6.9539,-0.0524,0.0000,0.4067
20.057,2.6176,-0.0021,-0.0669,10.0418,6.9413,6.9475,-0.0524,0.0000,0.4067
20.060,2.5563,-0.0021,-0.0669,10.0507,6.9347,6.9413,-0.0088,0.0000,0.4067
20.066,2.5563,-0.0020,-0.0669,10.0370,6.9210,6.9347,-0.0088,0.0000,0.4067
20.069,2.5564,-0.0020,-0.0668,10.0274,6.9114,6.9210,-0.0088,0.0000,0.4067
20.073,2.5564,-0.0019,-0.0668,10.0180,6.9020,6.9114,-0.0088,0.0000,0.4067
20.076,2.5564,-0.0019,-0.0668,10.0084,6.8924,6.9020,-0.0088,0.0000,0.4067
20.080,2.4980,-0.0019,-0.0668,10.0154,6.8807,6.8924,-0.1324,0.0000,0.4067
20.084,2.4980,-0.0018,-0.0668,10.0020,6.8673,6.8807,-0.1324,0.0000,0.4067
20.090,2.4981,-0.0017,-0.0667,9.9782,6.8435,6.8673,-0.1324,0.0000,0.4067
20.101,2.4404,-0.0016,-0.0667,9.9520,6.7980,6.8435,-0.1732,0.0000,0.4067
20.107,2.4405,-0.0016,-0.0667,9.9219,6.7679,6.7980,-0.1732,0.0000,0.4067
20.111,2.4405,-0.0015,-0.0666,9.9051,6.7511,6.7679,-0.1732,0.0000,0.4067
20.115,2.4405,-0.0015,-0.0666,9.8860,6.7320,6.7511,-0.1732,0.0000,0.4067
20.122,2.3843,-0.0014,-0.0666,9.8680,6.6929,6.7320,-0.2149,0.0000,0.4067
20.132,2.3844,-0.0014,-0.0666,9.8083,6.6332,6.6929,-0.2149,0.0000,0.4067
20.135,2.3844,-0.0013,-0.0665,9.7874,6.6123,6.6332,-0.2149,0.0000,0.4067
20.139,2.3298,-0.0013,-0.0665,9.7905,6.5919,6.6123,-0.2744,0.0000,0.4067
20.143,2.3298,-0.0013,-0.0665,9.7649,6.5663,6.5919,-0.2744,0.0000,0.4067
20.146,2.3299,-0.0013,-0.0665,9.7405,6.5419,6.5663,-0.2744,0.0000,0.4067
20.150,2.3299,-0.0012,-0.0665,9.7169,6.5183,6.5419,-0.2744,0.0000,0.4067
20.153,2.3299,-0.0012,-0.0664,9.6947,6.4961,6.5183,-0.2744,0.0000,0.4067
20.157,2.3299,-0.0012,-0.0664,9.6649,6.4663,6.4961,-0.2744,0.0000,0.4067
20.161,2.2766,-0.0012,-0.0664,9.6642,6.4407,6.4663,-0.3225,0.0000,0.4067
20.166,2.2767,-0.0011,-0.0664,9.6312,6.4078,6.4407,-0.3225,0.0000,0.4067
20.169,2.2767,-0.0011,-0.0664,9.6064,6.3829,6.4078,-0.3225,0.0000,0.4067
20.172,2.2767,-0.0011,-0.0664,9.5800,6.3566,6.3829,-0.3225,0.0000,0.4067
20.176,2.2767,-0.0011,-0.0663,9.5523,6.3289,6.3566,-0.3225,0.0000,0.4067
20.179,2.2241,-0.0010,-0.0663,9.5481,6.3006,6.3289,-0.3078,0.0000,0.4067
20.183,2.2241,-0.0010,-0.0663,9.5148,6.2673,6.3006,-0.3078,0.0000,0.4067
20.187,2.2241,-0.0010,-0.0663,9.4860,6.2385,6.2673,-0.3078,0.0000,0.4067
20.191,2.2241,-0.0010,-0.0663,9.4522,6.2047,6.2385,-0.3078,0.0000,0.4067
20.194,2.2241,-0.0010,-0.0663,9.4222,6.1747,6.2047,-0.3078,0.0000,0.4067
20.198,2.1736,-0.0009,-0.0662,9.4178,6.1422,6.1747,-0.3474,0.0000,0.4067
20.202,2.1737,-0.0009,-0.0662,9.3833,6.1078,6.1422,-0.3474,0.0000,0.4067
20.206,2.1737,-0.0009,-0.0662,9.3525,6.0770,6.1078,-0.3474,0.0000,0.4067
20.209,2.1737,-0.0009,-0.0662,9.3229,6.0474,6.0770,-0.3474,0.0000,0.4067
20.212,2.1737,-0.0009,-0.0662,9.2905,6.0150,6.0474,-0.3474,0.0000,0.4067
20.216,2.1737,-0.0008,-0.0662,9.2558,5.9802,6.0150,-0.3474,0.0000,0.4067
20.220,2.1238,-0.0008,-0.0662,9.2428,5.9405,5.9802,-0.3191,0.0000,0.4067
20.224,2.1238,-0.0008,-0.0661,9.2051,5.9028,5.9405,-0.3191,0.0000,0.4067
20.228,2.1238,-0.0008,-0.0661,9.1734,5.8710,5.9028,-0.3191,0.0000,0.4067
20.233,2.1238,-0.0008,-0.0661,9.1238,5.8214,5.8710,-0.3191,0.0000,0.4067
20.240,2.0755,-0.0007,-0.0661,9.0787,5.7476,5.8214,-0.2970,0.0000,0.4067
20.245,2.0755,-0.0007,-0.0661,9.0256,5.6946,5.7476,-0.2970,0.0000,0.4067
20.251,2.0755,-0.0007,-0.0660,8.9706,5.6395,5.6946,-0.2970,0.0000,0.4067
20.254,2.0755,-0.0007,-0.0660,8.9349,5.6038,5.6395,-0.2970,0.0000,0.4067
20.258,2.0755,-0.0007,-0.0660,8.9020,5.5709,5.6038,-0.2970,0.0000,0.4067
20.261,2.0287,-0.0006,-0.0660,8.8993,5.5376,5.5709,-0.2826,0.0000,0.4067
20.265,2.0287,-0.0006,-0.0660,8.8539,5.4922,5.5376,-0.2826,0.0000,0.4067
20.271,2.0288,-0.0006,-0.0660,8.7907,5.4290,5.4922,-0.2826,0.0000,0.4067
20.275,2.0288,-0.0006,-0.0659,8.7539,5.3922,5.4290,-0.2826,0.0000,0.4067
20.278,1.9837,-0.0006,-0.0659,8.7497,5.3550,5.3922,-0.2934,0.0000,0.4067
20.284,1.9837,-0.0006,-0.0659,8.6917,5.2970,5.3550,-0.2934,0.0000,0.4067
20.287,1.9838,-0.0005,-0.0659,8.6544,5.2596,5.2970,-0.2934,0.0000,0.4067
20.291,1.9838,-0.0005,-0.0659,8.6183,5.2236,5.2596,-0.2934,0.0000,0.4067
20.294,1.9838,-0.0005,-0.0659,8.5785,5.1838,5.2236,-0.2934,0.0000,0.4067
20.298,1.9403,-0.0005,-0.0658,8.5690,5.1396,5.1838,-0.3124,0.0000,0.4067
20.303,1.9403,-0.0005,-0.0658,8.5214,5.0920,5.1396,-0.3124,0.0000,0.4067
20.306,1.9403,-0.0005,-0.0658,8.4831,5.0537,5.0920,-0.3124,0.0000,0.4067
20.310,1.9403,-0.0005,-0.0658,8.4429,5.0135,5.0537,-0.3124,0.0000,0.4067
20.314,1.9403,-0.0005,-0.0658,8.4007,4.9713,5.0135,-0.3124,0.0000,0.4067
20.318,1.8982,-0.0005,-0.0658,8.3907,4.9256,4.9713,-0.3280,0.0000,0.4067
20.322,1.8982,-0.0004,-0.0658,8.3490,4.8839,4.9256,-0.3280,0.0000,0.4067
20.326,1.8982,-0.0004,-0.0657,8.3065,4.8415,4.8839,-0.3280,0.0000,0.4067
20.331,1.8982,-0.0004,-0.0657,8.2566,4.7915,4.8415,-0.3280,0.0000,0.4067
20.335,1.8982,-0.0004,-0.0657,8.2120,4.7469,4.7915,-0.3280,0.0000,0.4067
20.338,1.8573,-0.0004,-0.0657,8.2109,4.7097,4.7469,-0.3318,0.0000,0.4067
20.344,1.8573,-0.0004,-0.0657,8.1460,4.6447,4.7097,-0.3318,0.0000,0.4067
20.353,1.8573,-0.0004,-0.0657,8.0474,4.5461,4.6447,-0.3318,0.0000,0.4067
20.357,1.8573,-0.0004,-0.0656,8.0002,4.4989,4.5461,-0.3318,0.0000,0.4067
20.362,1.8181,-0.0003,-0.0656,7.9929,4.4536,4.4989,-0.3580,0.0000,0.4067
20.367,1.8181,-0.0003,-0.0656,7.9345,4.3952,4.4536,-0.3580,0.0000,0.4067
20.370,1.8181,-0.0003,-0.0656,7.8976,4.3583,4.3952,-0.3580,0.0000,0.4067
20.375,1.8181,-0.0003,-0.0656,7.8528,4.3135,4.3583,-0.3580,0.0000,0.4067
20.378,1.7801,-0.0003,-0.0656,7.8509,4.2729,4.3135,-0.3800,0.0000,0.4067
20.384,1.7801,-0.0003,-0.0655,7.7897,4.2117,4.2729,-0.3800,0.0000,0.4067
20.389,1.7801,-0.0003,-0.0655,7.7354,4.1574,4.2117,-0.3800,0.0000,0.4067
20.394,1.7802,-0.0003,-0.0655,7.6882,4.1102,4.1574,-0.3800,0.0000,0.4067
20.400,1.7435,-0.0003,-0.0655,7.6628,4.0454,4.1102,-0.4013,0.0000,0.4067
20.406,1.7435,-0.0003,-0.0655,7.5956,3.9782,4.0454,-0.4013,0.0000,0.4067
20.410,1.7435,-0.0003,-0.0654,7.5597,3.9423,3.9782,-0.4013,0.0000,0.4067
20.414,1.7435,-0.0003,-0.0654,7.5204,3.9029,3.9423,-0.4013,0.0000,0.4067
20.418,1.7435,-0.0002,-0.0654,7.4754,3.8580,3.9029,-0.4013,0.0000,0.4067
20.426,1.7084,-0.0002,-0.0654,7.4353,3.7773,3.8580,-0.4381,0.0000,0.4067
20.432,1.7084,-0.0002,-0.0654,7.3707,3.7127,3.7773,-0.4381,0.0000,0.4067
20.436,1.7084,-0.0002,-0.0654,7.3277,3.6697,3.7127,-0.4381,0.0000,0.4067
20.441,1.6745,-0.0002,-0.0653,7.3253,3.6261,3.6697,-0.4758,0.0000,0.4067
20.445,1.6745,-0.0002,-0.0653,7.2802,3.5810,3.6261,-0.4758,0.0000,0.4067
20.450,1.6745,-0.0002,-0.0653,7.2308,3.5316,3.5810,-0.4758,0.0000,0.4067
20.458,1.6419,-0.0002,-0.0653,7.1926,3.4519,3.5316,-0.5077,0.0000,0.4067
20.464,1.6419,-0.0002,-0.0653,7.1427,3.4020,3.4519,-0.5077,0.0000,0.4067
20.468,1.6419,-0.0002,-0.0653,7.1031,3.3624,3.4020,-0.5077,0.0000,0.4067
20.471,1.6419,-0.0002,-0.0652,7.0720,3.3312,3.3624,-0.5077,0.0000,0.4067
20.474,1.6419,-0.0002,-0.0652,7.0414,3.3007,3.3312,-0.5077,0.0000,0.4067
20.478,1.6419,-0.0002,-0.0652,7.0108,3.2701,3.3007,-0.5077,0.0000,0.4067
20.481,1.6103,-0.0002,-0.0652,7.0185,3.2360,3.2701,-0.5313,0.0000,0.4067
20.486,1.6103,-0.0002,-0.0652,6.9730,3.1904,3.2360,-0.5313,0.0000,0.4067
20.490,1.6103,-0.0002,-0.0652,6.9397,3.1572,3.1904,-0.5313,0.0000,0.4067
20.493,1.6103,-0.0002,-0.0652,6.9099,3.1274,3.1572,-0.5313,0.0000,0.4067
20.497,1.6103,-0.0002,-0.0652,6.8759,3.0934,3.1274,-0.5313,0.0000,0.4067
20.501,1.5800,-0.0001,-0.0652,6.8856,3.0610,3.0934,-0.5555,0.0000,0.4067
20.505,1.5800,-0.0001,-0.0651,6.8470,3.0223,3.0610,-0.5555,0.0000,0.4067
20.508,1.5800,-0.0001,-0.0651,6.8175,2.9928,3.0223,-0.5555,0.0000,0.4067
20.511,1.5800,-0.0001,-0.0651,6.7891,2.9644,2.9928,-0.5555,0.0000,0.4067
20.516,1.5800,-0.0001,-0.0651,6.7474,2.9227,2.9644,-0.5555,0.0000,0.4067
20.520,1.5507,-0.0001,-0.0651,6.7590,2.8921,2.9227,-0.5722,0.0000,0.4067
20.524,1.5507,-0.0001,-0.0651,6.7270,2.8601,2.8921,-0.5722,0.0000,0.4067
20.527,1.5507,-0.0001,-0.0651,6.6999,2.8330,2.8601,-0.5722,0.0000,0.4067
20.531,1.5507,-0.0001,-0.0651,6.6709,2.8040,2.8330,-0.5722,0.0000,0.4067
20.535,1.5507,-0.0001,-0.0651,6.6482,2.7813,2.8040,-0.5722,0.0000,0.4067
20.538,1.5507,-0.0001,-0.0650,6.6301,2.7632,2.7813,-0.5722,0.0000,0.4067
20.541,1.5225,-0.0001,-0.0650,6.6572,2.7481,2.7632,-0.5736,0.0000,0.4067
20.545,1.5225,-0.0001,-0.0650,6.6431,2.7340,2.7481,-0.5736,0.0000,0.4067
20.551,1.5225,-0.0001,-0.0650,6.6304,2.7213,2.7340,-0.5736,0.0000,0.4067
20.557,1.5225,-0.0001,-0.0650,6.6251,2.7160,2.7213,-0.5736,0.0000,0.4067
20.564,1.4953,-0.0001,-0.0650,6.6718,2.7202,2.7160,-0.5732,0.0000,0.4067
20.568,1.4953,-0.0001,-0.0650,6.6774,2.7258,2.7202,-0.5732,0.0000,0.4067
20.574,1.4953,-0.0001,-0.0649,6.6927,2.7411,2.7258,-0.5732,0.0000,0.4067
20.579,1.4693,-0.0001,-0.0649,6.7464,2.7522,2.7411,-0.5727,0.0000,0.4067
20.584,1.4693,-0.0001,-0.0649,6.7573,2.7630,2.7522,-0.5727,0.0000,0.4067
20.587,1.4693,-0.0001,-0.0649,6.7634,2.7692,2.7630,-0.5727,0.0000,0.4067
20.591,1.4693,-0.0001,-0.0649,6.7692,2.7750,2.7692,-0.5727,0.0000,0.4067
20.595,1.4693,-0.0001,-0.0649,6.7738,2.7795,2.7750,-0.5727,0.0000,0.4067
20.599,1.4441,-0.0001,-0.0649,6.8203,2.7836,2.7795,-0.5351,0.0000,0.4067
20.603,1.4441,-0.0001,-0.0649,6.8230,2.7863,2.7836,-0.5351,0.0000,0.4067
20.607,1.4441,-0.0001,-0.0648,6.8247,2.7880,2.7863,-0.5351,0.0000,0.4067
20.610,1.4441,-0.0001,-0.0648,6.8254,2.7888,2.7880,-0.5351,0.0000,0.4067
20.615,1.4441,-0.0001,-0.0648,6.8247,2.7880,2.7888,-0.5351,0.0000,0.4067
20.619,1.4200,-0.0001,-0.0648,6.8654,2.7861,2.7880,-0.4892,0.0000,0.4067
20.623,1.4200,-0.0001,-0.0648,6.8611,2.7819,2.7861,-0.4892,0.0000,0.4067
20.627,1.4200,-0.0001,-0.0648,6.8560,2.7768,2.7819,-0.4892,0.0000,0.4067
20.632,1.4200,-0.0001,-0.0648,6.8490,2.7698,2.7768,-0.4892,0.0000,0.4067
20.635,1.4200,-0.0001,-0.0648,6.8427,2.7634,2.7698,-0.4892,0.0000,0.4067
20.639,1.3970,-0.0001,-0.0648,6.8772,2.7552,2.7634,-0.4625,0.0000,0.4067
20.643,1.3970,-0.0001,-0.0648,6.8677,2.7456,2.7552,-0.4625,0.0000,0.4067
20.647,1.3970,-0.0001,-0.0647,6.8561,2.7341,2.7456,-0.4625,0.0000,0.4067
20.651,1.3970,-0.0001,-0.0647,6.8462,2.7241,2.7341,-0.4625,0.0000,0.4067
20.656,1.3970,-0.0001,-0.0647,6.8314,2.7093,2.7241,-0.4625,0.0000,0.4067
20.659,1.3751,-0.0001,-0.0647,6.8625,2.6976,2.7093,-0.4426,0.0000,0.4067
20.665,1.3751,-0.0001,-0.0647,6.8422,2.6772,2.6976,-0.4426,0.0000,0.4067
20.673,1.3751,-0.0001,-0.0647,6.8115,2.6466,2.6772,-0.4426,0.0000,0.4067
20.677,1.3751,-0.0001,-0.0647,6.7976,2.6327,2.6466,-0.4426,0.0000,0.4067
20.681,1.3541,0.0000,-0.0647,6.8229,2.6151,2.6327,-0.4081,0.0000,0.4067
20.687,1.3541,0.0000,-0.0646,6.8019,2.5941,2.6151,-0.4081,0.0000,0.4067
20.690,1.3541,0.0000,-0.0646,6.7883,2.5804,2.5941,-0.4081,0.0000,0.4067
20.694,1.3541,0.0000,-0.0646,6.7752,2.5674,2.5804,-0.4081,0.0000,0.4067
20.698,1.3342,0.0000,-0.0646,6.8012,2.5505,2.5674,-0.3565,0.0000,0.4067
20.705,1.3342,0.0000,-0.0646,6.7753,2.5246,2.5505,-0.3565,0.0000,0.4067
20.710,1.3342,0.0000,-0.0646,6.7552,2.5045,2.5246,-0.3565,0.0000,0.4067
20.714,1.3342,0.0000,-0.0646,6.7375,2.4868,2.5045,-0.3565,0.0000,0.4067
20.721,1.3154,0.0000,-0.0646,6.7494,2.4557,2.4868,-0.2759,0.0000,0.4067
20.729,1.3154,0.0000,-0.0645,6.7155,2.4218,2.4557,-0.2759,0.0000,0.4067
20.733,1.3154,0.0000,-0.0645,6.6956,2.4019,2.4218,-0.2759,0.0000,0.4067
20.738,1.3154,0.0000,-0.0645,6.6735,2.3798,2.4019,-0.2759,0.0000,0.4067
20.741,1.2978,0.0000,-0.0645,6.7000,2.3634,2.3798,-0.1941,0.0000,0.4067
20.747,1.2978,0.0000,-0.0645,6.6751,2.3385,2.3634,-0.1941,0.0000,0.4067
20.751,1.2978,0.0000,-0.0645,6.6528,2.3163,2.3385,-0.1941,0.0000,0.4067
20.755,1.2978,0.0000,-0.0645,6.6331,2.2966,2.3163,-0.1941,0.0000,0.4067
20.759,1.2811,0.0000,-0.0645,6.6592,2.2799,2.2966,-0.1176,0.0000,0.4067
20.764,1.2811,0.0000,-0.0645,6.6315,2.2523,2.2799,-0.1176,0.0000,0.4067
20.770,1.2811,0.0000,-0.0644,6.6043,2.2251,2.2523,-0.1176,0.0000,0.4067
20.778,1.2811,0.0000,-0.0644,6.5690,2.1897,2.2251,-0.1176,0.0000,0.4067
20.783,1.2656,0.0000,-0.0644,6.5855,2.1637,2.1897,-0.0340,0.0000,0.4067
20.789,1.2656,0.0000,-0.0644,6.5599,2.1381,2.1637,-0.0340,0.0000,0.4067
20.793,1.2656,0.0000,-0.0644,6.5394,2.1176,2.1381,-0.0340,0.0000,0.4067
20.798,1.2656,0.0000,-0.0644,6.5194,2.0977,2.1176,-0.0340,0.0000,0.4067
20.802,1.2516,0.0000,-0.0644,6.5409,2.0766,2.0977,0.0821,0.0000,0.4067
20.807,1.2516,0.0000,-0.0644,6.5211,2.0568,2.0766,0.0821,0.0000,0.4067
20.814,1.2516,0.0000,-0.0643,6.4899,2.0256,2.0568,0.0821,0.0000,0.4067
20.819,1.2388,0.0000,-0.0643,6.5110,2.0046,2.0256,0.2051,0.0000,0.4067
20.823,1.2388,0.0000,-0.0643,6.4918,1.9855,2.0046,0.2051,0.0000,0.4067
20.828,1.2388,0.0000,-0.0643,6.4718,1.9654,1.9855,0.2051,0.0000,0.4067
20.833,1.2388,0.0000,-0.0643,6.4493,1.9430,1.9654,0.2051,0.0000,0.4067
20.837,1.2388,0.0000,-0.0643,6.4316,1.9252,1.9430,0.2051,0.0000,0.4067
20.842,1.2270,0.0000,-0.0643,6.4503,1.9029,1.9252,0.3208,0.0000,0.4067
20.849,1.2275,0.0005,-0.0643,6.4187,1.8713,1.9029,0.3208,0.0000,0.4067
20.854,1.2284,0.0014,-0.0643,6.3961,1.8486,1.8713,0.3208,0.0000,0.4067
20.860,1.2196,0.0032,-0.0642,6.4118,1.8242,1.8486,0.4417,0.0000,0.4067
20.865,1.2227,0.0063,-0.0642,6.3872,1.7995,1.8242,0.4417,0.0000,0.4067
20.869,1.2256,0.0093,-0.0642,6.3704,1.7828,1.7995,0.4417,0.0000,0.4067
20.875,1.2312,0.0149,-0.0642,6.3464,1.7587,1.7828,0.4417,0.0000,0.4067
20.885,1.2362,0.0295,-0.0642,6.3420,1.7152,1.7587,0.5638,0.0000,0.4067
20.891,1.2453,0.0386,-0.0642,6.3216,1.6947,1.7152,0.5638,0.0000,0.4067
20.895,1.2534,0.0467,-0.0642,6.3062,1.6793,1.6947,0.5638,0.0000,0.4067
20.900,1.2570,0.0585,-0.0642,6.3251,1.6598,1.6793,0.7049,0.0000,0.4067
20.905,1.2703,0.0718,-0.0641,6.3059,1.6406,1.6598,0.7049,0.0000,0.4067
20.909,1.2816,0.0831,-0.0641,6.2913,1.6260,1.6406,0.7049,0.0000,0.4067
20.914,1.2978,0.0993,-0.0641,6.2726,1.6073,1.6260,0.7049,0.0000,0.4067
20.918,1.3114,0.1129,-0.0640,6.2584,1.5931,1.6073,0.7049,0.0000,0.4067
20.924,1.3252,0.1337,-0.0640,6.2763,1.5733,1.5931,0.8530,0.0000,0.4067
20.929,1.3461,0.1547,-0.0640,6.2584,1.5554,1.5733,0.8530,0.0000,0.4067
20.933,1.3631,0.1717,-0.0639,6.2450,1.5420,1.5554,0.8530,0.0000,0.4067
20.938,1.3839,0.1925,-0.0639,6.2295,1.5266,1.5420,0.8530,0.0000,0.4067
20.941,1.3950,0.2103,-0.0638,6.2536,1.5141,1.5266,0.9850,0.0000,0.4067
20.946,1.4199,0.2352,-0.0638,6.2372,1.4976,1.5141,0.9850,0.0000,0.4067
20.950,1.4383,0.2536,-0.0637,6.2257,1.4861,1.4976,0.9850,0.0000,0.4067
20.955,1.4628,0.2781,-0.0637,6.2110,1.4714,1.4861,0.9850,0.0000,0.4067
20.958,1.4756,0.2980,-0.0636,6.2349,1.4601,1.4714,1.0893,0.0000,0.4067
20.963,1.5032,0.3256,-0.0635,6.2197,1.4449,1.4601,1.0893,0.0000,0.4067
20.967,1.5257,0.3481,-0.0634,6.2079,1.4331,1.4449,1.0893,0.0000,0.4067
20.972,1.5541,0.3765,-0.0634,6.1936,1.4188,1.4331,1.0893,0.0000,0.4067
20.975,1.5760,0.3984,-0.0633,6.1829,1.4081,1.4188,1.0893,0.0000,0.4067
20.981,1.5954,0.4322,-0.0632,6.1981,1.3923,1.4081,0.9746,0.0000,0.4067
20.990,1.6587,0.4955,-0.0631,6.1705,1.3647,1.3923,0.9746,0.0000,0.4067
20.995,1.6918,0.5285,-0.0628,6.1572,1.3513,1.3647,0.9746,0.0000,0.4067
21.000,1.7193,0.5655,-0.0627,6.1747,1.3372,1.3513,0.9816,0.0000,0.4067
21.006,1.7575,0.6037,-0.0626,6.1608,1.3232,1.3372,0.9816,0.0000,0.4067
21.011,1.7925,0.6387,-0.0624,6.1486,1.3110,1.3232,0.9816,0.0000,0.4067
21.015,1.8205,0.6667,-0.0622,6.1392,1.3017,1.3110,0.9816,0.0000,0.4067
21.020,1.8448,0.7039,-0.0621,6.1561,1.2897,1.3017,0.8749,0.0000,0.4067
21.024,1.8795,0.7386,-0.0619,6.1454,1.2790,1.2897,0.8749,0.0000,0.4067
21.029,1.9143,0.7734,-0.0618,6.1350,1.2687,1.2790,0.8749,0.0000,0.4067
21.037,1.9720,0.8311,-0.0616,6.1188,1.2524,1.2687,0.8749,0.0000,0.4067
21.041,1.9867,0.8611,-0.0613,6.1379,1.2443,1.2524,0.6808,0.0000,0.4067
21.046,2.0265,0.9009,-0.0611,6.1275,1.2339,1.2443,0.6808,0.0000,0.4067
21.053,2.0746,0.9490,-0.0609,6.1154,1.2218,1.2339,0.6808,0.0000,0.4067
21.057,2.1067,0.9811,-0.0606,6.1076,1.2140,1.2218,0.6808,0.0000,0.4067
21.061,2.1272,1.0122,-0.0604,6.1263,1.2064,1.2140,0.6044,0.0000,0.4067
21.066,2.1654,1.0503,-0.0602,6.1171,1.1973,1.2064,0.6044,0.0000,0.4067
21.070,2.1912,1.0762,-0.0599,6.1110,1.1912,1.1973,0.6044,0.0000,0.4067
21.073,2.2163,1.1013,-0.0597,6.1052,1.1853,1.1912,0.6044,0.0000,0.4067
21.079,2.2488,1.1431,-0.0596,6.1205,1.1757,1.1853,0.5477,0.0000,0.4067
21.084,2.2855,1.1798,-0.0593,6.1121,1.1673,1.1757,0.5477,0.0000,0.4067
21.087,2.3108,1.2051,-0.0590,6.1064,1.1616,1.1673,0.5477,0.0000,0.4067
21.092,2.3488,1.2431,-0.0588,6.0978,1.1530,1.1616,0.5477,0.0000,0.4067
21.099,2.3932,1.2961,-0.0585,6.1100,1.1414,1.1530,0.4918,0.0000,0.4067
21.104,2.4242,1.3272,-0.0581,6.1034,1.1347,1.1414,0.4918,0.0000,0.4067
21.109,2.4575,1.3604,-0.0578,6.0965,1.1279,1.1347,0.4918,0.0000,0.4067
21.113,2.4857,1.3886,-0.0575,6.0909,1.1223,1.1279,0.4918,0.0000,0.4067
21.116,2.5118,1.4148,-0.0572,6.0858,1.1172,1.1223,0.4918,0.0000,0.4067
21.120,2.5290,1.4379,-0.0570,6.1031,1.1128,1.1172,0.5304,0.0000,0.4067
21.124,2.5580,1.4669,-0.0568,6.0977,1.1073,1.1128,0.5304,0.0000,0.4067
21.127,2.5808,1.4896,-0.0565,6.0935,1.1032,1.1073,0.5304,0.0000,0.4067
21.132,2.6082,1.5171,-0.0562,6.0886,1.0983,1.1032,0.5304,0.0000,0.4067
21.135,2.6303,1.5392,-0.0560,6.0848,1.0945,1.0983,0.5304,0.0000,0.4067
21.140,2.6531,1.5698,-0.0557,6.1026,1.0893,1.0945,0.4482,0.0000,0.4067
21.144,2.6795,1.5961,-0.0554,6.0982,1.0850,1.0893,0.4482,0.0000,0.4067
21.148,2.7046,1.6212,-0.0551,6.0942,1.0809,1.0850,0.4482,0.0000,0.4067
21.151,2.7268,1.6434,-0.0548,6.0907,1.0774,1.0809,0.4482,0.0000,0.4067
21.157,2.7592,1.6758,-0.0545,6.0857,1.0724,1.0774,0.4482,0.0000,0.4067
21.161,2.7778,1.7014,-0.0541,6.1044,1.0686,1.0724,0.3605,0.0000,0.4067
21.166,2.8088,1.7323,-0.0538,6.0999,1.0642,1.0686,0.3605,0.0000,0.4067
21.170,2.8315,1.7550,-0.0534,6.0966,1.0608,1.0642,0.3605,0.0000,0.4067
21.174,2.8516,1.7751,-0.0531,6.0936,1.0579,1.0608,0.3605,0.0000,0.4067
21.177,2.8696,1.7932,-0.0528,6.0910,1.0552,1.0579,0.3605,0.0000,0.4067
21.181,2.8871,1.8165,-0.0526,6.1096,1.0517,1.0552,0.2627,0.0000,0.4067
21.190,2.9334,1.8628,-0.0522,6.1022,1.0443,1.0517,0.2627,0.0000,0.4067
21.194,2.9559,1.8854,-0.0515,6.0987,1.0408,1.0443,0.2627,0.0000,0.4067
21.199,2.9723,1.9063,-0.0511,6.1175,1.0374,1.0408,0.1394,0.0000,0.4067
21.205,3.0022,1.9362,-0.0508,6.1126,1.0325,1.0374,0.1394,0.0000,0.4067
21.212,3.0374,1.9715,-0.0503,6.1072,1.0271,1.0325,0.1394,0.0000,0.4067
21.216,3.0553,1.9894,-0.0496,6.1045,1.0244,1.0271,0.1394,0.0000,0.4067
21.221,3.0739,2.0114,-0.0493,6.1229,1.0211,1.0244,0.0135,0.0000,0.4067
21.225,3.0916,2.0291,-0.0489,6.1203,1.0185,1.0211,0.0135,0.0000,0.4067
21.230,3.1102,2.0476,-0.0485,6.1176,1.0157,1.0185,0.0135,0.0000,0.4067
21.235,3.1292,2.0667,-0.0481,6.1149,1.0131,1.0157,0.0135,0.0000,0.4067
21.238,3.1417,2.0815,-0.0477,6.1341,1.0111,1.0131,-0.1057,0.0000,0.4067
21.243,3.1586,2.0984,-0.0473,6.1319,1.0089,1.0111,-0.1057,0.0000,0.4067
21.247,3.1726,2.1124,-0.0469,6.1301,1.0072,1.0089,-0.1057,0.0000,0.4067
21.251,3.1886,2.1284,-0.0466,6.1281,1.0052,1.0072,-0.1057,0.0000,0.4067
21.255,3.2012,2.1410,-0.0462,6.1266,1.0036,1.0052,-0.1057,0.0000,0.4067
21.259,3.2099,2.1538,-0.0459,6.1422,1.0021,1.0036,-0.0440,0.0000,0.4067
21.263,3.2235,2.1674,-0.0455,6.1406,1.0005,1.0021,-0.0440,0.0000,0.4067
21.267,3.2359,2.1798,-0.0451,6.1393,0.9992,1.0005,-0.0440,0.0000,0.4067
21.270,3.2463,2.1902,-0.0448,6.1381,0.9980,0.9992,-0.0440,0.0000,0.4067
21.274,3.2558,2.1998,-0.0445,6.1371,0.9970,0.9980,-0.0440,0.0000,0.4067
21.277,3.2653,2.2092,-0.0442,6.1360,0.9959,0.9970,-0.0440,0.0000,0.4067
21.282,3.2742,2.2215,-0.0439,6.1517,0.9942,0.9959,-0.0045,0.0000,0.4067
21.294,3.3056,2.2529,-0.0435,6.1470,0.9895,0.9942,-0.0045,0.0000,0.4067
21.300,3.3181,2.2674,-0.0423,6.1626,0.9870,0.9895,-0.0171,0.0000,0.4067
21.306,3.3302,2.2795,-0.0417,6.1603,0.9847,0.9870,-0.0171,0.0000,0.4067
21.314,3.3451,2.2944,-0.0412,6.1576,0.9820,0.9847,-0.0171,0.0000,0.4067
21.323,3.3631,2.3097,-0.0405,6.1750,0.9793,0.9820,-0.1882,0.0000,0.4067
21.327,3.3701,2.3167,-0.0397,6.1737,0.9780,0.9793,-0.1882,0.0000,0.4067
21.331,3.3759,2.3226,-0.0393,6.1724,0.9767,0.9780,-0.1882,0.0000,0.4067
21.338,3.3866,2.3314,-0.0389,6.1896,0.9751,0.9767,-0.3132,0.0000,0.4067
21.343,3.3924,2.3373,-0.0383,6.1885,0.9740,0.9751,-0.3132,0.0000,0.4067
21.348,3.3978,2.3426,-0.0378,6.1875,0.9730,0.9740,-0.3132,0.0000,0.4067
21.352,3.4011,2.3460,-0.0374,6.1868,0.9723,0.9730,-0.3132,0.0000,0.4067
21.355,3.4041,2.3489,-0.0371,6.1862,0.9717,0.9723,-0.3132,0.0000,0.4067
21.358,3.4067,2.3517,-0.0368,6.2032,0.9711,0.9717,-0.3680,0.0000,0.4067
21.362,3.4097,2.3547,-0.0365,6.2026,0.9705,0.9711,-0.3680,0.0000,0.4067
21.366,3.4123,2.3573,-0.0361,6.2021,0.9700,0.9705,-0.3680,0.0000,0.4067
21.369,3.4144,2.3593,-0.0358,6.2016,0.9694,0.9700,-0.3680,0.0000,0.4067
21.373,3.4163,2.3613,-0.0355,6.2010,0.9689,0.9694,-0.3680,0.0000,0.4067
21.377,3.4182,2.3631,-0.0351,6.2004,0.9682,0.9689,-0.3680,0.0000,0.4067
21.382,3.4197,2.3647,-0.0348,6.2170,0.9676,0.9682,-0.4186,0.0000,0.4067
21.386,3.4208,2.3659,-0.0344,6.2161,0.9667,0.9676,-0.4186,0.0000,0.4067
21.389,3.4215,2.3666,-0.0340,6.2155,0.9661,0.9667,-0.4186,0.0000,0.4067
21.393,3.4220,2.3671,-0.0337,6.2148,0.9654,0.9661,-0.4186,0.0000,0.4067
21.396,3.4223,2.3673,-0.0334,6.2140,0.9646,0.9654,-0.4186,0.0000,0.4067
21.400,3.4214,2.3674,-0.0331,6.2302,0.9639,0.9646,-0.4459,0.0000,0.4067
21.404,3.4212,2.3671,-0.0328,6.2293,0.9629,0.9639,-0.4459,0.0000,0.4067
21.408,3.4207,2.3666,-0.0324,6.2284,0.9621,0.9629,-0.4459,0.0000,0.4067
21.411,3.4200,2.3660,-0.0321,6.2277,0.9613,0.9621,-0.4459,0.0000,0.4067
21.415,3.4191,2.3650,-0.0318,6.2269,0.9606,0.9613,-0.4459,0.0000,0.4067
21.419,3.4175,2.3635,-0.0315,6.2425,0.9596,0.9606,-0.4991,0.0000,0.4067
21.427,3.4140,2.3600,-0.0311,6.2411,0.9583,0.9596,-0.4991,0.0000,0.4067
21.431,3.4119,2.3579,-0.0304,6.2406,0.9577,0.9583,-0.4991,0.0000,0.4067
21.434,3.4098,2.3558,-0.0301,6.2401,0.9573,0.9577,-0.4991,0.0000,0.4067
21.438,3.4079,2.3534,-0.0298,6.2552,0.9566,0.9573,-0.5764,0.0000,0.4067
21.442,3.4047,2.3502,-0.0295,6.2546,0.9560,0.9566,-0.5764,0.0000,0.4067
21.446,3.4016,2.3471,-0.0292,6.2542,0.9556,0.9560,-0.5764,0.0000,0.4067
21.450,3.3984,2.3439,-0.0288,6.2536,0.9550,0.9556,-0.5764,0.0000,0.4067
21.454,3.3947,2.3402,-0.0285,6.2530,0.9545,0.9550,-0.5764,0.0000,0.4067
21.458,3.3900,2.3360,-0.0282,6.2677,0.9540,0.9545,-0.6290,0.0000,0.4067
21.464,3.3841,2.3302,-0.0279,6.2671,0.9535,0.9540,-0.6290,0.0000,0.4067
21.469,3.3787,2.3248,-0.0274,6.2667,0.9531,0.9535,-0.6290,0.0000,0.4067
21.472,3.3746,2.3207,-0.0270,6.2664,0.9528,0.9531,-0.6290,0.0000,0.4067
21.476,3.3705,2.3166,-0.0268,6.2661,0.9524,0.9528,-0.6290,0.0000,0.4067
21.479,3.3648,2.3121,-0.0265,6.2799,0.9521,0.9524,-0.6718,0.0000,0.4067
21.484,3.3589,2.3061,-0.0262,6.2792,0.9514,0.9521,-0.6718,0.0000,0.4067
21.490,3.3504,2.2976,-0.0259,6.2783,0.9505,0.9514,-0.6718,0.0000,0.4067
21.494,3.3448,2.2921,-0.0254,6.2778,0.9499,0.9505,-0.6718,0.0000,0.4067
21.498,3.3409,2.2854,-0.0251,6.2872,0.9493,0.9499,-0.8779,0.0000,0.4067
21.502,3.3347,2.2792,-0.0248,6.2863,0.9483,0.9493,-0.8779,0.0000,0.4067
21.505,3.3293,2.2737,-0.0245,6.2855,0.9476,0.9483,-0.8779,0.0000,0.4067
21.509,3.3235,2.2680,-0.0242,6.2850,0.9471,0.9476,-0.8779,0.0000,0.4067
21.513,3.3166,2.2611,-0.0240,6.2841,0.9461,0.9471,-0.8779,0.0000,0.4067
21.517,3.3090,2.2535,-0.0237,6.2832,0.9453,0.9461,-0.8779,0.0000,0.4067
21.521,3.3009,2.2474,-0.0234,6.2941,0.9447,0.9453,-0.9295,0.0000,0.4067
21.526,3.2918,2.2383,-0.0231,6.2932,0.9438,0.9447,-0.9295,0.0000,0.4067
21.533,3.2776,2.2241,-0.0228,6.2922,0.9428,0.9438,-0.9295,0.0000,0.4067
21.537,3.2709,2.2174,-0.0223,6.2919,0.9425,0.9428,-0.9295,0.0000,0.4067
21.540,3.2616,2.2108,-0.0220,6.3014,0.9422,0.9425,-0.9763,0.0000,0.4067
21.544,3.2538,2.2030,-0.0218,6.3009,0.9417,0.9422,-0.9763,0.0000,0.4067
21.548,3.2460,2.1952,-0.0215,6.3008,0.9416,0.9417,-0.9763,0.0000,0.4067
21.551,3.2391,2.1883,-0.0213,6.3007,0.9414,0.9416,-0.9763,0.0000,0.4067
21.554,3.2320,2.1813,-0.0211,6.3000,0.9408,0.9414,-0.9763,0.0000,0.4067
21.558,3.2250,2.1743,-0.0208,6.2994,0.9402,0.9408,-0.9763,0.0000,0.4067
21.561,3.2137,2.1664,-0.0206,6.3073,0.9399,0.9402,-1.0152,0.0000,0.4067
21.566,3.2038,2.1565,-0.0204,6.3071,0.9398,0.9399,-1.0152,0.0000,0.4067
21.569,3.1962,2.1489,-0.0201,6.3067,0.9394,0.9398,-1.0152,0.0000,0.4067
21.573,3.1884,2.1410,-0.0199,6.3061,0.9388,0.9394,-1.0152,0.0000,0.4067
21.576,3.1806,2.1333,-0.0197,6.3056,0.9383,0.9388,-1.0152,0.0000,0.4067
21.580,3.1680,2.1250,-0.0195,6.3114,0.9378,0.9383,-1.0436,0.0000,0.4067
21.584,3.1587,2.1156,-0.0193,6.3110,0.9374,0.9378,-1.0436,0.0000,0.4067
21.587,3.1507,2.1076,-0.0190,6.3104,0.9368,0.9374,-1.0436,0.0000,0.4067
21.591,3.1418,2.0988,-0.0188,6.3096,0.9360,0.9368,-1.0436,0.0000,0.4067
21.595,3.1319,2.0889,-0.0186,6.3089,0.9353,0.9360,-1.0436,0.0000,0.4067
21.599,3.1179,2.0796,-0.0184,6.3118,0.9347,0.9353,-1.0809,0.0000,0.4067
21.603,3.1085,2.0702,-0.0181,6.3110,0.9339,0.9347,-1.0809,0.0000,0.4067
21.606,3.0997,2.0614,-0.0179,6.3102,0.9332,0.9339,-1.0809,0.0000,0.4067
21.610,3.0906,2.0523,-0.0177,6.3096,0.9325,0.9332,-1.0809,0.0000,0.4067
21.615,3.0778,2.0395,-0.0175,6.3088,0.9317,0.9325,-1.0809,0.0000,0.4067
21.619,3.0614,2.0283,-0.0172,6.3082,0.9312,0.9317,-1.1393,0.0000,0.4067
21.623,3.0513,2.0183,-0.0170,6.3074,0.9304,0.9312,-1.1393,0.0000,0.4067
21.628,3.0383,2.0053,-0.0168,6.3066,0.9295,0.9304,-1.1393,0.0000,0.4067
21.636,3.0172,1.9842,-0.0165,6.3059,0.9289,0.9295,-1.1393,0.0000,0.4067
21.642,2.9932,1.9663,-0.0162,6.3025,0.9279,0.9289,-1.1818,0.0000,0.4067
21.647,2.9819,1.9550,-0.0158,6.3015,0.9269,0.9279,-1.1818,0.0000,0.4067
21.650,2.9723,1.9454,-0.0156,6.3012,0.9265,0.9269,-1.1818,0.0000,0.4067
21.654,2.9627,1.9358,-0.0155,6.3009,0.9262,0.9265,-1.1818,0.0000,0.4067
21.657,2.9535,1.9267,-0.0153,6.3003,0.9256,0.9262,-1.1818,0.0000,0.4067
21.660,2.9222,1.9178,-0.0151,6.2955,0.9247,0.9256,-1.1949,0.0000,0.4067
21.664,2.9108,1.9064,-0.0150,6.2953,0.9246,0.9247,-1.1949,0.0000,0.4067
21.668,2.9013,1.8968,-0.0148,6.2949,0.9242,0.9246,-1.1949,0.0000,0.4067
21.671,2.8918,1.8873,-0.0147,6.2942,0.9235,0.9242,-1.1949,0.0000,0.4067
21.675,2.8806,1.8762,-0.0145,6.2934,0.9227,0.9235,-1.1949,0.0000,0.4067
21.678,2.8304,1.8663,-0.0143,6.2867,0.9221,0.9227,-1.1869,0.0000,0.4067
21.683,2.8180,1.8539,-0.0142,6.2855,0.9209,0.9221,-1.1869,0.0000,0.4067
21.686,2.8079,1.8437,-0.0140,6.2851,0.9205,0.9209,-1.1869,0.0000,0.4067
21.690,2.7981,1.8340,-0.0139,6.2843,0.9197,0.9205,-1.1869,0.0000,0.4067
21.693,2.7888,1.8247,-0.0137,6.2836,0.9190,0.9197,-1.1869,0.0000,0.4067
21.696,2.7786,1.8144,-0.0136,6.2833,0.9187,0.9190,-1.1869,0.0000,0.4067
21.700,2.7101,1.8029,-0.0134,6.2737,0.9182,0.9187,-1.1684,0.0000,0.4067
21.705,2.6973,1.7902,-0.0133,6.2730,0.9175,0.9182,-1.1684,0.0000,0.4067
21.708,2.6874,1.7803,-0.0131,6.2725,0.9170,0.9175,-1.1684,0.0000,0.4067
21.711,2.6780,1.7708,-0.0130,6.2719,0.9164,0.9170,-1.1684,0.0000,0.4067
21.715,2.6671,1.7600,-0.0129,6.2713,0.9158,0.9164,-1.1684,0.0000,0.4067
21.719,2.5808,1.7496,-0.0128,6.2579,0.9153,0.9158,-1.1484,0.0000,0.4067
21.723,2.5690,1.7378,-0.0126,6.2573,0.9147,0.9153,-1.1484,0.0000,0.4067
21.726,2.5595,1.7283,-0.0125,6.2569,0.9143,0.9147,-1.1484,0.0000,0.4067
21.730,2.5454,1.7143,-0.0124,6.2559,0.9133,0.9143,-1.1484,0.0000,0.4067
21.738,2.4332,1.6909,-0.0122,6.2376,0.9118,0.9133,-1.1222,0.0000,0.4067
21.742,2.4201,1.6778,-0.0120,6.2369,0.9111,0.9118,-1.1222,0.0000,0.4067
21.746,2.4092,1.6669,-0.0119,6.2364,0.9105,0.9111,-1.1222,0.0000,0.4067
21.751,2.3939,1.6517,-0.0117,6.2351,0.9093,0.9105,-1.1222,0.0000,0.4067
21.756,2.3793,1.6370,-0.0116,6.2346,0.9087,0.9093,-1.1222,0.0000,0.4067
21.760,2.2666,1.6261,-0.0115,6.2129,0.9080,0.9087,-1.0888,0.0000,0.4067
21.764,2.2518,1.6114,-0.0114,6.2126,0.9076,0.9080,-1.0888,0.0000,0.4067
21.769,2.2363,1.5959,-0.0112,6.2123,0.9073,0.9076,-1.0888,0.0000,0.4067
21.774,2.2226,1.5822,-0.0111,6.2109,0.9060,0.9073,-1.0888,0.0000,0.4067
21.777,2.2126,1.5721,-0.0110,6.2105,0.9055,0.9060,-1.0888,0.0000,0.4067
21.781,1.8626,1.5597,-0.0109,6.1895,0.9050,0.9055,-1.0264,0.0000,0.4067
21.785,1.8500,1.5471,-0.0108,6.1891,0.9045,0.9050,-1.0264,0.0000,0.4067
21.789,1.8396,1.5366,-0.0107,6.1882,0.9037,0.9045,-1.0264,0.0000,0.4067
21.795,1.8202,1.5172,-0.0106,6.1869,0.9023,0.9037,-1.0264,0.0000,0.4067
21.799,1.4793,1.5039,-0.0105,6.1613,0.9020,0.9023,-0.9533,0.0000,0.4067
21.804,1.4653,1.4900,-0.0104,6.1611,0.9018,0.9020,-0.9533,0.0000,0.4067
21.807,1.4548,1.4794,-0.0103,6.1605,0.9012,0.9018,-0.9533,0.0000,0.4067
21.811,1.4426,1.4672,-0.0103,6.1604,0.9011,0.9012,-0.9533,0.0000,0.4067
21.816,1.4271,1.4517,-0.0102,6.1597,0.9004,0.9011,-0.9533,0.0000,0.4067
21.821,1.0992,1.4382,-0.0101,6.1284,0.8999,0.9004,-0.8782,0.0000,0.4067
21.825,1.0857,1.4246,-0.0100,6.1273,0.8988,0.8999,-0.8782,0.0000,0.4067
21.829,1.0754,1.4144,-0.0100,6.1265,0.8980,0.8988,-0.8782,0.0000,0.4067
21.833,1.0606,1.3996,-0.0099,6.1261,0.8976,0.8980,-0.8782,0.0000,0.4067
21.841,0.7321,1.3761,-0.0098,6.0884,0.8961,0.8976,-0.8024,0.0000,0.4067
21.846,0.7164,1.3604,-0.0097,6.0875,0.8952,0.8961,-0.8024,0.0000,0.4067
21.851,0.7024,1.3464,-0.0097,6.0867,0.8945,0.8952,-0.8024,0.0000,0.4067
21.854,0.6913,1.3353,-0.0096,6.0862,0.8939,0.8945,-0.8024,0.0000,0.4067
21.858,0.6807,1.3247,-0.0096,6.0857,0.8934,0.8939,-0.8024,0.0000,0.4067
21.861,0.3761,1.3146,-0.0095,6.0446,0.8935,0.8934,-0.7170,0.0000,0.4067
21.865,0.3630,1.3014,-0.0095,6.0435,0.8924,0.8935,-0.7170,0.0000,0.4067
21.869,0.3526,1.2911,-0.0095,6.0431,0.8920,0.8924,-0.7170,0.0000,0.4067
21.872,0.3423,1.2807,-0.0094,6.0428,0.8917,0.8920,-0.7170,0.0000,0.4067
21.875,0.3316,1.2701,-0.0094,6.0425,0.8914,0.8917,-0.7170,0.0000,0.4067
21.879,0.0372,1.2598,-0.0094,5.9961,0.8911,0.8914,-0.6262,0.0000,0.4067
21.883,0.0241,1.2467,-0.0094,5.9952,0.8902,0.8911,-0.6262,0.0000,0.4067
21.886,0.0140,1.2366,-0.0093,5.9950,0.8900,0.8902,-0.6262,0.0000,0.4067
21.890,0.0034,1.2260,-0.0093,5.9948,0.8899,0.8900,-0.6262,0.0000,0.4067
21.893,-0.0069,1.2157,-0.0093,5.9947,0.8897,0.8899,-0.6262,0.0000,0.4067
21.897,-0.0186,1.2040,-0.0093,5.9940,0.8890,0.8897,-0.6262,0.0000,0.4067
21.900,-0.3013,1.1932,-0.0093,5.9429,0.8884,0.8890,-0.5223,0.0000,0.4067
21.905,-0.3139,1.1806,-0.0092,5.9423,0.8878,0.8884,-0.5223,0.0000,0.4067
21.908,-0.3244,1.1701,-0.0092,5.9417,0.8873,0.8878,-0.5223,0.0000,0.4067
21.911,-0.3347,1.1598,-0.0092,5.9418,0.8873,0.8873,-0.5223,0.0000,0.4067
21.915,-0.3466,1.1479,-0.0092,5.9418,0.8874,0.8873,-0.5223,0.0000,0.4067
21.920,-0.6256,1.1334,-0.0092,5.8859,0.8868,0.8874,-0.4192,0.0000,0.4067
21.925,-0.6426,1.1165,-0.0092,5.8852,0.8862,0.8868,-0.4192,0.0000,0.4067
21.929,-0.6533,1.1057,-0.0092,5.8849,0.8858,0.8862,-0.4192,0.0000,0.4067
21.933,-0.6648,1.0942,-0.0092,5.8845,0.8855,0.8858,-0.4192,0.0000,0.4067
21.937,-0.6782,1.0809,-0.0092,5.8842,0.8851,0.8855,-0.4192,0.0000,0.4067
21.944,-0.9546,1.0595,-0.0092,5.8236,0.8846,0.8851,-0.3177,0.0000,0.4067
21.951,-0.9759,1.0382,-0.0092,5.8232,0.8842,0.8846,-0.3177,0.0000,0.4067
21.954,-0.9866,1.0275,-0.0093,5.8230,0.8840,0.8842,-0.3177,0.0000,0.4067
21.958,-0.9967,1.0174,-0.0093,5.8229,0.8839,0.8840,-0.3177,0.0000,0.4067
21.961,-1.2574,1.0077,-0.0093,5.7580,0.8832,0.8839,-0.2171,0.0000,0.4067
21.965,-1.2704,0.9946,-0.0093,5.7572,0.8824,0.8832,-0.2171,0.0000,0.4067
21.969,-1.2808,0.9843,-0.0093,5.7566,0.8819,0.8824,-0.2171,0.0000,0.4067
21.972,-1.2911,0.9739,-0.0094,5.7565,0.8818,0.8819,-0.2171,0.0000,0.4067
21.975,-1.3013,0.9638,-0.0094,5.7560,0.8813,0.8818,-0.2171,0.0000,0.4067
21.979,-1.5503,0.9535,-0.0094,5.6876,0.8807,0.8813,-0.1080,0.0000,0.4067
21.983,-1.5638,0.9400,-0.0094,5.6870,0.8801,0.8807,-0.1080,0.0000,0.4067
21.987,-1.5738,0.9300,-0.0095,5.6865,0.8796,0.8801,-0.1080,0.0000,0.4067
21.990,-1.5837,0.9202,-0.0095,5.6861,0.8792,0.8796,-0.1080,0.0000,0.4067
21.993,-1.5935,0.9104,-0.0095,5.6862,0.8793,0.8792,-0.1080,0.0000,0.4067
21.997,-1.6046,0.8992,-0.0096,5.6857,0.8788,0.8793,-0.1080,0.0000,0.4067
22.000,-1.8439,0.8883,-0.0096,5.6148,0.8790,0.8788,0.0096,0.0000,0.4067
22.004,-1.8557,0.8764,-0.0096,5.6143,0.8785,0.8790,0.0096,0.0000,0.4067
22.008,-1.8657,0.8664,-0.0097,5.6145,0.8787,0.8785,0.0096,0.0000,0.4067
22.011,-1.8755,0.8566,-0.0097,5.6141,0.8783,0.8787,0.0096,0.0000,0.4067
22.015,-1.8869,0.8452,-0.0098,5.6138,0.8779,0.8783,0.0096,0.0000,0.4067
22.018,-2.1197,0.8349,-0.0098,5.5396,0.8781,0.8779,0.1266,0.0000,0.4067
22.022,-2.1315,0.8232,-0.0099,5.5392,0.8778,0.8781,0.1266,0.0000,0.4067
22.025,-2.1414,0.8132,-0.0099,5.5389,0.8775,0.8778,0.1266,0.0000,0.4067
22.029,-2.1521,0.8026,-0.0100,5.5386,0.8772,0.8775,0.1266,0.0000,0.4067
22.033,-2.1644,0.7902,-0.0100,5.5383,0.8769,0.8772,0.1266,0.0000,0.4067
22.036,-2.1743,0.7803,-0.0101,5.5381,0.8766,0.8769,0.1266,0.0000,0.4067
22.040,-2.4007,0.7667,-0.0101,5.4600,0.8763,0.8766,0.2344,0.0000,0.4067
22.048,-2.4236,0.7438,-0.0102,5.4596,0.8758,0.8763,0.2344,0.0000,0.4067
22.052,-2.4346,0.7329,-0.0103,5.4594,0.8756,0.8758,0.2344,0.0000,0.4067
22.055,-2.4446,0.7229,-0.0104,5.4592,0.8755,0.8756,0.2344,0.0000,0.4067
22.058,-2.6637,0.7127,-0.0105,5.3778,0.8753,0.8755,0.3229,0.0000,0.4067
22.062,-2.6765,0.6999,-0.0105,5.3776,0.8751,0.8753,0.3229,0.0000,0.4067
22.066,-2.6883,0.6881,-0.0106,5.3774,0.8749,0.8751,0.3229,0.0000,0.4067
22.071,-2.7017,0.6747,-0.0107,5.3772,0.8747,0.8749,0.3229,0.0000,0.4067
22.076,-2.7164,0.6599,-0.0108,5.3771,0.8745,0.8747,0.3229,0.0000,0.4067
22.079,-2.9282,0.6480,-0.0109,5.2932,0.8744,0.8745,0.4053,0.0000,0.4067
22.084,-2.9409,0.6352,-0.0110,5.2931,0.8742,0.8744,0.4053,0.0000,0.4067
22.087,-2.9509,0.6252,-0.0111,5.2930,0.8741,0.8742,0.4053,0.0000,0.4067
22.090,-2.9615,0.6146,-0.0111,5.2923,0.8735,0.8741,0.4053,0.0000,0.4067
22.094,-2.9718,0.6043,-0.0112,5.2923,0.8734,0.8735,0.4053,0.0000,0.4067
22.098,-2.9830,0.5931,-0.0113,5.2922,0.8733,0.8734,0.4053,0.0000,0.4067
22.104,-3.1974,0.5734,-0.0114,5.2065,0.8732,0.8733,0.4885,0.0000,0.4067
22.110,-3.2158,0.5550,-0.0115,5.2064,0.8730,0.8732,0.4885,0.0000,0.4067
22.114,-3.2289,0.5419,-0.0117,5.2063,0.8730,0.8730,0.4885,0.0000,0.4067
22.118,-3.2404,0.5304,-0.0118,5.2063,0.8729,0.8730,0.4885,0.0000,0.4067
22.122,-3.4250,0.5184,-0.0119,5.1182,0.8728,0.8729,0.5546,0.0000,0.4067
22.127,-3.4396,0.5038,-0.0120,5.1181,0.8727,0.8728,0.5546,0.0000,0.4067
22.131,-3.4526,0.4908,-0.0121,5.1181,0.8727,0.8727,0.5546,0.0000,0.4067
22.135,-3.4648,0.4787,-0.0123,5.1186,0.8732,0.8727,0.5546,0.0000,0.4067
22.138,-3.6226,0.4678,-0.0124,5.0293,0.8737,0.8732,0.6134,0.0000,0.4067
22.142,-3.6350,0.4554,-0.0125,5.0296,0.8739,0.8737,0.6134,0.0000,0.4067
22.147,-3.6499,0.4405,-0.0126,5.0298,0.8742,0.8739,0.6134,0.0000,0.4067
22.155,-3.6750,0.4154,-0.0127,5.0302,0.8746,0.8742,0.6134,0.0000,0.4067
22.159,-3.8108,0.4028,-0.0130,4.9396,0.8747,0.8746,0.6759,0.0000,0.4067
22.164,-3.8254,0.3883,-0.0131,4.9398,0.8749,0.8747,0.6759,0.0000,0.4067
22.168,-3.8386,0.3750,-0.0133,4.9400,0.8751,0.8749,0.6759,0.0000,0.4067
22.173,-3.8541,0.3596,-0.0134,4.9402,0.8753,0.8751,0.6759,0.0000,0.4067
22.177,-3.8673,0.3464,-0.0136,4.9403,0.8754,0.8753,0.6759,0.0000,0.4067
22.181,-3.9813,0.3341,-0.0137,4.8487,0.8756,0.8754,0.7363,0.0000,0.4067
22.185,-3.9943,0.3211,-0.0138,4.8488,0.8757,0.8756,0.7363,0.0000,0.4067
22.188,-4.0048,0.3106,-0.0140,4.8494,0.8763,0.8757,0.7363,0.0000,0.4067
22.191,-4.0151,0.3003,-0.0141,4.8495,0.8763,0.8763,0.7363,0.0000,0.4067
22.195,-4.0258,0.2896,-0.0142,4.8501,0.8769,0.8763,0.7363,0.0000,0.4067
22.198,-4.1067,0.2771,-0.0143,4.7575,0.8776,0.8769,0.7774,0.0000,0.4067
22.202,-4.1194,0.2643,-0.0145,4.7581,0.8782,0.8776,0.7774,0.0000,0.4067
22.206,-4.1303,0.2534,-0.0146,4.7586,0.8787,0.8782,0.7774,0.0000,0.4067
22.209,-4.1411,0.2426,-0.0148,4.7591,0.8792,0.8787,0.7774,0.0000,0.4067
22.213,-4.1535,0.2302,-0.0149,4.7597,0.8797,0.8792,0.7774,0.0000,0.4067
22.217,-4.1662,0.2176,-0.0150,4.7596,0.8796,0.8797,0.7774,0.0000,0.4067
22.221,-4.2150,0.2015,-0.0152,4.6661,0.8803,0.8796,0.8040,0.0000,0.4067
22.226,-4.2309,0.1856,-0.0154,4.6667,0.8809,0.8803,0.8040,0.0000,0.4067
22.230,-4.2433,0.1732,-0.0156,4.6671,0.8813,0.8809,0.8040,0.0000,0.4067
22.234,-4.2556,0.1610,-0.0157,4.6675,0.8817,0.8813,0.8040,0.0000,0.4067
22.237,-4.2667,0.1498,-0.0159,4.6679,0.8820,0.8817,0.8040,0.0000,0.4067
22.240,-4.2730,0.1386,-0.0160,4.5741,0.8823,0.8820,0.8272,0.0000,0.4067
22.244,-4.2868,0.1247,-0.0161,4.5744,0.8827,0.8823,0.8272,0.0000,0.4067
22.248,-4.2995,0.1121,-0.0163,4.5747,0.8830,0.8827,0.8272,0.0000,0.4067
22.254,-4.3205,0.0911,-0.0165,4.5752,0.8835,0.8830,0.8272,0.0000,0.4067
22.259,-4.3014,0.0755,-0.0167,4.4813,0.8834,0.8835,0.8467,0.0000,0.4067
22.267,-4.3296,0.0474,-0.0169,4.4834,0.8856,0.8834,0.8467,0.0000,0.4067
22.271,-4.3444,0.0326,-0.0173,4.4839,0.8860,0.8856,0.8467,0.0000,0.4067
22.274,-4.3574,0.0196,-0.0175,4.4843,0.8864,0.8860,0.8467,0.0000,0.4067
22.278,-4.3692,0.0078,-0.0177,4.4846,0.8867,0.8864,0.8467,0.0000,0.4067
22.282,-4.3222,-0.0060,-0.0178,4.3915,0.8870,0.8867,0.8622,0.0000,0.4067
22.286,-4.3384,-0.0222,-0.0180,4.3925,0.8880,0.8870,0.8622,0.0000,0.4067
22.290,-4.3529,-0.0367,-0.0182,4.3933,0.8889,0.8880,0.8622,0.0000,0.4067
22.293,-4.3653,-0.0491,-0.0184,4.3940,0.8895,0.8889,0.8622,0.0000,0.4067
22.297,-4.3784,-0.0622,-0.0186,4.3946,0.8902,0.8895,0.8622,0.0000,0.4067
22.301,-4.3027,-0.0759,-0.0187,4.3025,0.8913,0.8902,0.8601,0.0000,0.4067
22.305,-4.3177,-0.0908,-0.0189,4.3026,0.8914,0.8913,0.8601,0.0000,0.4067
22.308,-4.3311,-0.1043,-0.0191,4.3031,0.8919,0.8914,0.8601,0.0000,0.4067
22.312,-4.3453,-0.1185,-0.0193,4.3037,0.8925,0.8919,0.8601,0.0000,0.4067
22.316,-4.3597,-0.1328,-0.0195,4.3041,0.8930,0.8925,0.8601,0.0000,0.4067
22.319,-4.2618,-0.1458,-0.0197,4.2121,0.8934,0.8930,0.8531,0.0000,0.4067
22.323,-4.2771,-0.1611,-0.0199,4.2128,0.8941,0.8934,0.8531,0.0000,0.4067
22.326,-4.2899,-0.1739,-0.0201,4.2134,0.8946,0.8941,0.8531,0.0000,0.4067
22.330,-4.3038,-0.1877,-0.0202,4.2139,0.8951,0.8946,0.8531,0.0000,0.4067
22.334,-4.3185,-0.2024,-0.0204,4.2149,0.8962,0.8951,0.8531,0.0000,0.4067
22.337,-4.3323,-0.2163,-0.0206,4.2154,0.8966,0.8962,0.8531,0.0000,0.4067
22.340,-4.2172,-0.2304,-0.0208,4.1250,0.8975,0.8966,0.8447,0.0000,0.4067
22.344,-4.2329,-0.2461,-0.0210,4.1254,0.8979,0.8975,0.8447,0.0000,0.4067
22.348,-4.2486,-0.2618,-0.0212,4.1262,0.8987,0.8979,0.8447,0.0000,0.4067
22.352,-4.2642,-0.2774,-0.0214,4.1275,0.9000,0.8987,0.8447,0.0000,0.4067
22.356,-4.2799,-0.2931,-0.0216,4.1282,0.9007,0.9000,0.8447,0.0000,0.4067
22.360,-4.1506,-0.3124,-0.0219,4.0391,0.9015,0.9007,0.8385,0.0000,0.4067
22.368,-4.1853,-0.3471,-0.0221,4.0413,0.9037,0.9015,0.8385,0.0000,0.4067
22.373,-4.2062,-0.3681,-0.0226,4.0422,0.9046,0.9037,0.8385,0.0000,0.4067
22.386,-4.1009,-0.4268,-0.0229,3.9571,0.9080,0.9046,0.8305,0.0000,0.4067
22.391,-4.1250,-0.4509,-0.0237,3.9590,0.9098,0.9080,0.8305,0.0000,0.4067
22.396,-4.1468,-0.4727,-0.0240,3.9599,0.9108,0.9098,0.8305,0.0000,0.4067
22.400,-3.9813,-0.4913,-0.0243,3.8738,0.9120,0.9108,0.8155,0.0000,0.4067
22.408,-4.0177,-0.5277,-0.0246,3.8758,0.9140,0.9120,0.8155,0.0000,0.4067
22.411,-4.0341,-0.5441,-0.0251,3.8766,0.9148,0.9140,0.8155,0.0000,0.4067
22.415,-4.0533,-0.5633,-0.0253,3.8773,0.9154,0.9148,0.8155,0.0000,0.4067
22.420,-3.8866,-0.5861,-0.0256,3.7927,0.9166,0.9154,0.7970,0.0000,0.4067
22.424,-3.9096,-0.6091,-0.0259,3.7937,0.9176,0.9166,0.7970,0.0000,0.4067
22.428,-3.9280,-0.6275,-0.0262,3.7945,0.9183,0.9176,0.7970,0.0000,0.4067
22.432,-3.9497,-0.6492,-0.0265,3.7952,0.9191,0.9183,0.7970,0.0000,0.4067
22.435,-3.9678,-0.6673,-0.0267,3.7958,0.9197,0.9191,0.7970,0.0000,0.4067
22.439,-3.7857,-0.6848,-0.0270,3.7125,0.9205,0.9197,0.7749,0.0000,0.4067
22.443,-3.8066,-0.7057,-0.0272,3.7136,0.9217,0.9205,0.7749,0.0000,0.4067
22.446,-3.8255,-0.7247,-0.0275,3.7145,0.9226,0.9217,0.7749,0.0000,0.4067
22.450,-3.8480,-0.7472,-0.0278,3.7158,0.9238,0.9226,0.7749,0.0000,0.4067
22.453,-3.8670,-0.7661,-0.0281,3.7167,0.9247,0.9238,0.7749,0.0000,0.4067
22.457,-3.8852,-0.7844,-0.0283,3.7177,0.9257,0.9247,0.7749,0.0000,0.4067
22.460,-3.6956,-0.8029,-0.0285,3.6358,0.9268,0.9257,0.7401,0.0000,0.4067
22.465,-3.7278,-0.8350,-0.0288,3.6375,0.9285,0.9268,0.7401,0.0000,0.4067
22.472,-3.7700,-0.8773,-0.0292,3.6396,0.9306,0.9285,0.7401,0.0000,0.4067
22.476,-3.7906,-0.8979,-0.0298,3.6405,0.9315,0.9306,0.7401,0.0000,0.4067
22.480,-3.5971,-0.9218,-0.0300,3.5604,0.9326,0.9315,0.7007,0.0000,0.4067
22.484,-3.6238,-0.9484,-0.0303,3.5613,0.9335,0.9326,0.7007,0.0000,0.4067
22.487,-3.6454,-0.9700,-0.0307,3.5619,0.9341,0.9335,0.7007,0.0000,0.4067
22.490,-3.6663,-0.9910,-0.0309,3.5627,0.9350,0.9341,0.7007,0.0000,0.4067
22.494,-3.6878,-1.0125,-0.0312,3.5637,0.9359,0.9350,0.7007,0.0000,0.4067
22.498,-3.7143,-1.0389,-0.0315,3.5645,0.9367,0.9359,0.7007,0.0000,0.4067
22.501,-3.5142,-1.0624,-0.0318,3.4855,0.9373,0.9367,0.6573,0.0000,0.4067
22.505,-3.5406,-1.0889,-0.0321,3.4861,0.9379,0.9373,0.6573,0.0000,0.4067
22.508,-3.5643,-1.1125,-0.0324,3.4867,0.9385,0.9379,0.6573,0.0000,0.4067
22.512,-3.5884,-1.1367,-0.0327,3.4873,0.9391,0.9385,0.6573,0.0000,0.4067
22.516,-3.6166,-1.1649,-0.0330,3.4879,0.9397,0.9391,0.6573,0.0000,0.4067
22.519,-3.4113,-1.1902,-0.0334,3.4110,0.9405,0.9397,0.6109,0.0000,0.4067
22.524,-3.4505,-1.2294,-0.0337,3.4119,0.9414,0.9405,0.6109,0.0000,0.4067
22.529,-3.4907,-1.2695,-0.0342,3.4133,0.9428,0.9414,0.6109,0.0000,0.4067
22.533,-3.5198,-1.2986,-0.0346,3.4142,0.9437,0.9428,0.6109,0.0000,0.4067
22.537,-3.5463,-1.3251,-0.0350,3.4150,0.9445,0.9437,0.6109,0.0000,0.4067
22.540,-3.3597,-1.3525,-0.0353,3.3392,0.9453,0.9445,0.5467,0.0000,0.4067
22.544,-3.3935,-1.3864,-0.0356,3.3404,0.9465,0.9453,0.5467,0.0000,0.4067
22.548,-3.4248,-1.4176,-0.0360,3.3412,0.9473,0.9465,0.5467,0.0000,0.4067
22.551,-3.4554,-1.4483,-0.0364,3.3420,0.9481,0.9473,0.5467,0.0000,0.4067
22.557,-3.5089,-1.5018,-0.0367,3.3432,0.9493,0.9481,0.5467,0.0000,0.4067
22.561,-3.3405,-1.5318,-0.0374,3.2682,0.9500,0.9493,0.4657,0.0000,0.4067
22.566,-3.3906,-1.5818,-0.0377,3.2690,0.9507,0.9500,0.4657,0.0000,0.4067
22.574,-3.4563,-1.6475,-0.0383,3.2700,0.9518,0.9507,0.4657,0.0000,0.4067
22.577,-3.4885,-1.6798,-0.0391,3.2704,0.9521,0.9518,0.4657,0.0000,0.4067
22.581,-3.3355,-1.7104,-0.0395,3.1971,0.9526,0.9521,0.3846,0.0000,0.4067
22.585,-3.3679,-1.7428,-0.0399,3.1975,0.9530,0.9526,0.3846,0.0000,0.4067
22.589,-3.3950,-1.7699,-0.0403,3.1977,0.9532,0.9530,0.3846,0.0000,0.4067
22.593,-3.4264,-1.8013,-0.0407,3.1977,0.9532,0.9532,0.3846,0.0000,0.4067
22.596,-3.4560,-1.8309,-0.0412,3.1978,0.9532,0.9532,0.3846,0.0000,0.4067
22.600,-3.3128,-1.8575,-0.0416,3.1260,0.9534,0.9532,0.3030,0.0000,0.4067
22.604,-3.3419,-1.8866,-0.0420,3.1261,0.9534,0.9534,0.3030,0.0000,0.4067
22.608,-3.3665,-1.9113,-0.0425,3.1263,0.9537,0.9534,0.3030,0.0000,0.4067
22.611,-3.3893,-1.9340,-0.0429,3.1264,0.9538,0.9537,0.3030,0.0000,0.4067
22.615,-3.4142,-1.9589,-0.0433,3.1267,0.9541,0.9538,0.3030,0.0000,0.4067
22.618,-3.2799,-1.9815,-0.0437,3.0571,0.9544,0.9541,0.2235,0.0000,0.4067
22.622,-3.3069,-2.0085,-0.0441,3.0576,0.9550,0.9544,0.2235,0.0000,0.4067
22.626,-3.3284,-2.0300,-0.0446,3.0583,0.9556,0.9550,0.2235,0.0000,0.4067
22.629,-3.3501,-2.0517,-0.0450,3.0589,0.9562,0.9556,0.2235,0.0000,0.4067
22.633,-3.3725,-2.0741,-0.0454,3.0594,0.9567,0.9562,0.2235,0.0000,0.4067
22.636,-3.3925,-2.0940,-0.0459,3.0596,0.9569,0.9567,0.2235,0.0000,0.4067
22.640,-3.2670,-2.1134,-0.0463,2.9916,0.9572,0.9569,0.1415,0.0000,0.4067
22.644,-3.2890,-2.1355,-0.0467,2.9920,0.9576,0.9572,0.1415,0.0000,0.4067
22.647,-3.3102,-2.1566,-0.0472,2.9922,0.9579,0.9576,0.1415,0.0000,0.4067
22.651,-3.3313,-2.1778,-0.0477,2.9924,0.9580,0.9579,0.1415,0.0000,0.4067
22.655,-3.3485,-2.1950,-0.0481,2.9925,0.9581,0.9580,0.1415,0.0000,0.4067
22.658,-3.3655,-2.2120,-0.0485,2.9925,0.9581,0.9581,0.1415,0.0000,0.4067
22.661,-3.2486,-2.2287,-0.0490,2.9261,0.9582,0.9581,0.0617,0.0000,0.4067
22.665,-3.2703,-2.2504,-0.0494,2.9262,0.9582,0.9582,0.0617,0.0000,0.4067
22.669,-3.2867,-2.2668,-0.0499,2.9260,0.9581,0.9582,0.0617,0.0000,0.4067
22.672,-3.3036,-2.2837,-0.0503,2.9259,0.9580,0.9581,0.0617,0.0000,0.4067
22.678,-3.2079,-2.3112,-0.0508,2.8608,0.9578,0.9580,-0.0207,0.0000,0.4067
22.687,-3.2479,-2.3512,-0.0515,2.8600,0.9570,0.9578,-0.0207,0.0000,0.4067
22.691,-3.2646,-2.3679,-0.0527,2.8598,0.9568,0.9570,-0.0207,0.0000,0.4067
22.695,-3.2806,-2.3840,-0.0532,2.8597,0.9567,0.9568,-0.0207,0.0000,0.4067
22.699,-3.1849,-2.4017,-0.0537,2.7966,0.9567,0.9567,-0.1000,0.0000,0.4067
22.704,-3.2013,-2.4181,-0.0542,2.7967,0.9568,0.9567,-0.1000,0.0000,0.4067
22.709,-3.2237,-2.4404,-0.0548,2.7969,0.9570,0.9568,-0.1000,0.0000,0.4067
22.714,-3.2394,-2.4562,-0.0555,2.7973,0.9574,0.9570,-0.1000,0.0000,0.4067
22.718,-3.2534,-2.4702,-0.0561,2.7975,0.9576,0.9574,-0.1000,0.0000,0.4067
22.721,-3.1626,-2.4836,-0.0566,2.7365,0.9578,0.9576,-0.1751,0.0000,0.4067
22.725,-3.1768,-2.4979,-0.0571,2.7368,0.9581,0.9578,-0.1751,0.0000,0.4067
22.730,-3.1911,-2.5122,-0.0576,2.7370,0.9583,0.9581,-0.1751,0.0000,0.4067
22.734,-3.2056,-2.5267,-0.0582,2.7372,0.9585,0.9583,-0.1751,0.0000,0.4067
22.738,-3.1228,-2.5397,-0.0587,2.6777,0.9586,0.9585,-0.2496,0.0000,0.4067
22.742,-3.1349,-2.5518,-0.0593,2.6777,0.9587,0.9586,-0.2496,0.0000,0.4067
22.746,-3.1456,-2.5626,-0.0598,2.6778,0.9587,0.9587,-0.2496,0.0000,0.4067
22.749,-3.1568,-2.5738,-0.0602,2.6777,0.9586,0.9587,-0.2496,0.0000,0.4067
22.753,-3.1666,-2.5835,-0.0607,2.6776,0.9585,0.9586,-0.2496,0.0000,0.4067
22.756,-3.1770,-2.5939,-0.0612,2.6774,0.9583,0.9585,-0.2496,0.0000,0.4067
22.760,-3.0898,-2.6037,-0.0616,2.6194,0.9581,0.9583,-0.3194,0.0000,0.4067
22.764,-3.1015,-2.6154,-0.0621,2.6191,0.9578,0.9581,-0.3194,0.0000,0.4067
22.768,-3.1106,-2.6245,-0.0626,2.6189,0.9576,0.9578,-0.3194,0.0000,0.4067
22.771,-3.1192,-2.6331,-0.0631,2.6185,0.9573,0.9576,-0.3194,0.0000,0.4067
22.774,-3.1278,-2.6417,-0.0635,2.6182,0.9569,0.9573,-0.3194,0.0000,0.4067
22.778,-3.1358,-2.6497,-0.0640,2.6179,0.9566,0.9569,-0.3194,0.0000,0.4067
22.782,-3.0359,-2.6616,-0.0644,2.5611,0.9562,0.9566,-0.3919,0.0000,0.4067
22.790,-3.0546,-2.6803,-0.0650,2.5608,0.9559,0.9562,-0.3919,0.0000,0.4067
22.794,-3.0634,-2.6891,-0.0660,2.5608,0.9559,0.9559,-0.3919,0.0000,0.4067
22.798,-3.0717,-2.6974,-0.0665,2.5608,0.9560,0.9559,-0.3919,0.0000,0.4067
22.801,-2.9536,-2.7049,-0.0670,2.5063,0.9561,0.9560,-0.4590,0.0000,0.4067
22.805,-2.9620,-2.7133,-0.0675,2.5066,0.9564,0.9561,-0.4590,0.0000,0.4067
22.809,-2.9690,-2.7203,-0.0680,2.5069,0.9567,0.9564,-0.4590,0.0000,0.4067
22.812,-2.9762,-2.7275,-0.0684,2.5072,0.9570,0.9567,-0.4590,0.0000,0.4067
22.816,-2.9837,-2.7350,-0.0689,2.5075,0.9573,0.9570,-0.4590,0.0000,0.4067
22.819,-2.8562,-2.7416,-0.0694,2.4546,0.9576,0.9573,-0.5269,0.0000,0.4067
22.824,-2.8639,-2.7493,-0.0698,2.4549,0.9579,0.9576,-0.5269,0.0000,0.4067
22.828,-2.8727,-2.7582,-0.0703,2.4551,0.9581,0.9579,-0.5269,0.0000,0.4067
22.833,-2.8811,-2.7666,-0.0709,2.4552,0.9582,0.9581,-0.5269,0.0000,0.4067
22.836,-2.8871,-2.7725,-0.0715,2.4553,0.9583,0.9582,-0.5269,0.0000,0.4067
22.840,-2.7525,-2.7784,-0.0720,2.4037,0.9583,0.9583,-0.5886,0.0000,0.4067
22.844,-2.7589,-2.7849,-0.0724,2.4037,0.9583,0.9583,-0.5886,0.0000,0.4067
22.847,-2.7649,-2.7909,-0.0729,2.4036,0.9582,0.9583,-0.5886,0.0000,0.4067
22.851,-2.7704,-2.7964,-0.0734,2.4034,0.9581,0.9582,-0.5886,0.0000,0.4067
22.854,-2.7759,-2.8019,-0.0738,2.4033,0.9579,0.9581,-0.5886,0.0000,0.4067
22.860,-2.6369,-2.8112,-0.0742,2.3530,0.9575,0.9579,-0.6412,0.0000,0.4067
22.865,-2.6434,-2.8176,-0.0750,2.3526,0.9571,0.9575,-0.6412,0.0000,0.4067
22.868,-2.6484,-2.8227,-0.0756,2.3522,0.9567,0.9571,-0.6412,0.0000,0.4067
22.872,-2.6534,-2.8277,-0.0760,2.3518,0.9563,0.9567,-0.6412,0.0000,0.4067
22.875,-2.6581,-2.8323,-0.0765,2.3514,0.9559,0.9563,-0.6412,0.0000,0.4067
22.878,-2.5075,-2.8369,-0.0769,2.3028,0.9556,0.9559,-0.6855,0.0000,0.4067
22.883,-2.5140,-2.8434,-0.0773,2.3025,0.9554,0.9556,-0.6855,0.0000,0.4067
22.888,-2.5198,-2.8492,-0.0779,2.3024,0.9553,0.9554,-0.6855,0.0000,0.4067
22.895,-2.5292,-2.8586,-0.0785,2.3025,0.9553,0.9553,-0.6855,0.0000,0.4067
22.900,-2.3765,-2.8643,-0.0794,2.2560,0.9556,0.9553,-0.7204,0.0000,0.4067
22.905,-2.3827,-2.8705,-0.0800,2.2564,0.9560,0.9556,-0.7204,0.0000,0.4067
22.909,-2.3867,-2.8746,-0.0807,2.2567,0.9563,0.9560,-0.7204,0.0000,0.4067
22.913,-2.3915,-2.8793,-0.0811,2.2571,0.9567,0.9563,-0.7204,0.0000,0.4067
22.917,-2.3954,-2.8832,-0.0816,2.2575,0.9571,0.9567,-0.7204,0.0000,0.4067
22.920,-2.2602,-2.8867,-0.0821,2.2123,0.9574,0.9571,-0.7474,0.0000,0.4067
22.924,-2.2645,-2.8910,-0.0825,2.2127,0.9578,0.9574,-0.7474,0.0000,0.4067
22.928,-2.2683,-2.8948,-0.0830,2.2129,0.9580,0.9578,-0.7474,0.0000,0.4067
22.934,-2.2734,-2.8999,-0.0835,2.2130,0.9581,0.9580,-0.7474,0.0000,0.4067
22.937,-2.2768,-2.9034,-0.0841,2.2131,0.9581,0.9581,-0.7474,0.0000,0.4067
22.940,-2.1775,-2.9064,-0.0845,2.1689,0.9582,0.9581,-0.7681,0.0000,0.4067
22.944,-2.1810,-2.9099,-0.0849,2.1688,0.9581,0.9582,-0.7681,0.0000,0.4067
22.949,-2.1848,-2.9137,-0.0854,2.1687,0.9580,0.9581,-0.7681,0.0000,0.4067
22.952,-2.1879,-2.9168,-0.0859,2.1685,0.9578,0.9580,-0.7681,0.0000,0.4067
22.956,-2.1909,-2.9199,-0.0863,2.1683,0.9575,0.9578,-0.7681,0.0000,0.4067
22.959,-2.1242,-2.9226,-0.0868,2.1250,0.9572,0.9575,-0.7828,0.0000,0.4067
22.963,-2.1277,-2.9261,-0.0872,2.1245,0.9568,0.9572,-0.7828,0.0000,0.4067
22.967,-2.1306,-2.9290,-0.0877,2.1240,0.9563,0.9568,-0.7828,0.0000,0.4067
22.970,-2.1332,-2.9316,-0.0881,2.1236,0.9559,0.9563,-0.7828,0.0000,0.4067
22.974,-2.1358,-2.9342,-0.0885,2.1230,0.9553,0.9559,-0.7828,0.0000,0.4067
22.978,-2.0981,-2.9377,-0.0889,2.0806,0.9548,0.9553,-0.7902,0.0000,0.4067
22.984,-2.0584,-2.8980,-0.0895,2.0804,0.9546,0.9548,-0.7902,0.0000,0.4067
22.987,-2.0240,-2.8635,-0.0901,2.0805,0.9546,0.9546,-0.7902,0.0000,0.4067
22.991,-1.9886,-2.8282,-0.0905,2.0806,0.9548,0.9546,-0.7902,0.0000,0.4067
22.995,-1.9409,-2.7804,-0.0908,2.0813,0.9554,0.9548,-0.7902,0.0000,0.4067
23.003,-1.8505,-2.7046,-0.0913,2.0424,0.9573,0.9554,-0.7903,0.0000,0.4067
23.007,-1.8085,-2.6626,-0.0921,2.0436,0.9585,0.9573,-0.7903,0.0000,0.4067
23.013,-1.7468,-2.6009,-0.0925,2.0462,0.9611,0.9585,-0.7903,0.0000,0.4067
23.017,-1.7100,-2.5641,-0.0931,2.0479,0.9628,0.9611,-0.7903,0.0000,0.4067
23.020,-1.6912,-2.5309,-0.0935,2.0098,0.9646,0.9628,-0.7929,0.0000,0.4067
23.024,-1.6539,-2.4936,-0.0938,2.0119,0.9666,0.9646,-0.7929,0.0000,0.4067
23.027,-1.6228,-2.4625,-0.0942,2.0137,0.9684,0.9666,-0.7929,0.0000,0.4067
23.031,-1.5889,-2.4286,-0.0944,2.0157,0.9704,0.9684,-0.7929,0.0000,0.4067
23.034,-1.5565,-2.3963,-0.0948,2.0177,0.9725,0.9704,-0.7929,0.0000,0.4067
23.038,-1.5255,-2.3652,-0.0951,2.0198,0.9745,0.9725,-0.7929,0.0000,0.4067
23.041,-1.5267,-2.3328,-0.0953,1.9831,0.9767,0.9745,-0.7896,0.0000,0.4067
23.045,-1.4900,-2.2961,-0.0956,1.9857,0.9793,0.9767,-0.7896,0.0000,0.4067
23.049,-1.4540,-2.2601,-0.0959,1.9884,0.9819,0.9793,-0.7896,0.0000,0.4067
23.053,-1.4231,-2.2292,-0.0962,1.9907,0.9843,0.9819,-0.7896,0.0000,0.4067
23.056,-1.3925,-2.1986,-0.0965,1.9931,0.9867,0.9843,-0.7896,0.0000,0.4067
23.060,-1.4159,-2.1672,-0.0968,1.9578,0.9893,0.9867,-0.7793,0.0000,0.4067
23.064,-1.3777,-2.1291,-0.0970,1.9612,0.9926,0.9893,-0.7793,0.0000,0.4067
23.068,-1.3465,-2.0979,-0.0973,1.9640,0.9955,0.9926,-0.7793,0.0000,0.4067
23.072,-1.3142,-2.0655,-0.0976,1.9670,0.9985,0.9955,-0.7793,0.0000,0.4067
23.075,-1.2860,-2.0374,-0.0978,1.9698,1.0013,0.9985,-0.7793,0.0000,0.4067
23.079,-1.3138,-2.0090,-0.0980,1.9358,1.0043,1.0013,-0.7551,0.0000,0.4067
23.083,-1.2783,-1.9736,-0.0983,1.9401,1.0086,1.0043,-0.7551,0.0000,0.4067
23.087,-1.2514,-1.9467,-0.0985,1.9436,1.0122,1.0086,-0.7551,0.0000,0.4067
23.090,-1.2259,-1.9211,-0.0987,1.9473,1.0158,1.0122,-0.7551,0.0000,0.4067
23.093,-1.1999,-1.8951,-0.0989,1.9512,1.0198,1.0158,-0.7551,0.0000,0.4067
23.098,-1.2130,-1.8558,-0.0991,1.9216,1.0264,1.0198,-0.7232,0.0000,0.4067
23.106,-1.1500,-1.7928,-0.0994,1.9341,1.0389,1.0264,-0.7232,0.0000,0.4067
23.110,-1.1209,-1.7638,-0.0998,1.9402,1.0450,1.0389,-0.7232,0.0000,0.4067
23.114,-1.0945,-1.7374,-0.0999,1.9461,1.0509,1.0450,-0.7232,0.0000,0.4067
23.117,-1.0677,-1.7106,-0.1001,1.9525,1.0573,1.0509,-0.7232,0.0000,0.4067
23.121,-1.0920,-1.6860,-0.1003,1.9231,1.0634,1.0573,-0.6857,0.0000,0.4067
23.125,-1.0620,-1.6560,-0.1004,1.9310,1.0713,1.0634,-0.6857,0.0000,0.4067
23.130,-1.0274,-1.6214,-0.1006,1.9404,1.0808,1.0713,-0.6857,0.0000,0.4067
23.136,-0.9870,-1.5810,-0.1008,1.9519,1.0923,1.0808,-0.6857,0.0000,0.4067
23.140,-1.0073,-1.5558,-0.1010,1.9243,1.0996,1.0923,-0.6442,0.0000,0.4067
23.144,-0.9776,-1.5261,-0.1012,1.9333,1.1086,1.0996,-0.6442,0.0000,0.4067
23.148,-0.9542,-1.5027,-0.1013,1.9405,1.1158,1.1086,-0.6442,0.0000,0.4067
23.151,-0.9298,-1.4783,-0.1014,1.9483,1.1236,1.1158,-0.6442,0.0000,0.4067
23.155,-0.9085,-1.4570,-0.1016,1.9552,1.1305,1.1236,-0.6442,0.0000,0.4067
23.158,-0.9301,-1.4362,-0.1017,1.9279,1.1375,1.1305,-0.5949,0.0000,0.4067
23.166,-0.8832,-1.3893,-0.1018,1.9446,1.1542,1.1375,-0.5949,0.0000,0.4067
23.169,-0.8598,-1.3659,-0.1020,1.9531,1.1627,1.1542,-0.5949,0.0000,0.4067
23.173,-0.8393,-1.3453,-0.1021,1.9611,1.1707,1.1627,-0.5949,0.0000,0.4067
23.177,-0.8173,-1.3233,-0.1022,1.9702,1.1799,1.1707,-0.5949,0.0000,0.4067
23.180,-0.8346,-1.3012,-0.1022,1.9464,1.1898,1.1799,-0.5398,0.0000,0.4067
23.184,-0.8112,-1.2778,-0.1023,1.9576,1.2010,1.1898,-0.5398,0.0000,0.4067
23.188,-0.7926,-1.2591,-0.1024,1.9670,1.2104,1.2010,-0.5398,0.0000,0.4067
23.191,-0.7743,-1.2408,-0.1025,1.9767,1.2202,1.2104,-0.5398,0.0000,0.4067
23.196,-0.7474,-1.2139,-0.1025,1.9922,1.2356,1.2202,-0.5398,0.0000,0.4067
23.200,-0.7621,-1.1918,-0.1026,1.9726,1.2492,1.2356,-0.4859,0.0000,0.4067
23.205,-0.7351,-1.1648,-0.1027,1.9905,1.2670,1.2492,-0.4859,0.0000,0.4067
23.213,-0.6954,-1.1251,-0.1028,2.0197,1.2963,1.2670,-0.4859,0.0000,0.4067
23.218,-0.6700,-1.0997,-0.1029,2.0398,1.3163,1.2963,-0.4859,0.0000,0.4067
23.221,-0.6871,-1.0827,-0.1029,2.0210,1.3301,1.3163,-0.4285,0.0000,0.4067
23.225,-0.6657,-1.0612,-0.1030,2.0391,1.3482,1.3301,-0.4285,0.0000,0.4067
23.229,-0.6466,-1.0422,-0.1030,2.0555,1.3646,1.3482,-0.4285,0.0000,0.4067
23.233,-0.6289,-1.0245,-0.1031,2.0713,1.3804,1.3646,-0.4285,0.0000,0.4067
23.237,-0.6127,-1.0083,-0.1031,2.0861,1.3952,1.3804,-0.4285,0.0000,0.4067
23.240,-0.6290,-0.9927,-0.1031,2.0687,1.4098,1.3952,-0.3669,0.0000,0.4067
23.244,-0.6106,-0.9743,-0.1031,2.0865,1.4276,1.4098,-0.3669,0.0000,0.4067
23.248,-0.5943,-0.9581,-0.1032,2.1027,1.4439,1.4276,-0.3669,0.0000,0.4067
23.251,-0.5791,-0.9429,-0.1032,2.1184,1.4595,1.4439,-0.3669,0.0000,0.4067
23.254,-0.5651,-0.9288,-0.1032,2.1332,1.4743,1.4595,-0.3669,0.0000,0.4067
23.258,-0.5501,-0.9139,-0.1032,2.1471,1.4883,1.4743,-0.3669,0.0000,0.4067
23.261,-0.5654,-0.8996,-0.1032,2.1264,1.4995,1.4883,-0.2832,0.0000,0.4067
23.266,-0.5470,-0.8811,-0.1032,2.1374,1.5105,1.4995,-0.2832,0.0000,0.4067
23.269,-0.5333,-0.8674,-0.1032,2.1435,1.5166,1.5105,-0.2832,0.0000,0.4067
23.272,-0.5190,-0.8532,-0.1032,2.1476,1.5207,1.5166,-0.2832,0.0000,0.4067
23.276,-0.5052,-0.8394,-0.1032,2.1493,1.5224,1.5207,-0.2832,0.0000,0.4067
23.281,-0.5126,-0.8194,-0.1032,2.1154,1.5202,1.5224,-0.1928,0.0000,0.4067
23.286,-0.4925,-0.7992,-0.1032,2.1082,1.5130,1.5202,-0.1928,0.0000,0.4067
23.290,-0.4795,-0.7862,-0.1032,2.1014,1.5061,1.5130,-0.1928,0.0000,0.4067
23.293,-0.4671,-0.7739,-0.1032,2.0928,1.4976,1.5061,-0.1928,0.0000,0.4067
23.297,-0.4538,-0.7606,-0.1031,2.0812,1.4860,1.4976,-0.1928,0.0000,0.4067
23.300,-0.4659,-0.7473,-0.1031,2.0359,1.4720,1.4860,-0.1030,0.0000,0.4067
23.304,-0.4514,-0.7328,-0.1031,2.0176,1.4537,1.4720,-0.1030,0.0000,0.4067
